experiment_id,device_id,session_uid,recording_run_id,device_session_id,record_id,window_idx,window_start_ms,window_end_ms,sample_count,sample_rate_hz,movement_type,movement_label,subject_id,acc_norm_mean,acc_norm_std,acc_norm_max,acc_norm_min,acc_norm_range,acc_zcr,ax_std,ax_mean,ay_std,ay_mean,az_std,az_mean,gyro_norm_mean,gyro_norm_std,gyro_norm_max,gx_std,gy_std,gz_std
EXP14,m5-01,EXP14_m5-01_A_A001,A,A001,1,0,364005,366105,210,100.0,walking,unknown,child_01,1.1459,0.2861,2.3978,0.7379,1.6599,5.71,0.2041,-0.3277,0.256,1.0634,0.148,0.1663,168.56,88.95,417.45,36.556,83.491,155.9242
EXP14,m5-01,EXP14_m5-01_A_A001,A,A001,1,1,364255,366355,210,100.0,walking,unknown,child_01,1.0948,0.2376,1.812,0.7379,1.0741,5.71,0.1187,-0.302,0.2434,1.0295,0.1167,0.131,140.38,68.4,290.47,30.2582,54.4522,139.1444
EXP14,m5-01,EXP14_m5-01_A_A001,A,A001,1,2,364505,366605,210,100.0,walking,unknown,child_01,1.1063,0.2527,1.812,0.7379,1.0741,6.19,0.1076,-0.2872,0.2633,1.0529,0.0911,0.0874,147.94,70.44,290.47,25.1604,54.7774,149.4555
EXP14,m5-01,EXP14_m5-01_A_A001,A,A001,1,3,364755,366855,210,100.0,walking,unknown,child_01,1.1,0.2459,1.812,0.7379,1.0741,6.67,0.0969,-0.2584,0.2528,1.0571,0.0976,0.0592,140.73,72.19,290.47,17.6999,59.0272,144.2459
EXP14,m5-01,EXP14_m5-01_A_A001,A,A001,1,4,365005,367105,210,100.0,walking,unknown,child_01,1.1036,0.2423,1.812,0.7379,1.0741,6.19,0.0872,-0.2666,0.2491,1.059,0.102,0.0637,141.95,67.67,290.47,12.9796,53.2464,146.3497
EXP14,m5-01,EXP14_m5-01_A_A001,A,A001,1,5,365255,367355,210,100.0,walking,unknown,child_01,1.1072,0.2404,1.812,0.7379,1.0741,6.19,0.0859,-0.27,0.2466,1.063,0.0972,0.0567,139.02,68.51,290.47,13.5741,52.3081,144.2239
EXP14,m5-01,EXP14_m5-01_A_A001,A,A001,1,6,365505,367605,210,100.0,walking,unknown,child_01,1.1012,0.2283,1.6428,0.7379,0.9049,5.71,0.087,-0.2645,0.2337,1.0588,0.0941,0.0532,143.94,67.98,290.47,14.9062,58.263,146.3166
EXP14,m5-01,EXP14_m5-01_A_A001,A,A001,1,7,365755,367855,210,100.0,walking,unknown,child_01,1.1073,0.2188,1.6428,0.7379,0.9049,6.19,0.0853,-0.2702,0.2267,1.0632,0.0973,0.0501,140.67,71.1,290.47,14.9298,56.7315,145.3578
EXP14,m5-01,EXP14_m5-01_A_A001,A,A001,1,8,366005,368105,210,100.0,walking,unknown,child_01,1.093,0.197,1.6428,0.7178,0.925,7.14,0.0817,-0.2831,0.2051,1.0449,0.0974,0.0564,134.81,62.14,239.58,15.4166,56.9358,134.775
EXP14,m5-01,EXP14_m5-01_A_A001,A,A001,1,9,366255,368355,210,100.0,walking,unknown,child_01,1.0881,0.2062,1.6428,0.6494,0.9934,6.67,0.0933,-0.2926,0.2093,1.0373,0.0983,0.0506,134.78,59.97,236.02,17.1698,59.2606,131.7369
EXP14,m5-01,EXP14_m5-01_A_A001,A,A001,1,10,366505,368605,210,100.0,walking,unknown,child_01,1.0817,0.2121,1.9345,0.6494,1.2851,7.14,0.1093,-0.3082,0.2068,1.0262,0.099,0.0506,133.01,57.93,236.02,17.0971,60.6233,129.2901
EXP14,m5-01,EXP14_m5-01_A_A001,A,A001,1,11,366755,368855,210,100.0,walking,unknown,child_01,1.0796,0.2141,1.9345,0.6494,1.2851,6.67,0.1184,-0.3,0.2097,1.0255,0.0901,0.0586,124.73,56.29,236.02,17.4525,52.6947,123.3839
EXP14,m5-01,EXP14_m5-01_A_A001,A,A001,1,12,367005,369105,210,100.0,walking,unknown,child_01,1.0899,0.2203,1.9345,0.6494,1.2851,7.14,0.1179,-0.3058,0.2167,1.0346,0.0942,0.0506,136.47,60.47,272.31,19.6732,57.2122,134.2282
EXP14,m5-01,EXP14_m5-01_A_A001,A,A001,1,13,367255,369355,210,100.0,walking,unknown,child_01,1.081,0.2212,1.9345,0.6494,1.2851,6.19,0.118,-0.3079,0.2173,1.0258,0.0863,0.0423,129.75,62.71,272.31,20.4996,57.1919,128.3841
EXP14,m5-01,EXP14_m5-01_A_A001,A,A001,1,14,367505,369605,210,100.0,walking,unknown,child_01,1.0994,0.2543,1.9502,0.6494,1.3008,6.19,0.116,-0.293,0.2564,1.0494,0.0798,0.0283,144.1,68.17,272.31,20.5406,60.5229,143.0162
EXP14,m5-01,EXP14_m5-01_A_A001,A,A001,1,15,367755,369855,210,100.0,walking,unknown,child_01,1.079,0.2633,1.9502,0.6494,1.3008,6.19,0.1273,-0.2903,0.2645,1.0274,0.084,0.0253,133.63,66.37,272.31,20.6512,62.267,132.7554
EXP14,m5-01,EXP14_m5-01_A_A001,A,A001,1,16,368005,370105,210,100.0,walking,unknown,child_01,1.08,0.264,1.9502,0.6494,1.3008,5.24,0.1926,-0.3391,0.2789,0.9981,0.0933,0.036,138.06,64.05,272.31,29.565,68.8235,131.6908
EXP14,m5-01,EXP14_m5-01_A_A001,A,A001,1,17,368255,370355,210,100.0,walking,unknown,child_01,1.1087,0.3134,2.5255,0.6983,1.8272,4.76,0.2132,-0.3563,0.3057,1.0147,0.1787,-0.0048,151.11,72.14,277.07,45.9593,88.08,126.9225
EXP14,m5-01,EXP14_m5-01_A_A001,A,A001,1,18,368505,370605,210,100.0,walking,unknown,child_01,1.0963,0.3115,2.5255,0.6983,1.8272,6.19,0.2174,-0.357,0.2894,0.9762,0.2818,-0.0897,169.21,75.36,285.08,52.4431,92.7695,131.8494
EXP14,m5-01,EXP14_m5-01_A_A001,A,A001,1,19,368755,370855,210,100.0,walking,unknown,child_01,1.102,0.311,2.5255,0.6983,1.8272,7.14,0.2234,-0.3487,0.2908,0.9825,0.282,-0.1006,170.66,75.4,285.08,50.5352,96.8201,130.4632
EXP14,m5-01,EXP14_m5-01_A_A001,A,A001,1,20,369005,371105,210,100.0,walking,unknown,child_01,1.0993,0.3249,2.5255,0.6983,1.8272,6.19,0.2126,-0.3596,0.3067,0.9755,0.297,-0.0753,167.62,73.47,285.08,45.1148,84.5601,128.6908
EXP14,m5-01,EXP14_m5-01_A_A001,A,A001,1,21,369255,371355,210,100.0,walking,unknown,child_01,1.1149,0.3223,2.5255,0.6983,1.8272,7.14,0.2151,-0.3544,0.309,0.992,0.3026,-0.0641,157.81,78.2,285.08,43.9545,85.7054,115.8432
EXP14,m5-01,EXP14_m5-01_A_A001,A,A001,1,22,369505,371605,210,100.0,walking,unknown,child_01,1.0813,0.2896,2.5255,0.6983,1.8272,7.14,0.2125,-0.3618,0.2589,0.9563,0.2992,-0.0768,160.95,73.74,285.08,44.7053,79.0701,115.7291
EXP14,m5-01,EXP14_m5-01_A_A001,A,A001,1,23,369755,371855,210,100.0,walking,unknown,child_01,1.0798,0.2884,2.5255,0.7155,1.81,7.14,0.2095,-0.3643,0.2578,0.9544,0.3007,-0.0683,149.75,74.8,285.08,46.794,83.5493,108.1731
EXP14,m5-01,EXP14_m5-01_A_A001,A,A001,1,24,370005,372105,210,100.0,walking,unknown,child_01,1.1065,0.3123,2.5255,0.7155,1.81,7.14,0.1726,-0.3215,0.2844,1.0073,0.2953,-0.0776,162.89,77.91,300.7,52.328,97.0911,125.6124
EXP14,m5-01,EXP14_m5-01_A_A001,A,A001,1,25,370255,372355,210,100.0,walking,unknown,child_01,1.1165,0.307,2.5255,0.7155,1.81,7.14,0.1584,-0.3026,0.2718,1.0284,0.2954,-0.0735,145.0,82.84,300.7,46.9997,88.3418,126.2705
EXP14,m5-01,EXP14_m5-01_A_A001,A,A001,1,26,370505,372605,210,100.0,walking,unknown,child_01,1.0904,0.2475,1.7172,0.7155,1.0017,6.67,0.0876,-0.2621,0.2563,1.044,0.1339,0.0186,134.09,72.89,300.7,33.9332,69.5769,129.0976
EXP14,m5-01,EXP14_m5-01_A_A001,A,A001,1,27,370755,372855,210,100.0,walking,unknown,child_01,1.1022,0.2461,1.7172,0.7155,1.0017,5.71,0.0867,-0.2419,0.2509,1.0649,0.1051,0.0373,128.94,73.1,300.7,21.6966,53.5934,135.2761
EXP14,m5-01,EXP14_m5-01_A_A001,A,A001,1,28,371005,373105,210,100.0,walking,unknown,child_01,1.0917,0.2459,1.7172,0.7155,1.0017,5.71,0.1074,-0.2627,0.2472,1.0486,0.0986,0.0359,131.78,75.47,300.7,20.2481,62.6809,135.6831
EXP14,m5-01,EXP14_m5-01_A_A001,A,A001,1,29,371255,373355,210,100.0,walking,unknown,child_01,1.1078,0.2447,1.7172,0.7512,0.966,4.76,0.1212,-0.2874,0.2454,1.06,0.0748,0.0141,139.49,70.67,300.7,20.5882,63.0648,140.9684
EXP14,m5-01,EXP14_m5-01_A_A001,A,A001,1,30,371505,373605,210,100.0,walking,unknown,child_01,1.1127,0.2525,1.7934,0.7512,1.0422,4.76,0.13,-0.2885,0.2514,1.064,0.0768,0.0216,146.26,73.32,300.7,23.0522,68.0057,146.5875
EXP14,m5-01,EXP14_m5-01_A_A001,A,A001,1,31,371755,373855,210,100.0,walking,unknown,child_01,1.1284,0.2427,1.7934,0.7385,1.0549,5.71,0.1369,-0.2811,0.2417,1.0813,0.0806,0.0187,147.91,73.58,300.7,23.7867,68.7717,147.8929
EXP14,m5-01,EXP14_m5-01_A_A001,A,A001,1,32,372005,374105,210,100.0,walking,unknown,child_01,1.1012,0.2393,1.7934,0.6458,1.1476,6.19,0.1764,-0.3206,0.2339,1.0344,0.1061,0.0137,146.73,69.67,288.97,25.5022,79.4085,137.9048
EXP14,m5-01,EXP14_m5-01_A_A001,A,A001,1,33,372255,374355,210,100.0,walking,unknown,child_01,1.1245,0.2427,1.7934,0.6458,1.1476,6.19,0.1901,-0.3471,0.2395,1.0482,0.1028,0.0114,151.17,65.3,288.97,25.5942,80.665,139.9746
EXP14,m5-01,EXP14_m5-01_A_A001,A,A001,1,34,372505,374605,210,100.0,walking,unknown,child_01,1.1233,0.2489,1.7934,0.6458,1.1476,6.19,0.2012,-0.3569,0.2379,1.0436,0.1009,-0.0031,158.38,64.55,288.97,23.0864,85.8552,144.5777
EXP14,m5-01,EXP14_m5-01_A_A001,A,A001,1,35,372755,374855,210,100.0,walking,unknown,child_01,1.1068,0.2499,1.7934,0.6458,1.1476,7.14,0.1977,-0.3613,0.235,1.026,0.0991,0.0048,148.95,67.67,288.97,23.6794,82.0037,138.6841
EXP14,m5-01,EXP14_m5-01_A_A001,A,A001,1,36,373005,375105,210,100.0,walking,unknown,child_01,1.125,0.2592,1.7934,0.6458,1.1476,7.62,0.1967,-0.3778,0.2462,1.0394,0.102,0.0026,161.25,73.04,333.88,26.0625,91.5988,147.5794
EXP14,m5-01,EXP14_m5-01_A_A001,A,A001,1,37,373255,375355,210,100.0,walking,unknown,child_01,1.1378,0.2489,1.7934,0.6458,1.1476,6.67,0.2012,-0.3871,0.2346,1.0492,0.1007,-0.0106,153.96,75.71,333.88,27.7979,90.7529,142.0248
EXP14,m5-01,EXP14_m5-01_A_A001,A,A001,1,38,373505,375605,210,100.0,walking,unknown,child_01,1.1419,0.2493,1.7822,0.6458,1.1364,6.67,0.2051,-0.3642,0.2395,1.0599,0.0997,-0.0271,168.26,77.98,333.88,25.5754,98.6806,153.3477
EXP14,m5-01,EXP14_m5-01_A_A001,A,A001,1,39,373755,375855,210,100.0,walking,unknown,child_01,1.1368,0.253,1.7822,0.6458,1.1364,7.14,0.1959,-0.3848,0.2524,1.043,0.1356,-0.0046,166.46,76.62,333.88,30.8226,106.302,145.1345
EXP14,m5-01,EXP14_m5-01_A_A001,A,A001,1,40,374005,376105,210,100.0,walking,unknown,child_01,1.1289,0.2403,1.7822,0.6458,1.1364,7.14,0.1726,-0.3844,0.3115,0.9909,0.26,0.0898,162.36,73.31,333.88,32.35,96.9013,141.3027
EXP14,m5-01,EXP14_m5-01_A_A001,A,A001,2,0,388091,390191,210,100.0,walking,unknown,child_01,1.0384,0.188,1.5658,0.7364,0.8294,6.67,0.167,-0.1321,0.1904,1.0123,0.0856,0.0113,99.83,49.22,216.26,32.7369,76.7306,64.391
EXP14,m5-01,EXP14_m5-01_A_A001,A,A001,2,1,388341,390441,210,100.0,walking,unknown,child_01,1.0396,0.1829,1.5658,0.7613,0.8045,6.67,0.1115,-0.1679,0.1843,1.0157,0.0866,0.0189,109.4,52.04,216.26,35.7224,76.6705,85.1564
EXP14,m5-01,EXP14_m5-01_A_A001,A,A001,2,2,388591,390691,210,100.0,walking,unknown,child_01,1.0611,0.1754,1.5658,0.7613,0.8045,7.62,0.0772,-0.2014,0.1791,1.0333,0.0952,0.0357,116.27,48.32,216.26,38.0371,78.5933,90.5802
EXP14,m5-01,EXP14_m5-01_A_A001,A,A001,2,3,388841,390941,210,100.0,walking,unknown,child_01,1.0673,0.1815,1.6601,0.7613,0.8988,7.14,0.0751,-0.2045,0.1824,1.0388,0.0998,0.0488,121.2,51.72,248.73,38.9582,78.707,97.9244
EXP14,m5-01,EXP14_m5-01_A_A001,A,A001,2,4,389091,391191,210,100.0,walking,unknown,child_01,1.0787,0.1748,1.6601,0.7613,0.8988,7.14,0.0869,-0.1968,0.1767,1.0507,0.0962,0.0596,125.58,52.56,248.73,43.4967,74.6814,103.9117
EXP14,m5-01,EXP14_m5-01_A_A001,A,A001,2,5,389341,391441,210,100.0,walking,unknown,child_01,1.08,0.1837,1.6601,0.7613,0.8988,7.62,0.0865,-0.1923,0.1838,1.0528,0.1054,0.0496,136.1,61.77,266.47,43.0859,83.9079,114.3115
EXP14,m5-01,EXP14_m5-01_A_A001,A,A001,2,6,389591,391691,210,100.0,walking,unknown,child_01,1.1021,0.1688,1.6601,0.7861,0.874,7.62,0.1406,-0.2268,0.1747,1.062,0.1136,0.0266,155.97,59.81,266.47,43.4117,102.6911,117.2042
EXP14,m5-01,EXP14_m5-01_A_A001,A,A001,2,7,389841,391941,210,100.0,walking,unknown,child_01,1.1388,0.2266,1.8272,0.7861,1.0411,7.62,0.2134,-0.277,0.1908,1.073,0.1949,-0.0159,181.97,79.73,550.87,55.175,136.0983,124.397
EXP14,m5-01,EXP14_m5-01_A_A001,A,A001,2,8,390091,392191,210,100.0,walking,unknown,child_01,1.1598,0.2659,1.8533,0.7861,1.0672,7.14,0.2464,-0.3198,0.2306,1.0575,0.2849,-0.0071,228.51,154.02,752.47,62.201,231.6098,133.7591
EXP14,m5-01,EXP14_m5-01_A_A001,A,A001,2,9,390341,392441,210,100.0,walking,unknown,child_01,1.1296,0.2982,1.8533,0.5216,1.3317,5.71,0.3017,-0.2701,0.3896,0.9521,0.3708,0.0718,224.47,158.07,752.47,68.6585,229.1553,128.8089
EXP14,m5-01,EXP14_m5-01_A_A001,A,A001,3,0,408225,410325,210,100.0,walking,unknown,child_01,1.1081,0.3205,1.9407,0.538,1.4027,3.33,0.1773,-0.4024,0.3171,0.9891,0.1872,0.1529,169.94,95.88,474.32,29.6758,102.4021,160.3352
EXP14,m5-01,EXP14_m5-01_A_A001,A,A001,3,1,408475,410575,210,100.0,walking,unknown,child_01,1.1133,0.3023,1.9407,0.5577,1.383,3.33,0.1544,-0.3751,0.2998,1.0136,0.2046,0.084,176.17,95.9,474.32,27.6222,116.1528,158.1943
EXP14,m5-01,EXP14_m5-01_A_A001,A,A001,3,2,408725,410825,210,100.0,walking,unknown,child_01,1.1253,0.2842,1.9407,0.6666,1.2741,3.33,0.1448,-0.3774,0.2854,1.027,0.2103,0.0566,158.22,93.82,474.32,27.7504,104.9032,144.1252
EXP14,m5-01,EXP14_m5-01_A_A001,A,A001,3,3,408975,411075,210,100.0,walking,unknown,child_01,1.1026,0.2602,1.9407,0.6866,1.2541,4.29,0.159,-0.3904,0.2696,0.9907,0.2162,0.0693,142.29,79.98,321.45,24.1519,83.0823,127.0071
EXP14,m5-01,EXP14_m5-01_A_A001,A,A001,4,0,454270,456370,210,100.0,walking,unknown,child_01,1.1078,0.2252,1.8907,0.7496,1.1411,6.67,0.1281,-0.2945,0.2177,1.0491,0.1107,0.1199,137.6,67.18,304.6,43.9799,75.9917,124.2178
EXP14,m5-01,EXP14_m5-01_A_A001,A,A001,4,1,454520,456620,210,100.0,walking,unknown,child_01,1.0885,0.2316,1.8907,0.685,1.2057,7.62,0.129,-0.3019,0.2232,1.0264,0.1091,0.1238,138.3,67.23,304.6,44.867,77.8186,123.518
EXP14,m5-01,EXP14_m5-01_A_A001,A,A001,4,2,454770,456870,210,100.0,walking,unknown,child_01,1.0973,0.2311,1.8907,0.685,1.2057,9.05,0.1341,-0.3145,0.2234,1.0289,0.117,0.135,142.73,67.33,304.6,47.2839,79.4123,127.044
EXP14,m5-01,EXP14_m5-01_A_A001,A,A001,4,3,455020,457120,210,100.0,walking,unknown,child_01,1.1227,0.2339,1.8907,0.685,1.2057,8.57,0.1328,-0.32,0.2244,1.0533,0.1243,0.1414,148.39,62.18,304.6,50.3703,79.8503,129.6975
EXP14,m5-01,EXP14_m5-01_A_A001,A,A001,4,4,455270,457370,210,100.0,walking,unknown,child_01,1.1154,0.2214,1.8534,0.685,1.1684,8.57,0.1304,-0.3283,0.2085,1.0429,0.1222,0.1499,155.68,68.53,304.6,55.1337,77.418,139.6939
EXP14,m5-01,EXP14_m5-01_A_A001,A,A001,4,5,455520,457620,210,100.0,walking,unknown,child_01,1.1,0.2409,1.8534,0.6317,1.2217,8.57,0.132,-0.3307,0.2272,1.0238,0.1317,0.155,160.72,66.49,304.6,59.3468,78.9858,142.3934
EXP14,m5-01,EXP14_m5-01_A_A001,A,A001,4,6,455770,457870,210,100.0,walking,unknown,child_01,1.1263,0.2607,1.8534,0.6317,1.2217,7.62,0.1311,-0.3524,0.248,1.0398,0.15,0.1727,162.82,70.04,304.6,62.047,77.4574,146.369
EXP14,m5-01,EXP14_m5-01_A_A001,A,A001,4,7,456020,458120,210,100.0,walking,unknown,child_01,1.1396,0.2692,1.8534,0.6317,1.2217,6.67,0.1305,-0.3547,0.2604,1.0534,0.1542,0.1645,158.58,75.46,304.6,62.1819,71.7079,146.7189
EXP14,m5-01,EXP14_m5-01_A_A001,A,A001,4,8,456270,458370,210,100.0,walking,unknown,child_01,1.1222,0.2605,1.8534,0.6317,1.2217,7.62,0.0954,-0.3339,0.2575,1.0428,0.1818,0.1405,157.23,72.09,293.07,61.8628,60.0207,148.4849
EXP14,m5-01,EXP14_m5-01_A_A001,A,A001,4,9,456520,458620,210,100.0,walking,unknown,child_01,1.1295,0.2538,1.8534,0.6317,1.2217,8.57,0.0909,-0.3394,0.254,1.0475,0.1987,0.1246,154.54,71.42,293.07,59.6653,60.076,146.8572
EXP14,m5-01,EXP14_m5-01_A_A001,A,A001,4,10,456770,458870,210,100.0,walking,unknown,child_01,1.1383,0.2482,1.8534,0.6317,1.2217,7.14,0.0887,-0.3358,0.2492,1.0536,0.2092,0.1441,157.45,72.45,293.07,62.5969,57.0192,149.2484
EXP14,m5-01,EXP14_m5-01_A_A001,A,A001,4,11,457020,459120,210,100.0,walking,unknown,child_01,1.138,0.2528,1.8534,0.6317,1.2217,6.67,0.0887,-0.3319,0.2533,1.0583,0.2025,0.1256,152.37,74.2,293.07,60.4657,55.2021,145.779
EXP14,m5-01,EXP14_m5-01_A_A001,A,A001,4,12,457270,459370,210,100.0,walking,unknown,child_01,1.1219,0.2386,1.7469,0.6317,1.1152,7.62,0.0872,-0.3315,0.2393,1.0438,0.2094,0.0859,153.55,71.23,293.07,53.0019,59.5961,144.4912
EXP14,m5-01,EXP14_m5-01_A_A001,A,A001,4,13,457520,459620,210,100.0,walking,unknown,child_01,1.1319,0.2282,1.7469,0.6317,1.1152,10.0,0.1257,-0.3162,0.2311,1.0536,0.2177,0.0815,150.34,70.09,293.07,47.6474,63.3923,141.7914
EXP14,m5-01,EXP14_m5-01_A_A001,A,A001,4,14,457770,459870,210,100.0,walking,unknown,child_01,1.1267,0.2075,1.687,0.7388,0.9482,10.0,0.1226,-0.3195,0.2145,1.0474,0.2139,0.0815,145.05,67.94,255.0,40.1155,57.5069,139.0733
EXP14,m5-01,EXP14_m5-01_A_A001,A,A001,4,15,458020,460120,210,100.0,walking,unknown,child_01,1.1384,0.2484,2.0449,0.7388,1.3061,9.52,0.1218,-0.3146,0.2526,1.0651,0.2037,0.0642,144.27,67.85,255.0,40.1068,56.5227,136.9702
EXP14,m5-01,EXP14_m5-01_A_A001,A,A001,4,16,458270,460370,210,100.0,walking,unknown,child_01,1.1209,0.2414,2.0449,0.7388,1.3061,9.52,0.1264,-0.3146,0.2425,1.0462,0.2065,0.0609,146.07,66.54,255.0,39.9209,54.9681,138.8408
EXP14,m5-01,EXP14_m5-01_A_A001,A,A001,4,17,458520,460620,210,100.0,walking,unknown,child_01,1.1085,0.2476,2.0449,0.7388,1.3061,9.05,0.1261,-0.3118,0.2466,1.0357,0.1937,0.078,139.11,65.83,255.0,37.6869,50.7071,134.396
EXP14,m5-01,EXP14_m5-01_A_A001,A,A001,4,18,458770,460870,210,100.0,walking,unknown,child_01,1.1203,0.2447,2.0449,0.7702,1.2747,8.57,0.1316,-0.3215,0.2406,1.0464,0.1875,0.0799,141.98,64.96,255.0,37.357,51.6972,136.716
EXP14,m5-01,EXP14_m5-01_A_A001,A,A001,4,19,459020,461120,210,100.0,walking,unknown,child_01,1.1238,0.248,2.0449,0.7702,1.2747,8.57,0.1314,-0.3266,0.2462,1.049,0.1842,0.0742,135.78,66.15,255.0,36.4109,50.0326,131.4423
EXP14,m5-01,EXP14_m5-01_A_A001,A,A001,4,20,459270,461370,210,100.0,walking,unknown,child_01,1.1016,0.2447,2.0449,0.7702,1.2747,9.05,0.132,-0.3205,0.2406,1.0273,0.1863,0.074,134.72,64.79,255.0,36.3209,52.5977,128.076
EXP14,m5-01,EXP14_m5-01_A_A001,A,A001,4,21,459520,461620,210,100.0,walking,unknown,child_01,1.109,0.2536,2.0449,0.7702,1.2747,5.71,0.1248,-0.3156,0.2504,1.0393,0.1715,0.0818,128.94,62.58,255.0,36.4101,50.3002,120.9673
EXP14,m5-01,EXP14_m5-01_A_A001,A,A001,4,22,459770,461870,210,100.0,walking,unknown,child_01,1.0885,0.2454,2.0449,0.7702,1.2747,6.19,0.1343,-0.2921,0.2474,1.0238,0.1632,0.0763,121.31,56.58,231.69,33.7655,54.888,109.2943
EXP14,m5-01,EXP14_m5-01_A_A001,A,A001,4,23,460020,462120,210,100.0,walking,unknown,child_01,1.1046,0.2446,2.0449,0.7458,1.2991,5.71,0.1339,-0.2872,0.2476,1.0399,0.1719,0.085,123.49,53.65,231.69,34.3436,58.7518,109.9331
EXP14,m5-01,EXP14_m5-01_A_A001,A,A001,4,24,460270,462370,210,100.0,walking,unknown,child_01,1.0841,0.2062,1.6234,0.7458,0.8776,5.71,0.1235,-0.2697,0.2118,1.0233,0.1626,0.1066,125.47,55.28,231.69,34.3694,62.8871,111.2878
EXP14,m5-01,EXP14_m5-01_A_A001,A,A001,4,25,460520,462620,210,100.0,walking,unknown,child_01,1.0813,0.2159,1.6234,0.6762,0.9472,4.76,0.1376,-0.2485,0.219,1.0247,0.1501,0.1206,124.46,55.34,231.69,40.5605,64.0871,110.215
EXP14,m5-01,EXP14_m5-01_A_A001,A,A001,4,26,460770,462870,210,100.0,walking,unknown,child_01,1.115,0.2348,1.8608,0.6762,1.1846,5.24,0.1319,-0.2419,0.2388,1.0634,0.1532,0.1054,136.22,65.59,309.43,37.1252,74.8452,125.3596
EXP14,m5-01,EXP14_m5-01_A_A001,A,A001,4,27,461020,463120,210,100.0,walking,unknown,child_01,1.1077,0.2387,1.8608,0.6762,1.1846,6.19,0.1323,-0.2409,0.243,1.0574,0.1477,0.0971,131.82,65.36,309.43,33.7768,74.2198,122.1841
EXP14,m5-01,EXP14_m5-01_A_A001,A,A001,4,28,461270,463370,210,100.0,walking,unknown,child_01,1.1191,0.2511,1.8608,0.6762,1.1846,6.19,0.126,-0.2334,0.2575,1.0716,0.1433,0.0999,140.69,67.64,309.43,35.474,76.2554,130.7548
EXP14,m5-01,EXP14_m5-01_A_A001,A,A001,4,29,461520,463620,210,100.0,walking,unknown,child_01,1.1321,0.2424,1.8608,0.6762,1.1846,6.67,0.1274,-0.2245,0.2479,1.0871,0.142,0.1017,143.02,69.24,309.43,36.2974,65.0894,138.2775
EXP14,m5-01,EXP14_m5-01_A_A001,A,A001,4,30,461770,463870,210,100.0,walking,unknown,child_01,1.1295,0.2777,2.0545,0.6762,1.3783,6.19,0.1107,-0.2491,0.2789,1.0815,0.1351,0.1144,155.87,75.68,318.42,39.038,65.8862,154.741
EXP14,m5-01,EXP14_m5-01_A_A001,A,A001,4,31,462020,464120,210,100.0,walking,unknown,child_01,1.1413,0.2692,2.0545,0.6762,1.3783,6.67,0.1182,-0.2701,0.2707,1.0874,0.1381,0.1147,153.31,80.44,318.42,35.2882,66.0701,155.6425
EXP14,m5-01,EXP14_m5-01_A_A001,A,A001,5,0,473898,475998,210,100.0,walking,unknown,child_01,1.1213,0.3839,2.0378,0.4429,1.5949,4.29,0.156,-0.3136,0.3914,1.0324,0.1293,0.2153,170.15,84.73,361.73,35.2414,71.9098,168.0921
EXP14,m5-01,EXP14_m5-01_A_A001,A,A001,5,1,474148,476248,210,100.0,walking,unknown,child_01,1.1161,0.3833,2.0378,0.4429,1.5949,4.76,0.1478,-0.3325,0.3884,1.0311,0.1087,0.185,165.58,85.4,361.73,34.8844,66.8485,168.2962
EXP14,m5-01,EXP14_m5-01_A_A001,A,A001,5,2,474398,476498,210,100.0,walking,unknown,child_01,1.1035,0.3722,2.0378,0.4429,1.5949,5.24,0.1466,-0.3353,0.3767,1.0197,0.1293,0.155,163.98,83.92,361.73,30.3762,82.3259,161.5821
EXP14,m5-01,EXP14_m5-01_A_A001,A,A001,5,3,474648,476748,210,100.0,walking,unknown,child_01,1.1571,0.3438,2.0378,0.4429,1.5949,4.76,0.162,-0.3192,0.3564,1.0767,0.1697,0.118,173.39,84.91,361.73,36.9095,105.5603,157.188
EXP14,m5-01,EXP14_m5-01_A_A001,A,A001,5,4,474898,476998,210,100.0,walking,unknown,child_01,1.106,0.3364,2.0378,0.4429,1.5949,5.71,0.135,-0.2799,0.3557,1.0347,0.1751,0.1091,161.48,76.8,315.94,43.9495,103.8911,136.2832
EXP14,m5-01,EXP14_m5-01_A_A001,A,A001,5,5,475148,477248,210,100.0,walking,unknown,child_01,1.1304,0.33,2.0378,0.4429,1.5949,4.76,0.1239,-0.2494,0.3389,1.0684,0.1922,0.1256,164.19,75.79,315.94,49.0029,96.6293,141.3235
EXP14,m5-01,EXP14_m5-01_A_A001,A,A001,5,6,475398,477498,210,100.0,walking,unknown,child_01,1.1061,0.3005,1.8052,0.4429,1.3623,4.76,0.1244,-0.2404,0.3115,1.0479,0.1839,0.1072,157.26,77.47,315.94,48.9024,99.7188,134.3897
EXP14,m5-01,EXP14_m5-01_A_A001,A,A001,5,7,475648,477748,210,100.0,walking,unknown,child_01,1.1488,0.2482,1.8052,0.5223,1.2829,5.71,0.1266,-0.2379,0.2594,1.0941,0.1905,0.0887,159.99,73.43,315.94,51.4706,102.3518,131.9215
EXP14,m5-01,EXP14_m5-01_A_A001,A,A001,5,8,475898,477998,210,100.0,walking,unknown,child_01,1.0973,0.2018,1.7125,0.7198,0.9927,6.19,0.1273,-0.2359,0.2118,1.0436,0.1819,0.0769,148.76,72.21,375.34,49.3323,107.4561,110.7589
EXP14,m5-01,EXP14_m5-01_A_A001,A,A001,5,9,476148,478248,210,100.0,walking,unknown,child_01,1.1221,0.2076,1.7125,0.7198,0.9927,6.67,0.1785,-0.2661,0.2065,1.0572,0.182,0.078,158.36,68.62,375.34,50.0254,111.4964,118.6284
EXP14,m5-01,EXP14_m5-01_A_A001,A,A001,5,10,476398,478498,210,100.0,walking,unknown,child_01,1.1156,0.2037,1.7125,0.7198,0.9927,6.67,0.1903,-0.2845,0.1986,1.0443,0.1822,0.0755,154.2,71.88,375.34,50.3255,110.3112,118.0932
EXP14,m5-01,EXP14_m5-01_A_A001,A,A001,5,11,476648,478748,210,100.0,walking,unknown,child_01,1.101,0.189,1.6654,0.7198,0.9456,6.67,0.1893,-0.2927,0.178,1.0291,0.1694,0.0834,149.32,64.87,375.34,47.785,96.6692,119.8931
EXP14,m5-01,EXP14_m5-01_A_A001,A,A001,5,12,476898,478998,210,100.0,walking,unknown,child_01,1.1011,0.1868,1.6654,0.7198,0.9456,7.62,0.1793,-0.3005,0.172,1.0309,0.1593,0.0839,140.41,67.22,375.34,42.274,89.3302,117.8832
EXP14,m5-01,EXP14_m5-01_A_A001,A,A001,5,13,477148,479248,210,100.0,walking,unknown,child_01,1.0911,0.198,1.6654,0.7198,0.9456,8.1,0.1723,-0.3222,0.1893,1.0162,0.1475,0.0776,138.17,66.01,375.34,33.3376,91.2563,115.1291
EXP14,m5-01,EXP14_m5-01_A_A001,A,A001,5,14,477398,479498,210,100.0,walking,unknown,child_01,1.0922,0.226,1.9619,0.7198,1.2421,7.62,0.1662,-0.3271,0.2201,1.019,0.1343,0.0659,134.83,68.07,375.34,32.8226,87.1853,113.877
EXP14,m5-01,EXP14_m5-01_A_A001,A,A001,5,15,477648,479748,210,100.0,walking,unknown,child_01,1.0798,0.2185,1.9619,0.7198,1.2421,8.57,0.1623,-0.3218,0.2128,1.0077,0.1385,0.0624,133.21,66.89,375.34,30.9676,89.5921,108.6456
EXP14,m5-01,EXP14_m5-01_A_A001,A,A001,5,16,477898,479998,210,100.0,walking,unknown,child_01,1.0968,0.2237,1.9619,0.7198,1.2421,7.14,0.1738,-0.3134,0.223,1.025,0.1462,0.0533,130.56,65.25,375.34,31.9486,91.5152,101.5392
EXP14,m5-01,EXP14_m5-01_A_A001,A,A001,5,17,478148,480248,210,100.0,walking,unknown,child_01,1.0671,0.2156,1.9619,0.6447,1.3172,7.62,0.1268,-0.2762,0.2284,1.0038,0.1655,0.0749,121.06,53.89,239.69,36.85,70.8846,89.944
EXP14,m5-01,EXP14_m5-01_A_A001,A,A001,5,18,478398,480498,210,100.0,walking,unknown,child_01,1.0829,0.2298,1.9619,0.6447,1.3172,7.62,0.1113,-0.2524,0.2426,1.0228,0.1849,0.1006,120.18,54.48,239.69,37.1132,69.3266,86.8326
EXP14,m5-01,EXP14_m5-01_A_A001,A,A001,5,19,478648,480748,210,100.0,walking,unknown,child_01,1.0769,0.2211,1.9619,0.6447,1.3172,7.62,0.1477,-0.2724,0.2314,1.0076,0.1802,0.1062,122.05,56.69,239.69,36.8207,70.6624,89.7136
EXP14,m5-01,EXP14_m5-01_A_A001,A,A001,5,20,478898,480998,210,100.0,walking,unknown,child_01,1.0833,0.2204,1.9619,0.6447,1.3172,8.57,0.1518,-0.2978,0.2337,1.006,0.176,0.1127,123.17,54.38,236.5,36.4438,67.0574,92.4559
EXP14,m5-01,EXP14_m5-01_A_A001,A,A001,5,21,479148,481248,210,100.0,walking,unknown,child_01,1.0755,0.2115,1.9619,0.6447,1.3172,9.05,0.1552,-0.2713,0.221,1.0051,0.1761,0.1168,121.24,52.24,236.5,36.9951,69.4097,87.7172
EXP14,m5-01,EXP14_m5-01_A_A001,A,A001,5,22,479398,481498,210,100.0,walking,unknown,child_01,1.1052,0.2111,1.9619,0.6447,1.3172,8.57,0.1571,-0.2726,0.2202,1.0372,0.1738,0.1128,133.04,54.13,236.5,39.7507,79.9527,104.8157
EXP14,m5-01,EXP14_m5-01_A_A001,A,A001,5,23,479648,481748,210,100.0,walking,unknown,child_01,1.1011,0.1956,1.6712,0.6447,1.0265,7.62,0.1627,-0.2739,0.2022,1.0301,0.1693,0.1361,134.49,55.03,236.5,40.8287,81.5004,107.3032
EXP14,m5-01,EXP14_m5-01_A_A001,A,A001,5,24,479898,481998,210,100.0,walking,unknown,child_01,1.1109,0.1989,1.6712,0.6447,1.0265,8.1,0.1641,-0.2766,0.2089,1.039,0.1546,0.1525,139.17,57.07,236.5,46.0515,75.2187,116.4589
EXP14,m5-01,EXP14_m5-01_A_A001,A,A001,5,25,480148,482248,210,100.0,walking,unknown,child_01,1.1504,0.2098,1.6712,0.7744,0.8968,7.62,0.2379,-0.2704,0.2143,1.0677,0.1553,0.1664,169.22,103.6,583.89,51.824,133.8809,117.5515
EXP14,m5-01,EXP14_m5-01_A_A001,A,A001,6,0,487792,489892,210,100.0,walking,unknown,child_01,1.1241,0.3256,2.0743,0.4006,1.6737,4.76,0.0957,-0.3526,0.3373,1.044,0.1216,0.1326,177.62,91.41,345.0,27.2016,63.0232,185.8382
EXP14,m5-01,EXP14_m5-01_A_A001,A,A001,6,1,488042,490142,210,100.0,walking,unknown,child_01,1.146,0.2997,2.0743,0.7401,1.3342,5.24,0.0954,-0.3519,0.3038,1.0715,0.1172,0.1263,171.44,94.62,345.0,23.9604,58.953,184.3681
EXP14,m5-01,EXP14_m5-01_A_A001,A,A001,6,2,488292,490392,210,100.0,walking,unknown,child_01,1.1253,0.2812,1.8724,0.7421,1.1303,5.24,0.1572,-0.3928,0.288,1.0308,0.0779,0.1207,164.53,96.02,353.48,22.9914,69.3641,174.7008
EXP14,m5-01,EXP14_m5-01_A_A001,A,A001,6,3,488542,490642,210,100.0,walking,unknown,child_01,1.1512,0.2777,1.8724,0.7421,1.1303,5.71,0.1751,-0.4246,0.2793,1.0461,0.0791,0.1129,167.88,94.21,353.48,24.1536,70.2978,175.8835
EXP14,m5-01,EXP14_m5-01_A_A001,A,A001,6,4,488792,490892,210,100.0,walking,unknown,child_01,1.1212,0.2991,1.8724,0.5047,1.3677,5.71,0.1797,-0.4252,0.2938,1.015,0.0728,0.1087,168.44,93.9,353.48,24.5248,70.4041,176.2152
EXP14,m5-01,EXP14_m5-01_A_A001,A,A001,6,5,489042,491142,210,100.0,walking,unknown,child_01,1.1321,0.3071,1.8724,0.4996,1.3728,5.71,0.1772,-0.4267,0.3033,1.0262,0.0726,0.1098,175.4,98.18,354.03,24.2151,72.9774,184.6253
EXP14,m5-01,EXP14_m5-01_A_A001,A,A001,6,6,489292,491392,210,100.0,walking,unknown,child_01,1.1266,0.3184,2.1167,0.4996,1.6171,5.24,0.1797,-0.4375,0.3093,1.0169,0.0712,0.1099,162.69,97.43,356.3,24.3004,67.6166,175.1982
EXP14,m5-01,EXP14_m5-01_A_A001,A,A001,6,7,489542,491642,210,100.0,walking,unknown,child_01,1.1484,0.3241,2.1167,0.4996,1.6171,4.76,0.1829,-0.4327,0.3167,1.0407,0.0826,0.1149,166.94,95.7,356.3,24.9494,69.2875,176.7209
EXP14,m5-01,EXP14_m5-01_A_A001,A,A001,6,8,489792,491892,210,100.0,walking,unknown,child_01,1.1191,0.3211,2.1167,0.4996,1.6171,4.76,0.1912,-0.4264,0.3096,1.0112,0.0931,0.1002,161.36,90.98,356.3,26.4306,69.0281,169.1987
EXP14,m5-01,EXP14_m5-01_A_A001,A,A001,6,9,490042,492142,210,100.0,walking,unknown,child_01,1.1278,0.3218,2.1167,0.4996,1.6171,5.71,0.211,-0.4226,0.3115,1.0166,0.1017,0.1075,163.91,90.44,356.3,26.7342,75.3558,168.2808
EXP14,m5-01,EXP14_m5-01_A_A001,A,A001,6,10,490292,492392,210,100.0,walking,unknown,child_01,1.1323,0.3453,2.1791,0.4996,1.6795,6.19,0.2498,-0.4425,0.3429,1.0023,0.1158,0.0869,154.09,88.88,356.3,28.698,75.9047,156.0307
EXP14,m5-01,EXP14_m5-01_A_A001,A,A001,6,11,490542,492642,210,100.0,walking,unknown,child_01,1.1333,0.3408,2.1791,0.4996,1.6795,5.71,0.2588,-0.4576,0.341,0.9943,0.1167,0.0752,156.49,85.92,356.3,28.4027,75.503,155.7317
EXP14,m5-01,EXP14_m5-01_A_A001,A,A001,6,12,490792,492892,210,100.0,walking,unknown,child_01,1.0831,0.3435,2.1791,0.4996,1.6795,5.71,0.2606,-0.4536,0.3446,0.9382,0.1249,0.0543,140.46,87.61,356.3,26.9693,68.1638,144.7822
EXP14,m5-01,EXP14_m5-01_A_A001,A,A001,6,13,491042,493142,210,100.0,walking,unknown,child_01,1.1416,0.3283,2.1791,0.5198,1.6593,7.62,0.2554,-0.4743,0.3434,0.9908,0.1406,0.0389,144.67,86.47,356.3,31.8053,69.2286,144.8174
EXP14,m5-01,EXP14_m5-01_A_A001,A,A001,6,14,491292,493392,210,100.0,walking,unknown,child_01,1.0872,0.3305,2.1791,0.3736,1.8055,7.62,0.2586,-0.4588,0.3372,0.9367,0.1492,0.023,130.62,69.08,303.78,35.9379,72.0296,112.7612
EXP14,m5-01,EXP14_m5-01_A_A001,A,A001,6,15,491542,493642,210,100.0,walking,unknown,child_01,1.088,0.348,2.1791,0.3736,1.8055,7.62,0.2588,-0.4491,0.3559,0.9429,0.1417,0.0194,132.2,67.85,303.78,37.5108,69.877,112.1401
EXP14,m5-01,EXP14_m5-01_A_A001,A,A001,6,16,491792,493892,210,100.0,walking,unknown,child_01,1.0468,0.3272,2.1791,0.3736,1.8055,8.1,0.2572,-0.4464,0.3215,0.8991,0.1545,0.0424,123.32,62.07,303.78,39.5414,70.4566,99.5166
EXP14,m5-01,EXP14_m5-01_A_A001,A,A001,6,17,492042,494142,210,100.0,walking,unknown,child_01,1.0766,0.3142,2.1791,0.3736,1.8055,8.57,0.2383,-0.4617,0.316,0.9282,0.1537,0.0518,121.97,60.5,303.78,38.3419,70.354,97.1025
EXP14,m5-01,EXP14_m5-01_A_A001,A,A001,6,18,492292,494392,210,100.0,walking,unknown,child_01,1.027,0.2746,1.7945,0.3736,1.4209,8.57,0.1793,-0.4104,0.2895,0.9075,0.1394,0.0512,120.57,48.85,241.84,36.0771,58.5518,100.9159
EXP14,m5-01,EXP14_m5-01_A_A001,A,A001,6,19,492542,494642,210,100.0,walking,unknown,child_01,1.0543,0.2765,1.7945,0.3736,1.4209,8.57,0.1543,-0.3676,0.279,0.9641,0.1335,0.0621,118.31,48.07,241.84,43.5467,53.5987,100.123
EXP14,m5-01,EXP14_m5-01_A_A001,A,A001,6,20,492792,494892,210,100.0,walking,unknown,child_01,1.0474,0.2748,1.7945,0.3736,1.4209,10.95,0.1898,-0.3067,0.2832,0.9631,0.1672,0.0818,141.14,72.47,483.93,44.7181,98.7563,100.0028
EXP14,m5-01,EXP14_m5-01_A_A001,A,A001,6,21,493042,495142,210,100.0,walking,unknown,child_01,1.096,0.2739,1.7945,0.3736,1.4209,9.52,0.2582,-0.2832,0.2816,1.0082,0.1638,0.0831,141.65,72.89,483.93,42.9039,104.0825,100.0779
EXP14,m5-01,EXP14_m5-01_A_A001,A,A001,6,22,493292,495392,210,100.0,walking,unknown,child_01,1.0559,0.2534,1.7945,0.3736,1.4209,10.48,0.2826,-0.2243,0.2607,0.9726,0.1499,0.112,128.77,73.55,483.93,36.6422,102.931,89.9454
EXP14,m5-01,EXP14_m5-01_A_A001,A,A001,6,23,493542,495642,210,100.0,walking,unknown,child_01,1.0962,0.2272,1.7945,0.5986,1.1959,10.48,0.293,-0.236,0.2308,1.0122,0.1483,0.1098,127.41,73.93,483.93,32.1131,101.8096,93.3837
EXP14,m5-01,EXP14_m5-01_A_A001,A,A001,6,24,493792,495892,210,100.0,walking,unknown,child_01,1.0949,0.2224,1.8188,0.5986,1.2202,10.0,0.3162,-0.2633,0.2178,1.0015,0.1497,0.0778,134.82,74.92,483.93,32.3056,102.6281,101.5973
EXP14,m5-01,EXP14_m5-01_A_A001,A,A001,6,25,494042,496142,210,100.0,walking,unknown,child_01,1.0823,0.2302,1.8188,0.5986,1.2202,10.0,0.3172,-0.2755,0.2295,0.9836,0.149,0.0735,131.97,76.88,483.93,32.505,102.2877,99.848
EXP14,m5-01,EXP14_m5-01_A_A001,A,A001,6,26,494292,496392,210,100.0,walking,unknown,child_01,1.0875,0.2353,1.8188,0.5986,1.2202,8.57,0.3346,-0.306,0.243,0.973,0.1494,0.0655,128.84,76.38,483.93,36.2427,100.7875,92.9867
EXP14,m5-01,EXP14_m5-01_A_A001,A,A001,6,27,494542,496642,210,100.0,walking,unknown,child_01,1.0829,0.2383,1.8188,0.5986,1.2202,8.57,0.3428,-0.3363,0.2549,0.9528,0.1499,0.0613,125.46,75.53,483.93,38.0245,100.8205,83.6952
EXP14,m5-01,EXP14_m5-01_A_A001,A,A001,6,28,494792,496892,210,100.0,walking,unknown,child_01,1.1022,0.2414,1.8188,0.5986,1.2202,7.14,0.3343,-0.3959,0.2493,0.9597,0.1356,0.0544,119.43,59.41,462.54,32.0416,79.8888,89.279
EXP14,m5-01,EXP14_m5-01_A_A001,A,A001,6,29,495042,497142,210,100.0,walking,unknown,child_01,1.0429,0.2766,1.8188,0.4945,1.3243,5.24,0.2461,-0.4031,0.2744,0.9245,0.0957,0.0435,114.11,43.07,224.67,34.342,47.0174,97.0009
EXP14,m5-01,EXP14_m5-01_A_A001,A,A001,6,30,495292,497392,210,100.0,walking,unknown,child_01,1.0656,0.3126,1.9114,0.4945,1.4169,5.24,0.2005,-0.4477,0.3115,0.9402,0.1047,0.0251,131.67,63.26,302.96,34.9042,60.5176,121.0585
EXP14,m5-01,EXP14_m5-01_A_A001,A,A001,6,31,495542,497642,210,100.0,walking,unknown,child_01,1.0612,0.3159,1.9114,0.4945,1.4169,5.24,0.1874,-0.4547,0.3147,0.9341,0.1087,0.0254,141.87,65.29,302.96,35.7532,78.7771,119.906
EXP14,m5-01,EXP14_m5-01_A_A001,A,A001,6,32,495792,497892,210,100.0,walking,unknown,child_01,1.0582,0.3153,1.9114,0.4945,1.4169,5.71,0.1727,-0.4188,0.323,0.9419,0.1361,0.0629,143.58,63.84,302.96,34.8321,78.1415,119.1904
EXP14,m5-01,EXP14_m5-01_A_A001,A,A001,7,0,528807,530907,210,100.0,walking,unknown,child_01,1.0699,0.1476,1.4495,0.7468,0.7027,8.57,0.0996,-0.1447,0.1481,1.0075,0.1454,0.2783,112.43,38.89,201.7,70.6849,63.1327,70.4658
EXP14,m5-01,EXP14_m5-01_A_A001,A,A001,7,1,529057,531157,210,100.0,walking,unknown,child_01,1.0784,0.1609,1.6015,0.7468,0.8547,8.57,0.0976,-0.1518,0.1668,1.0219,0.1238,0.2621,115.76,36.77,183.2,67.9022,60.0885,76.3432
EXP14,m5-01,EXP14_m5-01_A_A001,A,A001,7,2,529307,531407,210,100.0,walking,unknown,child_01,1.0463,0.1832,1.6015,0.6674,0.9341,7.14,0.0968,-0.1479,0.1833,0.9887,0.1191,0.2679,111.99,39.04,193.26,58.9096,46.1705,83.3635
EXP14,m5-01,EXP14_m5-01_A_A001,A,A001,7,3,529557,531657,210,100.0,walking,unknown,child_01,1.0651,0.1845,1.6015,0.6674,0.9341,6.19,0.1012,-0.1749,0.1798,1.0005,0.1125,0.2859,111.04,39.51,193.26,55.2544,46.3693,88.4553
EXP14,m5-01,EXP14_m5-01_A_A001,A,A001,7,4,529807,531907,210,100.0,walking,unknown,child_01,1.0441,0.206,1.6015,0.5754,1.0261,7.14,0.108,-0.1988,0.2119,0.972,0.1102,0.2821,106.72,39.92,193.26,45.5199,49.713,85.9273
EXP14,m5-01,EXP14_m5-01_A_A001,A,A001,7,5,530057,532157,210,100.0,walking,unknown,child_01,1.0647,0.225,1.6015,0.5754,1.0261,6.67,0.1826,-0.2503,0.2073,0.9674,0.1338,0.3026,108.21,39.22,193.26,45.2329,50.7921,87.4026
EXP14,m5-01,EXP14_m5-01_A_A001,A,A001,7,6,530307,532407,210,100.0,walking,unknown,child_01,1.0542,0.2305,1.6015,0.5754,1.0261,7.14,0.1758,-0.2522,0.211,0.9554,0.1277,0.3104,106.44,38.13,193.26,41.6814,43.4347,88.651
EXP14,m5-01,EXP14_m5-01_A_A001,A,A001,7,7,530557,532657,210,100.0,walking,unknown,child_01,1.0612,0.2489,1.8572,0.5754,1.2818,5.71,0.1739,-0.2593,0.2326,0.9625,0.1433,0.2995,121.35,53.71,364.1,40.0713,56.9068,104.4319
EXP14,m5-01,EXP14_m5-01_A_A001,A,A001,7,8,530807,532907,210,100.0,walking,unknown,child_01,1.0917,0.2621,1.9254,0.5754,1.35,6.19,0.191,-0.3032,0.2516,0.9849,0.1576,0.2719,132.34,70.67,364.19,35.2621,66.8394,117.7186
EXP14,m5-01,EXP14_m5-01_A_A001,A,A001,7,9,531057,533157,210,100.0,walking,unknown,child_01,1.1238,0.3072,1.9254,0.5754,1.35,6.67,0.1977,-0.3282,0.3064,1.0153,0.1619,0.2439,142.44,75.22,364.19,43.4721,70.7575,130.1637
EXP14,m5-01,EXP14_m5-01_A_A001,A,A001,7,10,531307,533407,210,100.0,walking,unknown,child_01,1.128,0.3264,1.9254,0.5544,1.371,6.67,0.1908,-0.3387,0.3326,1.0172,0.1614,0.2376,150.66,82.62,364.19,42.9935,78.447,140.807
EXP14,m5-01,EXP14_m5-01_A_A001,A,A001,7,11,531557,533657,210,100.0,walking,unknown,child_01,1.0954,0.3438,1.9254,0.5544,1.371,6.67,0.1927,-0.3646,0.3708,0.966,0.165,0.2236,153.88,81.6,364.19,43.6185,75.6278,144.3602
EXP14,m5-01,EXP14_m5-01_A_A001,A,A001,7,12,531807,533907,210,100.0,walking,unknown,child_01,1.134,0.3426,1.9254,0.5544,1.371,7.14,0.1866,-0.4007,0.3709,1.0029,0.167,0.1915,171.47,80.59,364.19,43.7309,79.2575,161.4894
EXP14,m5-01,EXP14_m5-01_A_A001,A,A001,7,13,532057,534157,210,100.0,walking,unknown,child_01,1.1195,0.3366,1.9254,0.5544,1.371,6.67,0.1724,-0.3729,0.3642,1.0148,0.1162,0.1479,186.36,77.19,364.19,45.4868,93.764,164.4324
EXP14,m5-01,EXP14_m5-01_A_A001,A,A001,7,14,532307,534407,210,100.0,walking,unknown,child_01,1.1419,0.3392,1.9254,0.5544,1.371,6.19,0.1588,-0.3632,0.3738,1.0459,0.0963,0.1383,198.75,78.25,364.19,44.2683,91.5566,175.5308
EXP14,m5-01,EXP14_m5-01_A_A001,A,A001,7,15,532557,534657,210,100.0,walking,unknown,child_01,1.1268,0.3523,1.9254,0.5544,1.371,6.19,0.1454,-0.3965,0.3963,1.0135,0.0981,0.1468,201.95,77.14,364.19,51.2776,91.8871,177.6148
EXP14,m5-01,EXP14_m5-01_A_A001,A,A001,7,16,532807,534907,210,100.0,walking,unknown,child_01,1.1231,0.3387,1.9242,0.5544,1.3698,6.19,0.1364,-0.4001,0.3827,1.0095,0.1239,0.1279,194.61,70.1,308.0,61.2193,87.7909,165.0348
EXP14,m5-01,EXP14_m5-01_A_A001,A,A001,7,17,533057,535157,210,100.0,walking,unknown,child_01,1.1004,0.3322,1.9242,0.5544,1.3698,4.76,0.165,-0.4149,0.3747,0.9753,0.1307,0.1143,204.88,62.7,308.0,58.7022,91.2777,167.3898
EXP14,m5-01,EXP14_m5-01_A_A001,A,A001,7,18,533307,535407,210,100.0,walking,unknown,child_01,1.0869,0.3021,1.8328,0.5544,1.2784,4.29,0.1805,-0.469,0.327,0.9411,0.1281,0.1056,191.07,64.32,308.0,59.0874,83.3075,151.9656
EXP14,m5-01,EXP14_m5-01_A_A001,A,A001,7,19,533557,535657,210,100.0,walking,unknown,child_01,1.1088,0.2887,1.8328,0.5319,1.3009,4.76,0.1778,-0.4681,0.2986,0.9732,0.1326,0.0905,196.88,59.93,308.0,59.5538,86.9563,158.1621
EXP14,m5-01,EXP14_m5-01_A_A001,A,A001,7,20,533807,535907,210,100.0,walking,unknown,child_01,1.0961,0.2828,1.7261,0.5319,1.1942,4.76,0.1768,-0.4491,0.2952,0.9656,0.1328,0.106,194.6,64.17,308.0,59.5087,90.473,155.5061
EXP14,m5-01,EXP14_m5-01_A_A001,A,A001,7,21,534057,536157,210,100.0,walking,unknown,child_01,1.1069,0.2902,1.7261,0.5319,1.1942,3.81,0.1736,-0.4577,0.305,0.9744,0.1367,0.0936,190.78,66.74,308.0,57.9745,92.0426,157.5363
EXP14,m5-01,EXP14_m5-01_A_A001,A,A001,7,22,534307,536407,210,100.0,walking,unknown,child_01,1.1066,0.3024,1.7277,0.5319,1.1958,3.81,0.1727,-0.4567,0.3204,0.9762,0.1247,0.0804,176.79,70.25,308.0,57.0121,83.6967,154.2283
EXP14,m5-01,EXP14_m5-01_A_A001,A,A001,7,23,534557,536657,210,100.0,walking,unknown,child_01,1.1297,0.2857,1.7277,0.5319,1.1958,3.33,0.1865,-0.4392,0.3024,1.0085,0.1445,0.0232,171.35,63.63,307.35,53.4556,95.2999,144.2898
EXP14,m5-01,EXP14_m5-01_A_A001,A,A001,7,24,534807,536907,210,100.0,walking,unknown,child_01,1.1128,0.2789,1.7277,0.5319,1.1958,5.24,0.1975,-0.4105,0.2904,0.9988,0.1628,0.012,160.64,68.29,307.35,47.4999,92.0825,139.7808
EXP14,m5-01,EXP14_m5-01_A_A001,A,A001,7,25,535057,537157,210,100.0,walking,unknown,child_01,1.1168,0.274,1.7277,0.5319,1.1958,5.24,0.1994,-0.414,0.2866,0.9986,0.1723,0.0462,142.33,68.83,307.35,30.8175,72.939,134.4951
EXP14,m5-01,EXP14_m5-01_A_A001,A,A001,7,26,535307,537407,210,100.0,walking,unknown,child_01,1.0851,0.2708,1.7277,0.5319,1.1958,5.71,0.1252,-0.3582,0.2885,0.9963,0.1707,0.0431,137.01,70.17,307.35,27.5929,63.183,135.3608
EXP14,m5-01,EXP14_m5-01_A_A001,A,A001,8,0,543081,545181,210,100.0,walking,unknown,child_01,1.1251,0.2764,1.8812,0.6808,1.2004,7.62,0.164,-0.3743,0.2788,1.0317,0.1769,0.0433,173.56,95.01,366.44,58.1622,117.7578,146.3642
EXP14,m5-01,EXP14_m5-01_A_A001,A,A001,8,1,543331,545431,210,100.0,walking,unknown,child_01,1.1255,0.2801,1.8812,0.6808,1.2004,7.62,0.1473,-0.3541,0.2893,1.0449,0.1505,0.0001,175.62,94.57,366.44,55.1755,102.8095,159.8217
EXP14,m5-01,EXP14_m5-01_A_A001,A,A001,8,2,543581,545681,210,100.0,walking,unknown,child_01,1.1394,0.278,1.8812,0.6808,1.2004,6.19,0.1486,-0.329,0.2822,1.0694,0.1478,-0.0133,169.95,96.06,366.44,54.9338,100.0561,157.9103
EXP14,m5-01,EXP14_m5-01_A_A001,A,A001,8,3,543831,545931,210,100.0,walking,unknown,child_01,1.1216,0.2697,1.8342,0.6808,1.1534,6.67,0.152,-0.3236,0.2727,1.0469,0.1783,0.0276,168.46,87.06,339.22,48.2869,83.156,161.5481
EXP14,m5-01,EXP14_m5-01_A_A001,A,A001,8,4,544081,546181,210,100.0,walking,unknown,child_01,1.1686,0.2528,1.8342,0.7198,1.1144,5.24,0.159,-0.342,0.254,1.0908,0.1759,0.0446,170.55,84.25,339.22,39.3159,84.3503,163.2089
EXP14,m5-01,EXP14_m5-01_A_A001,A,A001,8,5,544331,546431,210,100.0,walking,unknown,child_01,1.1508,0.2425,1.8342,0.7198,1.1144,4.76,0.1576,-0.3161,0.2453,1.0802,0.168,0.056,182.96,80.75,339.22,35.1638,87.8254,172.6574
EXP14,m5-01,EXP14_m5-01_A_A001,A,A001,8,6,544581,546681,210,100.0,walking,unknown,child_01,1.1522,0.2444,1.8342,0.7131,1.1211,3.81,0.1595,-0.3034,0.2466,1.085,0.1651,0.0665,168.51,82.72,339.22,27.8997,81.9648,165.7826
EXP14,m5-01,EXP14_m5-01_A_A001,A,A001,8,7,544831,546931,210,100.0,walking,unknown,child_01,1.127,0.2095,1.728,0.7131,1.0149,4.76,0.153,-0.3253,0.2084,1.0562,0.1415,0.0763,165.21,74.18,312.23,26.7865,79.8602,159.2294
EXP14,m5-01,EXP14_m5-01_A_A001,A,A001,8,8,545081,547181,210,100.0,walking,unknown,child_01,1.1558,0.2084,1.728,0.7131,1.0149,4.76,0.1486,-0.3297,0.1997,1.0873,0.1408,0.0826,155.77,73.72,256.4,23.9889,61.5408,156.5886
EXP14,m5-01,EXP14_m5-01_A_A001,A,A001,8,9,545331,547431,210,100.0,walking,unknown,child_01,1.1207,0.1894,1.6183,0.7131,0.9052,5.71,0.1471,-0.3155,0.1751,1.056,0.1332,0.0842,157.58,69.96,256.4,24.5447,63.0755,155.6296
EXP14,m5-01,EXP14_m5-01_A_A001,A,A001,8,10,545581,547681,210,100.0,walking,unknown,child_01,1.1067,0.1853,1.6183,0.7131,0.9052,6.67,0.1466,-0.3134,0.1689,1.0426,0.1208,0.0957,145.48,68.76,248.31,24.6436,61.7489,145.7937
EXP14,m5-01,EXP14_m5-01_A_A001,A,A001,8,11,545831,547931,210,100.0,walking,unknown,child_01,1.114,0.162,1.6183,0.7131,0.9052,7.14,0.1373,-0.316,0.1521,1.0526,0.1004,0.0869,148.5,62.9,248.31,19.1443,63.1339,146.6094
EXP14,m5-01,EXP14_m5-01_A_A001,A,A001,8,12,546081,548181,210,100.0,walking,unknown,child_01,1.1186,0.1703,1.6183,0.7131,0.9052,7.62,0.1211,-0.3146,0.1627,1.0624,0.078,0.0743,137.97,62.22,246.69,14.0462,57.3385,138.3694
EXP14,m5-01,EXP14_m5-01_A_A001,A,A001,8,13,546331,548431,210,100.0,walking,unknown,child_01,1.0932,0.1564,1.6183,0.7131,0.9052,8.57,0.1078,-0.2956,0.1509,1.0421,0.0764,0.0767,141.37,57.97,244.6,13.0789,48.1071,142.5878
EXP14,m5-01,EXP14_m5-01_A_A001,A,A001,8,14,546581,548681,210,100.0,walking,unknown,child_01,1.0836,0.1566,1.6183,0.7131,0.9052,10.95,0.1089,-0.2959,0.1496,1.0317,0.0735,0.0844,132.1,55.74,217.08,14.592,45.8687,134.2804
EXP14,m5-01,EXP14_m5-01_A_A001,A,A001,8,15,546831,548931,210,100.0,walking,unknown,child_01,1.0903,0.1452,1.6183,0.8759,0.7424,11.43,0.1032,-0.2899,0.1395,1.039,0.0852,0.0945,133.19,53.62,208.1,12.7719,45.6433,135.1194
EXP14,m5-01,EXP14_m5-01_A_A001,A,A001,8,16,547081,549181,210,100.0,walking,unknown,child_01,1.0979,0.1662,1.7491,0.8759,0.8732,11.43,0.0948,-0.2815,0.1663,1.049,0.0939,0.0895,127.72,54.44,208.02,13.234,48.7681,128.5181
EXP14,m5-01,EXP14_m5-01_A_A001,A,A001,8,17,547331,549431,210,100.0,walking,unknown,child_01,1.0874,0.1504,1.7491,0.8759,0.8732,10.48,0.0879,-0.2681,0.1525,1.0376,0.1506,0.0529,135.78,60.32,246.28,16.2422,72.0662,127.5622
EXP14,m5-01,EXP14_m5-01_A_A001,A,A001,8,18,547581,549681,210,100.0,walking,unknown,child_01,1.0922,0.148,1.7491,0.8759,0.8732,10.48,0.1156,-0.304,0.1583,1.0254,0.1793,0.0217,134.4,57.2,246.28,18.4679,76.0856,120.8837
EXP14,m5-01,EXP14_m5-01_A_A001,A,A001,8,19,547831,549931,210,100.0,walking,unknown,child_01,1.0915,0.1495,1.7491,0.8248,0.9243,9.52,0.1261,-0.3215,0.1587,1.018,0.1813,-0.0013,139.17,58.82,246.28,37.9858,79.0132,108.2954
EXP14,m5-01,EXP14_m5-01_A_A001,A,A001,8,20,548081,550181,210,100.0,walking,unknown,child_01,1.0761,0.1499,1.7491,0.8248,0.9243,9.05,0.131,-0.3082,0.1568,1.0059,0.1785,-0.0072,140.42,59.27,246.28,39.2236,73.6175,102.9869
EXP14,m5-01,EXP14_m5-01_A_A001,A,A001,8,21,548331,550431,210,100.0,walking,unknown,child_01,1.0703,0.1481,1.7491,0.8248,0.9243,10.48,0.1407,-0.3262,0.1506,0.993,0.179,-0.0208,135.23,58.24,246.28,38.936,73.2584,94.4892
EXP14,m5-01,EXP14_m5-01_A_A001,A,A001,8,22,548581,550681,210,100.0,walking,unknown,child_01,1.092,0.1604,1.7491,0.8248,0.9243,10.0,0.136,-0.3547,0.1587,1.0044,0.1948,-0.0434,139.55,54.46,246.28,35.5266,71.7846,95.8872
EXP14,m5-01,EXP14_m5-01_A_A001,A,A001,8,23,548831,550931,210,100.0,walking,unknown,child_01,1.0741,0.1686,1.7491,0.7681,0.981,8.57,0.1385,-0.3495,0.1638,0.9888,0.1828,-0.0527,130.07,55.9,246.28,34.8695,66.9807,77.0612
EXP14,m5-01,EXP14_m5-01_A_A001,A,A001,8,24,549081,551181,210,100.0,walking,unknown,child_01,1.0676,0.1743,1.7491,0.7412,1.0079,8.57,0.1394,-0.3381,0.1668,0.9867,0.1788,-0.0544,134.69,53.05,246.28,34.2307,64.9949,87.6779
EXP14,m5-01,EXP14_m5-01_A_A001,A,A001,8,25,549331,551431,210,100.0,walking,unknown,child_01,1.0608,0.1617,1.4905,0.7412,0.7493,9.05,0.1446,-0.3461,0.1484,0.9782,0.1774,-0.0225,125.74,49.01,233.23,35.6458,71.1509,82.1791
EXP14,m5-01,EXP14_m5-01_A_A001,A,A001,8,26,549581,551681,210,100.0,walking,unknown,child_01,1.0609,0.1646,1.4905,0.7412,0.7493,7.62,0.1431,-0.3321,0.1527,0.9879,0.1487,0.0221,127.47,47.23,208.79,40.3991,65.8447,92.5134
EXP14,m5-01,EXP14_m5-01_A_A001,A,A001,8,27,549831,551931,210,100.0,walking,unknown,child_01,1.0509,0.1654,1.4905,0.7412,0.7493,10.0,0.132,-0.2883,0.1525,0.9929,0.1383,0.0551,124.75,44.76,205.51,37.1492,76.6263,96.6949
EXP14,m5-01,EXP14_m5-01_A_A001,A,A001,8,28,550081,552181,210,100.0,walking,unknown,child_01,1.0673,0.1629,1.4905,0.7412,0.7493,10.0,0.1346,-0.297,0.1505,1.0057,0.1413,0.0717,125.3,46.67,214.98,27.2163,66.5916,112.0353
EXP14,m5-01,EXP14_m5-01_A_A001,A,A001,8,29,550331,552431,210,100.0,walking,unknown,child_01,1.0888,0.1804,1.7291,0.7412,0.9879,7.62,0.1211,-0.2909,0.171,1.0316,0.1367,0.0814,131.97,49.8,248.91,23.8771,65.6712,121.7915
EXP14,m5-01,EXP14_m5-01_A_A001,A,A001,8,30,550581,552681,210,100.0,walking,unknown,child_01,1.0786,0.1764,1.7291,0.7412,0.9879,7.14,0.1086,-0.2743,0.1725,1.0295,0.0813,0.1059,141.14,60.01,267.81,22.6763,62.2818,136.0399
EXP14,m5-01,EXP14_m5-01_A_A001,A,A001,9,0,561565,563665,210,100.0,walking,unknown,child_01,1.3924,0.4005,2.4804,0.4258,2.0546,7.62,0.5641,-0.3797,0.3802,1.2077,0.1807,0.0324,217.24,89.08,386.26,37.6977,89.1972,213.3305
EXP14,m5-01,EXP14_m5-01_A_A001,A,A001,9,1,561815,563915,210,100.0,walking,unknown,child_01,1.4475,0.406,2.4804,0.4258,2.0546,6.67,0.5949,-0.4421,0.3929,1.2334,0.1855,0.0217,211.42,90.42,386.26,38.6079,84.1394,209.1091
EXP14,m5-01,EXP14_m5-01_A_A001,A,A001,9,2,562065,564165,210,100.0,walking,unknown,child_01,1.4814,0.363,2.4804,0.8628,1.6176,6.19,0.6154,-0.4413,0.3734,1.2559,0.1885,0.0225,223.7,89.11,386.26,37.4864,85.1889,219.9263
EXP14,m5-01,EXP14_m5-01_A_A001,A,A001,9,3,562315,564415,210,100.0,walking,unknown,child_01,1.5063,0.3488,2.4804,0.8628,1.6176,4.76,0.6134,-0.375,0.3822,1.3019,0.1804,0.0052,237.52,102.11,452.18,42.8322,83.8116,240.3949
EXP14,m5-01,EXP14_m5-01_A_A001,A,A001,9,4,562565,564665,210,100.0,walking,unknown,child_01,1.5633,0.391,2.7548,0.8628,1.892,4.76,0.6545,-0.4263,0.424,1.3304,0.1908,0.0174,237.56,102.04,452.18,51.1406,82.9197,237.8124
EXP14,m5-01,EXP14_m5-01_A_A001,A,A001,9,5,562815,564915,210,100.0,walking,unknown,child_01,1.5942,0.3769,2.7548,0.9058,1.849,3.81,0.649,-0.4807,0.4188,1.3494,0.1864,0.0214,259.21,118.32,544.92,55.1123,91.3053,260.4858
EXP14,m5-01,EXP14_m5-01_A_A001,A,A001,9,6,563065,565165,210,100.0,walking,unknown,child_01,1.6029,0.4028,2.7548,0.7808,1.974,3.81,0.6529,-0.4389,0.4432,1.3708,0.1909,-0.0256,285.16,134.55,572.55,79.2476,107.8496,283.0817
EXP14,m5-01,EXP14_m5-01_A_A001,A,A001,9,7,563315,565415,210,100.0,walking,unknown,child_01,1.6095,0.3987,2.7548,0.775,1.9798,3.81,0.6534,-0.4576,0.4432,1.3642,0.2274,-0.0604,284.21,135.84,572.55,90.3565,117.9027,272.7416
EXP14,m5-01,EXP14_m5-01_A_A001,A,A001,9,8,563565,565665,210,100.0,walking,unknown,child_01,1.5356,0.4425,2.7548,0.4022,2.3526,3.81,0.5691,-0.5264,0.4418,1.3054,0.2295,-0.0354,290.48,128.45,572.55,99.2668,123.0303,271.2729
EXP14,m5-01,EXP14_m5-01_A_A001,A,A001,9,9,563815,565915,210,100.0,walking,unknown,child_01,1.5077,0.4628,2.7548,0.4022,2.3526,4.29,0.5435,-0.4854,0.4593,1.3008,0.229,-0.029,287.91,127.13,572.55,107.2979,118.8526,265.8565
EXP14,m5-01,EXP14_m5-01_A_A001,A,A001,9,10,564065,566165,210,100.0,walking,unknown,child_01,1.4565,0.4889,2.7548,0.4022,2.3526,4.76,0.544,-0.4904,0.4825,1.2394,0.2343,-0.0164,279.58,129.7,572.55,109.1515,116.0888,253.0201
EXP14,m5-01,EXP14_m5-01_A_A001,A,A001,9,11,564315,566415,210,100.0,walking,unknown,child_01,1.3833,0.5123,2.7548,0.4022,2.3526,5.24,0.4648,-0.5717,0.4962,1.1504,0.2513,0.0161,269.07,129.99,572.55,110.0212,114.3904,238.6211
EXP14,m5-01,EXP14_m5-01_A_A001,A,A001,9,12,564565,566665,210,100.0,walking,unknown,child_01,1.3216,0.5023,2.7548,0.4022,2.3526,5.71,0.3984,-0.517,0.5033,1.1222,0.2445,0.022,247.65,135.23,572.55,107.1973,110.2318,221.8138
EXP14,m5-01,EXP14_m5-01_A_A001,A,A001,9,13,564815,566915,210,100.0,walking,unknown,child_01,1.203,0.445,2.4832,0.4022,2.081,6.67,0.3872,-0.4828,0.4337,1.0082,0.2403,0.0009,218.88,117.62,572.55,96.173,105.6085,172.5772
EXP14,m5-01,EXP14_m5-01_A_A001,A,A001,9,14,565065,567165,210,100.0,walking,unknown,child_01,1.2023,0.4475,2.4832,0.4022,2.081,6.67,0.244,-0.5551,0.4376,1.016,0.232,0.0253,193.24,106.66,572.55,96.2786,93.317,149.0327
EXP14,m5-01,EXP14_m5-01_A_A001,A,A001,9,15,565315,567415,210,100.0,walking,unknown,child_01,1.1094,0.3614,2.1304,0.4022,1.7282,8.1,0.2755,-0.4605,0.3687,0.952,0.1683,0.0525,164.29,65.72,311.61,81.4853,83.878,119.5043
EXP14,m5-01,EXP14_m5-01_A_A001,A,A001,9,16,565565,567665,210,100.0,walking,unknown,child_01,1.0837,0.3594,2.1304,0.4022,1.7282,7.62,0.2826,-0.4369,0.3656,0.9314,0.1662,0.0642,143.43,60.98,251.33,59.675,78.7021,102.9487
EXP14,m5-01,EXP14_m5-01_A_A001,A,A001,9,17,565815,567915,210,100.0,walking,unknown,child_01,1.086,0.3412,2.4616,0.5415,1.9201,7.62,0.2462,-0.4594,0.3606,0.9282,0.1761,0.0397,128.91,61.61,240.14,53.8693,78.0459,89.0417
EXP14,m5-01,EXP14_m5-01_A_A001,A,A001,9,18,566065,568165,210,100.0,walking,unknown,child_01,1.1238,0.3573,2.4616,0.5903,1.8713,7.62,0.2409,-0.4243,0.3852,0.9853,0.1815,0.0198,123.47,56.47,225.83,42.6244,82.0837,94.1121
EXP14,m5-01,EXP14_m5-01_A_A001,A,A001,9,19,566315,568415,210,100.0,walking,unknown,child_01,1.0775,0.3857,2.4616,0.3339,2.1277,6.67,0.2318,-0.3791,0.402,0.9634,0.1505,-0.0078,119.5,55.44,225.83,33.2168,75.4464,101.3582
EXP14,m5-01,EXP14_m5-01_A_A001,A,A001,9,20,566565,568665,210,100.0,walking,unknown,child_01,1.1572,0.4278,2.5138,0.3339,2.1799,6.67,0.3216,-0.4364,0.4106,1.0193,0.1414,-0.0264,123.45,57.82,264.48,36.2007,72.0974,109.4709
EXP14,m5-01,EXP14_m5-01_A_A001,A,A001,9,21,566815,568915,210,100.0,walking,unknown,child_01,1.1282,0.4431,2.5138,0.2473,2.2665,7.62,0.3407,-0.401,0.4228,0.9972,0.1374,-0.0092,123.61,62.33,264.48,32.979,61.4499,112.4151
EXP14,m5-01,EXP14_m5-01_A_A001,A,A001,9,22,567065,569165,210,100.0,walking,unknown,child_01,1.1527,0.4624,2.5138,0.2473,2.2665,8.57,0.3483,-0.3715,0.444,1.0329,0.1373,-0.0151,141.49,74.88,341.98,40.2664,64.7849,139.5155
EXP14,m5-01,EXP14_m5-01_A_A001,A,A001,9,23,567315,569415,210,100.0,walking,unknown,child_01,1.2003,0.4751,2.5138,0.2473,2.2665,6.67,0.3617,-0.4226,0.4497,1.0634,0.1513,-0.0305,142.04,75.82,341.98,41.413,71.9698,136.771
EXP14,m5-01,EXP14_m5-01_A_A001,A,A001,9,24,567565,569665,210,100.0,walking,unknown,child_01,1.2188,0.5217,2.711,0.2473,2.4637,6.67,0.3437,-0.4473,0.5049,1.0774,0.1515,-0.0276,162.4,79.15,341.98,42.254,77.3115,157.0396
EXP14,m5-01,EXP14_m5-01_A_A001,A,A001,9,25,567815,569915,210,100.0,walking,unknown,child_01,1.2261,0.5334,2.711,0.1712,2.5398,7.14,0.358,-0.3964,0.5105,1.1042,0.1454,-0.0372,173.09,74.72,341.98,43.3096,77.6103,163.1551
EXP14,m5-01,EXP14_m5-01_A_A001,A,A001,10,0,583279,585379,210,100.0,walking,unknown,child_01,1.3431,0.433,2.5669,0.4085,2.1584,3.33,0.4682,-0.524,0.3666,1.158,0.1493,-0.0003,224.98,100.95,428.04,29.9778,109.7298,217.5394
EXP14,m5-01,EXP14_m5-01_A_A001,A,A001,10,1,583529,585629,210,100.0,walking,unknown,child_01,1.3756,0.4187,2.5669,0.4659,2.101,3.81,0.5024,-0.4697,0.3734,1.1944,0.167,-0.0204,214.93,103.81,428.04,33.6702,98.854,212.745
EXP14,m5-01,EXP14_m5-01_A_A001,A,A001,10,2,583779,585879,210,100.0,walking,unknown,child_01,1.34,0.3928,2.1426,0.4659,1.6767,4.76,0.4399,-0.4157,0.3618,1.1887,0.1988,-0.0061,214.87,106.05,428.04,30.5831,85.3937,220.7812
EXP14,m5-01,EXP14_m5-01_A_A001,A,A001,10,3,584029,586129,210,100.0,walking,unknown,child_01,1.3703,0.3971,2.1839,0.4659,1.718,5.24,0.4454,-0.4834,0.3651,1.196,0.1987,-0.0096,218.1,102.72,428.04,31.0381,97.5369,217.9701
EXP14,m5-01,EXP14_m5-01_A_A001,A,A001,10,4,584279,586379,210,100.0,walking,unknown,child_01,1.4031,0.4332,2.4955,0.2918,2.2037,6.67,0.5547,-0.3877,0.4314,1.2136,0.1959,-0.0332,218.31,102.54,428.04,33.5269,106.372,212.3291
EXP14,m5-01,EXP14_m5-01_A_A001,A,A001,10,5,584529,586629,210,100.0,walking,unknown,child_01,1.3832,0.4446,2.4955,0.2918,2.2037,7.62,0.5276,-0.3619,0.4582,1.206,0.1909,-0.0304,226.18,106.2,428.04,36.0578,108.5501,221.5511
EXP14,m5-01,EXP14_m5-01_A_A001,A,A001,10,6,584779,586879,210,100.0,walking,unknown,child_01,1.4232,0.437,2.4955,0.2918,2.2037,7.14,0.5136,-0.4022,0.4563,1.241,0.2012,-0.046,234.14,105.33,428.04,38.4316,124.8185,220.6938
EXP14,m5-01,EXP14_m5-01_A_A001,A,A001,10,7,585029,587129,210,100.0,walking,unknown,child_01,1.3994,0.4445,2.4955,0.2918,2.2037,7.14,0.5034,-0.373,0.465,1.2251,0.1991,-0.0815,225.61,104.28,416.03,40.3754,120.1851,208.4477
EXP14,m5-01,EXP14_m5-01_A_A001,A,A001,10,8,585279,587379,210,100.0,walking,unknown,child_01,1.3224,0.4629,2.4955,0.2918,2.2037,8.1,0.4938,-0.3646,0.5301,1.121,0.2001,-0.0913,228.23,99.6,416.03,62.0534,115.4938,206.4245
EXP14,m5-01,EXP14_m5-01_A_A001,A,A001,10,9,585529,587629,210,100.0,walking,unknown,child_01,1.334,0.4532,2.4955,0.2918,2.2037,8.1,0.4984,-0.4559,0.5195,1.0863,0.2454,-0.1363,239.39,102.05,419.11,85.3825,137.3956,191.2251
EXP14,m5-01,EXP14_m5-01_A_A001,A,A001,10,10,585779,587879,210,100.0,walking,unknown,child_01,1.3353,0.4487,2.4955,0.2918,2.2037,7.62,0.4772,-0.4603,0.5155,1.0977,0.2047,-0.1792,226.23,102.43,419.11,84.1575,123.6556,173.8804
EXP14,m5-01,EXP14_m5-01_A_A001,A,A001,10,11,586029,588129,210,100.0,walking,unknown,child_01,1.258,0.4474,2.4955,0.2918,2.2037,8.57,0.4465,-0.386,0.5101,1.0501,0.2117,-0.1637,225.12,100.86,419.11,83.0636,114.4299,173.2599
EXP14,m5-01,EXP14_m5-01_A_A001,A,A001,10,12,586279,588379,210,100.0,walking,unknown,child_01,1.2136,0.3988,2.3382,0.4168,1.9214,8.1,0.3819,-0.4224,0.4453,1.019,0.2345,-0.1259,208.51,106.93,419.11,80.2031,117.3014,159.2632
EXP14,m5-01,EXP14_m5-01_A_A001,A,A001,10,13,586529,588629,210,100.0,walking,unknown,child_01,1.1599,0.3579,2.2142,0.4168,1.7974,7.62,0.3037,-0.4355,0.3937,0.9834,0.234,-0.1217,182.89,100.65,419.11,75.1259,99.7656,123.3337
EXP14,m5-01,EXP14_m5-01_A_A001,A,A001,10,14,586779,588879,210,100.0,walking,unknown,child_01,1.0966,0.3369,2.2142,0.4168,1.7974,8.1,0.2825,-0.3848,0.3715,0.9382,0.2365,-0.1185,183.02,98.09,419.11,82.7727,117.0008,127.1762
EXP14,m5-01,EXP14_m5-01_A_A001,A,A001,10,15,587029,589129,210,100.0,walking,unknown,child_01,1.0797,0.3359,2.2142,0.4168,1.7974,9.05,0.2689,-0.4224,0.3576,0.9151,0.238,-0.0767,161.44,86.91,419.11,82.9897,128.2186,80.2585
EXP14,m5-01,EXP14_m5-01_A_A001,A,A001,10,16,587279,589379,210,100.0,walking,unknown,child_01,1.1132,0.3081,2.2142,0.553,1.6612,9.05,0.2358,-0.406,0.3296,0.9685,0.2388,-0.0997,178.35,93.96,419.11,84.228,133.6143,110.3948
EXP14,m5-01,EXP14_m5-01_A_A001,A,A001,10,17,587529,589629,210,100.0,walking,unknown,child_01,1.1062,0.2668,1.7295,0.553,1.1765,8.57,0.1803,-0.3407,0.2509,1.0224,0.1883,-0.0501,163.59,81.75,340.41,67.9594,112.7755,125.0163
EXP14,m5-01,EXP14_m5-01_A_A001,A,A001,10,18,587779,589879,210,100.0,walking,unknown,child_01,1.1097,0.2613,1.7295,0.553,1.1765,8.57,0.1681,-0.3383,0.2545,1.0317,0.1642,-0.03,160.6,84.0,358.07,69.1376,93.0445,135.7719
EXP14,m5-01,EXP14_m5-01_A_A001,A,A001,10,19,588029,590129,210,100.0,walking,unknown,child_01,1.1236,0.2595,1.7295,0.553,1.1765,9.05,0.1828,-0.3541,0.2511,1.0406,0.1566,-0.0256,167.1,90.34,384.03,73.2628,91.6298,143.9389
EXP14,m5-01,EXP14_m5-01_A_A001,A,A001,10,20,588279,590379,210,100.0,walking,unknown,child_01,1.1456,0.2792,1.7295,0.553,1.1765,7.62,0.2001,-0.3657,0.265,1.0579,0.155,-0.0567,182.36,100.38,411.95,78.994,97.2258,160.4404
EXP14,m5-01,EXP14_m5-01_A_A001,A,A001,10,21,588529,590629,210,100.0,walking,unknown,child_01,1.1597,0.2939,1.7295,0.5497,1.1798,6.67,0.2114,-0.3715,0.2819,1.0686,0.1563,-0.0518,197.21,103.13,411.95,82.5892,96.3539,179.0667
EXP14,m5-01,EXP14_m5-01_A_A002,A,A002,1,0,630910,633010,210,100.0,jumping,unknown,child_01,1.163,1.0944,4.8701,0.1355,4.7346,5.24,0.8289,-0.7338,0.9051,0.5022,0.4108,0.2912,114.92,60.14,287.34,50.0001,99.3673,65.958
EXP14,m5-01,EXP14_m5-01_A_A002,A,A002,1,1,631160,633260,210,100.0,jumping,unknown,child_01,1.276,1.1163,4.8701,0.1376,4.7325,6.67,0.8327,-0.8111,0.8944,0.5848,0.502,0.3593,127.68,63.19,288.67,50.6656,113.578,69.0152
EXP14,m5-01,EXP14_m5-01_A_A002,A,A002,1,2,631410,633510,210,100.0,jumping,unknown,child_01,1.1693,1.0718,4.8701,0.1376,4.7325,7.14,0.7821,-0.6985,0.849,0.5011,0.5322,0.4017,134.49,65.41,288.67,60.6344,116.3849,67.0486
EXP14,m5-01,EXP14_m5-01_A_A002,A,A002,1,3,631660,633760,210,100.0,jumping,unknown,child_01,1.1923,1.077,4.8701,0.1376,4.7325,7.14,0.7615,-0.6548,0.8323,0.4672,0.6359,0.5076,142.86,68.19,312.97,70.1141,122.4609,67.0026
EXP14,m5-01,EXP14_m5-01_A_A002,A,A002,1,4,631910,634010,210,100.0,jumping,unknown,child_01,1.2788,1.0994,4.8701,0.1376,4.7325,7.14,0.7687,-0.6108,0.8429,0.4514,0.7413,0.6452,149.32,69.17,312.97,72.3493,124.3508,69.1628
EXP14,m5-01,EXP14_m5-01_A_A002,A,A002,2,0,645211,647311,210,100.0,jumping,unknown,child_01,1.1758,1.1549,4.1128,0.0493,4.0635,4.29,1.1627,-0.9522,0.6137,0.1645,0.2161,0.0848,116.9,59.54,312.75,58.3281,78.6043,86.357
EXP14,m5-01,EXP14_m5-01_A_A002,A,A002,2,1,645461,647561,210,100.0,jumping,unknown,child_01,1.2573,1.1526,4.0818,0.0589,4.0229,4.76,1.1266,-1.0502,0.6655,0.2477,0.175,0.0483,121.7,60.71,312.75,62.6541,80.6624,87.8447
EXP14,m5-01,EXP14_m5-01_A_A002,A,A002,2,2,645711,647811,210,100.0,jumping,unknown,child_01,1.1089,1.0959,4.0818,0.0589,4.0229,4.29,1.0911,-0.8741,0.6437,0.1732,0.1697,0.0555,110.84,59.71,312.75,55.97,73.4663,83.0179
EXP14,m5-01,EXP14_m5-01_A_A002,A,A002,2,3,645961,648061,210,100.0,jumping,unknown,child_01,1.2479,1.1913,4.4297,0.0589,4.3708,4.76,1.1454,-1.0383,0.6792,0.2986,0.1828,0.0486,109.94,56.33,250.59,54.6064,67.7156,84.0096
EXP14,m5-01,EXP14_m5-01_A_A002,A,A002,2,4,646211,648311,210,100.0,jumping,unknown,child_01,1.1242,1.1093,4.4297,0.0732,4.3565,4.76,1.066,-0.884,0.6828,0.2714,0.1875,0.0378,114.52,54.96,250.59,58.986,66.273,83.6766
EXP14,m5-01,EXP14_m5-01_A_A002,A,A002,2,5,646461,648561,210,100.0,jumping,unknown,child_01,1.2942,1.177,4.4297,0.0732,4.3565,4.76,1.1583,-0.9968,0.7343,0.3635,0.2286,0.0361,124.36,57.42,250.59,71.6505,69.1335,78.4698
EXP14,m5-01,EXP14_m5-01_A_A002,A,A002,2,6,646711,648811,210,100.0,jumping,unknown,child_01,1.246,1.1176,4.4297,0.0732,4.3565,4.29,1.1073,-0.9579,0.7078,0.3093,0.2461,-0.0219,137.89,71.79,345.52,77.8999,72.0226,81.6909
EXP14,m5-01,EXP14_m5-01_A_A002,A,A002,3,0,654267,656367,210,100.0,jumping,unknown,child_01,1.3345,1.3069,5.6705,0.0574,5.6131,4.29,1.1943,-0.9721,0.8407,0.5244,0.3494,-0.1167,107.42,58.02,342.63,71.3316,80.7373,54.4947
EXP14,m5-01,EXP14_m5-01_A_A002,A,A002,3,1,654517,656617,210,100.0,jumping,unknown,child_01,1.1591,1.0972,4.9505,0.0574,4.8931,3.81,1.0171,-0.7818,0.7674,0.3998,0.3614,-0.1493,114.42,63.7,342.63,71.4723,87.8139,65.033
EXP14,m5-01,EXP14_m5-01_A_A002,A,A002,3,2,654767,656867,210,100.0,jumping,unknown,child_01,1.2896,1.1261,4.9505,0.0574,4.8931,4.29,0.9835,-0.9082,0.8226,0.544,0.3959,-0.0994,109.22,61.47,342.63,72.2494,78.5645,65.1468
EXP14,m5-01,EXP14_m5-01_A_A002,A,A002,3,3,655017,657117,210,100.0,jumping,unknown,child_01,1.1953,1.1142,4.9505,0.0574,4.8931,4.76,0.9459,-0.8039,0.831,0.5074,0.4247,-0.0275,106.04,61.75,342.63,69.5542,79.8773,61.8709
EXP14,m5-01,EXP14_m5-01_A_A002,A,A002,3,4,655267,657367,210,100.0,jumping,unknown,child_01,1.2833,1.0802,4.9505,0.0603,4.8902,5.24,0.9527,-0.8401,0.8346,0.5202,0.4817,0.0325,111.64,61.96,342.63,70.3013,83.9274,64.9658
EXP14,m5-01,EXP14_m5-01_A_A002,A,A002,3,5,655517,657617,210,100.0,jumping,unknown,child_01,1.2252,1.047,4.9505,0.0603,4.8902,5.24,0.9069,-0.7656,0.8463,0.4916,0.4787,0.038,115.73,63.0,342.63,71.5285,87.4844,66.7116
EXP14,m5-01,EXP14_m5-01_A_A002,A,A002,3,6,655767,657867,210,100.0,jumping,unknown,child_01,1.3368,1.0723,4.9505,0.1366,4.8139,5.24,0.9565,-0.8934,0.8354,0.5375,0.4794,0.0846,116.59,62.29,342.63,69.1455,89.2337,67.297
EXP14,m5-01,EXP14_m5-01_A_A002,A,A002,3,7,656017,658117,210,100.0,jumping,unknown,child_01,1.1878,0.9639,4.0879,0.0632,4.0247,5.24,0.8635,-0.7733,0.7816,0.4412,0.4161,0.1336,113.35,61.77,316.99,56.3946,95.4649,63.8943
EXP14,m5-01,EXP14_m5-01_A_A002,A,A002,3,8,656267,658367,210,100.0,jumping,unknown,child_01,1.3155,0.9655,4.0879,0.0632,4.0247,5.24,0.8936,-0.9194,0.7902,0.4543,0.4092,0.145,119.77,58.92,316.99,56.3994,98.178,70.0218
EXP14,m5-01,EXP14_m5-01_A_A002,A,A002,4,0,666248,668348,210,100.0,jumping,unknown,child_01,2.4156,2.2484,7.4231,0.0632,7.3599,2.38,1.697,-1.1818,1.9006,1.6246,0.5293,-0.2867,363.6,293.53,994.55,107.4388,169.3848,417.7536
EXP14,m5-01,EXP14_m5-01_A_A002,A,A002,4,1,666498,668598,210,100.0,jumping,unknown,child_01,2.8416,2.2829,7.4334,0.0632,7.3702,2.38,1.8379,-1.3642,1.9426,1.9693,0.5367,-0.3277,415.4,300.06,994.55,109.2149,181.4764,465.3965
EXP14,m5-01,EXP14_m5-01_A_A002,A,A002,4,2,666748,668848,210,100.0,jumping,unknown,child_01,2.5795,2.3187,7.4334,0.0632,7.3702,2.38,1.8245,-1.213,1.9523,1.7403,0.5133,-0.3556,369.51,309.08,994.55,106.8335,169.3911,432.8911
EXP14,m5-01,EXP14_m5-01_A_A002,A,A002,5,0,676985,679085,210,100.0,jumping,unknown,child_01,1.2539,1.2906,4.6498,0.0469,4.6029,6.19,1.4294,-0.9183,0.5103,0.0136,0.3011,-0.0114,138.74,64.33,312.02,56.9382,118.4909,77.5665
EXP14,m5-01,EXP14_m5-01_A_A002,A,A002,5,1,677235,679335,210,100.0,jumping,unknown,child_01,1.2654,1.3454,4.6498,0.0469,4.6029,4.76,1.3926,-1.0157,0.5792,0.0947,0.3086,0.0225,127.85,64.86,312.02,57.3626,108.1986,73.3533
EXP14,m5-01,EXP14_m5-01_A_A002,A,A002,5,2,677485,679585,210,100.0,jumping,unknown,child_01,1.1523,1.2351,4.5055,0.0469,4.4586,4.76,1.2773,-0.9055,0.5475,0.1477,0.2777,0.0542,116.79,54.26,312.02,57.9148,94.9432,64.0289
EXP14,m5-01,EXP14_m5-01_A_A002,A,A002,5,3,677735,679835,210,100.0,jumping,unknown,child_01,1.2417,1.2716,4.5055,0.0469,4.4586,5.24,1.289,-1.0203,0.5849,0.1618,0.2907,0.0575,132.18,63.2,312.02,60.9321,95.1753,91.8678
EXP14,m5-01,EXP14_m5-01_A_A002,A,A002,5,4,677985,680085,210,100.0,jumping,unknown,child_01,1.1025,1.1691,4.5055,0.0469,4.4586,5.24,1.1706,-0.8859,0.5692,0.1479,0.2774,0.066,132.88,64.86,312.02,61.3788,93.8073,93.4689
EXP14,m5-01,EXP14_m5-01_A_A002,A,A002,5,5,678235,680335,210,100.0,jumping,unknown,child_01,1.2611,1.2124,4.5055,0.0469,4.4586,5.71,1.2149,-1.0382,0.6028,0.2032,0.318,0.0299,136.11,65.54,312.02,61.9414,99.0107,94.1319
EXP14,m5-01,EXP14_m5-01_A_A002,A,A002,5,6,678485,680585,210,100.0,jumping,unknown,child_01,1.2094,1.1868,5.0672,0.0469,5.0203,5.24,1.1363,-0.9301,0.7358,0.2425,0.3367,0.0355,144.08,72.96,386.9,68.9261,106.5608,98.1748
EXP14,m5-01,EXP14_m5-01_A_A002,A,A002,5,7,678735,680835,210,100.0,jumping,unknown,child_01,1.2674,1.1575,5.0672,0.0522,5.015,6.19,1.1071,-0.9757,0.7736,0.2126,0.349,0.053,140.62,73.81,386.9,69.0572,103.677,96.3542
EXP14,m5-01,EXP14_m5-01_A_A002,A,A002,5,8,678985,681085,210,100.0,jumping,unknown,child_01,1.2834,1.2488,5.6212,0.0522,5.569,5.71,1.152,-0.963,0.8842,0.2569,0.3195,0.051,148.57,93.67,613.78,70.0318,129.4213,95.151
EXP14,m5-01,EXP14_m5-01_A_A002,A,A002,5,9,679235,681335,210,100.0,jumping,unknown,child_01,1.3639,1.2363,5.6212,0.0813,5.5399,5.71,1.1647,-0.9587,0.8858,0.2767,0.487,0.1213,160.76,96.26,613.78,79.1096,137.5219,95.8131
EXP14,m5-01,EXP14_m5-01_A_A002,A,A002,6,0,685978,688078,210,100.0,jumping,unknown,child_01,1.4118,1.3727,8.1516,0.0638,8.0878,6.67,1.4175,-1.0206,0.6491,0.2395,0.534,0.2504,176.08,111.57,564.28,86.3989,166.6461,82.099
EXP14,m5-01,EXP14_m5-01_A_A002,A,A002,6,1,686228,688328,210,100.0,jumping,unknown,child_01,1.3428,1.1569,4.3465,0.0638,4.2827,7.14,1.2368,-0.9673,0.5441,0.2404,0.5121,0.2446,173.05,105.75,564.28,98.7759,156.2431,79.241
EXP14,m5-01,EXP14_m5-01_A_A002,A,A002,6,2,686478,688578,210,100.0,jumping,unknown,child_01,1.2587,1.0834,4.2336,0.0575,4.1761,7.14,1.1487,-0.8711,0.5283,0.277,0.5149,0.2426,171.16,105.99,564.28,100.225,152.5452,80.4511
EXP14,m5-01,EXP14_m5-01_A_A002,A,A002,6,3,686728,688828,210,100.0,jumping,unknown,child_01,1.3272,1.2201,6.0223,0.0575,5.9648,6.67,1.2072,-0.9681,0.6813,0.2888,0.4863,0.2669,160.77,103.79,564.28,97.951,136.2445,79.9325
EXP14,m5-01,EXP14_m5-01_A_A002,A,A002,6,4,686978,689078,210,100.0,jumping,unknown,child_01,1.2054,1.158,6.0223,0.0575,5.9648,6.67,1.1724,-0.8494,0.681,0.2848,0.3392,0.1952,156.98,100.5,564.28,102.0949,131.6675,76.1554
EXP14,m5-01,EXP14_m5-01_A_A002,A,A002,6,5,687228,689328,210,100.0,jumping,unknown,child_01,1.3507,1.2651,6.0223,0.0575,5.9648,6.67,1.2651,-0.9744,0.7593,0.4008,0.3171,0.1929,165.28,95.86,564.28,103.3626,136.4697,81.1783
EXP14,m5-01,EXP14_m5-01_A_A002,A,A002,6,6,687478,689578,210,100.0,jumping,unknown,child_01,1.2355,1.2003,6.0223,0.0575,5.9648,6.19,1.224,-0.8314,0.7567,0.3161,0.2847,0.1552,163.7,95.78,564.28,101.6281,133.395,84.5314
EXP14,m5-01,EXP14_m5-01_A_A002,A,A002,6,7,687728,689828,210,100.0,jumping,unknown,child_01,1.3851,1.2515,6.0223,0.0575,5.9648,6.67,1.3105,-0.9487,0.7596,0.3198,0.3787,0.2113,163.78,94.83,564.28,102.3336,130.8767,85.0297
EXP14,m5-01,EXP14_m5-01_A_A002,A,A002,6,8,687978,690078,210,100.0,jumping,unknown,child_01,1.2674,1.2591,6.0223,0.0575,5.9648,6.19,1.2815,-0.8404,0.7666,0.2769,0.3902,0.1628,154.68,89.33,564.28,93.3526,120.1932,80.0744
EXP14,m5-01,EXP14_m5-01_A_A002,A,A002,6,9,688228,690328,210,100.0,jumping,unknown,child_01,1.4043,1.3567,6.0223,0.0575,5.9648,5.24,1.3982,-0.9702,0.8172,0.2302,0.4175,0.1463,141.02,61.59,365.56,83.1994,104.597,66.3347
EXP14,m5-01,EXP14_m5-01_A_A002,A,A002,6,10,688478,690578,210,100.0,jumping,unknown,child_01,1.5004,1.4353,6.0223,0.0575,5.9648,5.24,1.563,-0.9019,0.8347,0.2522,0.5396,0.0593,155.64,86.54,531.84,81.683,117.5773,101.4011
EXP14,m5-01,EXP14_m5-01_A_A002,A,A002,6,11,688728,690828,210,100.0,jumping,unknown,child_01,1.4778,1.3802,5.2853,0.1116,5.1737,5.24,1.5252,-0.8877,0.769,0.2747,0.5544,0.0145,165.52,84.64,531.84,83.053,122.9595,108.2354
EXP14,m5-01,EXP14_m5-01_A_A002,A,A002,6,12,688978,691078,210,100.0,jumping,unknown,child_01,1.4671,1.4275,5.2853,0.1116,5.1737,5.24,1.553,-0.8939,0.7889,0.2194,0.5556,0.0204,166.8,84.4,531.84,78.1886,121.6503,114.4104
EXP14,m5-01,EXP14_m5-01_A_A002,A,A002,6,13,689228,691328,210,100.0,jumping,unknown,child_01,1.4151,1.3898,5.3088,0.1116,5.1972,5.71,1.5625,-0.7762,0.6863,0.1267,0.6288,0.0871,191.91,113.98,687.77,78.7293,168.9661,117.7207
EXP14,m5-01,EXP14_m5-01_A_A002,A,A002,7,0,723111,725211,210,100.0,jumping,unknown,child_01,1.4246,1.524,6.6372,0.0359,6.6013,10.0,1.466,-0.8247,0.717,0.1323,0.9028,0.4197,155.03,78.4,439.07,85.5785,117.7861,93.7379
EXP14,m5-01,EXP14_m5-01_A_A002,A,A002,7,1,723361,725461,210,100.0,jumping,unknown,child_01,1.4103,1.4605,6.6372,0.0359,6.6013,9.05,1.3644,-0.8241,0.697,0.198,0.9194,0.4591,147.63,79.63,439.07,89.1483,111.8695,86.1195
EXP14,m5-01,EXP14_m5-01_A_A002,A,A002,7,2,723611,725711,210,100.0,jumping,unknown,child_01,1.3945,1.4681,6.6372,0.0359,6.6013,8.57,1.3457,-0.8424,0.6988,0.1853,0.8988,0.4989,142.97,80.94,439.07,90.2211,110.7662,80.2919
EXP14,m5-01,EXP14_m5-01_A_A002,A,A002,7,3,723861,725961,210,100.0,jumping,unknown,child_01,1.3115,1.3412,6.6372,0.0359,6.6013,8.57,1.2081,-0.82,0.546,0.1528,0.8771,0.5442,134.76,75.13,439.07,86.3205,100.5648,76.7707
EXP14,m5-01,EXP14_m5-01_A_A002,A,A002,7,4,724111,726211,210,100.0,jumping,unknown,child_01,1.2512,1.3619,6.6372,0.0359,6.6013,7.14,1.1935,-0.8028,0.5299,0.1202,0.8817,0.5279,128.97,69.06,439.07,76.1855,101.0635,64.3792
EXP14,m5-01,EXP14_m5-01_A_A002,A,A002,7,5,724361,726461,210,100.0,jumping,unknown,child_01,1.2253,1.3069,6.6372,0.0359,6.6013,6.67,1.2377,-0.8481,0.4971,-0.0064,0.7248,0.4307,136.14,82.72,460.77,77.5891,121.203,62.9015
EXP14,m5-01,EXP14_m5-01_A_A002,A,A002,7,6,724611,726711,210,100.0,jumping,unknown,child_01,1.2268,1.3167,6.6372,0.0359,6.6013,5.71,1.272,-0.8348,0.4737,-0.0063,0.7035,0.4524,141.52,85.14,460.77,80.0647,122.0748,73.4618
EXP14,m5-01,EXP14_m5-01_A_A002,A,A002,7,7,724861,726961,210,100.0,jumping,unknown,child_01,1.1935,1.1754,4.6603,0.0359,4.6244,5.71,1.218,-0.8445,0.4117,-0.0339,0.5709,0.336,135.64,78.25,460.77,72.3433,121.3268,65.2857
EXP14,m5-01,EXP14_m5-01_A_A002,A,A002,7,8,725111,727211,210,100.0,jumping,unknown,child_01,1.322,1.3247,5.6304,0.12,5.5104,4.76,1.3142,-0.9724,0.6024,0.0604,0.5696,0.3726,131.18,73.72,460.77,68.2562,116.3993,63.0669
EXP14,m5-01,EXP14_m5-01_A_A002,A,A002,7,9,725361,727461,210,100.0,jumping,unknown,child_01,1.2193,1.255,5.6304,0.12,5.5104,5.71,1.2711,-0.8713,0.5856,0.0199,0.5075,0.2933,132.36,72.74,460.77,64.1746,120.3774,63.0463
EXP14,m5-01,EXP14_m5-01_A_A002,A,A002,7,10,725611,727711,210,100.0,jumping,unknown,child_01,1.3621,1.336,5.6304,0.1315,5.4989,5.71,1.3172,-0.991,0.6714,0.1379,0.5715,0.3561,139.71,69.18,460.77,62.3847,124.0628,68.7411
EXP14,m5-01,EXP14_m5-01_A_A002,A,A002,7,11,725861,727961,210,100.0,jumping,unknown,child_01,1.2111,1.3088,5.6304,0.081,5.5494,5.71,1.3013,-0.8465,0.676,0.1274,0.4765,0.2639,143.38,69.7,460.77,59.058,127.9983,71.3905
EXP14,m5-01,EXP14_m5-01_A_A002,A,A002,7,12,726111,728211,210,100.0,jumping,unknown,child_01,1.376,1.4121,5.6304,0.081,5.5494,5.24,1.4129,-0.9339,0.7725,0.1427,0.5336,0.3425,157.05,107.02,703.09,55.8012,164.4162,75.6634
EXP14,m5-01,EXP14_m5-01_A_A002,A,A002,7,13,726361,728461,210,100.0,jumping,unknown,child_01,1.2127,1.3437,5.6304,0.0708,5.5596,5.24,1.3077,-0.8181,0.7092,0.2189,0.5149,0.2838,158.17,106.19,703.09,57.9374,164.393,74.3908
EXP14,m5-01,EXP14_m5-01_A_A002,A,A002,7,14,726611,728711,210,100.0,jumping,unknown,child_01,1.3511,1.4262,5.6304,0.0708,5.5596,5.24,1.3146,-0.9659,0.7826,0.3146,0.579,0.3891,153.56,107.75,703.09,54.2901,163.7822,72.2518
EXP14,m5-01,EXP14_m5-01_A_A002,A,A002,7,15,726861,728961,210,100.0,jumping,unknown,child_01,1.1717,1.3377,5.6304,0.0708,5.5596,4.76,1.1815,-0.7651,0.7917,0.2821,0.5828,0.3671,156.51,107.36,703.09,57.4226,166.1431,67.0866
EXP14,m5-01,EXP14_m5-01_A_A003,A,A003,1,0,803460,805560,210,100.0,running,unknown,child_01,1.5861,1.0487,6.25,0.3506,5.8994,7.14,1.1156,-1.1199,0.8351,0.1384,0.4178,0.4752,231.8,102.12,542.4,103.4684,104.5859,199.0566
EXP14,m5-01,EXP14_m5-01_A_A003,A,A003,1,1,803710,805810,210,100.0,running,unknown,child_01,1.561,1.062,6.25,0.3447,5.9053,7.14,1.1741,-1.1317,0.7616,0.0253,0.3839,0.421,227.26,104.93,542.4,89.3341,107.2881,201.7836
EXP14,m5-01,EXP14_m5-01_A_A003,A,A003,1,2,803960,806060,210,100.0,running,unknown,child_01,1.5452,1.0994,6.25,0.3447,5.9053,7.62,1.2127,-1.1132,0.788,0.0227,0.362,0.3657,215.19,103.24,599.39,97.7569,119.7946,178.0084
EXP14,m5-01,EXP14_m5-01_A_A003,A,A003,1,3,804210,806310,210,100.0,running,unknown,child_01,1.6511,1.1112,6.25,0.2656,5.9844,7.14,1.2576,-1.2094,0.7954,0.0205,0.4548,0.2779,222.92,115.47,611.95,102.9221,124.8341,187.0429
EXP14,m5-01,EXP14_m5-01_A_A003,A,A003,1,4,804460,806560,210,100.0,running,unknown,child_01,1.6394,1.1169,6.25,0.1169,6.1331,6.19,1.2607,-1.1964,0.7952,0.0454,0.4522,0.2748,203.58,118.13,611.95,95.0783,120.6802,163.6744
EXP14,m5-01,EXP14_m5-01_A_A003,A,A003,1,5,804710,806810,210,100.0,running,unknown,child_01,1.5435,1.0595,6.25,0.1169,6.1331,6.19,1.2178,-1.0848,0.7445,-0.0107,0.4719,0.2605,197.4,113.0,611.95,93.7076,128.4736,155.9249
EXP14,m5-01,EXP14_m5-01_A_A003,A,A003,1,6,804960,807060,210,100.0,running,unknown,child_01,1.6628,1.1193,6.25,0.1169,6.1331,5.24,1.2688,-1.2293,0.7776,0.0082,0.4641,0.2767,213.0,115.38,611.95,94.0209,131.7051,168.2616
EXP14,m5-01,EXP14_m5-01_A_A003,A,A003,1,7,805210,807310,210,100.0,running,unknown,child_01,1.634,1.1444,6.25,0.1169,6.1331,4.76,1.2922,-1.2221,0.751,0.0678,0.4299,0.2503,204.87,120.23,611.95,86.7302,131.8562,158.6504
EXP14,m5-01,EXP14_m5-01_A_A003,A,A003,1,8,805460,807560,210,100.0,running,unknown,child_01,1.4707,0.9852,4.0926,0.1169,3.9757,6.19,1.1218,-1.0843,0.6834,0.0021,0.4118,0.2503,193.34,109.72,611.95,79.1575,133.8127,146.6448
EXP14,m5-01,EXP14_m5-01_A_A003,A,A003,1,9,805710,807810,210,100.0,running,unknown,child_01,1.5879,1.0159,4.0926,0.1169,3.9757,6.19,1.1415,-1.2402,0.6907,0.023,0.4049,0.2659,207.33,113.63,611.95,76.4143,135.9392,158.3894
EXP14,m5-01,EXP14_m5-01_A_A003,A,A003,1,10,805960,808060,210,100.0,running,unknown,child_01,1.5531,0.9983,4.0926,0.1169,3.9757,5.71,1.1056,-1.1878,0.6811,0.1278,0.4609,0.2881,202.46,116.17,611.95,75.882,134.8235,150.1296
EXP14,m5-01,EXP14_m5-01_A_A003,A,A003,1,11,806210,808310,210,100.0,running,unknown,child_01,1.4469,0.9279,4.0926,0.1169,3.9757,7.62,1.0235,-1.0731,0.6559,0.1127,0.3947,0.3958,179.69,86.49,432.46,54.2354,110.2465,148.7206
EXP14,m5-01,EXP14_m5-01_A_A003,A,A003,1,12,806460,808560,210,100.0,running,unknown,child_01,1.5047,0.9259,4.0926,0.2783,3.8143,7.14,0.9968,-1.12,0.7313,0.1967,0.3624,0.4108,194.06,91.48,432.46,56.3707,105.9625,164.6375
EXP14,m5-01,EXP14_m5-01_A_A003,A,A003,1,13,806710,808810,210,100.0,running,unknown,child_01,1.525,0.952,4.0926,0.2783,3.8143,8.1,1.0403,-1.0838,0.7307,0.2664,0.4227,0.4377,192.96,91.65,432.46,56.7988,102.1163,163.7968
EXP14,m5-01,EXP14_m5-01_A_A003,A,A003,1,14,806960,809060,210,100.0,running,unknown,child_01,1.4324,0.8839,3.4881,0.2783,3.2098,9.52,0.9367,-0.9927,0.6716,0.2154,0.4777,0.4944,198.27,96.49,465.62,65.321,123.8599,163.801
EXP14,m5-01,EXP14_m5-01_A_A003,A,A003,2,0,815250,817350,210,100.0,running,unknown,child_01,1.4212,0.785,3.6074,0.3452,3.2622,5.71,0.854,-1.0292,0.7768,0.2786,0.2737,0.3022,191.02,80.86,366.05,71.9773,102.8711,161.2277
EXP14,m5-01,EXP14_m5-01_A_A003,A,A003,2,1,815500,817600,210,100.0,running,unknown,child_01,1.4327,0.7485,3.6074,0.3452,3.2622,5.71,0.8045,-1.1046,0.7562,0.167,0.2406,0.2965,194.0,81.18,366.05,76.4039,102.5379,162.9682
EXP14,m5-01,EXP14_m5-01_A_A003,A,A003,2,2,815750,817850,210,100.0,running,unknown,child_01,1.4425,0.7671,3.6074,0.3452,3.2622,6.19,0.8346,-1.1061,0.7242,0.2233,0.3537,0.2228,201.0,87.46,388.26,104.2633,104.6271,152.2565
EXP14,m5-01,EXP14_m5-01_A_A003,A,A003,2,3,816000,818100,210,100.0,running,unknown,child_01,1.3783,0.7158,3.3421,0.3452,2.9969,5.24,0.7681,-1.1074,0.6379,0.1152,0.3684,0.1993,200.84,84.03,388.26,107.4501,104.5822,145.8803
EXP14,m5-01,EXP14_m5-01_A_A003,A,A003,2,4,816250,818350,210,100.0,running,unknown,child_01,1.3846,0.7369,3.3421,0.3452,2.9969,5.24,0.8039,-1.1105,0.634,0.0766,0.3741,0.181,211.26,83.71,388.26,101.5012,105.1749,149.0613
EXP14,m5-01,EXP14_m5-01_A_A003,A,A003,2,5,816500,818600,210,100.0,running,unknown,child_01,1.3072,0.7523,3.2609,0.3452,2.9157,5.24,0.8517,-1.0334,0.5471,0.0879,0.3807,0.1718,214.3,87.35,388.26,100.4304,103.882,164.5759
EXP14,m5-01,EXP14_m5-01_A_A003,A,A003,2,6,816750,818850,210,100.0,running,unknown,child_01,1.3293,0.7594,3.2609,0.3452,2.9157,5.24,0.8561,-1.07,0.5291,-0.0058,0.3872,0.1897,217.53,83.51,388.26,109.3289,103.6493,166.3512
EXP14,m5-01,EXP14_m5-01_A_A003,A,A003,2,7,817000,819100,210,100.0,running,unknown,child_01,1.358,0.7531,3.2609,0.3452,2.9157,5.24,0.8511,-1.1147,0.5134,-0.0049,0.3846,0.1818,224.51,95.66,492.54,95.9295,97.8432,173.0894
EXP14,m5-01,EXP14_m5-01_A_A003,A,A003,2,8,817250,819350,210,100.0,running,unknown,child_01,1.2521,0.7127,3.2609,0.3152,2.9457,5.24,0.832,-0.9887,0.4756,-0.0049,0.3878,0.1716,216.49,96.33,492.54,95.0173,97.7622,172.0285
EXP14,m5-01,EXP14_m5-01_A_A003,A,A003,2,9,817500,819600,210,100.0,running,unknown,child_01,1.2997,0.7081,3.2609,0.3152,2.9457,5.24,0.8197,-1.0549,0.4698,-0.071,0.3843,0.1801,215.66,96.95,492.54,102.2713,96.9486,176.0292
EXP14,m5-01,EXP14_m5-01_A_A003,A,A003,2,10,817750,819850,210,100.0,running,unknown,child_01,1.3665,0.7239,3.2609,0.3152,2.9457,4.76,0.8335,-1.1037,0.5517,-0.0416,0.3542,0.2168,203.48,95.38,492.54,83.9049,85.1651,180.0203
EXP14,m5-01,EXP14_m5-01_A_A003,A,A003,2,11,818000,820100,210,100.0,running,unknown,child_01,1.3787,0.7033,3.2609,0.3152,2.9457,4.76,0.8494,-1.0899,0.5594,-0.0212,0.2834,0.3037,197.45,93.99,492.54,72.911,75.2311,188.3522
EXP14,m5-01,EXP14_m5-01_A_A003,A,A003,2,12,818250,820350,210,100.0,running,unknown,child_01,1.3086,0.711,3.2609,0.3152,2.9457,5.71,0.8487,-0.9886,0.5679,-0.0451,0.2743,0.3471,192.35,95.13,492.54,69.2462,73.0111,188.1062
EXP14,m5-01,EXP14_m5-01_A_A003,A,A003,2,13,818500,820600,210,100.0,running,unknown,child_01,1.4404,0.7539,3.3177,0.1794,3.1383,5.71,0.8565,-1.1284,0.6503,0.0841,0.2176,0.3987,185.3,92.04,492.54,63.5935,78.3614,180.141
EXP14,m5-01,EXP14_m5-01_A_A003,A,A003,2,14,818750,820850,210,100.0,running,unknown,child_01,1.3985,0.819,4.5657,0.1794,4.3863,5.71,0.9132,-1.0253,0.6902,0.1173,0.2603,0.4282,173.95,93.33,492.54,57.9,79.9714,169.8424
EXP14,m5-01,EXP14_m5-01_A_A003,A,A003,3,0,827387,829487,210,100.0,running,unknown,child_01,1.8884,0.9656,4.2502,0.3577,3.8925,9.52,1.21,-1.2048,0.986,0.4456,0.5571,0.3189,269.63,119.74,677.17,145.7739,155.0104,202.0541
EXP14,m5-01,EXP14_m5-01_A_A003,A,A003,3,1,827637,829737,210,100.0,running,unknown,child_01,1.8928,0.9514,4.2502,0.3577,3.8925,8.57,1.2032,-1.2032,0.9956,0.4112,0.5623,0.3405,267.68,121.07,677.17,142.1998,151.1401,205.39
EXP14,m5-01,EXP14_m5-01_A_A003,A,A003,3,2,827887,829987,210,100.0,running,unknown,child_01,1.7563,0.9481,4.2502,0.3929,3.8573,8.57,1.1619,-1.0463,0.9244,0.5033,0.5609,0.3406,252.9,113.52,677.17,141.5078,140.7605,189.2577
EXP14,m5-01,EXP14_m5-01_A_A003,A,A003,3,3,828137,830237,210,100.0,running,unknown,child_01,1.7493,0.9508,4.2502,0.3545,3.8957,8.1,1.1077,-1.0845,0.9286,0.4488,0.5653,0.4214,251.5,114.43,677.17,137.0081,151.7075,184.4416
EXP14,m5-01,EXP14_m5-01_A_A003,A,A003,4,0,835341,837441,210,100.0,running,unknown,child_01,1.659,1.0255,5.9719,0.237,5.7349,5.71,1.1568,-1.1079,0.943,0.3585,0.3475,0.3161,223.96,101.81,557.84,99.9924,99.8393,195.4287
EXP14,m5-01,EXP14_m5-01_A_A003,A,A003,4,1,835591,837691,210,100.0,running,unknown,child_01,1.5957,1.0496,5.9719,0.237,5.7349,5.71,1.1464,-1.025,0.9565,0.3942,0.356,0.2936,201.39,86.08,429.15,99.0572,94.5383,167.2072
EXP14,m5-01,EXP14_m5-01_A_A003,A,A003,4,2,835841,837941,210,100.0,running,unknown,child_01,1.5869,1.0564,5.9719,0.237,5.7349,5.71,1.1012,-1.0688,0.96,0.3861,0.3281,0.3178,186.08,84.75,429.15,84.6519,89.6004,158.3059
EXP14,m5-01,EXP14_m5-01_A_A003,A,A003,4,3,836091,838191,210,100.0,running,unknown,child_01,1.5391,1.0442,5.9719,0.237,5.7349,5.71,1.0823,-1.0504,0.9391,0.3877,0.2938,0.2565,189.19,83.63,429.15,86.7857,90.1846,158.3322
EXP14,m5-01,EXP14_m5-01_A_A003,A,A003,4,4,836341,838441,210,100.0,running,unknown,child_01,1.529,1.0469,5.9719,0.242,5.7299,5.71,1.0852,-1.0343,0.9348,0.3921,0.3031,0.2587,183.89,86.51,429.15,89.0452,88.2032,154.3463
EXP14,m5-01,EXP14_m5-01_A_A003,A,A003,4,5,836591,838691,210,100.0,running,unknown,child_01,1.5384,1.0227,5.9719,0.242,5.7299,5.71,1.0605,-1.0705,0.9236,0.3905,0.2806,0.2403,186.86,85.68,429.15,94.714,85.7226,155.0088
EXP14,m5-01,EXP14_m5-01_A_A003,A,A003,4,6,836841,838941,210,100.0,running,unknown,child_01,1.5093,1.0428,5.9719,0.242,5.7299,5.71,1.0679,-1.0433,0.904,0.4202,0.2831,0.2506,181.71,87.08,429.15,95.4881,90.1911,147.3898
EXP14,m5-01,EXP14_m5-01_A_A003,A,A003,4,7,837091,839191,210,100.0,running,unknown,child_01,1.526,1.0609,5.9719,0.242,5.7299,5.71,1.0449,-1.0765,0.9288,0.4526,0.2742,0.2468,177.82,90.06,429.15,91.803,90.1526,145.2846
EXP14,m5-01,EXP14_m5-01_A_A003,A,A003,4,8,837341,839441,210,100.0,running,unknown,child_01,1.4643,0.9994,4.5243,0.242,4.2823,5.24,1.0197,-1.0246,0.841,0.376,0.3422,0.2957,166.53,83.75,429.15,89.3651,86.508,132.5311
EXP14,m5-01,EXP14_m5-01_A_A003,A,A003,4,9,837591,839691,210,100.0,running,unknown,child_01,1.4161,1.0587,4.5243,0.242,4.2823,5.24,1.0485,-0.9579,0.8683,0.3715,0.363,0.2926,156.01,76.1,367.34,89.9969,94.5507,104.5282
EXP14,m5-01,EXP14_m5-01_A_A003,A,A003,4,10,837841,839941,210,100.0,running,unknown,child_01,1.4689,1.0282,4.5243,0.3578,4.1665,5.71,1.0201,-1.0144,0.8621,0.3764,0.3752,0.3456,169.1,78.28,384.68,103.5642,96.8613,110.2697
EXP14,m5-01,EXP14_m5-01_A_A003,A,A003,4,11,838091,840191,210,100.0,running,unknown,child_01,1.3975,0.9986,4.5243,0.3578,4.1665,5.24,0.9921,-0.9542,0.8239,0.3683,0.3832,0.3069,176.07,86.26,384.68,115.1224,101.7301,109.5254
EXP14,m5-01,EXP14_m5-01_A_A003,A,A003,4,12,838341,840441,210,100.0,running,unknown,child_01,1.3731,0.9953,4.5243,0.2437,4.2806,5.71,1.0072,-0.9722,0.7705,0.3045,0.4003,0.2646,183.49,91.74,407.99,120.5305,103.3219,118.8836
EXP14,m5-01,EXP14_m5-01_A_A003,A,A003,4,13,838591,840691,210,100.0,running,unknown,child_01,1.4278,1.0596,4.5243,0.2437,4.2806,5.71,1.0609,-1.0237,0.7998,0.3397,0.4033,0.2652,187.51,88.18,407.99,119.6329,104.1471,127.118
EXP14,m5-01,EXP14_m5-01_A_A003,A,A003,4,14,838841,840941,210,100.0,running,unknown,child_01,1.4151,1.0421,4.5243,0.2437,4.2806,6.19,1.047,-0.9964,0.8058,0.3264,0.4032,0.2848,189.08,88.03,407.99,118.3133,106.5842,130.206
EXP14,m5-01,EXP14_m5-01_A_A003,A,A003,4,15,839091,841191,210,100.0,running,unknown,child_01,1.3689,0.9477,4.3184,0.2437,4.0747,5.71,0.9696,-0.962,0.7301,0.3101,0.4152,0.3236,183.18,86.27,407.99,111.8348,98.9986,131.2926
EXP14,m5-01,EXP14_m5-01_A_A003,A,A003,4,16,839341,841441,210,100.0,running,unknown,child_01,1.3613,0.899,4.3184,0.2437,4.0747,5.71,0.9089,-0.9576,0.7462,0.3372,0.3858,0.3147,185.54,84.56,407.99,111.158,99.483,132.1301
EXP14,m5-01,EXP14_m5-01_A_A003,A,A003,4,17,839591,841691,210,100.0,running,unknown,child_01,1.395,0.8962,4.3184,0.2437,4.0747,5.71,0.9028,-1.0104,0.7316,0.3533,0.3782,0.3316,189.62,81.38,407.99,114.1467,97.9341,134.8136
EXP14,m5-01,EXP14_m5-01_A_A003,A,A003,4,18,839841,841941,210,100.0,running,unknown,child_01,1.3402,0.86,4.1636,0.2437,3.9199,5.71,0.8958,-0.9935,0.642,0.3271,0.361,0.3112,193.17,76.32,407.99,109.3517,94.8472,142.6555
EXP14,m5-01,EXP14_m5-01_A_A003,A,A003,5,0,847085,849185,210,100.0,running,unknown,child_01,1.5832,0.9903,4.8561,0.1887,4.6674,7.62,1.0305,-0.9734,1.0285,0.5555,0.2836,0.1757,223.05,100.59,490.42,88.6419,111.8934,195.5223
EXP14,m5-01,EXP14_m5-01_A_A003,A,A003,5,1,847335,849435,210,100.0,running,unknown,child_01,1.5871,0.9895,4.8561,0.1887,4.6674,8.57,1.0276,-1.0499,1.0395,0.3934,0.2828,0.1567,228.75,98.05,490.42,96.1178,113.1295,196.335
EXP14,m5-01,EXP14_m5-01_A_A003,A,A003,5,2,847585,849685,210,100.0,running,unknown,child_01,1.6623,1.0443,4.8561,0.1887,4.6674,7.62,1.0895,-1.0893,1.0654,0.4927,0.2749,0.1639,224.57,93.04,452.36,101.8581,106.4983,190.3006
EXP14,m5-01,EXP14_m5-01_A_A003,A,A003,5,3,847835,849935,210,100.0,running,unknown,child_01,1.7332,1.03,4.8561,0.5217,4.3344,7.62,1.1092,-1.135,1.0688,0.5381,0.285,0.1821,216.92,97.11,452.36,103.4642,100.6584,185.7177
EXP14,m5-01,EXP14_m5-01_A_A003,A,A003,5,4,848085,850185,210,100.0,running,unknown,child_01,1.6301,1.0516,4.8561,0.5217,4.3344,7.62,1.1077,-1.0558,1.0,0.5576,0.2722,0.1908,211.67,98.47,452.36,98.4793,100.345,182.0794
EXP14,m5-01,EXP14_m5-01_A_A003,A,A003,5,5,848335,850435,210,100.0,running,unknown,child_01,1.5839,1.0399,4.8561,0.242,4.6141,7.62,1.1125,-1.0042,0.9822,0.5221,0.2721,0.1811,198.77,89.62,432.76,96.1812,95.6592,165.4755
EXP14,m5-01,EXP14_m5-01_A_A003,A,A003,5,6,848585,850685,210,100.0,running,unknown,child_01,1.6066,1.0385,4.8561,0.242,4.6141,6.19,1.0481,-1.0253,1.0153,0.5647,0.3238,0.2353,197.33,89.79,432.76,99.7057,92.3458,163.8579
EXP14,m5-01,EXP14_m5-01_A_A003,A,A003,5,7,848835,850935,210,100.0,running,unknown,child_01,1.5238,0.9522,4.0697,0.242,3.8277,6.67,1.0082,-0.9533,0.9225,0.5284,0.3064,0.2813,192.61,84.57,401.36,97.7961,95.693,154.1712
EXP14,m5-01,EXP14_m5-01_A_A003,A,A003,5,8,849085,851185,210,100.0,running,unknown,child_01,1.4989,0.9364,4.0697,0.242,3.8277,6.67,0.9578,-0.9999,0.8803,0.5016,0.2954,0.3043,183.65,84.07,401.36,90.7784,79.4046,154.536
EXP14,m5-01,EXP14_m5-01_A_A003,A,A003,5,9,849335,851435,210,100.0,running,unknown,child_01,1.4143,0.8748,3.9601,0.242,3.7181,7.62,0.9727,-0.9083,0.7895,0.392,0.3185,0.3405,189.19,109.27,661.64,87.037,118.2047,152.6923
EXP14,m5-01,EXP14_m5-01_A_A003,A,A003,5,10,849585,851685,210,100.0,running,unknown,child_01,1.3938,0.8469,3.9335,0.242,3.6915,6.67,0.9095,-0.8305,0.7904,0.5179,0.4202,0.2706,196.23,118.98,661.64,80.3809,161.9653,134.9843
EXP14,m5-01,EXP14_m5-01_A_A003,A,A003,5,11,849835,851935,210,100.0,running,unknown,child_01,1.4109,0.8365,3.9335,0.242,3.6915,6.67,0.8608,-0.8561,0.8033,0.5369,0.4423,0.2953,205.82,116.53,661.64,86.3775,171.162,131.1928
EXP14,m5-01,EXP14_m5-01_A_A003,A,A003,5,12,850085,852185,210,100.0,running,unknown,child_01,1.3358,0.7967,3.9335,0.242,3.6915,6.67,0.8214,-0.7734,0.7805,0.4915,0.4422,0.3159,211.34,116.98,661.64,86.2951,179.4411,131.5793
EXP14,m5-01,EXP14_m5-01_A_A003,A,A003,5,13,850335,852435,210,100.0,running,unknown,child_01,1.2936,0.7344,3.9335,0.242,3.6915,7.62,0.7561,-0.6295,0.7473,0.4859,0.5324,0.4084,206.88,122.61,661.64,84.2321,182.8161,124.9344
EXP14,m5-01,EXP14_m5-01_A_A003,A,A003,6,0,856915,859015,210,100.0,running,unknown,child_01,1.3722,0.8032,3.8052,0.1258,3.6794,6.67,0.8616,-1.102,0.6399,0.1066,0.3364,0.1932,161.0,66.58,368.9,70.986,84.2231,123.5857
EXP14,m5-01,EXP14_m5-01_A_A003,A,A003,6,1,857165,859265,210,100.0,running,unknown,child_01,1.407,0.8101,3.8052,0.1258,3.6794,5.71,0.8743,-1.1388,0.6455,0.0855,0.3223,0.2164,167.55,66.97,368.9,73.249,85.1132,129.6282
EXP14,m5-01,EXP14_m5-01_A_A003,A,A003,6,2,857415,859515,210,100.0,running,unknown,child_01,1.366,0.816,3.8052,0.1258,3.6794,5.71,0.901,-1.0468,0.6695,0.1481,0.329,0.2141,165.77,67.84,368.9,68.8565,85.1368,131.7098
EXP14,m5-01,EXP14_m5-01_A_A003,A,A003,6,3,857665,859765,210,100.0,running,unknown,child_01,1.485,0.8336,3.8052,0.4293,3.3759,6.67,0.901,-1.1293,0.779,0.2063,0.3379,0.2224,178.46,68.88,391.75,91.2279,91.6075,135.7002
EXP14,m5-01,EXP14_m5-01_A_A003,A,A003,6,4,857915,860015,210,100.0,running,unknown,child_01,1.5058,0.8793,3.8052,0.4293,3.3759,6.67,0.9765,-1.119,0.781,0.265,0.3406,0.197,185.16,74.53,404.94,97.7648,101.5267,133.6769
EXP14,m5-01,EXP14_m5-01_A_A003,A,A003,6,5,858165,860265,210,100.0,running,unknown,child_01,1.5213,0.8543,3.8052,0.4293,3.3759,7.14,0.9845,-1.0841,0.806,0.3133,0.3309,0.2058,181.35,75.73,404.94,98.5484,103.5755,130.9143
EXP14,m5-01,EXP14_m5-01_A_A003,A,A003,6,6,858415,860515,210,100.0,running,unknown,child_01,1.5242,0.8542,3.8052,0.4293,3.3759,7.14,0.9939,-1.0411,0.8834,0.2452,0.3269,0.1846,186.15,79.2,404.94,114.8123,101.6129,128.8166
EXP14,m5-01,EXP14_m5-01_A_A003,A,A003,6,7,858665,860765,210,100.0,running,unknown,child_01,1.4715,0.8399,3.7851,0.4293,3.3558,7.14,0.9665,-1.0064,0.8169,0.341,0.3205,0.1941,189.52,77.31,404.94,119.1488,102.0492,125.7471
EXP14,m5-01,EXP14_m5-01_A_A003,A,A003,6,8,858915,861015,210,100.0,running,unknown,child_01,1.5577,0.8702,3.7851,0.3227,3.4624,7.62,0.999,-1.104,0.8357,0.3151,0.3273,0.2487,198.61,83.2,430.36,121.4352,106.8213,139.9507
EXP14,m5-01,EXP14_m5-01_A_A003,A,A003,6,9,859165,861265,210,100.0,running,unknown,child_01,1.5612,0.8726,3.7851,0.3227,3.4624,7.62,1.0172,-1.0547,0.9123,0.2254,0.3275,0.2481,212.69,93.41,466.59,120.7766,122.6018,153.9848
EXP14,m5-01,EXP14_m5-01_A_A003,A,A003,6,10,859415,861515,210,100.0,running,unknown,child_01,1.5548,0.9818,4.954,0.3227,4.6313,7.62,1.1005,-1.0081,0.8912,0.2569,0.4412,0.3148,226.58,101.66,533.86,116.7052,135.3181,165.4931
EXP14,m5-01,EXP14_m5-01_A_A003,A,A003,6,11,859665,861765,210,100.0,running,unknown,child_01,1.5441,0.949,4.954,0.3227,4.6313,8.1,1.0552,-1.0177,0.808,0.1236,0.5232,0.4401,238.07,100.54,533.86,116.3372,132.3582,186.1562
EXP14,m5-01,EXP14_m5-01_A_A003,A,A003,6,12,859915,862015,210,100.0,running,unknown,child_01,1.5512,1.0017,4.954,0.3227,4.6313,6.67,1.0774,-1.0605,0.7761,0.1727,0.5143,0.4772,230.9,102.62,533.86,104.8707,127.1387,189.7982
EXP14,m5-01,EXP14_m5-01_A_A003,A,A003,6,13,860165,862265,210,100.0,running,unknown,child_01,1.4489,0.9612,4.954,0.3227,4.6313,6.67,0.9881,-1.0086,0.7227,0.0883,0.4991,0.5004,238.74,97.72,533.86,104.0902,134.5563,191.8585
EXP14,m5-01,EXP14_m5-01_A_A003,A,A003,7,0,868826,870926,210,100.0,running,unknown,child_01,1.9605,0.8898,4.6269,0.76,3.8669,4.76,1.1482,-1.2073,1.0613,0.5733,0.5536,0.3132,246.33,105.88,529.32,79.4127,130.7297,216.1177
EXP14,m5-01,EXP14_m5-01_A_A003,A,A003,7,1,869076,871176,210,100.0,running,unknown,child_01,1.9119,0.8383,4.6269,0.76,3.8669,4.76,1.1389,-1.186,0.9699,0.5311,0.566,0.3341,252.09,103.35,514.57,93.9876,125.8705,216.7486
EXP14,m5-01,EXP14_m5-01_A_A003,A,A003,7,2,869326,871426,210,100.0,running,unknown,child_01,1.9206,0.8696,4.6269,0.7712,3.8557,6.67,1.1517,-1.2416,0.9421,0.4995,0.5074,0.4267,255.65,101.99,514.57,101.3273,127.4801,215.7346
EXP14,m5-01,EXP14_m5-01_A_A003,A,A003,7,3,869576,871676,210,100.0,running,unknown,child_01,1.8852,0.9133,4.6269,0.7016,3.9253,6.67,1.1891,-1.2161,0.9621,0.3876,0.5048,0.4057,245.03,108.23,514.57,99.6054,123.3999,211.712
EXP14,m5-01,EXP14_m5-01_A_A003,A,A003,7,4,869826,871926,210,100.0,running,unknown,child_01,1.829,0.9864,6.2661,0.4783,5.7878,8.1,1.2531,-1.1834,0.9245,0.2836,0.5039,0.3982,253.25,116.76,590.26,94.3588,110.6662,227.2779
EXP14,m5-01,EXP14_m5-01_A_A003,A,A003,7,5,870076,872176,210,100.0,running,unknown,child_01,1.8144,1.0228,6.2661,0.3086,5.9575,7.62,1.2265,-1.2516,0.9076,0.1835,0.4484,0.457,258.45,121.73,590.26,94.4783,108.5876,239.4251
EXP14,m5-01,EXP14_m5-01_A_A003,A,A003,7,6,870326,872426,210,100.0,running,unknown,child_01,1.7677,1.0095,6.2661,0.3086,5.9575,7.62,1.2222,-1.1975,0.8691,0.1812,0.461,0.4643,271.98,119.99,590.26,88.9474,131.904,247.9394
EXP14,m5-01,EXP14_m5-01_A_A003,A,A003,7,7,870576,872676,210,100.0,running,unknown,child_01,1.7504,1.0789,6.2661,0.3086,5.9575,9.05,1.1872,-1.1481,0.8997,0.1597,0.5922,0.561,267.72,116.02,590.26,91.2247,141.3304,233.3608
EXP14,m5-01,EXP14_m5-01_A_A003,A,A003,8,0,877494,879594,210,100.0,running,unknown,child_01,1.8506,0.9862,4.3494,0.3803,3.9691,7.62,1.2445,-1.0618,1.0832,0.5382,0.4162,0.2911,235.83,102.62,487.38,92.0482,123.7405,201.7025
EXP14,m5-01,EXP14_m5-01_A_A003,A,A003,8,1,877744,879844,210,100.0,running,unknown,child_01,1.906,1.0137,4.3494,0.3803,3.9691,7.14,1.2703,-1.1101,1.1211,0.56,0.4091,0.2772,236.96,108.42,487.38,84.7572,120.9874,209.5421
EXP14,m5-01,EXP14_m5-01_A_A003,A,A003,8,2,877994,880094,210,100.0,running,unknown,child_01,1.9605,1.0639,5.6395,0.3803,5.2592,7.62,1.3416,-1.1714,1.1113,0.5487,0.4588,0.2383,236.8,107.77,536.54,82.1013,124.7299,208.2579
EXP14,m5-01,EXP14_m5-01_A_A003,A,A003,8,3,878244,880344,210,100.0,running,unknown,child_01,1.9917,1.0681,5.6395,0.3803,5.2592,6.67,1.3571,-1.2238,1.1673,0.3662,0.466,0.2332,246.4,112.31,565.61,91.4009,129.7978,215.961
EXP14,m5-01,EXP14_m5-01_A_A003,A,A003,8,4,878494,880594,210,100.0,running,unknown,child_01,1.9198,1.1098,5.6395,0.3803,5.2592,6.67,1.4036,-1.1803,1.0659,0.3901,0.4693,0.2134,264.7,126.42,650.36,91.8362,130.6632,238.8565
EXP14,m5-01,EXP14_m5-01_A_A003,A,A003,8,5,878744,880844,210,100.0,running,unknown,child_01,1.9931,1.128,5.6395,0.3803,5.2592,6.67,1.4004,-1.3339,1.0539,0.3517,0.4596,0.2426,281.52,124.39,650.36,99.2894,132.4825,254.1292
EXP14,m5-01,EXP14_m5-01_A_A003,A,A003,8,6,878994,881094,210,100.0,running,unknown,child_01,1.9257,1.1149,5.6395,0.3803,5.2592,6.19,1.3845,-1.302,0.9922,0.3255,0.4507,0.2143,289.48,122.91,650.36,99.7603,133.2047,260.5304
EXP14,m5-01,EXP14_m5-01_A_A003,A,A003,8,7,879244,881344,210,100.0,running,unknown,child_01,1.8797,1.1005,5.6395,0.3833,5.2562,8.1,1.3705,-1.2738,0.9718,0.2532,0.4495,0.1825,283.12,121.01,650.36,104.9184,130.924,251.3117
EXP14,m5-01,EXP14_m5-01_A_A003,A,A003,8,8,879494,881594,210,100.0,running,unknown,child_01,1.8568,1.0995,5.6395,0.3833,5.2562,7.62,1.3333,-1.324,0.949,0.1778,0.4004,0.1826,272.85,127.17,650.36,104.32,124.5299,247.8065
EXP14,m5-01,EXP14_m5-01_A_A003,A,A003,8,9,879744,881844,210,100.0,running,unknown,child_01,1.7673,1.108,5.6395,0.3833,5.2562,7.62,1.3453,-1.2167,0.9236,0.1711,0.3901,0.1618,265.28,126.28,650.36,106.0909,125.1109,237.4971
EXP14,m5-01,EXP14_m5-01_A_A004,A,A004,1,0,917472,919572,210,100.0,squads,sqauds (приседания),child_01,1.066,0.7678,3.2585,0.0668,3.1917,5.71,0.7088,-0.8693,0.5223,0.0875,0.3268,0.284,141.38,72.75,528.91,57.7851,110.4635,97.8153
EXP14,m5-01,EXP14_m5-01_A_A004,A,A004,1,1,917722,919822,210,100.0,squads,sqauds (приседания),child_01,0.8949,0.7015,3.2585,0.0397,3.2188,4.29,0.6524,-0.7134,0.4257,0.0338,0.3351,0.2523,129.04,62.16,528.91,53.9519,95.8313,89.0497
EXP14,m5-01,EXP14_m5-01_A_A004,A,A004,1,2,917972,920072,210,100.0,squads,sqauds (приседания),child_01,1.0492,0.7481,3.2585,0.0397,3.2188,4.29,0.6993,-0.8688,0.4716,0.0394,0.3494,0.2656,123.88,62.25,528.91,49.5457,91.9363,85.4805
EXP14,m5-01,EXP14_m5-01_A_A004,A,A004,1,3,918222,920322,210,100.0,squads,sqauds (приседания),child_01,1.1869,0.7553,3.2585,0.0397,3.2188,5.24,0.7046,-1.0336,0.4657,0.0576,0.3438,0.2758,119.15,62.74,528.91,45.3457,91.7427,82.0102
EXP14,m5-01,EXP14_m5-01_A_A004,A,A004,1,4,918472,920572,210,100.0,squads,sqauds (приседания),child_01,1.2109,0.7147,3.2585,0.0397,3.2188,6.67,0.6683,-1.0575,0.4877,0.0791,0.3262,0.2483,130.69,69.94,528.91,55.7094,93.8784,96.8972
EXP14,m5-01,EXP14_m5-01_A_A004,A,A004,1,5,918722,920822,210,100.0,squads,sqauds (приседания),child_01,1.1098,0.6837,3.2585,0.0397,3.2188,6.67,0.6428,-0.9777,0.4766,0.1025,0.2371,0.1906,129.44,60.14,269.49,52.5124,91.5799,92.6387
EXP14,m5-01,EXP14_m5-01_A_A004,A,A004,1,6,918972,921072,210,100.0,squads,sqauds (приседания),child_01,0.9723,0.6212,2.5683,0.0397,2.5286,7.14,0.5943,-0.8575,0.3935,0.1563,0.1934,0.1618,121.23,52.64,269.49,53.3755,83.2491,87.4259
EXP14,m5-01,EXP14_m5-01_A_A004,A,A004,1,7,919222,921322,210,100.0,squads,sqauds (приседания),child_01,1.0081,0.6317,2.5683,0.0397,2.5286,7.14,0.6153,-0.8841,0.3998,0.1665,0.1942,0.1726,129.65,58.19,295.58,56.9228,85.8749,95.8089
EXP14,m5-01,EXP14_m5-01_A_A004,A,A004,1,8,919472,921572,210,100.0,squads,sqauds (приседания),child_01,1.1533,0.6851,3.4311,0.0397,3.3914,6.67,0.6649,-1.0089,0.4383,0.1724,0.2691,0.2129,140.27,58.97,295.58,58.2419,93.2453,102.757
EXP14,m5-01,EXP14_m5-01_A_A004,A,A004,1,9,919722,921822,210,100.0,squads,sqauds (приседания),child_01,1.2481,0.6435,3.4311,0.2138,3.2173,7.62,0.6282,-1.1031,0.4452,0.1886,0.2662,0.2363,134.38,63.97,295.58,55.6046,94.3934,99.6312
EXP14,m5-01,EXP14_m5-01_A_A004,A,A004,1,10,919972,922072,210,100.0,squads,sqauds (приседания),child_01,1.1599,0.6322,3.4311,0.0812,3.3499,8.1,0.6352,-1.0042,0.4398,0.1438,0.2628,0.2236,135.23,63.19,295.58,55.7656,95.7982,99.7261
EXP14,m5-01,EXP14_m5-01_A_A004,A,A004,1,11,920222,922322,210,100.0,squads,sqauds (приседания),child_01,1.0224,0.5823,3.4311,0.0812,3.3499,8.1,0.5653,-0.8686,0.4118,0.1886,0.2535,0.2022,131.19,64.51,295.58,54.3438,92.7665,98.3656
EXP14,m5-01,EXP14_m5-01_A_A004,A,A004,1,12,920472,922572,210,100.0,squads,sqauds (приседания),child_01,0.9915,0.6009,3.4311,0.0812,3.3499,7.14,0.576,-0.8333,0.3984,0.1776,0.2737,0.23,126.12,63.86,295.58,51.213,91.4073,94.433
EXP14,m5-01,EXP14_m5-01_A_A004,A,A004,1,13,920722,922822,210,100.0,squads,sqauds (приседания),child_01,1.1118,0.6814,3.4311,0.0812,3.3499,6.19,0.6386,-0.9126,0.4873,0.151,0.338,0.292,124.74,65.54,424.7,52.7661,88.6781,89.2855
EXP14,m5-01,EXP14_m5-01_A_A004,A,A004,1,14,920972,923072,210,100.0,squads,sqauds (приседания),child_01,1.1889,0.7471,3.6354,0.0812,3.5542,7.62,0.7226,-1.0043,0.4675,0.1082,0.3344,0.3144,153.59,125.41,867.27,57.7549,158.2065,101.8728
EXP14,m5-01,EXP14_m5-01_A_A004,A,A004,2,0,928967,931067,210,100.0,squads,sqauds (приседания),child_01,1.0659,0.5777,3.5356,0.1222,3.4134,7.14,0.4894,-0.6924,0.5508,0.4889,0.3975,0.2246,198.07,125.69,846.43,50.2894,166.7931,155.2941
EXP14,m5-01,EXP14_m5-01_A_A004,A,A004,2,1,929217,931317,210,100.0,squads,sqauds (приседания),child_01,1.0169,0.5421,3.5356,0.1222,3.4134,7.62,0.4454,-0.6349,0.5485,0.5063,0.3188,0.26,168.58,65.76,327.02,48.2387,65.249,161.1816
EXP14,m5-01,EXP14_m5-01_A_A004,A,A004,2,2,929467,931567,210,100.0,squads,sqauds (приседания),child_01,1.0793,0.5579,3.5356,0.1222,3.4134,8.1,0.519,-0.6858,0.5581,0.4825,0.3154,0.3043,165.15,69.06,327.02,55.4266,71.7398,147.5638
EXP14,m5-01,EXP14_m5-01_A_A004,A,A004,2,3,929717,931817,210,100.0,squads,sqauds (приседания),child_01,1.1282,0.5561,3.5356,0.1222,3.4134,7.62,0.559,-0.7807,0.5602,0.3415,0.3259,0.3514,161.43,72.05,327.02,54.5496,74.0113,142.3554
EXP14,m5-01,EXP14_m5-01_A_A004,A,A004,2,4,929967,932067,210,100.0,squads,sqauds (приседания),child_01,1.2483,0.6722,4.5873,0.1222,4.4651,8.57,0.5629,-0.8722,0.7162,0.3999,0.3248,0.3927,162.13,75.47,372.31,63.1504,77.4504,146.9019
EXP14,m5-01,EXP14_m5-01_A_A004,A,A004,2,5,930217,932317,210,100.0,squads,sqauds (приседания),child_01,1.1586,0.6639,4.5873,0.1222,4.4651,8.1,0.5613,-0.778,0.7101,0.4105,0.2863,0.3287,155.53,72.23,372.31,64.3536,75.549,131.9914
EXP14,m5-01,EXP14_m5-01_A_A004,A,A004,2,6,930467,932567,210,100.0,squads,sqauds (приседания),child_01,1.1145,0.6813,4.5873,0.1222,4.4651,6.67,0.5547,-0.7369,0.6506,0.5431,0.2638,0.2605,151.72,69.57,372.31,63.8096,71.5993,128.6136
EXP14,m5-01,EXP14_m5-01_A_A004,A,A004,2,7,930717,932817,210,100.0,squads,sqauds (приседания),child_01,1.0262,0.654,4.5873,0.1222,4.4651,7.14,0.5454,-0.6591,0.62,0.5,0.2673,0.2078,163.14,80.78,372.31,64.4212,77.3781,149.3765
EXP14,m5-01,EXP14_m5-01_A_A004,A,A004,2,8,930967,933067,210,100.0,squads,sqauds (приседания),child_01,1.158,0.653,4.5873,0.2155,4.3718,7.14,0.6029,-0.7438,0.6438,0.5174,0.3238,0.2524,176.96,82.74,372.31,65.8851,87.1295,154.8595
EXP14,m5-01,EXP14_m5-01_A_A004,A,A004,2,9,931217,933317,210,100.0,squads,sqauds (приседания),child_01,1.1656,0.6552,4.5873,0.2155,4.3718,6.67,0.623,-0.74,0.6884,0.4085,0.3528,0.2948,187.8,90.96,464.66,61.7258,104.4576,166.4735
EXP14,m5-01,EXP14_m5-01_A_A004,A,A004,2,10,931467,933567,210,100.0,squads,sqauds (приседания),child_01,1.2957,0.7056,4.5873,0.3655,4.2218,7.62,0.6127,-0.8326,0.7934,0.5157,0.3627,0.2849,191.73,97.82,464.66,59.5325,106.5729,173.5448
EXP14,m5-01,EXP14_m5-01_A_A004,A,A004,2,11,931717,933817,210,100.0,squads,sqauds (приседания),child_01,1.1959,0.6969,4.5873,0.3655,4.2218,7.62,0.6006,-0.6823,0.7525,0.5792,0.3762,0.2154,210.3,101.34,514.34,64.6153,125.797,176.4022
EXP14,m5-01,EXP14_m5-01_A_A004,A,A004,2,12,931967,934067,210,100.0,squads,sqauds (приседания),child_01,1.1865,0.6942,4.5873,0.3655,4.2218,7.14,0.5827,-0.6357,0.7321,0.6675,0.3671,0.1726,204.35,101.79,514.34,63.0129,129.1026,173.4557
EXP14,m5-01,EXP14_m5-01_A_A004,A,A004,2,13,932217,934317,210,100.0,squads,sqauds (приседания),child_01,1.1196,0.5785,3.1764,0.2812,2.8952,7.14,0.5454,-0.609,0.6204,0.596,0.3785,0.1911,220.23,106.47,514.34,60.7834,130.1217,194.8697
EXP14,m5-01,EXP14_m5-01_A_A004,A,A004,2,14,932467,934567,210,100.0,squads,sqauds (приседания),child_01,1.2282,0.5495,3.1764,0.2812,2.8952,6.67,0.5786,-0.6772,0.6411,0.5628,0.4528,0.2902,241.82,109.42,528.29,61.2256,159.4776,193.7585
EXP14,m5-01,EXP14_m5-01_A_A004,A,A004,2,15,932717,934817,210,100.0,squads,sqauds (приседания),child_01,1.3005,0.5602,3.1764,0.2812,2.8952,7.14,0.6033,-0.7291,0.6554,0.5714,0.4614,0.375,250.11,109.49,528.29,61.2061,164.384,207.8427
EXP14,m5-01,EXP14_m5-01_A_A004,A,A004,2,16,932967,935067,210,100.0,squads,sqauds (приседания),child_01,1.2868,0.5689,3.1764,0.2812,2.8952,7.14,0.576,-0.767,0.6489,0.5518,0.4434,0.3707,226.99,118.6,528.29,57.9296,158.5578,190.1012
EXP14,m5-01,EXP14_m5-01_A_A004,A,A004,2,17,933217,935317,210,100.0,squads,sqauds (приседания),child_01,1.226,0.5858,3.1764,0.1655,3.0109,6.67,0.5389,-0.6984,0.5865,0.6307,0.439,0.3656,229.68,121.65,528.29,59.7727,167.0377,189.1461
EXP14,m5-01,EXP14_m5-01_A_A004,A,A004,3,0,941375,943475,210,100.0,squads,sqauds (приседания),child_01,1.1364,0.716,4.4289,0.1436,4.2853,5.71,0.6329,-0.7829,0.6964,0.2292,0.3751,0.3353,190.27,85.78,392.73,49.3325,93.3543,175.2095
EXP14,m5-01,EXP14_m5-01_A_A004,A,A004,3,1,941625,943725,210,100.0,squads,sqauds (приседания),child_01,1.0498,0.572,2.6058,0.1436,2.4622,5.24,0.5629,-0.7145,0.564,0.2028,0.3945,0.2952,194.56,87.62,392.73,51.0422,89.4953,182.751
EXP14,m5-01,EXP14_m5-01_A_A004,A,A004,3,2,941875,943975,210,100.0,squads,sqauds (приседания),child_01,1.1053,0.529,2.6058,0.1436,2.4622,6.19,0.5282,-0.7697,0.5562,0.1489,0.4167,0.3534,210.7,82.79,392.73,47.8298,93.2882,193.7193
EXP14,m5-01,EXP14_m5-01_A_A004,A,A004,3,3,942125,944225,210,100.0,squads,sqauds (приседания),child_01,1.1821,0.5141,2.6058,0.1436,2.4622,5.71,0.5107,-0.791,0.6225,0.0232,0.4487,0.4311,210.91,83.4,392.73,37.3183,98.5441,193.3285
EXP14,m5-01,EXP14_m5-01_A_A004,A,A004,3,4,942375,944475,210,100.0,squads,sqauds (приседания),child_01,1.2497,0.4634,2.6058,0.3768,2.229,6.19,0.439,-0.8473,0.6588,0.0539,0.4309,0.4931,212.57,84.45,392.73,36.8738,95.6486,201.0698
EXP14,m5-01,EXP14_m5-01_A_A004,A,A004,3,5,942625,944725,210,100.0,squads,sqauds (приседания),child_01,1.2217,0.3856,2.3345,0.4188,1.9157,6.19,0.3408,-0.7844,0.7221,0.219,0.4019,0.4229,228.04,87.24,392.73,36.2553,96.7821,212.3552
EXP14,m5-01,EXP14_m5-01_A_A004,A,A004,3,6,942875,944975,210,100.0,squads,sqauds (приседания),child_01,1.1398,0.3869,1.9811,0.3985,1.5826,6.67,0.3224,-0.7384,0.6338,0.3833,0.3673,0.3405,218.68,96.14,392.73,35.2017,92.633,207.0429
EXP14,m5-01,EXP14_m5-01_A_A004,A,A004,3,7,943125,945225,210,100.0,squads,sqauds (приседания),child_01,1.1083,0.401,1.9811,0.3985,1.5826,7.14,0.332,-0.6691,0.6407,0.436,0.3814,0.2916,221.15,98.45,392.73,34.8343,97.9883,216.0292
EXP14,m5-01,EXP14_m5-01_A_A004,A,A004,3,8,943375,945475,210,100.0,squads,sqauds (приседания),child_01,1.101,0.3945,1.9811,0.3985,1.5826,7.14,0.3052,-0.6539,0.6382,0.4058,0.3908,0.3497,219.71,92.07,383.38,37.1053,89.9965,207.2118
EXP14,m5-01,EXP14_m5-01_A_A004,A,A004,3,9,943625,945725,210,100.0,squads,sqauds (приседания),child_01,1.1744,0.4195,1.9811,0.3985,1.5826,6.67,0.3219,-0.6766,0.694,0.2863,0.435,0.4909,210.93,99.28,383.38,35.0944,95.4039,204.5386
EXP14,m5-01,EXP14_m5-01_A_A004,A,A004,3,10,943875,945975,210,100.0,squads,sqauds (приседания),child_01,1.2811,0.5238,3.1191,0.3985,2.7206,6.19,0.3272,-0.6601,0.8824,0.4297,0.4321,0.4719,223.9,123.77,602.34,44.8835,107.0966,221.3969
EXP14,m5-01,EXP14_m5-01_A_A004,A,A004,3,11,944125,946225,210,100.0,squads,sqauds (приседания),child_01,1.2605,0.5585,3.1191,0.3985,2.7206,6.19,0.3056,-0.5973,0.851,0.642,0.432,0.3574,238.03,125.38,602.34,46.2252,112.1233,224.3157
EXP14,m5-01,EXP14_m5-01_A_A004,A,A004,3,12,944375,946475,210,100.0,squads,sqauds (приседания),child_01,1.2204,0.5655,3.1191,0.3985,2.7206,6.67,0.2869,-0.5635,0.7831,0.7479,0.4069,0.267,233.32,129.63,602.34,47.291,109.9508,229.0619
EXP14,m5-01,EXP14_m5-01_A_A004,A,A004,3,13,944625,946725,210,100.0,squads,sqauds (приседания),child_01,1.2138,0.5626,3.1191,0.3985,2.7206,6.67,0.2987,-0.5072,0.7921,0.767,0.4156,0.2344,241.97,139.08,602.34,47.5129,117.896,243.9325
EXP14,m5-01,EXP14_m5-01_A_A004,A,A004,3,14,944875,946975,210,100.0,squads,sqauds (приседания),child_01,1.2903,0.5299,3.1191,0.4092,2.7099,6.67,0.3161,-0.5507,0.8508,0.7313,0.4473,0.2897,260.34,132.1,602.34,47.2042,124.5609,246.8726
EXP14,m5-01,EXP14_m5-01_A_A004,A,A004,3,15,945125,947225,210,100.0,squads,sqauds (приседания),child_01,1.332,0.5313,3.1191,0.4092,2.7099,6.19,0.3571,-0.5469,0.9173,0.622,0.4929,0.3982,269.47,133.29,602.34,50.9585,137.7161,256.2043
EXP14,m5-01,EXP14_m5-01_A_A004,A,A004,3,16,945375,947475,210,100.0,squads,sqauds (приседания),child_01,1.4629,0.6292,3.4738,0.4092,3.0646,5.24,0.3493,-0.5261,1.0718,0.7765,0.5182,0.3418,285.23,154.85,623.98,46.5204,143.6465,279.2408
EXP14,m5-01,EXP14_m5-01_A_A004,A,A004,3,17,945625,947725,210,100.0,squads,sqauds (приседания),child_01,1.3722,0.6735,3.4738,0.3521,3.1217,5.24,0.3169,-0.4573,1.0071,0.8662,0.4538,0.2377,284.04,154.35,623.98,46.2161,139.581,274.4661
EXP14,m5-01,EXP14_m5-01_A_A004,A,A004,3,18,945875,947975,210,100.0,squads,sqauds (приседания),child_01,1.4189,0.6628,3.4738,0.3521,3.1217,4.76,0.3115,-0.4471,0.9746,0.9985,0.4134,0.1945,287.11,156.84,623.98,63.473,160.0588,276.1412
EXP14,m5-01,EXP14_m5-01_A_A004,A,A004,3,19,946125,948225,210,100.0,squads,sqauds (приседания),child_01,1.2855,0.5791,3.4738,0.3521,3.1217,4.76,0.3186,-0.4253,0.8644,0.8591,0.4012,0.2433,271.84,149.56,623.98,80.8546,152.1163,251.0176
EXP14,m5-01,EXP14_m5-01_A_A004,A,A004,4,0,957162,959262,210,100.0,squads,sqauds (приседания),child_01,1.2573,0.4978,2.397,0.1634,2.2336,4.29,0.3408,-0.6807,0.6126,0.5419,0.5304,0.5468,191.73,103.72,529.42,51.6609,130.8335,149.5382
EXP14,m5-01,EXP14_m5-01_A_A004,A,A004,4,1,957412,959512,210,100.0,squads,sqauds (приседания),child_01,1.1841,0.4544,2.397,0.1634,2.2336,5.71,0.3233,-0.6391,0.648,0.5892,0.4521,0.3522,207.42,108.14,529.42,52.1058,151.961,154.9927
EXP14,m5-01,EXP14_m5-01_A_A004,A,A004,4,2,957662,959762,210,100.0,squads,sqauds (приседания),child_01,1.1725,0.5025,2.397,0.1634,2.2336,4.76,0.3978,-0.5511,0.6972,0.612,0.4693,0.2903,229.4,114.49,529.42,50.1655,166.3525,183.5028
EXP14,m5-01,EXP14_m5-01_A_A004,A,A004,4,3,957912,960012,210,100.0,squads,sqauds (приседания),child_01,1.2119,0.5101,2.397,0.1634,2.2336,5.24,0.4343,-0.5902,0.6883,0.6175,0.4873,0.3154,234.79,111.88,529.42,47.323,165.9232,187.6787
EXP14,m5-01,EXP14_m5-01_A_A004,A,A004,4,4,958162,960262,210,100.0,squads,sqauds (приседания),child_01,1.2768,0.4956,2.397,0.1634,2.2336,5.24,0.486,-0.6144,0.7562,0.5022,0.5351,0.3897,249.42,109.15,529.42,55.754,183.6836,189.0818
EXP14,m5-01,EXP14_m5-01_A_A004,A,A004,4,5,958412,960512,210,100.0,squads,sqauds (приседания),child_01,1.3507,0.4756,2.397,0.1634,2.2336,4.76,0.468,-0.641,0.7722,0.6158,0.5353,0.3984,268.9,107.12,529.42,56.5034,190.8161,206.2823
EXP14,m5-01,EXP14_m5-01_A_A004,A,A004,4,6,958662,960762,210,100.0,squads,sqauds (приседания),child_01,1.317,0.4927,2.397,0.1634,2.2336,5.24,0.446,-0.5971,0.7522,0.7227,0.5102,0.271,281.79,99.19,529.42,56.5578,191.3213,211.3138
EXP14,m5-01,EXP14_m5-01_A_A004,A,A004,4,7,958912,961012,210,100.0,squads,sqauds (приседания),child_01,1.2942,0.5311,2.397,0.1634,2.2336,4.76,0.4555,-0.592,0.768,0.7621,0.4391,0.1893,270.65,108.56,529.42,54.8595,190.862,208.8955
EXP14,m5-01,EXP14_m5-01_A_A004,A,A004,4,8,959162,961262,210,100.0,squads,sqauds (приседания),child_01,1.1879,0.5029,2.3411,0.1634,2.1777,5.24,0.4763,-0.552,0.6838,0.6608,0.4397,0.1873,271.58,107.31,470.43,54.0923,172.5797,223.4936
EXP14,m5-01,EXP14_m5-01_A_A004,A,A004,4,9,959412,961512,210,100.0,squads,sqauds (приседания),child_01,1.2287,0.5325,2.3411,0.2084,2.1327,5.24,0.5124,-0.5725,0.7263,0.6129,0.4711,0.2793,258.86,112.32,470.43,53.7833,145.667,223.1892
EXP14,m5-01,EXP14_m5-01_A_A004,A,A004,4,10,959662,961762,210,100.0,squads,sqauds (приседания),child_01,1.2375,0.5604,2.5337,0.2084,2.3253,5.24,0.5415,-0.6867,0.6851,0.4618,0.495,0.391,242.33,111.22,470.43,53.7336,136.4981,221.0531
EXP14,m5-01,EXP14_m5-01_A_A004,A,A004,4,11,959912,962012,210,100.0,squads,sqauds (приседания),child_01,1.3574,0.5174,2.5337,0.2818,2.2519,4.76,0.5029,-0.7604,0.7355,0.6006,0.4813,0.3816,248.22,114.47,470.43,53.7593,141.4497,225.203
EXP14,m5-01,EXP14_m5-01_A_A004,A,A004,4,12,960162,962262,210,100.0,squads,sqauds (приседания),child_01,1.2451,0.5357,2.5337,0.2818,2.2519,5.24,0.4875,-0.6611,0.7034,0.6263,0.428,0.3036,241.29,121.75,470.43,47.6685,142.1416,220.1577
EXP14,m5-01,EXP14_m5-01_A_A004,A,A004,4,13,960412,962512,210,100.0,squads,sqauds (приседания),child_01,1.2093,0.5424,2.5337,0.2818,2.2519,5.24,0.4671,-0.6698,0.6242,0.6869,0.4047,0.254,222.24,123.01,470.43,48.2784,126.4541,214.1714
EXP14,m5-01,EXP14_m5-01_A_A004,A,A004,4,14,960662,962762,210,100.0,squads,sqauds (приседания),child_01,1.1026,0.5581,2.5337,0.1154,2.4183,6.19,0.4807,-0.608,0.5909,0.5751,0.4,0.2942,216.41,119.17,470.43,47.0982,116.7297,205.6856
EXP14,m5-01,EXP14_m5-01_A_A004,A,A004,4,15,960912,963012,210,100.0,squads,sqauds (приседания),child_01,1.201,0.5888,3.2889,0.1154,3.1735,6.67,0.4886,-0.6364,0.6302,0.5211,0.5469,0.4214,226.1,114.17,470.43,54.2243,123.9472,199.3536
EXP14,m5-01,EXP14_m5-01_A_A004,A,A004,4,16,961162,963262,210,100.0,squads,sqauds (приседания),child_01,1.2555,0.6228,3.2889,0.1154,3.1735,6.19,0.539,-0.7057,0.5836,0.3905,0.595,0.5731,216.31,105.07,470.43,57.7673,136.2132,185.4682
EXP14,m5-01,EXP14_m5-01_A_A004,A,A004,4,17,961412,963512,210,100.0,squads,sqauds (приседания),child_01,1.2833,0.6041,3.2889,0.1154,3.1735,7.14,0.5644,-0.6754,0.5837,0.3541,0.5747,0.6638,198.11,93.47,385.78,58.3746,140.3927,156.206
EXP14,m5-01,EXP14_m5-01_A_A004,A,A004,5,0,969166,971266,210,100.0,squads,sqauds (приседания),child_01,1.145,0.5343,2.8028,0.2844,2.5184,5.24,0.4322,-0.7814,0.5117,0.2771,0.4074,0.5428,168.1,98.44,419.63,64.5351,121.9617,125.8542
EXP14,m5-01,EXP14_m5-01_A_A004,A,A004,5,1,969416,971516,210,100.0,squads,sqauds (приседания),child_01,1.0662,0.4798,2.7017,0.2844,2.4173,6.19,0.3801,-0.7148,0.5299,0.2757,0.3919,0.4486,169.73,103.84,419.63,66.6456,127.4081,125.7723
EXP14,m5-01,EXP14_m5-01_A_A004,A,A004,5,2,969666,971766,210,100.0,squads,sqauds (приседания),child_01,1.0382,0.5002,2.7017,0.2844,2.4173,6.19,0.3902,-0.6424,0.5605,0.3244,0.4195,0.4097,194.68,121.34,463.72,71.7768,133.8891,168.2219
EXP14,m5-01,EXP14_m5-01_A_A004,A,A004,5,3,969916,972016,210,100.0,squads,sqauds (приседания),child_01,1.0942,0.4982,2.7017,0.2844,2.4173,6.67,0.4055,-0.6579,0.5968,0.2966,0.4387,0.46,208.31,122.53,463.72,72.0344,128.9226,185.0224
EXP14,m5-01,EXP14_m5-01_A_A004,A,A004,5,4,970166,972266,210,100.0,squads,sqauds (приседания),child_01,1.1996,0.5578,3.1512,0.2844,2.8668,5.71,0.4516,-0.6883,0.6999,0.1673,0.5214,0.5319,217.98,116.04,463.72,79.1315,132.5971,186.3278
EXP14,m5-01,EXP14_m5-01_A_A004,A,A004,5,5,970416,972516,210,100.0,squads,sqauds (приседания),child_01,1.271,0.5264,3.1512,0.3054,2.8458,6.67,0.4305,-0.7374,0.7335,0.2593,0.5346,0.5218,245.99,118.35,463.72,77.1426,138.57,216.6924
EXP14,m5-01,EXP14_m5-01_A_A004,A,A004,5,6,970666,972766,210,100.0,squads,sqauds (приседания),child_01,1.2262,0.5099,3.1512,0.3054,2.8458,6.19,0.4518,-0.6399,0.7592,0.3705,0.5075,0.4227,282.4,131.07,663.74,73.3279,183.79,231.7623
EXP14,m5-01,EXP14_m5-01_A_A004,A,A004,5,7,970916,973016,210,100.0,squads,sqauds (приседания),child_01,1.1448,0.4644,3.1512,0.2644,2.8868,6.67,0.42,-0.5829,0.6578,0.4987,0.4533,0.351,283.12,139.98,663.74,69.4552,192.5068,230.8644
EXP14,m5-01,EXP14_m5-01_A_A004,A,A004,5,8,971166,973266,210,100.0,squads,sqauds (приседания),child_01,1.1041,0.4819,3.1512,0.2644,2.8868,8.57,0.4228,-0.5226,0.6804,0.4662,0.4742,0.3069,277.86,141.76,663.74,78.8298,190.1309,231.8065
EXP14,m5-01,EXP14_m5-01_A_A004,A,A004,5,9,971416,973516,210,100.0,squads,sqauds (приседания),child_01,1.2159,0.5352,3.1512,0.2644,2.8868,7.14,0.5103,-0.6246,0.7118,0.5104,0.4755,0.348,276.07,139.4,663.74,77.9399,183.3424,226.7451
EXP14,m5-01,EXP14_m5-01_A_A004,A,A004,5,10,971666,973766,210,100.0,squads,sqauds (приседания),child_01,1.2301,0.5506,3.1512,0.2644,2.8868,8.1,0.5243,-0.6525,0.7024,0.4729,0.4842,0.4052,272.99,136.72,663.74,77.2453,185.3671,226.9082
EXP14,m5-01,EXP14_m5-01_A_A004,A,A004,5,11,971916,974016,210,100.0,squads,sqauds (приседания),child_01,1.3077,0.5147,3.1512,0.2644,2.8868,8.1,0.5116,-0.739,0.7222,0.528,0.4772,0.3727,250.21,130.53,663.74,79.3727,185.5574,193.7323
EXP14,m5-01,EXP14_m5-01_A_A004,A,A004,5,12,972166,974266,210,100.0,squads,sqauds (приседания),child_01,1.1812,0.464,2.6005,0.2644,2.3361,9.05,0.4727,-0.6895,0.5776,0.6298,0.3284,0.2712,250.51,130.11,663.74,81.2798,182.0986,193.7091
EXP14,m5-01,EXP14_m5-01_A_A004,A,A004,5,13,972416,974516,210,100.0,squads,sqauds (приседания),child_01,1.1292,0.4995,2.6005,0.2326,2.3679,9.05,0.4767,-0.6923,0.4931,0.6661,0.2889,0.2186,231.68,135.12,663.74,81.6356,176.3307,183.9199
EXP14,m5-01,EXP14_m5-01_A_A004,A,A004,5,14,972666,974766,210,100.0,squads,sqauds (приседания),child_01,1.052,0.5219,2.6005,0.2326,2.3679,8.57,0.4859,-0.6685,0.4808,0.5595,0.2949,0.2549,196.52,97.65,472.13,75.2488,144.5093,132.9917
EXP14,m5-01,EXP14_m5-01_A_A004,A,A004,5,15,972916,975016,210,100.0,squads,sqauds (приседания),child_01,1.1507,0.5411,2.6005,0.2326,2.3679,8.1,0.4211,-0.7423,0.5395,0.468,0.4744,0.3915,188.26,82.81,377.7,76.2042,113.552,134.7371
EXP14,m5-01,EXP14_m5-01_A_A005,A,A005,2,0,1084515,1086615,210,100.0,sitting_down,садимся на стул,child_01,1.0284,0.2353,1.8067,0.5978,1.2089,5.71,0.3193,-0.3459,0.3533,0.7218,0.3643,0.3361,125.2,62.1,335.11,58.7767,102.3491,38.753
EXP14,m5-01,EXP14_m5-01_A_A005,A,A005,2,1,1084765,1086865,210,100.0,sitting_down,садимся на стул,child_01,1.0296,0.2356,1.8067,0.5978,1.2089,6.67,0.317,-0.3675,0.3834,0.6192,0.4145,0.4217,121.43,66.34,335.11,58.5739,104.2124,38.6635
EXP14,m5-01,EXP14_m5-01_A_A005,A,A005,2,2,1085015,1087115,210,100.0,sitting_down,садимся на стул,child_01,1.0538,0.2035,1.8067,0.6734,1.1333,7.62,0.3094,-0.3488,0.4123,0.5629,0.453,0.4924,113.43,70.15,335.11,55.8401,103.4197,34.5276
EXP14,m5-01,EXP14_m5-01_A_A006,A,A006,1,0,1232872,1234972,210,100.0,scratch-the-head,почесать затылок,child_01,1.1618,0.53,2.6849,0.1757,2.5092,15.71,0.8696,0.6339,0.2411,-0.3731,0.3477,0.3929,175.68,102.69,548.06,72.9773,111.1195,152.3879
EXP14,m5-01,EXP14_m5-01_A_A006,A,A006,3,0,1249799,1251899,210,100.0,scratch-the-head,почесать затылок,child_01,1.1763,0.5461,3.162,0.4058,2.7562,14.29,0.9887,0.518,0.1755,-0.4335,0.3051,0.3524,172.56,109.67,518.72,63.2213,123.9075,144.7908
EXP14,m5-01,EXP14_m5-01_A_A007,A,A007,1,0,1292528,1294628,210,100.0,idle,стоим на месте,child_01,1.0017,0.0202,1.1348,0.9761,0.1587,11.9,0.0452,-0.1678,0.0131,0.9727,0.031,0.1621,20.74,12.29,83.61,3.5067,19.3695,5.5788
EXP14,m5-01,EXP14_m5-01_A_A007,A,A007,1,1,1292778,1294878,210,100.0,idle,стоим на месте,child_01,1.033,0.0925,1.3604,0.9761,0.3843,10.95,0.0941,-0.2041,0.0505,0.9868,0.1013,0.1963,45.52,78.47,320.19,30.5158,73.0636,35.6066
EXP14,m5-01,EXP14_m5-01_A_A007,A,A007,1,2,1293028,1295128,210,100.0,idle,стоим на месте,child_01,1.0178,0.1113,1.3604,0.7525,0.6079,9.52,0.1095,-0.1912,0.175,0.933,0.1805,0.2568,64.25,90.78,320.19,45.2053,77.2996,45.2967
EXP14,m5-01,EXP14_m5-01_A_A007,A,A007,1,3,1293278,1295378,210,100.0,idle,стоим на месте,child_01,1.0129,0.115,1.3604,0.7525,0.6079,10.0,0.1372,-0.1646,0.2987,0.8395,0.2781,0.3493,68.01,89.69,320.19,44.6076,76.4481,44.6688
EXP14,m5-01,EXP14_m5-01_A_A007,A,A007,1,4,1293528,1295628,210,100.0,idle,стоим на месте,child_01,1.0128,0.1153,1.3604,0.7525,0.6079,8.57,0.156,-0.137,0.3765,0.7358,0.3345,0.4482,69.97,88.78,320.19,44.3207,76.3197,43.7811
EXP14,m5-01,EXP14_m5-01_A_A007,A,A007,1,5,1293778,1295878,210,100.0,idle,стоим на месте,child_01,1.0148,0.1157,1.3604,0.7525,0.6079,10.95,0.1726,-0.1069,0.4133,0.6345,0.3577,0.5483,71.6,87.92,320.19,45.0124,75.7495,42.8816
EXP14,m5-01,EXP14_m5-01_A_A007,A,A007,1,6,1294028,1296128,210,100.0,idle,стоим на месте,child_01,1.0189,0.1158,1.3604,0.7525,0.6079,11.43,0.1833,-0.0752,0.4189,0.5375,0.3532,0.6504,72.11,87.63,320.19,45.4456,75.4949,42.618
EXP14,m5-01,EXP14_m5-01_A_A007,A,A007,2,0,1305473,1307573,210,100.0,idle,стоим на месте,child_01,0.996,0.0082,1.0247,0.9637,0.061,15.71,0.0194,-0.2321,0.0087,0.9557,0.0133,0.1561,27.45,14.12,89.84,5.7763,18.9942,4.146
EXP14,m5-01,EXP14_m5-01_A_A007,A,A007,2,1,1305723,1307823,210,100.0,idle,стоим на месте,child_01,0.9965,0.0064,1.0124,0.9804,0.032,17.62,0.0205,-0.237,0.0086,0.9544,0.0118,0.1596,25.08,10.68,51.25,5.3606,15.8326,2.0755
EXP14,m5-01,EXP14_m5-01_A_A007,A,A007,2,2,1305973,1308073,210,100.0,idle,стоим на месте,child_01,0.9965,0.0067,1.0124,0.9737,0.0387,16.19,0.0211,-0.239,0.0094,0.9535,0.013,0.1616,24.22,11.26,51.25,3.502,13.8402,2.0304
EXP14,m5-01,EXP14_m5-01_A_A007,A,A007,2,3,1306223,1308323,210,100.0,idle,стоим на месте,child_01,0.9981,0.0138,1.0971,0.9737,0.1234,15.71,0.0292,-0.245,0.0117,0.9531,0.0128,0.1637,24.93,11.19,51.25,3.9725,13.194,2.6782
EXP14,m5-01,EXP14_m5-01_A_A007,A,A007,3,0,1314899,1316999,210,100.0,idle,стоим на месте,child_01,0.9981,0.025,1.0952,0.9156,0.1796,18.57,0.0269,-0.2232,0.0255,0.9528,0.0341,0.1917,22.41,10.05,51.55,6.4796,15.35,5.6241
EXP14,m5-01,EXP14_m5-01_A_A007,A,A007,3,1,1315149,1317249,210,100.0,idle,стоим на месте,child_01,0.9978,0.0216,1.0952,0.9156,0.1796,17.14,0.0266,-0.2234,0.0223,0.9535,0.0311,0.1867,20.98,8.9,51.12,6.5546,13.8652,4.4842
EXP14,m5-01,EXP14_m5-01_A_A007,A,A007,3,2,1315399,1317499,210,100.0,idle,стоим на месте,child_01,0.9976,0.021,1.0952,0.9156,0.1796,15.24,0.0242,-0.2174,0.0203,0.9556,0.0279,0.1828,18.42,6.64,42.78,6.4157,10.7511,3.2877
EXP14,m5-01,EXP14_m5-01_A_A007,A,A007,3,3,1315649,1317749,210,100.0,idle,стоим на месте,child_01,0.9979,0.0102,1.048,0.9761,0.0719,15.71,0.0173,-0.2118,0.0097,0.9577,0.0185,0.1818,16.72,4.93,33.07,2.5459,10.0817,2.7087
EXP14,m5-01,EXP14_m5-01_A_A007,A,A007,3,4,1315899,1317999,210,100.0,idle,стоим на месте,child_01,0.9969,0.0073,1.0226,0.9761,0.0465,17.14,0.0139,-0.2135,0.0075,0.9557,0.0121,0.1854,15.91,3.88,29.32,2.4687,6.2251,1.2415
EXP14,m5-01,EXP14_m5-01_A_A007,A,A007,3,5,1316149,1318249,210,100.0,idle,стоим на месте,child_01,0.9967,0.0071,1.0226,0.9761,0.0465,15.24,0.0125,-0.209,0.0076,0.9562,0.0117,0.1873,15.3,3.66,24.32,2.5073,5.6217,1.2845
EXP14,m5-01,EXP14_m5-01_A_A007,A,A007,4,0,1326202,1328302,210,100.0,idle,стоим на месте,child_01,0.9962,0.0186,1.0657,0.9374,0.1283,16.19,0.028,-0.2252,0.0168,0.9599,0.024,0.1385,22.68,9.69,65.63,5.5214,17.4632,5.3081
EXP14,m5-01,EXP14_m5-01_A_A007,A,A007,4,1,1326452,1328552,210,100.0,idle,стоим на месте,child_01,0.9969,0.0163,1.0657,0.9627,0.103,16.67,0.0295,-0.2323,0.0137,0.9598,0.0173,0.1324,22.02,9.7,65.63,5.3843,17.636,3.4176
EXP14,m5-01,EXP14_m5-01_A_A007,A,A007,4,2,1326702,1328802,210,100.0,idle,стоим на месте,child_01,1.0278,0.1548,2.1799,0.9627,1.2172,17.14,0.1358,-0.2573,0.0927,0.9786,0.0904,0.1457,29.0,39.41,327.69,10.2079,39.8358,22.2629
EXP14,m5-01,EXP14_m5-01_A_A007,A,A007,5,0,1338049,1340149,210,100.0,idle,стоим на месте,child_01,0.9969,0.0091,1.0321,0.9765,0.0556,16.19,0.0229,-0.2056,0.0079,0.9586,0.0142,0.1791,19.3,4.18,27.64,2.6678,9.0895,2.2585
EXP14,m5-01,EXP14_m5-01_A_A007,A,A007,5,1,1338299,1340399,210,100.0,idle,стоим на месте,child_01,0.9967,0.0075,1.0189,0.9765,0.0424,16.67,0.0167,-0.2088,0.0075,0.9578,0.0145,0.1788,18.92,4.11,27.64,2.4901,5.6454,2.1184
EXP14,m5-01,EXP14_m5-01_A_A007,A,A007,5,2,1338549,1340649,210,100.0,idle,стоим на месте,child_01,0.9973,0.0072,1.0189,0.9803,0.0386,17.62,0.0186,-0.2136,0.0072,0.9576,0.0143,0.1773,18.44,4.75,32.04,2.4243,6.1933,1.7466
EXP14,m5-01,EXP14_m5-01_A_A007,A,A007,5,3,1338799,1340899,210,100.0,idle,стоим на месте,child_01,0.9973,0.0156,1.0915,0.9379,0.1536,17.14,0.0352,-0.2168,0.0095,0.9563,0.023,0.1775,21.08,12.83,83.47,2.7281,19.8735,2.5597
EXP14,m5-01,EXP14_m5-01_A_A007,A,A007,5,4,1339049,1341149,210,100.0,idle,стоим на месте,child_01,0.9979,0.0202,1.0915,0.9283,0.1632,14.29,0.0516,-0.2193,0.0119,0.9555,0.0242,0.1787,26.39,21.38,108.73,3.8129,28.4082,3.1226
EXP14,m5-01,EXP14_m5-01_A_A007,A,A007,5,5,1339299,1341399,210,100.0,idle,стоим на месте,child_01,1.0177,0.0594,1.2149,0.9283,0.2866,12.86,0.086,-0.2457,0.0302,0.9611,0.0753,0.2032,41.82,50.61,227.92,21.8335,55.3938,21.5725
EXP14,m5-01,EXP14_m5-01_A_A007,A,A007,6,0,1351356,1353456,210,100.0,idle,стоим на месте,child_01,0.9959,0.0235,1.1083,0.9211,0.1872,15.71,0.0653,-0.2615,0.0157,0.9371,0.0142,0.2027,28.43,31.85,166.98,6.0184,33.8913,8.4802
EXP14,m5-01,EXP14_m5-01_A_A007,A,A007,6,1,1351606,1353706,210,100.0,idle,стоим на месте,child_01,0.9971,0.0111,1.042,0.9633,0.0787,16.19,0.0374,-0.2667,0.0128,0.938,0.0118,0.2038,19.75,9.34,64.95,3.5468,12.929,2.8386
EXP14,m5-01,EXP14_m5-01_A_A007,A,A007,6,2,1351856,1353956,210,100.0,idle,стоим на месте,child_01,0.9969,0.0095,1.0544,0.9633,0.0911,18.1,0.0262,-0.2589,0.0093,0.9407,0.0108,0.2029,18.2,5.96,39.55,3.7367,11.3338,1.6344
EXP14,m5-01,EXP14_m5-01_A_A008,A,A008,1,0,1382004,1384104,210,100.0,petting-the-cat,гладить Ириску,child_01,1.0507,0.1839,1.6224,0.6457,0.9767,10.0,0.4534,-0.4987,0.1854,0.3378,0.2432,0.6898,110.75,77.75,328.2,42.8415,112.4819,59.1775
EXP14,m5-01,EXP14_m5-01_A_A008,A,A008,1,1,1382254,1384354,210,100.0,petting-the-cat,гладить Ириску,child_01,1.0593,0.1877,1.6244,0.6457,0.9787,11.43,0.4455,-0.4306,0.1886,0.3459,0.2573,0.7429,102.98,77.84,328.2,38.2977,107.555,58.9334
EXP14,m5-01,EXP14_m5-01_A_A008,A,A008,1,2,1382504,1384604,210,100.0,petting-the-cat,гладить Ириску,child_01,1.0706,0.1869,1.6244,0.6457,0.9787,10.0,0.4198,-0.354,0.1874,0.3737,0.2517,0.8008,104.29,77.02,328.2,38.5733,107.6537,59.4019
EXP14,m5-01,EXP14_m5-01_A_A008,A,A008,1,3,1382754,1384854,210,100.0,petting-the-cat,гладить Ириску,child_01,1.0733,0.2032,1.6244,0.6009,1.0235,8.1,0.3856,-0.3069,0.2245,0.344,0.2092,0.859,118.12,72.85,328.2,46.198,109.526,71.1524
EXP14,m5-01,EXP14_m5-01_A_A008,A,A008,1,4,1383004,1385104,210,100.0,petting-the-cat,гладить Ириску,child_01,1.0861,0.214,1.6244,0.6009,1.0235,6.19,0.3417,-0.2088,0.2501,0.4028,0.167,0.9013,119.68,67.12,312.36,53.0667,103.038,71.6329
EXP14,m5-01,EXP14_m5-01_A_A008,A,A008,1,5,1383254,1385354,210,100.0,petting-the-cat,гладить Ириску,child_01,1.0768,0.1885,1.6244,0.6009,1.0235,6.67,0.3045,-0.1732,0.237,0.4378,0.161,0.8936,115.31,67.2,312.36,52.6907,97.8216,70.8731
EXP14,m5-01,EXP14_m5-01_A_A008,A,A008,1,6,1383504,1385604,210,100.0,petting-the-cat,гладить Ириску,child_01,1.0885,0.1748,1.6244,0.6009,1.0235,6.67,0.3052,-0.2101,0.2473,0.4642,0.1557,0.8815,100.05,62.08,312.36,51.4933,67.8956,70.2634
EXP14,m5-01,EXP14_m5-01_A_A008,A,A008,1,7,1383754,1385854,210,100.0,petting-the-cat,гладить Ириску,child_01,1.0946,0.1811,1.6244,0.6009,1.0235,7.62,0.2638,-0.2717,0.2633,0.4745,0.1688,0.8744,109.53,74.81,312.36,55.3079,76.6441,86.4491
EXP14,m5-01,EXP14_m5-01_A_A008,A,A008,2,0,1402817,1404917,210,100.0,petting-the-cat,гладить Ириску,child_01,1.0667,0.1872,1.774,0.6509,1.1231,11.9,0.2914,-0.5372,0.1937,0.2241,0.2336,0.8106,133.84,98.0,483.76,55.8749,138.5689,69.299
EXP14,m5-01,EXP14_m5-01_A_A008,A,A008,2,1,1403067,1405167,210,100.0,petting-the-cat,гладить Ириску,child_01,1.0605,0.2106,1.774,0.5966,1.1774,11.9,0.3262,-0.5668,0.2294,0.2142,0.2513,0.7613,152.99,118.53,528.16,59.1942,165.5489,71.3267
EXP14,m5-01,EXP14_m5-01_A_A008,A,A008,2,2,1403317,1405417,210,100.0,petting-the-cat,гладить Ириску,child_01,1.0604,0.2028,1.774,0.5966,1.1774,11.9,0.3167,-0.5473,0.2301,0.2485,0.2238,0.7753,140.76,106.26,528.16,53.1288,155.6636,62.5856
EXP14,m5-01,EXP14_m5-01_A_A008,A,A008,2,3,1403567,1405667,210,100.0,petting-the-cat,гладить Ириску,child_01,1.0626,0.1738,1.6624,0.5966,1.0658,11.43,0.2919,-0.4959,0.2348,0.2641,0.2264,0.8075,131.37,108.22,528.16,53.5616,148.7276,61.1058
EXP14,m5-01,EXP14_m5-01_A_A008,A,A008,2,4,1403817,1405917,210,100.0,petting-the-cat,гладить Ириску,child_01,1.0462,0.1863,1.6624,0.5403,1.1221,10.95,0.3245,-0.4691,0.2525,0.2373,0.2239,0.796,148.35,113.61,528.16,59.0225,164.4394,63.0148
EXP14,m5-01,EXP14_m5-01_A_A008,A,A008,2,5,1404067,1406167,210,100.0,petting-the-cat,гладить Ириску,child_01,1.0651,0.2317,2.0076,0.4656,1.542,10.48,0.3488,-0.4847,0.2746,0.3031,0.2581,0.7731,160.22,124.16,548.11,65.9242,181.7858,56.7509
EXP14,m5-01,EXP14_m5-01_A_A008,A,A008,2,6,1404317,1406417,210,100.0,petting-the-cat,гладить Ириску,child_01,1.0545,0.2255,2.0076,0.4656,1.542,11.43,0.3278,-0.4623,0.2695,0.3028,0.2541,0.7828,150.01,125.47,548.11,61.211,177.4138,53.705
EXP14,m5-01,EXP14_m5-01_A_A008,A,A008,3,0,1414480,1416580,210,100.0,petting-the-cat,гладить Ириску,child_01,1.0261,0.1015,1.3911,0.7404,0.6507,15.71,0.1352,-0.0199,0.1067,0.2118,0.0892,0.9901,45.84,45.51,243.5,18.8133,48.8282,21.7584
EXP14,m5-01,EXP14_m5-01_A_A008,A,A008,3,1,1414730,1416830,210,100.0,petting-the-cat,гладить Ириску,child_01,1.0415,0.1133,1.3911,0.7404,0.6507,13.33,0.1946,-0.0755,0.1233,0.2359,0.0948,0.987,64.73,78.23,481.02,19.8895,80.6141,30.6274
EXP14,m5-01,EXP14_m5-01_A_A008,A,A008,3,2,1414980,1417080,210,100.0,petting-the-cat,гладить Ириску,child_01,1.0297,0.1526,1.3911,0.391,1.0001,11.9,0.328,-0.1746,0.1551,0.2108,0.2809,0.8934,94.86,122.45,543.3,29.5753,143.0332,38.572
EXP14,m5-01,EXP14_m5-01_A_A008,A,A008,3,3,1415230,1417330,210,100.0,petting-the-cat,гладить Ириску,child_01,1.028,0.1718,1.593,0.391,1.202,12.86,0.345,-0.2068,0.1636,0.2205,0.2792,0.8782,115.2,126.13,543.3,36.354,157.6482,45.3404
EXP14,m5-01,EXP14_m5-01_A_A008,A,A008,3,4,1415480,1417580,210,100.0,petting-the-cat,гладить Ириску,child_01,1.0447,0.1786,1.593,0.391,1.202,10.95,0.3534,-0.2668,0.1745,0.2506,0.2806,0.8691,127.65,122.9,543.3,37.001,162.2239,45.1304
EXP14,m5-01,EXP14_m5-01_A_A008,A,A008,3,5,1415730,1417830,210,100.0,petting-the-cat,гладить Ириску,child_01,1.0557,0.1793,1.593,0.391,1.202,8.57,0.3855,-0.3643,0.1809,0.2702,0.2858,0.8233,145.0,119.3,543.3,36.9831,168.6308,46.6588
EXP14,m5-01,EXP14_m5-01_A_A008,A,A008,3,6,1415980,1418080,210,100.0,petting-the-cat,гладить Ириску,child_01,1.0352,0.2085,1.593,0.391,1.202,8.1,0.3797,-0.4337,0.1963,0.2598,0.2895,0.7701,172.96,121.01,543.3,43.2904,195.4728,58.5606
EXP14,m5-01,EXP14_m5-01_A_A008,A,A008,3,7,1416230,1418330,210,100.0,petting-the-cat,гладить Ириску,child_01,1.0484,0.2049,1.593,0.391,1.202,8.57,0.3617,-0.4598,0.1973,0.292,0.2887,0.769,183.83,113.81,543.3,43.707,199.8292,58.8258
EXP14,m5-01,EXP14_m5-01_A_A008,A,A008,3,8,1416480,1418580,210,100.0,petting-the-cat,гладить Ириску,child_01,1.0636,0.2053,1.593,0.391,1.202,6.67,0.3074,-0.5378,0.2046,0.305,0.2812,0.7588,187.76,112.19,543.3,43.0028,202.855,58.6543
EXP14,m5-01,EXP14_m5-01_A_A008,A,A008,3,9,1416730,1418830,210,100.0,petting-the-cat,гладить Ириску,child_01,1.046,0.2156,1.593,0.391,1.202,7.14,0.3368,-0.5213,0.2226,0.2686,0.2923,0.7404,196.97,111.41,543.3,63.1652,205.8053,68.3551
EXP14,m5-01,EXP14_m5-01_A_A008,A,A008,3,10,1416980,1419080,210,100.0,petting-the-cat,гладить Ириску,child_01,1.0398,0.217,1.593,0.391,1.202,6.67,0.3126,-0.4916,0.2155,0.2883,0.2477,0.7733,180.44,106.46,543.3,65.2376,187.1306,64.1875
EXP14,m5-01,EXP14_m5-01_A_A008,A,A008,3,11,1417230,1419330,210,100.0,petting-the-cat,гладить Ириску,child_01,1.0645,0.1768,1.3936,0.4773,0.9163,7.14,0.2877,-0.472,0.1908,0.3254,0.2203,0.8173,151.84,82.55,454.79,61.5879,147.8961,58.4536
EXP14,m5-01,EXP14_m5-01_A_A008,A,A008,3,12,1417480,1419580,210,100.0,petting-the-cat,гладить Ириску,child_01,1.0733,0.1805,1.4002,0.4773,0.9229,6.67,0.3101,-0.5302,0.2108,0.2981,0.2238,0.7899,152.41,83.71,454.79,61.6138,151.1851,57.5951
EXP14,m5-01,EXP14_m5-01_A_A008,A,A008,3,13,1417730,1419830,210,100.0,petting-the-cat,гладить Ириску,child_01,1.0474,0.1921,1.4002,0.4773,0.9229,8.1,0.3163,-0.4882,0.205,0.2775,0.2274,0.7904,151.52,83.18,454.79,61.4348,151.0598,54.5572
EXP14,m5-01,EXP14_m5-01_A_A008,A,A008,3,14,1417980,1420080,210,100.0,petting-the-cat,гладить Ириску,child_01,1.0591,0.1687,1.4002,0.6655,0.7347,9.52,0.3038,-0.4071,0.1891,0.2955,0.2073,0.8521,127.78,72.82,283.98,58.9415,125.3571,49.1762
EXP14,m5-01,EXP14_m5-01_A_A008,A,A008,3,15,1418230,1420330,210,100.0,petting-the-cat,гладить Ириску,child_01,1.0709,0.1622,1.4002,0.699,0.7012,9.05,0.3054,-0.3749,0.1869,0.2878,0.2104,0.8817,114.34,76.94,283.98,55.3983,117.2598,43.2137
EXP14,m5-01,EXP14_m5-01_A_A008,A,A008,3,16,1418480,1420580,210,100.0,petting-the-cat,гладить Ириску,child_01,1.0489,0.1611,1.4002,0.699,0.7012,11.43,0.2957,-0.3443,0.1705,0.2518,0.2114,0.885,95.1,74.24,283.98,54.8039,99.5507,39.9766
EXP14,m5-01,EXP14_m5-01_A_A008,A,A008,3,17,1418730,1420830,210,100.0,petting-the-cat,гладить Ириску,child_01,1.03,0.1518,1.4002,0.699,0.7012,13.33,0.2742,-0.3295,0.1531,0.2412,0.2069,0.8808,76.47,64.93,266.43,36.8528,88.7081,27.6098
EXP14,m5-01,EXP14_m5-01_A_A009,A,A009,4,0,1519820,1521920,210,100.0,shaking hand,пожать руку,child_01,1.2962,0.5229,3.4966,0.3575,3.1391,9.05,0.6095,-0.8768,0.6,0.4266,0.4841,0.1925,115.26,52.73,416.41,32.1232,98.4643,70.7082
