row_type,session_id,record_id,sample_id,device_timestamp_ms,ax,ay,az,gx,gy,gz,acc_norm,event_type,sample_count
EVENT,A002,,,50095,,,,,,,,NEW_SESSION,
EVENT,A002,1,,51649,,,,,,,,START,
DATA,A002,1,1,51672,0.0521,0.3755,0.8927,6.0425,7.2021,-25.2686,0.9698,,
DATA,A002,1,2,51682,0.0299,0.2866,0.8712,0.3052,9.1553,-26.3062,0.9176,,
DATA,A002,1,3,51692,-0.0153,0.2910,0.8861,2.1362,12.3901,-26.1230,0.9327,,
DATA,A002,1,4,51702,0.0196,0.2903,0.8807,7.6904,11.6577,-22.8882,0.9275,,
DATA,A002,1,5,51712,0.0304,0.2925,0.8699,13.1226,14.1602,-18.1885,0.9183,,
DATA,A002,1,6,51722,0.0272,0.2785,0.8507,21.4233,21.4844,-10.5591,0.8955,,
DATA,A002,1,7,51732,0.0125,0.3020,0.8538,25.4517,26.3062,-6.8970,0.9057,,
DATA,A002,1,8,51742,-0.0282,0.2854,0.8431,29.9683,31.6162,-2.8076,0.8905,,
DATA,A002,1,9,51752,-0.0773,0.3198,0.8343,32.8369,31.3721,-3.4180,0.8968,,
DATA,A002,1,10,51762,-0.0038,0.3926,0.8038,48.6450,30.7617,5.9814,0.8945,,
DATA,A002,1,11,51772,-0.0795,0.3237,0.7945,47.8516,27.7710,0.0610,0.8616,,
DATA,A002,1,12,51782,-0.0373,0.3174,0.7950,51.2085,21.0571,0.3052,0.8568,,
DATA,A002,1,13,51792,-0.0038,0.2785,0.7935,57.0679,20.4468,2.0142,0.8410,,
DATA,A002,1,14,51802,-0.0065,0.2949,0.7977,69.2749,24.1089,5.6763,0.8505,,
DATA,A002,1,15,51812,-0.0177,0.2847,0.8006,77.0264,26.0010,6.4087,0.8499,,
DATA,A002,1,16,51822,-0.0109,0.3308,0.8057,87.5244,27.4658,7.5684,0.8711,,
DATA,A002,1,17,51832,-0.0072,0.5622,0.9403,107.0557,45.0439,19.4702,1.0956,,
DATA,A002,1,18,51842,0.0250,0.4104,0.7271,91.6748,39.4897,19.2261,0.8353,,
DATA,A002,1,19,51852,-0.1269,1.2285,0.6102,100.8301,43.4570,8.0566,1.3775,,
DATA,A002,1,20,51862,0.1771,0.4180,0.7003,79.5898,42.7246,5.9814,0.8345,,
DATA,A002,1,21,51872,0.2410,0.2917,0.6527,81.2378,58.7769,24.2920,0.7544,,
DATA,A002,1,22,51882,0.0516,0.4040,0.5509,73.0591,70.1904,39.8560,0.6851,,
DATA,A002,1,23,51892,0.1519,0.7493,0.7586,173.8892,69.4580,18.4326,1.0770,,
DATA,A002,1,24,51902,0.3001,0.6880,0.3978,135.1318,71.8994,70.9839,0.8495,,
DATA,A002,1,25,51912,0.1007,0.8000,0.8834,134.9487,107.5439,63.3545,1.1960,,
DATA,A002,1,26,51922,0.0846,0.9297,0.5933,22.6440,142.4561,57.4951,1.1061,,
DATA,A002,1,27,51932,0.0765,0.7908,0.5577,-0.7935,145.8740,57.1899,0.9707,,
DATA,A002,1,28,51942,0.1666,0.5525,0.4793,-11.9019,160.7056,67.1997,0.7502,,
DATA,A002,1,29,51952,0.1739,0.5422,0.3924,-2.3804,177.9175,72.8760,0.6915,,
DATA,A002,1,30,51962,0.2071,0.6116,0.3712,11.0474,202.4536,82.0923,0.7448,,
DATA,A002,1,31,51972,0.2230,0.6728,0.3411,15.5640,221.6187,87.6465,0.7866,,
DATA,A002,1,32,51982,0.2379,0.7358,0.3040,16.9067,254.0283,96.8018,0.8309,,
DATA,A002,1,33,51992,0.2254,0.7695,0.2784,16.1743,278.6255,102.7222,0.8488,,
DATA,A002,1,34,52002,0.1878,0.8074,0.2161,13.7329,315.1245,112.1216,0.8566,,
DATA,A002,1,35,52012,0.1346,0.8313,0.1715,12.2681,336.7920,118.5913,0.8594,,
DATA,A002,1,36,52022,0.0765,0.8591,0.1314,9.6436,356.0181,125.0000,0.8725,,
DATA,A002,1,37,52032,-0.0068,0.8913,0.0635,4.6997,378.8452,133.3008,0.8936,,
DATA,A002,1,38,52042,-0.0558,0.9133,0.0245,1.1597,390.9912,137.6953,0.9153,,
DATA,A002,1,39,52052,-0.1237,0.9392,-0.0207,-3.4790,406.3721,142.4561,0.9475,,
DATA,A002,1,40,52062,-0.1618,0.9595,-0.0431,-5.6152,413.6353,145.2637,0.9740,,
DATA,A002,1,41,52072,-0.2394,1.0078,-0.0617,-7.2021,420.5933,150.3296,1.0377,,
DATA,A002,1,42,52082,-0.2939,1.0652,-0.0778,-9.3994,422.6685,152.7100,1.1077,,
DATA,A002,1,43,52092,-0.3100,1.0886,-0.0717,-11.9629,424.5605,153.3813,1.1341,,
DATA,A002,1,44,52102,-0.3478,1.1011,-0.0583,-14.5264,424.2554,154.7241,1.1562,,
DATA,A002,1,45,52112,-0.4228,1.0805,-0.0478,-17.3950,416.8091,158.2031,1.1613,,
DATA,A002,1,46,52122,-0.4753,1.0840,-0.0278,-13.6719,408.0811,159.3628,1.1839,,
DATA,A002,1,47,52132,-0.5312,1.0974,0.0333,-11.3525,387.9395,163.4521,1.2196,,
DATA,A002,1,48,52142,-0.5592,1.1120,0.0833,-8.4229,369.9951,165.5273,1.2475,,
DATA,A002,1,49,52152,-0.5666,1.1289,0.1505,-2.8076,341.6748,169.1895,1.2720,,
DATA,A002,1,50,52162,-0.5817,1.1484,0.2056,1.7700,317.8711,172.5464,1.3037,,
DATA,A002,1,51,52172,-0.6154,1.1948,0.2667,10.6201,276.6724,178.1616,1.3702,,
DATA,A002,1,52,52182,-0.6410,1.2175,0.3031,15.6860,243.7744,181.6406,1.4089,,
DATA,A002,1,53,52192,-0.6642,1.2414,0.3226,21.1182,188.8428,186.5234,1.4444,,
DATA,A002,1,54,52202,-0.6632,1.2388,0.3138,23.5596,149.7803,189.5142,1.4397,,
DATA,A002,1,55,52212,-0.6667,1.2165,0.3001,28.6255,90.2100,193.3594,1.4193,,
DATA,A002,1,56,52222,-0.6586,1.2258,0.2830,34.5459,52.1851,195.2515,1.4200,,
DATA,A002,1,57,52232,-0.6300,1.2512,0.2598,42.1143,1.2207,195.9839,1.4248,,
DATA,A002,1,58,52242,-0.5951,1.2649,0.2464,44.6167,-26.2451,195.2515,1.4194,,
DATA,A002,1,59,52252,-0.5419,1.2773,0.2213,48.3398,-58.1665,192.6880,1.4051,,
DATA,A002,1,60,52262,-0.5253,1.2856,0.2159,50.8423,-75.0732,191.2231,1.4055,,
DATA,A002,1,61,52272,-0.5041,1.3135,0.1998,53.9551,-92.5293,187.1338,1.4210,,
DATA,A002,1,62,52282,-0.4714,1.3305,0.1802,54.9316,-98.2666,183.2886,1.4230,,
DATA,A002,1,63,52292,-0.4220,1.3296,0.1671,51.5137,-100.6470,175.8423,1.4049,,
DATA,A002,1,64,52302,-0.4001,1.3169,0.1610,47.7905,-97.5342,170.2881,1.3857,,
DATA,A002,1,65,52312,-0.3788,1.2754,0.1458,42.5415,-87.7686,160.7056,1.3384,,
DATA,A002,1,66,52322,-0.3625,1.2549,0.1258,41.1377,-77.9419,153.6865,1.3122,,
DATA,A002,1,67,52332,-0.3395,1.2502,0.1048,40.0391,-58.8379,142.2729,1.2997,,
DATA,A002,1,68,52342,-0.3285,1.2412,0.1104,36.6211,-45.0439,133.4229,1.2887,,
DATA,A002,1,69,52352,-0.3266,1.2165,0.1231,31.3721,-30.9448,124.0845,1.2656,,
DATA,A002,1,70,52362,-0.3376,1.1450,0.1451,22.8882,-12.9395,109.7412,1.2025,,
DATA,A002,1,71,52372,-0.3573,1.0910,0.1558,18.3105,-4.8218,100.1587,1.1586,,
DATA,A002,1,72,52382,-0.3590,1.0171,0.1561,15.1367,6.2256,85.5713,1.0898,,
DATA,A002,1,73,52392,-0.3503,0.9761,0.1597,14.0991,13.4888,76.2939,1.0492,,
DATA,A002,1,74,52402,-0.3493,0.9289,0.1617,12.6953,25.0854,64.0259,1.0055,,
DATA,A002,1,75,52412,-0.3590,0.9050,0.1646,11.7188,32.5928,57.1899,0.9875,,
DATA,A002,1,76,52422,-0.3959,0.8786,0.1612,9.1553,41.6870,48.5229,0.9771,,
DATA,A002,1,77,52432,-0.4162,0.8562,0.1595,6.2256,45.7153,43.5791,0.9652,,
DATA,A002,1,78,52442,-0.4316,0.8027,0.1500,1.0986,49.9268,36.9263,0.9236,,
DATA,A002,1,79,52452,-0.4457,0.7676,0.1385,-2.0142,51.6968,33.3862,0.8983,,
DATA,A002,1,80,52462,-0.4587,0.7190,0.1229,-5.3101,52.5513,28.0762,0.8616,,
DATA,A002,1,81,52472,-0.4645,0.6926,0.1112,-6.7749,51.5747,25.0244,0.8413,,
DATA,A002,1,82,52482,-0.4684,0.6416,0.0882,-10.7422,49.6216,20.9351,0.7993,,
DATA,A002,1,83,52492,-0.4745,0.5869,0.0924,-14.5264,46.0815,17.9443,0.7604,,
DATA,A002,1,84,52502,-0.5043,0.5288,0.1051,-13.6108,38.9404,13.5498,0.7382,,
DATA,A002,1,85,52512,-0.5216,0.5244,0.1080,-8.7891,32.5928,10.3149,0.7475,,
DATA,A002,1,86,52522,-0.5177,0.5442,0.1273,-3.9673,21.6064,4.6997,0.7618,,
DATA,A002,1,87,52532,-0.5090,0.5632,0.1351,-3.7231,15.2588,0.8545,0.7710,,
DATA,A002,1,88,52542,-0.4938,0.5608,0.1314,-6.5308,7.7515,-5.5542,0.7587,,
DATA,A002,1,89,52552,-0.4845,0.5442,0.1195,-8.9722,4.3335,-10.0708,0.7384,,
DATA,A002,1,90,52562,-0.4757,0.5159,0.1009,-10.3149,0.2441,-17.0898,0.7090,,
DATA,A002,1,91,52572,-0.4767,0.5137,0.0914,-8.7891,-2.3193,-21.6675,0.7067,,
DATA,A002,1,92,52582,-0.5060,0.5420,0.1212,-3.6011,-7.6904,-28.5645,0.7513,,
DATA,A002,1,93,52592,-0.5458,0.6098,0.1666,3.4180,-13.1836,-33.5083,0.8352,,
DATA,A002,1,94,52602,-0.5868,0.7678,0.1990,9.7656,-23.6816,-41.7480,0.9867,,
DATA,A002,1,95,52612,-0.5900,0.8567,0.2166,6.4087,-31.1890,-48.1567,1.0625,,
DATA,A002,1,96,52622,-0.5675,0.9223,0.1956,-4.2114,-40.7715,-58.2275,1.1005,,
DATA,A002,1,97,52632,-0.5361,0.9502,0.1912,-9.0942,-43.9453,-66.2231,1.1076,,
DATA,A002,1,98,52642,-0.4784,1.0193,0.1610,-10.9253,-44.6167,-78.8574,1.1374,,
DATA,A002,1,99,52652,-0.4726,1.1042,0.1766,-9.9487,-43.5791,-87.2803,1.2140,,
DATA,A002,1,100,52662,-0.4740,1.3030,0.1514,-6.2256,-41.8701,-99.6704,1.3948,,
DATA,A002,1,101,52672,-0.4555,1.4639,0.0797,-6.1035,-38.5742,-108.2153,1.5351,,
DATA,A002,1,102,52682,-0.4157,1.6509,-0.0119,-17.4561,-31.6772,-122.6196,1.7024,,
DATA,A002,1,103,52692,-0.4250,1.7356,-0.0593,-27.0996,-29.3579,-133.1177,1.7878,,
DATA,A002,1,104,52702,-0.4684,1.8198,-0.1098,-30.7617,-27.7100,-143.6157,1.8823,,
DATA,A002,1,105,52712,-0.5065,2.0586,-0.1838,-20.3247,-30.0903,-161.3159,2.1279,,
DATA,A002,1,106,52722,-0.4987,2.3220,-0.1960,-5.4321,-34.9121,-174.2554,2.3830,,
DATA,A002,1,107,52732,-0.4350,2.8711,-0.1977,9.1553,-36.3770,-197.0215,2.9106,,
DATA,A002,1,108,52742,-0.3459,3.2192,-0.2187,-15.8081,-27.4048,-221.9849,3.2451,,
DATA,A002,1,109,52752,-0.1662,3.4192,-0.3239,-55.4810,-18.0664,-233.2153,3.4385,,
DATA,A002,1,110,52762,-0.0868,3.2544,-0.2709,-80.8105,-12.2681,-238.4644,3.2668,,
DATA,A002,1,111,52772,-0.0160,2.8642,-0.1274,-87.1582,-9.2773,-252.8076,2.8671,,
DATA,A002,1,112,52782,0.0308,2.6511,0.0311,-70.1904,-17.5171,-256.1035,2.6515,,
DATA,A002,1,113,52792,0.0218,2.4463,0.1358,-40.7104,-41.2598,-247.9248,2.4501,,
DATA,A002,1,114,52802,0.0057,2.2519,0.1739,-40.8936,-58.9600,-241.6992,2.2586,,
DATA,A002,1,115,52812,0.2091,1.7705,0.1810,-48.5840,-72.3877,-231.6284,1.7920,,
DATA,A002,1,116,52822,0.2735,1.4912,0.1402,-45.0439,-60.8521,-224.4873,1.5225,,
DATA,A002,1,117,52832,0.2279,1.1357,0.0723,-38.5742,-34.4238,-199.7070,1.1606,,
DATA,A002,1,118,52842,0.1825,0.9607,0.0633,-30.4565,-12.6953,-174.5605,0.9799,,
DATA,A002,1,119,52852,0.1422,0.7263,0.0767,-21.8506,13.6108,-135.8032,0.7441,,
DATA,A002,1,120,52862,0.1427,0.5847,0.0775,-23.4985,28.6255,-111.6333,0.6068,,
DATA,A002,1,121,52872,0.2479,0.3513,0.0570,-29.0527,39.9170,-81.1157,0.4337,,
DATA,A002,1,122,52882,0.3311,0.1850,0.0582,-30.4565,42.4805,-62.9883,0.3838,,
DATA,A002,1,123,52892,0.3812,-0.0000,0.0433,-24.8413,46.0815,-37.8418,0.3836,,
DATA,A002,1,124,52902,0.3646,-0.0755,0.0491,-18.1885,48.8281,-23.5596,0.3755,,
DATA,A002,1,125,52912,0.2987,-0.1372,0.0389,-8.6670,51.3306,-9.3384,0.3310,,
DATA,A002,1,126,52922,0.2489,-0.1572,0.0421,-3.4790,51.0254,-3.8452,0.2974,,
DATA,A002,1,127,52932,0.1666,-0.1687,0.0423,1.3428,45.9595,1.4038,0.2408,,
DATA,A002,1,128,52942,0.1073,-0.1668,0.0423,2.7466,41.1987,3.2349,0.2027,,
DATA,A002,1,129,52952,0.0250,-0.1660,0.0548,2.1973,28.4424,3.9062,0.1766,,
DATA,A002,1,130,52962,-0.0168,-0.1748,0.0604,-0.0610,17.7002,3.5400,0.1857,,
DATA,A002,1,131,52972,-0.0453,-0.1824,0.0706,-3.4790,0.7935,1.2207,0.2008,,
DATA,A002,1,132,52982,-0.0548,-0.2039,0.0755,-4.7607,-11.2915,-0.2441,0.2242,,
DATA,A002,1,133,52992,-0.0370,-0.2097,0.0819,-4.3335,-26.5503,-4.0894,0.2282,,
DATA,A002,1,134,53002,-0.0317,-0.2044,0.0928,-3.6621,-35.7056,-6.7139,0.2267,,
DATA,A002,1,135,53012,-0.0268,-0.2000,0.1007,-3.4180,-44.1895,-9.0942,0.2255,,
DATA,A002,1,136,53022,-0.0229,-0.1795,0.1187,-3.7231,-54.2603,-12.9395,0.2164,,
DATA,A002,1,137,53032,-0.0202,-0.1721,0.1275,-3.4180,-59.4482,-15.0757,0.2152,,
DATA,A002,1,138,53042,-0.0246,-0.1377,0.1478,-2.1362,-65.4297,-17.8223,0.2035,,
DATA,A002,1,139,53052,-0.0216,-0.1128,0.1744,-1.0376,-67.9932,-19.1040,0.2088,,
DATA,A002,1,140,53062,-0.0102,-0.0310,0.2220,1.7700,-69.5801,-19.5312,0.2244,,
DATA,A002,1,141,53072,-0.0043,0.0305,0.2532,2.1362,-69.5190,-18.1885,0.2551,,
DATA,A002,1,142,53082,-0.0463,0.1714,0.2388,3.9673,-65.8569,-9.3994,0.2976,,
DATA,A002,1,143,53092,-0.1178,0.3161,0.1363,10.3149,-58.1665,1.7090,0.3639,,
DATA,A002,1,144,53102,-0.3012,0.6430,-0.0829,33.2642,-37.1094,24.9634,0.7149,,
DATA,A002,1,145,53112,-0.4403,0.9355,-0.1862,56.1523,-19.0430,44.4336,1.0506,,
DATA,A002,1,146,53122,-0.7211,1.5625,-0.2643,90.0879,0.6714,79.1016,1.7410,,
DATA,A002,1,147,53132,-0.8061,2.1304,-0.1525,103.8208,19.8364,100.2808,2.2829,,
DATA,A002,1,148,53142,-0.7343,3.3286,-0.1249,71.2891,34.8511,109.6191,3.4109,,
DATA,A002,1,149,53152,-0.9928,4.0268,-0.2289,-9.7656,27.3438,121.0938,4.1537,,
DATA,A002,1,150,53162,-1.4894,3.1811,-0.1979,-159.7290,39.2456,135.5591,3.5181,,
DATA,A002,1,151,53172,-1.5307,2.4472,-0.0041,-168.8843,71.8994,142.4561,2.8865,,
DATA,A002,1,152,53182,-1.3363,2.4370,0.3580,-107.5439,128.3569,131.3477,2.8023,,
DATA,A002,1,153,53192,-1.0795,2.5881,0.4649,-87.0972,155.3955,118.5913,2.8425,,
DATA,A002,1,154,53202,-0.9604,2.1763,0.5194,-81.1768,188.2324,98.7549,2.4348,,
DATA,A002,1,155,53212,-1.0500,1.7683,0.5594,-65.9180,197.7539,85.5103,2.1312,,
DATA,A002,1,156,53222,-1.1628,1.3669,0.5858,-27.8931,174.8047,67.3218,1.8878,,
DATA,A002,1,157,53232,-1.0863,1.1819,0.5867,-4.3335,145.1416,51.5137,1.7092,,
DATA,A002,1,158,53242,-0.8129,0.9773,0.5377,23.0103,100.7080,29.6021,1.3802,,
DATA,A002,1,159,53252,-0.6401,0.8562,0.5269,33.6914,78.0029,18.0664,1.1918,,
DATA,A002,1,160,53262,-0.4770,0.7112,0.3587,38.2080,40.3442,6.4087,0.9284,,
DATA,A002,1,161,53272,-0.4440,0.5776,0.2574,26.3672,51.9409,-2.0142,0.7727,,
DATA,A002,1,162,53282,-0.3820,0.3555,0.1915,9.4604,75.6226,-13.1836,0.5558,,
DATA,A002,1,163,53292,-0.3652,0.2195,0.1834,-0.0610,86.3037,-15.2588,0.4638,,
DATA,A002,1,164,53302,-0.3476,0.0347,0.1973,-13.9771,93.0176,-14.4043,0.4012,,
DATA,A002,1,165,53312,-0.3022,-0.0630,0.2239,-20.0806,90.6372,-12.4512,0.3813,,
DATA,A002,1,166,53322,-0.2353,-0.1336,0.2821,-27.0996,77.0264,-5.9204,0.3908,,
DATA,A002,1,167,53332,-0.2216,-0.2078,0.3026,-32.7148,64.2700,0.7324,0.4287,,
DATA,A002,1,168,53342,-0.2040,-0.2652,0.3153,-35.5835,50.6592,5.1880,0.4597,,
DATA,A002,1,169,53352,-0.1650,-0.3601,0.3372,-37.3535,35.0952,6.7749,0.5202,,
DATA,A002,1,170,53362,-0.1606,-0.4195,0.3372,-35.5225,24.2920,6.3477,0.5616,,
DATA,A002,1,171,53372,-0.1952,-0.4722,0.3338,-25.9399,7.9956,4.3945,0.6103,,
DATA,A002,1,172,53382,-0.2243,-0.4793,0.3399,-16.2964,-2.5635,1.2817,0.6289,,
DATA,A002,1,173,53392,-0.2389,-0.4444,0.3507,-3.5400,-19.3481,-4.0894,0.6144,,
DATA,A002,1,174,53402,-0.2336,-0.4124,0.3453,1.7090,-30.5176,-6.7749,0.5864,,
DATA,A002,1,175,53412,-0.2023,-0.3718,0.3072,5.1270,-44.7388,-10.9253,0.5230,,
DATA,A002,1,176,53422,-0.1701,-0.3467,0.2659,6.1646,-51.6357,-14.0381,0.4689,,
DATA,A002,1,177,53432,-0.1388,-0.3035,0.1976,9.0332,-56.8848,-17.6392,0.3878,,
DATA,A002,1,178,53442,-0.1112,-0.2659,0.1507,10.7422,-56.0303,-18.9209,0.3252,,
DATA,A002,1,179,53452,-0.0846,-0.1743,0.0694,13.4277,-52.6733,-17.7002,0.2058,,
DATA,A002,1,180,53462,-0.0651,-0.1018,-0.0295,14.5874,-50.1099,-12.5732,0.1244,,
DATA,A002,1,181,53472,-0.0226,0.0237,-0.1445,23.5596,-51.4526,3.0518,0.1481,,
DATA,A002,1,182,53482,-0.0065,0.1472,-0.1398,46.6309,-52.4292,20.4468,0.2031,,
DATA,A002,1,183,53492,-0.0404,0.5639,-0.0524,115.9058,-48.7061,63.7207,0.5678,,
DATA,A002,1,184,53502,0.0130,1.1023,0.0350,168.8232,-49.3774,101.1963,1.1029,,
DATA,A002,1,185,53512,0.2137,2.3254,-0.1855,227.4170,-23.8647,153.8086,2.3426,,
DATA,A002,1,186,53522,0.1178,3.8100,-0.1042,246.7041,-7.9956,190.4297,3.8133,,
DATA,A002,1,187,53532,-0.5256,5.5156,-0.3520,38.6353,-16.1743,188.7207,5.5518,,
DATA,A002,1,188,53542,-0.9584,4.5449,-0.3678,-69.8242,-17.7002,198.0591,4.6594,,
DATA,A002,1,189,53552,-1.2394,3.3711,-0.1532,-98.6938,42.6636,240.3564,3.5950,,
DATA,A002,1,190,53562,-1.0971,3.3576,-0.1193,-79.7119,75.0122,255.2490,3.5344,,
DATA,A002,1,191,53572,-0.7756,3.0527,-0.0243,-98.8159,114.8682,252.6245,3.1498,,
DATA,A002,1,192,53582,-0.6010,2.5801,0.1610,-99.9146,135.6201,225.1587,2.6540,,
DATA,A002,1,193,53592,-0.4489,1.9487,0.3629,-68.3594,161.3770,172.0581,2.0324,,
DATA,A002,1,194,53602,-0.4191,1.7051,0.4412,-33.6304,170.5933,136.5967,1.8104,,
DATA,A002,1,195,53612,-0.2914,1.2956,0.4544,-7.2021,140.0757,87.7686,1.4036,,
DATA,A002,1,196,53622,-0.2279,0.9888,0.3695,5.4321,99.0601,57.3730,1.0799,,
DATA,A002,1,197,53632,-0.1484,0.6819,0.2225,33.5083,39.2456,22.5830,0.7324,,
DATA,A002,1,198,53642,-0.1144,0.5757,0.1549,53.7109,12.0850,3.1128,0.6070,,
DATA,A002,1,199,53652,-0.1249,0.4958,0.1007,73.7915,-19.9585,-13.5498,0.5211,,
DATA,A002,1,200,53662,-0.1884,0.4472,0.0845,75.8667,-32.4097,-21.7285,0.4926,,
DATA,A002,1,201,53672,-0.2392,0.3677,0.1007,71.7773,-38.8184,-29.5410,0.4500,,
DATA,A002,1,202,53682,-0.3774,0.2148,0.0526,67.6880,-50.5371,-40.7715,0.4374,,
DATA,A002,1,203,53692,-0.4760,0.0810,-0.0412,56.6406,-36.7432,-59.6313,0.4846,,
DATA,A002,1,204,53702,-0.5375,-0.0369,0.1121,71.4111,-2.0142,-58.8379,0.5503,,
DATA,A002,1,205,53712,-0.5534,-0.0091,0.2210,80.6885,5.4321,-50.4761,0.5960,,
DATA,A002,1,206,53722,-0.6108,0.0527,0.2572,74.4629,-4.8218,-33.8745,0.6648,,
DATA,A002,1,207,53732,-0.6242,0.0400,0.2437,64.1479,-24.9023,-26.6113,0.6713,,
DATA,A002,1,208,53742,-0.5321,-0.0454,0.1785,50.7812,-61.2793,-19.0430,0.5631,,
DATA,A002,1,209,53752,-0.4411,-0.1111,0.1605,46.8140,-80.4443,-15.0757,0.4823,,
DATA,A002,1,210,53762,-0.3383,-0.1719,0.1563,45.1050,-100.7080,-10.8032,0.4104,,
DATA,A002,1,211,53772,-0.3068,-0.1956,0.1605,43.7012,-112.2437,-9.6436,0.3977,,
DATA,A002,1,212,53782,-0.2941,-0.2317,0.1610,38.8794,-128.4790,-10.0098,0.4075,,
DATA,A002,1,213,53792,-0.2743,-0.2676,0.1436,39.0015,-136.2915,-12.6343,0.4093,,
DATA,A002,1,214,53802,-0.2328,-0.2764,0.1478,45.4102,-146.9116,-17.3950,0.3904,,
DATA,A002,1,215,53812,-0.1847,-0.2388,0.1278,52.3071,-149.3530,-19.4092,0.3278,,
DATA,A002,1,216,53822,-0.0685,-0.1153,0.0987,59.0820,-145.9351,-17.2729,0.1665,,
DATA,A002,1,217,53832,0.0299,-0.0178,0.0872,60.9131,-139.0381,-10.6812,0.0939,,
DATA,A002,1,218,53842,0.0584,0.2190,0.0347,75.9277,-117.2485,13.2446,0.2293,,
DATA,A002,1,219,53852,0.0145,0.4765,-0.0185,98.6938,-92.6514,38.7573,0.4771,,
DATA,A002,1,220,53862,0.0108,1.0791,-0.1108,148.8037,-48.2788,83.2520,1.0848,,
DATA,A002,1,221,53872,0.0494,1.5901,-0.2057,172.3633,-24.6582,112.3047,1.6041,,
DATA,A002,1,222,53882,-0.1090,2.5410,-0.4740,172.8516,5.5542,152.8931,2.5871,,
DATA,A002,1,223,53892,-0.3451,3.3967,-0.6110,138.5498,14.8926,162.4756,3.4684,,
DATA,A002,1,224,53902,-0.6733,4.6587,-0.5651,-31.7993,46.9360,115.8447,4.7409,,
DATA,A002,1,225,53912,-0.7648,4.2431,-0.7773,-191.8945,47.7905,116.8213,4.3810,,
DATA,A002,1,226,53922,-0.7655,2.9299,-0.5329,-310.6689,101.0742,100.9521,3.0748,,
DATA,A002,1,227,53932,-0.6549,2.4939,-0.3151,-302.9175,143.2495,78.8574,2.5976,,
DATA,A002,1,228,53942,-0.3510,2.3813,0.0933,-262.6343,209.7778,28.8696,2.4089,,
DATA,A002,1,229,53952,-0.3105,2.3064,0.2625,-236.9385,258.4229,-12.5732,2.3419,,
DATA,A002,1,230,53962,-0.2934,1.8515,0.4300,-207.5806,298.4619,-74.0356,1.9233,,
DATA,A002,1,231,53972,-0.2292,1.4162,0.5301,-170.9595,285.0342,-109.8022,1.5295,,
DATA,A002,1,232,53982,-0.1061,0.9978,0.4954,-91.7358,232.5439,-145.5078,1.1191,,
DATA,A002,1,233,53992,-0.0517,0.9087,0.4044,-37.7197,201.1108,-157.5928,0.9959,,
DATA,A002,1,234,54002,-0.0285,0.8594,0.3243,20.6299,172.4854,-169.7388,0.9190,,
DATA,A002,1,235,54012,-0.0827,0.8247,0.3172,40.7104,152.1606,-172.7295,0.8875,,
DATA,A002,1,236,54022,-0.1840,0.6555,0.2977,48.7671,123.1079,-178.0396,0.7431,,
DATA,A002,1,237,54032,-0.3644,0.4951,0.2669,51.5747,83.9233,-178.3447,0.6702,,
DATA,A002,1,238,54042,-0.5751,0.3804,0.2415,45.9595,84.2896,-178.7720,0.7306,,
DATA,A002,1,239,54052,-0.7697,0.2453,0.2569,43.1519,81.2988,-161.8652,0.8477,,
DATA,A002,1,240,54062,-0.7812,0.1709,0.2904,46.5088,66.8945,-154.0527,0.8507,,
DATA,A002,1,241,54072,-0.6527,0.0984,0.3135,42.6636,24.3530,-147.6440,0.7308,,
DATA,A002,1,242,54082,-0.5077,0.0486,0.2730,35.5225,-9.5215,-141.8457,0.5785,,
DATA,A002,1,243,54092,-0.2524,-0.0125,0.2178,25.2686,-53.8940,-134.6436,0.3336,,
DATA,A002,1,244,54102,-0.1425,-0.0557,0.1666,15.6250,-73.4253,-132.2632,0.2262,,
DATA,A002,1,245,54112,-0.0861,-0.1370,0.0970,1.6479,-103.1494,-125.4272,0.1886,,
DATA,A002,1,246,54122,-0.0819,-0.1477,0.0838,-4.8828,-118.6523,-123.5962,0.1886,,
DATA,A002,1,247,54132,-0.1007,-0.2713,0.0635,-17.4561,-132.6294,-124.5117,0.2963,,
DATA,A002,1,248,54142,-0.0873,-0.3120,0.0360,-12.0850,-137.6953,-127.3804,0.3260,,
DATA,A002,1,249,54152,-0.0519,-0.2891,0.0357,1.7700,-139.8315,-130.4932,0.2959,,
DATA,A002,1,250,54162,-0.0192,-0.2271,0.0379,8.4839,-138.9771,-130.4321,0.2310,,
DATA,A002,1,251,54172,0.0379,-0.1060,0.0540,9.4604,-131.6528,-128.2959,0.1249,,
DATA,A002,1,252,54182,0.0885,-0.0454,0.0465,4.3335,-120.8496,-126.9531,0.1098,,
DATA,A002,1,253,54192,0.1768,-0.0183,0.0106,-9.0332,-100.0977,-124.1455,0.1781,,
DATA,A002,1,254,54202,0.2201,-0.0156,-0.0363,-14.1602,-85.0830,-118.2861,0.2236,,
DATA,A002,1,255,54212,0.2186,0.0539,-0.1423,-5.0049,-62.6221,-101.1353,0.2663,,
DATA,A002,1,256,54222,0.1710,0.1692,-0.2189,12.3901,-46.5698,-82.7637,0.3252,,
DATA,A002,1,257,54232,0.0665,0.4587,-0.2907,57.9834,-23.1934,-43.2739,0.5471,,
DATA,A002,1,258,54242,-0.1335,0.7925,-0.3102,103.5156,-9.8877,-9.6436,0.8614,,
DATA,A002,1,259,54252,-0.5441,1.7217,-0.1249,162.7197,-10.4370,44.3115,1.8099,,
DATA,A002,1,260,54262,-0.7101,2.5354,-0.0737,161.2549,-27.2217,79.4678,2.6340,,
DATA,A002,1,261,54272,-1.3344,4.1689,0.2537,62.7441,-54.6875,132.0801,4.3846,,
DATA,A002,1,262,54282,-1.8869,4.1557,0.0416,-71.7773,-112.2437,148.0713,4.5642,,
DATA,A002,1,263,54292,-2.1359,2.7082,0.2169,-139.7705,-185.8521,163.4521,3.4560,,
DATA,A002,1,264,54302,-1.8659,2.3782,0.3238,-93.3838,-189.8804,172.1802,3.0401,,
DATA,A002,1,265,54312,-0.9941,2.8738,0.3428,-15.8081,-176.1475,149.7803,3.0601,,
DATA,A002,1,266,54322,-0.4443,2.9927,0.2423,-14.7095,-153.0762,122.8638,3.0351,,
DATA,A002,1,267,54332,-0.1925,2.6965,0.2894,-27.4658,-98.8159,84.5337,2.7188,,
DATA,A002,1,268,54342,-0.2138,2.0451,0.3179,-26.9775,-49.4385,40.7715,2.0807,,
DATA,A002,1,269,54352,-0.2228,1.5180,0.3184,-1.2817,-40.8325,15.1367,1.5670,,
DATA,A002,1,270,54362,-0.2360,1.3188,0.3045,16.1133,-33.8745,-5.1270,1.3740,,
DATA,A002,1,271,54372,-0.2611,1.1604,0.2852,29.4189,-21.3013,-23.3154,1.2231,,
DATA,A002,1,272,54382,-0.2680,1.0134,0.2757,40.4663,2.7466,-46.8140,1.0839,,
DATA,A002,1,273,54392,-0.2260,0.9377,0.3016,40.5273,21.2402,-57.3120,1.0106,,
DATA,A002,1,274,54402,-0.1147,0.7910,0.3165,34.5459,38.8184,-62.2559,0.8596,,
DATA,A002,1,275,54412,-0.1828,0.6799,0.2467,20.8740,46.5088,-64.0259,0.7460,,
DATA,A002,1,276,54422,-0.1845,0.4021,0.1407,-9.7046,97.1069,-71.0449,0.4642,,
DATA,A002,1,277,54432,-0.0910,0.1855,0.1754,-16.7847,119.6899,-67.5049,0.2710,,
DATA,A002,1,278,54442,-0.0780,-0.0486,0.1458,-15.5640,147.3389,-47.3022,0.1724,,
DATA,A002,1,279,54452,-0.0995,-0.1409,0.1512,-9.8267,152.4048,-36.3770,0.2294,,
DATA,A002,1,280,54462,-0.0844,-0.2036,0.1932,-7.8735,145.5078,-24.3530,0.2931,,
DATA,A002,1,281,54472,-0.0177,-0.2708,0.2027,-10.6812,136.0474,-14.5264,0.3387,,
DATA,A002,1,282,54482,0.1117,-0.3523,0.1905,-10.3149,121.1548,-1.2817,0.4158,,
DATA,A002,1,283,54492,0.1681,-0.4055,0.1749,-8.3008,112.4878,8.1177,0.4725,,
DATA,A002,1,284,54502,0.1710,-0.4724,0.1578,-1.1597,100.9521,18.8599,0.5266,,
DATA,A002,1,285,54512,0.1087,-0.5083,0.1676,5.1880,92.5903,23.3154,0.5462,,
DATA,A002,1,286,54522,-0.0248,-0.5276,0.1795,17.9443,77.0264,26.0010,0.5579,,
DATA,A002,1,287,54532,-0.1005,-0.5105,0.1971,26.9775,60.0586,27.1606,0.5564,,
DATA,A002,1,288,54542,-0.1811,-0.4595,0.2325,38.0249,27.0386,31.1279,0.5459,,
DATA,A002,1,289,54552,-0.1906,-0.4165,0.2474,42.2974,4.5166,33.4473,0.5206,,
DATA,A002,1,290,54562,-0.1701,-0.3482,0.2554,46.7529,-29.0527,36.5601,0.4641,,
DATA,A002,1,291,54572,-0.1408,-0.2879,0.2413,49.9268,-49.6826,37.9639,0.4011,,
DATA,A002,1,292,54582,-0.0661,-0.1780,0.2181,52.6733,-72.6929,39.6118,0.2892,,
DATA,A002,1,293,54592,-0.0170,-0.1126,0.1883,50.5981,-81.6040,41.1987,0.2200,,
DATA,A002,1,294,54602,-0.0727,-0.0386,0.1431,46.2036,-92.8345,48.9502,0.1651,,
DATA,A002,1,295,54612,-0.2375,0.0473,0.0960,51.6357,-98.5718,59.1431,0.2605,,
DATA,A002,1,296,54622,-0.6591,0.2707,0.0406,80.3833,-108.2764,80.1392,0.7137,,
DATA,A002,1,297,54632,-1.0744,0.5232,-0.0073,116.8823,-117.7368,97.2290,1.1950,,
DATA,A002,1,298,54642,-1.5590,0.9956,-0.0373,173.8892,-128.1128,120.4834,1.8502,,
DATA,A002,1,299,54652,-1.5563,2.3157,0.1302,265.6250,-141.7847,156.4331,2.7931,,
DATA,A002,1,300,54662,-1.2785,3.6584,0.3807,249.3896,-167.9688,171.5088,3.8940,,
DATA,A002,1,301,54672,-1.6496,5.2141,0.0155,-21.5454,-232.7271,171.2646,5.4688,,
DATA,A002,1,302,54682,-1.3029,3.4143,0.4190,-173.8892,-152.1606,85.6934,3.6784,,
DATA,A002,1,303,54692,-0.9679,2.9004,0.5689,-157.8369,-62.9272,52.8564,3.1101,,
DATA,A002,1,304,54702,-0.6488,2.9956,0.6065,-138.4277,22.2168,17.2729,3.1245,,
DATA,A002,1,305,54712,-0.4196,2.9707,0.5516,-158.2642,141.4795,-42.2974,3.0505,,
DATA,A002,1,306,54722,-0.6298,2.4797,0.5291,-178.2227,213.0127,-71.2891,2.6126,,
DATA,A002,1,307,54732,-1.1286,1.8774,0.4080,-161.2549,264.2212,-102.7832,2.2282,,
DATA,A002,1,308,54742,-1.3254,1.6794,0.3194,-139.8926,260.3149,-120.9106,2.1631,,
DATA,A002,1,309,54752,-1.2961,1.4311,0.2120,-119.4458,220.8252,-142.8833,1.9424,,
DATA,A002,1,310,54762,-1.1545,1.2580,0.1588,-106.1401,189.1479,-152.1606,1.7148,,
DATA,A002,1,311,54772,-0.8844,1.0095,0.1575,-87.1582,154.4189,-160.1562,1.3514,,
DATA,A002,1,312,54782,-0.7392,0.8528,0.1534,-79.1016,139.6484,-162.7197,1.1389,,
DATA,A002,1,313,54792,-0.6261,0.6135,0.1190,-71.9604,128.1738,-162.6587,0.8846,,
DATA,A002,1,314,54802,-0.5937,0.4519,0.1102,-64.5752,119.3237,-161.1328,0.7542,,
DATA,A002,1,315,54812,-0.5544,0.2683,0.0787,-51.1475,99.1211,-159.7290,0.6209,,
DATA,A002,1,316,54822,-0.5021,0.1609,0.0635,-39.6118,81.7261,-160.4004,0.5311,,
DATA,A002,1,317,54832,-0.4098,0.0408,0.0584,-17.0288,53.5889,-163.1470,0.4160,,
DATA,A002,1,318,54842,-0.3525,-0.0134,0.0589,-1.2817,34.8511,-164.8560,0.3576,,
DATA,A002,1,319,54852,-0.2765,-0.0515,0.0745,20.9351,7.9346,-166.8091,0.2910,,
DATA,A002,1,320,54862,-0.2340,-0.0584,0.0885,33.5083,-8.7891,-167.7856,0.2569,,
DATA,A002,1,321,54872,-0.1955,-0.0567,0.1124,47.8516,-31.7383,-168.5181,0.2325,,
DATA,A002,1,322,54882,-0.1791,-0.0486,0.1156,54.6265,-44.1284,-168.9453,0.2186,,
DATA,A002,1,323,54892,-0.1554,-0.0369,0.1102,62.9883,-58.4717,-170.7764,0.1941,,
DATA,A002,1,324,54902,-0.1471,-0.0293,0.1043,68.2983,-67.7490,-172.7295,0.1827,,
DATA,A002,1,325,54912,-0.1147,-0.0110,0.0950,75.4395,-78.7964,-175.9033,0.1493,,
DATA,A002,1,326,54922,-0.0883,0.0051,0.0880,79.2847,-86.0596,-178.2227,0.1247,,
DATA,A002,1,327,54932,-0.0592,0.0285,0.0755,82.6416,-96.3745,-180.8472,0.1001,,
DATA,A002,1,328,54942,-0.0837,0.0310,0.0753,83.2520,-104.2480,-181.7017,0.1167,,
DATA,A002,1,329,54952,-0.1725,0.0249,0.0684,82.7026,-126.3428,-181.2134,0.1873,,
DATA,A002,1,330,54962,-0.2333,0.0246,0.0614,82.3975,-149.1699,-180.3589,0.2425,,
DATA,A002,1,331,54972,-0.3088,0.0307,0.0452,80.5054,-175.5981,-178.4668,0.3136,,
DATA,A002,1,332,54982,-0.3681,0.0471,0.0377,78.9185,-190.7959,-176.9409,0.3730,,
DATA,A002,1,333,54992,-0.4338,0.0703,0.0201,78.9185,-205.8105,-173.4009,0.4399,,
DATA,A002,1,334,55002,-0.5990,0.1113,-0.0207,77.8198,-231.6895,-162.8418,0.6096,,
DATA,A002,1,335,55012,-0.7987,0.1191,-0.0151,75.3784,-250.7324,-151.2451,0.8077,,
DATA,A002,1,336,55022,-1.1227,0.1252,0.0731,72.6318,-287.8418,-132.9956,1.1320,,
DATA,A002,1,337,55032,-1.1454,0.1479,0.2335,76.4771,-313.2935,-122.0703,1.1783,,
DATA,A002,1,338,55042,-1.1303,0.2627,0.5184,89.9048,-364.3188,-94.1772,1.2709,,
DATA,A002,1,339,55052,-1.6925,0.3926,0.7008,105.4688,-376.4038,-59.8145,1.8735,,
DATA,A002,1,340,55062,-2.0790,0.7146,0.6898,147.2778,-398.9868,-25.8789,2.3041,,
DATA,A002,1,341,55072,-1.8771,0.8869,0.7987,161.5601,-422.7905,-20.8130,2.2244,,
DATA,A002,1,342,55082,-1.4762,1.2417,0.9290,165.7715,-416.5039,-5.0659,2.1411,,
DATA,A002,1,343,55092,-1.3466,1.5871,1.0963,164.6729,-386.6577,7.9956,2.3525,,
DATA,A002,1,344,55102,-1.0224,2.0722,1.2991,136.4746,-320.3125,15.8691,2.6509,,
DATA,A002,1,345,55112,-0.7485,2.0847,1.2406,81.4209,-249.7559,11.5967,2.5387,,
DATA,A002,1,346,55122,-0.4809,1.7234,1.1046,8.8501,-122.8638,-3.4790,2.1027,,
DATA,A002,1,347,55132,-0.3732,1.4724,0.9722,-13.6108,-50.2930,-10.5591,1.8035,,
DATA,A002,1,348,55142,-0.2284,1.2668,0.7303,-26.4893,33.2031,-18.6157,1.4800,,
DATA,A002,1,349,55152,-0.1647,1.2021,0.6363,-33.2031,73.4253,-23.4375,1.3701,,
DATA,A002,1,350,55162,-0.1596,1.0754,0.5394,-43.7012,112.9150,-27.6489,1.2136,,
DATA,A002,1,351,55172,-0.1816,0.9756,0.5179,-46.6919,123.8403,-28.5645,1.1193,,
DATA,A002,1,352,55182,-0.2487,0.8093,0.4967,-46.8750,126.4648,-26.5503,0.9816,,
DATA,A002,1,353,55192,-0.2553,0.7114,0.5101,-42.9077,120.9717,-26.6113,0.9118,,
DATA,A002,1,354,55202,-0.2062,0.5962,0.5201,-35.3394,108.4595,-26.9775,0.8176,,
DATA,A002,1,355,55212,-0.1601,0.5315,0.5318,-31.0669,102.7832,-29.3579,0.7687,,
DATA,A002,1,356,55222,-0.1054,0.4487,0.5413,-28.2593,97.9614,-32.4097,0.7110,,
DATA,A002,1,357,55232,-0.0712,0.3916,0.5496,-27.7710,94.2383,-33.4473,0.6786,,
DATA,A002,1,358,55242,0.0020,0.3139,0.5416,-25.5127,88.3789,-34.4238,0.6260,,
DATA,A002,1,359,55252,0.0211,0.2641,0.5389,-22.9492,81.6650,-34.7290,0.6005,,
DATA,A002,1,360,55262,-0.0658,0.2016,0.5057,-20.6909,55.2368,-27.4658,0.5484,,
DATA,A002,1,361,55272,-0.0795,0.1426,0.4781,-20.6909,34.6069,-26.0620,0.5052,,
DATA,A002,1,362,55282,-0.0256,0.0434,0.4063,-18.9209,5.0049,-28.1982,0.4094,,
DATA,A002,1,363,55292,0.0135,-0.0127,0.3621,-15.5029,-10.6201,-28.5034,0.3626,,
DATA,A002,1,364,55302,0.0355,-0.0506,0.3184,-12.1460,-23.3154,-29.2358,0.3244,,
DATA,A002,1,365,55312,0.0081,-0.0925,0.2540,-5.7373,-40.2222,-28.9917,0.2704,,
DATA,A002,1,366,55322,-0.0224,-0.1050,0.2149,-1.8921,-52.1240,-28.8696,0.2402,,
DATA,A002,1,367,55332,-0.1103,-0.1182,0.1878,1.5259,-73.4253,-29.5410,0.2478,,
DATA,A002,1,368,55342,-0.2040,-0.1253,0.1876,2.8076,-93.9331,-29.8462,0.3041,,
DATA,A002,1,369,55352,-0.3930,-0.1116,0.1922,6.6528,-138.8550,-26.5503,0.4515,,
DATA,A002,1,370,55362,-0.4797,-0.0918,0.2052,8.4229,-169.4946,-29.3579,0.5297,,
DATA,A002,1,371,55372,-0.5878,-0.0366,0.2593,12.0239,-218.0786,-33.5083,0.6435,,
DATA,A002,1,372,55382,-0.5624,0.0168,0.2515,12.5122,-244.9951,-38.8794,0.6163,,
DATA,A002,1,373,55392,-0.4616,0.0596,0.2799,5.9204,-275.8179,-48.0347,0.5431,,
DATA,A002,1,374,55402,-0.4347,0.0522,0.3135,1.2207,-285.9497,-49.7437,0.5385,,
DATA,A002,1,375,55412,-0.4936,0.0137,0.5042,5.4321,-297.6074,-47.3022,0.7057,,
DATA,A002,1,376,55422,-0.5331,0.0176,0.6673,16.6626,-298.8281,-42.6636,0.8543,,
DATA,A002,1,377,55432,-0.5548,0.1128,0.9718,39.7949,-300.1709,-37.4146,1.1247,,
DATA,A002,1,378,55442,-0.5602,0.2234,1.1614,53.1616,-292.0532,-31.8604,1.3087,,
DATA,A002,1,379,55452,-0.3537,0.4387,1.3961,73.3032,-255.4932,-26.0620,1.5055,,
DATA,A002,1,380,55462,-0.1181,0.6443,1.5020,85.7544,-213.8062,-21.6064,1.6386,,
DATA,A002,1,381,55472,0.1690,0.9404,1.5372,78.0640,-128.2349,-12.0850,1.8099,,
DATA,A002,1,382,55482,0.1598,1.0376,1.6068,63.2935,-70.4346,-7.3853,1.9193,,
DATA,A002,1,383,55492,-0.2668,1.0408,1.7576,46.9971,-1.1597,6.2866,2.0600,,
DATA,A002,1,384,55502,-0.5224,1.1033,1.8031,49.9878,23.0713,10.8643,2.1774,,
DATA,A002,1,385,55512,-0.5434,1.2305,1.6676,41.8091,25.2075,15.4419,2.1424,,
DATA,A002,1,386,55522,-0.4279,1.1692,1.5045,16.7236,22.5220,16.7236,1.9528,,
DATA,A002,1,387,55532,-0.2558,0.8740,1.3201,-9.2773,28.6255,15.5029,1.6038,,
DATA,A002,1,388,55542,-0.1464,0.7366,1.2313,-7.7515,36.2549,14.5264,1.4422,,
DATA,A002,1,389,55552,0.0057,0.6911,1.1265,4.6387,47.4243,12.2681,1.3217,,
DATA,A002,1,390,55562,0.1087,0.6736,1.0577,8.4839,53.8330,9.0942,1.2587,,
DATA,A002,1,391,55572,0.1302,0.5986,0.9388,8.9111,58.4106,5.8594,1.1210,,
DATA,A002,1,392,55582,0.0911,0.5708,0.8450,17.5781,56.9458,9.7656,1.0238,,
DATA,A002,1,393,55592,-0.2472,0.6164,0.5150,33.9966,53.8330,-5.0659,0.8404,,
DATA,A002,1,394,55602,0.1444,0.4292,0.6182,20.1416,16.1133,-1.5869,0.7663,,
DATA,A002,1,395,55612,0.2882,0.2683,0.6253,23.1934,35.8276,0.6104,0.7389,,
DATA,A002,1,396,55622,0.1610,0.2580,0.6417,31.5552,50.4761,-1.6479,0.7101,,
DATA,A002,1,397,55632,0.1485,0.2422,0.6497,36.0107,45.5322,-1.9531,0.7091,,
DATA,A002,1,398,55642,0.1300,0.2480,0.6241,37.1094,29.5410,-3.1128,0.6840,,
DATA,A002,1,399,55652,0.1060,0.1709,0.5960,30.0903,12.9395,-4.8828,0.6290,,
DATA,A002,1,400,55662,0.0160,0.1279,0.5325,22.7051,-2.6855,-7.3853,0.5479,,
DATA,A002,1,401,55672,0.0150,0.0371,0.4659,12.0239,-13.8550,-13.3057,0.4676,,
DATA,A002,1,402,55682,0.0108,-0.0828,0.4112,7.2632,-28.6865,-20.3247,0.4196,,
DATA,A002,1,403,55692,-0.1130,0.0261,0.3284,9.5825,-37.9028,-25.0854,0.3483,,
DATA,A002,1,404,55702,0.2447,0.9878,0.6212,-16.6016,-87.8296,-57.8003,1.1922,,
DATA,A002,1,405,55712,0.1539,-0.2083,0.0723,-101.2573,-83.4961,-34.2407,0.2689,,
DATA,A002,1,406,55722,0.2081,-0.1448,-0.0727,-44.4946,-91.3696,-25.5127,0.2637,,
DATA,A002,1,407,55732,0.2362,-0.1184,-0.0270,-44.5557,-86.6699,-13.7329,0.2656,,
DATA,A002,1,408,55742,0.0369,-0.1663,0.0035,-35.1562,-71.1670,-26.1230,0.1704,,
DATA,A002,1,409,55752,-0.1364,-0.1382,0.1307,-16.9067,-66.9556,-38.8794,0.2341,,
DATA,A002,1,410,55762,-0.0959,-0.1211,0.2672,16.9678,-85.8154,-43.7622,0.3086,,
DATA,A002,1,411,55772,-0.0487,0.1096,0.3914,29.2969,-94.3604,-43.4570,0.4094,,
DATA,A002,1,412,55782,-0.0124,0.2576,0.5748,26.0010,-104.4312,-36.7432,0.6300,,
DATA,A002,1,413,55792,-0.0414,0.3271,0.7113,21.0571,-106.0791,-33.6914,0.7840,,
DATA,A002,1,414,55802,-0.0612,0.5991,0.8636,1.9531,-104.3091,-22.7051,1.0528,,
DATA,A002,1,415,55812,-0.1454,0.3862,0.9539,-5.4932,-101.4404,-20.9961,1.0394,,
DATA,A002,1,416,55822,-0.1640,0.3869,1.2105,29.3579,-94.3604,-20.8740,1.2814,,
DATA,A002,1,417,55832,0.0982,1.1863,1.4595,43.6401,-91.0034,0.0000,1.8834,,
DATA,A002,1,418,55842,0.0404,0.9133,1.5677,61.2183,-67.3218,40.1611,1.8148,,
DATA,A002,1,419,55852,0.0467,0.9905,1.6251,66.5894,-25.2686,39.6118,1.9037,,
DATA,A002,1,420,55862,-0.0651,0.9978,1.5633,49.0112,-0.3662,18.0664,1.8557,,
DATA,A002,1,421,55872,-0.1232,1.1667,1.5762,41.0767,9.8877,10.9253,1.9649,,
DATA,A002,1,422,55882,-0.1852,1.4704,1.5692,-7.3242,-1.5259,-23.7427,2.1584,,
DATA,A002,1,423,55892,-0.1159,1.4660,1.4945,-32.2876,-13.1836,-21.8506,2.0967,,
DATA,A002,1,424,55902,-0.3852,1.1135,1.5601,-71.5942,-10.3149,-43.4570,1.9551,,
DATA,A002,1,425,55912,-0.3454,1.0686,1.4190,-104.1260,-18.3105,-40.9546,1.8096,,
DATA,A002,1,426,55922,-0.1723,0.7944,1.2813,-140.0757,-24.1089,-27.0386,1.5174,,
DATA,A002,1,427,55932,0.1224,0.6841,1.3084,-109.1919,-12.0850,-9.8877,1.4815,,
DATA,A002,1,428,55942,0.1056,0.3059,1.2769,-60.8521,12.8784,-16.8457,1.3173,,
DATA,A002,1,429,55952,0.1065,0.1836,1.2445,-26.0010,25.2075,-26.6724,1.2624,,
DATA,A002,1,430,55962,0.1441,0.1614,1.1661,17.3950,20.5078,-37.4146,1.1860,,
DATA,A002,1,431,55972,-0.0019,0.3938,1.4801,38.0859,12.2681,-34.4849,1.5315,,
DATA,A002,1,432,55982,0.2410,0.2097,1.1722,45.2881,3.9062,-28.0151,1.2150,,
DATA,A002,1,433,55992,0.1541,0.2070,1.0299,83.2520,-20.8740,-14.5874,1.0617,,
DATA,A002,1,434,56002,0.2030,0.2805,0.9891,101.5015,-48.0347,-5.1880,1.0479,,
DATA,A002,1,435,56012,0.2357,0.3972,0.8372,112.6709,-68.1763,5.1880,0.9562,,
DATA,A002,1,436,56022,0.2083,0.4617,0.7359,104.0039,-61.3403,0.8545,0.8934,,
DATA,A002,1,437,56032,0.2069,0.3408,0.5582,70.9229,-37.7808,-11.9019,0.6859,,
DATA,A002,1,438,56042,0.1908,0.2661,0.4881,44.3726,-26.9775,-14.8315,0.5877,,
DATA,A002,1,439,56052,0.0794,0.1972,0.4119,16.7847,-24.7803,-19.7754,0.4636,,
DATA,A002,1,440,56062,0.0543,0.1284,0.3741,4.8218,-29.2969,-22.3999,0.3992,,
DATA,A002,1,441,56072,0.1578,0.1299,0.3909,-18.2495,-40.5884,-8.6670,0.4411,,
DATA,A002,1,442,56082,0.1517,0.0039,0.3687,-36.8652,-38.3911,2.2583,0.3987,,
DATA,A002,1,443,56092,0.1290,-0.1633,0.2913,-58.6548,-23.4985,18.9209,0.3580,,
DATA,A002,1,444,56102,0.0731,-0.0410,0.2725,-54.1992,-24.4141,30.3345,0.2851,,
DATA,A002,1,445,56112,0.0951,0.0459,0.3323,-49.7437,-34.7900,37.4756,0.3487,,
DATA,A002,1,446,56122,0.1334,0.0347,0.3741,-37.7197,-40.1611,35.7666,0.3987,,
DATA,A002,1,447,56132,0.1209,-0.0496,0.4356,-17.5781,-33.0811,19.2261,0.4548,,
DATA,A002,1,448,56142,0.1729,0.1059,0.4488,6.1035,-44.7388,29.7852,0.4925,,
DATA,A002,1,449,56152,0.2691,0.2285,0.5084,37.9639,-43.0908,19.9585,0.6189,,
DATA,A002,1,450,56162,-0.0395,0.3662,0.5455,34.3628,-21.7285,9.0942,0.6582,,
DATA,A002,1,451,56172,0.1099,0.3725,0.6090,28.1982,-24.4141,10.9863,0.7223,,
DATA,A002,1,452,56182,0.1363,0.4951,0.6827,27.0386,-26.4282,6.1035,0.8543,,
DATA,A002,1,453,56192,0.0389,0.5495,0.8602,38.3911,-26.9165,-2.5635,1.0215,,
DATA,A002,1,454,56202,0.1749,0.7278,0.9544,33.8745,-18.8599,-7.8735,1.2129,,
DATA,A002,1,455,56212,0.1910,0.7759,1.1241,25.6958,-6.1035,-19.9585,1.3791,,
DATA,A002,1,456,56222,0.1893,0.8501,1.2274,23.6206,4.1504,-26.8555,1.5050,,
DATA,A002,1,457,56232,0.1729,0.9543,1.3446,19.1040,19.3481,-35.7666,1.6579,,
DATA,A002,1,458,56242,0.2086,1.0195,1.3822,13.7939,30.6396,-40.5273,1.7301,,
DATA,A002,1,459,56252,0.1422,1.0561,1.3885,6.7139,53.0396,-52.6123,1.7503,,
DATA,A002,1,460,56262,0.1082,1.0908,1.3668,2.1973,60.4858,-51.2085,1.7520,,
EVENT,A002,1,,56271,,,,,,,,STOP,460
EVENT,A002,2,,57984,,,,,,,,START,
DATA,A002,2,1,58007,-0.0072,0.4199,0.8284,6.1646,13.1836,-6.6528,0.9288,,
DATA,A002,2,2,58017,0.0152,0.4314,0.8223,5.7983,8.3618,-5.7983,0.9287,,
DATA,A002,2,3,58027,0.0181,0.3989,0.8209,4.5776,4.6387,-4.7607,0.9128,,
DATA,A002,2,4,58037,0.0423,0.3772,0.8187,5.5542,4.8218,-2.1973,0.9024,,
DATA,A002,2,5,58047,0.0069,0.3843,0.8468,6.7139,8.1177,0.1221,0.9299,,
DATA,A002,2,6,58057,0.0245,0.3979,0.8433,7.2021,10.6812,0.4883,0.9328,,
DATA,A002,2,7,58067,0.0482,0.4070,0.8336,7.6294,14.6484,1.3428,0.9289,,
DATA,A002,2,8,58077,0.0496,0.4360,0.8206,7.8735,16.2354,2.6245,0.9306,,
DATA,A002,2,9,58087,0.0291,0.4541,0.8048,7.2021,19.5923,1.5869,0.9245,,
DATA,A002,2,10,58097,0.0350,0.4697,0.8013,5.8594,20.3857,1.1597,0.9295,,
DATA,A002,2,11,58107,0.0462,0.4402,0.8157,5.0659,20.6299,1.5259,0.9281,,
DATA,A002,2,12,58117,0.0111,0.3926,0.7994,6.2866,20.9351,2.3804,0.8906,,
DATA,A002,2,13,58127,0.0157,0.4265,0.8055,10.0098,19.3481,2.7466,0.9116,,
DATA,A002,2,14,58137,0.0206,0.4375,0.7991,14.5264,18.9209,2.7466,0.9113,,
DATA,A002,2,15,58147,-0.0251,0.4472,0.8067,16.7236,20.2637,2.6245,0.9227,,
DATA,A002,2,16,58157,0.0338,0.4568,0.7989,17.7002,21.4844,1.9531,0.9209,,
DATA,A002,2,17,58167,0.0282,0.4458,0.8065,18.9209,23.4375,2.5024,0.9219,,
DATA,A002,2,18,58177,-0.0082,0.4253,0.8128,20.9351,25.6958,2.2583,0.9174,,
DATA,A002,2,19,58187,-0.0319,0.4204,0.8233,22.7051,24.1089,2.3193,0.9250,,
DATA,A002,2,20,58197,-0.0490,0.4228,0.8292,25.5127,19.4702,2.1362,0.9321,,
DATA,A002,2,21,58207,-0.0290,0.4209,0.8226,28.0151,16.9067,2.7466,0.9245,,
DATA,A002,2,22,58217,-0.0129,0.4158,0.8055,32.2266,15.5640,4.0283,0.9066,,
DATA,A002,2,23,58227,-0.0102,0.4087,0.7935,35.8276,15.9912,4.5776,0.8926,,
DATA,A002,2,24,58237,0.0030,0.4175,0.7872,42.6025,16.9067,4.3945,0.8910,,
DATA,A002,2,25,58247,0.0140,0.4267,0.7852,47.3022,18.6157,4.3945,0.8938,,
DATA,A002,2,26,58257,0.0316,0.4392,0.7840,53.6499,21.9116,4.2114,0.8992,,
DATA,A002,2,27,58267,0.0716,0.4350,0.7293,58.7158,21.9727,5.9814,0.8522,,
DATA,A002,2,28,58277,-0.0016,0.4585,0.7716,65.9790,23.0103,11.2305,0.8975,,
DATA,A002,2,29,58287,0.0123,0.4443,0.7803,66.2231,22.1558,14.4653,0.8981,,
DATA,A002,2,30,58297,0.0404,1.1243,0.7188,48.1567,24.0479,18.6157,1.3350,,
DATA,A002,2,31,58307,0.0072,0.9485,1.0465,93.0176,43.1519,25.6958,1.4123,,
DATA,A002,2,32,58317,0.1026,0.4817,0.6854,66.5894,39.9780,21.0571,0.8440,,
DATA,A002,2,33,58327,0.0797,0.7898,0.6900,71.3501,55.4810,19.5312,1.0518,,
DATA,A002,2,34,58337,0.0455,0.7388,0.6815,66.7114,88.9893,6.5918,1.0061,,
DATA,A002,2,35,58347,0.2237,1.0378,0.6151,58.1665,64.3311,22.0337,1.2270,,
DATA,A002,2,36,58357,0.2738,0.6362,0.2918,104.6143,86.2427,10.5591,0.7516,,
DATA,A002,2,37,58367,0.6121,0.2790,0.2567,192.3218,70.3735,29.7852,0.7200,,
DATA,A002,2,38,58377,0.1165,0.9839,0.8873,148.4985,166.2598,71.4722,1.3300,,
DATA,A002,2,39,58387,0.0433,1.1335,0.4742,47.9126,193.4814,51.3306,1.2295,,
DATA,A002,2,40,58397,0.2598,1.0097,0.4178,7.8125,209.6558,52.4292,1.1232,,
DATA,A002,2,41,58407,0.3765,0.8869,0.3348,-10.7422,231.4453,58.6548,1.0201,,
DATA,A002,2,42,58417,0.3131,0.7930,0.2222,-11.7188,275.0854,74.0967,0.8810,,
DATA,A002,2,43,58427,0.2088,0.8374,0.1639,-5.1270,300.7812,83.6792,0.8785,,
DATA,A002,2,44,58437,0.1219,0.9170,0.1129,-2.2583,321.4111,90.5762,0.9319,,
DATA,A002,2,45,58447,0.0138,0.9826,0.0291,-5.1270,346.0083,98.3887,0.9832,,
DATA,A002,2,46,58457,-0.0551,1.0461,-0.0261,-7.6294,362.1826,102.8442,1.0479,,
DATA,A002,2,47,58467,-0.1410,1.0813,-0.1117,-17.8833,385.6201,106.9336,1.0962,,
DATA,A002,2,48,58477,-0.2116,1.0779,-0.1589,-24.0479,398.3765,109.8633,1.1099,,
DATA,A002,2,49,58487,-0.3132,1.0674,-0.2240,-29.9683,411.9873,113.2202,1.1347,,
DATA,A002,2,50,58497,-0.3547,1.0432,-0.2375,-31.1279,418.0908,113.6475,1.1271,,
DATA,A002,2,51,58507,-0.3864,1.0249,-0.2243,-28.0762,423.2178,114.3799,1.1180,,
DATA,A002,2,52,58517,-0.3935,1.0295,-0.2077,-25.2686,425.7812,114.3799,1.1216,,
DATA,A002,2,53,58527,-0.3835,1.0356,-0.1493,-19.9585,429.3213,115.2954,1.1144,,
DATA,A002,2,54,58537,-0.3966,1.0412,-0.1054,-16.2354,428.7109,118.4692,1.1192,,
DATA,A002,2,55,58547,-0.4274,1.0788,-0.0661,-9.4604,426.2695,125.3662,1.1623,,
DATA,A002,2,56,58557,-0.4430,1.0952,-0.0383,-7.3853,422.3633,131.1035,1.1820,,
DATA,A002,2,57,58567,-0.4701,1.1428,-0.0295,-2.9907,413.2690,141.6626,1.2361,,
DATA,A002,2,58,58577,-0.4914,1.1872,-0.0380,0.3662,403.2593,150.5127,1.2855,,
DATA,A002,2,59,58587,-0.5141,1.2449,-0.0448,3.3569,380.8594,164.0015,1.3476,,
DATA,A002,2,60,58597,-0.5253,1.2737,-0.0585,3.4790,362.3047,174.3164,1.3790,,
DATA,A002,2,61,58607,-0.5302,1.2939,-0.0815,2.6245,330.6885,189.2090,1.4007,,
DATA,A002,2,62,58617,-0.5141,1.2976,-0.0922,3.0518,307.2510,197.7539,1.3988,,
DATA,A002,2,63,58627,-0.5422,1.2951,-0.0954,0.4883,268.4326,212.9517,1.4073,,
DATA,A002,2,64,58637,-0.5614,1.3091,-0.0788,1.0376,241.0889,220.8862,1.4266,,
DATA,A002,2,65,58647,-0.5712,1.3545,-0.0905,2.4414,200.5005,232.7881,1.4728,,
DATA,A002,2,66,58657,-0.5636,1.3647,-0.0846,0.9155,174.6826,238.7695,1.4790,,
DATA,A002,2,67,58667,-0.5556,1.3591,-0.0761,-4.0283,138.0615,247.3145,1.4703,,
DATA,A002,2,68,58677,-0.5544,1.3464,-0.0756,-5.7983,116.2109,252.2583,1.4580,,
DATA,A002,2,69,58687,-0.5575,1.3352,-0.0556,-4.4556,86.0596,258.1177,1.4480,,
DATA,A002,2,70,58697,-0.5570,1.3535,-0.0490,-0.1221,68.6035,261.8408,1.4645,,
DATA,A002,2,71,58707,-0.5426,1.3899,-0.0378,5.2490,47.3633,265.1978,1.4925,,
DATA,A002,2,72,58717,-0.5299,1.3999,-0.0470,5.0049,37.7808,266.2964,1.4976,,
DATA,A002,2,73,58727,-0.5212,1.3857,-0.0422,4.8828,28.8086,265.6860,1.4811,,
DATA,A002,2,74,58737,-0.5282,1.3694,-0.0356,6.1035,24.8413,264.3433,1.4682,,
DATA,A002,2,75,58747,-0.5424,1.3574,-0.0282,7.4463,22.2168,261.7188,1.4620,,
DATA,A002,2,76,58757,-0.5761,1.3303,0.0079,8.7280,18.4937,255.3101,1.4497,,
DATA,A002,2,77,58767,-0.6003,1.3142,0.0262,10.6812,16.7236,249.6948,1.4450,,
DATA,A002,2,78,58777,-0.6357,1.2861,0.0467,11.6577,15.1367,238.6475,1.4354,,
DATA,A002,2,79,58787,-0.6647,1.2490,0.0599,10.1318,13.8550,229.5532,1.4161,,
DATA,A002,2,80,58797,-0.7091,1.1843,0.0714,8.9111,11.9629,213.5620,1.3822,,
DATA,A002,2,81,58807,-0.7499,1.1318,0.0748,8.1177,9.5215,201.4771,1.3598,,
DATA,A002,2,82,58817,-0.8102,1.0547,0.0819,6.5918,2.0142,180.9692,1.3325,,
DATA,A002,2,83,58827,-0.8371,0.9944,0.0831,5.8594,-5.8594,165.8325,1.3024,,
DATA,A002,2,84,58837,-0.8652,0.9082,0.0902,5.8594,-18.4937,141.4795,1.2575,,
DATA,A002,2,85,58847,-0.8673,0.8594,0.1014,6.7749,-25.9399,122.7417,1.2252,,
DATA,A002,2,86,58857,-0.8398,0.7766,0.1004,9.4604,-39.8560,97.5952,1.1482,,
DATA,A002,2,87,58867,-0.8085,0.7307,0.0955,11.9019,-45.6543,79.7729,1.0940,,
DATA,A002,2,88,58877,-0.7528,0.6806,0.1055,15.5029,-49.0112,53.8330,1.0204,,
DATA,A002,2,89,58887,-0.7279,0.6540,0.1212,17.3950,-48.5229,37.0483,0.9861,,
DATA,A002,2,90,58897,-0.7192,0.6387,0.1436,20.9961,-44.1895,13.6719,0.9725,,
DATA,A002,2,91,58907,-0.7277,0.6396,0.1641,22.7051,-40.7715,-1.2207,0.9827,,
DATA,A002,2,92,58917,-0.7245,0.6430,0.1839,23.0713,-34.9731,-22.3999,0.9860,,
DATA,A002,2,93,58927,-0.7194,0.6514,0.1876,22.4609,-31.2500,-34.9731,0.9884,,
DATA,A002,2,94,58937,-0.7104,0.6750,0.2020,22.1558,-27.0996,-52.1240,1.0005,,
DATA,A002,2,95,58947,-0.7094,0.6911,0.2056,21.1182,-24.3530,-62.6831,1.0115,,
DATA,A002,2,96,58957,-0.7060,0.7261,0.2176,19.4092,-20.9351,-77.3315,1.0358,,
DATA,A002,2,97,58967,-0.7052,0.7680,0.2117,17.2119,-18.6157,-86.1816,1.0640,,
DATA,A002,2,98,58977,-0.7030,0.8291,0.2086,11.2915,-16.3574,-98.7549,1.1069,,
DATA,A002,2,99,58987,-0.7199,0.8677,0.2069,6.8359,-14.2212,-106.5063,1.1462,,
DATA,A002,2,100,58997,-0.7445,0.9326,0.1993,-0.1831,-11.4746,-117.9199,1.2099,,
DATA,A002,2,101,59007,-0.7621,0.9746,0.1968,-5.8594,-10.1929,-125.9766,1.2528,,
DATA,A002,2,102,59017,-0.8031,1.0381,0.2037,-15.3809,-9.5215,-137.8784,1.3282,,
DATA,A002,2,103,59027,-0.8429,1.0808,0.2379,-18.9209,-7.6904,-146.6675,1.3911,,
DATA,A002,2,104,59037,-0.8815,1.1924,0.2803,-20.5078,-4.1504,-162.7197,1.5091,,
DATA,A002,2,105,59047,-0.8576,1.2803,0.2698,-23.8037,-2.0142,-174.7437,1.5644,,
DATA,A002,2,106,59057,-0.7714,1.3625,0.2425,-34.7900,1.7090,-194.2139,1.5844,,
DATA,A002,2,107,59067,-0.7140,1.3855,0.2562,-43.2739,4.6997,-208.9844,1.5796,,
DATA,A002,2,108,59077,-0.6913,1.4160,0.2904,-46.6309,8.2397,-224.4873,1.6023,,
DATA,A002,2,109,59087,-0.7152,1.5376,0.3043,-42.2974,13.0615,-247.3755,1.7229,,
DATA,A002,2,110,59097,-0.7284,1.6487,0.3045,-38.3301,17.2729,-263.0615,1.8280,,
DATA,A002,2,111,59107,-0.7018,1.7790,0.2847,-45.2271,26.9775,-287.8418,1.9335,,
DATA,A002,2,112,59117,-0.6943,1.8166,0.2503,-55.0537,32.6538,-303.5889,1.9608,,
DATA,A002,2,113,59127,-0.7670,1.8540,0.2193,-58.7769,35.6445,-322.7539,2.0183,,
DATA,A002,2,114,59137,-0.8280,1.9228,0.2054,-53.5889,31.8604,-334.8999,2.1036,,
DATA,A002,2,115,59147,-0.9347,2.1059,0.2010,-42.2363,11.7798,-349.6094,2.3128,,
DATA,A002,2,116,59157,-1.0028,2.2854,0.1805,-34.4238,-8.9722,-356.5674,2.5023,,
DATA,A002,2,117,59167,-1.0524,2.5688,0.1895,-30.5176,-43.9453,-364.9292,2.7825,,
DATA,A002,2,118,59177,-1.0046,2.7265,0.1483,-34.1187,-73.0591,-369.7510,2.9095,,
DATA,A002,2,119,59187,-0.8310,2.8567,0.0552,-44.9219,-109.4360,-373.4741,2.9756,,
DATA,A002,2,120,59197,-0.7267,2.9011,0.0047,-52.4292,-127.6245,-373.5352,2.9907,,
DATA,A002,2,121,59207,-0.5426,2.8994,-0.1481,-65.3076,-138.7939,-369.5068,2.9535,,
DATA,A002,2,122,59217,-0.3864,2.8760,-0.1999,-69.0918,-140.8691,-364.1357,2.9087,,
DATA,A002,2,123,59227,-0.1864,2.8584,-0.2514,-72.0825,-136.1694,-354.3701,2.8755,,
DATA,A002,2,124,59237,-0.0707,2.8410,-0.2844,-72.3877,-125.7324,-343.6279,2.8561,,
DATA,A002,2,125,59247,0.0875,2.7898,-0.3874,-72.1436,-92.0410,-316.2842,2.8179,,
DATA,A002,2,126,59257,0.1558,2.7251,-0.3459,-65.2466,-66.2842,-287.9639,2.7514,,
DATA,A002,2,127,59267,0.0594,2.4919,-0.3237,-85.6323,-63.1104,-261.4136,2.5136,,
DATA,A002,2,128,59277,0.0897,2.2004,-0.3688,-107.4219,-58.7158,-239.9902,2.2329,,
DATA,A002,2,129,59287,0.0921,1.7666,-0.3505,-101.5625,-42.5415,-198.3032,1.8034,,
DATA,A002,2,130,59297,0.0946,1.4980,-0.4086,-84.1064,-19.0430,-166.3208,1.5556,,
DATA,A002,2,131,59307,0.1466,1.2036,-0.4299,-43.8843,6.4697,-115.7837,1.2864,,
DATA,A002,2,132,59317,0.2171,1.0598,-0.4614,-21.6064,3.7231,-78.3691,1.1761,,
DATA,A002,2,133,59327,0.4329,0.8320,-0.4059,1.5869,-11.4136,-23.1934,1.0220,,
DATA,A002,2,134,59337,0.5975,0.6750,-0.3696,14.4653,-20.3247,11.5356,0.9743,,
DATA,A002,2,135,59347,0.7567,0.4936,-0.3324,33.5693,-24.9634,61.0962,0.9627,,
DATA,A002,2,136,59357,0.7481,0.4072,-0.3368,46.4478,-22.2168,92.5903,0.9160,,
DATA,A002,2,137,59367,0.6097,0.3564,-0.2907,67.5049,-13.7939,133.2397,0.7637,,
DATA,A002,2,138,59377,0.4840,0.3428,-0.2775,78.5522,-9.7656,157.8369,0.6548,,
DATA,A002,2,139,59387,0.3035,0.3284,-0.2385,94.8486,-6.1035,189.5142,0.5068,,
DATA,A002,2,140,59397,0.2005,0.3469,-0.2682,107.7881,-5.3101,205.5664,0.4822,,
DATA,A002,2,141,59407,0.1566,0.3655,-0.1991,113.0371,-11.1694,219.9097,0.4447,,
DATA,A002,2,142,59417,0.1317,0.3691,-0.1574,116.3330,-16.4185,236.0229,0.4223,,
DATA,A002,2,143,59427,0.1339,0.3423,-0.1132,114.3188,-20.9961,246.3379,0.3846,,
DATA,A002,2,144,59437,0.1168,0.3222,-0.0815,112.7930,-23.2544,250.6714,0.3523,,
DATA,A002,2,145,59447,0.0863,0.2981,-0.0607,112.1826,-24.7192,252.1362,0.3162,,
DATA,A002,2,146,59457,0.0360,0.2795,-0.0253,111.8164,-23.3765,250.4883,0.2830,,
DATA,A002,2,147,59467,0.0064,0.2629,-0.0043,111.2061,-21.9727,247.4976,0.2630,,
DATA,A002,2,148,59477,-0.0385,0.2556,0.0533,109.9854,-21.9116,241.8823,0.2639,,
DATA,A002,2,149,59487,-0.0653,0.2351,0.0806,110.8398,-23.1323,238.8306,0.2570,,
DATA,A002,2,150,59497,-0.0934,0.2451,0.1116,117.3096,-22.3999,232.7881,0.2851,,
DATA,A002,2,151,59507,-0.0924,0.2597,0.1392,119.9951,-20.9961,228.2715,0.3089,,
DATA,A002,2,152,59517,-0.0456,0.2847,0.1343,120.2393,-13.3057,221.9238,0.3180,,
DATA,A002,2,153,59527,-0.0468,0.2881,0.2200,119.2627,-4.1504,215.1489,0.3655,,
DATA,A002,2,154,59537,-0.1603,0.3147,0.1951,113.0981,5.0049,213.5010,0.4035,,
DATA,A002,2,155,59547,-0.1581,0.3205,0.2396,111.9385,11.4136,208.2520,0.4303,,
DATA,A002,2,156,59557,-0.1498,0.3506,0.2586,110.1685,18.9209,203.7964,0.4607,,
DATA,A002,2,157,59567,-0.1484,0.3772,0.3045,107.6660,19.4702,200.9277,0.5070,,
DATA,A002,2,158,59577,-0.1527,0.4819,0.2926,108.7036,20.8130,200.2563,0.5841,,
DATA,A002,2,159,59587,-0.1349,0.5649,0.2879,105.4688,23.5596,198.6694,0.6483,,
DATA,A002,2,160,59597,-0.1125,0.6772,0.2564,92.2241,33.0811,198.6694,0.7328,,
DATA,A002,2,161,59607,-0.0924,0.7363,0.2025,78.7964,46.0815,199.0967,0.7692,,
DATA,A002,2,162,59617,-0.0754,0.7998,0.1256,58.3496,66.8945,201.0498,0.8131,,
DATA,A002,2,163,59627,-0.0924,0.8762,0.0455,54.8096,80.6885,205.4443,0.8822,,
DATA,A002,2,164,59637,-0.1481,1.1640,-0.1398,69.9463,108.5815,217.2852,1.1817,,
DATA,A002,2,165,59647,-0.2048,1.5378,-0.3564,96.7407,134.4604,227.5391,1.5918,,
DATA,A002,2,166,59657,-0.3830,2.5627,-0.7074,158.2642,189.9414,239.6240,2.6860,,
DATA,A002,2,167,59667,-0.4845,3.8279,-0.8178,166.7480,260.2539,222.4731,3.9441,,
DATA,A002,2,168,59677,-0.5959,5.4529,-1.0969,-48.8281,331.5430,175.4150,5.5939,,
DATA,A002,2,169,59687,-0.7297,3.9653,-1.1203,-218.0176,367.6758,139.8926,4.1846,,
DATA,A002,2,170,59697,-1.0402,2.2947,-0.3798,-228.8818,418.2129,73.1201,2.5479,,
DATA,A002,2,171,59707,-1.3520,2.1987,-0.0534,-161.6821,434.6924,44.8608,2.5817,,
DATA,A002,2,172,59717,-1.4406,2.3891,0.4022,-81.6650,416.2598,-7.0190,2.8187,,
DATA,A002,2,173,59727,-1.2594,2.1557,0.6317,-41.9312,361.8164,-35.1562,2.5753,,
DATA,A002,2,174,59737,-0.9528,1.9402,0.7811,22.2778,296.9360,-61.8286,2.2983,,
DATA,A002,2,175,59747,-0.6772,1.8860,0.7215,120.8496,202.5146,-91.4307,2.1298,,
DATA,A002,2,176,59757,-0.6869,1.9221,0.5987,167.7856,143.2495,-103.3936,2.1272,,
DATA,A002,2,177,59767,-0.9013,2.0627,0.3494,194.3970,47.4243,-107.0557,2.2780,,
DATA,A002,2,178,59777,-0.9933,2.0261,0.1751,176.5137,-15.5640,-113.2812,2.2633,,
DATA,A002,2,179,59787,-1.0341,1.8867,0.0257,145.2026,-67.8101,-118.8965,2.1517,,
DATA,A002,2,180,59797,-0.9504,1.7275,-0.0024,112.9761,-83.1299,-118.1030,1.9717,,
DATA,A002,2,181,59807,-0.6874,1.3596,-0.0239,60.4858,-86.5479,-120.6665,1.5237,,
DATA,A002,2,182,59817,-0.4462,1.1711,0.0599,25.0854,-90.2100,-115.7227,1.2547,,
DATA,A002,2,183,59827,-0.2079,0.8901,0.1287,-25.2686,-87.1582,-115.5396,0.9231,,
DATA,A002,2,184,59837,-0.1645,0.7156,0.1585,-48.8281,-80.5664,-115.0513,0.7511,,
DATA,A002,2,185,59847,-0.0644,0.5046,0.2808,-68.2373,-63.2935,-116.9434,0.5811,,
DATA,A002,2,186,59857,0.0360,0.4087,0.3621,-76.5991,-40.7104,-117.6758,0.5472,,
DATA,A002,2,187,59867,0.0545,0.2969,0.4432,-88.9893,3.9062,-118.8354,0.5362,,
DATA,A002,2,188,59877,-0.0004,0.2148,0.4698,-97.9004,34.2407,-121.5210,0.5166,,
DATA,A002,2,189,59887,-0.0890,0.0661,0.4483,-108.0933,72.4487,-128.7842,0.4618,,
DATA,A002,2,190,59897,-0.1418,-0.0330,0.4217,-111.6333,90.2710,-133.7891,0.4461,,
DATA,A002,2,191,59907,-0.2240,-0.1558,0.3663,-111.0229,103.1494,-139.3433,0.4568,,
DATA,A002,2,192,59917,-0.2756,-0.2075,0.3233,-107.2388,103.5156,-142.4561,0.4728,,
DATA,A002,2,193,59927,-0.3173,-0.2586,0.2889,-97.4121,92.8955,-146.4233,0.5010,,
DATA,A002,2,194,59937,-0.3361,-0.2681,0.2711,-88.6230,79.2847,-148.1323,0.5082,,
DATA,A002,2,195,59947,-0.3573,-0.2498,0.2515,-74.0967,51.0254,-150.6958,0.5033,,
DATA,A002,2,196,59957,-0.3669,-0.2288,0.2520,-64.6973,29.8462,-152.6489,0.5004,,
DATA,A002,2,197,59967,-0.3639,-0.1934,0.2498,-52.6123,-2.9297,-155.7617,0.4819,,
DATA,A002,2,198,59977,-0.3488,-0.1655,0.2498,-45.2881,-24.4751,-157.7148,0.4599,,
DATA,A002,2,199,59987,-0.3102,-0.1182,0.2508,-36.2549,-53.4668,-160.8276,0.4161,,
DATA,A002,2,200,59997,-0.2787,-0.0884,0.2445,-31.2500,-70.4346,-162.7197,0.3811,,
DATA,A002,2,201,60007,-0.2353,-0.0379,0.1988,-26.4282,-91.7969,-165.1001,0.3103,,
DATA,A002,2,202,60017,-0.2021,-0.0083,0.1485,-25.6348,-102.6001,-167.0532,0.2509,,
DATA,A002,2,203,60027,-0.1291,0.0237,0.0692,-26.7944,-107.2388,-170.9595,0.1483,,
DATA,A002,2,204,60037,-0.0839,0.0303,0.0531,-28.3813,-102.3560,-174.7437,0.1038,,
DATA,A002,2,205,60047,-0.1059,0.0644,0.0560,-27.1606,-89.5386,-176.1475,0.1360,,
DATA,A002,2,206,60057,-0.1413,0.1291,0.0650,-22.5220,-78.5522,-176.8799,0.2021,,
DATA,A002,2,207,60067,-0.1847,0.2095,0.1036,-18.0664,-70.4346,-174.8047,0.2979,,
DATA,A002,2,208,60077,-0.2721,0.4048,0.2015,-8.6670,-60.3638,-162.1094,0.5277,,
DATA,A002,2,209,60087,-0.4526,0.6929,0.2181,12.8784,-49.8657,-137.3291,0.8558,,
DATA,A002,2,210,60097,-0.8205,1.5320,0.2139,66.4673,-11.9019,-82.4585,1.7510,,
DATA,A002,2,211,60107,-1.0719,2.5661,0.3233,104.4312,25.8179,-29.8462,2.7998,,
DATA,A002,2,212,60117,-1.9062,4.4993,-0.4955,58.8989,28.8086,31.9824,4.9114,,
DATA,A002,2,213,60127,-2.3437,4.5112,-0.7509,-64.9414,7.1411,30.0293,5.1388,,
DATA,A002,2,214,60137,-2.2340,2.9021,-0.2072,-145.6909,17.8223,5.3101,3.6682,,
DATA,A002,2,215,60147,-1.8544,2.5703,0.0794,-115.2344,30.7617,-9.4604,3.1704,,
DATA,A002,2,216,60157,-1.2189,2.8655,0.3936,-57.5562,69.5801,-46.1426,3.1387,,
DATA,A002,2,217,60167,-0.9757,2.7246,0.3944,-28.0762,90.0879,-80.8716,2.9208,,
DATA,A002,2,218,60177,-0.9987,2.1628,0.2357,-0.4272,108.5815,-115.2954,2.3939,,
DATA,A002,2,219,60187,-1.0048,1.8476,0.1964,12.7563,105.3467,-120.6665,2.1123,,
DATA,A002,2,220,60197,-0.9826,1.5119,0.2391,32.7148,81.7261,-114.5020,1.8190,,
DATA,A002,2,221,60207,-0.9125,1.3550,0.2308,45.8984,54.3213,-102.1118,1.6498,,
DATA,A002,2,222,60217,-0.7306,1.1450,0.2200,59.2651,11.9629,-75.3174,1.3760,,
DATA,A002,2,223,60227,-0.6203,1.0078,0.2105,59.3872,-15.3198,-50.7812,1.2020,,
DATA,A002,2,224,60237,-0.4289,0.7043,0.2052,58.6548,-48.7671,-16.2354,0.8498,,
DATA,A002,2,225,60247,-0.2922,0.5185,0.2152,62.0728,-71.6553,9.4604,0.6329,,
DATA,A002,2,226,60257,-0.0956,0.3244,0.1588,63.8428,-99.2432,46.2036,0.3736,,
DATA,A002,2,227,60267,0.0379,0.2170,0.0916,63.2935,-109.7412,68.4814,0.2386,,
DATA,A002,2,228,60277,0.2298,0.1001,0.0601,62.3779,-116.6382,90.6372,0.2578,,
DATA,A002,2,229,60287,0.2996,0.0320,0.0372,60.0586,-111.6333,101.1353,0.3036,,
DATA,A002,2,230,60297,0.3504,-0.0686,0.0079,60.8521,-98.9990,112.5488,0.3572,,
DATA,A002,2,231,60307,0.3663,-0.1033,-0.0011,67.0166,-88.6230,119.7510,0.3806,,
DATA,A002,2,232,60317,0.3631,-0.1226,0.0108,78.5522,-74.4629,128.9673,0.3834,,
DATA,A002,2,233,60327,0.3516,-0.1038,0.0523,83.1299,-62.9883,132.3242,0.3704,,
DATA,A002,2,234,60337,0.3033,-0.1585,0.0897,82.5195,-47.1802,135.1318,0.3538,,
DATA,A002,2,235,60347,0.2786,-0.1997,0.1165,83.4961,-38.7573,134.5825,0.3621,,
DATA,A002,2,236,60357,0.2154,-0.2693,0.1483,86.6089,-30.3345,133.3008,0.3754,,
DATA,A002,2,237,60367,0.1566,-0.3047,0.1685,90.0879,-27.4658,131.1646,0.3818,,
DATA,A002,2,238,60377,0.0540,-0.3115,0.1580,98.0225,-27.4048,128.6011,0.3535,,
DATA,A002,2,239,60387,-0.0155,-0.2837,0.1527,104.7974,-31.5552,127.1973,0.3225,,
DATA,A002,2,240,60397,-0.0588,-0.2393,0.1607,110.3516,-38.3911,126.1597,0.2942,,
DATA,A002,2,241,60407,-0.1200,-0.1428,0.1807,113.8916,-51.2695,125.8545,0.2598,,
DATA,A002,2,242,60417,-0.1618,-0.0540,0.2027,109.4360,-63.9648,126.2207,0.2649,,
DATA,A002,2,243,60427,-0.1813,-0.0037,0.2247,105.1636,-72.5098,126.8311,0.2887,,
DATA,A002,2,244,60437,-0.1808,0.0473,0.2677,101.5625,-82.9468,127.1362,0.3265,,
DATA,A002,2,245,60447,-0.1637,0.1665,0.3079,101.6846,-98.2666,129.7607,0.3865,,
DATA,A002,2,246,60457,-0.1391,0.2825,0.3128,103.3325,-106.2622,132.8735,0.4438,,
DATA,A002,2,247,60467,-0.0656,0.4895,0.2777,104.2480,-112.0605,139.0991,0.5666,,
DATA,A002,2,248,60477,0.0094,0.6360,0.2266,101.6846,-109.4360,144.0430,0.6752,,
DATA,A002,2,249,60487,0.1290,0.8850,0.1453,93.8110,-93.8721,152.4658,0.9061,,
DATA,A002,2,250,60497,0.1790,1.0788,0.0013,87.9517,-70.4956,162.7808,1.0936,,
DATA,A002,2,251,60507,0.1822,1.4062,-0.2389,90.2710,-17.5171,178.7720,1.4380,,
DATA,A002,2,252,60517,0.1619,1.7383,-0.3898,98.5718,16.3574,189.0869,1.7888,,
DATA,A002,2,253,60527,0.1021,2.5107,-0.4667,107.6050,77.6367,198.8525,2.5558,,
DATA,A002,2,254,60537,0.0623,3.3203,-0.4416,83.5571,127.8687,189.2090,3.3501,,
DATA,A002,2,255,60547,-0.1254,3.9675,-0.4189,-53.4058,190.3687,155.5786,3.9915,,
DATA,A002,2,256,60557,-0.3744,3.3994,-0.4487,-141.6626,222.4121,138.4277,3.4493,,
DATA,A002,2,257,60567,-0.7018,2.7077,-0.0939,-150.5737,279.9683,114.9292,2.7988,,
DATA,A002,2,258,60577,-0.8239,2.6777,0.1715,-119.2017,300.0488,97.1680,2.8068,,
DATA,A002,2,259,60587,-0.9306,2.6106,0.4735,-82.9468,295.4102,67.4438,2.8116,,
DATA,A002,2,260,60597,-0.9289,2.3755,0.6319,-62.3169,268.3105,46.6919,2.6277,,
DATA,A002,2,261,60607,-0.7658,1.9729,0.7464,-11.8408,204.0405,16.3574,2.2441,,
DATA,A002,2,262,60617,-0.6371,1.7922,0.6680,27.7100,155.4565,0.3662,2.0160,,
DATA,A002,2,263,60627,-0.4682,1.6941,0.4625,76.0498,88.2568,-13.0615,1.8174,,
DATA,A002,2,264,60637,-0.4176,1.6726,0.3458,93.1396,50.3540,-21.0571,1.7583,,
DATA,A002,2,265,60647,-0.4198,1.5862,0.1812,93.3838,-1.4648,-32.8979,1.6508,,
DATA,A002,2,266,60657,-0.4516,1.4783,0.0892,80.1392,-29.5410,-40.8936,1.5483,,
DATA,A002,2,267,60667,-0.4589,1.2170,0.0067,57.2510,-46.8750,-47.7905,1.3007,,
DATA,A002,2,268,60677,-0.4504,1.0566,-0.0090,45.2271,-49.1943,-51.0864,1.1486,,
DATA,A002,2,269,60687,-0.4311,0.7956,0.0189,29.2969,-45.4102,-54.6265,0.9051,,
DATA,A002,2,270,60697,-0.3908,0.6616,0.0816,18.0054,-42.1753,-55.1758,0.7727,,
DATA,A002,2,271,60707,-0.3200,0.4900,0.1668,0.0000,-37.9028,-52.6123,0.6085,,
DATA,A002,2,272,60717,-0.2841,0.3760,0.2044,-9.5215,-38.8184,-50.2930,0.5137,,
DATA,A002,2,273,60727,-0.2511,0.2724,0.2401,-14.4653,-43.0298,-47.3633,0.4415,,
DATA,A002,2,274,60737,-0.1596,0.2087,0.2979,-14.0381,-54.3823,-44.4946,0.3972,,
DATA,A002,2,275,60747,-0.1283,0.1611,0.3077,-17.2729,-59.7534,-43.0908,0.3703,,
DATA,A002,2,276,60757,-0.0956,0.1015,0.3380,-26.7334,-56.8237,-45.1050,0.3656,,
DATA,A002,2,277,60767,-0.0907,0.0412,0.3421,-38.5742,-48.2788,-49.6216,0.3563,,
DATA,A002,2,278,60777,-0.1032,-0.0882,0.3380,-58.3496,-35.2783,-57.8003,0.3642,,
DATA,A002,2,279,60787,-0.1227,-0.1931,0.3253,-67.8101,-28.4424,-63.9648,0.3977,,
DATA,A002,2,280,60797,-0.1493,-0.3338,0.3052,-69.6411,-22.0337,-73.2422,0.4763,,
DATA,A002,2,281,60807,-0.1542,-0.3877,0.2896,-63.6597,-21.3013,-78.3691,0.5079,,
DATA,A002,2,282,60817,-0.1769,-0.3950,0.2677,-51.2695,-23.6206,-84.2285,0.5089,,
DATA,A002,2,283,60827,-0.2087,-0.3706,0.2637,-43.9453,-26.0620,-87.3413,0.5005,,
DATA,A002,2,284,60837,-0.2372,-0.2954,0.2359,-37.1704,-31.1279,-92.6514,0.4463,,
DATA,A002,2,285,60847,-0.2821,-0.2363,0.2279,-35.7056,-35.9497,-96.0083,0.4329,,
DATA,A002,2,286,60857,-0.3825,-0.1546,0.2049,-36.3770,-46.9971,-100.6470,0.4606,,
DATA,A002,2,287,60867,-0.4350,-0.0999,0.1890,-37.4146,-55.9692,-104.2480,0.4847,,
DATA,A002,2,288,60877,-0.5133,-0.0188,0.1485,-38.5132,-70.5566,-107.8491,0.5347,,
DATA,A002,2,289,60887,-0.6110,0.0337,0.1260,-37.1094,-81.9702,-106.9336,0.6248,,
DATA,A002,2,290,60897,-0.8486,0.1540,0.1297,-25.1465,-102.4170,-100.0366,0.8721,,
DATA,A002,2,291,60907,-1.0224,0.2778,0.2130,-10.4980,-120.8496,-93.7500,1.0806,,
DATA,A002,2,292,60917,-1.2152,0.6199,0.3348,15.8081,-152.2827,-79.1626,1.4047,,
DATA,A002,2,293,60927,-1.3971,0.9739,0.3345,36.6821,-172.1802,-59.3872,1.7356,,
DATA,A002,2,294,60937,-1.8119,1.6914,0.2552,72.6318,-198.6694,-15.9912,2.4918,,
DATA,A002,2,295,60947,-2.0021,2.3996,0.2940,88.0737,-210.5713,7.0801,3.1390,,
DATA,A002,2,296,60957,-1.9403,3.6606,0.4088,16.5405,-238.8306,-0.2441,4.1632,,
DATA,A002,2,297,60967,-1.6122,3.5488,0.1944,-69.2749,-249.7559,-36.0107,3.9027,,
DATA,A002,2,298,60977,-1.1867,2.7202,0.2430,-106.0181,-189.2700,-77.8198,2.9777,,
DATA,A002,2,299,60987,-1.0444,2.6130,0.2049,-87.4634,-142.9443,-93.7500,2.8214,,
DATA,A002,2,300,60997,-0.8720,2.6765,0.1964,-77.9419,-80.3223,-116.3330,2.8218,,
DATA,A002,2,301,61007,-0.9049,2.5412,0.2030,-83.9844,-49.0112,-127.2583,2.7052,,
DATA,A002,2,302,61017,-1.0790,2.0747,0.2374,-88.3789,-52.1851,-146.1792,2.3505,,
DATA,A002,2,303,61027,-1.0995,1.8237,0.2310,-82.5195,-79.4678,-155.7007,2.1420,,
DATA,A002,2,304,61037,-0.9311,1.5947,0.2388,-70.9839,-128.9062,-164.2456,1.8620,,
DATA,A002,2,305,61047,-0.7257,1.4770,0.2803,-67.4438,-149.2920,-166.6260,1.6694,,
DATA,A002,2,306,61057,-0.5243,1.3574,0.2659,-67.1997,-152.4048,-165.8936,1.4793,,
DATA,A002,2,307,61067,-0.3808,1.1384,0.2655,-63.9648,-127.6245,-160.5225,1.2294,,
DATA,A002,2,308,61077,-0.3815,1.0049,0.2296,-57.6172,-113.5864,-154.6021,1.0991,,
DATA,A002,2,309,61087,-0.3915,0.8376,0.1612,-47.6074,-112.3047,-145.0195,0.9386,,
DATA,A002,2,310,61097,-0.3854,0.7344,0.0809,-45.5322,-119.5679,-139.6484,0.8333,,
DATA,A002,2,311,61107,-0.2870,0.5835,0.0064,-41.7480,-135.8032,-135.2539,0.6503,,
DATA,A002,2,312,61117,-0.1789,0.4856,-0.0148,-39.7339,-139.8926,-134.2163,0.5177,,
DATA,A002,2,313,61127,-0.0385,0.3618,-0.0221,-33.8135,-138.8550,-132.9956,0.3645,,
DATA,A002,2,314,61137,0.0213,0.3032,-0.0207,-30.0903,-131.5918,-133.3008,0.3047,,
DATA,A002,2,315,61147,0.0853,0.2302,-0.0295,-22.7661,-121.2769,-134.6436,0.2473,,
DATA,A002,2,316,61157,0.0760,0.2009,-0.0529,-18.1274,-124.3286,-133.3618,0.2212,,
DATA,A002,2,317,61167,0.0885,0.1362,-0.0934,-17.6392,-126.2817,-134.7046,0.1874,,
DATA,A002,2,318,61177,0.1085,0.0810,-0.1208,-16.7847,-127.5024,-138.0615,0.1814,,
DATA,A002,2,319,61187,0.0462,0.0276,-0.1755,-10.6812,-140.9912,-137.6953,0.1835,,
DATA,A002,2,320,61197,-0.0173,0.0073,-0.1874,-5.1270,-152.4048,-136.2305,0.1884,,
DATA,A002,2,321,61207,-0.0341,0.0093,-0.2074,5.1880,-176.0864,-137.0239,0.2104,,
DATA,A002,2,322,61217,-0.0133,0.0239,-0.2013,12.5732,-194.0918,-136.2305,0.2032,,
DATA,A002,2,323,61227,0.0809,0.0637,-0.1679,21.6064,-215.5762,-132.5073,0.1970,,
DATA,A002,2,324,61237,0.0997,0.1047,-0.1386,28.3203,-224.6094,-128.4180,0.2003,,
DATA,A002,2,325,61247,0.0706,0.1931,-0.1000,38.1470,-231.4453,-120.9717,0.2287,,
DATA,A002,2,326,61257,0.0289,0.2585,-0.0812,43.7012,-233.6426,-115.3564,0.2725,,
DATA,A002,2,327,61267,0.0413,0.3826,-0.1310,51.5747,-237.0605,-107.8491,0.4065,,
DATA,A002,2,328,61277,0.0257,0.5481,0.0135,59.8755,-234.1309,-106.4453,0.5488,,
DATA,A002,2,329,61287,-0.1076,0.5676,0.0552,56.6406,-238.0981,-95.3979,0.5804,,
DATA,A002,2,330,61297,-0.1615,0.6426,0.0916,64.2090,-233.7646,-84.8999,0.6689,,
DATA,A002,2,331,61307,-0.1457,0.8379,0.1739,88.4399,-231.3843,-74.8291,0.8680,,
DATA,A002,2,332,61317,0.1051,1.1045,0.2581,116.0278,-220.4590,-52.7344,1.1391,,
DATA,A002,2,333,61327,0.1348,2.4375,0.5999,30.8838,-171.0205,-33.3252,2.5138,,
DATA,A002,2,334,61337,-0.1352,0.7622,0.6900,-35.9497,-147.3389,-52.9175,1.0370,,
DATA,A002,2,335,61347,-0.1425,1.0024,0.7547,62.8662,-103.8208,-52.0630,1.2628,,
DATA,A002,2,336,61357,-0.0148,1.7090,0.9049,93.9331,-82.8247,-45.9595,1.9338,,
DATA,A002,2,337,61367,-0.2668,1.7229,0.9488,69.8853,-41.8701,-41.1987,1.9849,,
DATA,A002,2,338,61377,-0.3976,1.6848,0.9901,58.8989,-24.4751,-39.7949,1.9942,,
DATA,A002,2,339,61387,-0.4569,2.1870,0.9449,51.1475,-19.4092,-36.2549,2.4258,,
DATA,A002,2,340,61397,-0.6701,1.4551,0.9962,16.9678,-17.2729,-35.4614,1.8864,,
DATA,A002,2,341,61407,-0.4657,1.4878,1.1417,8.3008,-35.4614,-23.9258,1.9323,,
DATA,A002,2,342,61417,-0.3215,1.2422,1.1217,-5.8594,-30.6396,2.6855,1.7042,,
DATA,A002,2,343,61427,-0.2868,1.2058,1.1588,-6.2256,-19.4702,7.8125,1.6967,,
DATA,A002,2,344,61437,-0.2131,1.0544,1.1026,-7.9956,-2.2583,13.6719,1.5404,,
DATA,A002,2,345,61447,-0.2682,1.2236,1.1827,-23.3765,2.9297,2.2583,1.7228,,
DATA,A002,2,346,61457,-0.1715,0.9089,1.0592,-39.5508,-0.7935,-6.1035,1.4062,,
DATA,A002,2,347,61467,0.0062,0.7993,0.9696,-27.8931,3.0518,-7.6904,1.2566,,
DATA,A002,2,348,61477,-0.0021,0.3884,0.8924,-20.7520,13.6108,-11.1084,0.9733,,
DATA,A002,2,349,61487,0.1812,0.4211,0.8497,-11.6577,20.2637,0.9766,0.9655,,
DATA,A002,2,350,61497,-0.0632,0.3042,0.8116,-22.3999,37.2314,-15.5029,0.8690,,
DATA,A002,2,351,61507,0.0267,0.5515,0.7620,-33.6304,25.1465,-20.8740,0.9410,,
DATA,A002,2,352,61517,-0.0861,0.1457,0.5045,2.0752,-35.9497,-18.6768,0.5321,,
DATA,A002,2,353,61527,0.3316,0.6159,0.7264,12.5122,-13.2446,24.1699,1.0085,,
DATA,A002,2,354,61537,-0.1552,0.3276,0.6226,-44.3115,-10.3149,-31.3110,0.7205,,
DATA,A002,2,355,61547,0.0157,0.2114,0.5875,-53.2227,-42.2363,-30.8838,0.6246,,
DATA,A002,2,356,61557,0.0013,0.0046,0.5325,-38.3301,-47.6074,-36.8042,0.5326,,
DATA,A002,2,357,61567,0.1754,0.1648,0.5526,-21.9727,-56.1523,-30.8228,0.6027,,
DATA,A002,2,358,61577,0.0968,0.0588,0.5540,-7.2632,-62.9272,-20.6299,0.5655,,
DATA,A002,2,359,61587,0.1488,0.1567,0.5653,3.6011,-67.8101,-13.0615,0.6052,,
DATA,A002,2,360,61597,0.1695,0.3169,0.6177,6.7749,-63.1714,1.2207,0.7147,,
DATA,A002,2,361,61607,0.1307,0.3706,0.6444,3.1128,-59.2041,8.3008,0.7547,,
DATA,A002,2,362,61617,0.1720,0.3000,0.6204,-1.7700,-48.0347,20.5078,0.7103,,
DATA,A002,2,363,61627,0.1571,0.3362,0.6644,-3.1128,-44.7998,33.2031,0.7610,,
DATA,A002,2,364,61637,-0.0209,0.3581,0.7860,-21.1182,-37.3535,50.7202,0.8640,,
DATA,A002,2,365,61647,-0.1847,0.4819,0.8255,-33.6914,-27.0996,43.7622,0.9736,,
DATA,A002,2,366,61657,-0.1965,0.5713,0.8651,-50.2930,-27.8320,36.3159,1.0551,,
DATA,A002,2,367,61667,-0.2035,0.5683,0.9918,-55.0537,-24.1089,25.8179,1.1611,,
DATA,A002,2,368,61677,0.0504,0.5910,1.0557,-47.1191,-28.8696,33.2031,1.2110,,
DATA,A002,2,369,61687,-0.1044,0.8039,1.1551,-48.1567,-22.5830,22.7051,1.4112,,
DATA,A002,2,370,61697,-0.2687,0.8955,1.1910,-48.2178,-18.4937,9.8877,1.5141,,
DATA,A002,2,371,61707,-0.2765,0.8213,1.1448,-39.7949,-30.1514,1.4038,1.4358,,
DATA,A002,2,372,61717,-0.3134,0.7956,1.1563,-30.2124,-27.3438,-13.3667,1.4382,,
DATA,A002,2,373,61727,-0.3202,0.7788,1.1307,-39.3066,-33.7524,-17.0898,1.4098,,
DATA,A002,2,374,61737,-0.3398,0.7178,1.0765,-43.6401,-27.5269,-18.1274,1.3377,,
DATA,A002,2,375,61747,-0.1100,0.5232,0.9747,-36.5601,-29.1138,-8.6060,1.1117,,
DATA,A002,2,376,61757,-0.0712,0.5220,0.9466,-28.3203,-27.2827,-4.5166,1.0833,,
DATA,A002,2,377,61767,-0.0885,0.5244,0.9342,-19.2871,-27.0386,-0.6104,1.0749,,
DATA,A002,2,378,61777,-0.0470,0.4512,0.8927,-12.6953,-27.5269,3.1738,1.0013,,
DATA,A002,2,379,61787,0.0614,0.4121,0.8197,-0.3662,-24.2920,3.9673,0.9195,,
DATA,A002,2,380,61797,0.1114,0.4531,0.8204,1.2207,-17.9443,5.9814,0.9438,,
DATA,A002,2,381,61807,0.1038,0.5115,0.8289,1.2817,-13.8550,10.3760,0.9795,,
DATA,A002,2,382,61817,0.0941,0.5246,0.8233,3.4180,-11.5356,9.8267,0.9808,,
DATA,A002,2,383,61827,0.2535,0.2680,0.7469,14.1602,-1.0986,8.3008,0.8330,,
DATA,A002,2,384,61837,0.0338,0.3911,0.7642,17.3950,8.4839,-5.0049,0.8592,,
DATA,A002,2,385,61847,-0.0324,0.4697,0.7906,11.5967,10.1929,-14.8315,0.9202,,
EVENT,A002,2,,61849,,,,,,,,STOP,385
EVENT,A002,3,,63737,,,,,,,,START,
DATA,A002,3,1,63760,-0.0053,0.4490,0.8026,5.9204,14.7095,-2.4414,0.9196,,
DATA,A002,3,2,63770,0.0230,0.4521,0.7991,9.7046,12.6953,0.6714,0.9185,,
DATA,A002,3,3,63780,-0.0097,0.4631,0.7969,10.1929,12.7563,0.8545,0.9218,,
DATA,A002,3,4,63790,-0.0104,0.4675,0.8079,10.4370,11.1694,0.7324,0.9335,,
DATA,A002,3,5,63800,-0.0153,0.4631,0.8143,9.5215,12.3291,0.6104,0.9369,,
DATA,A002,3,6,63810,-0.0121,0.4575,0.8165,9.1553,15.0146,0.0000,0.9360,,
DATA,A002,3,7,63820,-0.0075,0.4524,0.8101,9.8877,16.5405,-0.1221,0.9279,,
DATA,A002,3,8,63830,-0.0007,0.4475,0.8016,11.5967,17.9443,0.4272,0.9180,,
DATA,A002,3,9,63840,-0.0070,0.4243,0.7906,16.1133,18.9209,2.0752,0.8973,,
DATA,A002,3,10,63850,0.0008,0.4277,0.7811,20.3857,19.3481,3.4790,0.8905,,
DATA,A002,3,11,63860,0.0096,0.4512,0.7745,25.5737,22.0337,5.5542,0.8964,,
DATA,A002,3,12,63870,-0.0046,0.4504,0.7696,27.1606,23.9258,7.0801,0.8917,,
DATA,A002,3,13,63880,0.0413,0.4558,0.7493,30.0903,29.1138,7.8125,0.8780,,
DATA,A002,3,14,63890,0.0404,0.4328,0.7332,33.9355,36.8652,10.3149,0.8524,,
DATA,A002,3,15,63900,-0.0483,0.4304,0.7154,40.5273,40.4663,7.3853,0.8363,,
DATA,A002,3,16,63910,-0.0260,0.4385,0.7183,48.0347,36.4990,5.9814,0.8420,,
DATA,A002,3,17,63920,0.0169,0.5576,0.6434,58.3496,48.8281,1.4648,0.8516,,
DATA,A002,3,18,63930,0.0806,0.4199,0.6566,56.3965,45.2271,8.5449,0.7835,,
DATA,A002,3,19,63940,0.2069,0.4800,0.6722,58.1055,60.3638,-6.0425,0.8515,,
DATA,A002,3,20,63950,0.0455,0.4787,0.6241,63.1104,80.4443,7.0801,0.7879,,
DATA,A002,3,21,63960,0.2928,0.7480,0.4898,72.7539,96.0083,17.8223,0.9409,,
DATA,A002,3,22,63970,0.2818,0.8459,0.5633,65.3076,126.8921,30.8228,1.0547,,
DATA,A002,3,23,63980,0.1478,0.7058,0.6629,39.1846,185.2417,29.7852,0.9795,,
DATA,A002,3,24,63990,0.2747,1.2727,0.2528,34.7290,213.0127,42.5415,1.3263,,
DATA,A002,3,25,64000,0.5799,0.6074,-0.0229,108.3984,254.2114,42.9077,0.8401,,
DATA,A002,3,26,64010,1.3724,0.2832,0.1180,208.5571,228.4546,122.4365,1.4063,,
DATA,A002,3,27,64020,-0.1737,1.1977,0.1082,76.5381,384.7656,117.5537,1.2151,,
DATA,A002,3,28,64030,-0.4762,1.2676,-0.0683,26.9775,390.5029,102.4170,1.3558,,
DATA,A002,3,29,64040,-0.3019,1.1606,0.0281,-15.6250,381.9580,86.8530,1.1996,,
DATA,A002,3,30,64050,-0.1159,1.0505,-0.0473,-36.9263,381.2256,86.0596,1.0579,,
DATA,A002,3,31,64060,-0.1122,0.9287,-0.1362,-43.7622,399.9634,95.3369,0.9453,,
DATA,A002,3,32,64070,-0.2189,0.9267,-0.1911,-37.3535,414.5508,100.4028,0.9712,,
DATA,A002,3,33,64080,-0.3395,0.9978,-0.2136,-29.2969,423.2788,102.9053,1.0754,,
DATA,A002,3,34,64090,-0.3664,1.0430,-0.2140,-27.2827,423.4619,102.9663,1.1260,,
DATA,A002,3,35,64100,-0.3918,1.0954,-0.2294,-29.1138,422.4243,104.9194,1.1858,,
DATA,A002,3,36,64110,-0.4025,1.1184,-0.2380,-30.3955,421.9360,106.6284,1.2122,,
DATA,A002,3,37,64120,-0.4206,1.1404,-0.2353,-31.4941,422.4854,110.7178,1.2380,,
DATA,A002,3,38,64130,-0.4298,1.1533,-0.2363,-32.2266,422.6074,114.3799,1.2533,,
DATA,A002,3,39,64140,-0.4447,1.1687,-0.2460,-30.5786,422.6074,121.5210,1.2744,,
DATA,A002,3,40,64150,-0.4550,1.1789,-0.2243,-29.6631,420.8984,127.0142,1.2834,,
DATA,A002,3,41,64160,-0.4606,1.1936,-0.2072,-25.1465,416.3818,132.9346,1.2960,,
DATA,A002,3,42,64170,-0.4657,1.2268,-0.1745,-25.6348,406.4331,144.1650,1.3238,,
DATA,A002,3,43,64180,-0.4760,1.2580,-0.1506,-22.8271,390.5029,157.3486,1.3535,,
DATA,A002,3,44,64190,-0.4831,1.2895,-0.1496,-21.7896,377.6855,166.8701,1.3851,,
DATA,A002,3,45,64200,-0.4965,1.2956,-0.1491,-21.6675,360.2295,176.5137,1.3955,,
DATA,A002,3,46,64210,-0.5793,1.3503,-0.1633,-18.9819,325.5005,193.3594,1.4784,,
DATA,A002,3,47,64220,-0.6654,1.3904,-0.1537,-18.7988,296.1426,203.4302,1.5491,,
DATA,A002,3,48,64230,-0.7900,1.4253,-0.1418,-21.2402,246.9482,218.2617,1.6357,,
DATA,A002,3,49,64240,-0.8612,1.4316,-0.1342,-22.3999,210.9375,226.7456,1.6761,,
DATA,A002,3,50,64250,-0.9980,1.4475,-0.1435,-19.8975,156.5552,238.5864,1.7640,,
DATA,A002,3,51,64260,-1.0795,1.4624,-0.1452,-17.2119,119.9951,243.4082,1.8235,,
DATA,A002,3,52,64270,-1.1476,1.4580,-0.1554,-15.8081,65.7349,245.2393,1.8620,,
DATA,A002,3,53,64280,-1.1484,1.4294,-0.1684,-15.9912,35.0342,241.6382,1.8413,,
DATA,A002,3,54,64290,-1.0275,1.3596,-0.2043,-14.2212,-0.4883,228.4546,1.7164,,
DATA,A002,3,55,64300,-0.9460,1.3059,-0.1659,-9.5215,-19.2871,217.2852,1.6210,,
DATA,A002,3,56,64310,-0.8615,1.2820,-0.0878,3.1738,-35.6445,196.5942,1.5470,,
DATA,A002,3,57,64320,-0.8127,1.2683,-0.0243,11.9019,-44.1895,180.7861,1.5065,,
DATA,A002,3,58,64330,-0.7477,1.1875,0.0484,18.4937,-49.2554,154.8462,1.4041,,
DATA,A002,3,59,64340,-0.7443,1.1001,0.0950,22.3389,-43.3350,138.6719,1.3316,,
DATA,A002,3,60,64350,-0.8022,0.9927,0.1319,31.2500,-24.8413,118.5303,1.2831,,
DATA,A002,3,61,64360,-0.8542,0.9263,0.1475,36.3770,-12.3291,107.1167,1.2686,,
DATA,A002,3,62,64370,-0.8764,0.8193,0.1566,41.6260,4.7607,91.7358,1.2099,,
DATA,A002,3,63,64380,-0.8688,0.7512,0.1505,44.6167,15.3809,84.6558,1.1584,,
DATA,A002,3,64,64390,-0.8698,0.6677,0.1502,48.8892,28.2593,76.9653,1.1068,,
DATA,A002,3,65,64400,-0.8766,0.6289,0.1407,50.5371,31.9214,72.4487,1.0880,,
DATA,A002,3,66,64410,-0.9086,0.5742,0.1121,51.0254,32.2876,65.7959,1.0807,,
DATA,A002,3,67,64420,-0.9296,0.5281,0.0902,49.9878,28.5034,60.2417,1.0729,,
DATA,A002,3,68,64430,-0.9411,0.4609,0.0826,47.3633,18.9209,50.7812,1.0511,,
DATA,A002,3,69,64440,-0.9355,0.4209,0.1075,45.6543,10.8032,44.5557,1.0314,,
DATA,A002,3,70,64450,-0.9206,0.3948,0.1468,42.1753,-2.4414,36.1938,1.0123,,
DATA,A002,3,71,64460,-0.8898,0.3725,0.1832,38.1470,-9.5215,30.5176,0.9819,,
DATA,A002,3,72,64470,-0.8371,0.3579,0.2144,30.7007,-14.5264,22.5220,0.9353,,
DATA,A002,3,73,64480,-0.7970,0.3425,0.2396,23.9258,-11.2915,16.6626,0.9000,,
DATA,A002,3,74,64490,-0.7445,0.3147,0.3126,17.4561,-5.9204,9.9487,0.8666,,
DATA,A002,3,75,64500,-0.6850,0.3183,0.4268,11.0474,5.2490,-0.9155,0.8676,,
DATA,A002,3,76,64510,-0.6645,0.3381,0.4896,3.7231,14.5874,-8.3008,0.8919,,
DATA,A002,3,77,64520,-0.6503,0.3906,0.5203,-12.0850,31.0669,-21.2402,0.9199,,
DATA,A002,3,78,64530,-0.6549,0.4167,0.4808,-26.9775,46.0815,-30.0293,0.9131,,
DATA,A002,3,79,64540,-0.6625,0.4275,0.3675,-52.3071,73.3643,-44.7998,0.8699,,
DATA,A002,3,80,64550,-0.6645,0.3847,0.4222,-67.8101,89.7827,-56.3965,0.8762,,
DATA,A002,3,81,64560,-0.7558,0.3850,0.5513,-81.0547,107.0557,-73.1812,1.0116,,
DATA,A002,3,82,64570,-0.8424,0.4570,0.5469,-88.9282,115.4785,-82.5195,1.1035,,
DATA,A002,3,83,64580,-0.9289,0.5703,0.4334,-107.6660,132.6294,-97.8394,1.1730,,
DATA,A002,3,84,64590,-0.9736,0.5906,0.3729,-122.8638,145.1416,-109.4971,1.1982,,
DATA,A002,3,85,64600,-1.0729,0.5747,0.4749,-136.1694,158.3252,-130.9814,1.3065,,
DATA,A002,3,86,64610,-1.2362,0.6345,0.4959,-137.5122,162.7197,-144.5312,1.4754,,
DATA,A002,3,87,64620,-1.5031,0.7844,0.5567,-137.6343,165.7104,-168.1519,1.7845,,
DATA,A002,3,88,64630,-1.6596,0.9079,0.6175,-136.3525,162.9639,-187.6831,1.9899,,
DATA,A002,3,89,64640,-1.8776,1.1084,0.6553,-137.2070,151.4282,-219.0552,2.2767,,
DATA,A002,3,90,64650,-2.0263,1.2405,0.6439,-138.1226,140.7471,-241.6382,2.4615,,
DATA,A002,3,91,64660,-2.2885,1.4426,0.5272,-139.2822,131.9580,-278.5034,2.7561,,
DATA,A002,3,92,64670,-2.3984,1.5708,0.4703,-133.7891,133.6060,-308.4106,2.9053,,
DATA,A002,3,93,64680,-2.6042,1.8047,0.5147,-115.3564,139.7095,-354.3701,3.2099,,
DATA,A002,3,94,64690,-2.8063,2.0288,0.5423,-102.1729,146.6675,-384.2163,3.5051,,
DATA,A002,3,95,64700,-3.1781,2.4197,0.5003,-81.7261,136.9629,-427.8564,4.0256,,
DATA,A002,3,96,64710,-3.4274,2.6597,0.4647,-66.8945,105.4688,-454.4067,4.3631,,
DATA,A002,3,97,64720,-3.7953,2.9680,0.4500,-47.4243,25.4517,-488.3423,4.8390,,
DATA,A002,3,98,64730,-3.8620,3.2055,0.4898,-27.3438,-43.3960,-506.2866,5.0429,,
DATA,A002,3,99,64740,-3.6359,3.5271,0.5335,4.6997,-142.3950,-522.5830,5.0936,,
DATA,A002,3,100,64750,-3.2531,3.5801,0.5423,19.7754,-194.3970,-531.1279,4.8676,,
DATA,A002,3,101,64760,-2.5536,3.5400,0.3873,43.9453,-236.1450,-536.9263,4.3821,,
DATA,A002,3,102,64770,-2.1449,3.5784,0.2752,68.8477,-247.1313,-531.9214,4.1810,,
DATA,A002,3,103,64780,-1.7514,3.5288,0.0223,92.3462,-253.4790,-515.9912,3.9396,,
DATA,A002,3,104,64790,-1.4176,3.3965,-0.1249,109.0698,-257.0190,-497.8027,3.6826,,
DATA,A002,3,105,64800,-0.8227,3.1150,-0.2441,144.9585,-260.5591,-461.3647,3.2310,,
DATA,A002,3,106,64810,-0.5226,2.8992,-0.2533,153.9917,-256.6528,-437.0117,2.9568,,
DATA,A002,3,107,64820,-0.3742,2.6753,-0.2031,155.7007,-258.9722,-412.3535,2.7089,,
DATA,A002,3,108,64830,-0.2985,2.2861,-0.1220,156.5552,-255.7373,-358.9478,2.3087,,
DATA,A002,3,109,64840,-0.2519,2.0469,-0.1264,163.4521,-241.3330,-316.5894,2.0662,,
DATA,A002,3,110,64850,-0.0793,1.8157,-0.2187,172.7295,-213.0127,-247.6196,1.8305,,
DATA,A002,3,111,64860,0.0521,1.6479,-0.3610,167.1753,-180.1147,-202.7588,1.6878,,
DATA,A002,3,112,64870,0.3121,1.3420,-0.6562,154.7852,-122.8638,-146.1792,1.5261,,
DATA,A002,3,113,64880,0.4757,1.1477,-0.8210,149.9023,-101.2573,-112.4268,1.4891,,
DATA,A002,3,114,64890,0.7247,0.9516,-0.9076,139.9536,-88.9282,-65.0635,1.5015,,
DATA,A002,3,115,64900,0.9327,0.8232,-0.9716,127.6855,-82.7026,-38.3301,1.5785,,
DATA,A002,3,116,64910,1.0889,0.6684,-0.8879,116.0278,-70.0684,0.1831,1.5559,,
DATA,A002,3,117,64920,1.0931,0.5979,-0.7377,115.6616,-54.4434,22.4609,1.4480,,
DATA,A002,3,118,64930,1.0189,0.5271,-0.5068,116.9434,-22.2778,46.3257,1.2541,,
DATA,A002,3,119,64940,0.9559,0.4817,-0.3967,114.1357,-1.0376,60.1196,1.1415,,
DATA,A002,3,120,64950,0.8717,0.3943,-0.3559,103.1494,26.0620,84.3506,1.0207,,
DATA,A002,3,121,64960,0.8463,0.3381,-0.3757,97.4731,38.3911,102.2339,0.9857,,
DATA,A002,3,122,64970,0.8177,0.2866,-0.4426,91.8579,54.8096,127.9297,0.9730,,
DATA,A002,3,123,64980,0.7711,0.2615,-0.4167,88.1958,61.8286,143.3105,0.9146,,
DATA,A002,3,124,64990,0.6466,0.2507,-0.3796,80.1392,72.7539,163.9404,0.7906,,
DATA,A002,3,125,65000,0.5504,0.2485,-0.3713,73.9746,79.5288,176.0864,0.7089,,
DATA,A002,3,126,65010,0.4327,0.2456,-0.3703,59.9976,89.5996,190.4907,0.6202,,
DATA,A002,3,127,65020,0.3722,0.2253,-0.3737,49.6826,96.0693,199.4629,0.5735,,
DATA,A002,3,128,65030,0.2843,0.2243,-0.3744,39.6729,108.0933,213.0737,0.5209,,
DATA,A002,3,129,65040,0.2291,0.2336,-0.3703,34.1797,116.4551,221.0083,0.4941,,
DATA,A002,3,130,65050,0.1641,0.2346,-0.3464,22.1558,127.8076,230.2856,0.4494,,
DATA,A002,3,131,65060,0.1129,0.2243,-0.3249,14.6484,134.3994,235.6567,0.4106,,
DATA,A002,3,132,65070,0.0372,0.2009,-0.2712,7.5684,140.8081,241.7603,0.3395,,
DATA,A002,3,133,65080,-0.0068,0.2051,-0.2258,6.4697,142.7612,245.7886,0.3051,,
DATA,A002,3,134,65090,-0.0612,0.2624,-0.1796,9.8267,144.5923,250.4272,0.3238,,
DATA,A002,3,135,65100,-0.0795,0.3171,-0.1523,10.3149,146.7285,251.4648,0.3607,,
DATA,A002,3,136,65110,-0.0895,0.3750,-0.1039,4.8218,148.9868,251.5869,0.3993,,
DATA,A002,3,137,65120,-0.1261,0.3852,-0.0925,-0.7935,150.7568,252.3804,0.4158,,
DATA,A002,3,138,65130,-0.1720,0.3625,-0.0683,-7.7515,149.5361,253.4180,0.4070,,
DATA,A002,3,139,65140,-0.1982,0.3557,-0.0448,-6.5308,147.4609,254.1504,0.4096,,
DATA,A002,3,140,65150,-0.2267,0.3743,-0.0395,-1.8311,146.9116,255.0659,0.4393,,
DATA,A002,3,141,65160,-0.2255,0.4328,-0.0339,5.3101,146.7285,255.9204,0.4892,,
DATA,A002,3,142,65170,-0.2275,0.5276,-0.0412,15.3198,148.1934,258.7891,0.5760,,
DATA,A002,3,143,65180,-0.2441,0.6240,-0.0639,22.7661,152.7100,261.7188,0.6731,,
DATA,A002,3,144,65190,-0.3029,0.7864,-0.0737,32.5317,158.4473,265.4419,0.8459,,
DATA,A002,3,145,65200,-0.4262,0.9131,-0.0763,40.1611,159.0576,269.5312,1.0105,,
DATA,A002,3,146,65210,-0.6535,1.0749,-0.0827,50.1709,153.9917,275.0244,1.2607,,
DATA,A002,3,147,65220,-1.0326,1.4040,-0.0365,65.5518,136.2305,281.3110,1.7433,,
DATA,A002,3,148,65230,-1.2238,1.6753,0.0570,76.3550,103.8818,278.9307,2.0754,,
DATA,A002,3,149,65240,-1.3014,2.0923,0.1719,77.6978,43.6401,278.5034,2.4700,,
DATA,A002,3,150,65250,-1.1857,2.3281,0.2069,73.1812,-4.0283,274.7803,2.6208,,
DATA,A002,3,151,65260,-0.8083,2.6384,0.2425,91.7358,-52.7954,262.0239,2.7701,,
DATA,A002,3,152,65270,-0.6449,2.8552,0.1597,110.9619,-55.7251,258.0566,2.9315,,
DATA,A002,3,153,65280,-0.4853,3.0093,0.0904,118.1030,-21.1182,242.4316,3.0495,,
DATA,A002,3,154,65290,-0.4938,3.0251,0.1844,118.4082,15.8691,233.3984,3.0707,,
DATA,A002,3,155,65300,-0.6574,2.8120,0.3614,115.7837,68.1763,221.1914,2.9103,,
DATA,A002,3,156,65310,-0.7831,2.5757,0.4906,119.8120,91.9189,213.9893,2.7364,,
DATA,A002,3,157,65320,-0.8800,2.3220,0.6307,142.6392,98.1445,200.3784,2.5620,,
DATA,A002,3,158,65330,-0.8676,2.2558,0.6717,161.1938,90.0269,188.2935,2.5085,,
DATA,A002,3,159,65340,-0.7865,2.2478,0.6719,181.8848,69.0918,166.3208,2.4744,,
DATA,A002,3,160,65350,-0.7433,2.2409,0.6346,183.9600,55.1147,150.8789,2.4448,,
DATA,A002,3,181,65560,-0.2531,0.8034,0.1402,-16.7847,12.8784,-63.4766,0.8540,,
DATA,A002,3,182,65570,-0.2721,0.9106,0.1307,-19.1040,10.0708,-58.0444,0.9594,,
DATA,A002,3,183,65580,-0.2858,0.9758,0.1285,-21.6064,10.0708,-54.9927,1.0249,,
DATA,A002,3,184,65590,-0.3027,1.0591,0.1419,-26.1841,6.2256,-52.1240,1.1106,,
DATA,A002,3,185,65600,-0.3183,1.0991,0.1627,-31.0669,2.3804,-51.0254,1.1558,,
DATA,A002,3,186,65610,-0.3327,1.1511,0.1385,-39.8560,-1.1597,-51.1475,1.2062,,
DATA,A002,3,187,65620,-0.3161,1.1560,0.1256,-44.9829,-3.6621,-52.3682,1.2050,,
DATA,A002,3,188,65630,-0.2953,1.1636,0.0596,-48.5840,-9.1553,-53.1616,1.2019,,
DATA,A002,3,189,65640,-0.2580,1.1850,0.0208,-47.5464,-10.9253,-53.5889,1.2130,,
DATA,A002,3,190,65650,-0.1069,1.2322,-0.0136,-43.7622,-9.8877,-55.7861,1.2369,,
DATA,A002,3,191,65660,-0.0263,1.2319,0.0001,-44.5557,-9.2773,-56.2744,1.2322,,
DATA,A002,3,192,65670,0.0186,1.1750,-0.0390,-48.1567,-17.5171,-54.6265,1.1758,,
DATA,A002,3,193,65680,0.0111,1.1120,-0.0534,-48.8281,-24.4751,-53.7720,1.1134,,
DATA,A002,3,194,65690,0.0909,1.0224,-0.0246,-42.2974,-29.2358,-56.5796,1.0268,,
DATA,A002,3,195,65700,0.1717,0.9907,-0.0073,-34.9121,-30.4565,-55.7861,1.0055,,
DATA,A002,3,196,65710,0.3026,0.9597,-0.0197,-26.7334,-28.5034,-49.9878,1.0065,,
DATA,A002,3,197,65720,0.3761,0.9067,-0.0519,-25.1465,-24.0479,-44.1895,0.9830,,
DATA,A002,3,198,65730,0.3968,0.8225,-0.1218,-17.8223,-20.6909,-30.0903,0.9213,,
DATA,A002,3,199,65740,0.3473,0.7844,-0.1884,-9.3994,-22.1558,-17.5781,0.8783,,
DATA,A002,3,200,65750,0.2957,0.7939,-0.2453,5.9814,-28.6865,1.4038,0.8820,,
DATA,A002,3,201,65760,0.3189,0.8147,-0.2880,14.0381,-32.8979,12.3901,0.9211,,
DATA,A002,3,202,65770,0.3277,0.8469,-0.3005,20.9961,-39.0625,28.8086,0.9565,,
DATA,A002,3,203,65780,0.3238,0.8613,-0.3276,22.4609,-40.4053,38.5132,0.9767,,
DATA,A002,3,204,65790,0.3219,0.8555,-0.3437,24.7803,-38.2080,50.5981,0.9765,,
DATA,A002,3,205,65800,0.2974,0.8555,-0.3344,28.1982,-33.8745,57.3120,0.9655,,
DATA,A002,3,206,65810,0.2533,0.8630,-0.3224,31.9824,-28.6255,62.8052,0.9555,,
DATA,A002,3,207,65820,0.1744,0.8747,-0.2914,36.3159,-21.3623,68.6646,0.9384,,
DATA,A002,3,208,65830,0.1178,0.8764,-0.2656,38.3911,-17.1509,71.5332,0.9233,,
DATA,A002,3,209,65840,0.0028,0.8826,-0.2306,41.5039,-11.7188,73.8525,0.9122,,
DATA,A002,3,210,65850,-0.0597,0.8872,-0.2116,42.8467,-9.3384,73.2422,0.9140,,
DATA,A002,3,211,65860,-0.1513,0.8906,-0.1618,40.5273,-5.7983,67.9321,0.9177,,
DATA,A002,3,212,65870,-0.2182,0.8860,-0.1335,36.0107,-3.9673,63.4155,0.9221,,
DATA,A002,3,213,65880,-0.3080,0.8340,-0.0475,26.9165,-2.6855,53.2837,0.8903,,
DATA,A002,3,214,65890,-0.3695,0.7900,0.0369,22.0337,0.0000,45.5933,0.8730,,
DATA,A002,3,215,65900,-0.5173,0.7336,0.1820,16.4795,5.7373,35.8887,0.9159,,
DATA,A002,3,216,65910,-0.6161,0.6985,0.2886,13.0005,8.3618,29.2969,0.9751,,
DATA,A002,3,217,65920,-0.6852,0.6521,0.4095,5.0049,9.8877,17.9443,1.0307,,
DATA,A002,3,218,65930,-0.6877,0.5981,0.4593,-2.5635,12.3291,9.5215,1.0206,,
DATA,A002,3,219,65940,-0.7319,0.5036,0.5882,-14.7705,18.9819,-3.7231,1.0655,,
DATA,A002,3,220,65950,-0.7536,0.4700,0.6444,-21.3013,25.6348,-13.3057,1.0972,,
DATA,A002,3,221,65960,-0.8000,0.4678,0.7193,-33.8745,33.4473,-27.6489,1.1731,,
DATA,A002,3,222,65970,-0.8302,0.4812,0.7677,-47.9736,37.8418,-36.1938,1.2289,,
DATA,A002,3,223,65980,-0.8776,0.4873,0.7757,-75.8667,40.8936,-47.2412,1.2686,,
DATA,A002,3,224,65990,-0.9340,0.4783,0.7320,-98.7549,45.1050,-53.1616,1.2794,,
DATA,A002,3,225,66000,-1.0588,0.4148,0.6571,-132.9346,55.5420,-62.2559,1.3133,,
DATA,A002,3,226,66010,-1.1457,0.3713,0.6383,-149.1089,62.9272,-69.8242,1.3630,,
DATA,A002,3,227,66020,-1.2284,0.3528,0.7154,-161.0107,66.0400,-85.3882,1.4647,,
DATA,A002,3,228,66030,-1.2580,0.3857,0.8275,-164.6118,63.7207,-97.4731,1.5543,,
DATA,A002,3,229,66040,-1.2873,0.4895,0.9901,-169.4946,61.0352,-120.6055,1.6961,,
DATA,A002,3,230,66050,-1.3122,0.5600,1.0538,-173.5840,64.0869,-137.5732,1.7737,,
DATA,A002,3,231,66060,-1.4186,0.6640,1.0697,-177.1240,77.1484,-166.0767,1.8967,,
DATA,A002,3,232,66070,-1.5534,0.7370,1.1092,-174.8047,90.9424,-187.5610,2.0461,,
DATA,A002,3,233,66080,-1.8478,0.9570,1.1473,-157.0435,104.8584,-221.6187,2.3763,,
DATA,A002,3,234,66090,-2.0492,1.1787,1.1805,-139.2212,105.3467,-244.8120,2.6424,,
DATA,A002,3,235,66100,-2.4679,1.6396,1.2847,-110.0464,94.0552,-281.8604,3.2295,,
DATA,A002,3,236,66110,-2.6112,2.0232,1.2967,-91.6138,71.7773,-308.7158,3.5487,,
DATA,A002,3,237,66120,-2.6918,2.6089,1.2474,-83.4351,23.7427,-349.3042,3.9507,,
DATA,A002,3,238,66130,-2.7245,2.8576,1.1575,-87.6465,-12.7563,-375.0610,4.1145,,
DATA,A002,3,239,66140,-2.7516,3.0061,1.0853,-87.2803,-49.8047,-397.3389,4.2173,,
DATA,A002,3,240,66150,-2.7030,3.2041,0.9295,-74.1577,-107.8491,-416.0156,4.2938,,
DATA,A002,3,241,66160,-2.5085,3.3039,0.7818,-66.2842,-143.4326,-421.1426,4.2213,,
DATA,A002,3,242,66170,-2.0780,3.3423,0.4986,-66.5283,-183.9600,-429.7485,3.9671,,
DATA,A002,3,243,66180,-1.7743,3.3916,0.4229,-57.2510,-196.3501,-427.3071,3.8510,,
DATA,A002,3,244,66190,-1.2575,3.2825,0.3770,-31.1279,-218.0176,-419.8608,3.5352,,
DATA,A002,3,245,66200,-0.9889,3.1760,0.2884,-7.3853,-221.3745,-404.2969,3.3389,,
DATA,A002,3,246,66210,-0.7001,3.0732,0.1685,30.0903,-230.5298,-375.4272,3.1565,,
DATA,A002,3,247,66220,-0.6413,3.0732,0.0582,43.2129,-248.6572,-348.6328,3.1400,,
DATA,A002,3,248,66230,-0.5058,2.8498,-0.1779,34.9121,-293.8232,-297.6685,2.8998,,
DATA,A002,3,249,66240,-0.2487,2.6199,-0.3329,32.2266,-306.7627,-261.2305,2.6526,,
DATA,A002,3,250,66250,0.1412,2.3013,-0.6291,37.7808,-295.2881,-206.8481,2.3899,,
DATA,A002,3,251,66260,0.3573,2.0647,-0.8227,33.0811,-269.7754,-174.2554,2.2511,,
DATA,A002,3,252,66270,0.6290,1.6743,-1.1144,25.5127,-208.9233,-123.5962,2.1073,,
DATA,A002,3,253,66280,0.8282,1.4375,-1.2245,27.4658,-161.6211,-92.8955,2.0620,,
DATA,A002,3,254,66290,1.0252,1.2036,-1.2541,37.2925,-94.4824,-46.3867,2.0180,,
DATA,A002,3,255,66300,1.1239,1.0549,-1.1635,42.4194,-57.0068,-19.4702,1.9312,,
DATA,A002,3,256,66310,1.1410,0.8623,-0.9758,50.0488,-5.7373,18.9819,1.7313,,
DATA,A002,3,257,66320,1.0601,0.7336,-0.8151,55.7861,24.5972,41.9312,1.5253,,
DATA,A002,3,258,66330,0.8888,0.5461,-0.5981,64.8193,57.8003,72.4487,1.2024,,
DATA,A002,3,259,66340,0.8045,0.4399,-0.4885,69.1528,72.9980,91.7969,1.0389,,
DATA,A002,3,260,66350,0.6712,0.3159,-0.4130,72.0825,89.2944,122.8638,0.8491,,
DATA,A002,3,161,65360,-0.7428,2.1611,0.5892,172.9126,29.2358,126.9531,2.3600,,
DATA,A002,3,162,65370,-0.7807,2.0586,0.5826,163.4521,9.7046,111.5112,2.2774,,
DATA,A002,3,163,65380,-0.7941,1.9026,0.5980,147.0947,-18.2495,86.0596,2.1466,,
DATA,A002,3,164,65390,-0.7387,1.7868,0.6038,132.3242,-33.0200,70.5566,2.0256,,
DATA,A002,3,165,65400,-0.6005,1.6018,0.5897,106.0791,-41.9922,45.8374,1.8094,,
DATA,A002,3,166,65410,-0.5292,1.4675,0.5579,83.8013,-41.6870,30.6396,1.6568,,
DATA,A002,3,167,65420,-0.4132,1.2275,0.4918,46.5698,-33.2642,7.2632,1.3854,,
DATA,A002,3,168,65430,-0.3512,1.0483,0.4456,22.0337,-22.9492,-7.0801,1.1920,,
DATA,A002,3,169,65440,-0.2880,0.8083,0.3858,-2.6245,-5.0659,-20.8130,0.9409,,
DATA,A002,3,170,65450,-0.2458,0.7112,0.3697,-12.6953,6.8970,-27.9541,0.8384,,
DATA,A002,3,171,65460,-0.2707,0.5591,0.3594,-29.1748,21.1792,-34.7290,0.7176,,
DATA,A002,3,172,65470,-0.2897,0.4853,0.3717,-31.3110,28.0151,-40.8936,0.6765,,
DATA,A002,3,173,65480,-0.3019,0.4414,0.3919,-30.1514,31.3721,-46.2036,0.6630,,
DATA,A002,3,174,65490,-0.3075,0.4233,0.3817,-28.1372,32.4707,-53.2837,0.6476,,
DATA,A002,3,175,65500,-0.3058,0.4219,0.3573,-28.8696,33.3862,-58.3496,0.6318,,
DATA,A002,3,176,65510,-0.2924,0.4219,0.3055,-30.3955,31.4941,-65.3687,0.5973,,
DATA,A002,3,177,65520,-0.2819,0.4336,0.2655,-28.8086,29.7852,-68.7866,0.5813,,
DATA,A002,3,178,65530,-0.2768,0.5076,0.2154,-23.2544,25.2075,-71.0449,0.6169,,
DATA,A002,3,179,65540,-0.2685,0.5849,0.1866,-18.9819,21.2402,-70.5566,0.6701,,
DATA,A002,3,180,65550,-0.2609,0.7256,0.1527,-15.9912,15.8081,-66.9556,0.7860,,
DATA,A002,3,261,66360,0.5750,0.2375,-0.3830,73.7915,96.6797,143.1885,0.7306,,
DATA,A002,3,262,66370,0.4061,0.1755,-0.3881,80.5664,104.1260,171.2646,0.5885,,
DATA,A002,3,263,66380,0.2921,0.1728,-0.3964,86.4258,106.3843,186.7676,0.5218,,
DATA,A002,3,264,66390,0.1673,0.1968,-0.3844,92.4683,105.7739,205.0781,0.4632,,
DATA,A002,3,265,66400,0.1104,0.2185,-0.3683,94.3604,103.2104,214.2334,0.4423,,
DATA,A002,3,266,66410,0.0389,0.2446,-0.3224,93.6890,98.2666,223.4497,0.4066,,
DATA,A002,3,267,66420,0.0123,0.2514,-0.2934,91.0645,94.9707,227.3560,0.3866,,
DATA,A002,3,268,66430,-0.0151,0.2368,-0.2472,85.7544,90.8203,230.4688,0.3427,,
DATA,A002,3,269,66440,-0.0265,0.2121,-0.2341,82.1533,88.0127,231.2622,0.3170,,
DATA,A002,3,270,66450,-0.0502,0.1943,-0.2302,79.2236,85.8154,231.3843,0.3054,,
DATA,A002,3,271,66460,-0.0705,0.1955,-0.2143,80.2612,86.3037,231.2012,0.2985,,
DATA,A002,3,272,66470,-0.0866,0.2095,-0.1911,82.4585,87.6465,230.9570,0.2965,,
DATA,A002,3,273,66480,-0.1073,0.2539,-0.1532,86.0596,91.4307,230.5908,0.3154,,
DATA,A002,3,274,66490,-0.1159,0.2861,-0.1320,87.7686,96.6797,230.4077,0.3357,,
DATA,A002,3,275,66500,-0.1176,0.3347,-0.1020,90.6982,105.7739,229.4312,0.3691,,
DATA,A002,3,276,66510,-0.1249,0.3774,-0.1008,93.9331,114.3188,228.3325,0.4101,,
DATA,A002,3,277,66520,-0.1415,0.4529,-0.0805,97.4121,131.5308,227.9053,0.4812,,
DATA,A002,3,278,66530,-0.1484,0.5141,-0.0707,100.2808,143.1885,226.3184,0.5398,,
DATA,A002,3,279,66540,-0.1715,0.5835,-0.0363,101.8677,160.8276,225.0366,0.6093,,
DATA,A002,3,280,66550,-0.1967,0.6286,0.0115,103.0273,170.7764,224.6094,0.6588,,
DATA,A002,3,281,66560,-0.2660,0.7400,0.0477,110.2295,185.3027,224.9756,0.7878,,
DATA,A002,3,282,66570,-0.2907,0.8310,0.0628,114.5020,194.8242,223.8159,0.8826,,
DATA,A002,3,283,66580,-0.3217,0.9763,0.0501,116.0278,207.8857,220.8252,1.0292,,
DATA,A002,3,284,66590,-0.3454,1.0659,0.0142,113.1592,214.9658,220.2148,1.1205,,
DATA,A002,3,285,66600,-0.3876,1.2092,-0.1034,111.2061,221.6187,219.1772,1.2740,,
DATA,A002,3,286,66610,-0.4093,1.3244,-0.1401,112.7319,218.6890,218.5669,1.3933,,
DATA,A002,3,287,66620,-0.4621,1.5808,-0.1332,126.2817,205.9937,217.8345,1.6523,,
DATA,A002,3,288,66630,-0.5414,1.8948,-0.1384,143.4326,191.3452,217.4072,1.9754,,
DATA,A002,3,289,66640,-0.6259,2.6418,-0.0773,158.1421,171.4478,213.5620,2.7161,,
DATA,A002,3,290,66650,-0.6667,3.1135,-0.1291,138.7329,152.6489,204.8950,3.1867,,
DATA,A002,3,291,66660,-0.6557,3.3589,-0.2533,84.8389,122.3755,192.6270,3.4316,,
DATA,A002,3,292,66670,-0.6857,3.1990,-0.1681,51.8188,111.5112,186.5234,3.2759,,
DATA,A002,3,293,66680,-0.8168,2.8525,0.0997,36.8042,94.9707,178.3447,2.9688,,
DATA,A002,3,294,66690,-0.8937,2.6157,0.2442,36.8042,78.0029,167.5415,2.7749,,
DATA,A002,3,295,66700,-0.9277,2.2732,0.4512,44.6167,43.6401,146.6064,2.4963,,
DATA,A002,3,296,66710,-0.9111,2.0583,0.5643,57.0068,19.7144,130.7373,2.3206,,
DATA,A002,3,297,66720,-0.8251,1.7930,0.6380,81.8481,-18.4937,101.3794,2.0743,,
DATA,A002,3,298,66730,-0.7150,1.6853,0.5938,99.1211,-41.9312,79.8340,1.9246,,
DATA,A002,3,299,66740,-0.5431,1.6064,0.4813,115.6006,-73.5474,47.5464,1.7627,,
DATA,A002,3,300,66750,-0.4360,1.5434,0.4219,120.1782,-93.1396,29.1748,1.6584,,
DATA,A002,3,301,66760,-0.3251,1.4665,0.3499,125.3052,-120.0562,7.8735,1.5424,,
DATA,A002,3,302,66770,-0.2734,1.4131,0.3341,124.6338,-126.0986,-4.6997,1.4775,,
DATA,A002,3,303,66780,-0.2167,1.3374,0.3062,114.5020,-107.4219,-25.8179,1.3890,,
DATA,A002,3,304,66790,-0.2201,1.2851,0.3226,104.3091,-80.6885,-37.9028,1.3432,,
DATA,A002,3,305,66800,-0.2504,1.2268,0.3780,90.0879,-53.4058,-47.7905,1.3079,,
DATA,A002,3,306,66810,-0.2897,1.0996,0.4400,58.4106,-26.6113,-57.1899,1.2193,,
DATA,A002,3,307,66820,-0.3000,0.9748,0.4403,35.9497,-16.9678,-60.1196,1.1109,,
DATA,A002,3,308,66830,-0.3156,0.7715,0.4154,9.7656,-10.9863,-62.7441,0.9313,,
DATA,A002,3,309,66840,-0.3290,0.6584,0.3975,-2.8076,-11.4746,-63.1714,0.8366,,
DATA,A002,3,310,66850,-0.3407,0.5215,0.3660,-13.7939,-20.3247,-60.6079,0.7225,,
DATA,A002,3,311,66860,-0.3212,0.4834,0.3558,-14.7705,-26.9165,-60.9741,0.6807,,
DATA,A002,3,312,66870,-0.2777,0.4695,0.3558,-17.9443,-34.3628,-63.4155,0.6512,,
DATA,A002,3,313,66880,-0.2577,0.4631,0.3624,-21.9727,-36.9263,-65.6738,0.6420,,
DATA,A002,3,314,66890,-0.2477,0.4624,0.3646,-27.4048,-38.5742,-70.8008,0.6388,,
DATA,A002,3,315,66900,-0.2543,0.4651,0.3543,-28.6865,-38.8184,-74.8901,0.6376,,
DATA,A002,3,316,66910,-0.2568,0.5137,0.3406,-28.6255,-40.2832,-81.7871,0.6677,,
DATA,A002,3,317,66920,-0.2477,0.5740,0.2982,-28.9917,-41.2598,-85.9985,0.6926,,
DATA,A002,3,318,66930,-0.2152,0.6631,0.2130,-36.1328,-40.9546,-90.8203,0.7289,,
DATA,A002,3,319,66940,-0.2028,0.7048,0.1566,-43.2129,-40.5884,-92.8345,0.7499,,
DATA,A002,3,320,66950,-0.1952,0.7790,0.0965,-49.3774,-40.7104,-94.4824,0.8089,,
DATA,A002,3,321,66960,-0.1945,0.8374,0.0780,-51.3306,-40.7104,-94.7266,0.8632,,
DATA,A002,3,322,66970,-0.1794,0.9553,0.0487,-52.1240,-38.6353,-93.8110,0.9732,,
DATA,A002,3,323,66980,-0.1532,1.0683,0.0059,-48.8892,-35.5835,-92.0410,1.0793,,
DATA,A002,3,324,66990,-0.1347,1.3291,-0.1279,-41.4429,-24.1699,-84.8999,1.3420,,
DATA,A002,3,325,67000,-0.1330,1.5273,-0.1989,-40.6494,-15.0146,-80.6885,1.5460,,
DATA,A002,3,326,67010,-0.1349,1.7915,-0.2182,-54.9316,-0.6714,-75.6836,1.8098,,
DATA,A002,3,327,67020,-0.1965,1.8960,-0.1440,-74.8901,6.8359,-75.5615,1.9116,,
DATA,A002,3,328,67030,-0.1755,1.7656,-0.0605,-126.0376,15.3809,-88.3179,1.7753,,
DATA,A002,3,329,67040,-0.1449,1.5268,0.0115,-137.5732,20.3247,-94.4824,1.5337,,
DATA,A002,3,330,67050,-0.2438,1.2705,0.1031,-120.1172,31.1279,-94.4824,1.2978,,
DATA,A002,3,331,67060,-0.3298,1.2212,0.1365,-99.2432,34.5459,-92.7734,1.2723,,
DATA,A002,3,332,67070,-0.3573,1.2182,0.1654,-73.9746,29.7852,-93.9331,1.2803,,
DATA,A002,3,333,67080,-0.3134,1.2034,0.1495,-64.2090,22.8882,-96.1914,1.2524,,
DATA,A002,3,334,67090,-0.1996,1.1340,0.0570,-54.2603,13.3667,-100.2197,1.1529,,
DATA,A002,3,335,67100,-0.1278,1.0759,-0.0243,-46.8140,7.6904,-103.3936,1.0838,,
DATA,A002,3,336,67110,-0.0705,1.0222,-0.1508,-33.8745,-2.6855,-105.5908,1.0357,,
DATA,A002,3,337,67120,-0.0629,1.0095,-0.2265,-26.8555,-11.0474,-106.2622,1.0365,,
DATA,A002,3,338,67130,-0.0585,1.0014,-0.2590,-20.6909,-19.7144,-106.9336,1.0360,,
DATA,A002,3,339,67140,-0.0185,0.9836,-0.2995,-17.7612,-33.0811,-106.4453,1.0284,,
DATA,A002,3,340,67150,-0.0043,0.9451,-0.3085,-19.3481,-46.5698,-104.1260,0.9941,,
DATA,A002,3,341,67160,0.0553,0.8545,-0.3251,-26.1841,-60.1196,-96.3135,0.9159,,
DATA,A002,3,342,67170,0.1400,0.7873,-0.3346,-27.2217,-63.7817,-87.0972,0.8669,,
DATA,A002,3,343,67180,0.2696,0.7453,-0.3517,-22.5830,-60.6079,-67.9932,0.8671,,
DATA,A002,3,344,67190,0.3192,0.7405,-0.3598,-18.4326,-55.3589,-51.8799,0.8830,,
DATA,A002,3,345,67200,0.3819,0.7361,-0.3788,-13.0615,-39.0015,-26.6113,0.9117,,
DATA,A002,3,346,67210,0.4154,0.7402,-0.4018,-7.6294,-23.3765,-9.4604,0.9391,,
DATA,A002,3,347,67220,0.4022,0.7646,-0.4089,3.5400,1.2817,16.1133,0.9558,,
DATA,A002,3,348,67230,0.3685,0.7944,-0.4118,10.8032,15.6860,31.7993,0.9677,,
DATA,A002,3,349,67240,0.3145,0.8520,-0.4347,21.3623,32.4097,53.1616,1.0069,,
DATA,A002,3,350,67250,0.2750,0.8877,-0.4274,27.2217,39.6118,65.0635,1.0229,,
DATA,A002,3,351,67260,0.1986,0.9455,-0.3967,36.3770,46.4478,79.9561,1.0444,,
DATA,A002,3,352,67270,0.1412,0.9866,-0.3805,43.1519,48.0957,87.8296,1.0668,,
DATA,A002,3,353,67280,0.0767,1.0329,-0.3439,50.6592,46.2646,96.9238,1.0914,,
DATA,A002,3,354,67290,0.0433,1.0564,-0.3217,55.1147,43.6401,102.2339,1.1051,,
DATA,A002,3,355,67300,0.0091,1.0808,-0.2897,62.1948,40.1001,109.1919,1.1190,,
DATA,A002,3,356,67310,-0.0165,1.0947,-0.2634,66.7725,39.0015,113.0981,1.1261,,
DATA,A002,3,357,67320,-0.0614,1.1230,-0.2067,72.7539,39.4287,118.4692,1.1435,,
DATA,A002,3,358,67330,-0.1088,1.1457,-0.1718,75.9277,40.2832,121.5820,1.1636,,
DATA,A002,3,359,67340,-0.2057,1.1697,-0.1064,77.8809,41.0156,125.1831,1.1924,,
DATA,A002,3,360,67350,-0.2653,1.1714,-0.0781,77.5146,39.6118,126.4648,1.2036,,
DATA,A002,3,361,67360,-0.3471,1.1594,-0.0256,75.5005,36.0718,126.8921,1.2105,,
DATA,A002,3,362,67370,-0.3998,1.1496,0.0052,73.7915,32.7148,125.6104,1.2172,,
DATA,A002,3,363,67380,-0.4809,1.1418,0.0491,69.0918,27.7100,121.7041,1.2399,,
DATA,A002,3,364,67390,-0.5229,1.1274,0.0784,63.9038,25.5127,117.0654,1.2452,,
DATA,A002,3,365,67400,-0.5776,1.0835,0.1405,53.8940,20.4468,107.7271,1.2358,,
DATA,A002,3,366,67410,-0.6147,1.0454,0.2037,47.6074,16.6626,100.3418,1.2297,,
DATA,A002,3,367,67420,-0.6630,0.9858,0.2969,37.5977,14.5264,88.1348,1.2246,,
DATA,A002,3,368,67430,-0.6759,0.9343,0.3455,30.0293,16.0522,78.7964,1.2038,,
DATA,A002,3,369,67440,-0.6484,0.8616,0.3587,16.7847,23.0713,62.9272,1.1364,,
DATA,A002,3,370,67450,-0.6242,0.8042,0.3406,5.1880,32.2266,51.5137,1.0735,,
DATA,A002,3,371,67460,-0.6308,0.7297,0.3880,-7.0801,41.0156,40.1001,1.0397,,
DATA,A002,3,372,67470,-0.7074,0.6360,0.4503,-23.2544,55.9082,25.6958,1.0525,,
DATA,A002,3,373,67480,-0.7680,0.5871,0.5047,-32.3486,66.4673,16.2964,1.0905,,
DATA,A002,3,374,67490,-0.8371,0.5264,0.5870,-43.7012,80.0171,2.3804,1.1499,,
DATA,A002,3,375,67500,-0.8798,0.4953,0.6363,-51.3916,86.0596,-6.7139,1.1934,,
DATA,A002,3,376,67510,-0.9460,0.4360,0.7120,-62.9883,90.5151,-19.7754,1.2617,,
DATA,A002,3,377,67520,-0.9728,0.4075,0.7171,-70.3735,91.6138,-29.1138,1.2754,,
DATA,A002,3,378,67530,-1.0309,0.3808,0.6907,-81.3599,90.6372,-43.7622,1.2981,,
DATA,A002,3,379,67540,-1.0680,0.3782,0.6405,-88.3789,88.3179,-54.9927,1.3015,,
DATA,A002,3,380,67550,-1.1344,0.3862,0.5916,-97.7173,81.0547,-75.1953,1.3365,,
DATA,A002,3,381,67560,-1.1740,0.3972,0.5706,-103.4546,74.8291,-90.0879,1.3644,,
DATA,A002,3,382,67570,-1.2160,0.4204,0.5560,-108.4595,65.5518,-113.5254,1.4016,,
DATA,A002,3,383,67580,-1.2646,0.4499,0.5426,-109.9243,59.5703,-128.7231,1.4477,,
DATA,A002,3,384,67590,-1.3442,0.5122,0.5418,-107.0557,50.7812,-152.3438,1.5371,,
DATA,A002,3,385,67600,-1.3832,0.5742,0.5748,-102.2339,44.4946,-168.8843,1.6042,,
DATA,A002,3,386,67610,-1.4413,0.6960,0.6810,-92.4683,35.5835,-194.8853,1.7394,,
DATA,A002,3,387,67620,-1.5219,0.8193,0.6988,-85.7544,27.6489,-210.3271,1.8643,,
DATA,A002,3,388,67630,-1.7282,1.0224,0.7125,-76.3550,11.4746,-232.1777,2.1306,,
DATA,A002,3,389,67640,-1.8940,1.1894,0.6956,-68.5425,-3.0518,-245.4834,2.3422,,
DATA,A002,3,390,67650,-2.1244,1.5212,0.6717,-55.5420,-32.1045,-264.5264,2.6979,,
DATA,A002,3,391,67660,-2.2375,1.7932,0.6632,-48.7671,-56.3965,-278.3813,2.9431,,
DATA,A002,3,392,67670,-2.3180,2.2200,0.6090,-51.5137,-99.1821,-299.8657,3.2668,,
DATA,A002,3,393,67680,-2.3117,2.4433,0.5762,-58.7769,-129.0283,-313.7207,3.4126,,
DATA,A002,3,394,67690,-2.2319,2.7063,0.5450,-68.6646,-161.8042,-332.2144,3.5499,,
DATA,A002,3,395,67700,-2.1308,2.8374,0.5255,-73.7305,-173.5840,-343.0786,3.5871,,
DATA,A002,3,396,67710,-2.0653,3.0180,0.4698,-81.9702,-176.9409,-350.8911,3.6871,,
DATA,A002,3,397,67720,-2.0031,3.1755,0.4422,-85.5713,-175.7202,-354.0649,3.7805,,
DATA,A002,3,398,67730,-1.7328,3.4783,0.3006,-84.2896,-171.2646,-348.6328,3.8976,,
DATA,A002,3,399,67740,-1.4504,3.5591,0.2225,-79.1626,-162.7197,-336.5479,3.8497,,
DATA,A002,3,400,67750,-0.9965,3.3735,0.1121,-74.2798,-147.5220,-327.1484,3.5194,,
DATA,A002,3,401,67760,-0.7734,3.2002,0.0504,-64.2700,-136.2915,-315.6738,3.2927,,
DATA,A002,3,402,67770,-0.4821,2.8515,-0.0741,-53.5889,-123.2300,-295.6543,2.8930,,
DATA,A002,3,403,67780,-0.3366,2.6142,-0.1381,-48.3398,-119.9341,-278.3203,2.6394,,
DATA,A002,3,404,67790,-0.1884,2.2326,-0.1908,-54.2603,-119.9341,-247.7417,2.2487,,
DATA,A002,3,405,67800,-0.0771,1.9016,-0.1594,-55.7861,-123.7793,-223.0835,1.9098,,
DATA,A002,3,406,67810,0.0638,1.6113,-0.1938,-44.2505,-129.2114,-198.0591,1.6242,,
DATA,A002,3,407,67820,0.2882,1.3042,-0.3449,-19.5923,-130.2490,-156.5552,1.3795,,
DATA,A002,3,408,67830,0.4976,1.1526,-0.4311,-4.7607,-126.2817,-129.3945,1.3274,,
DATA,A002,3,409,67840,0.7540,0.9414,-0.5253,11.4136,-101.3794,-88.1958,1.3155,,
DATA,A002,3,410,67850,0.8827,0.8127,-0.6010,20.6299,-75.8057,-61.1572,1.3419,,
DATA,A002,3,411,67860,0.9762,0.6452,-0.6598,37.5366,-35.3394,-22.0337,1.3434,,
DATA,A002,3,412,67870,0.9752,0.5813,-0.6952,50.5371,-10.3760,3.7842,1.3312,,
DATA,A002,3,413,67880,0.9220,0.5193,-0.6596,65.2466,20.6909,39.4897,1.2469,,
DATA,A002,3,414,67890,0.8700,0.4678,-0.5861,69.6411,36.8042,59.7534,1.1485,,
DATA,A002,3,415,67900,0.7535,0.3503,-0.4885,68.8477,52.0630,86.9141,0.9639,,
DATA,A002,3,416,67910,0.6617,0.2524,-0.4313,68.7256,57.3730,102.4780,0.8292,,
DATA,A002,3,417,67920,0.5221,0.1540,-0.3556,76.3550,59.2041,122.4976,0.6502,,
DATA,A002,3,418,67930,0.4676,0.1262,-0.3295,83.4961,57.0068,133.2397,0.5858,,
DATA,A002,3,419,67940,0.4469,0.1326,-0.3088,91.1865,51.8188,145.3857,0.5591,,
DATA,A002,3,420,67950,0.4205,0.1394,-0.2756,93.3838,47.7905,152.7710,0.5217,,
DATA,A002,3,421,67960,0.3333,0.1404,-0.2389,93.5059,45.4102,161.2549,0.4335,,
DATA,A002,3,422,67970,0.2638,0.1350,-0.2160,94.5435,44.3726,165.7715,0.3667,,
DATA,A002,3,423,67980,0.1732,0.1338,-0.1760,94.7266,42.5415,170.1660,0.2808,,
DATA,A002,3,424,67990,0.1317,0.1264,-0.1540,94.3604,41.0156,172.9736,0.2388,,
DATA,A002,3,425,68000,0.0706,0.1184,-0.1193,93.8110,38.1470,176.5747,0.1823,,
DATA,A002,3,426,68010,0.0304,0.1189,-0.1049,93.9331,36.4990,179.1992,0.1614,,
DATA,A002,3,427,68020,-0.0275,0.1255,-0.0861,95.1538,33.2031,181.9458,0.1546,,
DATA,A002,3,428,68030,-0.0492,0.1448,-0.0678,96.3135,30.8838,183.3496,0.1673,,
DATA,A002,3,429,68040,-0.0827,0.1892,-0.0358,99.5483,27.9541,184.5093,0.2096,,
DATA,A002,3,430,68050,-0.0956,0.2241,-0.0138,100.2197,26.1230,184.6924,0.2440,,
DATA,A002,3,431,68060,-0.1108,0.2666,0.0064,99.1821,24.4141,184.5703,0.2887,,
DATA,A002,3,432,68070,-0.1235,0.2895,0.0194,98.0225,23.7427,184.3262,0.3153,,
DATA,A002,3,433,68080,-0.1254,0.3232,0.0340,97.8394,23.3154,183.4717,0.3484,,
DATA,A002,3,434,68090,-0.1298,0.3601,0.0355,99.1211,24.2310,183.5327,0.3844,,
DATA,A002,3,435,68100,-0.1325,0.4377,0.0555,103.5767,26.3672,183.7158,0.4607,,
DATA,A002,3,436,68110,-0.1361,0.5095,0.0574,107.2998,28.8696,184.6313,0.5305,,
DATA,A002,3,437,68120,-0.1503,0.6467,0.0430,112.1216,37.4756,187.0117,0.6653,,
DATA,A002,3,438,68130,-0.1471,0.7378,0.0279,113.0371,44.2505,188.2324,0.7528,,
DATA,A002,3,439,68140,-0.1476,0.8340,-0.0121,114.6240,52.6123,190.9790,0.8470,,
DATA,A002,3,440,68150,-0.1291,1.0185,-0.0361,122.4365,66.4062,196.6553,1.0273,,
DATA,A002,3,441,68160,-0.1139,1.1853,-0.0383,132.9346,74.4019,201.7822,1.1914,,
DATA,A002,3,442,68170,-0.1393,1.5659,-0.0383,156.3110,82.8247,214.9658,1.5726,,
DATA,A002,3,443,68180,-0.2131,1.9419,-0.0932,176.3306,84.1064,225.0977,1.9558,,
DATA,A002,3,444,68190,-0.3110,2.8318,-0.1425,191.2842,100.3418,231.5674,2.8524,,
DATA,A002,3,445,68200,-0.3576,3.3786,-0.2297,154.9683,110.9009,223.5718,3.4053,,
DATA,A002,3,446,68210,-0.4628,3.6123,-0.2101,77.1484,121.8262,225.8911,3.6479,,
DATA,A002,3,447,68220,-0.6061,3.4067,-0.1010,38.1470,132.3853,229.3701,3.4617,,
DATA,A002,3,448,68230,-0.7939,3.1169,0.1925,29.0527,149.5361,232.2388,3.2222,,
DATA,A002,3,449,68240,-0.8424,2.9617,0.3692,31.5552,152.9541,228.9429,3.1012,,
DATA,A002,3,450,68250,-0.8578,2.6567,0.6192,33.9355,147.5220,210.0830,2.8596,,
DATA,A002,3,451,68260,-0.8837,2.4082,0.7269,40.5273,139.0991,187.6831,2.6662,,
DATA,A002,3,452,68270,-0.9145,2.0889,0.8067,53.5278,114.3188,145.5688,2.4187,,
DATA,A002,3,453,68280,-0.9308,1.9204,0.7413,57.4951,86.1816,116.5771,2.2592,,
DATA,A002,3,454,68290,-0.8818,1.6243,0.5775,55.0537,17.8223,74.2188,1.9363,,
DATA,A002,3,455,68300,-0.8227,1.4582,0.4749,54.8096,-37.9639,49.7437,1.7403,,
DATA,A002,3,456,68310,-0.6264,1.2236,0.3609,60.7910,-98.6328,15.4419,1.4212,,
DATA,A002,3,457,68320,-0.4997,1.1638,0.3626,71.2280,-114.8682,-8.1787,1.3174,,
DATA,A002,3,458,68330,-0.4804,1.1728,0.4036,72.2656,-109.7412,-39.4897,1.3301,,
DATA,A002,3,459,68340,-0.5126,1.1445,0.4449,55.4199,-95.0317,-59.0820,1.3306,,
DATA,A002,3,460,68350,-0.5131,1.0017,0.5555,16.4795,-72.5098,-85.2051,1.2551,,
DATA,A002,3,461,68360,-0.4316,0.8725,0.5496,-6.6528,-60.4858,-93.9941,1.1179,,
DATA,A002,3,462,68370,-0.3771,0.7241,0.5169,-24.9634,-47.3022,-95.5200,0.9663,,
DATA,A002,3,463,68380,-0.3913,0.6609,0.4676,-35.5225,-48.2788,-94.5435,0.8992,,
DATA,A002,3,464,68390,-0.4035,0.5757,0.3951,-56.9458,-58.2275,-94.5435,0.8064,,
DATA,A002,3,465,68400,-0.3715,0.5007,0.3753,-71.5332,-62.1948,-98.3276,0.7277,,
DATA,A002,3,466,68410,-0.3190,0.4140,0.3880,-85.3882,-67.1997,-101.0742,0.6510,,
DATA,A002,3,467,68420,-0.3276,0.3777,0.3936,-90.6372,-70.2515,-101.7456,0.6363,,
DATA,A002,3,468,68430,-0.3705,0.3503,0.4036,-94.3604,-70.7397,-103.0884,0.6503,,
DATA,A002,3,469,68440,-0.4579,0.3149,0.4193,-93.2617,-73.7915,-107.6050,0.6962,,
DATA,A002,3,470,68450,-0.5282,0.3166,0.4249,-88.6841,-79.2847,-110.7178,0.7482,,
DATA,A002,3,471,68460,-0.6086,0.3808,0.4075,-80.1392,-95.5200,-114.7461,0.8255,,
DATA,A002,3,472,68470,-0.6149,0.4372,0.3814,-77.0264,-108.6426,-117.1875,0.8454,,
DATA,A002,3,473,68480,-0.6296,0.5093,0.3465,-77.7588,-130.1270,-118.3472,0.8808,,
DATA,A002,3,474,68490,-0.7013,0.5537,0.3045,-78.1860,-149.5972,-116.2109,0.9440,,
DATA,A002,3,475,68500,-0.8341,0.6367,0.2198,-75.5005,-185.9741,-111.0840,1.0721,,
DATA,A002,3,476,68510,-0.8964,0.7065,0.1846,-71.2280,-210.6934,-107.6660,1.1562,,
DATA,A002,3,477,68520,-0.9845,0.8493,0.2371,-56.5186,-248.1079,-98.8770,1.3217,,
DATA,A002,3,478,68530,-1.0429,0.9731,0.4114,-39.6118,-273.3765,-92.2852,1.4845,,
DATA,A002,3,479,68540,-1.0502,1.3286,0.4801,-14.7705,-304.5044,-88.7451,1.7603,,
DATA,A002,3,480,68550,-1.0370,1.5791,0.5343,-4.3945,-324.5239,-86.6699,1.9633,,
DATA,A002,3,481,68560,-0.9206,1.8452,0.6351,-11.1694,-343.2007,-94.4824,2.1577,,
DATA,A002,3,482,68570,-0.8193,1.9153,0.6353,-26.6724,-344.4214,-100.5249,2.1779,,
DATA,A002,3,483,68580,-0.6730,1.8703,0.5177,-52.8564,-328.1250,-108.8867,2.0540,,
DATA,A002,3,484,68590,-0.5861,1.8122,0.4244,-66.3452,-309.7534,-115.5396,1.9514,,
DATA,A002,3,485,68600,-0.5570,1.7751,0.2547,-81.3599,-288.4521,-120.2393,1.8778,,
DATA,A002,3,486,68610,-0.5588,1.7566,0.1429,-95.7031,-281.8604,-122.1924,1.8488,,
DATA,A002,3,487,68620,-0.5092,1.6968,-0.0068,-120.3613,-281.3721,-125.8545,1.7715,,
DATA,A002,3,488,68630,-0.4267,1.6374,-0.0998,-136.9629,-281.1279,-125.3662,1.6951,,
DATA,A002,3,489,68640,-0.3073,1.5102,-0.2077,-164.1235,-273.8037,-123.9624,1.5551,,
DATA,A002,3,490,68650,-0.2179,1.4233,-0.2577,-179.9316,-264.8926,-119.9341,1.4628,,
DATA,A002,3,491,68660,-0.1181,1.3154,-0.2240,-191.7725,-246.7041,-109.4360,1.3396,,
DATA,A002,3,492,68670,-0.1911,1.2939,-0.0651,-192.5049,-242.0654,-104.4312,1.3096,,
DATA,A002,3,493,68680,-0.1100,1.1138,0.0433,-202.2705,-226.9897,-119.7510,1.1200,,
DATA,A002,3,494,68690,-0.0302,0.9912,0.1221,-191.8335,-217.5293,-125.6104,0.9991,,
DATA,A002,3,495,68700,-0.0866,0.9451,0.1583,-163.0859,-204.0405,-116.8823,0.9621,,
DATA,A002,3,496,68710,-0.1357,0.9538,0.1156,-147.2168,-197.6929,-110.7178,0.9703,,
DATA,A002,3,497,68720,-0.1254,0.9245,0.0059,-132.9346,-189.6973,-104.3701,0.9330,,
DATA,A002,3,498,68730,-0.0944,0.8691,-0.0578,-127.3193,-181.5796,-100.3418,0.8761,,
DATA,A002,3,499,68740,-0.1069,0.7583,-0.1371,-116.3940,-163.8184,-92.8955,0.7780,,
DATA,A002,3,500,68750,-0.1051,0.6977,-0.1625,-105.4077,-151.6724,-87.0361,0.7241,,
DATA,A002,3,501,68760,-0.0893,0.6631,-0.1689,-91.9800,-141.4185,-80.5664,0.6900,,
DATA,A002,3,502,68770,0.0597,0.6680,-0.3339,-74.7070,-131.2866,-69.5801,0.7491,,
DATA,A002,3,503,68780,-0.0707,0.8369,-0.1457,-65.7349,-116.0889,-66.9556,0.8524,,
DATA,A002,3,504,68790,0.0120,0.6770,-0.2206,-78.8574,-122.3145,-61.7065,0.7121,,
DATA,A002,3,505,68800,0.2088,0.5864,-0.6708,-67.8711,-109.6191,-49.9878,0.9151,,
DATA,A002,3,506,68810,0.4200,0.4912,-0.0807,-31.8604,-88.4399,-48.9502,0.6513,,
DATA,A002,3,507,68820,0.2630,0.5244,-0.0763,-24.2310,-50.0488,-34.6680,0.5916,,
DATA,A002,3,508,68830,-0.0285,0.5903,0.1434,-4.0894,-26.4893,-33.2031,0.6081,,
DATA,A002,3,509,68840,-0.1557,0.6206,0.2801,2.4414,-27.3438,-27.7100,0.6984,,
DATA,A002,3,510,68850,-0.2350,0.6394,0.3980,10.1318,-40.4053,-25.1465,0.7890,,
DATA,A002,3,511,68860,-0.2106,0.6389,0.4844,14.8926,-50.1709,-22.8271,0.8290,,
DATA,A002,3,512,68870,-0.2821,2.4487,1.0618,-2.0752,-43.8232,-42.2974,2.6839,,
DATA,A002,3,513,68880,-0.2194,2.0334,0.9178,-127.0142,-79.5288,-49.9268,2.2417,,
DATA,A002,3,514,68890,-0.2306,0.6050,0.7584,-204.9561,-91.6748,-43.1519,0.9971,,
DATA,A002,3,515,68900,-0.0180,0.5337,0.6729,-214.0503,-76.2939,-54.5044,0.8590,,
DATA,A002,3,516,68910,0.1607,0.2690,0.6600,-178.2837,-55.2979,-37.7808,0.7306,,
DATA,A002,3,517,68920,0.1344,-0.0745,0.7457,-132.8735,-41.2598,-5.3101,0.7613,,
DATA,A002,3,518,68930,0.1270,0.2014,0.8238,-81.0547,-15.5029,-21.9116,0.8575,,
DATA,A002,3,519,68940,0.0365,0.2722,0.7650,-63.2324,-3.5400,-20.0195,0.8128,,
DATA,A002,3,520,68950,0.0760,0.1814,0.8443,-52.8564,2.2583,-25.1465,0.8669,,
DATA,A002,3,521,68960,0.0755,0.2634,0.7054,-62.9272,16.2354,-43.3960,0.7567,,
DATA,A002,3,522,68970,0.1698,0.3918,0.8443,-40.2832,3.8452,-27.6489,0.9462,,
DATA,A002,3,523,68980,0.0162,0.3196,0.8284,-41.9312,8.1787,-36.6821,0.8881,,
DATA,A002,3,524,68990,0.0074,0.3191,0.9034,-26.3062,0.3052,-40.7715,0.9581,,
DATA,A002,3,525,69000,0.0067,0.3616,0.9713,-19.4702,-4.8218,-44.5557,1.0364,,
DATA,A002,3,526,69010,0.2298,0.0776,0.4891,-11.9629,-3.2349,-48.0347,0.5459,,
DATA,A002,3,527,69020,0.3460,0.6003,0.9288,64.6973,-39.3677,-11.9629,1.1588,,
DATA,A002,3,528,69030,-0.0026,0.4851,0.8780,9.5825,8.4839,-34.4238,1.0031,,
DATA,A002,3,529,69040,0.0540,0.4597,0.9300,5.0659,-3.9673,-33.3252,1.0388,,
DATA,A002,3,530,69050,0.0108,0.3420,0.9490,0.6104,-10.3760,-35.6445,1.0089,,
DATA,A002,3,531,69060,0.0484,0.3755,0.9739,6.5918,-23.1323,-32.3486,1.0449,,
DATA,A002,3,532,69070,0.0526,0.3305,0.9559,15.8081,-27.5879,-28.4424,1.0128,,
DATA,A002,3,533,69080,0.0650,0.3432,0.9674,20.5688,-33.8135,-25.6348,1.0285,,
DATA,A002,3,534,69090,0.0638,0.3569,0.9486,21.9727,-40.5884,-22.4609,1.0155,,
DATA,A002,3,535,69100,0.0806,0.4263,0.9547,21.7285,-47.6074,-17.3340,1.0486,,
DATA,A002,3,536,69110,0.1346,0.4875,0.9366,17.9443,-40.4053,-20.6299,1.0644,,
DATA,A002,3,537,69120,0.1200,0.4116,0.8951,9.0942,-15.5029,-30.1514,0.9925,,
DATA,A002,3,538,69130,0.0348,0.4053,0.9002,6.6528,-11.1084,-31.7993,0.9878,,
DATA,A002,3,539,69140,0.0924,0.4526,0.8870,2.5024,-14.3433,-29.7241,1.0001,,
DATA,A002,3,540,69150,0.0980,0.4558,0.8487,-0.7935,-14.4043,-27.4658,0.9683,,
DATA,A002,3,541,69160,0.0326,0.3581,0.9012,-2.6245,-13.3667,-29.3579,0.9703,,
DATA,A002,3,542,69170,0.2415,0.4853,0.9862,5.7983,-18.8599,-30.1514,1.1253,,
DATA,A002,3,543,69180,0.0391,0.4560,0.9176,-5.4321,-13.1836,-30.7007,1.0254,,
DATA,A002,3,544,69190,-0.0007,0.4087,0.9017,-10.7422,-6.5918,-39.4287,0.9900,,
DATA,A002,3,545,69200,0.0179,0.3996,0.8819,-1.7700,-7.3242,-34.7900,0.9684,,
DATA,A002,3,546,69210,-0.0055,0.3813,0.8948,0.3662,-10.0708,-30.3955,0.9727,,
DATA,A002,3,547,69220,0.0831,0.3972,0.8785,4.6387,-13.7329,-21.9727,0.9677,,
DATA,A002,3,548,69230,0.0218,0.3762,0.8626,-0.0610,-12.3901,-20.2637,0.9413,,
DATA,A002,3,549,69240,0.0929,0.3972,0.8905,1.9531,-11.4746,-10.7422,0.9794,,
DATA,A002,3,550,69250,0.1063,0.4009,0.8956,0.0610,-9.3994,-7.5684,0.9869,,
DATA,A002,3,551,69260,0.1634,0.4482,0.8590,-14.9536,-11.1084,-1.7090,0.9826,,
DATA,A002,3,552,69270,0.1080,0.4160,0.8953,-3.4790,2.2583,-5.1880,0.9931,,
DATA,A002,3,553,69280,0.1307,0.3994,0.9063,-1.4648,10.9863,-3.7231,0.9990,,
DATA,A002,3,554,69290,0.1021,0.4045,0.9056,-2.9297,15.6860,-4.5776,0.9971,,
DATA,A002,3,555,69300,0.1077,0.4062,0.9371,-5.3101,20.8740,-4.2725,1.0270,,
DATA,A002,3,556,69310,0.1290,0.4568,0.9427,-11.8408,23.4375,-2.0752,1.0554,,
EVENT,A002,3,,69311,,,,,,,,STOP,556
