row_type,session_id,record_id,sample_id,device_timestamp_ms,ax,ay,az,gx,gy,gz,acc_norm,event_type,sample_count
EVENT,A003,,,758455,,,,,,,,NEW_SESSION,
EVENT,A003,1,,802437,,,,,,,,START,
DATA,A003,1,1,802460,-0.0687,0.0003,0.9916,22.0337,-31.0059,55.5420,0.9939,,
DATA,A003,1,2,802470,-0.0734,0.0591,0.9874,24.5361,-30.7007,56.9458,0.9919,,
DATA,A003,1,3,802480,-0.0672,0.0701,1.0321,19.2871,-21.9116,59.0210,1.0367,,
DATA,A003,1,4,802490,-0.0616,0.0670,1.0370,14.9536,-19.7754,60.4248,1.0410,,
DATA,A003,1,5,802500,-0.0441,0.0933,0.9862,12.0850,-18.8599,61.2183,0.9916,,
DATA,A003,1,6,802510,-0.0602,0.0850,0.9806,5.6763,-17.4561,57.7393,0.9861,,
DATA,A003,1,7,802520,-0.0892,0.0943,0.9276,2.8687,-19.4092,54.9316,0.9366,,
DATA,A003,1,8,802530,-0.0797,0.0955,0.9051,0.9766,-18.2495,57.8613,0.9137,,
DATA,A003,1,9,802540,-0.0367,0.0801,0.9100,-5.6152,-7.6294,60.3638,0.9143,,
DATA,A003,1,10,802550,-0.0145,0.0640,0.9090,-8.7280,2.8076,64.2700,0.9114,,
DATA,A003,1,11,802560,0.0111,0.0479,0.9186,-8.2397,12.2070,67.5049,0.9199,,
DATA,A003,1,12,802570,0.0226,0.0762,0.9420,-6.3477,26.7334,71.6553,0.9454,,
DATA,A003,1,13,802580,0.0377,0.1046,0.9469,-6.1646,38.0859,75.3784,0.9534,,
DATA,A003,1,14,802590,0.0761,0.1192,0.9366,-7.7515,55.5420,79.7729,0.9472,,
DATA,A003,1,15,802600,0.0470,0.1055,0.9105,-6.4697,63.6597,80.3833,0.9178,,
DATA,A003,1,16,802610,0.0182,0.1280,0.8656,2.2583,69.7632,79.1016,0.8752,,
DATA,A003,1,17,802620,0.0253,0.1319,0.8407,6.2256,72.2656,78.0029,0.8513,,
DATA,A003,1,18,802630,0.0668,0.1341,0.7985,12.6953,82.5195,79.5898,0.8124,,
DATA,A003,1,19,802640,0.1215,0.1253,0.7762,16.2354,91.9800,83.1909,0.7956,,
DATA,A003,1,20,802650,0.1845,0.2003,0.7064,15.8691,113.9526,87.4023,0.7571,,
DATA,A003,1,21,802660,0.2133,0.2286,0.6341,10.1929,129.3335,98.6328,0.7070,,
DATA,A003,1,22,802670,0.3134,0.1636,0.6429,6.0425,140.3809,130.8594,0.7337,,
DATA,A003,1,23,802680,0.3834,0.4183,0.6583,5.0049,174.0723,166.5039,0.8691,,
DATA,A003,1,24,802690,0.0548,0.5779,0.6188,-44.9219,209.7168,184.8755,0.8485,,
DATA,A003,1,25,802700,-0.1339,0.4363,0.6715,-49.0723,210.2051,157.2266,0.8119,,
DATA,A003,1,26,802710,-0.2313,0.2042,0.6988,-20.0806,190.4907,154.0527,0.7639,,
DATA,A003,1,27,802720,-0.2892,0.1817,0.7560,17.8223,184.5093,169.3726,0.8295,,
DATA,A003,1,28,802730,-0.3756,0.3614,0.7975,53.1616,179.0161,181.0913,0.9527,,
DATA,A003,1,29,802740,-0.4449,0.4437,0.8256,50.7812,168.8843,182.5562,1.0375,,
DATA,A003,1,30,802750,-0.5189,0.4227,0.8736,40.2222,147.7051,178.4668,1.1005,,
DATA,A003,1,31,802760,-0.5387,0.3629,0.9183,40.2222,128.4790,174.9268,1.1248,,
DATA,A003,1,32,802770,-0.5807,0.3253,1.0233,46.7529,96.6187,168.7622,1.2207,,
DATA,A003,1,33,802780,-0.6014,0.3345,1.0362,49.6216,78.4912,163.3301,1.2440,,
DATA,A003,1,34,802790,-0.5836,0.3668,0.9918,53.2227,56.9458,152.8931,1.2078,,
DATA,A003,1,35,802800,-0.5438,0.3868,0.9520,55.7861,47.5464,149.8413,1.1626,,
DATA,A003,1,36,802810,-0.5008,0.3709,0.9090,55.1758,41.9922,150.5127,1.1022,,
DATA,A003,1,37,802820,-0.4786,0.3384,0.8837,54.5654,41.8091,149.2920,1.0604,,
DATA,A003,1,38,802830,-0.4503,0.2969,0.8878,57.1899,45.4102,147.3999,1.0388,,
DATA,A003,1,39,802840,-0.4388,0.2833,0.8946,59.6924,50.4150,147.2168,1.0360,,
DATA,A003,1,40,802850,-0.4115,0.2938,0.9252,64.3311,61.2183,145.2637,1.0543,,
DATA,A003,1,41,802860,-0.3951,0.3152,0.9476,64.4531,70.7397,145.7520,1.0740,,
DATA,A003,1,42,802870,-0.3490,0.3448,0.9757,58.2886,88.1348,145.6299,1.0921,,
DATA,A003,1,43,802880,-0.3160,0.3502,0.9767,49.4995,103.8818,145.0806,1.0846,,
DATA,A003,1,44,802890,-0.2767,0.3123,0.9659,33.8745,130.6152,140.9302,1.0522,,
DATA,A003,1,45,802900,-0.2875,0.2664,0.9357,26.7334,147.8271,135.2539,1.0144,,
DATA,A003,1,46,802910,-0.3204,0.2491,0.9325,18.4937,160.1562,135.0098,1.0170,,
DATA,A003,1,47,802920,-0.4310,0.2234,0.9410,8.3618,167.7856,129.7607,1.0589,,
DATA,A003,1,48,802930,-0.4591,0.2176,0.9676,9.8877,164.4287,117.2485,1.0929,,
DATA,A003,1,49,802940,-0.4803,0.1966,0.9786,-10.1929,157.2876,124.8169,1.1077,,
DATA,A003,1,50,802950,-0.4601,0.1512,0.9620,-21.3013,153.6865,122.0093,1.0770,,
DATA,A003,1,51,802960,-0.3873,0.0828,0.9454,-30.5786,157.7148,115.3564,1.0250,,
DATA,A003,1,52,802970,-0.3373,0.0411,0.9735,-30.1514,168.4570,112.4878,1.0311,,
DATA,A003,1,53,802980,-0.3155,-0.0021,1.0406,-33.1421,190.4907,109.6191,1.0874,,
DATA,A003,1,54,802990,-0.3129,-0.0180,1.1166,-31.6162,206.8481,101.6235,1.1597,,
DATA,A003,1,55,803000,-0.4654,-0.0002,1.1119,-31.8604,232.7271,87.9517,1.2054,,
DATA,A003,1,56,803010,-0.5455,0.0052,1.1681,-27.0996,231.0181,73.3643,1.2892,,
DATA,A003,1,57,803020,-0.7479,0.0367,1.1373,-23.1323,222.0459,60.6079,1.3617,,
DATA,A003,1,58,803030,-0.8993,0.0572,1.1666,-13.3667,197.8149,44.1895,1.4741,,
DATA,A003,1,59,803040,-0.9733,0.1033,1.2467,-23.3765,144.3481,33.1421,1.5850,,
DATA,A003,1,60,803050,-0.9440,0.0821,1.2736,-52.3071,104.1870,34.1187,1.5874,,
DATA,A003,1,61,803060,-0.7831,-0.0368,1.3060,-99.4263,64.9414,30.5786,1.5232,,
DATA,A003,1,62,803070,-0.6798,-0.1108,1.2757,-100.5249,62.0117,13.1836,1.4498,,
DATA,A003,1,63,803080,-0.6434,-0.0578,1.3424,-81.2378,73.5474,-4.6997,1.4898,,
DATA,A003,1,64,803090,-0.7084,0.0311,1.3983,-77.2705,85.7544,-16.6016,1.5678,,
DATA,A003,1,65,803100,-0.9049,0.1109,1.4830,-92.5293,93.6279,-41.9312,1.7408,,
DATA,A003,1,66,803110,-1.0279,0.1199,1.5221,-105.7129,89.9658,-63.2935,1.8406,,
DATA,A003,1,67,803120,-1.1830,0.1146,1.5350,-120.9717,68.1152,-99.3652,1.9414,,
DATA,A003,1,68,803130,-1.2787,0.1006,1.5328,-128.1738,49.9268,-122.4365,1.9987,,
DATA,A003,1,69,803140,-1.4066,0.0765,1.5023,-135.8032,15.0757,-156.1890,2.0594,,
DATA,A003,1,70,803150,-1.4818,0.0823,1.5343,-137.5732,-11.7798,-175.7812,2.1346,,
DATA,A003,1,71,803160,-1.5428,0.1463,1.5306,-135.8032,-46.2646,-200.8057,2.1782,,
DATA,A003,1,72,803170,-1.5409,0.1927,1.4952,-133.6060,-65.9180,-213.6841,2.1557,,
DATA,A003,1,73,803180,-1.5355,0.2418,1.3395,-128.5400,-94.4824,-223.2666,2.0519,,
DATA,A003,1,74,803190,-1.5521,0.2508,1.1503,-121.2158,-107.2388,-227.0508,1.9481,,
DATA,A003,1,75,803200,-1.6009,0.2315,0.8863,-92.6514,-123.8403,-230.2246,1.8445,,
DATA,A003,1,76,803210,-1.5494,0.2488,0.8942,-57.0679,-137.6343,-225.8911,1.8061,,
DATA,A003,1,77,803220,-1.3646,0.3831,1.0382,-11.2305,-152.5879,-212.8906,1.7569,,
DATA,A003,1,78,803230,-1.1642,0.7747,1.0907,32.5317,-164.1846,-178.2837,1.7734,,
DATA,A003,1,79,803240,-1.1039,0.9703,0.8082,31.9214,-161.9263,-164.3066,1.6773,,
DATA,A003,1,80,803250,-0.9725,0.9981,0.3827,26.1230,-149.7192,-141.0522,1.4451,,
DATA,A003,1,81,803260,-0.8351,0.9263,0.1791,33.5083,-136.3525,-120.6665,1.2600,,
DATA,A003,1,82,803270,-0.5138,0.7691,0.0231,39.3066,-109.6191,-82.8857,0.9252,,
DATA,A003,1,83,803280,-0.3006,0.6175,-0.0516,41.1987,-88.6841,-64.0259,0.6887,,
DATA,A003,1,84,803290,0.0050,0.3795,-0.1447,52.6733,-48.5229,-45.7153,0.4061,,
DATA,A003,1,85,803300,0.1991,0.2254,-0.2130,65.4907,-14.8315,-33.4473,0.3685,,
DATA,A003,1,86,803310,0.4113,0.0157,-0.3080,88.6230,42.1753,-12.9395,0.5140,,
DATA,A003,1,87,803320,0.4784,-0.1220,-0.3383,105.8960,85.2051,0.7324,0.5985,,
DATA,A003,1,88,803330,0.4769,-0.2907,-0.3270,133.7280,149.7803,20.3247,0.6473,,
DATA,A003,1,89,803340,0.4235,-0.3593,-0.3139,154.7241,189.6362,34.6680,0.6379,,
DATA,A003,1,90,803350,0.3368,-0.3530,-0.2853,186.9507,241.9434,56.1523,0.5652,,
DATA,A003,1,91,803360,0.2675,-0.2783,-0.2953,205.4443,270.5078,69.9463,0.4860,,
DATA,A003,1,92,803370,0.1710,-0.1074,-0.3217,225.2808,298.4009,87.4023,0.3798,,
DATA,A003,1,93,803380,0.1090,0.0091,-0.3085,231.2012,303.5278,96.6797,0.3273,,
DATA,A003,1,94,803390,0.0480,0.1639,-0.2025,228.6377,298.0347,106.8726,0.2649,,
DATA,A003,1,95,803400,0.0202,0.2515,-0.1151,220.5811,289.9170,112.1216,0.2774,,
DATA,A003,1,96,803410,-0.0145,0.3650,0.0294,202.0874,280.2734,117.4316,0.3665,,
DATA,A003,1,97,803420,-0.1088,0.4263,0.1544,186.2183,272.7051,120.6055,0.4663,,
DATA,A003,1,98,803430,-0.4183,0.5379,0.4047,161.0718,247.5586,124.5728,0.7925,,
DATA,A003,1,99,803440,-0.6302,0.6595,0.5062,139.9536,225.2808,123.6572,1.0432,,
DATA,A003,1,100,803450,-1.0004,0.8577,0.7738,92.9565,158.9355,119.2627,1.5281,,
DATA,A003,1,101,803460,-1.2472,1.0069,1.0345,54.1992,100.6470,111.0229,1.9078,,
DATA,A003,1,102,803470,-1.5904,1.2837,1.2049,-9.3384,35.6445,91.0645,2.3726,,
DATA,A003,1,103,803480,-1.6354,1.3997,1.1359,-50.9033,0.4272,71.0449,2.4339,,
DATA,A003,1,104,803490,-1.6568,1.4815,1.0631,-94.9707,-51.4526,66.2231,2.4638,,
DATA,A003,1,105,803500,-1.6893,1.5584,1.1505,-105.5908,-66.6504,69.1528,2.5702,,
DATA,A003,1,106,803510,-1.6771,1.7662,1.3258,-120.7275,-65.4907,72.2656,2.7730,,
DATA,A003,1,107,803520,-1.6564,1.8765,1.2716,-136.9019,-55.1758,65.3687,2.8075,,
DATA,A003,1,108,803530,-1.6083,1.9849,1.1551,-152.8931,-28.5034,56.0303,2.8037,,
DATA,A003,1,109,803540,-1.5250,2.0247,1.1268,-161.1938,-2.6245,52.6123,2.7740,,
DATA,A003,1,110,803550,-1.3595,1.8665,1.1212,-187.6221,50.2930,44.2505,2.5669,,
DATA,A003,1,111,803560,-1.2958,1.6226,1.0951,-205.4443,89.1724,36.3770,2.3476,,
DATA,A003,1,112,803570,-1.3268,1.2598,1.0524,-218.2007,123.0469,27.3438,2.1107,,
DATA,A003,1,113,803580,-1.3749,1.0621,1.0284,-217.4072,121.4600,26.0620,2.0189,,
DATA,A003,1,114,803590,-1.3898,0.9109,1.0060,-212.8296,103.1494,27.5269,1.9425,,
DATA,A003,1,115,803600,-1.2308,0.7129,0.9823,-204.9561,58.1665,37.5977,1.7286,,
DATA,A003,1,116,803610,-1.0336,0.6170,0.9213,-201.7822,30.5786,49.0112,1.5158,,
DATA,A003,1,117,803620,-0.6971,0.4754,0.7589,-203.0029,12.3901,72.3267,1.1349,,
DATA,A003,1,118,803630,-0.5160,0.3643,0.6688,-206.7871,15.3809,89.9048,0.9199,,
DATA,A003,1,119,803640,-0.3338,0.1824,0.5543,-211.1816,37.1704,114.4409,0.6723,,
DATA,A003,1,120,803650,-0.2726,0.0635,0.4606,-210.1440,57.6782,127.6245,0.5389,,
DATA,A003,1,121,803660,-0.2279,-0.0915,0.3495,-200.8057,87.4634,142.2729,0.4271,,
DATA,A003,1,122,803670,-0.2088,-0.1672,0.2877,-191.0400,101.4404,148.9868,0.3929,,
DATA,A003,1,123,803680,-0.1644,-0.2492,0.1837,-177.7954,115.7837,155.5786,0.3506,,
DATA,A003,1,124,803690,-0.1285,-0.2978,0.1378,-168.9453,119.0796,154.9072,0.3524,,
DATA,A003,1,125,803700,-0.0963,-0.3622,0.1232,-155.0903,114.6240,147.3999,0.3945,,
DATA,A003,1,126,803710,-0.0809,-0.4059,0.1295,-146.6675,111.0840,138.8550,0.4337,,
DATA,A003,1,127,803720,-0.0726,-0.4863,0.1446,-140.8081,104.1870,119.1406,0.5125,,
DATA,A003,1,128,803730,-0.0848,-0.5449,0.1622,-138.0005,94.5435,102.8442,0.5748,,
DATA,A003,1,129,803740,-0.0755,-0.6755,0.1671,-132.8125,83.0078,74.2188,0.6999,,
DATA,A003,1,130,803750,-0.0885,-0.7829,0.2262,-127.8076,72.7539,54.4434,0.8197,,
DATA,A003,1,131,803760,-0.0633,-0.9553,0.3468,-113.0981,55.2979,23.8037,1.0182,,
DATA,A003,1,132,803770,-0.0340,-1.0707,0.4193,-104.4312,45.5322,1.0376,1.1504,,
DATA,A003,1,133,803780,-0.0863,-1.2346,0.7257,-92.7734,43.6401,-33.7524,1.4347,,
DATA,A003,1,134,803790,-0.2821,-1.2556,1.0514,-81.2988,61.2793,-55.9082,1.6617,,
DATA,A003,1,135,803800,-0.8868,-1.0544,1.5353,-63.7207,138.0005,-94.2993,2.0628,,
DATA,A003,1,136,803810,-1.3534,-0.8256,1.6615,-73.6084,203.8574,-145.5688,2.2965,,
DATA,A003,1,137,803820,-1.8612,-0.7507,1.2382,-134.4604,220.7031,-251.3428,2.3581,,
DATA,A003,1,138,803830,-2.1930,-0.9504,1.0399,-173.3398,173.7061,-312.5000,2.6065,,
DATA,A003,1,139,803840,-2.4464,-1.1816,0.9430,-181.5186,45.5322,-404.4800,2.8758,,
DATA,A003,1,140,803850,-2.4159,-1.0634,0.9300,-152.8320,-44.2505,-446.1060,2.7986,,
DATA,A003,1,141,803860,-2.1434,-0.6413,0.8544,-126.5259,-143.2495,-480.1636,2.3949,,
DATA,A003,1,142,803870,-1.9735,-0.3954,0.8121,-134.2773,-160.9497,-497.4976,2.1704,,
DATA,A003,1,143,803880,-1.9112,-0.3115,0.7928,-167.5415,-144.2261,-495.3003,2.0925,,
DATA,A003,1,144,803890,-2.0411,-0.4475,0.7438,-182.9834,-120.8496,-475.8911,2.2180,,
DATA,A003,1,145,803900,-2.3446,-0.7343,0.6490,-163.2080,-85.9375,-437.8052,2.5412,,
DATA,A003,1,146,803910,-2.4703,-0.7722,0.5987,-114.9902,-66.2231,-414.0625,2.6565,,
DATA,A003,1,147,803920,-2.4808,-0.6242,0.5702,-60.1196,-51.2695,-390.8081,2.6209,,
DATA,A003,1,148,803930,-2.2926,-0.2111,0.5414,0.3052,-36.0107,-352.5391,2.3651,,
DATA,A003,1,149,803940,-2.0541,0.1067,0.4798,23.9868,-22.0337,-324.4629,2.1121,,
DATA,A003,1,150,803950,-1.6451,0.4449,0.3710,46.7529,8.5449,-282.1045,1.7441,,
DATA,A003,1,151,803960,-1.3839,0.4986,0.2880,53.1006,39.1846,-255.3711,1.4989,,
DATA,A003,1,152,803970,-1.0936,0.3257,0.2179,53.7109,96.9238,-226.3184,1.1617,,
DATA,A003,1,153,803980,-0.9808,0.1590,0.1539,58.8379,135.7422,-215.0269,1.0055,,
DATA,A003,1,154,803990,-0.8705,0.0770,0.0599,91.0645,182.1289,-198.1201,0.8759,,
DATA,A003,1,155,804000,-0.7735,0.1851,0.0426,120.8496,197.5098,-184.2041,0.7965,,
DATA,A003,1,156,804010,-0.6588,0.4761,0.0965,147.1558,198.9746,-159.0576,0.8186,,
DATA,A003,1,157,804020,-0.6131,0.6512,0.1542,145.3247,187.7441,-141.6016,0.9076,,
DATA,A003,1,158,804030,-0.5233,0.7786,0.2504,117.9810,168.6401,-121.4600,0.9710,,
DATA,A003,1,159,804040,-0.4103,0.7562,0.2613,92.4072,154.9683,-109.3750,0.8991,,
DATA,A003,1,160,804050,-0.1984,0.6285,0.2191,61.1572,144.5923,-84.5337,0.6945,,
DATA,A003,1,161,804060,-0.0318,0.5301,0.1664,46.5088,153.9917,-71.2280,0.5565,,
DATA,A003,1,162,804070,0.0954,0.4341,0.0514,36.9263,180.6030,-48.4619,0.4474,,
DATA,A003,1,163,804080,0.0534,0.4327,0.0602,36.1328,203.7354,-32.5317,0.4401,,
DATA,A003,1,164,804090,-0.1234,0.5206,0.1554,32.8979,227.2949,-8.3008,0.5571,,
DATA,A003,1,165,804100,-0.3248,0.5882,0.2709,27.0386,219.7266,11.2305,0.7245,,
DATA,A003,1,166,804110,-0.5392,0.6563,0.3920,10.1318,193.2373,42.7246,0.9355,,
DATA,A003,1,167,804120,-0.5397,0.6456,0.4235,-8.5449,167.5415,66.5894,0.9420,,
DATA,A003,1,168,804130,-0.3942,0.5433,0.3507,-37.5977,131.1035,105.7739,0.7573,,
DATA,A003,1,169,804140,-0.2657,0.4424,0.2794,-50.7812,117.6758,128.6621,0.5869,,
DATA,A003,1,170,804150,-0.1266,0.3450,0.2135,-53.1616,115.1123,157.9590,0.4250,,
DATA,A003,1,171,804160,-0.0712,0.3231,0.1808,-45.7764,122.6196,173.2788,0.3770,,
DATA,A003,1,172,804170,-0.0572,0.3111,0.2621,-29.4189,134.9487,192.6270,0.4108,,
DATA,A003,1,173,804180,-0.1798,0.3047,0.4010,-20.3247,135.9253,202.5146,0.5348,,
DATA,A003,1,174,804190,-0.3898,0.2889,0.6595,-17.2119,136.8408,206.1157,0.8187,,
DATA,A003,1,175,804200,-0.4842,0.2264,0.8951,-21.9116,130.4321,205.6274,1.0426,,
DATA,A003,1,176,804210,-0.7215,0.0645,1.1048,-40.2832,130.4932,223.0835,1.3212,,
DATA,A003,1,177,804220,-0.9098,-0.0854,1.1031,-60.6079,135.9863,239.8682,1.4324,,
DATA,A003,1,178,804230,-1.5448,-0.2927,1.0096,-82.2144,132.9956,265.3809,1.8685,,
DATA,A003,1,179,804240,-2.1832,-0.3713,0.9230,-86.3037,107.1167,279.7852,2.3992,,
DATA,A003,1,180,804250,-2.8570,-0.3569,0.8798,-82.7637,51.7578,283.0811,3.0106,,
DATA,A003,1,181,804260,-3.5482,-0.1545,0.8856,-68.1152,-64.7583,271.2402,3.6603,,
DATA,A003,1,182,804270,-3.6771,0.0069,0.8568,-68.4204,-128.9673,259.7046,3.7756,,
DATA,A003,1,183,804280,-3.2286,-0.0126,0.7565,-92.0410,-222.5342,240.4785,3.3161,,
DATA,A003,1,184,804290,-2.7220,-0.1662,0.7233,-107.1777,-258.7280,232.1167,2.8214,,
DATA,A003,1,185,804300,-1.8929,-0.3137,0.6876,-100.7690,-237.7319,218.1396,2.0382,,
DATA,A003,1,186,804310,-1.3692,-0.3154,0.6298,-83.0688,-192.6270,213.0737,1.5398,,
DATA,A003,1,187,804320,-0.8075,-0.2101,0.4879,-63.2324,-101.6846,220.4590,0.9666,,
DATA,A003,1,188,804330,-0.5795,-0.1508,0.3693,-60.6689,-33.3252,233.5205,0.7035,,
DATA,A003,1,189,804340,-0.4955,-0.1198,0.1942,-65.4907,56.7017,255.0049,0.5455,,
DATA,A003,1,190,804350,-0.5946,-0.1208,0.1156,-67.7490,102.8442,263.5498,0.6176,,
DATA,A003,1,191,804360,-0.9698,-0.0905,0.1664,-63.9038,139.5874,262.9395,0.9882,,
DATA,A003,1,192,804370,-1.1488,-0.0454,0.2201,-61.4014,147.0337,253.4180,1.1706,,
DATA,A003,1,193,804380,-1.2462,0.0132,0.2652,-65.9180,128.8452,241.5161,1.2742,,
DATA,A003,1,194,804390,-1.2460,0.0264,0.3133,-72.3877,107.2388,237.1826,1.2850,,
DATA,A003,1,195,804400,-1.0858,-0.0126,0.3671,-88.5010,73.9136,224.1211,1.1462,,
DATA,A003,1,196,804410,-0.9029,-0.0705,0.3900,-99.4263,45.7153,214.1113,0.9861,,
DATA,A003,1,197,804420,-0.6156,-0.1935,0.4310,-112.8540,7.0190,197.3877,0.7760,,
DATA,A003,1,198,804430,-0.4256,-0.2709,0.4198,-120.4224,-4.6387,182.3730,0.6564,,
DATA,A003,1,199,804440,-0.2328,-0.3954,0.4125,-122.6807,-0.6714,155.3955,0.6170,,
DATA,A003,1,200,804450,-0.2672,-0.4916,0.3429,-113.5254,2.3193,138.3667,0.6563,,
DATA,A003,1,201,804460,-0.2726,-0.6274,0.3414,-101.4404,15.5029,112.1216,0.7645,,
DATA,A003,1,202,804470,-0.3265,-0.7543,0.2816,-100.6470,24.5972,88.0127,0.8689,,
DATA,A003,1,203,804480,-0.4713,-1.0737,0.1217,-98.8159,26.2451,50.3540,1.1789,,
DATA,A003,1,204,804490,-0.6332,-1.3576,0.1254,-87.2803,19.8975,22.0337,1.5032,,
DATA,A003,1,205,804500,-0.7779,-1.7228,0.2147,-47.2412,-4.0894,-30.4565,1.9025,,
DATA,A003,1,206,804510,-0.8668,-1.7968,0.2853,-11.7188,-22.7661,-63.2324,2.0153,,
DATA,A003,1,207,804520,-1.0648,-1.6223,0.3292,32.8369,-43.0908,-101.0132,1.9682,,
DATA,A003,1,208,804530,-1.2823,-1.4377,0.3397,48.3398,-48.7671,-130.3711,1.9562,,
DATA,A003,1,209,804540,-1.5777,-1.2302,0.3871,53.1616,-48.7671,-193.5425,2.0377,,
DATA,A003,1,210,804550,-1.6827,-1.1652,0.3802,48.0957,-56.0913,-242.2485,2.0818,,
DATA,A003,1,211,804560,-1.8163,-1.0974,0.3143,45.4712,-86.7310,-304.3213,2.1452,,
DATA,A003,1,212,804570,-1.8968,-1.0302,0.3382,56.2744,-103.3325,-338.1958,2.1849,,
DATA,A003,1,213,804580,-2.3763,-0.8073,0.6346,94.3604,-113.7695,-353.6987,2.5887,,
DATA,A003,1,214,804590,-2.7479,-0.5092,1.0079,121.2769,-84.5337,-359.0088,2.9709,,
DATA,A003,1,215,804600,-2.9608,-0.0483,1.1808,141.9678,-52.0630,-365.0513,3.1879,,
DATA,A003,1,216,804610,-3.4940,0.4583,1.0035,129.8218,-63.0493,-326.7212,3.6640,,
DATA,A003,1,217,804620,-3.8375,0.5323,0.8307,106.4453,-81.5430,-289.0625,3.9623,,
DATA,A003,1,218,804630,-3.7992,0.8572,0.4955,124.1455,-81.4819,-270.6909,3.9261,,
DATA,A003,1,219,804640,-3.4327,1.3936,0.2572,170.4102,-92.8955,-277.1606,3.7137,,
DATA,A003,1,220,804650,-2.6100,2.2210,0.1649,210.0830,-130.5542,-248.5962,3.4310,,
DATA,A003,1,221,804660,-2.0309,1.9388,0.2833,174.3164,-137.2681,-226.5625,2.8220,,
DATA,A003,1,222,804670,-1.1173,1.5477,0.3400,90.4541,-125.3052,-212.7075,1.9389,,
DATA,A003,1,223,804680,-0.7814,1.0152,0.4083,53.9551,-103.3325,-213.1348,1.3446,,
DATA,A003,1,224,804690,-0.5860,0.4937,0.4137,69.5801,-57.4341,-212.4634,0.8708,,
DATA,A003,1,225,804700,-0.5885,0.4017,0.4125,106.5674,-29.1138,-203.9795,0.8233,,
DATA,A003,1,226,804710,-0.6542,0.5616,0.4039,146.6675,-17.0898,-182.7393,0.9521,,
DATA,A003,1,227,804720,-0.6188,0.7320,0.3573,145.9961,-23.3765,-169.4336,1.0229,,
DATA,A003,1,228,804730,-0.4554,0.8848,0.2396,117.1265,-31.3110,-153.0762,1.0236,,
DATA,A003,1,229,804740,-0.2931,0.9017,0.1349,97.5342,-19.1040,-145.6909,0.9577,,
DATA,A003,1,230,804750,-0.0980,0.8621,-0.0209,79.3457,24.5972,-136.4136,0.8679,,
DATA,A003,1,231,804760,-0.0260,0.8397,-0.0829,78.1250,57.0068,-127.0752,0.8441,,
DATA,A003,1,232,804770,0.0358,0.8160,-0.1569,74.8901,102.3560,-113.1592,0.8317,,
DATA,A003,1,233,804780,0.0204,0.7991,-0.1759,71.1060,123.1079,-103.3936,0.8185,,
DATA,A003,1,234,804790,-0.0077,0.7547,-0.1705,61.2793,128.4180,-92.7124,0.7738,,
DATA,A003,1,235,804800,-0.0094,0.7291,-0.1383,53.8330,114.9902,-86.3037,0.7421,,
DATA,A003,1,236,804810,0.0065,0.7071,-0.0844,41.6260,83.5571,-73.3032,0.7121,,
DATA,A003,1,237,804820,0.0275,0.6885,-0.0682,30.1514,64.0869,-62.0117,0.6925,,
DATA,A003,1,238,804830,0.0487,0.6478,-0.0526,11.5356,41.1377,-41.4429,0.6517,,
DATA,A003,1,239,804840,0.0477,0.6258,-0.0360,2.5024,32.8979,-27.0386,0.6286,,
DATA,A003,1,240,804850,0.0062,0.6136,0.0155,-3.2349,30.5786,-6.9580,0.6138,,
DATA,A003,1,241,804860,-0.0589,0.6121,0.0775,-5.4932,33.5693,5.1270,0.6198,,
DATA,A003,1,242,804870,-0.2882,0.6241,0.2638,-10.4370,43.3960,15.6860,0.7363,,
DATA,A003,1,243,804880,-0.4628,0.6636,0.3832,-16.1743,56.5796,16.0522,0.8952,,
DATA,A003,1,244,804890,-0.5792,0.6883,0.4105,-34.7900,70.0073,17.5781,0.9888,,
DATA,A003,1,245,804900,-0.5533,0.6363,0.4266,-49.0112,64.8193,21.3623,0.9450,,
DATA,A003,1,246,804910,-0.5016,0.5025,0.5673,-62.6831,50.5371,30.8228,0.9088,,
DATA,A003,1,247,804920,-0.6922,0.4244,0.5538,-72.9980,58.6548,46.9360,0.9829,,
DATA,A003,1,248,804930,-0.9588,0.3419,0.6112,-77.1484,90.1489,62.1948,1.1874,,
DATA,A003,1,249,804940,-1.2919,0.2291,0.7477,-61.9507,135.6201,105.1025,1.5101,,
DATA,A003,1,250,804950,-1.5484,0.1644,0.7938,-49.9268,146.1182,140.1978,1.7478,,
DATA,A003,1,251,804960,-2.1432,0.0718,0.9025,-44.4336,133.4229,166.6870,2.3265,,
DATA,A003,1,252,804970,-2.6092,0.0901,1.0719,-32.7759,95.3369,182.1899,2.8223,,
DATA,A003,1,253,804980,-2.8299,0.4136,1.3966,8.7280,40.6494,183.9600,3.1828,,
DATA,A003,1,254,804990,-2.6005,0.7200,1.4073,25.1465,22.8882,177.2461,3.0433,,
DATA,A003,1,255,805000,-2.2198,0.9222,1.3624,-7.1411,-21.9727,170.5322,2.7630,,
DATA,A003,1,256,805010,-1.9784,0.7750,1.3050,-47.7905,-34.9121,162.4756,2.4935,,
DATA,A003,1,257,805020,-1.6044,0.3917,1.1761,-78.6133,-21.6675,154.5410,2.0275,,
DATA,A003,1,258,805030,-1.3951,0.1954,1.0770,-72.8760,-2.0142,151.6724,1.7733,,
DATA,A003,1,259,805040,-1.1332,0.0528,0.8871,-55.2979,31.4331,151.6724,1.4401,,
DATA,A003,1,260,805050,-0.9852,0.0054,0.7555,-50.4150,51.2695,156.3721,1.2415,,
DATA,A003,1,261,805060,-0.8065,-0.0551,0.5817,-52.9175,77.1484,165.8325,0.9959,,
DATA,A003,1,262,805070,-0.7106,-0.0908,0.4962,-55.0537,93.8721,171.6919,0.8714,,
DATA,A003,1,263,805080,-0.6136,-0.1296,0.3832,-56.3354,114.9902,179.8706,0.7350,,
DATA,A003,1,264,805090,-0.5633,-0.1562,0.3551,-56.8848,123.7793,183.2886,0.6840,,
DATA,A003,1,265,805100,-0.5243,-0.1987,0.3502,-59.8145,126.6479,186.7065,0.6610,,
DATA,A003,1,266,805110,-0.4576,-0.2587,0.5460,-64.4531,120.4834,187.0117,0.7580,,
DATA,A003,1,267,805120,-0.4454,-0.2673,0.3695,-107.2998,102.0508,190.7349,0.6375,,
DATA,A003,1,268,805130,-0.4213,-0.3935,0.3527,-93.7500,76.9653,171.1426,0.6758,,
DATA,A003,1,269,805140,-0.3358,-0.5131,0.6283,-36.1328,24.8413,139.1602,0.8780,,
DATA,A003,1,270,805150,-0.2635,-0.5388,0.7689,-23.4375,-12.3901,129.2114,0.9752,,
DATA,A003,1,271,805160,-0.1178,-0.6581,0.7694,-64.9414,-59.5093,111.7554,1.0193,,
DATA,A003,1,272,805170,-0.0380,-0.8417,0.6930,-96.5576,-85.3882,91.2476,1.0910,,
DATA,A003,1,273,805180,0.0697,-1.1664,0.4650,-116.2109,-111.6943,60.1807,1.2576,,
DATA,A003,1,274,805190,0.1444,-1.4142,0.2086,-116.6382,-122.1313,40.8325,1.4368,,
DATA,A003,1,275,805200,0.1068,-1.7814,-0.0524,-101.8066,-134.6436,4.4556,1.7854,,
DATA,A003,1,276,805210,0.0285,-1.7006,-0.1425,-79.2236,-138.6108,-18.9819,1.7068,,
DATA,A003,1,277,805220,-0.0668,-2.0483,-0.1874,-58.8379,-129.6997,-40.8325,2.0579,,
DATA,A003,1,278,805230,-0.1800,-1.9123,-0.1281,-23.4985,-127.5024,-49.9268,1.9250,,
DATA,A003,1,279,805240,-0.3199,-1.5449,0.1825,21.0571,-71.6553,-46.3867,1.5882,,
DATA,A003,1,280,805250,-0.5204,-1.1225,0.3639,33.7524,-3.4180,-41.8091,1.2897,,
DATA,A003,1,281,805260,-1.4068,-0.4204,0.4820,9.3384,136.1084,-42.6025,1.5454,,
DATA,A003,1,282,805270,-2.4579,-0.1511,0.3353,-29.4189,222.7173,-66.6504,2.4852,,
DATA,A003,1,283,805280,-3.9293,-0.1613,0.2975,-59.3262,236.1450,-118.3472,3.9439,,
DATA,A003,1,284,805290,-5.8373,-0.2123,0.9735,-53.4668,126.7700,-217.2241,5.9217,,
DATA,A003,1,285,805300,-6.1327,0.2972,1.1678,-24.5972,0.0000,-248.1689,6.2500,,
DATA,A003,1,286,805310,-5.1964,1.2571,1.1666,-19.2261,-188.2935,-285.5225,5.4721,,
DATA,A003,1,287,805320,-4.2740,1.5557,1.0873,-48.0347,-221.3745,-315.4297,4.6765,,
DATA,A003,1,288,805330,-2.9271,1.6153,0.7235,-50.9033,-134.8877,-364.3799,3.4206,,
DATA,A003,1,289,805340,-2.3692,1.7408,0.4366,-34.4238,-37.4146,-369.7510,2.9723,,
DATA,A003,1,290,805350,-1.8561,1.3448,0.4259,15.1367,106.2012,-361.6943,2.3313,,
DATA,A003,1,291,805360,-1.7613,0.8611,0.3080,25.6958,175.8423,-376.5869,1.9846,,
DATA,A003,1,292,805370,-1.6488,0.3079,0.1564,90.0269,229.0039,-389.8926,1.6846,,
DATA,A003,1,293,805380,-1.4899,0.1978,0.0765,150.0854,237.8540,-378.7231,1.5049,,
DATA,A003,1,294,805390,-1.3807,0.3140,0.0787,222.8394,221.4966,-341.0645,1.4182,,
DATA,A003,1,295,805400,-1.3224,0.4703,0.1495,245.1782,192.6270,-306.8848,1.4114,,
DATA,A003,1,296,805410,-1.3541,0.6524,0.1627,240.2344,124.3286,-254.8218,1.5119,,
DATA,A003,1,297,805420,-1.3815,0.6956,0.0885,221.6187,69.3359,-230.7129,1.5492,,
DATA,A003,1,298,805430,-1.2240,0.6929,-0.0265,194.1528,-3.2959,-204.6509,1.4068,,
DATA,A003,1,299,805440,-1.0477,0.6922,-0.0907,179.9927,-41.0767,-189.9414,1.2590,,
DATA,A003,1,300,805450,-0.7604,0.6912,-0.1972,157.7759,-72.3267,-172.3633,1.0463,,
DATA,A003,1,301,805460,-0.5936,0.6729,-0.2008,142.3950,-72.0825,-163.5742,0.9195,,
DATA,A003,1,302,805470,-0.4208,0.6480,-0.1796,121.1548,-54.5654,-153.1372,0.7932,,
DATA,A003,1,303,805480,-0.3409,0.6290,-0.1320,107.3608,-32.8979,-147.7661,0.7275,,
DATA,A003,1,304,805490,-0.2770,0.5960,-0.0746,87.7075,-2.3193,-141.1133,0.6614,,
DATA,A003,1,305,805500,-0.2479,0.5923,-0.0673,76.0498,15.8691,-137.3901,0.6456,,
DATA,A003,1,306,805510,-0.2147,0.6214,-0.0626,61.2793,35.8276,-133.3618,0.6604,,
DATA,A003,1,307,805520,-0.1849,0.6580,-0.0643,52.6123,46.1426,-131.5308,0.6865,,
DATA,A003,1,308,805530,-0.1251,0.7188,-0.0941,38.8794,60.4248,-124.6338,0.7357,,
DATA,A003,1,309,805540,-0.0672,0.7364,-0.1251,30.2124,69.9463,-116.0889,0.7500,,
DATA,A003,1,310,805550,0.0053,0.7376,-0.1378,20.5078,83.8623,-99.1211,0.7504,,
DATA,A003,1,311,805560,0.0370,0.7198,-0.1080,15.5640,91.4307,-86.7310,0.7288,,
DATA,A003,1,312,805570,0.0499,0.6793,-0.0321,7.8125,101.5015,-67.3828,0.6818,,
DATA,A003,1,313,805580,0.0531,0.6524,0.0228,3.7842,107.5439,-54.0161,0.6550,,
DATA,A003,1,314,805590,0.0568,0.6109,0.1051,-1.8921,114.8682,-33.2031,0.6225,,
DATA,A003,1,315,805600,0.0578,0.5713,0.1398,-6.5308,118.6523,-20.5688,0.5910,,
DATA,A003,1,316,805610,0.0602,0.5113,0.1725,-12.3291,119.6899,-9.7046,0.5429,,
DATA,A003,1,317,805620,0.0531,0.3895,0.2235,-24.6582,114.8682,3.4180,0.4522,,
DATA,A003,1,318,805630,0.0289,0.2899,0.2584,-33.8135,107.0557,10.8643,0.3894,,
DATA,A003,1,319,805640,-0.0387,0.1280,0.3177,-43.7012,95.5200,18.9209,0.3447,,
DATA,A003,1,320,805650,-0.1034,0.0286,0.3658,-46.5698,89.1724,23.6206,0.3812,,
DATA,A003,1,321,805660,-0.2193,-0.1398,0.4847,-48.2788,89.1113,33.5693,0.5501,,
DATA,A003,1,322,805670,-0.3666,-0.3093,0.5475,-57.1899,94.6045,53.5889,0.7278,,
DATA,A003,1,323,805680,-0.8851,-0.6806,0.6705,-81.6650,138.5498,122.9858,1.3024,,
DATA,A003,1,324,805690,-1.3163,-0.9003,0.7325,-82.5195,196.7163,182.3730,1.7549,,
DATA,A003,1,325,805700,-1.9552,-0.8920,0.5245,-42.7856,215.3931,223.9380,2.2121,,
DATA,A003,1,326,805710,-2.6190,-0.7397,0.2574,-4.6997,162.2314,237.9150,2.7336,,
DATA,A003,1,327,805720,-3.4325,-0.4330,0.2645,41.6870,42.1143,253.7231,3.4698,,
DATA,A003,1,328,805730,-3.4520,-0.1564,0.4459,70.7397,-1.4648,233.3984,3.4842,,
DATA,A003,1,329,805740,-3.0765,0.1893,0.7137,81.7871,-54.1382,192.5659,3.1639,,
DATA,A003,1,330,805750,-2.7438,0.2046,0.8424,48.6450,-94.9707,171.6919,2.8775,,
DATA,A003,1,331,805760,-2.2008,-0.1613,0.8502,-7.5073,-109.3750,144.7754,2.3648,,
DATA,A003,1,332,805770,-1.8878,-0.4128,0.7301,-15.6250,-94.4214,132.5073,2.0657,,
DATA,A003,1,333,805780,-1.5802,-0.5956,0.5338,8.6060,-55.4810,116.8213,1.7711,,
DATA,A003,1,334,805790,-1.4747,-0.5683,0.4335,31.3110,-26.6724,114.1357,1.6388,,
DATA,A003,1,335,805800,-1.4647,-0.3810,0.3192,56.2744,4.4556,114.4409,1.5468,,
DATA,A003,1,336,805810,-1.5001,-0.2263,0.2723,63.6597,6.0425,112.6099,1.5413,,
DATA,A003,1,337,805820,-1.4459,-0.0312,0.2704,61.0352,-19.3481,106.6284,1.4713,,
DATA,A003,1,338,805830,-1.3197,0.0464,0.2779,50.2930,-47.4243,105.1025,1.3494,,
DATA,A003,1,339,805840,-0.9964,0.0284,0.2858,25.3296,-72.2656,104.7363,1.0370,,
DATA,A003,1,340,805850,-0.7638,-0.0595,0.2840,9.8877,-70.8008,100.4639,0.8171,,
DATA,A003,1,341,805860,-0.4791,-0.2202,0.2765,-0.3662,-43.0298,88.5620,0.5954,,
DATA,A003,1,342,805870,-0.3407,-0.3027,0.2655,2.8076,-17.2729,80.6885,0.5274,,
DATA,A003,1,343,805880,-0.2233,-0.3369,0.2372,15.6860,20.7520,73.1812,0.4686,,
DATA,A003,1,344,805890,-0.1830,-0.3149,0.2069,24.1699,41.6260,71.0449,0.4189,,
DATA,A003,1,345,805900,-0.1312,-0.3019,0.2198,31.4331,61.0962,65.9790,0.3959,,
DATA,A003,1,346,805910,-0.0804,-0.3232,0.2438,31.1279,65.3687,60.7910,0.4127,,
DATA,A003,1,347,805920,0.0177,-0.4604,0.3209,26.8555,63.2324,52.5513,0.5615,,
DATA,A003,1,348,805930,0.1024,-0.6525,0.4154,25.2075,64.4531,44.2505,0.7803,,
DATA,A003,1,349,805940,0.2206,-1.1284,0.4906,22.3389,78.9185,24.5972,1.2500,,
DATA,A003,1,350,805950,0.2477,-1.5371,0.4532,28.1372,102.1118,9.2773,1.6215,,
DATA,A003,1,351,805960,0.2003,-1.7619,0.3114,44.4946,133.4229,-0.9766,1.8004,,
DATA,A003,1,352,805970,-0.2042,-2.2778,0.1312,104.2480,171.7529,8.2397,2.2907,,
DATA,A003,1,353,805980,-0.7870,-2.1491,0.0624,190.0635,170.6543,9.2163,2.2895,,
DATA,A003,1,354,805990,-1.9532,-1.7048,0.0011,323.6084,116.3330,-8.8501,2.5926,,
DATA,A003,1,355,806000,-2.6244,-1.3901,0.1158,386.3525,45.6543,-52.9785,2.9721,,
DATA,A003,1,356,806010,-3.0245,-0.8044,0.7269,422.7905,-105.5298,-132.5684,3.2130,,
DATA,A003,1,357,806020,-3.1168,-0.2585,0.7035,387.1460,-231.6895,-153.0151,3.2056,,
DATA,A003,1,358,806030,-3.5079,-0.1474,0.0834,254.3335,-383.4229,-169.5557,3.5120,,
DATA,A003,1,359,806040,-3.7716,-0.4506,-0.3898,197.2046,-448.2422,-207.4585,3.8184,,
DATA,A003,1,360,806050,-3.8358,-0.6049,-0.7435,203.5522,-494.5679,-270.6299,3.9538,,
DATA,A003,1,361,806060,-3.6192,-0.4147,-0.7633,222.0459,-484.4360,-300.8423,3.7220,,
DATA,A003,1,362,806070,-3.2601,-0.0371,-0.6427,212.7075,-419.4336,-325.4395,3.3231,,
DATA,A003,1,363,806080,-3.0365,0.0933,-0.5922,196.2891,-343.5669,-339.7827,3.0951,,
DATA,A003,1,364,806090,-2.8089,0.1548,-0.4733,189.2700,-210.3882,-344.7876,2.8527,,
DATA,A003,1,365,806100,-2.7472,0.1741,-0.3959,180.7861,-135.3149,-338.0127,2.7810,,
DATA,A003,1,366,806110,-2.5653,0.0853,-0.3983,149.4751,-62.8052,-325.9888,2.5974,,
DATA,A003,1,367,806120,-2.3932,0.0135,-0.4708,137.3901,-33.6304,-318.8477,2.4391,,
DATA,A003,1,368,806130,-2.1666,0.0672,-0.6085,144.3481,1.5259,-313.4155,2.2515,,
DATA,A003,1,369,806140,-2.0213,0.1866,-0.6879,151.6113,16.9067,-311.0962,2.1433,,
DATA,A003,1,370,806150,-1.7630,0.4022,-0.6556,160.0342,28.8086,-298.1567,1.9235,,
DATA,A003,1,371,806160,-1.5301,0.5584,-0.6266,157.1045,25.8789,-285.5225,1.7452,,
DATA,A003,1,372,806170,-1.1898,0.7442,-0.6325,142.4561,18.5547,-260.0708,1.5393,,
DATA,A003,1,373,806180,-0.9598,0.8123,-0.6715,132.4463,16.4795,-243.8965,1.4255,,
DATA,A003,1,374,806190,-0.6571,0.8995,-0.6434,123.5962,28.6865,-218.4448,1.2864,,
DATA,A003,1,375,806200,-0.5057,0.9532,-0.6222,115.1733,39.1846,-200.2563,1.2456,,
DATA,A003,1,376,806210,-0.3180,0.9786,-0.5858,99.1821,62.1948,-173.0347,1.1840,,
DATA,A003,1,377,806220,-0.2176,0.9588,-0.5473,90.5762,77.5146,-155.0293,1.1252,,
DATA,A003,1,378,806230,-0.1026,0.9031,-0.4618,78.8574,96.4966,-126.8921,1.0195,,
DATA,A003,1,379,806240,-0.0426,0.8416,-0.3798,69.3359,105.4077,-109.2529,0.9243,,
DATA,A003,1,380,806250,0.0326,0.7003,-0.2692,51.9409,113.5254,-88.9282,0.7509,,
DATA,A003,1,381,806260,0.0756,0.5884,-0.2252,38.9404,118.1641,-79.5898,0.6346,,
DATA,A003,1,382,806270,0.1310,0.4151,-0.1769,19.8364,124.6338,-70.7397,0.4698,,
DATA,A003,1,383,806280,0.1693,0.3021,-0.1520,10.0708,128.8452,-67.9932,0.3782,,
DATA,A003,1,384,806290,0.2016,0.2054,-0.1393,3.2959,134.2773,-64.8193,0.3197,,
DATA,A003,1,385,806300,0.2179,0.0960,-0.1176,-0.7935,139.5264,-59.4482,0.2656,,
DATA,A003,1,386,806310,0.2003,0.0501,-0.0844,0.6714,142.3950,-57.2510,0.2231,,
DATA,A003,1,387,806320,0.1354,0.0306,0.0011,7.4463,140.2588,-57.1289,0.1388,,
DATA,A003,1,388,806330,0.0827,0.0323,0.0760,12.0239,133.5449,-58.2275,0.1169,,
DATA,A003,1,389,806340,0.0133,0.0364,0.1749,15.9302,119.8730,-58.6548,0.1792,,
DATA,A003,1,390,806350,-0.0465,0.0450,0.2460,17.8833,110.4126,-57.2510,0.2543,,
DATA,A003,1,391,806360,-0.1688,0.0784,0.3561,23.6816,98.1445,-53.8330,0.4018,,
DATA,A003,1,392,806370,-0.2811,0.0953,0.4364,27.9541,92.2241,-49.8047,0.5278,,
DATA,A003,1,393,806380,-0.6283,0.0696,0.4840,18.6157,91.6138,-30.7617,0.7961,,
DATA,A003,1,394,806390,-1.0924,0.0132,0.5282,3.7231,103.3325,-10.2539,1.2135,,
DATA,A003,1,395,806400,-1.9342,-0.1396,0.6153,-11.2305,142.8223,25.2075,2.0345,,
DATA,A003,1,396,806410,-2.3568,-0.2238,0.6422,1.0986,140.0146,45.1660,2.4530,,
DATA,A003,1,397,806420,-2.9327,-0.1254,0.5948,44.0674,63.1104,60.3638,2.9951,,
DATA,A003,1,398,806430,-3.2411,0.0252,0.6271,64.5752,-3.9062,68.5425,3.3013,,
DATA,A003,1,399,806440,-3.1341,0.3533,0.7977,74.8291,-49.0112,59.8145,3.2533,,
DATA,A003,1,400,806450,-2.8397,0.5638,0.9330,74.8901,-54.1382,44.2505,3.0417,,
DATA,A003,1,401,806460,-2.3807,0.6649,1.0528,44.7388,-66.1011,28.8696,2.6867,,
DATA,A003,1,402,806470,-2.0975,0.4849,1.0226,9.9487,-53.2227,27.4048,2.3834,,
DATA,A003,1,403,806480,-1.7242,0.0696,0.8946,-28.5034,-17.5171,30.2124,1.9438,,
DATA,A003,1,404,806490,-1.5528,-0.1540,0.7945,-35.3394,11.2915,33.1421,1.7511,,
DATA,A003,1,405,806500,-1.3421,-0.3251,0.6349,-22.4609,50.9644,43.1519,1.5199,,
DATA,A003,1,406,806510,-1.2274,-0.3098,0.5558,-4.9438,72.6318,56.3965,1.3825,,
DATA,A003,1,407,806520,-1.0792,-0.1935,0.4730,14.0381,92.7124,81.6040,1.1941,,
DATA,A003,1,408,806530,-0.9947,-0.1076,0.4523,16.7236,103.3936,100.4639,1.0980,,
DATA,A003,1,409,806540,-0.9508,-0.0007,0.5126,7.6904,108.6426,127.9297,1.0802,,
DATA,A003,1,410,806550,-0.9801,0.0547,0.5922,-1.7700,111.0840,144.7754,1.1464,,
DATA,A003,1,411,806560,-1.0614,0.1478,0.6061,-20.6299,102.7222,169.5557,1.2311,,
DATA,A003,1,412,806570,-1.1127,0.1827,0.5431,-36.1938,89.5996,184.6313,1.2515,,
DATA,A003,1,413,806580,-1.1219,0.1590,0.4830,-56.7627,62.1948,199.1577,1.2318,,
DATA,A003,1,414,806590,-1.0712,0.0897,0.4713,-66.2231,39.0015,201.9653,1.1737,,
DATA,A003,1,415,806600,-0.9320,-0.0666,0.5553,-71.1060,2.6855,199.5239,1.0869,,
DATA,A003,1,416,806610,-0.8380,-0.1870,0.6473,-67.8101,-16.4795,194.5190,1.0753,,
DATA,A003,1,417,806620,-0.7359,-0.3657,0.7589,-57.9224,-35.1562,179.2603,1.1186,,
DATA,A003,1,418,806630,-0.6730,-0.4697,0.8361,-46.6919,-43.3960,162.7808,1.1715,,
DATA,A003,1,419,806640,-0.6420,-0.5644,0.8956,-33.8135,-52.4292,145.5078,1.2381,,
DATA,A003,1,420,806650,-0.6100,-0.6415,0.9347,-13.7939,-86.4258,115.2344,1.2874,,
DATA,A003,1,421,806660,-0.5987,-0.6398,0.9105,-2.1973,-145.5078,82.9468,1.2637,,
DATA,A003,1,422,806670,-0.5638,-0.6069,0.8317,-3.7231,-193.2373,59.5093,1.1738,,
DATA,A003,1,423,806680,-0.5008,-0.5639,0.7213,-6.4087,-241.2109,38.3911,1.0436,,
DATA,A003,1,424,806690,-0.2972,-0.5375,0.4911,-9.4604,-290.8325,14.2212,0.7864,,
DATA,A003,1,425,806700,-0.1044,-0.5827,0.3109,-10.1929,-294.3115,3.1128,0.6687,,
DATA,A003,1,426,806710,0.1718,-0.8163,0.0196,-16.1133,-247.4365,-9.5215,0.8345,,
DATA,A003,1,427,806720,0.3014,-1.0878,-0.1515,-19.5923,-181.5186,-19.0430,1.1389,,
DATA,A003,1,428,806730,0.3947,-1.5661,-0.3312,-2.5635,-65.3687,-39.0015,1.6487,,
DATA,A003,1,429,806740,0.2662,-1.7399,-0.4506,24.2310,-1.2207,-53.3447,1.8169,,
DATA,A003,1,430,806750,-0.4274,-1.6279,-0.6478,74.4629,39.8560,-54.0161,1.8034,,
DATA,A003,1,431,806760,-0.9400,-1.5009,-0.7308,110.4736,13.1836,-53.7109,1.9159,,
DATA,A003,1,432,806770,-1.4640,-1.3305,-0.4286,161.2549,-80.3223,-74.6460,2.0241,,
DATA,A003,1,433,806780,-1.7123,-1.1894,-0.0206,163.3301,-135.2539,-85.2051,2.0849,,
DATA,A003,1,434,806790,-2.3729,-0.9416,0.2626,125.6714,-195.7397,-93.5059,2.5664,,
DATA,A003,1,435,806800,-2.9501,-0.7482,0.3661,110.4126,-206.3599,-97.1069,3.0654,,
DATA,A003,1,436,806810,-3.5831,-0.3051,0.5240,118.2861,-178.8330,-142.2729,3.6341,,
DATA,A003,1,437,806820,-3.7984,0.0667,0.4786,121.5210,-172.1802,-186.1572,3.8291,,
DATA,A003,1,438,806830,-4.0287,0.5858,0.4193,96.6187,-184.9976,-238.0981,4.0926,,
DATA,A003,1,439,806840,-3.8617,0.8631,0.3817,82.3364,-181.6406,-286.8042,3.9753,,
DATA,A003,1,440,806850,-3.3067,1.2786,0.3800,91.0645,-138.6108,-349.2432,3.5656,,
DATA,A003,1,441,806860,-2.9025,1.5147,0.3780,105.5908,-86.0596,-363.1592,3.2957,,
DATA,A003,1,442,806870,-2.3907,1.6265,0.4156,109.1309,6.2866,-359.7412,2.9213,,
DATA,A003,1,443,806880,-2.1088,1.4466,0.4786,97.7173,61.2793,-356.8726,2.6016,,
DATA,A003,1,444,806890,-1.8304,1.0052,0.5116,92.5903,122.9858,-355.1636,2.1500,,
DATA,A003,1,445,806900,-1.7279,0.8343,0.5084,114.9292,145.1416,-346.4966,1.9850,,
DATA,A003,1,446,806910,-1.6141,0.9305,0.5062,169.7388,150.2075,-315.0024,1.9307,,
DATA,A003,1,447,806920,-1.5192,1.1365,0.5292,191.4673,135.9253,-286.1328,1.9697,,
DATA,A003,1,448,806930,-1.3002,1.3668,0.5216,179.1382,101.4404,-241.6382,1.9572,,
DATA,A003,1,449,806940,-1.1222,1.3577,0.4886,151.1230,78.5522,-214.1113,1.8280,,
DATA,A003,1,450,806950,-0.8771,1.1448,0.4064,107.9712,50.6592,-178.1616,1.4983,,
DATA,A003,1,451,806960,-0.7538,0.9617,0.3429,89.7217,42.9688,-157.5928,1.2691,,
DATA,A003,1,452,806970,-0.6202,0.7191,0.2574,78.3081,36.9873,-131.2256,0.9839,,
DATA,A003,1,453,806980,-0.5492,0.5999,0.2208,78.1860,37.5366,-116.6382,0.8428,,
DATA,A003,1,454,806990,-0.4459,0.4940,0.1644,80.3833,44.4336,-98.5718,0.6855,,
DATA,A003,1,455,807000,-0.3656,0.4625,0.1393,81.4209,49.9268,-89.1724,0.6057,,
DATA,A003,1,456,807010,-0.2782,0.4383,0.1178,80.6885,57.4951,-80.5054,0.5323,,
DATA,A003,1,457,807020,-0.1620,0.4080,0.0848,78.7354,68.8477,-65.8569,0.4471,,
DATA,A003,1,458,807030,-0.0897,0.3902,0.0646,76.1719,78.5522,-57.6172,0.4055,,
DATA,A003,1,459,807040,-0.0201,0.3582,0.0465,71.5942,95.2759,-48.8281,0.3618,,
DATA,A003,1,460,807050,0.0136,0.3375,0.0423,68.9697,105.8960,-45.1050,0.3404,,
DATA,A003,1,461,807060,0.0329,0.3201,0.0990,66.4062,116.2720,-40.4663,0.3367,,
DATA,A003,1,462,807070,0.0329,0.3387,0.1744,65.6128,115.7837,-37.4146,0.3824,,
DATA,A003,1,463,807080,0.0084,0.4041,0.2789,62.3779,98.3887,-32.0435,0.4911,,
DATA,A003,1,464,807090,0.0094,0.4446,0.3068,54.8706,82.6416,-27.9541,0.5403,,
DATA,A003,1,465,807100,0.0582,0.4439,0.3046,33.6914,59.8755,-21.7896,0.5415,,
DATA,A003,1,466,807110,0.0993,0.3961,0.3031,18.2495,47.7295,-18.8599,0.5085,,
DATA,A003,1,467,807120,0.1593,0.2886,0.2967,2.7466,41.0156,-14.2212,0.4436,,
DATA,A003,1,468,807130,0.1798,0.2232,0.2887,-1.4038,41.5649,-9.7046,0.4068,,
DATA,A003,1,469,807140,0.1674,0.1671,0.2911,-0.9766,46.8750,-1.6479,0.3751,,
DATA,A003,1,470,807150,0.1251,0.1583,0.3121,1.4038,52.9785,3.1738,0.3717,,
DATA,A003,1,471,807160,-0.0060,0.1680,0.3473,4.2725,63.4766,7.4463,0.3858,,
DATA,A003,1,472,807170,-0.1107,0.1761,0.3824,4.6387,68.6646,10.2539,0.4353,,
DATA,A003,1,473,807180,-0.3016,0.1587,0.4842,0.9155,78.6743,18.6768,0.5922,,
DATA,A003,1,474,807190,-0.4628,0.1346,0.5311,-4.6997,89.8438,30.1514,0.7172,,
DATA,A003,1,475,807200,-0.8551,0.1414,0.6600,-2.5635,123.9624,63.4766,1.0894,,
DATA,A003,1,476,807210,-1.1922,0.2051,0.7416,5.9814,159.8511,93.0176,1.4190,,
DATA,A003,1,477,807220,-1.7606,0.3333,0.7938,18.1274,184.5093,121.5210,1.9598,,
DATA,A003,1,478,807230,-2.2831,0.3939,0.7584,18.3716,160.4614,129.3945,2.4378,,
DATA,A003,1,479,807240,-2.9637,0.4874,0.7145,17.0288,94.3604,151.8555,3.0873,,
DATA,A003,1,480,807250,-3.0953,0.6065,0.6969,27.0386,43.1519,162.0483,3.2303,,
DATA,A003,1,481,807260,-2.8116,0.7244,0.7164,46.7529,-10.6201,156.4331,2.9905,,
DATA,A003,1,482,807270,-2.4942,0.6863,0.7970,36.1938,-30.9448,143.7378,2.7069,,
DATA,A003,1,483,807280,-2.0770,0.3931,0.8966,-10.2539,-53.8940,118.7134,2.2962,,
DATA,A003,1,484,807290,-1.8651,0.1033,0.8392,-32.7759,-68.9697,111.8774,2.0478,,
DATA,A003,1,485,807300,-1.5648,-0.2143,0.6962,-27.8931,-103.4546,113.8306,1.7260,,
DATA,A003,1,486,807310,-1.3661,-0.2685,0.6141,-6.4697,-131.4087,117.6758,1.5216,,
DATA,A003,1,487,807320,-1.1774,-0.2065,0.5597,15.9302,-150.2686,119.5679,1.3199,,
DATA,A003,1,488,807330,-0.8600,-0.0268,0.5238,32.8369,-167.0532,123.1689,1.0073,,
DATA,A003,1,489,807340,-0.6891,0.0770,0.5174,32.1045,-154.9683,127.2583,0.8652,,
DATA,A003,1,490,807350,-0.4440,0.1431,0.4967,21.7285,-96.6797,125.8545,0.6814,,
DATA,A003,1,491,807360,-0.3102,0.1353,0.4779,14.8926,-34.1187,123.2300,0.5856,,
DATA,A003,1,492,807370,-0.2045,0.0601,0.4259,7.5684,84.1675,120.0562,0.4762,,
DATA,A003,1,493,807380,-0.2233,0.0025,0.3605,8.1177,163.3911,116.2720,0.4240,,
DATA,A003,1,494,807390,-0.5116,-0.0412,0.2306,19.1650,248.4131,109.8022,0.5627,,
DATA,A003,1,495,807400,-0.7860,-0.0478,0.2006,28.9307,263.2446,102.6611,0.8126,,
DATA,A003,1,496,807410,-1.1446,-0.0598,0.2438,43.6401,216.1865,86.1816,1.1718,,
DATA,A003,1,497,807420,-1.2892,-0.0790,0.3087,50.9644,152.3438,74.3408,1.3280,,
DATA,A003,1,498,807430,-1.2984,-0.1679,0.4332,48.2178,49.8047,54.7485,1.3791,,
DATA,A003,1,499,807440,-1.1835,-0.2558,0.4774,44.5557,-18.9209,39.4287,1.3015,,
DATA,A003,1,500,807450,-0.9156,-0.3964,0.4989,45.3491,-111.6333,17.5781,1.1155,,
DATA,A003,1,501,807460,-0.7237,-0.4719,0.4720,50.3540,-153.0762,2.8076,0.9845,,
DATA,A003,1,502,807470,-0.5257,-0.5903,0.3829,60.2417,-186.2793,-20.6299,0.8783,,
DATA,A003,1,503,807480,-0.4852,-0.6867,0.2950,63.9038,-193.1152,-34.9731,0.8911,,
DATA,A003,1,504,807490,-0.5194,-0.8767,0.1637,64.4531,-190.5518,-62.5000,1.0320,,
DATA,A003,1,505,807500,-0.6031,-1.0268,0.0763,65.4907,-187.5000,-86.5479,1.1933,,
DATA,A003,1,506,807510,-0.7870,-1.2048,-0.0475,75.5005,-185.3027,-121.1548,1.4398,,
DATA,A003,1,507,807520,-0.9623,-1.2299,-0.0646,91.1255,-182.6782,-137.5122,1.5630,,
DATA,A003,1,508,807530,-1.3168,-1.0634,0.0038,120.1782,-158.4473,-161.7432,1.6926,,
DATA,A003,1,509,807540,-1.5550,-0.8532,0.0455,133.4229,-126.8921,-189.4531,1.7743,,
DATA,A003,1,510,807550,-1.9881,-0.5566,0.1852,139.5874,-86.5479,-231.4453,2.0729,,
DATA,A003,1,511,807560,-2.3356,-0.3444,0.2762,141.5405,-64.8804,-251.6479,2.3769,,
DATA,A003,1,512,807570,-2.8839,-0.0134,0.3219,129.3335,-65.0024,-274.7803,2.9018,,
DATA,A003,1,513,807580,-3.1893,0.1407,0.2882,103.1494,-95.4590,-289.7949,3.2054,,
DATA,A003,1,514,807590,-3.4730,0.2759,0.1710,48.0957,-180.4810,-299.0112,3.4881,,
DATA,A003,1,515,807600,-3.4606,0.3614,0.1554,20.5688,-224.4263,-311.2183,3.4828,,
DATA,A003,1,516,807610,-3.1100,0.5965,0.1185,13.3057,-267.5171,-333.4351,3.1689,,
DATA,A003,1,517,807620,-2.8190,0.8275,0.1302,23.9868,-270.4468,-336.6089,2.9408,,
DATA,A003,1,518,807630,-2.3639,1.2156,0.2320,46.9360,-229.0039,-328.7964,2.6682,,
DATA,A003,1,519,807640,-2.0636,1.4200,0.3683,54.2603,-184.9365,-316.5894,2.5319,,
DATA,A003,1,520,807650,-1.7523,1.4122,0.5621,35.8276,-108.0933,-291.8701,2.3197,,
DATA,A003,1,521,807660,-1.6300,1.1795,0.6400,15.6250,-52.6123,-282.2266,2.1113,,
DATA,A003,1,522,807670,-1.5570,0.7757,0.6708,14.1602,12.8784,-269.8364,1.8644,,
DATA,A003,1,523,807680,-1.5358,0.6275,0.6200,35.2783,37.4756,-257.8735,1.7711,,
DATA,A003,1,524,807690,-1.4869,0.5967,0.5387,62.9272,48.3398,-243.7744,1.6903,,
DATA,A003,1,525,807700,-1.3121,0.6600,0.4193,91.4917,45.7764,-219.6655,1.5274,,
DATA,A003,1,526,807710,-1.1131,0.6849,0.3673,95.5200,40.7104,-200.8057,1.3576,,
DATA,A003,1,527,807720,-0.8089,0.6231,0.3114,88.5010,36.4380,-172.4243,1.0675,,
DATA,A003,1,528,807730,-0.6258,0.5220,0.2352,81.8481,41.7480,-156.9214,0.8482,,
DATA,A003,1,529,807740,-0.4198,0.3265,0.1339,79.7119,57.1289,-135.8643,0.5484,,
DATA,A003,1,530,807750,-0.3690,0.1985,0.1051,87.1582,69.4580,-124.5728,0.4320,,
DATA,A003,1,531,807760,-0.3541,0.0818,0.0423,106.2622,91.3086,-112.1216,0.3659,,
DATA,A003,1,532,807770,-0.3238,0.0491,-0.0038,119.6289,100.5249,-103.9429,0.3276,,
DATA,A003,1,533,807780,-0.2723,0.0667,-0.0507,138.0615,93.5059,-87.9517,0.2849,,
DATA,A003,1,534,807790,-0.2440,0.1204,-0.0582,146.2402,82.7026,-79.4678,0.2783,,
DATA,A003,1,535,807800,-0.2008,0.2525,-0.0216,146.8506,62.3779,-75.6226,0.3233,,
DATA,A003,1,536,807810,-0.1669,0.3624,0.0018,139.5264,47.4243,-75.2563,0.3989,,
DATA,A003,1,537,807820,-0.0802,0.4847,0.0094,116.4551,29.2969,-72.4487,0.4914,,
DATA,A003,1,538,807830,-0.0245,0.5057,-0.0001,94.7876,21.9727,-69.1528,0.5063,,
DATA,A003,1,539,807840,0.0209,0.4598,-0.0494,61.5845,21.4844,-63.5986,0.4629,,
DATA,A003,1,540,807850,0.0236,0.4153,-0.0927,46.8140,25.7568,-60.6689,0.4262,,
DATA,A003,1,541,807860,-0.0050,0.3895,-0.1354,42.5415,31.1279,-55.7861,0.4124,,
DATA,A003,1,542,807870,-0.0345,0.4105,-0.1329,44.8608,31.9824,-51.3306,0.4328,,
DATA,A003,1,543,807880,-0.1066,0.4903,-0.1012,46.8750,27.0996,-41.9922,0.5118,,
DATA,A003,1,544,807890,-0.1756,0.5482,-0.0531,45.2881,19.9585,-36.3770,0.5781,,
DATA,A003,1,545,807900,-0.2992,0.6255,0.1102,39.3677,10.0098,-34.2407,0.7021,,
DATA,A003,1,546,807910,-0.3585,0.6612,0.2682,32.7148,7.4463,-33.2031,0.7985,,
DATA,A003,1,547,807920,-0.4996,0.6641,0.3653,13.6719,21.4233,-21.9727,0.9078,,
DATA,A003,1,548,807930,-0.6490,0.6365,0.4850,6.8359,41.9312,-12.9395,1.0304,,
DATA,A003,1,549,807940,-0.9081,0.6746,0.6427,17.4561,73.3643,4.5776,1.3011,,
DATA,A003,1,550,807950,-1.0030,0.7188,0.7081,28.8086,84.1675,22.2168,1.4227,,
DATA,A003,1,551,807960,-1.1315,0.7234,0.8441,34.7290,71.5332,52.3682,1.5862,,
DATA,A003,1,552,807970,-1.2604,0.6531,0.9781,30.7617,57.9834,66.7114,1.7239,,
DATA,A003,1,553,807980,-1.4720,0.5059,1.2096,31.2500,41.5649,84.5947,1.9713,,
DATA,A003,1,554,807990,-1.5934,0.4681,1.3583,42.0532,36.7432,94.9097,2.1454,,
DATA,A003,1,555,808000,-1.6778,0.4918,1.4537,57.0679,35.6445,103.2104,2.2738,,
DATA,A003,1,556,808010,-1.7530,0.5743,1.4986,69.3970,29.7241,114.0137,2.3767,,
DATA,A003,1,557,808020,-1.7889,0.5787,1.4730,63.1714,20.8130,120.6665,2.3885,,
DATA,A003,1,558,808030,-1.7462,0.4651,1.3717,43.3350,1.7700,127.3804,2.2687,,
DATA,A003,1,559,808040,-1.6503,0.3658,1.2628,34.4238,-17.7612,130.6763,2.1099,,
DATA,A003,1,560,808050,-1.4576,0.2603,1.0919,34.6680,-43.8232,136.7798,1.8398,,
DATA,A003,1,561,808060,-1.3104,0.2391,0.9967,39.1846,-51.3916,139.8926,1.6637,,
DATA,A003,1,562,808070,-1.0375,0.2310,0.9093,41.5649,-45.0439,144.6533,1.3988,,
DATA,A003,1,563,808080,-0.8644,0.2078,0.8622,38.0249,-29.4800,150.9399,1.2384,,
DATA,A003,1,564,808090,-0.6285,0.1131,0.8497,30.4565,-0.4272,162.2925,1.0630,,
DATA,A003,1,565,808100,-0.5001,0.0313,0.8546,26.6113,20.7520,169.9219,0.9907,,
DATA,A003,1,566,808110,-0.3951,-0.1071,0.7667,19.3481,49.6826,179.9927,0.8692,,
DATA,A003,1,567,808120,-0.3519,-0.2282,0.7450,16.6016,63.0493,184.3262,0.8549,,
DATA,A003,1,568,808130,-0.3795,-0.3823,0.7941,18.7378,69.5801,192.5049,0.9595,,
DATA,A003,1,569,808140,-0.4264,-0.4404,0.8138,21.2402,69.3359,196.6553,1.0188,,
DATA,A003,1,570,808150,-0.4149,-0.4858,0.8273,20.9961,61.8896,196.3501,1.0452,,
DATA,A003,1,571,808160,-0.3890,-0.4982,0.8087,17.6392,51.0254,195.7397,1.0264,,
DATA,A003,1,572,808170,-0.3277,-0.5397,0.7211,3.6011,33.1421,192.8711,0.9585,,
DATA,A003,1,573,808180,-0.3031,-0.6225,0.6219,-8.1787,23.1934,190.1245,0.9307,,
DATA,A003,1,574,808190,-0.2919,-0.8569,0.4122,-34.4849,24.9023,179.8706,0.9947,,
DATA,A003,1,575,808200,-0.3649,-1.1225,0.2604,-52.9175,28.4424,168.0298,1.2087,,
DATA,A003,1,576,808210,-0.6297,-1.6677,-0.0189,-62.1338,36.1938,147.0337,1.7827,,
DATA,A003,1,577,808220,-1.0514,-1.9943,-0.0819,-28.3813,22.3389,132.8125,2.2560,,
DATA,A003,1,578,808230,-1.8431,-1.7101,0.2540,102.5391,-23.2544,98.4497,2.5271,,
DATA,A003,1,579,808240,-2.2279,-1.0544,0.4547,163.7573,-49.6216,69.0918,2.5064,,
DATA,A003,1,580,808250,-2.4818,-0.2924,0.6490,185.2417,-89.1113,15.6860,2.5819,,
DATA,A003,1,581,808260,-2.6666,0.0540,0.7389,122.4365,-106.2012,-52.8564,2.7676,,
DATA,A003,1,582,808270,-2.7450,0.2332,0.6190,-11.2915,-99.2432,-146.9116,2.8236,,
DATA,A003,1,583,808280,-2.7543,0.2212,0.4659,-58.2886,-86.9751,-201.4771,2.8021,,
DATA,A003,1,584,808290,-2.7489,0.2781,0.2501,-62.8662,-67.0776,-276.6724,2.7742,,
DATA,A003,1,585,808300,-2.6354,0.3677,0.1659,-57.6782,-54.8096,-316.4062,2.6661,,
DATA,A003,1,586,808310,-2.5204,0.4974,0.2428,-57.8613,-30.5176,-349.9756,2.5804,,
DATA,A003,1,587,808320,-2.4676,0.6036,0.3468,-55.6030,2.9297,-364.8682,2.5639,,
DATA,A003,1,588,808330,-2.5360,0.8975,0.5614,-28.3203,62.1948,-380.1880,2.7481,,
DATA,A003,1,589,808340,-2.6295,1.2208,0.5983,-1.7700,82.4585,-382.7515,2.9601,,
DATA,A003,1,590,808350,-2.7086,1.5836,0.5660,24.0479,83.3740,-374.4507,3.1882,,
DATA,A003,1,591,808360,-2.7040,2.0633,0.4886,57.7393,62.4390,-342.1631,3.4362,,
DATA,A003,1,592,808370,-2.4999,2.2791,0.4891,66.1011,46.5698,-315.5518,3.4180,,
DATA,A003,1,593,808380,-2.1029,2.1998,0.5096,49.2554,13.9771,-273.4375,3.0856,,
DATA,A003,1,594,808390,-1.7215,1.9881,0.3111,9.4604,9.5825,-271.9116,2.6482,,
DATA,A003,1,595,808400,-1.3038,1.4712,0.3995,28.0762,-7.5073,-238.7085,2.0060,,
DATA,A003,1,596,808410,-1.0592,1.1495,0.3339,28.3813,-11.1694,-232.4829,1.5983,,
DATA,A003,1,597,808420,-0.7359,0.8438,0.2923,53.4058,-4.3945,-224.5483,1.1572,,
DATA,A003,1,598,808430,-0.5821,0.7418,0.2750,76.2939,4.5776,-218.3838,0.9822,,
DATA,A003,1,599,808440,-0.4410,0.6744,0.2374,104.9805,26.7944,-207.7026,0.8400,,
DATA,A003,1,600,808450,-0.3922,0.6497,0.2057,116.6382,38.8794,-200.5005,0.7863,,
DATA,A003,1,601,808460,-0.3036,0.5926,0.1346,123.7183,38.0249,-187.6221,0.6793,,
DATA,A003,1,602,808470,-0.2709,0.5447,0.1022,125.6714,21.4233,-177.3071,0.6169,,
DATA,A003,1,603,808480,-0.2523,0.5015,0.0694,127.4414,-16.2964,-162.8418,0.5657,,
DATA,A003,1,604,808490,-0.2689,0.4993,0.0699,126.8921,-46.9360,-153.9307,0.5714,,
DATA,A003,1,605,808500,-0.2931,0.5364,0.0450,116.7603,-90.8203,-140.9302,0.6129,,
DATA,A003,1,606,808510,-0.2569,0.5687,0.0348,104.0039,-114.8682,-135.3760,0.6250,,
DATA,A003,1,607,808520,-0.1217,0.6033,0.0597,81.7871,-137.5732,-128.2349,0.6184,,
DATA,A003,1,608,808530,-0.0116,0.6190,0.0782,66.7114,-136.9629,-120.4224,0.6240,,
DATA,A003,1,609,808540,0.1129,0.6136,0.0443,45.7153,-115.2344,-104.9805,0.6255,,
DATA,A003,1,610,808550,0.1513,0.5904,0.0292,37.7197,-91.9189,-94.2993,0.6102,,
DATA,A003,1,611,808560,0.1793,0.5677,0.0707,35.0952,-52.2461,-77.2095,0.5995,,
DATA,A003,1,612,808570,0.1930,0.5753,0.0987,34.7290,-23.4375,-63.7817,0.6148,,
DATA,A003,1,613,808580,0.2160,0.6004,0.1832,35.3394,10.6812,-44.3726,0.6638,,
DATA,A003,1,614,808590,0.1850,0.6243,0.2560,38.1470,26.7944,-34.7290,0.6997,,
DATA,A003,1,615,808600,0.1378,0.7061,0.4188,51.2695,46.9971,-31.7383,0.8325,,
DATA,A003,1,616,808610,0.1320,0.7659,0.5514,63.5376,63.5986,-33.2031,0.9529,,
DATA,A003,1,617,808620,0.0043,0.7684,0.8839,78.9185,88.3179,-31.4941,1.1712,,
DATA,A003,1,618,808630,-0.1864,0.7239,1.1290,85.5713,117.0044,-23.9258,1.3541,,
DATA,A003,1,619,808640,-0.6600,0.6812,1.5192,89.8438,154.1748,-0.5493,1.7910,,
DATA,A003,1,620,808650,-0.9996,0.7212,1.6302,88.2568,171.3867,21.1792,2.0438,,
DATA,A003,1,621,808660,-1.5299,0.8509,1.6234,75.6226,156.0059,64.5752,2.3875,,
DATA,A003,1,622,808670,-1.8927,0.9322,1.5685,66.2842,110.9009,90.0269,2.6289,,
DATA,A003,1,623,808680,-2.1756,0.9461,1.5365,61.3403,46.9971,114.6240,2.8265,,
DATA,A003,1,624,808690,-2.2433,0.9422,1.5482,52.0020,-32.8979,143.8599,2.8839,,
DATA,A003,1,625,808700,-2.1146,0.7918,1.4645,9.7656,-64.0869,130.9204,2.6913,,
DATA,A003,1,626,808710,-2.0218,0.5858,1.3607,-23.8037,-77.1484,117.9810,2.5065,,
DATA,A003,1,627,808720,-1.8754,0.3682,1.2701,-38.1470,-85.0830,114.6851,2.2947,,
DATA,A003,1,628,808730,-1.4718,0.1585,1.0953,-24.8413,-91.7969,122.8027,1.8415,,
DATA,A003,1,629,808740,-1.1285,0.0818,0.9567,-14.7095,-96.5576,132.6904,1.4817,,
DATA,A003,1,630,808750,-0.6566,0.0086,0.7384,-16.4185,-97.4121,151.6724,0.9881,,
DATA,A003,1,631,808760,-0.3956,-0.0497,0.6334,-26.7334,-88.7451,163.8794,0.7485,,
DATA,A003,1,632,808770,-0.1075,-0.2380,0.5062,-50.4761,-59.3872,183.5327,0.5696,,
DATA,A003,1,633,808780,0.0280,-0.4162,0.4488,-69.8242,-29.7241,198.7915,0.6128,,
DATA,A003,1,634,808790,0.3417,-0.6647,0.5951,-121.8262,61.7676,243.4082,0.9554,,
DATA,A003,1,635,808800,0.4437,-0.8486,0.5360,-182.9224,136.9019,278.9307,1.0974,,
DATA,A003,1,636,808810,0.3314,-1.1227,-0.0971,-210.5713,274.3530,281.7383,1.1747,,
DATA,A003,1,637,808820,0.3095,-1.1237,0.0448,-119.9341,358.6426,249.2676,1.1664,,
DATA,A003,1,638,808830,-0.3465,-0.5485,-0.0492,-29.8462,342.9565,219.3604,0.6507,,
DATA,A003,1,639,808840,-1.0433,-0.2683,0.0221,2.2583,324.3408,207.3975,1.0775,,
DATA,A003,1,640,808850,-1.6756,-0.0107,0.0929,-4.1504,248.4131,153.8696,1.6783,,
DATA,A003,1,641,808860,-1.7633,0.0306,0.1766,-25.3906,146.9727,123.8403,1.7724,,
DATA,A003,1,642,808870,-1.4449,-0.1279,0.1305,-86.6699,-51.2695,113.5254,1.4564,,
DATA,A003,1,643,808880,-1.1639,-0.3630,0.0323,-139.1602,-165.6494,106.2622,1.2196,,
DATA,A003,1,644,808890,-0.7672,-0.8857,0.0404,-190.6738,-265.1978,73.0591,1.1725,,
DATA,A003,1,645,808900,-0.5152,-1.1935,0.0507,-193.7256,-294.2505,43.3350,1.3010,,
DATA,A003,1,646,808910,-0.2941,-1.4323,0.0033,-139.0381,-289.3677,-1.6479,1.4622,,
DATA,A003,1,647,808920,-0.1932,-1.4077,0.0773,-74.3408,-263.9160,-29.9683,1.4230,,
DATA,A003,1,648,808930,-0.1891,-1.0161,0.3475,8.6060,-217.2852,-62.2559,1.0904,,
DATA,A003,1,649,808940,-0.2499,-0.6933,0.4569,26.4893,-176.6357,-84.2896,0.8671,,
DATA,A003,1,650,808950,-0.4310,-0.3288,0.5731,6.0425,-112.1826,-126.5869,0.7889,,
DATA,A003,1,651,808960,-0.6085,-0.2060,0.6608,-21.7896,-81.8481,-157.4097,0.9216,,
DATA,A003,1,652,808970,-0.9017,-0.1000,0.7948,-58.6548,-66.1621,-206.4209,1.2062,,
DATA,A003,1,653,808980,-1.1300,-0.0226,0.9007,-76.1108,-82.7026,-239.0747,1.4452,,
DATA,A003,1,654,808990,-1.4603,0.0728,1.0311,-96.2524,-131.5918,-275.8789,1.7891,,
DATA,A003,1,655,809000,-1.7335,0.0428,1.2501,-102.7832,-179.6875,-287.5366,2.1377,,
DATA,A003,1,656,809010,-2.0585,-0.0368,1.5763,-85.0830,-230.5298,-294.3115,2.5929,,
DATA,A003,1,657,809020,-2.1451,0.0489,1.8290,-50.7202,-263.3057,-293.1519,2.8194,,
DATA,A003,1,658,809030,-2.2284,0.3138,2.0643,-12.1460,-303.4668,-284.3628,3.0538,,
DATA,A003,1,659,809040,-2.1317,0.8441,2.3578,27.6489,-364.5020,-264.4043,3.2887,,
DATA,A003,1,660,809050,-1.7399,1.1216,2.3505,38.8184,-385.8643,-257.6904,3.1321,,
DATA,A003,1,661,809060,-0.7684,1.3887,2.1156,49.8047,-359.1919,-244.5679,2.6448,,
DATA,A003,1,662,809070,-0.0636,1.6036,1.7931,41.1377,-243.2861,-227.4780,2.4064,,
DATA,A003,1,663,809080,0.1991,1.3655,1.3744,11.5356,-153.4424,-228.3936,1.9476,,
DATA,A003,1,664,809090,0.2387,0.9847,1.2325,-9.8877,-75.0122,-223.0225,1.5955,,
DATA,A003,1,665,809100,0.2103,0.3694,1.1373,-1.8311,35.6445,-223.2666,1.2142,,
DATA,A003,1,666,809110,0.0797,0.2557,1.0118,24.2920,106.2012,-214.6606,1.0467,,
DATA,A003,1,667,809120,-0.1637,0.1646,0.7889,63.6597,169.3726,-200.1953,0.8224,,
DATA,A003,1,668,809130,-0.3390,0.1556,0.6964,83.6792,178.4668,-191.4673,0.7900,,
DATA,A003,1,669,809140,-0.4808,0.1456,0.5787,103.7598,144.5923,-187.9272,0.7664,,
DATA,A003,1,670,809150,-0.4811,0.1241,0.5192,112.7319,111.2671,-182.4341,0.7186,,
DATA,A003,1,671,809160,-0.4342,0.1629,0.4874,128.9062,50.3540,-170.0439,0.6728,,
DATA,A003,1,672,809170,-0.4034,0.2442,0.5148,138.1836,14.9536,-161.8652,0.6981,,
DATA,A003,1,673,809180,-0.3583,0.4310,0.5477,137.2681,-26.1230,-151.0010,0.7836,,
DATA,A003,1,674,809190,-0.3011,0.5474,0.5414,123.7793,-41.0156,-146.6064,0.8267,,
DATA,A003,1,675,809200,-0.1415,0.5972,0.4916,90.5762,-53.4668,-139.9536,0.7863,,
DATA,A003,1,676,809210,-0.0387,0.5396,0.4513,68.6035,-54.7485,-132.4463,0.7045,,
DATA,A003,1,677,809220,-0.0118,0.3863,0.4371,43.7012,-52.1240,-117.4927,0.5835,,
DATA,A003,1,678,809230,-0.0184,0.3499,0.4205,31.1890,-51.4526,-110.7178,0.5474,,
DATA,A003,1,679,809240,0.0346,0.3961,0.4244,8.6670,-50.4761,-103.3936,0.5815,,
DATA,A003,1,680,809250,-0.0072,0.4063,0.5116,-9.7656,-43.8843,-99.9146,0.6533,,
DATA,A003,1,681,809260,-0.0323,0.4849,0.5121,-39.9780,-42.0532,-98.4497,0.7060,,
DATA,A003,1,682,809270,0.0712,0.5152,0.3946,-62.3779,-41.2598,-89.5386,0.6529,,
DATA,A003,1,683,809280,0.2670,0.4478,0.1761,-85.5103,-25.8789,-71.1670,0.5503,,
DATA,A003,1,684,809290,0.3302,0.3475,0.1110,-91.9800,-13.3057,-64.8193,0.4920,,
DATA,A003,1,685,809300,0.1581,0.2711,0.1783,-91.6138,-14.5874,-79.7119,0.3609,,
DATA,A003,1,686,809310,0.5148,0.5250,0.0148,-97.6562,-48.3398,-69.0308,0.7354,,
DATA,A003,1,687,809320,0.3759,0.0938,0.5152,-124.8779,-80.6885,9.2773,0.6446,,
DATA,A003,1,688,809330,-0.0487,0.0306,1.0580,-102.6001,-61.9507,13.9771,1.0595,,
DATA,A003,1,689,809340,-0.2469,0.8116,1.8588,-71.0449,-20.1416,187.6831,2.0432,,
DATA,A003,1,690,809350,-0.5380,0.6412,2.0646,-121.5820,5.3711,124.2676,2.2278,,
DATA,A003,1,691,809360,-0.6888,0.2015,2.1478,-81.7261,34.2407,87.5244,2.2646,,
DATA,A003,1,692,809370,-0.3712,0.9651,2.2626,-139.6484,6.7749,211.8530,2.4877,,
DATA,A003,1,693,809380,-0.8827,0.5316,2.4440,-148.3154,0.3052,165.8325,2.6523,,
DATA,A003,1,694,809390,-1.3863,0.4432,2.0594,-125.6714,-9.5825,50.1099,2.5218,,
DATA,A003,1,695,809400,-1.1515,0.3497,1.8744,-108.0933,-86.3647,32.4707,2.2274,,
DATA,A003,1,696,809410,-0.3236,0.3384,1.5824,-72.0215,-154.7852,49.5605,1.6502,,
DATA,A003,1,697,809420,0.0263,0.2730,1.4527,-34.3018,-141.1133,64.0259,1.4784,,
DATA,A003,1,698,809430,0.1227,0.3231,1.3688,18.7378,-69.6411,52.4292,1.4117,,
DATA,A003,1,699,809440,0.1046,0.3416,1.2565,25.9399,-39.8560,35.5835,1.3063,,
DATA,A003,1,700,809450,-0.0870,0.2706,1.0936,21.8506,-36.0718,31.3721,1.1299,,
DATA,A003,1,701,809460,-0.1034,0.1695,1.0060,19.8975,-43.9453,34.4238,1.0254,,
DATA,A003,1,702,809470,-0.0799,0.0001,0.9452,29.6021,-59.2651,43.8232,0.9486,,
DATA,A003,1,703,809480,-0.0099,-0.0449,0.9767,36.6821,-53.4058,42.8467,0.9778,,
DATA,A003,1,704,809490,-0.0172,-0.0034,0.9884,42.9688,-30.9448,40.4053,0.9885,,
DATA,A003,1,705,809500,0.0031,0.0098,1.0338,46.2036,-6.9580,33.8745,1.0339,,
DATA,A003,1,706,809510,-0.0170,0.0294,0.9950,47.5464,27.0386,30.3345,0.9956,,
DATA,A003,1,707,809520,-0.0516,0.0067,0.9427,45.1050,43.0908,29.2969,0.9442,,
DATA,A003,1,708,809530,-0.0941,-0.0817,0.8636,38.5132,45.4712,32.2876,0.8726,,
DATA,A003,1,709,809540,-0.0377,-0.1279,0.7931,31.6162,40.4053,39.0015,0.8042,,
DATA,A003,1,710,809550,0.0336,-0.1525,0.7111,22.8271,37.6587,42.5415,0.7280,,
DATA,A003,1,711,809560,0.0260,-0.1391,0.6532,16.4795,38.6353,36.9873,0.6683,,
DATA,A003,1,712,809570,0.0224,-0.1804,0.5714,4.2114,38.7573,24.2920,0.5996,,
DATA,A003,1,713,809580,-0.0646,-0.2241,0.5260,-3.4180,34.1797,14.4043,0.5754,,
DATA,A003,1,714,809590,-0.0785,-0.3271,0.5050,-25.8789,3.0518,1.0986,0.6068,,
DATA,A003,1,715,809600,-0.0326,-0.3373,0.5284,-35.4614,-14.9536,-5.7983,0.6278,,
DATA,A003,1,716,809610,0.0519,-0.3889,0.5582,-47.1802,-22.9492,-16.1133,0.6823,,
DATA,A003,1,717,809620,0.0993,-0.4030,0.4882,-55.9692,-22.2778,-30.7617,0.6408,,
DATA,A003,1,718,809630,0.0602,-0.3876,0.4921,-61.9507,-19.2261,-60.4858,0.6293,,
DATA,A003,1,719,809640,0.0534,-0.4941,0.4015,-55.2368,-26.1230,-62.3779,0.6389,,
DATA,A003,1,720,809650,0.0995,-0.3781,0.4659,-49.6826,-32.8979,-57.8003,0.6082,,
DATA,A003,1,721,809660,0.0951,-0.3505,0.4484,-47.9736,-33.5083,-58.1665,0.5770,,
DATA,A003,1,722,809670,0.0285,-0.2756,0.5675,-39.0625,-46.2646,-61.2183,0.6315,,
DATA,A003,1,723,809680,-0.0585,-0.1286,0.6273,-44.7998,-55.5420,-63.6597,0.6430,,
DATA,A003,1,724,809690,-0.0726,-0.1564,0.6937,-66.6504,-85.1440,-82.0312,0.7148,,
DATA,A003,1,725,809700,-0.0909,-0.3320,0.8319,-76.4771,-106.5063,-100.7690,0.9003,,
DATA,A003,1,726,809710,-0.0670,-0.5283,0.9896,-76.9043,-125.8545,-112.8540,1.1238,,
DATA,A003,1,727,809720,0.1398,-0.6035,1.2403,-45.8374,-121.5820,-97.5952,1.3864,,
DATA,A003,1,728,809730,0.2558,-0.4650,1.3487,-12.3901,-81.6040,-83.0078,1.4494,,
DATA,A003,1,729,809740,0.1410,-0.2785,1.4442,13.3057,-19.8364,-59.1431,1.4776,,
DATA,A003,1,730,809750,0.0018,-0.1855,1.5152,15.6860,4.2725,-56.1523,1.5266,,
DATA,A003,1,731,809760,-0.1461,-0.2460,1.5631,16.3574,14.2822,-52.7954,1.5891,,
DATA,A003,1,732,809770,-0.1710,-0.2663,1.6144,25.7568,18.9819,-45.9595,1.6451,,
DATA,A003,1,733,809780,-0.1451,-0.1389,1.7032,37.6587,33.5693,-32.5928,1.7150,,
DATA,A003,1,734,809790,-0.1756,-0.1183,1.7233,39.3677,49.9878,-29.9683,1.7362,,
DATA,A003,1,735,809800,-0.1525,-0.0497,1.6986,42.3584,63.5376,-33.0811,1.7062,,
DATA,A003,1,736,809810,-0.0597,-0.0217,1.6295,41.0156,66.1621,-32.1655,1.6307,,
DATA,A003,1,737,809820,-0.0004,-0.0121,1.5067,39.3677,72.8760,-41.0767,1.5068,,
DATA,A003,1,738,809830,-0.0250,-0.0253,1.4318,36.8042,76.2939,-48.0957,1.4322,,
DATA,A003,1,739,809840,-0.0978,-0.0139,1.3148,33.4473,74.0356,-55.1758,1.3185,,
DATA,A003,1,740,809850,-0.1688,-0.0085,1.2289,31.6772,68.2373,-62.2559,1.2404,,
DATA,A003,1,741,809860,-0.1927,-0.0004,1.1317,29.4189,57.1289,-65.3076,1.1480,,
DATA,A003,1,742,809870,-0.1373,-0.0861,1.0870,28.8696,47.4243,-63.1714,1.0990,,
DATA,A003,1,743,809880,0.0309,-0.1364,1.0270,31.0669,43.5791,-59.6313,1.0364,,
DATA,A003,1,744,809890,0.0766,-0.1518,1.0018,30.3955,42.3584,-62.9883,1.0161,,
DATA,A003,1,745,809900,0.0287,-0.1205,0.9813,29.1138,43.6401,-64.9414,0.9891,,
DATA,A003,1,746,809910,0.0221,-0.0651,0.9337,27.0996,46.0205,-61.0352,0.9362,,
DATA,A003,1,747,809920,-0.0013,-0.0515,0.9017,20.9351,42.8467,-53.9551,0.9032,,
DATA,A003,1,748,809930,0.0704,-0.0786,0.8436,18.9209,40.9546,-47.3022,0.8502,,
DATA,A003,1,749,809940,0.1254,-0.0939,0.7994,14.0381,39.6118,-38.7573,0.8146,,
DATA,A003,1,750,809950,0.1298,-0.0676,0.7631,9.7656,36.6821,-38.8794,0.7770,,
DATA,A003,1,751,809960,0.1007,-0.0065,0.7242,4.5166,32.6538,-37.9639,0.7312,,
DATA,A003,1,752,809970,0.0617,0.0064,0.7001,1.9531,26.5503,-36.2549,0.7028,,
DATA,A003,1,753,809980,0.0978,-0.0070,0.6820,-4.5166,15.4419,-26.6724,0.6890,,
DATA,A003,1,754,809990,0.1034,-0.0397,0.6576,-5.6152,15.3198,-24.0479,0.6668,,
DATA,A003,1,755,810000,0.1630,-0.0913,0.6241,-4.9438,21.8506,-15.3809,0.6515,,
DATA,A003,1,756,810010,0.2279,-0.1164,0.6156,-4.3945,29.1748,-9.2773,0.6667,,
DATA,A003,1,757,810020,0.2245,-0.1616,0.6078,-3.6011,35.4614,-10.1929,0.6678,,
DATA,A003,1,758,810030,0.2409,-0.1865,0.6351,-2.2583,38.6963,-9.0942,0.7044,,
DATA,A003,1,759,810040,0.2660,-0.2006,0.6622,-1.0986,42.4805,-5.3711,0.7413,,
DATA,A003,1,760,810050,0.2145,-0.1833,0.6925,-0.6714,45.2271,-5.7983,0.7478,,
DATA,A003,1,761,810060,0.2055,-0.1525,0.6796,6.3477,49.8047,-2.3804,0.7261,,
DATA,A003,1,762,810070,0.2179,-0.1943,0.7328,0.9155,51.0254,-0.4272,0.7888,,
DATA,A003,1,763,810080,0.2413,-0.1762,0.7313,2.8076,56.0303,1.5869,0.7900,,
DATA,A003,1,764,810090,0.2370,-0.2153,0.7176,10.3149,62.0117,0.6104,0.7858,,
DATA,A003,1,765,810100,0.1918,-0.2250,0.7455,19.8975,67.8711,-4.6387,0.8020,,
DATA,A003,1,766,810110,0.1227,-0.1406,0.8143,30.0293,65.0024,-4.6997,0.8354,,
DATA,A003,1,767,810120,0.0465,-0.1308,0.9112,37.1704,54.6265,-3.1738,0.9218,,
DATA,A003,1,768,810130,-0.0140,-0.1083,1.0609,46.2646,40.4053,0.8545,1.0665,,
DATA,A003,1,769,810140,-0.0502,-0.0637,1.1256,51.3306,28.9307,2.3804,1.1285,,
DATA,A003,1,770,810150,-0.0941,-0.0021,1.2137,54.1382,3.1128,4.6997,1.2174,,
DATA,A003,1,771,810160,-0.1039,0.0440,1.2516,54.1382,-18.4326,6.4087,1.2567,,
DATA,A003,1,772,810170,-0.1009,-0.0024,1.2360,54.5044,-48.9502,6.5918,1.2401,,
EVENT,A003,1,,810178,,,,,,,,STOP,772
EVENT,A003,2,,814227,,,,,,,,START,
DATA,A003,2,1,814250,-0.3500,-0.3371,0.8641,23.6206,-37.5366,-33.6304,0.9914,,
DATA,A003,2,2,814260,-0.2706,-0.2990,0.8331,29.4800,-42.4805,-32.5928,0.9256,,
DATA,A003,2,3,814270,-0.2508,-0.2463,0.8087,35.5225,-46.4478,-34.1797,0.8818,,
DATA,A003,2,4,814280,-0.2377,-0.2414,0.8143,37.6587,-50.9033,-36.6211,0.8820,,
DATA,A003,2,5,814290,-0.2753,-0.1911,0.8407,41.0156,-60.9741,-44.7998,0.9050,,
DATA,A003,2,6,814300,-0.2889,-0.1491,0.8563,39.6729,-63.8428,-50.2319,0.9160,,
DATA,A003,2,7,814310,-0.2628,-0.2280,0.9235,36.3770,-54.7485,-49.3774,0.9868,,
DATA,A003,2,8,814320,-0.2518,-0.1303,0.9044,32.2876,-45.2271,-48.0347,0.9478,,
DATA,A003,2,9,814330,-0.2557,-0.1518,0.9405,24.9023,-35.4004,-46.0205,0.9864,,
DATA,A003,2,10,814340,-0.2230,-0.1791,0.8964,25.9399,-33.2031,-41.2598,0.9409,,
DATA,A003,2,11,814350,-0.2213,-0.2277,0.9110,26.9775,-28.0762,-42.6636,0.9648,,
DATA,A003,2,12,814360,-0.1991,-0.2287,0.8964,24.5972,-28.3813,-50.5371,0.9462,,
DATA,A003,2,13,814370,-0.2203,-0.2016,0.9122,27.0996,-32.4097,-54.4434,0.9599,,
DATA,A003,2,14,814380,-0.1864,-0.2231,0.8993,29.0527,-28.5645,-59.9365,0.9451,,
DATA,A003,2,15,814390,-0.1505,-0.2128,0.9222,37.0483,-33.6914,-61.8896,0.9584,,
DATA,A003,2,16,814400,-0.1737,-0.2153,0.9222,41.1987,-39.1846,-66.2842,0.9628,,
DATA,A003,2,17,814410,-0.1632,-0.1708,0.9222,44.6167,-53.6499,-66.0400,0.9520,,
DATA,A003,2,18,814420,-0.1551,-0.1354,0.9071,44.7998,-62.2559,-63.4766,0.9302,,
DATA,A003,2,19,814430,-0.1498,-0.1115,0.8822,42.5415,-74.0967,-58.8989,0.9017,,
DATA,A003,2,20,814440,-0.1185,-0.0895,0.8588,40.5273,-78.1860,-56.0303,0.8715,,
DATA,A003,2,21,814450,-0.0387,-0.0986,0.8553,36.4380,-79.2236,-53.6499,0.8619,,
DATA,A003,2,22,814460,0.0045,-0.1398,0.8390,36.0107,-75.0122,-56.5796,0.8506,,
DATA,A003,2,23,814470,0.0814,-0.1061,0.7985,36.8652,-66.3452,-67.5049,0.8096,,
DATA,A003,2,24,814480,0.0621,-0.0886,0.7906,45.1050,-74.1577,-73.1812,0.7980,,
DATA,A003,2,25,814490,0.3610,0.0088,0.7430,37.3535,-73.7915,-33.7524,0.8261,,
DATA,A003,2,26,814500,0.9122,0.5728,0.9064,2.8687,-35.0952,10.5591,1.4078,,
DATA,A003,2,27,814510,0.6264,-0.1130,0.5563,-49.2554,37.0483,5.9204,0.8453,,
DATA,A003,2,28,814520,0.4105,-0.3862,0.4835,16.6016,108.4595,22.3999,0.7426,,
DATA,A003,2,29,814530,0.3861,-0.2231,0.4545,72.9370,127.0142,57.9834,0.6367,,
DATA,A003,2,30,814540,0.3412,0.1717,0.5035,118.8354,157.1045,124.2676,0.6320,,
DATA,A003,2,31,814550,0.3849,0.4249,0.5624,117.3706,182.2510,154.5410,0.8031,,
DATA,A003,2,32,814560,0.1876,0.4988,0.6305,99.4873,241.2720,186.6455,0.8256,,
DATA,A003,2,33,814570,0.0814,0.5250,0.6219,95.5811,273.4375,176.8799,0.8179,,
DATA,A003,2,34,814580,-0.0848,0.5838,0.6556,91.9800,290.2832,195.1904,0.8820,,
DATA,A003,2,35,814590,-0.1937,0.6490,0.6603,88.2568,294.1284,216.8579,0.9459,,
DATA,A003,2,36,814600,-0.3497,0.7706,0.6759,77.8198,299.1333,236.3281,1.0830,,
DATA,A003,2,37,814610,-0.4728,0.8592,0.6988,68.2373,305.2368,244.1406,1.2042,,
DATA,A003,2,38,814620,-0.6595,0.9988,0.7176,52.6733,317.3828,253.9062,1.3956,,
DATA,A003,2,39,814630,-0.7882,1.0879,0.7235,41.8701,325.9888,260.4370,1.5259,,
DATA,A003,2,40,814640,-0.9659,1.2137,0.7342,19.7754,332.9468,276.9775,1.7161,,
DATA,A003,2,41,814650,-1.0792,1.2547,0.7611,10.8643,332.8857,261.8408,1.8216,,
DATA,A003,2,42,814660,-1.1705,1.2525,0.6866,-15.9912,333.1909,253.2959,1.8467,,
DATA,A003,2,43,814670,-1.2076,1.1856,0.5611,-32.1655,329.2236,249.5117,1.7830,,
DATA,A003,2,44,814680,-1.2208,1.0899,0.3658,-43.5181,327.9419,242.0654,1.6769,,
DATA,A003,2,45,814690,-1.2535,1.0623,0.2853,-46.0815,325.6836,242.2485,1.6677,,
DATA,A003,2,46,814700,-1.4991,1.1219,0.3724,-39.2456,303.0396,243.4692,1.9091,,
DATA,A003,2,47,814710,-1.7054,1.2498,0.5333,-33.3862,273.6816,238.7695,2.1806,,
DATA,A003,2,48,814720,-1.8871,1.4905,0.7757,-40.8936,213.2568,231.7505,2.5268,,
DATA,A003,2,49,814730,-1.8971,1.5469,0.9349,-54.2603,158.4473,232.2998,2.6203,,
DATA,A003,2,50,814740,-1.7682,1.4446,1.1188,-67.9321,85.0830,229.4922,2.5426,,
DATA,A003,2,51,814750,-1.6026,1.3519,1.1835,-67.9932,55.6641,227.1118,2.4076,,
DATA,A003,2,52,814760,-1.4042,1.2581,1.1588,-70.0684,52.7954,221.8628,2.2130,,
DATA,A003,2,53,814770,-1.3346,1.1868,1.1088,-74.7681,62.6221,216.7969,2.1021,,
DATA,A003,2,54,814780,-1.2479,1.0618,1.0240,-80.1392,79.1016,205.2612,1.9322,,
DATA,A003,2,55,814790,-1.2201,0.9810,0.9957,-80.9326,86.9141,196.1670,1.8554,,
DATA,A003,2,56,814800,-1.1898,0.8726,0.9271,-84.9609,95.2759,180.1758,1.7426,,
DATA,A003,2,57,814810,-1.1539,0.7847,0.8717,-90.6372,98.9380,170.4712,1.6453,,
DATA,A003,2,58,814820,-1.0465,0.6436,0.7548,-100.8911,102.1729,157.5928,1.4419,,
DATA,A003,2,59,814830,-0.9239,0.5347,0.6717,-106.9336,104.4312,149.7803,1.2613,,
DATA,A003,2,60,814840,-0.7594,0.4210,0.6400,-110.3516,103.8818,145.0806,1.0786,,
DATA,A003,2,61,814850,-0.5480,0.2474,0.5826,-113.4033,100.0977,146.8506,0.8372,,
DATA,A003,2,62,814860,-0.4408,0.1209,0.5116,-118.2861,96.8628,147.8882,0.6860,,
DATA,A003,2,63,814870,-0.3783,-0.1257,0.4161,-125.7324,98.6938,148.0713,0.5762,,
DATA,A003,2,64,814880,-0.3758,-0.3185,0.3793,-124.1455,101.3794,146.3623,0.6217,,
DATA,A003,2,65,814890,-0.3778,-0.6135,0.3671,-102.9663,103.8208,139.4653,0.8086,,
DATA,A003,2,66,814900,-0.3868,-0.7670,0.3924,-75.8057,103.4546,134.4604,0.9445,,
DATA,A003,2,67,814910,-0.4044,-0.8283,0.5074,-22.6440,100.3418,125.0610,1.0522,,
DATA,A003,2,68,814920,-0.4469,-0.7402,0.6456,13.1226,99.9146,117.5537,1.0791,,
DATA,A003,2,69,814930,-0.5736,-0.4775,0.8387,50.1099,109.5581,99.5483,1.1227,,
DATA,A003,2,70,814940,-0.7418,-0.3173,0.9615,58.1665,113.8916,82.6416,1.2552,,
DATA,A003,2,71,814950,-1.0550,-0.2099,1.0275,44.9219,109.1919,50.8423,1.4876,,
DATA,A003,2,72,814960,-1.2948,-0.2834,0.9320,16.6016,87.7075,30.5786,1.6203,,
DATA,A003,2,73,814970,-1.6864,-0.5932,0.6593,-34.5459,26.1230,-4.4556,1.9054,,
DATA,A003,2,74,814980,-1.9498,-0.8483,0.5426,-55.3589,-33.2642,-36.9873,2.1945,,
DATA,A003,2,75,814990,-2.3109,-0.9848,0.3846,-54.5654,-123.7793,-96.4966,2.5413,,
DATA,A003,2,76,815000,-2.3910,-0.8342,0.3263,-43.9453,-160.5835,-145.3247,2.5532,,
DATA,A003,2,77,815010,-2.2306,-0.4233,0.3817,-31.0669,-190.6738,-220.2759,2.3022,,
DATA,A003,2,78,815020,-2.1085,-0.1728,0.4310,-41.5039,-192.8101,-261.1694,2.1590,,
DATA,A003,2,79,815030,-2.0909,0.0960,0.5846,-71.2280,-185.6079,-316.8335,2.1732,,
DATA,A003,2,80,815040,-2.2059,0.3399,0.6725,-78.2471,-167.2974,-351.1353,2.3311,,
DATA,A003,2,81,815050,-2.5106,0.9017,0.8165,-65.1245,-138.1226,-387.2681,2.7898,,
DATA,A003,2,82,815060,-2.6630,1.3668,0.9088,-57.1289,-131.5308,-404.4189,3.1281,,
DATA,A003,2,83,815070,-2.6839,1.9976,0.9056,-65.3687,-140.2588,-412.5977,3.4662,,
DATA,A003,2,84,815080,-2.5282,2.3233,0.8480,-75.2563,-164.6729,-410.2173,3.5367,,
DATA,A003,2,85,815090,-2.1669,2.6690,0.7948,-75.4395,-192.9321,-382.6904,3.5285,,
DATA,A003,2,86,815100,-1.8368,2.7674,0.8346,-83.4351,-193.4814,-362.3047,3.4247,,
DATA,A003,2,87,815110,-1.4147,2.5389,0.8470,-114.6240,-160.5225,-331.9092,3.0273,,
DATA,A003,2,88,815120,-1.2193,2.1934,0.7423,-129.7607,-123.0469,-315.0024,2.6170,,
DATA,A003,2,89,815130,-0.9977,1.7701,0.5189,-119.1406,-73.4863,-292.6636,2.0971,,
DATA,A003,2,90,815140,-0.8314,1.6185,0.3993,-96.2524,-42.1753,-278.3813,1.8628,,
DATA,A003,2,91,815150,-0.5736,1.4691,0.2760,-65.9790,4.3335,-251.3428,1.6010,,
DATA,A003,2,92,815160,-0.4410,1.3328,0.2379,-50.8423,29.7241,-230.4688,1.4239,,
DATA,A003,2,93,815170,-0.2992,1.0994,0.2128,-27.9541,54.7485,-200.8667,1.1591,,
DATA,A003,2,94,815180,-0.2381,0.9617,0.2162,-12.6953,63.6597,-184.4482,1.0141,,
DATA,A003,2,95,815190,-0.1915,0.8392,0.2035,-1.6479,67.9321,-169.4946,0.8845,,
DATA,A003,2,96,815200,-0.1258,0.6636,0.1832,8.1787,69.0918,-146.9116,0.6999,,
DATA,A003,2,97,815210,-0.1019,0.5613,0.1752,13.8550,66.6504,-130.9204,0.5968,,
DATA,A003,2,98,815220,-0.0594,0.4517,0.1608,25.9399,64.6973,-106.0181,0.4831,,
DATA,A003,2,99,815230,-0.0162,0.4171,0.1407,35.0952,62.2559,-88.8672,0.4405,,
DATA,A003,2,100,815240,0.0382,0.4078,0.1280,46.3257,56.2744,-61.9507,0.4291,,
DATA,A003,2,101,815250,0.0724,0.4202,0.1236,49.1943,55.3589,-46.2646,0.4440,,
DATA,A003,2,102,815260,0.1305,0.4432,0.1058,46.3867,60.2417,-27.7100,0.4740,,
DATA,A003,2,103,815270,0.1850,0.4468,0.0912,43.0298,67.0166,-18.9819,0.4921,,
DATA,A003,2,104,815280,0.2687,0.4498,0.0775,40.2222,81.3599,-10.1318,0.5296,,
DATA,A003,2,105,815290,0.3126,0.4676,0.0331,40.1001,92.4683,-4.9438,0.5634,,
DATA,A003,2,106,815300,0.3517,0.4886,-0.0014,39.9780,114.3799,2.3193,0.6020,,
DATA,A003,2,107,815310,0.3588,0.5047,0.0094,39.8560,127.8687,7.3242,0.6193,,
DATA,A003,2,108,815320,0.3063,0.5335,0.0453,39.1235,140.6250,18.7988,0.6168,,
DATA,A003,2,109,815330,0.2399,0.5508,0.0692,36.4380,142.5781,27.8931,0.6048,,
DATA,A003,2,110,815340,0.1381,0.5882,0.1376,29.9683,133.7891,37.3535,0.6196,,
DATA,A003,2,111,815350,0.0509,0.6192,0.2230,25.2686,123.4131,40.5884,0.6601,,
DATA,A003,2,112,815360,-0.0553,0.6954,0.3981,19.1650,110.6567,41.3818,0.8032,,
DATA,A003,2,113,815370,-0.1627,0.7640,0.4064,13.9771,104.9805,45.6543,0.8805,,
DATA,A003,2,114,815380,-0.4059,0.8611,0.3844,5.4932,116.8213,51.7578,1.0267,,
DATA,A003,2,115,815390,-0.5638,0.9539,0.4567,11.5356,139.7095,44.3726,1.1985,,
DATA,A003,2,116,815400,-0.8793,1.1236,0.5199,29.6021,175.4761,51.7578,1.5185,,
DATA,A003,2,117,815410,-1.2325,1.2298,0.7015,40.7715,183.5938,70.1294,1.8771,,
DATA,A003,2,118,815420,-1.7711,1.4107,1.0382,42.0532,184.3872,103.4546,2.4909,,
DATA,A003,2,119,815430,-1.9950,1.4903,1.1637,33.2031,167.6025,124.7559,2.7487,,
DATA,A003,2,120,815440,-2.1490,1.4974,1.2587,17.5781,107.2388,153.9917,2.9060,,
DATA,A003,2,121,815450,-2.1974,1.4600,1.3028,7.6294,69.0308,171.3257,2.9424,,
DATA,A003,2,122,815460,-2.1874,1.3589,1.2408,-15.9912,31.0059,192.3218,2.8585,,
DATA,A003,2,123,815470,-2.1241,1.2237,1.1295,-35.6445,15.4419,200.8057,2.6991,,
DATA,A003,2,124,815480,-1.9564,0.9290,0.9149,-59.7534,-13.8550,207.3364,2.3511,,
DATA,A003,2,125,815490,-1.7731,0.7320,0.7838,-68.3594,-33.2031,208.3740,2.0722,,
DATA,A003,2,126,815500,-1.3924,0.4717,0.6005,-72.1436,-48.7671,206.2378,1.5881,,
DATA,A003,2,127,815510,-1.1205,0.3323,0.5008,-68.8477,-43.0298,205.6274,1.2715,,
DATA,A003,2,128,815520,-0.8780,0.2161,0.4103,-62.6221,-18.4326,207.8857,0.9930,,
DATA,A003,2,129,815530,-0.6002,0.0606,0.2848,-52.0020,43.8232,218.5669,0.6671,,
DATA,A003,2,130,815540,-0.4801,-0.0444,0.2272,-45.5933,94.0552,229.7363,0.5330,,
DATA,A003,2,131,815550,-0.5384,-0.1433,0.2303,-34.5459,164.4287,242.6758,0.6029,,
DATA,A003,2,132,815560,-0.7377,-0.1350,0.3194,-25.0854,216.9800,241.2109,0.8151,,
DATA,A003,2,133,815570,-0.9957,-0.0158,0.3751,-13.6108,284.6069,222.2290,1.0641,,
DATA,A003,2,134,815580,-1.0497,0.0962,0.3929,-16.7236,299.6826,209.5337,1.1249,,
DATA,A003,2,135,815590,-1.1573,0.1138,0.3177,-52.5513,302.3682,194.5190,1.2055,,
DATA,A003,2,136,815600,-1.1522,-0.0131,0.3348,-88.7451,301.9409,178.1006,1.1999,,
DATA,A003,2,137,815610,-1.2325,-0.4204,0.3570,-123.4741,268.2495,155.6396,1.3503,,
DATA,A003,2,138,815620,-1.2142,-0.6896,0.4369,-141.4795,249.7559,136.7188,1.4631,,
DATA,A003,2,139,815630,-1.2154,-1.0778,0.4559,-171.3257,205.4443,95.7642,1.6873,,
DATA,A003,2,140,815640,-1.1522,-1.2988,0.4381,-175.0488,171.8140,62.3779,1.7906,,
DATA,A003,2,141,815650,-1.0719,-1.4167,0.4664,-137.8174,122.9858,13.3057,1.8367,,
DATA,A003,2,142,815660,-0.9852,-1.3327,0.4950,-101.4404,97.0459,-18.8599,1.7297,,
DATA,A003,2,143,815670,-1.0028,-1.1269,0.5546,-68.9697,72.7539,-65.3687,1.6072,,
DATA,A003,2,144,815680,-1.1146,-1.0361,0.5655,-61.5234,59.3872,-96.7407,1.6235,,
DATA,A003,2,145,815690,-1.2760,-0.9570,0.5243,-50.0488,31.3721,-144.8975,1.6789,,
DATA,A003,2,146,815700,-1.3666,-0.8942,0.5079,-37.9639,4.1504,-176.2695,1.7103,,
DATA,A003,2,147,815710,-1.4313,-0.7004,0.3409,-15.8081,-35.7056,-223.9990,1.6295,,
DATA,A003,2,148,815720,-1.5992,-0.5056,0.2828,3.8452,-56.5186,-248.9014,1.7009,,
DATA,A003,2,149,815730,-1.8985,-0.1398,0.2648,40.5273,-48.8281,-283.2031,1.9220,,
DATA,A003,2,150,815740,-2.0956,0.1097,0.2667,65.0024,-30.6396,-301.5137,2.1153,,
DATA,A003,2,151,815750,-2.3395,0.5023,0.2921,96.3745,-15.4419,-307.9834,2.4105,,
DATA,A003,2,152,815760,-2.5043,0.8087,0.3358,116.5161,-22.1558,-301.5137,2.6529,,
DATA,A003,2,153,815770,-2.9344,1.3243,0.3136,126.4648,-73.1812,-271.4844,3.2346,,
DATA,A003,2,154,815780,-3.1046,1.6766,0.2601,121.7651,-97.4731,-252.9297,3.5380,,
DATA,A003,2,155,815790,-2.8241,2.2437,0.0602,116.8213,-109.5581,-225.7080,3.6074,,
DATA,A003,2,156,815800,-2.3275,2.4617,-0.0172,107.2998,-120.7275,-195.8618,3.3879,,
DATA,A003,2,157,815810,-1.5375,2.1182,-0.0397,55.9692,-103.6377,-161.9263,2.6177,,
DATA,A003,2,158,815820,-1.1251,1.5855,-0.0304,12.3291,-89.8438,-149.9634,1.9444,,
DATA,A003,2,159,815830,-0.7184,0.8648,0.0040,-1.1597,-61.5234,-143.3105,1.1243,,
DATA,A003,2,160,815840,-0.5804,0.6092,0.0494,30.4565,-37.9028,-144.5312,0.8429,,
DATA,A003,2,161,815850,-0.5431,0.5994,0.1156,96.8628,12.0239,-143.7988,0.8171,,
DATA,A003,2,162,815860,-0.5961,0.7415,0.1412,125.1831,36.1328,-138.1836,0.9618,,
DATA,A003,2,163,815870,-0.6590,0.9131,0.1481,131.0425,40.1001,-128.4180,1.1358,,
DATA,A003,2,164,815880,-0.6346,1.0836,0.1134,106.0181,8.9111,-109.8633,1.2608,,
DATA,A003,2,165,815890,-0.5228,1.0989,0.0807,77.3926,-26.5503,-97.6562,1.2196,,
DATA,A003,2,166,815900,-0.3038,0.9898,0.0309,36.8652,-64.7583,-83.7402,1.0358,,
DATA,A003,2,167,815910,-0.1659,0.8882,-0.0014,17.0898,-73.6694,-78.6133,0.9036,,
DATA,A003,2,168,815920,0.0089,0.7259,-0.0482,-2.1362,-69.3970,-72.3877,0.7275,,
DATA,A003,2,169,815930,0.0988,0.6392,-0.0719,-10.6812,-59.1431,-70.1294,0.6508,,
DATA,A003,2,170,815940,0.1810,0.5386,-0.0858,-19.2871,-36.9263,-70.4956,0.5747,,
DATA,A003,2,171,815950,0.2238,0.4915,-0.0765,-22.5220,-14.4043,-73.0591,0.5455,,
DATA,A003,2,172,815960,0.2335,0.4595,-0.0377,-24.5361,19.6533,-77.9419,0.5168,,
DATA,A003,2,173,815970,0.1925,0.4595,0.0052,-24.7803,41.6870,-78.9795,0.4983,,
DATA,A003,2,174,815980,0.0800,0.4874,0.0756,-25.7568,65.9790,-75.0122,0.4996,,
DATA,A003,2,175,815990,-0.0467,0.5084,0.1366,-27.6489,70.7397,-71.1060,0.5285,,
DATA,A003,2,176,816000,-0.2355,0.5477,0.1971,-36.4380,67.0166,-66.9556,0.6279,,
DATA,A003,2,177,816010,-0.3326,0.5721,0.2272,-45.2271,57.0068,-65.3076,0.6997,,
DATA,A003,2,178,816020,-0.4950,0.6160,0.2945,-58.8379,27.8320,-59.5093,0.8434,,
DATA,A003,2,179,816030,-0.6188,0.6480,0.3180,-68.0542,11.7798,-48.2788,0.9507,,
DATA,A003,2,180,816040,-0.8160,0.6475,0.3131,-89.9658,0.3052,-17.4561,1.0878,,
DATA,A003,2,181,816050,-0.9701,0.6180,0.3299,-101.9897,4.2114,8.2397,1.1966,,
DATA,A003,2,182,816060,-1.1070,0.5071,0.3702,-110.1074,17.8833,53.8940,1.2727,,
DATA,A003,2,183,816070,-1.1476,0.3912,0.3944,-109.4360,21.7896,87.1582,1.2749,,
DATA,A003,2,184,816080,-1.3346,0.2181,0.4759,-104.3091,26.4282,128.5400,1.4336,,
DATA,A003,2,185,816090,-1.5306,0.1487,0.5887,-95.0317,42.7246,144.9585,1.6467,,
DATA,A003,2,186,816100,-1.5477,0.1673,0.6395,-68.7866,81.1157,163.8184,1.6830,,
DATA,A003,2,187,816110,-1.4635,0.2076,0.6144,-55.6641,93.9941,177.8564,1.6007,,
DATA,A003,2,188,816120,-1.3119,0.1282,0.4684,-62.3779,95.0317,188.2324,1.3989,,
DATA,A003,2,189,816130,-1.2235,-0.0317,0.3873,-77.0874,83.6182,186.1572,1.2837,,
DATA,A003,2,190,816140,-1.0836,-0.3239,0.3021,-86.7310,60.6079,174.1943,1.1706,,
DATA,A003,2,191,816150,-0.9950,-0.5078,0.2750,-77.0874,56.3965,165.5884,1.1504,,
DATA,A003,2,192,816160,-0.8861,-0.6999,0.2611,-43.7622,79.9561,157.7148,1.1590,,
DATA,A003,2,193,816170,-0.8741,-0.7504,0.2438,-16.2964,106.2622,155.1514,1.1776,,
DATA,A003,2,194,816180,-1.0919,-0.7348,0.2462,22.0337,149.8413,144.5923,1.3390,,
DATA,A003,2,195,816190,-1.2518,-0.6725,0.2831,42.4194,166.3818,133.5449,1.4490,,
DATA,A003,2,196,816200,-1.4811,-0.5727,0.3395,54.8096,152.7710,118.5913,1.6238,,
DATA,A003,2,197,816210,-1.4942,-0.4965,0.3414,47.5464,99.7925,90.8203,1.6112,,
DATA,A003,2,198,816220,-1.3912,-0.5507,0.3378,33.8745,54.9316,75.6836,1.5339,,
DATA,A003,2,199,816230,-1.1649,-0.7871,0.1705,13.3057,-6.1035,51.2085,1.4162,,
DATA,A003,2,200,816240,-1.0941,-1.0139,0.0690,9.7656,-31.6162,31.6162,1.4932,,
DATA,A003,2,201,816250,-1.0741,-1.3513,0.0055,34.0576,-48.3398,-4.5166,1.7261,,
DATA,A003,2,202,816260,-1.0963,-1.5078,-0.0614,65.2466,-43.0298,-30.7007,1.8652,,
DATA,A003,2,203,816270,-1.1454,-1.5192,-0.0978,114.0137,-31.4941,-69.7021,1.9051,,
DATA,A003,2,204,816280,-1.1456,-1.3683,-0.1051,142.5781,-23.8037,-99.1821,1.7877,,
DATA,A003,2,205,816290,-1.1146,-1.0805,-0.0617,175.1099,-20.0806,-133.6670,1.5536,,
DATA,A003,2,206,816300,-1.0704,-0.9096,0.0939,188.3545,-25.6958,-154.7852,1.4078,,
DATA,A003,2,207,816310,-0.9974,-0.7560,0.3309,181.9458,-32.8979,-180.1147,1.2946,,
DATA,A003,2,208,816320,-1.0687,-0.7766,0.4786,166.5649,-35.2783,-188.4766,1.4051,,
DATA,A003,2,209,816330,-1.3519,-0.8002,0.6529,153.0762,-16.3574,-205.2002,1.7013,,
DATA,A003,2,210,816340,-1.6966,-0.6811,0.7599,160.3394,12.0239,-220.8862,1.9799,,
DATA,A003,2,211,816350,-2.2906,-0.1733,0.7931,172.2412,39.4897,-232.9712,2.4302,,
DATA,A003,2,212,816360,-2.6703,0.2161,0.6705,159.7290,36.4990,-231.1401,2.7616,,
DATA,A003,2,213,816370,-3.1324,0.7029,0.4337,122.5586,-23.3154,-232.7271,3.2395,,
DATA,A003,2,214,816380,-3.2054,0.9249,0.1986,91.5527,-75.4395,-239.0137,3.3421,,
DATA,A003,2,215,816390,-2.9703,1.1150,-0.0746,52.9785,-145.6909,-239.4409,3.1736,,
DATA,A003,2,216,816400,-2.5948,1.1883,-0.0719,35.5835,-175.9033,-230.8350,2.8549,,
DATA,A003,2,217,816410,-1.9991,1.4083,-0.0123,21.7896,-155.0293,-214.7827,2.4454,,
DATA,A003,2,218,816420,-1.6246,1.6370,0.0289,18.7988,-105.9570,-200.5005,2.3065,,
DATA,A003,2,219,816430,-1.1642,1.8553,0.0333,-5.5542,-13.7329,-164.5508,2.1905,,
DATA,A003,2,220,816440,-0.9242,1.7520,-0.0209,-37.4756,48.2788,-139.2212,1.9809,,
DATA,A003,2,221,816450,-0.6556,1.2283,-0.1234,-88.6841,130.6152,-107.3608,1.3978,,
DATA,A003,2,222,816460,-0.5602,0.8248,-0.1769,-103.0884,178.8330,-88.7451,1.0126,,
DATA,A003,2,223,816470,-0.5148,0.3455,-0.1947,-81.4209,237.6099,-70.5566,0.6498,,
DATA,A003,2,224,816480,-0.5367,0.1746,-0.1788,-48.6450,262.7563,-63.9648,0.5921,,
DATA,A003,2,225,816490,-0.6053,0.0975,-0.1181,0.9766,268.3105,-55.7861,0.6244,,
DATA,A003,2,226,816500,-0.6437,0.1280,-0.0375,25.2686,253.2349,-49.2554,0.6573,,
DATA,A003,2,227,816510,-0.6578,0.2532,0.0577,42.4194,211.2427,-36.5601,0.7072,,
DATA,A003,2,228,816520,-0.6293,0.3499,0.0961,43.5791,172.4854,-25.9399,0.7264,,
DATA,A003,2,229,816530,-0.5323,0.4398,0.1024,37.1704,104.6143,-6.1035,0.6980,,
DATA,A003,2,230,816540,-0.4608,0.4578,0.0956,30.5786,62.8052,7.9956,0.6566,,
DATA,A003,2,231,816550,-0.3878,0.4371,0.0956,25.6348,26.0010,19.8364,0.5921,,
DATA,A003,2,232,816560,-0.3129,0.4083,0.1127,27.1606,-20.5688,32.5317,0.5265,,
DATA,A003,2,233,816570,-0.2809,0.4114,0.1088,29.9072,-44.9829,38.1470,0.5099,,
DATA,A003,2,234,816580,-0.2259,0.4488,0.1075,34.6069,-72.5098,39.3066,0.5138,,
DATA,A003,2,235,816590,-0.1886,0.4927,0.0917,37.4756,-85.2051,36.3770,0.5355,,
DATA,A003,2,236,816600,-0.1068,0.5584,0.0470,41.8701,-93.8110,31.0669,0.5705,,
DATA,A003,2,237,816610,-0.0448,0.5950,0.0445,45.7153,-93.0786,27.4658,0.5984,,
DATA,A003,2,238,816620,0.0451,0.6485,0.0770,51.1475,-77.4536,23.2544,0.6546,,
DATA,A003,2,239,816630,0.0695,0.6846,0.1102,54.8706,-60.3638,21.4844,0.6969,,
DATA,A003,2,240,816640,0.0172,0.7198,0.1617,58.7158,-33.0200,19.2261,0.7379,,
DATA,A003,2,241,816650,-0.0875,0.7335,0.2308,60.9131,-15.3198,18.2495,0.7739,,
DATA,A003,2,242,816660,-0.3678,0.7689,0.3353,59.5703,4.2725,14.5874,0.9159,,
DATA,A003,2,243,816670,-0.5821,0.7930,0.3683,54.5044,16.6016,6.2256,1.0504,,
DATA,A003,2,244,816680,-0.7494,0.8030,0.3900,44.4946,31.7383,-6.7139,1.1656,,
DATA,A003,2,245,816690,-0.8619,0.7938,0.4110,36.9263,32.7148,-9.3994,1.2417,,
DATA,A003,2,246,816700,-1.0536,0.7381,0.4247,21.9727,39.2456,-4.8828,1.3547,,
DATA,A003,2,247,816710,-1.2381,0.6932,0.4515,11.9019,44.4946,8.9111,1.4891,,
DATA,A003,2,248,816720,-1.5919,0.6529,0.5348,-6.0425,54.2603,45.1050,1.8018,,
DATA,A003,2,249,816730,-1.8065,0.5911,0.5646,-24.1089,52.0630,81.6650,1.9828,,
DATA,A003,2,250,816740,-2.1632,0.4293,0.5104,-58.1055,15.0146,140.6860,2.2637,,
DATA,A003,2,251,816750,-2.5326,0.3206,0.3883,-80.6885,-21.1182,169.1895,2.5822,,
DATA,A003,2,252,816760,-2.8927,0.2635,0.2613,-90.5151,-65.4907,196.8384,2.9164,,
DATA,A003,2,253,816770,-2.9147,0.3821,0.2987,-73.1812,-84.1064,211.2427,2.9547,,
DATA,A003,2,254,816780,-2.7233,0.6136,0.4755,-54.5654,-111.2671,228.5767,2.8317,,
DATA,A003,2,255,816790,-2.5155,0.6055,0.6070,-73.1201,-143.8599,236.3281,2.6576,,
DATA,A003,2,256,816800,-2.1478,0.2906,0.7589,-122.0093,-184.3262,242.6147,2.2964,,
DATA,A003,2,257,816810,-1.8351,0.0374,0.8256,-139.0991,-200.3784,237.5488,2.0126,,
DATA,A003,2,258,816820,-1.3473,-0.1633,0.8124,-126.8311,-187.3169,232.7271,1.5817,,
DATA,A003,2,259,816830,-1.0443,-0.1872,0.7252,-111.1450,-160.8887,236.0840,1.2851,,
DATA,A003,2,260,816840,-0.7037,-0.1945,0.5975,-95.1538,-105.9570,248.1079,0.9435,,
DATA,A003,2,261,816850,-0.5560,-0.2285,0.5267,-93.7500,-61.4014,256.1035,0.7992,,
DATA,A003,2,262,816860,-0.4405,-0.3207,0.4344,-97.0459,6.2866,262.7563,0.6969,,
DATA,A003,2,263,816870,-0.4359,-0.3898,0.3917,-98.0835,46.5698,264.1602,0.7039,,
DATA,A003,2,264,816880,-0.4962,-0.4684,0.3556,-95.5811,90.2710,260.9863,0.7695,,
DATA,A003,2,265,816890,-0.5831,-0.5073,0.3470,-93.4448,105.3467,256.1646,0.8472,,
DATA,A003,2,266,816900,-0.7279,-0.5998,0.4005,-93.4448,108.8867,239.5630,1.0247,,
DATA,A003,2,267,816910,-0.8378,-0.6621,0.4447,-93.6279,101.1963,223.0225,1.1567,,
DATA,A003,2,268,816920,-0.9088,-0.7263,0.4579,-93.6890,88.2568,201.5991,1.2502,,
DATA,A003,2,269,816930,-0.9391,-0.8842,0.4261,-91.3086,51.9409,158.6304,1.3584,,
DATA,A003,2,270,816940,-0.9640,-1.0131,0.4291,-86.6699,19.5312,128.1128,1.4628,,
DATA,A003,2,271,816950,-0.9691,-1.1481,0.4535,-74.2188,-21.6675,81.2378,1.5694,,
DATA,A003,2,272,816960,-0.9886,-1.1603,0.4071,-64.6973,-41.2598,50.2930,1.5778,,
DATA,A003,2,273,816970,-1.1017,-1.1257,0.2682,-49.6826,-62.2559,6.6528,1.5977,,
DATA,A003,2,274,816980,-1.2289,-1.0873,0.2218,-39.6118,-74.9512,-24.8413,1.6558,,
DATA,A003,2,275,816990,-1.4239,-0.9623,0.2220,-26.3672,-98.2666,-70.7397,1.7329,,
DATA,A003,2,276,817000,-1.5184,-0.8234,0.2618,-20.6909,-114.3188,-100.0366,1.7471,,
DATA,A003,2,277,817010,-1.5734,-0.5820,0.3175,-20.5688,-130.6152,-147.8271,1.7073,,
DATA,A003,2,278,817020,-1.6275,-0.4482,0.2572,-29.6631,-136.2915,-177.9785,1.7076,,
DATA,A003,2,279,817030,-1.7753,-0.3107,0.2750,-42.5415,-128.4180,-224.6704,1.8231,,
DATA,A003,2,280,817040,-2.0130,-0.1511,0.3331,-40.2222,-116.0889,-251.5869,2.0460,,
DATA,A003,2,281,817050,-2.3529,0.2044,0.4205,-27.3438,-81.8481,-278.6255,2.3989,,
DATA,A003,2,282,817060,-2.5314,0.4671,0.4249,-20.0806,-76.2329,-285.1562,2.6089,,
DATA,A003,2,283,817070,-2.7313,0.7889,0.4825,-15.1978,-93.6279,-280.4565,2.8836,,
DATA,A003,2,284,817080,-2.8053,0.9598,0.5358,-11.4746,-106.2012,-274.0479,3.0129,,
DATA,A003,2,285,817090,-2.7159,1.1905,0.5572,-0.7935,-106.0791,-260.4370,3.0173,,
DATA,A003,2,286,817100,-2.5094,1.3668,0.5563,10.6812,-92.1021,-250.0610,2.9111,,
DATA,A003,2,287,817110,-2.0536,1.5718,0.5553,24.5361,-52.0630,-233.7646,2.6450,,
DATA,A003,2,288,817120,-1.7523,1.5384,0.5428,23.0713,-17.3340,-223.0835,2.3941,,
DATA,A003,2,289,817130,-1.3463,1.1546,0.5257,6.7139,34.1797,-217.7734,1.8499,,
DATA,A003,2,290,817140,-1.1427,0.8240,0.5272,1.9531,63.5986,-219.9707,1.5042,,
DATA,A003,2,291,817150,-0.9264,0.4610,0.4950,17.6392,98.7549,-224.4873,1.1470,,
DATA,A003,2,292,817160,-0.8334,0.3475,0.4728,39.5508,120.6665,-224.5483,1.0192,,
DATA,A003,2,293,817170,-0.8155,0.3589,0.4589,70.7397,133.0566,-217.2852,1.0022,,
DATA,A003,2,294,817180,-0.8153,0.4263,0.4442,80.9326,126.8921,-209.8999,1.0217,,
DATA,A003,2,295,817190,-0.7713,0.5211,0.4044,75.4395,100.7080,-200.3174,1.0149,,
DATA,A003,2,296,817200,-0.7098,0.5557,0.3444,61.7065,73.3643,-194.2139,0.9650,,
DATA,A003,2,297,817210,-0.5399,0.5491,0.2176,40.7104,39.3066,-187.2559,0.8003,,
DATA,A003,2,298,817220,-0.4191,0.5264,0.1381,34.4238,21.0571,-183.3496,0.6869,,
DATA,A003,2,299,817230,-0.2919,0.5169,0.0607,33.8745,11.7188,-179.8706,0.5967,,
DATA,A003,2,300,817240,-0.1337,0.5291,-0.0050,38.6353,8.7280,-177.4292,0.5458,,
DATA,A003,2,301,817250,-0.0431,0.5433,-0.0285,40.2832,10.6201,-178.4668,0.5457,,
DATA,A003,2,302,817260,0.0702,0.5613,-0.0106,39.5508,23.1323,-183.8989,0.5658,,
DATA,A003,2,303,817270,0.1300,0.5723,0.0272,37.3535,33.8135,-187.9272,0.5875,,
DATA,A003,2,304,817280,0.2013,0.5733,0.0878,31.3721,56.3354,-191.7725,0.6139,,
DATA,A003,2,305,817290,0.2157,0.5572,0.1207,26.0010,70.6177,-192.1997,0.6096,,
DATA,A003,2,306,817300,0.2025,0.5206,0.1378,17.0288,90.8203,-190.3076,0.5753,,
DATA,A003,2,307,817310,0.1718,0.4847,0.1385,10.8032,100.5859,-187.6221,0.5326,,
DATA,A003,2,308,817320,0.1080,0.4107,0.1268,5.4321,110.4736,-182.3120,0.4432,,
DATA,A003,2,309,817330,0.0536,0.3672,0.1195,7.1411,112.6709,-178.8330,0.3899,,
DATA,A003,2,310,817340,-0.0494,0.3187,0.1232,15.8691,111.6943,-172.9736,0.3452,,
DATA,A003,2,311,817350,-0.1078,0.2940,0.1852,24.2920,107.4219,-167.6636,0.3638,,
DATA,A003,2,312,817360,-0.2579,0.2073,0.2596,30.2124,102.8442,-146.7896,0.4206,,
DATA,A003,2,313,817370,-0.4159,0.0753,0.2926,25.7568,108.0322,-121.5210,0.5140,,
DATA,A003,2,314,817380,-0.8072,-0.1176,0.4217,29.4800,125.6714,-78.3691,0.9183,,
DATA,A003,2,315,817390,-1.1088,-0.1640,0.5319,48.9502,145.8740,-47.5464,1.2406,,
DATA,A003,2,316,817400,-1.5958,-0.0815,0.6886,85.3271,156.4331,2.5635,1.7399,,
DATA,A003,2,317,817410,-2.0192,0.0452,0.7870,97.5342,144.0430,34.0576,2.1676,,
DATA,A003,2,318,817420,-2.4786,0.2320,0.7787,92.9565,103.0273,60.4248,2.6084,,
DATA,A003,2,319,817430,-2.5524,0.3155,0.7367,86.6089,63.1104,75.6836,2.6752,,
DATA,A003,2,320,817440,-2.3824,0.4786,0.7877,88.8672,13.6719,83.9844,2.5545,,
DATA,A003,2,321,817450,-2.1498,0.5784,0.7977,85.9985,-11.9629,73.4863,2.3648,,
DATA,A003,2,322,817460,-1.7115,0.5140,0.7782,58.1055,-30.8838,55.9082,1.9491,,
DATA,A003,2,323,817470,-1.4508,0.3267,0.7443,36.8652,-12.5732,51.5747,1.6630,,
DATA,A003,2,324,817480,-1.1380,0.0005,0.6752,30.6396,30.8228,56.6406,1.3233,,
DATA,A003,2,325,817490,-1.0443,-0.1533,0.6110,46.7529,62.6221,65.5518,1.2196,,
DATA,A003,2,326,817500,-1.0133,-0.2307,0.5189,83.2520,109.4360,79.8340,1.1616,,
DATA,A003,2,327,817510,-1.0213,-0.2084,0.4825,103.9429,131.6528,91.7358,1.1487,,
DATA,A003,2,328,817520,-1.0487,-0.1486,0.4269,117.9199,145.6909,116.2720,1.1420,,
DATA,A003,2,329,817530,-1.0797,-0.1664,0.4032,117.0654,148.4985,134.5825,1.1645,,
DATA,A003,2,330,817540,-1.1498,-0.2932,0.3507,107.2388,148.1323,162.0483,1.2373,,
DATA,A003,2,331,817550,-1.1932,-0.4204,0.2875,100.8911,145.1416,179.2603,1.2973,,
DATA,A003,2,332,817560,-1.2262,-0.5595,0.1722,98.3276,138.9160,195.6787,1.3588,,
DATA,A003,2,333,817570,-1.2728,-0.7722,-0.0231,100.6470,124.0845,215.4541,1.4889,,
DATA,A003,2,334,817580,-1.3119,-0.9096,-0.1332,109.3750,114.5020,220.3979,1.6019,,
DATA,A003,2,335,817590,-1.3273,-1.0424,-0.1366,146.0571,108.3984,205.1392,1.6932,,
DATA,A003,2,336,817600,-1.2811,-1.0512,0.0565,189.4531,100.6470,184.1431,1.6582,,
DATA,A003,2,337,817610,-1.1800,-0.8964,0.7001,274.1699,94.4824,146.4233,1.6390,,
DATA,A003,2,338,817620,-1.1224,-0.5400,1.0926,330.3833,88.7451,114.8071,1.6569,,
DATA,A003,2,339,817630,-1.1932,0.1749,1.0941,360.3516,51.5137,73.7305,1.6283,,
DATA,A003,2,340,817640,-1.2821,0.3765,0.8671,329.7729,-10.4370,49.1333,1.5929,,
DATA,A003,2,341,817650,-1.2486,0.1036,0.5340,253.6011,-135.8643,5.1880,1.3620,,
DATA,A003,2,342,817660,-1.0751,-0.2143,0.2950,218.1396,-219.4824,-22.3389,1.1352,,
DATA,A003,2,343,817670,-0.6166,-0.5768,-0.1998,211.5479,-266.1743,-75.1953,0.8677,,
DATA,A003,2,344,817680,-0.3321,-0.6767,-0.4686,234.6191,-249.3896,-117.6758,0.8876,,
DATA,A003,2,345,817690,-0.0658,-0.5107,-0.5582,293.8843,-170.7153,-165.6494,0.7594,,
DATA,A003,2,346,817700,-0.0167,-0.2380,-0.5490,317.3218,-92.6514,-181.5796,0.5986,,
DATA,A003,2,347,817710,-0.1200,0.0821,-0.5426,316.7114,31.2500,-192.0776,0.5617,,
DATA,A003,2,348,817720,-0.3028,0.1702,-0.5243,305.2368,94.6045,-197.9370,0.6290,,
DATA,A003,2,349,817730,-0.6874,0.1312,-0.5805,288.6353,166.5649,-199.2188,0.9092,,
DATA,A003,2,350,817740,-1.0585,0.0369,-0.7492,285.6445,189.5142,-178.2837,1.2973,,
DATA,A003,2,351,817750,-1.5436,-0.0661,-0.8495,307.0068,187.5000,-131.8970,1.7631,,
DATA,A003,2,352,817760,-1.8856,0.0076,-0.7465,312.5610,133.8501,-98.4497,2.0280,,
DATA,A003,2,353,817770,-2.4532,0.1949,-0.6307,263.2446,-39.9170,-40.1001,2.5405,,
DATA,A003,2,354,817780,-2.7196,0.3296,-0.6810,207.8247,-143.6768,-22.3999,2.8229,,
DATA,A003,2,355,817790,-2.5441,0.5142,-0.7565,152.0996,-196.3501,-42.2974,2.7035,,
DATA,A003,2,356,817800,-2.1131,0.6719,-0.7352,141.8457,-210.5103,-48.4009,2.3361,,
DATA,A003,2,357,817810,-1.5265,0.9432,-0.6068,133.0566,-216.1255,-35.6445,1.8942,,
DATA,A003,2,358,817820,-1.2037,1.0110,-0.4772,113.4644,-204.0405,-37.1094,1.6428,,
DATA,A003,2,359,817830,-0.8473,0.7869,-0.2836,67.6880,-165.4053,-62.8052,1.1906,,
DATA,A003,2,360,817840,-0.6615,0.5135,-0.2284,44.4946,-131.1035,-81.1157,0.8680,,
DATA,A003,2,361,817850,-0.4427,0.1087,-0.2030,43.4570,-57.3730,-96.3745,0.4990,,
DATA,A003,2,362,817860,-0.3512,-0.0795,-0.2037,64.1479,-2.3804,-99.3652,0.4137,,
DATA,A003,2,363,817870,-0.3258,-0.2141,-0.2208,103.7598,78.5522,-98.2056,0.4480,,
DATA,A003,2,364,817880,-0.3837,-0.2250,-0.2306,127.0752,119.1406,-96.3745,0.5010,,
DATA,A003,2,365,817890,-0.4984,-0.1403,-0.2538,153.9917,141.2964,-96.3745,0.5766,,
DATA,A003,2,366,817900,-0.5565,-0.0451,-0.2575,166.0767,130.1270,-96.4966,0.6148,,
DATA,A003,2,367,817910,-0.5616,0.0494,-0.2670,172.2412,107.8491,-94.8486,0.6238,,
DATA,A003,2,368,817920,-0.4940,0.1199,-0.2523,172.6685,70.2515,-89.2944,0.5675,,
DATA,A003,2,369,817930,-0.4213,0.1273,-0.2269,170.1050,47.2412,-86.4258,0.4951,,
DATA,A003,2,370,817940,-0.3392,0.1160,-0.1732,168.2739,25.5127,-83.8013,0.3982,,
DATA,A003,2,371,817950,-0.3258,0.1033,-0.1576,169.0063,21.4233,-80.2002,0.3764,,
DATA,A003,2,372,817960,-0.4386,0.0906,-0.1605,170.2881,25.2075,-70.6787,0.4758,,
DATA,A003,2,373,817970,-0.5790,0.0877,-0.1344,173.2178,34.0576,-66.7725,0.6008,,
DATA,A003,2,374,817980,-0.7850,0.1248,-0.0907,176.1475,49.8657,-65.4907,0.8000,,
DATA,A003,2,375,817990,-0.9486,0.1712,-0.0753,172.8516,54.1992,-61.3403,0.9669,,
DATA,A003,2,376,818000,-1.1800,0.2132,-0.0587,160.7666,55.2368,-55.5420,1.2006,,
DATA,A003,2,377,818010,-1.3426,0.2086,-0.0502,150.8179,47.0581,-49.0112,1.3597,,
DATA,A003,2,378,818020,-1.6339,0.1617,-0.0558,135.1318,19.0430,-35.0342,1.6428,,
DATA,A003,2,379,818030,-1.8234,0.1373,-0.0382,126.8921,-5.6763,-29.1138,1.8289,,
DATA,A003,2,380,818040,-1.9232,0.1475,-0.0094,120.1172,-43.7012,-25.1465,1.9289,,
DATA,A003,2,381,818050,-1.8512,0.1956,-0.0114,118.8965,-72.0215,-20.9351,1.8615,,
DATA,A003,2,382,818060,-1.6188,0.2347,0.0189,111.1450,-104.6753,-13.8550,1.6358,,
DATA,A003,2,383,818070,-1.4300,0.2269,0.0084,100.5249,-106.0181,-10.0708,1.4479,,
DATA,A003,2,384,818080,-1.2477,0.1417,-0.0258,84.7778,-77.4536,-5.1880,1.2559,,
DATA,A003,2,385,818090,-1.2159,0.0621,-0.0680,80.9326,-43.9453,-5.0659,1.2194,,
DATA,A003,2,386,818100,-1.2894,-0.0361,-0.1161,92.5903,10.4370,-7.4463,1.2951,,
DATA,A003,2,387,818110,-1.3443,-0.0522,-0.0856,107.1167,40.7104,-11.7188,1.3481,,
DATA,A003,2,388,818120,-1.3636,-0.0214,-0.0302,121.8262,64.4531,-20.9961,1.3641,,
DATA,A003,2,389,818130,-1.3299,-0.0219,-0.0031,121.9482,68.2373,-27.2217,1.3301,,
DATA,A003,2,390,818140,-1.3038,-0.1191,0.0626,113.7085,71.7773,-37.7808,1.3107,,
DATA,A003,2,391,818150,-1.3329,-0.2368,0.1302,109.3750,85.2051,-49.0723,1.3600,,
DATA,A003,2,392,818160,-1.5101,-0.4160,0.2157,112.4878,120.7275,-69.8853,1.5811,,
DATA,A003,2,393,818170,-1.7279,-0.5034,0.2657,122.1924,146.3623,-84.1064,1.8192,,
DATA,A003,2,394,818180,-2.1512,-0.5148,0.3734,144.7144,158.6304,-113.7695,2.2433,,
DATA,A003,2,395,818190,-2.3304,-0.4431,0.4215,157.5317,146.4844,-141.1133,2.4093,,
DATA,A003,2,396,818200,-2.3607,-0.3002,0.4833,163.0859,88.6841,-177.2461,2.4283,,
DATA,A003,2,397,818210,-2.2906,-0.2260,0.5262,151.1230,35.6445,-202.1484,2.3611,,
DATA,A003,2,398,818220,-1.8719,-0.2302,0.5941,113.7085,-35.9497,-244.2627,1.9774,,
DATA,A003,2,399,818230,-1.5585,-0.2643,0.6041,88.9282,-70.5566,-265.1367,1.6922,,
DATA,A003,2,400,818240,-1.2240,-0.3207,0.6005,69.3359,-86.7310,-280.7617,1.4006,,
DATA,A003,2,401,818250,-0.8165,-0.4284,0.5311,42.1143,-86.4258,-295.2881,1.0641,,
DATA,A003,2,402,818260,-0.5301,-0.5551,0.3768,13.1836,-66.4062,-306.9458,0.8551,,
DATA,A003,2,403,818270,-0.3287,-0.6406,0.2462,-3.5400,-45.1660,-308.3496,0.7609,,
DATA,A003,2,404,818280,-0.1808,-0.7163,0.1412,-8.8501,-18.7988,-304.3213,0.7521,,
DATA,A003,2,405,818290,0.0311,-0.7277,-0.0885,9.7046,15.8691,-290.7104,0.7337,,
DATA,A003,2,406,818300,0.0653,-0.6950,-0.2067,33.8745,42.5415,-280.7617,0.7280,,
DATA,A003,2,407,818310,-0.0563,-0.6376,-0.2557,70.5566,77.2095,-268.3105,0.6893,,
DATA,A003,2,408,818320,-0.1769,-0.6017,-0.2306,87.4023,85.9375,-261.2915,0.6683,,
DATA,A003,2,409,818330,-0.2811,-0.5803,-0.0116,97.2290,72.9980,-239.2578,0.6449,,
DATA,A003,2,410,818340,-0.3248,-0.5339,0.1000,92.5903,52.8564,-216.0645,0.6329,,
DATA,A003,2,411,818350,-0.2999,-0.4860,0.1407,70.1904,28.4424,-179.6265,0.5882,,
DATA,A003,2,412,818360,-0.2535,-0.4980,0.0719,61.2793,15.0146,-159.8511,0.5634,,
DATA,A003,2,413,818370,-0.0956,-0.5275,-0.0368,62.1948,3.9062,-126.1597,0.5374,,
DATA,A003,2,414,818380,0.0206,-0.5439,-0.1220,65.6738,5.8594,-99.2432,0.5578,,
DATA,A003,2,415,818390,0.1342,-0.5927,-0.2516,72.1436,24.5361,-57.9224,0.6577,,
DATA,A003,2,416,818400,0.1466,-0.6022,-0.3278,82.5806,40.5273,-27.6489,0.7012,,
DATA,A003,2,417,818410,0.1442,-0.5246,-0.4113,110.1074,67.3218,22.3999,0.6820,,
DATA,A003,2,418,818420,0.1364,-0.4040,-0.4469,132.2021,83.3740,57.1289,0.6177,,
DATA,A003,2,419,818430,0.1156,-0.1728,-0.4315,163.1470,101.4404,108.7646,0.4790,,
DATA,A003,2,420,818440,0.1024,-0.0017,-0.3598,177.4902,113.5254,140.8081,0.3741,,
DATA,A003,2,421,818450,0.0560,0.2488,-0.2694,181.8848,129.4556,183.8379,0.3710,,
DATA,A003,2,422,818460,0.0141,0.3663,-0.2301,173.4009,138.1836,209.0454,0.4328,,
DATA,A003,2,423,818470,0.0016,0.4461,-0.1122,155.7007,146.5454,241.0278,0.4600,,
DATA,A003,2,424,818480,-0.0299,0.4822,-0.0636,141.7847,149.4141,263.3057,0.4873,,
DATA,A003,2,425,818490,-0.1415,0.5506,-0.0067,122.1924,154.5410,295.0439,0.5685,,
DATA,A003,2,426,818500,-0.2882,0.6260,0.0301,112.6709,159.2407,311.3403,0.6898,,
DATA,A003,2,427,818510,-0.7203,0.7886,0.0980,98.7549,160.8276,323.9136,1.0726,,
DATA,A003,2,428,818520,-1.1405,0.8946,0.2220,85.0830,153.9917,324.2798,1.4664,,
DATA,A003,2,429,818530,-1.8629,1.0257,0.3785,51.1475,137.4512,312.2559,2.1600,,
DATA,A003,2,430,818540,-2.3126,1.0211,0.4757,21.0571,113.7085,299.8657,2.5724,,
DATA,A003,2,431,818550,-2.8702,0.8953,0.5668,-19.4092,54.1992,269.5312,3.0596,,
DATA,A003,2,432,818560,-3.1068,0.7872,0.4857,-43.0298,-4.7607,246.2769,3.2416,,
DATA,A003,2,433,818570,-3.1725,0.5550,0.5109,-72.6318,-111.8774,214.5386,3.2609,,
DATA,A003,2,434,818580,-2.9491,0.3758,0.6310,-91.7358,-174.9878,194.8853,3.0392,,
DATA,A003,2,435,818590,-2.6371,0.2095,0.7181,-102.6001,-206.7871,180.9692,2.7411,,
DATA,A003,2,436,818600,-2.2381,0.1483,0.7589,-94.3604,-205.9326,153.7476,2.3680,,
DATA,A003,2,437,818610,-2.0792,0.2386,0.7582,-83.5571,-176.6357,135.3149,2.2260,,
DATA,A003,2,438,818620,-1.9237,0.3736,0.6910,-84.4727,-112.5488,119.3848,2.0779,,
DATA,A003,2,439,818630,-1.8461,0.3411,0.6442,-96.4966,-69.1528,113.8306,1.9847,,
DATA,A003,2,440,818640,-1.7743,0.1448,0.5748,-117.7979,-29.0527,101.9897,1.8707,,
DATA,A003,2,441,818650,-1.7499,-0.0178,0.5292,-126.8921,-20.7520,87.4634,1.8282,,
DATA,A003,2,442,818660,-1.7225,-0.2160,0.4933,-127.8687,-28.5034,60.0586,1.8047,,
DATA,A003,2,443,818670,-1.6493,-0.2863,0.4569,-120.9106,-39.1846,41.8701,1.7352,,
DATA,A003,2,444,818680,-1.4132,-0.2980,0.3514,-108.5815,-62.3779,21.7285,1.4864,,
DATA,A003,2,445,818690,-1.2413,-0.2697,0.3031,-103.2715,-76.7822,13.4277,1.3059,,
DATA,A003,2,446,818700,-0.9608,-0.2543,0.2587,-103.1494,-87.5854,0.7935,1.0270,,
DATA,A003,2,447,818710,-0.7613,-0.2726,0.2159,-103.6987,-87.2192,-4.9438,0.8370,,
DATA,A003,2,448,818720,-0.4642,-0.3354,0.1246,-97.7783,-84.6558,-7.4463,0.5861,,
DATA,A003,2,449,818730,-0.3006,-0.3891,0.0673,-86.4868,-81.9092,-7.0801,0.4963,,
DATA,A003,2,450,818740,-0.1300,-0.4567,0.0607,-57.7393,-75.0122,-6.7139,0.4787,,
DATA,A003,2,451,818750,-0.0670,-0.4606,0.1110,-33.5693,-61.9507,-5.4932,0.4785,,
DATA,A003,2,452,818760,-0.0384,-0.4167,0.1708,-0.8545,-35.4004,1.8921,0.4520,,
DATA,A003,2,453,818770,-0.0426,-0.3881,0.2313,16.2964,-18.0054,8.9722,0.4538,,
DATA,A003,2,454,818780,-0.0472,-0.3532,0.3143,31.7383,0.6714,24.5361,0.4752,,
DATA,A003,2,455,818790,-0.0414,-0.3400,0.3585,34.7290,10.0708,38.1470,0.4958,,
DATA,A003,2,456,818800,-0.0948,-0.3596,0.3739,30.3955,18.7378,61.5234,0.5273,,
DATA,A003,2,457,818810,-0.2140,-0.4013,0.3754,27.7100,23.9258,76.6602,0.5897,,
DATA,A003,2,458,818820,-0.4105,-0.4345,0.3861,34.4238,36.2549,91.6138,0.7116,,
DATA,A003,2,459,818830,-0.5531,-0.4394,0.3407,37.9639,38.3301,97.5342,0.7842,,
DATA,A003,2,460,818840,-0.7674,-0.5100,0.3085,36.8652,28.5645,100.2197,0.9717,,
DATA,A003,2,461,818850,-0.9330,-0.5861,0.3173,36.8042,15.3198,94.4214,1.1466,,
DATA,A003,2,462,818860,-1.4247,-0.6581,0.3319,43.4570,-12.8784,74.2798,1.6041,,
DATA,A003,2,463,818870,-1.8121,-0.6430,0.4442,57.0679,-24.0479,40.7715,1.9735,,
DATA,A003,2,464,818880,-2.0243,-0.5783,0.6813,73.0591,-18.6768,-42.0532,2.2128,,
DATA,A003,2,465,818890,-1.9449,-0.5778,0.6434,66.4673,-29.2969,-92.2852,2.1285,,
DATA,A003,2,466,818900,-1.8141,-0.7282,0.4474,28.1982,-60.7300,-155.3955,2.0053,,
DATA,A003,2,467,818910,-1.7482,-0.8952,0.3104,0.6714,-64.4531,-210.3271,1.9884,,
DATA,A003,2,468,818920,-1.7430,-1.0612,0.1678,-13.8550,-48.1567,-269.1650,2.0476,,
DATA,A003,2,469,818930,-1.6715,-1.1808,0.0040,2.2583,-6.6528,-351.3794,2.0465,,
DATA,A003,2,470,818940,-1.6380,-1.1071,-0.0067,34.7290,6.6528,-395.3247,1.9771,,
DATA,A003,2,471,818950,-1.7794,-0.7040,0.0799,85.5103,12.9395,-439.8193,1.9153,,
DATA,A003,2,472,818960,-1.9068,-0.3996,0.1356,100.8301,19.2261,-463.0737,1.9530,,
DATA,A003,2,473,818970,-2.0470,-0.1254,0.2264,91.9189,23.0713,-483.3374,2.0633,,
DATA,A003,2,474,818980,-2.1315,-0.0703,0.2989,78.6743,13.9160,-479.0039,2.1535,,
DATA,A003,2,475,818990,-2.2474,-0.0744,0.3898,68.0542,-13.5498,-463.2568,2.2822,,
DATA,A003,2,476,819000,-2.3053,-0.1010,0.4547,66.1621,-38.2080,-446.1060,2.3519,,
DATA,A003,2,477,819010,-2.3639,-0.1579,0.5836,60.7300,-69.7632,-409.4849,2.4400,,
DATA,A003,2,478,819020,-2.3299,-0.1525,0.6730,57.0068,-76.5991,-384.1553,2.4300,,
DATA,A003,2,479,819030,-2.0687,-0.0402,0.7098,55.5420,-59.9365,-349.4873,2.1875,,
DATA,A003,2,480,819040,-1.8458,0.0743,0.6925,54.6265,-45.6543,-322.1436,1.9728,,
DATA,A003,2,481,819050,-1.4867,0.1893,0.5858,44.6777,-24.9023,-277.0996,1.6091,,
DATA,A003,2,482,819060,-1.2618,0.1927,0.5406,35.1562,-12.8174,-247.7417,1.3862,,
DATA,A003,2,483,819070,-0.9164,0.1368,0.4549,25.0244,13.8550,-208.3130,1.0322,,
DATA,A003,2,484,819080,-0.7135,0.0892,0.3964,25.3296,36.6821,-182.9834,0.8210,,
DATA,A003,2,485,819090,-0.4896,0.0337,0.3121,35.1562,74.6460,-147.1558,0.5816,,
DATA,A003,2,486,819100,-0.3859,0.0325,0.2587,45.1050,101.9897,-125.3052,0.4657,,
DATA,A003,2,487,819110,-0.2936,0.0889,0.1461,58.1665,143.8599,-94.3604,0.3398,,
DATA,A003,2,488,819120,-0.2630,0.1512,0.0853,65.8569,165.5273,-74.3408,0.3152,,
DATA,A003,2,489,819130,-0.2284,0.2894,0.0626,80.0781,186.0962,-44.7998,0.3739,,
DATA,A003,2,490,819140,-0.2342,0.4092,0.0677,87.8296,190.1855,-25.5737,0.4764,,
DATA,A003,2,491,819150,-0.2491,0.6006,0.0719,88.9282,182.2510,-0.6714,0.6542,,
DATA,A003,2,492,819160,-0.2430,0.7029,0.0868,81.2988,169.7388,12.4512,0.7488,,
DATA,A003,2,493,819170,-0.2020,0.7874,0.0646,59.9976,148.0713,30.5176,0.8155,,
DATA,A003,2,494,819180,-0.1546,0.7886,0.0257,43.5791,133.9111,40.7104,0.8041,,
DATA,A003,2,495,819190,-0.0785,0.7576,-0.0038,30.0293,117.1875,51.2085,0.7617,,
DATA,A003,2,496,819200,-0.0397,0.7498,0.0062,29.4800,108.7646,57.0679,0.7509,,
DATA,A003,2,497,819210,0.0265,0.7808,0.0170,30.3955,103.5156,67.1997,0.7815,,
DATA,A003,2,498,819220,0.0319,0.7962,0.0587,27.9541,100.2808,77.6978,0.7990,,
DATA,A003,2,499,819230,-0.0340,0.7772,0.1757,19.4702,97.2900,97.5952,0.7975,,
DATA,A003,2,500,819240,-0.1214,0.7298,0.2523,12.0850,94.2993,111.6333,0.7817,,
DATA,A003,2,501,819250,-0.2723,0.6326,0.3683,1.7090,87.9517,131.0425,0.7810,,
DATA,A003,2,502,819260,-0.3522,0.5689,0.4178,-2.7466,86.2427,142.5171,0.7888,,
DATA,A003,2,503,819270,-0.4357,0.4781,0.5211,-3.6621,79.4067,160.2173,0.8306,,
DATA,A003,2,504,819280,-0.5023,0.4459,0.6149,-1.0376,75.6836,171.4478,0.9106,,
DATA,A003,2,505,819290,-0.6698,0.4297,0.6783,1.0376,70.9839,179.5044,1.0457,,
DATA,A003,2,506,819300,-0.7762,0.4171,0.6979,-1.5259,66.2231,178.2227,1.1240,,
DATA,A003,2,507,819310,-0.9486,0.3904,0.7081,-7.9956,54.0161,180.3589,1.2465,,
DATA,A003,2,508,819320,-1.1229,0.3367,0.6793,-23.4375,46.2646,181.5796,1.3549,,
DATA,A003,2,509,819330,-1.2418,0.2711,0.6759,-29.4189,30.5176,186.0352,1.4396,,
DATA,A003,2,510,819340,-1.4552,0.1334,0.7184,-29.4800,23.9258,197.5098,1.6283,,
DATA,A003,2,511,819350,-1.6036,0.0118,0.7318,-28.8696,32.6538,201.9653,1.7627,,
DATA,A003,2,512,819360,-1.9720,-0.1447,0.7174,-26.4282,48.0957,210.4492,2.1035,,
DATA,A003,2,513,819370,-2.2782,-0.1745,0.7184,-18.0664,49.6216,213.9893,2.3951,,
DATA,A003,2,514,819380,-2.5753,-0.0624,0.6896,5.3101,35.5835,218.3838,2.6668,,
DATA,A003,2,515,819390,-2.5919,0.0667,0.6766,17.4561,17.5781,221.4355,2.6796,,
DATA,A003,2,516,819400,-2.5018,0.2000,0.6359,5.4932,-11.3525,217.1021,2.5891,,
DATA,A003,2,517,819410,-2.4234,0.1817,0.5975,-18.9209,-29.6631,206.6040,2.5026,,
DATA,A003,2,518,819420,-2.2499,0.0418,0.5380,-46.0815,-60.9741,188.4766,2.3137,,
DATA,A003,2,519,819430,-2.2230,-0.0285,0.5521,-45.3491,-81.7261,175.0488,2.2907,,
DATA,A003,2,520,819440,-2.0536,-0.0336,0.5858,-27.7100,-88.7451,149.9634,2.1358,,
DATA,A003,2,521,819450,-1.8470,0.0103,0.5953,-19.8975,-85.2051,138.8550,1.9406,,
DATA,A003,2,522,819460,-1.5401,-0.0141,0.5575,-29.7241,-71.5942,129.5166,1.6380,,
DATA,A003,2,523,819470,-1.3502,-0.0959,0.4943,-45.6543,-58.1055,125.3052,1.4410,,
DATA,A003,2,524,819480,-1.0780,-0.2621,0.3624,-66.1621,-37.3535,115.7837,1.1671,,
DATA,A003,2,525,819490,-0.9064,-0.3640,0.2572,-70.7397,-26.5503,107.7271,1.0100,,
DATA,A003,2,526,819500,-0.6844,-0.4616,0.1410,-64.2700,-10.9253,92.5903,0.8375,,
DATA,A003,2,527,819510,-0.5448,-0.5075,0.1710,-54.6875,2.8687,78.9795,0.7639,,
DATA,A003,2,528,819520,-0.3910,-0.5558,0.2674,-47.4854,29.1138,53.0396,0.7303,,
DATA,A003,2,529,819530,-0.3353,-0.5900,0.3280,-49.7437,46.2646,33.0811,0.7538,,
DATA,A003,2,530,819540,-0.3370,-0.6232,0.4296,-56.0303,72.3877,2.7466,0.8286,,
DATA,A003,2,531,819550,-0.3453,-0.6264,0.4596,-59.3262,90.5151,-17.2119,0.8502,,
DATA,A003,2,532,819560,-0.4313,-0.5947,0.3927,-65.7959,101.6235,-42.0532,0.8330,,
DATA,A003,2,533,819570,-0.4933,-0.5817,0.3343,-69.2749,98.0835,-55.8472,0.8328,,
DATA,A003,2,534,819580,-0.6178,-0.5834,0.2797,-76.6602,79.1626,-72.6318,0.8946,,
DATA,A003,2,535,819590,-0.6952,-0.6386,0.1886,-86.3647,59.7534,-85.9985,0.9626,,
DATA,A003,2,536,819600,-0.8307,-0.8996,0.0751,-100.0366,23.9868,-109.6191,1.2268,,
DATA,A003,2,537,819610,-0.9403,-1.1696,-0.0028,-103.2715,-2.9907,-125.0000,1.5007,,
DATA,A003,2,538,819620,-0.9725,-1.4912,-0.0729,-96.8018,-28.8086,-150.5737,1.7818,,
DATA,A003,2,539,819630,-0.8917,-1.7663,-0.0287,-43.2129,-62.9272,-205.8716,1.9788,,
DATA,A003,2,540,819640,-0.8837,-1.5654,0.1932,19.0430,-74.2188,-236.3892,1.8079,,
DATA,A003,2,541,819650,-0.9886,-0.8869,0.4857,85.1440,-33.5083,-254.8218,1.4142,,
DATA,A003,2,542,819660,-1.3214,-0.5390,0.5204,60.7300,37.3535,-284.7900,1.5190,,
DATA,A003,2,543,819670,-1.5724,-0.6088,0.4877,26.0620,67.5049,-305.4199,1.7552,,
DATA,A003,2,544,819680,-1.8255,-0.7729,0.4923,13.7329,81.1157,-319.7021,2.0426,,
DATA,A003,2,545,819690,-2.1063,-0.8327,0.5882,50.5981,57.7393,-331.7261,2.3401,,
DATA,A003,2,546,819700,-2.2381,-0.6713,0.6603,86.6699,31.4331,-331.0547,2.4282,,
DATA,A003,2,547,819710,-2.3209,-0.3151,0.7574,109.6802,2.6855,-320.3125,2.4616,,
DATA,A003,2,548,819720,-2.2762,-0.1064,0.8165,99.6704,-7.0190,-308.1055,2.4206,,
DATA,A003,2,549,819730,-2.0047,0.1119,0.7838,66.7725,-11.7188,-282.1045,2.1554,,
DATA,A003,2,550,819740,-1.7435,0.1539,0.6644,44.9829,-11.5967,-255.9814,1.8722,,
DATA,A003,2,551,819750,-1.4955,0.1646,0.4642,28.8696,-12.7563,-205.7495,1.5745,,
DATA,A003,2,552,819760,-1.5436,0.2366,0.4435,32.2876,-6.5918,-174.0723,1.6233,,
DATA,A003,2,553,819770,-1.5445,0.4998,0.4967,48.4009,24.2310,-137.6953,1.6977,,
DATA,A003,2,554,819780,-1.4537,0.7584,0.4833,57.6782,32.2266,-106.7505,1.7094,,
DATA,A003,2,555,819790,-1.2489,1.1172,0.4510,56.2744,22.0947,-56.5186,1.7353,,
DATA,A003,2,556,819800,-1.0719,1.2813,0.4320,43.8843,13.5498,-29.0527,1.7255,,
DATA,A003,2,557,819810,-0.8046,1.3897,0.4120,17.5171,12.0850,2.1362,1.6578,,
DATA,A003,2,558,819820,-0.6280,1.3748,0.3685,1.2207,21.8506,18.6768,1.5557,,
DATA,A003,2,559,819830,-0.4210,1.2440,0.2921,-10.4980,48.9502,44.9219,1.3454,,
DATA,A003,2,560,819840,-0.3326,1.1021,0.2548,-9.7046,68.3594,62.9883,1.1791,,
DATA,A003,2,561,819850,-0.2543,0.8731,0.2135,-3.4790,92.2241,84.3506,0.9341,,
DATA,A003,2,562,819860,-0.2250,0.7320,0.1988,4.5166,101.9287,92.2852,0.7912,,
DATA,A003,2,563,819870,-0.1839,0.5809,0.2076,20.6909,101.9897,99.0601,0.6437,,
DATA,A003,2,564,819880,-0.1485,0.5132,0.2413,34.4849,92.7734,102.1729,0.5863,,
DATA,A003,2,565,819890,-0.0751,0.4571,0.2999,54.6875,74.5239,106.7505,0.5518,,
DATA,A003,2,566,819900,-0.0013,0.4034,0.3754,64.1479,58.7769,109.4971,0.5510,,
DATA,A003,2,567,819910,0.0932,0.2979,0.5504,72.3267,34.1187,118.1030,0.6328,,
DATA,A003,2,568,819920,0.0753,0.2454,0.6261,69.5801,17.6392,130.9204,0.6767,,
DATA,A003,2,569,819930,-0.0589,0.2064,0.6388,54.9927,6.7749,153.3813,0.6739,,
DATA,A003,2,570,819940,-0.1007,0.2330,0.5633,49.0723,10.3149,162.7808,0.6179,,
DATA,A003,2,571,819950,-0.1583,0.3309,0.4545,47.4243,15.0757,172.2412,0.5840,,
DATA,A003,2,572,819960,-0.2389,0.5692,0.3072,43.5791,37.9028,181.5186,0.6895,,
DATA,A003,2,573,819970,-0.2909,0.7022,0.1500,29.9072,52.9175,184.1431,0.7747,,
DATA,A003,2,574,819980,-0.5567,0.7254,-0.0726,-3.5400,54.5654,196.4722,0.9173,,
DATA,A003,2,575,819990,-0.8685,0.6710,-0.0631,-20.1416,42.1753,199.0967,1.0993,,
DATA,A003,2,576,820000,-1.4325,0.5975,0.1700,-33.3862,16.0522,185.4248,1.5614,,
DATA,A003,2,577,820010,-1.6752,0.5584,0.2198,-49.9268,19.5312,174.7437,1.7794,,
DATA,A003,2,578,820020,-1.7709,0.4373,0.3280,-75.9277,10.7422,154.7241,1.8533,,
DATA,A003,2,579,820030,-1.7421,0.3245,0.4354,-86.1206,10.8643,146.7285,1.8247,,
DATA,A003,2,580,820040,-1.7975,0.1295,0.5013,-95.5811,31.3721,139.8926,1.8706,,
DATA,A003,2,581,820050,-1.8443,-0.0170,0.5543,-97.2900,57.5562,132.8735,1.9259,,
DATA,A003,2,582,820060,-1.9767,-0.1166,0.5685,-86.0596,90.2100,124.9390,2.0601,,
DATA,A003,2,583,820070,-2.1136,-0.0805,0.5736,-71.7773,109.1309,119.4458,2.1916,,
DATA,A003,2,584,820080,-2.3212,0.0584,0.6412,-61.7676,112.9150,110.2905,2.4088,,
DATA,A003,2,585,820090,-2.4029,0.1400,0.6637,-71.4111,97.3511,109.3140,2.4968,,
DATA,A003,2,586,820100,-2.3592,0.1507,0.6459,-100.3418,47.6685,112.9150,2.4507,,
DATA,A003,2,587,820110,-2.1986,0.1055,0.6337,-117.4927,5.0049,115.1733,2.2905,,
DATA,A003,2,588,820120,-1.8265,0.0206,0.5792,-128.2959,-48.7061,120.9717,1.9163,,
DATA,A003,2,589,820130,-1.5526,-0.0058,0.5587,-124.5117,-65.0024,124.4507,1.6501,,
DATA,A003,2,590,820140,-1.1380,0.0237,0.5944,-109.9243,-64.8804,126.5259,1.2841,,
DATA,A003,2,591,820150,-0.8871,0.0506,0.6329,-101.3184,-53.2227,128.7842,1.0909,,
DATA,A003,2,592,820160,-0.5792,0.0587,0.6915,-95.8252,-28.1982,133.9722,0.9039,,
DATA,A003,2,593,820170,-0.4781,0.0157,0.6991,-95.8862,-8.1177,135.6201,0.8471,,
DATA,A003,2,594,820180,-0.3705,-0.0710,0.6236,-90.6982,21.7285,136.2305,0.7289,,
DATA,A003,2,595,820190,-0.3356,-0.1611,0.5665,-86.3647,41.3208,134.3384,0.6779,,
DATA,A003,2,596,820200,-0.2435,-0.2946,0.4952,-76.3550,67.0166,134.9487,0.6256,,
DATA,A003,2,597,820210,-0.2081,-0.3596,0.4576,-73.9746,81.0547,140.0757,0.6181,,
DATA,A003,2,598,820220,-0.1503,-0.4145,0.5099,-66.4062,98.2056,140.6250,0.6741,,
DATA,A003,2,599,820230,-0.2145,-0.4506,0.3937,-47.5464,106.3232,133.9722,0.6356,,
DATA,A003,2,600,820240,-0.3959,-0.3581,0.4152,22.0337,88.9282,109.0088,0.6762,,
DATA,A003,2,601,820250,-0.4005,-0.2292,0.5514,30.4565,64.2090,106.9336,0.7190,,
DATA,A003,2,602,820260,-0.4205,-0.1848,0.5929,-5.2490,32.8979,98.4497,0.7500,,
DATA,A003,2,603,820270,-0.4083,-0.2966,0.5380,-35.2783,15.3198,83.4961,0.7376,,
DATA,A003,2,604,820280,-0.4264,-0.5217,0.5055,-43.2739,-9.3384,58.9600,0.8423,,
DATA,A003,2,605,820290,-0.4244,-0.6054,0.4486,-29.4189,-18.2495,42.6636,0.8648,,
DATA,A003,2,606,820300,-0.4608,-0.6445,0.3695,-12.0239,-28.5645,25.9399,0.8742,,
DATA,A003,2,607,820310,-0.6029,-0.6904,0.3004,9.0332,-46.4478,0.2441,0.9645,,
DATA,A003,2,608,820320,-0.7345,-0.7104,0.3028,21.8506,-57.0679,-15.8691,1.0658,,
DATA,A003,2,609,820330,-0.9977,-0.7106,0.3580,37.2314,-74.6460,-38.5742,1.2761,,
DATA,A003,2,610,820340,-1.1529,-0.7038,0.4152,42.1753,-78.9795,-58.9600,1.4131,,
DATA,A003,2,611,820350,-1.2806,-0.6237,0.3819,45.9595,-81.1768,-99.0601,1.4748,,
DATA,A003,2,612,820360,-1.3729,-0.5444,0.3575,49.0723,-87.7686,-125.5493,1.5196,,
DATA,A003,2,613,820370,-1.6476,-0.3600,0.3331,61.8896,-98.8770,-153.8696,1.7190,,
DATA,A003,2,614,820380,-1.9921,-0.2084,0.3751,70.4956,-103.5767,-170.0439,2.0378,,
DATA,A003,2,615,820390,-2.5316,0.0477,0.4484,74.4629,-102.1118,-200.7446,2.5714,,
DATA,A003,2,616,820400,-2.7975,0.2730,0.5250,83.6792,-107.6660,-217.4072,2.8594,,
DATA,A003,2,617,820410,-3.0594,0.7508,0.5773,108.7646,-143.4937,-228.1494,3.2027,,
DATA,A003,2,618,820420,-3.0746,1.0972,0.5919,121.7041,-172.6074,-227.4170,3.3177,,
DATA,A003,2,619,820430,-2.8021,1.5613,0.6185,122.4365,-194.2749,-215.2710,3.2668,,
DATA,A003,2,620,820440,-2.4188,1.8521,0.6053,108.4595,-180.0537,-211.5479,3.1060,,
DATA,A003,2,621,820450,-1.8102,2.0901,0.6029,67.3218,-118.4692,-200.0122,2.8300,,
DATA,A003,2,622,820460,-1.5277,2.0076,0.5536,35.9497,-81.7261,-185.3027,2.5828,,
DATA,A003,2,623,820470,-1.1984,1.6075,0.4925,-9.8267,-37.4146,-169.5557,2.0646,,
DATA,A003,2,624,820480,-0.9781,1.3475,0.4303,-29.4800,-22.3999,-156.6162,1.7198,,
DATA,A003,2,625,820490,-0.6922,1.1666,0.3675,-33.6304,-10.2539,-135.3760,1.4054,,
DATA,A003,2,626,820500,-0.5343,1.1890,0.3451,-27.0996,8.0566,-124.4507,1.3485,,
DATA,A003,2,627,820510,-0.4068,1.2383,0.2508,-33.6304,52.3682,-106.4453,1.3274,,
DATA,A003,2,628,820520,-0.3988,1.1729,0.1556,-49.3164,80.9326,-92.9565,1.2486,,
DATA,A003,2,629,820530,-0.4081,0.9556,0.0599,-68.2373,110.5957,-75.5005,1.0408,,
DATA,A003,2,630,820540,-0.3890,0.7903,0.0328,-70.2515,117.7368,-67.3828,0.8815,,
DATA,A003,2,631,820550,-0.2989,0.5596,0.0226,-64.8193,116.2720,-58.3496,0.6349,,
DATA,A003,2,632,820560,-0.2416,0.4107,0.0548,-60.1807,108.7646,-55.4810,0.4796,,
DATA,A003,2,633,820570,-0.1254,0.2212,0.0922,-53.7109,95.7642,-55.6641,0.2705,,
DATA,A003,2,634,820580,-0.0450,0.1170,0.1283,-49.3164,80.5664,-56.0303,0.1794,,
DATA,A003,2,635,820590,0.1242,0.0267,0.1622,-43.3960,50.2319,-54.6875,0.2060,,
DATA,A003,2,636,820600,0.2387,0.0103,0.1844,-39.1846,29.7852,-50.1709,0.3018,,
DATA,A003,2,637,820610,0.3956,0.0157,0.1742,-34.0576,9.1553,-38.6353,0.4326,,
DATA,A003,2,638,820620,0.4677,0.0215,0.1673,-29.9683,5.1880,-30.2124,0.4972,,
DATA,A003,2,639,820630,0.5048,0.0118,0.1678,-26.1841,5.9204,-21.6064,0.5321,,
DATA,A003,2,640,820640,0.5109,-0.0493,0.1761,-22.8882,11.7798,-8.4229,0.5426,,
DATA,A003,2,641,820650,0.4813,-0.1010,0.2062,-18.7988,13.7329,-0.5493,0.5333,,
DATA,A003,2,642,820660,0.4074,-0.1332,0.2745,-6.4697,14.7705,9.3994,0.5090,,
DATA,A003,2,643,820670,0.3510,-0.1005,0.3187,3.5400,12.4512,16.3574,0.4846,,
DATA,A003,2,644,820680,0.2709,-0.0170,0.4337,15.9302,2.4414,27.3438,0.5116,,
DATA,A003,2,645,820690,0.2558,0.0381,0.5526,21.4233,-1.8311,34.3628,0.6101,,
DATA,A003,2,646,820700,0.2120,0.0694,0.6053,16.6016,12.3291,54.7485,0.6451,,
DATA,A003,2,647,820710,0.0372,0.0833,0.5714,16.1133,53.8940,74.8901,0.5786,,
DATA,A003,2,648,820720,-0.5140,0.2313,0.5231,48.3398,144.5923,102.9053,0.7690,,
DATA,A003,2,649,820730,-1.1647,0.4251,0.6991,87.0972,197.0825,115.3564,1.4233,,
DATA,A003,2,650,820740,-2.2069,0.9319,1.1432,125.0000,190.3687,135.2539,2.6544,,
DATA,A003,2,651,820750,-2.8859,1.4263,1.2504,111.6333,132.7515,143.9209,3.4534,,
DATA,A003,2,652,820760,-3.7013,2.1102,1.3719,64.0259,-36.4990,124.7559,4.4760,,
DATA,A003,2,653,820770,-3.7345,2.2923,1.2823,40.1001,-132.4463,101.0742,4.5657,,
DATA,A003,2,654,820780,-2.8802,1.8985,1.2179,-11.4746,-243.1641,68.4204,3.6583,,
DATA,A003,2,655,820790,-2.2960,1.4258,1.1383,-50.6592,-260.3149,44.7998,2.9326,,
DATA,A003,2,656,820800,-1.5846,0.8428,0.9921,-74.5850,-246.1548,18.5547,2.0507,,
DATA,A003,2,657,820810,-1.1637,0.5733,0.9474,-67.9932,-212.8296,11.5967,1.6063,,
DATA,A003,2,658,820820,-0.6637,0.3050,0.8414,-53.7109,-144.1650,18.9819,1.1142,,
DATA,A003,2,659,820830,-0.4925,0.1846,0.7452,-44.3726,-89.9658,30.8228,0.9122,,
DATA,A003,2,660,820840,-0.5209,0.1072,0.6285,-21.6064,-16.1743,46.5698,0.8233,,
DATA,A003,2,661,820850,-0.6026,0.1011,0.5785,-4.0283,20.8740,52.8564,0.8415,,
DATA,A003,2,662,820860,-0.6529,0.1160,0.5118,13.1836,40.1001,65.9180,0.8377,,
DATA,A003,2,663,820870,-0.6634,0.0875,0.4886,15.3198,32.2876,75.5005,0.8286,,
DATA,A003,2,664,820880,-0.6551,-0.0119,0.5152,13.8550,12.0239,81.4819,0.8336,,
DATA,A003,2,665,820890,-0.6632,-0.0900,0.5917,15.1367,-3.1738,80.3833,0.8933,,
DATA,A003,2,666,820900,-0.7081,-0.1391,0.7169,17.8223,-18.4326,72.8760,1.0172,,
DATA,A003,2,667,820910,-0.7186,-0.1318,0.8226,23.8037,-26.6113,65.3076,1.1002,,
DATA,A003,2,668,820920,-0.6561,-0.0522,0.8419,19.6533,-36.4380,54.6875,1.0687,,
DATA,A003,2,669,820930,-0.4755,-0.0593,0.9596,8.5449,-47.3022,48.8281,1.0726,,
DATA,A003,2,670,820940,-0.2067,-0.0878,0.9000,-47.9126,-44.2505,68.9087,0.9276,,
DATA,A003,2,671,820950,-0.2049,-0.1562,0.6835,-81.2988,-46.7529,55.8472,0.7304,,
DATA,A003,2,672,820960,-0.1075,-0.1921,0.5087,-37.1094,-74.0356,-10.2539,0.5542,,
DATA,A003,2,673,820970,-0.0001,-0.1208,0.3749,6.8359,-98.9380,-23.4375,0.3938,,
DATA,A003,2,674,820980,0.1066,-0.0883,0.3214,34.1797,-107.7881,-34.8511,0.3499,,
DATA,A003,2,675,820990,0.3336,-0.2072,0.3431,10.5591,-88.3789,-41.6870,0.5215,,
DATA,A003,2,676,821000,0.4276,-0.3593,0.3732,-19.6533,-51.0864,-48.7671,0.6717,,
DATA,A003,2,677,821010,0.3888,-0.5297,0.2543,-55.1147,0.4272,-50.7202,0.7046,,
DATA,A003,2,678,821020,0.3065,-0.5903,0.1620,-45.5322,28.0762,-61.0352,0.6846,,
DATA,A003,2,679,821030,0.1498,-0.5246,0.1229,-2.3804,46.3867,-73.6694,0.5592,,
DATA,A003,2,680,821040,0.0585,-0.4257,0.1512,19.0430,44.4946,-77.0264,0.4556,,
DATA,A003,2,681,821050,-0.0878,-0.3310,0.2074,24.7803,31.9214,-85.3271,0.4003,,
DATA,A003,2,682,821060,-0.2206,-0.3300,0.2355,18.9819,18.8599,-93.9941,0.4615,,
DATA,A003,2,683,821070,-0.5065,-0.3698,0.3041,16.9678,-7.6294,-110.1685,0.6969,,
DATA,A003,2,684,821080,-0.6817,-0.3647,0.3453,24.2920,-26.2451,-123.1079,0.8468,,
DATA,A003,2,685,821090,-0.9955,-0.3818,0.5765,43.6401,-59.0820,-149.3530,1.2121,,
DATA,A003,2,686,821100,-1.3705,-0.3918,0.7987,56.3354,-91.0034,-160.4614,1.6339,,
DATA,A003,2,687,821110,-2.0672,-0.2971,1.2862,74.0967,-133.6670,-161.5601,2.4528,,
DATA,A003,2,688,821120,-2.4564,0.0379,1.7008,94.0552,-156.1890,-161.6821,2.9880,,
DATA,A003,2,689,821130,-2.8273,0.7110,1.8280,101.3184,-193.3594,-167.1753,3.4410,,
DATA,A003,2,690,821140,-3.0577,0.9796,1.7750,85.3271,-260.0708,-157.2266,3.6688,,
DATA,A003,2,691,821150,-2.8026,1.2742,1.7877,60.6689,-315.2466,-141.1743,3.5601,,
DATA,A003,2,692,821160,-2.2076,1.4390,1.6842,38.3301,-303.5889,-140.0757,3.1274,,
DATA,A003,2,693,821170,-1.4733,1.5267,1.3568,3.9062,-231.6284,-132.0801,2.5184,,
DATA,A003,2,694,821180,-1.1451,1.4158,1.2054,-11.5356,-167.7246,-125.9766,2.1838,,
DATA,A003,2,695,821190,-0.8397,0.9712,1.0677,-31.4941,-76.7212,-117.7368,1.6699,,
DATA,A003,2,696,821200,-0.7145,0.5799,1.0233,-39.3066,-30.4565,-112.1216,1.3762,,
DATA,A003,2,697,821210,-0.6039,0.1053,0.8995,-23.4375,20.8740,-109.0088,1.0885,,
DATA,A003,2,698,821220,-0.6066,-0.0588,0.8224,5.6152,35.8276,-108.4595,1.0236,,
DATA,A003,2,699,821230,-0.6793,-0.0727,0.7250,54.5044,21.6675,-109.1309,0.9962,,
DATA,A003,2,700,821240,-0.7181,0.0394,0.6898,77.0264,-2.6245,-110.1685,0.9965,,
DATA,A003,2,701,821250,-0.6608,0.2430,0.6739,88.9282,-48.0957,-113.5254,0.9746,,
DATA,A003,2,702,821260,-0.5575,0.3426,0.6512,87.3413,-71.1060,-115.7227,0.9232,,
DATA,A003,2,703,821270,-0.3946,0.4083,0.6095,81.0547,-84.8999,-116.6992,0.8330,,
DATA,A003,2,704,821280,-0.3253,0.4053,0.5653,75.8667,-81.4819,-116.8823,0.7679,,
DATA,A003,2,705,821290,-0.3204,0.3611,0.5226,67.5049,-65.0024,-122.1313,0.7115,,
DATA,A003,2,706,821300,-0.3502,0.3174,0.4852,62.3779,-52.5513,-128.6011,0.6774,,
DATA,A003,2,707,821310,-0.3959,0.2845,0.4527,55.6030,-46.9971,-138.4888,0.6653,,
DATA,A003,2,708,821320,-0.3910,0.2994,0.4247,51.9409,-50.8423,-143.9209,0.6503,,
DATA,A003,2,709,821330,-0.3307,0.3248,0.3734,45.9595,-59.0210,-147.2168,0.5952,,
DATA,A003,2,710,821340,-0.1932,0.3519,0.3065,33.1421,-69.3359,-149.2310,0.5051,,
DATA,A003,2,711,821350,-0.0931,0.3441,0.2667,23.3154,-71.3501,-149.9634,0.4452,,
DATA,A003,2,712,821360,0.0170,0.3140,0.2059,8.9111,-67.3218,-150.7568,0.3759,,
DATA,A003,2,713,821370,0.0753,0.2830,0.1700,0.9155,-60.1807,-150.5127,0.3387,,
DATA,A003,2,714,821380,0.1017,0.2315,0.1774,-8.4839,-47.4243,-147.8271,0.3089,,
DATA,A003,2,715,821390,0.0751,0.2298,0.2071,-13.3667,-36.6211,-145.9351,0.3184,,
DATA,A003,2,716,821400,0.0265,0.2623,0.2482,-21.6675,-20.2637,-145.2637,0.3620,,
DATA,A003,2,717,821410,0.0016,0.2833,0.2865,-28.6865,-14.0381,-145.6299,0.4029,,
DATA,A003,2,718,821420,-0.0436,0.3130,0.3522,-42.1143,-13.6719,-147.0947,0.4732,,
DATA,A003,2,719,821430,-0.0648,0.3245,0.4205,-49.9268,-16.3574,-150.2686,0.5351,,
DATA,A003,2,720,821440,-0.1456,0.2713,0.6381,-62.6221,-27.2217,-157.3486,0.7085,,
DATA,A003,2,721,821450,-0.2406,0.2139,0.8361,-66.4673,-32.4707,-162.9639,0.8959,,
DATA,A003,2,722,821460,-0.3968,0.2029,1.1483,-61.2183,-38.1470,-167.9688,1.2318,,
DATA,A003,2,723,821470,-0.4762,0.2628,1.2728,-54.9316,-43.4570,-164.8560,1.3841,,
DATA,A003,2,724,821480,-0.5047,0.3624,1.3890,-49.4995,-57.4341,-146.7896,1.5217,,
DATA,A003,2,725,821490,-0.5580,0.3546,1.4449,-50.5371,-70.9839,-131.2256,1.5890,,
DATA,A003,2,726,821500,-0.6212,0.2212,1.4750,-49.0112,-91.1255,-113.0981,1.6157,,
DATA,A003,2,727,821510,-0.6380,0.1417,1.4867,-38.1470,-100.2197,-98.7549,1.6240,,
DATA,A003,2,728,821520,-0.6312,0.1639,1.5863,-4.3335,-97.6562,-69.0918,1.7151,,
DATA,A003,2,729,821530,-0.6066,0.2796,1.6730,19.4702,-84.2896,-49.8047,1.8014,,
DATA,A003,2,730,821540,-0.5072,0.4341,1.5944,37.5977,-62.5610,-22.4609,1.7285,,
DATA,A003,2,731,821550,-0.4449,0.4500,1.5714,41.9922,-55.5420,-4.3945,1.6940,,
DATA,A003,2,732,821560,-0.3451,0.4361,1.5411,48.0957,-49.3164,14.7705,1.6384,,
DATA,A003,2,733,821570,-0.2233,0.4337,1.4398,50.5371,-44.6167,24.2920,1.5202,,
DATA,A003,2,734,821580,-0.0353,0.4466,1.3619,54.9316,-28.6255,38.8794,1.4337,,
DATA,A003,2,735,821590,0.0397,0.4759,1.3248,56.2134,-7.3853,45.2881,1.4083,,
DATA,A003,2,736,821600,0.0890,0.4769,1.2262,52.2461,34.6680,47.2412,1.3187,,
DATA,A003,2,737,821610,0.1850,0.6595,0.9098,47.2412,59.0820,47.2412,1.1388,,
DATA,A003,2,738,821620,-0.0804,0.5518,0.7643,33.6304,85.3882,36.0718,0.9461,,
DATA,A003,2,739,821630,-0.1400,0.2296,0.8256,29.0527,86.4258,40.3442,0.8682,,
DATA,A003,2,740,821640,-0.5475,0.6663,0.9291,79.1016,95.4590,42.1143,1.2676,,
DATA,A003,2,741,821650,-0.0138,0.0772,1.1486,23.5596,49.0723,75.9277,1.1512,,
DATA,A003,2,742,821660,-0.3439,-0.0668,1.1410,13.1836,34.9731,54.1992,1.1935,,
DATA,A003,2,743,821670,-0.3031,-0.0485,1.0580,27.7710,55.9082,15.0757,1.1016,,
DATA,A003,2,744,821680,-0.2325,0.0516,0.9178,46.5698,25.1465,31.4331,0.9482,,
DATA,A003,2,745,821690,-0.1800,0.0364,0.8212,50.4150,22.8882,37.3535,0.8415,,
DATA,A003,2,746,821700,-0.1744,0.0362,0.7579,47.6685,23.8647,24.9634,0.7786,,
DATA,A003,2,747,821710,-0.1683,0.0003,0.6752,34.0576,20.8130,6.0425,0.6958,,
DATA,A003,2,748,821720,-0.1827,-0.0488,0.6659,24.1699,7.5684,-5.6152,0.6922,,
DATA,A003,2,749,821730,-0.1334,-0.1315,0.6522,17.3340,-13.7939,-18.9819,0.6786,,
DATA,A003,2,750,821740,-0.0821,-0.1750,0.6583,18.3716,-27.8931,-24.9634,0.6861,,
DATA,A003,2,751,821750,0.0429,-0.1662,0.6798,21.4844,-37.4756,-32.7759,0.7011,,
DATA,A003,2,752,821760,0.1256,-0.1164,0.6876,23.4985,-34.6680,-30.1514,0.7086,,
DATA,A003,2,753,821770,0.1579,-0.0102,0.7262,14.6484,-16.9678,-31.3721,0.7432,,
DATA,A003,2,754,821780,-0.0221,-0.0871,0.6051,1.2207,-6.4697,-37.6587,0.6117,,
DATA,A003,2,755,821790,0.0985,-0.2167,0.7111,46.7529,-41.5039,-49.1943,0.7499,,
DATA,A003,2,756,821800,0.0907,-0.0192,0.8414,35.3394,-37.7808,-29.0527,0.8465,,
DATA,A003,2,757,821810,0.1837,-0.1005,0.7718,-6.5308,-20.3857,-30.9448,0.7998,,
DATA,A003,2,758,821820,0.1664,-0.1005,0.8375,-1.8921,-9.0332,-35.4614,0.8598,,
DATA,A003,2,759,821830,0.0236,-0.1176,0.8536,14.1602,-2.8687,-29.6631,0.8620,,
DATA,A003,2,760,821840,-0.1080,-0.0317,0.8658,17.1509,-13.4277,-29.0527,0.8731,,
DATA,A003,2,761,821850,-0.3190,0.0667,0.9777,-4.8828,-61.8286,-50.3540,1.0305,,
DATA,A003,2,762,821860,-0.2252,0.0521,1.0350,-18.5547,-89.1724,-58.5938,1.0605,,
DATA,A003,2,763,821870,-0.0409,0.1080,1.0236,-29.4189,-106.5674,-49.8657,1.0300,,
DATA,A003,2,764,821880,-0.0362,-0.0778,1.0060,-32.7759,-103.8818,-49.0112,1.0096,,
DATA,A003,2,765,821890,-0.0492,-0.1584,1.0179,-20.5688,-122.2534,-57.1899,1.0314,,
DATA,A003,2,766,821900,0.0119,-0.0407,0.9906,-7.7515,-136.2915,-57.0679,0.9915,,
DATA,A003,2,767,821910,0.0829,0.1031,1.1146,8.0566,-120.9717,-36.6821,1.1224,,
DATA,A003,2,768,821920,0.1139,0.0753,1.2013,14.2822,-91.3696,-30.3345,1.2090,,
DATA,A003,2,769,821930,0.0809,0.0814,1.3446,24.7192,-42.2974,-27.4048,1.3495,,
DATA,A003,2,770,821940,-0.0394,0.2588,1.4586,23.3154,-19.8364,-33.2031,1.4819,,
DATA,A003,2,771,821950,-0.1754,0.4229,1.5309,8.9722,-5.7373,-46.6309,1.5979,,
DATA,A003,2,772,821960,-0.1722,0.4510,1.5367,4.6387,-2.1973,-37.2925,1.6108,,
DATA,A003,2,773,821970,-0.2565,0.5096,1.5294,-6.0425,6.7139,-33.6914,1.6323,,
DATA,A003,2,774,821980,-0.1708,0.4520,1.4337,-0.7324,9.3994,-28.9307,1.5129,,
DATA,A003,2,775,821990,-0.1900,0.2415,1.4093,-3.2959,16.4795,-25.8179,1.4424,,
DATA,A003,2,776,822000,-0.0765,0.1590,1.3251,5.7983,19.9585,-33.6914,1.3368,,
DATA,A003,2,777,822010,0.0455,0.2293,1.2665,21.0571,33.5083,-35.0952,1.2879,,
DATA,A003,2,778,822020,-0.0018,0.2603,1.2113,27.6489,42.4805,-39.7949,1.2390,,
DATA,A003,2,779,822030,0.0565,0.3121,1.1703,26.0010,44.0674,-40.5273,1.2125,,
DATA,A003,2,780,822040,0.0458,0.3318,1.1256,24.9023,50.1099,-40.5884,1.1744,,
DATA,A003,2,781,822050,0.0451,0.3282,1.1039,23.3154,53.1006,-40.5273,1.1525,,
EVENT,A003,2,,822059,,,,,,,,STOP,781
EVENT,A003,3,,826364,,,,,,,,START,
DATA,A003,3,1,826387,0.2948,0.1028,0.9723,-11.1084,63.9648,-36.2549,1.0212,,
DATA,A003,3,2,826397,0.3107,0.1580,0.8744,-8.7280,84.5947,-33.7524,0.9413,,
DATA,A003,3,3,826407,0.1998,0.2012,0.8170,-4.6997,94.7876,-33.5083,0.8648,,
DATA,A003,3,4,826417,-0.1007,0.2088,0.7648,6.7749,85.3882,-36.1938,0.7991,,
DATA,A003,3,5,826427,-0.2225,0.2820,0.7374,18.7988,58.5938,-29.4800,0.8203,,
DATA,A003,3,6,826437,-0.2218,0.4061,0.7762,26.0620,-5.7983,-1.0986,0.9037,,
DATA,A003,3,7,826447,-0.0514,0.3843,0.8302,25.3296,-31.4941,5.5542,0.9163,,
DATA,A003,3,8,826457,0.1061,0.3704,0.8707,21.9116,-40.7715,19.3481,0.9522,,
DATA,A003,3,9,826467,0.1583,0.3484,0.8849,19.4092,-33.9355,22.0337,0.9641,,
DATA,A003,3,10,826477,0.2426,0.3045,0.8695,20.2637,-12.1460,26.9775,0.9527,,
DATA,A003,3,11,826487,0.2946,0.2906,0.8627,23.4375,9.0332,33.2642,0.9568,,
DATA,A003,3,12,826497,0.3241,0.3135,0.8610,22.7051,47.6074,43.9453,0.9719,,
DATA,A003,3,13,826507,0.3229,0.2950,0.8363,18.1274,76.2939,49.4385,0.9437,,
DATA,A003,3,14,826517,0.3029,0.3213,0.7902,12.0239,117.0044,61.2183,0.9052,,
DATA,A003,3,15,826527,0.2836,0.2950,0.7887,11.9019,143.2495,72.0215,0.8885,,
DATA,A003,3,16,826537,0.6696,0.2613,0.7618,27.4658,169.2505,110.7178,1.0474,,
DATA,A003,3,17,826547,0.6452,0.3145,0.5922,55.9082,203.2471,160.7056,0.9305,,
DATA,A003,3,18,826557,0.0033,0.4837,0.7062,92.3462,284.1797,167.7246,0.8559,,
DATA,A003,3,19,826567,-0.0553,0.6749,0.6222,106.1401,288.2690,149.4141,0.9196,,
DATA,A003,3,20,826577,-0.2633,0.8516,0.5655,130.5542,263.3057,185.2417,1.0557,,
DATA,A003,3,21,826587,-0.1485,1.1553,0.6529,109.4360,246.9482,196.4722,1.3354,,
DATA,A003,3,22,826597,-0.2340,0.9503,0.7421,49.6826,251.8311,176.3306,1.2282,,
DATA,A003,3,23,826607,-0.2333,0.7286,0.7599,26.5503,248.5352,173.0347,1.0783,,
DATA,A003,3,24,826617,-0.2623,0.5894,0.8119,29.9683,232.7881,179.9927,1.0370,,
DATA,A003,3,25,826627,-0.2447,0.6177,0.8653,52.9785,227.6611,194.9463,1.0910,,
DATA,A003,3,26,826637,-0.2399,0.6920,0.8661,56.7017,228.9429,202.2705,1.1342,,
DATA,A003,3,27,826647,-0.2689,0.7173,0.8426,40.4663,235.4736,207.2144,1.1388,,
DATA,A003,3,28,826657,-0.3129,0.6837,0.8021,28.0762,235.7788,209.4727,1.0994,,
DATA,A003,3,29,826667,-0.4396,0.5157,0.7152,16.9678,223.9990,216.4307,0.9852,,
DATA,A003,3,30,826677,-0.4833,0.4820,0.7201,19.2261,207.0923,215.8203,0.9922,,
DATA,A003,3,31,826687,-0.4076,0.5071,0.7284,22.0337,175.4761,212.4634,0.9767,,
DATA,A003,3,32,826697,-0.3465,0.4927,0.7613,21.9727,155.4565,219.4824,0.9708,,
DATA,A003,3,33,826707,-0.3446,0.4395,0.8238,23.2544,140.1367,219.0552,0.9953,,
DATA,A003,3,34,826717,-0.3185,0.4442,0.8622,27.3438,146.2402,214.0503,1.0208,,
DATA,A003,3,35,826727,-0.2882,0.4234,0.8790,30.2734,164.4287,213.2568,1.0173,,
DATA,A003,3,36,826737,-0.3060,0.3631,0.9071,29.4800,177.4902,215.3320,1.0239,,
DATA,A003,3,37,826747,-0.3983,0.2889,0.9957,31.7993,190.7959,214.5386,1.1107,,
DATA,A003,3,38,826757,-0.4969,0.3001,1.0370,37.1094,193.2373,212.6465,1.1884,,
DATA,A003,3,39,826767,-0.6417,0.3697,1.0926,46.9360,179.1992,211.7310,1.3200,,
DATA,A003,3,40,826777,-0.6737,0.4190,1.1031,49.6216,166.9922,210.2661,1.3588,,
DATA,A003,3,41,826787,-0.4852,0.4725,1.1788,50.2319,177.6733,197.1436,1.3595,,
DATA,A003,3,42,826797,-0.5006,0.5027,1.2196,49.9878,224.7925,182.1289,1.4109,,
DATA,A003,3,43,826807,-0.6827,0.5223,1.1249,29.0527,336.4868,141.9067,1.4157,,
DATA,A003,3,44,826817,-0.9142,0.4532,0.9769,10.5591,393.7378,127.7466,1.4126,,
DATA,A003,3,45,826827,-1.1642,0.2925,0.8878,-2.9907,395.1416,132.5684,1.4930,,
DATA,A003,3,46,826837,-1.2233,0.1856,0.8566,-6.1646,346.8018,133.6670,1.5048,,
DATA,A003,3,47,826847,-1.1659,0.0421,0.8485,-6.1646,245.8496,120.6665,1.4426,,
DATA,A003,3,48,826857,-1.0616,-0.0319,0.8168,-6.2256,184.0210,108.0322,1.3398,,
DATA,A003,3,49,826867,-0.8646,-0.1328,0.7948,-3.5400,109.3140,92.5903,1.1819,,
DATA,A003,3,50,826877,-0.7640,-0.1625,0.8207,3.2349,81.1157,83.6792,1.1330,,
DATA,A003,3,51,826887,-0.6295,-0.2006,0.9261,12.6953,66.2842,65.0635,1.1377,,
DATA,A003,3,52,826897,-0.5616,-0.2055,0.9962,14.2822,64.8804,50.3540,1.1619,,
DATA,A003,3,53,826907,-0.5941,-0.2641,1.0045,6.8359,67.9932,29.7852,1.1966,,
DATA,A003,3,54,826917,-0.6837,-0.2978,1.0316,14.7095,72.3267,18.9819,1.2729,,
DATA,A003,3,55,826927,-0.8614,-0.2678,1.1229,33.0200,74.3408,-3.0518,1.4404,,
DATA,A003,3,56,826937,-0.9652,-0.1923,1.1947,36.9873,71.4722,-21.6064,1.5479,,
DATA,A003,3,57,826947,-1.0858,-0.0461,1.3258,28.8086,56.3354,-52.8564,1.7143,,
DATA,A003,3,58,826957,-1.1385,0.0250,1.3644,19.5312,40.6494,-73.7305,1.7772,,
DATA,A003,3,59,826967,-1.1808,0.0823,1.3727,16.6626,21.2402,-94.1162,1.8125,,
DATA,A003,3,60,826977,-1.2130,0.1612,1.3429,9.8267,-7.0190,-127.7466,1.8168,,
DATA,A003,3,61,826987,-1.2157,0.2064,1.3046,-0.9766,-22.4609,-149.2310,1.7951,,
DATA,A003,3,62,826997,-1.2064,0.2916,1.2384,-16.4185,-37.4756,-178.8330,1.7533,,
DATA,A003,3,63,827007,-1.1888,0.3575,1.1832,-23.4985,-42.9688,-196.3501,1.7150,,
DATA,A003,3,64,827017,-1.1586,0.4498,1.1832,-32.4707,-51.2085,-217.7734,1.7160,,
DATA,A003,3,65,827027,-1.1319,0.5169,1.2269,-39.3066,-55.8472,-228.8818,1.7475,,
DATA,A003,3,66,827037,-1.0677,0.6346,1.3221,-51.2085,-61.0962,-241.2109,1.8141,,
DATA,A003,3,67,827047,-1.0101,0.7339,1.3666,-61.2183,-60.5469,-246.3989,1.8511,,
DATA,A003,3,68,827057,-1.0006,0.8629,1.4064,-82.2754,-61.4014,-251.7090,1.9297,,
DATA,A003,3,69,827067,-1.0126,0.9229,1.4076,-100.2808,-62.6831,-252.9297,1.9643,,
DATA,A003,3,70,827077,-1.0365,1.0008,1.4110,-123.8403,-70.6177,-246.2769,2.0166,,
DATA,A003,3,71,827087,-1.0443,1.0850,1.3937,-132.2632,-77.2705,-236.5723,2.0519,,
DATA,A003,3,72,827097,-1.0611,1.2305,1.3219,-142.1509,-86.2427,-216.3086,2.0947,,
DATA,A003,3,73,827107,-1.0697,1.3260,1.2428,-148.8647,-89.6606,-201.1108,2.1088,,
DATA,A003,3,74,827117,-0.9530,1.3416,1.1132,-155.4565,-92.7124,-172.6685,1.9868,,
DATA,A003,3,75,827127,-0.9515,1.4898,0.8815,-153.5034,-87.7075,-148.3765,1.9753,,
DATA,A003,3,76,827137,-0.7320,1.5394,0.7396,-144.5312,-70.1294,-128.0518,1.8581,,
DATA,A003,3,77,827147,-0.6105,1.4900,0.6363,-144.6533,-44.6777,-105.8960,1.7314,,
DATA,A003,3,78,827157,-0.4962,1.3096,0.5121,-142.5781,7.0801,-77.4536,1.4912,,
DATA,A003,3,79,827167,-0.4647,1.1646,0.4496,-136.1694,45.7153,-63.7207,1.3321,,
DATA,A003,3,80,827177,-0.4735,0.9835,0.3705,-120.2393,97.2900,-48.7061,1.1527,,
DATA,A003,3,81,827187,-0.4857,0.8963,0.3133,-106.5674,125.2441,-41.8701,1.0665,,
DATA,A003,3,82,827197,-0.4982,0.7955,0.2486,-87.0972,153.4424,-34.8511,0.9710,,
DATA,A003,3,83,827207,-0.4906,0.7335,0.2074,-77.5757,163.4521,-29.6631,0.9064,,
DATA,A003,3,84,827217,-0.4725,0.6299,0.1456,-64.8804,164.2456,-21.1182,0.8008,,
DATA,A003,3,85,827227,-0.4588,0.5670,0.1110,-53.8940,155.7617,-14.7095,0.7378,,
DATA,A003,3,86,827237,-0.4144,0.5023,0.0697,-36.0107,132.0190,-2.6245,0.6549,,
DATA,A003,3,87,827247,-0.3768,0.4722,0.0531,-24.9634,110.8398,6.6528,0.6065,,
DATA,A003,3,88,827257,-0.3041,0.4395,0.0507,-14.6484,76.4160,19.6533,0.5368,,
DATA,A003,3,89,827267,-0.2460,0.4214,0.0487,-10.8643,57.4341,25.9399,0.4904,,
DATA,A003,3,90,827277,-0.1195,0.4031,0.0221,-8.7280,38.3301,32.2876,0.4211,,
DATA,A003,3,91,827287,-0.0370,0.3987,-0.0048,-7.2021,33.0200,33.9355,0.4005,,
DATA,A003,3,92,827297,0.0380,0.3885,-0.0355,-5.3711,36.6211,34.3628,0.3920,,
DATA,A003,3,93,827307,0.1493,0.3372,-0.0563,-4.6997,54.9927,37.9639,0.3731,,
DATA,A003,3,94,827317,0.1781,0.2645,-0.0724,-5.6152,69.8242,42.8467,0.3270,,
DATA,A003,3,95,827327,0.1840,0.1299,-0.0997,-4.3945,90.6982,50.8423,0.2463,,
DATA,A003,3,96,827337,0.1403,0.0399,-0.0868,0.8545,102.7832,56.8237,0.1697,,
DATA,A003,3,97,827347,0.0441,-0.0488,0.0104,15.7471,119.9951,63.4766,0.0666,,
DATA,A003,3,98,827357,-0.0382,-0.0646,0.1420,27.4048,143.4937,62.9883,0.1606,,
DATA,A003,3,99,827367,-0.1630,-0.0180,0.3986,41.0767,193.7256,51.2695,0.4310,,
DATA,A003,3,100,827377,-0.2897,0.0445,0.5402,42.9688,249.3286,46.2036,0.6145,,
DATA,A003,3,101,827387,-0.3551,0.0630,0.5467,20.8130,339.8438,40.2222,0.6550,,
DATA,A003,3,102,827397,-0.5336,-0.0349,0.4357,-4.6387,360.2905,50.5371,0.6897,,
DATA,A003,3,103,827407,-0.9298,-0.2612,0.1058,-34.1797,377.4414,81.9702,0.9716,,
DATA,A003,3,104,827417,-1.3067,-0.3701,-0.1608,-33.0200,355.3467,91.4917,1.3676,,
DATA,A003,3,105,827427,-2.1351,-0.2617,-0.2037,18.6157,261.2915,82.7637,2.1607,,
DATA,A003,3,106,827437,-2.6671,-0.0121,-0.0226,65.5518,176.4526,60.4248,2.6672,,
DATA,A003,3,107,827447,-3.0111,0.5435,0.5782,113.8916,61.8286,26.9775,3.1139,,
DATA,A003,3,108,827457,-2.8880,0.9986,0.9164,106.2012,-12.2681,19.4092,3.1903,,
DATA,A003,3,109,827467,-2.5292,1.4542,1.0338,32.5928,-122.0703,36.4380,3.0952,,
DATA,A003,3,110,827477,-2.1669,1.4024,1.0673,-33.7524,-161.8652,43.8843,2.7930,,
DATA,A003,3,111,827487,-1.5968,0.9844,1.0553,-113.0371,-130.6152,51.7578,2.1523,,
DATA,A003,3,112,827497,-1.3656,0.6573,0.9808,-141.6626,-102.7222,63.7207,1.8052,,
DATA,A003,3,113,827507,-1.1334,0.2977,0.7897,-147.7051,-48.6450,78.3691,1.4131,,
DATA,A003,3,114,827517,-1.0172,0.1641,0.6464,-137.2681,-13.9160,88.2568,1.2163,,
DATA,A003,3,115,827527,-0.8124,0.0997,0.4994,-121.3989,43.3350,106.9946,0.9588,,
DATA,A003,3,116,827537,-0.6871,0.1028,0.4049,-115.7837,82.5195,120.3613,0.8041,,
DATA,A003,3,117,827547,-0.5487,0.0999,0.3365,-115.5396,131.4087,138.4888,0.6514,,
DATA,A003,3,118,827557,-0.5096,0.0633,0.3463,-119.6289,153.2593,147.0947,0.6194,,
DATA,A003,3,119,827567,-0.5133,-0.0605,0.4664,-124.9390,165.5273,149.2920,0.6962,,
DATA,A003,3,120,827577,-0.5421,-0.1691,0.5560,-126.2817,159.4238,145.3857,0.7948,,
DATA,A003,3,121,827587,-0.5968,-0.3532,0.6615,-123.5352,138.9771,137.0850,0.9584,,
DATA,A003,3,122,827597,-0.6398,-0.4794,0.7372,-117.0044,120.3003,130.3101,1.0875,,
DATA,A003,3,123,827607,-0.6383,-0.6664,0.8033,-104.2480,98.8159,119.1406,1.2235,,
DATA,A003,3,124,827617,-0.5878,-0.8200,0.8182,-96.1914,86.5479,109.0088,1.2990,,
DATA,A003,3,125,827627,-0.5406,-1.1064,0.8859,-79.4067,83.0078,92.5293,1.5169,,
DATA,A003,3,126,827637,-0.5499,-1.3232,0.9288,-63.5376,93.9941,78.5522,1.7076,,
DATA,A003,3,127,827647,-0.6305,-1.5466,0.9764,-48.4619,107.3608,53.8940,1.9346,,
DATA,A003,3,128,827657,-1.1202,-1.8161,0.8942,-23.8647,96.6797,13.1836,2.3136,,
DATA,A003,3,129,827667,-1.6085,-1.9040,0.7897,-3.6621,83.0688,-14.5874,2.6146,,
DATA,A003,3,130,827677,-2.2486,-1.7556,0.6263,33.1421,34.8511,-80.5664,2.9207,,
DATA,A003,3,131,827687,-2.6153,-1.5170,0.5770,55.1758,-14.6484,-138.3057,3.0780,,
DATA,A003,3,132,827697,-2.9442,-1.0510,0.6273,74.2188,-95.5200,-236.4502,3.1885,,
DATA,A003,3,133,827707,-2.9852,-0.7023,0.6778,76.3550,-153.6865,-297.7905,3.1407,,
DATA,A003,3,134,827717,-3.0953,-0.1359,0.6188,53.1616,-250.7324,-353.0884,3.1595,,
DATA,A003,3,135,827727,-3.2123,0.1920,0.4164,23.6816,-285.4614,-386.5356,3.2448,,
DATA,A003,3,136,827737,-3.3702,0.4385,0.1449,-16.5405,-295.4712,-431.5186,3.4017,,
DATA,A003,3,137,827747,-3.3065,0.5579,0.0448,-22.3999,-285.0952,-446.3501,3.3535,,
DATA,A003,3,138,827757,-3.0965,0.8025,-0.0053,-17.0288,-259.7046,-442.3828,3.1989,,
DATA,A003,3,139,827767,-2.9271,1.0692,0.0001,-21.3013,-248.5352,-431.2744,3.1163,,
DATA,A003,3,140,827777,-2.5047,1.2855,-0.0040,-49.1943,-220.9473,-411.6211,2.8153,,
DATA,A003,3,141,827787,-2.1454,1.3358,0.0050,-63.1104,-207.1533,-390.1367,2.5272,,
DATA,A003,3,142,827797,-1.5306,1.2618,-0.0104,-67.4438,-169.9829,-347.4731,1.9837,,
DATA,A003,3,143,827807,-1.1725,1.1182,0.0502,-66.1621,-141.0522,-315.0024,1.6210,,
DATA,A003,3,144,827817,-0.7926,0.7584,0.1249,-75.8057,-102.9663,-274.9634,1.1040,,
DATA,A003,3,145,827827,-0.5885,0.4886,0.1234,-78.5522,-75.9277,-259.2773,0.7748,,
DATA,A003,3,146,827837,-0.3895,0.2166,0.0568,-54.2603,-46.2646,-237.3047,0.4493,,
DATA,A003,3,147,827847,-0.3204,0.1590,-0.0053,-23.5596,-30.7617,-218.6279,0.3577,,
DATA,A003,3,148,827857,-0.2872,0.2498,-0.0971,21.0571,-15.8691,-186.2183,0.3928,,
DATA,A003,3,149,827867,-0.3002,0.3680,-0.2343,36.7432,-14.8926,-165.7104,0.5295,,
DATA,A003,3,150,827877,-0.2316,0.5169,-0.3942,48.4009,-21.2402,-138.1226,0.6901,,
DATA,A003,3,151,827887,-0.1029,0.6119,-0.5260,56.3965,-29.2969,-118.2251,0.8134,,
DATA,A003,3,152,827897,0.1554,0.7266,-0.6945,72.8760,-41.7480,-78.1860,1.0171,,
DATA,A003,3,153,827907,0.3527,0.7650,-0.7221,84.1064,-45.1050,-45.7153,1.1095,,
DATA,A003,3,154,827917,0.5890,0.7327,-0.6366,88.6230,-44.7388,-2.1362,1.1354,,
DATA,A003,3,155,827927,0.6464,0.6619,-0.6766,77.8809,-12.1460,24.5361,1.1462,,
DATA,A003,3,156,827937,0.6466,0.4349,-0.5194,74.0356,21.3623,53.4668,0.9365,,
DATA,A003,3,157,827947,0.5387,0.3216,-0.5114,91.6138,67.5049,75.5005,0.8094,,
DATA,A003,3,158,827957,0.4896,0.3482,-0.4032,138.9771,113.8306,113.0981,0.7236,,
DATA,A003,3,159,827967,0.4794,0.4791,-0.2421,166.0767,140.1978,142.7002,0.7197,,
DATA,A003,3,160,827977,0.4472,0.6378,-0.0939,180.3589,158.0811,171.3867,0.7845,,
DATA,A003,3,161,827987,0.4533,0.8135,0.1608,180.6030,180.8472,205.7495,0.9451,,
DATA,A003,3,162,827997,0.2929,0.9171,0.3021,166.8091,188.5376,233.5815,1.0090,,
DATA,A003,3,163,828007,0.1393,0.9859,0.2513,148.1323,204.2236,248.1079,1.0269,,
DATA,A003,3,164,828017,-0.1717,1.0384,0.2950,121.2769,226.6846,257.8735,1.0931,,
DATA,A003,3,165,828027,-0.8495,1.1417,0.5079,80.4443,270.2637,245.7275,1.5110,,
DATA,A003,3,166,828037,-1.2850,1.2442,0.6605,54.3823,298.6450,222.2290,1.9067,,
DATA,A003,3,167,828047,-1.8541,1.3970,0.7403,15.2588,278.1982,214.1724,2.4367,,
DATA,A003,3,168,828057,-2.0985,1.4776,0.8402,-13.2446,243.4692,217.6514,2.7005,,
DATA,A003,3,169,828067,-2.5004,1.4549,0.8736,-58.8989,154.2969,221.0693,3.0219,,
DATA,A003,3,170,828077,-2.7015,1.2100,0.9654,-90.8813,115.2344,222.7783,3.1136,,
DATA,A003,3,171,828087,-2.6522,0.7513,1.1547,-127.1973,91.7358,220.2759,2.9886,,
DATA,A003,3,172,828097,-2.5558,0.5215,1.2172,-132.7515,94.4824,215.0879,2.8784,,
DATA,A003,3,173,828107,-2.4967,0.4583,1.1573,-114.1968,115.4785,202.9419,2.7898,,
DATA,A003,3,174,828117,-2.4972,0.5911,1.1044,-99.6094,125.1221,195.2515,2.7937,,
DATA,A003,3,175,828127,-2.4942,0.8414,1.0284,-109.9243,112.9761,190.3687,2.8261,,
DATA,A003,3,176,828137,-2.4261,0.8594,0.9442,-140.4419,94.6045,194.0308,2.7416,,
DATA,A003,3,177,828147,-2.1879,0.6050,0.8033,-186.8286,60.0586,206.2378,2.4079,,
DATA,A003,3,178,828157,-1.9437,0.3856,0.6786,-199.8901,41.2598,214.7217,2.0946,,
DATA,A003,3,179,828167,-1.5111,0.1314,0.4789,-193.9087,18.4937,227.5391,1.5906,,
DATA,A003,3,180,828177,-1.2154,-0.0056,0.4349,-182.4951,5.9814,236.8774,1.2909,,
DATA,A003,3,181,828187,-0.8841,-0.2145,0.4708,-172.8516,5.0659,251.2207,1.0244,,
DATA,A003,3,182,828197,-0.7694,-0.4113,0.5367,-175.1099,14.7095,256.5918,1.0243,,
DATA,A003,3,183,828207,-0.6920,-0.8308,0.6298,-183.9600,45.5933,257.4463,1.2512,,
DATA,A003,3,184,828217,-0.6488,-1.1328,0.6669,-184.9365,69.3970,254.2114,1.4659,,
DATA,A003,3,185,828227,-0.5690,-1.4955,0.6478,-143.3716,86.7310,243.8354,1.7263,,
DATA,A003,3,186,828237,-0.5404,-1.4716,0.7689,-75.4395,73.2422,245.3613,1.7461,,
DATA,A003,3,187,828247,-0.5983,-1.1435,0.9842,-5.7373,32.2266,258.1177,1.6230,,
DATA,A003,3,188,828257,-0.6334,-0.9785,1.1454,1.0986,12.6953,250.7324,1.6342,,
DATA,A003,3,189,828267,-0.5821,-1.0541,1.1837,-14.8315,7.5684,209.7778,1.6886,,
DATA,A003,3,190,828277,-0.6088,-1.3212,1.2794,-4.0283,25.4517,176.6357,1.9373,,
DATA,A003,3,191,828287,-1.0851,-1.3788,1.4596,39.7339,-9.2773,120.9717,2.2823,,
DATA,A003,3,192,828297,-1.2679,-1.2121,1.3917,53.2227,-29.1138,83.1299,2.2391,,
DATA,A003,3,193,828307,-1.7562,-0.8764,1.3822,64.8804,-101.9287,34.4238,2.4006,,
DATA,A003,3,194,828317,-2.1017,-0.6342,1.2186,42.0532,-138.9771,-6.1035,2.5108,,
DATA,A003,3,195,828327,-2.4762,-0.5204,1.0585,-2.3804,-173.8281,-49.1333,2.7428,,
DATA,A003,3,196,828337,-2.9513,-0.5402,0.7340,-82.8247,-234.9243,-121.5820,3.0888,,
DATA,A003,3,197,828347,-3.0533,-0.6765,0.3986,-119.9951,-258.7280,-166.2598,3.1527,,
DATA,A003,3,198,828357,-3.0084,-0.8608,-0.0014,-129.5776,-245.8496,-228.3325,3.1291,,
DATA,A003,3,199,828367,-2.9435,-0.8422,-0.2567,-126.0376,-209.5947,-266.7847,3.0723,,
DATA,A003,3,200,828377,-2.9000,-0.5834,-0.4674,-132.8125,-117.0654,-325.0732,2.9948,,
DATA,A003,3,201,828387,-2.9317,-0.4077,-0.5402,-142.1509,-47.3633,-372.0703,3.0088,,
DATA,A003,3,202,828397,-3.2904,-0.0463,-0.5582,-132.6294,36.3159,-421.1426,3.3377,,
DATA,A003,3,203,828407,-3.4913,0.3379,-0.6139,-90.9424,62.8662,-454.2236,3.5610,,
DATA,A003,3,204,828417,-3.7557,0.9676,-0.7924,-29.6631,53.0396,-472.8394,3.9585,,
DATA,A003,3,205,828427,-3.8043,1.3733,-0.7748,-12.5122,31.5552,-465.0269,4.1181,,
DATA,A003,3,206,828437,-3.5672,1.7789,-0.7684,-10.0098,3.7842,-440.7959,4.0596,,
DATA,A003,3,207,828447,-3.1752,2.1221,-0.8793,29.4800,6.7749,-432.1899,3.9190,,
DATA,A003,3,208,828457,-2.4095,3.0711,-0.9037,185.3027,40.7715,-374.6948,4.0068,,
DATA,A003,3,209,828467,-1.8990,3.7269,-0.7540,238.9526,86.0596,-325.2563,4.2502,,
DATA,A003,3,210,828477,-1.3063,3.0814,-0.5006,210.3882,138.4277,-284.8511,3.3840,,
DATA,A003,3,211,828487,-0.9835,2.3611,-0.3192,231.0181,159.9731,-267.7612,2.5776,,
DATA,A003,3,212,828497,-0.4684,1.9686,-0.0697,329.2847,149.8413,-235.7788,2.0247,,
DATA,A003,3,213,828507,-0.2433,1.9920,0.0782,380.8594,106.8115,-209.0454,2.0083,,
DATA,A003,3,214,828517,-0.1078,1.9844,0.1661,390.6860,23.4985,-175.9644,1.9943,,
DATA,A003,3,215,828527,-0.0975,1.8577,0.1649,365.4175,-35.6445,-159.0576,1.8676,,
DATA,A003,3,216,828537,-0.1905,1.5748,0.0240,312.6221,-135.0098,-135.1318,1.5864,,
DATA,A003,3,217,828547,-0.2001,1.3873,-0.1254,281.3110,-192.8101,-124.0845,1.4072,,
DATA,A003,3,218,828557,-0.0538,1.1771,-0.2396,248.2300,-257.7515,-110.2295,1.2024,,
DATA,A003,3,219,828567,0.1386,1.1185,-0.2401,235.8398,-277.0996,-99.3652,1.1523,,
DATA,A003,3,220,828577,0.5033,1.1129,-0.1881,222.1069,-262.4512,-84.1064,1.2358,,
DATA,A003,3,221,828587,0.7306,1.1265,-0.1344,212.0972,-219.7876,-73.0591,1.3494,,
DATA,A003,3,222,828597,0.9938,1.1424,0.0157,188.2935,-123.1689,-51.4526,1.5142,,
DATA,A003,3,223,828607,1.0543,1.1507,0.1178,166.5649,-51.7578,-36.4380,1.5651,,
DATA,A003,3,224,828617,0.9323,1.1746,0.1730,133.9111,59.8755,-13.7329,1.5096,,
DATA,A003,3,225,828627,0.7836,1.1968,0.1661,115.8447,129.0283,0.5493,1.4401,,
DATA,A003,3,226,828637,0.5438,1.2076,0.1271,88.1348,212.0972,21.9727,1.3305,,
DATA,A003,3,227,828647,0.3969,1.1758,0.1119,65.6128,250.7324,37.7197,1.2460,,
DATA,A003,3,228,828657,0.1947,1.0755,0.1244,29.9072,285.9497,64.2090,1.1000,,
DATA,A003,3,229,828667,0.0563,0.9749,0.1449,10.0098,290.4053,83.1909,0.9872,,
DATA,A003,3,230,828677,-0.0719,0.8714,0.2113,-4.8218,283.0200,101.4404,0.8995,,
DATA,A003,3,231,828687,-0.2665,0.7603,0.3973,-18.0054,255.1270,124.5117,0.8983,,
DATA,A003,3,232,828697,-0.3812,0.7349,0.4989,-26.1230,236.9995,136.9629,0.9666,,
DATA,A003,3,233,828707,-0.7543,0.7449,0.5309,-45.0439,211.4258,157.3486,1.1856,,
DATA,A003,3,234,828717,-1.1293,0.8348,0.5575,-55.7861,208.2520,171.3867,1.5109,,
DATA,A003,3,235,828727,-1.6144,1.0494,0.5963,-65.1245,228.0273,180.4810,2.0157,,
DATA,A003,3,236,828737,-1.9410,1.1805,0.7076,-75.1343,236.0840,195.5566,2.3795,,
DATA,A003,3,237,828747,-2.3734,1.2244,0.8199,-109.2529,233.9478,224.3652,2.7937,,
DATA,A003,3,238,828757,-2.5738,1.1248,0.7889,-131.0425,214.1113,237.1216,2.9176,,
DATA,A003,3,239,828767,-2.7118,1.0433,0.7958,-131.5918,184.6924,244.5679,3.0125,,
DATA,A003,3,240,828777,-2.6691,1.1402,0.7960,-122.1924,183.8379,233.5205,3.0096,,
DATA,A003,3,241,828787,-2.5389,1.2952,0.7369,-129.6387,190.4297,203.0640,2.9439,,
DATA,A003,3,242,828797,-2.4398,1.2674,0.6847,-153.0762,190.6738,182.4951,2.8333,,
DATA,A003,3,243,828807,-2.1703,0.9568,0.6153,-195.1904,179.9316,159.1797,2.4504,,
DATA,A003,3,244,828817,-1.9850,0.6775,0.5751,-215.0269,167.2974,147.3389,2.1748,,
DATA,A003,3,245,828827,-1.6197,0.3126,0.6595,-228.3936,142.5171,126.8921,1.7766,,
DATA,A003,3,246,828837,-1.2494,0.2186,1.3153,-263.9771,104.4922,128.7231,1.8272,,
DATA,A003,3,247,828847,0.4281,-0.1242,0.1456,-567.5049,188.0493,154.8462,0.4690,,
DATA,A003,3,248,828857,-0.2640,-1.1379,-0.0397,-519.1040,372.3755,224.5483,1.1688,,
DATA,A003,3,249,828867,-2.0716,0.5242,-0.5094,163.8184,456.0547,87.9517,2.1968,,
DATA,A003,3,250,828877,-2.4347,1.1341,-0.5331,404.9683,289.7949,11.5967,2.7382,,
DATA,A003,3,251,828887,-1.6593,1.3267,0.6805,-27.5269,-50.9033,62.3779,2.2308,,
DATA,A003,3,252,828897,-1.2081,0.5784,0.4484,-382.5684,-190.4297,67.5659,1.4125,,
DATA,A003,3,253,828907,-0.7220,-0.5500,0.0677,-534.9731,-257.4463,79.5288,0.9102,,
DATA,A003,3,254,828917,-0.4073,-1.1386,-0.2431,-421.6919,-223.2666,63.6597,1.2335,,
DATA,A003,3,255,828927,0.0482,-1.3054,0.1590,-96.4966,-179.0771,34.0576,1.3159,,
DATA,A003,3,256,828937,0.0238,-0.8261,0.3939,7.7515,-146.2402,51.8799,0.9155,,
DATA,A003,3,257,828947,-0.3490,-0.4020,0.4711,-36.6821,-67.9932,75.1953,0.7109,,
DATA,A003,3,258,828957,-0.7770,-0.5153,0.4049,-120.4224,-32.2266,78.0640,1.0165,,
DATA,A003,3,259,828967,-1.4422,-1.2658,0.2184,-205.3833,-26.9775,46.1426,1.9313,,
DATA,A003,3,260,828977,-1.7865,-1.7004,0.0152,-193.2373,-51.8188,5.0049,2.4664,,
DATA,A003,3,261,828987,-2.0343,-2.2929,0.0328,-73.4253,-103.5767,-61.5234,3.0654,,
DATA,A003,3,262,828997,-1.9757,-1.7072,0.0060,40.1611,-130.2490,-117.6758,2.6111,,
DATA,A003,3,263,829007,-2.0001,-1.0136,0.2443,105.4077,-139.2212,-150.6958,2.2555,,
DATA,A003,3,264,829017,-2.6507,-0.1105,0.6153,137.3901,-93.8721,-185.8521,2.7235,,
DATA,A003,3,265,829027,-3.1029,0.4227,0.7826,126.4648,-50.9644,-243.1641,3.2279,,
DATA,A003,3,266,829037,-3.4545,0.7457,0.6796,85.0830,-52.8564,-314.3921,3.5988,,
DATA,A003,3,267,829047,-3.4974,0.7725,0.5118,77.0874,-109.1919,-305.4810,3.6181,,
DATA,A003,3,268,829057,-3.3124,0.8221,0.2750,96.4355,-213.3789,-314.3921,3.4239,,
DATA,A003,3,269,829067,-3.0458,0.9925,0.1190,121.3379,-255.1880,-331.1157,3.2056,,
DATA,A003,3,270,829077,-2.4930,1.5462,-0.0402,162.4756,-257.5073,-335.9985,2.9339,,
DATA,A003,3,271,829087,-2.1088,1.4888,-0.1312,173.4619,-239.6240,-318.7866,2.5847,,
DATA,A003,3,272,829097,-1.5631,2.1141,-0.1993,164.9170,-201.5991,-276.4893,2.6367,,
DATA,A003,3,273,829107,-1.2501,1.7977,-0.1915,108.8867,-175.4761,-257.1411,2.1980,,
DATA,A003,3,274,829117,-0.9054,1.0919,-0.2431,47.7295,-129.6997,-253.6011,1.4391,,
DATA,A003,3,275,829127,-0.7672,0.7276,-0.2638,51.1475,-95.8252,-252.3804,1.0898,,
DATA,A003,3,276,829137,-0.6520,0.5242,-0.2848,100.0977,-47.0581,-242.0654,0.8837,,
DATA,A003,3,277,829147,-0.6085,0.5945,-0.2780,133.3618,-18.8599,-227.6611,0.8950,,
DATA,A003,3,278,829157,-0.5343,0.8375,-0.2841,151.1841,0.7935,-204.2847,1.0332,,
DATA,A003,3,279,829167,-0.4764,0.9915,-0.2899,140.6860,3.7842,-190.8569,1.1376,,
DATA,A003,3,280,829177,-0.3314,1.0970,-0.3095,109.6802,2.8076,-173.2788,1.1870,,
DATA,A003,3,281,829187,-0.1937,1.0630,-0.3231,87.5854,7.8735,-163.0859,1.1278,,
DATA,A003,3,282,829197,0.0175,0.9351,-0.3036,61.1572,17.8223,-150.3296,0.9833,,
DATA,A003,3,283,829207,0.1430,0.8416,-0.2760,48.6450,28.5034,-143.7378,0.8972,,
DATA,A003,3,284,829217,0.2872,0.7469,-0.2238,38.5132,48.7061,-137.3901,0.8309,,
DATA,A003,3,285,829227,0.3617,0.7244,-0.1837,34.5459,63.7207,-134.2163,0.8303,,
DATA,A003,3,286,829237,0.3956,0.7691,-0.1757,28.9307,82.3975,-124.2676,0.8826,,
DATA,A003,3,287,829247,0.3795,0.8016,-0.1803,21.3623,91.4307,-113.1592,0.9050,,
DATA,A003,3,288,829257,0.3075,0.7964,-0.1842,4.2725,97.4121,-91.0645,0.8734,,
DATA,A003,3,289,829267,0.2721,0.7488,-0.1681,-6.6528,96.4966,-74.5850,0.8143,,
DATA,A003,3,290,829277,0.2421,0.6795,-0.1071,-12.6343,88.0737,-48.5840,0.7292,,
DATA,A003,3,291,829287,0.2475,0.6583,-0.0033,-9.2163,77.3926,-30.5786,0.7032,,
DATA,A003,3,292,829297,0.2623,0.6949,0.1920,-1.3428,59.9365,1.8311,0.7672,,
DATA,A003,3,293,829307,0.2235,0.7315,0.1720,-4.6387,67.2607,33.2642,0.7840,,
DATA,A003,3,294,829317,0.0226,0.7261,0.2455,-8.4229,80.6274,82.9468,0.7668,,
DATA,A003,3,295,829327,-0.2506,0.7615,0.3688,0.0000,92.7124,110.6567,0.8825,,
DATA,A003,3,296,829337,-0.7677,0.9122,0.6935,10.7422,115.7837,136.6577,1.3792,,
DATA,A003,3,297,829347,-1.1637,1.0662,0.9818,12.4512,125.3662,145.5078,1.8587,,
DATA,A003,3,298,829357,-1.4933,1.2454,1.1835,8.2397,126.0376,154.6631,2.2763,,
DATA,A003,3,299,829367,-1.8016,1.4546,1.3341,3.4180,97.1680,173.3398,2.6724,,
DATA,A003,3,300,829377,-1.9696,1.5823,1.4408,3.1738,72.0825,169.7998,2.9084,,
DATA,A003,3,301,829387,-2.0819,1.6636,1.4654,-16.7847,54.4434,147.0947,3.0413,,
DATA,A003,3,302,829397,-2.1275,1.4031,1.3895,-60.1196,30.3345,135.5591,2.9028,,
DATA,A003,3,303,829407,-2.0653,1.0999,1.3275,-83.1909,11.3525,126.5869,2.6903,,
DATA,A003,3,304,829417,-1.8976,0.8013,1.2360,-95.6421,-8.3008,117.9810,2.4022,,
DATA,A003,3,305,829427,-1.4745,0.4456,1.0614,-97.9614,-32.1045,110.4736,1.8706,,
DATA,A003,3,306,829437,-1.1490,0.2757,0.9322,-95.8252,-41.9312,112.2437,1.5051,,
DATA,A003,3,307,829447,-0.7123,0.0984,0.7003,-92.1631,-49.5605,122.1313,1.0037,,
DATA,A003,3,308,829457,-0.4852,0.0242,0.6027,-87.0972,-39.3066,128.5400,0.7741,,
DATA,A003,3,309,829467,-0.2491,-0.0654,0.5228,-72.9980,7.2021,134.4604,0.5828,,
DATA,A003,3,310,829477,-0.1483,-0.1164,0.5023,-58.4106,51.0254,137.3291,0.5365,,
DATA,A003,3,311,829487,-0.1080,-0.1887,0.4925,-34.0576,123.1689,143.1274,0.5384,,
DATA,A003,3,312,829497,-0.1639,-0.2336,0.4503,-18.6768,165.3442,146.3623,0.5331,,
DATA,A003,3,313,829507,-0.3468,-0.2944,0.4061,0.9155,209.2285,149.0479,0.6098,,
DATA,A003,3,314,829517,-0.4645,-0.3266,0.4303,12.2070,219.2993,148.6206,0.7124,,
DATA,A003,3,315,829527,-0.6517,-0.3513,0.5575,29.2969,202.5146,148.1934,0.9268,,
DATA,A003,3,316,829537,-0.7677,-0.3200,0.6866,41.3208,179.8706,142.7002,1.0785,,
DATA,A003,3,317,829547,-0.8446,-0.2170,0.8541,51.1475,140.7471,117.9199,1.2206,,
DATA,A003,3,318,829557,-0.8663,-0.1674,0.9532,47.2412,102.7832,98.5718,1.2989,,
DATA,A003,3,319,829567,-0.8163,-0.2321,0.9855,16.9678,40.8936,66.4673,1.3005,,
DATA,A003,3,320,829577,-0.7474,-0.3732,0.9447,-8.4229,-5.1270,41.6870,1.2611,,
DATA,A003,3,321,829587,-0.6507,-0.6108,0.8075,-35.0342,-59.0820,3.5400,1.2036,,
DATA,A003,3,322,829597,-0.6546,-0.7329,0.6964,-39.6118,-80.4443,-18.3716,1.2044,,
DATA,A003,3,323,829607,-0.7926,-0.8447,0.5509,-28.9307,-91.9189,-48.5840,1.2826,,
DATA,A003,3,324,829617,-0.9320,-0.8813,0.5387,-13.0005,-87.5244,-73.3643,1.3912,,
DATA,A003,3,325,829627,-1.1505,-0.8276,0.6202,17.2119,-77.2095,-116.7603,1.5470,,
DATA,A003,3,326,829637,-1.2306,-0.7163,0.6451,31.3110,-75.8667,-145.0195,1.5632,,
DATA,A003,3,327,829647,-1.3314,-0.5036,0.5782,36.9263,-91.1865,-183.4717,1.5364,,
DATA,A003,3,328,829657,-1.4813,-0.3972,0.5780,32.1045,-111.8774,-203.1860,1.6389,,
DATA,A003,3,329,829667,-1.8973,-0.1874,0.7106,30.3955,-128.9062,-220.9473,2.0347,,
DATA,A003,3,330,829677,-2.1586,-0.0058,0.8649,34.0576,-129.2114,-235.0464,2.3254,,
DATA,A003,3,331,829687,-2.3788,0.3155,1.0069,30.9448,-138.7329,-247.8027,2.6023,,
DATA,A003,3,332,829697,-2.4354,0.5081,1.0438,22.0947,-159.7290,-245.1172,2.6980,,
DATA,A003,3,333,829707,-2.4564,0.6561,1.0875,15.0757,-185.3027,-243.2251,2.7653,,
DATA,A003,3,334,829717,-2.3622,0.9100,1.1486,16.6626,-198.8525,-240.0513,2.7798,,
DATA,A003,3,335,829727,-2.2367,1.1443,1.1698,21.1182,-189.6973,-237.7930,2.7714,,
DATA,A003,3,336,829737,-1.9891,1.5154,1.0983,17.2119,-154.2969,-234.8022,2.7312,,
DATA,A003,3,337,829747,-1.8441,1.6368,1.0380,6.2866,-123.5962,-230.5908,2.6753,,
DATA,A003,3,338,829757,-1.5851,1.5130,0.9225,-22.5830,-77.9419,-225.5249,2.3775,,
DATA,A003,3,339,829767,-1.4105,1.2757,0.8487,-39.0015,-50.2319,-223.3276,2.0826,,
DATA,A003,3,340,829777,-1.1380,0.9400,0.7045,-42.2363,-19.2871,-219.2383,1.6355,,
DATA,A003,3,341,829787,-0.9664,0.8226,0.6056,-30.7617,-0.9155,-213.9282,1.4062,,
DATA,A003,3,342,829797,-0.7650,0.8130,0.4772,-9.0332,19.8975,-201.3550,1.2141,,
DATA,A003,3,343,829807,-0.6415,0.8589,0.4083,-2.5024,37.9639,-191.8945,1.1472,,
DATA,A003,3,344,829817,-0.4967,0.8699,0.3048,-5.4932,61.4624,-176.6357,1.0471,,
DATA,A003,3,345,829827,-0.3959,0.8299,0.2382,-11.6577,77.2095,-167.5415,0.9498,,
DATA,A003,3,346,829837,-0.2706,0.7374,0.1583,-16.1133,96.1304,-154.6631,0.8012,,
DATA,A003,3,347,829847,-0.1932,0.6744,0.1092,-15.3198,107.1777,-147.7051,0.7100,,
DATA,A003,3,348,829857,-0.1144,0.5943,0.0609,-11.4746,119.2017,-138.4277,0.6083,,
DATA,A003,3,349,829867,-0.0804,0.5528,0.0436,-9.1553,123.2910,-134.1553,0.5603,,
DATA,A003,3,350,829877,-0.0423,0.4927,0.0465,-9.1553,125.6714,-129.8828,0.4967,,
DATA,A003,3,351,829887,-0.0292,0.4525,0.0499,-11.2915,122.3145,-127.5024,0.4561,,
DATA,A003,3,352,829897,-0.0270,0.4058,0.0594,-15.3809,107.2388,-122.4976,0.4110,,
DATA,A003,3,353,829907,-0.0211,0.3875,0.0648,-18.0054,91.6138,-118.1030,0.3935,,
DATA,A003,3,354,829917,0.0153,0.3900,0.0455,-23.5596,64.0259,-110.3516,0.3929,,
DATA,A003,3,355,829927,0.0438,0.4022,0.0162,-29.8462,49.5605,-104.3091,0.4049,,
DATA,A003,3,356,829937,0.1139,0.4200,-0.0182,-41.5649,39.4287,-95.7031,0.4355,,
DATA,A003,3,357,829947,0.1579,0.4300,-0.0575,-46.8140,38.2690,-89.5386,0.4616,,
DATA,A003,3,358,829957,0.2055,0.4510,-0.0870,-52.4902,44.9829,-78.4912,0.5032,,
DATA,A003,3,359,829967,0.2272,0.4608,-0.0956,-53.5278,51.8799,-69.6411,0.5225,,
DATA,A003,3,360,829977,0.2184,0.4744,-0.0756,-54.8706,62.3169,-54.7485,0.5277,,
DATA,A003,3,361,829987,0.1737,0.4725,-0.0380,-56.8848,66.0400,-43.8843,0.5048,,
DATA,A003,3,362,829997,0.1044,0.4261,0.1244,-60.1196,57.5562,-24.9634,0.4560,,
DATA,A003,3,363,830007,-0.0182,0.3743,0.1224,-66.5283,52.1851,-0.4883,0.3943,,
DATA,A003,3,364,830017,-0.2521,0.2215,0.1144,-71.7163,49.5605,48.2788,0.3545,,
DATA,A003,3,365,830027,-0.4779,0.1204,0.1798,-60.2417,58.7769,86.7920,0.5246,,
DATA,A003,3,366,830037,-0.8153,0.0760,0.3763,-39.5508,76.6602,127.4414,0.9012,,
DATA,A003,3,367,830047,-1.5436,0.1890,0.9833,7.3242,116.6382,171.6309,1.8399,,
DATA,A003,3,368,830057,-1.9357,0.4842,1.2635,38.2080,132.6294,186.9507,2.3617,,
DATA,A003,3,369,830067,-2.3075,1.1107,1.3868,67.7490,101.6235,219.9097,2.9123,,
DATA,A003,3,370,830077,-2.3712,1.5274,1.4571,66.7725,69.2139,226.6235,3.1747,,
DATA,A003,3,371,830087,-2.3050,1.6949,1.3544,12.7563,13.1226,195.0073,3.1655,,
DATA,A003,3,372,830097,-2.2872,1.3677,1.3068,-38.1470,-42.7246,178.3447,2.9681,,
DATA,A003,3,373,830107,-2.1857,0.5989,1.3036,-76.7822,-116.9434,150.8789,2.6144,,
DATA,A003,3,374,830117,-2.0565,0.1465,1.2535,-69.6411,-154.5410,134.8877,2.4129,,
DATA,A003,3,375,830127,-1.8114,-0.3510,1.3094,-30.7007,-193.9697,125.5493,2.2625,,
DATA,A003,3,376,830137,-1.6744,-0.4736,1.3592,0.9155,-222.2900,122.5586,2.2081,,
DATA,A003,3,377,830147,-1.5025,-0.3271,1.4178,35.8887,-269.7144,122.4976,2.0916,,
DATA,A003,3,378,830157,-1.3202,-0.1183,1.3395,44.1284,-303.5278,127.0752,1.8844,,
DATA,A003,3,379,830167,-1.0106,0.1343,1.0965,34.5459,-368.4692,143.0664,1.4973,,
DATA,A003,3,380,830177,-0.8175,0.2122,0.9486,26.3062,-399.1089,151.1841,1.2701,,
DATA,A003,3,381,830187,-0.5443,0.2657,0.8666,26.9775,-407.2266,144.2261,1.0573,,
DATA,A003,3,382,830197,-0.3541,0.2938,0.8878,33.0811,-381.1646,133.2397,0.9999,,
DATA,A003,3,383,830207,-0.0709,0.2989,0.9383,34.3018,-305.2368,117.2485,0.9873,,
DATA,A003,3,384,830217,0.0744,0.2474,0.9471,26.0620,-234.3750,104.0649,0.9817,,
DATA,A003,3,385,830227,0.2623,0.1148,0.9012,5.0659,-122.9858,82.2754,0.9456,,
DATA,A003,3,386,830237,0.3883,-0.0146,0.7389,-15.3198,-45.7153,74.7070,0.8348,,
DATA,A003,3,387,830247,0.7155,-0.4384,0.6258,-50.9033,44.4946,79.5898,1.0468,,
DATA,A003,3,388,830257,0.7128,-0.8244,0.6866,-104.3091,138.4277,134.0332,1.2881,,
DATA,A003,3,389,830267,-0.2955,-1.0849,0.0856,-149.9023,62.2559,123.8403,1.1277,,
DATA,A003,3,390,830277,-0.4601,-0.8508,0.4115,-66.6504,0.2441,-42.4194,1.0511,,
DATA,A003,3,391,830287,-0.3224,-0.1464,0.3116,66.9556,-61.2793,-80.3833,0.4717,,
DATA,A003,3,392,830297,-0.2972,0.1583,0.3094,83.3130,-89.3555,-49.8657,0.4573,,
DATA,A003,3,393,830307,-0.2848,-0.0336,0.5675,39.5508,-99.1821,-62.3169,0.6358,,
DATA,A003,3,394,830317,-0.2941,-0.2678,0.7291,2.2583,-100.8911,-96.1914,0.8305,,
DATA,A003,3,395,830327,-0.1402,-0.4138,0.6576,-30.0293,-92.9565,-132.3242,0.7895,,
DATA,A003,3,396,830337,-0.1005,-0.3757,0.6195,-30.8838,-87.7686,-133.6060,0.7314,,
DATA,A003,3,397,830347,-0.2457,-0.3002,0.8663,-17.4561,-57.3730,-142.7002,0.9492,,
DATA,A003,3,398,830357,-0.5658,-0.2812,1.2574,-7.6904,-59.4482,-151.7334,1.4072,,
DATA,A003,3,399,830367,-1.1420,-0.0727,2.0150,34.3628,-91.9189,-160.7056,2.3172,,
DATA,A003,3,400,830377,-1.2901,0.3799,2.3387,59.3872,-111.0840,-157.9590,2.6979,,
DATA,A003,3,401,830387,-1.2523,0.8604,2.1879,37.6587,-156.4941,-120.9717,2.6637,,
DATA,A003,3,402,830397,-1.1478,0.9434,2.0687,16.6016,-189.2090,-95.8862,2.5470,,
DATA,A003,3,403,830407,-0.9120,0.9708,1.7943,8.7280,-204.8950,-87.2192,2.2346,,
DATA,A003,3,404,830417,-0.6131,1.1439,0.9108,13.4277,-201.1719,-86.2427,1.5855,,
DATA,A003,3,405,830427,0.0565,1.3514,1.1058,17.7612,-182.1289,-78.6743,1.7471,,
DATA,A003,3,406,830437,-0.0065,1.1668,1.2006,-10.0098,-78.5522,-57.6172,1.6742,,
DATA,A003,3,407,830447,0.1181,0.7637,1.0763,-29.3579,-20.9961,-90.5151,1.3250,,
DATA,A003,3,408,830457,-0.0987,0.2894,1.0629,-15.1367,26.6724,-100.4028,1.1060,,
DATA,A003,3,409,830467,-0.0704,0.0921,1.0216,12.0850,37.9028,-104.7363,1.0282,,
DATA,A003,3,410,830477,-0.0421,0.0088,0.9774,40.8936,32.6538,-84.7168,0.9784,,
DATA,A003,3,411,830487,-0.0838,-0.0317,0.9383,52.0020,30.3345,-78.4912,0.9426,,
DATA,A003,3,412,830497,-0.0555,0.0457,0.8566,51.5747,18.4326,-80.7495,0.8596,,
DATA,A003,3,413,830507,-0.1161,0.0574,0.7880,46.6919,11.7188,-81.4209,0.7985,,
DATA,A003,3,414,830517,-0.1571,0.1260,0.7430,57.4951,0.4272,-83.5571,0.7698,,
DATA,A003,3,415,830527,-0.2259,0.2344,0.7154,62.1948,-13.3057,-79.4067,0.7860,,
DATA,A003,3,416,830537,-0.2992,0.4227,0.6971,44.1895,-45.4102,-71.4722,0.8684,,
DATA,A003,3,417,830547,-0.2391,0.3057,0.6561,21.3013,-79.2236,-67.8711,0.7623,,
DATA,A003,3,418,830557,-0.0990,0.0489,0.6449,18.9209,-118.4082,-59.8145,0.6543,,
DATA,A003,3,419,830567,0.0126,0.0472,0.7093,32.6538,-129.5776,-53.9551,0.7110,,
DATA,A003,3,420,830577,0.0927,0.2247,0.7645,39.0625,-115.0513,-37.9639,0.8022,,
DATA,A003,3,421,830587,0.0824,0.3318,0.7086,32.9590,-86.8530,-41.6260,0.7868,,
DATA,A003,3,422,830597,0.2897,0.3133,0.5477,44.8608,-46.4478,-30.7617,0.6943,,
DATA,A003,3,423,830607,0.1459,0.4900,0.5738,29.6021,-25.3296,-13.9160,0.7686,,
DATA,A003,3,424,830617,-0.0262,0.2037,0.4676,-17.0288,-6.9580,-30.3955,0.5107,,
DATA,A003,3,425,830627,-0.0287,0.0794,0.4725,-13.9771,-16.6626,-41.8091,0.4800,,
DATA,A003,3,426,830637,-0.0526,0.1417,0.4723,2.6855,-42.4805,-24.9634,0.4959,,
DATA,A003,3,427,830647,-0.0087,0.2794,0.5052,2.3804,-59.0210,-20.2026,0.5774,,
DATA,A003,3,428,830657,-0.0243,0.4525,0.4979,-16.5405,-93.7500,-28.1982,0.6732,,
DATA,A003,3,429,830667,0.1293,0.6531,0.5255,-29.9683,-122.7417,-35.0342,0.8482,,
DATA,A003,3,430,830677,0.3395,-0.1005,0.7069,-47.4243,-144.7754,-11.0474,0.7906,,
DATA,A003,3,431,830687,0.3497,-0.0351,0.8024,-29.4800,-131.8359,-7.0801,0.8760,,
DATA,A003,3,432,830697,0.2172,0.1180,0.8451,-22.3389,-127.0752,-14.4653,0.8805,,
DATA,A003,3,433,830707,0.3710,0.0257,0.8160,-16.7236,-141.1743,-6.8359,0.8968,,
DATA,A003,3,434,830717,0.3939,0.0396,0.7640,2.9297,-141.6016,19.3481,0.8605,,
DATA,A003,3,435,830727,0.5438,0.2596,0.7882,12.8784,-134.7046,41.1987,0.9922,,
DATA,A003,3,436,830737,0.4955,0.2530,0.8453,-3.7231,-116.3330,50.0488,1.0120,,
DATA,A003,3,437,830747,0.4830,0.0753,1.0409,6.7139,-70.6787,41.0767,1.1500,,
DATA,A003,3,438,830757,0.4865,0.2049,1.2640,37.6587,-31.3110,54.5044,1.3698,,
DATA,A003,3,439,830767,0.3981,0.5682,1.5419,56.3965,49.3164,82.6416,1.6907,,
DATA,A003,3,440,830777,0.3656,0.5733,1.4977,45.4102,103.8208,90.5762,1.6448,,
DATA,A003,3,441,830787,0.1388,0.4864,1.3319,20.9961,144.4092,100.2808,1.4247,,
DATA,A003,3,442,830797,0.0680,0.4363,1.2723,10.5591,133.6670,98.0835,1.3468,,
DATA,A003,3,443,830807,0.0404,0.5381,1.3819,9.7046,96.3745,89.1113,1.4836,,
DATA,A003,3,444,830817,0.0585,0.6668,1.4257,11.1084,79.0405,83.8013,1.5750,,
DATA,A003,3,445,830827,-0.0028,0.8223,1.4252,2.5024,75.6226,65.4297,1.6454,,
DATA,A003,3,446,830837,-0.1366,0.8023,1.3900,-9.6436,66.8335,45.1050,1.6107,,
DATA,A003,3,447,830847,-0.1485,0.6895,1.2508,-22.2168,31.9824,24.7803,1.4360,,
DATA,A003,3,448,830857,-0.0836,0.5171,1.1981,-29.4800,4.4556,25.2075,1.3076,,
DATA,A003,3,449,830867,0.1122,0.2979,1.1542,-22.3999,-11.9629,27.4048,1.1973,,
DATA,A003,3,450,830877,0.2079,0.2222,1.1444,-9.0332,0.0000,29.4189,1.1842,,
DATA,A003,3,451,830887,0.2140,0.1861,1.1849,13.3667,28.7476,31.3721,1.2184,,
DATA,A003,3,452,830897,0.1686,0.1868,1.1637,13.3667,47.7905,30.9448,1.1906,,
DATA,A003,3,453,830907,0.1308,0.2442,1.1495,12.7563,63.5986,30.5786,1.1824,,
DATA,A003,3,454,830917,0.0858,0.3013,1.1381,7.1411,62.1338,29.8462,1.1804,,
DATA,A003,3,455,830927,0.1066,0.2845,1.0463,-1.4648,59.0820,28.5034,1.0895,,
DATA,A003,3,456,830937,0.1305,0.2698,0.9552,-3.3569,54.5654,26.3062,1.0011,,
DATA,A003,3,457,830947,0.1620,0.2381,0.8458,-2.1973,44.1895,25.2686,0.8935,,
DATA,A003,3,458,830957,0.1681,0.1861,0.7858,-0.7324,36.2549,21.9116,0.8248,,
DATA,A003,3,459,830967,0.1425,0.1915,0.7489,1.7090,27.5879,12.6953,0.7860,,
DATA,A003,3,460,830977,0.1242,0.1949,0.7320,0.3662,20.0195,9.3994,0.7677,,
DATA,A003,3,461,830987,0.1876,0.1268,0.6666,3.8452,5.3711,13.0005,0.7040,,
DATA,A003,3,462,830997,0.2225,0.1185,0.6532,8.6670,-3.4790,16.4185,0.7002,,
DATA,A003,3,463,831007,0.2963,0.1465,0.6510,11.0474,-11.7798,20.9351,0.7301,,
DATA,A003,3,464,831017,0.1898,0.0779,0.6529,10.6201,-17.1509,20.8740,0.6844,,
DATA,A003,3,465,831027,0.1862,0.1241,0.7318,5.1880,-26.3672,20.8130,0.7652,,
DATA,A003,3,466,831037,0.2853,0.1055,0.7089,-3.9673,-21.5454,16.5405,0.7714,,
DATA,A003,3,467,831047,0.2921,0.0789,0.7167,-4.0283,-9.8877,12.5732,0.7779,,
DATA,A003,3,468,831057,0.2401,0.0413,0.6788,-4.8218,-2.1362,3.8452,0.7212,,
DATA,A003,3,469,831067,0.2475,0.0330,0.6593,-5.6152,1.6479,3.2349,0.7050,,
DATA,A003,3,470,831077,0.2372,0.0611,0.6776,-4.3945,2.1362,5.8594,0.7205,,
DATA,A003,3,471,831087,0.2047,0.0428,0.7355,-7.0801,3.9673,1.2817,0.7646,,
DATA,A003,3,472,831097,0.2042,0.0650,0.7714,-7.4463,6.7749,0.3662,0.8006,,
DATA,A003,3,473,831107,0.1991,0.0706,0.8031,-9.2773,7.9956,0.7935,0.8304,,
DATA,A003,3,474,831117,0.3082,0.0772,0.8378,-14.0381,14.8926,5.9204,0.8960,,
DATA,A003,3,475,831127,0.3644,0.0877,0.8563,-16.4185,24.4751,8.4229,0.9347,,
DATA,A003,3,476,831137,0.2865,0.1248,0.9244,-21.2402,41.9312,1.9531,0.9758,,
DATA,A003,3,477,831147,0.2321,0.1551,0.9462,-27.8320,47.8516,-2.2583,0.9865,,
DATA,A003,3,478,831157,0.1610,0.1656,0.9794,-34.4849,46.0205,-2.0752,1.0062,,
DATA,A003,3,479,831167,0.0983,0.1546,0.9798,-39.3677,40.9546,-6.3477,0.9968,,
DATA,A003,3,480,831177,0.1954,0.1102,0.9779,-42.1143,32.4707,-3.6621,1.0033,,
DATA,A003,3,481,831187,0.2479,0.0897,1.0077,-40.3442,29.8462,-0.7324,1.0416,,
DATA,A003,3,482,831197,0.2980,0.0626,1.0646,-37.4146,37.4756,-3.0518,1.1073,,
DATA,A003,3,483,831207,0.3368,0.0743,1.1056,-29.7241,47.0581,0.5493,1.1581,,
DATA,A003,3,484,831217,0.1764,0.0779,1.1830,-26.9775,65.3687,-2.7466,1.1986,,
DATA,A003,3,485,831227,0.0831,0.1775,1.2320,-24.8413,65.6738,-3.2349,1.2475,,
DATA,A003,3,486,831237,0.0036,0.1600,1.2084,-29.3579,61.0352,-1.6479,1.2189,,
DATA,A003,3,487,831247,-0.0316,0.1309,1.2057,-28.1982,52.7344,0.1831,1.2132,,
DATA,A003,3,488,831257,-0.0360,0.1317,1.2159,-24.1699,37.3535,2.3804,1.2236,,
DATA,A003,3,489,831267,-0.0091,0.1334,1.2430,-21.7285,30.8228,5.9814,1.2502,,
DATA,A003,3,490,831277,-0.0885,0.1605,1.2506,-18.5547,26.1841,2.5635,1.2640,,
DATA,A003,3,491,831287,-0.1026,0.1587,1.2455,-18.7378,20.2026,3.5400,1.2597,,
DATA,A003,3,492,831297,-0.0692,0.0635,1.1993,-12.6343,10.9253,9.7046,1.2030,,
DATA,A003,3,493,831307,-0.0546,0.0667,1.1940,-5.5542,6.1035,10.6812,1.1971,,
DATA,A003,3,494,831317,0.0001,0.0528,1.2152,1.7090,4.9438,15.5640,1.2163,,
DATA,A003,3,495,831327,0.0299,0.0313,1.2069,5.1270,12.8174,14.5874,1.2077,,
DATA,A003,3,496,831337,-0.0206,0.0621,1.2027,9.8267,24.3530,15.3809,1.2045,,
DATA,A003,3,497,831347,-0.0975,0.0572,1.1913,11.2915,29.1138,15.8081,1.1966,,
DATA,A003,3,498,831357,-0.0860,0.1107,1.1517,11.3525,36.0718,14.5264,1.1602,,
DATA,A003,3,499,831367,-0.0228,0.0870,1.1415,9.5825,39.0015,18.7378,1.1450,,
DATA,A003,3,500,831377,-0.0275,0.1177,1.0846,11.5356,42.4194,19.8364,1.0913,,
DATA,A003,3,501,831387,-0.0387,0.0867,1.1044,10.1929,40.3442,22.2168,1.1084,,
DATA,A003,3,502,831397,-0.0956,0.0726,1.0965,11.1694,35.8887,22.7661,1.1031,,
DATA,A003,3,503,831407,-0.0914,0.0660,1.0892,12.0850,27.8931,23.6816,1.0950,,
DATA,A003,3,504,831417,-0.0638,0.0584,1.0392,12.2070,22.4609,25.3296,1.0428,,
DATA,A003,3,505,831427,-0.1478,0.0767,1.0394,13.3057,9.0332,21.1182,1.0527,,
DATA,A003,3,506,831437,-0.0973,0.0433,1.0494,12.3291,-1.3428,24.3530,1.0548,,
DATA,A003,3,507,831447,0.0023,0.0010,1.0467,13.3057,-6.4087,28.2593,1.0467,,
DATA,A003,3,508,831457,0.0189,-0.0202,1.0414,13.9771,-6.4697,29.0527,1.0417,,
DATA,A003,3,509,831467,0.0424,-0.0173,1.0145,16.4795,-6.4087,32.8369,1.0155,,
DATA,A003,3,510,831477,0.0729,-0.0275,1.0170,19.0430,-4.1504,36.0107,1.0199,,
EVENT,A003,3,,831481,,,,,,,,STOP,510
EVENT,A003,4,,834318,,,,,,,,START,
DATA,A003,4,1,834341,0.2357,0.0301,0.9798,9.5215,52.2461,-6.1646,1.0083,,
DATA,A003,4,2,834351,0.2655,0.0264,0.9750,6.7749,50.9644,-4.1504,1.0108,,
DATA,A003,4,3,834361,0.2614,0.0386,0.9379,7.0190,51.0254,-5.2490,0.9744,,
DATA,A003,4,4,834371,0.2367,0.0962,0.9130,10.9253,48.8281,-3.8452,0.9480,,
DATA,A003,4,5,834381,0.2448,0.1009,0.9061,8.4839,42.6636,1.0376,0.9440,,
DATA,A003,4,6,834391,0.3300,0.0594,0.8998,8.3008,43.8843,9.5215,0.9602,,
DATA,A003,4,7,834401,0.3886,0.0396,0.9047,11.4746,53.9551,16.9067,0.9854,,
DATA,A003,4,8,834411,0.3151,-0.0380,0.9095,15.5029,67.8711,19.8975,0.9633,,
DATA,A003,4,9,834421,0.2345,-0.0253,0.9000,16.4795,64.4531,16.4185,0.9304,,
DATA,A003,4,10,834431,0.2450,0.0547,0.9047,11.0474,53.8330,18.7378,0.9388,,
DATA,A003,4,11,834441,0.2916,0.0645,0.9286,4.9438,50.1709,23.6816,0.9754,,
DATA,A003,4,12,834451,0.3229,0.0262,0.9305,-4.6997,54.3213,31.0059,0.9853,,
DATA,A003,4,13,834461,0.3234,-0.0258,0.9088,-8.3008,62.0117,35.0342,0.9650,,
DATA,A003,4,14,834471,0.3734,-0.0434,0.8868,-5.1880,82.0312,38.2080,0.9632,,
DATA,A003,4,15,834481,0.3930,-0.0295,0.8937,-4.3335,97.3511,42.4194,0.9767,,
DATA,A003,4,16,834491,0.3495,-0.0417,0.8973,-5.2490,112.4878,46.6919,0.9639,,
DATA,A003,4,17,834501,0.2348,-0.0893,0.8968,-7.6294,127.3193,47.6074,0.9313,,
DATA,A003,4,18,834511,0.1705,-0.1091,0.8895,-6.4697,128.1738,47.7905,0.9123,,
DATA,A003,4,19,834521,0.1542,-0.1342,0.8834,2.8687,127.5024,50.8423,0.9068,,
DATA,A003,4,20,834531,0.1942,-0.1066,0.8966,8.9111,127.7466,53.5278,0.9236,,
DATA,A003,4,21,834541,0.0731,-0.1540,0.8409,17.0288,132.0190,53.2227,0.8580,,
DATA,A003,4,22,834551,0.0648,-0.1249,0.8461,25.7568,130.9204,45.7153,0.8577,,
DATA,A003,4,23,834561,0.0468,-0.0607,0.8465,22.6440,124.3286,56.1523,0.8500,,
DATA,A003,4,24,834571,-0.0060,-0.0773,0.8238,17.5171,121.7041,57.3120,0.8275,,
DATA,A003,4,25,834581,0.0470,0.1605,0.5519,8.6670,109.5581,56.2134,0.5766,,
DATA,A003,4,26,834591,-0.3307,-0.3146,0.7718,13.7939,92.6514,69.4580,0.8967,,
DATA,A003,4,27,834601,-0.0016,-0.0578,0.6849,25.6958,40.5273,64.0259,0.6874,,
DATA,A003,4,28,834611,0.1288,0.0233,0.6976,25.6348,34.2407,69.7021,0.7098,,
DATA,A003,4,29,834621,0.1244,-0.1376,0.7418,41.1377,51.4526,67.4438,0.7647,,
DATA,A003,4,30,834631,0.1286,-0.0087,0.7186,69.7632,67.5659,75.2563,0.7301,,
DATA,A003,4,31,834641,0.1012,0.1043,0.7259,114.8071,79.5898,92.8955,0.7403,,
DATA,A003,4,32,834651,0.0429,0.2955,0.9989,145.9961,107.8491,104.2480,1.0426,,
DATA,A003,4,33,834661,0.0524,0.5001,0.9342,74.8291,158.5693,105.5908,1.0609,,
DATA,A003,4,34,834671,0.0477,0.4175,0.8917,32.1045,176.8799,118.5913,0.9858,,
DATA,A003,4,35,834681,0.0277,0.3189,0.8495,25.9399,200.1953,134.7656,0.9078,,
DATA,A003,4,36,834691,0.0338,0.3570,0.7855,40.1611,214.8438,146.3623,0.8635,,
DATA,A003,4,37,834701,0.0658,0.4725,0.7076,43.5181,234.1919,167.7856,0.8534,,
DATA,A003,4,38,834711,0.0704,0.5401,0.6727,31.3721,246.0327,183.7769,0.8656,,
DATA,A003,4,39,834721,0.0812,0.5643,0.6056,6.5308,266.2964,208.2520,0.8317,,
DATA,A003,4,40,834731,0.0653,0.5269,0.5699,-8.1177,275.0854,222.5952,0.7789,,
DATA,A003,4,41,834741,0.0026,0.4244,0.6339,-25.3296,283.4473,248.6572,0.7628,,
DATA,A003,4,42,834751,-0.1017,0.3414,0.7257,-36.4990,283.9355,265.5029,0.8084,,
DATA,A003,4,43,834761,-0.2687,0.1754,0.8158,-55.0537,282.7759,276.3672,0.8766,,
DATA,A003,4,44,834771,-0.3595,0.0157,0.9222,-67.1387,281.9824,279.4189,0.9899,,
DATA,A003,4,45,834781,-0.5126,-0.2668,1.0948,-84.5947,285.3394,279.6631,1.2380,,
DATA,A003,4,46,834791,-0.6337,-0.4658,1.2089,-92.4683,296.5698,271.7285,1.4421,,
DATA,A003,4,47,834801,-0.8487,-0.7045,1.2206,-95.0317,323.8525,239.3188,1.6452,,
DATA,A003,4,48,834811,-1.0218,-0.8410,1.1405,-93.0176,339.6606,205.0171,1.7470,,
DATA,A003,4,49,834821,-1.1986,-0.9833,1.1100,-82.3975,349.1211,163.1470,1.9067,,
DATA,A003,4,50,834831,-1.5472,-0.9799,1.1044,-42.4194,325.1953,98.6328,2.1386,,
DATA,A003,4,51,834841,-1.8129,-0.8185,1.1239,-6.5918,283.7524,52.4292,2.2846,,
DATA,A003,4,52,834851,-2.1271,-0.5043,1.1500,26.7944,196.5332,-19.1040,2.4701,,
DATA,A003,4,53,834861,-2.1959,-0.3542,1.1571,28.3813,131.4697,-62.5610,2.5073,,
DATA,A003,4,54,834871,-2.0587,-0.3002,0.9925,15.1978,40.5273,-116.7603,2.3051,,
DATA,A003,4,55,834881,-1.8148,-0.3796,0.9112,13.4888,-6.9580,-140.5029,2.0659,,
DATA,A003,4,56,834891,-1.4093,-0.4706,0.8277,34.7900,-42.0532,-161.3159,1.7008,,
DATA,A003,4,57,834901,-1.2728,-0.4558,0.7499,54.7485,-44.0063,-175.4761,1.5460,,
DATA,A003,4,58,834911,-1.1490,-0.3566,0.6105,73.6694,-22.0337,-196.7163,1.3491,,
DATA,A003,4,59,834921,-1.0968,-0.2827,0.5121,79.0405,4.3335,-206.1768,1.2430,,
DATA,A003,4,60,834931,-1.0553,-0.2016,0.3653,84.2896,39.5508,-207.9468,1.1348,,
DATA,A003,4,61,834941,-1.0502,-0.1577,0.2474,94.1772,58.5938,-204.8950,1.0904,,
DATA,A003,4,62,834951,-1.0536,-0.0544,0.1075,123.2300,83.1909,-196.5332,1.0604,,
DATA,A003,4,63,834961,-1.0279,0.0611,0.0433,149.3530,93.6890,-186.8286,1.0307,,
DATA,A003,4,64,834971,-0.9471,0.2930,-0.0233,183.7769,101.4404,-162.3535,0.9917,,
DATA,A003,4,65,834981,-0.8500,0.4681,-0.0285,196.2280,100.6470,-140.3809,0.9707,,
DATA,A003,4,66,834991,-0.6498,0.7110,-0.0040,197.3877,97.7173,-100.5859,0.9632,,
DATA,A003,4,67,835001,-0.5604,0.8355,-0.0582,185.4248,105.3467,-76.1108,1.0077,,
DATA,A003,4,68,835011,-0.4044,0.8746,-0.1654,153.3203,139.4653,-45.0439,0.9776,,
DATA,A003,4,69,835021,-0.3085,0.7918,-0.2518,134.3384,162.0483,-17.7002,0.8863,,
DATA,A003,4,70,835031,-0.0531,0.6072,-0.3378,119.5068,168.1519,37.9639,0.6969,,
DATA,A003,4,71,835041,0.1720,0.5203,-0.3275,117.1265,151.7334,82.9468,0.6384,,
DATA,A003,4,72,835051,0.4794,0.5093,-0.1759,112.8540,105.4077,143.0054,0.7212,,
DATA,A003,4,73,835061,0.5712,0.5789,-0.0236,100.0977,79.3457,176.0864,0.8136,,
DATA,A003,4,74,835071,0.6810,0.7332,0.2926,65.9180,71.7773,218.2617,1.0426,,
DATA,A003,4,75,835081,0.6579,0.8472,0.4056,39.3677,86.3647,250.4883,1.1468,,
DATA,A003,4,76,835091,0.4635,0.9857,0.5365,11.1084,119.6899,295.7153,1.2142,,
DATA,A003,4,77,835101,0.0932,1.1500,0.6822,11.5967,136.2305,321.4722,1.3404,,
DATA,A003,4,78,835111,-0.7015,1.6754,0.9108,26.7944,183.6548,338.6841,2.0319,,
DATA,A003,4,79,835121,-1.3675,2.3133,0.8256,-11.6577,220.1538,349.1211,2.8112,,
DATA,A003,4,80,835131,-2.0355,3.2662,1.2965,3.4180,268.5547,263.9771,4.0610,,
DATA,A003,4,81,835141,-2.2804,3.5997,1.0951,-53.6499,290.3442,231.1401,4.3997,,
DATA,A003,4,82,835151,-2.3905,3.1053,0.8102,-117.6758,255.1880,214.9658,4.0017,,
DATA,A003,4,83,835161,-2.3229,2.4839,0.7921,-134.5215,220.0928,205.4443,3.4919,,
DATA,A003,4,84,835171,-2.2477,1.7598,0.7823,-127.6245,166.3818,176.5747,2.9599,,
DATA,A003,4,85,835181,-2.1869,1.4732,0.7989,-108.0322,141.6626,154.1748,2.7552,,
DATA,A003,4,86,835191,-2.1053,1.2881,0.8072,-88.4399,123.0469,137.1460,2.5968,,
DATA,A003,4,87,835201,-1.9264,1.1041,0.7274,-74.6460,94.9097,120.4224,2.3365,,
DATA,A003,4,88,835211,-1.7848,1.0052,0.6256,-73.8525,78.4912,113.0371,2.1418,,
DATA,A003,4,89,835221,-1.5531,0.8736,0.4393,-78.5522,61.5234,103.8208,1.8353,,
DATA,A003,4,90,835231,-1.4169,0.7840,0.2789,-84.2285,55.8472,97.4121,1.6431,,
DATA,A003,4,91,835241,-1.2884,0.5772,0.0985,-92.8345,48.0957,86.4258,1.4153,,
DATA,A003,4,92,835251,-1.2274,0.3961,0.0602,-95.2148,41.4429,79.5288,1.2911,,
DATA,A003,4,93,835261,-1.1205,0.1046,0.1847,-100.5859,26.9165,72.8149,1.1404,,
DATA,A003,4,94,835271,-1.0853,-0.1042,0.2230,-111.4502,5.7983,70.6787,1.1129,,
DATA,A003,4,95,835281,-1.1825,-0.5461,0.2447,-149.1699,-38.6963,81.6650,1.3253,,
DATA,A003,4,96,835291,-1.2706,-0.9699,0.2054,-192.6880,-65.9180,86.9141,1.6116,,
DATA,A003,4,97,835301,-1.2418,-1.7289,0.0389,-233.1543,-114.9902,63.1104,2.1291,,
DATA,A003,4,98,835311,-1.0729,-2.1913,0.0992,-158.6304,-141.2964,37.6587,2.4419,,
DATA,A003,4,99,835321,-0.6603,-1.7885,-0.0497,-69.2749,-146.0571,27.8320,1.9071,,
DATA,A003,4,100,835331,-0.5616,-1.2841,0.1893,-9.5215,-119.9951,24.5361,1.4143,,
DATA,A003,4,101,835341,-0.8019,-0.7326,0.5775,-15.9912,-12.2070,11.5356,1.2301,,
DATA,A003,4,102,835351,-1.1835,-0.5717,0.6385,-52.9175,84.6558,-21.0571,1.4612,,
DATA,A003,4,103,835361,-1.8771,-0.4777,0.3697,-106.6284,194.7632,-87.5854,1.9719,,
DATA,A003,4,104,835371,-2.2130,-0.4872,0.1664,-113.5864,229.0649,-144.1040,2.2721,,
DATA,A003,4,105,835381,-2.4957,-0.3945,0.0868,-86.6699,216.6138,-233.9478,2.5282,,
DATA,A003,4,106,835391,-2.5939,-0.1823,0.1361,-61.7065,189.4531,-286.0718,2.6038,,
DATA,A003,4,107,835401,-2.5174,0.2203,0.2587,-35.0952,152.0996,-377.9907,2.5403,,
DATA,A003,4,108,835411,-2.3837,0.4378,0.3070,-33.7524,128.7842,-428.1006,2.4429,,
DATA,A003,4,109,835421,-2.1734,0.6050,0.3361,-54.9316,84.7778,-479.1260,2.2810,,
DATA,A003,4,110,835431,-2.0211,0.6221,0.3629,-70.1294,53.3447,-509.3384,2.1456,,
DATA,A003,4,111,835441,-1.8492,0.6985,0.3544,-72.9370,11.5356,-543.8232,2.0083,,
DATA,A003,4,112,835451,-1.7709,0.8218,0.2816,-63.5986,-14.3433,-554.0161,1.9725,,
DATA,A003,4,113,835461,-1.8146,0.9546,0.2372,-60.1807,-52.0630,-544.2505,2.0640,,
DATA,A003,4,114,835471,-1.9505,0.9586,0.2704,-71.5332,-78.3691,-527.8320,2.1901,,
DATA,A003,4,115,835481,-2.1756,0.8572,0.3548,-89.9048,-111.7554,-500.2441,2.3652,,
DATA,A003,4,116,835491,-2.2145,0.7628,0.3964,-88.3789,-125.9766,-479.1870,2.3754,,
DATA,A003,4,117,835501,-2.0707,0.6529,0.4745,-61.8286,-133.6670,-436.8286,2.2224,,
DATA,A003,4,118,835511,-1.9464,0.6202,0.5536,-39.1235,-128.7842,-400.1465,2.1165,,
DATA,A003,4,119,835521,-1.8138,0.6124,0.6188,-19.1040,-117.3096,-363.9526,2.0119,,
DATA,A003,4,120,835531,-1.5680,0.6253,0.6034,3.6621,-81.6650,-316.5894,1.7927,,
DATA,A003,4,121,835541,-1.3707,0.6124,0.5394,18.3105,-56.1523,-286.1938,1.5952,,
DATA,A003,4,122,835551,-1.0492,0.5250,0.4337,43.3960,-15.1367,-246.3379,1.2508,,
DATA,A003,4,123,835561,-0.8380,0.4424,0.3697,61.8286,10.2539,-226.6235,1.0172,,
DATA,A003,4,124,835571,-0.5819,0.3619,0.2865,94.4214,40.6494,-200.0732,0.7427,,
DATA,A003,4,125,835581,-0.4652,0.3594,0.2477,118.7134,53.8330,-181.7627,0.6379,,
DATA,A003,4,126,835591,-0.3380,0.4278,0.2250,150.8789,64.0259,-155.0903,0.5898,,
DATA,A003,4,127,835601,-0.2784,0.5032,0.1854,162.4146,62.6221,-138.8550,0.6043,,
DATA,A003,4,128,835611,-0.1642,0.6163,0.0638,160.7666,52.6123,-117.0654,0.6409,,
DATA,A003,4,129,835621,-0.0621,0.6605,-0.0336,157.3486,41.9312,-98.8770,0.6642,,
DATA,A003,4,130,835631,0.1442,0.7225,-0.2391,158.3252,25.3296,-66.8335,0.7746,,
DATA,A003,4,131,835641,0.3224,0.7549,-0.3749,163.4521,7.6904,-39.3677,0.9025,,
DATA,A003,4,132,835651,0.4799,0.7840,-0.5258,172.4854,-16.4795,13.6719,1.0589,,
DATA,A003,4,133,835661,0.5541,0.7842,-0.5521,173.7671,-23.0103,44.9829,1.1077,,
DATA,A003,4,134,835671,0.6698,0.7598,-0.4955,171.8140,-12.7563,83.8013,1.1276,,
DATA,A003,4,135,835681,0.7540,0.7462,-0.4139,173.6450,9.3994,107.0557,1.1387,,
DATA,A003,4,136,835691,0.8598,0.7935,-0.1881,191.1011,54.1992,140.5640,1.1850,,
DATA,A003,4,137,835701,0.8598,0.8890,-0.0385,204.0405,92.9565,164.0015,1.2373,,
DATA,A003,4,138,835711,0.7579,1.0455,0.0834,205.8716,153.6255,197.3877,1.2940,,
DATA,A003,4,139,835721,0.6132,1.0975,0.1683,192.6880,184.6924,217.7124,1.2684,,
DATA,A003,4,140,835731,0.3065,1.0931,0.2743,163.2080,212.8906,243.1030,1.1679,,
DATA,A003,4,141,835741,0.0165,1.1085,0.2775,143.6157,221.6187,254.9438,1.1428,,
DATA,A003,4,142,835751,-0.5160,1.1968,0.3956,118.2251,237.9150,261.7798,1.3620,,
DATA,A003,4,143,835761,-0.9752,1.3304,0.5011,102.7832,245.1172,260.4980,1.7240,,
DATA,A003,4,144,835771,-1.7296,1.6346,0.5880,71.2280,256.1035,248.7183,2.4514,,
DATA,A003,4,145,835781,-2.2171,1.8043,0.6256,45.7764,231.8115,246.1548,2.9262,,
DATA,A003,4,146,835791,-2.8177,1.8902,0.7631,7.5073,175.1709,254.3945,3.4777,,
DATA,A003,4,147,835801,-3.0240,1.7044,0.8324,-20.9961,125.0610,257.7515,3.5697,,
DATA,A003,4,148,835811,-3.0931,1.2357,1.0734,-57.7393,61.7676,256.6528,3.4995,,
DATA,A003,4,149,835821,-3.0201,0.9966,1.1666,-68.9697,45.3491,245.2393,3.3875,,
DATA,A003,4,150,835831,-2.8236,0.8475,1.1588,-61.5845,47.4854,219.9707,3.1676,,
DATA,A003,4,151,835841,-2.6734,0.8387,1.1051,-55.4810,53.0396,207.8247,3.0120,,
DATA,A003,4,152,835851,-2.5130,0.8350,1.0509,-60.5469,56.0303,199.0356,2.8490,,
DATA,A003,4,153,835861,-2.2745,0.7462,0.9750,-87.7686,61.4624,186.7065,2.5847,,
DATA,A003,4,154,835871,-2.1217,0.6212,0.9081,-108.3374,66.4062,176.3306,2.3900,,
DATA,A003,4,155,835881,-1.8658,0.3946,0.7582,-125.9155,70.8008,160.2173,2.0523,,
DATA,A003,4,156,835891,-1.6847,0.2532,0.6337,-129.0283,68.8477,154.7852,1.8176,,
DATA,A003,4,157,835901,-1.3905,0.0684,0.3790,-130.3101,64.0259,148.3765,1.4428,,
DATA,A003,4,158,835911,-1.1859,-0.0563,0.2289,-129.3335,63.1714,146.9727,1.2091,,
DATA,A003,4,159,835921,-0.9078,-0.2670,0.0856,-119.9951,71.8994,150.3296,0.9501,,
DATA,A003,4,160,835931,-0.7635,-0.4091,0.0411,-106.5674,79.2847,153.0151,0.8672,,
DATA,A003,4,161,835941,-0.6363,-0.6137,0.0560,-78.0029,85.9375,152.2827,0.8858,,
DATA,A003,4,162,835951,-0.5768,-0.7433,0.1944,-56.2744,84.5947,147.7051,0.9608,,
DATA,A003,4,163,835961,-0.5487,-0.8559,0.3868,-25.3296,69.6411,141.7236,1.0878,,
DATA,A003,4,164,835971,-0.5326,-0.9138,0.5380,-12.2681,50.5981,136.0474,1.1866,,
DATA,A003,4,165,835981,-0.4818,-0.9689,0.8563,-1.2207,16.4185,120.7886,1.3799,,
DATA,A003,4,166,835991,-0.4711,-0.9953,0.9244,-8.3618,5.4321,110.3516,1.4377,,
DATA,A003,4,167,836001,-0.5079,-1.1791,0.9452,-34.7900,-15.6860,87.5244,1.5943,,
DATA,A003,4,168,836011,-0.4996,-1.4069,0.9830,-49.1333,-24.4751,57.0068,1.7876,,
DATA,A003,4,169,836021,-0.4845,-1.6928,0.8717,-52.1851,-22.1558,4.5166,1.9647,,
DATA,A003,4,170,836031,-0.5463,-1.7643,0.7748,-34.4849,-17.4561,-23.1323,2.0029,,
DATA,A003,4,171,836041,-0.8978,-1.5649,0.6610,1.4648,-23.4375,-57.4951,1.9214,,
DATA,A003,4,172,836051,-1.2423,-1.3432,0.6322,11.4136,-34.2407,-82.2754,1.9358,,
DATA,A003,4,173,836061,-1.7574,-1.0185,0.6132,6.8359,-45.9595,-141.1743,2.1218,,
DATA,A003,4,174,836071,-2.0062,-0.7661,0.6112,7.5073,-46.5088,-196.2891,2.2328,,
DATA,A003,4,175,836081,-2.1822,-0.2556,0.6232,19.3481,-64.0259,-286.4990,2.2838,,
DATA,A003,4,176,836091,-2.3456,0.2601,0.6715,35.5225,-83.3740,-317.3218,2.4536,,
DATA,A003,4,177,836101,-2.8519,1.4327,0.6017,27.7100,-148.8647,-305.2368,3.2478,,
DATA,A003,4,178,836111,-3.1427,2.1107,0.2374,-18.3105,-199.2188,-268.7378,3.7931,,
DATA,A003,4,179,836121,-2.7933,1.8641,0.3553,-97.1069,-237.9761,-235.5347,3.3769,,
DATA,A003,4,180,836131,-2.2582,2.3209,0.5172,-112.9761,-201.7212,-218.8721,3.2792,,
DATA,A003,4,181,836141,-1.7469,2.1802,0.6888,-136.7798,-86.6089,-197.2656,2.8774,,
DATA,A003,4,182,836151,-1.6520,2.0023,0.6525,-127.6855,-5.8594,-200.1953,2.6765,,
DATA,A003,4,183,836161,-1.7767,1.5362,0.4589,-112.7930,84.2285,-201.7212,2.3931,,
DATA,A003,4,184,836171,-1.8566,1.2134,0.3531,-99.9756,103.3936,-208.9844,2.2459,,
DATA,A003,4,185,836181,-1.7609,0.9793,0.2923,-55.4199,81.7871,-217.7124,2.0360,,
DATA,A003,4,186,836191,-1.6000,0.9903,0.2784,-18.1885,46.9971,-208.0078,1.9021,,
DATA,A003,4,187,836201,-1.3800,1.0257,0.2526,8.4839,14.2822,-191.9556,1.7379,,
DATA,A003,4,188,836211,-1.0140,0.9534,0.2113,25.3296,-8.4229,-168.5791,1.4078,,
DATA,A003,4,189,836221,-0.8021,0.8345,0.1964,31.2500,-12.7563,-153.8086,1.1741,,
DATA,A003,4,190,836231,-0.5133,0.6497,0.1486,44.5557,-4.7607,-133.0566,0.8412,,
DATA,A003,4,191,836241,-0.3797,0.5372,0.1180,54.6875,-0.2441,-122.2534,0.6683,,
DATA,A003,4,192,836251,-0.2543,0.3821,0.0680,65.9180,-1.2817,-109.7412,0.4640,,
DATA,A003,4,193,836261,-0.2049,0.2996,0.0475,70.5566,-8.6060,-101.8677,0.3661,,
DATA,A003,4,194,836271,-0.1192,0.2247,0.0284,78.5522,-23.0713,-90.5151,0.2559,,
DATA,A003,4,195,836281,-0.0221,0.2359,-0.0072,86.2427,-32.3486,-86.7920,0.2370,,
DATA,A003,4,196,836291,0.1681,0.3306,-0.0560,96.3135,-35.5225,-87.2192,0.3751,,
DATA,A003,4,197,836301,0.3085,0.4044,-0.1054,96.8628,-25.2686,-90.6372,0.5194,,
DATA,A003,4,198,836311,0.5538,0.4549,-0.1154,87.5854,3.6011,-94.4824,0.7259,,
DATA,A003,4,199,836321,0.6828,0.4356,-0.1344,79.7729,20.2637,-85.3882,0.8210,,
DATA,A003,4,200,836331,0.7587,0.3516,-0.1410,64.8804,42.6025,-60.1196,0.8480,,
DATA,A003,4,201,836341,0.7645,0.2820,-0.0724,56.7017,53.2227,-41.7480,0.8181,,
DATA,A003,4,202,836351,0.6879,0.2234,0.0673,43.4570,59.0210,-8.0566,0.7264,,
DATA,A003,4,203,836361,0.6259,0.2151,0.1774,31.1890,60.2417,15.1978,0.6852,,
DATA,A003,4,204,836371,0.6163,0.2371,0.3238,9.4604,70.5566,42.1753,0.7355,,
DATA,A003,4,205,836381,0.6137,0.2567,0.4025,-11.7798,95.1538,56.7017,0.7774,,
DATA,A003,4,206,836391,0.4992,0.2305,0.4857,-54.3213,157.5928,75.4395,0.7336,,
DATA,A003,4,207,836401,0.3368,0.1858,0.4632,-81.2988,196.4111,82.0923,0.6021,,
DATA,A003,4,208,836411,-0.2228,0.1277,0.4803,-110.1685,222.1069,89.7217,0.5447,,
DATA,A003,4,209,836421,-0.7601,0.1412,0.5267,-125.1221,227.1118,89.4165,0.9355,,
DATA,A003,4,210,836431,-1.6168,0.2769,0.6471,-129.5776,201.4771,63.9648,1.7634,,
DATA,A003,4,211,836441,-2.2076,0.4947,0.7543,-125.0000,158.2642,56.2744,2.3848,,
DATA,A003,4,212,836451,-2.8185,0.8858,1.0223,-120.4224,69.9463,61.4624,3.1263,,
DATA,A003,4,213,836461,-2.9945,1.1216,1.0619,-115.5396,10.9863,70.3125,3.3694,,
DATA,A003,4,214,836471,-3.0821,1.4056,1.1129,-100.3418,-47.3022,83.3740,3.5656,,
DATA,A003,4,215,836481,-2.9420,1.5941,1.1456,-84.1064,-44.6167,87.2192,3.5368,,
DATA,A003,4,216,836491,-2.4598,1.7945,1.0944,-69.8853,-10.9253,100.9521,3.2355,,
DATA,A003,4,217,836501,-2.0934,1.6612,1.0265,-79.8950,26.8555,108.5205,2.8628,,
DATA,A003,4,218,836511,-1.6656,1.0696,0.9049,-112.0605,78.4912,114.4409,2.1765,,
DATA,A003,4,219,836521,-1.4684,0.6551,0.8331,-125.2441,95.0928,111.7554,1.8109,,
DATA,A003,4,220,836531,-1.3053,0.3353,0.7269,-128.8452,98.6938,105.6519,1.5312,,
DATA,A003,4,221,836541,-1.0912,0.0601,0.5165,-126.7700,85.3271,98.1445,1.2087,,
DATA,A003,4,222,836551,-0.8775,-0.0515,0.3019,-124.3896,63.5376,100.6470,0.9294,,
DATA,A003,4,223,836561,-0.7296,-0.0893,0.1776,-124.6948,51.1475,106.9336,0.7562,,
DATA,A003,4,224,836571,-0.5878,-0.1298,0.0673,-125.7324,44.6167,115.6006,0.6057,,
DATA,A003,4,225,836581,-0.4364,-0.2111,-0.0477,-124.1455,48.6450,130.6152,0.4871,,
DATA,A003,4,226,836591,-0.3729,-0.2819,-0.0663,-118.7744,59.0820,138.3667,0.4722,,
DATA,A003,4,227,836601,-0.3810,-0.3391,-0.0297,-102.2339,76.5991,147.8882,0.5109,,
DATA,A003,4,228,836611,-0.4591,-0.3195,0.0167,-89.7217,86.4258,152.7710,0.5596,,
DATA,A003,4,229,836621,-0.5734,-0.2438,0.0878,-76.5991,87.8906,153.6255,0.6292,,
DATA,A003,4,230,836631,-0.6017,-0.2014,0.1332,-75.5005,76.0498,152.0386,0.6483,,
DATA,A003,4,231,836641,-0.5782,-0.2463,0.1918,-86.5479,47.9126,149.3530,0.6571,,
DATA,A003,4,232,836651,-0.5148,-0.3654,0.2145,-99.3042,29.4800,143.7378,0.6667,,
DATA,A003,4,233,836661,-0.4396,-0.6479,0.1971,-117.9810,10.8643,128.3569,0.8074,,
DATA,A003,4,234,836671,-0.4313,-0.8776,0.2025,-123.0469,5.9814,110.1685,0.9986,,
DATA,A003,4,235,836681,-0.4383,-1.2165,0.1993,-107.2388,4.7607,69.5190,1.3083,,
DATA,A003,4,236,836691,-0.4430,-1.3598,0.1615,-81.5430,5.8594,36.6211,1.4392,,
DATA,A003,4,237,836701,-0.5353,-1.4457,0.0289,-36.2549,-2.7466,-8.0566,1.5419,,
DATA,A003,4,238,836711,-0.6566,-1.4775,0.0079,-5.7983,-12.0239,-39.1235,1.6168,,
DATA,A003,4,239,836721,-0.8070,-1.4521,0.1439,38.7573,-25.3296,-92.1021,1.6675,,
DATA,A003,4,240,836731,-0.8934,-1.3395,0.2350,64.5142,-35.3394,-129.0283,1.6272,,
DATA,A003,4,241,836741,-1.0721,-1.0351,0.2960,94.1162,-45.6543,-178.6499,1.5194,,
DATA,A003,4,242,836751,-1.2645,-0.8212,0.3536,107.7881,-46.4478,-210.3882,1.5487,,
DATA,A003,4,243,836761,-1.7350,-0.5529,0.3580,118.2251,-31.1890,-246.2769,1.8558,,
DATA,A003,4,244,836771,-2.1219,-0.4287,0.3917,120.9717,-15.9912,-261.4136,2.2000,,
DATA,A003,4,245,836781,-2.7506,-0.2153,0.4488,130.9814,-2.0142,-265.3809,2.7953,,
DATA,A003,4,246,836791,-3.1366,-0.0060,0.5577,151.0620,-4.8828,-257.8125,3.1858,,
DATA,A003,4,247,836801,-3.5980,0.5386,0.3966,178.4058,-46.4478,-226.0742,3.6597,,
DATA,A003,4,248,836811,-3.7657,0.9195,0.1703,175.4150,-98.8770,-198.1201,3.8801,,
DATA,A003,4,249,836821,-3.4950,1.4664,0.0301,171.9360,-144.1650,-179.3213,3.7903,,
DATA,A003,4,250,836831,-2.9654,1.8255,0.0509,179.6875,-157.8369,-173.2178,3.4827,,
DATA,A003,4,251,836841,-2.0631,1.9979,0.1966,169.7388,-151.3672,-158.7524,2.8786,,
DATA,A003,4,252,836851,-1.5184,1.6956,0.3304,129.6387,-122.7417,-156.4331,2.3000,,
DATA,A003,4,253,836861,-0.9571,0.9905,0.4889,73.3032,-73.4253,-161.4380,1.4616,,
DATA,A003,4,254,836871,-0.7435,0.6075,0.5287,65.3076,-43.5181,-167.0532,1.0961,,
DATA,A003,4,255,836881,-0.6178,0.3587,0.5340,78.3691,-14.2822,-171.3257,0.8919,,
DATA,A003,4,256,836891,-0.5882,0.2562,0.4994,114.3188,15.6860,-167.2974,0.8130,,
DATA,A003,4,257,836901,-0.6158,0.3150,0.4501,128.4790,12.5122,-158.6304,0.8252,,
DATA,A003,4,258,836911,-0.5497,0.4517,0.3256,118.1641,-19.5923,-143.1274,0.7824,,
DATA,A003,4,259,836921,-0.3985,0.4930,0.2333,95.7031,-48.9502,-135.0098,0.6755,,
DATA,A003,4,260,836931,-0.0731,0.4786,0.0704,57.4951,-75.1343,-127.1973,0.4892,,
DATA,A003,4,261,836941,0.1705,0.4300,-0.0314,37.2925,-69.7632,-121.9482,0.4636,,
DATA,A003,4,262,836951,0.4403,0.3411,-0.1232,28.0151,-35.2173,-108.3984,0.5705,,
DATA,A003,4,263,836961,0.5497,0.2999,-0.1566,27.5879,-1.1597,-101.9897,0.6455,,
DATA,A003,4,264,836971,0.6144,0.2667,-0.1583,28.5645,57.3730,-98.2666,0.6882,,
DATA,A003,4,265,836981,0.5802,0.2659,-0.1544,28.1982,93.2617,-95.8252,0.6567,,
DATA,A003,4,266,836991,0.4733,0.2645,-0.1408,24.3530,132.1411,-89.2944,0.5601,,
DATA,A003,4,267,837001,0.4093,0.2650,-0.1217,21.3623,145.7520,-83.6182,0.5025,,
DATA,A003,4,268,837011,0.3454,0.2901,-0.1012,16.1133,150.3296,-71.4111,0.4622,,
DATA,A003,4,269,837021,0.3305,0.3172,-0.0770,11.7188,149.5972,-60.0586,0.4645,,
DATA,A003,4,270,837031,0.3322,0.3663,-0.0482,4.9438,148.1323,-39.7949,0.4968,,
DATA,A003,4,271,837041,0.3417,0.3924,-0.0499,0.6714,153.3203,-24.6582,0.5227,,
DATA,A003,4,272,837051,0.3107,0.4293,-0.0673,-3.2349,168.3350,-1.2207,0.5341,,
DATA,A003,4,273,837061,0.3234,0.4573,-0.0587,-2.6855,182.8613,14.2212,0.5632,,
DATA,A003,4,274,837071,0.4164,0.5189,-0.0321,-0.1221,199.4019,38.6963,0.6661,,
DATA,A003,4,275,837081,0.4711,0.5408,0.0729,5.1270,203.7354,64.2700,0.7209,,
DATA,A003,4,276,837091,0.3070,0.5923,0.0885,2.7466,204.4678,129.5776,0.6730,,
DATA,A003,4,277,837101,-0.0577,0.6915,0.0030,-4.7607,215.7593,181.9458,0.6939,,
DATA,A003,4,278,837111,-0.7369,1.0257,0.2530,-4.1504,240.4785,241.6992,1.2881,,
DATA,A003,4,279,837121,-1.8006,1.4720,0.0807,10.0708,234.9854,280.5786,2.3271,,
DATA,A003,4,280,837131,-3.4054,2.4246,0.1647,51.3306,176.8799,309.3872,4.1836,,
DATA,A003,4,281,837141,-4.0856,3.3853,0.3568,70.6787,150.8789,297.2412,5.3178,,
DATA,A003,4,282,837151,-4.4012,4.0301,0.2257,21.1792,41.6260,263.6719,5.9719,,
DATA,A003,4,283,837161,-3.8851,3.2884,0.2723,-44.7998,-38.9404,232.7881,5.0972,,
DATA,A003,4,284,837171,-2.8763,1.8377,0.4205,-80.9937,-47.3022,188.1714,3.4391,,
DATA,A003,4,285,837181,-2.3583,1.3328,0.6163,-58.2886,-9.5825,165.2832,2.7781,,
DATA,A003,4,286,837191,-1.9413,1.1251,0.7855,-35.8887,53.8940,143.9819,2.3773,,
DATA,A003,4,287,837201,-1.7377,1.1026,0.6075,-49.6826,79.6509,138.6719,2.1458,,
DATA,A003,4,288,837211,-1.4549,0.9537,0.3666,-92.9565,111.9995,143.7988,1.7778,,
DATA,A003,4,289,837221,-1.2767,0.8157,0.2926,-120.3613,130.1880,143.1885,1.5431,,
DATA,A003,4,290,837231,-1.0807,0.6356,0.1942,-142.7612,150.8789,145.6909,1.2687,,
DATA,A003,4,291,837241,-0.9330,0.3438,-0.1500,-156.6162,190.4907,151.6113,1.0056,,
DATA,A003,4,292,837251,-0.9303,0.1727,-0.2418,-155.0293,207.0923,158.3252,0.9766,,
DATA,A003,4,293,837261,-1.1273,0.0101,-0.1527,-148.3154,201.8433,174.9268,1.1376,,
DATA,A003,4,294,837271,-1.2826,-0.0458,-0.0289,-142.0898,190.9180,179.6875,1.2837,,
DATA,A003,4,295,837281,-1.2855,-0.0893,0.2926,-139.8926,156.6162,169.2505,1.3214,,
DATA,A003,4,296,837291,-1.2325,-0.0788,0.4706,-145.3247,125.8545,161.6821,1.3217,,
DATA,A003,4,297,837301,-1.2740,-0.0788,0.5426,-165.2222,62.5000,164.1235,1.3870,,
DATA,A003,4,298,837311,-1.0543,-0.1545,0.6791,-184.5703,25.3296,121.1548,1.2636,,
DATA,A003,4,299,837321,-1.0047,-0.3327,0.5096,-217.4072,10.2539,101.1963,1.1747,,
DATA,A003,4,300,837331,-1.0533,-0.4680,0.4818,-212.9517,-0.7324,93.5669,1.2493,,
DATA,A003,4,301,837341,-1.0648,-0.6660,0.2569,-195.6177,-63.8428,110.7178,1.2819,,
DATA,A003,4,302,837351,-1.0497,-0.9062,0.1798,-198.7915,-80.1392,51.5747,1.3983,,
DATA,A003,4,303,837361,-1.0128,-1.2917,0.0436,-186.8896,-92.5903,18.7378,1.6420,,
DATA,A003,4,304,837371,-1.1783,-1.4667,0.0287,-151.1841,-93.7500,7.2021,1.8817,,
DATA,A003,4,305,837381,-1.4740,-1.3647,0.0419,-74.3408,-71.7773,-42.0532,2.0092,,
DATA,A003,4,306,837391,-1.5333,-1.1694,0.0768,-38.0249,-61.8896,-94.2383,1.9299,,
DATA,A003,4,307,837401,-1.7206,-0.9106,0.2089,-17.8833,-77.1484,-150.5737,1.9578,,
DATA,A003,4,308,837411,-1.8070,-0.7651,0.2543,-25.8179,-72.5098,-191.7725,1.9787,,
DATA,A003,4,309,837421,-1.7250,-0.6364,0.2787,-31.9824,-64.9414,-278.3813,1.8596,,
DATA,A003,4,310,837431,-1.6412,-0.5497,0.2609,-28.6865,-63.2935,-324.5239,1.7504,,
DATA,A003,4,311,837441,-1.6373,-0.3828,0.1166,-35.3394,-62.8052,-376.8311,1.6855,,
DATA,A003,4,312,837451,-1.7096,-0.2954,0.0538,-41.3818,-60.9131,-406.3110,1.7357,,
DATA,A003,4,313,837461,-2.0257,-0.0480,0.0692,-22.3389,-41.3208,-426.5747,2.0275,,
DATA,A003,4,314,837471,-2.1817,0.1890,0.1871,8.2397,-27.3438,-425.6592,2.1979,,
DATA,A003,4,315,837481,-2.2438,0.6963,0.4376,61.7065,-33.5693,-393.9209,2.3897,,
DATA,A003,4,316,837491,-2.2342,1.1270,0.4464,81.0547,-51.7578,-354.7363,2.5419,,
DATA,A003,4,317,837501,-2.1390,1.5987,0.0848,62.0728,-70.0073,-287.5977,2.6718,,
DATA,A003,4,318,837511,-1.8844,1.6558,-0.0663,42.9077,-69.3359,-241.2109,2.5094,,
DATA,A003,4,319,837521,-1.5257,1.7562,0.1879,59.0210,-34.6680,-172.7295,2.3339,,
DATA,A003,4,320,837531,-1.3973,1.8541,0.3446,70.7397,-9.0332,-139.5874,2.3471,,
DATA,A003,4,321,837541,-1.3116,1.5726,0.5074,45.2881,11.2305,-108.5815,2.1097,,
DATA,A003,4,322,837551,-1.2418,1.1841,0.6022,24.7803,9.2773,-99.1821,1.8185,,
DATA,A003,4,323,837561,-1.1178,0.8399,0.6307,22.0337,-4.3335,-96.2524,1.5338,,
DATA,A003,4,324,837571,-0.8793,0.5684,0.5550,44.2505,-29.5410,-93.9331,1.1850,,
DATA,A003,4,325,837581,-0.6573,0.5555,0.4195,64.3921,-47.3022,-85.3271,0.9574,,
DATA,A003,4,326,837591,-0.5624,0.5840,0.3260,62.1338,-48.2788,-75.9888,0.8739,,
DATA,A003,4,327,837601,-0.4908,0.5860,0.2174,47.8516,-44.5557,-64.8193,0.7947,,
DATA,A003,4,328,837611,-0.3902,0.4976,0.0333,21.1182,-27.4048,-44.7998,0.6333,,
DATA,A003,4,329,837621,-0.3111,0.4044,-0.0736,10.8032,-11.5967,-30.5176,0.5155,,
DATA,A003,4,330,837631,-0.1920,0.2776,-0.1727,12.8784,17.2729,-10.9863,0.3792,,
DATA,A003,4,331,837641,-0.1202,0.2232,-0.1820,22.2778,34.6069,-1.4648,0.3121,,
DATA,A003,4,332,837651,-0.0421,0.2095,-0.1290,36.4380,54.6265,7.2021,0.2497,,
DATA,A003,4,333,837661,-0.0294,0.2298,-0.0700,40.0391,60.6689,10.7422,0.2420,,
DATA,A003,4,334,837671,-0.0148,0.2476,-0.0087,36.3159,61.0352,12.7563,0.2482,,
DATA,A003,4,335,837681,-0.0045,0.2569,0.0231,30.7007,55.7251,12.6953,0.2580,,
DATA,A003,4,336,837691,0.0568,0.2759,0.0524,21.9116,44.8608,11.2915,0.2865,,
DATA,A003,4,337,837701,0.1146,0.3130,0.0555,17.5781,37.4756,11.0474,0.3380,,
DATA,A003,4,338,837711,0.1979,0.3953,0.0267,11.3525,27.7710,13.7939,0.4429,,
DATA,A003,4,339,837721,0.2555,0.4493,0.0206,5.9204,23.9868,17.7002,0.5173,,
DATA,A003,4,340,837731,0.3129,0.5008,0.0414,-5.9204,20.3857,26.0010,0.5919,,
DATA,A003,4,341,837741,0.3280,0.5093,0.0616,-14.7095,20.4468,33.5083,0.6089,,
DATA,A003,4,342,837751,0.3131,0.4959,0.1327,-25.6348,23.6816,47.7905,0.6013,,
DATA,A003,4,343,837761,0.2594,0.5030,0.2208,-29.4800,29.3579,56.7627,0.6075,,
DATA,A003,4,344,837771,0.1410,0.5723,0.3600,-33.1421,48.1567,65.8569,0.6907,,
DATA,A003,4,345,837781,0.0079,0.6775,0.4423,-35.9497,66.5283,71.2280,0.8091,,
DATA,A003,4,346,837791,-0.2665,0.9149,0.5846,-43.4570,104.9805,73.1201,1.1179,,
DATA,A003,4,347,837801,-0.5004,1.1202,0.5077,-53.8330,144.4702,74.0967,1.3277,,
DATA,A003,4,348,837811,-1.0546,1.4046,0.3114,-68.4204,195.1904,93.6279,1.7838,,
DATA,A003,4,349,837821,-1.5558,1.5816,0.3119,-63.4766,207.2144,117.4316,2.2403,,
DATA,A003,4,350,837831,-2.4276,1.8272,0.5375,-61.2183,193.7866,144.0430,3.0856,,
DATA,A003,4,351,837841,-2.9064,1.9070,0.7318,-73.7305,151.0010,155.9448,3.5524,,
DATA,A003,4,352,837851,-3.0636,1.8462,1.0189,-80.8716,60.1807,175.4761,3.7192,,
DATA,A003,4,353,837861,-2.7867,1.7835,1.0253,-71.9604,14.1602,184.4482,3.4638,,
DATA,A003,4,354,837871,-2.3182,1.6036,0.9152,-68.7256,-19.0430,169.8608,2.9636,,
DATA,A003,4,355,837881,-2.0074,1.4029,0.8343,-78.5522,-21.2402,151.9775,2.5873,,
DATA,A003,4,356,837891,-1.6595,1.0240,0.6586,-90.7593,-8.1787,140.9912,2.0582,,
DATA,A003,4,357,837901,-1.4838,0.8179,0.5834,-87.1582,13.6719,141.5405,1.7919,,
DATA,A003,4,358,837911,-1.3475,0.6815,0.5040,-75.4395,44.1895,141.7847,1.5919,,
DATA,A003,4,359,837921,-1.2567,0.5840,0.3688,-56.2744,93.8110,142.0288,1.4340,,
DATA,A003,4,360,837931,-1.2562,0.5450,0.2919,-49.4385,121.9482,150.0244,1.4001,,
DATA,A003,4,361,837941,-1.3111,0.4732,0.1971,-54.9316,141.7236,171.8750,1.4078,,
DATA,A003,4,362,837951,-1.3590,0.3345,0.1085,-73.4253,140.0757,194.7021,1.4038,,
DATA,A003,4,363,837961,-1.3893,0.2081,0.0619,-84.5337,132.6904,205.2612,1.4061,,
DATA,A003,4,364,837971,-1.4347,0.0872,0.0414,-89.2334,122.5586,208.9844,1.4379,,
DATA,A003,4,365,837981,-1.4288,-0.0500,0.0587,-84.8389,104.1260,202.3315,1.4309,,
DATA,A003,4,366,837991,-1.3817,-0.0834,0.0824,-76.7822,86.2427,196.4111,1.3867,,
DATA,A003,4,367,838001,-1.2250,-0.0666,0.1437,-70.6177,59.8755,182.6172,1.2352,,
DATA,A003,4,368,838011,-1.0577,-0.0363,0.1654,-73.9136,44.9829,172.5464,1.0712,,
DATA,A003,4,369,838021,-0.8119,-0.0534,0.1534,-88.1958,38.6963,161.7432,0.8280,,
DATA,A003,4,370,838031,-0.6705,-0.1484,0.1381,-100.0366,45.2881,155.8228,0.7005,,
DATA,A003,4,371,838041,-0.5035,-0.4081,0.2135,-113.1592,71.8994,141.6016,0.6824,,
DATA,A003,4,372,838051,-0.4786,-0.6025,0.2489,-116.9434,86.0596,125.4883,0.8087,,
DATA,A003,4,373,838061,-0.5785,-0.8640,0.2418,-120.7886,104.6753,98.1445,1.0675,,
DATA,A003,4,374,838071,-0.6422,-1.0007,0.2325,-118.2861,109.9243,76.9653,1.2115,,
DATA,A003,4,375,838081,-0.6698,-1.1271,0.1207,-108.6426,101.0132,46.8140,1.3167,,
DATA,A003,4,376,838091,-0.6634,-1.1975,0.0238,-103.6377,89.9048,31.4941,1.3692,,
DATA,A003,4,377,838101,-0.6683,-1.3361,0.0360,-90.2100,76.7212,4.5166,1.4944,,
DATA,A003,4,378,838111,-0.7108,-1.3859,0.1048,-72.3877,73.0591,-16.4185,1.5611,,
DATA,A003,4,379,838121,-0.8072,-1.3154,0.1686,-45.3491,73.9136,-46.9971,1.5525,,
DATA,A003,4,380,838131,-0.8710,-1.1765,0.1818,-28.3203,74.9512,-72.0215,1.4750,,
DATA,A003,4,381,838141,-1.0389,-0.9208,0.1022,-7.2632,72.9980,-108.8867,1.3920,,
DATA,A003,4,382,838151,-1.2381,-0.8063,-0.0468,4.9438,65.7959,-136.0474,1.4783,,
DATA,A003,4,383,838161,-1.6293,-0.6772,-0.1535,46.1426,56.7627,-178.1006,1.7710,,
DATA,A003,4,384,838171,-1.9713,-0.5114,-0.0631,99.7925,55.2979,-203.0640,2.0375,,
DATA,A003,4,385,838181,-2.3566,-0.0590,0.4034,206.4819,54.5654,-243.2861,2.3916,,
DATA,A003,4,386,838191,-2.4974,0.5235,0.8575,259.9487,41.7480,-256.1646,2.6919,,
DATA,A003,4,387,838201,-2.8929,1.5369,0.9672,239.1357,-41.6870,-244.3848,3.4156,,
DATA,A003,4,388,838211,-3.1080,1.9407,0.7787,171.2646,-94.2383,-233.4595,3.7460,,
DATA,A003,4,389,838221,-2.9813,2.1199,0.5319,101.2573,-141.7236,-221.3745,3.6966,,
DATA,A003,4,390,838231,-2.6859,2.1922,0.4737,93.8110,-158.2031,-209.4727,3.4992,,
DATA,A003,4,391,838241,-2.0675,2.0943,0.4794,76.2329,-154.6631,-186.3403,2.9817,,
DATA,A003,4,392,838251,-1.7413,1.7671,0.5074,46.2036,-136.9629,-176.0864,2.5323,,
DATA,A003,4,393,838261,-1.4740,1.3870,0.5319,22.1558,-116.6992,-170.7153,2.0927,,
DATA,A003,4,394,838271,-1.1532,1.0015,0.5284,19.5923,-80.0781,-169.1284,1.6162,,
DATA,A003,4,395,838281,-0.9586,0.9151,0.4515,31.3721,-55.7861,-169.8608,1.4001,,
DATA,A003,4,396,838291,-0.7433,0.9288,0.3277,46.1426,-19.9585,-161.2549,1.2339,,
DATA,A003,4,397,838301,-0.6620,0.9459,0.2543,45.8374,-1.2207,-148.9258,1.1822,,
DATA,A003,4,398,838311,-0.5697,0.8926,0.1554,32.6538,12.3901,-127.6855,1.0703,,
DATA,A003,4,399,838321,-0.4708,0.8182,0.0909,22.6440,12.5732,-114.6240,0.9483,,
DATA,A003,4,400,838331,-0.3082,0.6924,0.0045,11.9019,2.9907,-97.8394,0.7580,,
DATA,A003,4,401,838341,-0.1905,0.6131,-0.0451,7.9346,-0.7935,-89.2944,0.6436,,
DATA,A003,4,402,838351,-0.0294,0.5030,-0.0812,4.5166,2.7466,-78.0640,0.5103,,
DATA,A003,4,403,838361,0.0480,0.4393,-0.0924,1.7090,7.3242,-71.8994,0.4514,,
DATA,A003,4,404,838371,0.1339,0.3812,-0.0988,-2.6245,16.7847,-61.5234,0.4159,,
DATA,A003,4,405,838381,0.1649,0.3799,-0.1049,-4.8828,18.2495,-52.6733,0.4273,,
DATA,A003,4,406,838391,0.2069,0.4310,-0.1076,-9.7656,14.8926,-38.5742,0.4900,,
DATA,A003,4,407,838401,0.2384,0.4915,-0.0971,-14.6484,12.7563,-30.8838,0.5548,,
DATA,A003,4,408,838411,0.3209,0.6019,-0.0787,-29.4189,12.6953,-21.1792,0.6866,,
DATA,A003,4,409,838421,0.3783,0.6575,-0.0805,-44.2505,17.8223,-12.8784,0.7628,,
DATA,A003,4,410,838431,0.4142,0.6810,-0.0807,-73.8525,32.6538,0.1221,0.8011,,
DATA,A003,4,411,838441,0.4196,0.6614,-0.0692,-91.5527,46.9971,7.5684,0.7863,,
DATA,A003,4,412,838451,0.3515,0.6370,-0.0473,-108.8867,67.4438,19.1650,0.7291,,
DATA,A003,4,413,838461,0.2641,0.6378,-0.0270,-116.0278,78.9185,25.9399,0.6908,,
DATA,A003,4,414,838471,0.0958,0.6802,0.0734,-125.9155,90.1489,33.7524,0.6909,,
DATA,A003,4,415,838481,-0.0643,0.7254,0.1520,-133.7891,89.3555,38.6353,0.7439,,
DATA,A003,4,416,838491,-0.3746,0.8216,0.1686,-150.8789,79.4067,42.1753,0.9186,,
DATA,A003,4,417,838501,-0.5968,0.8980,0.2096,-163.0859,70.9229,38.0249,1.0984,,
DATA,A003,4,418,838511,-0.9239,1.0171,0.4125,-183.1055,50.4150,31.0059,1.4347,,
DATA,A003,4,419,838521,-1.3214,1.0770,0.3734,-206.2378,53.5278,43.1519,1.7451,,
DATA,A003,4,420,838531,-1.7411,1.0430,0.2723,-237.2437,72.9370,67.1387,2.0478,,
DATA,A003,4,421,838541,-1.8888,0.8824,0.3119,-240.0513,83.4961,97.9004,2.1079,,
DATA,A003,4,422,838551,-2.1429,0.4627,0.4039,-220.8862,82.8857,135.0708,2.2292,,
DATA,A003,4,423,838561,-2.4017,0.2059,0.5260,-196.1060,93.0176,150.5127,2.4672,,
DATA,A003,4,424,838571,-2.6180,0.2039,0.8749,-128.1128,131.6528,158.8135,2.7679,,
DATA,A003,4,425,838581,-2.6771,0.5337,1.0587,-79.3457,162.4756,150.1465,2.9279,,
DATA,A003,4,426,838591,-2.7648,0.9517,1.0406,-67.1997,169.9219,130.7373,3.1036,,
DATA,A003,4,427,838601,-2.7464,0.8650,0.9359,-101.9287,146.4233,119.8120,3.0277,,
DATA,A003,4,428,838611,-2.6332,0.5562,0.8446,-135.4370,111.5112,107.1167,2.8207,,
DATA,A003,4,429,838621,-2.2770,0.1021,0.7081,-149.7192,36.6211,87.3413,2.3867,,
DATA,A003,4,430,838631,-1.9645,-0.0417,0.6070,-132.0801,-3.6011,82.7637,2.0565,,
DATA,A003,4,431,838641,-1.4430,-0.0541,0.4611,-102.3560,-34.9731,90.0269,1.5158,,
DATA,A003,4,432,838651,-1.1615,-0.0327,0.3727,-92.6514,-36.4990,95.3979,1.2202,,
DATA,A003,4,433,838661,-0.8524,-0.0436,0.2989,-94.8486,-22.7661,106.6284,0.9044,,
DATA,A003,4,434,838671,-0.7445,-0.1181,0.2101,-98.8770,-7.4463,114.5630,0.7825,,
DATA,A003,4,435,838681,-0.6117,-0.2453,0.1573,-102.6611,13.3057,126.2207,0.6776,,
DATA,A003,4,436,838691,-0.5594,-0.3254,0.1256,-97.4731,27.2217,132.0801,0.6593,,
DATA,A003,4,437,838701,-0.5577,-0.3679,0.1656,-74.5239,45.4712,136.7798,0.6883,,
DATA,A003,4,438,838711,-0.5362,-0.3410,0.2765,-57.7393,58.7158,134.3994,0.6930,,
DATA,A003,4,439,838721,-0.4525,-0.2475,0.6500,-90.6982,83.0078,134.8877,0.8298,,
DATA,A003,4,440,838731,-0.4916,-0.2233,0.4266,-152.9541,98.8159,121.4600,0.6881,,
DATA,A003,4,441,838741,-0.7098,-0.3500,0.2579,-139.4653,110.4126,77.6978,0.8324,,
DATA,A003,4,442,838751,-0.7665,-0.4064,0.2809,-82.3364,95.0928,44.9829,0.9119,,
DATA,A003,4,443,838761,-0.5907,-0.3737,0.1820,25.5127,35.5225,30.7007,0.7223,,
DATA,A003,4,444,838771,-0.5279,-0.4299,0.0599,68.2373,9.1553,14.1602,0.6834,,
DATA,A003,4,445,838781,-0.3973,-0.6623,0.1278,58.9600,-35.7666,-28.7476,0.7828,,
DATA,A003,4,446,838791,-0.1949,-0.8286,0.2089,32.2876,-32.1655,-47.9736,0.8764,,
DATA,A003,4,447,838801,-0.0238,-0.9636,0.2386,-0.1221,-30.8838,-39.0625,0.9930,,
DATA,A003,4,448,838811,-0.0104,-0.9824,0.1222,9.5825,-22.8271,-27.9541,0.9900,,
DATA,A003,4,449,838821,-0.0221,-0.8871,0.1757,72.8149,-1.4038,-37.1704,0.9046,,
DATA,A003,4,450,838831,-0.0787,-0.7060,0.2176,107.6050,14.8315,-44.0063,0.7430,,
DATA,A003,4,451,838841,-0.3346,-0.4924,0.1888,108.3984,17.7002,-45.1660,0.6245,,
DATA,A003,4,452,838851,-0.5467,-0.4577,0.1590,94.1772,12.0239,-48.7671,0.7306,,
DATA,A003,4,453,838861,-0.9161,-0.4758,0.0941,92.2852,-16.9678,-64.8193,1.0366,,
DATA,A003,4,454,838871,-1.1861,-0.4684,0.0885,107.6050,-39.3677,-78.3691,1.2784,,
DATA,A003,4,455,838881,-1.9549,-0.3464,0.1898,143.3716,-80.3223,-79.8340,1.9944,,
DATA,A003,4,456,838891,-2.6009,-0.1245,0.3861,171.1426,-82.4585,-90.2100,2.6324,,
DATA,A003,4,457,838901,-3.4513,0.5916,0.7257,209.3506,-80.0781,-141.8457,3.5760,,
DATA,A003,4,458,838911,-3.7945,1.2259,0.7938,208.4351,-130.6152,-149.1699,4.0659,,
DATA,A003,4,459,838921,-3.9330,2.1678,0.5494,167.7246,-246.2158,-146.6675,4.5243,,
DATA,A003,4,460,838931,-3.6620,2.5943,0.2460,129.7607,-305.2979,-154.6021,4.4945,,
DATA,A003,4,461,838941,-2.7247,2.8470,0.1598,63.4155,-291.6870,-154.1748,3.9440,,
DATA,A003,4,462,838951,-2.0795,2.6038,0.1612,8.0566,-242.0654,-140.2588,3.3362,,
DATA,A003,4,463,838961,-1.5172,2.0567,0.1798,-52.0020,-190.4297,-127.4414,2.5621,,
DATA,A003,4,464,838971,-0.8883,1.2181,0.1705,-108.7036,-110.7178,-127.3193,1.5172,,
DATA,A003,4,465,838981,-0.5685,0.7945,0.1564,-116.2109,-51.5137,-135.1318,0.9894,,
DATA,A003,4,466,838991,-0.3270,0.4290,0.1300,-89.4775,32.5928,-141.5405,0.5549,,
DATA,A003,4,467,839001,-0.3094,0.3653,0.1066,-57.1899,80.8105,-137.2070,0.4905,,
DATA,A003,4,468,839011,-0.4164,0.4654,0.0699,-13.5498,127.0142,-124.9390,0.6284,,
DATA,A003,4,469,839021,-0.5016,0.5787,0.0570,-1.7700,132.1411,-117.2485,0.7679,,
DATA,A003,4,470,839031,-0.5416,0.6907,0.0367,-13.1226,105.8960,-104.4312,0.8785,,
DATA,A003,4,471,839041,-0.5018,0.6912,0.0135,-29.4800,74.5850,-93.3228,0.8543,,
DATA,A003,4,472,839051,-0.3265,0.6050,-0.0211,-51.2085,22.3999,-75.2563,0.6878,,
DATA,A003,4,473,839061,-0.1908,0.5254,-0.0326,-59.6924,-4.2725,-61.9507,0.5600,,
DATA,A003,4,474,839071,-0.0143,0.4473,-0.0436,-66.4062,-22.7661,-39.4287,0.4497,,
DATA,A003,4,475,839081,0.0619,0.4249,-0.0404,-68.7866,-24.0479,-24.1089,0.4312,,
DATA,A003,4,476,839091,0.1388,0.4180,-0.0243,-70.6177,-16.8457,-4.8828,0.4411,,
DATA,A003,4,477,839101,0.1576,0.4261,-0.0072,-71.8384,-7.0190,6.4087,0.4544,,
DATA,A003,4,478,839111,0.1791,0.4507,0.0048,-75.0122,9.5825,20.2026,0.4850,,
DATA,A003,4,479,839121,0.1908,0.4749,0.0043,-78.0640,21.9116,26.4893,0.5118,,
DATA,A003,4,480,839131,0.2130,0.5125,-0.0062,-83.8013,39.4897,31.3110,0.5551,,
DATA,A003,4,481,839141,0.2352,0.5318,-0.0065,-88.6841,49.6826,32.1045,0.5815,,
DATA,A003,4,482,839151,0.2523,0.5589,0.0167,-97.2290,56.6406,32.3486,0.6134,,
DATA,A003,4,483,839161,0.2343,0.5689,0.0887,-103.3936,54.3213,32.4707,0.6216,,
DATA,A003,4,484,839171,0.1644,0.5980,0.2006,-114.4409,38.5742,31.8604,0.6518,,
DATA,A003,4,485,839181,0.0919,0.6119,0.2567,-124.0845,18.4937,32.2876,0.6699,,
DATA,A003,4,486,839191,0.0136,0.5860,0.3570,-143.7988,-4.2114,37.7197,0.6863,,
DATA,A003,4,487,839201,-0.0323,0.5106,0.2772,-167.4194,0.6714,51.7578,0.5819,,
DATA,A003,4,488,839211,-0.3851,0.2708,0.2303,-190.9180,28.0762,79.0405,0.5241,,
DATA,A003,4,489,839221,-0.9296,0.1395,0.1752,-179.8706,74.0967,103.6377,0.9561,,
DATA,A003,4,490,839231,-2.1058,-0.0207,0.4371,-125.8545,135.3760,132.7515,2.1508,,
DATA,A003,4,491,839241,-2.9227,-0.0114,0.8551,-65.5518,124.7559,139.1602,3.0453,,
DATA,A003,4,492,839251,-3.6725,0.4583,1.2870,-6.8970,10.8032,133.7280,3.9183,,
DATA,A003,4,493,839261,-3.6239,0.9339,1.5428,16.9067,-95.5811,143.5547,4.0478,,
DATA,A003,4,494,839271,-3.2125,1.4400,1.6847,21.4233,-178.1616,137.8174,3.9028,,
DATA,A003,4,495,839281,-2.4559,1.8626,1.6349,-27.5269,-217.7124,95.0928,3.4891,,
DATA,A003,4,496,839291,-2.0177,1.7127,1.4642,-81.8481,-179.5044,61.7676,3.0246,,
DATA,A003,4,497,839301,-1.6061,1.0608,1.1752,-134.9487,-88.6841,42.4194,2.2552,,
DATA,A003,4,498,839311,-1.4274,0.6070,1.0165,-141.6626,-30.3955,36.0107,1.8545,,
DATA,A003,4,499,839321,-1.1837,0.1509,0.8485,-118.1641,39.9780,31.5552,1.4642,,
DATA,A003,4,500,839331,-1.0773,0.0069,0.7728,-91.7358,73.0591,33.8135,1.3258,,
DATA,A003,4,501,839341,-0.9730,0.0052,0.6778,-57.7393,88.5620,39.9170,1.1859,,
DATA,A003,4,502,839351,-0.8934,0.0684,0.5819,-49.3774,84.0454,46.6919,1.0684,,
DATA,A003,4,503,839361,-0.6998,0.1072,0.4611,-59.5703,74.2798,57.8613,0.8449,,
DATA,A003,4,504,839371,-0.5528,0.0670,0.4000,-73.4253,75.3784,62.2559,0.6857,,
DATA,A003,4,505,839381,-0.3448,-0.0815,0.3148,-89.9658,88.4399,62.1338,0.4740,,
DATA,A003,4,506,839391,-0.2464,-0.1970,0.2789,-92.2852,104.6753,58.7769,0.4211,,
DATA,A003,4,507,839401,-0.1798,-0.3505,0.2472,-86.0596,129.5776,52.6733,0.4651,,
DATA,A003,4,508,839411,-0.1783,-0.4177,0.2240,-80.0171,140.0146,48.8281,0.5064,,
DATA,A003,4,509,839421,-0.1910,-0.4885,0.2213,-72.6318,140.8691,40.8325,0.5693,,
DATA,A003,4,510,839431,-0.1827,-0.5190,0.2269,-68.9087,131.2866,33.8745,0.5952,,
DATA,A003,4,511,839441,-0.1544,-0.5454,0.2086,-65.7349,106.5063,24.7803,0.6040,,
DATA,A003,4,512,839451,-0.1185,-0.5539,0.1925,-64.0869,87.0361,20.7520,0.5982,,
DATA,A003,4,513,839461,-0.0580,-0.5598,0.1634,-59.5093,62.1338,16.1743,0.5860,,
DATA,A003,4,514,839471,-0.0394,-0.5512,0.1556,-55.5420,47.3022,13.6719,0.5741,,
DATA,A003,4,515,839481,-0.0231,-0.5212,0.1459,-47.9126,34.7900,6.0425,0.5417,,
DATA,A003,4,516,839491,-0.0023,-0.5063,0.1420,-43.1519,28.0762,-2.6245,0.5258,,
DATA,A003,4,517,839501,-0.0265,-0.4899,0.1703,-37.3535,19.1650,-14.7705,0.5194,,
DATA,A003,4,518,839511,-0.0763,-0.4858,0.1835,-35.2173,12.9395,-23.0103,0.5248,,
DATA,A003,4,519,839521,-0.1617,-0.4999,0.1757,-33.0200,-1.5869,-37.2314,0.5540,,
DATA,A003,4,520,839531,-0.1854,-0.5185,0.1708,-31.9824,-11.2305,-47.9736,0.5765,,
DATA,A003,4,521,839541,-0.2235,-0.5478,0.0909,-32.2876,-33.2031,-67.3218,0.5986,,
DATA,A003,4,522,839551,-0.3165,-0.5881,-0.0648,-37.9028,-55.7251,-74.7070,0.6710,,
DATA,A003,4,523,839561,-0.4762,-0.7150,-0.2772,-55.5420,-95.2148,-70.0073,0.9027,,
DATA,A003,4,524,839571,-0.6649,-0.8239,-0.3939,-72.3877,-147.6440,-55.1758,1.1297,,
DATA,A003,4,525,839581,-1.0001,-0.9977,-0.5133,-90.4541,-179.0771,-23.0103,1.5031,,
DATA,A003,4,526,839591,-1.1766,-1.0371,-0.5084,-81.3599,-170.5933,4.4556,1.6488,,
DATA,A003,4,527,839601,-1.3771,-0.7172,-0.0385,23.3154,-89.6606,54.6265,1.5531,,
DATA,A003,4,528,839611,-1.5431,-0.1296,0.3297,122.2534,-8.5449,85.6934,1.5832,,
DATA,A003,4,529,839621,-1.9188,0.7081,0.6913,188.2324,90.1489,114.5630,2.1589,,
DATA,A003,4,530,839631,-2.3827,2.1233,0.8837,193.9697,207.7637,121.0327,3.3116,,
DATA,A003,4,531,839641,-2.6315,2.9515,0.6156,151.6113,281.0669,105.8960,4.0018,,
DATA,A003,4,532,839651,-2.8229,3.2112,0.6063,75.6836,294.8608,67.3828,4.3184,,
DATA,A003,4,533,839661,-2.6793,2.4468,0.6857,27.7710,266.7236,49.6216,3.6927,,
DATA,A003,4,534,839671,-2.2955,1.0814,0.8524,21.3623,215.3320,26.9165,2.6768,,
DATA,A003,4,535,839681,-2.0338,0.4637,0.8900,64.4531,183.4717,5.0049,2.2679,,
DATA,A003,4,536,839691,-1.6307,0.2066,0.9708,155.0293,147.0947,-19.5923,1.9090,,
DATA,A003,4,537,839701,-1.3805,0.4009,1.0123,201.2329,117.7368,-21.7896,1.7582,,
DATA,A003,4,538,839711,-1.1014,0.7659,1.0577,213.5620,65.1855,-14.9536,1.7084,,
DATA,A003,4,539,839721,-0.9823,0.8699,1.0289,185.3027,26.9165,-9.2773,1.6674,,
DATA,A003,4,540,839731,-0.8067,0.7647,0.8441,122.5586,-23.8647,-4.0283,1.3958,,
DATA,A003,4,541,839741,-0.6566,0.6031,0.6656,87.2803,-53.8330,-5.0049,1.1126,,
DATA,A003,4,542,839751,-0.4066,0.3714,0.3868,52.3071,-78.4302,-7.3242,0.6730,,
DATA,A003,4,543,839761,-0.2377,0.2596,0.2894,38.3301,-78.6133,-6.4087,0.4557,,
DATA,A003,4,544,839771,-0.0494,0.2103,0.2853,28.1982,-51.8799,-1.3428,0.3578,,
DATA,A003,4,545,839781,0.0131,0.2816,0.3063,21.4233,-22.4609,4.7607,0.4162,,
DATA,A003,4,546,839791,0.0224,0.4803,0.3588,0.8545,25.1465,14.2212,0.5999,,
DATA,A003,4,547,839801,0.0221,0.6277,0.4086,-19.1040,54.0161,17.5781,0.7493,,
DATA,A003,4,548,839811,-0.0150,0.8074,0.4476,-59.1431,94.0552,14.9536,0.9233,,
DATA,A003,4,549,839821,0.0084,0.8489,0.4664,-89.1724,121.9482,3.6621,0.9687,,
DATA,A003,4,550,839831,0.0082,0.7764,0.4537,-131.4697,161.2549,-19.5312,0.8993,,
DATA,A003,4,551,839841,-0.0707,0.6744,0.4425,-153.0762,183.7158,-38.1470,0.8097,,
DATA,A003,4,552,839851,-0.2533,0.5118,0.4867,-167.2974,208.9233,-75.3174,0.7503,,
DATA,A003,4,553,839861,-0.5426,0.4583,0.5160,-165.1611,192.3828,-98.8770,0.8779,,
DATA,A003,4,554,839871,-1.1246,0.5696,0.7631,-152.5269,165.2222,-135.2539,1.4736,,
DATA,A003,4,555,839881,-1.3326,0.7857,0.9415,-146.4844,143.1274,-174.8047,1.8110,,
DATA,A003,4,556,839891,-1.4720,1.1485,0.9359,-167.5415,93.6890,-213.1958,2.0885,,
DATA,A003,4,557,839901,-1.4838,1.2161,0.8107,-209.1675,51.7578,-221.8018,2.0827,,
DATA,A003,4,558,839911,-1.4044,1.0186,0.5548,-277.8931,5.5542,-229.3091,1.8215,,
DATA,A003,4,559,839921,-1.4298,0.8243,0.2982,-309.6313,-16.4185,-221.9849,1.6771,,
DATA,A003,4,560,839931,-1.5272,0.6055,0.0279,-325.1343,-21.9727,-204.4067,1.6431,,
DATA,A003,4,561,839941,-1.4545,0.5274,-0.0414,-311.9507,-15.8081,-198.6084,1.5477,,
DATA,A003,4,562,839951,-1.3922,0.5362,0.0350,-282.2876,-2.7466,-178.2837,1.4923,,
DATA,A003,4,563,839961,-1.4022,0.5882,0.1175,-271.5454,17.5781,-161.1328,1.5251,,
DATA,A003,4,564,839971,-1.4000,0.6260,0.1559,-263.4277,74.6460,-132.4463,1.5415,,
DATA,A003,4,565,839981,-1.3614,0.6231,0.1998,-248.7183,116.8823,-109.6191,1.5105,,
DATA,A003,4,566,839991,-1.3153,0.6509,0.2533,-222.1069,149.1089,-78.7354,1.4893,,
DATA,A003,4,567,840001,-1.3937,0.7713,0.2731,-181.1523,167.8467,-23.9258,1.6161,,
DATA,A003,4,568,840011,-1.4608,0.8213,0.3143,-162.6587,159.3628,9.1553,1.7051,,
DATA,A003,4,569,840021,-1.4547,0.7916,0.3761,-154.3579,110.0464,52.4292,1.6983,,
DATA,A003,4,570,840031,-1.3378,0.7017,0.4125,-161.2549,63.7207,76.3550,1.5659,,
DATA,A003,4,571,840041,-1.0919,0.5203,0.3509,-181.5796,-11.1084,107.8491,1.2594,,
DATA,A003,4,572,840051,-0.9339,0.3951,0.2408,-197.7539,-64.6973,126.1597,1.0423,,
DATA,A003,4,573,840061,-0.7110,0.2154,-0.0360,-223.2056,-137.0850,152.0386,0.7438,,
DATA,A003,4,574,840071,-0.6002,0.1021,-0.2362,-237.8540,-176.8188,169.1895,0.6530,,
DATA,A003,4,575,840081,-0.4650,-0.1183,-0.4584,-246.2769,-202.9419,190.0024,0.6636,,
DATA,A003,4,576,840091,-0.3839,-0.3024,-0.5136,-234.8022,-195.0073,199.4019,0.7089,,
DATA,A003,4,577,840101,-0.2545,-0.5522,-0.4535,-179.5044,-157.1045,210.5103,0.7585,,
DATA,A003,4,578,840111,-0.2252,-0.6284,-0.3300,-127.4414,-122.8027,218.6279,0.7446,,
DATA,A003,4,579,840121,-0.2733,-0.5031,-0.0858,-50.2930,-75.1343,226.3184,0.5790,,
DATA,A003,4,580,840131,-0.3692,-0.2868,0.0638,-13.1836,-53.4668,227.3560,0.4719,,
DATA,A003,4,581,840141,-0.5099,0.1099,0.1976,9.8877,-27.4658,212.3413,0.5578,,
DATA,A003,4,582,840151,-0.5856,0.3238,0.1749,1.6479,-16.8457,191.9556,0.6916,,
DATA,A003,4,583,840161,-0.6615,0.4681,0.1017,-31.6162,-0.2441,155.8228,0.8167,,
DATA,A003,4,584,840171,-0.6512,0.4561,0.0282,-53.5278,16.5405,122.6807,0.7956,,
DATA,A003,4,585,840181,-0.7091,0.3318,-0.1332,-72.1436,30.9448,75.0122,0.7941,,
DATA,A003,4,586,840191,-0.8036,0.2007,-0.1869,-75.8667,36.1328,53.8330,0.8491,,
DATA,A003,4,587,840201,-0.9532,-0.0141,-0.2318,-81.6650,53.5889,21.0571,0.9811,,
DATA,A003,4,588,840211,-1.0768,-0.1999,-0.3182,-90.8203,72.5098,-6.5918,1.1405,,
DATA,A003,4,589,840221,-1.3412,-0.6430,-0.3556,-109.1309,105.2856,-46.8750,1.5293,,
DATA,A003,4,590,840231,-1.4996,-1.0327,-0.3930,-121.2158,124.3286,-77.5146,1.8627,,
DATA,A003,4,591,840241,-1.8290,-1.6660,-0.5768,-125.3662,124.4507,-145.1416,2.5403,,
DATA,A003,4,592,840251,-2.0589,-1.9016,-0.7262,-88.5010,120.6055,-189.9414,2.8953,,
DATA,A003,4,593,840261,-2.2767,-1.5493,-0.6596,20.2637,123.9624,-250.1831,2.8317,,
DATA,A003,4,594,840271,-2.4093,-1.0881,-0.2601,77.9419,133.9722,-288.2690,2.6564,,
DATA,A003,4,595,840281,-2.6266,-0.3813,0.1637,119.9951,162.7197,-325.1343,2.6591,,
DATA,A003,4,596,840291,-2.8390,-0.0124,0.2186,132.2021,165.0391,-344.0552,2.8474,,
DATA,A003,4,597,840301,-2.9376,0.2364,0.1669,138.3057,136.5967,-358.7036,2.9518,,
DATA,A003,4,598,840311,-2.8712,0.4254,0.1217,143.1274,63.4155,-352.9663,2.9051,,
DATA,A003,4,599,840321,-2.7594,0.4913,0.1319,144.3481,11.3525,-335.9375,2.8059,,
DATA,A003,4,600,840331,-2.5040,0.5447,0.1598,151.9775,-63.8428,-302.9175,2.5676,,
DATA,A003,4,601,840341,-2.2623,0.5765,0.1844,158.9355,-103.5767,-277.2827,2.3419,,
DATA,A003,4,602,840351,-1.8517,0.6473,0.2079,173.5229,-133.9111,-232.6660,1.9725,,
DATA,A003,4,603,840361,-1.5663,0.6639,0.1993,180.8472,-138.8550,-199.4629,1.7128,,
DATA,A003,4,604,840371,-1.1730,0.5472,0.1930,169.1895,-133.9111,-157.4097,1.3086,,
DATA,A003,4,605,840381,-0.9117,0.3775,0.2020,149.5972,-117.0044,-137.6343,1.0073,,
DATA,A003,4,606,840391,-0.5704,0.1282,0.1551,134.5825,-88.3179,-113.1592,0.6049,,
DATA,A003,4,607,840401,-0.3790,0.0374,0.1066,143.9209,-66.7725,-96.8628,0.3955,,
DATA,A003,4,608,840411,-0.2098,0.0667,0.1044,175.5371,-35.7666,-72.3267,0.2437,,
DATA,A003,4,609,840421,-0.1659,0.1732,0.1136,191.3452,-20.6909,-61.3403,0.2654,,
DATA,A003,4,610,840431,-0.1608,0.3509,0.0919,189.9414,-7.2632,-51.5137,0.3968,,
DATA,A003,4,611,840441,-0.1568,0.4376,0.0592,175.4761,-7.4463,-44.7388,0.4686,,
DATA,A003,4,612,840451,-0.0629,0.5140,0.0116,148.3765,-13.4888,-30.0293,0.5179,,
DATA,A003,4,613,840461,0.0265,0.5445,-0.0226,130.3101,-16.7236,-18.5547,0.5456,,
DATA,A003,4,614,840471,0.1493,0.5748,-0.0431,113.8916,-11.7188,3.7231,0.5954,,
DATA,A003,4,615,840481,0.2216,0.5943,-0.0504,100.7080,-2.7466,15.6860,0.6363,,
DATA,A003,4,616,840491,0.2977,0.6212,-0.0438,77.7588,13.3057,35.6445,0.6902,,
DATA,A003,4,617,840501,0.3151,0.6275,-0.0560,59.7534,26.4893,50.7812,0.7044,,
DATA,A003,4,618,840511,0.3165,0.6121,-0.1093,32.0435,52.1851,74.3408,0.6977,,
DATA,A003,4,619,840521,0.2892,0.5933,-0.1513,19.4092,70.2515,90.8813,0.6772,,
DATA,A003,4,620,840531,0.2318,0.6358,-0.1720,13.0615,102.1118,114.0137,0.6983,,
DATA,A003,4,621,840541,0.1886,0.7064,-0.1591,12.3901,121.8262,126.8311,0.7482,,
DATA,A003,4,622,840551,0.1203,0.8326,-0.1100,4.3335,142.4561,144.4702,0.8484,,
DATA,A003,4,623,840561,0.0490,0.8958,-0.0819,-9.6436,146.8506,156.4941,0.9009,,
DATA,A003,4,624,840571,-0.1114,0.9241,-0.0411,-38.0249,142.8833,171.2646,0.9317,,
DATA,A003,4,625,840581,-0.3129,0.8924,-0.0280,-56.8237,128.1738,177.9785,0.9461,,
DATA,A003,4,626,840591,-0.7980,0.8296,0.0524,-75.6226,99.7925,184.0820,1.1523,,
DATA,A003,4,627,840601,-1.2150,0.8387,0.0885,-83.8623,83.7402,186.0962,1.4790,,
DATA,A003,4,628,840611,-1.8568,0.9083,0.1327,-96.2524,74.8291,195.3735,2.0713,,
DATA,A003,4,629,840621,-2.3334,0.9962,0.2350,-94.2383,56.4575,207.8247,2.5480,,
DATA,A003,4,630,840631,-3.1805,1.1949,0.5048,-74.7070,22.8882,231.6284,3.4349,,
DATA,A003,4,631,840641,-3.6044,1.3460,0.7548,-68.1152,-2.1973,231.7505,3.9208,,
DATA,A003,4,632,840651,-3.7838,1.5362,0.7972,-70.2515,-17.7612,219.7266,4.1608,,
DATA,A003,4,633,840661,-3.6322,1.8712,0.8009,-69.7632,-26.7944,184.8145,4.1636,,
DATA,A003,4,634,840671,-3.2604,1.9466,0.7948,-77.3315,-34.3628,160.0342,3.8795,,
DATA,A003,4,635,840681,-2.6542,1.5735,0.7877,-115.1733,-43.8843,146.4233,3.1845,,
DATA,A003,4,636,840691,-2.3070,1.1199,0.7882,-140.4419,-42.1753,142.2119,2.6829,,
DATA,A003,4,637,840701,-1.8973,0.4703,0.7469,-153.5645,-41.7480,131.6528,2.0926,,
DATA,A003,4,638,840711,-1.7005,0.1216,0.6820,-149.7803,-47.9736,132.0801,1.8362,,
DATA,A003,4,639,840721,-1.4149,-0.2189,0.5795,-136.1084,-61.2793,140.5640,1.5446,,
DATA,A003,4,640,840731,-1.2430,-0.3320,0.5187,-123.7793,-72.6929,149.7192,1.3872,,
DATA,A003,4,641,840741,-0.9332,-0.3864,0.5096,-101.6235,-95.5811,166.7480,1.1313,,
DATA,A003,4,642,840751,-0.7018,-0.3850,0.5065,-89.9048,-102.8442,176.6968,0.9472,,
DATA,A003,4,643,840761,-0.4088,-0.3976,0.4569,-79.9561,-114.1968,184.6313,0.7308,,
DATA,A003,4,644,840771,-0.2516,-0.4350,0.4147,-76.8433,-113.4033,183.9600,0.6515,,
DATA,A003,4,645,840781,-0.0787,-0.5197,0.3920,-67.9932,-100.0977,172.7905,0.6557,,
DATA,A003,4,646,840791,-0.0128,-0.5624,0.3924,-55.8472,-81.8481,161.9263,0.6859,,
DATA,A003,4,647,840801,0.0519,-0.5849,0.4208,-32.0435,-51.0864,142.2729,0.7224,,
DATA,A003,4,648,840811,0.0453,-0.5668,0.4647,-16.2354,-29.7852,127.6855,0.7344,,
DATA,A003,4,649,840821,-0.0253,-0.5368,0.4623,-6.6528,-2.6245,102.6611,0.7089,,
DATA,A003,4,650,840831,-0.0878,-0.5627,0.4496,-10.3760,7.2021,83.7402,0.7256,,
DATA,A003,4,651,840841,-0.1996,-0.6269,0.4300,-19.2261,4.3335,54.2603,0.7860,,
DATA,A003,4,652,840851,-0.3251,-0.6816,0.3819,-21.7285,-4.6387,34.2407,0.8462,,
DATA,A003,4,653,840861,-0.4530,-0.7851,0.3937,-15.8691,-25.4517,0.6104,0.9882,,
DATA,A003,4,654,840871,-0.5201,-0.8178,0.4571,-3.2349,-47.4854,-18.6768,1.0716,,
DATA,A003,4,655,840881,-0.6139,-0.7372,0.5355,19.4092,-83.9233,-42.4194,1.0987,,
DATA,A003,4,656,840891,-0.6708,-0.6503,0.6012,27.4048,-103.0884,-58.4106,1.1110,,
DATA,A003,4,657,840901,-0.7657,-0.4802,0.6732,24.0479,-119.3848,-80.5664,1.1270,,
DATA,A003,4,658,840911,-0.8136,-0.3400,0.6634,17.3950,-117.7979,-92.5903,1.1035,,
DATA,A003,4,659,840921,-0.9640,-0.1188,0.6573,15.6250,-105.4077,-110.1685,1.1728,,
DATA,A003,4,660,840931,-1.0904,0.0626,0.7069,24.4751,-90.6372,-126.7700,1.3010,,
DATA,A003,4,661,840941,-1.1744,0.4058,0.8050,40.6494,-80.0781,-158.3862,1.4806,,
DATA,A003,4,662,840951,-1.2023,0.6285,0.8204,39.0015,-96.4355,-167.3584,1.5854,,
DATA,A003,4,663,840961,-1.3409,0.8536,0.7958,12.7563,-131.2256,-165.2222,1.7776,,
DATA,A003,4,664,840971,-1.4149,0.9200,0.7848,-8.6060,-149.9634,-167.4805,1.8612,,
DATA,A003,4,665,840981,-1.5262,0.9722,0.8021,-16.5405,-146.5454,-155.0903,1.9794,,
DATA,A003,4,666,840991,-1.5799,1.0264,0.8297,-12.1460,-130.9814,-137.7563,2.0587,,
DATA,A003,4,667,841001,-1.6532,1.0757,0.8070,-11.2305,-106.3843,-122.5586,2.1311,,
DATA,A003,4,668,841011,-1.7904,1.0877,0.6813,-17.8223,-70.3125,-105.2246,2.2029,,
DATA,A003,4,669,841021,-1.8497,1.0547,0.5651,-17.4561,-55.4810,-90.2100,2.2030,,
DATA,A003,4,670,841031,-1.8263,0.9393,0.6095,-4.1504,-29.6631,-70.2515,2.1422,,
DATA,A003,4,671,841041,-1.7623,0.8533,0.6842,5.3711,-9.0942,-67.9321,2.0741,,
DATA,A003,4,672,841051,-1.6984,0.7151,0.7757,14.8315,19.5923,-77.0874,1.9994,,
DATA,A003,4,673,841061,-1.6197,0.6287,0.7804,18.9819,29.6021,-85.8154,1.9047,,
DATA,A003,4,674,841071,-1.3824,0.5035,0.7076,26.0620,24.7192,-95.5200,1.6326,,
DATA,A003,4,675,841081,-1.2045,0.4427,0.6395,30.5786,12.6953,-101.0132,1.4338,,
DATA,A003,4,676,841091,-0.9286,0.3917,0.5123,34.7900,-6.4697,-110.6567,1.1305,,
DATA,A003,4,677,841101,-0.7489,0.3860,0.4266,34.2407,-14.4043,-116.9434,0.9444,,
DATA,A003,4,678,841111,-0.5201,0.4002,0.3219,28.9917,-17.0898,-123.5352,0.7310,,
DATA,A003,4,679,841121,-0.3797,0.4048,0.2535,22.5220,-9.7656,-127.2583,0.6102,,
DATA,A003,4,680,841131,-0.2035,0.4078,0.1693,10.6812,7.8125,-130.2490,0.4862,,
DATA,A003,4,681,841141,-0.1088,0.3870,0.1061,1.9531,22.4609,-129.5776,0.4158,,
DATA,A003,4,682,841151,-0.0362,0.3260,0.0211,-11.1694,45.4102,-124.3896,0.3287,,
DATA,A003,4,683,841161,-0.0238,0.2786,-0.0368,-17.7002,57.4951,-118.7134,0.2820,,
DATA,A003,4,684,841171,-0.0206,0.2281,-0.0892,-20.9961,70.1294,-106.9946,0.2458,,
DATA,A003,4,685,841181,-0.0135,0.2198,-0.1156,-19.5923,74.9512,-99.4873,0.2487,,
DATA,A003,4,686,841191,-0.0018,0.2637,-0.1288,-17.2729,75.3174,-90.3931,0.2935,,
DATA,A003,4,687,841201,0.0492,0.3213,-0.1229,-17.5171,76.1719,-85.9375,0.3476,,
DATA,A003,4,688,841211,0.1290,0.4100,-0.1093,-23.8647,82.7026,-77.0264,0.4435,,
DATA,A003,4,689,841221,0.1583,0.4395,-0.0682,-31.4331,88.9893,-68.7256,0.4721,,
DATA,A003,4,690,841231,0.1784,0.4581,0.0040,-41.6260,104.7363,-56.2744,0.4916,,
DATA,A003,4,691,841241,0.1898,0.4678,0.0282,-46.3257,116.5161,-48.5229,0.5057,,
DATA,A003,4,692,841251,0.1227,0.4886,0.1180,-49.4995,127.1362,-34.8511,0.5174,,
DATA,A003,4,693,841261,0.0172,0.5577,0.2479,-47.1191,133.3008,-28.1982,0.6105,,
DATA,A003,4,694,841271,-0.2201,0.7615,0.4247,-46.2036,141.4795,-20.0806,0.8993,,
DATA,A003,4,695,841281,-0.4269,0.9192,0.5328,-51.7578,145.8130,-14.0381,1.1450,,
DATA,A003,4,696,841291,-0.6803,1.1097,0.6212,-69.5801,144.0430,0.9766,1.4422,,
DATA,A003,4,697,841301,-0.9115,1.1553,0.5397,-86.0596,141.6016,23.7427,1.5674,,
DATA,A003,4,698,841311,-1.2213,1.1531,0.5028,-92.5903,141.6626,60.2417,1.7533,,
DATA,A003,4,699,841321,-1.4618,1.1644,0.5887,-81.1157,142.8833,90.3320,1.9594,,
DATA,A003,4,700,841331,-1.6937,1.2183,0.7213,-67.3828,144.9585,115.7837,2.2075,,
DATA,A003,4,701,841341,-2.1568,1.3875,0.9672,-59.9365,132.6904,135.3760,2.7409,,
DATA,A003,4,702,841351,-2.3893,1.6680,1.1632,-60.9131,119.4458,135.7422,3.1375,,
DATA,A003,4,703,841361,-2.3087,1.7645,1.2035,-72.9370,109.3750,139.8315,3.1451,,
DATA,A003,4,704,841371,-2.1759,1.6751,1.1820,-100.3418,101.6846,136.4746,2.9896,,
DATA,A003,4,705,841381,-1.9693,1.2601,1.0799,-153.1372,86.9141,113.2202,2.5753,,
DATA,A003,4,706,841391,-1.8243,0.9468,0.9318,-177.4292,80.3833,98.9380,2.2567,,
DATA,A003,4,707,841401,-1.5775,0.5286,0.6888,-186.4014,74.2188,87.2803,1.8007,,
DATA,A003,4,708,841411,-1.4220,0.3111,0.5543,-179.7485,69.0308,85.2661,1.5576,,
DATA,A003,4,709,841421,-1.1998,0.0982,0.4142,-161.8652,60.9131,88.8672,1.2731,,
DATA,A003,4,710,841431,-1.0497,0.0254,0.3341,-150.4517,57.1899,94.9097,1.1019,,
DATA,A003,4,711,841441,-0.8736,0.0059,0.2543,-143.9209,51.0864,111.9995,0.9099,,
DATA,A003,4,712,841451,-0.8124,-0.0019,0.2054,-139.0991,50.7202,123.1079,0.8379,,
DATA,A003,4,713,841461,-0.7609,0.0316,0.1671,-127.6245,56.1523,133.3618,0.7796,,
DATA,A003,4,714,841471,-0.7535,0.0628,0.1561,-124.0234,60.0586,137.5732,0.7721,,
DATA,A003,4,715,841481,-0.7438,0.0931,0.1534,-120.6055,62.9272,134.3384,0.7651,,
DATA,A003,4,716,841491,-0.6922,0.1158,0.2308,-130.7373,55.1758,132.0801,0.7388,,
DATA,A003,4,717,841501,-0.6197,0.1021,0.1332,-152.1606,43.0298,129.9438,0.6421,,
DATA,A003,4,718,841511,-0.5362,0.0396,0.0406,-149.7192,33.5693,122.6196,0.5392,,
DATA,A003,4,719,841521,-0.3685,-0.0510,0.0621,-128.4180,19.7144,105.7739,0.3772,,
DATA,A003,4,720,841531,-0.2677,-0.1205,0.0907,-120.4834,16.2354,94.9707,0.3073,,
DATA,A003,4,721,841541,-0.1703,-0.2365,0.1647,-127.5024,13.0005,81.9092,0.3347,,
DATA,A003,4,722,841551,-0.1918,-0.3498,0.1710,-133.8501,7.2632,71.1060,0.4340,,
DATA,A003,4,723,841561,-0.2208,-0.5507,0.3002,-118.5913,-14.8315,53.7720,0.6649,,
DATA,A003,4,724,841571,-0.2467,-0.6249,0.4252,-101.8677,-34.7290,42.6636,0.7951,,
DATA,A003,4,725,841581,-0.2796,-0.6435,0.5436,-81.7261,-66.7114,29.6021,0.8876,,
DATA,A003,4,726,841591,-0.2994,-0.6393,0.5968,-75.3174,-87.4634,23.8647,0.9244,,
DATA,A003,4,727,841601,-0.3771,-0.6328,0.6197,-71.5332,-113.8916,13.6108,0.9626,,
DATA,A003,4,728,841611,-0.4383,-0.6308,0.6300,-68.1152,-118.3472,3.7842,0.9935,,
DATA,A003,4,729,841621,-0.5709,-0.5781,0.4913,-61.0962,-106.0181,-15.9302,0.9495,,
DATA,A003,4,730,841631,-0.7225,-0.5519,0.3351,-55.4199,-85.6323,-31.3110,0.9690,,
DATA,A003,4,731,841641,-1.0433,-0.5688,0.1586,-35.0342,-48.4009,-51.2085,1.1988,,
DATA,A003,4,732,841651,-1.3395,-0.5810,0.1481,-6.8970,-28.0151,-59.8145,1.4675,,
DATA,A003,4,733,841661,-1.8436,-0.4980,0.3465,44.8608,-21.8506,-72.3267,1.9409,,
DATA,A003,4,734,841671,-2.2687,-0.3564,0.5494,70.3125,-37.4756,-82.5195,2.3613,,
DATA,A003,4,735,841681,-2.6180,-0.1650,0.7721,78.9795,-64.5752,-99.7314,2.7345,,
DATA,A003,4,736,841691,-2.9518,0.1819,0.8671,76.2329,-118.6523,-125.4883,3.0819,,
DATA,A003,4,737,841701,-2.9503,0.3963,0.8539,72.2046,-156.3721,-134.6436,3.0968,,
DATA,A003,4,738,841711,-2.6305,0.6724,0.7782,74.1577,-204.4067,-147.3389,2.8244,,
DATA,A003,4,739,841721,-2.3238,0.8255,0.7045,77.1484,-223.2056,-151.9775,2.5647,,
DATA,A003,4,740,841731,-1.8690,0.9722,0.5350,73.5474,-220.0928,-144.4092,2.1736,,
DATA,A003,4,741,841741,-1.6744,0.9810,0.5297,69.9463,-203.1250,-135.4370,2.0116,,
DATA,A003,4,742,841751,-1.4982,0.9090,0.6183,69.3970,-169.3726,-139.3433,1.8582,,
DATA,A003,4,743,841761,-1.3795,0.8379,0.6424,72.6318,-142.7612,-146.0571,1.7372,,
DATA,A003,4,744,841771,-1.1588,0.7335,0.6041,80.9326,-109.4360,-151.3062,1.4986,,
DATA,A003,4,745,841781,-0.9923,0.6702,0.5631,86.9141,-90.5151,-154.1748,1.3232,,
DATA,A003,4,746,841791,-0.7919,0.6160,0.5065,94.0552,-66.4062,-157.4707,1.1238,,
DATA,A003,4,747,841801,-0.6810,0.5855,0.4571,96.3745,-52.1240,-159.4238,1.0078,,
DATA,A003,4,748,841811,-0.5594,0.5462,0.3902,95.5200,-35.8887,-162.1094,0.8738,,
DATA,A003,4,749,841821,-0.4850,0.5140,0.3348,91.0034,-29.9072,-162.5977,0.7820,,
DATA,A003,4,750,841831,-0.3868,0.4576,0.2538,80.2002,-23.8647,-160.5225,0.6507,,
DATA,A003,4,751,841841,-0.3409,0.4258,0.2159,72.2046,-23.5596,-159.7290,0.5867,,
DATA,A003,4,752,841851,-0.2818,0.3751,0.1424,59.3262,-22.8271,-159.9731,0.4903,,
DATA,A003,4,753,841861,-0.2535,0.3567,0.1156,51.2695,-23.4985,-159.7900,0.4527,,
DATA,A003,4,754,841871,-0.2242,0.3375,0.0983,39.9780,-27.8931,-160.6445,0.4169,,
DATA,A003,4,755,841881,-0.2162,0.3397,0.0951,33.0811,-29.7852,-162.2314,0.4137,,
DATA,A003,4,756,841891,-0.1861,0.3758,0.0748,23.0713,-35.0952,-164.4897,0.4260,,
DATA,A003,4,757,841901,-0.1764,0.3987,0.0563,15.1978,-38.2690,-164.3677,0.4396,,
DATA,A003,4,758,841911,-0.1686,0.4371,0.0431,2.1362,-46.2646,-164.9780,0.4704,,
DATA,A003,4,759,841921,-0.1622,0.4471,0.0692,-5.2490,-53.6499,-165.1001,0.4806,,
DATA,A003,4,760,841931,-0.1639,0.4715,0.1478,-14.3433,-68.5425,-162.5366,0.5206,,
DATA,A003,4,761,841941,-0.1717,0.4908,0.1901,-21.7896,-80.6885,-159.5459,0.5536,,
DATA,A003,4,762,841951,-0.1861,0.5137,0.2623,-33.8135,-94.1772,-153.6255,0.6061,,
DATA,A003,4,763,841961,-0.1817,0.5235,0.2999,-41.7480,-99.9756,-148.3765,0.6301,,
DATA,A003,4,764,841971,-0.2670,0.5001,0.3859,-53.8330,-105.1636,-134.8877,0.6857,,
DATA,A003,4,765,841981,-0.4742,0.4376,0.4620,-60.3027,-97.7783,-121.2158,0.7936,,
DATA,A003,4,766,841991,-1.0599,0.3567,0.8094,-52.1240,-69.4580,-103.4546,1.3805,,
DATA,A003,4,767,842001,-1.4947,0.4866,1.2001,-27.3438,-44.9829,-100.2197,1.9777,,
DATA,A003,4,768,842011,-1.7823,1.0733,1.2159,0.6714,-65.6738,-72.4487,2.4098,,
DATA,A003,4,769,842021,-1.8351,1.3160,1.0831,-10.7422,-133.5449,-28.6865,2.5045,,
DATA,A003,4,770,842031,-1.7440,1.2667,1.0194,-29.3579,-196.0449,-0.4272,2.3844,,
DATA,A003,4,771,842041,-1.3041,0.9149,1.0355,-36.6821,-245.9106,12.3291,1.9000,,
DATA,A003,4,772,842051,-0.9361,0.6712,1.0975,-22.8271,-254.2725,16.1133,1.5910,,
DATA,A003,4,773,842061,-0.4669,0.3961,1.2909,14.3433,-229.1870,-2.1362,1.4287,,
DATA,A003,4,774,842071,-0.2525,0.3079,1.4266,39.7339,-191.1621,-32.3486,1.4812,,
DATA,A003,4,775,842081,-0.0563,0.2745,1.5553,63.4766,-131.0425,-77.1484,1.5803,,
DATA,A003,4,776,842091,0.0141,0.2327,1.5734,69.4580,-96.6187,-95.6421,1.5905,,
DATA,A003,4,777,842101,-0.0375,0.1131,1.5216,70.4346,-56.5796,-108.0322,1.5263,,
DATA,A003,4,778,842111,-0.1195,0.0516,1.4171,68.9087,-40.1001,-107.7271,1.4231,,
DATA,A003,4,779,842121,-0.2042,0.0069,1.2535,64.2090,-40.1611,-99.2432,1.2701,,
DATA,A003,4,780,842131,-0.2284,-0.0139,1.1866,60.9741,-51.2695,-91.9800,1.2085,,
DATA,A003,4,781,842141,-0.2411,-0.0456,1.1180,57.2510,-61.0962,-81.4209,1.1446,,
DATA,A003,4,782,842151,-0.1954,-0.0766,1.1302,57.2510,-55.5420,-75.1343,1.1496,,
DATA,A003,4,783,842161,-0.1603,-0.0746,1.1341,57.9224,-38.3301,-65.1245,1.1478,,
DATA,A003,4,784,842171,-0.1888,-0.0410,1.1066,56.4575,-27.0386,-60.3027,1.1233,,
DATA,A003,4,785,842181,-0.2350,-0.0153,1.0675,50.5981,-17.7002,-58.7158,1.0932,,
DATA,A003,4,786,842191,-0.2462,-0.0136,1.0377,45.2271,-20.8740,-60.7300,1.0666,,
DATA,A003,4,787,842201,-0.2594,-0.0390,0.9764,39.1235,-27.5269,-65.4297,1.0110,,
DATA,A003,4,788,842211,-0.1935,-0.0224,0.9051,37.0483,-37.6587,-75.6836,0.9259,,
DATA,A003,4,789,842221,-0.1114,-0.0200,0.8390,33.5693,-50.7202,-83.6792,0.8466,,
DATA,A003,4,790,842231,-0.0116,0.0071,0.7906,31.9824,-52.0020,-89.1113,0.7908,,
DATA,A003,4,791,842241,0.2409,0.0645,0.7403,25.8789,-42.4194,-104.9194,0.7812,,
DATA,A003,4,792,842251,0.1056,-0.0202,0.6893,24.9634,-31.3721,-100.4028,0.6977,,
DATA,A003,4,793,842261,0.1542,-0.0568,0.7113,26.8555,-19.4092,-118.4082,0.7300,,
DATA,A003,4,794,842271,0.1144,-0.0947,0.7460,29.6021,-11.6577,-121.4600,0.7606,,
DATA,A003,4,795,842281,0.0695,-0.0368,0.7391,34.4849,-10.4980,-127.0752,0.7433,,
DATA,A003,4,796,842291,0.0480,0.0125,0.7074,35.4004,-12.8174,-130.4321,0.7091,,
DATA,A003,4,797,842301,0.0595,0.0499,0.5975,33.5693,-19.6533,-132.0190,0.6025,,
DATA,A003,4,798,842311,0.0744,0.0323,0.5787,35.2783,-23.5596,-131.6528,0.5844,,
DATA,A003,4,799,842321,-0.0670,0.0025,0.5694,38.6963,-29.1748,-132.9346,0.5734,,
DATA,A003,4,800,842331,-0.1615,-0.0065,0.5944,40.4663,-42.1753,-138.2446,0.6159,,
DATA,A003,4,801,842341,-0.2320,0.0211,0.7247,39.9170,-74.7070,-131.5918,0.7613,,
DATA,A003,4,802,842351,-0.2457,0.0735,0.8016,36.1938,-98.2666,-125.8545,0.8417,,
DATA,A003,4,803,842361,-0.1029,0.1524,0.8536,26.1230,-124.4507,-117.8589,0.8732,,
DATA,A003,4,804,842371,0.0170,0.2147,0.8732,14.4653,-134.4604,-108.6426,0.8993,,
DATA,A003,4,805,842381,0.1635,0.0955,0.8622,-12.3291,-132.5073,-100.8911,0.8827,,
DATA,A003,4,806,842391,0.1935,0.0086,0.8666,-26.1841,-126.4648,-101.5625,0.8879,,
DATA,A003,4,807,842401,0.8002,0.2086,1.0904,-67.7490,-110.7788,-70.5566,1.3685,,
DATA,A003,4,808,842411,0.3598,-0.1664,0.9557,-105.7129,-64.8193,-91.5527,1.0346,,
DATA,A003,4,809,842421,0.3493,0.1971,1.2286,-117.8589,-46.6309,-80.3223,1.2924,,
DATA,A003,4,810,842431,0.0800,-0.0080,1.1617,-138.1836,-55.9082,-60.3638,1.1645,,
DATA,A003,4,811,842441,-0.1078,-0.2431,1.1935,-80.6274,-30.6396,-52.9785,1.2227,,
DATA,A003,4,812,842451,0.5490,-0.1530,1.2049,32.9590,-40.6494,-69.6411,1.3329,,
DATA,A003,4,813,842461,0.1723,-0.2265,1.2884,49.0723,-56.3354,-11.4136,1.3195,,
DATA,A003,4,814,842471,-0.2025,-0.1479,1.2211,69.5801,-3.1738,-38.6353,1.2465,,
DATA,A003,4,815,842481,-0.0926,-0.0024,1.5633,75.1343,-3.2349,-23.8037,1.5661,,
DATA,A003,4,816,842491,-0.5943,0.3355,1.6078,16.9067,-8.1787,-66.7114,1.7466,,
DATA,A003,4,817,842501,-0.5614,0.3057,1.6027,-15.1978,-41.6260,-100.7080,1.7254,,
DATA,A003,4,818,842511,-0.2447,0.1483,1.2355,-59.5703,-89.9048,-122.6807,1.2682,,
DATA,A003,4,819,842521,0.0121,0.1353,1.2938,5.0049,-98.1445,-122.9858,1.3009,,
DATA,A003,4,820,842531,0.3204,0.1863,1.2447,55.1147,-113.2812,-86.7310,1.2988,,
DATA,A003,4,821,842541,0.1439,0.2283,1.1481,54.7485,-76.6602,-94.1772,1.1794,,
DATA,A003,4,822,842551,0.0609,0.2071,0.9979,50.7812,-28.7476,-124.2676,1.0210,,
DATA,A003,4,823,842561,0.0419,0.2217,1.0143,40.8936,-28.5034,-123.1079,1.0391,,
DATA,A003,4,824,842571,0.0892,0.0779,0.9584,13.3057,-23.0103,-117.6147,0.9657,,
DATA,A003,4,825,842581,0.1837,0.0643,0.9840,7.8125,-25.2686,-108.2153,1.0031,,
DATA,A003,4,826,842591,0.1898,0.0550,0.9298,0.0000,0.0000,-90.6982,0.9506,,
DATA,A003,4,827,842601,0.1891,0.0579,0.9510,-5.2490,15.6860,-89.5386,0.9714,,
DATA,A003,4,828,842611,0.2531,0.0982,0.9286,-6.1646,32.2876,-78.4912,0.9674,,
DATA,A003,4,829,842621,0.2201,0.1331,0.9327,-7.6294,40.7104,-69.9463,0.9675,,
DATA,A003,4,830,842631,0.2142,0.1131,0.9244,-16.2354,42.2363,-60.4858,0.9556,,
DATA,A003,4,831,842641,0.2462,0.1153,0.9261,-20.2637,47.1191,-51.5137,0.9652,,
DATA,A003,4,832,842651,0.1669,0.1082,0.8524,-21.9116,61.0352,-49.5605,0.8753,,
DATA,A003,4,833,842661,0.1022,0.0811,0.8387,-19.6533,63.1714,-50.1099,0.8488,,
DATA,A003,4,834,842671,0.0966,0.1080,0.8177,-18.7378,55.2979,-43.3350,0.8305,,
DATA,A003,4,835,842681,0.1229,0.0887,0.7999,-17.3950,52.4902,-44.7388,0.8142,,
DATA,A003,4,836,842691,0.1542,0.0767,0.7965,-12.3291,51.1475,-46.0815,0.8149,,
DATA,A003,4,837,842701,0.1439,0.1150,0.8629,-10.1929,42.6636,-37.7197,0.8824,,
DATA,A003,4,838,842711,0.1469,0.1321,0.8844,-11.1084,38.2690,-35.5225,0.9062,,
DATA,A003,4,839,842721,0.2284,0.1509,0.8910,-8.6670,39.2456,-29.2358,0.9321,,
DATA,A003,4,840,842731,0.1815,0.1722,0.9007,-7.8735,41.1987,-24.4141,0.9349,,
DATA,A003,4,841,842741,0.1408,0.1190,0.8612,-5.9204,44.9829,-26.7944,0.8807,,
DATA,A003,4,842,842751,0.1410,0.1136,0.8990,-5.0659,35.6445,-15.6250,0.9171,,
DATA,A003,4,843,842761,0.1271,0.1307,0.9049,-6.5308,31.5552,-14.8315,0.9231,,
DATA,A003,4,844,842771,0.1110,0.1299,0.9156,-4.8828,29.3579,-8.2397,0.9314,,
DATA,A003,4,845,842781,0.1542,0.1385,0.9076,-3.2959,31.9214,-6.1646,0.9309,,
DATA,A003,4,846,842791,0.1456,0.1407,0.8949,-2.3804,32.6538,-0.9155,0.9175,,
DATA,A003,4,847,842801,0.1806,0.1251,0.9108,-1.1597,36.4380,0.5493,0.9369,,
DATA,A003,4,848,842811,0.1737,0.0762,0.9305,2.5635,40.1611,0.7935,0.9497,,
DATA,A003,4,849,842821,0.1586,0.0821,0.9427,5.1270,41.8701,0.8545,0.9595,,
DATA,A003,4,850,842831,0.1322,0.0394,0.9657,6.2256,39.7949,3.4790,0.9755,,
DATA,A003,4,851,842841,0.2138,0.0489,1.0065,7.8735,40.8325,12.4512,1.0301,,
DATA,A003,4,852,842851,0.2504,0.0872,1.0023,7.9956,46.9971,16.9067,1.0368,,
DATA,A003,4,853,842861,0.2252,0.2166,1.0089,12.0850,57.3730,23.5596,1.0562,,
DATA,A003,4,854,842871,0.1561,0.2379,0.9794,11.3525,55.6030,22.8271,1.0199,,
DATA,A003,4,855,842881,0.1906,0.2249,1.0123,15.6860,44.8608,27.5879,1.0544,,
DATA,A003,4,856,842891,0.1940,0.2007,1.0333,17.7002,42.8467,26.6724,1.0704,,
DATA,A003,4,857,842901,0.1332,0.1475,1.0328,19.2261,35.7056,20.5688,1.0518,,
DATA,A003,4,858,842911,0.1327,0.1155,1.0248,20.3247,26.7334,18.0054,1.0398,,
DATA,A003,4,859,842921,0.1161,0.0740,1.0394,21.9727,8.4229,16.1133,1.0485,,
DATA,A003,4,860,842931,0.1478,0.0247,1.0768,26.5503,-0.8545,15.6860,1.0872,,
DATA,A003,4,861,842941,0.2077,-0.0043,1.2123,42.6636,-2.6855,18.6157,1.2299,,
DATA,A003,4,862,842951,0.1889,0.0074,1.2694,50.4150,2.4414,19.6533,1.2834,,
EVENT,A003,4,,842960,,,,,,,,STOP,862
EVENT,A003,5,,846062,,,,,,,,START,
DATA,A003,5,1,846085,0.0424,0.0660,0.7433,43.9453,-112.5488,-15.6860,0.7474,,
DATA,A003,5,2,846095,0.1249,0.1988,0.7486,39.7949,-96.6187,-24.2310,0.7846,,
DATA,A003,5,3,846105,0.1088,0.2151,0.8080,33.6914,-83.0688,-29.0527,0.8432,,
DATA,A003,5,4,846115,0.1017,0.2176,0.9137,27.8931,-68.7866,-27.0386,0.9447,,
DATA,A003,5,5,846125,0.1100,0.2330,0.9784,22.2168,-54.8096,-22.3999,1.0117,,
DATA,A003,5,6,846135,0.1322,0.2261,1.0260,17.5781,-45.7153,-10.3760,1.0589,,
DATA,A003,5,7,846145,0.0917,0.1724,1.0521,14.8315,-42.6636,14.0381,1.0701,,
DATA,A003,5,8,846155,0.1163,0.1634,1.0326,10.3760,-46.6919,29.5410,1.0519,,
DATA,A003,5,9,846165,0.2150,0.1531,0.9537,23.6816,-49.9878,32.5928,0.9896,,
DATA,A003,5,10,846175,0.2072,0.1932,0.9239,18.3105,-40.4663,31.7993,0.9664,,
DATA,A003,5,11,846185,0.2540,0.1797,0.9112,11.3525,-21.9727,35.0952,0.9629,,
DATA,A003,5,12,846195,0.2482,0.1580,0.9291,7.5073,-14.0381,39.3066,0.9745,,
DATA,A003,5,13,846205,0.2101,0.1954,0.9298,-1.4648,-9.8877,42.6025,0.9731,,
DATA,A003,5,14,846215,0.2247,0.2022,0.9354,-4.8828,-11.2915,46.5698,0.9831,,
DATA,A003,5,15,846225,0.2421,0.2066,0.9222,-9.5825,-11.7188,51.0254,0.9756,,
DATA,A003,5,16,846235,0.2523,0.1944,0.9088,-11.3525,-11.2915,52.6733,0.9630,,
DATA,A003,5,17,846245,0.2860,0.1685,0.8758,-7.7515,-12.2681,51.6968,0.9366,,
DATA,A003,5,18,846255,0.3153,0.1573,0.8688,-4.6387,-9.0942,48.8281,0.9375,,
DATA,A003,5,19,846265,0.3558,0.1385,0.8326,-1.7700,-3.7842,46.3257,0.9160,,
DATA,A003,5,20,846275,0.3788,0.1526,0.8072,0.7935,9.8267,35.3394,0.9047,,
DATA,A003,5,21,846285,0.3978,0.1981,0.7591,-3.6011,35.2783,21.9727,0.8797,,
DATA,A003,5,22,846295,0.3429,0.1607,0.7047,-7.1411,48.9502,20.2637,0.8000,,
DATA,A003,5,23,846305,0.3419,0.1517,0.7064,-7.5073,65.1855,20.5688,0.7993,,
DATA,A003,5,24,846315,0.3197,0.0845,0.6874,-9.1553,73.8525,22.2778,0.7628,,
DATA,A003,5,25,846325,0.3302,0.0076,0.6578,-5.2490,84.5947,26.6724,0.7361,,
DATA,A003,5,26,846335,0.3412,-0.0400,0.6378,3.1738,89.5386,33.3252,0.7244,,
DATA,A003,5,27,846345,0.3407,-0.1481,0.6124,24.6582,90.6982,53.5278,0.7163,,
DATA,A003,5,28,846355,0.2711,-0.1650,0.5941,44.1895,89.9658,69.5801,0.6736,,
DATA,A003,5,29,846365,0.0287,-0.1633,0.4752,62.0728,71.1060,77.5757,0.5033,,
DATA,A003,5,30,846375,0.3051,-0.1015,0.6222,108.8867,79.8340,80.6274,0.7003,,
DATA,A003,5,31,846385,0.3695,0.2103,0.5770,83.4961,125.2441,4.1504,0.7167,,
DATA,A003,5,32,846395,0.7958,0.3594,0.1486,92.4072,197.5708,10.7422,0.8857,,
DATA,A003,5,33,846405,0.6962,0.2393,0.5367,153.0151,343.2007,165.1611,0.9111,,
DATA,A003,5,34,846415,0.2821,0.2613,0.5204,179.6265,421.0815,168.6401,0.6470,,
DATA,A003,5,35,846425,-0.3031,0.4368,0.5560,179.4434,484.3140,136.3525,0.7693,,
DATA,A003,5,36,846435,-0.5174,0.5662,0.5497,165.8325,508.7280,142.7002,0.9437,,
DATA,A003,5,37,846445,-0.8851,0.7798,0.6637,157.1045,459.2896,183.0444,1.3535,,
DATA,A003,5,38,846455,-1.1737,0.9544,0.8146,156.5552,431.9458,188.1714,1.7181,,
DATA,A003,5,39,846465,-1.2977,1.1295,0.8392,144.6533,404.1138,169.7388,1.9142,,
DATA,A003,5,40,846475,-1.5038,1.2728,0.8636,105.2246,328.7354,164.5508,2.1511,,
DATA,A003,5,41,846485,-1.6471,1.2986,0.9757,80.5664,266.1743,159.1797,2.3133,,
DATA,A003,5,42,846495,-1.7098,1.2715,0.9664,44.6777,188.1104,136.7798,2.3397,,
DATA,A003,5,43,846505,-1.6493,1.1690,0.9144,24.5972,129.8828,119.2017,2.2188,,
DATA,A003,5,44,846515,-1.4169,0.9817,0.8299,3.3569,60.4248,96.1914,1.9131,,
DATA,A003,5,45,846525,-1.2215,0.8550,0.7662,-5.7983,40.2832,82.4585,1.6764,,
DATA,A003,5,46,846535,-0.9481,0.6883,0.6832,-9.9487,39.0015,67.2607,1.3563,,
DATA,A003,5,47,846545,-0.7877,0.6011,0.6622,-6.9580,55.4810,59.9976,1.1918,,
DATA,A003,5,48,846555,-0.6229,0.4805,0.6630,1.2817,97.7783,52.8564,1.0288,,
DATA,A003,5,49,846565,-0.5780,0.4171,0.6295,6.3477,130.1270,49.6216,0.9509,,
DATA,A003,5,50,846575,-0.5734,0.3423,0.5817,15.1367,176.0864,46.0815,0.8856,,
DATA,A003,5,51,846585,-0.6048,0.3184,0.5653,21.8506,203.4302,45.4712,0.8870,,
DATA,A003,5,52,846595,-0.6949,0.3260,0.5956,30.5176,232.2388,42.4805,0.9715,,
DATA,A003,5,53,846605,-0.7831,0.3709,0.6319,34.1187,238.7085,39.2456,1.0724,,
DATA,A003,5,54,846615,-0.9159,0.4705,0.6424,30.4565,227.6611,32.0435,1.2137,,
DATA,A003,5,55,846625,-0.9662,0.5276,0.5868,20.9351,209.7778,26.1230,1.2475,,
DATA,A003,5,56,846635,-0.9652,0.5274,0.4991,0.3662,172.8516,16.4795,1.2078,,
DATA,A003,5,57,846645,-0.9337,0.4827,0.4667,-11.4136,144.9585,10.3760,1.1500,,
DATA,A003,5,58,846655,-0.8956,0.3943,0.4098,-21.7285,105.1636,3.8452,1.0609,,
DATA,A003,5,59,846665,-0.8631,0.3524,0.3741,-24.0479,82.7026,-1.3428,1.0046,,
DATA,A003,5,60,846675,-0.7916,0.3047,0.3478,-23.3765,57.3120,-10.6201,0.9168,,
DATA,A003,5,61,846685,-0.7340,0.2857,0.3339,-22.2168,46.0205,-15.6860,0.8555,,
DATA,A003,5,62,846695,-0.6329,0.2496,0.3087,-21.3623,39.3066,-21.6064,0.7471,,
DATA,A003,5,63,846705,-0.5690,0.2181,0.2936,-20.0195,42.0532,-24.5361,0.6764,,
DATA,A003,5,64,846715,-0.4933,0.1771,0.2745,-14.5874,56.5186,-26.8555,0.5916,,
DATA,A003,5,65,846725,-0.4581,0.1627,0.2538,-8.6670,71.2891,-27.4658,0.5484,,
DATA,A003,5,66,846735,-0.4232,0.1724,0.2172,4.3945,97.2290,-25.5737,0.5060,,
DATA,A003,5,67,846745,-0.4105,0.2054,0.2023,14.6484,114.7461,-21.2402,0.5016,,
DATA,A003,5,68,846755,-0.4125,0.2891,0.1717,28.5034,140.1978,-10.4980,0.5322,,
DATA,A003,5,69,846765,-0.4398,0.3519,0.1556,35.9497,155.9448,-0.7935,0.5843,,
DATA,A003,5,70,846775,-0.5270,0.4503,0.1195,44.7998,174.5605,14.0991,0.7033,,
DATA,A003,5,71,846785,-0.6085,0.5211,0.0965,51.3916,182.1289,23.6206,0.8069,,
DATA,A003,5,72,846795,-0.7137,0.6443,0.0621,61.5845,184.0210,39.0015,0.9636,,
DATA,A003,5,73,846805,-0.7525,0.7415,0.0497,65.7349,178.7720,50.0488,1.0577,,
DATA,A003,5,74,846815,-0.7521,0.8257,0.0546,65.7959,170.0439,61.0352,1.1182,,
DATA,A003,5,75,846825,-0.6962,0.9344,0.0492,59.0820,159.5459,78.1860,1.1662,,
DATA,A003,5,76,846835,-0.6551,0.9761,0.0389,52.1851,158.1421,90.0269,1.1762,,
DATA,A003,5,77,846845,-0.5992,0.9935,0.0602,44.3726,158.1421,106.9336,1.1618,,
DATA,A003,5,78,846855,-0.5821,0.9969,0.0765,41.0156,159.1187,116.8213,1.1569,,
DATA,A003,5,79,846865,-0.5785,1.0071,0.0887,35.6445,163.0249,129.6387,1.1648,,
DATA,A003,5,80,846875,-0.5753,1.0064,0.0775,29.8462,166.9922,136.5356,1.1618,,
DATA,A003,5,81,846885,-0.6224,0.9881,0.0294,20.6909,168.9453,145.4468,1.1682,,
DATA,A003,5,82,846895,-0.7030,0.9698,-0.0297,17.5171,161.0718,149.1699,1.1981,,
DATA,A003,5,83,846905,-0.8297,0.9341,-0.0858,21.3623,146.2402,150.0244,1.2524,,
DATA,A003,5,84,846915,-0.8834,0.9344,-0.0783,25.4517,130.4321,148.7427,1.2883,,
DATA,A003,5,85,846925,-0.9100,0.9263,0.0113,27.2827,101.1963,143.1885,1.2986,,
DATA,A003,5,86,846935,-0.8951,0.8983,0.0756,25.4517,82.0312,138.0005,1.2704,,
DATA,A003,5,87,846945,-0.8148,0.8543,0.2130,20.5688,56.2744,129.6387,1.1996,,
DATA,A003,5,88,846955,-0.7604,0.8165,0.2425,12.9395,48.8892,124.3286,1.1417,,
DATA,A003,5,89,846965,-0.6747,0.7425,0.1830,-2.0142,48.4009,121.7651,1.0198,,
DATA,A003,5,90,846975,-0.6273,0.6807,0.1329,-8.7280,57.0679,123.7793,0.9352,,
DATA,A003,5,91,846985,-0.5858,0.5989,0.1593,-9.9487,80.6274,126.5259,0.8528,,
DATA,A003,5,92,846995,-0.6068,0.5967,0.3143,-8.3618,95.1538,128.2959,0.9072,,
DATA,A003,5,93,847005,-0.7130,0.7459,0.3671,-17.2119,125.3052,128.4180,1.0952,,
DATA,A003,5,94,847015,-0.8133,0.8541,0.2535,-35.0342,138.4277,127.9297,1.2063,,
DATA,A003,5,95,847025,-1.0358,0.9044,0.0299,-63.9648,130.1880,124.0234,1.3753,,
DATA,A003,5,96,847035,-1.1996,0.9029,-0.0094,-73.9746,121.5210,113.6475,1.5014,,
DATA,A003,5,97,847045,-1.3522,0.9876,-0.1098,-76.6602,113.0981,77.0264,1.6780,,
DATA,A003,5,98,847055,-1.3983,1.0943,-0.1351,-71.1670,107.9712,45.4712,1.7807,,
DATA,A003,5,99,847065,-1.3475,1.2989,-0.0673,-55.2979,100.7690,-11.3525,1.8728,,
DATA,A003,5,100,847075,-1.2164,1.4197,0.1149,-40.5273,95.3979,-55.7861,1.8731,,
DATA,A003,5,101,847085,-0.9535,1.5640,0.4286,-21.4844,88.5620,-116.2109,1.8812,,
DATA,A003,5,102,847095,-0.7582,1.6236,0.5397,-24.2920,88.8062,-152.1606,1.8714,,
DATA,A003,5,103,847105,-0.5243,1.6194,0.5944,-29.6631,108.9478,-194.2139,1.8030,,
DATA,A003,5,104,847115,-0.4349,1.6268,0.6041,-24.5361,128.7231,-214.8438,1.7890,,
DATA,A003,5,105,847125,-0.4432,1.6978,0.5677,-15.3198,158.0200,-232.4829,1.8443,,
DATA,A003,5,106,847135,-0.5221,1.7054,0.5143,-15.5029,167.8467,-235.9619,1.8562,,
DATA,A003,5,107,847145,-0.6420,1.6439,0.4554,-18.9209,155.6396,-232.9712,1.8226,,
DATA,A003,5,108,847155,-0.6932,1.6153,0.4042,-18.1274,132.9346,-228.0273,1.8036,,
DATA,A003,5,109,847165,-0.7096,1.6087,0.3426,-15.2588,105.5298,-221.2524,1.7913,,
DATA,A003,5,110,847175,-0.6520,1.6622,0.2450,-10.4370,60.9741,-207.2144,1.8022,,
DATA,A003,5,111,847185,-0.5621,1.7125,0.1881,-10.1318,34.7900,-194.8242,1.8121,,
DATA,A003,5,112,847195,-0.4205,1.7505,0.1583,-16.9678,10.0098,-172.1802,1.8073,,
DATA,A003,5,113,847205,-0.3514,1.7381,0.1649,-24.7803,5.4932,-155.7007,1.7809,,
DATA,A003,5,114,847215,-0.2740,1.6465,0.1913,-36.1938,11.4136,-128.5400,1.6801,,
DATA,A003,5,115,847225,-0.2357,1.5337,0.1791,-45.2881,19.4702,-110.2295,1.5621,,
DATA,A003,5,116,847235,-0.1954,1.3011,0.1134,-56.0913,34.1797,-85.6323,1.3206,,
DATA,A003,5,117,847245,-0.1886,1.1373,0.0880,-57.5562,45.1050,-71.7773,1.1561,,
DATA,A003,5,118,847255,-0.1876,0.9075,0.0699,-53.1616,63.4766,-55.9692,0.9294,,
DATA,A003,5,119,847265,-0.2167,0.7613,0.0536,-48.1567,74.4019,-49.1943,0.7933,,
DATA,A003,5,120,847275,-0.2735,0.5301,0.0489,-36.3770,82.6416,-43.3350,0.5985,,
DATA,A003,5,121,847285,-0.3338,0.3980,0.0528,-24.8413,82.8247,-40.0391,0.5222,,
DATA,A003,5,122,847295,-0.4227,0.2391,0.0580,-4.7607,76.4771,-36.5601,0.4891,,
DATA,A003,5,123,847305,-0.5165,0.1519,0.0875,10.2539,63.6597,-38.5742,0.5454,,
DATA,A003,5,124,847315,-0.7731,0.1277,0.3146,46.3867,21.9116,-50.9033,0.8443,,
DATA,A003,5,125,847325,-0.9737,0.2132,0.4342,66.5283,-8.2397,-73.1201,1.0873,,
DATA,A003,5,126,847335,-1.1495,0.4476,0.5765,86.9141,-63.5986,-128.1738,1.3617,,
DATA,A003,5,127,847345,-1.2193,0.6561,0.6241,87.7075,-106.8726,-165.4053,1.5188,,
DATA,A003,5,128,847355,-1.2220,0.9471,0.6114,62.8662,-171.8140,-228.6377,1.6626,,
DATA,A003,5,129,847365,-1.1359,1.0723,0.5350,36.9263,-217.7124,-273.4375,1.6511,,
DATA,A003,5,130,847375,-0.9274,1.1807,0.3827,-5.8594,-288.5132,-318.0542,1.5494,,
DATA,A003,5,131,847385,-0.7782,1.1971,0.2738,-36.3770,-322.9370,-334.4116,1.4538,,
DATA,A003,5,132,847395,-0.5343,1.0831,0.0782,-85.0220,-333.1299,-349.7314,1.2102,,
DATA,A003,5,133,847405,-0.3736,0.9075,-0.0626,-116.2109,-308.2886,-354.9194,0.9834,,
DATA,A003,5,134,847415,-0.2909,0.4822,-0.2633,-149.4751,-237.3047,-353.1494,0.6217,,
DATA,A003,5,135,847425,-0.2867,0.1202,-0.3153,-155.2124,-163.0249,-350.6470,0.4428,,
DATA,A003,5,136,847435,-0.3326,-0.3930,-0.2492,-129.0894,-49.2554,-342.1021,0.5720,,
DATA,A003,5,137,847445,-0.4938,-0.5732,-0.1891,-94.1162,10.3149,-326.5991,0.7798,,
DATA,A003,5,138,847455,-0.8224,-0.5742,-0.0770,-35.4004,51.4526,-313.5376,1.0059,,
DATA,A003,5,139,847465,-0.9530,-0.4728,-0.0260,-1.6479,53.0396,-303.7720,1.0642,,
DATA,A003,5,140,847475,-1.2020,-0.2499,0.0448,25.0244,43.8843,-280.2734,1.2285,,
DATA,A003,5,141,847485,-1.2689,-0.1284,0.1058,25.8179,54.3823,-273.1323,1.2798,,
DATA,A003,5,142,847495,-1.1605,-0.0942,0.1376,13.1226,60.9741,-261.9019,1.1724,,
DATA,A003,5,143,847505,-1.1134,-0.1542,0.1329,0.8545,59.5703,-238.0371,1.1319,,
DATA,A003,5,144,847515,-1.0123,-0.3171,0.1334,-10.2539,48.0347,-198.8525,1.0692,,
DATA,A003,5,145,847525,-1.0209,-0.3893,0.1725,-10.4980,31.7383,-169.4336,1.1061,,
DATA,A003,5,146,847535,-1.0360,-0.4067,0.1974,-11.2305,17.8223,-141.8457,1.1303,,
DATA,A003,5,147,847545,-0.9899,-0.3928,0.2167,-18.1885,0.8545,-104.1260,1.0867,,
DATA,A003,5,148,847555,-0.9078,-0.3598,0.2189,-23.0103,-4.5776,-78.0640,1.0008,,
DATA,A003,5,149,847565,-0.7626,-0.3066,0.2064,-25.4517,-13.0005,-41.0767,0.8474,,
DATA,A003,5,150,847575,-0.6879,-0.2704,0.2025,-24.9023,-15.6860,-15.2588,0.7664,,
DATA,A003,5,151,847585,-0.5929,-0.2065,0.2252,-25.1465,-15.1367,18.9819,0.6670,,
DATA,A003,5,152,847595,-0.5480,-0.1640,0.2716,-26.5503,-15.6250,37.0483,0.6332,,
DATA,A003,5,153,847605,-0.4779,-0.0983,0.3197,-32.1655,-23.0713,63.1714,0.5833,,
DATA,A003,5,154,847615,-0.4108,-0.0732,0.3058,-39.3066,-35.5835,82.5195,0.5173,,
DATA,A003,5,155,847625,-0.2958,-0.0746,0.2941,-53.2837,-62.0117,109.7412,0.4237,,
DATA,A003,5,156,847635,-0.2193,-0.0812,0.2923,-58.8989,-79.6509,124.2676,0.3744,,
DATA,A003,5,157,847645,-0.0814,-0.0610,0.2347,-59.0820,-96.8018,140.5640,0.2558,,
DATA,A003,5,158,847655,0.0233,-0.0114,0.1869,-52.9785,-102.9663,149.5361,0.1887,,
DATA,A003,5,159,847665,0.1498,0.1258,0.1407,-37.7808,-99.2432,162.4756,0.2410,,
DATA,A003,5,160,847675,0.1989,0.2593,0.1009,-28.6865,-85.8154,169.3726,0.3420,,
DATA,A003,5,161,847685,0.2738,0.4546,-0.0346,-21.5454,-53.8330,176.5747,0.5319,,
DATA,A003,5,162,847695,0.3263,0.5452,-0.1144,-19.5923,-28.9917,179.1382,0.6456,,
DATA,A003,5,163,847705,0.3939,0.6041,-0.1986,-20.6299,11.7798,182.3120,0.7480,,
DATA,A003,5,164,847715,0.4098,0.6004,-0.2330,-23.0103,39.3066,185.1807,0.7634,,
DATA,A003,5,165,847725,0.3524,0.5462,-0.2179,-25.3296,78.4302,188.5376,0.6856,,
DATA,A003,5,166,847735,0.2560,0.5093,-0.1674,-24.1699,106.1401,189.8193,0.5941,,
DATA,A003,5,167,847745,-0.0362,0.5003,0.0262,-15.6860,140.1367,189.0869,0.5023,,
DATA,A003,5,168,847755,-0.3951,0.5648,0.2184,-4.9438,157.2266,186.0962,0.7230,,
DATA,A003,5,169,847765,-1.1451,0.8118,0.5367,6.1035,197.6929,175.3540,1.5028,,
DATA,A003,5,170,847775,-1.5426,1.0577,0.6874,-6.5918,220.7642,170.4712,1.9927,,
DATA,A003,5,171,847785,-1.8382,1.3714,0.7606,-39.6118,232.6050,189.2090,2.4163,,
DATA,A003,5,172,847795,-2.0514,1.4930,0.6866,-56.7627,209.1064,199.8901,2.6284,,
DATA,A003,5,173,847805,-2.4684,1.6004,0.6449,-74.9512,153.0151,189.2090,3.0116,,
DATA,A003,5,174,847815,-2.6254,1.6255,0.5770,-94.7876,122.4365,180.7251,3.1413,,
DATA,A003,5,175,847825,-2.5819,1.5713,0.4652,-119.8730,77.0874,171.3257,3.0581,,
DATA,A003,5,176,847835,-2.4293,1.4869,0.4361,-124.2065,52.1851,169.7998,2.8814,,
DATA,A003,5,177,847845,-2.2423,1.3475,0.4549,-125.7324,32.1045,171.7529,2.6553,,
DATA,A003,5,178,847855,-2.0702,1.0242,0.5267,-135.2539,25.0244,171.5698,2.3690,,
DATA,A003,5,179,847865,-1.9982,0.7867,0.5673,-141.7847,29.1138,167.4194,2.2211,,
DATA,A003,5,180,847875,-1.9164,0.5045,0.5553,-141.2354,35.6445,159.4238,2.0580,,
DATA,A003,5,181,847885,-1.8172,0.3939,0.5267,-136.8408,33.4473,153.6255,1.9326,,
DATA,A003,5,182,847895,-1.5997,0.2972,0.4686,-133.6670,26.0010,145.2026,1.6932,,
DATA,A003,5,183,847905,-1.4230,0.2379,0.4403,-136.3525,20.9961,140.4419,1.5084,,
DATA,A003,5,184,847915,-1.1412,0.1175,0.3695,-145.8740,20.5688,138.1226,1.2053,,
DATA,A003,5,185,847925,-0.9889,-0.0043,0.3141,-154.1748,23.6816,140.0146,1.0376,,
DATA,A003,5,186,847935,-0.8121,-0.2272,0.2555,-161.6821,37.7808,143.6157,0.8812,,
DATA,A003,5,187,847945,-0.7333,-0.3820,0.1778,-162.9028,49.6216,146.4233,0.8457,,
DATA,A003,5,188,847955,-0.6564,-0.6137,-0.0160,-158.3862,68.7256,150.8179,0.8987,,
DATA,A003,5,189,847965,-0.6139,-0.7954,-0.1591,-148.3154,87.7686,151.8555,1.0172,,
DATA,A003,5,190,847975,-0.5697,-1.0900,-0.2247,-115.2954,124.5117,145.0195,1.2503,,
DATA,A003,5,191,847985,-0.5909,-1.3095,-0.2020,-86.4258,149.9634,133.1787,1.4508,,
DATA,A003,5,192,847995,-0.8487,-1.6247,-0.1859,-47.6685,178.7109,94.9707,1.8424,,
DATA,A003,5,193,848005,-1.1439,-1.8588,-0.1095,-24.9023,168.4570,61.5845,2.1854,,
DATA,A003,5,194,848015,-1.5929,-2.0512,-0.1036,13.0005,74.6460,7.1411,2.5991,,
DATA,A003,5,195,848025,-1.6913,-1.8615,-0.1290,51.5747,4.6997,-38.0859,2.5184,,
DATA,A003,5,196,848035,-1.4908,-1.3439,-0.1137,101.8677,-75.7446,-107.3608,2.0104,,
DATA,A003,5,197,848045,-1.3378,-1.1110,-0.0306,116.2109,-100.8911,-148.3765,1.7392,,
DATA,A003,5,198,848055,-1.2184,-0.8745,0.1747,134.1553,-96.3745,-207.5195,1.5098,,
DATA,A003,5,199,848065,-1.3336,-0.6677,0.3258,147.4609,-77.3926,-237.0605,1.5266,,
DATA,A003,5,200,848075,-1.6085,-0.2954,0.4161,155.2124,-39.0015,-287.7197,1.6875,,
DATA,A003,5,201,848085,-1.7731,-0.0717,0.3998,150.0854,-21.7896,-322.3267,1.8190,,
DATA,A003,5,202,848095,-1.9767,0.1868,0.2526,130.9814,-27.4048,-360.7788,2.0015,,
DATA,A003,5,203,848105,-2.1869,0.2999,0.2572,118.8965,-44.4946,-380.0659,2.2223,,
DATA,A003,5,204,848115,-2.6659,0.5486,0.2508,110.4736,-86.8530,-401.4893,2.7333,,
DATA,A003,5,205,848125,-2.9945,0.7523,0.2789,104.6753,-119.7510,-409.2407,3.1001,,
DATA,A003,5,206,848135,-3.2870,1.0806,0.3961,102.0508,-166.0767,-408.2031,3.4826,,
DATA,A003,5,207,848145,-3.2635,1.3719,0.5304,110.8398,-190.6738,-392.1509,3.5797,,
DATA,A003,5,208,848155,-3.0445,1.9266,0.5848,116.3330,-219.7266,-349.4263,3.6501,,
DATA,A003,5,209,848165,-2.7320,2.2364,0.5697,98.2666,-224.2432,-318.5425,3.5763,,
DATA,A003,5,210,848175,-2.2862,2.3738,0.5541,66.4673,-205.0781,-288.3911,3.3420,,
DATA,A003,5,211,848185,-1.7330,2.4542,0.5189,-9.3384,-140.6250,-259.0942,3.0489,,
DATA,A003,5,212,848195,-1.2767,1.7818,0.5350,-8.4839,-114.6851,-223.0225,2.2563,,
DATA,A003,5,213,848205,-0.8253,1.1421,0.4608,-52.6123,-63.1104,-197.3267,1.4826,,
DATA,A003,5,214,848215,-0.5863,0.7891,0.4305,-58.4106,-30.0903,-186.7065,1.0732,,
DATA,A003,5,215,848225,-0.3395,0.4249,0.4020,-35.9497,33.5083,-171.0205,0.6763,,
DATA,A003,5,216,848235,-0.3087,0.3130,0.3683,-11.3525,70.2515,-156.9214,0.5735,,
DATA,A003,5,217,848245,-0.3954,0.2769,0.2550,18.0054,107.5439,-132.7515,0.5459,,
DATA,A003,5,218,848255,-0.4740,0.3069,0.1869,26.0620,114.4409,-116.5771,0.5948,,
DATA,A003,5,219,848265,-0.4862,0.4119,0.0558,21.9116,94.8486,-93.8110,0.6397,,
DATA,A003,5,220,848275,-0.4283,0.4966,-0.0241,13.0005,66.5894,-77.2705,0.6563,,
DATA,A003,5,221,848285,-0.2970,0.5853,-0.1210,0.1221,22.8882,-51.0864,0.6674,,
DATA,A003,5,222,848295,-0.1651,0.6177,-0.1666,-9.0942,1.9531,-36.6821,0.6608,,
DATA,A003,5,223,848305,0.0475,0.6241,-0.1954,-25.9399,-23.4985,-21.2402,0.6557,,
DATA,A003,5,224,848315,0.1828,0.6043,-0.1827,-37.1704,-35.2783,-13.7939,0.6573,,
DATA,A003,5,225,848325,0.4196,0.5706,-0.1498,-51.2695,-44.5557,-4.5166,0.7239,,
DATA,A003,5,226,848335,0.5902,0.5604,-0.1635,-60.9131,-44.1895,4.2725,0.8301,,
DATA,A003,5,227,848345,0.7899,0.5225,-0.1906,-73.4863,-29.6021,28.9917,0.9661,,
DATA,A003,5,228,848355,0.8590,0.4898,-0.1886,-79.0405,-5.6152,48.9502,1.0067,,
DATA,A003,5,229,848365,0.8402,0.4275,-0.1740,-85.2661,45.5322,75.8057,0.9587,,
DATA,A003,5,230,848375,0.7428,0.3985,-0.1310,-84.0454,81.6650,93.3838,0.8531,,
DATA,A003,5,231,848385,0.5609,0.4107,-0.0180,-71.8384,127.4414,120.5444,0.6954,,
DATA,A003,5,232,848395,0.3641,0.4886,0.0831,-59.4482,151.2451,139.8315,0.6150,,
DATA,A003,5,233,848405,-0.0599,0.6912,0.1903,-49.4995,172.9126,167.1143,0.7194,,
DATA,A003,5,234,848415,-0.5104,0.8526,0.1146,-57.4951,188.1714,191.0400,1.0003,,
DATA,A003,5,235,848425,-1.2604,1.0723,0.0946,-75.1343,211.7920,217.9565,1.6575,,
DATA,A003,5,236,848435,-1.7032,1.1966,0.1305,-82.7026,209.2285,222.1069,2.0856,,
DATA,A003,5,237,848445,-2.3888,1.3194,0.2272,-100.5249,171.8750,231.3843,2.7384,,
DATA,A003,5,238,848455,-2.7174,1.3106,0.3060,-115.7837,131.7749,238.3423,3.0324,,
DATA,A003,5,239,848465,-2.9650,1.1829,0.3744,-126.6479,64.8193,239.4409,3.2141,,
DATA,A003,5,240,848475,-2.9713,1.0909,0.4598,-123.0469,34.7900,231.2012,3.1984,,
DATA,A003,5,241,848485,-2.8089,0.9490,0.5995,-117.3096,33.0200,216.3696,3.0249,,
DATA,A003,5,242,848495,-2.6632,0.8182,0.6429,-115.7227,41.0767,207.3975,2.8593,,
DATA,A003,5,243,848505,-2.4801,0.6246,0.6532,-112.4878,44.3115,200.9277,2.6396,,
DATA,A003,5,244,848515,-2.3448,0.5325,0.5926,-112.0605,33.2642,196.5332,2.4765,,
DATA,A003,5,245,848525,-2.0536,0.4173,0.4686,-117.6758,2.0752,193.0542,2.1473,,
DATA,A003,5,246,848535,-1.7992,0.3480,0.3683,-122.8638,-19.2871,193.7866,1.8692,,
DATA,A003,5,247,848545,-1.5372,0.2781,0.2396,-127.6245,-37.1094,198.5474,1.5804,,
DATA,A003,5,248,848555,-1.1749,0.1595,0.0790,-132.8125,-47.5464,211.1206,1.1883,,
DATA,A003,5,249,848565,-0.9630,0.0804,0.0131,-133.3618,-36.6821,220.7642,0.9664,,
DATA,A003,5,250,848575,-0.7150,-0.0207,-0.0626,-127.6855,-6.6528,235.5347,0.7180,,
DATA,A003,5,251,848585,-0.6127,-0.0698,-0.0819,-118.2861,22.6440,245.6055,0.6220,,
DATA,A003,5,252,848595,-0.5653,-0.0937,-0.1161,-99.9756,68.3594,258.2397,0.5846,,
DATA,A003,5,253,848605,-0.5983,-0.0861,-0.1207,-87.5244,96.8018,263.5498,0.6164,,
DATA,A003,5,254,848615,-0.6964,-0.0375,-0.1122,-76.1719,121.6431,264.1602,0.7064,,
DATA,A003,5,255,848625,-0.8158,-0.0053,-0.0885,-75.3174,124.4507,259.2773,0.8206,,
DATA,A003,5,256,848635,-0.9715,-0.0451,-0.0507,-82.3364,116.3940,239.5630,0.9739,,
DATA,A003,5,257,848645,-1.0419,-0.1530,0.0358,-88.0737,104.6753,219.4824,1.0536,,
DATA,A003,5,258,848655,-1.0836,-0.4575,0.1561,-102.5391,75.1953,177.9785,1.1865,,
DATA,A003,5,259,848665,-1.0934,-0.7475,0.2006,-116.8213,52.8564,144.8364,1.3396,,
DATA,A003,5,260,848675,-1.1639,-1.2551,0.1913,-134.8877,10.0708,95.6421,1.7224,,
DATA,A003,5,261,848685,-1.2345,-1.6037,0.0577,-135.2539,-17.5171,65.3687,2.0246,,
DATA,A003,5,262,848695,-1.3866,-1.5034,-0.4984,-95.6421,-53.1616,29.7852,2.1050,,
DATA,A003,5,263,848705,-1.5472,-2.2441,-0.2560,-91.8579,-52.0020,4.8828,2.7378,,
DATA,A003,5,264,848715,-1.8221,-1.9045,-0.3795,-14.5874,-28.7476,-59.2651,2.6629,,
DATA,A003,5,265,848725,-1.9986,-1.4653,-0.3126,16.1743,8.9722,-102.6611,2.4979,,
DATA,A003,5,266,848735,-2.2049,-1.0251,-0.4000,15.5029,69.1528,-183.1665,2.4643,,
DATA,A003,5,267,848745,-2.2601,-0.8928,-0.4459,15.0146,84.8389,-238.9526,2.4706,,
DATA,A003,5,268,848755,-2.3998,-0.5214,-0.3380,53.3447,97.3511,-299.6216,2.4789,,
DATA,A003,5,269,848765,-2.6356,-0.1154,-0.3031,88.9282,100.7080,-334.3506,2.6555,,
DATA,A003,5,270,848775,-2.9418,0.5613,-0.1840,132.9956,111.3281,-379.8218,3.0005,,
DATA,A003,5,271,848785,-3.0096,1.0626,-0.0612,154.2358,119.4458,-386.2915,3.1923,,
DATA,A003,5,272,848795,-3.1893,1.7752,-0.1105,161.3770,74.2798,-359.9854,3.6518,,
DATA,A003,5,273,848805,-3.5043,2.7320,-0.1337,135.8643,42.9688,-335.1440,4.4454,,
DATA,A003,5,274,848815,-3.3314,3.2850,0.0255,198.7305,-1.6479,-274.1089,4.6787,,
DATA,A003,5,275,848825,-2.9918,3.8191,0.2118,201.1719,-27.6489,-231.8115,4.8561,,
DATA,A003,5,276,848835,-2.1385,3.1656,0.2660,153.6865,-74.8291,-212.8296,3.8295,,
DATA,A003,5,277,848845,-1.6005,2.4930,0.3981,164.8560,-95.2148,-199.0356,2.9891,,
DATA,A003,5,278,848855,-0.9037,1.9351,0.5497,225.2197,-122.2534,-184.5093,2.2053,,
DATA,A003,5,279,848865,-0.7125,1.6883,0.7091,242.1875,-155.5176,-184.3872,1.9649,,
DATA,A003,5,280,848875,-0.6254,1.4847,0.8133,231.0791,-192.8711,-180.3589,1.8047,,
DATA,A003,5,281,848885,-0.5819,1.1959,0.6175,189.6973,-234.3140,-155.0293,1.4663,,
DATA,A003,5,282,848895,-0.4657,0.9302,0.3063,140.3809,-241.2720,-134.8877,1.0844,,
DATA,A003,5,283,848905,-0.2596,0.7432,0.1024,109.1919,-216.4307,-126.5259,0.7939,,
DATA,A003,5,284,848915,-0.0328,0.5601,-0.0429,88.2568,-186.8896,-112.7930,0.5627,,
DATA,A003,5,285,848925,0.3180,0.3546,-0.2130,86.7310,-150.5127,-78.5522,0.5217,,
DATA,A003,5,286,848935,0.5023,0.2786,-0.2675,97.1680,-123.0469,-51.3916,0.6336,,
DATA,A003,5,287,848945,0.6657,0.3065,-0.2338,110.2295,-86.1816,-17.8223,0.7692,,
DATA,A003,5,288,848955,0.7013,0.3875,-0.1774,106.9336,-64.0869,-2.6855,0.8206,,
DATA,A003,5,289,848965,0.7152,0.4898,-0.0797,81.1768,-26.1230,12.1460,0.8705,,
DATA,A003,5,290,848975,0.7006,0.4930,-0.0446,56.3965,1.4648,19.1650,0.8578,,
DATA,A003,5,291,848985,0.6691,0.4075,-0.0309,21.5454,41.8091,25.8179,0.7840,,
DATA,A003,5,292,848995,0.6710,0.3194,-0.0280,4.2114,63.4766,31.0059,0.7437,,
DATA,A003,5,293,849005,0.6693,0.2098,0.0240,-10.0098,91.3086,43.5791,0.7018,,
DATA,A003,5,294,849015,0.6500,0.1758,0.0785,-12.3291,111.4502,53.3447,0.6780,,
DATA,A003,5,295,849025,0.6134,0.2147,0.1818,-8.4839,149.2920,66.8945,0.6748,,
DATA,A003,5,296,849035,0.5651,0.3040,0.2333,-7.2021,173.0347,76.5991,0.6828,,
DATA,A003,5,297,849045,0.4264,0.5030,0.2872,-13.4277,202.8198,92.4683,0.7192,,
DATA,A003,5,298,849055,0.2941,0.6397,0.3141,-22.3389,211.7310,102.2949,0.7709,,
DATA,A003,5,299,849065,0.0890,0.8382,0.3043,-41.5039,207.9468,113.0371,0.8962,,
DATA,A003,5,300,849075,-0.0755,0.9354,0.2836,-57.5562,191.4673,117.4316,0.9803,,
DATA,A003,5,301,849085,-0.3202,1.0413,0.3329,-83.4351,152.1606,122.3145,1.1392,,
DATA,A003,5,302,849095,-0.5111,1.1085,0.3380,-100.0366,119.5679,129.2114,1.2665,,
DATA,A003,5,303,849105,-0.9330,1.2713,0.0267,-115.2344,100.0977,154.9072,1.5771,,
DATA,A003,5,304,849115,-1.1869,1.4962,-0.0934,-95.0317,94.6045,164.2456,1.9120,,
DATA,A003,5,305,849125,-1.6373,2.1534,0.0641,-26.4282,84.3506,192.1997,2.7059,,
DATA,A003,5,306,849135,-2.0072,2.6299,0.2303,-12.3291,73.8525,204.9561,3.3164,,
DATA,A003,5,307,849145,-2.4391,3.0196,0.4862,-49.8047,66.7725,203.9185,3.9120,,
DATA,A003,5,308,849155,-2.5592,3.1038,0.6156,-57.1289,63.7817,205.5664,4.0697,,
DATA,A003,5,309,849165,-2.4071,2.8953,0.6075,-58.1665,66.5283,214.5996,3.8139,,
DATA,A003,5,310,849175,-2.1839,2.4937,0.5809,-101.8677,75.1953,218.5669,3.3654,,
DATA,A003,5,311,849185,-2.0528,1.7061,0.4994,-116.6382,100.3418,214.2334,2.7156,,
DATA,A003,5,312,849195,-1.9059,1.4634,0.5948,-94.4214,113.7085,201.0498,2.4754,,
DATA,A003,5,313,849205,-1.7992,1.2974,0.5072,-104.2480,126.5869,196.2891,2.2754,,
DATA,A003,5,314,849215,-1.7491,1.0301,0.3343,-140.0146,141.9678,187.3779,2.0573,,
DATA,A003,5,315,849225,-1.7408,0.8072,0.2067,-166.2598,151.0620,188.2324,1.9300,,
DATA,A003,5,316,849235,-1.7333,0.4549,0.0633,-186.8896,154.3579,188.7817,1.7931,,
DATA,A003,5,317,849245,-1.7150,0.2608,0.0201,-187.1338,142.6392,185.9741,1.7348,,
DATA,A003,5,318,849255,-1.6337,0.0640,-0.0219,-180.7251,108.1543,182.4341,1.6351,,
DATA,A003,5,319,849265,-1.5189,-0.0043,-0.0460,-177.1851,82.8857,180.9082,1.5196,,
DATA,A003,5,320,849275,-1.3190,-0.0676,-0.0936,-171.6919,61.1572,176.0254,1.3240,,
DATA,A003,5,321,849285,-1.1866,-0.1025,-0.1161,-164.6118,59.7534,169.1284,1.1967,,
DATA,A003,5,322,849295,-0.9857,-0.1677,-0.1181,-153.3813,74.7681,155.2734,1.0068,,
DATA,A003,5,323,849305,-0.8839,-0.2377,-0.1105,-149.8413,90.2710,145.3857,0.9220,,
DATA,A003,5,324,849315,-0.7723,-0.4033,-0.0773,-149.1089,111.9995,127.5635,0.8747,,
DATA,A003,5,325,849325,-0.7345,-0.5356,-0.0355,-147.0337,124.5117,113.7695,0.9097,,
DATA,A003,5,326,849335,-0.6849,-0.7534,-0.0184,-141.4795,137.3901,89.4165,1.0183,,
DATA,A003,5,327,849345,-0.6551,-0.9233,0.0013,-134.2163,137.0239,68.2983,1.1321,,
DATA,A003,5,328,849355,-0.6371,-1.1535,0.0109,-114.1968,123.5352,33.3862,1.3178,,
DATA,A003,5,329,849365,-0.6114,-1.2546,0.0111,-93.5059,110.3516,7.7515,1.3957,,
DATA,A003,5,330,849375,-0.5802,-1.2543,0.0826,-48.9502,84.9609,-26.9775,1.3845,,
DATA,A003,5,331,849385,-0.5650,-1.1288,0.1373,-18.5547,69.3359,-46.6919,1.2698,,
DATA,A003,5,332,849395,-0.5821,-0.8874,0.2255,16.4795,49.3164,-76.1719,1.0850,,
DATA,A003,5,333,849405,-0.6327,-0.7336,0.2670,29.6021,37.5977,-94.1772,1.0048,,
DATA,A003,5,334,849415,-0.7733,-0.5512,0.3041,40.1001,24.7192,-123.4741,0.9971,,
DATA,A003,5,335,849425,-0.8788,-0.4594,0.2826,46.9971,21.2402,-145.8740,1.0311,,
DATA,A003,5,336,849435,-0.9628,-0.3381,0.1710,62.2559,24.1699,-185.6079,1.0346,,
DATA,A003,5,337,849445,-1.0629,-0.2858,0.0743,78.3081,20.2637,-211.4258,1.1031,,
DATA,A003,5,338,849455,-1.3602,-0.1865,0.0804,115.6616,20.5078,-245.2393,1.3753,,
DATA,A003,5,339,849465,-1.7303,-0.0251,0.1344,148.8037,23.8037,-270.7520,1.7357,,
DATA,A003,5,340,849475,-2.3697,0.3614,0.2965,197.4487,32.0435,-308.1665,2.4154,,
DATA,A003,5,341,849485,-2.6908,0.7422,0.4869,223.2056,19.2871,-328.0640,2.8334,,
DATA,A003,5,342,849495,-3.0841,1.4832,0.6334,222.4121,-59.9976,-328.6743,3.4803,,
DATA,A003,5,343,849505,-3.2587,1.9664,0.5494,185.1196,-135.5591,-324.3408,3.8454,,
DATA,A003,5,344,849515,-3.1429,2.4034,0.1669,104.4312,-224.2432,-305.9082,3.9601,,
DATA,A003,5,345,849525,-2.8141,2.5005,-0.0245,60.8521,-260.8032,-283.5083,3.7646,,
DATA,A003,5,346,849535,-2.0309,2.4090,-0.0753,20.3247,-242.7368,-247.6196,3.1517,,
DATA,A003,5,347,849545,-1.4964,2.1356,-0.0397,-7.8125,-202.6367,-228.6377,2.6080,,
DATA,A003,5,348,849555,-1.0328,1.7711,0.0143,-30.5176,-156.4331,-214.5386,2.0503,,
DATA,A003,5,349,849565,-0.5204,1.2452,0.1048,-37.5366,-76.5991,-202.9419,1.3536,,
DATA,A003,5,350,849575,-0.3133,1.0047,0.1654,-23.3765,-18.4937,-196.5332,1.0653,,
DATA,A003,5,351,849585,-0.2162,0.8284,0.2560,11.1694,62.5000,-187.6831,0.8936,,
DATA,A003,5,352,849595,-0.2604,0.8069,0.2779,33.1421,105.8350,-181.0303,0.8923,,
DATA,A003,5,353,849605,-0.3883,0.8133,0.2755,48.8281,138.5498,-165.4053,0.9424,,
DATA,A003,5,354,849615,-0.4523,0.7928,0.2701,45.8984,135.6201,-151.5503,0.9518,,
DATA,A003,5,355,849625,-0.4596,0.7139,0.2494,36.8042,103.2715,-125.6714,0.8849,,
DATA,A003,5,356,849635,-0.3924,0.6502,0.2360,33.4473,70.3125,-107.7271,0.7953,,
DATA,A003,5,357,849645,-0.2035,0.5718,0.2213,33.6304,20.6909,-80.7495,0.6460,,
DATA,A003,5,358,849655,-0.0655,0.5440,0.2215,33.9355,-4.0894,-63.2935,0.5910,,
DATA,A003,5,359,849665,0.1210,0.4962,0.2203,28.7476,-25.5127,-38.5132,0.5562,,
DATA,A003,5,360,849675,0.2308,0.4549,0.2152,23.1934,-33.3862,-23.1934,0.5537,,
DATA,A003,5,361,849685,0.3502,0.4109,0.2076,16.3574,-35.0952,-4.0283,0.5785,,
DATA,A003,5,362,849695,0.4130,0.4002,0.1925,13.4277,-30.3345,5.7373,0.6064,,
DATA,A003,5,363,849705,0.4755,0.4136,0.1598,10.0708,-15.0757,20.1416,0.6502,,
DATA,A003,5,364,849715,0.4987,0.4481,0.1354,7.6904,-2.6855,30.5786,0.6839,,
DATA,A003,5,365,849725,0.5221,0.5135,0.0934,4.4556,19.7144,45.2271,0.7382,,
DATA,A003,5,366,849735,0.5226,0.5672,0.0646,1.3428,33.4473,54.2603,0.7739,,
DATA,A003,5,367,849745,0.4779,0.6407,0.0553,-7.0801,48.5229,65.0635,0.8012,,
DATA,A003,5,368,849755,0.4144,0.6773,0.0817,-13.9160,56.9458,69.7632,0.7982,,
DATA,A003,5,369,849765,0.2662,0.7188,0.2491,-23.6206,54.9316,74.4629,0.8060,,
DATA,A003,5,370,849775,-0.0148,0.7967,0.2736,-33.5693,55.6030,96.7407,0.8425,,
DATA,A003,5,371,849785,-0.5724,0.9207,0.0944,-64.4531,100.6470,137.3901,1.0882,,
DATA,A003,5,372,849795,-1.0257,0.9669,0.0621,-74.5239,124.3896,141.4185,1.4110,,
DATA,A003,5,373,849805,-1.7828,1.0879,0.2196,-69.1528,134.2163,154.7241,2.1001,,
DATA,A003,5,374,849815,-2.3336,1.2425,0.4056,-65.3076,102.9663,169.7998,2.6747,,
DATA,A003,5,375,849825,-2.9447,1.5137,0.6478,-59.5093,8.9722,177.8564,3.3738,,
DATA,A003,5,376,849835,-3.0250,1.7357,0.8021,-47.2412,-22.6440,174.5605,3.5786,,
DATA,A003,5,377,849845,-2.7731,2.0740,0.9816,-44.3115,-13.7939,137.0239,3.5993,,
DATA,A003,5,378,849855,-2.5152,2.0455,0.9449,-72.6929,-6.5308,111.9995,3.3769,,
DATA,A003,5,379,849865,-2.1964,1.5460,0.8219,-120.8496,23.4985,89.2944,2.8089,,
DATA,A003,5,380,849875,-2.0299,1.1893,0.7897,-128.9673,43.5181,77.8809,2.4816,,
DATA,A003,5,381,849885,-1.8253,0.8489,0.7093,-119.9341,55.4199,70.5566,2.1344,,
DATA,A003,5,382,849895,-1.6637,0.7247,0.6239,-115.7837,56.6406,72.9980,1.9189,,
DATA,A003,5,383,849905,-1.4840,0.6358,0.5289,-117.4927,53.9551,80.5054,1.6989,,
DATA,A003,5,384,849915,-1.2159,0.4988,0.3761,-129.3945,50.2319,99.3652,1.3670,,
DATA,A003,5,385,849925,-1.0528,0.3929,0.3002,-138.1226,53.5889,112.9761,1.1632,,
DATA,A003,5,386,849935,-0.8741,0.2339,0.1901,-145.0195,67.4438,129.6387,0.9246,,
DATA,A003,5,387,849945,-0.8097,0.1302,0.1378,-141.6626,85.8765,136.7798,0.8316,,
DATA,A003,5,388,849955,-0.7977,0.0162,0.1110,-124.0234,123.2300,139.8315,0.8056,,
DATA,A003,5,389,849965,-0.8495,-0.0126,0.1058,-109.1919,144.6533,138.1836,0.8561,,
DATA,A003,5,390,849975,-0.9003,-0.0080,0.1649,-90.8203,162.4146,131.8970,0.9153,,
DATA,A003,5,391,849985,-0.8912,0.0113,0.2445,-86.8530,160.9497,126.2207,0.9242,,
DATA,A003,5,392,849995,-0.8570,0.0682,0.3746,-112.6099,137.1460,125.3662,0.9378,,
DATA,A003,5,393,850005,-0.8026,0.0242,0.3636,-137.4512,122.2534,115.3564,0.8815,,
DATA,A003,5,394,850015,-0.6539,-0.1320,0.3273,-151.8555,93.3228,94.2383,0.7431,,
DATA,A003,5,395,850025,-0.5404,-0.2368,0.3016,-141.3574,73.6694,82.3975,0.6626,,
DATA,A003,5,396,850035,-0.4061,-0.3500,0.2208,-118.6523,50.5371,64.4531,0.5798,,
DATA,A003,5,397,850045,-0.3002,-0.4487,0.1544,-100.7690,42.5415,48.9502,0.5615,,
DATA,A003,5,398,850055,-0.1532,-0.6013,0.1070,-68.1763,38.6963,22.1558,0.6296,,
DATA,A003,5,399,850065,-0.0658,-0.6767,0.1327,-46.3867,49.8657,5.1880,0.6927,,
DATA,A003,5,400,850075,0.0060,-0.6762,0.1813,-26.3672,84.4116,-18.1274,0.7001,,
DATA,A003,5,401,850085,-0.0880,-0.6235,0.2408,-28.6255,100.5249,-25.2075,0.6741,,
DATA,A003,5,402,850095,-0.3326,-0.5595,0.2499,-31.7993,111.2671,-35.1562,0.6972,,
DATA,A003,5,403,850105,-0.4857,-0.5043,0.2711,-21.5454,108.6426,-51.8188,0.7508,,
DATA,A003,5,404,850115,-0.6898,-0.3852,0.3429,-3.3569,99.5483,-80.9326,0.8613,,
DATA,A003,5,405,850125,-0.8043,-0.2958,0.3649,2.5635,89.9048,-99.9146,0.9314,,
DATA,A003,5,406,850135,-0.8920,-0.2141,0.3309,2.9297,65.2466,-127.8687,0.9751,,
DATA,A003,5,407,850145,-0.9095,-0.1916,0.3583,5.6763,48.2178,-144.3481,0.9961,,
DATA,A003,5,408,850155,-1.0338,-0.1513,0.3946,14.5264,29.2358,-170.4712,1.1169,,
DATA,A003,5,409,850165,-1.2765,-0.1391,0.4276,19.1650,34.4238,-187.5610,1.3534,,
DATA,A003,5,410,850175,-1.8216,-0.0915,0.4830,31.6772,58.5938,-213.2568,1.8868,,
DATA,A003,5,411,850185,-2.2316,0.0181,0.4855,51.5137,61.9507,-216.7969,2.2838,,
DATA,A003,5,412,850195,-2.7560,0.3702,0.5853,89.1724,28.3203,-209.2896,2.8417,,
DATA,A003,5,413,850205,-3.0067,0.7332,0.5692,105.0415,-27.4048,-204.1626,3.1467,,
DATA,A003,5,414,850215,-3.1864,1.3333,0.4217,104.0039,-114.3188,-192.3828,3.4797,,
DATA,A003,5,415,850225,-2.9803,1.6800,0.3146,87.6465,-149.2920,-180.4810,3.4357,,
DATA,A003,5,416,850235,-2.5416,1.8851,0.2511,63.3545,-165.5884,-164.4897,3.1743,,
DATA,A003,5,417,850245,-1.8265,1.8238,0.2245,21.7285,-159.9731,-144.8364,2.5909,,
DATA,A003,5,418,850255,-1.4195,1.5064,0.2611,-7.9956,-137.6343,-135.6812,2.0863,,
DATA,A003,5,419,850265,-1.0160,0.8672,0.3553,-37.2925,-94.8486,-132.5684,1.3822,,
DATA,A003,5,420,850275,-0.8649,0.5015,0.4017,-32.8369,-62.4390,-136.2305,1.0774,,
DATA,A003,5,421,850285,-0.7623,0.1878,0.4325,4.3945,-16.2354,-142.0288,0.8963,,
DATA,A003,5,422,850295,-0.7272,0.1592,0.4178,34.2407,6.5918,-141.1743,0.8536,,
DATA,A003,5,423,850305,-0.6991,0.2877,0.3807,59.7534,18.1274,-132.7515,0.8464,,
DATA,A003,5,424,850315,-0.6471,0.3931,0.3277,58.2886,13.5498,-125.3052,0.8250,,
DATA,A003,5,425,850325,-0.4921,0.4700,0.2042,38.8184,-3.0518,-111.1450,0.7105,,
DATA,A003,5,426,850335,-0.3390,0.4334,0.1156,22.3389,-17.4561,-100.8301,0.5622,,
DATA,A003,5,427,850345,-0.0411,0.2835,-0.0167,1.8311,-34.9731,-84.5947,0.2870,,
DATA,A003,5,428,850355,0.1420,0.1697,-0.0980,-8.3008,-44.7388,-72.8149,0.2420,,
DATA,A003,5,429,850365,0.3644,0.0528,-0.1891,-13.9160,-53.1006,-50.5371,0.4139,,
DATA,A003,5,430,850375,0.4540,0.0362,-0.2184,-12.7563,-52.6123,-35.3394,0.5051,,
DATA,A003,5,431,850385,0.5209,0.1314,-0.2450,-12.1460,-36.1938,-13.7939,0.5904,,
DATA,A003,5,432,850395,0.5495,0.2186,-0.2152,-17.1509,-19.3481,-2.6245,0.6293,,
DATA,A003,5,433,850405,0.5348,0.3431,-0.1554,-35.5225,2.8687,12.8784,0.6541,,
DATA,A003,5,434,850415,0.5055,0.3873,-0.1264,-52.6733,14.1602,24.8413,0.6492,,
DATA,A003,5,435,850425,0.4132,0.3643,-0.0895,-77.0264,19.5923,44.2505,0.5581,,
DATA,A003,5,436,850435,0.3192,0.3221,-0.0680,-85.0220,17.0898,58.2275,0.4585,,
DATA,A003,5,437,850445,0.1376,0.3226,0.0546,-73.4253,3.4180,76.3550,0.3549,,
DATA,A003,5,438,850455,0.0036,0.4258,0.2408,-51.7578,-8.7891,83.3130,0.4892,,
DATA,A003,5,439,850465,-0.2884,0.8082,0.6319,-18.3716,-19.8364,86.1816,1.0657,,
DATA,A003,5,440,850475,-0.4925,1.2344,0.8429,-11.2305,-9.1553,80.2002,1.5738,,
DATA,A003,5,441,850485,-0.6319,1.8189,0.7613,-37.4756,16.6626,86.4868,2.0706,,
DATA,A003,5,442,850495,-0.8822,2.0096,0.6180,-57.4341,45.1660,126.4648,2.2801,,
DATA,A003,5,443,850505,-1.4842,2.0362,0.6200,-43.5181,90.3320,176.1475,2.5949,,
DATA,A003,5,444,850515,-1.9725,1.9141,0.7106,-32.7759,92.9565,215.8813,2.8389,,
DATA,A003,5,445,850525,-2.5138,1.7503,0.9957,-28.8696,78.5522,240.3564,3.2209,,
DATA,A003,5,446,850535,-2.6190,1.7723,1.2023,-23.8037,58.9600,232.3608,3.3831,,
DATA,A003,5,447,850545,-2.3778,1.8804,1.3671,-20.3247,24.5361,222.2290,3.3255,,
DATA,A003,5,448,850555,-2.1041,1.8631,1.3605,-39.6729,2.1973,210.0830,3.1224,,
DATA,A003,5,449,850565,-1.7550,1.6011,1.1664,-108.3374,-10.8032,187.3169,2.6465,,
DATA,A003,5,450,850575,-1.5841,1.3350,0.9969,-158.6914,-5.9814,174.9268,2.2990,,
DATA,A003,5,451,850585,-1.4147,1.0176,0.8329,-195.3735,4.8828,168.1519,1.9315,,
DATA,A003,5,452,850595,-1.2569,0.5076,0.6180,-217.3462,27.5879,174.4995,1.4898,,
DATA,A003,5,453,850605,-1.2049,0.2359,0.5089,-211.7310,51.9409,188.4766,1.3291,,
DATA,A003,5,454,850615,-1.3954,0.0452,0.4464,-181.0303,100.4028,209.9609,1.4657,,
DATA,A003,5,455,850625,-1.5538,0.0987,0.4271,-155.2124,131.5308,210.5713,1.6145,,
DATA,A003,5,456,850635,-1.6227,0.3204,0.4376,-135.6201,141.5405,199.7070,1.7109,,
DATA,A003,5,457,850645,-1.5983,0.4854,0.4452,-140.9302,125.0000,194.7021,1.7286,,
DATA,A003,5,458,850655,-1.4967,0.5889,0.3456,-176.3916,97.3511,187.0117,1.6451,,
DATA,A003,5,459,850665,-1.5128,0.5069,0.2789,-205.3223,75.0732,178.7720,1.6197,,
DATA,A003,5,460,850675,-1.4894,0.2481,0.2557,-227.1729,62.5610,148.4375,1.5314,,
DATA,A003,5,461,850685,-1.3336,0.0904,0.1844,-226.0742,55.9692,132.6904,1.3493,,
DATA,A003,5,462,850695,-1.0709,-0.1367,0.0685,-213.1958,45.6543,124.3286,1.0818,,
DATA,A003,5,463,850705,-0.8851,-0.2834,0.0184,-200.9888,44.2505,117.5537,0.9296,,
DATA,A003,5,464,850715,-0.6012,-0.4721,-0.0402,-181.2744,53.7720,103.5156,0.7655,,
DATA,A003,5,465,850725,-0.4422,-0.5707,-0.1010,-167.2363,65.1245,93.2617,0.7291,,
DATA,A003,5,466,850735,-0.2462,-0.7106,-0.1354,-143.4937,92.4072,73.9136,0.7642,,
DATA,A003,5,467,850745,-0.1456,-0.7807,-0.1361,-125.5493,110.5347,58.2886,0.8057,,
DATA,A003,5,468,850755,-0.0965,-0.8354,-0.1259,-98.0835,126.7090,34.7900,0.8503,,
DATA,A003,5,469,850765,-0.1200,-0.8547,-0.0851,-79.7119,138.4888,19.2871,0.8672,,
DATA,A003,5,470,850775,-0.2345,-0.8596,-0.0072,-53.7109,146.2402,-0.7324,0.8910,,
DATA,A003,5,471,850785,-0.2926,-0.8583,0.0216,-39.7949,149.1089,-15.2588,0.9071,,
DATA,A003,5,472,850795,-0.4037,-0.8796,0.0992,-19.4702,134.2163,-41.1987,0.9729,,
DATA,A003,5,473,850805,-0.5094,-0.8862,0.1798,-4.6997,117.6147,-54.5044,1.0378,,
DATA,A003,5,474,850815,-0.6920,-0.8747,0.2975,18.6768,87.0361,-82.8247,1.1543,,
DATA,A003,5,475,850825,-0.8656,-0.8100,0.3500,36.5601,61.9507,-106.2012,1.2360,,
DATA,A003,5,476,850835,-1.4025,-0.6047,0.5248,70.2515,28.1982,-129.0894,1.6149,,
DATA,A003,5,477,850845,-1.8680,-0.4465,0.6476,86.0596,34.3628,-158.4473,2.0269,,
DATA,A003,5,478,850855,-2.3671,-0.3491,0.7652,81.1157,55.6641,-211.5479,2.5120,,
DATA,A003,5,479,850865,-2.4757,-0.4047,0.7972,63.4155,47.2412,-232.5439,2.6322,,
DATA,A003,5,480,850875,-2.5624,-0.3210,0.7391,37.7808,-16.7847,-260.3149,2.6861,,
DATA,A003,5,481,850885,-2.6805,-0.0485,0.6000,30.9448,-70.7397,-289.1235,2.7473,,
DATA,A003,5,482,850895,-2.7001,0.4661,0.5201,29.2969,-129.5166,-331.7871,2.7889,,
DATA,A003,5,483,850905,-2.5165,0.7786,0.4769,25.5127,-155.7007,-343.3838,2.6770,,
DATA,A003,5,484,850915,-1.9864,1.0418,0.4110,9.8877,-166.2598,-328.6743,2.2804,,
DATA,A003,5,485,850925,-1.4930,1.0032,0.4737,-0.7935,-139.3433,-307.4951,1.8601,,
DATA,A003,5,486,850935,-0.8453,0.7005,0.6193,-13.3667,-80.8105,-275.2686,1.2605,,
DATA,A003,5,487,850945,-0.6166,0.4649,0.6666,-10.1318,-45.6543,-255.1270,1.0201,,
DATA,A003,5,488,850955,-0.5189,0.3157,0.6498,12.2070,-10.9253,-236.2061,0.8895,,
DATA,A003,5,489,850965,-0.4261,0.3565,0.5846,67.9932,19.6533,-201.4771,0.8065,,
DATA,A003,5,490,850975,-0.3739,0.5025,0.5116,96.0693,26.3672,-171.1426,0.8087,,
DATA,A003,5,491,850985,-0.2550,0.6805,0.4662,102.7222,43.5791,-134.2773,0.8634,,
DATA,A003,5,492,850995,-0.1002,0.6876,0.4154,90.0879,57.8613,-112.1216,0.8095,,
DATA,A003,5,493,851005,0.0495,0.5428,0.2704,76.8433,70.8618,-64.5142,0.6084,,
DATA,A003,5,494,851015,0.1032,0.4266,0.2433,81.1157,77.3315,-38.4521,0.5018,,
DATA,A003,5,495,851025,0.1163,0.3707,0.2255,96.3745,86.4258,-8.3618,0.4492,,
DATA,A003,5,496,851035,0.1071,0.4136,0.1984,104.9194,90.0269,9.3994,0.4711,,
DATA,A003,5,497,851045,0.1207,0.5523,0.1949,109.0088,80.1392,30.5176,0.5980,,
DATA,A003,5,498,851055,0.1557,0.6443,0.2013,103.5156,66.3452,43.5181,0.6928,,
DATA,A003,5,499,851065,0.2155,0.7266,0.1927,83.0078,48.5840,60.7910,0.7820,,
DATA,A003,5,500,851075,0.2433,0.7249,0.1547,66.8335,41.5039,70.1904,0.7801,,
DATA,A003,5,501,851085,0.2328,0.6902,0.0934,50.2930,41.6260,80.1392,0.7344,,
DATA,A003,5,502,851095,0.2116,0.6797,0.0665,45.7764,45.0439,83.3740,0.7150,,
DATA,A003,5,503,851105,0.0731,0.6683,0.1356,44.9219,38.8184,82.1533,0.6858,,
DATA,A003,5,504,851115,-0.1019,0.6651,0.2533,42.5415,30.8228,77.5757,0.7190,,
DATA,A003,5,505,851125,-0.4493,0.6536,0.4755,31.1279,8.9722,67.0166,0.9248,,
DATA,A003,5,506,851135,-0.7179,0.6805,0.5875,18.8599,-3.7842,55.4199,1.1505,,
DATA,A003,5,507,851145,-1.0397,0.7505,0.6537,-2.3193,-13.2446,30.7617,1.4393,,
DATA,A003,5,508,851155,-1.3214,0.8231,0.5111,-13.6108,-20.9961,23.6816,1.6385,,
DATA,A003,5,509,851165,-1.7848,0.8829,0.3570,-31.2500,-5.6152,25.0854,2.0230,,
DATA,A003,5,510,851175,-2.0004,0.8226,0.4542,-46.3257,20.8130,44.6167,2.2101,,
DATA,A003,5,511,851185,-2.0755,0.6504,0.5572,-59.6313,30.2734,90.2710,2.2453,,
DATA,A003,5,512,851195,-2.1642,0.5775,0.5409,-55.3589,19.8364,110.1685,2.3043,,
DATA,A003,5,513,851205,-1.9386,0.6397,0.7528,-25.4517,42.1753,123.6572,2.1758,,
DATA,A003,5,514,851215,-1.6527,0.8892,0.9510,4.3335,63.5376,137.3291,2.1039,,
DATA,A003,5,515,851225,-1.4601,1.2256,1.0946,16.4795,92.7734,139.3433,2.1982,,
DATA,A003,5,516,851235,-1.4632,1.1788,1.0707,-11.4746,107.5439,132.3242,2.1626,,
DATA,A003,5,517,851245,-1.4442,0.7208,1.0861,-62.9883,129.2725,122.6807,1.9454,,
DATA,A003,5,518,851255,-1.3483,0.3902,1.0992,-76.8433,131.1035,115.8447,1.7828,,
DATA,A003,5,519,851265,-1.2772,0.1448,1.0619,-71.2891,129.8218,111.2061,1.6673,,
DATA,A003,5,520,851275,-1.1866,-0.0432,0.9152,-52.0020,122.4976,106.7505,1.4992,,
DATA,A003,5,521,851285,-1.1034,-0.1049,0.7936,-46.6919,104.4312,107.6660,1.3632,,
DATA,A003,5,522,851295,-0.8768,-0.1965,0.5941,-54.1382,57.7393,116.9434,1.0772,,
DATA,A003,5,523,851305,-0.6586,-0.2748,0.4442,-64.4531,25.3906,126.5259,0.8406,,
DATA,A003,5,524,851315,-0.2504,-0.4614,0.2499,-78.2471,12.3291,136.3525,0.5814,,
DATA,A003,5,525,851325,0.0722,-0.6157,0.1642,-76.1108,46.5698,139.2822,0.6413,,
DATA,A003,5,526,851335,0.5448,-0.7863,0.0751,-36.1938,175.2319,142.8833,0.9596,,
DATA,A003,5,527,851345,0.8634,-0.7468,-0.0499,19.6533,300.5981,143.5547,1.1426,,
DATA,A003,5,528,851355,1.1444,-0.4572,0.0116,122.9248,481.7505,160.2783,1.2324,,
DATA,A003,5,529,851365,0.9987,-0.1906,0.1581,169.7388,558.5938,180.6641,1.0289,,
DATA,A003,5,530,851375,0.3231,0.1368,0.2755,157.9590,608.1543,207.2754,0.4461,,
DATA,A003,5,531,851385,-0.1637,0.2186,0.3502,109.1919,593.0786,232.7881,0.4441,,
DATA,A003,5,532,851395,-0.7269,0.2249,0.3614,28.3813,511.9629,273.4375,0.8424,,
DATA,A003,5,533,851405,-0.9444,0.2276,0.2164,-13.7939,428.8330,276.0010,0.9953,,
DATA,A003,5,534,851415,-0.9632,0.2193,-0.0609,-60.3027,328.7354,247.8027,0.9898,,
DATA,A003,5,535,851425,-0.9293,0.2005,-0.3200,-84.4116,293.2739,233.5205,1.0031,,
DATA,A003,5,536,851435,-0.9484,0.1788,-0.8327,-90.2710,259.7656,208.1909,1.2746,,
DATA,A003,5,537,851445,-0.9903,0.2010,-0.8856,-62.6831,251.2817,178.4058,1.3437,,
DATA,A003,5,538,851455,-1.1625,0.5045,-0.7599,-21.4844,197.2046,121.7651,1.4776,,
DATA,A003,5,539,851465,-1.3502,0.9131,-0.7958,-13.0005,138.7329,72.6318,1.8139,,
DATA,A003,5,540,851475,-1.4354,1.6968,-0.9310,-27.9541,71.4722,-28.0762,2.4097,,
DATA,A003,5,541,851485,-1.3119,2.3462,-0.9515,-29.4189,32.9590,-64.6973,2.8516,,
DATA,A003,5,542,851495,-1.0516,3.4383,-0.8720,-45.4102,-67.9321,-42.4194,3.6997,,
DATA,A003,5,543,851505,-1.0109,3.6741,-0.9752,-95.7031,-153.3813,11.2305,3.9335,,
DATA,A003,5,544,851515,-0.7157,2.6544,-0.8710,-161.0107,-221.0693,35.5835,2.8838,,
DATA,A003,5,545,851525,-0.5526,1.9976,-0.7589,-149.1089,-219.0552,19.9585,2.2072,,
DATA,A003,5,546,851535,-0.4982,1.7628,-0.5856,-76.5991,-176.3306,-12.6343,1.9231,,
DATA,A003,5,547,851545,-0.5497,1.8621,-0.4655,-36.0107,-163.5132,-20.8130,1.9966,,
DATA,A003,5,548,851555,-0.6859,1.9222,-0.3390,-6.5308,-193.4814,-6.8970,2.0689,,
DATA,A003,5,549,851565,-0.7269,1.8165,-0.2567,-1.4038,-220.6421,6.7749,1.9733,,
DATA,A003,5,550,851575,-0.7591,1.4705,-0.1713,1.5259,-276.7334,12.6953,1.6637,,
DATA,A003,5,551,851585,-0.7650,1.1778,-0.1000,7.5684,-311.5234,5.6763,1.4080,,
DATA,A003,5,552,851595,-0.7159,0.8040,-0.0177,25.3906,-353.8208,-10.0098,1.0767,,
DATA,A003,5,553,851605,-0.6857,0.6338,0.0008,42.7856,-384.0942,-19.8975,0.9337,,
DATA,A003,5,554,851615,-0.6466,0.5645,0.0008,62.5000,-417.2363,-28.4424,0.8583,,
DATA,A003,5,555,851625,-0.5646,0.6426,-0.0263,88.5010,-461.4258,-36.3159,0.8558,,
DATA,A003,5,556,851635,-0.4635,0.7591,-0.0429,97.2900,-490.7227,-38.5132,0.8904,,
DATA,A003,5,557,851645,-0.2911,0.9009,-0.0309,88.6230,-518.4326,-41.5649,0.9473,,
DATA,A003,5,558,851655,-0.1825,0.9327,-0.0026,72.9370,-521.8506,-45.3491,0.9504,,
DATA,A003,5,559,851665,-0.0624,0.8729,0.0182,46.9971,-504.7607,-50.1709,0.8753,,
DATA,A003,5,560,851675,-0.0135,0.7850,0.0204,33.1421,-481.3232,-52.5513,0.7854,,
DATA,A003,5,561,851685,0.0167,0.6314,0.0565,19.2261,-425.5371,-58.3496,0.6342,,
DATA,A003,5,562,851695,0.0297,0.5294,0.0782,13.7939,-381.3477,-60.6079,0.5359,,
DATA,A003,5,563,851705,0.0302,0.4146,0.0712,7.6294,-312.2559,-61.2793,0.4218,,
DATA,A003,5,564,851715,0.0455,0.3404,0.0814,6.1035,-262.3901,-63.0493,0.3529,,
DATA,A003,5,565,851725,0.0834,0.2935,0.1507,8.1787,-192.4438,-68.6035,0.3403,,
DATA,A003,5,566,851735,0.1029,0.3316,0.2142,7.7515,-143.6768,-69.5190,0.4080,,
DATA,A003,5,567,851745,0.1329,0.4754,0.2687,-6.3477,-73.8525,-63.8428,0.5620,,
DATA,A003,5,568,851755,0.1200,0.5843,0.2709,-26.1230,-33.2642,-60.8521,0.6551,,
DATA,A003,5,569,851765,0.0509,0.6671,0.2267,-68.4204,18.6157,-63.7817,0.7064,,
DATA,A003,5,570,851775,-0.0401,0.6524,0.1481,-101.8066,46.8140,-70.7397,0.6702,,
DATA,A003,5,571,851785,-0.2150,0.6473,-0.0099,-143.7988,85.0830,-71.4722,0.6821,,
DATA,A003,5,572,851795,-0.3356,0.6885,-0.0719,-146.1182,105.4688,-65.6738,0.7693,,
DATA,A003,5,573,851805,-0.5760,0.8743,0.0528,-109.5581,121.0327,-51.5137,1.0484,,
DATA,A003,5,574,851815,-0.7794,1.0770,0.1749,-89.0503,130.4321,-46.8140,1.3409,,
DATA,A003,5,575,851825,-1.0362,1.3709,0.2970,-103.2715,126.7090,-42.9077,1.7440,,
DATA,A003,5,576,851835,-1.1571,1.4451,0.3236,-138.1836,109.4360,-31.8604,1.8794,,
DATA,A003,5,577,851845,-1.2701,1.3575,0.4757,-180.3589,65.5518,-8.7891,1.9189,,
DATA,A003,5,578,851855,-1.2706,1.2864,0.6239,-186.7065,35.3394,7.8125,1.9128,,
DATA,A003,5,579,851865,-1.1915,1.3096,0.8922,-173.1567,0.6714,33.2642,1.9826,,
DATA,A003,5,580,851875,-1.0782,1.4041,1.0375,-163.7573,-0.5493,46.1426,2.0519,,
DATA,A003,5,581,851885,-0.8766,1.4734,1.1070,-168.8232,32.3486,55.2368,2.0408,,
DATA,A003,5,582,851895,-0.7726,1.3848,1.1058,-181.2744,65.0024,53.1616,1.9332,,
DATA,A003,5,583,851905,-0.7128,1.1089,1.0638,-193.8477,115.4785,46.3257,1.6940,,
DATA,A003,5,584,851915,-0.7135,0.9219,1.0116,-191.3452,139.8926,45.5322,1.5435,,
DATA,A003,5,585,851925,-0.7853,0.7271,0.9132,-176.0864,152.8931,47.3633,1.4069,,
DATA,A003,5,586,851935,-0.8561,0.6358,0.8465,-166.1377,146.2402,48.1567,1.3615,,
DATA,A003,5,587,851945,-0.9156,0.5518,0.7967,-158.0200,128.0518,49.1333,1.3333,,
DATA,A003,5,588,851955,-0.9217,0.3970,0.6883,-157.2266,87.2192,47.8516,1.2170,,
DATA,A003,5,589,851965,-0.8959,0.2591,0.6468,-154.8462,56.8237,48.3398,1.1349,,
DATA,A003,5,590,851975,-0.8050,0.0425,0.6122,-146.6064,20.5078,46.7529,1.0123,,
DATA,A003,5,591,851985,-0.7291,-0.0925,0.5880,-138.1836,4.3335,44.2505,0.9412,,
DATA,A003,5,592,851995,-0.6337,-0.2609,0.5897,-121.8872,-10.8032,41.1987,0.9041,,
DATA,A003,5,593,852005,-0.6319,-0.3315,0.6014,-109.8022,-20.3247,37.9639,0.9332,,
DATA,A003,5,594,852015,-0.6769,-0.3454,0.5807,-94.3604,-38.4521,30.3345,0.9564,,
DATA,A003,5,595,852025,-0.6930,-0.3124,0.6002,-87.2192,-62.9272,22.0337,0.9686,,
DATA,A003,5,596,852035,-0.6586,-0.2402,0.5917,-86.4868,-110.0464,6.7139,0.9173,,
DATA,A003,5,597,852045,-0.5900,-0.2111,0.5487,-92.4072,-141.6626,-3.4180,0.8329,,
DATA,A003,5,598,852055,-0.4317,-0.2226,0.4686,-101.0132,-184.1431,-15.6250,0.6750,,
DATA,A003,5,599,852065,-0.3536,-0.2512,0.4313,-98.9990,-199.4629,-26.2451,0.6117,,
DATA,A003,5,600,852075,-0.2555,-0.2187,0.4000,-89.0503,-213.3179,-43.2739,0.5226,,
DATA,A003,5,601,852085,-0.2257,-0.1745,0.3983,-83.8623,-215.2710,-53.8940,0.4899,,
DATA,A003,5,602,852095,-0.2025,-0.0969,0.4271,-82.4585,-219.7266,-76.5991,0.4825,,
DATA,A003,5,603,852105,-0.1944,-0.0617,0.4532,-85.6323,-223.9380,-95.5811,0.4970,,
DATA,A003,5,604,852115,-0.1368,-0.0268,0.4291,-93.4448,-230.5908,-123.0469,0.4512,,
DATA,A003,5,605,852125,-0.0560,-0.0241,0.4357,-95.7642,-237.1216,-137.5732,0.4399,,
DATA,A003,5,606,852135,-0.0069,0.0152,0.5174,-90.5762,-240.3564,-155.5176,0.5177,,
DATA,A003,5,607,852145,-0.0155,0.0955,0.5804,-86.6089,-236.5723,-166.1987,0.5884,,
DATA,A003,5,608,852155,-0.0604,0.2127,0.6166,-90.8813,-222.7173,-182.4951,0.6550,,
DATA,A003,5,609,852165,-0.1083,0.1905,0.6810,-95.9473,-215.0269,-198.6694,0.7154,,
DATA,A003,5,610,852175,-0.2396,-0.0300,0.8028,-95.8862,-213.3789,-215.2710,0.8384,,
DATA,A003,5,611,852185,-0.4083,-0.2040,1.0267,-74.2188,-226.0742,-215.2100,1.1236,,
DATA,A003,5,612,852195,-0.6488,-0.1813,1.4025,-13.0615,-245.6055,-203.3691,1.5559,,
DATA,A003,5,613,852205,-0.6310,0.0186,1.4811,19.3481,-259.5215,-181.0303,1.6100,,
DATA,A003,5,614,852215,-0.4352,0.3016,1.5531,34.5459,-282.2876,-122.0703,1.6409,,
DATA,A003,5,615,852225,-0.3443,0.4004,1.6898,31.9214,-279.9683,-84.5337,1.7704,,
DATA,A003,5,616,852235,-0.2198,0.5543,1.9491,30.0293,-238.9526,-52.2461,2.0383,,
DATA,A003,5,617,852245,-0.1075,0.7486,1.9916,28.8696,-182.8003,-39.9780,2.1303,,
DATA,A003,5,618,852255,0.0600,1.0306,1.6507,12.9395,-71.8994,-24.9634,1.9470,,
DATA,A003,5,619,852265,0.1090,1.0486,1.3651,-2.9907,-9.7656,-23.4985,1.7248,,
DATA,A003,5,620,852275,0.1117,0.9341,1.1398,-15.5029,41.4429,-36.1938,1.4779,,
DATA,A003,5,621,852285,0.0375,0.6834,1.0577,-19.2871,53.1006,-53.3447,1.2599,,
DATA,A003,5,622,852295,0.0707,0.3480,1.0463,-13.4888,57.4951,-65.9180,1.1049,,
DATA,A003,5,623,852305,0.1835,0.1197,0.9813,32.1045,73.6694,-87.7075,1.0055,,
DATA,A003,5,624,852315,-0.1344,0.1971,0.9806,14.7095,58.8989,-52.9785,1.0092,,
DATA,A003,5,625,852325,-0.2618,0.0757,0.8588,-7.6904,34.3628,-79.6509,0.9010,,
DATA,A003,5,626,852335,-0.2059,-0.0720,0.8514,-0.8545,10.9863,-87.0361,0.8789,,
DATA,A003,5,627,852345,-0.1019,0.0213,0.9332,41.1377,-25.4517,-68.3594,0.9390,,
DATA,A003,5,628,852355,-0.0626,0.2027,0.9972,52.4902,-34.5459,-55.7861,1.0195,,
DATA,A003,5,629,852365,-0.1041,0.3907,0.9867,34.7290,-34.8511,-55.4810,1.0663,,
DATA,A003,5,630,852375,-0.1412,0.3880,0.8778,14.7095,-35.4614,-61.4624,0.9701,,
DATA,A003,5,631,852385,-0.1095,0.2830,0.7567,1.6479,-46.3257,-63.0493,0.8153,,
DATA,A003,5,632,852395,-0.0419,0.2332,0.7643,3.4790,-50.7812,-55.5420,0.8002,,
DATA,A003,5,633,852405,0.0089,0.2071,0.7801,-0.1221,-59.7534,-47.9736,0.8072,,
DATA,A003,5,634,852415,0.0553,0.2064,0.7640,-6.1646,-62.3169,-47.5464,0.7933,,
DATA,A003,5,635,852425,0.0333,-0.0646,0.6285,17.4561,-72.7539,-58.1665,0.6327,,
DATA,A003,5,636,852435,0.2621,0.1490,0.7467,40.0391,-73.1812,-39.4897,0.8053,,
DATA,A003,5,637,852445,0.2020,0.2667,0.6695,23.0103,-45.2881,-24.7803,0.7485,,
DATA,A003,5,638,852455,0.1405,0.2816,0.6278,13.8550,-33.2642,-38.8184,0.7022,,
DATA,A003,5,639,852465,0.0758,0.2325,0.6256,7.8735,-26.8555,-31.0059,0.6717,,
DATA,A003,5,640,852475,0.1366,0.2786,0.6576,9.7656,-33.2031,-28.0762,0.7271,,
DATA,A003,5,641,852485,0.1718,0.2203,0.7208,-1.7700,-36.8652,-10.3149,0.7730,,
DATA,A003,5,642,852495,0.1825,0.2432,0.7689,-14.1602,-33.7524,0.0610,0.8269,,
DATA,A003,5,643,852505,0.2204,0.3087,0.7191,-20.9351,-23.7427,7.2632,0.8130,,
DATA,A003,5,644,852515,0.2113,0.2820,0.7237,-18.3716,-15.4419,14.1602,0.8050,,
DATA,A003,5,645,852525,0.1703,0.2610,0.8026,-10.8032,-7.0801,13.6719,0.8610,,
DATA,A003,5,646,852535,0.1976,0.2381,0.8234,-12.0850,-5.5542,15.6860,0.8796,,
DATA,A003,5,647,852545,0.2033,0.2850,0.8570,-20.5688,-9.5825,31.9824,0.9258,,
DATA,A003,5,648,852555,0.1671,0.4288,0.9037,-28.4424,-12.4512,37.4756,1.0141,,
DATA,A003,5,649,852565,0.2829,0.1419,0.9034,-32.6538,-17.7002,37.3535,0.9573,,
DATA,A003,5,650,852575,0.3883,0.1717,0.8666,-26.9775,-20.0195,54.1382,0.9650,,
DATA,A003,5,651,852585,0.1278,0.5984,1.0096,-37.5977,-22.2778,66.4673,1.1806,,
DATA,A003,5,652,852595,0.1332,0.0421,0.9862,-25.7568,-13.6108,31.5552,0.9960,,
DATA,A003,5,653,852605,0.1373,0.1006,1.0389,27.1606,-39.2456,72.9370,1.0528,,
DATA,A003,5,654,852615,0.2648,0.1534,1.1219,56.2134,-47.9126,101.4404,1.1629,,
DATA,A003,5,655,852625,0.5084,0.2967,1.2179,51.7578,-2.6245,122.8027,1.3527,,
DATA,A003,5,656,852635,0.5414,0.3668,1.2225,35.8887,42.0532,122.1313,1.3864,,
DATA,A003,5,657,852645,0.5070,0.3712,1.2389,26.0620,81.5430,109.1309,1.3891,,
DATA,A003,5,658,852655,0.3668,0.3253,1.1893,32.4707,115.8447,90.2100,1.2864,,
DATA,A003,5,659,852665,0.2609,0.4957,1.1991,38.3301,117.0044,89.1724,1.3235,,
DATA,A003,5,660,852675,0.0822,0.6155,1.1925,31.5552,105.4077,90.4541,1.3445,,
DATA,A003,5,661,852685,-0.0065,0.5364,1.1739,23.0103,86.1206,85.9985,1.2907,,
DATA,A003,5,662,852695,0.0265,0.4910,1.1478,19.8975,47.9126,81.2378,1.2487,,
DATA,A003,5,663,852705,0.1232,0.3848,1.1517,15.8691,28.0151,86.1816,1.2205,,
DATA,A003,5,664,852715,0.2882,0.2752,1.1105,16.0522,25.4517,97.1069,1.1798,,
DATA,A003,5,665,852725,0.2736,0.2132,1.0428,17.3950,39.4897,101.6235,1.0990,,
DATA,A003,5,666,852735,0.1837,0.1724,0.9977,28.5034,49.8047,92.2852,1.0290,,
DATA,A003,5,667,852745,0.1532,0.2271,1.0135,35.1562,46.9360,93.4448,1.0499,,
DATA,A003,5,668,852755,0.0895,0.2357,1.0438,36.9873,39.1846,96.0083,1.0738,,
DATA,A003,5,669,852765,0.1300,0.2169,1.0497,37.1704,31.5552,97.5342,1.0797,,
DATA,A003,5,670,852775,0.2575,0.1844,1.0113,40.0391,36.3159,107.1777,1.0598,,
DATA,A003,5,671,852785,0.3036,0.2020,0.9764,41.0767,48.6450,111.3892,1.0423,,
DATA,A003,5,672,852795,0.2860,0.2747,0.9618,35.3394,65.1855,116.2109,1.0403,,
DATA,A003,5,673,852805,0.2101,0.3189,0.9476,29.9072,68.8477,117.4316,1.0217,,
DATA,A003,5,674,852815,0.1295,0.3065,0.9156,25.8789,70.2515,118.1641,0.9742,,
DATA,A003,5,675,852825,0.0704,0.3047,0.8736,18.6768,64.4531,116.5161,0.9280,,
DATA,A003,5,676,852835,0.0844,0.2635,0.8514,13.8550,54.9316,111.0229,0.8953,,
DATA,A003,5,677,852845,0.1076,0.2188,0.8390,16.6016,50.4761,112.1826,0.8737,,
DATA,A003,5,678,852855,0.1376,0.2147,0.8644,24.1089,49.8657,112.4878,0.9012,,
DATA,A003,5,679,852865,0.1080,0.2313,0.9173,27.1606,48.2788,111.5112,0.9522,,
DATA,A003,5,680,852875,0.0792,0.1680,0.9598,30.1514,42.3584,105.2856,0.9776,,
DATA,A003,5,681,852885,0.0783,0.1971,0.9571,30.8838,35.6445,98.6328,0.9804,,
DATA,A003,5,682,852895,0.0824,0.1802,0.9569,28.8696,26.1230,91.1255,0.9772,,
DATA,A003,5,683,852905,0.0917,0.1578,0.9376,28.5645,22.7051,85.6934,0.9552,,
DATA,A003,5,684,852915,0.1437,0.1495,0.9108,30.5786,19.7144,80.8105,0.9341,,
DATA,A003,5,685,852925,0.1561,0.1612,0.9083,30.6396,18.5547,78.4912,0.9356,,
DATA,A003,5,686,852935,0.1315,0.1585,0.9244,30.1514,14.6484,72.4487,0.9471,,
DATA,A003,5,687,852945,0.1127,0.1382,0.9398,29.9072,8.0566,67.1997,0.9566,,
DATA,A003,5,688,852955,0.1276,0.1341,0.9750,31.9824,-3.4180,64.3311,0.9924,,
DATA,A003,5,689,852965,0.1596,0.1356,0.9813,33.9355,-6.9580,62.7441,1.0034,,
DATA,A003,5,690,852975,0.1732,0.1497,0.9874,36.1938,-7.8125,60.6689,1.0136,,
DATA,A003,5,691,852985,0.1959,0.1744,0.9913,38.8794,-7.0801,58.5327,1.0254,,
DATA,A003,5,692,852995,0.1991,0.1829,0.9823,40.5884,-6.2866,56.4575,1.0188,,
DATA,A003,5,693,853005,0.1720,0.1981,1.0160,39.4897,-6.5308,52.8564,1.0493,,
DATA,A003,5,694,853015,0.1862,0.1817,1.0245,38.1470,-5.3711,49.8047,1.0570,,
DATA,A003,5,695,853025,0.2496,0.1736,1.0304,35.6445,0.8545,47.8516,1.0743,,
DATA,A003,5,696,853035,0.2433,0.1351,1.0165,33.5693,8.9722,43.8843,1.0539,,
DATA,A003,5,697,853045,0.2204,0.1373,0.9957,30.9448,15.1978,41.0156,1.0290,,
DATA,A003,5,698,853055,0.2018,0.1451,0.9718,28.7476,15.6860,38.0859,1.0031,,
DATA,A003,5,699,853065,0.1828,0.1268,0.9750,27.5269,11.5967,34.1797,1.0000,,
DATA,A003,5,700,853075,0.1813,0.1129,0.9779,26.7334,7.6904,32.4707,1.0009,,
DATA,A003,5,701,853085,0.2050,0.1102,0.9952,25.5737,3.0518,29.6631,1.0221,,
DATA,A003,5,702,853095,0.2304,0.0921,1.0089,25.8789,0.7324,29.1138,1.0390,,
DATA,A003,5,703,853105,0.2526,0.1141,1.0138,23.3154,0.0000,27.8320,1.0510,,
DATA,A003,5,704,853115,0.2721,0.1053,1.0101,22.3999,0.9766,27.8931,1.0514,,
DATA,A003,5,705,853125,0.2611,0.1080,0.9840,21.6675,0.3052,26.7944,1.0238,,
DATA,A003,5,706,853135,0.2230,0.1133,0.9867,22.3389,-2.6855,25.3906,1.0179,,
DATA,A003,5,707,853145,0.2164,0.1382,1.0030,22.3389,-11.2915,21.3013,1.0354,,
DATA,A003,5,708,853155,0.2252,0.1402,1.0167,22.1558,-15.0146,20.1416,1.0508,,
DATA,A003,5,709,853165,0.2694,0.1370,1.0104,19.4092,-15.1978,18.0054,1.0546,,
DATA,A003,5,710,853175,0.2870,0.1295,1.0004,18.0664,-12.4512,16.9067,1.0487,,
DATA,A003,5,711,853185,0.2728,0.1353,0.9952,16.2354,-7.9956,12.0850,1.0408,,
DATA,A003,5,712,853195,0.2516,0.1385,0.9921,14.8926,-6.5918,8.6670,1.0328,,
DATA,A003,5,713,853205,0.2946,0.1138,0.9757,14.2212,-4.6997,6.1646,1.0255,,
DATA,A003,5,714,853215,0.3234,0.1148,0.9925,13.8550,-1.2817,3.8452,1.0502,,
DATA,A003,5,715,853225,0.3727,0.1265,0.9901,11.5356,9.2163,1.3428,1.0655,,
DATA,A003,5,716,853235,0.3690,0.1141,0.9708,9.7046,19.0430,-0.1831,1.0448,,
DATA,A003,5,717,853245,0.3092,0.1370,0.9596,7.9956,29.8462,-4.3335,1.0174,,
DATA,A003,5,718,853255,0.2848,0.1290,0.9549,6.7749,31.8604,-6.2256,1.0048,,
DATA,A003,5,719,853265,0.2338,0.1453,0.9615,5.7983,28.0762,-8.8501,1.0002,,
DATA,A003,5,720,853275,0.2323,0.1497,0.9662,4.6387,23.9258,-9.8267,1.0049,,
DATA,A003,5,721,853285,0.2565,0.1634,0.9586,3.4180,20.5078,-8.1177,1.0057,,
DATA,A003,5,722,853295,0.2702,0.1529,0.9557,2.9907,20.2026,-8.4839,1.0048,,
DATA,A003,5,723,853305,0.2648,0.1334,0.9457,3.7842,19.1040,-9.0332,0.9911,,
DATA,A003,5,724,853315,0.2450,0.1414,0.9469,5.0049,17.7612,-9.2163,0.9882,,
DATA,A003,5,725,853325,0.2245,0.1446,0.9549,6.1646,14.7705,-10.5591,0.9916,,
DATA,A003,5,726,853335,0.2184,0.1451,0.9603,6.1646,6.4087,-13.7939,0.9955,,
DATA,A003,5,727,853345,0.2516,0.1312,0.9664,6.8970,1.3428,-13.0615,1.0072,,
DATA,A003,5,728,853355,0.2487,0.1212,0.9479,7.6294,-2.5024,-15.0757,0.9874,,
DATA,A003,5,729,853365,0.2697,0.0994,0.9496,9.2773,-5.3711,-15.8691,0.9921,,
DATA,A003,5,730,853375,0.3187,0.0987,0.9332,11.4746,-6.1646,-13.5498,0.9911,,
DATA,A003,5,731,853385,0.3187,0.1221,0.9200,11.9629,-5.6152,-14.8315,0.9813,,
DATA,A003,5,732,853395,0.3180,0.1353,0.9069,13.6108,-5.1270,-15.9912,0.9705,,
DATA,A003,5,733,853405,0.3268,0.1395,0.9127,14.3433,-5.1880,-16.2354,0.9794,,
DATA,A003,5,734,853415,0.3583,0.1458,0.9254,15.7471,-3.2349,-15.4419,1.0030,,
DATA,A003,5,735,853425,0.3512,0.1578,0.9481,16.1743,0.1221,-14.8315,1.0233,,
DATA,A003,5,736,853435,0.3087,0.1539,0.9562,16.0522,3.1738,-14.8926,1.0165,,
DATA,A003,5,737,853445,0.2826,0.1558,0.9530,16.5405,1.2207,-14.2212,1.0062,,
DATA,A003,5,738,853455,0.2120,-0.1069,0.9513,14.8926,-2.7466,-11.1694,0.9805,,
DATA,A003,5,739,853465,0.3034,0.1963,0.9606,14.7705,-4.3945,-5.6763,1.0263,,
DATA,A003,5,740,853475,0.2987,0.1695,0.9684,15.7471,-4.8218,-7.6904,1.0275,,
DATA,A003,5,741,853485,0.3085,0.1775,0.9652,16.0522,-4.3945,-5.3711,1.0287,,
DATA,A003,5,742,853495,0.3043,0.1966,0.9886,16.0522,-4.2725,-3.6011,1.0529,,
DATA,A003,5,743,853505,0.3229,0.2088,0.9774,15.5640,-2.0142,-4.3945,1.0503,,
DATA,A003,5,744,853515,0.3285,0.2029,0.9767,14.4043,1.7090,-5.2490,1.0502,,
DATA,A003,5,745,853525,0.3412,0.1973,0.9794,13.0005,4.6997,-4.6997,1.0557,,
DATA,A003,5,746,853535,0.3444,0.1763,0.9757,11.0474,8.7280,-4.3335,1.0496,,
DATA,A003,5,747,853545,0.3517,0.1819,0.9791,9.1553,12.0850,-3.0518,1.0562,,
DATA,A003,5,748,853555,0.3668,0.1861,0.9650,6.1646,15.7471,-0.5493,1.0490,,
EVENT,A003,5,,853562,,,,,,,,STOP,748
EVENT,A003,6,,855892,,,,,,,,START,
DATA,A003,6,1,855915,0.3959,0.1451,0.7772,5.7373,89.2334,-11.7798,0.8842,,
DATA,A003,6,2,855925,0.3783,0.2183,0.7438,14.5264,86.2427,-10.2539,0.8625,,
DATA,A003,6,3,855935,0.3739,0.1839,0.7521,18.3105,77.9419,-3.1738,0.8598,,
DATA,A003,6,4,855945,0.3678,0.2664,0.7530,22.1558,71.7163,0.8545,0.8794,,
DATA,A003,6,5,855955,0.3695,0.2459,0.7457,27.7710,61.7676,8.4229,0.8678,,
DATA,A003,6,6,855965,0.4079,0.2266,0.7821,30.2734,52.8564,16.5405,0.9107,,
DATA,A003,6,7,855975,0.4386,0.2208,0.8234,34.3628,49.7437,22.3999,0.9587,,
DATA,A003,6,8,855985,0.4987,0.1839,0.8688,37.1094,49.5605,31.0059,1.0185,,
DATA,A003,6,9,855995,0.5101,0.1685,0.8907,38.5742,53.7109,36.1328,1.0402,,
DATA,A003,6,10,856005,0.5175,0.2127,0.9012,41.6260,64.5752,43.8232,1.0608,,
DATA,A003,6,11,856015,0.5053,0.2427,0.8854,42.7856,72.3267,47.4854,1.0479,,
DATA,A003,6,12,856025,0.4613,0.2615,0.8890,40.5884,83.4351,49.9878,1.0352,,
DATA,A003,6,13,856035,0.4054,0.2696,0.8915,37.5366,85.5713,46.0815,1.0158,,
DATA,A003,6,14,856045,0.3898,0.2862,0.8771,35.3394,80.4443,41.8701,1.0015,,
DATA,A003,6,15,856055,0.4347,0.2835,0.8754,35.2783,75.4395,44.3726,1.0176,,
DATA,A003,6,16,856065,0.4725,0.2806,0.8717,37.1094,75.1343,46.4478,1.0305,,
DATA,A003,6,17,856075,0.5265,0.2903,0.8790,42.0532,82.9468,46.6309,1.0650,,
DATA,A003,6,18,856085,0.5670,0.3326,0.8876,44.0674,91.2476,50.2930,1.1045,,
DATA,A003,6,19,856095,0.6151,0.3670,0.8566,43.6401,114.2578,58.9600,1.1166,,
DATA,A003,6,20,856105,0.6364,0.5164,0.8724,52.0020,150.3906,59.8755,1.1970,,
DATA,A003,6,21,856115,0.7462,0.6067,0.7777,30.5176,158.6914,89.2334,1.2369,,
DATA,A003,6,22,856125,0.8046,0.5860,0.7101,20.5078,179.8706,111.0229,1.2227,,
DATA,A003,6,23,856135,0.7692,0.6463,0.6800,2.6855,227.4170,141.9678,1.2132,,
DATA,A003,6,24,856145,0.6720,0.6255,0.6219,-7.6904,252.3804,170.6543,1.1089,,
DATA,A003,6,25,856155,0.5910,0.4471,0.6468,-2.2583,294.8608,201.7822,0.9836,,
DATA,A003,6,26,856165,0.4389,0.4551,0.6991,16.9678,324.8901,213.2568,0.9426,,
DATA,A003,6,27,856175,-1.2977,0.5506,1.0218,8.8501,317.9321,207.3975,1.7411,,
DATA,A003,6,28,856185,-0.7359,0.4012,0.7621,43.4570,213.2568,123.8403,1.1328,,
DATA,A003,6,29,856195,-0.1852,1.1978,0.6583,166.1987,-8.4229,183.6548,1.3793,,
DATA,A003,6,30,856205,0.2308,1.1243,0.7538,106.0181,-29.5410,250.4272,1.3732,,
DATA,A003,6,31,856215,0.6823,1.1158,0.6119,0.0000,34.9121,264.4653,1.4439,,
DATA,A003,6,32,856225,0.6813,0.7637,0.5824,-36.9873,106.9946,248.3521,1.1775,,
DATA,A003,6,33,856235,0.4957,0.5069,0.5389,-3.3569,208.3740,248.9624,0.8906,,
DATA,A003,6,34,856245,0.3319,0.5726,0.5333,35.9497,269.2261,259.4604,0.8500,,
DATA,A003,6,35,856255,0.0492,0.8870,0.5633,65.0024,317.2607,266.6016,1.0519,,
DATA,A003,6,36,856265,-0.1131,1.0689,0.5851,58.2275,324.7070,264.4653,1.2238,,
DATA,A003,6,37,856275,-0.2550,1.1216,0.5975,29.1748,313.0493,257.2632,1.2962,,
DATA,A003,6,38,856285,-0.2648,0.9969,0.6129,13.6719,296.5698,254.6387,1.1998,,
DATA,A003,6,39,856295,-0.2425,0.7191,0.6586,2.9907,276.1841,255.2490,1.0048,,
DATA,A003,6,40,856305,-0.2220,0.5401,0.6512,-1.4648,264.7095,260.8032,0.8747,,
DATA,A003,6,41,856315,-0.2462,0.2835,0.5546,-5.5542,246.0938,277.4658,0.6697,,
DATA,A003,6,42,856325,-0.3131,0.1378,0.5118,-4.3335,220.8862,285.0342,0.6156,,
DATA,A003,6,43,856335,-0.3680,0.0316,0.6725,17.9443,160.0952,290.5273,0.7672,,
DATA,A003,6,44,856345,-0.3509,0.0689,0.7543,27.8931,106.2622,300.2319,0.8348,,
DATA,A003,6,45,856355,-0.1671,0.0792,0.8644,18.9819,24.8413,322.3877,0.8839,,
DATA,A003,6,46,856365,0.0089,-0.0060,0.9779,4.7607,-14.7705,334.9609,0.9780,,
DATA,A003,6,47,856375,0.0993,-0.1840,1.0961,-9.7046,-27.4048,351.8066,1.1158,,
DATA,A003,6,48,856385,0.0184,-0.2707,1.1193,-6.5918,3.3569,353.2715,1.1517,,
DATA,A003,6,49,856395,-0.3219,-0.2465,0.9969,18.7378,80.4443,330.7495,1.0762,,
DATA,A003,6,50,856405,-0.6642,-0.1840,0.9408,42.7246,132.5073,303.5278,1.1662,,
DATA,A003,6,51,856415,-1.0680,-0.1325,0.9354,62.4390,163.7573,269.1040,1.4259,,
DATA,A003,6,52,856425,-1.5680,-0.1079,1.0485,78.2471,178.5889,204.9561,1.8893,,
DATA,A003,6,53,856435,-1.9137,-0.1755,1.1827,79.7729,173.3398,153.0151,2.2565,,
DATA,A003,6,54,856445,-2.1551,-0.2871,1.4054,78.1250,149.7192,64.9414,2.5888,,
DATA,A003,6,55,856455,-2.1324,-0.2675,1.5641,75.3784,127.1973,15.7471,2.6580,,
DATA,A003,6,56,856465,-1.8861,-0.1284,1.7181,61.5234,85.6934,-37.7808,2.5546,,
DATA,A003,6,57,856475,-1.6734,-0.0761,1.6796,37.8418,62.3779,-65.8569,2.3722,,
DATA,A003,6,58,856485,-1.4588,-0.1318,1.4850,-14.7705,28.5645,-96.8628,2.0858,,
DATA,A003,6,59,856495,-1.4122,-0.1725,1.3522,-41.4429,5.1880,-115.5396,1.9628,,
DATA,A003,6,60,856505,-1.3893,-0.0527,1.2923,-49.6216,-21.4233,-137.8784,1.8982,,
DATA,A003,6,61,856515,-1.3055,0.1404,1.3475,-44.7388,-35.0342,-147.3389,1.8815,,
DATA,A003,6,62,856525,-1.0763,0.4879,1.4652,-46.2036,-46.3867,-150.5737,1.8823,,
DATA,A003,6,63,856535,-0.9088,0.6939,1.5101,-57.9224,-43.6401,-146.8506,1.8942,,
DATA,A003,6,64,856545,-0.6993,0.9202,1.5131,-78.0029,-16.7236,-140.4419,1.9040,,
DATA,A003,6,65,856555,-0.6085,1.0416,1.4930,-83.2520,18.1885,-135.6812,1.9194,,
DATA,A003,6,66,856565,-0.5380,1.2454,1.4347,-78.2471,82.0923,-127.6855,1.9745,,
DATA,A003,6,67,856575,-0.5314,1.3834,1.3922,-71.5942,125.2441,-119.3237,2.0333,,
DATA,A003,6,68,856585,-0.5333,1.5037,1.3050,-71.2891,172.1802,-106.9336,2.0612,,
DATA,A003,6,69,856595,-0.5594,1.4820,1.2025,-79.0405,189.6362,-98.7549,1.9888,,
DATA,A003,6,70,856605,-0.5614,1.2498,0.9559,-93.8110,196.1060,-90.0269,1.6706,,
DATA,A003,6,71,856615,-0.5033,1.0335,0.7911,-98.7549,192.2607,-84.8999,1.3955,,
DATA,A003,6,72,856625,-0.3746,0.7579,0.5382,-93.5669,189.6973,-74.4629,1.0022,,
DATA,A003,6,73,856635,-0.2801,0.6229,0.3805,-82.0923,195.9229,-67.9321,0.7818,,
DATA,A003,6,74,856645,-0.1766,0.4798,0.2235,-55.4810,216.1865,-62.0728,0.5580,,
DATA,A003,6,75,856655,-0.1481,0.4134,0.1871,-34.4849,235.9619,-60.8521,0.4773,,
DATA,A003,6,76,856665,-0.2005,0.3536,0.1598,-5.4321,265.6860,-60.1807,0.4368,,
DATA,A003,6,77,856675,-0.2442,0.3226,0.1630,11.8408,280.5176,-60.4248,0.4362,,
DATA,A003,6,78,856685,-0.3048,0.2747,0.2032,34.5459,287.5977,-59.2651,0.4579,,
DATA,A003,6,79,856695,-0.3153,0.2535,0.2279,46.8140,281.6772,-56.0913,0.4643,,
DATA,A003,6,80,856705,-0.2828,0.2151,0.2867,60.8521,263.5498,-48.8281,0.4566,,
DATA,A003,6,81,856715,-0.2377,0.1788,0.3500,65.9790,246.0938,-42.9688,0.4593,,
DATA,A003,6,82,856725,-0.1627,0.1212,0.4628,71.4722,217.8345,-31.6772,0.5053,,
DATA,A003,6,83,856735,-0.1207,0.0970,0.5277,71.7773,199.9512,-23.9868,0.5500,,
DATA,A003,6,84,856745,-0.1083,0.0853,0.5843,69.2749,182.1289,-17.6392,0.6004,,
DATA,A003,6,85,856755,-0.1932,0.1258,0.6427,59.2041,158.0200,-8.4839,0.6828,,
DATA,A003,6,86,856765,-0.2941,0.2015,0.6732,49.9268,150.0244,-8.7891,0.7618,,
DATA,A003,6,87,856775,-0.4415,0.3602,0.6554,32.1045,145.8740,-21.7896,0.8684,,
DATA,A003,6,88,856785,-0.5907,0.4554,0.5917,14.2212,142.5781,-30.8838,0.9520,,
DATA,A003,6,89,856795,-0.8590,0.5547,0.4996,-15.5029,142.0288,-50.0488,1.1381,,
DATA,A003,6,90,856805,-1.0275,0.5958,0.4720,-29.4800,136.9629,-69.0918,1.2780,,
DATA,A003,6,91,856815,-1.2875,0.6944,0.4762,-39.9780,112.5488,-93.8721,1.5383,,
DATA,A003,6,92,856825,-1.4205,0.7735,0.4994,-48.5229,89.7827,-107.1167,1.6928,,
DATA,A003,6,93,856835,-1.5975,0.8917,0.4694,-67.7490,43.1519,-117.2485,1.8888,,
DATA,A003,6,94,856845,-1.7086,0.9263,0.4589,-81.6040,13.3667,-116.8823,1.9970,,
DATA,A003,6,95,856855,-1.6507,0.9278,0.5475,-89.4775,-7.9956,-114.3188,1.9712,,
DATA,A003,6,96,856865,-1.5023,0.9380,0.5621,-88.1348,-8.3008,-109.5581,1.8582,,
DATA,A003,6,97,856875,-1.3346,0.9246,0.5145,-89.7827,13.6108,-102.6611,1.7032,,
DATA,A003,6,98,856885,-1.2347,0.8716,0.4950,-91.5527,41.5039,-98.3276,1.5904,,
DATA,A003,6,99,856895,-1.2015,0.7413,0.4640,-89.1724,83.9233,-88.4399,1.4861,,
DATA,A003,6,100,856905,-1.2027,0.6541,0.4530,-80.1392,110.2905,-84.8999,1.4421,,
DATA,A003,6,101,856915,-1.1573,0.5525,0.4449,-57.4341,125.3052,-79.3457,1.3575,,
DATA,A003,6,102,856925,-1.1000,0.5008,0.4381,-43.8232,120.3613,-71.3501,1.2856,,
DATA,A003,6,103,856935,-1.0187,0.3985,0.4100,-33.5083,98.1445,-53.5278,1.1682,,
DATA,A003,6,104,856945,-0.9947,0.3245,0.3939,-31.5552,79.7119,-38.1470,1.1180,,
DATA,A003,6,105,856955,-0.9723,0.1990,0.3470,-31.3110,54.8096,-11.7188,1.0514,,
DATA,A003,6,106,856965,-0.9352,0.1102,0.3082,-30.5786,38.3301,7.2632,0.9908,,
DATA,A003,6,107,856975,-0.8754,-0.0038,0.2616,-24.2920,10.4980,35.8887,0.9136,,
DATA,A003,6,108,856985,-0.8146,-0.0349,0.2257,-17.7002,-4.5166,51.7578,0.8460,,
DATA,A003,6,109,856995,-0.6827,-0.0009,0.1493,-7.6294,-20.7520,68.8477,0.6989,,
DATA,A003,6,110,857005,-0.5826,0.0506,0.1009,-3.1738,-25.6348,78.6743,0.5935,,
DATA,A003,6,111,857015,-0.4547,0.1170,-0.0155,-5.6152,-25.6348,92.5293,0.4698,,
DATA,A003,6,112,857025,-0.4242,0.0972,-0.1351,-16.5405,-19.8364,102.5391,0.4557,,
DATA,A003,6,113,857035,-0.4593,-0.0739,-0.2501,-42.2363,-7.8125,121.0327,0.5282,,
DATA,A003,6,114,857045,-0.5709,-0.2390,-0.3158,-60.2417,-8.0566,131.7749,0.6948,,
DATA,A003,6,115,857055,-0.6857,-0.4924,-0.4340,-73.3032,-12.1460,142.5171,0.9491,,
DATA,A003,6,116,857065,-0.6578,-0.6281,-0.4948,-70.9229,-29.3579,145.7520,1.0354,,
DATA,A003,6,117,857075,-0.5751,-0.7304,-0.3998,-44.0674,-44.7388,148.3154,1.0119,,
DATA,A003,6,118,857085,-0.4923,-0.7070,-0.2714,-19.1040,-32.2876,147.7051,0.9032,,
DATA,A003,6,119,857095,-0.4425,-0.6110,-0.1205,5.4932,-1.8311,140.9302,0.7640,,
DATA,A003,6,120,857105,-0.5775,-0.4247,-0.0123,27.7710,57.0068,129.0894,0.7170,,
DATA,A003,6,121,857115,-0.7276,-0.3854,0.0543,28.8086,98.1445,119.5679,0.8252,,
DATA,A003,6,122,857125,-1.0101,-0.5087,0.1827,18.0054,123.5962,97.5952,1.1457,,
DATA,A003,6,123,857135,-1.2411,-0.6308,0.2569,17.8223,113.3423,80.0781,1.4157,,
DATA,A003,6,124,857145,-1.5382,-0.7419,0.3026,35.7666,73.5474,45.1050,1.7344,,
DATA,A003,6,125,857155,-1.6617,-0.7892,0.3129,51.0864,40.3442,14.7095,1.8660,,
DATA,A003,6,126,857165,-1.7206,-0.7834,0.3849,77.6367,-10.1929,-38.0249,1.9293,,
DATA,A003,6,127,857175,-1.8290,-0.6721,0.3798,102.6001,-28.9917,-68.8477,1.9852,,
DATA,A003,6,128,857185,-2.1402,-0.3642,0.1881,134.0942,-50.6592,-115.2344,2.1791,,
DATA,A003,6,129,857195,-2.3089,-0.2172,0.0892,143.6768,-66.1621,-142.8223,2.3209,,
DATA,A003,6,130,857205,-2.4642,-0.1572,0.0909,143.1274,-92.2241,-168.0298,2.4709,,
DATA,A003,6,131,857215,-2.4447,-0.1823,0.0953,140.9302,-93.8721,-181.7627,2.4533,,
DATA,A003,6,132,857225,-2.3849,-0.1501,0.0487,158.6914,-81.6650,-203.9185,2.3901,,
DATA,A003,6,133,857235,-2.4120,-0.0097,0.0536,183.9600,-81.6650,-214.0503,2.4126,,
DATA,A003,6,134,857245,-2.4540,0.3719,0.0282,210.8765,-93.7500,-220.9473,2.4821,,
DATA,A003,6,135,857255,-2.4227,0.5972,0.0079,209.2896,-105.5908,-218.0786,2.4953,,
DATA,A003,6,136,857265,-2.2201,0.7435,-0.0099,187.7441,-118.9575,-201.7822,2.3413,,
DATA,A003,6,137,857275,-2.0043,0.6981,-0.0099,169.5557,-117.5537,-186.8286,2.1224,,
DATA,A003,6,138,857285,-1.7093,0.4910,-0.0040,149.7192,-103.0884,-164.9780,1.7785,,
DATA,A003,6,139,857295,-1.5314,0.3323,0.0018,142.8833,-87.7686,-152.7100,1.5670,,
DATA,A003,6,140,857305,-1.2787,0.1624,-0.0021,141.1133,-61.8896,-135.7422,1.2889,,
DATA,A003,6,141,857315,-1.1156,0.1163,-0.0282,143.4937,-42.2974,-123.7183,1.1220,,
DATA,A003,6,142,857325,-0.9178,0.1036,-0.0609,150.0244,-12.6343,-104.6753,0.9257,,
DATA,A003,6,143,857335,-0.8197,0.1219,-0.0787,152.5879,7.5684,-92.6514,0.8324,,
DATA,A003,6,144,857345,-0.7115,0.1534,-0.1095,147.5220,29.7852,-75.8057,0.7361,,
DATA,A003,6,145,857355,-0.6385,0.1544,-0.1242,138.6719,37.8418,-64.7583,0.6686,,
DATA,A003,6,146,857365,-0.5189,0.1204,-0.1635,122.3145,36.1938,-50.4150,0.5572,,
DATA,A003,6,147,857375,-0.4371,0.0799,-0.1867,112.7319,28.6865,-43.3350,0.4820,,
DATA,A003,6,148,857385,-0.3273,0.0181,-0.1945,106.1401,14.4043,-37.1704,0.3811,,
DATA,A003,6,149,857395,-0.2674,0.0091,-0.1862,106.6895,5.9814,-36.4380,0.3260,,
DATA,A003,6,150,857405,-0.1844,0.0413,-0.1666,109.1919,-1.1597,-38.3301,0.2520,,
DATA,A003,6,151,857415,-0.1324,0.0894,-0.1473,109.7412,-1.9531,-40.3442,0.2174,,
DATA,A003,6,152,857425,-0.0680,0.1470,-0.1117,105.4688,-0.3052,-42.9688,0.1968,,
DATA,A003,6,153,857435,-0.0375,0.1609,-0.0861,100.2197,3.0518,-44.3726,0.1863,,
DATA,A003,6,154,857445,-0.0240,0.1478,-0.0526,96.1304,4.0894,-46.8140,0.1587,,
DATA,A003,6,155,857455,-0.0463,0.1165,0.0104,94.8486,-1.6479,-52.7954,0.1258,,
DATA,A003,6,156,857465,-0.0934,0.1177,0.0629,96.5576,-10.8643,-56.8848,0.1629,,
DATA,A003,6,157,857475,-0.1654,0.1834,0.1639,101.8677,-31.0059,-62.8662,0.2964,,
DATA,A003,6,158,857485,-0.2052,0.2879,0.2071,104.0039,-48.3398,-64.6362,0.4098,,
DATA,A003,6,159,857495,-0.2706,0.4869,0.2775,98.9380,-72.0825,-63.4155,0.6223,,
DATA,A003,6,160,857505,-0.3099,0.5982,0.3087,86.6699,-84.2285,-63.0493,0.7411,,
DATA,A003,6,161,857515,-0.3702,0.6678,0.3331,59.8145,-96.1304,-62.6221,0.8330,,
DATA,A003,6,162,857525,-0.3959,0.6502,0.3295,41.4429,-98.6938,-62.4390,0.8295,,
DATA,A003,6,163,857535,-0.4015,0.5706,0.3114,21.5454,-95.7031,-62.5000,0.7640,,
DATA,A003,6,164,857545,-0.4046,0.5108,0.3185,14.5874,-90.4541,-63.4766,0.7253,,
DATA,A003,6,165,857555,-0.5763,0.4525,0.2877,11.2305,-68.4204,-56.1523,0.7871,,
DATA,A003,6,166,857565,-0.7211,0.4405,0.2733,7.8125,-37.5977,-47.7295,0.8881,,
DATA,A003,6,167,857575,-0.9569,0.4517,0.3043,4.0894,9.1553,-35.0342,1.1010,,
DATA,A003,6,168,857585,-1.0961,0.4603,0.3251,1.8921,38.8794,-21.4233,1.2324,,
DATA,A003,6,169,857595,-1.2836,0.3926,0.2816,-9.3384,64.3311,3.9673,1.3715,,
DATA,A003,6,170,857605,-1.4427,0.2918,0.2655,-19.6533,68.8477,23.6816,1.4957,,
DATA,A003,6,171,857615,-1.6734,0.1568,0.2403,-25.3906,70.5566,50.3540,1.6979,,
DATA,A003,6,172,857625,-1.7882,0.1395,0.2482,-17.4561,75.9277,65.2466,1.8107,,
DATA,A003,6,173,857635,-1.9020,0.2335,0.2963,-0.9155,84.2896,80.7495,1.9390,,
DATA,A003,6,174,857645,-1.9454,0.2942,0.3470,-0.3662,84.2285,90.3931,1.9979,,
DATA,A003,6,175,857655,-1.9379,0.2928,0.4027,-16.9067,68.6035,102.8442,2.0008,,
DATA,A003,6,176,857665,-1.8651,0.2225,0.4020,-29.1748,49.5605,107.9712,1.9208,,
DATA,A003,6,177,857675,-1.6498,0.1165,0.3881,-33.8135,15.8691,113.4033,1.6988,,
DATA,A003,6,178,857685,-1.4720,0.0770,0.3824,-30.7617,-2.8076,117.7979,1.5228,,
DATA,A003,6,179,857695,-1.1874,0.0433,0.3888,-29.5410,-19.1650,127.2583,1.2501,,
DATA,A003,6,180,857705,-1.0172,0.0040,0.3905,-32.8979,-22.6440,134.2773,1.0896,,
DATA,A003,6,181,857715,-0.7938,-0.0915,0.3771,-40.5273,-21.3623,144.1040,0.8836,,
DATA,A003,6,182,857725,-0.6732,-0.1813,0.3678,-42.7246,-17.7612,148.8037,0.7883,,
DATA,A003,6,183,857735,-0.5314,-0.3515,0.3683,-40.3442,-7.6294,151.8555,0.7359,,
DATA,A003,6,184,857745,-0.4745,-0.4775,0.3622,-35.5225,0.8545,152.6489,0.7644,,
DATA,A003,6,185,857755,-0.5079,-0.6838,0.3529,-23.4375,14.8926,148.7427,0.9220,,
DATA,A003,6,186,857765,-0.5729,-0.8312,0.3632,-11.2305,21.9116,138.3667,1.0729,,
DATA,A003,6,187,857775,-0.6857,-1.0786,0.5653,10.1929,9.7046,101.0132,1.3975,,
DATA,A003,6,188,857785,-0.7821,-1.2663,0.6420,27.4658,-32.3486,80.9326,1.6209,,
DATA,A003,6,189,857795,-0.8231,-1.4301,0.6764,47.6074,-68.1152,73.0591,1.7833,,
DATA,A003,6,190,857805,-1.0953,-1.5534,0.7657,67.3218,-151.8555,36.1938,2.0492,,
DATA,A003,6,191,857815,-1.2098,-1.5886,0.7770,55.2979,-176.3916,3.1128,2.1426,,
DATA,A003,6,192,857825,-1.4552,-1.4663,0.8617,49.7437,-185.7910,-48.5229,2.2383,,
DATA,A003,6,193,857835,-1.5582,-1.2831,0.9449,56.0303,-150.1465,-93.8110,2.2288,,
DATA,A003,6,194,857845,-1.5621,-0.8969,0.8754,41.6870,-113.7085,-167.1143,2.0027,,
DATA,A003,6,195,857855,-1.7525,-0.7123,0.7462,13.6719,-95.7031,-192.8711,2.0336,,
DATA,A003,6,196,857865,-2.1930,-0.6645,0.5809,-38.2690,-59.5093,-238.2202,2.3639,,
DATA,A003,6,197,857875,-2.4440,-0.6813,0.4806,-46.3867,-31.0059,-278.3203,2.5823,,
DATA,A003,6,198,857885,-2.6898,-0.5173,0.4532,-11.6577,5.9204,-315.1245,2.7763,,
DATA,A003,6,199,857895,-2.7252,-0.2153,0.4847,17.2729,21.1792,-320.1294,2.7763,,
DATA,A003,6,200,857905,-2.7101,0.3648,0.5028,38.6353,15.4419,-311.9507,2.7804,,
DATA,A003,6,201,857915,-2.6385,0.7029,0.4625,41.1377,7.5684,-299.3164,2.7695,,
DATA,A003,6,202,857925,-2.3600,1.0032,0.3470,43.4570,3.0518,-275.3906,2.5877,,
DATA,A003,6,203,857935,-2.1083,1.0901,0.2982,50.5981,8.4229,-253.1738,2.3921,,
DATA,A003,6,204,857945,-1.7457,1.1609,0.2792,68.2373,28.1982,-210.9985,2.1150,,
DATA,A003,6,205,857955,-1.5340,1.1082,0.2775,72.8760,50.7202,-187.0728,1.9127,,
DATA,A003,6,206,857965,-1.2782,0.7808,0.2623,66.0400,79.6509,-166.6260,1.5206,,
DATA,A003,6,207,857975,-1.1212,0.5042,0.2311,65.6738,91.3696,-156.1279,1.2509,,
DATA,A003,6,208,857985,-0.8988,0.1858,0.1569,85.9985,98.3887,-136.5967,0.9311,,
DATA,A003,6,209,857995,-0.7740,0.0848,0.1110,109.4971,97.1069,-119.5679,0.7865,,
DATA,A003,6,210,858005,-0.6395,0.0953,0.0426,140.7471,91.0034,-95.7642,0.6480,,
DATA,A003,6,211,858015,-0.5668,0.1575,0.0030,152.0996,83.6792,-84.5947,0.5883,,
DATA,A003,6,212,858025,-0.4623,0.2752,-0.1076,154.1748,72.6318,-71.5942,0.5486,,
DATA,A003,6,213,858035,-0.4032,0.3296,-0.1686,149.3530,62.3169,-64.2700,0.5474,,
DATA,A003,6,214,858045,-0.3060,0.3624,-0.2233,138.6108,49.3164,-57.1289,0.5242,,
DATA,A003,6,215,858055,-0.2477,0.3682,-0.2350,131.5308,43.0908,-56.5186,0.5021,,
DATA,A003,6,216,858065,-0.1407,0.3819,-0.2387,120.1782,38.3911,-61.4014,0.4718,,
DATA,A003,6,217,858075,-0.0707,0.4036,-0.2338,113.3423,38.5742,-63.9038,0.4718,,
DATA,A003,6,218,858085,0.0036,0.4571,-0.2203,103.0884,37.7197,-65.1245,0.5074,,
DATA,A003,6,219,858095,0.0324,0.4898,-0.2074,94.1162,38.3301,-64.6973,0.5329,,
DATA,A003,6,220,858105,0.0604,0.5491,-0.1842,78.4912,40.4663,-62.8052,0.5824,,
DATA,A003,6,221,858115,0.0665,0.5743,-0.1806,68.1152,43.2739,-59.9365,0.6057,,
DATA,A003,6,222,858125,0.0600,0.5767,-0.1818,52.6733,54.5654,-54.0771,0.6077,,
DATA,A003,6,223,858135,0.0482,0.5501,-0.1791,43.5181,65.2466,-49.6826,0.5805,,
DATA,A003,6,224,858145,0.0250,0.5081,-0.1857,35.2783,86.0596,-40.6494,0.5416,,
DATA,A003,6,225,858155,-0.0267,0.4759,-0.1984,34.6680,101.2573,-33.8745,0.5163,,
DATA,A003,6,226,858165,-0.1009,0.4442,-0.1996,38.1470,116.7603,-28.4424,0.4973,,
DATA,A003,6,227,858175,-0.2630,0.4256,-0.1889,48.1567,137.1460,-18.9209,0.5348,,
DATA,A003,6,228,858185,-0.4256,0.4249,-0.1132,56.1523,138.1836,-12.5732,0.6120,,
DATA,A003,6,229,858195,-0.7611,0.4698,-0.0280,63.5376,130.4321,-6.8359,0.8948,,
DATA,A003,6,230,858205,-0.9730,0.4974,0.0262,64.3311,124.1455,-8.9111,1.0931,,
DATA,A003,6,231,858215,-1.1905,0.5081,0.1559,62.8052,114.5630,-8.2397,1.3038,,
DATA,A003,6,232,858225,-1.2347,0.5269,0.2765,66.3452,110.9009,5.0049,1.3706,,
DATA,A003,6,233,858235,-1.3363,0.5814,0.3673,74.2188,102.6611,47.3633,1.5028,,
DATA,A003,6,234,858245,-1.4747,0.5789,0.4327,77.9419,101.9287,70.4956,1.6423,,
DATA,A003,6,235,858255,-1.7284,0.5037,0.5582,78.0029,110.2905,91.6138,1.8848,,
DATA,A003,6,236,858265,-1.9178,0.4703,0.6510,77.7588,122.0093,105.0415,2.0792,,
DATA,A003,6,237,858275,-2.1463,0.5347,0.7054,82.0312,141.7236,120.3003,2.3217,,
DATA,A003,6,238,858285,-2.2435,0.6185,0.7079,82.9468,144.2261,125.5493,2.4325,,
DATA,A003,6,239,858295,-2.2967,0.6883,0.7047,67.1997,126.6479,127.6245,2.4991,,
DATA,A003,6,240,858305,-2.2860,0.6417,0.6720,40.4663,96.5576,126.7090,2.4676,,
DATA,A003,6,241,858315,-2.2162,0.4380,0.5785,-4.6387,30.8228,119.1406,2.3319,,
DATA,A003,6,242,858325,-2.1095,0.2945,0.5162,-23.1323,-18.0664,111.4502,2.1916,,
DATA,A003,6,243,858335,-1.8536,0.1937,0.4662,-28.9917,-77.8198,99.6094,1.9211,,
DATA,A003,6,244,858345,-1.6510,0.1795,0.4462,-29.0527,-103.5156,96.2524,1.7196,,
DATA,A003,6,245,858355,-1.3548,0.1434,0.4244,-37.5977,-116.2109,101.3184,1.4270,,
DATA,A003,6,246,858365,-1.1800,0.0794,0.4159,-47.8516,-109.7412,109.9854,1.2537,,
DATA,A003,6,247,858375,-0.9545,-0.0473,0.3912,-59.3872,-85.3882,126.2207,1.0326,,
DATA,A003,6,248,858385,-0.8400,-0.1298,0.3551,-61.4624,-63.1714,137.3901,0.9211,,
DATA,A003,6,249,858395,-0.7428,-0.2204,0.3016,-55.9082,-26.4282,153.5034,0.8314,,
DATA,A003,6,250,858405,-0.7196,-0.2585,0.3099,-49.0112,-3.1738,162.4146,0.8250,,
DATA,A003,6,251,858415,-0.7291,-0.2871,0.3251,-42.7246,23.2544,168.8843,0.8483,,
DATA,A003,6,252,858425,-0.7460,-0.3207,0.3475,-44.2505,28.5034,169.5557,0.8832,,
DATA,A003,6,253,858435,-0.7406,-0.4262,0.4125,-52.0630,23.9868,166.0767,0.9488,,
DATA,A003,6,254,858445,-0.6891,-0.5292,0.4464,-64.0259,18.9819,158.9966,0.9768,,
DATA,A003,6,255,858455,-0.6949,-0.7856,0.4381,-72.5098,4.9438,146.7896,1.1367,,
DATA,A003,6,256,858465,-0.6593,-0.9741,0.4825,-64.9414,-7.2021,133.8501,1.2713,,
DATA,A003,6,257,858475,-0.6312,-1.1369,0.5096,-54.9927,-15.9302,111.6943,1.3967,,
DATA,A003,6,258,858485,-0.6151,-1.3483,0.5389,-39.6729,-21.7896,70.6177,1.5770,,
DATA,A003,6,259,858495,-0.6222,-1.4604,0.5829,-28.0762,-22.0947,40.0391,1.6910,,
DATA,A003,6,260,858505,-0.7340,-1.5388,0.6698,-14.3433,-18.9819,-5.1270,1.8317,,
DATA,A003,6,261,858515,-0.8602,-1.4650,0.6590,-10.0708,-9.7656,-34.6680,1.8223,,
DATA,A003,6,262,858525,-1.1134,-1.2756,0.5338,-6.8359,23.1323,-83.7402,1.7753,,
DATA,A003,6,263,858535,-1.3832,-1.1992,0.4379,-10.1929,51.5137,-117.9810,1.8822,,
DATA,A003,6,264,858545,-2.0851,-1.2036,0.2291,-20.0195,68.2983,-168.8843,2.4184,,
DATA,A003,6,265,858555,-2.7391,-1.2570,0.1703,-16.6016,52.7344,-192.1387,3.0186,,
DATA,A003,6,266,858565,-3.4032,-1.0949,0.1598,18.7378,-24.0479,-232.8491,3.5786,,
DATA,A003,6,267,858575,-3.6166,-0.8002,0.0316,58.8379,-112.1826,-256.5918,3.7042,,
DATA,A003,6,268,858585,-3.7963,-0.2585,0.0380,102.7832,-207.2144,-271.2402,3.8052,,
DATA,A003,6,269,858595,-3.7760,0.2005,0.0841,101.0132,-210.6323,-278.2593,3.7822,,
DATA,A003,6,270,858605,-3.5338,0.8792,-0.0880,74.6460,-219.6045,-286.8652,3.6426,,
DATA,A003,6,271,858615,-3.2535,1.2628,-0.2484,65.0635,-224.9756,-281.7993,3.4988,,
DATA,A003,6,272,858625,-2.6227,1.7488,-0.3500,77.5757,-201.2939,-242.0654,3.1716,,
DATA,A003,6,273,858635,-2.1900,1.9105,-0.3165,75.9277,-161.3159,-210.8765,2.9234,,
DATA,A003,6,274,858645,-1.6871,1.5777,-0.2142,35.0342,-90.6372,-183.5327,2.3198,,
DATA,A003,6,275,858655,-1.4530,1.0953,-0.1649,13.0005,-49.7437,-176.4526,1.8270,,
DATA,A003,6,276,858665,-1.2086,0.5281,-0.1986,37.8418,3.4180,-167.1143,1.3338,,
DATA,A003,6,277,858675,-1.0863,0.3943,-0.2435,83.4351,30.0903,-161.2549,1.1810,,
DATA,A003,6,278,858685,-0.9408,0.5213,-0.1981,144.9585,48.1567,-144.9585,1.0937,,
DATA,A003,6,279,858695,-0.8780,0.7066,-0.1544,162.3535,48.2788,-131.9580,1.1376,,
DATA,A003,6,280,858705,-0.7875,0.9007,-0.1376,153.6865,33.5083,-115.6616,1.2043,,
DATA,A003,6,281,858715,-0.7037,0.9090,-0.1495,136.2915,18.0664,-106.9946,1.1592,,
DATA,A003,6,282,858725,-0.5279,0.7906,-0.1779,116.0278,-0.3662,-99.2432,0.9672,,
DATA,A003,6,283,858735,-0.4137,0.7003,-0.1820,113.0371,-8.0566,-98.7549,0.8334,,
DATA,A003,6,284,858745,-0.2369,0.6380,-0.1801,117.4316,-9.8267,-99.6704,0.7040,,
DATA,A003,6,285,858755,-0.1490,0.6478,-0.1693,120.9106,-10.6201,-99.9146,0.6859,,
DATA,A003,6,286,858765,-0.0802,0.6973,-0.1564,119.5068,-2.1973,-99.3042,0.7191,,
DATA,A003,6,287,858775,-0.0494,0.7254,-0.1564,113.2202,6.1035,-97.5342,0.7437,,
DATA,A003,6,288,858785,-0.0133,0.7527,-0.2147,102.7222,16.9067,-93.6890,0.7829,,
DATA,A003,6,289,858795,0.0250,0.7601,-0.2753,97.8394,24.9023,-89.9048,0.8088,,
DATA,A003,6,290,858805,0.0568,0.7586,-0.3229,96.7407,37.1704,-85.6934,0.8264,,
DATA,A003,6,291,858815,0.1308,0.7440,-0.3822,102.4780,67.3828,-77.5757,0.8466,,
DATA,A003,6,292,858825,0.1732,0.7149,-0.3720,107.6050,93.3838,-68.6035,0.8243,,
DATA,A003,6,293,858835,0.2160,0.6453,-0.3038,118.9575,133.0566,-50.5371,0.7452,,
DATA,A003,6,294,858845,0.1723,0.5975,-0.2233,125.8545,154.4189,-34.7290,0.6607,,
DATA,A003,6,295,858855,0.0170,0.5460,-0.0736,132.2632,180.7861,-11.0474,0.5512,,
DATA,A003,6,296,858865,-0.0848,0.5213,0.0211,131.8359,193.4814,2.3193,0.5286,,
DATA,A003,6,297,858875,-0.2604,0.4700,0.1525,123.2300,204.7119,20.1416,0.5585,,
DATA,A003,6,298,858885,-0.4435,0.4410,0.2789,115.6006,212.4634,25.4517,0.6848,,
DATA,A003,6,299,858895,-0.7508,0.4254,0.4889,101.4404,214.2334,19.5923,0.9918,,
DATA,A003,6,300,858905,-0.9867,0.4092,0.6908,89.7827,189.2700,18.9209,1.2721,,
DATA,A003,6,301,858915,-1.4674,0.4256,0.8358,50.7812,127.6855,39.1235,1.7415,,
DATA,A003,6,302,858925,-1.7281,0.4105,0.9159,14.0991,73.9746,44.9219,1.9984,,
DATA,A003,6,303,858935,-1.9647,0.3470,0.8873,-38.5742,-10.9253,46.8140,2.1835,,
DATA,A003,6,304,858945,-1.9786,0.2535,0.8807,-64.9414,-55.7861,49.1943,2.1806,,
DATA,A003,6,305,858955,-1.7960,0.1275,0.8639,-82.6416,-80.3223,55.4810,1.9970,,
DATA,A003,6,306,858965,-1.6920,0.1429,0.8033,-78.1860,-78.4302,62.9272,1.8785,,
DATA,A003,6,307,858975,-1.5270,0.2806,0.8180,-57.5562,-36.1938,78.2471,1.7548,,
DATA,A003,6,308,858985,-1.4156,0.3780,0.8483,-47.4243,12.7563,94.4214,1.6931,,
DATA,A003,6,309,858995,-1.4400,0.3936,0.7897,-55.6030,89.9048,120.0562,1.6889,,
DATA,A003,6,310,859005,-1.6105,0.2779,0.7203,-70.8618,135.9253,129.0894,1.7860,,
DATA,A003,6,311,859015,-1.7421,0.0677,0.6378,-80.5054,163.3301,129.9438,1.8564,,
DATA,A003,6,312,859025,-1.6634,-0.0019,0.5697,-72.9370,147.0337,129.6387,1.7583,,
DATA,A003,6,313,859035,-1.3692,-0.0102,0.4396,-60.6079,101.9897,133.5449,1.4381,,
DATA,A003,6,314,859045,-1.1368,-0.0117,0.3529,-61.0962,70.7397,138.6719,1.1904,,
DATA,A003,6,315,859055,-0.8148,-0.0519,0.2228,-73.7305,36.5601,148.2544,0.8463,,
DATA,A003,6,316,859065,-0.6427,-0.1171,0.1295,-83.0688,26.6724,155.2734,0.6660,,
DATA,A003,6,317,859075,-0.4598,-0.2534,0.0548,-87.0361,30.3345,164.1235,0.5279,,
DATA,A003,6,318,859085,-0.3890,-0.3286,0.0477,-78.4302,37.0483,167.8467,0.5114,,
DATA,A003,6,319,859095,-0.3443,-0.3510,0.0885,-55.4810,45.2271,170.6543,0.4996,,
DATA,A003,6,320,859105,-0.3553,-0.3183,0.1412,-41.1987,44.4946,171.8140,0.4975,,
DATA,A003,6,321,859115,-0.3951,-0.2385,0.2386,-27.6489,35.8276,168.4570,0.5196,,
DATA,A003,6,322,859125,-0.4327,-0.2289,0.3321,-26.9775,29.3579,160.2173,0.5916,,
DATA,A003,6,323,859135,-0.5140,-0.2971,0.3675,-36.3770,27.7100,141.5405,0.6983,,
DATA,A003,6,324,859145,-0.6415,-0.4059,0.2970,-45.2271,28.8696,127.6855,0.8152,,
DATA,A003,6,325,859155,-0.8993,-0.6301,0.1593,-43.2129,33.3252,97.2290,1.1095,,
DATA,A003,6,326,859165,-1.0497,-0.7834,0.1434,-25.9399,27.7100,68.7256,1.3176,,
DATA,A003,6,327,859175,-1.1822,-0.8871,0.1556,-2.7466,6.7749,39.6729,1.4862,,
DATA,A003,6,328,859185,-1.3588,-0.9409,0.1903,29.7852,-33.3252,1.2817,1.6636,,
DATA,A003,6,329,859195,-1.4464,-0.9311,0.2438,48.7671,-59.8755,-30.5786,1.7374,,
DATA,A003,6,330,859205,-1.5648,-0.8198,0.2452,72.0825,-83.0688,-87.2803,1.7835,,
DATA,A003,6,331,859215,-1.6058,-0.7067,0.2264,83.6792,-89.7827,-130.8594,1.7690,,
DATA,A003,6,332,859225,-1.7635,-0.4743,0.2518,105.2246,-92.7124,-186.8896,1.8435,,
DATA,A003,6,333,859235,-1.9530,-0.2900,0.2799,114.4409,-87.0972,-215.2710,1.9941,,
DATA,A003,6,334,859245,-2.2486,-0.0971,0.3595,112.1826,-82.7026,-259.5825,2.2793,,
DATA,A003,6,335,859255,-2.3968,0.0167,0.4381,110.8398,-88.9282,-278.3813,2.4366,,
DATA,A003,6,336,859265,-2.4813,0.2811,0.4488,121.3379,-117.1265,-292.8467,2.5372,,
DATA,A003,6,337,859275,-2.4925,0.5213,0.4061,131.1646,-138.6719,-292.6025,2.5787,,
DATA,A003,6,338,859285,-2.4723,0.9078,0.3133,136.2305,-148.0713,-285.4004,2.6522,,
DATA,A003,6,339,859295,-2.3697,1.1365,0.2662,132.3853,-135.6812,-274.6582,2.6416,,
DATA,A003,6,340,859305,-2.0931,1.4129,0.1998,124.6338,-105.7129,-246.4600,2.5333,,
DATA,A003,6,341,859315,-1.8651,1.5201,0.1510,119.2017,-80.0781,-221.4966,2.4108,,
DATA,A003,6,342,859325,-1.4811,1.4061,0.0873,99.1821,-37.9028,-182.0679,2.0441,,
DATA,A003,6,343,859335,-1.2753,1.1119,0.0944,78.2471,-13.0005,-158.7524,1.6945,,
DATA,A003,6,344,859345,-1.0221,0.5870,0.0880,60.6689,15.6250,-134.7656,1.1819,,
DATA,A003,6,345,859355,-0.8439,0.3008,0.0494,69.3359,31.6162,-123.7793,0.8972,,
DATA,A003,6,346,859365,-0.6339,0.0665,0.0174,104.0649,39.4897,-106.4453,0.6376,,
DATA,A003,6,347,859375,-0.5255,0.0569,0.0040,132.3853,41.9312,-93.8721,0.5286,,
DATA,A003,6,348,859385,-0.3939,0.1861,-0.0241,161.1328,40.1611,-74.6460,0.4363,,
DATA,A003,6,349,859395,-0.3236,0.2869,-0.0451,165.0391,34.1797,-59.5093,0.4348,,
DATA,A003,6,350,859405,-0.2259,0.3900,-0.0829,150.9399,18.0054,-38.5132,0.4582,,
DATA,A003,6,351,859415,-0.1522,0.3975,-0.1315,137.0850,7.3242,-27.2217,0.4455,,
DATA,A003,6,352,859425,-0.0160,0.3680,-0.2206,120.9106,-3.7842,-15.4419,0.4293,,
DATA,A003,6,353,859435,0.0905,0.3592,-0.2609,118.5913,-7.5684,-9.0942,0.4531,,
DATA,A003,6,354,859445,0.2406,0.3873,-0.3136,118.4692,-6.4087,-3.1128,0.5534,,
DATA,A003,6,355,859455,0.3329,0.4300,-0.3165,118.8354,0.0610,1.0986,0.6292,,
DATA,A003,6,356,859465,0.4132,0.4949,-0.2992,111.0229,18.1885,8.3008,0.7108,,
DATA,A003,6,357,859475,0.4496,0.5357,-0.2714,100.0977,37.9028,12.3901,0.7502,,
DATA,A003,6,358,859485,0.4633,0.5613,-0.2409,87.7686,62.0728,16.6626,0.7666,,
DATA,A003,6,359,859495,0.4086,0.5931,-0.1981,70.0073,99.8535,29.3579,0.7470,,
DATA,A003,6,360,859505,0.3280,0.6407,-0.1776,62.1338,125.1221,39.7339,0.7414,,
DATA,A003,6,361,859515,0.0944,0.7955,-0.1427,57.2510,155.9448,52.6123,0.8137,,
DATA,A003,6,362,859525,-0.3758,1.0660,-0.1014,54.6265,167.4805,59.2651,1.1348,,
DATA,A003,6,363,859535,-0.7687,1.3157,-0.0443,50.4761,162.3535,55.7861,1.5245,,
DATA,A003,6,364,859545,-1.1451,1.6187,0.0585,38.8794,143.3716,52.0020,1.9837,,
DATA,A003,6,365,859555,-1.7552,2.0709,0.0597,-6.7139,98.3276,64.2700,2.7153,,
DATA,A003,6,366,859565,-2.0721,2.2464,0.0323,-45.1660,67.1387,70.4956,3.0563,,
DATA,A003,6,367,859575,-2.3182,2.2818,0.1273,-80.2002,33.6914,84.3506,3.2553,,
DATA,A003,6,368,859585,-2.2960,2.1705,0.1893,-91.1255,21.3623,93.6890,3.1652,,
DATA,A003,6,369,859595,-2.2340,1.9051,0.3165,-93.8721,29.3579,99.3042,2.9530,,
DATA,A003,6,370,859605,-2.1195,1.7650,0.4364,-84.9609,69.9463,96.1914,2.7924,,
DATA,A003,6,371,859615,-1.9623,1.6504,0.5687,-71.6553,153.4424,92.2852,2.6264,,
DATA,A003,6,372,859625,-1.9603,1.5394,0.6310,-75.6836,203.0640,91.1255,2.5711,,
DATA,A003,6,373,859635,-1.9850,1.2415,0.6529,-101.9897,238.0981,88.0127,2.4306,,
DATA,A003,6,374,859645,-1.9769,0.9688,0.6241,-126.2207,236.2671,87.0972,2.2883,,
DATA,A003,6,375,859655,-1.9088,0.5052,0.5052,-157.1045,205.0171,87.7075,2.0381,,
DATA,A003,6,376,859665,-1.8382,0.2098,0.4288,-169.4946,173.8281,89.9658,1.8992,,
DATA,A003,6,377,859675,-1.6485,-0.1064,0.3236,-176.8188,122.3755,90.6372,1.6834,,
DATA,A003,6,378,859685,-1.5028,-0.2294,0.5018,-177.0630,88.4399,91.1255,1.6009,,
DATA,A003,6,379,859695,-1.2286,-0.1481,0.6649,-337.0972,-2.0752,85.4492,1.4048,,
DATA,A003,6,380,859705,-1.1029,-0.4897,0.0875,-384.8877,-5.2490,72.8149,1.2099,,
DATA,A003,6,381,859715,-0.5094,-0.6286,0.5255,-256.7749,39.6118,100.6470,0.9648,,
DATA,A003,6,382,859725,-0.4720,-0.3686,0.4698,-186.0352,97.4121,116.4551,0.7612,,
DATA,A003,6,383,859735,-0.6302,-0.0444,0.1869,-117.2485,155.3345,111.0840,0.6589,,
DATA,A003,6,384,859745,-0.8380,-0.1613,-0.0131,-126.6479,127.3193,109.0088,0.8535,,
DATA,A003,6,385,859755,-1.0201,-0.6088,-0.1388,-113.4644,5.6152,103.3325,1.1961,,
DATA,A003,6,386,859765,-0.8800,-0.8757,0.0924,-105.7129,-85.3271,81.1157,1.2449,,
DATA,A003,6,387,859775,-0.5152,-1.0412,0.2521,-121.2769,-218.5059,39.8560,1.1887,,
DATA,A003,6,388,859785,-0.1669,-1.0671,0.2342,-128.3569,-258.6670,30.2734,1.1052,,
DATA,A003,6,389,859795,0.2470,-0.9702,0.1415,-125.3052,-263.7939,40.2222,1.0110,,
DATA,A003,6,390,859805,0.3707,-0.9279,-0.0038,-109.4360,-242.7368,38.8794,0.9992,,
DATA,A003,6,391,859815,0.3827,-0.9455,-0.1161,-74.4019,-164.6118,7.2021,1.0266,,
DATA,A003,6,392,859825,0.2992,-0.9682,-0.1901,-51.0864,-118.2251,-17.7612,1.0311,,
DATA,A003,6,393,859835,0.1703,-1.0102,-0.2477,-30.9448,-79.3457,-37.1704,1.0540,,
DATA,A003,6,394,859845,-0.0685,-1.0778,-0.2174,-0.7324,-52.7954,-61.2793,1.1017,,
DATA,A003,6,395,859855,-0.2025,-1.0839,-0.1520,24.1699,-42.1753,-76.0498,1.1131,,
DATA,A003,6,396,859865,-0.4518,-1.0180,-0.0028,64.0869,-29.9683,-96.8018,1.1138,,
DATA,A003,6,397,859875,-0.7364,-0.9291,0.1634,89.4775,-14.5874,-111.6333,1.1968,,
DATA,A003,6,398,859885,-1.3089,-0.6738,0.4967,130.3101,18.1274,-145.6299,1.5537,,
DATA,A003,6,399,859895,-1.7401,-0.4111,0.6695,154.6631,30.8838,-170.9595,1.9092,,
DATA,A003,6,400,859905,-2.4791,0.0608,0.8312,170.7764,20.3857,-200.1343,2.6154,,
DATA,A003,6,401,859915,-3.0355,0.3729,1.0226,155.3345,-11.5356,-219.3604,3.2247,,
DATA,A003,6,402,859925,-3.6063,0.6160,0.9706,103.3936,-76.2939,-246.0327,3.7851,,
DATA,A003,6,403,859935,-3.6410,0.6378,0.8048,101.5625,-124.7559,-264.8315,3.7830,,
DATA,A003,6,404,859945,-3.4205,0.9068,0.6446,160.4614,-197.1436,-277.2217,3.5969,,
DATA,A003,6,405,859955,-3.0699,1.2300,0.6561,193.6646,-213.8062,-284.1797,3.3716,,
DATA,A003,6,406,859965,-2.4090,1.6067,0.6776,188.1714,-179.1992,-282.4097,2.9739,,
DATA,A003,6,407,859975,-2.0333,1.6063,0.5907,155.1514,-139.8315,-265.0757,2.6577,,
DATA,A003,6,408,859985,-1.5890,1.2630,0.3959,110.2295,-100.5249,-232.9712,2.0680,,
DATA,A003,6,409,859995,-1.3341,1.0206,0.2958,101.6235,-76.6602,-212.9517,1.7055,,
DATA,A003,6,410,860005,-1.0482,0.8538,0.1566,118.5913,-50.5981,-184.2041,1.3610,,
DATA,A003,6,411,860015,-0.8727,0.8904,0.1000,136.9019,-34.5459,-167.1143,1.2508,,
DATA,A003,6,412,860025,-0.6153,1.0621,0.0448,147.5830,-11.7188,-139.9536,1.2283,,
DATA,A003,6,413,860035,-0.4823,1.1668,-0.0043,136.6577,0.7935,-122.0093,1.2626,,
DATA,A003,6,414,860045,-0.2772,1.2056,-0.0902,105.5298,24.7803,-101.5625,1.2404,,
DATA,A003,6,415,860055,-0.1622,1.1522,-0.1295,85.0830,45.6543,-89.5386,1.1707,,
DATA,A003,6,416,860065,-0.0343,0.9908,-0.1481,63.7207,80.8105,-71.2891,1.0024,,
DATA,A003,6,417,860075,0.0148,0.8733,-0.1012,55.7861,98.5718,-60.5469,0.8793,,
DATA,A003,6,418,860085,-0.0272,0.7547,-0.0353,50.7202,103.0884,-43.5181,0.7560,,
DATA,A003,6,419,860095,-0.0638,0.7420,0.0135,48.3398,95.1538,-31.7383,0.7449,,
DATA,A003,6,420,860105,-0.0526,0.7715,0.1112,37.5977,65.1855,-16.0522,0.7813,,
DATA,A003,6,421,860115,0.0023,0.7945,0.1329,23.0713,45.3491,-5.8594,0.8055,,
DATA,A003,6,422,860125,0.1190,0.7896,0.1217,-4.2114,29.3579,8.7280,0.8078,,
DATA,A003,6,423,860135,0.1889,0.7637,0.0687,-20.0806,30.1514,19.4702,0.7897,,
DATA,A003,6,424,860145,0.2526,0.6998,-0.0294,-35.1562,48.2788,37.7197,0.7445,,
DATA,A003,6,425,860155,0.2877,0.6536,-0.0951,-40.0391,67.3828,49.0112,0.7205,,
DATA,A003,6,426,860165,0.2658,0.6004,-0.1132,-38.6353,92.6514,66.4062,0.6663,,
DATA,A003,6,427,860175,0.1874,0.5962,-0.0780,-37.2925,107.4829,74.2798,0.6299,,
DATA,A003,6,428,860185,0.0607,0.6326,-0.0140,-35.5835,122.9858,78.6133,0.6357,,
DATA,A003,6,429,860195,-0.2215,0.7664,0.0961,-34.6069,135.9253,80.8716,0.8036,,
DATA,A003,6,430,860205,-0.4444,0.8873,0.2452,-39.3066,135.6812,80.1392,1.0222,,
DATA,A003,6,431,860215,-0.9530,1.1121,0.2875,-63.2324,135.6201,86.8530,1.4925,,
DATA,A003,6,432,860225,-1.2645,1.2554,0.2167,-84.5337,143.1885,88.4399,1.7950,,
DATA,A003,6,433,860235,-1.6554,1.4114,0.2845,-104.7363,131.8970,90.3320,2.1939,,
DATA,A003,6,434,860245,-1.8419,1.4361,0.3107,-117.9810,124.3286,98.2056,2.3562,,
DATA,A003,6,435,860255,-2.1224,1.3043,0.3749,-144.0430,88.4399,113.6475,2.5192,,
DATA,A003,6,436,860265,-2.2674,1.1939,0.4852,-155.2734,69.1528,118.1030,2.6081,,
DATA,A003,6,437,860275,-2.3036,1.1387,0.6466,-155.2124,79.5288,118.4692,2.6498,,
DATA,A003,6,438,860285,-2.2594,1.1775,0.6969,-152.8931,107.8491,110.9619,2.6414,,
DATA,A003,6,439,860295,-2.1996,1.1656,0.6654,-167.9077,156.4941,96.6187,2.5767,,
DATA,A003,6,440,860305,-2.1578,1.0545,0.6007,-186.0352,176.0254,88.8672,2.4757,,
DATA,A003,6,441,860315,-1.9921,0.8021,0.5008,-208.3740,177.4902,77.7588,2.2051,,
DATA,A003,6,442,860325,-1.8153,0.6087,0.4520,-217.4683,165.8936,71.5942,1.9673,,
DATA,A003,6,443,860335,-1.5389,0.3611,0.3588,-225.6470,141.7236,64.9414,1.6209,,
DATA,A003,6,444,860345,-1.3754,0.2286,0.2845,-226.8677,126.5869,62.5610,1.4230,,
DATA,A003,6,445,860355,-1.1647,0.1048,0.1332,-220.2759,109.2529,66.9556,1.1769,,
DATA,A003,6,446,860365,-1.0250,0.0599,0.0580,-218.0786,101.7456,74.8901,1.0284,,
DATA,A003,6,447,860375,-0.8524,-0.0969,-0.0348,-227.8442,88.5620,88.8062,0.8586,,
DATA,A003,6,448,860385,-0.7765,-0.2316,-0.0704,-219.9707,79.1626,95.7031,0.8133,,
DATA,A003,6,449,860395,-0.6380,-0.4301,-0.0470,-195.5566,60.9741,98.6328,0.7709,,
DATA,A003,6,450,860405,-0.5426,-0.5368,0.0170,-182.3730,47.3022,94.7876,0.7634,,
DATA,A003,6,451,860415,-0.3939,-0.7011,0.0616,-177.2461,27.2217,84.2285,0.8065,,
DATA,A003,6,452,860425,-0.3133,-0.8188,0.0577,-170.8374,15.0146,74.5850,0.8786,,
DATA,A003,6,453,860435,-0.2086,-1.0244,0.0836,-154.1748,6.1035,52.7954,1.0487,,
DATA,A003,6,454,860445,-0.1493,-1.1528,0.0865,-137.8174,0.7935,35.4614,1.1656,,
DATA,A003,6,455,860455,-0.1024,-1.3163,0.0372,-109.3750,1.0376,10.9253,1.3208,,
DATA,A003,6,456,860465,-0.0660,-1.4245,-0.0126,-89.5386,4.6997,-4.6387,1.4261,,
DATA,A003,6,457,860475,-0.0546,-1.5319,-0.0958,-49.5605,11.1084,-25.8179,1.5359,,
DATA,A003,6,458,860485,-0.0826,-1.5388,-0.1559,-16.4185,14.0381,-34.9121,1.5488,,
DATA,A003,6,459,860495,-0.2357,-1.4531,-0.1791,34.0576,14.9536,-48.2178,1.4829,,
DATA,A003,6,460,860505,-0.4422,-1.3383,-0.1493,64.5142,13.2446,-63.9648,1.4174,,
DATA,A003,6,461,860515,-0.7311,-1.2165,-0.0924,90.3320,1.0376,-83.3740,1.4223,,
DATA,A003,6,462,860525,-1.2425,-1.0251,0.0267,123.4741,-19.7144,-113.2812,1.6110,,
DATA,A003,6,463,860535,-1.7088,-0.7590,0.2027,152.1606,-44.0063,-161.4990,1.8808,,
DATA,A003,6,464,860545,-1.8793,-0.5392,0.3527,171.8750,-53.8940,-202.9419,1.9866,,
DATA,A003,6,465,860555,-2.0983,-0.2412,0.4669,186.6455,-73.6694,-227.1729,2.1631,,
DATA,A003,6,466,860565,-2.6058,0.2567,0.6088,176.3916,-102.6001,-249.7559,2.6883,,
DATA,A003,6,467,860575,-2.9845,0.4900,0.6957,149.6582,-119.1406,-265.0757,3.1034,,
DATA,A003,6,468,860585,-3.3722,0.7308,0.7853,127.9907,-144.8364,-274.0479,3.5387,,
DATA,A003,6,469,860595,-3.4674,0.9442,0.7015,138.5498,-168.7012,-267.5171,3.6615,,
DATA,A003,6,470,860605,-3.3859,1.4207,0.5004,157.1045,-209.1064,-235.5347,3.7058,,
DATA,A003,6,471,860615,-3.0929,1.7217,0.4210,145.2026,-222.9614,-219.2993,3.5648,,
DATA,A003,6,472,860625,-2.3859,1.9053,0.3531,105.0415,-208.9844,-197.0215,3.0736,,
DATA,A003,6,473,860635,-1.9254,1.7647,0.3439,74.8291,-180.2368,-178.4668,2.6343,,
DATA,A003,6,474,860645,-1.2933,1.2342,0.3446,32.7148,-123.0469,-161.1938,1.8206,,
DATA,A003,6,475,860655,-0.9811,0.8421,0.3448,16.6016,-82.7026,-156.6772,1.3381,,
DATA,A003,6,476,860665,-0.6686,0.3929,0.2914,22.4609,-22.9492,-149.5972,0.8284,,
DATA,A003,6,477,860675,-0.5631,0.2310,0.2606,43.6401,22.0947,-142.9443,0.6621,,
DATA,A003,6,478,860685,-0.5548,0.1749,0.2511,83.6182,75.3784,-131.8359,0.6336,,
DATA,A003,6,479,860695,-0.5958,0.2303,0.2242,104.1870,94.4214,-127.3193,0.6770,,
DATA,A003,6,480,860705,-0.6024,0.3626,0.2069,111.0840,85.3271,-123.2300,0.7329,,
DATA,A003,6,481,860715,-0.5411,0.4437,0.1903,99.2432,59.5703,-120.1172,0.7252,,
DATA,A003,6,482,860725,-0.3273,0.5054,0.1151,64.6362,13.0615,-116.4551,0.6130,,
DATA,A003,6,483,860735,-0.1715,0.4983,0.0824,40.4053,-10.4980,-117.6147,0.5334,,
DATA,A003,6,484,860745,0.0158,0.5081,0.0233,12.5122,-15.0146,-126.4038,0.5089,,
DATA,A003,6,485,860755,0.0758,0.5469,0.0087,-0.3662,-1.4038,-133.9111,0.5522,,
DATA,A003,6,486,860765,0.0465,0.6727,0.0714,-13.7329,25.6958,-143.1274,0.6780,,
DATA,A003,6,487,860775,-0.0992,0.8001,0.1473,-26.5503,34.7290,-143.4326,0.8196,,
DATA,A003,6,488,860785,-0.4635,1.0245,0.2245,-64.4531,48.8892,-144.0430,1.1466,,
DATA,A003,6,489,860795,-0.6947,1.1558,0.2726,-101.2573,55.9082,-157.1045,1.3758,,
DATA,A003,6,490,860805,-0.9852,1.2784,0.2604,-158.9355,61.4624,-175.2930,1.6348,,
DATA,A003,6,491,860815,-1.0904,1.3023,0.2159,-190.9180,60.2417,-176.2085,1.7122,,
DATA,A003,6,492,860825,-1.0016,1.2051,0.0716,-225.3418,36.5601,-164.7339,1.5686,,
DATA,A003,6,493,860835,-0.8309,1.0342,-0.0145,-239.5020,9.3994,-147.7661,1.3268,,
DATA,A003,6,494,860845,-0.5499,0.7364,-0.0861,-248.6572,-25.1465,-118.2251,0.9231,,
DATA,A003,6,495,860855,-0.2640,0.5369,-0.0414,-245.7886,-37.7808,-102.0508,0.5998,,
DATA,A003,6,496,860865,-0.0255,0.3572,-0.0468,-235.9009,-36.6821,-74.1577,0.3612,,
DATA,A003,6,497,860875,0.0936,0.0430,-0.3058,-212.5854,12.8174,-9.0942,0.3227,,
DATA,A003,6,498,860885,0.0817,-0.2441,-0.3222,-166.2598,61.2793,26.0620,0.4123,,
DATA,A003,6,499,860895,-0.0716,-0.5969,0.0409,-63.5376,130.7373,59.2041,0.6025,,
DATA,A003,6,500,860905,-0.3199,-0.6894,0.3744,-1.8311,173.6450,82.4585,0.8472,,
DATA,A003,6,501,860915,-0.7782,-0.6689,0.8028,49.6826,205.5664,125.3662,1.3029,,
DATA,A003,6,502,860925,-1.1593,-0.5439,1.0922,65.4297,192.6880,165.7104,1.6830,,
DATA,A003,6,503,860935,-1.8412,-0.0986,1.3138,82.3364,147.5830,235.5347,2.2640,,
DATA,A003,6,504,860945,-2.2474,0.2581,1.1852,72.5708,127.1362,269.7144,2.5539,,
DATA,A003,6,505,860955,-2.5817,0.6412,0.8358,35.2783,94.9097,297.7905,2.7883,,
DATA,A003,6,506,860965,-2.7682,0.7283,0.5904,7.3242,42.4194,303.2837,2.9226,,
DATA,A003,6,507,860975,-3.0868,0.6192,0.3841,-24.3530,-90.3320,299.2554,3.1716,,
DATA,A003,6,508,860985,-3.1673,0.4722,0.4364,-36.7432,-182.3120,281.1279,3.2320,,
DATA,A003,6,509,860995,-2.9200,0.2801,0.6027,-45.5933,-306.8848,246.5210,2.9947,,
DATA,A003,6,510,861005,-2.5961,0.2137,0.7169,-43.7012,-357.7271,235.2295,2.7017,,
DATA,A003,6,511,861015,-1.9313,0.1216,0.6937,-43.0908,-382.1411,228.6987,2.0557,,
DATA,A003,6,512,861025,-1.5340,-0.0168,0.5782,-48.6450,-396.3623,232.1777,1.6395,,
DATA,A003,6,513,861035,-1.0157,-0.3283,0.4357,-50.4761,-396.0571,241.4551,1.1530,,
DATA,A003,6,514,861045,-0.7015,-0.4958,0.4286,-36.5601,-365.4785,246.0938,0.9600,,
DATA,A003,6,515,861055,-0.2838,-0.5490,0.4130,5.3101,-282.4707,250.8545,0.7433,,
DATA,A003,6,516,861065,-0.0900,-0.4587,0.4169,36.0718,-210.5103,257.2632,0.6263,,
DATA,A003,6,517,861075,0.0465,-0.2331,0.4281,65.2466,-90.3320,268.9819,0.4897,,
DATA,A003,6,518,861085,0.0512,-0.1249,0.4125,64.0869,-12.8174,268.1885,0.4340,,
DATA,A003,6,519,861095,-0.0279,-0.1982,0.3763,34.2407,83.5571,251.6479,0.4262,,
DATA,A003,6,520,861105,-0.1073,-0.3923,0.3580,9.9487,130.9814,238.2202,0.5418,,
DATA,A003,6,521,861115,-0.2377,-0.7907,0.3473,-20.6299,173.0957,215.8813,0.8957,,
DATA,A003,6,522,861125,-0.3465,-1.0776,0.3605,-36.6821,178.5278,195.1904,1.1879,,
DATA,A003,6,523,861135,-0.4508,-1.4064,0.3380,-46.5698,159.3628,153.9307,1.5151,,
DATA,A003,6,524,861145,-0.4542,-1.5046,0.3026,-38.4521,127.2583,125.9766,1.6005,,
DATA,A003,6,525,861155,-0.4003,-1.4416,0.2692,-17.5171,66.6504,88.7451,1.5201,,
DATA,A003,6,526,861165,-0.3353,-1.3437,0.2569,-12.5732,29.1138,58.6548,1.4085,,
DATA,A003,6,527,861175,-0.3089,-1.2541,0.2709,-24.6582,-6.4697,-4.2725,1.3197,,
DATA,A003,6,528,861185,-0.3365,-1.2297,0.2552,-38.9404,-16.0522,-51.7578,1.3002,,
DATA,A003,6,529,861195,-0.5130,-1.2275,0.1949,-51.0254,-12.1460,-125.3662,1.3446,,
DATA,A003,6,530,861205,-0.6678,-1.2163,0.2882,-41.0156,-5.4321,-176.3306,1.4172,,
DATA,A003,6,531,861215,-0.9122,-0.9233,0.4996,-4.0283,9.5215,-246.7651,1.3908,,
DATA,A003,6,532,861225,-1.1498,-0.7060,0.6402,6.4697,20.5078,-283.8745,1.4934,,
DATA,A003,6,533,861235,-1.4928,-0.6157,0.9066,-1.0986,27.9541,-320.0684,1.8519,,
DATA,A003,6,534,861245,-2.2059,-0.6833,1.3238,-45.2271,21.1182,-364.5630,2.6619,,
DATA,A003,6,535,861255,-2.6620,-0.8889,1.5209,-81.3599,-15.6250,-372.3755,3.1921,,
DATA,A003,6,536,861265,-3.6046,-1.0668,1.8541,-116.0889,-136.7798,-373.9624,4.1915,,
DATA,A003,6,537,861275,-4.2201,-0.8845,2.1029,-119.6289,-218.1396,-385.4980,4.7972,,
DATA,A003,6,538,861285,-4.4457,-0.1296,2.1820,-108.5205,-287.3535,-379.3335,4.9540,,
DATA,A003,6,539,861295,-4.0467,0.4434,2.0507,-111.9995,-324.7070,-370.5444,4.5583,,
DATA,A003,6,540,861305,-3.0377,0.9171,1.6957,-143.6768,-372.1924,-354.7363,3.5978,,
DATA,A003,6,541,861315,-2.2340,1.0020,1.4874,-156.5552,-360.6567,-329.1626,2.8648,,
DATA,A003,6,542,861325,-1.1742,1.0047,1.3021,-157.4097,-276.9775,-286.7432,2.0208,,
DATA,A003,6,543,861335,-0.6254,0.9393,1.1710,-159.5459,-197.5098,-260.7422,1.6262,,
DATA,A003,6,544,861345,-0.1376,0.6612,0.9086,-169.4946,-62.4390,-243.2861,1.1321,,
DATA,A003,6,545,861355,-0.0226,0.4217,0.7655,-167.2363,23.1323,-236.6333,0.8742,,
DATA,A003,6,546,861365,-0.1571,0.1917,0.6298,-137.1460,143.1274,-236.8164,0.6768,,
DATA,A003,6,547,861375,-0.3524,0.2156,0.5265,-102.9053,194.3359,-244.6289,0.6692,,
DATA,A003,6,548,861385,-0.5851,0.4197,0.3802,-63.1104,211.6699,-243.5303,0.8143,,
DATA,A003,6,549,861395,-0.6310,0.5479,0.3109,-54.8096,192.4438,-233.3984,0.8916,,
DATA,A003,6,550,861405,-0.5831,0.5975,0.2054,-60.7910,138.1836,-222.5342,0.8598,,
DATA,A003,6,551,861415,-0.4779,0.5567,0.1864,-63.4155,103.4546,-220.7031,0.7570,,
DATA,A003,6,552,861425,-0.2594,0.4998,0.2057,-59.8755,73.1812,-217.8345,0.5995,,
DATA,A003,6,553,861435,-0.1525,0.4835,0.2030,-58.1665,66.1621,-215.7593,0.5461,,
DATA,A003,6,554,861445,-0.0587,0.4935,0.1937,-57.4341,68.1152,-214.3555,0.5334,,
DATA,A003,6,555,861455,-0.0558,0.5147,0.1754,-59.2651,70.3125,-211.8530,0.5466,,
DATA,A003,6,556,861465,-0.0951,0.5438,0.1395,-63.2324,67.0776,-206.2378,0.5694,,
DATA,A003,6,557,861475,-0.1024,0.5750,0.0787,-64.6362,59.8755,-201.4771,0.5893,,
DATA,A003,6,558,861485,-0.1109,0.6180,-0.0162,-64.2700,45.8984,-189.0259,0.6281,,
DATA,A003,6,559,861495,-0.0897,0.6412,-0.0700,-62.8052,35.8887,-177.0020,0.6512,,
DATA,A003,6,560,861505,-0.0138,0.6595,-0.1559,-57.7393,31.4941,-151.2451,0.6778,,
DATA,A003,6,561,861515,0.0304,0.6302,-0.1801,-51.5747,32.1045,-129.3335,0.6561,,
DATA,A003,6,562,861525,0.0077,0.5418,-0.0538,-35.4614,42.3584,-92.3462,0.5445,,
DATA,A003,6,563,861535,-0.0445,0.4603,0.1285,-21.9116,56.8848,-68.7866,0.4799,,
DATA,A003,6,564,861545,-0.1776,0.3389,0.3173,-9.1553,80.0171,-40.0391,0.4971,,
DATA,A003,6,565,861555,-0.4117,0.1363,0.5963,12.5732,118.5913,17.7612,0.7373,,
DATA,A003,6,566,861565,-0.5729,0.0254,0.7435,36.2549,144.6533,66.3452,0.9390,,
DATA,A003,6,567,861575,-0.9068,-0.0971,1.1410,77.9419,172.5464,144.8364,1.4607,,
DATA,A003,6,568,861585,-1.2342,-0.1203,1.4813,100.4028,184.3872,191.7114,1.9319,,
DATA,A003,6,569,861595,-1.7577,-0.0341,1.7530,105.1636,190.0024,240.7837,2.4827,,
DATA,A003,6,570,861605,-1.9562,0.0323,1.7455,92.4072,166.2598,254.6387,2.6219,,
DATA,A003,6,571,861615,-2.0931,0.0460,1.6666,79.1016,101.1353,273.1323,2.6760,,
DATA,A003,6,572,861625,-2.0792,0.0027,1.6818,79.5898,53.9551,279.8462,2.6742,,
DATA,A003,6,573,861635,-1.8724,-0.1518,1.6708,87.0361,9.5825,276.0620,2.5141,,
DATA,A003,6,574,861645,-1.6388,-0.2746,1.6241,90.3931,-10.2539,274.2310,2.3235,,
DATA,A003,6,575,861655,-1.2967,-0.4186,1.5445,97.4121,-38.3911,280.0293,2.0597,,
DATA,A003,6,576,861665,-1.1127,-0.4650,1.5026,105.9570,-43.0298,282.9590,1.9266,,
DATA,A003,6,577,861675,-0.8805,-0.4230,1.4056,118.5303,-33.4473,284.4238,1.7117,,
DATA,A003,6,578,861685,-0.8348,-0.3264,1.3873,118.5303,-23.6206,287.7197,1.6517,,
DATA,A003,6,579,861695,-0.9256,-0.0851,1.4974,107.2998,-1.9531,289.0015,1.7625,,
DATA,A003,6,580,861705,-0.9320,0.0962,1.4423,91.7969,12.5732,283.8745,1.7199,,
DATA,A003,6,581,861715,-0.8685,0.1932,1.2601,53.4668,18.7988,286.7432,1.5426,,
DATA,A003,6,582,861725,-0.8133,0.1431,1.1310,25.3906,19.4702,292.6636,1.4004,,
DATA,A003,6,583,861735,-0.6857,-0.0129,0.9086,-5.5542,27.8320,291.5039,1.1383,,
DATA,A003,6,584,861745,-0.6188,-0.1122,0.7760,-15.5640,33.5083,288.3911,0.9988,,
DATA,A003,6,585,861755,-0.5719,-0.2060,0.6295,-19.2871,38.5742,284.7290,0.8751,,
DATA,A003,6,586,861765,-0.5370,-0.2136,0.5533,-19.1650,39.5508,277.7100,0.8001,,
DATA,A003,6,587,861775,-0.4911,-0.1638,0.4669,-14.8315,34.1187,260.8032,0.6971,,
DATA,A003,6,588,861785,-0.4789,-0.1039,0.4408,-11.1084,29.7852,250.4272,0.6591,,
DATA,A003,6,589,861795,-0.4398,-0.0554,0.3590,-17.4561,30.5176,234.9243,0.5704,,
DATA,A003,6,590,861805,-0.3968,-0.1035,0.2975,-30.6396,34.8511,220.2148,0.5066,,
DATA,A003,6,591,861815,-0.3580,-0.2697,0.2245,-47.7295,39.1235,187.6831,0.5013,,
DATA,A003,6,592,861825,-0.3346,-0.3652,0.1913,-48.0347,34.8511,164.6729,0.5309,,
DATA,A003,6,593,861835,-0.3080,-0.4348,0.1754,-39.1235,16.1133,141.0522,0.5609,,
DATA,A003,6,594,861845,-0.2897,-0.4431,0.2001,-34.1187,1.9531,130.6763,0.5659,,
DATA,A003,6,595,861855,-0.2757,-0.4406,0.2760,-33.6914,-11.7798,114.8682,0.5885,,
DATA,A003,6,596,861865,-0.2792,-0.4274,0.3441,-35.2173,-13.6108,103.9429,0.6157,,
DATA,A003,6,597,861875,-0.2943,-0.3759,0.4271,-41.6870,-4.6997,88.5620,0.6406,,
DATA,A003,6,598,861885,-0.3392,-0.3427,0.4711,-49.4995,11.9019,76.9653,0.6741,,
DATA,A003,6,599,861895,-0.3722,-0.3022,0.4491,-60.4248,36.8042,61.9507,0.6569,,
DATA,A003,6,600,861905,-0.4427,-0.3181,0.3351,-81.5430,74.6460,41.0767,0.6399,,
DATA,A003,6,601,861915,-0.5682,-0.4245,0.3285,-93.7500,92.2852,31.9824,0.7817,,
DATA,A003,6,602,861925,-0.9059,-0.6696,0.4540,-103.6987,119.8120,19.4092,1.2145,,
DATA,A003,6,603,861935,-1.3114,-0.8088,0.4501,-105.3467,140.9302,5.9204,1.6051,,
DATA,A003,6,604,861945,-1.7499,-0.8439,0.4935,-96.1914,133.6060,6.5918,2.0044,,
DATA,A003,6,605,861955,-2.3719,-0.7546,0.8175,-67.0776,111.3892,9.7046,2.6199,,
DATA,A003,6,606,861965,-2.9835,-0.1293,1.0485,-31.6162,70.1904,-21.2402,3.1650,,
DATA,A003,6,607,861975,-3.2186,0.3216,1.0387,-27.0996,9.0942,-33.0200,3.3973,,
DATA,A003,6,608,861985,-3.1432,0.7588,1.0016,-46.9360,-83.4351,-32.5317,3.3850,,
DATA,A003,6,609,861995,-2.8439,0.8650,0.9816,-59.3872,-122.6196,-33.3862,3.1304,,
DATA,A003,6,610,862005,-2.1275,0.8492,0.9510,-57.5562,-150.0244,-48.2788,2.4803,,
DATA,A003,6,611,862015,-1.6854,0.7596,0.9183,-50.7202,-137.2681,-57.9834,2.0642,,
DATA,A003,6,612,862025,-1.1732,0.4185,0.8964,-43.1519,-82.7637,-75.8667,1.5346,,
DATA,A003,6,613,862035,-0.9457,0.1326,0.8636,-34.5459,-40.6494,-94.7876,1.2875,,
DATA,A003,6,614,862045,-0.7357,-0.2141,0.7848,-1.8311,19.4092,-127.4414,1.0968,,
DATA,A003,6,615,862055,-0.6822,-0.3054,0.7277,32.5317,55.7861,-149.1089,1.0432,,
DATA,A003,6,616,862065,-0.7091,-0.2246,0.6305,86.8530,92.2852,-175.9644,0.9751,,
DATA,A003,6,617,862075,-0.7467,-0.0729,0.5641,115.4785,101.5015,-189.8193,0.9386,,
DATA,A003,6,618,862085,-0.7809,0.1578,0.4825,138.5498,91.6138,-204.2847,0.9314,,
DATA,A003,6,619,862095,-0.7604,0.2667,0.4298,142.4561,73.6084,-210.5713,0.9132,,
DATA,A003,6,620,862105,-0.7215,0.3355,0.3646,141.6626,33.3862,-216.5527,0.8753,,
DATA,A003,6,621,862115,-0.6793,0.3345,0.3448,140.9912,6.1646,-219.2993,0.8320,,
DATA,A003,6,622,862125,-0.6083,0.3233,0.3143,140.9302,-33.6914,-222.4731,0.7572,,
DATA,A003,6,623,862135,-0.5514,0.3111,0.2797,138.5498,-58.2886,-223.7549,0.6921,,
DATA,A003,6,624,862145,-0.4637,0.2698,0.2091,131.2256,-90.3931,-222.7173,0.5758,,
DATA,A003,6,625,862155,-0.4215,0.2339,0.1710,125.2441,-110.7788,-221.4355,0.5115,,
DATA,A003,6,626,862165,-0.3729,0.1751,0.1356,118.5913,-136.5356,-217.3462,0.4337,,
DATA,A003,6,627,862175,-0.3627,0.1490,0.1424,115.4175,-153.6865,-213.8062,0.4171,,
DATA,A003,6,628,862185,-0.4120,0.1400,0.2164,115.0513,-176.5747,-208.8623,0.4859,,
DATA,A003,6,629,862195,-0.4628,0.1741,0.2701,115.1733,-187.4390,-207.4585,0.5634,,
DATA,A003,6,630,862205,-0.5135,0.2794,0.3260,110.1685,-209.8389,-204.6509,0.6694,,
DATA,A003,6,631,862215,-0.5240,0.3519,0.3531,101.5625,-228.0273,-201.4160,0.7233,,
DATA,A003,6,632,862225,-0.5021,0.4217,0.4059,81.1157,-258.5449,-198.7915,0.7711,,
DATA,A003,6,633,862235,-0.4515,0.4510,0.4025,64.7583,-276.1841,-198.7915,0.7545,,
DATA,A003,6,634,862245,-0.3653,0.4346,0.3783,41.4429,-301.0864,-197.5098,0.6823,,
DATA,A003,6,635,862255,-0.3773,0.3875,0.4444,30.1514,-311.3403,-194.5190,0.7000,,
DATA,A003,6,636,862265,-0.4515,0.3504,0.5714,22.0337,-308.6548,-191.2842,0.8082,,
DATA,A003,6,637,862275,-0.6158,0.3533,0.8439,10.0708,-288.0249,-191.9556,1.1028,,
DATA,A003,6,638,862285,-0.6722,0.4354,0.9879,5.5542,-256.8359,-188.9648,1.2718,,
DATA,A003,6,639,862295,-0.5660,0.5777,1.1132,2.8076,-210.2661,-163.9404,1.3759,,
DATA,A003,6,640,862305,-0.4767,0.6009,1.1891,5.0659,-184.9976,-135.0708,1.4150,,
DATA,A003,6,641,862315,-0.3448,0.5496,1.3229,9.9487,-152.8931,-96.4355,1.4734,,
DATA,A003,6,642,862325,-0.2550,0.5140,1.3685,16.1133,-132.0190,-75.9277,1.4839,,
DATA,A003,6,643,862335,-0.0541,0.5120,1.3400,35.5835,-92.0410,-54.1382,1.4355,,
DATA,A003,6,644,862345,0.0761,0.5596,1.2501,56.2744,-61.9507,-42.6636,1.3718,,
DATA,A003,6,645,862355,0.2084,0.6583,1.1454,87.4023,-11.6577,-39.0015,1.3374,,
DATA,A003,6,646,862365,0.1947,0.7042,1.1722,101.8066,25.6348,-44.7998,1.3813,,
DATA,A003,6,647,862375,0.0211,0.7132,1.2723,109.1309,83.3740,-54.7485,1.4587,,
DATA,A003,6,648,862385,-0.1554,0.6871,1.4278,109.6802,106.4453,-63.2935,1.5922,,
DATA,A003,6,649,862395,-0.3827,0.6663,1.5729,106.6895,119.2627,-72.9370,1.7505,,
DATA,A003,6,650,862405,-0.4564,0.6365,1.5497,97.4731,113.5254,-75.6226,1.7364,,
DATA,A003,6,651,862415,-0.3922,0.5218,1.4576,75.2563,77.6978,-72.4487,1.5971,,
DATA,A003,6,652,862425,-0.2689,0.4224,1.3663,60.3027,51.8188,-69.5801,1.4552,,
DATA,A003,6,653,862435,-0.0665,0.2840,1.2992,44.6167,29.3579,-67.0166,1.3315,,
DATA,A003,6,654,862445,0.0548,0.1981,1.2501,36.5601,29.1138,-64.5142,1.2669,,
DATA,A003,6,655,862455,0.1657,0.0472,1.1739,26.9775,45.3491,-63.0493,1.1865,,
DATA,A003,6,656,862465,0.2138,-0.0380,1.1437,25.7568,59.0210,-64.2700,1.1641,,
DATA,A003,6,657,862475,0.4984,-0.0588,1.0638,30.3955,66.1011,-59.9365,1.1763,,
DATA,A003,6,658,862485,0.7777,-0.0571,1.2079,34.6069,62.7441,-37.4756,1.4377,,
DATA,A003,6,659,862495,0.4599,0.1439,1.4515,37.7197,96.1914,-4.5776,1.5294,,
DATA,A003,6,660,862505,-0.2237,0.3453,1.2884,28.5645,149.6582,-38.3911,1.3525,,
DATA,A003,6,661,862515,-0.6920,0.0450,1.0096,-19.8364,196.7773,-112.4878,1.2248,,
DATA,A003,6,662,862525,-0.8741,-0.0991,0.9210,-33.1421,103.8208,-102.0508,1.2736,,
DATA,A003,6,663,862535,-0.5614,-0.1315,0.9259,-13.8550,-49.8047,-85.9985,1.0908,,
DATA,A003,6,664,862545,-0.2770,-0.1203,0.7828,-7.5073,-108.8257,-91.6748,0.8390,,
DATA,A003,6,665,862555,0.1203,0.0084,0.6932,-13.0615,-136.9629,-111.8774,0.7036,,
DATA,A003,6,666,862565,0.2951,0.0650,0.7115,-19.1650,-113.3423,-123.5962,0.7730,,
DATA,A003,6,667,862575,0.3500,0.0921,0.6915,-25.4517,-79.0405,-130.7983,0.7805,,
DATA,A003,6,668,862585,0.3180,0.0538,0.6500,-34.3628,-22.3389,-143.0054,0.7256,,
DATA,A003,6,669,862595,0.4098,0.0916,0.6717,-37.7808,11.2915,-142.6392,0.7922,,
DATA,A003,6,670,862605,0.1471,-0.1149,0.6966,-42.6025,40.8936,-139.2212,0.7212,,
DATA,A003,6,671,862615,0.0060,-0.2106,0.6456,-35.4004,30.0903,-162.7197,0.6791,,
DATA,A003,6,672,862625,0.0184,-0.1779,0.6988,-18.0664,-15.4419,-152.2217,0.7214,,
DATA,A003,6,673,862635,0.0624,-0.0681,0.7714,-12.9395,-46.8750,-134.1553,0.7769,,
DATA,A003,6,674,862645,0.0961,-0.0085,0.7462,-24.2310,-71.0449,-130.7983,0.7524,,
DATA,A003,6,675,862655,0.0348,-0.1183,0.8890,-32.4707,-78.2471,-134.7656,0.8975,,
DATA,A003,6,676,862665,-0.1896,-0.3312,1.1486,-33.5083,-66.5894,-127.6855,1.2103,,
DATA,A003,6,677,862675,-0.3946,-0.3732,1.2162,-25.6958,-55.1758,-120.3613,1.3320,,
DATA,A003,6,678,862685,-0.6122,-0.2609,1.2047,-10.7422,-46.8140,-116.3940,1.3763,,
DATA,A003,6,679,862695,-0.6669,-0.2033,1.1610,-6.8359,-57.9224,-113.0981,1.3542,,
DATA,A003,6,680,862705,-0.5380,-0.2018,1.1195,-7.9346,-86.9141,-103.4546,1.2583,,
DATA,A003,6,681,862715,-0.3651,-0.2158,1.1290,-7.2632,-97.9004,-93.6890,1.2060,,
DATA,A003,6,682,862725,0.1137,-0.1713,1.0226,10.1318,-63.0493,-72.5098,1.0430,,
DATA,A003,6,683,862735,0.1642,-0.0419,1.0765,42.2363,-8.4839,-69.3970,1.0898,,
DATA,A003,6,684,862745,0.0421,0.0506,1.0673,45.8984,70.8618,-100.8911,1.0693,,
DATA,A003,6,685,862755,-0.2394,-0.0712,1.2037,37.6587,95.9473,-101.1963,1.2294,,
DATA,A003,6,686,862765,-0.5314,-0.0075,1.1466,24.7803,89.2944,-105.1636,1.2638,,
DATA,A003,6,687,862775,-0.3751,0.0020,1.1610,22.2168,77.7588,-88.6841,1.2201,,
DATA,A003,6,688,862785,-0.2914,-0.1293,1.1183,9.5215,52.4292,-76.1719,1.1628,,
DATA,A003,6,689,862795,-0.2425,-0.0720,1.1471,2.8687,51.3916,-88.0127,1.1747,,
DATA,A003,6,690,862805,-0.1866,-0.0371,1.1861,-24.9023,48.6450,-94.6655,1.2013,,
DATA,A003,6,691,862815,-0.2159,-0.0353,1.1273,-36.9263,45.2881,-105.8350,1.1483,,
DATA,A003,6,692,862825,-0.3099,-0.1027,1.0865,-28.3813,28.3203,-123.3521,1.1345,,
DATA,A003,6,693,862835,-0.3260,-0.1342,1.0157,-43.8843,16.6016,-126.3428,1.0752,,
DATA,A003,6,694,862845,-0.2455,-0.2753,1.0223,-11.9019,-12.4512,-140.1367,1.0868,,
DATA,A003,6,695,862855,-0.1747,-0.2121,0.9935,-16.3574,-26.0010,-125.9766,1.0308,,
DATA,A003,6,696,862865,-0.0209,-0.2768,0.9486,-12.5122,-35.0952,-123.7793,0.9884,,
DATA,A003,6,697,862875,0.1085,-0.1708,0.9686,-3.0518,-28.3203,-114.5020,0.9895,,
DATA,A003,6,698,862885,0.0805,-0.1047,0.9393,-9.2163,5.0049,-112.7319,0.9486,,
DATA,A003,6,699,862895,0.0729,-0.1354,0.9652,-6.7749,24.1699,-118.4082,0.9774,,
DATA,A003,6,700,862905,-0.0148,-0.0925,1.0267,-6.8970,49.3164,-113.6475,1.0310,,
DATA,A003,6,701,862915,-0.0777,-0.1408,0.9957,-10.2539,57.0679,-114.3799,1.0086,,
DATA,A003,6,702,862925,-0.1468,-0.0578,0.9772,-12.8174,59.7534,-112.4268,0.9898,,
DATA,A003,6,703,862935,-0.2076,-0.0275,0.8993,-27.8931,58.9600,-108.2764,0.9234,,
DATA,A003,6,704,862945,-0.2364,-0.1608,0.8241,-29.1138,48.7671,-98.5718,0.8723,,
DATA,A003,6,705,862955,-0.1783,-0.1691,0.8082,-19.7144,31.1279,-91.7358,0.8448,,
DATA,A003,6,706,862965,-0.1346,-0.1701,0.8063,-19.7144,23.3154,-88.9893,0.8349,,
DATA,A003,6,707,862975,-0.0983,-0.2277,0.8063,-16.6626,22.3999,-86.8530,0.8435,,
DATA,A003,6,708,862985,-0.1200,-0.2040,0.8358,-7.8125,20.6909,-87.8906,0.8687,,
DATA,A003,6,709,862995,-0.1769,-0.2338,0.8939,-2.0752,13.1226,-89.7827,0.9408,,
DATA,A003,6,710,863005,-0.2108,-0.1901,0.9750,0.6714,5.1880,-88.1958,1.0155,,
DATA,A003,6,711,863015,-0.1988,-0.1577,1.0421,-10.7422,8.0566,-87.7686,1.0726,,
DATA,A003,6,712,863025,-0.1300,-0.2141,1.0365,-12.1460,17.2729,-86.8530,1.0663,,
DATA,A003,6,713,863035,0.0858,0.4551,1.1468,24.4141,22.2778,-78.7354,1.2368,,
DATA,A003,6,714,863045,-0.1942,0.1766,1.0006,-23.5596,45.9595,-68.6035,1.0345,,
DATA,A003,6,715,863055,-0.1141,-0.2790,1.0140,-16.4185,70.0073,-86.9141,1.0579,,
DATA,A003,6,716,863065,-0.1756,-0.0895,1.0499,-15.6860,85.2661,-90.6372,1.0683,,
DATA,A003,6,717,863075,-0.2137,-0.2053,1.0131,-18.9819,105.1025,-102.8442,1.0555,,
DATA,A003,6,718,863085,-0.2980,-0.2163,1.0099,-2.8687,105.7739,-100.8911,1.0749,,
DATA,A003,6,719,863095,-0.2840,-0.2788,1.0133,19.5923,82.3364,-98.3887,1.0886,,
DATA,A003,6,720,863105,-0.2411,-0.2092,1.0167,33.3252,68.4204,-94.8486,1.0656,,
DATA,A003,6,721,863115,-0.2303,-0.1755,0.9984,51.3306,53.4668,-87.7075,1.0395,,
DATA,A003,6,722,863125,-0.1825,-0.1513,0.9884,64.8193,45.9595,-77.4536,1.0164,,
DATA,A003,6,723,863135,-0.2049,-0.1884,1.0021,65.1245,41.5039,-60.7910,1.0400,,
DATA,A003,6,724,863145,-0.2572,-0.1694,1.0013,68.6646,30.3345,-57.0679,1.0476,,
DATA,A003,6,725,863155,-0.2357,-0.1540,1.0140,64.0259,10.0708,-53.5889,1.0524,,
DATA,A003,6,726,863165,-0.1710,-0.1769,1.0084,62.8662,-4.0894,-50.1099,1.0380,,
DATA,A003,6,727,863175,-0.1598,-0.0158,0.9872,66.8945,-27.1606,-45.4102,1.0001,,
DATA,A003,6,728,863185,-0.1920,0.0262,0.9781,58.8379,-28.6255,-44.4946,0.9972,,
DATA,A003,6,729,863195,-0.1268,0.0174,0.9640,49.7437,-34.6680,-39.6118,0.9724,,
DATA,A003,6,730,863205,-0.0724,0.0079,0.9845,42.9077,-29.1138,-40.4663,0.9872,,
DATA,A003,6,731,863215,0.0065,-0.0026,1.0336,26.9165,-8.4839,-52.3682,1.0336,,
DATA,A003,6,732,863225,-0.1129,-0.0537,1.0658,24.5972,0.4883,-60.3638,1.0731,,
DATA,A003,6,733,863235,-0.2079,0.0030,1.1305,20.6909,-3.0518,-65.7959,1.1494,,
DATA,A003,6,734,863245,-0.1708,-0.0102,1.1437,16.3574,-5.7983,-60.4858,1.1564,,
DATA,A003,6,735,863255,-0.1661,-0.0527,1.1048,11.7798,-10.1318,-55.9692,1.1185,,
DATA,A003,6,736,863265,-0.1376,0.0250,1.0941,3.9062,-9.5825,-54.8096,1.1030,,
DATA,A003,6,737,863275,-0.0643,-0.0341,1.0709,-2.8687,-3.9062,-50.7812,1.0734,,
DATA,A003,6,738,863285,-0.0907,-0.0717,0.9874,-0.9766,0.7935,-47.4243,0.9942,,
DATA,A003,6,739,863295,-0.1092,-0.0251,0.9991,-4.2725,-0.0610,-50.4150,1.0054,,
DATA,A003,6,740,863305,-0.1361,-0.0507,0.9733,-2.3804,-2.6245,-47.3633,0.9840,,
DATA,A003,6,741,863315,-0.1078,0.1629,0.9012,11.8408,-10.4980,-46.0815,0.9222,,
DATA,A003,6,742,863325,0.0114,-0.0458,1.0026,11.9019,-7.4463,-41.1377,1.0037,,
DATA,A003,6,743,863335,0.0573,-0.0617,1.0045,13.2446,4.8218,-39.3677,1.0080,,
DATA,A003,6,744,863345,0.0329,-0.0803,0.9999,15.3809,12.4512,-36.7432,1.0036,,
DATA,A003,6,745,863355,0.0053,-0.0703,1.0257,17.1509,10.1318,-34.4238,1.0282,,
DATA,A003,6,746,863365,-0.0436,0.0254,0.9706,20.8740,5.3711,-30.5176,0.9719,,
DATA,A003,6,747,863375,0.0250,-0.0256,0.9667,21.4844,10.4370,-26.7944,0.9673,,
DATA,A003,6,748,863385,0.0924,-0.0661,0.9825,19.3481,24.5361,-27.3438,0.9891,,
DATA,A003,6,749,863395,0.1371,-0.0524,1.0174,14.6484,34.1797,-27.6489,1.0280,,
DATA,A003,6,750,863405,0.2111,-0.0519,1.1163,2.7466,58.1055,-25.3296,1.1373,,
DATA,A003,6,751,863415,0.2228,-0.0471,1.1544,-7.6294,78.3691,-24.3530,1.1767,,
EVENT,A003,6,,863417,,,,,,,,STOP,751
EVENT,A003,7,,867803,,,,,,,,START,
DATA,A003,7,1,867826,0.1979,0.1356,1.0035,30.0293,41.5649,-13.3057,1.0318,,
DATA,A003,7,2,867836,0.2223,0.1697,0.9903,32.7148,43.7012,-7.3853,1.0291,,
DATA,A003,7,3,867846,0.2265,0.2049,0.9742,36.6821,45.8374,-0.1831,1.0210,,
DATA,A003,7,4,867856,0.1405,0.1607,0.9994,38.1470,42.9688,3.2349,1.0219,,
DATA,A003,7,5,867866,-0.0052,0.2881,0.9349,31.8604,14.5874,-5.0049,0.9783,,
DATA,A003,7,6,867876,0.0260,0.2977,0.9493,24.4141,-5.9204,-1.5259,0.9952,,
DATA,A003,7,7,867886,0.0944,0.2471,0.9513,23.3765,-26.4282,7.0801,0.9874,,
DATA,A003,7,8,867896,0.1469,0.2344,0.9418,23.0103,-30.3955,9.7656,0.9816,,
DATA,A003,7,9,867906,0.2223,0.2225,0.9413,21.3623,-26.0620,12.5122,0.9924,,
DATA,A003,7,10,867916,0.2748,0.2208,0.9347,22.5220,-16.4795,14.2212,0.9989,,
DATA,A003,7,11,867926,0.3170,0.2151,0.9327,24.7803,-2.6245,15.9912,1.0084,,
DATA,A003,7,12,867936,0.3021,0.1649,0.9325,24.1089,19.1040,17.5781,0.9940,,
DATA,A003,7,13,867946,0.2438,0.1292,0.9344,23.9868,28.9917,13.6719,0.9743,,
DATA,A003,7,14,867956,0.1903,0.1517,0.9398,23.3765,31.4331,9.8877,0.9708,,
DATA,A003,7,15,867966,0.1867,0.2015,0.9464,21.5454,29.9683,9.9487,0.9854,,
DATA,A003,7,16,867976,0.1935,0.2281,0.9403,16.1743,29.7852,7.9956,0.9867,,
DATA,A003,7,17,867986,0.1957,0.2212,0.9308,12.6953,30.5176,6.1646,0.9765,,
DATA,A003,7,18,867996,0.2016,0.1927,0.9200,8.0566,32.5317,3.8452,0.9614,,
DATA,A003,7,19,868006,0.1974,0.1600,0.9137,6.9580,33.0200,1.8311,0.9484,,
DATA,A003,7,20,868016,0.1911,0.1424,0.9261,7.3853,32.8369,-1.6479,0.9563,,
DATA,A003,7,21,868026,0.1813,0.1380,0.9415,7.9956,31.7383,-2.8687,0.9687,,
DATA,A003,7,22,868036,0.1598,0.1141,0.9361,9.6436,32.1045,-6.2256,0.9565,,
DATA,A003,7,23,868046,0.1586,0.1011,0.9305,13.7329,30.2124,-8.6060,0.9494,,
DATA,A003,7,24,868056,0.1625,0.1036,0.9298,18.9209,26.4893,-9.3994,0.9496,,
DATA,A003,7,25,868066,0.1762,0.1270,0.9183,21.5454,26.3062,-10.1929,0.9437,,
DATA,A003,7,26,868076,0.1901,0.1580,0.9039,23.9868,28.4424,-11.9629,0.9371,,
DATA,A003,7,27,868086,0.1918,0.1649,0.8959,24.6582,29.9683,-13.0005,0.9309,,
DATA,A003,7,28,868096,0.2204,0.1771,0.9042,24.4751,35.1562,-13.0615,0.9473,,
DATA,A003,7,29,868106,0.2291,0.1839,0.9007,24.4751,41.0767,-12.5732,0.9475,,
DATA,A003,7,30,868116,0.2489,0.1973,0.9171,21.5454,52.1851,-11.5967,0.9706,,
DATA,A003,7,31,868126,0.2521,0.1846,0.9325,18.9209,60.1196,-9.6436,0.9834,,
DATA,A003,7,32,868136,0.2257,0.1578,0.9376,17.3950,72.5708,-7.9346,0.9772,,
DATA,A003,7,33,868146,0.2228,0.1739,0.9418,17.1509,79.6509,-7.2632,0.9833,,
DATA,A003,7,34,868156,0.1942,0.1285,0.9281,16.2354,87.1582,-7.4463,0.9569,,
DATA,A003,7,35,868166,0.2057,0.1439,0.9247,16.2964,88.2568,-4.0894,0.9581,,
DATA,A003,7,36,868176,0.2413,0.2908,0.9694,23.6206,77.7588,-1.7700,1.0404,,
DATA,A003,7,37,868186,0.1640,0.1175,0.9410,19.4702,91.4917,-12.7563,0.9624,,
DATA,A003,7,38,868196,0.2182,0.1700,0.9173,23.9868,93.2617,-12.8174,0.9581,,
DATA,A003,7,39,868206,0.1845,0.1131,0.9093,24.1089,99.9756,-14.5264,0.9347,,
DATA,A003,7,40,868216,0.1122,0.1048,0.8778,33.6914,100.8301,-15.7471,0.8911,,
DATA,A003,7,41,868226,0.1808,0.2874,0.8883,72.3267,96.0693,28.7476,0.9510,,
DATA,A003,7,42,868236,0.0263,0.2994,0.9842,75.0122,88.1958,23.2544,1.0291,,
DATA,A003,7,43,868246,-0.1192,0.2737,0.9537,53.9551,62.4390,-23.7427,0.9994,,
DATA,A003,7,44,868256,-0.0560,0.2947,0.8981,17.6392,20.1416,-57.2510,0.9468,,
DATA,A003,7,45,868266,0.2196,0.2186,0.8658,-6.1646,-20.0195,-29.3579,0.9196,,
DATA,A003,7,46,868276,0.3707,0.2632,0.9232,-5.1880,-20.3247,-10.0098,1.0291,,
DATA,A003,7,47,868286,0.5180,0.2225,0.8702,-49.6826,32.1045,-7.0190,1.0369,,
DATA,A003,7,48,868296,0.5267,-0.0549,0.8256,-45.2881,53.4058,-7.0190,0.9808,,
DATA,A003,7,49,868306,0.4291,-0.0883,0.8397,8.1787,88.8672,3.2349,0.9471,,
DATA,A003,7,50,868316,0.3583,0.0584,0.8683,30.4565,103.2715,12.9395,0.9411,,
DATA,A003,7,51,868326,0.2804,0.2564,0.8651,25.3906,108.8257,18.0664,0.9449,,
DATA,A003,7,52,868336,0.2352,0.2740,0.8441,13.6719,105.9570,16.0522,0.9181,,
DATA,A003,7,53,868346,0.2213,0.1932,0.8102,9.3384,98.6328,13.4888,0.8618,,
DATA,A003,7,54,868356,0.2299,0.1404,0.7921,15.8691,94.2993,13.6108,0.8367,,
DATA,A003,7,55,868366,0.2789,0.1165,0.7491,28.3203,97.2900,17.5781,0.8078,,
DATA,A003,7,56,868376,0.3026,0.1292,0.7247,36.3159,105.1025,20.6299,0.7959,,
DATA,A003,7,57,868386,0.3192,0.1675,0.6786,46.5698,125.3052,24.2920,0.7684,,
DATA,A003,7,58,868396,0.3068,0.1824,0.6429,53.1616,140.8081,26.0620,0.7354,,
DATA,A003,7,59,868406,0.2719,0.1922,0.5990,63.5986,166.3208,29.4800,0.6853,,
DATA,A003,7,60,868416,0.2326,0.1993,0.5758,71.5942,182.2510,32.2876,0.6522,,
DATA,A003,7,61,868426,0.1671,0.2244,0.5438,85.1440,203.4302,37.8418,0.6116,,
DATA,A003,7,62,868436,0.1244,0.2525,0.5253,93.5669,214.9658,42.8467,0.5959,,
DATA,A003,7,63,868446,0.0712,0.3145,0.4977,104.4922,229.0649,52.7954,0.5930,,
DATA,A003,7,64,868456,0.0443,0.3755,0.4684,111.2061,237.1826,62.5000,0.6020,,
DATA,A003,7,65,868466,-0.0001,0.5225,0.3878,120.6665,253.7842,83.3740,0.6507,,
DATA,A003,7,66,868476,-0.0267,0.6617,0.2777,124.8169,270.6299,100.5859,0.7181,,
DATA,A003,7,67,868486,-0.0643,0.8941,0.0775,129.2114,303.5889,126.2817,0.8998,,
DATA,A003,7,68,868496,-0.1041,1.0428,-0.0770,129.7607,330.1392,142.2119,1.0508,,
DATA,A003,7,69,868506,-0.1771,1.2134,-0.2780,126.4038,374.8169,159.4849,1.2574,,
DATA,A003,7,70,868516,-0.2274,1.2637,-0.3834,122.1924,405.3955,169.5557,1.3401,,
DATA,A003,7,71,868526,-0.3016,1.2759,-0.4633,116.2720,449.2188,184.8755,1.3905,,
DATA,A003,7,72,868536,-0.3614,1.2635,-0.4791,114.9902,475.8301,194.2139,1.3988,,
DATA,A003,7,73,868546,-0.4540,1.2642,-0.4354,117.3096,510.6201,203.7964,1.4121,,
DATA,A003,7,74,868556,-0.5101,1.2862,-0.3817,118.3472,527.5269,209.2285,1.4353,,
DATA,A003,7,75,868566,-0.5665,1.3760,-0.2775,113.3423,540.8936,217.4072,1.5137,,
DATA,A003,7,76,868576,-0.5738,1.4451,-0.2238,102.7832,543.2129,222.5342,1.5709,,
DATA,A003,7,77,868586,-0.5729,1.5262,-0.1925,87.4023,547.5464,228.6987,1.6415,,
DATA,A003,7,78,868596,-0.5287,1.6531,-0.2418,63.0493,546.6309,230.7129,1.7524,,
DATA,A003,7,79,868606,-0.5028,1.7750,-0.1613,52.8564,543.2739,237.8540,1.8518,,
DATA,A003,7,80,868616,-0.5240,1.8306,-0.1708,5.9204,531.0669,247.4976,1.9118,,
DATA,A003,7,81,868626,-0.5375,1.7706,-0.2118,-26.5503,518.0054,249.0234,1.8624,,
DATA,A003,7,82,868636,-0.5397,1.6385,-0.2296,-58.0444,492.9199,252.0752,1.7403,,
DATA,A003,7,83,868646,-0.5536,1.5989,-0.2528,-66.4062,468.9331,252.8076,1.7108,,
DATA,A003,7,84,868656,-0.6244,1.6946,-0.2909,-63.2324,426.5137,247.6196,1.8293,,
DATA,A003,7,85,868666,-0.7020,1.8643,-0.3134,-58.3496,403.9917,237.6709,2.0166,,
DATA,A003,7,86,868676,-0.7901,2.2798,-0.4669,-46.5698,371.0327,213.1958,2.4576,,
DATA,A003,7,87,868686,-0.8522,2.6187,-0.5663,-39.4287,349.5483,192.5659,2.8115,,
DATA,A003,7,88,868696,-0.9422,3.0391,-0.5912,-37.4756,311.4624,159.7900,3.2363,,
DATA,A003,7,89,868706,-1.0284,3.1085,-0.5275,-51.7578,280.0903,141.7847,3.3164,,
DATA,A003,7,90,868716,-1.0375,2.6597,-0.3280,-90.3320,231.2012,112.1826,2.8737,,
DATA,A003,7,91,868726,-1.0724,2.2208,-0.1559,-106.6284,205.2612,85.5103,2.4710,,
DATA,A003,7,92,868736,-1.1058,1.8367,-0.0414,-84.5337,167.4194,58.7769,2.1443,,
DATA,A003,7,93,868746,-1.0900,1.8248,0.0919,-51.2085,122.4976,39.4897,2.1275,,
DATA,A003,7,94,868756,-0.9940,1.8924,0.0646,-56.2744,59.6313,21.3013,2.1385,,
DATA,A003,7,95,868766,-0.9610,1.8209,0.0355,-68.8477,38.5742,16.3574,2.0592,,
DATA,A003,7,96,868776,-1.0326,1.6326,0.0126,-72.8760,8.1177,8.6670,1.9318,,
DATA,A003,7,97,868786,-1.0443,1.4847,0.0455,-72.3267,3.3569,4.6997,1.8157,,
DATA,A003,7,98,868796,-1.1070,1.2276,0.1449,-77.3315,-10.8032,-2.3193,1.6594,,
DATA,A003,7,99,868806,-1.0939,1.0303,0.2865,-83.4961,-11.6577,-9.7046,1.5298,,
DATA,A003,7,100,868816,-1.0626,0.7518,0.5953,-83.1909,-19.4702,-21.6675,1.4313,,
DATA,A003,7,101,868826,-1.0729,0.6209,0.7052,-87.4023,-28.6255,-28.6865,1.4261,,
DATA,A003,7,102,868836,-1.0965,0.3936,0.6639,-111.3892,-36.1938,-38.8794,1.3409,,
DATA,A003,7,103,868846,-1.1214,0.1949,0.6095,-132.1411,-41.9922,-48.2788,1.2912,,
DATA,A003,7,104,868856,-1.2115,-0.1074,0.4676,-153.1982,-40.4663,-54.8096,1.3031,,
DATA,A003,7,105,868866,-1.2494,-0.3037,0.3619,-159.7900,-28.7476,-60.5469,1.3357,,
DATA,A003,7,106,868876,-1.2384,-0.6132,0.2159,-149.4141,-4.3335,-73.5474,1.3987,,
DATA,A003,7,107,868886,-1.2745,-0.7856,0.2001,-126.4648,10.1318,-78.1250,1.5105,,
DATA,A003,7,108,868896,-1.3839,-0.9174,0.2147,-86.3037,29.3579,-82.7637,1.6742,,
DATA,A003,7,109,868906,-1.5277,-0.9638,0.2714,-65.7349,31.7383,-92.1631,1.8266,,
DATA,A003,7,110,868916,-1.7479,-1.0136,0.4374,-42.8467,26.2451,-119.3848,2.0673,,
DATA,A003,7,111,868926,-1.8285,-0.9604,0.5531,-26.1841,18.0664,-145.8740,2.1381,,
DATA,A003,7,112,868936,-1.9332,-0.7763,0.5721,-14.4043,-4.2114,-174.1943,2.1604,,
DATA,A003,7,113,868946,-2.0336,-0.4396,0.5209,-19.4702,-40.6494,-219.4214,2.1447,,
DATA,A003,7,114,868956,-2.0567,-0.2639,0.5245,-25.9399,-58.5938,-252.6855,2.1389,,
DATA,A003,7,115,868966,-2.0441,-0.0468,0.6468,-30.0903,-81.6650,-300.9033,2.1445,,
DATA,A003,7,116,868976,-2.0875,0.1348,0.7435,-29.1138,-93.9941,-328.0640,2.2201,,
DATA,A003,7,117,868986,-2.2616,0.4822,0.7323,-25.8789,-107.7881,-361.1450,2.4256,,
DATA,A003,7,118,868996,-2.3888,0.7686,0.6825,-18.9209,-127.3804,-380.9814,2.6005,,
DATA,A003,7,119,869006,-2.6598,1.3878,0.6615,-5.2490,-189.0869,-406.0059,3.0721,,
DATA,A003,7,120,869016,-2.7762,1.9188,0.5099,-0.5493,-242.1265,-417.4805,3.4131,,
DATA,A003,7,121,869026,-2.6517,2.7776,0.3527,3.9673,-310.3027,-415.6494,3.8563,,
DATA,A003,7,122,869036,-2.4203,3.2549,0.2797,-4.6997,-350.6470,-396.4844,4.0658,,
DATA,A003,7,123,869046,-1.8971,3.5469,0.2728,-43.7012,-372.1924,-362.3657,4.0316,,
DATA,A003,7,124,869056,-1.6564,3.3721,0.3143,-73.7305,-363.6475,-338.4399,3.7701,,
DATA,A003,7,125,869066,-1.3971,2.7374,0.2435,-96.9238,-331.8481,-318.9087,3.0829,,
DATA,A003,7,126,869076,-1.2889,2.4195,0.1532,-85.0220,-296.8750,-308.5938,2.7457,,
DATA,A003,7,127,869086,-1.0755,2.2371,-0.1288,-61.6455,-235.9009,-293.7012,2.4856,,
DATA,A003,7,128,869096,-0.9493,2.1148,-0.2670,-48.5229,-197.7539,-281.2500,2.3334,,
DATA,A003,7,129,869106,-0.8336,1.8140,-0.4357,-36.0107,-145.0195,-261.9629,2.0434,,
DATA,A003,7,130,869116,-0.7757,1.5638,-0.4987,-24.0479,-116.5771,-250.0000,1.8154,,
DATA,A003,7,131,869126,-0.6525,1.2454,-0.5775,2.1362,-85.0220,-235.1685,1.5200,,
DATA,A003,7,132,869136,-0.5416,1.0960,-0.6178,19.0430,-69.8242,-228.5767,1.3698,,
DATA,A003,7,133,869146,-0.3336,0.9449,-0.6788,36.4380,-49.8047,-222.3511,1.2103,,
DATA,A003,7,134,869156,-0.1639,0.8809,-0.7562,43.7012,-29.7241,-219.2383,1.1725,,
DATA,A003,7,135,869166,0.0585,0.8023,-0.8324,48.9502,-3.2959,-210.0830,1.1576,,
DATA,A003,7,136,869176,0.1500,0.7393,-0.8034,49.8047,6.7749,-200.2563,1.1020,,
DATA,A003,7,137,869186,0.2475,0.6504,-0.7086,46.9360,17.0288,-183.1055,0.9932,,
DATA,A003,7,138,869196,0.2875,0.5877,-0.6469,41.0767,19.2261,-170.4102,0.9200,,
DATA,A003,7,139,869206,0.2936,0.4827,-0.5170,26.4893,9.6436,-149.8413,0.7658,,
DATA,A003,7,140,869216,0.3302,0.4341,-0.5292,16.5405,15.6860,-134.4604,0.7600,,
DATA,A003,7,141,869226,0.4215,0.3719,-0.5299,3.3569,27.3438,-112.7930,0.7725,,
DATA,A003,7,142,869236,0.4481,0.3665,-0.5140,3.1738,49.8047,-99.4873,0.7742,,
DATA,A003,7,143,869246,0.4183,0.4522,-0.4926,15.1367,98.0835,-75.3174,0.7887,,
DATA,A003,7,144,869256,0.3698,0.5687,-0.4567,27.8931,129.6997,-60.1807,0.8177,,
DATA,A003,7,145,869266,0.2897,0.7405,-0.3732,42.7856,165.9546,-39.3677,0.8784,,
DATA,A003,7,146,869276,0.2518,0.8326,-0.3319,48.9502,177.9785,-24.9634,0.9310,,
DATA,A003,7,147,869286,0.1881,0.9473,-0.2548,53.5278,179.0161,-5.1880,0.9989,,
DATA,A003,7,148,869296,0.1474,1.0018,-0.1879,52.1851,173.9502,4.3945,1.0298,,
DATA,A003,7,149,869306,0.0656,1.0394,-0.0773,47.9736,161.5601,11.4136,1.0443,,
DATA,A003,7,150,869316,-0.2347,1.1116,0.1129,43.0298,140.2588,19.1040,1.1417,,
DATA,A003,7,151,869326,-0.5182,1.2327,0.3517,43.4570,135.9253,19.9585,1.3827,,
DATA,A003,7,152,869336,-0.8409,1.5591,0.7704,40.5884,132.3853,4.3335,1.9317,,
DATA,A003,7,153,869346,-0.9938,1.8101,0.6507,18.4937,146.9116,3.7842,2.1651,,
DATA,A003,7,154,869356,-0.9422,1.8926,0.6290,-20.4468,148.5596,19.1650,2.2058,,
DATA,A003,7,155,869366,-0.9415,1.7352,0.7281,-39.9170,155.3955,45.7153,2.1041,,
DATA,A003,7,156,869376,-1.0526,1.2591,0.8749,-70.0073,186.2183,80.5054,1.8598,,
DATA,A003,7,157,869386,-1.2872,0.9481,0.9330,-82.9468,202.3926,98.2666,1.8510,,
DATA,A003,7,158,869396,-1.7963,0.6949,0.9681,-67.3828,216.3086,125.1831,2.1556,,
DATA,A003,7,159,869406,-2.0970,0.7569,1.0389,-40.1001,206.4209,142.2729,2.4596,,
DATA,A003,7,160,869416,-2.3722,1.1251,1.1236,-16.7847,178.4668,157.8979,2.8558,,
DATA,A003,7,161,869426,-2.4122,1.3282,1.1163,-34.2407,159.8511,165.4053,2.9714,,
DATA,A003,7,162,869436,-2.3214,1.2464,0.9991,-99.1821,138.9771,178.4058,2.8179,,
DATA,A003,7,163,869446,-2.1991,0.9737,0.9205,-136.5967,128.7231,187.0117,2.5752,,
DATA,A003,7,164,869456,-1.9554,0.5809,0.8124,-149.7803,133.8501,195.1904,2.1957,,
DATA,A003,7,165,869466,-1.7713,0.4092,0.7030,-140.8691,139.6484,193.6035,1.9492,,
DATA,A003,7,166,869476,-1.5367,0.2911,0.5990,-120.6055,148.0103,189.3921,1.6748,,
DATA,A003,7,167,869486,-1.4007,0.2437,0.5758,-113.2812,150.8789,190.2466,1.5340,,
DATA,A003,7,168,869496,-1.2372,0.1426,0.5592,-116.2720,148.5596,196.0449,1.3651,,
DATA,A003,7,169,869506,-1.1205,0.0364,0.4747,-123.0469,143.4937,201.5991,1.2174,,
DATA,A003,7,170,869516,-0.9242,-0.2141,0.3619,-127.0142,121.2158,208.6792,1.0153,,
DATA,A003,7,171,869526,-0.7628,-0.3906,0.2596,-141.6016,102.8442,207.5806,0.8954,,
DATA,A003,7,172,869536,-0.6273,-0.8354,0.1852,-110.0464,48.0347,184.8755,1.0610,,
DATA,A003,7,173,869546,-0.3480,-1.1328,0.1366,-80.9937,32.7759,187.1948,1.1929,,
DATA,A003,7,174,869556,-0.1947,-1.6826,0.3602,-19.6533,26.6724,188.7207,1.7317,,
DATA,A003,7,175,869566,-0.3605,-1.8120,0.3634,13.5498,1.2817,167.0532,1.8829,,
DATA,A003,7,176,869576,-0.5533,-1.9702,0.8216,107.6050,21.9116,166.9922,2.2052,,
DATA,A003,7,177,869586,-0.7987,-1.6310,1.0585,197.0215,-38.0249,159.3628,2.1020,,
DATA,A003,7,178,869596,-0.6285,-0.9833,1.4835,220.5200,-90.6982,138.7329,1.8875,,
DATA,A003,7,179,869606,-0.3619,-0.9863,1.4899,161.8042,-120.0562,111.5112,1.8230,,
DATA,A003,7,180,869616,-0.2276,-1.2844,1.2638,95.3369,-120.1172,91.9800,1.8162,,
DATA,A003,7,181,869626,-0.7157,-1.7282,0.8021,90.0879,-81.3599,68.9697,2.0353,,
DATA,A003,7,182,869636,-2.0546,-1.4265,0.7030,129.6387,-51.7578,40.3442,2.5981,,
DATA,A003,7,183,869646,-2.8439,-1.0390,0.7242,137.6343,-84.5947,6.7749,3.1131,,
DATA,A003,7,184,869656,-3.1315,-0.6828,0.7023,124.6948,-129.8218,-59.8145,3.2811,,
DATA,A003,7,185,869666,-3.1185,-0.2988,0.6478,93.9941,-190.7959,-155.7007,3.1991,,
DATA,A003,7,186,869676,-3.2098,-0.0444,0.5768,71.1670,-231.3232,-196.5942,3.2615,,
DATA,A003,7,187,869686,-3.5253,0.4166,0.5660,42.2974,-252.0142,-245.9106,3.5946,,
DATA,A003,7,188,869696,-3.5770,0.7752,0.5619,20.8130,-254.0283,-289.0625,3.7029,,
DATA,A003,7,189,869706,-3.5362,1.2308,0.5460,-23.5596,-235.2905,-343.6279,3.7839,,
DATA,A003,7,190,869716,-3.5355,1.4361,0.4930,-52.1240,-221.8018,-363.7695,3.8478,,
DATA,A003,7,191,869726,-3.6268,1.8675,0.5963,-60.6689,-208.3740,-381.4087,4.1227,,
DATA,A003,7,192,869736,-3.6932,2.7071,0.6630,-72.3877,-203.1250,-396.9116,4.6269,,
DATA,A003,7,193,869746,-3.1752,3.1048,0.3849,-27.8931,-208.8013,-379.0894,4.4575,,
DATA,A003,7,194,869756,-2.7396,3.2230,0.1437,-58.5938,-206.1157,-357.2388,4.2324,,
DATA,A003,7,195,869766,-2.1026,2.6934,0.0038,-113.3423,-172.1191,-327.6978,3.4170,,
DATA,A003,7,196,869776,-1.6974,2.1963,-0.0419,-136.2305,-136.3525,-316.9556,2.7761,,
DATA,A003,7,197,869786,-1.2735,1.6504,-0.1473,-132.6294,-83.0078,-300.2319,2.0899,,
DATA,A003,7,198,869796,-1.0504,1.4515,-0.2235,-116.7603,-52.6123,-289.0015,1.8056,,
DATA,A003,7,199,869806,-0.7692,1.2733,-0.2892,-95.3979,-13.1226,-272.0337,1.5154,,
DATA,A003,7,200,869816,-0.6332,1.1856,-0.3209,-85.8154,-0.6714,-259.5215,1.3819,,
DATA,A003,7,201,869826,-0.4330,1.0941,-0.4188,-74.9512,15.3809,-238.3423,1.2489,,
DATA,A003,7,202,869836,-0.3131,1.0413,-0.4782,-66.5283,19.5312,-223.6938,1.1879,,
DATA,A003,7,203,869846,-0.1124,1.0113,-0.5280,-50.1709,25.8789,-201.2329,1.1463,,
DATA,A003,7,204,869856,0.0038,1.0247,-0.5751,-38.7573,26.9775,-183.6548,1.1751,,
DATA,A003,7,205,869866,0.1232,1.0391,-0.6561,-28.3813,26.1841,-156.6162,1.2351,,
DATA,A003,7,206,869876,0.2103,1.0250,-0.7184,-23.9868,26.4893,-141.1743,1.2692,,
DATA,A003,7,207,869886,0.3534,0.9664,-0.6972,-16.1743,26.0010,-119.2627,1.2429,,
DATA,A003,7,208,869896,0.4230,0.9258,-0.6735,-6.2256,24.7192,-102.4780,1.2205,,
DATA,A003,7,209,869906,0.5248,0.8875,-0.6056,11.2915,35.4614,-75.0122,1.1958,,
DATA,A003,7,210,869916,0.5536,0.9029,-0.5436,24.8413,45.9595,-53.0396,1.1905,,
DATA,A003,7,211,869926,0.5448,0.9859,-0.4701,45.1050,65.7959,-15.4419,1.2206,,
DATA,A003,7,212,869936,0.5058,1.0582,-0.4169,56.1523,75.1343,11.7798,1.2447,,
DATA,A003,7,213,869946,0.4430,1.1111,-0.3117,62.0117,89.5386,50.6592,1.2361,,
DATA,A003,7,214,869956,0.4135,1.0945,-0.2260,62.3779,99.4873,74.7681,1.1917,,
DATA,A003,7,215,869966,0.3681,1.0435,-0.1388,62.5000,109.9243,98.4497,1.1152,,
DATA,A003,7,216,869976,0.2306,0.9632,-0.0419,65.2466,126.5869,131.4087,0.9913,,
DATA,A003,7,217,869986,0.0502,0.9466,0.0265,67.8711,133.4229,149.9023,0.9483,,
DATA,A003,7,218,869996,-0.2777,0.9913,0.2098,69.5801,145.8130,168.8843,1.0506,,
DATA,A003,7,219,870006,-0.5238,1.0577,0.2933,59.5703,160.1562,179.0161,1.2162,,
DATA,A003,7,220,870016,-0.9459,1.1248,0.3556,25.5737,181.0303,195.4346,1.5121,,
DATA,A003,7,221,870026,-1.2799,1.1033,0.4325,7.4463,189.8193,209.5337,1.7443,,
DATA,A003,7,222,870036,-1.8046,1.0049,0.5709,-12.8174,187.7441,237.1826,2.1430,,
DATA,A003,7,223,870046,-2.1127,0.9175,0.6581,-26.1841,177.8564,246.6431,2.3955,,
DATA,A003,7,224,870056,-2.4620,0.7879,0.7728,-38.2080,140.9302,253.2349,2.6981,,
DATA,A003,7,225,870066,-2.6380,0.7825,0.8915,-37.9028,114.8682,253.1128,2.8925,,
DATA,A003,7,226,870076,-2.7462,0.9505,1.0297,-37.3535,95.3369,241.1499,3.0831,,
DATA,A003,7,227,870086,-2.7513,1.0750,1.0665,-49.3774,96.8628,229.1870,3.1405,,
DATA,A003,7,228,870096,-2.6793,1.0513,1.0546,-92.2852,100.4639,215.1489,3.0653,,
DATA,A003,7,229,870106,-2.5821,0.8753,1.0138,-124.5728,99.3042,208.1909,2.9088,,
DATA,A003,7,230,870116,-2.3683,0.5833,0.9003,-155.4565,95.3369,195.4346,2.5999,,
DATA,A003,7,231,870126,-2.1774,0.4341,0.8165,-161.9873,89.9048,184.6313,2.3656,,
DATA,A003,7,232,870136,-1.8282,0.3035,0.6813,-163.4521,76.9653,168.0908,1.9745,,
DATA,A003,7,233,870146,-1.5528,0.2359,0.6051,-165.4053,67.9932,159.4849,1.6832,,
DATA,A003,7,234,870156,-1.1651,0.1414,0.4584,-175.2930,55.3589,155.5786,1.2600,,
DATA,A003,7,235,870166,-0.9730,0.0572,0.3375,-183.8989,51.2085,157.7148,1.0315,,
DATA,A003,7,236,870176,-0.7806,-0.1245,0.2220,-190.7959,56.7017,161.0718,0.8211,,
DATA,A003,7,237,870186,-0.7067,-0.2670,0.1551,-189.7583,66.2842,162.0483,0.7712,,
DATA,A003,7,238,870196,-0.6080,-0.5178,0.1417,-182.4951,84.0454,162.4146,0.8111,,
DATA,A003,7,239,870206,-0.5201,-0.6943,0.1940,-180.6641,93.6890,160.5835,0.8889,,
DATA,A003,7,240,870216,-0.5170,-1.0141,0.2181,-177.2461,89.7827,159.3628,1.1590,,
DATA,A003,7,241,870226,-0.4469,-1.1977,0.2877,-171.8140,69.7632,152.6489,1.3103,,
DATA,A003,7,242,870236,-0.3212,-1.3696,0.2933,-156.7993,38.1470,138.3057,1.4370,,
DATA,A003,7,243,870246,-0.2938,-1.4360,0.1959,-141.7847,19.5923,128.9673,1.4788,,
DATA,A003,7,244,870256,-0.3246,-1.5187,0.1569,-99.1821,-3.4180,109.1309,1.5609,,
DATA,A003,7,245,870266,-0.3480,-1.5331,0.2352,-71.5942,-5.7373,85.4492,1.5896,,
DATA,A003,7,246,870276,-0.6039,-1.4562,0.2528,-48.0957,10.0708,56.7627,1.5966,,
DATA,A003,7,247,870286,-0.9410,-1.4025,0.2355,-32.2266,23.7427,33.9355,1.7053,,
DATA,A003,7,248,870296,-1.3265,-1.3332,0.2797,-5.7373,24.4751,-2.8687,1.9014,,
DATA,A003,7,249,870306,-1.9442,-1.0175,0.5309,40.0391,-10.8032,-65.9180,2.2577,,
DATA,A003,7,250,870316,-2.1935,-0.7021,0.6776,53.4058,-34.2407,-119.5679,2.4007,,
DATA,A003,7,251,870326,-2.3375,-0.3007,0.6815,37.3535,-74.7681,-212.2803,2.4533,,
DATA,A003,7,252,870336,-2.3651,-0.2204,0.5614,6.4087,-97.3511,-268.3716,2.4408,,
DATA,A003,7,253,870346,-2.5358,-0.2619,0.5113,-26.9165,-113.8916,-341.1865,2.6000,,
DATA,A003,7,254,870356,-2.7113,-0.1271,0.5301,-23.0103,-100.3418,-384.3384,2.7656,,
DATA,A003,7,255,870366,-2.9149,0.2635,0.5897,-3.4180,-73.7305,-437.3779,2.9856,,
DATA,A003,7,256,870376,-3.0660,0.5272,0.6600,-3.3569,-64.0869,-456.8481,3.1803,,
DATA,A003,7,257,870386,-3.3172,0.7457,0.8173,-30.7007,-78.8574,-466.5527,3.4969,,
DATA,A003,7,258,870396,-3.3439,0.7637,0.9193,-44.3726,-90.5762,-470.6421,3.5510,,
DATA,A003,7,259,870406,-3.2123,0.7928,1.0441,-19.7144,-110.1685,-452.5757,3.4695,,
DATA,A003,7,260,870416,-3.0616,0.9434,1.1022,18.1885,-120.9717,-431.0913,3.3880,,
DATA,A003,7,261,870426,-2.7992,1.2752,1.1075,64.0869,-117.4316,-392.5171,3.2693,,
DATA,A003,7,262,870436,-2.5172,1.4551,1.0565,75.9888,-110.2905,-363.4033,3.0935,,
DATA,A003,7,263,870446,-1.9838,1.5311,0.9037,79.5288,-104.6753,-312.4390,2.6638,,
DATA,A003,7,264,870456,-1.6107,1.4412,0.7113,74.4019,-105.8350,-282.8369,2.2754,,
DATA,A003,7,265,870466,-1.1893,1.1998,0.4894,64.8193,-108.0322,-251.0376,1.7588,,
DATA,A003,7,266,870476,-0.9659,1.0511,0.3678,60.2417,-107.6050,-234.6802,1.4741,,
DATA,A003,7,267,870486,-0.7472,0.9283,0.2040,57.1899,-97.1069,-215.2710,1.2090,,
DATA,A003,7,268,870496,-0.6398,0.9178,0.0536,56.2134,-95.3369,-202.8198,1.1200,,
DATA,A003,7,269,870506,-0.5035,0.9791,-0.1556,54.0161,-88.1348,-185.5469,1.1119,,
DATA,A003,7,270,870516,-0.3907,1.0640,-0.2640,50.7812,-84.5337,-170.4102,1.1638,,
DATA,A003,7,271,870526,-0.1678,1.1719,-0.4035,40.4663,-78.2471,-142.7612,1.2507,,
DATA,A003,7,272,870536,-0.0113,1.1954,-0.4823,28.2593,-69.0918,-125.4883,1.2891,,
DATA,A003,7,273,870546,0.2086,1.1417,-0.5802,9.5215,-51.8799,-99.9146,1.2975,,
DATA,A003,7,274,870556,0.3346,1.0735,-0.6112,1.8311,-34.4238,-84.9609,1.2799,,
DATA,A003,7,275,870566,0.4686,1.0037,-0.6386,-0.6104,0.4272,-63.1714,1.2786,,
DATA,A003,7,276,870576,0.5253,0.9957,-0.6368,1.0986,26.7944,-46.8750,1.2934,,
DATA,A003,7,277,870586,0.5336,1.0240,-0.5980,6.7139,62.8662,-15.8691,1.3003,,
DATA,A003,7,278,870596,0.5138,1.0379,-0.5507,7.3853,81.4209,7.7515,1.2824,,
DATA,A003,7,279,870606,0.4625,1.0272,-0.4618,5.2490,100.9521,44.3726,1.2175,,
DATA,A003,7,280,870616,0.4398,0.9922,-0.4000,6.5918,111.7554,67.1997,1.1567,,
DATA,A003,7,281,870626,0.4371,0.9449,-0.3014,17.0898,125.9155,96.8018,1.0839,,
DATA,A003,7,282,870636,0.4501,0.9239,-0.2189,28.6255,134.0332,114.5020,1.0507,,
DATA,A003,7,283,870646,0.4137,0.9163,-0.0653,46.0815,142.7612,141.1743,1.0075,,
DATA,A003,7,284,870656,0.3322,0.9251,0.0775,56.8237,145.8130,157.2876,0.9860,,
DATA,A003,7,285,870666,0.1959,0.9659,0.2550,65.1245,150.7568,172.2412,1.0180,,
DATA,A003,7,286,870676,-0.1776,1.0643,0.5260,68.8477,160.6445,192.0166,1.2004,,
DATA,A003,7,287,870686,-0.6073,1.1658,0.4950,62.1948,187.8662,203.7354,1.4046,,
DATA,A003,7,288,870696,-1.1825,1.2835,0.5231,58.7158,233.1543,216.4307,1.8219,,
DATA,A003,7,289,870706,-1.6234,1.3641,0.6984,65.6738,239.8682,237.0605,2.2324,,
DATA,A003,7,290,870716,-2.2596,1.3997,0.9857,51.9409,237.3657,263.1226,2.8349,,
DATA,A003,7,291,870726,-2.4991,1.3172,1.0231,24.4141,223.6328,264.1602,3.0046,,
DATA,A003,7,292,870736,-2.6134,1.1248,1.0199,-1.4038,189.2700,267.2729,3.0224,,
DATA,A003,7,293,870746,-2.6092,1.0713,1.0572,-5.0049,167.2363,264.5874,3.0123,,
DATA,A003,7,294,870756,-2.5377,1.1063,1.1676,-7.2632,151.9775,256.1646,3.0045,,
DATA,A003,7,295,870766,-2.5047,1.0960,1.2010,-20.9351,148.5596,252.8076,2.9862,,
DATA,A003,7,296,870776,-2.5052,0.9127,1.1422,-55.8472,151.6113,254.2114,2.9007,,
DATA,A003,7,297,870786,-2.5209,0.7374,1.0355,-77.4536,152.8320,255.9204,2.8232,,
DATA,A003,7,298,870796,-2.5035,0.5162,0.8592,-91.6138,148.3154,257.1411,2.6967,,
DATA,A003,7,299,870806,-2.3895,0.4205,0.7308,-89.8438,142.9443,256.6528,2.5339,,
DATA,A003,7,300,870816,-2.0572,0.3448,0.5922,-81.7261,128.7842,254.7607,2.1684,,
DATA,A003,7,301,870826,-1.7826,0.3101,0.5602,-80.2002,116.6382,252.3804,1.8941,,
DATA,A003,7,302,870836,-1.4266,0.2208,0.6134,-86.7920,98.3276,250.6714,1.5685,,
DATA,A003,7,303,870846,-1.2887,0.1204,0.6691,-94.9097,91.0034,250.3052,1.4570,,
DATA,A003,7,304,870856,-1.2518,-0.0998,0.6705,-112.9761,90.3931,246.5820,1.4236,,
DATA,A003,7,305,870866,-1.2423,-0.2941,0.6783,-120.2393,96.8628,241.3330,1.4457,,
DATA,A003,7,306,870876,-1.2150,-0.6096,0.6129,-127.8687,96.9849,227.2339,1.4911,,
DATA,A003,7,307,870886,-1.1815,-0.8261,0.6310,-126.7700,91.5527,209.3506,1.5737,,
DATA,A003,7,308,870896,-1.1417,-1.1452,0.7164,-105.2856,50.3540,175.9033,1.7687,,
DATA,A003,7,309,870906,-1.0438,-1.3078,0.9003,-85.9985,7.6904,143.6157,1.9001,,
DATA,A003,7,310,870916,-0.9410,-1.3972,1.1315,-70.9839,-48.4619,86.1816,2.0292,,
DATA,A003,7,311,870926,-0.9396,-1.3356,1.2049,-69.2749,-71.9604,56.0913,2.0294,,
DATA,A003,7,312,870936,-0.9520,-1.1445,1.1083,-77.0874,-77.0874,8.7280,1.8559,,
DATA,A003,7,313,870946,-0.9740,-1.0502,0.9571,-88.6230,-78.5522,-25.5127,1.7227,,
DATA,A003,7,314,870956,-1.2093,-0.9318,0.7728,-105.0415,-90.0269,-70.3125,1.7112,,
DATA,A003,7,315,870966,-1.5028,-0.7902,0.7057,-111.7554,-105.4077,-99.0601,1.8387,,
DATA,A003,7,316,870976,-1.9242,-0.4396,0.8541,-111.9995,-132.8125,-162.6587,2.1506,,
DATA,A003,7,317,870986,-1.9979,-0.1149,0.8780,-121.8872,-161.9873,-204.8950,2.1854,,
DATA,A003,7,318,870996,-2.1495,0.1966,0.7023,-158.0200,-210.3271,-229.1260,2.2699,,
DATA,A003,7,319,871006,-2.2748,0.4400,0.6517,-234.9854,-259.6436,-263.1226,2.4068,,
DATA,A003,7,320,871016,-2.4288,0.5975,0.7047,-276.3062,-276.5503,-281.1279,2.5986,,
DATA,A003,7,321,871026,-2.3656,0.7769,0.6005,-313.1104,-271.7285,-304.8096,2.5613,,
DATA,A003,7,322,871036,-2.1986,0.7881,0.6048,-319.3970,-247.1313,-314.3921,2.4126,,
DATA,A003,7,323,871046,-1.8981,0.7874,0.6949,-302.9785,-152.8320,-315.2466,2.1692,,
DATA,A003,7,324,871056,-1.8644,0.8526,0.7445,-277.8931,-82.0923,-309.0210,2.1811,,
DATA,A003,7,325,871066,-1.9623,0.9429,0.6871,-231.5063,30.5176,-310.3638,2.2829,,
DATA,A003,7,326,871076,-2.0255,0.9041,0.6251,-195.5566,77.7588,-314.8193,2.3045,,
DATA,A003,7,327,871086,-2.0148,0.7466,0.6246,-131.2256,121.0938,-318.9697,2.2376,,
DATA,A003,7,328,871096,-1.9193,0.6426,0.6188,-85.4492,127.0752,-323.3643,2.1165,,
DATA,A003,7,329,871106,-1.6681,0.5335,0.5524,-23.4985,125.2441,-335.7544,1.8364,,
DATA,A003,7,330,871116,-1.4747,0.4883,0.5326,10.6812,116.3940,-342.0410,1.6422,,
DATA,A003,7,331,871126,-1.1781,0.4622,0.4850,52.3682,108.5205,-343.0786,1.3553,,
DATA,A003,7,332,871136,-1.0179,0.4725,0.4120,74.7070,107.6050,-336.2427,1.1955,,
DATA,A003,7,333,871146,-0.9169,0.5113,0.2621,99.9146,104.6143,-315.0024,1.0820,,
DATA,A003,7,334,871156,-0.8976,0.5491,0.1554,112.8540,101.9897,-297.4243,1.0636,,
DATA,A003,7,335,871166,-0.7862,0.6404,-0.0038,127.2583,92.9565,-269.5923,1.0141,,
DATA,A003,7,336,871176,-0.6608,0.6998,-0.0919,134.5825,85.7544,-251.6479,0.9668,,
DATA,A003,7,337,871186,-0.4283,0.8094,-0.1583,142.8833,92.8345,-229.2480,0.9293,,
DATA,A003,7,338,871196,-0.2750,0.8817,-0.1876,148.9258,112.9761,-217.0410,0.9424,,
DATA,A003,7,339,871206,-0.0565,0.9629,-0.2181,151.4893,157.8979,-204.5288,0.9890,,
DATA,A003,7,340,871216,0.0683,0.9861,-0.1886,152.0996,193.2983,-197.6929,1.0063,,
DATA,A003,7,341,871226,0.1605,1.0035,-0.1215,150.8179,235.2295,-188.2935,1.0235,,
DATA,A003,7,342,871236,0.1745,0.9930,-0.0524,147.1558,254.5776,-181.7017,1.0095,,
DATA,A003,7,343,871246,0.0888,0.9691,0.1100,138.3057,250.3052,-167.5415,0.9793,,
DATA,A003,7,344,871256,-0.0272,0.9695,0.2103,128.5400,231.0181,-150.3296,0.9925,,
DATA,A003,7,345,871266,-0.1642,1.0157,0.2648,107.1167,185.6689,-119.3237,1.0624,,
DATA,A003,7,346,871276,-0.1742,1.0399,0.2357,90.7593,151.0620,-97.9614,1.0804,,
DATA,A003,7,347,871286,-0.0741,1.0152,0.1771,64.7583,106.3232,-64.4531,1.0332,,
DATA,A003,7,348,871296,0.0507,0.9376,0.1305,47.8516,96.9849,-42.7856,0.9480,,
DATA,A003,7,349,871306,0.2252,0.7606,0.1486,32.7759,103.6987,-11.7798,0.8070,,
DATA,A003,7,350,871316,0.2882,0.6612,0.2833,35.8276,113.3423,9.0942,0.7749,,
DATA,A003,7,351,871326,0.2648,0.6419,0.3819,43.8843,132.2632,30.1514,0.7925,,
DATA,A003,7,352,871336,0.1022,0.6856,0.5204,49.6216,153.0762,52.8564,0.8668,,
DATA,A003,7,353,871346,-0.0401,0.7022,0.6244,42.5415,157.0435,64.6362,0.9405,,
DATA,A003,7,354,871356,-0.3622,0.6072,0.6564,11.9629,172.3633,89.5386,0.9647,,
DATA,A003,7,355,871366,-0.6090,0.4764,0.5931,-7.6904,192.9932,106.0181,0.9745,,
DATA,A003,7,356,871376,-1.1139,0.1890,0.5414,-1.0986,225.6470,141.2354,1.2528,,
DATA,A003,7,357,871386,-1.6725,0.0418,0.7086,32.7148,241.7603,175.4761,1.8169,,
DATA,A003,7,358,871396,-2.8961,0.1841,1.2286,93.9941,243.3472,200.6226,3.1513,,
DATA,A003,7,359,871406,-3.5067,0.5237,1.3155,107.9102,209.3506,185.3027,3.7818,,
DATA,A003,7,360,871416,-3.9313,1.0572,1.3973,94.9707,101.6846,180.4810,4.3041,,
DATA,A003,7,361,871426,-3.8321,1.2837,1.3463,71.3501,27.8320,180.4810,4.2598,,
DATA,A003,7,362,871436,-3.3898,1.2012,1.2074,20.8130,-56.4575,134.7046,3.7936,,
DATA,A003,7,363,871446,-2.9598,0.9095,1.1446,-16.7847,-76.7212,101.7456,3.3012,,
DATA,A003,7,364,871456,-2.3751,0.3592,0.9359,-63.6597,-52.4292,89.9658,2.5780,,
DATA,A003,7,365,871466,-2.0228,0.0150,0.7782,-79.8950,-24.3530,92.1021,2.1674,,
DATA,A003,7,366,871476,-1.6007,-0.3342,0.6100,-85.9375,9.2163,101.5015,1.7453,,
DATA,A003,7,367,871486,-1.3822,-0.4260,0.5035,-83.3740,33.4473,109.1309,1.5315,,
DATA,A003,7,368,871496,-1.1971,-0.4177,0.2997,-76.7822,55.1147,119.6289,1.3028,,
DATA,A003,7,369,871506,-1.1044,-0.3842,0.2020,-73.0591,65.4907,125.1221,1.1866,,
DATA,A003,7,370,871516,-0.9913,-0.3620,0.1359,-72.6929,70.3125,133.4839,1.0641,,
DATA,A003,7,371,871526,-0.9488,-0.3786,0.1310,-78.9795,65.7349,140.6250,1.0299,,
DATA,A003,7,372,871536,-0.9108,-0.4763,0.2054,-90.0269,63.7817,146.0571,1.0481,,
DATA,A003,7,373,871546,-0.8646,-0.5515,0.2726,-92.8955,56.2744,145.2026,1.0611,,
DATA,A003,7,374,871556,-0.7584,-0.6249,0.3180,-90.2710,37.4146,144.2871,1.0329,,
DATA,A003,7,375,871566,-0.6964,-0.6476,0.3119,-87.7075,18.7988,141.8457,1.0008,,
DATA,A003,7,376,871576,-0.5375,-0.6552,0.2928,-83.4961,-6.1035,130.9204,0.8966,,
DATA,A003,7,377,871586,-0.3998,-0.6413,0.2855,-79.3457,-21.1792,118.0420,0.8078,,
DATA,A003,7,378,871596,-0.1908,-0.6303,0.2421,-72.9980,-38.8184,98.7549,0.7016,,
DATA,A003,7,379,871606,-0.0675,-0.6623,0.2423,-68.8477,-45.3491,85.0830,0.7084,,
DATA,A003,7,380,871616,0.0709,-0.7939,0.2447,-61.6455,-47.8516,59.3872,0.8338,,
DATA,A003,7,381,871626,0.1286,-0.9457,0.2618,-60.3638,-46.2036,41.0767,0.9897,,
DATA,A003,7,382,871636,0.1246,-1.2785,0.3902,-57.2510,-49.1943,4.7607,1.3425,,
DATA,A003,7,383,871646,0.0558,-1.4926,0.5030,-48.5229,-51.5747,-22.9492,1.5761,,
DATA,A003,7,384,871656,-0.2547,-1.6691,0.5951,-34.3018,-62.8662,-58.8989,1.7903,,
DATA,A003,7,385,871666,-0.5467,-1.6923,0.6144,-28.3813,-70.0073,-86.1816,1.8816,,
DATA,A003,7,386,871676,-0.7435,-1.6589,0.5799,-26.6724,-63.7207,-131.2866,1.9081,,
DATA,A003,7,387,871686,-0.7140,-1.6020,0.1420,-59.7534,-71.8384,-220.8862,1.7596,,
DATA,A003,7,388,871696,-0.6664,-1.7001,-0.2404,-103.2715,-90.8813,-279.6021,1.8418,,
DATA,A003,7,389,871706,-0.8334,-1.8217,-0.7702,-128.7231,-120.1782,-358.8257,2.1462,,
DATA,A003,7,390,871716,-1.1922,-1.8105,-0.5514,-85.8154,-130.3101,-421.5088,2.2368,,
DATA,A003,7,391,871726,-1.9755,-1.5790,0.2789,-23.4985,-53.2837,-520.9961,2.5443,,
DATA,A003,7,392,871736,-2.4520,-1.5529,0.7211,-41.6870,20.4468,-573.6694,2.9906,,
DATA,A003,7,393,871746,-3.7582,-1.7792,1.1190,-121.4600,43.5181,-575.9888,4.3060,,
DATA,A003,7,394,871756,-4.6366,-1.8532,1.1339,-120.3613,12.5122,-555.7251,5.1204,,
DATA,A003,7,395,871766,-5.9803,-1.4511,1.1805,-58.1055,-60.6079,-437.0728,6.2661,,
DATA,A003,7,396,871776,-5.7110,-0.7387,1.0621,4.2725,-39.4287,-425.2319,5.8558,,
DATA,A003,7,397,871786,-4.7618,0.5716,1.0309,66.3452,-32.1045,-429.6875,4.9055,,
DATA,A003,7,398,871796,-3.8658,1.3860,0.9061,69.4580,-54.6875,-423.4009,4.2056,,
DATA,A003,7,399,871806,-2.4005,1.9459,0.7399,55.0537,-48.9502,-375.6104,3.1774,,
DATA,A003,7,400,871816,-1.5687,1.7181,0.7298,23.2544,-8.4229,-344.6045,2.4383,,
DATA,A003,7,401,871826,-0.8087,0.7483,0.7650,-53.5278,84.2285,-329.5898,1.3414,,
DATA,A003,7,402,871836,-0.5821,0.0464,0.6927,-89.5996,138.4888,-324.6460,0.9061,,
DATA,A003,7,403,871846,-0.5179,-0.6179,0.4650,-66.7725,201.9653,-315.7349,0.9307,,
DATA,A003,7,404,871856,-0.5863,-0.6286,0.3212,-5.8594,221.8018,-310.7300,0.9176,,
DATA,A003,7,405,871866,-0.6930,-0.0454,0.2762,95.3979,204.7729,-288.5742,0.7474,,
DATA,A003,7,406,871876,-0.6527,0.4759,0.2936,126.0376,171.2036,-267.7002,0.8595,,
DATA,A003,7,407,871886,-0.4386,1.0074,0.3050,92.3462,119.3848,-232.7271,1.1403,,
DATA,A003,7,408,871896,-0.2662,1.0425,0.2599,38.2080,91.7969,-213.4399,1.1069,,
DATA,A003,7,409,871906,-0.0179,0.7276,0.1456,-24.2920,71.4111,-197.4487,0.7422,,
DATA,A003,7,410,871916,0.0990,0.4661,0.0416,-35.7666,67.2607,-187.3779,0.4783,,
DATA,A003,7,411,871926,0.2084,0.2173,-0.0675,-20.7520,66.9556,-170.8984,0.3086,,
DATA,A003,7,412,871936,0.2389,0.2054,-0.1273,-2.2583,68.7256,-158.7524,0.3398,,
DATA,A003,7,413,871946,0.2016,0.3629,-0.1710,22.3389,78.6133,-137.3901,0.4489,,
DATA,A003,7,414,871956,0.1937,0.5005,-0.1049,34.2407,84.8389,-120.6055,0.5469,,
DATA,A003,7,415,871966,0.0980,0.6942,-0.0140,39.8560,85.3882,-81.7871,0.7012,,
DATA,A003,7,416,871976,-0.0011,0.7498,0.0516,33.5693,83.2520,-52.0630,0.7516,,
DATA,A003,7,417,871986,-0.1236,0.7239,0.1356,20.3857,79.4678,-14.0991,0.7468,,
DATA,A003,7,418,871996,-0.1857,0.6768,0.1603,15.5029,78.3691,9.5215,0.7199,,
DATA,A003,7,419,872006,-0.2633,0.6292,0.1759,18.6768,77.3926,43.8232,0.7044,,
DATA,A003,7,420,872016,-0.2716,0.6331,0.1771,24.8413,75.8667,66.4062,0.7113,,
DATA,A003,7,421,872026,-0.2726,0.6387,0.1439,30.9448,65.0635,100.4639,0.7092,,
DATA,A003,7,422,872036,-0.3065,0.6180,0.1757,31.9214,58.7158,117.9810,0.7118,,
DATA,A003,7,423,872046,-0.4205,0.5611,0.3773,33.3252,55.0537,133.9722,0.7963,,
DATA,A003,7,424,872056,-0.5206,0.5159,0.5275,31.7993,53.7720,142.9443,0.9030,,
DATA,A003,7,425,872066,-0.5851,0.4268,0.6246,26.1841,51.0254,154.2969,0.9564,,
DATA,A003,7,426,872076,-0.8348,0.1221,0.5741,-4.5776,43.5791,207.5195,1.0205,,
DATA,A003,7,427,872086,-1.1105,-0.2331,0.5724,-32.4097,48.2178,263.1226,1.2709,,
DATA,A003,7,428,872096,-1.6085,-0.8444,0.7674,-41.7480,82.4585,354.9194,1.9721,,
DATA,A003,7,429,872106,-1.9818,-1.0964,0.8959,-13.3667,98.0835,390.6860,2.4356,,
DATA,A003,7,430,872116,-2.3727,-1.0649,1.0043,50.9644,135.8032,420.5322,2.7878,,
DATA,A003,7,431,872126,-2.4298,-0.7844,0.8448,82.2144,155.8228,431.7017,2.6894,,
DATA,A003,7,432,872136,-2.4015,-0.2997,0.5524,89.0503,135.5591,440.1245,2.4823,,
DATA,A003,7,433,872146,-2.4271,-0.0920,0.4818,72.9980,101.8677,437.9272,2.4762,,
DATA,A003,7,434,872156,-2.6283,0.0247,0.5968,40.2832,46.6309,415.3442,2.6953,,
DATA,A003,7,435,872166,-2.6678,-0.0141,0.7052,25.5127,29.4189,387.5732,2.7595,,
DATA,A003,7,436,872176,-2.4234,-0.0910,0.8304,32.2876,19.1650,358.3374,2.5634,,
DATA,A003,7,437,872186,-2.2474,-0.0378,0.9530,50.4761,14.5874,345.2148,2.4414,,
DATA,A003,7,438,872196,-1.8163,0.1143,0.9171,59.0820,38.2080,315.0024,2.0379,,
DATA,A003,7,439,872206,-1.5106,0.1707,0.8417,46.5698,56.9458,303.3447,1.7377,,
DATA,A003,7,440,872216,-1.2472,0.1795,0.6847,12.9395,62.1948,299.9878,1.4340,,
DATA,A003,7,441,872226,-1.2264,0.1309,0.5970,-10.9863,68.0542,297.7295,1.3703,,
DATA,A003,7,442,872236,-1.2491,-0.0165,0.4615,-43.0298,77.9419,294.4336,1.3318,,
DATA,A003,7,443,872246,-1.3131,-0.1044,0.4020,-56.5186,79.4678,295.5933,1.3772,,
DATA,A003,7,444,872256,-1.2931,-0.2040,0.3226,-62.6221,82.3364,291.1987,1.3482,,
DATA,A003,7,445,872266,-1.2530,-0.2272,0.2994,-57.8613,77.7588,288.2080,1.3082,,
DATA,A003,7,446,872276,-1.1608,-0.1955,0.3265,-45.2271,64.5752,279.9072,1.2216,,
DATA,A003,7,447,872286,-1.0585,-0.1542,0.3563,-40.5884,52.0630,270.6909,1.1274,,
DATA,A003,7,448,872296,-0.8824,-0.1318,0.4281,-45.6543,20.6909,256.2256,0.9896,,
DATA,A003,7,449,872306,-0.7738,-0.1699,0.5008,-54.0161,-6.8359,245.3003,0.9373,,
DATA,A003,7,450,872316,-0.6385,-0.3393,0.7477,-65.3687,-61.9507,219.4824,1.0401,,
DATA,A003,7,451,872326,-0.5780,-0.5012,0.9733,-68.3594,-111.2671,193.9087,1.2379,,
DATA,A003,7,452,872336,-0.5316,-0.7512,1.1717,-81.6650,-202.0874,150.2075,1.4899,,
DATA,A003,7,453,872346,-0.4662,-0.9045,1.1598,-100.2197,-267.2119,119.5679,1.5429,,
DATA,A003,7,454,872356,-0.3690,-1.0163,1.0568,-121.8262,-332.0312,93.9331,1.5119,,
DATA,A003,7,455,872366,-0.1534,-1.0812,0.8070,-142.4561,-404.1138,66.5283,1.3579,,
DATA,A003,7,456,872376,-0.0167,-1.0886,0.6002,-148.3765,-422.3022,50.0488,1.2432,,
DATA,A003,7,457,872386,0.1718,-1.0620,0.2423,-152.5269,-393.4937,19.0430,1.1027,,
DATA,A003,7,458,872396,0.2504,-1.0109,-0.0463,-152.7710,-353.5767,-1.3428,1.0425,,
DATA,A003,7,459,872406,0.2584,-0.9413,-0.4786,-143.0664,-277.5269,-18.4937,1.0872,,
DATA,A003,7,460,872416,0.1857,-0.9406,-0.5761,-115.2954,-221.1914,-19.8364,1.1185,,
DATA,A003,7,461,872426,-0.0694,-0.8969,-0.3385,-52.6733,-139.9536,-25.7568,0.9612,,
DATA,A003,7,462,872436,-0.5057,-0.8303,0.0629,-13.6719,-104.8584,-31.7383,0.9742,,
DATA,A003,7,463,872446,-1.8605,-0.8600,1.3375,26.2451,-70.8008,-46.3867,2.4474,,
DATA,A003,7,464,872456,-2.8329,-0.3630,3.0914,8.7280,-73.6694,-90.3931,4.2088,,
DATA,A003,7,465,872466,-3.6102,0.7452,2.7733,-117.7368,-89.9658,-107.0557,4.6130,,
DATA,A003,7,466,872476,-3.8561,0.8087,2.8390,-162.7197,-242.6147,-95.3369,4.8562,,
DATA,A003,7,467,872486,-3.3424,1.5325,3.0968,-72.9980,-364.8682,-103.6987,4.8073,,
DATA,A003,7,468,872496,-2.4296,2.2901,2.7242,-39.0625,-364.6240,-109.9854,4.3091,,
DATA,A003,7,469,872506,-1.3348,2.8548,2.1969,-80.8716,-204.7729,-140.0757,3.8416,,
DATA,A003,7,470,872516,-0.9230,2.6851,1.8497,-130.1880,-65.5518,-152.8320,3.3887,,
DATA,A003,7,471,872526,-0.7433,1.7740,1.4974,-179.9316,115.2344,-175.5371,2.4376,,
DATA,A003,7,472,872536,-0.7171,1.1800,1.3075,-190.0024,200.6836,-201.1719,1.9016,,
DATA,A003,7,473,872546,-0.7435,0.5096,1.1066,-173.5229,282.8979,-234.8633,1.4272,,
DATA,A003,7,474,872556,-0.8404,0.2154,0.9093,-139.2822,309.6313,-246.5820,1.2568,,
DATA,A003,7,475,872566,-1.0192,-0.0019,0.7245,-59.1431,306.4575,-254.6997,1.2504,,
DATA,A003,7,476,872576,-1.1056,-0.0146,0.6642,-6.5308,274.5972,-251.7090,1.2898,,
DATA,A003,7,477,872586,-1.1005,0.1170,0.6805,43.5791,198.9136,-243.6523,1.2992,,
DATA,A003,7,478,872596,-0.9261,0.2571,0.6830,55.7251,152.7100,-239.7461,1.1791,,
DATA,A003,7,479,872606,-0.6290,0.4634,0.6612,56.4575,110.9009,-234.6191,1.0236,,
DATA,A003,7,480,872616,-0.4689,0.5679,0.5668,50.1709,102.8442,-227.2949,0.9293,,
DATA,A003,7,481,872626,-0.3641,0.6263,0.4232,38.8184,105.3467,-214.1113,0.8390,,
DATA,A003,7,482,872636,-0.3475,0.6282,0.3258,31.9214,108.3374,-206.0547,0.7884,,
DATA,A003,7,483,872646,-0.4073,0.6067,0.1893,22.8882,92.9565,-192.6880,0.7549,,
DATA,A003,7,484,872656,-0.4317,0.5906,0.1083,16.4185,71.3501,-183.8379,0.7396,,
DATA,A003,7,485,872666,-0.3951,0.5723,0.0113,6.5308,28.3203,-175.3540,0.6956,,
DATA,A003,7,486,872676,-0.3212,0.5687,-0.0311,-0.8545,2.1362,-172.4243,0.6538,,
DATA,A003,7,487,872686,-0.1803,0.5672,-0.0690,-14.1602,-22.7051,-169.8608,0.5991,,
DATA,A003,7,488,872696,-0.0848,0.5655,-0.0790,-23.6206,-28.5034,-168.3350,0.5772,,
DATA,A003,7,489,872706,-0.0172,0.5748,-0.0639,-30.7617,-26.5503,-167.7856,0.5786,,
DATA,A003,7,490,872716,0.0062,0.6273,0.0084,-35.1562,-13.8550,-169.6777,0.6273,,
DATA,A003,7,491,872726,-0.0152,0.6841,0.1241,-37.6587,-6.6528,-172.4854,0.6955,,
DATA,A003,7,492,872736,-0.1825,0.7730,0.3302,-47.9126,-14.3433,-173.5229,0.8602,,
DATA,A003,7,493,872746,-0.3290,0.8536,0.4330,-59.5703,-31.4331,-172.4854,1.0121,,
DATA,A003,7,494,872756,-0.5106,0.9940,0.4723,-78.7964,-66.2842,-173.4009,1.2131,,
DATA,A003,7,495,872766,-0.5345,1.0718,0.5131,-89.3555,-90.3931,-175.0488,1.3030,,
DATA,A003,7,496,872776,-0.4244,1.0943,0.5770,-97.9004,-112.5488,-170.0439,1.3079,,
DATA,A003,7,497,872786,-0.3165,1.0291,0.5543,-97.2900,-104.9194,-152.3438,1.2110,,
DATA,A003,7,498,872796,-0.1510,0.8636,0.6732,-77.1484,-71.1060,-112.9150,1.1053,,
DATA,A003,7,499,872806,-0.0328,0.7391,0.8048,-57.0068,-32.2876,-83.2520,1.0932,,
DATA,A003,7,500,872816,-0.0255,0.5318,1.0768,-36.1328,17.6392,-45.4712,1.2012,,
DATA,A003,7,501,872826,-0.1966,0.3858,1.2567,-30.0293,40.8325,-26.7944,1.3292,,
DATA,A003,7,502,872836,-0.6151,0.2117,1.4554,-14.0991,82.3364,-0.4272,1.5942,,
DATA,A003,7,503,872846,-0.8155,0.1404,1.4662,4.9438,104.7974,16.7847,1.6836,,
DATA,A003,7,504,872856,-0.9588,0.0887,1.4737,43.0298,119.6899,47.4243,1.7604,,
DATA,A003,7,505,872866,-1.0174,0.0555,1.4979,64.6973,114.9902,64.8804,1.8116,,
DATA,A003,7,506,872876,-1.1217,-0.0607,1.5382,81.2378,93.0786,76.4771,1.9047,,
DATA,A003,7,507,872886,-1.1857,-0.1938,1.5968,87.5854,69.0918,73.5474,1.9983,,
DATA,A003,7,508,872896,-1.2750,-0.3120,1.7064,106.4453,22.4609,69.3970,2.1529,,
DATA,A003,7,509,872906,-1.2799,-0.2812,1.7425,123.4741,-11.5356,70.4346,2.1803,,
DATA,A003,7,510,872916,-1.1661,-0.1555,1.6898,137.5732,-63.1104,72.6929,2.0590,,
DATA,A003,7,511,872926,-0.9903,-0.1337,1.6141,133.1177,-89.4165,71.8384,1.8984,,
DATA,A003,7,512,872936,-0.6898,-0.2172,1.4432,118.4082,-114.0747,66.8335,1.6143,,
DATA,A003,7,513,872946,-0.5243,-0.3190,1.3187,111.9385,-120.9717,63.7817,1.4545,,
DATA,A003,7,514,872956,-0.3299,-0.4523,1.1376,116.0278,-117.3096,57.6172,1.2679,,
DATA,A003,7,515,872966,-0.2167,-0.5119,1.0333,125.7935,-110.7788,52.4902,1.1733,,
DATA,A003,7,516,872976,-0.1014,-0.5266,0.9176,142.9443,-106.0791,43.3960,1.0628,,
DATA,A003,7,517,872986,-0.0421,-0.5102,0.8893,152.3438,-108.7646,33.5693,1.0261,,
DATA,A003,7,518,872996,0.0797,-0.4731,0.9115,160.0342,-112.1216,12.6343,1.0300,,
DATA,A003,7,519,873006,0.1415,-0.4377,0.9681,163.9404,-112.7930,-3.0518,1.0719,,
DATA,A003,7,520,873016,0.1930,-0.3239,0.9759,164.1846,-98.8770,-22.5830,1.0462,,
DATA,A003,7,521,873026,0.2055,-0.2543,0.8944,156.1890,-84.4727,-34.1187,0.9523,,
DATA,A003,7,522,873036,0.1195,-0.2167,0.8116,139.3433,-70.3735,-45.2881,0.8485,,
DATA,A003,7,523,873046,0.0180,-0.1906,0.8080,131.6528,-65.8569,-48.1567,0.8303,,
DATA,A003,7,524,873056,-0.0677,-0.1389,0.7999,124.7559,-61.4624,-53.9551,0.8147,,
DATA,A003,7,525,873066,-0.1559,-0.0922,0.7538,110.7178,-59.8755,-71.0449,0.7752,,
DATA,A003,7,526,873076,-0.1857,-0.0851,0.7533,100.4639,-67.2607,-85.9985,0.7805,,
DATA,A003,7,527,873086,-0.1693,-0.0900,0.6966,80.1392,-83.1299,-106.5674,0.7226,,
DATA,A003,7,528,873096,-0.1158,-0.1249,0.6901,66.7114,-92.1631,-120.3003,0.7108,,
DATA,A003,7,529,873106,-0.0431,-0.1279,0.7535,55.7861,-91.1255,-140.1367,0.7655,,
DATA,A003,7,530,873116,-0.0184,-0.0817,0.7455,51.1475,-78.7964,-153.1372,0.7502,,
DATA,A003,7,531,873126,-0.0257,-0.0397,0.7787,41.1377,-55.7861,-168.7012,0.7801,,
DATA,A003,7,532,873136,-0.0780,-0.0266,0.8946,35.0952,-45.6543,-176.6357,0.8984,,
DATA,A003,7,533,873146,-0.1874,0.0284,0.9745,24.8413,-42.2363,-187.8662,0.9927,,
DATA,A003,7,534,873156,-0.2257,0.0489,0.9938,15.9912,-47.8516,-195.3125,1.0202,,
DATA,A003,7,535,873166,-0.2611,0.0584,1.0216,5.9204,-65.7349,-202.8198,1.0561,,
DATA,A003,7,536,873176,-0.2433,0.0547,1.0155,1.4038,-79.7119,-205.0171,1.0457,,
DATA,A003,7,537,873186,-0.1854,0.0171,1.0507,-1.3428,-93.0176,-202.8198,1.0670,,
DATA,A003,7,538,873196,-0.1661,-0.0046,1.1029,-0.1831,-95.3979,-199.1577,1.1153,,
DATA,A003,7,539,873206,-0.1688,-0.0263,1.1239,2.9297,-86.1206,-191.1621,1.1368,,
DATA,A003,7,540,873216,-0.1822,-0.0617,1.1537,5.3101,-78.0640,-185.4248,1.1696,,
DATA,A003,7,541,873226,-0.2469,-0.1000,1.2682,13.0005,-67.3828,-173.5840,1.2959,,
DATA,A003,7,542,873236,-0.3009,-0.0773,1.3197,19.5312,-60.5469,-165.8936,1.3558,,
DATA,A003,7,543,873246,-0.3409,-0.0378,1.3317,25.5737,-52.8564,-155.5786,1.3751,,
DATA,A003,7,544,873256,-0.3512,-0.0280,1.3158,27.4658,-49.6826,-146.2402,1.3621,,
DATA,A003,7,545,873266,-0.3280,-0.0119,1.2923,30.5786,-45.4102,-132.0801,1.3334,,
DATA,A003,7,546,873276,-0.3197,0.0174,1.2508,32.4707,-41.4429,-123.7183,1.2912,,
DATA,A003,7,547,873286,-0.3346,0.0892,1.2389,36.8042,-35.1562,-115.2344,1.2864,,
DATA,A003,7,548,873296,-0.3358,0.1700,1.2618,39.3066,-29.6631,-112.4878,1.3168,,
DATA,A003,7,549,873306,-0.3119,0.2740,1.2508,33.7524,-19.1040,-110.2295,1.3179,,
DATA,A003,7,550,873316,-0.2799,0.2816,1.2298,25.3296,-13.1226,-110.7178,1.2923,,
DATA,A003,7,551,873326,-0.2345,0.2471,1.1669,12.6953,-5.1270,-112.9761,1.2156,,
DATA,A003,7,552,873336,-0.1852,0.2081,1.0697,6.4087,-2.1973,-113.8916,1.1054,,
DATA,A003,7,553,873346,-0.1195,0.1566,0.9322,1.8921,-1.7700,-112.7319,0.9528,,
DATA,A003,7,554,873356,-0.0980,0.1470,0.8705,1.8921,-2.2583,-112.1826,0.8882,,
DATA,A003,7,555,873366,-0.0631,0.1624,0.8046,2.2583,-4.3335,-113.2812,0.8232,,
DATA,A003,7,556,873376,-0.0497,0.1697,0.7765,2.0142,-6.7139,-114.0137,0.7964,,
DATA,A003,7,557,873386,-0.0441,0.1631,0.7499,1.3428,-8.9722,-115.0513,0.7687,,
DATA,A003,7,558,873396,-0.0167,0.1407,0.7330,2.1362,-14.9536,-113.8916,0.7466,,
DATA,A003,7,559,873406,0.0104,0.1233,0.7674,3.2959,-19.9585,-110.6567,0.7774,,
DATA,A003,7,560,873416,0.0214,0.0958,0.8505,2.9297,-24.5361,-102.5391,0.8561,,
DATA,A003,7,561,873426,0.0424,0.0670,0.8693,-0.2441,-24.5361,-96.4355,0.8729,,
DATA,A003,7,562,873436,0.0512,0.0108,0.8893,-4.5166,-23.6206,-84.8389,0.8908,,
DATA,A003,7,563,873446,0.0661,-0.0090,0.8785,-5.0049,-21.1182,-76.6602,0.8811,,
DATA,A003,7,564,873456,0.0895,-0.0236,0.8365,-5.1270,-19.7754,-64.8193,0.8416,,
DATA,A003,7,565,873466,0.0831,-0.0270,0.8453,-4.3945,-20.2637,-58.1665,0.8498,,
DATA,A003,7,566,873476,0.0790,-0.0297,0.8754,-1.8311,-20.0806,-51.6357,0.8794,,
DATA,A003,7,567,873486,0.0775,-0.0392,0.9337,1.2817,-22.0337,-46.6919,0.9377,,
DATA,A003,7,568,873496,-0.0201,0.0005,1.0912,9.7656,-25.9399,-33.9966,1.0914,,
DATA,A003,7,569,873506,-0.0638,0.0801,1.1920,15.6860,-23.6816,-28.6255,1.1964,,
DATA,A003,7,570,873516,-0.2154,0.2064,1.1322,16.2354,-18.8599,-21.1792,1.1708,,
DATA,A003,7,571,873526,-0.8671,0.6636,0.6249,45.9595,-25.0854,-42.6025,1.2580,,
DATA,A003,7,572,873536,0.1044,0.4363,1.2704,46.8140,-73.6084,19.0430,1.3473,,
DATA,A003,7,573,873546,-0.0555,-0.0361,1.0145,24.4751,-51.0254,8.9111,1.0167,,
DATA,A003,7,574,873556,0.2084,-0.1403,1.0680,48.9502,-38.2080,-28.9917,1.0971,,
DATA,A003,7,575,873566,0.1671,0.1622,1.0756,64.4531,-12.8784,-11.8408,1.1005,,
DATA,A003,7,576,873576,-0.0023,0.1336,1.0321,76.2939,-13.6719,-21.2402,1.0407,,
DATA,A003,7,577,873586,-0.0304,0.1983,1.0824,83.1909,-16.1743,-28.8696,1.1008,,
DATA,A003,7,578,873596,0.0707,0.3167,1.0990,83.7402,-48.0347,-26.8555,1.1459,,
DATA,A003,7,579,873606,0.1286,0.2889,1.1075,91.0034,-53.7720,-18.6768,1.1518,,
DATA,A003,7,580,873616,0.0502,0.4039,0.9061,115.2954,-78.9185,-38.8794,0.9933,,
DATA,A003,7,581,873626,-0.0082,0.3770,0.8724,115.7227,-88.1958,-49.5605,0.9504,,
DATA,A003,7,582,873636,0.0316,0.2159,0.9012,125.1831,-97.2290,-66.8335,0.9273,,
DATA,A003,7,583,873646,0.0971,0.2784,0.8856,107.2998,-99.8535,-72.6318,0.9334,,
DATA,A003,7,584,873656,0.3341,0.3443,0.9125,49.5605,-101.7456,-53.1006,1.0309,,
DATA,A003,7,585,873666,0.4994,0.3377,0.9086,28.5034,-70.4956,-38.2690,1.0904,,
DATA,A003,7,586,873676,0.5902,0.2786,0.9464,22.5220,-16.6016,-39.7339,1.1496,,
DATA,A003,7,587,873686,0.5275,0.2017,0.9464,19.9585,10.0708,-44.4946,1.1021,,
DATA,A003,7,588,873696,0.4284,0.1421,0.9127,19.0430,34.9121,-39.0625,1.0182,,
DATA,A003,7,589,873706,0.3121,0.1832,0.8746,22.6440,38.4521,-37.4146,0.9465,,
DATA,A003,7,590,873716,0.2921,0.2823,0.8463,29.9683,38.6963,-32.8369,0.9388,,
DATA,A003,7,591,873726,0.2372,0.3179,0.9188,30.3955,36.7432,-30.5786,1.0008,,
DATA,A003,7,592,873736,0.0565,0.1702,0.9354,36.3159,33.0200,-34.1797,0.9525,,
DATA,A003,7,593,873746,0.0568,0.3838,0.9921,35.5225,15.0757,-22.3999,1.0652,,
DATA,A003,7,594,873756,0.1244,0.3729,1.0189,31.1279,10.4980,-16.3574,1.0921,,
DATA,A003,7,595,873766,0.1871,0.3397,1.0050,25.0244,5.3711,-16.8457,1.0772,,
DATA,A003,7,596,873776,0.2636,0.3250,1.0013,18.0054,7.3853,-11.7798,1.0852,,
DATA,A003,7,597,873786,0.3068,0.3245,0.9869,6.7139,18.1274,-11.5967,1.0833,,
DATA,A003,7,598,873796,0.3207,0.3272,1.0004,-1.2207,25.6348,-11.5967,1.1003,,
DATA,A003,7,599,873806,0.3031,0.2798,1.0289,-9.9487,38.8184,-11.3525,1.1085,,
DATA,A003,7,600,873816,0.2953,0.3209,1.0607,-16.2964,44.0063,-8.7280,1.1468,,
DATA,A003,7,601,873826,0.3612,0.4244,1.1424,-31.0059,54.9316,1.8921,1.2711,,
EVENT,A003,7,,873835,,,,,,,,STOP,601
EVENT,A003,8,,876471,,,,,,,,START,
DATA,A003,8,1,876494,-0.3402,-0.1171,0.9999,7.6904,-2.7466,-17.7612,1.0626,,
DATA,A003,8,2,876504,-0.3053,-0.1103,1.0030,14.0381,-3.6621,-12.0239,1.0543,,
DATA,A003,8,3,876514,-0.3116,-0.0883,0.9652,15.5029,-6.2256,-8.4229,1.0181,,
DATA,A003,8,4,876524,-0.3436,-0.0729,0.9593,17.5171,-7.5684,-5.3711,1.0216,,
DATA,A003,8,5,876534,-0.2845,-0.0715,0.9598,14.9536,-4.8828,-1.8311,1.0037,,
DATA,A003,8,6,876544,-0.2401,-0.0629,0.9510,13.4888,-1.3428,-0.7324,0.9829,,
DATA,A003,8,7,876554,-0.2030,-0.0583,0.9313,10.0098,10.2539,2.3804,0.9549,,
DATA,A003,8,8,876564,-0.1803,-0.0717,0.9166,7.6294,21.4233,4.6387,0.9369,,
DATA,A003,8,9,876574,-0.1180,-0.0971,0.9122,1.6479,38.6963,8.9111,0.9249,,
DATA,A003,8,10,876584,-0.1212,-0.0842,0.8851,-5.7373,49.4995,11.9629,0.8973,,
DATA,A003,8,11,876594,-0.0990,-0.1147,0.8617,-9.2773,70.3125,12.2070,0.8749,,
DATA,A003,8,12,876604,-0.1468,-0.1213,0.8519,-10.6201,77.8809,7.3853,0.8729,,
DATA,A003,8,13,876614,-0.2743,-0.0793,0.8395,-19.0430,88.1958,-0.4272,0.8867,,
DATA,A003,8,14,876624,-0.3107,-0.0615,0.8324,-25.3296,106.8115,-0.9766,0.8906,,
DATA,A003,8,15,876634,-0.3431,-0.0876,0.8317,-36.0718,101.9287,2.6855,0.9039,,
DATA,A003,8,16,876644,-0.3768,-0.0934,0.8444,-45.1660,99.5483,2.9907,0.9293,,
DATA,A003,8,17,876654,-0.4154,-0.0920,0.8077,-54.2603,97.9004,11.6577,0.9129,,
DATA,A003,8,18,876664,-0.3812,-0.1371,0.8036,-52.1240,99.6094,24.9634,0.8999,,
DATA,A003,8,19,876674,-0.2860,-0.1918,0.7923,-44.7388,96.8018,43.5791,0.8640,,
DATA,A003,8,20,876684,-0.2193,-0.2184,0.7797,-41.3818,92.6514,55.6030,0.8389,,
DATA,A003,8,21,876694,-0.1832,-0.2558,0.7501,-24.6582,92.3462,65.5518,0.8134,,
DATA,A003,8,22,876704,-0.2064,-0.2158,0.7052,-1.2817,102.2949,54.3213,0.7658,,
DATA,A003,8,23,876714,-0.2901,-0.1635,0.6610,42.8467,117.0044,40.9546,0.7402,,
DATA,A003,8,24,876724,-0.3880,-0.0998,0.6569,51.2085,111.1450,47.4243,0.7694,,
DATA,A003,8,25,876734,-0.6554,-0.0512,0.6529,41.3818,79.2847,47.1802,0.9265,,
DATA,A003,8,26,876744,-0.5130,0.1932,0.5856,15.9302,54.8706,53.0396,0.8021,,
DATA,A003,8,27,876754,-0.3436,-0.1606,0.6078,16.7236,37.2925,63.6597,0.7164,,
DATA,A003,8,28,876764,-0.0919,0.3348,0.8241,30.8838,45.2271,50.9644,0.8942,,
DATA,A003,8,29,876774,-0.0589,0.0196,0.7181,-26.2451,111.9385,33.6914,0.7208,,
DATA,A003,8,30,876784,-0.1805,-0.2070,0.7364,-32.6538,145.9351,44.6777,0.7860,,
DATA,A003,8,31,876794,-0.3929,-0.3032,0.8177,1.5259,182.8613,67.8711,0.9566,,
DATA,A003,8,32,876804,-0.6168,-0.2182,0.9066,25.4517,185.7910,81.4819,1.1180,,
DATA,A003,8,33,876814,-0.8548,0.0355,1.1197,33.2031,168.1519,97.3511,1.4092,,
DATA,A003,8,34,876824,-0.9398,0.1756,1.2386,14.4653,143.9819,100.2197,1.5647,,
DATA,A003,8,35,876834,-0.9505,0.1883,1.2460,-10.3149,121.5820,104.3091,1.5784,,
DATA,A003,8,36,876844,-0.8810,0.1038,1.3229,-21.6675,77.4536,110.2905,1.5928,,
DATA,A003,8,37,876854,-0.8331,0.1080,1.3256,-17.7002,49.4385,115.6616,1.5693,,
DATA,A003,8,38,876864,-0.7599,0.1858,1.2728,-4.6997,8.9111,111.7554,1.4940,,
DATA,A003,8,39,876874,-0.6407,0.2315,1.2176,2.8687,-10.7422,105.5298,1.3953,,
DATA,A003,8,40,876884,-0.4708,0.2332,1.1141,9.7046,-32.4707,91.8579,1.2318,,
DATA,A003,8,41,876894,-0.4825,0.1138,0.9701,7.0190,-38.2080,85.5713,1.0894,,
DATA,A003,8,42,876904,-0.4137,0.0330,0.6937,6.0425,-42.5415,62.4390,0.8084,,
DATA,A003,8,43,876914,-0.1847,0.1805,0.7872,13.7939,-16.3574,84.1675,0.8285,,
DATA,A003,8,44,876924,-0.0965,-0.0854,0.7115,-3.6011,41.5649,90.0269,0.7231,,
DATA,A003,8,45,876934,-0.1871,-0.2990,0.6832,-13.4888,74.7070,85.0220,0.7689,,
DATA,A003,8,46,876944,-0.3365,-0.5412,0.6959,-3.0518,123.1689,65.3076,0.9436,,
DATA,A003,8,47,876954,-0.4686,-0.6452,0.7091,9.5825,143.5547,55.9692,1.0671,,
DATA,A003,8,48,876964,-0.6537,-0.6848,0.7357,21.4844,154.6021,48.3398,1.1989,,
DATA,A003,8,49,876974,-0.7491,-0.6323,0.7767,22.8271,140.8691,44.0674,1.2507,,
DATA,A003,8,50,876984,-0.8260,-0.4787,0.7989,19.7754,106.5063,34.8511,1.2449,,
DATA,A003,8,51,876994,-0.8609,-0.3686,0.7638,16.4795,82.1533,25.0244,1.2085,,
DATA,A003,8,52,877004,-0.8939,-0.2736,0.7089,9.7656,50.3540,9.5825,1.1732,,
DATA,A003,8,53,877014,-0.9090,-0.2744,0.6969,4.3945,33.0200,2.6855,1.1778,,
DATA,A003,8,54,877024,-0.9137,-0.3034,0.6656,-0.1221,12.0850,-2.0142,1.1704,,
DATA,A003,8,55,877034,-0.9247,-0.3127,0.6691,2.4414,0.5493,-4.8218,1.1834,,
DATA,A003,8,56,877044,-0.9440,-0.2917,0.7074,11.3525,-13.9771,-9.1553,1.2151,,
DATA,A003,8,57,877054,-0.9598,-0.2590,0.7447,16.6626,-22.3389,-10.6812,1.2422,,
DATA,A003,8,58,877064,-0.9628,-0.2038,0.8004,19.2871,-31.9824,-12.6343,1.2685,,
DATA,A003,8,59,877074,-0.9308,-0.1782,0.8168,18.1274,-36.0107,-14.4653,1.2511,,
DATA,A003,8,60,877084,-0.8590,-0.1481,0.8251,17.2119,-34.4849,-16.9067,1.2002,,
DATA,A003,8,61,877094,-0.7975,-0.1284,0.8236,17.9443,-27.2827,-18.3716,1.1536,,
DATA,A003,8,62,877104,-0.7235,-0.0837,0.8016,18.9209,-7.2632,-21.9116,1.0831,,
DATA,A003,8,63,877114,-0.6849,-0.0529,0.7738,18.7378,8.9722,-24.6582,1.0347,,
DATA,A003,8,64,877124,-0.6471,-0.0129,0.7186,17.7612,32.2266,-27.7100,0.9671,,
DATA,A003,8,65,877134,-0.6285,-0.0139,0.6793,17.5781,44.8608,-29.0527,0.9256,,
DATA,A003,8,66,877144,-0.6200,-0.0187,0.6310,19.9585,58.6548,-28.9307,0.8848,,
DATA,A003,8,67,877154,-0.6205,-0.0239,0.6022,24.0479,65.7349,-27.4048,0.8650,,
DATA,A003,8,68,877164,-0.6232,-0.0195,0.5721,30.5176,72.2046,-24.2920,0.8462,,
DATA,A003,8,69,877174,-0.6044,0.0196,0.5133,41.9922,82.2144,-14.2822,0.7932,,
DATA,A003,8,70,877184,-0.5973,0.0555,0.4879,50.5371,88.5010,-4.3335,0.7732,,
DATA,A003,8,71,877194,-0.6112,0.1190,0.4603,61.6455,98.0835,13.0005,0.7743,,
DATA,A003,8,72,877204,-0.6129,0.1478,0.4274,65.8569,103.4546,24.5972,0.7617,,
DATA,A003,8,73,877214,-0.5558,0.1600,0.3592,69.6411,108.8867,42.2974,0.6808,,
DATA,A003,8,74,877224,-0.4891,0.1470,0.3043,72.8149,110.4736,58.8989,0.5945,,
DATA,A003,8,75,877234,-0.3800,0.1461,0.2435,81.1768,113.7085,86.5479,0.4744,,
DATA,A003,8,76,877244,-0.3143,0.1622,0.2152,89.0503,119.2017,104.9805,0.4140,,
DATA,A003,8,77,877254,-0.2379,0.2137,0.2069,101.1353,135.4980,130.7373,0.3809,,
DATA,A003,8,78,877264,-0.1886,0.2706,0.2296,106.8115,148.4375,148.8037,0.4019,,
DATA,A003,8,79,877274,-0.1573,0.3878,0.2081,108.0322,176.0254,177.3682,0.4674,,
DATA,A003,8,80,877284,-0.1556,0.4525,0.2081,104.5532,196.4111,195.8618,0.5218,,
DATA,A003,8,81,877294,-0.1949,0.5528,0.1747,98.8770,228.4546,221.8628,0.6116,,
DATA,A003,8,82,877304,-0.2196,0.6165,0.1422,94.9707,248.0469,237.7319,0.6697,,
DATA,A003,8,83,877314,-0.2743,0.7193,0.1656,88.3179,263.3057,258.2397,0.7874,,
DATA,A003,8,84,877324,-0.3426,0.8138,0.1996,81.6040,262.7563,270.5078,0.9052,,
DATA,A003,8,85,877334,-0.5804,0.9764,0.2594,64.4531,244.3237,283.3862,1.1651,,
DATA,A003,8,86,877344,-0.8636,1.0882,0.3595,52.9175,215.5762,285.5835,1.4350,,
DATA,A003,8,87,877354,-1.3041,1.3233,0.3524,24.2920,161.0718,276.2451,1.8910,,
DATA,A003,8,88,877364,-1.4352,1.7134,0.3661,34.9731,117.0044,250.3662,2.2649,,
DATA,A003,8,89,877374,-1.5421,2.0745,0.5563,11.4746,41.8091,209.4116,2.6441,,
DATA,A003,8,90,877384,-1.5192,2.2137,0.5839,-6.5918,21.3623,178.2837,2.7476,,
DATA,A003,8,91,877394,-1.4825,2.3370,0.6261,-19.9585,10.7422,130.6152,2.8375,,
DATA,A003,8,92,877404,-1.4491,2.4214,0.6639,-22.7051,26.8555,104.1870,2.8990,,
DATA,A003,8,93,877414,-1.3768,2.4166,0.6564,-35.9497,62.8662,78.7964,2.8577,,
DATA,A003,8,94,877424,-1.3221,2.2545,0.6173,-51.8799,81.7871,68.1152,2.6855,,
DATA,A003,8,95,877434,-1.2762,1.8790,0.5792,-74.4019,93.3838,58.0444,2.3441,,
DATA,A003,8,96,877444,-1.2469,1.6402,0.5658,-83.1909,96.0693,52.7954,2.1366,,
DATA,A003,8,97,877454,-1.1734,1.3704,0.5553,-90.1489,95.4590,48.9502,1.8877,,
DATA,A003,8,98,877464,-1.1217,1.2354,0.5428,-95.5200,94.6045,47.9736,1.7547,,
DATA,A003,8,99,877474,-1.0636,1.0569,0.5023,-107.9712,91.0034,48.7061,1.5813,,
DATA,A003,8,100,877484,-1.0355,0.9334,0.4899,-117.4316,86.0596,50.4761,1.4777,,
DATA,A003,8,101,877494,-0.9977,0.7691,0.5218,-130.0659,69.8853,56.0913,1.3635,,
DATA,A003,8,102,877504,-0.9874,0.6829,0.5734,-138.6719,50.3540,62.8052,1.3305,,
DATA,A003,8,103,877514,-0.9747,0.6043,0.6424,-149.1089,22.3999,70.7397,1.3145,,
DATA,A003,8,104,877524,-0.9791,0.4305,0.6012,-176.9409,-30.5176,89.4775,1.2269,,
DATA,A003,8,105,877534,-1.0148,0.0787,0.3346,-221.7407,-88.3179,115.1123,1.0714,,
DATA,A003,8,106,877544,-1.0597,-0.2419,0.1390,-250.3052,-127.0752,133.6060,1.0958,,
DATA,A003,8,107,877554,-1.1051,-0.5888,-0.0143,-272.6440,-157.3486,147.1558,1.2522,,
DATA,A003,8,108,877564,-0.9715,-1.0927,-0.3082,-272.2168,-179.1992,144.0430,1.4943,,
DATA,A003,8,109,877574,-0.7648,-1.3627,-0.3827,-231.3843,-185.4248,141.9067,1.6088,,
DATA,A003,8,110,877584,-0.3805,-1.4091,-0.3546,-129.5166,-182.2510,155.2124,1.5020,,
DATA,A003,8,111,877594,-0.1852,-1.2714,-0.2152,-72.6929,-168.2739,166.6870,1.3027,,
DATA,A003,8,112,877604,0.0748,-1.0881,0.1322,-29.9072,-94.2993,157.5317,1.0986,,
DATA,A003,8,113,877614,0.1620,-0.9121,0.3834,-33.5083,-5.6763,142.1509,1.0025,,
DATA,A003,8,114,877624,-0.3006,-0.7397,0.3666,-93.2007,142.4561,127.6245,0.8786,,
DATA,A003,8,115,877634,-0.9103,-0.7324,0.2516,-117.3706,244.3237,97.1069,1.1951,,
DATA,A003,8,116,877644,-1.7352,-0.6450,0.2584,-94.1772,325.7446,26.0010,1.8692,,
DATA,A003,8,117,877654,-2.1498,-0.4655,0.2477,-75.0122,310.0586,-11.1694,2.2135,,
DATA,A003,8,118,877664,-2.5445,-0.2824,0.2574,-74.8291,231.0181,-70.8008,2.5731,,
DATA,A003,8,119,877674,-2.6903,-0.2199,0.2557,-76.2329,171.5698,-117.1265,2.7114,,
DATA,A003,8,120,877684,-2.6673,-0.1064,0.2667,-62.6831,109.1309,-196.4111,2.6828,,
DATA,A003,8,121,877694,-2.5931,0.0110,0.3485,-42.7856,88.0737,-253.3569,2.6165,,
DATA,A003,8,122,877704,-2.7067,0.3594,0.5289,0.3052,88.5620,-323.1812,2.7812,,
DATA,A003,8,123,877714,-2.8461,0.6646,0.7203,33.9355,89.8438,-365.7227,3.0101,,
DATA,A003,8,124,877724,-3.0077,1.2833,1.0594,84.2285,62.3779,-413.3301,3.4373,,
DATA,A003,8,125,877734,-2.9996,1.7586,1.1969,114.8071,34.1797,-430.0537,3.6774,,
DATA,A003,8,126,877744,-3.0345,2.5098,1.1322,141.1133,-30.4565,-432.1289,4.0975,,
DATA,A003,8,127,877754,-3.1171,2.8604,1.0096,140.6250,-91.4307,-420.5933,4.3494,,
DATA,A003,8,128,877764,-2.8461,3.0506,0.9122,123.1689,-187.5000,-400.0244,4.2706,,
DATA,A003,8,129,877774,-2.3834,2.9122,0.7601,110.6567,-243.7744,-392.5171,3.8392,,
DATA,A003,8,130,877784,-1.5621,2.5423,0.5155,102.1729,-272.0947,-391.2354,3.0281,,
DATA,A003,8,131,877794,-1.0387,2.4014,0.4391,102.8442,-265.3809,-385.1318,2.6530,,
DATA,A003,8,132,877804,-0.3976,2.3030,0.3358,101.0132,-217.5293,-362.9761,2.3611,,
DATA,A003,8,133,877814,-0.1166,2.1412,0.2870,97.1069,-174.4385,-342.0410,2.1635,,
DATA,A003,8,134,877824,0.1769,1.8653,0.2284,91.2476,-98.7549,-308.8379,1.8875,,
DATA,A003,8,135,877834,0.2470,1.6180,0.1852,84.0454,-49.1333,-284.5459,1.6472,,
DATA,A003,8,136,877844,0.3749,1.3072,0.0358,71.3501,2.3193,-250.6714,1.3604,,
DATA,A003,8,137,877854,0.4633,1.1204,-0.0521,63.9038,19.7754,-223.8159,1.2135,,
DATA,A003,8,138,877864,0.5536,0.9842,-0.2008,68.7256,29.1138,-194.1528,1.1469,,
DATA,A003,8,139,877874,0.7694,0.9268,-0.3273,88.2568,33.5693,-147.5830,1.2482,,
DATA,A003,8,140,877884,0.9010,0.9461,-0.3561,96.0693,35.4614,-110.5347,1.3542,,
DATA,A003,8,141,877894,0.9535,0.9241,-0.3627,87.3413,44.4336,-57.3120,1.3765,,
DATA,A003,8,142,877904,0.9503,0.8008,-0.3468,74.0967,63.8428,-17.7002,1.2903,,
DATA,A003,8,143,877914,0.8851,0.7034,-0.2538,73.4253,68.5425,8.7280,1.1588,,
DATA,A003,8,144,877924,0.8285,0.6495,-0.1073,78.7354,67.0166,36.3770,1.0582,,
DATA,A003,8,145,877934,0.7579,0.6734,0.1351,89.7217,53.2227,77.2095,1.0228,,
DATA,A003,8,146,877944,0.7296,0.7459,0.2318,92.9565,42.4805,103.0884,1.0689,,
DATA,A003,8,147,877954,0.7196,0.8765,0.3099,91.3086,39.8560,135.4370,1.1757,,
DATA,A003,8,148,877964,0.7111,0.9463,0.3099,86.9141,51.5137,153.1982,1.2236,,
DATA,A003,8,149,877974,0.6535,0.9800,0.3163,78.6133,85.3271,172.4243,1.2196,,
DATA,A003,8,150,877984,0.5541,0.9808,0.3199,73.3643,107.1167,181.3354,1.1710,,
DATA,A003,8,151,877994,0.2582,1.0113,0.3922,67.1997,135.7422,190.4297,1.1150,,
DATA,A003,8,152,878004,-0.0587,1.0770,0.4381,62.9272,146.6064,193.6646,1.1641,,
DATA,A003,8,153,878014,-0.5868,1.3475,0.5648,57.9224,151.9775,183.6548,1.5745,,
DATA,A003,8,154,878024,-0.8758,1.6380,0.4784,52.5513,148.3154,168.0908,1.9181,,
DATA,A003,8,155,878034,-1.2372,1.9793,0.4413,46.5088,120.7275,146.3013,2.3755,,
DATA,A003,8,156,878044,-1.4437,2.1116,0.5533,38.5742,100.3418,143.7378,2.6171,,
DATA,A003,8,157,878054,-1.7428,2.0560,0.7015,3.8452,90.8203,141.4795,2.7850,,
DATA,A003,8,158,878064,-1.8724,1.8755,0.7955,-20.0806,88.1348,138.0005,2.7670,,
DATA,A003,8,159,878074,-1.9349,1.5911,0.8397,-28.3203,86.6699,142.0288,2.6421,,
DATA,A003,8,160,878084,-1.8878,1.4883,0.8177,-15.5640,82.3975,142.7612,2.5392,,
DATA,A003,8,161,878094,-1.6832,1.4503,0.7748,4.8828,88.6230,133.9111,2.3530,,
DATA,A003,8,162,878104,-1.5358,1.4376,0.7462,5.6152,105.7739,123.9624,2.2320,,
DATA,A003,8,163,878114,-1.4234,1.2950,0.7142,-13.6719,151.4282,105.5908,2.0526,,
DATA,A003,8,164,878124,-1.4286,1.1024,0.6854,-29.4189,187.1338,94.2993,1.9302,,
DATA,A003,8,165,878134,-1.4857,0.7996,0.6061,-40.2222,228.5156,80.5054,1.7928,,
DATA,A003,8,166,878144,-1.5033,0.6334,0.5587,-37.1704,238.5864,72.9370,1.7243,,
DATA,A003,8,167,878154,-1.4901,0.4752,0.5004,-29.1748,228.6987,62.8052,1.6421,,
DATA,A003,8,168,878164,-1.4523,0.4168,0.4689,-27.0386,211.7310,55.2368,1.5820,,
DATA,A003,8,169,878174,-1.3248,0.3433,0.4120,-32.2266,180.1147,46.7529,1.4292,,
DATA,A003,8,170,878184,-1.1996,0.2650,0.3998,-38.7573,158.5083,44.4946,1.2919,,
DATA,A003,8,171,878194,-1.0694,0.1646,0.4059,-45.4712,138.3057,46.2036,1.1557,,
DATA,A003,8,172,878204,-0.8483,-0.0200,0.4288,-56.5796,115.1123,48.8892,0.9507,,
DATA,A003,8,173,878214,-0.7181,-0.1652,0.4388,-65.3687,99.4873,50.4150,0.8577,,
DATA,A003,8,174,878224,-0.5917,-0.4479,0.4269,-79.5898,77.1484,52.5513,0.8561,,
DATA,A003,8,175,878234,-0.5589,-0.6513,0.4200,-88.6230,60.1196,51.5747,0.9555,,
DATA,A003,8,176,878244,-0.4859,-0.9521,0.3756,-93.6890,39.8560,41.6260,1.1330,,
DATA,A003,8,177,878254,-0.4161,-1.1520,0.3490,-87.0972,26.6724,28.1372,1.2736,,
DATA,A003,8,178,878264,-0.2989,-1.4421,0.3094,-69.7632,11.0474,1.6479,1.5049,,
DATA,A003,8,179,878274,-0.2728,-1.5934,0.3238,-54.9316,7.9346,-13.1836,1.6488,,
DATA,A003,8,180,878284,-0.3348,-1.6642,0.2462,-28.6255,27.7100,-24.1089,1.7154,,
DATA,A003,8,181,878294,-0.4205,-1.6071,0.1637,-3.5400,54.9927,-33.9355,1.6693,,
DATA,A003,8,182,878304,-0.7474,-1.4116,0.0646,41.6870,86.7920,-60.7300,1.5985,,
DATA,A003,8,183,878314,-1.0860,-1.2748,0.0409,66.6504,87.1582,-75.7446,1.6752,,
DATA,A003,8,184,878324,-1.6852,-1.0566,0.1852,98.3887,63.5376,-107.0557,1.9976,,
DATA,A003,8,185,878334,-1.9947,-0.8427,0.3497,125.8545,49.1943,-146.2402,2.1935,,
DATA,A003,8,186,878344,-2.2152,-0.3481,0.7550,161.4990,25.4517,-219.6045,2.3661,,
DATA,A003,8,187,878354,-2.2252,0.0530,0.8541,152.2217,13.6719,-263.6108,2.3841,,
DATA,A003,8,188,878364,-2.3983,0.4185,0.8107,90.3931,-22.4609,-315.6738,2.5660,,
DATA,A003,8,189,878374,-2.6459,0.5306,0.7499,48.5840,-38.0249,-344.9097,2.8008,,
DATA,A003,8,190,878384,-2.9798,0.7151,0.6102,25.9399,-68.6035,-384.0332,3.1246,,
DATA,A003,8,191,878394,-3.1190,0.9014,0.6175,35.7056,-101.0132,-399.5972,3.3049,,
DATA,A003,8,192,878404,-3.2259,1.3436,0.6759,56.4575,-164.4287,-406.8604,3.5593,,
DATA,A003,8,193,878414,-3.2599,1.7256,0.7027,62.7441,-196.1060,-403.2593,3.7548,,
DATA,A003,8,194,878424,-3.2001,2.3043,0.6156,54.8706,-244.2627,-374.2676,3.9911,,
DATA,A003,8,195,878434,-2.9435,2.5672,0.4891,35.2173,-260.4370,-345.8252,3.9362,,
DATA,A003,8,196,878444,-2.2811,2.5879,0.3849,-5.3711,-264.4653,-296.3257,3.4712,,
DATA,A003,8,197,878454,-1.7818,2.3360,0.3273,-33.8135,-243.3472,-268.3105,2.9562,,
DATA,A003,8,198,878464,-1.1481,1.7479,0.2396,-69.5801,-195.6787,-240.2954,2.1049,,
DATA,A003,8,199,878474,-0.7965,1.3475,0.1808,-79.3457,-153.3203,-229.6143,1.5757,,
DATA,A003,8,200,878484,-0.3959,0.8668,0.1024,-65.4907,-79.0405,-218.9331,0.9584,,
DATA,A003,8,201,878494,-0.2291,0.6524,0.0648,-40.5884,-24.5361,-210.9375,0.6945,,
DATA,A003,8,202,878504,-0.1476,0.5008,0.0162,6.8970,57.8613,-197.9980,0.5223,,
DATA,A003,8,203,878514,-0.1393,0.5174,-0.0209,36.0718,102.7832,-191.2231,0.5362,,
DATA,A003,8,204,878524,-0.1786,0.6485,-0.0475,68.0542,127.8687,-174.9268,0.6743,,
DATA,A003,8,205,878534,-0.1918,0.7916,-0.0878,80.7495,115.6006,-158.5693,0.8192,,
DATA,A003,8,206,878544,-0.1434,0.9520,-0.1466,83.7402,92.5293,-138.0615,0.9738,,
DATA,A003,8,207,878554,0.0287,1.1111,-0.2074,67.0776,30.3955,-100.9521,1.1307,,
DATA,A003,8,208,878564,0.2013,1.1309,-0.2365,43.0908,-11.2915,-75.1343,1.1728,,
DATA,A003,8,209,878574,0.4772,1.0438,-0.2643,0.9155,-56.7017,-38.5742,1.1777,,
DATA,A003,8,210,878584,0.6249,0.9622,-0.2567,-21.9116,-72.9980,-14.2212,1.1757,,
DATA,A003,8,211,878594,0.7973,0.8948,-0.2936,-43.8232,-65.4907,22.0337,1.2339,,
DATA,A003,8,212,878604,0.8829,0.8660,-0.3261,-51.0864,-42.2363,45.8984,1.2790,,
DATA,A003,8,213,878614,0.9679,0.8470,-0.3942,-55.7251,10.1318,83.4351,1.3452,,
DATA,A003,8,214,878624,0.9796,0.8140,-0.4301,-56.4575,48.8892,107.0557,1.3443,,
DATA,A003,8,215,878634,0.8810,0.7310,-0.4132,-54.9316,102.1118,138.9771,1.2171,,
DATA,A003,8,216,878644,0.7506,0.6587,-0.3627,-52.0630,132.8735,157.6538,1.0625,,
DATA,A003,8,217,878654,0.4767,0.5601,-0.2277,-40.1001,160.4004,180.7251,0.7699,,
DATA,A003,8,218,878664,0.2565,0.5489,-0.0931,-26.0010,168.4570,191.6504,0.6130,,
DATA,A003,8,219,878674,-0.2220,0.6519,0.1002,-8.1787,171.0205,207.5195,0.6959,,
DATA,A003,8,220,878684,-0.6312,0.7916,0.2462,-1.5869,179.1382,214.1113,1.0419,,
DATA,A003,8,221,878694,-1.3148,1.1019,0.4374,6.9580,198.9136,214.3555,1.7703,,
DATA,A003,8,222,878704,-1.6520,1.3719,0.5253,15.5029,204.8950,206.7261,2.2106,,
DATA,A003,8,223,878714,-2.1676,1.7191,0.6385,18.1885,171.2646,219.0552,2.8392,,
DATA,A003,8,224,878724,-2.6258,1.7972,0.7862,0.3052,129.1504,230.2856,3.2777,,
DATA,A003,8,225,878734,-3.2618,1.7989,0.9532,-32.5317,70.1904,222.7783,3.8450,,
DATA,A003,8,226,878744,-3.4308,1.8367,0.9645,-36.9263,50.8423,207.0923,4.0092,,
DATA,A003,8,227,878754,-3.2250,1.8741,0.9596,-29.2969,32.0435,188.9038,3.8514,,
DATA,A003,8,228,878764,-2.9376,1.7615,0.9523,-43.2739,5.6152,174.9878,3.5552,,
DATA,A003,8,229,878774,-2.5343,1.3650,0.8988,-89.3555,-11.2305,149.5972,3.0156,,
DATA,A003,8,230,878784,-2.3116,1.0560,0.8478,-115.2954,2.1362,136.4746,2.6791,,
DATA,A003,8,231,878794,-2.0795,0.6524,0.7125,-132.4463,30.0293,125.3662,2.2929,,
DATA,A003,8,232,878804,-1.9342,0.4522,0.6046,-131.2256,41.6260,124.8779,2.0763,,
DATA,A003,8,233,878814,-1.6837,0.2625,0.4376,-125.6104,48.7671,127.9297,1.7593,,
DATA,A003,8,234,878824,-1.4957,0.1805,0.3346,-125.7935,48.5840,132.6294,1.5433,,
DATA,A003,8,235,878834,-1.2262,0.0359,0.2120,-135.1318,51.5747,144.4702,1.2449,,
DATA,A003,8,236,878844,-1.0826,-0.1008,0.1527,-142.4561,59.3872,153.2593,1.0980,,
DATA,A003,8,237,878854,-0.9347,-0.3058,0.1027,-145.1416,79.8950,163.6353,0.9888,,
DATA,A003,8,238,878864,-0.8810,-0.4069,0.0714,-139.7705,95.5811,168.7622,0.9730,,
DATA,A003,8,239,878874,-0.8177,-0.5180,0.0301,-126.4038,115.9058,174.3774,0.9685,,
DATA,A003,8,240,878884,-0.7616,-0.5773,0.0150,-118.9575,119.0796,174.8657,0.9558,,
DATA,A003,8,241,878894,-0.6913,-0.6572,0.0050,-117.3096,114.9292,174.3774,0.9538,,
DATA,A003,8,242,878904,-0.5782,-0.8361,0.0587,-126.0986,99.8535,170.8984,1.0183,,
DATA,A003,8,243,878914,-0.5126,-1.0214,0.0958,-138.9771,92.7734,164.2456,1.1468,,
DATA,A003,8,244,878924,-0.4154,-1.4208,0.1395,-160.7056,92.0410,134.1553,1.4869,,
DATA,A003,8,245,878934,-0.3732,-1.7360,0.1432,-168.0298,99.9146,105.4688,1.7814,,
DATA,A003,8,246,878944,-0.3985,-2.1733,-0.0270,-161.1328,128.0518,75.1343,2.2097,,
DATA,A003,8,247,878954,-0.5055,-2.3315,-0.1447,-130.9204,141.2964,52.0630,2.3900,,
DATA,A003,8,248,878964,-0.9645,-2.2680,-0.1254,-75.6836,156.2500,8.6060,2.4677,,
DATA,A003,8,249,878974,-1.3878,-2.0710,-0.2357,-25.4517,145.8740,-36.1328,2.5041,,
DATA,A003,8,250,878984,-1.9874,-1.7238,-0.0565,30.0903,125.8545,-114.1357,2.6315,,
DATA,A003,8,251,878994,-2.2533,-1.3984,0.1473,55.7251,122.0093,-187.5000,2.6560,,
DATA,A003,8,252,879004,-2.4701,-0.8652,0.3502,72.3267,82.2754,-289.1846,2.6405,,
DATA,A003,8,253,879014,-2.4903,-0.5441,0.4313,74.0356,47.6685,-347.2900,2.5853,,
DATA,A003,8,254,879024,-2.6503,-0.0778,0.5113,75.5615,8.4229,-407.9590,2.7003,,
DATA,A003,8,255,879034,-2.8971,0.2039,0.5238,74.8901,-1.0376,-438.4766,2.9511,,
DATA,A003,8,256,879044,-3.3419,0.5621,0.6002,83.9844,-29.4189,-463.2568,3.4416,,
DATA,A003,8,257,879054,-3.4816,0.7855,0.6344,100.4639,-59.6924,-462.7075,3.6250,,
DATA,A003,8,258,879064,-3.4789,1.1116,0.6659,138.7329,-137.6343,-436.2183,3.7124,,
DATA,A003,8,259,879074,-3.3785,1.4454,0.8277,167.8467,-172.7905,-401.9165,3.7668,,
DATA,A003,8,260,879084,-2.9820,1.5728,0.8202,172.4854,-189.3921,-356.2012,3.4697,,
DATA,A003,8,261,879094,-2.5494,2.4766,0.4713,166.0767,-189.6362,-330.2612,3.5854,,
DATA,A003,8,262,879104,-1.8326,2.6514,0.3065,128.2959,-158.2031,-244.8730,3.2377,,
DATA,A003,8,263,879114,-1.3834,2.2740,0.2291,80.0171,-142.5171,-209.2285,2.6716,,
DATA,A003,8,264,879124,-0.8312,1.4007,0.1437,8.7280,-111.7554,-179.7485,1.6351,,
DATA,A003,8,265,879134,-0.5619,0.9056,0.0787,-1.2207,-84.7168,-163.7573,1.0686,,
DATA,A003,8,266,879144,-0.2635,0.4466,-0.0131,42.3584,-27.5879,-150.3906,0.5187,,
DATA,A003,8,267,879154,-0.1695,0.3382,-0.0385,91.7969,13.8550,-143.9819,0.3803,,
DATA,A003,8,268,879164,-0.1783,0.3978,-0.0431,155.0293,54.9316,-127.4414,0.4380,,
DATA,A003,8,269,879174,-0.2379,0.5259,-0.0170,172.8516,59.1431,-109.8022,0.5775,,
DATA,A003,8,270,879184,-0.2731,0.7132,-0.0172,156.6162,33.1421,-78.3691,0.7639,,
DATA,A003,8,271,879194,-0.2291,0.7791,-0.0441,128.7842,-0.3662,-55.7251,0.8133,,
DATA,A003,8,272,879204,-0.1088,0.7584,-0.1498,86.3647,-66.4062,-17.7612,0.7806,,
DATA,A003,8,273,879214,0.0355,0.7032,-0.2118,65.1245,-107.1167,6.0425,0.7352,,
DATA,A003,8,274,879224,0.3202,0.6270,-0.2848,38.1470,-153.5034,36.1328,0.7595,,
DATA,A003,8,275,879234,0.5143,0.5967,-0.3485,21.0571,-168.1519,54.8096,0.8614,,
DATA,A003,8,276,879244,0.7853,0.5635,-0.4440,1.4648,-158.2031,84.2896,1.0637,,
DATA,A003,8,277,879254,0.9269,0.5457,-0.5089,-8.0566,-125.4272,102.7832,1.1899,,
DATA,A003,8,278,879264,1.0133,0.5174,-0.5587,-13.0615,-75.1953,120.3613,1.2676,,
DATA,A003,8,279,879274,0.9945,0.4681,-0.5890,-13.4888,17.3950,146.8506,1.2470,,
DATA,A003,8,280,879284,0.8978,0.4351,-0.5682,-11.4136,77.9419,163.4521,1.1482,,
DATA,A003,8,281,879294,0.6930,0.4009,-0.4530,-4.9438,148.9258,187.5610,0.9199,,
DATA,A003,8,282,879304,0.5424,0.4095,-0.2772,2.6855,176.8188,204.0405,0.7340,,
DATA,A003,8,283,879314,0.2799,0.5189,0.0951,14.7095,192.9321,226.1963,0.5972,,
DATA,A003,8,284,879324,0.0829,0.6695,0.3812,13.7329,198.0591,236.1450,0.7749,,
DATA,A003,8,285,879334,-0.3605,0.9422,0.6341,-25.6958,226.9897,245.1782,1.1916,,
DATA,A003,8,286,879344,-0.7096,1.0350,0.6969,-78.6743,262.4512,238.4033,1.4354,,
DATA,A003,8,287,879354,-1.3319,0.9324,0.2921,-164.7339,280.4565,217.2241,1.6519,,
DATA,A003,8,288,879364,-1.9505,0.7835,-0.0158,-192.0166,246.2769,216.6748,2.1021,,
DATA,A003,8,289,879374,-3.1048,0.7596,0.1051,-164.6118,147.4609,198.7305,3.1981,,
DATA,A003,8,290,879384,-3.5895,0.9097,0.4315,-130.7373,98.8770,177.4292,3.7280,,
DATA,A003,8,291,879394,-3.5165,1.1238,0.8695,-96.4966,30.2124,147.2168,3.7927,,
DATA,A003,8,292,879404,-3.1937,1.2110,1.1041,-79.4067,-14.8315,130.9814,3.5896,,
DATA,A003,8,293,879414,-2.4684,1.4224,1.3666,-35.2783,15.5640,116.5161,3.1597,,
DATA,A003,8,294,879424,-2.0777,1.6033,1.4139,-10.3760,71.5942,106.8726,2.9811,,
DATA,A003,8,295,879434,-1.8463,1.5738,1.3736,-16.7847,163.5132,94.2993,2.7879,,
DATA,A003,8,296,879444,-1.8392,1.2730,1.2469,-44.0063,208.3130,92.2852,2.5609,,
DATA,A003,8,297,879454,-1.8160,0.7232,0.9244,-76.5381,221.6187,90.3320,2.1623,,
DATA,A003,8,298,879464,-1.7486,0.3980,0.7245,-85.6323,198.1812,92.7734,1.9342,,
DATA,A003,8,299,879474,-1.5797,0.0684,0.4789,-85.6323,145.8740,105.2246,1.6521,,
DATA,A003,8,300,879484,-1.4225,-0.0351,0.3558,-78.4302,111.0229,115.8447,1.4667,,
DATA,A003,8,301,879494,-1.1493,-0.0060,0.2262,-59.5703,73.0591,133.4839,1.1713,,
DATA,A003,8,302,879504,-0.9786,0.0897,0.1708,-46.3257,57.1289,145.3247,0.9974,,
DATA,A003,8,303,879514,-0.7833,0.2034,0.0861,-40.2222,44.4946,162.7197,0.8139,,
DATA,A003,8,304,879524,-0.7081,0.1951,0.0184,-48.8892,41.8091,171.9971,0.7347,,
DATA,A003,8,305,879534,-0.6568,0.0098,-0.0690,-69.4580,43.5181,181.3354,0.6605,,
DATA,A003,8,306,879544,-0.6483,-0.1769,-0.0765,-76.1108,51.8188,182.6172,0.6764,,
DATA,A003,8,307,879554,-0.6127,-0.4362,0.0111,-64.2700,69.2749,171.8140,0.7522,,
DATA,A003,8,308,879564,-0.5748,-0.5502,0.1405,-44.6777,78.4912,157.1045,0.8080,,
DATA,A003,8,309,879574,-0.5135,-0.6276,0.3544,-23.1323,83.1299,135.6812,0.8850,,
DATA,A003,8,310,879584,-0.4576,-0.7380,0.7111,-6.8970,73.3032,93.2007,1.1223,,
DATA,A003,8,311,879594,-0.4742,-0.8681,0.8512,-22.8271,58.9600,67.9321,1.3050,,
DATA,A003,8,312,879604,-0.5917,-1.2060,0.8341,-80.7495,34.5459,35.5835,1.5812,,
DATA,A003,8,313,879614,-0.7059,-1.4597,0.6522,-122.0093,22.3999,19.5312,1.7477,,
DATA,A003,8,314,879624,-0.9210,-1.8041,0.1576,-140.5029,21.4233,-13.6719,2.0318,,
DATA,A003,8,315,879634,-1.0660,-1.9355,-0.1425,-103.8818,31.3721,-43.6401,2.2142,,
DATA,A003,8,316,879644,-1.3539,-1.7707,-0.2501,-8.4229,42.8467,-100.1587,2.2430,,
DATA,A003,8,317,879654,-1.6595,-1.5024,-0.1500,36.9873,43.7622,-141.4795,2.2436,,
DATA,A003,8,318,879664,-2.0060,-1.1704,0.1581,66.5283,37.7808,-210.6934,2.3278,,
DATA,A003,8,319,879674,-2.1305,-0.9599,0.3334,77.0874,16.8457,-258.7891,2.3604,,
DATA,A003,8,320,879684,-2.2162,-0.6267,0.4376,79.2847,-18.2495,-320.1294,2.3443,,
DATA,A003,8,321,879694,-2.3334,-0.4184,0.4313,75.1343,-25.6958,-348.1445,2.4095,,
DATA,A003,8,322,879704,-2.7735,-0.1227,0.3107,80.5054,-27.8931,-389.1602,2.7936,,
DATA,A003,8,323,879714,-3.0648,0.0555,0.2850,98.2056,-34.4238,-422.3633,3.0785,,
DATA,A003,8,324,879724,-3.3421,0.5333,0.4064,141.4185,-63.8428,-447.3877,3.4087,,
DATA,A003,8,325,879734,-3.4488,1.0196,0.4686,161.6821,-98.6938,-440.9180,3.6268,,
DATA,A003,8,326,879744,-3.4845,1.7029,0.3080,150.2686,-163.5742,-408.4473,3.8906,,
DATA,A003,8,327,879754,-3.4108,1.9105,0.1312,123.9624,-200.1953,-375.6714,3.9116,,
DATA,A003,8,328,879764,-3.0238,1.9725,-0.0182,96.1304,-235.5347,-319.8242,3.6103,,
DATA,A003,8,329,879774,-2.6171,1.9608,-0.0753,88.1958,-233.3374,-282.8369,3.2710,,
DATA,A003,8,330,879784,-1.9342,1.6353,-0.0573,65.0635,-204.9561,-243.2251,2.5335,,
DATA,A003,8,331,879794,-1.4994,1.2398,-0.0202,42.7246,-173.4009,-230.4688,1.9457,,
DATA,A003,8,332,879804,-0.9796,0.7112,0.0001,33.6914,-131.7749,-222.5342,1.2106,,
DATA,A003,8,333,879814,-0.7030,0.4857,-0.0109,44.7998,-100.4028,-222.9614,0.8545,,
DATA,A003,8,334,879824,-0.4198,0.3399,-0.0509,71.4722,-60.1196,-225.2808,0.5425,,
DATA,A003,8,335,879834,-0.3063,0.3360,-0.1083,86.4258,-35.6445,-223.3276,0.4673,,
DATA,A003,8,336,879844,-0.1664,0.4188,-0.2203,97.3511,-14.7095,-211.8530,0.5016,,
DATA,A003,8,337,879854,-0.0602,0.5130,-0.3336,96.1304,-8.8501,-199.4019,0.6149,,
DATA,A003,8,338,879864,0.1124,0.6812,-0.5253,92.2241,-12.0239,-178.8940,0.8675,,
DATA,A003,8,339,879874,0.2421,0.7872,-0.6232,93.3228,-16.0522,-161.6211,1.0328,,
DATA,A003,8,340,879884,0.4987,0.8968,-0.7150,89.9048,-23.0713,-124.2065,1.2506,,
DATA,A003,8,341,879894,0.6571,0.9134,-0.7155,82.7026,-30.7007,-95.9473,1.3334,,
DATA,A003,8,342,879904,0.9931,0.8834,-0.7350,62.7441,-27.5879,-58.3496,1.5188,,
DATA,A003,8,343,879914,1.2045,0.8533,-0.7274,55.4199,-24.9023,-24.5972,1.6456,,
DATA,A003,8,344,879924,1.4550,0.9234,-0.8173,51.0254,7.3853,43.8232,1.9072,,
DATA,A003,8,345,879934,1.4899,0.9918,-0.7623,53.0396,24.4141,99.1821,1.9454,,
DATA,A003,8,346,879944,1.4567,1.0550,-0.7985,54.0161,31.4941,158.2031,1.9679,,
DATA,A003,8,347,879954,1.5338,1.1768,-0.5880,61.0962,59.6313,245.7886,2.0207,,
DATA,A003,8,348,879964,1.5741,1.2266,-0.3883,61.5234,96.1304,299.1943,2.0330,,
DATA,A003,8,349,879974,1.3014,1.2957,-0.1119,73.4253,184.1431,353.0884,1.8399,,
DATA,A003,8,350,879984,0.7318,1.4695,-0.1969,83.9233,259.6436,374.8169,1.6534,,
DATA,A003,8,351,879994,-0.6341,1.9710,-0.2384,86.3037,369.8120,379.0283,2.0842,,
DATA,A003,8,352,880004,-1.7086,2.4864,-0.0697,89.0503,389.0991,337.5854,3.0177,,
DATA,A003,8,353,880014,-3.5734,3.4449,0.0865,49.4995,364.9902,266.2354,4.9642,,
DATA,A003,8,354,880024,-4.3473,3.5496,0.5528,-15.0757,300.5981,251.9531,5.6395,,
DATA,A003,8,355,880034,-4.1664,2.4415,0.8866,-91.3086,120.0562,281.4331,4.9097,,
DATA,A003,8,356,880044,-3.6134,1.7618,1.0494,-81.6650,46.3257,272.3389,4.1547,,
DATA,A003,8,357,880054,-2.9110,1.3748,0.9933,-41.8701,75.9888,215.2100,3.3691,,
DATA,A003,8,358,880064,-2.6620,1.3336,0.9066,-15.4419,161.7432,183.4717,3.1123,,
DATA,A003,8,359,880074,-2.6542,1.4424,0.7211,-1.7700,272.1558,171.8140,3.1057,,
DATA,A003,8,360,880084,-2.9110,1.5057,0.6556,-15.2588,307.6782,168.0298,3.3423,,
DATA,A003,8,361,880094,-3.2008,1.3526,0.6944,-57.4951,299.1333,164.1846,3.5436,,
DATA,A003,8,362,880104,-3.2362,1.0941,0.7447,-89.7827,254.5776,164.3066,3.4964,,
DATA,A003,8,363,880114,-2.9679,0.6097,0.7335,-130.4321,173.4009,162.0483,3.1174,,
DATA,A003,8,364,880124,-2.6622,0.3401,0.6849,-142.8223,122.3145,160.2173,2.7699,,
DATA,A003,8,365,880134,-2.1586,0.0906,0.5553,-146.8506,63.0493,150.0854,2.2307,,
DATA,A003,8,366,880144,-1.8653,0.0267,0.4737,-145.1416,35.2783,145.6299,1.9247,,
DATA,A003,8,367,880154,-1.4994,0.0054,0.3739,-145.5688,11.9019,140.1978,1.5453,,
DATA,A003,8,368,880164,-1.3087,-0.0021,0.3378,-149.0479,5.7983,138.9771,1.3516,,
DATA,A003,8,369,880174,-1.0441,-0.0632,0.3580,-158.0811,4.4556,138.5498,1.1055,,
DATA,A003,8,370,880184,-0.9198,-0.1913,0.3881,-173.6450,21.2402,131.4697,1.0165,,
DATA,A003,8,371,880194,-0.9562,-0.4909,0.4542,-175.5981,32.8979,130.8594,1.1669,,
DATA,A003,8,372,880204,-1.0296,-0.7236,0.4435,-167.5415,22.1558,133.1787,1.3343,,
DATA,A003,8,373,880214,-1.0257,-1.0956,0.7279,-163.6963,4.8218,87.5244,1.6681,,
DATA,A003,8,374,880224,-1.1285,-1.3019,0.9361,-161.1328,18.6768,46.7529,1.9609,,
DATA,A003,8,375,880234,-1.2799,-1.4406,1.0541,-151.0010,66.8945,-20.6909,2.1965,,
DATA,A003,8,376,880244,-1.3199,-1.4318,0.9747,-132.0801,100.0977,-63.9648,2.1777,,
DATA,A003,8,377,880254,-1.3619,-1.4016,0.8834,-105.8960,124.2065,-97.2900,2.1447,,
DATA,A003,8,378,880264,-1.5658,-1.5278,0.7650,-81.1157,110.1074,-145.0195,2.3175,,
DATA,A003,8,379,880274,-1.7088,-1.6706,0.7435,-83.9844,59.6313,-180.7861,2.5028,,
DATA,A003,8,380,880284,-1.8255,-1.8076,0.4586,-100.1587,-55.0537,-224.9756,2.6096,,
DATA,A003,8,381,880294,-1.7850,-1.8037,0.2377,-95.5200,-151.2451,-262.1460,2.5487,,
DATA,A003,8,382,880304,-1.4742,-1.4096,0.2045,-62.8052,-249.1455,-327.3926,2.0499,,
DATA,A003,8,383,880314,-1.2806,-0.9826,0.0985,-69.3970,-280.7617,-363.9526,1.6172,,
DATA,A003,8,384,880324,-1.0353,-0.6293,-0.1217,-117.3096,-287.6587,-433.4106,1.2176,,
DATA,A003,8,385,880334,-1.0470,-0.5900,-0.2655,-133.3618,-257.0801,-485.8398,1.2308,,
DATA,A003,8,386,880344,-1.4108,-0.4833,-0.3312,-104.4312,-188.2935,-553.7109,1.5276,,
DATA,A003,8,387,880354,-1.7884,-0.3405,-0.2277,-76.8433,-146.7285,-597.5342,1.8347,,
DATA,A003,8,388,880364,-2.6832,-0.0786,-0.0509,-49.3774,-119.5679,-629.1504,2.6848,,
DATA,A003,8,389,880374,-3.2516,0.0096,0.0819,-45.2881,-122.3145,-637.1460,3.2526,,
DATA,A003,8,390,880384,-3.7218,0.0233,0.4015,-47.3022,-139.2822,-621.3379,3.7435,,
DATA,A003,8,391,880394,-4.0758,0.1885,0.5931,-57.6782,-157.8979,-589.9048,4.1230,,
DATA,A003,8,392,880404,-4.2772,0.5479,0.6205,-92.8955,-147.7051,-538.8794,4.3566,,
DATA,A003,8,393,880414,-3.9650,0.7352,0.7079,-110.9619,-127.6245,-511.7798,4.0942,,
DATA,A003,8,394,880424,-3.0787,1.0325,0.5768,-115.7227,-120.9717,-471.0083,3.2981,,
DATA,A003,8,395,880434,-2.4151,1.1932,0.4794,-105.8350,-106.9946,-435.1196,2.7361,,
DATA,A003,8,396,880444,-1.4308,1.1761,0.5016,-102.7222,-58.1665,-378.7842,1.9188,,
DATA,A003,8,397,880454,-0.9247,0.9022,0.6180,-128.2959,-13.9771,-353.7598,1.4321,,
DATA,A003,8,398,880464,-0.4054,0.2960,0.7445,-167.8467,59.1431,-335.8154,0.8979,,
DATA,A003,8,399,880474,-0.2198,-0.0519,0.7689,-153.2593,103.8818,-318.1152,0.8014,,
DATA,A003,8,400,880484,-0.1261,-0.1601,0.6456,-67.3218,167.1143,-282.2266,0.6770,,
DATA,A003,8,401,880494,-0.1246,0.0665,0.4703,1.0376,200.1343,-262.5122,0.4911,,
DATA,A003,8,402,880504,-0.1134,0.5269,0.2250,61.3403,222.7783,-236.3281,0.5840,,
DATA,A003,8,403,880514,-0.0992,0.7371,0.1222,67.4438,221.3135,-218.5669,0.7537,,
DATA,A003,8,404,880524,-0.0091,0.8665,0.0179,54.8096,207.3364,-189.3311,0.8667,,
DATA,A003,8,405,880534,0.0892,0.8419,-0.0829,47.7295,201.7212,-165.5273,0.8506,,
DATA,A003,8,406,880544,0.1903,0.6932,-0.1857,52.4292,201.7212,-123.1689,0.7424,,
DATA,A003,8,407,880554,0.2020,0.5777,-0.1554,64.8804,204.5898,-95.7031,0.6314,,
DATA,A003,8,408,880564,0.1627,0.5052,-0.0966,82.8857,204.4067,-56.7017,0.5395,,
DATA,A003,8,409,880574,0.1286,0.5474,-0.0680,92.5903,194.1528,-28.6865,0.5664,,
DATA,A003,8,410,880584,0.1178,0.7549,-0.0043,109.1919,178.2227,17.8223,0.7641,,
DATA,A003,8,411,880594,0.1276,0.9358,0.0321,113.7085,177.0630,50.9033,0.9451,,
DATA,A003,8,412,880604,0.1259,1.0760,0.0455,105.3467,183.4106,83.6182,1.0843,,
DATA,A003,8,413,880614,0.0858,1.1075,0.0255,72.0215,199.1577,130.1880,1.1111,,
DATA,A003,8,414,880624,0.0172,1.0223,-0.0026,46.7529,203.9185,161.0107,1.0224,,
DATA,A003,8,415,880634,-0.1083,0.8624,-0.0380,21.3623,198.6084,206.2988,0.8700,,
DATA,A003,8,416,880644,-0.1725,0.8006,-0.0504,13.3057,187.5000,235.0464,0.8205,,
DATA,A003,8,417,880654,-0.2989,0.8004,-0.0416,6.2256,166.3818,271.7896,0.8554,,
DATA,A003,8,418,880664,-0.3707,0.8421,-0.0250,-0.0610,157.9590,286.1328,0.9204,,
DATA,A003,8,419,880674,-0.4664,0.9158,0.0394,-15.3809,146.7285,296.1426,1.0285,,
DATA,A003,8,420,880684,-0.6070,0.9483,0.1153,-30.6396,136.3525,298.7671,1.1318,,
DATA,A003,8,421,880694,-0.9056,0.9752,0.3502,-56.2134,115.5396,286.6211,1.3761,,
DATA,A003,8,422,880704,-1.0109,0.9854,0.6078,-78.4302,104.4922,271.6675,1.5370,,
DATA,A003,8,423,880714,-1.0104,0.8956,0.6808,-122.2534,94.1162,255.0049,1.5121,,
DATA,A003,8,424,880724,-1.0755,0.7164,0.5028,-149.9634,79.9561,257.6294,1.3866,,
DATA,A003,8,425,880734,-1.4845,0.4861,0.2098,-191.3452,86.1816,294.4946,1.5761,,
DATA,A003,8,426,880744,-2.0333,0.3358,0.0338,-225.4639,120.3003,326.4771,2.0611,,
DATA,A003,8,427,880754,-2.9493,0.0079,-0.2050,-242.4316,146.4844,361.3281,2.9565,,
DATA,A003,8,428,880764,-3.7750,-0.0366,-0.2450,-213.1348,111.3281,380.6152,3.7831,,
DATA,A003,8,429,880774,-4.6451,0.3802,-0.0980,-149.0479,41.3818,369.3848,4.6617,,
DATA,A003,8,430,880784,-4.6095,0.7410,0.2360,-132.5684,-1.3428,357.1167,4.6746,,
DATA,A003,8,431,880794,-3.7933,0.8484,0.6493,-157.8369,-113.5254,347.5342,3.9409,,
DATA,A003,8,432,880804,-3.0668,0.4612,0.7985,-183.2275,-160.7056,329.5288,3.2024,,
DATA,A003,8,433,880814,-2.1593,-0.1672,0.8722,-179.7485,-119.2017,297.4854,2.3348,,
DATA,A003,8,434,880824,-1.7899,-0.3361,0.8866,-153.6255,-53.6499,284.6680,2.0255,,
DATA,A003,8,435,880834,-1.8585,-0.1965,0.7098,-123.5352,56.3354,284.8511,1.9991,,
DATA,A003,8,436,880844,-2.2618,0.0413,0.5719,-110.1074,125.6714,278.9917,2.3334,,
DATA,A003,8,437,880854,-2.6234,0.3987,0.4540,-110.4736,135.2539,258.6670,2.6921,,
DATA,A003,8,438,880864,-2.5931,0.4300,0.3487,-133.7280,86.3647,256.1646,2.6516,,
DATA,A003,8,439,880874,-2.1749,0.0941,0.1749,-169.2505,-1.5259,253.6011,2.1840,,
DATA,A003,8,440,880884,-1.8248,-0.1474,0.1573,-169.4336,-36.1328,244.2627,1.8375,,
DATA,A003,8,441,880894,-1.3375,-0.2983,0.1720,-147.3389,-32.3486,227.5391,1.3811,,
DATA,A003,8,442,880904,-1.1376,-0.3386,0.1935,-133.9722,-11.7188,220.8862,1.2025,,
DATA,A003,8,443,880914,-1.0160,-0.3713,0.2006,-124.3896,39.9780,200.0732,1.1001,,
DATA,A003,8,444,880924,-0.9996,-0.4108,0.1949,-126.8921,76.5381,175.2319,1.0982,,
DATA,A003,8,445,880934,-1.0438,-0.5244,0.0987,-139.7095,113.7085,135.9253,1.1723,,
DATA,A003,8,446,880944,-1.0629,-0.6579,0.0331,-146.4233,133.0566,108.0322,1.2504,,
DATA,A003,8,447,880954,-1.0792,-0.8000,-0.0714,-148.3765,141.1133,77.2705,1.3453,,
DATA,A003,8,448,880964,-1.1195,-1.0290,-0.1889,-148.1323,136.9629,26.6113,1.5322,,
DATA,A003,8,449,880974,-1.1495,-1.1904,-0.2335,-145.4468,129.2725,-10.7422,1.6712,,
DATA,A003,8,450,880984,-1.1197,-1.3862,-0.2382,-132.4463,111.8774,-71.3501,1.7978,,
DATA,A003,8,451,880994,-1.0001,-1.3852,-0.1996,-114.5020,100.0977,-113.2812,1.7201,,
DATA,A003,8,452,881004,-0.7892,-1.1830,-0.1639,-88.4399,90.3931,-163.3911,1.4315,,
DATA,A003,8,453,881014,-0.6473,-1.0471,-0.1693,-76.4160,95.3979,-192.1387,1.2426,,
DATA,A003,8,454,881024,-0.4942,-0.9304,-0.1967,-58.6548,113.5254,-234.6191,1.0717,,
DATA,A003,8,455,881034,-0.4369,-0.8742,-0.1913,-39.9170,124.2676,-264.0381,0.9958,,
DATA,A003,8,456,881044,-0.4498,-0.7407,-0.1249,1.8921,132.8735,-303.4668,0.8755,,
DATA,A003,8,457,881054,-0.4772,-0.6330,-0.0411,29.9683,135.9863,-325.8057,0.7938,,
DATA,A003,8,458,881064,-0.5228,-0.4638,0.0785,64.0259,120.0562,-351.0742,0.7033,,
DATA,A003,8,459,881074,-0.5470,-0.3727,0.1202,79.6509,101.3184,-359.5581,0.6727,,
DATA,A003,8,460,881084,-0.5328,-0.3537,0.2323,92.5293,76.5381,-369.7510,0.6804,,
DATA,A003,8,461,881094,-0.7513,-0.4667,0.2699,90.7593,68.7866,-368.8965,0.9248,,
DATA,A003,8,462,881104,-1.3011,-0.8359,0.2096,80.9937,79.5898,-361.6943,1.5606,,
DATA,A003,8,463,881114,-1.7796,-1.1332,0.0843,80.3223,81.6650,-355.5908,2.1115,,
DATA,A003,8,464,881124,-2.7928,-1.3840,-0.0682,96.5576,71.1060,-318.5425,3.1177,,
DATA,A003,8,465,881134,-3.6393,-1.2026,-0.1156,111.8774,44.9219,-275.3906,3.8346,,
DATA,A003,8,466,881144,-4.2909,-0.4763,-0.4650,119.7510,-65.4297,-213.6841,4.3422,,
DATA,A003,8,467,881154,-4.1007,-0.0297,-0.6583,106.0181,-142.3340,-167.1143,4.1533,,
DATA,A003,8,468,881164,-2.7889,0.5186,-0.4652,114.3188,-185.3638,-153.3203,2.8746,,
DATA,A003,8,469,881174,-1.9012,0.8887,-0.2926,136.8408,-179.1992,-133.9111,2.1190,,
DATA,A003,8,470,881184,-0.9391,1.1241,-0.0907,133.8501,-130.6152,-84.5947,1.4675,,
DATA,A003,8,471,881194,-0.5221,0.8462,0.0663,97.5952,-69.4580,-71.5332,0.9965,,
DATA,A003,8,472,881204,-0.3002,0.0242,0.2372,54.6875,30.4565,-89.7217,0.3833,,
DATA,A003,8,473,881214,-0.3434,-0.5226,0.1620,64.9414,109.8633,-103.5767,0.6460,,
DATA,A003,8,474,881224,-0.5694,-0.9257,-0.0294,142.7002,197.7539,-108.8257,1.0872,,
DATA,A003,8,475,881234,-0.7516,-0.7734,-0.0695,210.0220,219.6045,-103.3936,1.0806,,
DATA,A003,8,476,881244,-0.9444,-0.1069,-0.0577,273.8647,195.3125,-90.2100,0.9522,,
DATA,A003,8,477,881254,-0.9664,0.3712,-0.0429,272.8271,149.2920,-82.7026,1.0361,,
DATA,A003,8,478,881264,-0.8038,0.8282,-0.0402,219.5435,64.2700,-70.5566,1.1548,,
DATA,A003,8,479,881274,-0.6537,0.9254,-0.0172,177.8564,14.4653,-65.8569,1.1331,,
DATA,A003,8,480,881284,-0.4994,0.9451,0.0299,147.9492,-20.7520,-66.2231,1.0694,,
DATA,A003,8,481,881294,-0.3053,0.9539,0.0643,118.2861,-48.6450,-67.1997,1.0036,,
DATA,A003,8,482,881304,-0.1839,0.9500,0.0716,86.6089,-59.8755,-64.2700,0.9703,,
DATA,A003,8,483,881314,-0.1156,0.9341,0.0699,62.1948,-60.1807,-59.8755,0.9439,,
DATA,A003,8,484,881324,-0.0487,0.9136,0.0467,36.6211,-58.5938,-52.3682,0.9161,,
DATA,A003,8,485,881334,0.0370,0.8472,-0.0009,-0.8545,-54.5654,-33.9355,0.8480,,
DATA,A003,8,486,881344,0.0775,0.7835,-0.0368,-22.7051,-48.7671,-18.3716,0.7882,,
DATA,A003,8,487,881354,0.1124,0.6744,-0.1141,-46.9360,-34.4849,6.2256,0.6931,,
DATA,A003,8,488,881364,0.1246,0.6094,-0.1176,-53.1006,-22.2778,22.6440,0.6331,,
DATA,A003,8,489,881374,0.1220,0.5579,-0.0516,-54.5654,0.4883,41.5649,0.5734,,
DATA,A003,8,490,881384,0.0941,0.5421,0.0467,-54.0161,16.6016,49.8047,0.5521,,
DATA,A003,8,491,881394,0.0292,0.5345,0.2816,-56.8848,33.6914,58.7158,0.6048,,
DATA,A003,8,492,881404,-0.0253,0.5010,0.4313,-65.6128,43.7622,65.3076,0.6616,,
DATA,A003,8,493,881414,-0.2276,0.3563,0.4152,-100.2197,65.6738,91.7969,0.5925,,
DATA,A003,8,494,881424,-0.4484,0.1827,0.3361,-126.5259,89.4775,114.4409,0.5893,,
DATA,A003,8,495,881434,-0.8668,-0.1398,0.2308,-141.4185,129.5776,148.8647,0.9078,,
DATA,A003,8,496,881444,-1.2381,-0.3139,0.1717,-128.0518,146.0571,172.7295,1.2888,,
DATA,A003,8,497,881454,-2.0892,-0.3979,0.0980,-80.5054,132.8735,195.1904,2.1290,,
DATA,A003,8,498,881464,-2.7203,-0.3295,0.1820,-49.8047,106.4453,191.2231,2.7462,,
DATA,A003,8,499,881474,-3.2364,-0.0971,0.4950,-25.6958,54.5654,178.2227,3.2755,,
DATA,A003,8,500,881484,-3.2838,0.0882,0.6954,-24.8413,13.7329,178.7720,3.3578,,
DATA,A003,8,501,881494,-3.0343,0.2147,0.8326,-41.4429,-55.5420,165.7715,3.1538,,
DATA,A003,8,502,881504,-2.7494,0.1719,0.8458,-52.4292,-90.3931,144.9585,2.8817,,
DATA,A003,8,503,881514,-2.3487,0.0264,0.7355,-62.8052,-88.9893,115.0513,2.4613,,
DATA,A003,8,504,881524,-2.2052,-0.0690,0.6461,-64.7583,-60.3027,99.3652,2.2989,,
DATA,A003,8,505,881534,-2.1315,-0.1281,0.5848,-59.8755,-3.8452,84.6558,2.2139,,
DATA,A003,8,506,881544,-2.1192,-0.1105,0.5748,-57.1289,23.9258,82.2754,2.1986,,
DATA,A003,8,507,881554,-2.1383,-0.0544,0.5367,-66.7114,38.5742,89.4775,2.2053,,
DATA,A003,8,508,881564,-2.1937,-0.0488,0.4791,-85.0830,36.8652,99.6094,2.2460,,
DATA,A003,8,509,881574,-2.2428,-0.0790,0.4347,-116.9434,22.7661,112.3047,2.2859,,
DATA,A003,8,510,881584,-2.1561,-0.0739,0.3629,-131.8359,4.8218,114.8071,2.1877,,
DATA,A003,8,511,881594,-1.8038,-0.0280,0.1986,-143.9819,-33.1421,115.9058,1.8149,,
DATA,A003,8,512,881604,-1.4772,-0.0175,0.0907,-150.6958,-64.2700,121.1548,1.4800,,
DATA,A003,8,513,881614,-1.0323,-0.0925,0.0218,-165.2222,-88.1958,122.3755,1.0367,,
DATA,A003,8,514,881624,-0.7267,-0.1909,0.0131,-176.8188,-89.2334,115.2954,0.7514,,
DATA,A003,8,515,881634,-0.4581,-0.3222,0.0343,-186.4624,-76.3550,105.7129,0.5611,,
DATA,A003,8,516,881644,-0.1410,-0.5400,0.0609,-187.1948,-33.8745,88.9893,0.5614,,
DATA,A003,8,517,881654,0.0033,-0.6652,0.0736,-177.7954,-0.2441,76.4771,0.6693,,
DATA,A003,8,518,881664,0.0917,-0.7746,0.0909,-153.9307,46.9360,57.4341,0.7853,,
DATA,A003,8,519,881674,0.0846,-0.7834,0.1031,-135.6201,70.3125,50.5981,0.7947,,
DATA,A003,8,520,881684,0.0485,-0.7307,0.1068,-116.0278,90.9424,42.7246,0.7400,,
DATA,A003,8,521,881694,0.0365,-0.6716,0.0858,-109.9854,92.5903,33.6304,0.6780,,
DATA,A003,8,522,881704,0.0138,-0.5983,0.0231,-107.2998,80.7495,21.6064,0.5989,,
DATA,A003,8,523,881714,0.0050,-0.5805,0.0150,-106.2012,68.6646,16.5405,0.5807,,
DATA,A003,8,524,881724,0.0143,-0.5803,0.0067,-101.9897,54.6875,7.9956,0.5805,,
DATA,A003,8,525,881734,0.0302,-0.6100,-0.0092,-95.8252,52.4902,-1.8921,0.6109,,
DATA,A003,8,526,881744,0.0219,-0.6882,-0.0211,-79.0405,53.0396,-24.3530,0.6888,,
DATA,A003,8,527,881754,0.0302,-0.7409,-0.0116,-64.8804,58.8989,-42.7856,0.7416,,
DATA,A003,8,528,881764,0.0348,-0.8317,0.0218,-46.3867,61.7065,-73.1812,0.8327,,
DATA,A003,8,529,881774,-0.0106,-0.8881,0.0289,-34.3628,57.1289,-90.4541,0.8887,,
DATA,A003,8,530,881784,-0.1896,-0.9597,-0.0441,-14.5874,41.8701,-106.2012,0.9792,,
DATA,A003,8,531,881794,-0.3619,-1.0126,-0.0438,3.3569,32.0435,-116.9434,1.0763,,
DATA,A003,8,532,881804,-0.7240,-1.0876,0.0516,40.2832,12.5122,-144.9585,1.3075,,
DATA,A003,8,533,881814,-1.1949,-1.0522,0.1415,63.3545,-4.5776,-151.0010,1.5984,,
DATA,A003,8,534,881824,-2.2477,-0.7707,0.3893,98.8159,0.2441,-157.5317,2.4078,,
DATA,A003,8,535,881834,-2.6786,-0.4487,0.5509,106.7505,-4.8828,-180.4810,2.7712,,
DATA,A003,8,536,881844,-3.0707,-0.0158,0.6407,82.8247,-98.3887,-164.3066,3.1368,,
DATA,A003,8,537,881854,-3.1239,0.0743,0.4957,52.0630,-189.5142,-145.6299,3.1638,,
DATA,A003,8,538,881864,-2.7084,-0.1179,0.2115,11.2305,-303.1006,-126.0986,2.7192,,
DATA,A003,8,539,881874,-2.2093,-0.2714,0.0807,3.1128,-355.6519,-109.8022,2.2274,,
DATA,A003,8,540,881884,-1.5121,-0.4482,-0.0097,23.2544,-373.2300,-86.1816,1.5771,,
DATA,A003,8,541,881894,-1.1859,-0.5617,-0.0104,49.2554,-364.1968,-76.7822,1.3122,,
DATA,A003,8,542,881904,-1.1771,-0.7414,0.1310,112.2437,-331.4819,-72.5098,1.3973,,
DATA,A003,8,543,881914,-1.3114,-0.7228,0.2640,174.9878,-293.5181,-82.2754,1.5205,,
DATA,A003,8,544,881924,-1.4820,-0.2814,0.4220,264.5874,-288.3911,-91.8579,1.5664,,
DATA,A003,8,545,881934,-1.5284,0.1109,0.4310,288.9404,-323.1812,-74.7070,1.5919,,
DATA,A003,8,546,881944,-1.3898,0.4778,0.4803,272.9492,-390.5029,-57.6172,1.5461,,
DATA,A003,8,547,881954,-1.1940,0.5501,0.3844,251.0986,-425.2319,-72.7539,1.3696,,
DATA,A003,8,548,881964,-0.8754,0.4908,0.4139,233.7646,-464.6606,-115.5396,1.0856,,
DATA,A003,8,549,881974,-0.8063,0.5340,0.5702,236.2061,-475.5249,-149.7803,1.1226,,
DATA,A003,8,550,881984,-0.6383,0.6507,0.6180,236.0229,-459.4727,-180.1758,1.1013,,
DATA,A003,8,551,881994,-0.2735,0.7786,0.6041,217.6514,-411.6211,-209.9609,1.0228,,
DATA,A003,8,552,882004,-0.0704,0.8306,0.5697,200.9888,-366.3330,-227.3560,1.0097,,
DATA,A003,8,553,882014,0.1725,0.8077,0.5399,176.3916,-281.6162,-247.8638,0.9867,,
DATA,A003,8,554,882024,0.2970,0.7315,0.5350,161.9263,-229.4922,-251.2817,0.9537,,
DATA,A003,8,555,882034,0.2833,0.6060,0.5985,151.3672,-164.6729,-249.6948,0.8976,,
DATA,A003,8,556,882044,0.2191,0.5818,0.5914,150.0854,-122.6807,-250.5493,0.8581,,
DATA,A003,8,557,882054,0.1935,0.6514,0.6810,149.9634,-81.5430,-244.6289,0.9621,,
DATA,A003,8,558,882064,0.1210,0.7418,0.7655,143.9209,-65.5518,-232.8491,1.0728,,
DATA,A003,8,559,882074,0.0761,0.8377,0.7779,123.1689,-44.9219,-214.1113,1.1457,,
DATA,A003,8,560,882084,0.0944,0.8316,0.7787,106.0181,-36.9263,-197.3267,1.1432,,
DATA,A003,8,561,882094,0.0702,0.7400,0.8229,81.0547,-23.4985,-168.2739,1.1089,,
DATA,A003,8,562,882104,0.0448,0.6568,0.8007,65.7959,-11.1694,-149.9634,1.0365,,
DATA,A003,8,563,882114,0.0321,0.5418,0.7726,48.2788,1.7700,-122.4976,0.9442,,
DATA,A003,8,564,882124,0.0053,0.4805,0.7743,39.4897,7.0190,-104.3091,0.9113,,
DATA,A003,8,565,882134,-0.0260,0.4161,0.7562,27.3438,11.7188,-82.8247,0.8635,,
DATA,A003,8,566,882144,-0.0174,0.3677,0.7486,19.5312,10.9253,-72.3267,0.8343,,
DATA,A003,8,567,882154,-0.0157,0.2718,0.7425,10.6812,7.9956,-58.4106,0.7909,,
DATA,A003,8,568,882164,-0.0138,0.2056,0.7382,7.3242,5.4932,-50.7202,0.7664,,
DATA,A003,8,569,882174,-0.0201,0.1253,0.7347,6.2866,-0.7935,-41.8091,0.7456,,
DATA,A003,8,570,882184,-0.0340,0.1033,0.7445,7.3853,-8.0566,-37.2925,0.7524,,
DATA,A003,8,571,882194,-0.0521,0.1104,0.7926,8.9722,-24.4141,-31.9214,0.8019,,
DATA,A003,8,572,882204,-0.0267,0.1487,0.8190,9.0332,-38.3301,-28.6865,0.8328,,
DATA,A003,8,573,882214,0.0626,0.2081,0.8461,7.0190,-58.7769,-21.3623,0.8735,,
DATA,A003,8,574,882224,0.1691,0.2400,0.8392,7.3242,-61.7065,-12.4512,0.8891,,
DATA,A003,8,575,882234,0.1945,0.2513,0.9130,5.5542,-64.6362,-5.7373,0.9667,,
DATA,A003,8,576,882244,0.1886,0.1490,0.3983,2.7466,-62.1338,-5.0049,0.4652,,
DATA,A003,8,577,882254,0.3934,0.3533,1.0521,17.8833,-29.8462,21.4844,1.1775,,
DATA,A003,8,578,882264,0.3185,-0.1286,0.7352,28.9307,-9.2163,28.6255,0.8115,,
DATA,A003,8,579,882274,0.1369,0.2442,1.0372,71.2891,11.4746,36.9263,1.0743,,
DATA,A003,8,580,882284,0.0668,0.2017,1.0338,52.4902,15.0146,34.7900,1.0554,,
DATA,A003,8,581,882294,-0.0431,0.2225,1.0787,46.2646,-21.0571,36.0107,1.1023,,
DATA,A003,8,582,882304,-0.0829,0.4124,1.1227,51.9409,-15.8691,41.6870,1.1989,,
DATA,A003,8,583,882314,-0.1249,0.2674,1.2330,59.5093,-25.7568,44.5557,1.2678,,
DATA,A003,8,584,882324,-0.0802,0.3257,1.2611,61.0352,-19.2261,49.8657,1.3050,,
DATA,A003,8,585,882334,0.0160,0.5904,1.2696,45.9595,18.6157,49.9878,1.4003,,
DATA,A003,8,586,882344,0.0216,0.6443,1.2736,24.6582,55.2368,45.5933,1.4274,,
DATA,A003,8,587,882354,-0.0043,0.6507,1.2797,8.3008,84.2285,39.8560,1.4356,,
DATA,A003,8,588,882364,-0.1459,0.7261,1.3175,-13.3667,112.0605,19.6533,1.5114,,
DATA,A003,8,589,882374,-0.1578,0.5118,1.3170,-18.1885,121.0938,6.1035,1.4217,,
DATA,A003,8,590,882384,-0.1341,0.5130,1.3463,-10.5591,119.8120,-0.1831,1.4470,,
DATA,A003,8,591,882394,-0.1720,0.5660,1.3185,-12.2681,120.5444,1.0986,1.4451,,
DATA,A003,8,592,882404,-0.2413,0.4981,1.3307,-14.0381,106.9336,3.7842,1.4412,,
DATA,A003,8,593,882414,-0.2496,0.4175,1.3209,-7.2021,90.3320,6.4697,1.4076,,
DATA,A003,8,594,882424,-0.1759,0.4241,1.2999,6.9580,75.6226,9.3384,1.3786,,
DATA,A003,8,595,882434,-0.1520,0.3909,1.2577,12.4512,73.4863,6.7139,1.3258,,
DATA,A003,8,596,882444,-0.1852,0.3001,1.1366,41.2598,60.4858,2.3804,1.1900,,
DATA,A003,8,597,882454,-0.1454,0.4363,1.0463,53.2837,45.4102,8.8501,1.1429,,
DATA,A003,8,598,882464,-0.0785,0.4183,0.9549,41.4429,35.4004,28.9307,1.0455,,
DATA,A003,8,599,882474,0.0018,0.3785,0.9176,27.4658,36.8652,38.0249,0.9926,,
DATA,A003,8,600,882484,0.1183,0.3621,0.8761,13.2446,40.0391,46.4478,0.9553,,
DATA,A003,8,601,882494,0.0924,0.3653,0.8773,2.8076,51.9409,51.5137,0.9548,,
DATA,A003,8,602,882504,0.0250,0.3719,0.8348,-9.1553,53.2837,53.8940,0.9143,,
DATA,A003,8,603,882514,0.0143,0.3629,0.8085,-13.7939,48.0957,57.0679,0.8863,,
DATA,A003,8,604,882524,-0.0152,0.3299,0.8197,-15.6250,31.2500,53.0396,0.8837,,
DATA,A003,8,605,882534,0.0126,0.3167,0.8412,-18.2495,22.5220,52.8564,0.8989,,
DATA,A003,8,606,882544,0.0219,0.3106,0.8732,-24.7803,7.9346,51.4526,0.9270,,
DATA,A003,8,607,882554,0.0902,0.3582,0.8295,-27.1606,3.9062,46.9360,0.9080,,
DATA,A003,8,608,882564,0.0780,0.2274,0.8400,-31.6772,5.2490,56.7017,0.8737,,
DATA,A003,8,609,882574,0.1557,0.1890,0.7938,-31.9214,8.7891,52.3682,0.8307,,
DATA,A003,8,610,882584,0.2067,0.1844,0.7318,-32.2876,15.3809,40.7715,0.7825,,
DATA,A003,8,611,882594,0.1976,0.2105,0.7069,-32.0435,24.7803,36.4380,0.7636,,
DATA,A003,8,612,882604,0.1713,0.2037,0.6905,-31.1890,38.8184,33.8135,0.7400,,
DATA,A003,8,613,882614,0.1425,0.2264,0.6935,-22.1558,57.9224,37.7197,0.7433,,
DATA,A003,8,614,882624,0.1549,0.0767,0.7316,-26.5503,77.3315,17.3950,0.7517,,
DATA,A003,8,615,882634,0.1359,0.0106,0.7489,-42.6636,83.7402,-2.6245,0.7612,,
DATA,A003,8,616,882644,0.0941,0.0840,0.7694,-60.3027,84.7778,-18.7988,0.7797,,
DATA,A003,8,617,882654,0.0499,0.1412,0.7889,-64.3311,87.3413,-22.3389,0.8030,,
DATA,A003,8,618,882664,-0.0021,0.0755,0.7728,-53.8330,83.3740,-27.1606,0.7765,,
DATA,A003,8,619,882674,-0.0541,0.1307,0.8448,-68.5425,78.4302,-14.8926,0.8566,,
DATA,A003,8,620,882684,0.0116,0.1168,0.8441,-69.2139,80.0781,-12.6343,0.8522,,
DATA,A003,8,621,882694,-0.0221,0.0914,0.8468,-67.3218,81.2378,-4.0894,0.8520,,
DATA,A003,8,622,882704,0.0062,0.1172,0.8253,-62.1948,73.1201,1.2207,0.8336,,
DATA,A003,8,623,882714,-0.1324,0.1453,0.8917,-61.8896,60.6079,-3.7231,0.9131,,
DATA,A003,8,624,882724,-0.1976,0.1473,0.9103,-60.3638,46.5088,-3.5400,0.9430,,
DATA,A003,8,625,882734,-0.2670,0.1600,0.9383,-57.7393,20.2637,3.4790,0.9886,,
DATA,A003,8,626,882744,-0.2569,0.1021,0.9337,-56.2744,1.9531,7.8125,0.9738,,
DATA,A003,8,627,882754,-0.1105,0.1036,0.9213,-49.1333,-6.1646,2.9297,0.9336,,
DATA,A003,8,628,882764,-0.0990,0.0801,0.9742,-49.0112,8.7280,-9.6436,0.9825,,
DATA,A003,8,629,882774,-0.1520,0.0718,1.1356,-38.7573,52.0630,-31.1890,1.1480,,
DATA,A003,8,630,882784,-0.2399,0.1026,1.2914,-38.8794,80.2002,-20.5688,1.3175,,
DATA,A003,8,631,882794,-0.4525,0.0892,1.4654,-38.5132,120.6055,0.8545,1.5363,,
DATA,A003,8,632,882804,-0.5638,0.0713,1.5038,-39.2456,132.3853,16.2354,1.6076,,
DATA,A003,8,633,882814,-0.7176,0.0179,1.3883,-31.4331,119.5068,33.6304,1.5629,,
DATA,A003,8,634,882824,-0.7645,0.0523,1.3036,-24.2310,98.2056,43.6401,1.5121,,
DATA,A003,8,635,882834,-0.7181,0.0540,1.1771,-19.3481,61.0962,50.1099,1.3799,,
DATA,A003,8,636,882844,-0.6647,0.0645,1.0987,-12.4512,39.6118,46.8750,1.2858,,
DATA,A003,8,637,882854,-0.5465,0.0396,1.0602,-7.5073,21.5454,37.2314,1.1934,,
DATA,A003,8,638,882864,-0.5074,0.0250,1.0423,-3.0518,15.1367,31.3721,1.1596,,
DATA,A003,8,639,882874,-0.4413,0.0279,1.0604,1.7090,11.4746,26.3672,1.1489,,
DATA,A003,8,640,882884,-0.4374,0.0208,1.0621,3.9062,9.2773,24.5972,1.1488,,
DATA,A003,8,641,882894,-0.4852,-0.0451,1.0587,11.2305,-0.3662,22.7051,1.1655,,
DATA,A003,8,642,882904,-0.4923,-0.0346,1.0306,10.7422,-6.2256,23.8647,1.1427,,
DATA,A003,8,643,882914,-0.5004,-0.0656,0.9950,11.4136,-12.9395,25.2075,1.1156,,
DATA,A003,8,644,882924,-0.5265,-0.1030,0.9798,13.8550,-20.2026,25.1465,1.1171,,
DATA,A003,8,645,882934,-0.5343,-0.1433,0.9955,15.2588,-35.8276,27.5879,1.1388,,
DATA,A003,8,646,882944,-0.4896,-0.1496,1.0196,15.9912,-44.6777,31.4941,1.1410,,
DATA,A003,8,647,882954,-0.4125,-0.1564,0.9986,16.4185,-50.7812,39.4897,1.0917,,
DATA,A003,8,648,882964,-0.3531,-0.1430,0.9654,17.7612,-52.9785,47.5464,1.0379,,
DATA,A003,8,649,882974,-0.2289,-0.1022,0.9376,16.6626,-44.9829,57.9224,0.9705,,
DATA,A003,8,650,882984,-0.1498,-0.0519,0.9308,13.6719,-31.7383,59.9976,0.9442,,
DATA,A003,8,651,882994,-0.1288,-0.0024,0.9454,7.9346,-9.0332,54.9316,0.9542,,
EVENT,A003,8,,883003,,,,,,,,STOP,651
