row_type,session_id,record_id,sample_id,device_timestamp_ms,ax,ay,az,gx,gy,gz,acc_norm,event_type,sample_count
EVENT,A005,,,981485,,,,,,,,NEW_SESSION,
EVENT,A005,1,,1044145,,,,,,,,START,
DATA,A005,1,1,1044168,0.1298,0.1375,0.9357,39.6118,85.9375,-22.0947,0.9546,,
DATA,A005,1,2,1044178,0.0507,0.0748,0.9703,45.5322,88.1348,-22.0337,0.9745,,
DATA,A005,1,3,1044188,0.0219,0.0350,0.9694,56.5186,97.9004,-34.7290,0.9702,,
DATA,A005,1,4,1044198,0.0451,0.3865,0.9842,54.6265,94.4824,-22.8882,1.0584,,
DATA,A005,1,5,1044208,0.0299,0.4402,0.9994,34.0576,91.0645,-2.9297,1.0925,,
DATA,A005,1,6,1044218,0.0053,0.4280,1.0018,4.3945,97.7173,15.5640,1.0894,,
DATA,A005,1,7,1044228,-0.0065,0.3765,0.9762,-13.7939,99.4873,24.1699,1.0463,,
DATA,A005,1,8,1044238,0.0011,0.1661,0.9359,-31.9214,106.5063,34.7290,0.9505,,
DATA,A005,1,9,1044248,0.0453,0.1504,0.9269,-33.3252,105.9570,47.7295,0.9401,,
DATA,A005,1,10,1044258,0.0504,0.3382,0.8727,-34.0576,119.7510,54.9927,0.9373,,
DATA,A005,1,11,1044268,-0.0275,0.2115,0.8534,-23.4985,127.3804,35.6445,0.8796,,
DATA,A005,1,12,1044278,-0.0807,0.1790,0.8124,-28.9917,123.2300,26.8555,0.8358,,
DATA,A005,1,13,1044288,-0.2088,0.1907,0.7460,-22.2778,101.2573,30.3345,0.7978,,
DATA,A005,1,14,1044298,-0.2213,0.2596,0.7111,-17.0288,45.7153,2.5635,0.7886,,
DATA,A005,1,15,1044308,0.3454,0.2217,0.0402,48.5229,41.1987,60.1196,0.4124,,
DATA,A005,1,16,1044318,0.4179,0.0538,0.6981,142.0288,80.3223,129.5166,0.8154,,
DATA,A005,1,17,1044328,0.1339,0.2447,0.8395,79.4678,110.2295,75.0732,0.8846,,
DATA,A005,1,18,1044338,-0.0043,0.4131,0.8268,24.3530,132.8735,47.5464,0.9243,,
DATA,A005,1,19,1044348,-0.3011,0.5543,0.7831,-4.5166,120.9717,22.5220,1.0055,,
DATA,A005,1,20,1044358,-0.2489,0.4786,0.7950,3.1738,83.3130,32.7759,0.9608,,
DATA,A005,1,21,1044368,-0.2098,0.4478,0.8370,12.6953,52.7344,45.2881,0.9722,,
DATA,A005,1,22,1044378,-0.1268,0.4222,0.8592,8.1177,45.1050,43.2129,0.9657,,
DATA,A005,1,23,1044388,-0.0926,0.4556,0.8776,4.6997,54.0771,49.6826,0.9931,,
DATA,A005,1,24,1044398,-0.1024,0.5252,0.8768,8.6670,69.3970,52.4292,1.0272,,
DATA,A005,1,25,1044408,-0.1717,0.6395,0.8841,12.2681,89.9658,54.2603,1.1046,,
DATA,A005,1,26,1044418,-0.2367,0.6922,0.8902,10.1929,96.9238,54.2603,1.1523,,
DATA,A005,1,27,1044428,-0.3270,0.7376,0.9125,6.7749,97.1069,51.7578,1.2180,,
DATA,A005,1,28,1044438,-0.3717,0.7476,0.9444,7.3242,92.1631,49.8047,1.2606,,
DATA,A005,1,29,1044448,-0.4137,0.7723,1.0094,11.6577,82.5806,47.1191,1.3366,,
DATA,A005,1,30,1044458,-0.4159,0.7935,1.0421,14.5874,78.4302,45.3491,1.3743,,
DATA,A005,1,31,1044468,-0.4083,0.8126,1.0690,16.8457,75.0732,44.7998,1.4034,,
DATA,A005,1,32,1044478,-0.4090,0.8160,1.0831,18.3105,74.9512,44.2505,1.4164,,
DATA,A005,1,33,1044488,-0.4281,0.8123,1.0973,22.8882,76.4160,42.5415,1.4308,,
DATA,A005,1,34,1044498,-0.4581,0.8126,1.1036,27.4048,77.2095,41.6260,1.4450,,
DATA,A005,1,35,1044508,-0.5025,0.8287,1.1144,36.3159,76.2329,41.6260,1.4768,,
DATA,A005,1,36,1044518,-0.5221,0.8558,1.0939,42.9077,75.3784,43.0298,1.4837,,
DATA,A005,1,37,1044528,-0.5240,0.9029,1.0160,52.1240,76.1719,48.0347,1.4567,,
DATA,A005,1,38,1044538,-0.4960,0.9380,0.9388,58.7158,81.5430,53.6499,1.4168,,
DATA,A005,1,39,1044548,-0.4269,0.9764,0.7977,68.4204,101.9897,65.1245,1.3311,,
DATA,A005,1,40,1044558,-0.3729,0.9922,0.7032,74.9512,125.4272,74.3408,1.2721,,
DATA,A005,1,41,1044568,-0.3216,0.9737,0.5829,83.7402,171.9360,88.5010,1.1795,,
DATA,A005,1,42,1044578,-0.3400,0.9234,0.5084,86.1206,208.2520,95.3369,1.1076,,
DATA,A005,1,43,1044588,-0.4393,0.7960,0.4042,86.4868,259.7046,98.1445,0.9949,,
DATA,A005,1,44,1044598,-0.5133,0.6988,0.3373,88.1958,288.2080,93.9331,0.9303,,
DATA,A005,1,45,1044608,-0.5921,0.5650,0.2225,93.5669,319.0918,85.0830,0.8482,,
DATA,A005,1,46,1044618,-0.6012,0.4774,0.1883,98.2056,333.5571,77.5757,0.7904,,
DATA,A005,1,47,1044628,-0.5326,0.3582,0.1774,107.1777,351.5625,65.8569,0.6659,,
DATA,A005,1,48,1044638,-0.5538,0.2928,0.1234,111.3281,356.4453,56.4575,0.6385,,
DATA,A005,1,49,1044648,-0.5963,0.2588,0.1278,120.4834,353.3325,46.2036,0.6625,,
DATA,A005,1,50,1044658,-0.7069,0.2415,0.1813,131.5308,322.7539,29.1138,0.7687,,
DATA,A005,1,51,1044668,-0.7904,0.2508,0.2443,139.0381,286.4380,13.8550,0.8645,,
DATA,A005,1,52,1044678,-0.7787,0.2581,0.3634,140.5640,221.9238,-7.5684,0.8972,,
DATA,A005,1,53,1044688,-0.6876,0.2154,0.4308,138.1226,177.3071,-24.0479,0.8395,,
DATA,A005,1,54,1044698,-0.5533,0.1854,0.5131,132.6294,128.6011,-44.9829,0.7770,,
DATA,A005,1,55,1044708,-0.4989,0.1773,0.5245,127.5635,108.2153,-56.5796,0.7453,,
DATA,A005,1,56,1044718,-0.4371,0.1968,0.4935,117.8589,84.1064,-67.4438,0.6880,,
DATA,A005,1,57,1044728,-0.4503,0.2371,0.4847,109.6802,68.6646,-70.9229,0.7028,,
DATA,A005,1,58,1044738,-0.5611,0.3006,0.4210,92.2852,27.2827,-66.8945,0.7632,,
DATA,A005,1,59,1044748,-0.6754,0.3817,0.4274,82.1533,-22.3389,-59.8755,0.8857,,
DATA,A005,1,60,1044758,-0.5140,0.4031,0.2848,62.9883,-101.6235,-53.3447,0.7126,,
DATA,A005,1,61,1044768,-0.2870,0.3985,0.2435,54.1992,-124.3896,-67.0776,0.5481,,
DATA,A005,1,62,1044778,-0.1232,0.4136,0.2914,19.7754,-123.4131,-71.8994,0.5207,,
DATA,A005,1,63,1044788,-0.1776,0.4307,0.3932,-7.3853,-105.2246,-60.1807,0.6096,,
DATA,A005,1,64,1044798,-0.3072,0.5088,0.5553,-30.5786,-74.8901,-44.7388,0.8134,,
DATA,A005,1,65,1044808,-0.3441,0.5699,0.6920,-44.1284,-55.0537,-59.0820,0.9602,,
DATA,A005,1,66,1044818,-0.4296,0.7430,0.8778,-69.4580,-28.4424,-67.5049,1.2276,,
DATA,A005,1,67,1044828,-0.5421,0.8980,0.9161,-85.7544,-15.6860,-69.4580,1.3927,,
DATA,A005,1,68,1044838,-0.7098,1.0447,0.8236,-132.0801,-5.3101,-87.8296,1.5079,,
DATA,A005,1,69,1044848,-0.7921,0.9839,0.7545,-161.0718,-7.3853,-106.0181,1.4713,,
DATA,A005,1,70,1044858,-0.9339,0.8394,0.7753,-173.4009,-29.5410,-102.4170,1.4758,,
DATA,A005,1,71,1044868,-0.9864,0.7659,0.8426,-172.0581,-50.1099,-99.7314,1.5066,,
DATA,A005,1,72,1044878,-0.9349,0.6807,0.9193,-172.7905,-70.4956,-87.7686,1.4774,,
DATA,A005,1,73,1044888,-0.8453,0.5950,0.9581,-182.4951,-86.7920,-99.9146,1.4095,,
DATA,A005,1,74,1044898,-0.8400,0.5362,0.9647,-187.5000,-112.8540,-116.6382,1.3870,,
DATA,A005,1,75,1044908,-0.8819,0.5286,0.9838,-182.4341,-127.8076,-120.6055,1.4230,,
DATA,A005,1,76,1044918,-0.9252,0.5777,0.9667,-171.8140,-133.9722,-115.2344,1.4574,,
DATA,A005,1,77,1044928,-0.9330,0.5784,0.9498,-167.1143,-116.6382,-101.3794,1.4516,,
DATA,A005,1,78,1044938,-0.9010,0.5157,1.0006,-165.8325,-69.7632,-100.7080,1.4418,,
DATA,A005,1,79,1044948,-0.7118,0.4730,1.0941,-151.0620,-7.3242,-87.7686,1.3883,,
DATA,A005,1,80,1044958,-0.8263,0.4905,1.0853,-134.3994,105.2246,-73.9746,1.4496,,
DATA,A005,1,81,1044968,-1.2101,0.5005,1.0626,-136.7798,151.9775,-67.6880,1.6864,,
DATA,A005,1,82,1044978,-1.7818,0.4127,1.0038,-146.3013,148.5596,-83.6182,2.0863,,
DATA,A005,1,83,1044988,-1.8756,0.3043,0.9305,-141.7847,90.3931,-101.5015,2.1157,,
DATA,A005,1,84,1044998,-1.7860,0.2127,0.8558,-131.7749,1.3428,-108.8257,1.9919,,
DATA,A005,1,85,1045008,-1.3295,0.1146,0.7225,-110.4126,-110.6567,-106.8726,1.5174,,
DATA,A005,1,86,1045018,-1.1705,0.0972,0.6766,-95.5200,-161.4990,-104.4312,1.3555,,
DATA,A005,1,87,1045028,-0.8124,0.0994,0.5880,-72.4487,-208.5571,-96.2524,1.0078,,
DATA,A005,1,88,1045038,-0.7386,0.0928,0.6622,-60.1196,-217.5903,-78.2471,0.9964,,
DATA,A005,1,89,1045048,-0.6168,0.0347,0.6644,-55.4199,-237.7319,-74.3408,0.9073,,
DATA,A005,1,90,1045058,-0.5040,0.0023,0.6798,-52.7344,-250.7324,-73.7305,0.8463,,
DATA,A005,1,91,1045068,-0.2936,-0.0119,0.6774,-49.8047,-257.3242,-72.6929,0.7383,,
DATA,A005,1,92,1045078,-0.1669,-0.0143,0.7047,-47.8516,-251.4648,-72.2656,0.7243,,
DATA,A005,1,93,1045088,-0.0055,-0.0256,0.6966,-45.8374,-236.7554,-71.6553,0.6971,,
DATA,A005,1,94,1045098,0.0922,-0.0375,0.7208,-44.4336,-219.6045,-69.2749,0.7277,,
DATA,A005,1,95,1045108,0.1344,-0.0429,0.7535,-42.6025,-186.7676,-65.6128,0.7666,,
DATA,A005,1,96,1045118,0.1002,-0.0388,0.7938,-43.2129,-164.1846,-62.6221,0.8011,,
DATA,A005,1,97,1045128,0.0455,-0.0493,0.8392,-44.5557,-147.3389,-55.2979,0.8419,,
DATA,A005,1,98,1045138,0.0524,-0.0683,0.8539,-45.5933,-144.8975,-52.0020,0.8582,,
DATA,A005,1,99,1045148,0.0905,-0.1220,0.8624,-43.5181,-142.3340,-49.1943,0.8757,,
DATA,A005,1,100,1045158,0.1080,-0.1542,0.8531,-41.4429,-140.1367,-48.8281,0.8737,,
DATA,A005,1,101,1045168,0.0844,-0.1921,0.8329,-38.0249,-137.0239,-47.1191,0.8589,,
DATA,A005,1,102,1045178,0.0170,-0.2121,0.8712,-34.8511,-136.6577,-48.5229,0.8968,,
DATA,A005,1,103,1045188,-0.0890,-0.2062,0.9257,-31.3721,-137.2681,-54.0771,0.9525,,
DATA,A005,1,104,1045198,-0.1564,-0.1877,1.0340,-28.2593,-138.0005,-58.2275,1.0625,,
DATA,A005,1,105,1045208,-0.2284,-0.0703,1.1798,-25.3296,-141.5405,-64.7583,1.2038,,
DATA,A005,1,106,1045218,-0.1944,-0.0009,1.1835,-29.4189,-143.3716,-68.7866,1.1993,,
DATA,A005,1,107,1045228,-0.1454,0.0150,1.1236,-40.8936,-151.4282,-68.9087,1.1331,,
DATA,A005,1,108,1045238,-0.6290,0.0071,1.0946,-46.5088,-210.5713,-79.4067,1.2625,,
DATA,A005,1,109,1045248,0.0221,-0.0615,0.7736,-80.5664,-334.4727,-86.8530,0.7763,,
DATA,A005,1,110,1045258,0.6076,-0.1955,0.6705,-62.3779,-279.8462,-51.1475,0.9257,,
DATA,A005,1,111,1045268,0.7538,-0.2643,0.6656,-34.1187,-230.2246,-27.0996,1.0398,,
DATA,A005,1,112,1045278,0.8705,-0.3156,0.6114,-23.8647,-142.8833,-27.8320,1.1096,,
DATA,A005,1,113,1045288,0.7142,-0.3347,0.6144,-3.7231,-49.5605,-28.0762,0.9998,,
DATA,A005,1,114,1045298,0.5924,-0.3400,0.6319,11.6577,5.1880,-25.8179,0.9306,,
DATA,A005,1,115,1045308,0.3090,-0.2932,0.6903,34.7290,37.7197,-30.7007,0.8111,,
DATA,A005,1,116,1045318,0.1730,-0.2590,0.7320,44.9219,43.5181,-36.4990,0.7955,,
DATA,A005,1,117,1045328,0.0416,-0.2353,0.7819,52.3071,31.2500,-42.3584,0.8176,,
DATA,A005,1,118,1045338,0.0045,-0.2390,0.8517,59.8145,4.4556,-52.9175,0.8846,,
DATA,A005,1,119,1045348,0.0604,-0.2453,0.9022,63.1714,-17.7612,-58.8379,0.9369,,
DATA,A005,1,120,1045358,0.1950,-0.2502,0.9608,64.1479,-40.7715,-61.7065,1.0118,,
DATA,A005,1,121,1045368,0.2597,-0.2316,0.9952,62.6221,-45.3491,-64.0259,1.0543,,
DATA,A005,1,122,1045378,0.3261,-0.1828,1.0265,57.1899,-37.9028,-70.1294,1.0924,,
DATA,A005,1,123,1045388,0.3595,-0.1476,1.0140,51.5747,-29.3579,-71.2891,1.0860,,
DATA,A005,1,124,1045398,0.5368,-0.0729,0.7298,39.9170,-24.2920,-64.0869,0.9089,,
DATA,A005,1,125,1045408,0.3627,-0.1628,0.7875,42.7856,-29.9072,-61.4014,0.8821,,
DATA,A005,1,126,1045418,0.4472,-0.0576,0.9330,53.0396,-38.5132,-58.8379,1.0362,,
DATA,A005,1,127,1045428,0.5512,0.0035,0.9957,46.6309,-32.9590,-46.5698,1.1381,,
DATA,A005,1,128,1045438,0.5275,0.0518,1.0238,31.6772,-11.2915,-41.7480,1.1529,,
DATA,A005,1,129,1045448,0.4789,0.0174,1.0179,22.5830,5.2490,-43.5181,1.1251,,
DATA,A005,1,130,1045458,0.2741,-0.1577,0.9755,17.8223,10.7422,-36.5601,1.0254,,
DATA,A005,1,131,1045468,0.2252,-0.2033,0.9440,22.3999,6.1646,-29.9683,0.9915,,
DATA,A005,1,132,1045478,0.2330,-0.1142,0.9557,31.6772,-4.0283,-31.2500,0.9903,,
DATA,A005,1,133,1045488,0.2496,-0.0773,0.9359,31.7383,-7.7515,-33.5693,0.9717,,
DATA,A005,1,134,1045498,0.4799,0.3099,0.9457,50.7812,7.9346,49.7437,1.1048,,
DATA,A005,1,135,1045508,0.8219,-0.3422,0.9032,-74.6460,14.5874,37.3535,1.2682,,
DATA,A005,1,136,1045518,0.3930,-0.4714,0.8695,26.4282,81.4209,56.8237,1.0643,,
DATA,A005,1,137,1045528,0.2807,-0.2477,1.0863,53.1006,110.7788,28.5645,1.1490,,
DATA,A005,1,138,1045538,0.1063,-0.2741,1.0218,33.4473,94.1772,-2.6245,1.0633,,
DATA,A005,1,139,1045548,-0.0123,-0.2224,1.0863,54.7485,66.2842,-15.3809,1.1089,,
DATA,A005,1,140,1045558,0.0917,-0.0244,1.0983,58.5327,21.1182,-22.7661,1.1023,,
DATA,A005,1,141,1045568,0.0385,-0.0930,1.0428,47.8516,-22.7051,-23.9868,1.0477,,
DATA,A005,1,142,1045578,0.3102,-0.2463,0.8622,43.6401,-68.4204,-65.1245,0.9488,,
DATA,A005,1,143,1045588,0.7745,0.1265,0.8619,79.3457,-41.0156,-12.6343,1.1657,,
DATA,A005,1,144,1045598,0.3307,0.1834,0.9908,23.0713,-0.9766,-8.6060,1.0605,,
DATA,A005,1,145,1045608,0.2147,0.0328,1.0011,2.1973,-9.7656,-35.0952,1.0244,,
DATA,A005,1,146,1045618,0.3400,-0.0529,1.0238,6.8970,-23.3154,-27.0996,1.0801,,
DATA,A005,1,147,1045628,0.3305,-0.1386,1.0470,17.7002,-22.5830,-25.5127,1.1066,,
DATA,A005,1,148,1045638,0.4340,0.0484,1.0192,24.8413,-9.7656,-27.8931,1.1088,,
DATA,A005,1,149,1045648,0.4291,0.0792,0.9986,22.9492,1.2817,-22.7051,1.0898,,
DATA,A005,1,150,1045658,0.4286,0.0694,1.0262,24.5361,8.6670,-20.1416,1.1143,,
DATA,A005,1,151,1045668,0.4325,0.1143,1.0245,24.5972,14.2212,-15.9912,1.1179,,
DATA,A005,1,152,1045678,0.3878,0.1744,0.9935,21.7285,16.8457,-12.8174,1.0807,,
DATA,A005,1,153,1045688,0.3146,0.1946,0.9515,12.5122,13.6108,-10.6201,1.0209,,
DATA,A005,1,154,1045698,0.2973,0.1346,0.9125,6.9580,10.3149,-9.1553,0.9691,,
DATA,A005,1,155,1045708,0.3075,0.1087,0.9049,15.1978,9.3994,-10.0708,0.9619,,
DATA,A005,1,156,1045718,0.3178,0.0901,0.9130,17.8223,13.4277,-6.2256,0.9709,,
DATA,A005,1,157,1045728,0.2899,0.2083,0.9430,20.2026,24.3530,-2.8076,1.0083,,
DATA,A005,1,158,1045738,0.2453,0.2325,0.9694,12.4512,26.9165,-0.3052,1.0266,,
DATA,A005,1,159,1045748,0.2492,0.2020,0.9955,2.8687,28.6255,2.3804,1.0459,,
DATA,A005,1,160,1045758,0.2892,0.1978,1.0089,-0.2441,34.2407,6.7749,1.0680,,
DATA,A005,1,161,1045768,0.2453,0.0884,0.9957,-1.8311,34.4238,4.7607,1.0293,,
DATA,A005,1,162,1045778,0.2445,0.0296,0.9794,3.2959,32.4707,1.0986,1.0099,,
DATA,A005,1,163,1045788,0.2636,0.0023,0.9442,15.1978,29.2969,-2.6245,0.9803,,
DATA,A005,1,164,1045798,0.2416,0.0391,0.9388,21.1182,31.2500,-7.6294,0.9702,,
DATA,A005,1,165,1045808,0.2587,0.1258,0.9510,23.7427,23.9868,-9.3384,0.9936,,
DATA,A005,1,166,1045818,0.2614,0.1553,0.9823,19.9585,15.8081,-7.8735,1.0283,,
DATA,A005,1,167,1045828,0.2516,0.1102,0.9725,16.6626,8.7891,-7.5684,1.0106,,
DATA,A005,1,168,1045838,0.2257,0.0811,0.9872,17.6392,2.2583,-9.2163,1.0159,,
DATA,A005,1,169,1045848,0.2169,0.0457,1.0189,18.8599,-3.7842,-14.9536,1.0428,,
DATA,A005,1,170,1045858,0.2160,0.0738,1.0402,19.7754,-2.0142,-14.7705,1.0649,,
DATA,A005,1,171,1045868,0.2445,0.1231,1.0680,15.1978,-0.3662,-11.5967,1.1025,,
DATA,A005,1,172,1045878,0.2782,0.1224,1.0760,12.5732,0.7324,-7.6904,1.1181,,
DATA,A005,1,173,1045888,0.2936,0.0967,1.0311,8.7891,3.8452,-5.1880,1.0765,,
DATA,A005,1,174,1045898,0.3378,0.0506,1.0087,10.4980,4.5776,-4.7607,1.0649,,
DATA,A005,1,175,1045908,0.3056,0.0833,0.9850,9.5215,6.2256,-6.9580,1.0346,,
DATA,A005,1,176,1045918,0.2623,0.0648,0.9781,11.1694,1.3428,-11.0474,1.0148,,
DATA,A005,1,177,1045928,0.2987,0.0823,0.9615,17.7612,3.4180,-12.1460,1.0102,,
DATA,A005,1,178,1045938,0.2763,0.0709,0.9664,21.6675,5.3711,-12.7563,1.0076,,
DATA,A005,1,179,1045948,0.3100,0.0831,0.9537,25.7568,4.5776,-14.4653,1.0063,,
DATA,A005,1,180,1045958,0.3165,0.0923,0.9637,29.2969,9.6436,-12.8174,1.0186,,
DATA,A005,1,181,1045968,0.3126,0.1275,0.9999,32.6538,21.2402,-10.2539,1.0553,,
DATA,A005,1,182,1045978,0.2924,0.1426,0.9986,31.3110,22.5830,-7.3853,1.0503,,
DATA,A005,1,183,1045988,0.2970,0.1641,0.9437,24.1089,13.3667,-7.7515,1.0029,,
DATA,A005,1,184,1045998,0.3053,0.1700,0.9381,24.4141,14.6484,-4.5776,1.0011,,
DATA,A005,1,185,1046008,0.4579,0.2315,0.8566,33.2031,13.6719,-3.1128,0.9985,,
DATA,A005,1,186,1046018,-0.0934,0.1253,0.5673,106.2622,56.5796,-4.6997,0.5884,,
DATA,A005,1,187,1046028,0.5971,0.1487,1.1285,101.0132,-17.0898,6.4087,1.2854,,
DATA,A005,1,188,1046038,0.3153,0.0775,0.8993,35.0342,-36.0718,-17.7002,0.9561,,
DATA,A005,1,189,1046048,0.2626,0.1439,0.9364,33.9355,-40.5884,-20.2637,0.9831,,
DATA,A005,1,190,1046058,0.2155,0.1998,1.0157,30.1514,-42.3584,-15.3809,1.0574,,
DATA,A005,1,191,1046068,0.3436,0.1851,1.0580,42.7246,-70.0684,-12.5732,1.1277,,
DATA,A005,1,192,1046078,0.4320,0.1255,1.0790,32.1655,-47.4243,-13.1226,1.1690,,
DATA,A005,1,193,1046088,0.4120,0.1036,1.0668,32.7148,-43.2129,-14.3433,1.1482,,
DATA,A005,1,194,1046098,0.5641,0.1675,1.0765,24.2920,-29.2358,-7.8125,1.2269,,
DATA,A005,1,195,1046108,0.6120,0.1251,1.0397,15.1978,-11.9629,-3.1738,1.2129,,
DATA,A005,1,196,1046118,0.4767,0.1417,0.9447,7.2021,10.0098,-1.5869,1.0676,,
DATA,A005,1,197,1046128,0.4069,0.1671,0.8937,5.1270,16.3574,-2.6245,0.9960,,
EVENT,A005,1,,1046136,,,,,,,,STOP,197
EVENT,A005,2,,1083492,,,,,,,,START,
DATA,A005,2,1,1083515,0.0438,0.3106,0.8527,124.9390,9.7656,18.4326,0.9085,,
DATA,A005,2,2,1083525,0.0748,0.3719,0.8707,122.9248,27.4048,14.7705,0.9498,,
DATA,A005,2,3,1083535,0.0548,0.4268,0.8602,110.1074,43.9453,3.4790,0.9619,,
DATA,A005,2,4,1083545,0.0678,0.4905,0.8185,96.9238,72.5098,-14.4653,0.9566,,
DATA,A005,2,5,1083555,0.0995,0.5159,0.7958,94.6045,88.5620,-18.1274,0.9536,,
DATA,A005,2,6,1083565,0.2699,0.6876,0.7828,88.5620,98.9990,-11.9019,1.0763,,
DATA,A005,2,7,1083575,0.0419,0.4051,0.7220,86.1206,133.6060,-26.4282,0.8290,,
DATA,A005,2,8,1083585,-0.0089,0.5286,0.6534,86.9141,133.4229,-10.7422,0.8405,,
DATA,A005,2,9,1083595,-0.0318,0.6329,0.6642,81.4819,141.2354,22.5830,0.9180,,
DATA,A005,2,10,1083605,0.3385,1.0587,0.4130,75.4395,137.2681,55.5420,1.1857,,
DATA,A005,2,11,1083615,0.1903,0.9717,0.5485,19.3481,185.7910,110.5347,1.1319,,
DATA,A005,2,12,1083625,0.6337,0.6456,0.4178,-6.8970,228.0884,174.7437,0.9964,,
DATA,A005,2,13,1083635,0.2313,0.4393,0.3756,-5.1880,321.8384,139.2822,0.6225,,
DATA,A005,2,14,1083645,0.0949,0.5069,0.3636,37.4756,387.8784,85.6934,0.6310,,
DATA,A005,2,15,1083655,-0.1026,0.6556,0.3490,49.9878,377.7466,104.4312,0.7497,,
DATA,A005,2,16,1083665,-0.1849,0.7588,0.3231,39.9170,378.1738,121.4600,0.8452,,
DATA,A005,2,17,1083675,-0.2335,0.7398,0.3031,32.3486,357.6660,124.2065,0.8329,,
DATA,A005,2,18,1083685,-0.1605,0.6646,0.2499,32.8369,339.1113,130.8594,0.7279,,
DATA,A005,2,19,1083695,-0.0926,0.6580,0.2284,41.1987,335.6323,138.4888,0.7027,,
DATA,A005,2,20,1083705,0.0233,0.6949,0.1952,54.2603,356.8115,148.3154,0.7222,,
DATA,A005,2,21,1083715,0.0343,0.7376,0.1608,59.9365,381.5308,154.0527,0.7557,,
DATA,A005,2,22,1083725,-0.0123,0.7974,0.0922,64.5752,426.6357,161.8042,0.8028,,
DATA,A005,2,23,1083735,-0.0804,0.8343,0.0482,67.2607,453.2471,167.1143,0.8395,,
DATA,A005,2,24,1083745,-0.1959,0.8953,-0.0045,70.4956,482.6660,175.2319,0.9165,,
DATA,A005,2,25,1083755,-0.2618,0.9385,-0.0280,72.1436,494.8120,180.8472,0.9748,,
DATA,A005,2,26,1083765,-0.3363,1.0074,-0.0438,74.2798,501.4038,189.5752,1.0629,,
DATA,A005,2,27,1083775,-0.3668,1.0704,-0.0360,75.0122,502.7466,194.8853,1.1321,,
DATA,A005,2,28,1083785,-0.3822,1.1441,-0.0302,74.9512,503.7231,199.8901,1.2066,,
DATA,A005,2,29,1083795,-0.3880,1.2606,-0.0238,72.3267,508.3008,204.4067,1.3191,,
DATA,A005,2,30,1083805,-0.3910,1.3336,0.0113,69.1528,513.7939,206.3599,1.3897,,
DATA,A005,2,31,1083815,-0.4681,1.4805,-0.0214,57.7393,523.6206,210.2051,1.5529,,
DATA,A005,2,32,1083825,-0.5135,1.5254,0.0345,45.5322,520.6909,212.1582,1.6099,,
DATA,A005,2,33,1083835,-0.6073,1.6038,0.0377,25.8789,503.9062,208.7402,1.7154,,
DATA,A005,2,34,1083845,-0.6896,1.5975,0.0389,7.7515,486.0229,201.5381,1.7404,,
DATA,A005,2,35,1083855,-0.8627,1.5201,-0.0014,-25.6958,433.0444,187.2559,1.7478,,
DATA,A005,2,36,1083865,-0.9769,1.4273,0.0004,-41.3208,370.6665,182.9834,1.7296,,
DATA,A005,2,37,1083875,-0.8375,1.2996,0.0138,-49.7437,264.5264,182.9224,1.5462,,
DATA,A005,2,38,1083885,-0.7696,1.2754,0.0113,-50.2930,193.7256,179.1992,1.4897,,
DATA,A005,2,39,1083895,-0.5958,1.2493,-0.0397,-56.5186,116.3330,170.6543,1.3847,,
DATA,A005,2,40,1083905,-0.4921,1.2103,-0.0355,-56.2134,79.5898,167.9077,1.3069,,
DATA,A005,2,41,1083915,-0.4007,1.1837,-0.0231,-47.9736,34.5459,163.6353,1.2499,,
DATA,A005,2,42,1083925,-0.3739,1.1761,-0.0060,-39.9170,23.4375,158.3862,1.2341,,
DATA,A005,2,43,1083935,-0.4449,1.1710,0.0260,-30.3955,6.2866,149.2920,1.2529,,
DATA,A005,2,44,1083945,-0.4872,1.1592,0.0314,-26.1841,-6.5308,141.1133,1.2578,,
DATA,A005,2,45,1083955,-0.5389,1.1480,0.0660,-21.8506,-35.1562,129.7607,1.2699,,
DATA,A005,2,46,1083965,-0.5384,1.1358,0.0673,-18.9819,-59.8145,122.3755,1.2588,,
DATA,A005,2,47,1083975,-0.4767,1.0901,0.0441,-16.3574,-96.9849,110.9009,1.1906,,
DATA,A005,2,48,1083985,-0.4349,1.0638,0.0314,-13.7329,-117.9810,103.4546,1.1497,,
DATA,A005,2,49,1083995,-0.3592,1.0303,0.0106,-6.6528,-136.4746,92.4072,1.0912,,
DATA,A005,2,50,1084005,-0.3153,1.0101,-0.0043,-1.0376,-143.5547,85.1440,1.0581,,
DATA,A005,2,51,1084015,-0.2604,0.9998,0.0038,5.7983,-143.9819,72.8149,1.0332,,
DATA,A005,2,52,1084025,-0.2306,1.0052,0.0406,8.9722,-138.7939,63.9648,1.0321,,
DATA,A005,2,53,1084035,-0.1876,1.0489,0.0648,10.6812,-123.2300,51.4526,1.0675,,
DATA,A005,2,54,1084045,-0.1546,1.0750,0.0411,6.7139,-107.2998,44.6777,1.0869,,
DATA,A005,2,55,1084055,-0.1129,1.0594,-0.0131,-3.1128,-77.3926,33.7524,1.0655,,
DATA,A005,2,56,1084065,-0.0897,1.0211,-0.0219,-5.3711,-54.9927,25.8789,1.0252,,
DATA,A005,2,57,1084075,-0.0885,0.9712,-0.0111,-1.8921,-16.2964,15.5029,0.9753,,
DATA,A005,2,58,1084085,-0.1014,0.9495,0.0033,1.2207,8.9111,9.5215,0.9549,,
DATA,A005,2,59,1084095,-0.1476,0.9307,0.0306,3.7231,41.6870,2.3193,0.9428,,
DATA,A005,2,60,1084105,-0.1935,0.9263,0.0338,4.5166,57.1899,-1.6479,0.9469,,
DATA,A005,2,61,1084115,-0.2301,0.9312,0.0306,5.5542,65.5518,-5.3711,0.9597,,
DATA,A005,2,62,1084125,-0.2799,0.9297,0.0287,6.1035,65.2466,-10.0098,0.9714,,
DATA,A005,2,63,1084135,-0.2899,0.9212,0.0326,5.2490,59.5703,-12.3291,0.9663,,
DATA,A005,2,64,1084145,-0.2831,0.8907,0.0558,4.2114,48.1567,-14.6484,0.9362,,
DATA,A005,2,65,1084155,-0.2840,0.8633,0.0758,4.3945,40.8936,-15.6860,0.9120,,
DATA,A005,2,66,1084165,-0.2821,0.8450,0.1051,6.5918,33.2642,-17.3340,0.8970,,
DATA,A005,2,67,1084175,-0.2889,0.8538,0.1300,8.4229,28.8696,-19.0430,0.9107,,
DATA,A005,2,68,1084185,-0.2992,0.8787,0.1717,10.6812,22.5220,-22.3389,0.9440,,
DATA,A005,2,69,1084195,-0.3031,0.9051,0.1901,9.8877,18.1274,-24.4751,0.9732,,
DATA,A005,2,70,1084205,-0.2997,0.9254,0.2001,7.1411,11.0474,-27.7710,0.9930,,
DATA,A005,2,71,1084215,-0.2965,0.9288,0.2006,5.9204,6.8970,-30.2124,0.9954,,
DATA,A005,2,72,1084225,-0.2911,0.9410,0.2013,5.1270,0.9766,-34.2407,1.0053,,
DATA,A005,2,73,1084235,-0.2901,0.9551,0.1981,6.2866,-3.6011,-37.3535,1.0177,,
DATA,A005,2,74,1084245,-0.2941,0.9905,0.1910,7.2021,-12.5732,-42.0532,1.0508,,
DATA,A005,2,75,1084255,-0.2901,1.0115,0.1898,6.6528,-20.3857,-45.3491,1.0693,,
DATA,A005,2,76,1084265,-0.2713,1.0296,0.1847,4.8218,-33.2031,-50.9033,1.0807,,
DATA,A005,2,77,1084275,-0.2486,1.0306,0.1803,2.6855,-41.2598,-54.8706,1.0754,,
DATA,A005,2,78,1084285,-0.2135,1.0240,0.1693,-0.4883,-49.4385,-60.9131,1.0596,,
DATA,A005,2,79,1084295,-0.1893,1.0198,0.1605,-2.6855,-51.5747,-65.0024,1.0496,,
DATA,A005,2,80,1084305,-0.1625,0.9952,0.1481,-4.6387,-50.5371,-70.6787,1.0192,,
DATA,A005,2,81,1084315,-0.1522,0.9761,0.1578,-4.8218,-48.4009,-73.4863,1.0005,,
DATA,A005,2,82,1084325,-0.1747,0.9283,0.1837,-4.2114,-46.2646,-75.2563,0.9623,,
DATA,A005,2,83,1084335,-0.2057,0.9026,0.2064,-2.6855,-47.3022,-75.4395,0.9485,,
DATA,A005,2,84,1084345,-0.2435,0.8973,0.2389,0.9766,-53.4668,-73.6084,0.9599,,
DATA,A005,2,85,1084355,-0.2660,0.9197,0.2526,2.1973,-59.2651,-71.2280,0.9902,,
DATA,A005,2,86,1084365,-0.2738,0.9739,0.2526,1.4648,-70.0684,-67.0776,1.0427,,
DATA,A005,2,87,1084375,-0.2716,1.0086,0.2452,-0.6104,-76.4160,-64.0869,1.0729,,
DATA,A005,2,88,1084385,-0.2757,1.0396,0.2184,-3.9673,-82.1533,-59.1431,1.0975,,
DATA,A005,2,89,1084395,-0.2811,1.0508,0.2113,-4.9438,-84.1675,-55.9082,1.1081,,
DATA,A005,2,90,1084405,-0.2972,1.0709,0.2286,-4.2725,-87.7075,-52.0630,1.1346,,
DATA,A005,2,91,1084415,-0.3058,1.0853,0.2403,-5.6152,-91.1865,-51.0254,1.1528,,
DATA,A005,2,92,1084425,-0.3121,1.0926,0.2579,-11.1694,-99.5483,-51.8799,1.1652,,
DATA,A005,2,93,1084435,-0.3011,1.0943,0.2652,-15.9302,-106.3843,-53.7109,1.1656,,
DATA,A005,2,94,1084445,-0.2611,1.1031,0.2557,-23.3154,-115.4785,-57.8613,1.1621,,
DATA,A005,2,95,1084455,-0.2228,1.1126,0.2430,-27.9541,-119.0186,-61.0962,1.1604,,
DATA,A005,2,96,1084465,-0.1761,1.1241,0.2272,-32.6538,-119.2017,-64.5752,1.1603,,
DATA,A005,2,97,1084475,-0.1144,1.1402,0.2098,-38.2080,-112.1826,-69.8242,1.1650,,
DATA,A005,2,98,1084485,-0.0787,1.1522,0.1944,-41.7480,-102.7222,-73.3643,1.1711,,
DATA,A005,2,99,1084495,-0.0494,1.1649,0.1720,-46.2036,-84.6558,-77.8809,1.1785,,
DATA,A005,2,100,1084505,-0.0397,1.1644,0.1717,-48.2788,-72.0825,-80.4443,1.1776,,
DATA,A005,2,101,1084515,-0.0414,1.1710,0.1837,-50.3540,-54.5044,-83.8623,1.1860,,
DATA,A005,2,102,1084525,-0.0497,1.1668,0.1925,-53.1616,-44.2505,-85.7544,1.1836,,
DATA,A005,2,103,1084535,-0.0565,1.1492,0.2010,-58.7769,-31.5552,-88.3789,1.1680,,
DATA,A005,2,104,1084545,-0.0565,1.1312,0.2052,-61.7065,-23.9868,-89.9048,1.1510,,
DATA,A005,2,105,1084555,-0.0575,1.0953,0.2132,-65.1855,-14.2822,-91.6138,1.1173,,
DATA,A005,2,106,1084565,-0.0611,1.0726,0.2128,-66.8945,-8.1177,-91.9800,1.0952,,
DATA,A005,2,107,1084575,-0.0680,1.0499,0.2152,-69.5190,0.9155,-91.9800,1.0738,,
DATA,A005,2,108,1084585,-0.0631,1.0440,0.2279,-70.4346,5.9814,-91.3696,1.0704,,
DATA,A005,2,109,1084595,-0.0836,1.0464,0.2318,-72.4487,12.9395,-89.1724,1.0751,,
DATA,A005,2,110,1084605,-0.0953,1.0472,0.2274,-74.3408,16.2964,-87.4634,1.0758,,
DATA,A005,2,111,1084615,-0.1149,1.0477,0.2076,-76.2939,20.0195,-83.9233,1.0742,,
DATA,A005,2,112,1084625,-0.1249,1.0518,0.1869,-76.0498,22.3999,-80.8716,1.0756,,
DATA,A005,2,113,1084635,-0.1334,1.0665,0.1686,-72.0825,26.4282,-74.4629,1.0879,,
DATA,A005,2,114,1084645,-0.1337,1.0818,0.1822,-68.2373,28.9307,-69.4580,1.1052,,
DATA,A005,2,115,1084655,-0.1468,1.1014,0.2079,-64.8193,31.9824,-60.8521,1.1304,,
DATA,A005,2,116,1084665,-0.1549,1.0826,0.2362,-65.3076,31.5552,-55.2979,1.1188,,
DATA,A005,2,117,1084675,-0.1586,1.0042,0.2782,-69.0308,28.5034,-48.0347,1.0540,,
DATA,A005,2,118,1084685,-0.1537,0.9290,0.2926,-71.3501,26.0620,-44.3726,0.9860,,
DATA,A005,2,119,1084695,-0.1249,0.8206,0.2914,-72.0825,24.6582,-41.1987,0.8797,,
DATA,A005,2,120,1084705,-0.1158,0.7784,0.2816,-67.8711,25.6348,-39.3066,0.8358,,
DATA,A005,2,121,1084715,-0.0863,0.7603,0.2660,-57.1289,31.1279,-36.8652,0.8101,,
DATA,A005,2,122,1084725,-0.0721,0.7662,0.2777,-51.3916,35.4614,-35.7666,0.8181,,
DATA,A005,2,123,1084735,-0.0626,0.7581,0.2731,-49.1333,42.4805,-34.7290,0.8082,,
DATA,A005,2,124,1084745,-0.0653,0.7286,0.2643,-48.7061,46.0205,-34.3018,0.7778,,
DATA,A005,2,125,1084755,-0.0802,0.6739,0.2613,-44.6167,48.0347,-33.4473,0.7272,,
DATA,A005,2,126,1084765,-0.0870,0.6458,0.2594,-40.2222,47.7295,-32.0435,0.7014,,
DATA,A005,2,127,1084775,-0.1014,0.6192,0.2660,-33.4473,44.6777,-29.3579,0.6815,,
DATA,A005,2,128,1084785,-0.1066,0.6004,0.2640,-29.8462,41.3208,-27.2827,0.6645,,
DATA,A005,2,129,1084795,-0.1063,0.5723,0.2496,-24.5972,35.4614,-22.2778,0.6334,,
DATA,A005,2,130,1084805,-0.0973,0.5584,0.2489,-19.4092,32.0435,-18.0664,0.6191,,
DATA,A005,2,131,1084815,-0.0880,0.5482,0.2550,-13.4277,30.7617,-13.3667,0.6109,,
DATA,A005,2,132,1084825,-0.0838,0.5391,0.2638,-4.4556,31.6162,-4.7607,0.6060,,
DATA,A005,2,133,1084835,-0.0799,0.5276,0.2816,0.9766,34.3628,1.8311,0.6034,,
DATA,A005,2,134,1084845,-0.0799,0.4991,0.3212,9.8267,37.8418,13.5498,0.5988,,
DATA,A005,2,135,1084855,-0.0887,0.4725,0.3553,15.0757,39.9170,22.4609,0.5978,,
DATA,A005,2,136,1084865,-0.1075,0.4485,0.3932,22.7051,43.2129,36.2549,0.6061,,
DATA,A005,2,137,1084875,-0.1205,0.4461,0.4069,28.5034,44.3115,45.2881,0.6157,,
DATA,A005,2,138,1084885,-0.1341,0.4617,0.4178,36.9873,41.8701,58.5938,0.6370,,
DATA,A005,2,139,1084895,-0.1405,0.4922,0.4564,42.0532,41.0767,66.5894,0.6858,,
DATA,A005,2,140,1084905,-0.1114,0.5328,0.5201,44.3726,55.2368,69.3359,0.7529,,
DATA,A005,2,141,1084915,-0.0907,0.5442,0.5384,43.3960,78.7354,64.0259,0.7709,,
DATA,A005,2,142,1084925,-0.1366,0.5357,0.5411,43.5791,130.7983,52.8564,0.7736,,
DATA,A005,2,143,1084935,-0.2301,0.5333,0.5397,46.5088,168.0298,45.2881,0.7928,,
DATA,A005,2,144,1084945,-0.4552,0.5687,0.5240,52.4902,203.8574,37.1094,0.8973,,
DATA,A005,2,145,1084955,-0.6180,0.6282,0.5204,55.9692,206.4819,32.5317,1.0234,,
DATA,A005,2,146,1084965,-0.8077,0.7376,0.5262,57.6782,181.2134,25.2075,1.2138,,
DATA,A005,2,147,1084975,-0.8775,0.8062,0.5109,53.4058,152.1606,20.8740,1.2966,,
DATA,A005,2,148,1084985,-0.8783,0.8802,0.5055,44.1284,105.7129,14.8315,1.3422,,
DATA,A005,2,149,1084995,-0.8441,0.9146,0.4882,37.9639,81.0547,13.2446,1.3369,,
DATA,A005,2,150,1085005,-0.7860,0.9603,0.4730,30.3345,59.0820,12.3291,1.3280,,
DATA,A005,2,151,1085015,-0.7479,0.9852,0.4664,26.6724,52.4902,12.5732,1.3219,,
DATA,A005,2,152,1085025,-0.7001,0.9988,0.4327,18.0054,49.1333,13.6719,1.2942,,
DATA,A005,2,153,1085035,-0.6647,0.9754,0.4086,11.5967,51.0254,14.0991,1.2490,,
DATA,A005,2,154,1085045,-0.6293,0.9151,0.3727,5.5542,56.0303,14.7095,1.1714,,
DATA,A005,2,155,1085055,-0.6036,0.8834,0.3592,6.1646,61.5234,15.2588,1.1286,,
DATA,A005,2,156,1085065,-0.5704,0.8716,0.3573,11.1694,73.8525,16.1133,1.1013,,
DATA,A005,2,157,1085075,-0.5487,0.8851,0.3624,13.1226,83.7402,16.4185,1.1026,,
DATA,A005,2,158,1085085,-0.5292,0.9036,0.3522,11.7188,100.0977,17.1509,1.1048,,
DATA,A005,2,159,1085095,-0.5318,0.9227,0.3187,9.6436,111.3281,18.5547,1.1116,,
DATA,A005,2,160,1085105,-0.5382,1.0145,0.2711,12.6343,129.0894,24.5361,1.1800,,
DATA,A005,2,161,1085115,-0.5389,1.1085,0.2386,16.5405,140.6250,29.7241,1.2554,,
DATA,A005,2,162,1085125,-0.5497,1.2518,0.1888,14.3433,156.7993,37.4146,1.3801,,
DATA,A005,2,163,1085135,-0.5638,1.3152,0.1420,7.5684,166.3818,42.2363,1.4380,,
DATA,A005,2,164,1085145,-0.5716,1.3560,0.0951,0.4883,175.1099,46.8140,1.4746,,
DATA,A005,2,165,1085155,-0.5675,1.3904,0.0392,-4.3945,185.1807,52.9175,1.5023,,
DATA,A005,2,166,1085165,-0.5709,1.4017,0.0082,-4.9438,191.4062,54.8706,1.5135,,
DATA,A005,2,167,1085175,-0.5428,1.4129,-0.0363,-4.0894,200.6836,52.2461,1.5140,,
DATA,A005,2,168,1085185,-0.5087,1.3975,-0.0604,-4.1504,206.7261,46.8140,1.4884,,
DATA,A005,2,169,1085195,-0.4596,1.3245,-0.0514,-3.2349,215.2710,34.9121,1.4029,,
DATA,A005,2,170,1085205,-0.4274,1.2733,-0.0097,-1.4648,218.2007,25.8789,1.3431,,
DATA,A005,2,171,1085215,-0.3995,1.2120,0.0673,3.3569,217.8345,13.7329,1.2779,,
DATA,A005,2,172,1085225,-0.3822,1.1832,0.1276,6.1035,212.5244,6.4087,1.2499,,
DATA,A005,2,173,1085235,-0.3468,1.1429,0.1942,4.9438,198.3643,-2.7466,1.2100,,
DATA,A005,2,174,1085245,-0.3141,1.1116,0.2108,1.2817,187.5610,-6.7749,1.1742,,
DATA,A005,2,175,1085255,-0.2611,1.0779,0.1908,-1.7700,175.2319,-9.3384,1.1254,,
DATA,A005,2,176,1085265,-0.2445,1.0618,0.1622,-1.0986,169.9219,-9.5825,1.1016,,
DATA,A005,2,177,1085275,-0.2694,1.0228,0.1046,0.6104,163.3301,-9.2163,1.0628,,
DATA,A005,2,178,1085285,-0.3209,0.9776,0.0944,1.2817,155.2734,-8.9111,1.0332,,
DATA,A005,2,179,1085295,-0.3807,0.9244,0.0587,3.7231,135.8032,-8.3008,1.0014,,
DATA,A005,2,180,1085305,-0.4042,0.8958,0.0421,5.7373,116.9434,-8.0566,0.9837,,
DATA,A005,2,181,1085315,-0.4046,0.8655,0.0367,9.2773,86.3037,-9.2163,0.9562,,
DATA,A005,2,182,1085325,-0.3837,0.8619,0.0311,11.0474,67.2607,-10.6812,0.9439,,
DATA,A005,2,183,1085335,-0.3380,0.8697,0.0348,13.7939,42.2974,-12.8174,0.9337,,
DATA,A005,2,184,1085345,-0.3126,0.8712,0.0392,14.4653,28.8086,-13.7329,0.9264,,
DATA,A005,2,185,1085355,-0.2853,0.8658,0.0553,13.8550,11.4136,-14.5264,0.9132,,
DATA,A005,2,186,1085365,-0.2643,0.8646,0.0641,12.2070,2.5635,-15.0757,0.9063,,
DATA,A005,2,187,1085375,-0.2233,0.8536,0.0795,9.1553,-5.4321,-16.2354,0.8859,,
DATA,A005,2,188,1085385,-0.1932,0.8470,0.0751,6.7749,-5.0659,-17.2119,0.8720,,
DATA,A005,2,189,1085395,-0.1620,0.8472,0.0677,3.4180,2.5635,-19.2261,0.8652,,
DATA,A005,2,190,1085405,-0.1432,0.8506,0.0609,2.5635,11.6577,-20.5688,0.8648,,
DATA,A005,2,191,1085415,-0.1305,0.8814,0.0507,-0.0610,28.5034,-23.1323,0.8924,,
DATA,A005,2,192,1085425,-0.1224,0.9009,0.0433,-4.0283,41.0767,-24.8413,0.9102,,
DATA,A005,2,193,1085435,-0.1183,0.9131,0.0279,-11.3525,59.6313,-27.8320,0.9212,,
DATA,A005,2,194,1085445,-0.1175,0.9173,0.0248,-16.4795,70.6177,-30.0293,0.9251,,
DATA,A005,2,195,1085455,-0.1139,0.9280,0.0048,-24.2920,86.4258,-33.7524,0.9350,,
DATA,A005,2,196,1085465,-0.1066,0.9341,-0.0140,-30.3345,95.8862,-36.2549,0.9403,,
DATA,A005,2,197,1085475,-0.0892,0.9295,-0.0590,-39.6729,112.2437,-39.6729,0.9356,,
DATA,A005,2,198,1085485,-0.0831,0.9229,-0.0973,-44.1284,124.6948,-41.3818,0.9317,,
DATA,A005,2,199,1085495,-0.0743,0.9288,-0.1239,-46.0815,139.2212,-42.9688,0.9399,,
DATA,A005,2,200,1085505,-0.0821,0.9512,-0.1410,-46.5088,163.0859,-43.3350,0.9651,,
DATA,A005,2,201,1085515,-0.1056,0.9688,-0.1329,-47.4854,180.6030,-42.6636,0.9836,,
DATA,A005,2,202,1085525,-0.1466,0.9717,-0.1083,-53.0396,203.5522,-42.0532,0.9887,,
DATA,A005,2,203,1085535,-0.1703,0.9583,-0.0978,-58.9600,216.8579,-41.3818,0.9782,,
DATA,A005,2,204,1085545,-0.2064,0.8958,-0.1110,-67.6270,234.1919,-39.2456,0.9260,,
DATA,A005,2,205,1085555,-0.2225,0.8443,-0.1271,-70.9229,245.2393,-38.0859,0.8823,,
DATA,A005,2,206,1085565,-0.2589,0.7867,-0.1517,-71.2280,259.9487,-36.3770,0.8420,,
DATA,A005,2,207,1085575,-0.3026,0.7650,-0.1661,-70.0073,265.9302,-35.7666,0.8392,,
DATA,A005,2,208,1085585,-0.3927,0.7432,-0.1701,-67.3218,265.9302,-35.9497,0.8576,,
DATA,A005,2,209,1085595,-0.4591,0.7339,-0.1549,-65.7959,255.4321,-36.5601,0.8795,,
DATA,A005,2,210,1085605,-0.5250,0.7242,-0.1139,-64.9414,228.8208,-38.8184,0.9017,,
DATA,A005,2,211,1085615,-0.5345,0.7212,-0.0783,-65.3687,205.6885,-40.2832,0.9011,,
DATA,A005,2,212,1085625,-0.5250,0.7347,-0.0670,-65.9790,168.5181,-40.4053,0.9055,,
DATA,A005,2,213,1085635,-0.4986,0.7559,-0.0665,-65.7349,144.7144,-37.8418,0.9080,,
DATA,A005,2,214,1085645,-0.4540,0.8023,-0.0678,-65.4297,115.3564,-37.3535,0.9243,,
DATA,A005,2,215,1085655,-0.4237,0.8382,-0.0719,-67.1997,100.9521,-36.5601,0.9419,,
DATA,A005,2,216,1085665,-0.3939,0.8882,-0.0546,-65.8569,85.6934,-30.0293,0.9732,,
DATA,A005,2,217,1085675,-0.3688,0.9258,-0.0392,-64.5752,79.5288,-30.5176,0.9973,,
DATA,A005,2,218,1085685,-0.3575,0.9717,-0.0114,-65.0635,73.6084,-23.6206,1.0355,,
DATA,A005,2,219,1085695,-0.3561,0.9910,-0.0070,-67.0166,70.9839,-20.2637,1.0531,,
DATA,A005,2,220,1085705,-0.3265,0.9734,-0.0053,-73.8525,72.8149,-20.0806,1.0268,,
DATA,A005,2,221,1085715,-0.3248,0.9349,-0.0167,-78.1860,72.8760,-19.7144,0.9898,,
DATA,A005,2,222,1085725,-0.3287,0.8777,-0.0504,-79.8950,75.9277,-18.3105,0.9386,,
DATA,A005,2,223,1085735,-0.3468,0.8497,-0.0556,-78.6743,75.1343,-18.1274,0.9194,,
DATA,A005,2,224,1085745,-0.3590,0.8204,-0.0409,-78.3691,73.1201,-19.8364,0.8964,,
DATA,A005,2,225,1085755,-0.3570,0.8062,-0.0189,-78.1250,72.9370,-22.2168,0.8819,,
DATA,A005,2,226,1085765,-0.3546,0.7850,-0.0055,-80.1392,75.8057,-27.1606,0.8614,,
DATA,A005,2,227,1085775,-0.3627,0.7593,-0.0045,-81.0547,79.7119,-31.0059,0.8415,,
DATA,A005,2,228,1085785,-0.4315,0.7308,0.0082,-78.6743,79.1626,-36.0107,0.8487,,
DATA,A005,2,229,1085795,-0.4847,0.7320,0.0143,-75.6226,74.2798,-39.1846,0.8781,,
DATA,A005,2,230,1085805,-0.5184,0.7398,0.0380,-74.8291,58.8379,-44.6167,0.9042,,
DATA,A005,2,231,1085815,-0.4977,0.7374,0.0348,-77.2095,45.2271,-46.3867,0.8903,,
DATA,A005,2,232,1085825,-0.4708,0.7354,0.0414,-79.5288,33.1421,-46.8140,0.8742,,
DATA,A005,2,233,1085835,-0.4305,0.7549,0.0570,-77.1484,26.7944,-47.6685,0.8709,,
DATA,A005,2,234,1085845,-0.4166,0.7857,0.0699,-72.9980,31.7383,-48.5229,0.8921,,
DATA,A005,2,235,1085855,-0.4584,0.8345,0.0973,-67.3828,43.0908,-50.4150,0.9571,,
DATA,A005,2,236,1085865,-0.5084,0.8497,0.1129,-66.1621,50.1709,-52.7954,0.9966,,
DATA,A005,2,237,1085875,-0.5726,0.8409,0.1290,-69.2749,55.4199,-57.1899,1.0255,,
DATA,A005,2,238,1085885,-0.5980,0.8150,0.1529,-72.3267,52.0020,-60.9131,1.0224,,
DATA,A005,2,239,1085895,-0.5919,0.7855,0.1898,-72.1436,42.1143,-65.7959,1.0017,,
DATA,A005,2,240,1085905,-0.5738,0.7791,0.2194,-71.4111,34.3628,-68.6646,0.9922,,
DATA,A005,2,241,1085915,-0.5492,0.7859,0.2342,-73.6084,26.1230,-72.5708,0.9870,,
DATA,A005,2,242,1085925,-0.5663,0.7930,0.2264,-76.2939,21.9116,-73.4863,1.0004,,
DATA,A005,2,243,1085935,-0.6234,0.8233,0.2054,-79.1626,17.0288,-71.5332,1.0529,,
DATA,A005,2,244,1085945,-0.6595,0.8436,0.1820,-81.6040,10.9863,-67.5049,1.0861,,
DATA,A005,2,245,1085955,-0.7320,0.8516,0.1598,-87.8906,-0.5493,-59.2041,1.1343,,
DATA,A005,2,246,1085965,-0.7755,0.8519,0.1495,-92.4683,-7.2632,-54.3823,1.1617,,
DATA,A005,2,247,1085975,-0.8072,0.8716,0.1481,-97.2900,-16.1743,-45.7153,1.1972,,
DATA,A005,2,248,1085985,-0.8121,0.8887,0.1603,-99.5483,-19.8975,-40.2832,1.2145,,
DATA,A005,2,249,1085995,-0.8231,0.9136,0.1913,-102.1729,-22.1558,-33.1421,1.2445,,
DATA,A005,2,250,1086005,-0.8199,0.9195,0.2147,-105.4077,-21.7896,-29.6631,1.2505,,
DATA,A005,2,251,1086015,-0.8236,0.9058,0.2523,-110.8398,-20.2026,-27.2827,1.2500,,
DATA,A005,2,252,1086025,-0.8163,0.8934,0.2694,-112.0605,-16.8457,-27.2217,1.2398,,
DATA,A005,2,253,1086035,-0.7999,0.8760,0.3175,-112.3657,-12.3901,-28.0762,1.2280,,
DATA,A005,2,254,1086045,-0.7960,0.8655,0.3663,-112.7930,-8.1787,-30.3345,1.2317,,
DATA,A005,2,255,1086055,-0.7589,0.8462,0.4156,-115.1733,-2.0142,-34.2407,1.2103,,
DATA,A005,2,256,1086065,-0.7369,0.8118,0.4408,-118.2251,0.5493,-35.9497,1.1817,,
DATA,A005,2,257,1086075,-0.7223,0.7232,0.4603,-125.6104,-0.4883,-37.3535,1.1210,,
DATA,A005,2,258,1086085,-0.7355,0.6485,0.4608,-130.3711,-4.6387,-38.5742,1.0834,,
DATA,A005,2,259,1086095,-0.7652,0.5413,0.4711,-132.0190,-15.9912,-43.5181,1.0491,,
DATA,A005,2,260,1086105,-0.7606,0.4832,0.4552,-130.7373,-25.4517,-46.9360,1.0096,,
DATA,A005,2,261,1086115,-0.8124,0.4305,0.4696,-126.7700,-42.7856,-51.6357,1.0324,,
DATA,A005,2,262,1086125,-0.8756,0.4395,0.5428,-122.1924,-54.2603,-57.6782,1.1201,,
DATA,A005,2,263,1086135,-0.9747,0.4905,0.6732,-121.1548,-78.9795,-60.0586,1.2822,,
DATA,A005,2,264,1086145,-0.9562,0.5003,0.7797,-126.1597,-103.6377,-61.5845,1.3313,,
DATA,A005,2,265,1086155,-0.8539,0.5589,0.8192,-134.3384,-145.7520,-58.1665,1.3086,,
DATA,A005,2,266,1086165,-0.8180,0.5726,0.9049,-138.9160,-165.7715,-53.4058,1.3475,,
DATA,A005,2,267,1086175,-0.7545,0.5926,1.0287,-141.8457,-173.3398,-42.4805,1.4066,,
DATA,A005,2,268,1086185,-0.6258,0.5377,1.0694,-149.4751,-157.6538,-24.8413,1.3507,,
DATA,A005,2,269,1086195,-0.6625,0.5411,0.9791,-158.9966,-146.4233,-38.1470,1.3001,,
DATA,A005,2,270,1086205,-0.8429,0.5308,0.8527,-158.2031,-128.0518,-42.1753,1.3112,,
DATA,A005,2,271,1086215,-0.9261,0.4786,0.8114,-152.8931,-137.3291,-47.0581,1.3210,,
DATA,A005,2,272,1086225,-0.8473,0.4737,0.7919,-117.0654,-154.0527,-19.1650,1.2527,,
DATA,A005,2,273,1086235,-0.7272,0.4769,0.7921,-114.7461,-147.1558,-43.7622,1.1763,,
DATA,A005,2,274,1086245,-0.9454,0.4825,0.8004,-120.7886,-215.0269,-22.3999,1.3294,,
DATA,A005,2,275,1086255,-0.9249,0.4322,0.8321,-128.7231,-245.6665,-36.2549,1.3171,,
DATA,A005,2,276,1086265,-0.6102,0.3047,0.7748,-146.6064,-287.8418,-52.8564,1.0322,,
DATA,A005,2,277,1086275,-0.3783,0.2166,0.7508,-152.6489,-291.9312,-61.4014,0.8682,,
DATA,A005,2,278,1086285,-0.0099,0.0840,0.6793,-140.0146,-253.9062,-63.3545,0.6846,,
DATA,A005,2,279,1086295,0.1527,0.0403,0.6547,-108.1543,-211.6089,-46.2036,0.6734,,
DATA,A005,2,280,1086305,0.2553,0.0616,0.6876,-55.6030,-133.3008,-24.8413,0.7360,,
DATA,A005,2,281,1086315,0.2614,0.0843,0.7338,-49.3774,-83.0688,-35.3394,0.7835,,
DATA,A005,2,282,1086325,0.2511,-0.0681,0.7225,-62.5610,-21.0571,-50.3540,0.7679,,
DATA,A005,2,283,1086335,0.1498,-0.1791,0.7345,-61.5845,7.3853,-60.9741,0.7707,,
DATA,A005,2,284,1086345,0.0800,-0.2617,0.6700,-54.3213,25.9399,-80.0781,0.7237,,
DATA,A005,2,285,1086355,0.0409,-0.2934,0.6634,-40.0391,31.9824,-82.2754,0.7266,,
DATA,A005,2,286,1086365,-0.0543,-0.2189,0.6595,-16.3574,22.3389,-85.3271,0.6970,,
DATA,A005,2,287,1086375,-0.1070,-0.1657,0.6661,-6.8970,11.5356,-87.0361,0.6947,,
DATA,A005,2,288,1086385,-0.0504,-0.1569,0.6947,3.7842,19.5312,-80.2612,0.7140,,
DATA,A005,2,289,1086395,-0.0560,-0.1586,0.6937,15.8691,27.2827,-75.0122,0.7138,,
DATA,A005,2,290,1086405,-0.1852,-0.1562,0.8092,29.8462,58.7769,-77.8198,0.8447,,
DATA,A005,2,291,1086415,-0.4635,-0.1506,0.8844,31.9214,57.8003,-86.4258,1.0098,,
DATA,A005,2,292,1086425,-0.6810,-0.0732,0.9420,44.3115,23.0103,-86.7920,1.1647,,
DATA,A005,2,293,1086435,-0.6163,0.0396,0.9357,51.2085,-10.6812,-87.8906,1.1211,,
DATA,A005,2,294,1086445,-0.3214,0.1148,0.9025,44.2505,-27.6489,-81.9702,0.9648,,
DATA,A005,2,295,1086455,-0.2154,0.0796,0.8812,37.2314,-20.3857,-82.8247,0.9107,,
DATA,A005,2,296,1086465,-0.2101,0.0169,0.8319,42.4805,8.4229,-88.5620,0.8582,,
DATA,A005,2,297,1086475,-0.2894,0.0064,0.7799,57.0068,16.9067,-90.0879,0.8319,,
DATA,A005,2,298,1086485,-0.3624,0.0672,0.7211,74.8291,11.5356,-85.3882,0.8098,,
DATA,A005,2,299,1086495,-0.3785,0.0958,0.7518,78.1860,1.5869,-81.3599,0.8472,,
DATA,A005,2,300,1086505,-0.3102,0.1412,0.7889,82.0312,-22.1558,-76.9043,0.8594,,
DATA,A005,2,301,1086515,-0.1991,0.2071,0.8754,90.0269,-46.8750,-69.2139,0.9213,,
DATA,A005,2,302,1086525,-0.1752,0.3235,1.0687,97.2900,-73.1201,-56.8848,1.1303,,
DATA,A005,2,303,1086535,-0.0143,0.4039,1.1210,93.8110,-77.2705,-54.8096,1.1916,,
DATA,A005,2,304,1086545,0.1557,0.4957,1.2438,88.1958,-82.7637,-49.8657,1.3479,,
DATA,A005,2,305,1086555,0.3947,0.6216,1.4737,70.4956,-71.9604,-19.7754,1.6475,,
DATA,A005,2,306,1086565,0.5966,0.6539,1.5001,49.4995,-56.0303,-5.1270,1.7418,,
DATA,A005,2,307,1086575,0.6930,0.6197,1.5492,10.5591,-10.0708,7.5073,1.8067,,
DATA,A005,2,308,1086585,0.6718,0.5569,1.4625,-16.7847,20.1416,23.3154,1.7031,,
DATA,A005,2,309,1086595,0.5065,0.4639,1.3187,-40.2832,68.9087,50.7202,1.4869,,
DATA,A005,2,310,1086605,0.3414,0.4366,1.1769,-48.2178,99.3652,55.7251,1.3009,,
DATA,A005,2,311,1086615,0.0602,0.3399,0.8961,-63.7207,143.5547,63.4155,0.9603,,
DATA,A005,2,312,1086625,-0.1278,0.2051,0.7294,-69.5190,151.3062,59.9976,0.7684,,
DATA,A005,2,313,1086635,-0.3602,0.0384,0.6554,-64.5752,139.4043,53.4668,0.7488,,
DATA,A005,2,314,1086645,-0.4191,0.0147,0.6559,-55.6030,118.1030,52.6123,0.7785,,
DATA,A005,2,315,1086655,-0.4855,0.0728,0.7152,-42.9077,88.6230,51.3916,0.8675,,
DATA,A005,2,316,1086665,-0.5480,0.1282,0.7728,-37.2925,64.8804,50.8423,0.9560,,
DATA,A005,2,317,1086675,-0.5870,0.1397,0.8529,-43.2739,27.8320,31.6162,1.0448,,
DATA,A005,2,318,1086685,-0.5878,0.0889,0.9144,-45.8374,4.2114,27.0996,1.0907,,
DATA,A005,2,319,1086695,-0.5734,0.0486,1.0319,-38.7573,-19.8364,12.1460,1.1814,,
DATA,A005,2,320,1086705,-0.6000,0.0438,1.0714,-30.8838,-33.6304,7.2021,1.2287,,
DATA,A005,2,321,1086715,-0.5514,0.0626,1.1276,-19.4702,-57.5562,12.8174,1.2567,,
DATA,A005,2,322,1086725,-0.3973,0.0882,1.1529,-12.6343,-69.2749,9.6436,1.2227,,
DATA,A005,2,323,1086735,-0.1742,0.1067,1.1451,-9.0942,-72.5098,9.1553,1.1632,,
DATA,A005,2,324,1086745,0.0812,0.2244,0.9984,-8.5449,-69.6411,10.6201,1.0265,,
DATA,A005,2,325,1086755,0.1503,0.0787,1.0699,-22.8271,-56.8848,3.1128,1.0833,,
DATA,A005,2,326,1086765,-0.0008,-0.0959,1.1478,-20.7520,-34.1187,8.7280,1.1518,,
DATA,A005,2,327,1086775,-0.0785,0.0599,1.1998,6.4087,5.8594,1.3428,1.2039,,
DATA,A005,2,328,1086785,-0.0726,0.2007,1.1500,7.3853,24.5972,4.7607,1.1697,,
DATA,A005,2,329,1086795,-0.1066,0.2906,1.0301,-1.5259,43.1519,-0.0610,1.0756,,
DATA,A005,2,330,1086805,-0.1415,0.2474,0.9777,-10.1318,42.0532,-3.9673,1.0183,,
DATA,A005,2,331,1086815,-0.2125,0.1212,0.9242,-14.0991,37.7197,-7.6294,0.9560,,
DATA,A005,2,332,1086825,-0.2706,0.0782,0.8971,-8.6060,30.4565,-9.4604,0.9403,,
DATA,A005,2,333,1086835,-0.3248,0.1190,0.8802,4.0283,15.9912,-10.4370,0.9458,,
DATA,A005,2,334,1086845,-0.3087,0.1714,0.8783,6.5308,5.1880,-12.1460,0.9466,,
DATA,A005,2,335,1086855,-0.2650,0.2046,0.8815,5.7983,-3.0518,-13.4277,0.9429,,
DATA,A005,2,336,1086865,-0.2079,0.1849,0.8949,0.9766,-11.2915,-16.4795,0.9371,,
DATA,A005,2,337,1086875,-0.2040,0.1426,0.9193,-1.6479,-10.6812,-18.4937,0.9524,,
DATA,A005,2,338,1086885,-0.2394,0.0687,0.9457,0.2441,-12.0850,-18.6768,0.9779,,
DATA,A005,2,339,1086895,-0.2452,0.0601,0.9808,4.4556,-14.4043,-18.6768,1.0128,,
DATA,A005,2,340,1086905,-0.2223,0.1009,1.0316,7.6294,-17.3950,-16.5405,1.0601,,
DATA,A005,2,341,1086915,-0.1915,0.1346,1.0558,7.0190,-19.4092,-15.7471,1.0814,,
DATA,A005,2,342,1086925,-0.1549,0.1617,1.0738,2.1973,-20.6299,-14.4653,1.0969,,
DATA,A005,2,343,1086935,-0.1271,0.1578,1.0702,-1.8311,-19.1650,-14.2212,1.0892,,
DATA,A005,2,344,1086945,-0.1312,0.1473,1.0467,-6.0425,-17.5171,-13.9771,1.0652,,
DATA,A005,2,345,1086955,-0.1415,0.1365,1.0260,-7.9346,-16.9067,-13.1836,1.0447,,
DATA,A005,2,346,1086965,-0.1410,0.1260,0.9969,-8.3008,-20.5688,-11.5967,1.0147,,
DATA,A005,2,347,1086975,-0.1412,0.1233,0.9791,-7.0190,-22.7661,-8.9111,0.9969,,
DATA,A005,2,348,1086985,-0.1217,0.1199,0.9632,-2.4414,-27.1606,-4.5166,0.9783,,
DATA,A005,2,349,1086995,-0.1127,0.1168,0.9574,-0.7324,-30.2124,-4.2725,0.9710,,
DATA,A005,2,350,1087005,-0.0719,0.1155,0.9584,0.0610,-31.3721,-5.2490,0.9680,,
DATA,A005,2,351,1087015,-0.0428,0.1116,0.9698,1.5259,-30.6396,-7.0190,0.9772,,
DATA,A005,2,352,1087025,-0.0401,0.1155,0.9869,3.1738,-26.0010,-10.3149,0.9945,,
DATA,A005,2,353,1087035,-0.0536,0.1287,1.0072,4.3945,-24.9023,-11.8408,1.0168,,
DATA,A005,2,354,1087045,-0.0790,0.1612,1.0267,6.1035,-21.2402,-15.0146,1.0423,,
DATA,A005,2,355,1087055,-0.0975,0.1841,1.0294,5.3711,-20.0195,-16.0522,1.0503,,
DATA,A005,2,356,1087065,-0.1295,0.1844,1.0257,3.8452,-21.1182,-17.2119,1.0502,,
DATA,A005,2,357,1087075,-0.1559,0.1485,1.0140,1.3428,-21.7285,-19.4702,1.0366,,
DATA,A005,2,358,1087085,-0.1481,0.1085,1.0074,3.7842,-28.8696,-21.3623,1.0240,,
DATA,A005,2,359,1087095,-0.0995,0.1126,1.0057,3.9673,-32.3486,-21.3623,1.0169,,
DATA,A005,2,360,1087105,-0.0235,0.0948,1.0016,5.7373,-35.5225,-21.5454,1.0063,,
DATA,A005,2,361,1087115,0.0211,0.0860,1.0216,7.8125,-34.4849,-21.1182,1.0254,,
DATA,A005,2,362,1087125,0.0377,0.1124,1.0326,11.1694,-29.7241,-20.8740,1.0394,,
DATA,A005,2,363,1087135,0.0253,0.1258,1.0297,10.7422,-25.3906,-19.7144,1.0376,,
DATA,A005,2,364,1087145,0.0263,0.1526,1.0282,10.6201,-19.5923,-20.5078,1.0398,,
DATA,A005,2,365,1087155,0.0358,0.1446,1.0248,8.2397,-15.4419,-20.3857,1.0355,,
DATA,A005,2,366,1087165,-0.0182,0.1255,1.0214,8.9722,-10.9253,-20.3857,1.0292,,
DATA,A005,2,367,1087175,-0.0265,0.1609,0.9969,7.2632,-9.8267,-19.6533,1.0102,,
DATA,A005,2,368,1087185,-0.0213,0.1456,0.9823,2.6245,-9.0332,-19.2261,0.9932,,
DATA,A005,2,369,1087195,-0.0140,0.1260,0.9789,3.1128,-9.4604,-20.5078,0.9871,,
DATA,A005,2,370,1087205,-0.0057,0.1334,0.9850,4.0283,-8.7280,-21.3623,0.9940,,
DATA,A005,2,371,1087215,0.0082,0.1456,0.9715,2.6245,-7.0801,-22.4609,0.9824,,
DATA,A005,2,372,1087225,0.0326,0.1385,0.9808,1.2207,-6.6528,-23.0103,0.9911,,
DATA,A005,2,373,1087235,-0.1007,0.0147,0.8993,-0.6714,-5.6152,-22.4609,0.9050,,
DATA,A005,2,374,1087245,0.1066,0.0294,0.9947,23.3765,-16.6626,-22.7661,1.0009,,
DATA,A005,2,375,1087255,0.0563,0.1729,1.0641,15.8081,3.1128,-8.7280,1.0795,,
DATA,A005,2,376,1087265,-0.0060,0.2317,1.0611,-0.7935,7.0801,-18.3716,1.0862,,
DATA,A005,2,377,1087275,0.0148,0.1285,1.0685,-10.3149,4.8218,-21.4233,1.0763,,
DATA,A005,2,378,1087285,0.0121,0.0303,1.0677,-8.2397,5.4321,-22.8882,1.0682,,
DATA,A005,2,379,1087295,0.1019,0.1309,1.0748,1.2817,3.4790,-22.0337,1.0876,,
DATA,A005,2,380,1087305,-0.0062,0.0245,1.0416,-2.8687,10.3760,-19.1040,1.0419,,
DATA,A005,2,381,1087315,0.0270,0.2108,1.0597,-7.5073,7.6294,-17.4561,1.0808,,
DATA,A005,2,382,1087325,0.0497,0.1868,1.0629,-15.6250,7.2632,-16.1743,1.0803,,
DATA,A005,2,383,1087335,0.0099,0.1629,1.0060,-33.9355,13.4277,-10.1318,1.0191,,
DATA,A005,2,384,1087345,0.0204,0.0667,1.0262,-31.0059,11.7798,-14.9536,1.0286,,
DATA,A005,2,385,1087355,-0.0243,0.1839,1.0065,-37.6587,5.8594,-10.1929,1.0234,,
DATA,A005,2,386,1087365,0.0075,-0.1022,0.9889,-18.4937,7.5073,-14.5264,0.9942,,
DATA,A005,2,387,1087375,0.0018,-0.0446,0.9205,2.2583,0.1221,-17.2729,0.9216,,
DATA,A005,2,388,1087385,0.0343,0.0438,0.9286,15.7471,-1.2817,-17.5171,0.9302,,
DATA,A005,2,389,1087395,0.0492,0.1397,1.0018,27.2217,-2.0142,-16.1743,1.0127,,
DATA,A005,2,390,1087405,0.0770,0.2032,0.9925,18.9819,-2.5635,-15.9302,1.0161,,
DATA,A005,2,391,1087415,0.0643,0.1817,1.0575,6.5308,2.9907,-16.6016,1.0749,,
DATA,A005,2,392,1087425,0.0763,0.1441,1.0614,2.0752,4.1504,-17.7612,1.0738,,
DATA,A005,2,393,1087435,0.0722,-0.0034,1.0392,-3.1738,13.6719,-7.9956,1.0417,,
DATA,A005,2,394,1087445,0.0018,0.0799,1.0555,1.5869,16.7236,-12.8174,1.0586,,
DATA,A005,2,395,1087455,-0.0043,0.0154,1.0314,-4.9438,4.3335,-24.4751,1.0315,,
DATA,A005,2,396,1087465,0.0939,0.1649,1.0206,-8.0566,8.2397,-24.9023,1.0381,,
DATA,A005,2,397,1087475,-0.0016,0.1312,1.0150,-14.0991,15.0146,-9.5825,1.0234,,
DATA,A005,2,398,1087485,-0.1871,0.2071,0.9574,-39.4897,6.9580,-30.8838,0.9972,,
DATA,A005,2,399,1087495,0.0482,0.1158,0.9857,-27.6489,-9.0332,-23.6206,0.9937,,
DATA,A005,2,400,1087505,0.0661,0.0760,1.0096,-22.8271,-2.0142,-24.5972,1.0146,,
DATA,A005,2,401,1087515,0.0397,0.0455,0.9725,-19.7754,-6.8970,-31.0059,0.9744,,
DATA,A005,2,402,1087525,0.0910,0.0150,0.9435,-13.0615,-7.2632,-24.8413,0.9480,,
DATA,A005,2,403,1087535,0.0888,0.0652,0.9960,-11.2915,-6.0425,-22.5220,1.0020,,
DATA,A005,2,404,1087545,0.1046,0.0655,1.0148,-11.7798,-3.6011,-22.0337,1.0222,,
DATA,A005,2,405,1087555,0.0846,0.0482,1.0260,-15.0757,-0.4272,-19.5923,1.0306,,
DATA,A005,2,406,1087565,0.0639,0.0442,1.0372,-13.4888,-0.3662,-18.9209,1.0401,,
DATA,A005,2,407,1087575,0.0817,0.0601,1.0311,-11.2915,-2.2583,-14.2822,1.0361,,
DATA,A005,2,408,1087585,0.1225,0.0425,1.0394,-8.3008,0.4883,-9.7046,1.0475,,
DATA,A005,2,409,1087595,0.0802,0.0445,1.0375,-11.7798,2.6855,-6.7139,1.0415,,
DATA,A005,2,410,1087605,0.0968,0.3531,0.9940,-16.1743,5.0049,-5.0659,1.0593,,
DATA,A005,2,411,1087615,0.0704,-0.0280,1.0463,-17.7612,5.7373,0.4272,1.0490,,
DATA,A005,2,412,1087625,0.0985,0.0413,1.0316,-28.9307,9.3384,1.5869,1.0371,,
DATA,A005,2,413,1087635,0.0800,0.0057,1.0028,-31.8604,11.6577,-1.0986,1.0060,,
DATA,A005,2,414,1087645,0.0873,-0.0246,0.9764,-31.5552,14.0381,-4.0894,0.9806,,
DATA,A005,2,415,1087655,0.0744,-0.0322,0.9584,-27.5269,18.3716,-7.8125,0.9618,,
DATA,A005,2,416,1087665,0.0775,-0.0082,0.9496,-18.0664,16.9678,-13.2446,0.9528,,
DATA,A005,2,417,1087675,0.0724,-0.0002,0.9706,-14.0991,16.1133,-13.5498,0.9733,,
DATA,A005,2,418,1087685,0.0604,-0.0158,1.0045,-11.7798,15.0146,-15.3198,1.0064,,
DATA,A005,2,419,1087695,0.0741,-0.0331,1.0131,-8.9111,13.6108,-13.9771,1.0163,,
DATA,A005,2,420,1087705,0.0819,-0.0573,1.0094,-1.8921,16.2354,-11.3525,1.0143,,
DATA,A005,2,421,1087715,0.0636,0.0093,1.0423,-0.4883,17.8223,-10.9253,1.0443,,
DATA,A005,2,422,1087725,0.0756,0.0486,1.0340,-5.6152,20.8130,-11.9629,1.0379,,
DATA,A005,2,423,1087735,0.0914,0.0320,1.0309,-10.3760,23.2544,-11.5356,1.0354,,
DATA,A005,2,424,1087745,0.0954,-0.0058,1.0113,-14.0991,25.2686,-9.1553,1.0158,,
DATA,A005,2,425,1087755,0.0690,-0.0263,0.9977,-14.7095,28.5645,-12.1460,1.0004,,
DATA,A005,2,426,1087765,0.0558,-0.0244,0.9830,-10.4370,28.3813,-13.1836,0.9849,,
DATA,A005,2,427,1087775,0.0292,-0.0212,0.9635,-9.7656,30.7007,-15.9912,0.9642,,
DATA,A005,2,428,1087785,0.0392,-0.0483,0.9781,-4.2725,27.2827,-17.9443,0.9801,,
DATA,A005,2,429,1087795,0.0377,-0.0712,1.0106,0.3052,23.1934,-16.6626,1.0138,,
DATA,A005,2,430,1087805,0.0304,-0.0422,1.0897,4.0894,22.2168,-16.2964,1.0910,,
DATA,A005,2,431,1087815,0.0524,-0.0290,1.1134,3.4180,21.6675,-15.1978,1.1150,,
DATA,A005,2,432,1087825,0.0333,-0.0314,1.1407,0.1221,18.4326,-12.5122,1.1417,,
DATA,A005,2,433,1087835,0.0460,-0.0239,1.1202,-3.7231,22.8882,-14.5874,1.1214,,
DATA,A005,2,434,1087845,0.0321,-0.0363,1.0983,-9.8267,23.1934,-12.5122,1.0993,,
DATA,A005,2,435,1087855,0.0160,-0.0524,1.0348,-12.3901,23.4375,-15.5640,1.0362,,
DATA,A005,2,436,1087865,0.0275,-0.0483,0.9962,-8.6670,14.5874,-14.4653,0.9978,,
DATA,A005,2,437,1087875,0.0253,-0.0371,0.9852,-7.0190,9.3384,-13.5498,0.9862,,
DATA,A005,2,438,1087885,0.0324,-0.0358,0.9777,-2.3804,4.8828,-12.6343,0.9788,,
DATA,A005,2,439,1087895,0.0270,-0.0346,0.9715,1.1597,-2.3193,-10.7422,0.9725,,
DATA,A005,2,440,1087905,0.0412,-0.0156,0.9921,4.0283,-8.1177,-9.2773,0.9930,,
DATA,A005,2,441,1087915,0.0431,-0.0219,1.0399,6.5918,-3.9673,-12.5732,1.0410,,
DATA,A005,2,442,1087925,0.0665,-0.0226,1.0399,4.2114,5.3711,-12.5122,1.0423,,
DATA,A005,2,443,1087935,0.0670,-0.0234,1.0502,2.1362,9.8877,-11.8408,1.0526,,
DATA,A005,2,444,1087945,0.0851,-0.0427,1.0326,1.4648,19.4702,-12.6953,1.0370,,
DATA,A005,2,445,1087955,0.0907,-0.0339,1.0253,-0.4883,29.1138,-11.2305,1.0298,,
DATA,A005,2,446,1087965,0.0846,-0.0346,1.0199,-0.2441,30.5176,-10.4980,1.0240,,
DATA,A005,2,447,1087975,0.0707,-0.0378,1.0311,-0.4883,28.1372,-9.7656,1.0342,,
DATA,A005,2,448,1087985,0.0902,-0.0410,1.0279,1.0986,24.5972,-8.4839,1.0327,,
DATA,A005,2,449,1087995,0.0690,-0.0285,1.0577,1.7700,17.7612,-6.7139,1.0604,,
DATA,A005,2,450,1088005,0.0338,-0.0397,1.0402,0.7324,20.7520,-8.6670,1.0415,,
DATA,A005,2,451,1088015,0.0197,-0.0405,1.0348,0.7935,25.9399,-10.1929,1.0358,,
DATA,A005,2,452,1088025,0.0529,-0.0422,1.0140,2.2583,28.6255,-9.8877,1.0163,,
DATA,A005,2,453,1088035,0.0575,-0.0024,1.0289,0.6104,23.4375,-8.9111,1.0305,,
DATA,A005,2,454,1088045,0.0560,-0.0244,1.0172,1.0376,20.2637,-9.3994,1.0190,,
DATA,A005,2,455,1088055,0.0641,-0.0558,1.0008,1.8921,16.0522,-8.1787,1.0044,,
DATA,A005,2,456,1088065,0.0707,-0.0605,1.0084,3.8452,16.4795,-7.1411,1.0127,,
DATA,A005,2,457,1088075,-0.0055,-0.0449,0.9930,5.1270,20.9351,-10.6201,0.9941,,
DATA,A005,2,458,1088085,0.0304,-0.0383,1.0170,5.4932,19.2261,-9.0942,1.0181,,
DATA,A005,2,459,1088095,0.0495,-0.0446,1.0174,6.5308,20.7520,-8.4839,1.0196,,
DATA,A005,2,460,1088105,0.0409,-0.0573,0.9977,5.9204,23.0713,-8.6670,1.0002,,
DATA,A005,2,461,1088115,0.0502,-0.0451,1.0045,7.2021,24.8413,-7.6294,1.0068,,
DATA,A005,2,462,1088125,0.0175,-0.0500,0.9950,6.3477,28.9917,-8.7891,0.9964,,
DATA,A005,2,463,1088135,0.0375,-0.0019,1.0416,4.9438,27.0386,-6.7139,1.0423,,
DATA,A005,2,464,1088145,0.0451,0.0142,1.0560,3.7231,22.8271,-5.6152,1.0571,,
DATA,A005,2,465,1088155,0.0392,-0.0041,1.0834,0.6104,12.3291,-4.0894,1.0841,,
DATA,A005,2,466,1088165,0.0292,-0.0288,1.0885,-1.7700,3.6011,-1.0376,1.0893,,
DATA,A005,2,467,1088175,0.0585,-0.0226,1.0599,-1.2207,-4.8218,0.9766,1.0618,,
DATA,A005,2,468,1088185,0.0819,-0.0463,1.0489,0.0000,-10.0708,1.7700,1.0532,,
DATA,A005,2,469,1088195,0.0363,-0.0966,1.0323,-0.4883,-15.4419,2.3193,1.0375,,
DATA,A005,2,470,1088205,0.0551,-0.0717,1.0179,5.0659,-13.4888,-2.1362,1.0219,,
EVENT,A005,2,,1088206,,,,,,,,STOP,470
EVENT,A005,3,,1104555,,,,,,,,START,
DATA,A005,3,1,1104578,0.0299,0.4395,0.8736,98.6938,77.8809,19.4092,0.9784,,
DATA,A005,3,2,1104588,-0.0052,0.4112,0.8846,94.1162,85.7544,12.4512,0.9755,,
DATA,A005,3,3,1104598,-0.1407,0.5015,0.8739,87.1582,67.1387,6.0425,1.0174,,
DATA,A005,3,4,1104608,-0.1754,0.0203,0.8033,57.7393,35.0952,-1.5259,0.8225,,
DATA,A005,3,5,1104618,-0.1319,0.7191,0.6766,60.7300,11.4136,-13.0615,0.9961,,
DATA,A005,3,6,1104628,0.1776,0.9825,0.4943,141.1133,-30.4565,26.3672,1.1140,,
DATA,A005,3,7,1104638,0.9655,0.9947,0.9369,134.1553,-20.0806,18.6768,1.6731,,
DATA,A005,3,8,1104648,0.6923,0.3104,0.5431,11.2305,77.4536,83.3740,0.9330,,
DATA,A005,3,9,1104658,0.6095,0.2169,0.4938,-3.4790,148.7427,79.3457,0.8138,,
DATA,A005,3,10,1104668,0.2374,0.1385,0.3070,44.0674,211.2427,94.9707,0.4121,,
DATA,A005,3,11,1104678,0.0087,0.3682,0.3400,96.0693,205.8716,104.1260,0.5012,,
DATA,A005,3,12,1104688,-0.1429,0.7794,0.4388,118.2251,176.0254,117.2485,0.9058,,
DATA,A005,3,13,1104698,-0.1637,0.8404,0.4689,100.2808,142.3950,118.5303,0.9762,,
DATA,A005,3,14,1104708,-0.1222,0.7330,0.5443,85.3882,102.7832,113.2202,0.9211,,
DATA,A005,3,15,1104718,-0.0648,0.6844,0.5968,91.6748,85.5103,113.3423,0.9104,,
DATA,A005,3,16,1104728,0.0211,0.7337,0.6273,106.8115,82.5195,117.9810,0.9655,,
DATA,A005,3,17,1104738,0.0575,0.7952,0.6175,111.9995,92.6514,121.7041,1.0085,,
DATA,A005,3,18,1104748,0.0485,0.8702,0.5929,114.3799,116.5161,124.7559,1.0541,,
DATA,A005,3,19,1104758,0.0309,0.9068,0.5673,115.9668,134.0332,125.2441,1.0701,,
DATA,A005,3,20,1104768,-0.0084,0.9346,0.5099,120.1172,154.9683,127.3193,1.0647,,
DATA,A005,3,21,1104778,0.0050,0.9361,0.4440,124.0234,167.7246,128.3569,1.0360,,
DATA,A005,3,22,1104788,0.1019,0.8890,0.2672,130.3101,195.8008,130.6763,0.9338,,
DATA,A005,3,23,1104798,0.2450,0.8287,0.1070,139.2212,230.1025,133.9722,0.8707,,
DATA,A005,3,24,1104808,0.3722,0.7698,0.0174,153.9307,270.3247,142.0288,0.8553,,
DATA,A005,3,25,1104818,0.4384,0.7664,0.0162,181.5796,347.7783,154.1748,0.8831,,
DATA,A005,3,26,1104828,0.3768,0.8519,0.0690,200.0122,400.0244,159.9121,0.9340,,
DATA,A005,3,27,1104838,0.1505,1.0980,0.1720,213.9893,458.1299,172.0581,1.1215,,
DATA,A005,3,28,1104848,-0.0082,1.2664,0.2335,211.3037,479.1870,180.1147,1.2878,,
DATA,A005,3,29,1104858,-0.1820,1.4681,0.3136,191.9556,485.1685,188.7207,1.5122,,
DATA,A005,3,30,1104868,-0.2379,1.5342,0.3341,173.2178,480.4077,192.7490,1.5881,,
DATA,A005,3,31,1104878,-0.2479,1.5577,0.3050,141.4185,469.1162,199.5239,1.6065,,
DATA,A005,3,32,1104888,-0.2523,1.5350,0.2616,121.3379,461.4868,205.3833,1.5774,,
DATA,A005,3,33,1104898,-0.2723,1.5081,0.1737,94.7266,449.2188,215.3320,1.5423,,
DATA,A005,3,34,1104908,-0.2972,1.5010,0.1100,79.8950,438.4766,221.4355,1.5341,,
DATA,A005,3,35,1104918,-0.3400,1.5150,0.0306,60.4248,415.2832,229.2480,1.5529,,
DATA,A005,3,36,1104928,-0.3617,1.5284,-0.0111,48.8892,395.2026,231.9946,1.5706,,
DATA,A005,3,37,1104938,-0.3898,1.5330,-0.0477,33.7524,359.9854,231.3843,1.5825,,
DATA,A005,3,38,1104948,-0.3951,1.5152,-0.0534,25.3296,335.3882,228.5156,1.5668,,
DATA,A005,3,39,1104958,-0.4032,1.4712,-0.0473,16.0522,299.8047,221.8628,1.5262,,
DATA,A005,3,40,1104968,-0.4222,1.4354,-0.0289,12.8174,275.6348,216.3696,1.4965,,
DATA,A005,3,41,1104978,-0.4579,1.3851,-0.0023,11.7798,240.6006,205.7495,1.4588,,
DATA,A005,3,42,1104988,-0.4671,1.3506,0.0172,12.2070,217.1021,196.5942,1.4293,,
DATA,A005,3,43,1104998,-0.4803,1.3050,0.0375,13.2446,182.5562,180.7251,1.3911,,
DATA,A005,3,44,1105008,-0.4850,1.2781,0.0516,15.0757,159.9121,169.4946,1.3680,,
DATA,A005,3,45,1105018,-0.4906,1.2418,0.0719,18.8599,126.4648,152.3438,1.3371,,
DATA,A005,3,46,1105028,-0.4906,1.2269,0.0619,21.0571,106.1401,140.0146,1.3228,,
DATA,A005,3,47,1105038,-0.4713,1.2337,-0.0040,25.8789,80.5664,119.0796,1.3207,,
DATA,A005,3,48,1105048,-0.4227,1.2667,-0.0846,30.8228,70.8618,102.4780,1.3380,,
DATA,A005,3,49,1105058,-0.3016,1.3209,-0.1823,40.9546,66.8945,76.5381,1.3671,,
DATA,A005,3,50,1105068,-0.2201,1.3084,-0.2118,43.4570,70.0684,60.9741,1.3436,,
DATA,A005,3,51,1105078,-0.1068,1.2303,-0.2653,39.7339,83.8623,39.9780,1.2631,,
DATA,A005,3,52,1105088,-0.0204,1.1651,-0.3431,38.6353,98.0225,28.6255,1.2148,,
DATA,A005,3,53,1105098,0.1151,1.0152,-0.4257,45.8984,119.6289,17.3340,1.1068,,
DATA,A005,3,54,1105108,0.1886,0.9051,-0.4223,54.9316,130.1880,13.7939,1.0164,,
DATA,A005,3,55,1105118,0.2042,0.7520,-0.3456,71.5332,142.7612,15.5029,0.8524,,
DATA,A005,3,56,1105128,0.1391,0.6773,-0.2411,82.3975,149.2310,19.7754,0.7323,,
DATA,A005,3,57,1105138,0.0204,0.6292,-0.1117,93.2007,152.5269,26.4282,0.6394,,
DATA,A005,3,58,1105148,-0.1998,0.6202,0.0372,103.2715,142.5781,41.2598,0.6526,,
DATA,A005,3,59,1105158,-0.3522,0.6387,0.0939,103.3936,124.2676,49.0112,0.7354,,
DATA,A005,3,60,1105168,-0.4530,0.6529,0.1070,93.7500,91.9189,51.8799,0.8018,,
DATA,A005,3,61,1105178,-0.4440,0.6551,0.1097,87.7075,69.6411,52.0020,0.7989,,
DATA,A005,3,62,1105188,-0.3348,0.6873,0.1151,87.0361,44.9829,53.7720,0.7731,,
DATA,A005,3,63,1105198,-0.2330,0.7283,0.1319,90.2710,39.3066,55.1147,0.7760,,
DATA,A005,3,64,1105208,-0.1334,0.8094,0.1844,95.2148,38.7573,56.8848,0.8408,,
DATA,A005,3,65,1105218,-0.1295,0.8577,0.2059,96.8628,40.0391,56.9458,0.8916,,
DATA,A005,3,66,1105228,-0.1346,0.9131,0.2421,98.7549,35.7056,54.0771,0.9542,,
DATA,A005,3,67,1105238,-0.1468,0.9529,0.2840,100.7080,25.1465,52.9175,1.0052,,
DATA,A005,3,68,1105248,-0.1786,1.0281,0.3321,101.2573,4.2114,52.5513,1.0951,,
DATA,A005,3,69,1105258,-0.2211,1.0743,0.3348,99.9146,-11.9629,52.4902,1.1468,,
DATA,A005,3,70,1105268,-0.3104,1.1356,0.3226,95.6421,-39.6729,49.8047,1.2206,,
DATA,A005,3,71,1105278,-0.3566,1.1651,0.3143,92.1631,-58.7769,45.2271,1.2583,,
DATA,A005,3,72,1105288,-0.3878,1.2151,0.2923,83.9844,-88.8672,35.8276,1.3086,,
DATA,A005,3,73,1105298,-0.3746,1.2230,0.2804,76.5991,-107.4219,27.9541,1.3094,,
DATA,A005,3,74,1105308,-0.3285,1.1961,0.2689,64.7583,-127.6245,15.1367,1.2692,,
DATA,A005,3,75,1105318,-0.2838,1.1619,0.2530,58.3496,-137.2681,5.4321,1.2226,,
DATA,A005,3,76,1105328,-0.2267,1.1143,0.2333,50.9644,-144.6533,-9.0942,1.1608,,
DATA,A005,3,77,1105338,-0.1954,1.1055,0.2220,47.4243,-146.1182,-18.6157,1.1444,,
DATA,A005,3,78,1105348,-0.1634,1.1219,0.1981,41.6870,-143.7988,-31.6772,1.1509,,
DATA,A005,3,79,1105358,-0.1439,1.1404,0.1861,36.3159,-139.5874,-39.1235,1.1645,,
DATA,A005,3,80,1105368,-0.1156,1.1612,0.1861,26.6113,-132.2632,-47.9126,1.1817,,
DATA,A005,3,81,1105378,-0.0965,1.1683,0.2135,19.8364,-127.2583,-53.4058,1.1915,,
DATA,A005,3,82,1105388,-0.0648,1.1668,0.2435,6.7139,-116.2720,-60.9131,1.1937,,
DATA,A005,3,83,1105398,-0.0458,1.1373,0.2540,-4.8828,-107.7271,-65.4297,1.1662,,
DATA,A005,3,84,1105408,-0.0138,1.0777,0.2716,-20.0806,-93.1396,-72.6929,1.1115,,
DATA,A005,3,85,1105418,0.0040,1.0391,0.2745,-27.7100,-81.2378,-77.3926,1.0748,,
DATA,A005,3,86,1105428,0.0326,1.0008,0.2819,-36.5601,-60.6689,-84.1064,1.0402,,
DATA,A005,3,87,1105438,0.0412,0.9798,0.2870,-41.8091,-46.0815,-88.5620,1.0218,,
DATA,A005,3,88,1105448,0.0363,0.9576,0.2955,-49.0723,-24.5361,-94.3604,1.0028,,
DATA,A005,3,89,1105458,0.0219,0.9454,0.2933,-53.1616,-12.3901,-97.5342,0.9901,,
DATA,A005,3,90,1105468,0.0050,0.9393,0.2836,-57.1899,-2.3804,-100.1587,0.9811,,
DATA,A005,3,91,1105478,-0.0282,0.9417,0.2662,-62.3779,8.3618,-102.3560,0.9790,,
DATA,A005,3,92,1105488,-0.0409,0.9500,0.2562,-64.9414,15.0146,-102.6001,0.9848,,
DATA,A005,3,93,1105498,-0.0558,0.9576,0.2347,-68.7866,24.0479,-101.7456,0.9875,,
DATA,A005,3,94,1105508,-0.0731,0.9615,0.2215,-70.8008,31.2500,-99.9756,0.9894,,
DATA,A005,3,95,1105518,-0.1041,0.9588,0.2206,-71.9604,41.1377,-95.7642,0.9893,,
DATA,A005,3,96,1105528,-0.1444,0.9688,0.1903,-71.7773,43.7012,-90.6982,0.9978,,
DATA,A005,3,97,1105538,-0.2071,0.9864,0.1681,-70.7397,39.7339,-83.4351,1.0218,,
DATA,A005,3,98,1105548,-0.2164,1.0059,0.1588,-69.6411,32.6538,-78.7964,1.0411,,
DATA,A005,3,99,1105558,-0.3280,1.0115,0.0878,-66.5894,6.2256,-64.3311,1.0670,,
DATA,A005,3,100,1105568,-0.4064,1.0621,0.1222,-60.1807,-18.3105,-59.0820,1.1437,,
DATA,A005,3,101,1105578,-0.3258,1.1375,0.1590,-60.4858,-54.7485,-50.8423,1.1939,,
DATA,A005,3,102,1105588,-0.2958,1.1566,0.1290,-62.0728,-72.9370,-41.1377,1.2007,,
DATA,A005,3,103,1105598,-0.2433,1.2012,0.1351,-58.2275,-94.8486,-30.0903,1.2330,,
DATA,A005,3,104,1105608,-0.2110,1.2444,0.1236,-56.0303,-106.0181,-23.5596,1.2683,,
DATA,A005,3,105,1105618,-0.1991,1.2723,0.0511,-55.6030,-115.7837,-17.3340,1.2888,,
DATA,A005,3,106,1105628,-0.1720,1.2786,0.0314,-53.9551,-118.3472,-14.6484,1.2905,,
DATA,A005,3,107,1105638,-0.1144,1.2789,0.0438,-52.1851,-115.8447,-10.3760,1.2847,,
DATA,A005,3,108,1105648,-0.0860,1.2733,0.0516,-51.3916,-108.0933,-8.1787,1.2772,,
DATA,A005,3,109,1105658,0.0072,1.2989,0.0922,-48.8892,-86.6699,-7.4463,1.3022,,
DATA,A005,3,110,1105668,0.0338,1.3450,0.0809,-46.9971,-68.4204,-6.1035,1.3479,,
DATA,A005,3,111,1105678,-0.0250,1.3817,0.0489,-45.1660,-38.0249,-5.9204,1.3827,,
DATA,A005,3,112,1105688,-0.0868,1.3943,0.0538,-44.4336,-23.1934,-5.2490,1.3981,,
DATA,A005,3,113,1105698,-0.1168,1.3953,0.1056,-46.5088,-7.1411,-2.3193,1.4042,,
DATA,A005,3,114,1105708,-0.1219,1.3604,0.1180,-50.3540,1.0986,-0.0610,1.3710,,
DATA,A005,3,115,1105718,-0.1500,1.2894,0.1100,-52.6733,12.7563,2.6855,1.3027,,
DATA,A005,3,116,1105728,-0.1703,1.2859,0.1002,-48.0347,20.9961,4.1504,1.3010,,
DATA,A005,3,117,1105738,-0.1988,1.3433,0.0900,-37.4756,33.2031,6.8970,1.3609,,
DATA,A005,3,118,1105748,-0.2198,1.3665,0.0790,-35.6445,40.7104,8.8501,1.3863,,
DATA,A005,3,119,1105758,-0.2560,1.3074,0.0726,-40.1611,45.5933,11.4746,1.3342,,
DATA,A005,3,120,1105768,-0.2811,1.2212,0.0707,-41.9312,44.3726,11.8408,1.2552,,
DATA,A005,3,121,1105778,-0.2865,1.1124,0.0528,-35.6445,38.8184,11.1694,1.1499,,
DATA,A005,3,122,1105788,-0.2757,1.0667,0.0602,-27.3438,34.0576,9.7046,1.1034,,
DATA,A005,3,123,1105798,-0.2550,0.9966,0.0946,-19.1650,28.8696,4.2725,1.0331,,
DATA,A005,3,124,1105808,-0.2530,0.9158,0.1288,-17.5171,23.8037,-1.6479,0.9588,,
DATA,A005,3,125,1105818,-0.2738,0.7632,0.1857,-18.3716,11.1084,-13.2446,0.8318,,
DATA,A005,3,126,1105828,-0.2901,0.6653,0.2172,-15.0146,-2.1973,-21.1792,0.7576,,
DATA,A005,3,127,1105838,-0.3024,0.6077,0.2367,-7.9956,-19.2871,-28.8696,0.7189,,
DATA,A005,3,128,1105848,-0.3158,0.6270,0.2533,4.2114,-48.9502,-38.3301,0.7463,,
DATA,A005,3,129,1105858,-0.3277,0.6968,0.2462,9.3384,-68.9087,-44.3115,0.8085,,
DATA,A005,3,130,1105868,-0.3400,0.8189,0.2150,9.5825,-100.5249,-52.3071,0.9123,,
DATA,A005,3,131,1105878,-0.3583,0.8882,0.1935,5.4932,-121.1548,-56.7017,0.9771,,
DATA,A005,3,132,1105888,-0.3736,0.9820,0.1464,-2.9297,-150.8789,-62.1948,1.0608,,
DATA,A005,3,133,1105898,-0.3800,1.0379,0.1007,-8.9111,-168.6401,-65.6738,1.1099,,
DATA,A005,3,134,1105908,-0.3768,1.1319,0.0257,-16.2354,-188.8428,-71.4722,1.1932,,
DATA,A005,3,135,1105918,-0.3671,1.2029,-0.0248,-19.9585,-197.5098,-75.6226,1.2579,,
DATA,A005,3,136,1105928,-0.3492,1.3021,-0.0890,-26.9165,-203.5522,-81.4209,1.3510,,
DATA,A005,3,137,1105938,-0.3380,1.3482,-0.1168,-33.0200,-204.1016,-85.3271,1.3948,,
DATA,A005,3,138,1105948,-0.3002,1.3565,-0.1354,-44.0063,-201.4771,-92.4683,1.3959,,
DATA,A005,3,139,1105958,-0.2572,1.3182,-0.1344,-51.7578,-196.9604,-98.2056,1.3497,,
DATA,A005,3,140,1105968,-0.1727,1.2220,-0.1315,-61.1572,-184.0820,-109.4971,1.2411,,
DATA,A005,3,141,1105978,-0.1266,1.1580,-0.1307,-64.0259,-169.9829,-119.1406,1.1722,,
DATA,A005,3,142,1105988,-0.0714,1.0936,-0.1168,-63.1104,-141.4185,-132.6294,1.1021,,
DATA,A005,3,143,1105998,-0.0643,1.0735,-0.0983,-59.6924,-121.1548,-140.3809,1.0800,,
DATA,A005,3,144,1106008,-0.0926,1.0577,-0.0746,-55.6641,-92.1021,-152.1606,1.0643,,
DATA,A005,3,145,1106018,-0.1246,1.0628,-0.0590,-55.2979,-76.6602,-159.1797,1.0717,,
DATA,A005,3,146,1106028,-0.2706,1.0528,0.0411,-59.4482,-77.6367,-167.1753,1.0878,,
DATA,A005,3,147,1106038,-0.4462,1.0530,0.1180,-57.3120,-111.2671,-170.5933,1.1497,,
DATA,A005,3,148,1106048,-0.7660,1.1705,0.0677,-51.0864,-204.7729,-175.2930,1.4005,,
DATA,A005,3,149,1106058,-0.8756,1.2440,0.0406,-51.0254,-275.2686,-181.0913,1.5218,,
DATA,A005,3,150,1106068,-0.9059,1.2982,-0.0983,-52.4902,-388.0615,-198.3032,1.5860,,
DATA,A005,3,151,1106078,-0.8148,1.2955,-0.1630,-50.3540,-448.7915,-211.4258,1.5391,,
DATA,A005,3,152,1106088,-0.6283,1.2994,-0.2047,-44.3115,-516.6626,-223.5107,1.4577,,
DATA,A005,3,153,1106098,-0.4715,1.2945,-0.2011,-41.5039,-534.1797,-227.2949,1.3923,,
DATA,A005,3,154,1106108,-0.2640,1.2474,-0.1644,-39.1235,-524.3530,-232.6660,1.2856,,
DATA,A005,3,155,1106118,-0.1852,1.1907,-0.1220,-37.0483,-504.4556,-234.9243,1.2112,,
DATA,A005,3,156,1106128,-0.1422,1.0806,-0.0424,-33.0200,-460.3882,-236.8164,1.0908,,
DATA,A005,3,157,1106138,-0.1285,1.0081,0.0011,-28.9917,-428.7109,-238.5864,1.0163,,
DATA,A005,3,158,1106148,-0.1222,0.9434,0.0355,-23.8647,-400.6348,-239.8682,0.9520,,
DATA,A005,3,159,1106158,-0.1456,0.8724,0.0868,-14.2212,-360.8398,-240.1123,0.8887,,
DATA,A005,3,160,1106168,-0.1786,0.8345,0.0824,-9.2773,-341.1255,-239.6240,0.8574,,
DATA,A005,3,161,1106178,-0.1605,0.7725,0.0751,-2.3804,-315.9790,-242.4927,0.7926,,
DATA,A005,3,162,1106188,-0.1515,0.7132,0.0738,8.1787,-297.6074,-247.9248,0.7328,,
DATA,A005,3,163,1106198,-0.1481,0.6841,0.0831,16.7847,-283.2642,-249.8779,0.7049,,
DATA,A005,3,164,1106208,-0.1598,0.6668,0.1017,25.9399,-275.0854,-252.0752,0.6932,,
DATA,A005,3,165,1106218,-0.1947,0.6707,0.1500,37.5366,-267.3340,-254.2114,0.7143,,
DATA,A005,3,166,1106228,-0.2174,0.6856,0.1678,42.7246,-267.0288,-256.8359,0.7386,,
DATA,A005,3,167,1106238,-0.2101,0.7088,0.1996,47.3022,-270.1416,-261.5967,0.7657,,
DATA,A005,3,168,1106248,-0.1725,0.7198,0.2208,48.4009,-271.6675,-263.4888,0.7724,,
DATA,A005,3,169,1106258,-0.1063,0.6971,0.2269,44.6777,-270.4468,-265.0146,0.7408,,
DATA,A005,3,170,1106268,-0.0846,0.6536,0.2247,41.2598,-264.8315,-266.4185,0.6963,,
DATA,A005,3,171,1106278,-0.0726,0.5784,0.2128,38.5132,-250.1831,-267.5171,0.6206,,
DATA,A005,3,172,1106288,-0.0753,0.5330,0.2159,38.1470,-238.8916,-268.2495,0.5800,,
DATA,A005,3,173,1106298,-0.0965,0.4964,0.2262,40.1611,-220.7031,-268.3716,0.5540,,
DATA,A005,3,174,1106308,-0.1168,0.4830,0.2587,42.1753,-210.1440,-266.9067,0.5602,,
DATA,A005,3,175,1106318,-0.1583,0.4859,0.3209,45.2881,-193.7866,-265.4419,0.6034,,
DATA,A005,3,176,1106328,-0.1962,0.4930,0.3722,46.5698,-182.6172,-265.4419,0.6481,,
DATA,A005,3,177,1106338,-0.2523,0.5069,0.4159,46.0815,-166.4429,-265.6250,0.7025,,
DATA,A005,3,178,1106348,-0.2826,0.5128,0.4718,45.4102,-157.8979,-265.2588,0.7519,,
DATA,A005,3,179,1106358,-0.2941,0.5482,0.5956,44.3726,-143.1885,-260.6812,0.8612,,
DATA,A005,3,180,1106368,-0.2928,0.5872,0.6031,41.2598,-129.7607,-258.0566,0.8913,,
DATA,A005,3,181,1106378,-0.2682,0.5767,0.5358,37.7808,-97.3511,-256.8359,0.8316,,
DATA,A005,3,182,1106388,-0.2963,0.5394,0.4755,41.8091,-72.1436,-254.5166,0.7776,,
DATA,A005,3,183,1106398,-0.5707,0.5630,0.4823,62.7441,-39.3677,-250.9155,0.9356,,
DATA,A005,3,184,1106408,-0.8522,0.6150,0.4982,79.3457,-35.0342,-253.0518,1.1630,,
DATA,A005,3,185,1106418,-1.1522,0.6890,0.5546,92.8345,-65.1855,-235.8398,1.4525,,
DATA,A005,3,186,1106428,-1.2784,0.7867,0.6378,95.2148,-95.9473,-223.3276,1.6310,,
DATA,A005,3,187,1106438,-1.2157,0.8611,0.6832,91.4307,-146.1792,-215.5762,1.6390,,
DATA,A005,3,188,1106448,-1.1817,0.8829,0.6639,87.7075,-175.5371,-201.0498,1.6177,,
DATA,A005,3,189,1106458,-1.1178,0.9451,0.5992,87.1582,-201.9653,-186.1572,1.5817,,
DATA,A005,3,190,1106468,-1.0680,0.9935,0.5340,84.4727,-206.6040,-178.9551,1.5533,,
DATA,A005,3,191,1106478,-0.9945,1.0237,0.4405,72.6318,-196.4111,-166.8091,1.4937,,
DATA,A005,3,192,1106488,-0.9427,0.9993,0.3727,63.1104,-184.4482,-160.0952,1.4235,,
DATA,A005,3,193,1106498,-0.8749,0.9422,0.3246,54.7485,-171.7529,-154.2969,1.3261,,
DATA,A005,3,194,1106508,-0.7421,0.8394,0.2875,46.2036,-154.2358,-146.6675,1.1567,,
DATA,A005,3,195,1106518,-0.6542,0.7725,0.2736,42.4805,-143.4326,-142.5781,1.0486,,
DATA,A005,3,196,1106528,-0.5345,0.6685,0.2794,38.7573,-128.5400,-138.1226,0.9004,,
DATA,A005,3,197,1106538,-0.4850,0.6075,0.2943,37.1704,-117.4927,-137.5732,0.8312,,
DATA,A005,3,198,1106548,-0.4650,0.5032,0.3070,37.1704,-100.3418,-140.6860,0.7508,,
DATA,A005,3,199,1106558,-0.4405,0.4090,0.3224,39.2456,-91.4307,-139.9536,0.6821,,
DATA,A005,3,200,1106568,-0.4452,0.3572,0.3539,47.4243,-81.6040,-136.7188,0.6716,,
DATA,A005,3,201,1106578,-0.4691,0.3538,0.3964,53.8330,-77.5757,-136.9629,0.7088,,
DATA,A005,3,202,1106588,-0.5287,0.3702,0.4864,61.3403,-75.0122,-133.7280,0.8082,,
DATA,A005,3,203,1106598,-0.5702,0.3914,0.5423,62.9272,-74.5239,-131.8970,0.8789,,
DATA,A005,3,204,1106608,-0.6202,0.4664,0.6107,61.5845,-78.7354,-132.4463,0.9875,,
DATA,A005,3,205,1106618,-0.6246,0.5228,0.6107,57.9834,-85.4492,-133.6670,1.0180,,
DATA,A005,3,206,1106628,-0.5648,0.5567,0.5795,49.7437,-99.5483,-134.8267,0.9822,,
DATA,A005,3,207,1106638,-0.4855,0.4781,0.5839,42.9688,-105.7739,-127.6245,0.8973,,
DATA,A005,3,208,1106648,-0.4137,0.4239,0.5558,39.6118,-99.7314,-120.3613,0.8122,,
DATA,A005,3,209,1106658,-0.4029,0.4078,0.5406,41.5649,-90.0269,-126.0376,0.7880,,
DATA,A005,3,210,1106668,-0.4471,0.4227,0.5453,45.7153,-76.0498,-133.7891,0.8221,,
DATA,A005,3,211,1106678,-0.4857,0.4573,0.5294,46.7529,-70.8618,-139.1602,0.8517,,
DATA,A005,3,212,1106688,-0.4596,0.4534,0.5353,46.3867,-73.9746,-141.9678,0.8386,,
DATA,A005,3,213,1106698,-0.4354,0.4417,0.5580,46.0815,-81.9702,-140.1367,0.8343,,
DATA,A005,3,214,1106708,-0.4676,0.4337,0.5829,44.0674,-91.9800,-144.7144,0.8640,,
DATA,A005,3,215,1106718,-0.4691,0.4590,0.5846,40.5884,-98.3276,-151.1841,0.8789,,
DATA,A005,3,216,1106728,-0.3788,0.4900,0.5724,31.1890,-104.4312,-152.5269,0.8433,,
DATA,A005,3,217,1106738,-0.3109,0.4835,0.5641,22.8882,-102.9663,-149.2310,0.8053,,
DATA,A005,3,218,1106748,-0.2733,0.4407,0.5890,11.5356,-90.0879,-148.3765,0.7848,,
DATA,A005,3,219,1106758,-0.3119,0.4202,0.6041,5.3711,-76.7212,-149.6582,0.7993,,
DATA,A005,3,220,1106768,-0.3934,0.4258,0.5965,-1.4038,-60.1807,-148.9258,0.8319,,
DATA,A005,3,221,1106778,-0.4339,0.4544,0.5763,-4.0894,-56.3354,-145.2026,0.8526,,
DATA,A005,3,222,1106788,-0.4784,0.5027,0.5507,-8.3008,-62.1338,-138.0005,0.8859,,
DATA,A005,3,223,1106798,-0.4818,0.5313,0.5558,-11.4136,-72.6318,-132.7515,0.9074,,
DATA,A005,3,224,1106808,-0.4713,0.5716,0.5777,-18.6768,-89.5996,-126.8921,0.9395,,
DATA,A005,3,225,1106818,-0.4774,0.5862,0.5890,-23.3154,-98.6328,-124.2676,0.9584,,
DATA,A005,3,226,1106828,-0.5262,0.6048,0.6349,-26.3062,-109.3750,-122.4365,1.0226,,
DATA,A005,3,227,1106838,-0.6185,0.6695,0.6935,-27.3438,-127.2583,-122.9248,1.1453,,
DATA,A005,3,228,1106848,-0.6405,0.7147,0.7106,-27.7710,-142.5171,-122.2534,1.1941,,
DATA,A005,3,229,1106858,-0.6498,0.8150,0.7904,-31.6162,-165.6494,-117.9810,1.3081,,
DATA,A005,3,230,1106868,-0.6083,0.7896,0.8248,-36.6211,-177.3682,-113.5254,1.2938,,
DATA,A005,3,231,1106878,-0.5006,0.7652,0.9247,-37.6587,-187.6221,-98.6938,1.3004,,
DATA,A005,3,232,1106888,-0.4588,0.7693,1.0021,-40.1001,-185.3638,-90.3931,1.3441,,
DATA,A005,3,233,1106898,-0.3981,0.7742,1.0604,-45.9595,-174.5605,-81.4209,1.3720,,
DATA,A005,3,234,1106908,-0.3483,0.7811,1.1012,-49.0112,-166.0156,-73.8525,1.3943,,
DATA,A005,3,235,1106918,-0.3229,0.8311,1.1715,-56.5796,-146.6064,-64.6362,1.4722,,
DATA,A005,3,236,1106928,-0.3548,0.8738,1.1713,-73.1201,-133.7891,-63.3545,1.5038,,
DATA,A005,3,237,1106938,-0.2889,0.7220,1.0953,-99.7925,-118.6523,-58.3496,1.3433,,
DATA,A005,3,238,1106948,-0.2555,0.6736,1.0887,-101.0742,-108.2153,-49.0723,1.3055,,
DATA,A005,3,239,1106958,-0.1893,0.6065,1.0223,-119.3848,-97.3511,-44.6777,1.2037,,
DATA,A005,3,240,1106968,-0.1341,0.4886,0.9752,-118.8965,-92.1021,-39.7949,1.0990,,
DATA,A005,3,241,1106978,-0.0267,0.3301,0.9044,-100.8301,-81.2378,-33.1421,0.9632,,
DATA,A005,3,242,1106988,-0.0018,0.3253,0.8942,-82.9468,-70.9839,-30.0293,0.9515,,
DATA,A005,3,243,1106998,-0.0885,0.2989,0.9418,-76.7212,-64.5142,-36.0107,0.9920,,
DATA,A005,3,244,1107008,-0.0572,0.2938,0.8578,-76.8433,-69.4580,-38.4521,0.9085,,
DATA,A005,3,245,1107018,0.0292,0.2393,0.9454,-63.7207,-77.9419,-23.6816,0.9757,,
DATA,A005,3,246,1107028,0.0399,0.2562,0.9237,-74.5850,-78.9795,-25.2686,0.9594,,
DATA,A005,3,247,1107038,0.0936,0.2664,0.9423,-62.3169,-75.0122,-15.8081,0.9837,,
DATA,A005,3,248,1107048,0.0704,0.3043,0.9647,-72.5708,-65.7349,-16.4185,1.0140,,
DATA,A005,3,249,1107058,0.0316,0.1321,0.9689,-69.5801,-58.3496,-13.8550,0.9783,,
DATA,A005,3,250,1107068,0.0123,0.1351,1.0360,-52.9175,-53.7720,-7.8735,1.0448,,
DATA,A005,3,251,1107078,0.0770,0.1236,1.0355,-32.1045,-37.5977,7.0801,1.0457,,
DATA,A005,3,252,1107088,0.1491,0.1129,0.9935,-21.4844,-31.6162,20.8130,1.0110,,
DATA,A005,3,253,1107098,0.2687,-0.0803,1.0482,7.3853,-19.9585,36.7432,1.0851,,
DATA,A005,3,254,1107108,0.2274,0.0396,0.9349,-9.8267,-4.8828,44.0674,0.9630,,
DATA,A005,3,255,1107118,0.2716,0.1219,0.9320,25.3296,11.8408,47.2412,0.9784,,
DATA,A005,3,256,1107128,0.2460,0.1578,0.9027,51.9409,24.2310,51.0864,0.9488,,
DATA,A005,3,257,1107138,0.2438,0.1702,0.9332,79.1016,40.8325,54.1382,0.9794,,
DATA,A005,3,258,1107148,0.1798,0.1702,1.0101,89.4165,38.1470,59.4482,1.0400,,
DATA,A005,3,259,1107158,-0.1275,-0.1005,1.6095,79.1016,2.1362,73.6084,1.6177,,
DATA,A005,3,260,1107168,-0.0716,-0.2890,1.7989,54.6875,-88.2568,72.2656,1.8234,,
DATA,A005,3,261,1107178,0.2120,0.0677,2.0748,83.8013,-122.2534,94.2993,2.0867,,
DATA,A005,3,262,1107188,0.4982,0.3843,2.1976,111.9995,-65.9790,57.4951,2.2859,,
DATA,A005,3,263,1107198,0.3927,-0.0158,1.1493,120.4834,-58.8379,16.8457,1.2146,,
DATA,A005,3,264,1107208,0.3292,0.2369,1.7899,69.7021,29.2358,30.5786,1.8353,,
DATA,A005,3,265,1107218,0.0892,0.0391,1.2530,22.7051,28.8086,0.7324,1.2568,,
DATA,A005,3,266,1107228,0.4874,-0.0180,0.9364,46.4478,-22.7051,10.8032,1.0558,,
DATA,A005,3,267,1107238,0.1954,0.1036,0.7936,78.0029,-17.7612,65.4297,0.8238,,
DATA,A005,3,268,1107248,0.0155,0.6002,0.7648,99.0601,-5.7983,-5.5542,0.9723,,
DATA,A005,3,269,1107258,-0.0675,0.5093,0.7479,77.6367,-31.6772,29.1748,0.9074,,
DATA,A005,3,270,1107268,0.1144,0.3619,0.7335,48.4619,-36.4380,26.3672,0.8259,,
DATA,A005,3,271,1107278,0.1671,0.3199,0.7179,36.6211,-32.6538,20.5688,0.8035,,
DATA,A005,3,272,1107288,0.2006,0.2220,0.6871,23.4375,-13.1836,20.8130,0.7494,,
DATA,A005,3,273,1107298,0.1498,0.1851,0.6542,20.5078,1.8921,16.7847,0.6962,,
DATA,A005,3,274,1107308,0.0792,0.1976,0.6310,17.3950,11.2915,9.0942,0.6659,,
DATA,A005,3,275,1107318,0.0758,0.1929,0.6378,13.8550,7.5073,6.9580,0.6706,,
DATA,A005,3,276,1107328,0.1308,0.1724,0.6747,11.4746,-2.8076,7.3242,0.7085,,
DATA,A005,3,277,1107338,0.1227,0.1446,0.7308,13.0615,-9.7656,5.1880,0.7550,,
DATA,A005,3,278,1107348,0.1268,0.1883,0.8531,17.9443,-29.5410,0.7324,0.8828,,
DATA,A005,3,279,1107358,0.1708,0.2361,0.9381,21.2402,-41.4429,2.1362,0.9823,,
DATA,A005,3,280,1107368,0.2240,0.3184,1.0614,23.1323,-40.6494,2.3193,1.1305,,
DATA,A005,3,281,1107378,0.2318,0.3660,1.1246,17.7612,-39.1846,1.4038,1.2052,,
DATA,A005,3,282,1107388,0.2304,0.3895,1.1791,2.8687,-36.1938,-1.8921,1.2629,,
DATA,A005,3,283,1107398,0.2728,0.3795,1.1732,-2.6855,-36.5601,-3.9673,1.2629,,
DATA,A005,3,284,1107408,0.3512,0.3868,1.1056,-7.6294,-31.1279,-5.1880,1.2228,,
DATA,A005,3,285,1107418,0.3864,0.3931,1.0465,-8.9111,-26.9165,-5.6152,1.1828,,
DATA,A005,3,286,1107428,0.4303,0.4515,1.0026,-14.0381,-18.9819,-6.5308,1.1807,,
DATA,A005,3,287,1107438,0.4252,0.4236,0.9659,-19.4702,-15.5029,-6.5918,1.1372,,
DATA,A005,3,288,1107448,0.3932,0.3941,0.9203,-21.2402,-7.9346,-8.2397,1.0756,,
DATA,A005,3,289,1107458,0.3397,0.3895,0.9034,-18.9819,-5.0049,-7.8735,1.0408,,
DATA,A005,3,290,1107468,0.2914,0.3716,0.9086,-17.5781,-0.7935,-6.8970,1.0240,,
DATA,A005,3,291,1107478,0.2802,0.3289,0.9093,-15.9302,2.9297,-7.9956,1.0067,,
DATA,A005,3,292,1107488,0.2904,0.3038,0.9142,-9.0332,7.0801,-5.7373,1.0061,,
DATA,A005,3,293,1107498,0.2450,0.3160,0.9125,-5.6152,9.2163,-6.3477,0.9962,,
DATA,A005,3,294,1107508,0.2059,0.3065,0.9230,-3.6011,8.3618,-8.4839,0.9941,,
DATA,A005,3,295,1107518,0.2431,0.2798,0.9225,0.6104,5.2490,-10.1318,0.9942,,
DATA,A005,3,296,1107528,0.2667,0.2925,0.9159,4.1504,3.7231,-10.3149,0.9978,,
DATA,A005,3,297,1107538,0.2623,0.3028,0.9532,5.0049,3.4180,-12.4512,1.0340,,
DATA,A005,3,298,1107548,0.2511,0.2632,0.9574,3.2349,3.0518,-14.1602,1.0242,,
DATA,A005,3,299,1107558,0.2719,0.2586,0.9513,6.5918,3.9673,-15.0757,1.0226,,
DATA,A005,3,300,1107568,0.2716,0.2693,0.9611,7.9346,4.8218,-15.9912,1.0344,,
DATA,A005,3,301,1107578,0.2848,0.2654,0.9215,9.5825,3.4180,-16.1133,1.0004,,
DATA,A005,3,302,1107588,0.2941,0.2784,0.9076,13.6108,4.3335,-16.0522,0.9938,,
DATA,A005,3,303,1107598,0.2555,0.3152,0.9335,12.6343,5.4321,-21.0571,1.0178,,
DATA,A005,3,304,1107608,0.2662,0.2754,0.9310,10.8643,3.8452,-21.2402,1.0068,,
DATA,A005,3,305,1107618,0.2829,0.2137,0.9217,13.1836,0.9766,-19.0430,0.9876,,
DATA,A005,3,306,1107628,0.2582,0.2659,0.9486,16.9678,2.9297,-19.8975,1.0184,,
DATA,A005,3,307,1107638,0.2391,0.2269,0.9557,14.2212,1.7700,-20.0806,1.0109,,
DATA,A005,3,308,1107648,0.2338,0.2391,0.9518,15.7471,3.1738,-18.7378,1.0088,,
DATA,A005,3,309,1107658,0.1854,0.2718,0.9227,15.1367,5.4932,-20.9351,0.9796,,
DATA,A005,3,310,1107668,0.2252,0.3135,0.9193,17.5171,7.7515,-22.1558,0.9971,,
DATA,A005,3,311,1107678,0.3012,0.2462,0.8993,12.0239,7.5073,-16.8457,0.9798,,
DATA,A005,3,312,1107688,0.2999,0.3038,0.8939,10.6812,9.6436,-16.7236,0.9906,,
DATA,A005,3,313,1107698,0.3046,0.3025,0.8829,8.3008,12.2681,-18.9819,0.9818,,
DATA,A005,3,314,1107708,0.2829,0.2972,0.8712,9.0942,15.6860,-20.0195,0.9630,,
DATA,A005,3,315,1107718,0.1498,0.3084,0.8287,9.8267,16.6626,-23.6206,0.8969,,
DATA,A005,3,316,1107728,0.2457,0.2515,0.9083,13.0615,25.8179,-25.6348,0.9740,,
DATA,A005,3,317,1107738,0.2831,0.1988,0.9027,15.5640,30.6396,-19.1040,0.9667,,
DATA,A005,3,318,1107748,0.2675,0.2740,0.9598,14.3433,35.5835,-18.1274,1.0334,,
DATA,A005,3,319,1107758,0.2406,0.3035,0.9457,12.5122,36.5601,-18.9209,1.0219,,
DATA,A005,3,320,1107768,0.2841,0.3292,0.9608,13.3667,40.1001,-18.5547,1.0546,,
DATA,A005,3,321,1107778,0.2570,0.3548,1.0048,3.1128,41.6260,-13.0005,1.0961,,
DATA,A005,3,322,1107788,0.2396,0.3338,1.0160,-3.1128,44.3115,-10.6812,1.0959,,
DATA,A005,3,323,1107798,0.2802,0.3379,0.9945,-5.6152,49.5605,-6.4087,1.0871,,
DATA,A005,3,324,1107808,0.2606,0.3582,1.0460,-9.8267,47.7295,-3.6011,1.1360,,
DATA,A005,3,325,1107818,0.2433,0.3043,1.0104,-12.0239,46.7529,-5.5542,1.0829,,
DATA,A005,3,326,1107828,0.2472,0.2889,0.9969,-9.8877,46.0205,-4.8218,1.0670,,
DATA,A005,3,327,1107838,0.1600,0.2974,1.0057,-6.8359,40.5273,-6.9580,1.0609,,
DATA,A005,3,328,1107848,0.1515,0.2801,0.9701,-4.6387,35.9497,-8.6060,1.0210,,
DATA,A005,3,329,1107858,0.1857,0.2435,0.9564,0.1831,31.7993,-6.8970,1.0042,,
DATA,A005,3,330,1107868,0.1168,0.3199,0.9498,4.5166,28.5034,-10.9253,1.0090,,
DATA,A005,3,331,1107878,0.1640,0.3804,0.9090,18.8599,26.1230,-11.1084,0.9990,,
DATA,A005,3,332,1107888,0.1632,0.3260,0.9076,12.0239,20.9961,-9.9487,0.9781,,
DATA,A005,3,333,1107898,0.1481,0.3582,0.9347,13.1226,17.7612,-10.4370,1.0119,,
DATA,A005,3,334,1107908,0.1906,0.3162,0.9415,15.3809,12.5122,-10.1929,1.0113,,
DATA,A005,3,335,1107918,0.2282,0.2442,0.9454,19.5923,7.5684,-7.2021,1.0028,,
DATA,A005,3,336,1107928,0.2728,0.2850,0.9694,23.9868,8.3008,-13.0005,1.0466,,
DATA,A005,3,337,1107938,0.2462,0.2659,0.9772,26.3672,6.6528,-14.2212,1.0422,,
DATA,A005,3,338,1107948,0.2330,0.2894,1.0035,28.3203,1.6479,-19.2871,1.0701,,
DATA,A005,3,339,1107958,0.1520,0.3450,1.0077,25.7568,-3.4790,-23.8647,1.0759,,
DATA,A005,3,340,1107968,0.1561,0.3436,1.0050,23.5596,-12.8784,-24.5972,1.0735,,
DATA,A005,3,341,1107978,0.1652,0.3223,1.0077,21.5454,-17.3340,-22.7051,1.0708,,
EVENT,A005,3,,1107987,,,,,,,,STOP,341
EVENT,A005,4,,1115711,,,,,,,,START,
DATA,A005,4,1,1115734,0.2291,0.0692,1.0289,48.1567,1.5259,-22.2778,1.0564,,
DATA,A005,4,2,1115744,0.2897,0.1102,0.9982,46.5698,16.9067,-24.1699,1.0452,,
DATA,A005,4,3,1115754,0.3392,0.1317,0.9740,43.7622,28.7476,-20.5078,1.0397,,
DATA,A005,4,4,1115764,0.3388,0.1480,0.9396,39.6118,45.7153,-18.0054,1.0097,,
DATA,A005,4,5,1115774,0.2863,0.1512,0.8807,31.6772,64.5142,-13.6719,0.9383,,
DATA,A005,4,6,1115784,0.2599,0.1058,0.8295,34.1797,68.8477,-3.9673,0.8756,,
DATA,A005,4,7,1115794,0.2465,0.1199,0.7914,38.3911,66.6504,8.4229,0.8375,,
DATA,A005,4,8,1115804,0.1835,0.0911,0.7657,39.6729,61.2183,15.5640,0.7927,,
DATA,A005,4,9,1115814,0.1576,0.1353,0.7462,46.8750,64.8804,17.1509,0.7746,,
DATA,A005,4,10,1115824,0.1588,0.1412,0.7338,46.0815,54.8096,23.8647,0.7639,,
DATA,A005,4,11,1115834,0.1476,0.1387,0.7020,39.5508,45.5322,20.8740,0.7307,,
DATA,A005,4,12,1115844,0.1493,0.1331,0.6691,40.1611,41.9312,16.6016,0.6983,,
DATA,A005,4,13,1115854,0.2606,0.1692,0.6322,40.8936,40.6494,15.9912,0.7044,,
DATA,A005,4,14,1115864,0.2411,0.0384,0.5714,46.6309,49.2554,15.6250,0.6214,,
DATA,A005,4,15,1115874,0.3219,-0.0739,0.4925,62.1948,50.5371,35.3394,0.5930,,
DATA,A005,4,16,1115884,0.8964,-0.1750,0.3949,103.6377,83.0688,96.0083,0.9950,,
DATA,A005,4,17,1115894,1.0006,0.3243,0.3417,168.9453,178.4668,183.7158,1.1060,,
DATA,A005,4,18,1115904,0.7343,0.1946,0.3439,212.5854,250.9155,198.8525,0.8338,,
DATA,A005,4,19,1115914,0.1762,0.5699,0.5094,138.8550,325.9888,111.3281,0.7844,,
DATA,A005,4,20,1115924,-0.0795,0.5638,0.4498,89.2334,315.1855,110.4126,0.7256,,
DATA,A005,4,21,1115934,-0.1905,0.3287,0.4217,65.8569,250.4883,133.7891,0.5676,,
DATA,A005,4,22,1115944,-0.1539,0.2532,0.4379,88.6841,198.4253,148.1323,0.5287,,
DATA,A005,4,23,1115954,0.0477,0.3460,0.4459,123.9624,149.1089,166.8701,0.5664,,
DATA,A005,4,24,1115964,0.1791,0.4341,0.4337,134.0942,142.7612,179.8706,0.6393,,
DATA,A005,4,25,1115974,0.2816,0.5372,0.4081,143.7988,170.7153,199.2188,0.7310,,
DATA,A005,4,26,1115984,0.2833,0.6024,0.3888,152.8320,200.9277,210.6934,0.7709,,
DATA,A005,4,27,1115994,0.2089,0.7183,0.3602,169.6167,248.6572,228.3936,0.8303,,
DATA,A005,4,28,1116004,0.1464,0.8094,0.3380,180.5420,275.6348,240.1733,0.8893,,
DATA,A005,4,29,1116014,0.0680,0.9566,0.3019,194.8242,310.0586,257.4463,1.0054,,
DATA,A005,4,30,1116024,0.0468,1.0543,0.2711,203.3081,334.5947,267.8833,1.0896,,
DATA,A005,4,31,1116034,0.0287,1.1934,0.2162,214.7827,382.9346,281.1279,1.2132,,
DATA,A005,4,32,1116044,0.0431,1.2579,0.1757,219.1772,428.1616,291.7480,1.2708,,
DATA,A005,4,33,1116054,0.0167,1.4105,0.0817,230.5908,483.3984,291.0767,1.4129,,
DATA,A005,4,34,1116064,-0.0392,1.5626,-0.0306,232.7881,579.4067,286.4380,1.5633,,
DATA,A005,4,35,1116074,-0.1256,1.6446,-0.1310,228.8208,642.7002,281.6772,1.6546,,
DATA,A005,4,36,1116084,-0.3067,1.7076,-0.2177,220.8252,721.6187,272.1558,1.7485,,
DATA,A005,4,37,1116094,-0.3910,1.7347,-0.2091,216.0645,756.8359,265.1978,1.7904,,
DATA,A005,4,38,1116104,-0.4657,1.8538,-0.0543,217.9565,773.4985,254.1504,1.9122,,
DATA,A005,4,39,1116114,-0.5128,2.0330,0.0880,216.3696,763.1226,249.6338,2.0985,,
DATA,A005,4,40,1116124,-0.6085,2.2615,0.3592,180.5420,709.8999,247.6196,2.3694,,
DATA,A005,4,41,1116134,-0.6913,2.2547,0.5802,131.1035,641.2964,255.4321,2.4286,,
DATA,A005,4,42,1116144,-0.8314,2.0345,0.6461,43.1519,487.6099,258.3008,2.2908,,
DATA,A005,4,43,1116154,-0.8783,1.8401,0.5267,-2.6245,361.2671,253.9062,2.1059,,
DATA,A005,4,44,1116164,-0.8241,1.5870,0.1935,-42.9688,168.8843,247.8638,1.7986,,
DATA,A005,4,45,1116174,-0.7765,1.4083,-0.0443,-50.1099,53.6499,243.8965,1.6088,,
DATA,A005,4,46,1116184,-0.7274,1.1692,-0.2865,-33.3252,-77.4536,227.7832,1.4065,,
DATA,A005,4,47,1116194,-0.7333,1.0596,-0.3368,-9.3994,-135.2539,209.2285,1.3319,,
DATA,A005,4,48,1116204,-0.7713,1.0274,-0.3107,30.4565,-195.6177,173.0347,1.3218,,
DATA,A005,4,49,1116214,-0.7909,1.0706,-0.2521,50.4761,-228.2715,147.6440,1.3547,,
DATA,A005,4,50,1116224,-0.7545,1.1524,-0.1932,60.4858,-279.6021,111.2061,1.3909,,
DATA,A005,4,51,1116234,-0.6876,1.1719,-0.1954,57.5562,-314.5752,90.5762,1.3727,,
DATA,A005,4,52,1116244,-0.5184,1.1285,-0.2062,50.4150,-353.3325,64.3921,1.2589,,
DATA,A005,4,53,1116254,-0.3768,1.0858,-0.2079,49.1943,-365.3564,50.4150,1.1679,,
DATA,A005,4,54,1116264,-0.1881,1.0411,-0.1813,52.1240,-356.8115,33.5693,1.0733,,
DATA,A005,4,55,1116274,-0.0856,1.0259,-0.1520,55.1147,-335.2051,24.9023,1.0407,,
DATA,A005,4,56,1116284,0.0236,1.0284,-0.1024,56.8848,-285.4614,17.9443,1.0337,,
DATA,A005,4,57,1116294,0.0695,1.0254,-0.0751,56.5186,-246.0327,15.3809,1.0305,,
DATA,A005,4,58,1116304,0.1041,1.0228,-0.0233,55.3589,-184.2651,12.6343,1.0283,,
DATA,A005,4,59,1116314,0.1083,1.0159,0.0079,55.4810,-143.4326,11.3525,1.0217,,
DATA,A005,4,60,1116324,0.1100,1.0125,0.0521,56.8237,-83.0688,10.0098,1.0198,,
DATA,A005,4,61,1116334,0.1127,1.0108,0.0738,58.4106,-42.7246,9.3994,1.0197,,
DATA,A005,4,62,1116344,0.1137,1.0103,0.1175,60.6079,19.1650,9.0942,1.0235,,
DATA,A005,4,63,1116354,0.0966,1.0047,0.1444,61.4014,60.0586,9.4604,1.0196,,
DATA,A005,4,64,1116364,0.0568,0.9883,0.1644,59.5703,123.6572,10.2539,1.0035,,
DATA,A005,4,65,1116374,0.0219,0.9744,0.1764,57.7393,164.8560,10.1318,0.9905,,
DATA,A005,4,66,1116384,-0.0426,0.9515,0.1713,54.9927,223.1445,10.1318,0.9677,,
DATA,A005,4,67,1116394,-0.0990,0.9442,0.1529,52.9785,257.2632,10.0098,0.9616,,
DATA,A005,4,68,1116404,-0.1537,0.9337,0.1351,50.5981,286.0107,9.7656,0.9558,,
DATA,A005,4,69,1116414,-0.2438,0.9202,0.1017,45.7153,315.2466,9.2773,0.9574,,
DATA,A005,4,70,1116424,-0.2975,0.9100,0.0809,42.5415,323.8525,8.6060,0.9608,,
DATA,A005,4,71,1116434,-0.3605,0.8975,0.0856,38.7573,319.2139,6.8970,0.9710,,
DATA,A005,4,72,1116444,-0.3939,0.9061,0.1061,36.6821,305.3589,5.0659,0.9937,,
DATA,A005,4,73,1116454,-0.4305,0.9415,0.1180,31.1890,274.5361,1.5259,1.0419,,
DATA,A005,4,74,1116464,-0.4369,0.9676,0.1046,25.6958,250.2441,-0.5493,1.0668,,
DATA,A005,4,75,1116474,-0.4281,1.0074,0.0848,19.6533,211.7920,-3.2959,1.0978,,
DATA,A005,4,76,1116484,-0.4234,1.0369,0.0809,17.6392,187.6221,-4.5166,1.1230,,
DATA,A005,4,77,1116494,-0.4210,1.0511,0.1012,13.1836,154.2358,-6.4087,1.1368,,
DATA,A005,4,78,1116504,-0.4256,1.0394,0.1219,7.6294,133.2397,-8.1177,1.1297,,
DATA,A005,4,79,1116514,-0.4203,0.9837,0.1107,-2.4414,103.7598,-11.9629,1.0754,,
DATA,A005,4,80,1116524,-0.4032,0.9407,0.1090,-5.1880,86.1206,-15.8081,1.0293,,
DATA,A005,4,81,1116534,-0.3517,0.9263,0.1229,-2.6245,64.4531,-23.1323,0.9984,,
DATA,A005,4,82,1116544,-0.3031,0.9568,0.1349,-1.2817,55.3589,-28.8086,1.0127,,
DATA,A005,4,83,1116554,-0.2225,0.9974,0.1486,-5.0659,50.7812,-37.3535,1.0326,,
DATA,A005,4,84,1116564,-0.1659,1.0045,0.1576,-9.0332,54.1992,-42.7856,1.0302,,
DATA,A005,4,85,1116574,-0.0975,0.9957,0.1720,-12.8784,67.8101,-51.3916,1.0151,,
DATA,A005,4,86,1116584,-0.0699,0.9925,0.1793,-13.1836,81.7261,-57.3120,1.0110,,
DATA,A005,4,87,1116594,-0.0577,0.9991,0.2101,-11.8408,104.4312,-65.8569,1.0226,,
DATA,A005,4,88,1116604,-0.0746,1.0157,0.2320,-10.6201,118.4082,-71.1060,1.0445,,
DATA,A005,4,89,1116614,-0.1246,1.0450,0.2650,-10.6201,131.2866,-78.6133,1.0852,,
DATA,A005,4,90,1116624,-0.1598,1.0611,0.2687,-11.9629,132.6294,-82.8857,1.1062,,
DATA,A005,4,91,1116634,-0.2093,1.0757,0.2626,-15.2588,127.5024,-88.3179,1.1269,,
DATA,A005,4,92,1116644,-0.2223,1.0833,0.2589,-17.2729,121.0327,-91.3086,1.1358,,
DATA,A005,4,93,1116654,-0.2208,1.0823,0.2472,-21.0571,109.6802,-94.5435,1.1319,,
DATA,A005,4,94,1116664,-0.2120,1.0811,0.2259,-24.4751,103.4546,-95.4590,1.1246,,
DATA,A005,4,95,1116674,-0.2049,1.0608,0.1827,-31.1890,98.3887,-96.1304,1.0958,,
DATA,A005,4,96,1116684,-0.2184,1.0311,0.1571,-34.6069,96.3135,-95.2759,1.0656,,
DATA,A005,4,97,1116694,-0.2457,0.9891,0.1254,-36.0718,89.5996,-90.5762,1.0268,,
DATA,A005,4,98,1116704,-0.2494,0.9710,0.1168,-36.0718,79.8340,-87.2192,1.0093,,
DATA,A005,4,99,1116714,-0.2359,0.9549,0.1073,-35.6445,63.5376,-83.0688,0.9894,,
DATA,A005,4,100,1116724,-0.2482,0.9454,0.1085,-34.7900,54.1382,-80.0171,0.9834,,
DATA,A005,4,101,1116734,-0.2379,0.9307,0.1329,-34.0576,40.7715,-76.4160,0.9698,,
DATA,A005,4,102,1116744,-0.2193,0.9300,0.1527,-33.8135,33.6914,-72.6318,0.9676,,
DATA,A005,4,103,1116754,-0.1737,0.9190,0.1813,-33.3252,28.3813,-66.8945,0.9527,,
DATA,A005,4,104,1116764,-0.1442,0.9227,0.1603,-31.6772,14.3433,-56.2744,0.9475,,
DATA,A005,4,105,1116774,-0.1503,0.9463,0.1639,-30.3345,5.4932,-52.9175,0.9721,,
DATA,A005,4,106,1116784,-0.1796,0.9803,0.1793,-28.6865,-9.0332,-47.7905,1.0126,,
DATA,A005,4,107,1116794,-0.1427,0.9940,0.1639,-26.9165,-24.4751,-45.6543,1.0174,,
DATA,A005,4,108,1116804,-0.0558,1.0140,0.1703,-35.7666,-37.4146,-30.6396,1.0297,,
DATA,A005,4,109,1116814,-0.0109,0.9969,0.1444,-41.4429,-36.6821,-26.7334,1.0073,,
DATA,A005,4,110,1116824,0.0050,0.9622,0.1227,-41.6260,-32.4707,-24.8413,0.9700,,
DATA,A005,4,111,1116834,0.0211,0.9556,0.1183,-39.1235,-27.1606,-24.1699,0.9631,,
DATA,A005,4,112,1116844,0.0914,0.9764,0.0997,-39.1846,-12.8784,-18.3716,0.9857,,
DATA,A005,4,113,1116854,0.1505,0.9942,0.0809,-44.2505,6.9580,-14.4653,1.0088,,
DATA,A005,4,114,1116864,0.1735,1.0147,0.0270,-48.6450,53.1616,-15.1978,1.0298,,
DATA,A005,4,115,1116874,0.1581,1.0518,0.0082,-49.0723,90.6982,-18.1274,1.0637,,
DATA,A005,4,116,1116884,0.1444,1.1338,-0.0055,-47.4854,148.7427,-24.4141,1.1430,,
DATA,A005,4,117,1116894,0.1378,1.1939,-0.0365,-50.2319,186.8896,-27.5269,1.2024,,
DATA,A005,4,118,1116904,0.0590,1.2396,-0.1107,-60.3027,235.2295,-32.9590,1.2459,,
DATA,A005,4,119,1116914,0.0006,1.2352,-0.1449,-66.5894,260.0708,-38.7573,1.2436,,
DATA,A005,4,120,1116924,-0.0470,1.2066,-0.1715,-73.2422,287.1704,-45.7764,1.2196,,
DATA,A005,4,121,1116934,-0.0585,1.1710,-0.1735,-77.5146,300.7812,-48.7061,1.1852,,
DATA,A005,4,122,1116944,-0.0851,1.1334,-0.1976,-80.8716,320.8008,-50.5371,1.1536,,
DATA,A005,4,123,1116954,-0.0995,1.1627,-0.2216,-76.9653,334.4727,-48.5229,1.1878,,
DATA,A005,4,124,1116964,-0.1349,1.2557,-0.2592,-67.1387,354.1870,-40.2832,1.2892,,
DATA,A005,4,125,1116974,-0.1734,1.3030,-0.2706,-65.0635,363.4644,-34.0576,1.3421,,
DATA,A005,4,126,1116984,-0.2584,1.2901,-0.2694,-71.7163,368.4692,-24.1089,1.3430,,
DATA,A005,4,127,1116994,-0.3148,1.2354,-0.2594,-77.3926,364.8071,-15.6250,1.3010,,
DATA,A005,4,128,1117004,-0.3866,1.1412,-0.2401,-79.5898,353.0273,-0.1221,1.2286,,
DATA,A005,4,129,1117014,-0.4193,1.1041,-0.2103,-76.6602,343.0786,11.2915,1.1996,,
DATA,A005,4,130,1117024,-0.4601,1.0884,-0.1608,-72.2656,325.9277,27.7100,1.1926,,
DATA,A005,4,131,1117034,-0.4840,1.0972,-0.1329,-71.7773,313.7817,36.6211,1.2066,,
DATA,A005,4,132,1117044,-0.5057,1.1033,-0.0980,-74.4629,292.4194,47.2412,1.2177,,
DATA,A005,4,133,1117054,-0.5126,1.0943,-0.0790,-76.7822,275.5737,53.3447,1.2110,,
DATA,A005,4,134,1117064,-0.5087,1.0545,-0.0673,-78.6133,245.9717,61.4624,1.1727,,
DATA,A005,4,135,1117074,-0.4879,1.0159,-0.0455,-77.8809,224.8535,65.1855,1.1279,,
DATA,A005,4,136,1117084,-0.4554,0.9732,-0.0138,-75.3784,204.4678,67.0776,1.0746,,
DATA,A005,4,137,1117094,-0.4142,0.9185,0.0453,-68.6035,177.7344,67.4438,1.0086,,
DATA,A005,4,138,1117104,-0.4010,0.8953,0.0865,-62.9883,161.2549,66.7114,0.9848,,
DATA,A005,4,139,1117114,-0.3905,0.8799,0.1537,-54.7485,137.0239,65.1245,0.9749,,
DATA,A005,4,140,1117124,-0.3722,0.8814,0.1910,-49.8047,120.2393,63.8428,0.9756,,
DATA,A005,4,141,1117134,-0.3351,0.8741,0.2325,-45.3491,96.8018,61.9507,0.9646,,
DATA,A005,4,142,1117144,-0.3087,0.8604,0.2582,-43.3350,83.4351,61.2183,0.9499,,
DATA,A005,4,143,1117154,-0.2792,0.8326,0.2767,-41.3208,69.7021,60.5469,0.9207,,
DATA,A005,4,144,1117164,-0.2662,0.8179,0.2757,-38.5132,64.8804,60.2417,0.9033,,
DATA,A005,4,145,1117174,-0.2684,0.7996,0.2762,-33.0200,62.5000,58.8379,0.8876,,
DATA,A005,4,146,1117184,-0.2838,0.7942,0.2816,-28.9307,62.7441,58.0444,0.8892,,
DATA,A005,4,147,1117194,-0.3070,0.7960,0.2777,-23.5596,62.1338,58.4717,0.8972,,
DATA,A005,4,148,1117204,-0.3170,0.7960,0.2872,-20.6299,59.3872,59.3262,0.9036,,
DATA,A005,4,149,1117214,-0.3326,0.7960,0.3207,-15.5640,52.7954,61.5845,0.9203,,
DATA,A005,4,150,1117224,-0.3380,0.7896,0.3578,-11.5967,48.1567,63.2935,0.9304,,
DATA,A005,4,151,1117234,-0.3400,0.7657,0.3844,-8.8501,46.0815,63.4155,0.9217,,
DATA,A005,4,152,1117244,-0.3341,0.7586,0.4027,-5.7983,46.5698,62.8052,0.9216,,
DATA,A005,4,153,1117254,-0.3082,0.8077,0.4291,4.2725,52.8564,62.8052,0.9651,,
DATA,A005,4,154,1117264,-0.2921,0.8812,0.4427,10.5591,57.9224,62.5000,1.0285,,
DATA,A005,4,155,1117274,-0.3177,1.0074,0.4630,12.0239,64.5752,61.8896,1.1533,,
DATA,A005,4,156,1117284,-0.3441,1.0775,0.4552,8.9111,67.0776,61.5234,1.2192,,
DATA,A005,4,157,1117294,-0.3392,1.1368,0.4259,1.2207,65.4297,59.0820,1.2604,,
DATA,A005,4,158,1117304,-0.3309,1.1429,0.4108,-5.0659,64.0259,56.0303,1.2587,,
DATA,A005,4,159,1117314,-0.3295,1.0943,0.3990,-14.1602,63.2324,49.1333,1.2105,,
DATA,A005,4,160,1117324,-0.3124,1.0386,0.4112,-18.7988,60.4858,44.4336,1.1599,,
DATA,A005,4,161,1117334,-0.2662,0.9642,0.4481,-23.2544,53.5278,37.1094,1.0960,,
DATA,A005,4,162,1117344,-0.2347,0.9224,0.4632,-27.5879,50.1709,28.7476,1.0586,,
DATA,A005,4,163,1117354,-0.1886,0.8785,0.5004,-34.7290,44.7998,13.7329,1.0284,,
DATA,A005,4,164,1117364,-0.1642,0.8729,0.5206,-39.2456,39.7949,3.8452,1.0295,,
DATA,A005,4,165,1117374,-0.1371,0.8751,0.5187,-48.1567,31.7383,-13.1226,1.0264,,
DATA,A005,4,166,1117384,-0.1127,0.8653,0.5116,-56.8237,24.8413,-25.4517,1.0115,,
DATA,A005,4,167,1117394,-0.0587,0.8216,0.4925,-71.3501,13.7939,-43.5791,0.9597,,
DATA,A005,4,168,1117404,-0.0265,0.8006,0.4728,-80.0171,7.8735,-54.9927,0.9301,,
DATA,A005,4,169,1117414,0.0087,0.7859,0.4366,-87.0361,4.5166,-65.3076,0.8991,,
DATA,A005,4,170,1117424,0.0600,0.8145,0.3763,-93.1396,4.1504,-77.6978,0.8992,,
DATA,A005,4,171,1117434,0.0880,0.8694,0.3319,-95.6421,6.7749,-83.5571,0.9348,,
DATA,A005,4,172,1117444,0.0883,0.9835,0.2694,-100.8911,13.0615,-88.8672,1.0235,,
DATA,A005,4,173,1117454,0.0231,1.0579,0.2186,-106.0791,15.1978,-91.3086,1.0805,,
DATA,A005,4,174,1117464,-0.1581,1.1592,0.1307,-114.1357,6.1646,-96.0693,1.1772,,
DATA,A005,4,175,1117474,-0.3314,1.2183,0.0765,-118.2861,-15.5640,-100.0977,1.2649,,
DATA,A005,4,176,1117484,-0.6527,1.3248,-0.0265,-126.2817,-79.1626,-102.5391,1.4771,,
DATA,A005,4,177,1117494,-0.7357,1.3951,-0.0778,-129.7607,-125.3662,-101.5625,1.5791,,
DATA,A005,4,178,1117504,-0.5475,1.4061,-0.0971,-141.0522,-204.5288,-94.8486,1.5120,,
DATA,A005,4,179,1117514,-0.3089,1.3262,-0.0756,-152.8931,-238.7085,-88.0737,1.3638,,
DATA,A005,4,180,1117524,0.0150,1.1317,0.0221,-168.7012,-244.8730,-76.5381,1.1320,,
DATA,A005,4,181,1117534,0.1898,0.9964,0.1302,-173.7061,-224.4263,-66.1011,1.0226,,
DATA,A005,4,182,1117544,0.3595,0.8104,0.2279,-173.8892,-161.4990,-50.1099,0.9154,,
DATA,A005,4,183,1117554,0.4015,0.7066,0.2591,-167.4194,-110.9009,-42.0532,0.8530,,
DATA,A005,4,184,1117564,0.3510,0.6263,0.2931,-148.7427,-32.2266,-27.3438,0.7754,,
DATA,A005,4,185,1117574,0.2811,0.6363,0.3119,-132.2632,16.4795,-16.1743,0.7623,,
DATA,A005,4,186,1117584,0.1303,0.6714,0.3373,-111.9385,79.2236,-4.6387,0.7626,,
DATA,A005,4,187,1117594,0.0321,0.6692,0.3346,-106.2622,114.5020,-1.7700,0.7489,,
DATA,A005,4,188,1117604,-0.0851,0.5821,0.3282,-107.7881,156.0669,-2.1973,0.6737,,
DATA,A005,4,189,1117614,-0.1410,0.5023,0.3216,-108.1543,177.6123,-4.0283,0.6129,,
DATA,A005,4,190,1117624,-0.2005,0.3914,0.3102,-101.7456,201.0498,-7.3242,0.5382,,
DATA,A005,4,191,1117634,-0.2157,0.3382,0.2928,-94.5435,207.7026,-8.9111,0.4966,,
DATA,A005,4,192,1117644,-0.2169,0.2820,0.2872,-81.3599,202.5146,-8.5449,0.4573,,
DATA,A005,4,193,1117654,-0.2162,0.2471,0.3041,-72.2046,190.8569,-5.6763,0.4475,,
DATA,A005,4,194,1117664,-0.2335,0.1934,0.3636,-60.7910,164.1235,-0.7935,0.4735,,
DATA,A005,4,195,1117674,-0.2574,0.1624,0.4152,-53.6499,146.2402,2.5024,0.5148,,
DATA,A005,4,196,1117684,-0.2843,0.1168,0.5172,-41.7480,122.4365,8.3008,0.6016,,
DATA,A005,4,197,1117694,-0.2950,0.1097,0.5929,-32.4097,111.1450,12.3901,0.6713,,
DATA,A005,4,198,1117704,-0.3255,0.1299,0.6910,-20.5688,100.1587,16.7236,0.7748,,
DATA,A005,4,199,1117714,-0.3451,0.1470,0.7389,-15.3809,97.3511,18.1885,0.8286,,
DATA,A005,4,200,1117724,-0.3834,0.1653,0.8009,-10.9863,97.5952,17.9443,0.9032,,
DATA,A005,4,201,1117734,-0.4191,0.1785,0.8509,-9.2163,101.1353,16.0522,0.9652,,
DATA,A005,4,202,1117744,-0.5152,0.2354,0.9322,-5.7373,108.3374,11.2305,1.0909,,
DATA,A005,4,203,1117754,-0.5795,0.3135,0.9713,-4.2114,110.5957,6.9580,1.1737,,
DATA,A005,4,204,1117764,-0.6346,0.4180,0.9701,-6.0425,108.1543,2.6245,1.2323,,
DATA,A005,4,205,1117774,-0.6996,0.5345,0.9322,-16.3574,93.5669,-4.5166,1.2822,,
DATA,A005,4,206,1117784,-0.7943,0.5716,0.9772,-25.0244,78.3081,-12.2681,1.3829,,
DATA,A005,4,207,1117794,-0.9029,0.6168,0.9796,-39.4897,62.5000,-28.8086,1.4681,,
DATA,A005,4,208,1117804,-0.8993,0.5975,0.9469,-47.9736,49.8657,-37.3535,1.4361,,
DATA,A005,4,209,1117814,-0.8495,0.5413,0.9481,-55.8472,28.6865,-42.9688,1.3833,,
DATA,A005,4,210,1117824,-0.7992,0.5069,0.9625,-59.2041,17.1509,-44.4336,1.3498,,
DATA,A005,4,211,1117834,-0.6984,0.4788,0.9867,-66.6504,4.3335,-47.1802,1.3002,,
DATA,A005,4,212,1117844,-0.6305,0.4544,0.9825,-73.1201,0.5493,-50.2319,1.2527,,
DATA,A005,4,213,1117854,-0.5294,0.4149,0.9537,-81.7261,2.7466,-54.5044,1.1670,,
DATA,A005,4,214,1117864,-0.4674,0.3868,0.9247,-85.9985,8.6060,-56.3354,1.1059,,
DATA,A005,4,215,1117874,-0.3993,0.3502,0.9281,-89.5996,22.6440,-58.6548,1.0693,,
DATA,A005,4,216,1117884,-0.3790,0.3292,0.9342,-91.8579,34.2407,-60.1196,1.0605,,
DATA,A005,4,217,1117894,-0.3519,0.3016,0.9694,-96.3745,40.7715,-62.5000,1.0744,,
DATA,A005,4,218,1117904,-0.3536,0.2928,0.9872,-97.2900,43.5791,-63.4155,1.0887,,
DATA,A005,4,219,1117914,-0.3910,0.2964,1.0113,-101.5625,41.3208,-66.7725,1.1241,,
DATA,A005,4,220,1117924,-0.4105,0.2996,1.0094,-102.4170,39.3677,-74.0356,1.1301,,
DATA,A005,4,221,1117934,-0.4078,0.2921,1.0360,-104.3091,29.7241,-76.2329,1.1510,,
DATA,A005,4,222,1117944,-0.4134,0.2859,1.0585,-107.9712,24.7803,-74.2798,1.1718,,
DATA,A005,4,223,1117954,-0.4542,0.2772,1.0936,-108.6426,17.8833,-74.8901,1.2162,,
DATA,A005,4,224,1117964,-0.4481,0.2930,1.0997,-104.9805,12.3291,-75.3784,1.2231,,
DATA,A005,4,225,1117974,-0.4056,0.3199,1.1178,-102.5391,1.5259,-71.7163,1.2314,,
DATA,A005,4,226,1117984,-0.3893,0.3216,1.1168,-103.5156,-2.8687,-69.5801,1.2257,,
DATA,A005,4,227,1117994,-0.3846,0.3094,1.1153,-105.4688,-5.7983,-69.4580,1.2197,,
DATA,A005,4,228,1118004,-0.3942,0.3030,1.1017,-105.5298,-5.2490,-70.8008,1.2087,,
DATA,A005,4,229,1118014,-0.3888,0.2986,1.0550,-104.3701,-3.4790,-71.1670,1.1634,,
DATA,A005,4,230,1118024,-0.3756,0.2830,1.0226,-103.8208,-1.2207,-71.9604,1.1255,,
DATA,A005,4,231,1118034,-0.3653,0.2171,1.0184,-104.1260,2.8687,-76.5991,1.1035,,
DATA,A005,4,232,1118044,-0.3705,0.1739,0.9877,-102.9663,7.2632,-80.8105,1.0691,,
DATA,A005,4,233,1118054,-0.3732,0.1177,0.9481,-97.7783,12.0850,-87.5244,1.0257,,
DATA,A005,4,234,1118064,-0.3671,0.0982,0.9066,-93.0176,13.7329,-89.4165,0.9830,,
DATA,A005,4,235,1118074,-0.4071,0.0670,0.9000,-87.5244,13.5498,-90.8203,0.9901,,
DATA,A005,4,236,1118084,-0.4637,0.0518,0.9144,-85.8154,13.1226,-93.0176,1.0266,,
DATA,A005,4,237,1118094,-0.5423,0.0193,0.9296,-85.1440,6.8359,-94.9707,1.0764,,
DATA,A005,4,238,1118104,-0.5768,-0.0058,0.9195,-83.9844,-2.6245,-92.9565,1.0855,,
DATA,A005,4,239,1118114,-0.5792,-0.0324,0.8922,-81.7871,-14.0381,-88.8062,1.0642,,
DATA,A005,4,240,1118124,-0.5599,-0.0771,0.8741,-75.7446,-30.0903,-80.6274,1.0409,,
DATA,A005,4,241,1118134,-0.5380,-0.0969,0.8595,-71.3501,-37.2925,-74.6460,1.0186,,
DATA,A005,4,242,1118144,-0.5162,-0.0959,0.8324,-64.3311,-41.8701,-65.1855,0.9841,,
DATA,A005,4,243,1118154,-0.4984,-0.1044,0.7821,-59.8755,-42.5415,-58.9600,0.9333,,
DATA,A005,4,244,1118164,-0.4298,-0.1672,0.7279,-52.2461,-46.6919,-48.7671,0.8617,,
DATA,A005,4,245,1118174,-0.3771,-0.1992,0.7103,-43.0908,-49.1333,-41.1377,0.8285,,
DATA,A005,4,246,1118184,-0.3351,-0.2187,0.7350,-22.8271,-44.7998,-30.8838,0.8368,,
DATA,A005,4,247,1118194,-0.3705,-0.2045,0.8500,-6.8359,-39.3677,-25.8179,0.9495,,
DATA,A005,4,248,1118204,-0.4969,-0.0922,1.0445,13.9771,-28.1372,-19.4702,1.1604,,
DATA,A005,4,249,1118214,-0.5777,-0.0065,1.1102,20.8740,-21.5454,-15.7471,1.2516,,
DATA,A005,4,250,1118224,-0.6783,0.0403,1.1627,21.3623,-27.4658,-13.9771,1.3467,,
DATA,A005,4,251,1118234,-0.7020,0.0272,1.1346,20.8130,-41.8701,-15.9302,1.3345,,
DATA,A005,4,252,1118244,-0.6134,-0.0058,1.0504,22.8882,-70.8618,-20.3857,1.2164,,
DATA,A005,4,253,1118254,-0.4847,-0.0209,0.9520,27.3438,-91.1865,-19.2261,1.0685,,
DATA,A005,4,254,1118264,-0.2665,-0.0412,0.7840,34.1797,-109.8022,-12.0850,0.8291,,
DATA,A005,4,255,1118274,-0.1410,-0.0610,0.6752,39.9170,-111.5112,-7.9956,0.6924,,
DATA,A005,4,256,1118284,-0.0380,-0.1088,0.5311,53.5889,-101.8677,-2.2583,0.5435,,
DATA,A005,4,257,1118294,-0.0570,-0.1450,0.5460,67.4438,-89.2334,0.3052,0.5678,,
DATA,A005,4,258,1118304,-0.2208,-0.1205,0.7064,90.0879,-69.8853,-2.5024,0.7499,,
DATA,A005,4,259,1118314,-0.3246,-0.0385,0.7662,100.0977,-63.1714,-6.1646,0.8330,,
DATA,A005,4,260,1118324,-0.3719,0.0638,0.8658,105.1636,-77.1484,-4.9438,0.9445,,
DATA,A005,4,261,1118334,-0.3483,0.1077,0.9025,105.5908,-91.4307,0.0610,0.9733,,
DATA,A005,4,262,1118344,-0.2450,0.1390,0.9952,106.0181,-102.1118,1.8311,1.0343,,
DATA,A005,4,263,1118354,-0.1813,0.1260,1.0382,100.2197,-104.0039,-0.9766,1.0614,,
DATA,A005,4,264,1118364,-0.1842,0.0821,1.0900,86.5479,-101.6235,-4.8828,1.1085,,
DATA,A005,4,265,1118374,-0.2001,0.0760,1.1163,82.1533,-99.7925,-7.2021,1.1367,,
DATA,A005,4,266,1118384,-0.1451,0.1446,1.2867,76.1719,-98.8159,-6.5918,1.3029,,
DATA,A005,4,267,1118394,-0.0477,0.1998,1.4098,59.0210,-95.0317,0.2441,1.4247,,
DATA,A005,4,268,1118404,0.0971,0.2588,1.5643,31.0059,-65.6738,9.0942,1.5886,,
DATA,A005,4,269,1118414,0.1061,0.2586,1.5555,7.9956,-37.2314,10.0098,1.5804,,
DATA,A005,4,270,1118424,0.0397,0.1912,1.4320,-14.0991,-12.6953,14.4043,1.4453,,
DATA,A005,4,271,1118434,-0.0040,0.0884,1.3124,-23.2544,-2.4414,18.7988,1.3154,,
DATA,A005,4,272,1118444,-0.0192,0.0079,1.1969,-25.2075,6.8970,19.9585,1.1971,,
DATA,A005,4,273,1118454,-0.0421,-0.0449,1.0609,-20.4468,17.3340,22.6440,1.0627,,
DATA,A005,4,274,1118464,-0.0580,-0.0329,0.9882,-17.1509,23.3154,24.5361,0.9904,,
DATA,A005,4,275,1118474,-0.0946,-0.0183,0.8988,-16.1133,24.7192,26.7944,0.9039,,
DATA,A005,4,276,1118484,-0.1075,-0.0214,0.8595,-14.6484,23.6206,26.4893,0.8665,,
DATA,A005,4,277,1118494,-0.1175,-0.0278,0.8490,-10.4370,17.2119,26.4282,0.8575,,
DATA,A005,4,278,1118504,-0.0958,-0.0107,0.9132,-5.6763,11.2305,26.0620,0.9183,,
DATA,A005,4,279,1118514,-0.0231,0.0247,0.6962,3.2349,-2.6855,30.0903,0.6970,,
DATA,A005,4,280,1118524,0.0331,-0.0236,0.7648,10.3760,-14.0381,32.5317,0.7658,,
DATA,A005,4,281,1118534,0.1371,0.0384,0.9225,22.4609,-14.1602,32.3486,0.9334,,
DATA,A005,4,282,1118544,0.1188,0.0757,0.9877,26.0620,1.9531,28.9917,0.9977,,
DATA,A005,4,283,1118554,0.5839,0.3240,1.9491,125.0610,-33.9355,-54.6265,2.0603,,
DATA,A005,4,284,1118564,-0.2357,-0.8080,1.5314,-90.9424,30.1514,-11.1084,1.7474,,
DATA,A005,4,285,1118574,-0.2530,-0.0666,1.2731,-31.3721,-2.7466,-40.2222,1.2997,,
DATA,A005,4,286,1118584,-0.2899,0.1194,1.2438,-23.4985,-18.9209,-25.5127,1.2827,,
DATA,A005,4,287,1118594,-0.1327,-0.0441,1.3080,-20.5688,-19.5923,-17.4561,1.3154,,
DATA,A005,4,288,1118604,-0.0987,-0.0895,1.2689,-17.0898,-23.9868,-17.3950,1.2759,,
DATA,A005,4,289,1118614,-0.1051,0.0987,1.2047,-6.2866,-34.4849,-18.7378,1.2133,,
DATA,A005,4,290,1118624,0.0006,0.1822,1.1478,-0.6714,-31.3721,-2.0142,1.1622,,
DATA,A005,4,291,1118634,0.1410,-0.0053,0.9972,-2.7466,-11.7188,-6.4697,1.0071,,
DATA,A005,4,292,1118644,0.1723,-0.1955,0.8551,12.1460,7.0801,-3.4180,0.8939,,
DATA,A005,4,293,1118654,0.1823,-0.4020,0.7584,80.7495,34.2407,0.3052,0.8775,,
DATA,A005,4,294,1118664,0.0607,0.0128,0.8363,109.1309,51.6357,0.3052,0.8386,,
DATA,A005,4,295,1118674,-0.0829,0.4400,0.8583,64.8193,46.7529,-15.0757,0.9680,,
DATA,A005,4,296,1118684,-0.0670,0.3729,0.8622,29.2969,29.7852,-18.4326,0.9417,,
DATA,A005,4,297,1118694,-0.2694,0.3953,1.0961,8.4229,22.1558,-15.3809,1.1959,,
DATA,A005,4,298,1118704,-0.1962,0.3204,1.0211,-59.2041,-20.6299,-55.9082,1.0880,,
DATA,A005,4,299,1118714,-0.1639,-0.0378,1.0853,-25.8789,-21.4844,-27.8320,1.0983,,
DATA,A005,4,300,1118724,-0.0746,0.0604,1.0875,-11.4136,-11.9019,-35.1562,1.0917,,
DATA,A005,4,301,1118734,0.0011,0.0337,1.0475,3.4180,-10.2539,-4.1504,1.0480,,
DATA,A005,4,302,1118744,0.0162,-0.0151,1.0260,15.1367,3.0518,-5.6152,1.0262,,
DATA,A005,4,303,1118754,-0.0677,0.0240,1.0392,25.0244,12.2681,-16.3574,1.0417,,
DATA,A005,4,304,1118764,-0.1293,0.0980,1.0360,24.4141,10.6201,-22.7661,1.0486,,
DATA,A005,4,305,1118774,-0.1395,0.1741,1.0380,17.7002,5.9204,-23.0713,1.0617,,
DATA,A005,4,306,1118784,-0.3370,0.0560,0.7123,11.1694,-0.6714,-22.5220,0.7900,,
DATA,A005,4,307,1118794,0.0636,-0.0532,1.1317,93.6279,-74.0967,-9.8877,1.1347,,
DATA,A005,4,308,1118804,-0.1344,0.3753,1.0594,16.6626,12.2681,-9.7656,1.1320,,
DATA,A005,4,309,1118814,-0.1244,0.2816,1.0209,-7.9346,-3.9062,-16.9678,1.0663,,
DATA,A005,4,310,1118824,0.0121,0.0667,1.0431,-17.3950,-20.8130,-20.3857,1.0453,,
DATA,A005,4,311,1118834,0.0231,-0.0100,1.0043,-8.2397,-21.7896,-18.3105,1.0046,,
DATA,A005,4,312,1118844,0.0563,0.0316,1.0094,7.2632,-14.0991,-15.9912,1.0115,,
DATA,A005,4,313,1118854,0.0441,0.0828,1.0028,9.3994,-12.5122,-15.3809,1.0072,,
DATA,A005,4,314,1118864,0.0809,0.0152,0.9921,11.1694,-6.1035,-14.4653,0.9955,,
DATA,A005,4,315,1118874,0.1002,0.0015,0.9774,18.6157,-1.5869,-14.1602,0.9825,,
DATA,A005,4,316,1118884,0.0914,0.1539,0.9886,24.5361,7.7515,-10.9863,1.0047,,
DATA,A005,4,317,1118894,0.0465,0.2752,1.0321,16.4185,12.3291,-11.4746,1.0692,,
DATA,A005,4,318,1118904,0.0206,0.2576,1.0299,-9.1553,7.7515,-16.2964,1.0618,,
DATA,A005,4,319,1118914,0.0221,0.1363,1.0038,-17.7612,4.1504,-16.9067,1.0132,,
DATA,A005,4,320,1118924,0.0038,-0.0080,0.9772,-11.0474,-4.8218,-18.0054,0.9772,,
DATA,A005,4,321,1118934,0.0226,-0.0070,0.9659,1.4648,-10.6812,-17.1509,0.9662,,
DATA,A005,4,322,1118944,0.0275,0.0782,0.9838,15.0146,-13.1226,-16.2964,0.9872,,
DATA,A005,4,323,1118954,0.0126,0.0621,0.9532,21.9727,-14.3433,-15.8081,0.9553,,
DATA,A005,4,324,1118964,0.0177,0.1041,0.9711,35.0952,-19.3481,-20.3857,0.9768,,
DATA,A005,4,325,1118974,-0.0318,0.1917,1.0199,32.7148,-24.2920,-23.4375,1.0382,,
DATA,A005,4,326,1118984,0.0089,0.2481,0.9884,23.8647,-32.6538,-22.0337,1.0191,,
DATA,A005,4,327,1118994,0.0731,0.2181,0.9994,19.2261,-40.1001,-18.6768,1.0255,,
DATA,A005,4,328,1119004,0.0775,0.1885,1.0287,11.7188,-39.7339,-16.4795,1.0487,,
DATA,A005,4,329,1119014,0.0521,0.1910,1.0770,7.5073,-38.8184,-16.0522,1.0951,,
DATA,A005,4,330,1119024,0.1019,0.1629,1.0665,-18.6768,-44.2505,-24.1089,1.0837,,
DATA,A005,4,331,1119034,0.1398,0.0919,1.0550,-17.1509,-44.4336,-17.4561,1.0682,,
DATA,A005,4,332,1119044,0.1557,0.0828,1.0521,-9.1553,-28.7476,-12.2681,1.0668,,
DATA,A005,4,333,1119054,0.1334,0.0523,1.0394,-4.2725,-18.7988,-10.5591,1.0493,,
DATA,A005,4,334,1119064,0.1288,0.0775,1.0243,2.8687,-13.4277,-12.3901,1.0353,,
DATA,A005,4,335,1119074,0.1464,0.0377,0.9884,3.6621,-10.3149,-12.0239,0.9999,,
DATA,A005,4,336,1119084,0.1679,0.0525,0.9791,13.5498,-2.9907,-11.9629,0.9948,,
DATA,A005,4,337,1119094,0.1620,0.0743,0.9786,16.9067,2.3804,-11.1694,0.9947,,
DATA,A005,4,338,1119104,0.1520,0.0884,0.9906,19.2871,8.9111,-11.3525,1.0061,,
DATA,A005,4,339,1119114,0.0932,0.1111,0.9999,20.5688,10.0708,-13.2446,1.0103,,
DATA,A005,4,340,1119124,0.1022,0.1443,1.0055,21.0571,6.8970,-12.5122,1.0209,,
DATA,A005,4,341,1119134,0.1310,0.1649,1.0182,19.1650,7.5684,-9.2773,1.0397,,
DATA,A005,4,342,1119144,0.1532,0.1509,0.9972,17.4561,11.5356,-8.2397,1.0201,,
DATA,A005,4,343,1119154,0.1391,0.1636,1.0045,18.1274,11.4746,-7.9956,1.0272,,
DATA,A005,4,344,1119164,0.1300,0.1456,1.0021,18.0054,11.7798,-7.2021,1.0209,,
DATA,A005,4,345,1119174,0.1176,0.1644,1.0043,18.7378,10.0708,-7.0801,1.0244,,
DATA,A005,4,346,1119184,0.0995,0.1783,1.0084,16.7236,8.7891,-8.1177,1.0289,,
DATA,A005,4,347,1119194,0.0997,0.1697,1.0013,14.7705,7.9346,-9.0942,1.0205,,
DATA,A005,4,348,1119204,0.1207,0.1685,1.0008,14.3433,7.5073,-8.4839,1.0221,,
DATA,A005,4,349,1119214,0.1493,0.1746,0.9945,15.0757,8.1177,-6.5308,1.0207,,
DATA,A005,4,350,1119224,0.1344,0.1758,1.0018,14.2212,8.5449,-6.6528,1.0260,,
DATA,A005,4,351,1119234,0.1251,0.1341,0.9908,14.3433,6.2866,-9.5825,1.0077,,
DATA,A005,4,352,1119244,0.1320,0.1221,0.9806,18.0054,5.0659,-9.8877,0.9969,,
DATA,A005,4,353,1119254,0.1198,0.1695,0.9789,21.2402,3.2349,-10.4980,1.0006,,
DATA,A005,4,354,1119264,0.1325,0.1722,0.9842,20.3857,2.6245,-10.4370,1.0079,,
DATA,A005,4,355,1119274,0.1393,0.1631,0.9918,21.1792,2.1362,-10.0708,1.0147,,
DATA,A005,4,356,1119284,0.1237,0.1580,0.9947,18.9819,0.3662,-11.9019,1.0148,,
DATA,A005,4,357,1119294,0.1745,0.1653,0.9862,19.5923,0.6104,-8.4229,1.0151,,
DATA,A005,4,358,1119304,0.1801,0.1456,0.9781,21.5454,1.8921,-7.4463,1.0052,,
DATA,A005,4,359,1119314,0.1351,0.1451,0.9554,26.3672,0.3662,-10.8032,0.9758,,
DATA,A005,4,360,1119324,0.1605,0.1707,0.9484,29.2969,0.0000,-9.4604,0.9769,,
DATA,A005,4,361,1119334,0.0968,0.1949,0.9740,27.1606,-1.3428,-10.9253,0.9980,,
DATA,A005,4,362,1119344,0.0651,0.1727,0.9842,24.7803,-6.3477,-14.4043,1.0014,,
DATA,A005,4,363,1119354,0.1452,0.1719,0.9913,24.8413,-7.5684,-9.8267,1.0165,,
DATA,A005,4,364,1119364,0.1469,0.1739,1.0087,24.0479,-5.7983,-8.8501,1.0340,,
DATA,A005,4,365,1119374,-0.0504,0.1795,0.9791,22.2168,-6.9580,-2.0752,0.9967,,
DATA,A005,4,366,1119384,0.2667,0.2596,1.0035,23.2544,-2.4414,8.7280,1.0703,,
DATA,A005,4,367,1119394,0.1940,0.1863,1.0084,17.8223,2.8687,2.9297,1.0437,,
DATA,A005,4,368,1119404,0.2094,0.1649,1.0260,16.7236,4.5166,1.2207,1.0600,,
DATA,A005,4,369,1119414,0.2348,0.1578,1.0319,17.9443,10.6812,-2.6855,1.0699,,
DATA,A005,4,370,1119424,0.2155,0.1815,1.0426,18.7378,12.6343,-5.7373,1.0800,,
DATA,A005,4,371,1119434,0.2506,0.2332,1.0543,18.1274,15.4419,-2.6245,1.1085,,
DATA,A005,4,372,1119444,0.2514,0.2542,1.0751,17.2119,18.1885,1.5869,1.1329,,
DATA,A005,4,373,1119454,0.2604,0.2388,1.0836,13.2446,23.7427,6.7749,1.1398,,
DATA,A005,4,374,1119464,0.2799,0.2881,1.0880,11.8408,31.1890,10.3760,1.1598,,
DATA,A005,4,375,1119474,0.3183,0.3167,1.0839,8.4229,41.1377,17.6392,1.1732,,
EVENT,A005,4,,1119481,,,,,,,,STOP,375
EVENT,A005,5,,1130135,,,,,,,,START,
DATA,A005,5,1,1130158,0.1195,0.3170,0.9564,25.0244,71.0449,14.3433,1.0146,,
DATA,A005,5,2,1130168,0.1320,0.3116,0.9459,26.1230,86.0596,19.2261,1.0046,,
DATA,A005,5,3,1130178,0.0661,0.3487,0.9039,26.4893,99.6704,27.1606,0.9711,,
DATA,A005,5,4,1130188,0.0377,0.4175,0.8751,22.2168,102.7222,30.8228,0.9704,,
DATA,A005,5,5,1130198,-0.0365,0.4393,0.8202,17.6392,98.6938,32.5317,0.9311,,
DATA,A005,5,6,1130208,-0.0404,0.5025,0.7963,15.0146,93.6890,32.3486,0.9424,,
DATA,A005,5,7,1130218,-0.0013,0.5169,0.7806,4.3945,89.5386,33.3862,0.9363,,
DATA,A005,5,8,1130228,0.0433,0.4835,0.7833,-1.7700,91.5527,35.5225,0.9215,,
DATA,A005,5,9,1130238,0.0578,0.4031,0.7889,-4.3335,100.7080,36.8042,0.8878,,
DATA,A005,5,10,1130248,0.0575,0.4009,0.7941,-0.7324,105.9570,36.1328,0.8914,,
DATA,A005,5,11,1130258,0.0348,0.4354,0.7623,1.5869,111.0840,43.7012,0.8786,,
DATA,A005,5,12,1130268,0.0370,0.4808,0.7557,0.6714,106.3232,50.2930,0.8965,,
DATA,A005,5,13,1130278,0.0155,0.3919,0.7152,2.5024,105.1025,59.3872,0.8157,,
DATA,A005,5,14,1130288,0.4369,0.4730,0.7067,12.0850,106.5674,82.5195,0.9560,,
DATA,A005,5,15,1130298,0.2157,0.3860,0.6520,14.2822,164.1846,106.8726,0.7878,,
DATA,A005,5,16,1130308,0.0648,0.2967,0.6254,25.9399,185.6689,108.8257,0.6952,,
DATA,A005,5,17,1130318,0.1256,0.4405,0.6351,99.5483,137.0239,167.7856,0.7831,,
DATA,A005,5,18,1130328,-0.1178,0.3975,0.8234,94.6045,178.5278,148.7427,0.9219,,
DATA,A005,5,19,1130338,-0.2618,0.6553,0.7548,93.9331,187.9883,133.2397,1.0333,,
DATA,A005,5,20,1130348,-0.2762,0.8602,0.8136,62.2559,173.2178,123.4741,1.2158,,
DATA,A005,5,21,1130358,-0.2821,0.6304,0.6603,29.6021,168.3350,110.2295,0.9555,,
DATA,A005,5,22,1130368,-0.1927,0.5511,0.6361,36.0718,149.7803,118.3472,0.8634,,
DATA,A005,5,23,1130378,-0.0594,0.5274,0.5758,54.9316,151.7334,129.8828,0.7831,,
DATA,A005,5,24,1130388,-0.0106,0.5372,0.5314,61.0352,164.8560,136.3525,0.7557,,
DATA,A005,5,25,1130398,-0.0033,0.5486,0.4501,63.8428,191.7114,144.8364,0.7096,,
DATA,A005,5,26,1130408,-0.0294,0.5479,0.3988,66.1621,209.8999,148.8037,0.6783,,
DATA,A005,5,27,1130418,-0.0506,0.5662,0.3561,69.7632,223.5718,152.6489,0.6708,,
DATA,A005,5,28,1130428,-0.0433,0.6241,0.2882,77.6367,241.0889,161.0718,0.6888,,
DATA,A005,5,29,1130438,-0.0140,0.6639,0.2523,81.9092,255.1880,165.9546,0.7103,,
DATA,A005,5,30,1130448,0.0316,0.7159,0.1979,86.3647,285.8276,171.9971,0.7434,,
DATA,A005,5,31,1130458,0.0485,0.7481,0.1630,88.6230,313.9038,176.6357,0.7672,,
DATA,A005,5,32,1130468,0.0282,0.8196,0.0997,92.1631,362.7930,183.2886,0.8262,,
DATA,A005,5,33,1130478,-0.0106,0.8841,0.0568,93.7500,395.9961,186.5845,0.8860,,
DATA,A005,5,34,1130488,-0.1090,0.9900,-0.0031,94.6655,440.3076,189.6973,0.9960,,
DATA,A005,5,35,1130498,-0.1764,1.0633,-0.0331,94.6655,461.7310,190.4907,1.0783,,
DATA,A005,5,36,1130508,-0.2945,1.1754,-0.0497,92.7734,480.2246,190.3076,1.2127,,
DATA,A005,5,37,1130518,-0.3778,1.2493,-0.0453,90.2100,481.4453,190.3076,1.3060,,
DATA,A005,5,38,1130528,-0.5008,1.3670,-0.0097,84.2285,467.2241,191.8335,1.4559,,
DATA,A005,5,39,1130538,-0.5736,1.4451,0.0316,78.4302,447.9980,192.4438,1.5551,,
DATA,A005,5,40,1130548,-0.6542,1.5474,0.1044,65.8569,407.6538,196.2280,1.6833,,
DATA,A005,5,41,1130558,-0.6820,1.5911,0.1459,53.9551,375.4883,199.7070,1.7373,,
DATA,A005,5,42,1130568,-0.6756,1.5975,0.1988,33.5693,325.0732,201.9043,1.7458,,
DATA,A005,5,43,1130578,-0.6483,1.5723,0.2164,19.1650,293.3350,201.3550,1.7144,,
DATA,A005,5,44,1130588,-0.6222,1.5135,0.1664,-0.9766,251.1597,197.8149,1.6448,,
DATA,A005,5,45,1130598,-0.5878,1.4556,0.1361,-13.2446,222.4121,193.1152,1.5757,,
DATA,A005,5,46,1130608,-0.5211,1.3414,0.0514,-27.8320,187.5000,186.4014,1.4399,,
DATA,A005,5,47,1130618,-0.4640,1.2525,-0.0001,-33.0200,169.8608,180.7251,1.3357,,
DATA,A005,5,48,1130628,-0.3854,1.1360,-0.0514,-33.8745,152.5269,169.7388,1.2007,,
DATA,A005,5,49,1130638,-0.3531,1.0787,-0.0734,-30.3345,145.9351,161.3770,1.1374,,
DATA,A005,5,50,1130648,-0.3119,1.0384,-0.0829,-21.0571,142.7612,148.1323,1.0874,,
DATA,A005,5,51,1130658,-0.2897,1.0423,-0.0643,-13.6108,144.2261,139.4043,1.0837,,
DATA,A005,5,52,1130668,-0.2731,1.1021,-0.0370,-3.2959,149.5361,126.6479,1.1360,,
DATA,A005,5,53,1130678,-0.2650,1.1636,-0.0111,1.9531,152.8931,119.2017,1.1935,,
DATA,A005,5,54,1130688,-0.2674,1.2545,0.0111,4.7607,158.0200,109.6191,1.2827,,
DATA,A005,5,55,1130698,-0.2711,1.2957,0.0253,3.8452,162.4146,103.5767,1.3240,,
DATA,A005,5,56,1130708,-0.2882,1.3043,0.0255,-1.6479,169.6777,95.4590,1.3360,,
DATA,A005,5,57,1130718,-0.2936,1.2593,0.0155,-6.1646,176.4526,90.0879,1.2932,,
DATA,A005,5,58,1130728,-0.2984,1.1475,-0.0040,-10.8032,187.9272,80.5054,1.1857,,
DATA,A005,5,59,1130738,-0.3124,1.0709,-0.0263,-11.8408,194.4580,73.7915,1.1158,,
DATA,A005,5,60,1130748,-0.3221,1.0108,-0.0394,-10.0708,197.7539,67.7490,1.0616,,
DATA,A005,5,61,1130758,-0.3480,0.9583,-0.0328,-4.5166,194.0918,59.8145,1.0201,,
DATA,A005,5,62,1130768,-0.3763,0.9559,-0.0138,0.0000,181.2134,54.4434,1.0274,,
DATA,A005,5,63,1130778,-0.4029,0.9710,-0.0065,2.3193,168.8232,53.3447,1.0513,,
DATA,A005,5,64,1130788,-0.4278,0.9974,-0.0057,4.3945,154.8462,54.0161,1.0853,,
DATA,A005,5,65,1130798,-0.4596,1.0618,-0.0140,7.5073,132.7515,57.7393,1.1571,,
DATA,A005,5,66,1130808,-0.4740,1.0921,-0.0221,7.3242,118.1030,61.8286,1.1907,,
DATA,A005,5,67,1130818,-0.4906,1.0897,-0.0280,4.8828,99.1821,68.6646,1.1953,,
DATA,A005,5,68,1130828,-0.5021,1.0574,-0.0331,1.8921,88.2568,73.4863,1.1710,,
DATA,A005,5,69,1130838,-0.5209,0.9739,-0.0409,0.8545,73.9746,79.8950,1.1052,,
DATA,A005,5,70,1130848,-0.5218,0.9376,-0.0419,3.4790,65.3687,82.8857,1.0738,,
DATA,A005,5,71,1130858,-0.5104,0.9092,-0.0280,10.4980,53.2837,85.2051,1.0431,,
DATA,A005,5,72,1130868,-0.4886,0.9070,-0.0043,15.0146,45.4712,85.2661,1.0303,,
DATA,A005,5,73,1130878,-0.4532,0.9039,0.0375,19.7144,33.9355,83.5571,1.0118,,
DATA,A005,5,74,1130888,-0.4320,0.8934,0.0624,21.2402,26.8555,81.3599,0.9943,,
DATA,A005,5,75,1130898,-0.4059,0.8636,0.1105,24.0479,16.6016,75.6226,0.9606,,
DATA,A005,5,76,1130908,-0.3934,0.8519,0.1415,27.0996,10.2539,70.6177,0.9489,,
DATA,A005,5,77,1130918,-0.3829,0.8638,0.1654,31.9214,-0.1221,62.4390,0.9593,,
DATA,A005,5,78,1130928,-0.3724,0.8670,0.1742,33.2642,-7.5684,56.8237,0.9595,,
DATA,A005,5,79,1130938,-0.3688,0.8697,0.1749,33.9355,-18.8599,47.8516,0.9607,,
DATA,A005,5,80,1130948,-0.3683,0.8782,0.1642,34.4238,-25.9399,41.7480,0.9664,,
DATA,A005,5,81,1130958,-0.3629,0.8909,0.1539,37.5977,-35.8276,32.3486,0.9742,,
DATA,A005,5,82,1130968,-0.3600,0.9158,0.1612,39.3066,-41.7480,26.1230,0.9972,,
DATA,A005,5,83,1130978,-0.3522,0.9578,0.1649,39.3066,-48.5229,18.0054,1.0337,,
DATA,A005,5,84,1130988,-0.3443,0.9720,0.1617,37.4146,-51.2695,12.9395,1.0438,,
DATA,A005,5,85,1130998,-0.3331,0.9786,0.1703,34.5459,-54.3823,5.5542,1.0476,,
DATA,A005,5,86,1131008,-0.3175,0.9874,0.1835,33.6304,-54.9927,1.0986,1.0533,,
DATA,A005,5,87,1131018,-0.3014,1.0098,0.1952,32.3486,-53.4668,-4.6387,1.0718,,
DATA,A005,5,88,1131028,-0.2904,1.0233,0.2098,31.0669,-51.0864,-8.3008,1.0842,,
DATA,A005,5,89,1131038,-0.2753,1.0535,0.2320,28.1372,-45.2881,-13.1226,1.1133,,
DATA,A005,5,90,1131048,-0.2657,1.0623,0.2491,25.5737,-40.4053,-16.4795,1.1230,,
DATA,A005,5,91,1131058,-0.2557,1.0667,0.2738,20.3247,-33.5083,-21.8506,1.1306,,
DATA,A005,5,92,1131068,-0.2447,1.0606,0.2833,16.6016,-28.8696,-25.3906,1.1247,,
DATA,A005,5,93,1131078,-0.2335,1.0567,0.2840,12.6953,-24.4141,-28.9307,1.1188,,
DATA,A005,5,94,1131088,-0.2162,1.0645,0.2665,8.2397,-17.6392,-33.6914,1.1184,,
DATA,A005,5,95,1131098,-0.1991,1.0775,0.2528,6.4087,-12.6953,-36.4380,1.1245,,
DATA,A005,5,96,1131108,-0.1766,1.1233,0.2447,4.5166,-4.2725,-40.2222,1.1632,,
DATA,A005,5,97,1131118,-0.1659,1.1683,0.2450,3.3569,1.8921,-42.4805,1.2052,,
DATA,A005,5,98,1131128,-0.1622,1.2921,0.2665,1.1597,10.7422,-45.8374,1.3292,,
DATA,A005,5,99,1131138,-0.1471,1.4410,0.2704,-0.6104,16.9067,-49.9268,1.4735,,
DATA,A005,5,100,1131148,-0.0963,1.7205,0.2220,-10.0098,31.4331,-60.6079,1.7375,,
DATA,A005,5,101,1131158,-0.0643,1.8345,0.1559,-26.1841,47.9736,-71.5332,1.8423,,
DATA,A005,5,102,1131168,-0.0138,1.7808,0.0782,-61.7065,77.7588,-92.1631,1.7826,,
DATA,A005,5,103,1131178,-0.0043,1.6614,0.0172,-81.3599,95.7642,-106.0791,1.6615,,
DATA,A005,5,104,1131188,0.0023,1.5530,-0.0507,-87.0361,121.3379,-128.1738,1.5539,,
DATA,A005,5,105,1131198,0.0001,1.5626,-0.0302,-78.7964,132.3853,-139.8315,1.5628,,
DATA,A005,5,106,1131208,-0.0270,1.6448,0.0372,-69.5801,138.7939,-153.8086,1.6455,,
DATA,A005,5,107,1131218,-0.0431,1.6487,0.0941,-71.1060,137.0850,-162.2925,1.6520,,
DATA,A005,5,108,1131228,-0.0455,1.5086,0.2145,-79.4067,126.2817,-171.0205,1.5245,,
DATA,A005,5,109,1131238,-0.0550,1.3306,0.3094,-83.3130,116.3330,-174.1943,1.3672,,
DATA,A005,5,110,1131248,-0.1019,1.0233,0.4249,-83.0078,99.3652,-176.3306,1.1126,,
DATA,A005,5,111,1131258,-0.1390,0.8379,0.4720,-78.4912,86.3037,-176.4526,0.9718,,
DATA,A005,5,112,1131268,-0.2008,0.6221,0.5431,-64.2700,64.6973,-175.1099,0.8499,,
DATA,A005,5,113,1131278,-0.2333,0.5445,0.5704,-51.8799,49.6216,-173.8281,0.8224,,
DATA,A005,5,114,1131288,-0.2694,0.5587,0.5406,-34.4849,27.7100,-172.9736,0.8228,,
DATA,A005,5,115,1131298,-0.2723,0.6265,0.4850,-25.3906,16.9067,-173.3398,0.8378,,
DATA,A005,5,116,1131308,-0.2718,0.7776,0.3793,-17.0898,4.8828,-173.2178,0.9069,,
DATA,A005,5,117,1131318,-0.2799,0.8565,0.2904,-14.8315,-3.3569,-170.7153,0.9467,,
DATA,A005,5,118,1131328,-0.2728,0.9026,0.1910,-13.5498,-25.0244,-162.2925,0.9621,,
DATA,A005,5,119,1131338,-0.2823,0.8900,0.1356,-13.4277,-40.2222,-159.2407,0.9435,,
DATA,A005,5,120,1131348,-0.2743,0.8387,0.0782,-11.5356,-68.0542,-147.5220,0.8859,,
DATA,A005,5,121,1131358,-0.2560,0.8135,0.0577,-7.0190,-88.1348,-139.5264,0.8548,,
DATA,A005,5,122,1131368,-0.1976,0.8143,0.0743,3.9673,-113.7695,-128.6621,0.8412,,
DATA,A005,5,123,1131378,-0.1527,0.8409,0.0965,10.3760,-123.9014,-121.2769,0.8601,,
DATA,A005,5,124,1131388,-0.0934,0.8858,0.1239,14.4043,-129.0283,-111.3892,0.8993,,
DATA,A005,5,125,1131398,-0.0760,0.8912,0.1390,12.9395,-124.5728,-105.4688,0.9052,,
DATA,A005,5,126,1131408,-0.0848,0.8572,0.1339,8.6670,-111.9385,-97.7173,0.8718,,
DATA,A005,5,127,1131418,-0.1029,0.8152,0.1254,7.3853,-103.5156,-93.2007,0.8312,,
DATA,A005,5,128,1131428,-0.1171,0.7801,0.1146,8.9111,-97.0459,-88.5010,0.7971,,
DATA,A005,5,129,1131438,-0.1442,0.7549,0.0956,14.2822,-91.7969,-80.9937,0.7745,,
DATA,A005,5,130,1131448,-0.1522,0.7676,0.0843,18.3716,-89.7827,-75.6836,0.7871,,
DATA,A005,5,131,1131458,-0.1620,0.8314,0.0694,24.9023,-88.1348,-66.2842,0.8498,,
DATA,A005,5,132,1131468,-0.1647,0.8856,0.0582,27.7100,-85.9375,-59.7534,0.9026,,
DATA,A005,5,133,1131478,-0.1688,0.9307,0.0624,26.5503,-80.6885,-50.9033,0.9480,,
DATA,A005,5,134,1131488,-0.1742,0.9380,0.0651,24.5361,-75.8667,-45.7153,0.9563,,
DATA,A005,5,135,1131498,-0.1815,0.9236,0.0797,22.8271,-68.2373,-39.6729,0.9447,,
DATA,A005,5,136,1131508,-0.1913,0.9009,0.0851,21.9116,-63.6597,-36.4990,0.9249,,
DATA,A005,5,137,1131518,-0.2049,0.8609,0.0995,21.3013,-59.0210,-32.8369,0.8905,,
DATA,A005,5,138,1131528,-0.2150,0.8379,0.1031,21.4233,-57.9834,-31.1279,0.8712,,
DATA,A005,5,139,1131538,-0.2394,0.7925,0.1117,22.1558,-59.8145,-29.4800,0.8354,,
DATA,A005,5,140,1131548,-0.2562,0.7562,0.1168,22.2168,-62.8662,-29.0527,0.8069,,
DATA,A005,5,141,1131558,-0.2762,0.6995,0.1302,24.9023,-69.6411,-29.2969,0.7633,,
DATA,A005,5,142,1131568,-0.2994,0.6827,0.1334,29.4189,-74.5850,-29.2358,0.7573,,
DATA,A005,5,143,1131578,-0.3319,0.6959,0.1376,39.3066,-79.6509,-29.4189,0.7831,,
DATA,A005,5,144,1131588,-0.3595,0.7200,0.1478,45.2881,-82.0923,-29.8462,0.8182,,
DATA,A005,5,145,1131598,-0.4034,0.7525,0.1666,49.8047,-85.3271,-31.6772,0.8699,,
DATA,A005,5,146,1131608,-0.4303,0.7679,0.1678,51.0864,-87.7686,-33.1421,0.8961,,
DATA,A005,5,147,1131618,-0.4486,0.7820,0.1669,54.2603,-94.1772,-34.8511,0.9169,,
DATA,A005,5,148,1131628,-0.4520,0.7752,0.1678,55.3589,-98.8770,-35.8887,0.9129,,
DATA,A005,5,149,1131638,-0.4479,0.7535,0.1666,55.7861,-105.6519,-36.9873,0.8922,,
DATA,A005,5,150,1131648,-0.4420,0.7403,0.1620,56.4575,-109.0088,-37.5366,0.8773,,
DATA,A005,5,151,1131658,-0.4437,0.7164,0.1529,59.1431,-111.4502,-38.6963,0.8564,,
DATA,A005,5,152,1131668,-0.4449,0.7098,0.1417,61.8286,-110.6567,-39.4897,0.8496,,
DATA,A005,5,153,1131678,-0.4496,0.7173,0.1373,67.4438,-105.1025,-40.8325,0.8576,,
DATA,A005,5,154,1131688,-0.4674,0.7361,0.1400,71.9604,-97.7783,-42.2974,0.8832,,
DATA,A005,5,155,1131698,-0.5174,0.7759,0.1429,80.2002,-81.7871,-45.8984,0.9435,,
DATA,A005,5,156,1131708,-0.5621,0.8030,0.1442,85.4492,-71.5332,-49.3774,0.9908,,
DATA,A005,5,157,1131718,-0.6363,0.8343,0.1593,93.3228,-63.3545,-55.2368,1.0613,,
DATA,A005,5,158,1131728,-0.6688,0.8377,0.1676,97.6562,-62.1948,-59.4482,1.0850,,
DATA,A005,5,159,1131738,-0.7120,0.8265,0.1564,104.6143,-68.9087,-67.7490,1.1020,,
DATA,A005,5,160,1131748,-0.7374,0.8140,0.1398,110.7178,-77.6367,-73.5474,1.1072,,
DATA,A005,5,161,1131758,-0.7821,0.8155,0.1339,124.3896,-96.9849,-80.3833,1.1378,,
DATA,A005,5,162,1131768,-0.8065,0.8450,0.1451,134.1553,-112.6099,-84.1064,1.1771,,
DATA,A005,5,163,1131778,-0.8231,0.9095,0.1544,145.0806,-138.4277,-89.1724,1.2363,,
DATA,A005,5,164,1131788,-0.8190,0.9481,0.1522,148.9868,-156.1279,-91.9189,1.2620,,
DATA,A005,5,165,1131798,-0.8046,0.9737,0.1434,150.8179,-172.8516,-93.8721,1.2712,,
DATA,A005,5,166,1131808,-0.7855,0.9854,0.1251,152.7100,-193.6646,-96.0083,1.2664,,
DATA,A005,5,167,1131818,-0.7701,0.9820,0.1136,154.3579,-204.1016,-97.4121,1.2531,,
DATA,A005,5,168,1131828,-0.7391,0.9498,0.0853,155.3345,-216.0645,-100.8911,1.2065,,
DATA,A005,5,169,1131838,-0.7267,0.8997,0.0477,153.6255,-221.5576,-104.6143,1.1575,,
DATA,A005,5,170,1131848,-0.6993,0.8055,-0.0067,152.7710,-226.6846,-110.7788,1.0667,,
DATA,A005,5,171,1131858,-0.6796,0.7576,-0.0407,155.2124,-228.6377,-114.3188,1.0185,,
DATA,A005,5,172,1131868,-0.6627,0.7274,-0.0853,163.5132,-230.5298,-117.7368,0.9877,,
DATA,A005,5,173,1131878,-0.6593,0.7286,-0.0988,169.0674,-231.2622,-118.4692,0.9875,,
DATA,A005,5,174,1131888,-0.6742,0.7454,-0.1080,174.9878,-234.0088,-116.9434,1.0109,,
DATA,A005,5,175,1131898,-0.6839,0.7701,-0.1073,177.2461,-235.2295,-115.5396,1.0355,,
DATA,A005,5,176,1131908,-0.6886,0.8094,-0.1014,179.8706,-236.8774,-112.2437,1.0675,,
DATA,A005,5,177,1131918,-0.6962,0.8450,-0.1044,181.6406,-236.3281,-109.0088,1.0998,,
DATA,A005,5,178,1131928,-0.6800,0.8851,-0.0993,180.6641,-235.1074,-104.4312,1.1206,,
DATA,A005,5,179,1131938,-0.6617,0.9119,-0.1014,179.5654,-232.6660,-101.5015,1.1313,,
DATA,A005,5,180,1131948,-0.6344,0.9461,-0.1012,177.6733,-226.9287,-97.9614,1.1436,,
DATA,A005,5,181,1131958,-0.6153,0.9661,-0.0973,176.0864,-222.5342,-95.8252,1.1496,,
DATA,A005,5,182,1131968,-0.5863,0.9869,-0.0868,171.7529,-216.0034,-93.6890,1.1512,,
DATA,A005,5,183,1131978,-0.5648,0.9788,-0.0741,167.9688,-212.7686,-92.4072,1.1325,,
DATA,A005,5,184,1131988,-0.5460,0.9481,-0.0643,161.8652,-209.1064,-91.0034,1.0959,,
DATA,A005,5,185,1131998,-0.5299,0.9195,-0.0573,157.7759,-207.5195,-90.0879,1.0628,,
DATA,A005,5,186,1132008,-0.5184,0.8743,-0.0514,153.0762,-206.6040,-88.9282,1.0178,,
DATA,A005,5,187,1132018,-0.5253,0.8533,-0.0536,151.2451,-206.2988,-88.2568,1.0035,,
DATA,A005,5,188,1132028,-0.5401,0.8504,-0.0646,147.8882,-206.1157,-87.8906,1.0095,,
DATA,A005,5,189,1132038,-0.5480,0.8553,-0.0846,145.4468,-206.1768,-87.7075,1.0193,,
DATA,A005,5,190,1132048,-0.5323,0.8770,-0.1071,141.6626,-205.9937,-86.6699,1.0315,,
DATA,A005,5,191,1132058,-0.5157,0.8895,-0.1139,138.6108,-204.7119,-85.6323,1.0345,,
DATA,A005,5,192,1132068,-0.4774,0.8926,-0.1295,132.0801,-198.9746,-84.7778,1.0205,,
DATA,A005,5,193,1132078,-0.4398,0.8826,-0.1366,127.3804,-192.3218,-84.2896,0.9956,,
DATA,A005,5,194,1132088,-0.3951,0.8580,-0.1478,122.0703,-178.4058,-82.9468,0.9561,,
DATA,A005,5,195,1132098,-0.3824,0.8428,-0.1535,120.4224,-167.2363,-81.6040,0.9382,,
DATA,A005,5,196,1132108,-0.3790,0.8377,-0.1547,120.5444,-155.5176,-79.8950,0.9324,,
DATA,A005,5,197,1132118,-0.4071,0.8536,-0.1535,122.3145,-137.6953,-75.7446,0.9580,,
DATA,A005,5,198,1132128,-0.4576,0.8846,-0.1508,124.2065,-128.7231,-72.4487,1.0073,,
DATA,A005,5,199,1132138,-0.5433,0.9315,-0.1361,126.5259,-121.4600,-65.6128,1.0869,,
DATA,A005,5,200,1132148,-0.6039,0.9673,-0.1329,128.4790,-122.3145,-60.6689,1.1481,,
DATA,A005,5,201,1132158,-0.6634,1.0272,-0.1122,131.5308,-129.4556,-52.5513,1.2279,,
DATA,A005,5,202,1132168,-0.7008,1.0787,-0.0819,130.5542,-142.0288,-44.9219,1.2889,,
DATA,A005,5,203,1132178,-0.7008,1.1009,-0.0758,126.1597,-150.1465,-41.3818,1.3072,,
DATA,A005,5,204,1132188,-0.6871,1.1107,-0.0726,121.2158,-157.4707,-38.8184,1.3080,,
DATA,A005,5,205,1132198,-0.6693,1.1246,-0.0870,112.5488,-165.3442,-36.3770,1.3116,,
DATA,A005,5,206,1132208,-0.6673,1.1321,-0.1058,106.3843,-168.1519,-35.4004,1.3184,,
DATA,A005,5,207,1132218,-0.6747,1.1165,-0.1437,94.7266,-173.4009,-33.9355,1.3124,,
DATA,A005,5,208,1132228,-0.6649,1.0906,-0.1530,86.9751,-177.2461,-33.2031,1.2865,,
DATA,A005,5,209,1132238,-0.6180,1.0355,-0.1556,78.0029,-180.8472,-33.6914,1.2159,,
DATA,A005,5,210,1132248,-0.5753,1.0010,-0.1532,73.9746,-179.1382,-34.8511,1.1647,,
DATA,A005,5,211,1132258,-0.5174,0.9639,-0.1288,67.4438,-170.4712,-36.1328,1.1016,,
DATA,A005,5,212,1132268,-0.4894,0.9268,-0.1032,63.1714,-161.9263,-36.8042,1.0531,,
DATA,A005,5,213,1132278,-0.4618,0.8812,-0.0531,58.9600,-147.2168,-40.0391,0.9962,,
DATA,A005,5,214,1132288,-0.4503,0.8470,-0.0145,57.0679,-137.5122,-42.8467,0.9594,,
DATA,A005,5,215,1132298,-0.4755,0.8201,0.0480,54.1992,-128.6621,-46.0815,0.9492,,
DATA,A005,5,216,1132308,-0.4986,0.7999,0.1005,52.3071,-127.4414,-47.4854,0.9479,,
DATA,A005,5,217,1132318,-0.5084,0.7969,0.1644,48.6450,-131.6528,-50.7812,0.9595,,
DATA,A005,5,218,1132328,-0.4833,0.7847,0.2298,44.4946,-133.1177,-54.8706,0.9498,,
DATA,A005,5,219,1132338,-0.3487,0.8011,0.4010,36.1328,-132.6904,-59.9365,0.9613,,
DATA,A005,5,220,1132348,-0.2709,0.8597,0.4955,26.4893,-129.1504,-58.7158,1.0285,,
DATA,A005,5,221,1132358,-0.1525,0.9151,0.4398,-1.7700,-109.8633,-57.7393,1.0267,,
DATA,A005,5,222,1132368,-0.0843,0.8729,0.3507,-26.6113,-89.8438,-58.0444,0.9445,,
DATA,A005,5,223,1132378,-0.0929,0.7562,0.2201,-58.2886,-39.7339,-67.3828,0.7930,,
DATA,A005,5,224,1132388,-0.1617,0.6551,0.1498,-72.2656,2.6855,-78.4302,0.6912,,
DATA,A005,5,225,1132398,-0.2814,0.4883,0.1171,-80.3833,56.5186,-85.6934,0.5756,,
DATA,A005,5,226,1132408,-0.3580,0.3931,0.1476,-78.9185,76.1108,-85.9985,0.5518,,
DATA,A005,5,227,1132418,-0.4681,0.3038,0.2284,-72.0825,74.6460,-89.6606,0.6030,,
DATA,A005,5,228,1132428,-0.5018,0.2918,0.2723,-68.9697,57.3730,-95.1538,0.6412,,
DATA,A005,5,229,1132438,-0.4772,0.2803,0.3290,-69.8242,16.1743,-105.2246,0.6438,,
DATA,A005,5,230,1132448,-0.4159,0.2845,0.3461,-74.4019,-10.9253,-112.8540,0.6113,,
DATA,A005,5,231,1132458,-0.3441,0.2689,0.3439,-81.2988,-34.6680,-121.0938,0.5558,,
DATA,A005,5,232,1132468,-0.2684,0.2210,0.3551,-90.8813,-57.1899,-131.2256,0.4970,,
DATA,A005,5,233,1132478,-0.2587,0.1912,0.3673,-94.2383,-63.1714,-137.5122,0.4882,,
DATA,A005,5,234,1132488,-0.3080,0.1802,0.3744,-93.3228,-66.5894,-145.0195,0.5172,,
DATA,A005,5,235,1132498,-0.3841,0.1954,0.3988,-88.8672,-67.9932,-148.3154,0.5872,,
DATA,A005,5,236,1132508,-0.5570,0.2628,0.4852,-80.2612,-80.8105,-151.9165,0.7840,,
DATA,A005,5,237,1132518,-0.6813,0.3243,0.5643,-75.7446,-96.8018,-154.1748,0.9422,,
DATA,A005,5,238,1132528,-0.8419,0.4412,0.6656,-76.8433,-132.2021,-157.5928,1.1604,,
DATA,A005,5,239,1132538,-0.9147,0.5154,0.7318,-80.7495,-161.2549,-158.8745,1.2798,,
DATA,A005,5,240,1132548,-0.9869,0.6021,0.8099,-89.9048,-200.5005,-159.3628,1.4116,,
DATA,A005,5,241,1132558,-0.9891,0.6407,0.8414,-95.3369,-216.6748,-157.9590,1.4480,,
DATA,A005,5,242,1132568,-0.9796,0.6773,0.8956,-102.2339,-227.9663,-152.2217,1.4901,,
DATA,A005,5,243,1132578,-0.9671,0.6942,0.9142,-106.2622,-224.7314,-147.5830,1.5010,,
DATA,A005,5,244,1132588,-0.9239,0.6912,0.8702,-112.6099,-212.4634,-142.4561,1.4452,,
DATA,A005,5,245,1132598,-0.8702,0.6465,0.8141,-116.6382,-200.9277,-142.4561,1.3557,,
DATA,A005,5,246,1132608,-0.7938,0.5333,0.8009,-119.5679,-182.4341,-145.4468,1.2474,,
DATA,A005,5,247,1132618,-0.7728,0.4571,0.8207,-118.4082,-167.6636,-150.5737,1.2164,,
DATA,A005,5,248,1132628,-0.7826,0.3682,0.8905,-111.5112,-149.2920,-162.9028,1.2414,,
DATA,A005,5,249,1132638,-0.8126,0.3306,0.9320,-104.4312,-140.6860,-170.1660,1.2799,,
DATA,A005,5,250,1132648,-0.8385,0.3016,0.9437,-92.5293,-138.1836,-175.5981,1.2979,,
DATA,A005,5,251,1132658,-0.8485,0.3023,0.9667,-84.3506,-141.2354,-176.6357,1.3213,,
DATA,A005,5,252,1132668,-0.8439,0.3043,0.9882,-74.4019,-146.0571,-175.7812,1.3346,,
DATA,A005,5,253,1132678,-0.8150,0.2855,1.0148,-69.5190,-147.1558,-173.4009,1.3325,,
DATA,A005,5,254,1132688,-0.7757,0.2383,1.0963,-63.1714,-143.5547,-167.0532,1.3640,,
DATA,A005,5,255,1132698,-0.7438,0.2039,1.1188,-59.3872,-136.7188,-162.7808,1.3588,,
DATA,A005,5,256,1132708,-0.6854,0.1465,1.1112,-53.7109,-125.7935,-155.8228,1.3138,,
DATA,A005,5,257,1132718,-0.6200,0.0992,1.0802,-48.8281,-117.7979,-151.3062,1.2494,,
DATA,A005,5,258,1132728,-0.4916,0.0286,0.9999,-39.0015,-104.0649,-143.8599,1.1145,,
DATA,A005,5,259,1132738,-0.3876,-0.0200,0.9449,-31.1279,-93.0176,-138.3057,1.0215,,
DATA,A005,5,260,1132748,-0.2569,-0.0978,0.8961,-19.2871,-71.4111,-130.7373,0.9373,,
DATA,A005,5,261,1132758,-0.1920,-0.1664,0.8556,-12.2070,-54.9316,-125.7935,0.8925,,
DATA,A005,5,262,1132768,-0.1058,-0.2824,0.7538,0.0610,-29.6631,-116.8823,0.8119,,
DATA,A005,5,263,1132778,-0.0411,-0.3605,0.6654,12.1460,-14.6484,-108.2153,0.7579,,
DATA,A005,5,264,1132788,0.0321,-0.4169,0.5624,29.3579,-2.3193,-95.8252,0.7008,,
DATA,A005,5,265,1132798,0.1327,-0.4501,0.4537,62.8052,10.2539,-74.2188,0.6528,,
DATA,A005,5,266,1132808,0.1552,-0.4121,0.5284,100.1587,14.7095,-51.8799,0.6878,,
DATA,A005,5,267,1132818,0.1098,-0.2570,0.6276,121.9482,12.7563,-43.9453,0.6870,,
DATA,A005,5,268,1132828,0.0199,-0.0998,0.7880,135.6201,9.6436,-42.5415,0.7945,,
DATA,A005,5,269,1132838,-0.2167,0.0875,0.9779,140.7471,-16.8457,-30.8228,1.0054,,
DATA,A005,5,270,1132848,-0.3492,0.1939,1.1534,140.5640,-47.1802,-17.3950,1.2206,,
DATA,A005,5,271,1132858,-0.2025,0.6104,1.4149,134.5215,-125.0000,-10.2539,1.5542,,
DATA,A005,5,272,1132868,0.2130,0.7422,1.5074,110.2295,-190.1245,13.1226,1.6937,,
DATA,A005,5,273,1132878,0.9545,0.5003,1.6031,61.5234,-254.8218,81.1157,1.9317,,
DATA,A005,5,274,1132888,1.2619,0.2877,1.5673,40.7104,-234.0698,92.7124,2.0326,,
DATA,A005,5,275,1132898,1.2846,0.1285,1.4147,25.7568,-140.1367,79.5288,1.9152,,
DATA,A005,5,276,1132908,1.1713,0.1114,1.3285,10.9863,-52.4292,73.9136,1.7746,,
DATA,A005,5,277,1132918,0.6339,0.1104,1.0328,-12.8174,74.2798,55.6030,1.2169,,
DATA,A005,5,278,1132928,0.0285,-0.0996,0.6227,68.1763,43.0908,14.5874,0.6312,,
DATA,A005,5,279,1132938,-0.1727,0.1898,1.2306,15.4419,83.0078,9.0942,1.2570,,
DATA,A005,5,280,1132948,-0.3060,0.1429,0.8873,-36.4380,99.3652,14.4043,0.9494,,
DATA,A005,5,281,1132958,-0.4828,-0.0295,0.8602,-5.9204,-1.7090,-29.9072,0.9869,,
DATA,A005,5,282,1132968,-0.4266,0.0262,0.8868,32.2266,-44.9829,-46.0205,0.9845,,
DATA,A005,5,283,1132978,-0.2877,0.1509,0.9103,48.8281,-95.5811,-48.2178,0.9665,,
DATA,A005,5,284,1132988,-0.1966,0.1829,0.9239,40.2222,-123.5962,-57.1899,0.9622,,
DATA,A005,5,285,1132998,-0.0240,0.2129,0.9750,31.3110,-147.2778,-69.2139,0.9982,,
DATA,A005,5,286,1133008,0.7662,0.7676,0.8097,51.8799,-142.7002,-11.9629,1.3535,,
DATA,A005,5,287,1133018,0.1517,-0.0983,1.0729,-6.5918,-108.0322,29.1748,1.0880,,
DATA,A005,5,288,1133028,0.4640,0.3057,1.0956,4.5776,-80.6274,13.1226,1.2284,,
DATA,A005,5,289,1133038,0.2089,-0.0434,1.0504,-17.3950,-32.3486,45.4712,1.0719,,
DATA,A005,5,290,1133048,0.0514,-0.0991,1.0861,-0.9155,-12.8174,17.7612,1.0918,,
DATA,A005,5,291,1133058,-0.2906,-0.1003,1.0323,-2.2583,-21.2402,-90.2100,1.0771,,
DATA,A005,5,292,1133068,0.1315,0.0403,0.9545,-3.7231,-57.6172,-75.0122,0.9643,,
DATA,A005,5,293,1133078,0.2101,0.0308,0.9139,16.7847,-63.4766,-18.7988,0.9383,,
DATA,A005,5,294,1133088,0.0441,0.0001,0.9181,25.8789,-45.8374,-53.5889,0.9191,,
DATA,A005,5,295,1133098,0.0944,0.0250,0.8822,18.7988,-64.6973,-78.6743,0.8876,,
DATA,A005,5,296,1133108,0.3200,0.1707,0.8014,10.2539,-77.3926,-39.6118,0.8796,,
DATA,A005,5,297,1133118,0.3405,0.1553,0.9230,11.3525,-60.6079,-7.1411,0.9959,,
DATA,A005,5,298,1133128,0.2965,-0.2621,0.7853,8.8501,-40.9546,-9.2773,0.8794,,
DATA,A005,5,299,1133138,0.7052,-0.6823,0.8495,130.1880,-13.5498,-17.4561,1.2979,,
DATA,A005,5,300,1133148,0.0878,0.4915,1.1112,108.8257,3.8452,-20.1416,1.2182,,
DATA,A005,5,301,1133158,0.1266,0.5801,1.0995,61.7676,-6.2256,-23.4985,1.2496,,
DATA,A005,5,302,1133168,0.2035,0.3277,1.1588,19.4702,-7.8735,-7.4463,1.2213,,
DATA,A005,5,303,1133178,0.2118,0.1746,1.1676,2.6245,-5.2490,-22.8882,1.1994,,
DATA,A005,5,304,1133188,0.1644,0.2518,1.1498,-7.6904,-12.0850,-4.5776,1.1884,,
DATA,A005,5,305,1133198,0.2130,0.1485,1.1346,-10.9863,-13.3667,-5.4321,1.1640,,
DATA,A005,5,306,1133208,0.2028,0.1402,1.0768,-6.9580,-18.8599,-1.9531,1.1046,,
DATA,A005,5,307,1133218,0.3239,0.2271,1.0643,-10.6201,-24.3530,-3.4180,1.1355,,
DATA,A005,5,308,1133228,0.2728,0.1402,1.0262,-25.4517,-18.2495,-5.0049,1.0711,,
DATA,A005,5,309,1133238,0.2277,0.1429,0.9645,-34.7290,-16.9678,-9.1553,1.0012,,
DATA,A005,5,310,1133248,0.2689,0.1360,0.9515,-36.7432,-28.1982,-11.8408,0.9981,,
DATA,A005,5,311,1133258,0.2872,0.1351,0.9274,-41.8091,-32.7148,-9.0332,0.9802,,
DATA,A005,5,312,1133268,0.3671,0.1651,0.9925,-19.0430,-4.3335,2.5635,1.0711,,
DATA,A005,5,313,1133278,0.3407,0.0811,0.9388,-27.4658,-8.9111,-7.2021,1.0020,,
DATA,A005,5,314,1133288,0.3019,-0.0173,0.9108,-20.0195,-5.2490,-15.0146,0.9596,,
DATA,A005,5,315,1133298,0.2648,0.0538,0.9828,-17.2729,-7.5073,-18.8599,1.0192,,
DATA,A005,5,316,1133308,0.0817,0.0362,0.8361,-48.6450,-18.3716,-18.6768,0.8408,,
DATA,A005,5,317,1133318,0.2938,-0.0734,0.9337,-15.8691,-14.3433,-22.9492,0.9816,,
DATA,A005,5,318,1133328,0.3121,0.0748,0.9222,4.2725,-20.4468,-22.8882,0.9765,,
DATA,A005,5,319,1133338,0.3507,0.0980,0.9081,10.4370,-14.4043,-23.1323,0.9784,,
DATA,A005,5,320,1133348,0.3703,0.1744,0.9239,10.3760,-8.6060,-21.1792,1.0105,,
DATA,A005,5,321,1133358,0.3537,0.1439,0.9283,5.5542,-4.3335,-20.7520,1.0038,,
DATA,A005,5,322,1133368,0.3217,0.2357,0.9244,7.7515,-2.9907,-25.2686,1.0068,,
DATA,A005,5,323,1133378,0.2936,0.0079,0.9586,8.9722,-3.6621,-23.9868,1.0026,,
DATA,A005,5,324,1133388,0.3170,0.1185,0.9632,5.4932,-2.6855,-19.1040,1.0210,,
DATA,A005,5,325,1133398,0.3031,0.1146,0.9803,6.3477,-4.5166,-20.9961,1.0325,,
DATA,A005,5,326,1133408,0.3180,0.1380,0.9767,8.0566,-7.3242,-20.5688,1.0364,,
DATA,A005,5,327,1133418,0.3268,0.1622,0.9772,7.3242,-7.9956,-19.2871,1.0430,,
DATA,A005,5,328,1133428,0.3466,0.1673,0.9657,5.4932,-7.9346,-17.3340,1.0395,,
DATA,A005,5,329,1133438,0.3712,0.3621,1.0023,-0.7324,-8.7891,-13.4277,1.1285,,
DATA,A005,5,330,1133448,0.3358,0.0879,0.9364,-1.6479,-5.4932,-12.2070,0.9987,,
DATA,A005,5,331,1133458,0.3136,0.1248,0.9239,0.6104,-12.2070,-13.9771,0.9837,,
DATA,A005,5,332,1133468,0.3383,0.1246,0.9227,1.0986,-17.7002,-16.2964,0.9906,,
DATA,A005,5,333,1133478,0.3671,0.1046,0.9112,4.6997,-12.6953,-13.7939,0.9880,,
DATA,A005,5,334,1133488,0.3888,0.1793,0.9283,5.8594,-14.7095,-12.3901,1.0223,,
DATA,A005,5,335,1133498,0.4093,0.1712,0.9278,2.7466,-8.3008,-11.4746,1.0285,,
DATA,A005,5,336,1133508,0.3995,0.2081,0.9337,0.2441,0.0610,-11.7798,1.0367,,
DATA,A005,5,337,1133518,0.3439,0.1634,0.9589,-0.5493,2.2583,-14.5264,1.0317,,
DATA,A005,5,338,1133528,0.3524,0.0879,0.9386,-0.5493,1.5869,-17.3340,1.0064,,
DATA,A005,5,339,1133538,0.3864,0.0992,0.9469,7.4463,-0.8545,-15.1367,1.0275,,
DATA,A005,5,340,1133548,0.3497,0.1065,0.9615,9.2163,-1.3428,-18.2495,1.0287,,
DATA,A005,5,341,1133558,0.3370,0.1141,0.9601,10.8643,2.3193,-19.4092,1.0239,,
DATA,A005,5,342,1133568,0.3334,0.0911,0.9462,17.1509,-0.7324,-21.6675,1.0073,,
DATA,A005,5,343,1133578,0.3571,0.0726,0.9379,27.9541,-8.3618,-25.5127,1.0062,,
DATA,A005,5,344,1133588,0.3798,0.1129,0.9281,30.3345,-9.5215,-21.9116,1.0091,,
DATA,A005,5,345,1133598,0.3629,0.2188,1.0196,29.3579,-9.2163,-16.9067,1.1042,,
DATA,A005,5,346,1133608,0.2748,0.2151,0.9459,14.4653,-14.5874,-20.0806,1.0082,,
DATA,A005,5,347,1133618,0.3615,0.2003,0.9755,12.0850,-20.5688,-17.7612,1.0594,,
DATA,A005,5,348,1133628,0.3339,0.1678,0.9598,6.2866,-18.3105,-20.1416,1.0300,,
DATA,A005,5,349,1133638,0.3695,0.0745,0.9598,8.4839,-15.6860,-21.9116,1.0312,,
DATA,A005,5,350,1133648,0.3673,0.0948,0.9654,11.8408,-14.4043,-22.1558,1.0373,,
DATA,A005,5,351,1133658,0.3964,0.1536,0.9637,11.0474,-10.0098,-24.5361,1.0533,,
DATA,A005,5,352,1133668,0.4279,0.1651,0.9361,8.7280,-8.3008,-22.7661,1.0425,,
DATA,A005,5,353,1133678,0.3349,0.1876,0.9144,2.0752,-7.7515,-24.8413,0.9917,,
DATA,A005,5,354,1133688,0.3319,0.1741,0.8873,1.0376,-8.9722,-28.2593,0.9632,,
DATA,A005,5,355,1133698,0.3756,0.2015,0.8956,2.8076,-14.8926,-24.2310,0.9919,,
DATA,A005,5,356,1133708,0.3998,0.2129,0.9132,-3.5400,-13.9160,-24.1089,1.0194,,
DATA,A005,5,357,1133718,0.4555,0.1783,0.9315,-10.7422,-9.5825,-23.3154,1.0521,,
DATA,A005,5,358,1133728,0.4594,0.1956,0.9481,-13.4888,-10.7422,-24.1089,1.0715,,
DATA,A005,5,359,1133738,0.4113,0.1688,0.9379,-16.4795,-8.1177,-27.4658,1.0379,,
DATA,A005,5,360,1133748,0.4393,0.0709,0.9049,-10.1318,-3.5400,-27.0386,1.0084,,
DATA,A005,5,361,1133758,0.4557,0.0779,0.8942,-0.3662,0.6104,-29.2358,1.0066,,
DATA,A005,5,362,1133768,0.4494,0.1221,0.8917,1.0376,4.9438,-31.0669,1.0060,,
DATA,A005,5,363,1133778,0.4725,0.1837,0.8959,6.5918,9.5825,-25.5737,1.0294,,
DATA,A005,5,364,1133788,0.4721,0.2396,0.9388,2.8687,8.6670,-23.3765,1.0778,,
DATA,A005,5,365,1133798,0.5224,0.2193,0.9459,-7.3853,13.4277,-18.6768,1.1026,,
DATA,A005,5,366,1133808,0.5177,0.2313,0.9669,-9.9487,15.5029,-13.2446,1.1209,,
DATA,A005,5,367,1133818,0.4447,0.2022,0.9635,-14.8315,19.0430,-13.3057,1.0803,,
DATA,A005,5,368,1133828,0.3981,0.1419,0.9274,-18.0664,30.2734,-17.3340,1.0191,,
DATA,A005,5,369,1133838,0.3790,0.1111,0.8981,-16.1743,36.0718,-19.8364,0.9811,,
DATA,A005,5,370,1133848,0.3800,0.1092,0.8934,-17.5781,42.7856,-21.9116,0.9770,,
DATA,A005,5,371,1133858,0.4140,0.1238,0.8954,-14.4043,36.6211,-17.9443,0.9942,,
DATA,A005,5,372,1133868,0.4227,0.1380,0.9230,-12.0239,28.3203,-13.9771,1.0245,,
DATA,A005,5,373,1133878,0.4406,0.1434,0.8114,-1.8921,24.4751,-11.8408,0.9344,,
DATA,A005,5,374,1133888,0.4247,0.1417,0.9303,-3.1128,19.8364,-11.4136,1.0324,,
DATA,A005,5,375,1133898,0.3910,0.1246,0.9090,-2.7466,22.3999,-14.2822,0.9974,,
DATA,A005,5,376,1133908,0.4000,0.1529,0.9740,-5.0049,19.4092,-12.9395,1.0640,,
DATA,A005,5,377,1133918,0.3761,0.1326,0.9361,-10.0708,24.7192,-20.3247,1.0176,,
DATA,A005,5,378,1133928,0.4227,0.1590,0.9686,-8.9722,17.0288,-11.5967,1.0687,,
DATA,A005,5,379,1133938,0.4306,0.1658,0.9664,-8.7891,11.2305,-8.1177,1.0709,,
DATA,A005,5,380,1133948,0.5058,0.1268,0.9510,-1.7700,4.2114,-1.8311,1.0846,,
DATA,A005,5,381,1133958,0.5377,0.1087,0.9237,3.3569,-0.3052,2.8687,1.0743,,
DATA,A005,5,382,1133968,0.4977,0.0767,0.9066,15.3198,-7.7515,6.5918,1.0371,,
DATA,A005,5,383,1133978,0.4877,0.0958,0.8793,28.9917,-14.1602,11.1694,1.0100,,
EVENT,A005,5,,1133987,,,,,,,,STOP,383
EVENT,A005,6,,1141936,,,,,,,,START,
DATA,A005,6,1,1141959,0.5338,-0.0756,0.8036,26.8555,42.6025,-9.4604,0.9677,,
DATA,A005,6,2,1141969,0.5951,-0.0466,0.8165,42.0532,59.0210,-8.9722,1.0114,,
DATA,A005,6,3,1141979,0.5973,-0.0900,0.8002,64.5142,94.6045,-11.7188,1.0026,,
DATA,A005,6,4,1141989,0.5148,-0.0793,0.8173,77.5757,119.2017,-14.4653,0.9691,,
DATA,A005,6,5,1141999,0.3519,-0.0651,0.7782,81.7261,152.6489,-11.9629,0.8566,,
DATA,A005,6,6,1142009,0.2482,0.0032,0.7599,85.3882,149.1699,-4.6387,0.7994,,
DATA,A005,6,7,1142019,0.1715,0.1524,0.7926,74.5239,135.7422,13.6108,0.8251,,
DATA,A005,6,8,1142029,0.1596,0.0589,0.6881,69.7632,123.3521,17.8833,0.7088,,
DATA,A005,6,9,1142039,0.1295,-0.0485,0.5980,81.5430,94.1162,32.2266,0.6138,,
DATA,A005,6,10,1142049,0.0946,-0.0327,0.5597,93.4448,77.2095,36.0107,0.5686,,
DATA,A005,6,11,1142059,0.0433,0.0753,0.5328,104.7363,48.0347,36.0107,0.5399,,
DATA,A005,6,12,1142069,0.0326,0.1668,0.6188,105.5908,29.0527,36.6211,0.6417,,
DATA,A005,6,13,1142079,0.1598,0.2068,0.5758,106.5063,13.3667,33.0811,0.6323,,
DATA,A005,6,14,1142089,0.6195,0.2420,0.7013,119.1406,11.5356,55.2368,0.9665,,
DATA,A005,6,15,1142099,0.3773,0.2840,0.6578,109.9854,72.9370,46.6919,0.8098,,
DATA,A005,6,16,1142109,0.3002,0.4593,0.6427,139.0991,119.2627,66.6504,0.8450,,
DATA,A005,6,17,1142119,0.2936,0.4183,0.6966,101.1963,160.5225,119.9951,0.8640,,
DATA,A005,6,18,1142129,0.9481,0.6136,0.2443,119.3848,136.1694,146.1182,1.1555,,
DATA,A005,6,19,1142139,0.4059,0.4356,0.7616,251.8311,258.7280,195.5566,0.9667,,
DATA,A005,6,20,1142149,0.2631,0.7393,0.6300,162.7197,355.7129,111.3281,1.0063,,
DATA,A005,6,21,1142159,-0.1005,0.4749,0.3934,74.7070,361.3281,126.1597,0.6248,,
DATA,A005,6,22,1142169,-0.1932,0.2654,0.3795,73.0591,335.0830,145.6299,0.5018,,
DATA,A005,6,23,1142179,-0.2518,0.2921,0.3920,133.6060,277.5879,165.3442,0.5499,,
DATA,A005,6,24,1142189,-0.2047,0.4483,0.4166,158.5693,247.9858,174.7437,0.6453,,
DATA,A005,6,25,1142199,-0.0831,0.5884,0.4066,160.2783,218.3838,188.9648,0.7201,,
DATA,A005,6,26,1142209,-0.0123,0.5975,0.3795,157.4097,216.6138,196.9604,0.7079,,
DATA,A005,6,27,1142219,0.0529,0.5784,0.3456,161.9263,227.4780,204.0405,0.6759,,
DATA,A005,6,28,1142229,0.1259,0.5753,0.3021,179.4434,264.5264,216.6748,0.6618,,
DATA,A005,6,29,1142239,0.1627,0.6185,0.2699,192.9321,298.9502,226.3184,0.6941,,
DATA,A005,6,30,1142249,0.1745,0.7317,0.2006,209.8999,361.5112,239.4409,0.7785,,
DATA,A005,6,31,1142259,0.1547,0.8223,0.1525,217.4683,406.6772,247.1924,0.8505,,
DATA,A005,6,32,1142269,0.0883,0.9542,0.0707,223.2056,472.7783,260.4370,0.9608,,
DATA,A005,6,33,1142279,0.0297,1.0381,0.0170,223.9990,513.6108,269.9585,1.0387,,
DATA,A005,6,34,1142289,-0.0782,1.1739,-0.0436,222.4731,567.6270,285.7056,1.1773,,
DATA,A005,6,35,1142299,-0.1605,1.2447,-0.0446,220.5200,596.0083,296.9971,1.2558,,
DATA,A005,6,36,1142309,-0.3844,1.5150,-0.0475,216.1865,627.3804,314.3311,1.5637,,
DATA,A005,6,37,1142319,-0.5299,1.6116,0.0626,207.4585,635.7422,317.7490,1.6977,,
DATA,A005,6,38,1142329,-1.0370,2.0801,0.1373,187.5000,635.8643,303.7109,2.3283,,
DATA,A005,6,39,1142339,-1.2572,2.2679,0.1415,157.5317,625.0000,286.7432,2.5969,,
DATA,A005,6,40,1142349,-1.4029,2.2837,0.0944,115.4785,586.7310,259.6436,2.6819,,
DATA,A005,6,41,1142359,-1.3287,2.2010,0.0897,97.0459,558.6548,241.2109,2.5725,,
DATA,A005,6,42,1142369,-1.0546,2.0433,0.1700,79.9561,500.0610,222.9004,2.3056,,
DATA,A005,6,43,1142379,-0.9144,1.9747,0.2757,71.8994,443.4814,213.8672,2.1935,,
DATA,A005,6,44,1142389,-0.9134,1.8870,0.4479,55.2368,331.1157,194.5190,2.1438,,
DATA,A005,6,45,1142399,-0.9762,1.7872,0.4784,34.3018,239.4409,180.0537,2.0918,,
DATA,A005,6,46,1142409,-1.0118,1.5286,0.3832,-0.4883,78.1250,163.6963,1.8728,,
DATA,A005,6,47,1142419,-0.9730,1.3433,0.2565,-13.0615,-24.6582,154.2969,1.6784,,
DATA,A005,6,48,1142429,-0.8375,1.1099,0.0948,-13.6108,-148.6206,135.8643,1.3937,,
DATA,A005,6,49,1142439,-0.7464,0.9974,0.0228,-5.1880,-202.0874,120.1172,1.2460,,
DATA,A005,6,50,1142449,-0.6092,0.8992,-0.0389,14.5874,-233.5205,93.0786,1.0869,,
DATA,A005,6,51,1142459,-0.5436,0.8812,-0.0360,28.7476,-225.9521,74.2188,1.0360,,
DATA,A005,6,52,1142469,-0.4708,0.8941,0.0306,46.9360,-183.4717,52.5513,1.0109,,
DATA,A005,6,53,1142479,-0.4535,0.9315,0.0887,53.7720,-152.3438,46.6919,1.0398,,
DATA,A005,6,54,1142489,-0.4864,0.9918,0.1053,53.3447,-111.9385,42.5415,1.1096,,
DATA,A005,6,55,1142499,-0.5126,0.9962,0.0763,48.4009,-93.5669,38.9404,1.1229,,
DATA,A005,6,56,1142509,-0.5035,0.9422,0.0421,43.0298,-82.3975,34.6069,1.0691,,
DATA,A005,6,57,1142519,-0.4713,0.8939,0.0426,43.1519,-80.5054,32.4707,1.0114,,
DATA,A005,6,58,1142529,-0.4154,0.8516,0.0819,45.7764,-80.9937,29.9683,0.9511,,
DATA,A005,6,59,1142539,-0.3295,0.8455,0.1937,49.8657,-82.8857,26.7334,0.9279,,
DATA,A005,6,60,1142549,-0.2777,0.8826,0.2501,48.4009,-81.3599,25.0244,0.9585,,
DATA,A005,6,61,1142559,-0.2040,0.9310,0.2633,35.5835,-72.3877,20.6909,0.9887,,
DATA,A005,6,62,1142569,-0.1341,0.9302,0.2106,18.9819,-48.5229,14.3433,0.9632,,
DATA,A005,6,63,1142579,-0.1005,0.9129,0.1727,12.4512,-24.3530,10.0708,0.9345,,
DATA,A005,6,64,1142589,-0.0878,0.8980,0.1385,9.1553,4.3945,6.7749,0.9129,,
DATA,A005,6,65,1142599,-0.1217,0.8804,0.1119,9.3994,49.9878,1.8921,0.8958,,
DATA,A005,6,66,1142609,-0.1725,0.8785,0.1068,10.5591,75.9277,-1.1597,0.9016,,
DATA,A005,6,67,1142619,-0.2587,0.8924,0.1217,12.3901,100.1587,-5.8594,0.9371,,
DATA,A005,6,68,1142629,-0.2894,0.9063,0.1361,11.9629,105.2246,-10.0708,0.9611,,
DATA,A005,6,69,1142639,-0.2963,0.9317,0.1481,7.9346,102.8442,-17.2729,0.9888,,
DATA,A005,6,70,1142649,-0.2696,0.9371,0.1442,5.1880,98.7549,-21.7285,0.9857,,
DATA,A005,6,71,1142659,-0.2096,0.9390,0.1402,3.6621,96.4355,-27.5269,0.9723,,
DATA,A005,6,72,1142669,-0.1817,0.9466,0.1407,4.3335,98.9990,-30.8228,0.9741,,
DATA,A005,6,73,1142679,-0.1632,0.9700,0.1405,5.1270,107.1777,-36.4990,0.9936,,
DATA,A005,6,74,1142689,-0.1651,0.9827,0.1393,5.0049,112.7319,-40.9546,1.0062,,
DATA,A005,6,75,1142699,-0.1752,0.9854,0.1378,4.2725,118.5303,-47.5464,1.0103,,
DATA,A005,6,76,1142709,-0.1796,0.9927,0.1334,4.2725,119.9951,-51.8188,1.0176,,
DATA,A005,6,77,1142719,-0.1713,0.9927,0.1241,4.6387,117.4316,-56.7627,1.0150,,
DATA,A005,6,78,1142729,-0.1686,0.9864,0.1276,4.3335,113.0981,-59.0210,1.0088,,
DATA,A005,6,79,1142739,-0.1683,0.9678,0.1334,3.9673,105.1636,-61.6455,0.9914,,
DATA,A005,6,80,1142749,-0.1710,0.9578,0.1361,4.5166,98.3887,-62.6831,0.9824,,
DATA,A005,6,81,1142759,-0.1693,0.9627,0.1498,6.3477,86.0596,-62.9272,0.9889,,
DATA,A005,6,82,1142769,-0.1600,0.9669,0.1590,7.0190,76.9653,-62.0728,0.9928,,
DATA,A005,6,83,1142779,-0.1444,0.9644,0.1727,5.1270,63.7817,-60.5469,0.9903,,
DATA,A005,6,84,1142789,-0.1380,0.9612,0.1764,3.2349,56.8848,-59.4482,0.9870,,
DATA,A005,6,85,1142799,-0.1266,0.9515,0.1688,0.6714,49.4995,-58.1665,0.9746,,
DATA,A005,6,86,1142809,-0.1254,0.9468,0.1666,-0.5493,46.0815,-57.1899,0.9695,,
DATA,A005,6,87,1142819,-0.1085,0.9603,0.1603,-1.2817,42.2363,-55.9692,0.9796,,
DATA,A005,6,88,1142829,-0.1002,0.9742,0.1488,-2.7466,39.2456,-55.0537,0.9906,,
DATA,A005,6,89,1142839,-0.0904,0.9752,0.1383,-7.0190,34.1797,-54.1992,0.9891,,
DATA,A005,6,90,1142849,-0.0804,0.9649,0.1324,-11.1694,30.0293,-53.5278,0.9773,,
DATA,A005,6,91,1142859,-0.0550,0.9368,0.1183,-16.4795,23.6206,-52.6123,0.9459,,
DATA,A005,6,92,1142869,-0.0514,0.9302,0.1056,-18.3716,19.9585,-52.1240,0.9376,,
DATA,A005,6,93,1142879,-0.0489,0.9234,0.0929,-19.2871,16.4185,-51.7578,0.9293,,
DATA,A005,6,94,1142889,-0.0292,0.9459,0.0724,-20.2637,12.1460,-49.3164,0.9491,,
DATA,A005,6,95,1142899,-0.0177,0.9612,0.0563,-21.9727,10.9253,-47.2412,0.9630,,
DATA,A005,6,96,1142909,-0.0047,0.9813,0.0340,-24.9634,14.4043,-44.3115,0.9819,,
DATA,A005,6,97,1142919,0.0001,0.9993,0.0218,-26.0010,19.4702,-41.8091,0.9996,,
DATA,A005,6,98,1142929,-0.0089,1.0396,0.0138,-25.8789,29.6021,-37.4146,1.0397,,
DATA,A005,6,99,1142939,-0.0172,1.0789,0.0099,-25.5127,37.5977,-34.3018,1.0791,,
DATA,A005,6,100,1142949,-0.0326,1.1165,0.0106,-27.8931,49.7437,-29.6631,1.1170,,
DATA,A005,6,101,1142959,-0.0477,1.1236,0.0128,-30.9448,57.9224,-26.6113,1.1247,,
DATA,A005,6,102,1142969,-0.0677,1.1116,0.0140,-34.9121,69.9463,-22.3389,1.1138,,
DATA,A005,6,103,1142979,-0.0826,1.0953,0.0204,-35.2783,76.9653,-19.5923,1.0986,,
DATA,A005,6,104,1142989,-0.1029,1.0748,0.0336,-34.1187,87.5244,-15.7471,1.0802,,
DATA,A005,6,105,1142999,-0.1127,1.0604,0.0389,-33.3252,93.6279,-13.4277,1.0670,,
DATA,A005,6,106,1143009,-0.1297,1.0460,0.0348,-32.4097,100.1587,-9.4604,1.0545,,
DATA,A005,6,107,1143019,-0.1429,1.0401,0.0257,-31.4331,102.0508,-6.6528,1.0502,,
DATA,A005,6,108,1143029,-0.1573,1.0333,0.0421,-28.7476,105.2856,-3.0518,1.0460,,
DATA,A005,6,109,1143039,-0.1642,1.0328,0.0504,-28.1982,107.5439,-1.4038,1.0470,,
DATA,A005,6,110,1143049,-0.1600,1.0140,0.0514,-29.5410,113.4644,1.6479,1.0278,,
DATA,A005,6,111,1143059,-0.1620,0.9839,0.0507,-30.3955,118.3472,3.9062,0.9985,,
DATA,A005,6,112,1143069,-0.1695,0.9261,0.0448,-30.9448,125.9766,7.0801,0.9425,,
DATA,A005,6,113,1143079,-0.1800,0.8939,0.0362,-30.5176,130.1270,8.7891,0.9125,,
DATA,A005,6,114,1143089,-0.1979,0.8558,0.0121,-28.0762,135.3760,12.3901,0.8784,,
DATA,A005,6,115,1143099,-0.2045,0.8441,-0.0233,-25.5737,139.4653,15.8081,0.8688,,
DATA,A005,6,116,1143109,-0.2201,0.8377,-0.0646,-18.9819,148.0103,23.4985,0.8685,,
DATA,A005,6,117,1143119,-0.2381,0.8409,-0.0663,-13.4277,154.2358,29.6631,0.8765,,
DATA,A005,6,118,1143129,-0.2733,0.8472,-0.0556,-7.5684,162.0483,39.1846,0.8919,,
DATA,A005,6,119,1143139,-0.3121,0.8494,-0.0419,-6.4087,163.2690,45.1660,0.9059,,
DATA,A005,6,120,1143149,-0.3766,0.8462,-0.0223,-6.5918,159.0576,52.7954,0.9265,,
DATA,A005,6,121,1143159,-0.4169,0.8480,-0.0033,-6.8359,154.1138,55.9082,0.9449,,
DATA,A005,6,122,1143169,-0.4342,0.8609,-0.0067,-8.2397,146.4844,57.1899,0.9642,,
DATA,A005,6,123,1143179,-0.4195,0.8694,-0.0221,-9.8877,142.9443,56.5796,0.9656,,
DATA,A005,6,124,1143189,-0.3920,0.8836,-0.0551,-11.8408,139.8315,54.3823,0.9682,,
DATA,A005,6,125,1143199,-0.3851,0.8897,-0.0775,-11.9629,138.7939,52.3682,0.9726,,
DATA,A005,6,126,1143209,-0.3773,0.9029,-0.0873,-9.9487,137.3291,49.9878,0.9824,,
DATA,A005,6,127,1143219,-0.3868,0.9337,-0.0905,-6.1646,133.0566,47.4243,1.0147,,
DATA,A005,6,128,1143229,-0.3898,0.9583,-0.0895,-4.2725,128.3569,46.0205,1.0384,,
DATA,A005,6,129,1143239,-0.4017,0.9822,-0.0785,-3.3569,119.4458,43.7622,1.0641,,
DATA,A005,6,130,1143249,-0.4078,0.9881,-0.0758,-3.4790,113.2202,42.3584,1.0716,,
DATA,A005,6,131,1143259,-0.3959,0.9827,-0.0761,-3.1738,106.3232,40.1611,1.0622,,
DATA,A005,6,132,1143269,-0.3793,0.9756,-0.0778,-2.3193,104.3091,38.8184,1.0497,,
DATA,A005,6,133,1143279,-0.3607,0.9725,-0.0761,1.3428,105.2856,37.2314,1.0400,,
DATA,A005,6,134,1143289,-0.3453,0.9810,-0.0675,4.3335,107.6660,36.0718,1.0422,,
DATA,A005,6,135,1143299,-0.3424,0.9981,-0.0558,6.8970,112.3657,34.6069,1.0567,,
DATA,A005,6,136,1143309,-0.3448,1.0062,-0.0492,6.8359,115.4785,33.6914,1.0648,,
DATA,A005,6,137,1143319,-0.3468,1.0052,-0.0538,5.5542,119.8730,31.9214,1.0647,,
DATA,A005,6,138,1143329,-0.3478,1.0045,-0.0587,5.5542,122.0093,30.7007,1.0646,,
DATA,A005,6,139,1143339,-0.3441,1.0086,-0.0707,6.4697,124.7559,29.0527,1.0680,,
DATA,A005,6,140,1143349,-0.3439,1.0181,-0.0736,7.0190,125.4883,27.9541,1.0771,,
DATA,A005,6,141,1143359,-0.3473,1.0257,-0.0768,7.1411,124.6338,26.6113,1.0856,,
DATA,A005,6,142,1143369,-0.3475,1.0335,-0.0875,6.2256,122.8027,25.4517,1.0939,,
DATA,A005,6,143,1143379,-0.3336,1.0377,-0.1007,4.5776,118.8965,23.0713,1.0946,,
DATA,A005,6,144,1143389,-0.3207,1.0257,-0.1034,3.7842,116.5161,21.7896,1.0796,,
DATA,A005,6,145,1143399,-0.2987,1.0242,-0.1102,3.1738,115.6616,20.3247,1.0726,,
DATA,A005,6,146,1143409,-0.2840,1.0254,-0.1159,3.0518,116.6992,19.5923,1.0703,,
DATA,A005,6,147,1143419,-0.2692,1.0281,-0.1078,4.0894,120.1782,19.5923,1.0682,,
DATA,A005,6,148,1143429,-0.2623,1.0347,-0.0890,4.0283,122.4365,19.7144,1.0712,,
DATA,A005,6,149,1143439,-0.2682,1.0259,-0.0768,1.7700,126.2817,20.3857,1.0632,,
DATA,A005,6,150,1143449,-0.2801,1.0259,-0.1049,-0.1831,128.2349,21.9116,1.0687,,
DATA,A005,6,151,1143459,-0.2787,1.0599,-0.1376,7.3242,130.3101,25.7568,1.1045,,
DATA,A005,6,152,1143469,-0.2762,1.1224,-0.1276,17.5171,127.9297,28.7476,1.1629,,
DATA,A005,6,153,1143479,-0.2530,1.2335,-0.0541,25.8789,123.4741,29.3579,1.2603,,
DATA,A005,6,154,1143489,-0.2298,1.2754,-0.0021,23.9868,119.2627,26.5503,1.2960,,
DATA,A005,6,155,1143499,-0.2147,1.2466,0.0553,13.0005,111.3281,22.4609,1.2662,,
DATA,A005,6,156,1143509,-0.2147,1.1846,0.0616,5.8594,106.8726,20.8130,1.2055,,
DATA,A005,6,157,1143519,-0.2115,1.0872,0.0187,2.4414,104.4922,13.5498,1.1078,,
DATA,A005,6,158,1143529,-0.2091,1.0689,0.0045,7.3853,103.9429,4.1504,1.0892,,
DATA,A005,6,159,1143539,-0.2137,1.1360,0.0106,18.3105,99.6094,-10.6812,1.1560,,
DATA,A005,6,160,1143549,-0.2132,1.2005,0.0209,21.1182,94.4214,-21.1792,1.2195,,
DATA,A005,6,161,1143559,-0.2049,1.2515,0.0463,18.9209,81.6650,-30.9448,1.2690,,
DATA,A005,6,162,1143569,-0.2306,1.2855,0.0724,10.8643,37.9639,-40.3442,1.3080,,
DATA,A005,6,163,1143579,-0.2394,1.2899,0.0946,3.9062,4.0283,-47.3022,1.3153,,
DATA,A005,6,164,1143589,-0.0614,1.2464,0.2052,-9.4604,-49.4995,-54.2603,1.2647,,
DATA,A005,6,165,1143599,0.0990,1.1929,0.2579,-21.5454,-78.6133,-54.3823,1.2245,,
DATA,A005,6,166,1143609,0.3427,1.1011,0.3192,-38.1470,-88.1958,-54.6875,1.1966,,
DATA,A005,6,167,1143619,0.4962,1.0555,0.3610,-45.7153,-74.7070,-52.7344,1.2209,,
DATA,A005,6,168,1143629,0.6185,1.0428,0.4137,-51.2085,-41.2598,-42.6025,1.2811,,
DATA,A005,6,169,1143639,0.5971,1.0831,0.4044,-51.4526,-16.1743,-37.5977,1.3012,,
DATA,A005,6,170,1143649,0.5009,1.1563,0.4191,-53.1616,22.8271,-34.8511,1.3280,,
DATA,A005,6,171,1143659,0.4286,1.1609,0.4210,-61.0962,44.0063,-32.7759,1.3072,,
DATA,A005,6,172,1143669,0.3764,1.0670,0.3966,-74.1577,70.3735,-32.0435,1.1989,,
DATA,A005,6,173,1143679,0.3554,0.9742,0.3556,-78.8574,88.8062,-31.1279,1.0962,,
DATA,A005,6,174,1143689,0.3270,0.8475,0.3041,-75.7446,122.6196,-28.9307,0.9579,,
DATA,A005,6,175,1143699,0.2929,0.7864,0.2797,-70.0073,147.8271,-27.4048,0.8846,,
DATA,A005,6,176,1143709,0.1493,0.7208,0.2674,-60.7910,184.5703,-25.3296,0.7831,,
DATA,A005,6,177,1143719,0.1061,0.7505,0.2787,-47.2412,194.0918,-20.2026,0.8076,,
DATA,A005,6,178,1143729,0.0668,0.7940,0.3163,-47.9736,229.4312,-29.4189,0.8573,,
DATA,A005,6,179,1143739,-0.0353,0.8135,0.3111,-44.9219,246.4600,-23.8647,0.8717,,
DATA,A005,6,180,1143749,-0.1920,0.8636,0.3248,-37.1094,250.6714,-21.6064,0.9424,,
DATA,A005,6,181,1143759,-0.2684,0.8795,0.3287,-39.3677,247.3145,-20.9351,0.9765,,
DATA,A005,6,182,1143769,-0.3317,0.8494,0.3417,-47.6685,223.8770,-19.3481,0.9738,,
DATA,A005,6,183,1143779,-0.3526,0.8145,0.3395,-51.5137,206.0547,-18.7378,0.9503,,
DATA,A005,6,184,1143789,-0.3551,0.7447,0.3080,-56.5796,180.8472,-18.2495,0.8806,,
DATA,A005,6,185,1143799,-0.3429,0.6981,0.2860,-57.3120,164.9170,-18.3105,0.8286,,
DATA,A005,6,186,1143809,-0.3219,0.6607,0.2499,-52.8564,144.5312,-18.7988,0.7763,,
DATA,A005,6,187,1143819,-0.3136,0.6612,0.2311,-47.4854,132.9346,-19.6533,0.7674,,
DATA,A005,6,188,1143829,-0.3026,0.6942,0.2218,-39.5508,119.0186,-23.3765,0.7891,,
DATA,A005,6,189,1143839,-0.2960,0.7181,0.2281,-36.4990,111.3892,-26.2451,0.8095,,
DATA,A005,6,190,1143849,-0.3063,0.7447,0.2360,-34.1187,101.1963,-30.3955,0.8391,,
DATA,A005,6,191,1143859,-0.3158,0.7483,0.2445,-34.0576,95.3979,-34.1797,0.8482,,
DATA,A005,6,192,1143869,-0.3185,0.7408,0.2587,-34.2407,87.0361,-39.4287,0.8468,,
DATA,A005,6,193,1143879,-0.3185,0.7364,0.2714,-32.8979,81.5430,-41.8091,0.8469,,
DATA,A005,6,194,1143889,-0.3131,0.7569,0.2858,-30.0293,75.6226,-43.5791,0.8675,,
DATA,A005,6,195,1143899,-0.3197,0.8240,0.3050,-24.1699,67.5049,-44.8608,0.9350,,
DATA,A005,6,196,1143909,-0.3270,0.8885,0.3187,-21.3623,61.8286,-44.6167,0.9990,,
DATA,A005,6,197,1143919,-0.3424,0.9957,0.3348,-19.5923,52.1851,-42.6025,1.1048,,
DATA,A005,6,198,1143929,-0.3526,1.0704,0.3375,-19.9585,45.7153,-41.3208,1.1764,,
DATA,A005,6,199,1143939,-0.3561,1.1590,0.3238,-22.8271,38.0249,-40.2832,1.2550,,
DATA,A005,6,200,1143949,-0.3622,1.1966,0.3126,-26.0620,36.2549,-40.7104,1.2887,,
DATA,A005,6,201,1143959,-0.3641,1.1985,0.3002,-32.1045,39.0625,-40.3442,1.2881,,
DATA,A005,6,202,1143969,-0.3695,1.1800,0.2943,-35.8276,41.6870,-38.3301,1.2710,,
DATA,A005,6,203,1143979,-0.3751,1.1458,0.2889,-37.5366,42.7856,-35.1562,1.2398,,
DATA,A005,6,204,1143989,-0.3705,1.1341,0.2811,-36.6821,41.5649,-33.8745,1.2257,,
DATA,A005,6,205,1143999,-0.3566,1.1304,0.2548,-34.6680,39.4897,-32.4707,1.2124,,
DATA,A005,6,206,1144009,-0.3453,1.1321,0.2501,-35.0342,38.5742,-31.9824,1.2098,,
DATA,A005,6,207,1144019,-0.3277,1.0997,0.2621,-36.6211,39.4287,-30.6396,1.1770,,
DATA,A005,6,208,1144029,-0.3187,1.0670,0.2584,-34.3018,41.4429,-29.9072,1.1431,,
DATA,A005,6,209,1144039,-0.3082,1.0320,0.2613,-27.9541,45.4102,-30.0903,1.1083,,
DATA,A005,6,210,1144049,-0.3124,1.0213,0.2731,-23.0713,49.4995,-30.7007,1.1024,,
DATA,A005,6,211,1144059,-0.3365,1.0098,0.2828,-17.1509,56.3354,-33.6914,1.1014,,
DATA,A005,6,212,1144069,-0.3561,0.9903,0.2960,-14.5874,58.5938,-35.8887,1.0932,,
DATA,A005,6,213,1144079,-0.3680,0.9395,0.3204,-10.2539,56.5186,-38.8184,1.0587,,
DATA,A005,6,214,1144089,-0.3671,0.8973,0.3319,-7.5073,50.6592,-41.4429,1.0247,,
DATA,A005,6,215,1144099,-0.3453,0.8323,0.3431,-3.9673,38.8794,-46.3867,0.9642,,
DATA,A005,6,216,1144109,-0.3382,0.7842,0.3519,-1.8921,30.3955,-50.5371,0.9237,,
DATA,A005,6,217,1144119,-0.3238,0.7330,0.3429,0.6714,18.3105,-55.9692,0.8716,,
DATA,A005,6,218,1144129,-0.3202,0.7054,0.3346,2.3804,10.4370,-58.7769,0.8438,,
DATA,A005,6,219,1144139,-0.3317,0.6880,0.3231,5.6152,-2.3804,-63.2324,0.8293,,
DATA,A005,6,220,1144149,-0.3475,0.6946,0.3229,8.3618,-12.0239,-66.4062,0.8412,,
DATA,A005,6,221,1144159,-0.3819,0.7379,0.3336,10.0708,-29.9683,-71.1060,0.8953,,
DATA,A005,6,222,1144169,-0.4164,0.7794,0.3461,9.3384,-44.4336,-74.7070,0.9490,,
DATA,A005,6,223,1144179,-0.4371,0.8572,0.3614,5.9204,-67.3218,-81.7261,1.0279,,
DATA,A005,6,224,1144189,-0.4391,0.9095,0.3712,1.4038,-85.0830,-86.3647,1.0760,,
DATA,A005,6,225,1144199,-0.4537,0.9915,0.3876,-5.4932,-114.1357,-94.4214,1.1572,,
DATA,A005,6,226,1144209,-0.4647,1.0655,0.3868,-8.4839,-131.1035,-100.5859,1.2251,,
DATA,A005,6,227,1144219,-0.4755,1.2022,0.3719,-12.0239,-158.3862,-108.7646,1.3452,,
DATA,A005,6,228,1144229,-0.4928,1.3143,0.3561,-14.9536,-177.6123,-113.7695,1.4481,,
DATA,A005,6,229,1144239,-0.5006,1.4405,0.3248,-18.2495,-195.5566,-118.7134,1.5592,,
DATA,A005,6,230,1144249,-0.4593,1.5801,0.2516,-29.8462,-216.7969,-125.6714,1.6647,,
DATA,A005,6,231,1144259,-0.3622,1.5941,0.1737,-48.6450,-230.1025,-130.1270,1.6439,,
DATA,A005,6,232,1144269,-0.2950,1.5301,0.1549,-61.7065,-231.0181,-129.9438,1.5660,,
DATA,A005,6,233,1144279,-0.2367,1.4312,0.1549,-71.1060,-225.9521,-127.3804,1.4589,,
DATA,A005,6,234,1144289,-0.1442,1.2796,0.1393,-77.6367,-201.9653,-118.8965,1.2952,,
DATA,A005,6,235,1144299,-0.0780,1.1775,0.1410,-80.0171,-179.1992,-110.9619,1.1885,,
DATA,A005,6,236,1144309,0.0109,1.0203,0.1503,-83.6792,-134.8877,-95.5811,1.0314,,
DATA,A005,6,237,1144319,0.0497,0.8921,0.1652,-87.2803,-99.2432,-82.0923,0.9087,,
DATA,A005,6,238,1144329,0.0731,0.6697,0.1898,-90.1489,-43.3350,-61.7676,0.6999,,
DATA,A005,6,239,1144339,0.0495,0.5233,0.2118,-88.1958,-4.6387,-48.5229,0.5666,,
DATA,A005,6,240,1144349,-0.0448,0.3265,0.2606,-78.1250,48.9502,-30.0293,0.4201,,
DATA,A005,6,241,1144359,-0.1202,0.2347,0.2848,-68.5425,79.7729,-17.2729,0.3881,,
DATA,A005,6,242,1144369,-0.2032,0.1558,0.2938,-55.5420,113.7085,1.4648,0.3898,,
DATA,A005,6,243,1144379,-0.2623,0.1126,0.2997,-50.1099,125.9155,14.5874,0.4139,,
DATA,A005,6,244,1144389,-0.3898,0.0792,0.3487,-45.6543,127.7466,31.7383,0.5290,,
DATA,A005,6,245,1144399,-0.4776,0.0762,0.3656,-44.7998,127.0752,39.8560,0.6063,,
DATA,A005,6,246,1144409,-0.5423,0.0806,0.4042,-46.5698,117.3096,49.5605,0.6812,,
DATA,A005,6,247,1144419,-0.5629,0.0994,0.4112,-49.6826,107.6660,56.5796,0.7041,,
DATA,A005,6,248,1144429,-0.5721,0.1265,0.3837,-57.9834,91.7358,64.1479,0.7004,,
DATA,A005,6,249,1144439,-0.5655,0.1334,0.3553,-63.5376,83.6792,66.3452,0.6811,,
DATA,A005,6,250,1144449,-0.5751,0.1465,0.3632,-71.2891,75.5615,65.9790,0.6957,,
DATA,A005,6,251,1144459,-0.5926,0.1526,0.3685,-76.9043,72.9980,65.8569,0.7144,,
DATA,A005,6,252,1144469,-0.6439,0.1570,0.4110,-85.8154,65.1245,65.5518,0.7799,,
DATA,A005,6,253,1144479,-0.6817,0.1566,0.4452,-90.5762,56.8848,63.2935,0.8291,,
DATA,A005,6,254,1144489,-0.6976,0.1519,0.5194,-95.9473,42.4194,58.5327,0.8829,,
DATA,A005,6,255,1144499,-0.6896,0.1419,0.5738,-99.8535,30.9448,56.3354,0.9083,,
DATA,A005,6,256,1144509,-0.6603,0.1360,0.6686,-107.4829,16.9067,51.5747,0.9494,,
DATA,A005,6,257,1144519,-0.6297,0.1326,0.7362,-113.7695,11.7188,47.2412,0.9778,,
DATA,A005,6,258,1144529,-0.5699,0.1556,0.8065,-123.9624,7.4463,42.9688,0.9997,,
DATA,A005,6,259,1144539,-0.5253,0.1795,0.8121,-130.3711,10.6201,41.3208,0.9837,,
DATA,A005,6,260,1144549,-0.4857,0.2076,0.9115,-134.8877,23.0103,36.4380,1.0535,,
DATA,A005,6,261,1144559,-0.4835,0.2296,0.9891,-138.4277,34.9121,32.7759,1.1247,,
DATA,A005,6,262,1144569,-0.5492,0.2532,1.0934,-149.9023,50.7812,26.1841,1.2495,,
DATA,A005,6,263,1144579,-0.6149,0.2342,1.1468,-159.4238,50.2930,20.9961,1.3222,,
DATA,A005,6,264,1144589,-0.6290,0.1541,1.3070,-172.3022,30.0293,22.3999,1.4586,,
DATA,A005,6,265,1144599,-0.5609,0.0953,1.3741,-181.1523,10.4980,26.1841,1.4873,,
DATA,A005,6,266,1144609,-0.4703,0.0196,1.3634,-188.7817,-3.0518,29.1748,1.4424,,
DATA,A005,6,267,1144619,-0.3880,-0.0109,1.3446,-189.2700,3.1738,28.9307,1.3995,,
DATA,A005,6,268,1144629,-0.2916,-0.0063,1.2836,-186.4624,19.7754,30.3345,1.3163,,
DATA,A005,6,269,1144639,-0.2477,0.0076,1.1246,-180.0537,64.5752,37.1704,1.1516,,
DATA,A005,6,270,1144649,-0.2489,-0.0095,1.1193,-171.9360,105.3467,39.5508,1.1466,,
DATA,A005,6,271,1144659,-0.3771,-0.0168,0.9659,-161.0107,145.6299,36.6821,1.0371,,
DATA,A005,6,272,1144669,-0.4867,-0.0270,0.9000,-151.9775,165.6494,29.2969,1.0235,,
DATA,A005,6,273,1144679,-0.5887,-0.0212,0.8036,-135.1929,174.8047,21.8506,0.9964,,
DATA,A005,6,274,1144689,-0.6175,-0.0073,0.7089,-124.1455,172.1802,23.1934,0.9401,,
DATA,A005,6,275,1144699,-0.6000,-0.0253,0.5240,-108.9478,156.7993,24.7803,0.7970,,
DATA,A005,6,276,1144709,-0.5504,-0.0729,0.4454,-95.3369,139.6484,27.7100,0.7118,,
DATA,A005,6,277,1144719,-0.5126,-0.1542,0.3954,-67.1387,112.8540,34.9121,0.6655,,
DATA,A005,6,278,1144729,-0.8287,-0.3989,0.7010,-9.7656,6.0425,66.2842,1.1564,,
DATA,A005,6,279,1144739,-0.8360,0.1226,0.5829,186.2183,-182.1289,141.4185,1.0265,,
DATA,A005,6,280,1144749,-0.7030,0.6920,1.3531,218.2007,-191.4062,121.1548,1.6745,,
DATA,A005,6,281,1144759,-0.5504,1.2698,2.2738,116.6382,-114.5630,94.9707,2.6619,,
DATA,A005,6,282,1144769,-0.5968,0.8580,2.1959,3.2349,-81.4209,56.7627,2.4319,,
DATA,A005,6,283,1144779,-0.7064,0.2520,1.6146,-14.7705,-85.0220,-0.5493,1.7803,,
DATA,A005,6,284,1144789,-0.6534,0.2733,1.3663,13.0005,-109.2529,-9.5825,1.5390,,
DATA,A005,6,285,1144799,-0.3595,0.5767,1.1002,32.0435,-123.6572,-9.7046,1.2932,,
DATA,A005,6,286,1144809,-0.2467,0.6880,0.9349,7.6904,-129.0283,-7.8735,1.1867,,
DATA,A005,6,287,1144819,-0.1903,0.5455,0.7108,-4.5776,-119.9341,-20.6299,0.9160,,
DATA,A005,6,288,1144829,-0.1537,0.4866,0.6117,5.3711,-112.8540,-32.5928,0.7966,,
DATA,A005,6,289,1144839,-0.1354,0.4874,0.5741,29.6021,-111.3281,-50.4761,0.7651,,
DATA,A005,6,290,1144849,-0.1424,0.5374,0.5475,37.5977,-114.4409,-53.1616,0.7803,,
DATA,A005,6,291,1144859,-0.2428,0.5858,0.5555,50.5371,-131.5308,-56.8848,0.8430,,
DATA,A005,6,292,1144869,-0.2442,0.6426,0.6717,51.6968,-149.9634,-59.8145,0.9612,,
DATA,A005,6,293,1144879,-0.2342,0.5608,0.8038,17.8223,-172.9126,-59.1431,1.0077,,
DATA,A005,6,294,1144889,-0.2987,0.4886,0.8568,3.8452,-184.5703,-63.4766,1.0306,,
DATA,A005,6,295,1144899,-0.3568,0.4918,0.9842,-4.6387,-197.3267,-79.2236,1.1567,,
DATA,A005,6,296,1144909,-0.3873,0.5447,1.0585,-10.1929,-208.8013,-84.8999,1.2518,,
DATA,A005,6,297,1144919,-0.3829,0.5870,1.1156,-20.4468,-223.1445,-90.5151,1.3175,,
DATA,A005,6,298,1144929,-0.2606,0.6021,1.1451,-37.9028,-242.4316,-93.6279,1.3198,,
DATA,A005,6,299,1144939,-0.1212,0.5455,1.1573,-49.3164,-242.6147,-92.9565,1.2852,,
DATA,A005,6,300,1144949,0.0621,0.4151,1.1561,-57.4341,-227.4170,-91.0645,1.2300,,
DATA,A005,6,301,1144959,0.1508,0.3470,1.1112,-59.8145,-213.3179,-88.9893,1.1738,,
DATA,A005,6,302,1144969,0.2001,0.2278,1.0206,-63.0493,-183.5938,-88.6230,1.0647,,
DATA,A005,6,303,1144979,0.1942,0.1656,0.9789,-59.8145,-169.3726,-89.5996,1.0116,,
DATA,A005,6,304,1144989,0.1588,0.1353,0.9156,-49.5605,-157.3486,-83.9233,0.9391,,
DATA,A005,6,305,1144999,0.1859,0.1387,0.8839,-37.1704,-146.7285,-81.8481,0.9138,,
DATA,A005,6,306,1145009,0.1447,0.2193,0.8597,-20.7520,-131.2866,-79.7729,0.8990,,
DATA,A005,6,307,1145019,0.1852,0.2276,0.8473,-18.9819,-125.9155,-76.7212,0.8967,,
DATA,A005,6,308,1145029,0.1911,0.2449,0.8473,-9.2773,-109.8633,-73.9136,0.9024,,
DATA,A005,6,309,1145039,0.2101,0.2376,0.8463,-6.5308,-98.0225,-72.8760,0.9038,,
DATA,A005,6,310,1145049,0.2062,0.2464,0.8531,-4.7607,-86.9141,-69.3359,0.9116,,
DATA,A005,6,311,1145059,0.2352,0.2496,0.8656,-2.8687,-80.8716,-67.7490,0.9311,,
DATA,A005,6,312,1145069,0.3351,0.2674,0.8800,-1.5869,-72.6318,-62.0728,0.9789,,
DATA,A005,6,313,1145079,0.3029,0.2886,0.8802,-2.3193,-65.5518,-58.4106,0.9746,,
DATA,A005,6,314,1145089,0.2846,0.2974,0.8939,-9.2163,-68.0542,-56.8848,0.9841,,
DATA,A005,6,315,1145099,0.3805,0.2586,0.9020,-10.4980,-62.2559,-53.4058,1.0125,,
DATA,A005,6,316,1145109,0.4110,0.2220,0.8910,-9.8267,-47.1191,-46.6309,1.0060,,
DATA,A005,6,317,1145119,0.4574,0.2061,0.9056,-10.9863,-45.1050,-41.5649,1.0353,,
DATA,A005,6,318,1145129,0.4896,0.1905,0.8932,-9.0942,-32.2266,-32.7759,1.0362,,
DATA,A005,6,319,1145139,0.4799,0.1751,0.8961,-7.7515,-21.7285,-28.6865,1.0315,,
DATA,A005,6,320,1145149,0.4655,0.1658,0.8846,-4.1504,-9.2163,-24.4751,1.0133,,
DATA,A005,6,321,1145159,0.4335,0.1680,0.8717,-0.6714,-3.4180,-21.1792,0.9879,,
DATA,A005,6,322,1145169,0.4279,0.1795,0.8959,4.9438,0.5493,-17.2729,1.0089,,
DATA,A005,6,323,1145179,0.4242,0.1949,0.8998,7.5684,3.9673,-15.3809,1.0137,,
DATA,A005,6,324,1145189,0.3905,0.2220,0.9237,9.5215,5.5542,-13.0005,1.0271,,
DATA,A005,6,325,1145199,0.3512,0.2354,0.9427,9.0332,4.9438,-11.7798,1.0332,,
DATA,A005,6,326,1145209,0.2931,0.2762,0.8500,7.0801,1.4648,-10.4370,0.9405,,
DATA,A005,6,327,1145219,0.2465,0.3719,0.6852,2.1973,0.3052,-13.1836,0.8176,,
DATA,A005,6,328,1145229,1.4083,-0.4328,1.6666,164.5508,63.9038,70.3735,2.2245,,
DATA,A005,6,329,1145239,0.6447,0.3521,1.2135,21.9116,91.5527,51.5137,1.4185,,
DATA,A005,6,330,1145249,-0.1661,0.6028,0.9520,-9.8267,69.2139,-34.6069,1.1390,,
DATA,A005,6,331,1145259,0.1671,0.3118,1.0182,-15.5029,44.4946,-8.6670,1.0779,,
DATA,A005,6,332,1145269,0.2890,0.0992,0.9891,-7.6294,24.3530,-1.4648,1.0352,,
DATA,A005,6,333,1145279,0.1398,0.1924,1.0331,20.5078,31.4331,-7.8735,1.0601,,
DATA,A005,6,334,1145289,0.1327,0.3314,0.9769,18.7378,13.0005,-8.6670,1.0401,,
DATA,A005,6,335,1145299,0.1400,0.4466,0.9886,1.1597,-4.0283,-11.1694,1.0938,,
DATA,A005,6,336,1145309,0.1552,0.3802,0.9659,-16.2354,-11.5967,-10.6201,1.0496,,
DATA,A005,6,337,1145319,0.1906,0.2984,0.9540,-32.3486,-18.4937,-10.6812,1.0176,,
DATA,A005,6,338,1145329,0.2694,0.2823,0.9759,-35.4614,-18.7378,-14.6484,1.0511,,
DATA,A005,6,339,1145339,0.2904,0.2042,0.9640,-30.0903,-19.8975,-4.3945,1.0273,,
DATA,A005,6,340,1145349,0.2811,0.3096,0.8822,-33.8135,-15.6860,8.3008,0.9763,,
DATA,A005,6,341,1145359,0.3151,-0.0095,0.9039,-15.1978,-8.7891,-4.3335,0.9573,,
DATA,A005,6,342,1145369,0.2919,0.0464,0.9540,-3.3569,-18.9209,-10.7422,0.9987,,
DATA,A005,6,343,1145379,0.3722,0.1929,0.9694,6.5918,-12.2681,-16.7236,1.0561,,
DATA,A005,6,344,1145389,0.2772,0.0784,0.8624,-9.1553,26.7944,1.4038,0.9093,,
DATA,A005,6,345,1145399,0.3051,0.2379,0.9049,-11.9629,8.0566,-22.9492,0.9841,,
DATA,A005,6,346,1145409,0.3932,0.2960,1.0323,-2.6245,3.5400,-21.2402,1.1436,,
DATA,A005,6,347,1145419,0.3925,0.3165,0.9659,-3.5400,15.0757,-15.1367,1.0896,,
DATA,A005,6,348,1145429,0.4740,0.2750,0.9679,-4.5166,17.2729,-8.6670,1.1122,,
DATA,A005,6,349,1145439,0.3632,0.1878,0.8453,-40.1611,23.7427,-24.9634,0.9390,,
DATA,A005,6,350,1145449,0.3871,0.1966,0.8566,-19.4702,27.0386,-14.7095,0.9603,,
DATA,A005,6,351,1145459,0.2555,0.1004,0.8548,7.0190,24.4141,-20.3857,0.8978,,
DATA,A005,6,352,1145469,0.2543,0.1475,0.8695,23.7427,20.2026,-22.8882,0.9179,,
DATA,A005,6,353,1145479,0.3002,0.3174,0.9225,24.4751,20.2026,-22.2168,1.0207,,
DATA,A005,6,354,1145489,0.3644,0.3155,0.9235,12.8784,27.8320,-31.3110,1.0417,,
DATA,A005,6,355,1145499,0.3629,0.1856,0.9430,-1.1597,31.0059,-22.4609,1.0273,,
DATA,A005,6,356,1145509,0.3444,0.1822,0.9552,11.2915,26.7334,-16.9678,1.0316,,
DATA,A005,6,357,1145519,0.3131,0.0411,1.0157,-11.8408,42.6025,-26.7334,1.0637,,
DATA,A005,6,358,1145529,0.3544,0.1800,0.8031,-5.7983,27.9541,-26.6724,0.8961,,
DATA,A005,6,359,1145539,0.2372,0.3155,0.8605,2.9297,41.3818,-38.1470,0.9467,,
DATA,A005,6,360,1145549,0.2350,0.3074,0.8168,6.9580,48.5840,-37.6587,0.9038,,
DATA,A005,6,361,1145559,0.3014,0.3101,0.8861,13.4888,48.6450,-25.2075,0.9860,,
DATA,A005,6,362,1145569,0.1757,0.2476,0.8878,1.5259,51.6968,-34.0576,0.9383,,
DATA,A005,6,363,1145579,0.2584,0.1400,0.9820,7.8735,48.7671,-31.1279,1.0251,,
DATA,A005,6,364,1145589,0.2860,0.1946,0.9755,14.5264,42.5415,-28.9307,1.0350,,
DATA,A005,6,365,1145599,0.2924,0.2564,0.9764,19.5923,41.6260,-29.7852,1.0510,,
DATA,A005,6,366,1145609,0.2899,0.3563,1.0150,14.5874,33.3862,-21.8506,1.1141,,
DATA,A005,6,367,1145619,0.3056,0.3199,1.0248,10.0708,32.4707,-17.5781,1.1162,,
DATA,A005,6,368,1145629,0.3012,0.3177,1.0482,7.8125,28.8086,-14.2212,1.1359,,
DATA,A005,6,369,1145639,0.2501,0.2813,1.0465,2.9907,30.3955,-15.0757,1.1121,,
DATA,A005,6,370,1145649,0.2074,0.2471,1.0228,4.3945,28.4424,-16.1743,1.0725,,
DATA,A005,6,371,1145659,0.1957,0.2662,0.9718,6.2866,24.0479,-16.2354,1.0264,,
DATA,A005,6,372,1145669,0.1994,0.3235,0.9855,4.3945,16.5405,-12.3291,1.0562,,
DATA,A005,6,373,1145679,0.1647,0.2872,0.9801,2.9907,12.5122,-12.5732,1.0345,,
DATA,A005,6,374,1145689,0.1559,0.2357,0.9855,5.3711,5.4321,-14.4653,1.0252,,
DATA,A005,6,375,1145699,0.1942,0.1937,0.9913,7.6294,3.9673,-13.2446,1.0286,,
DATA,A005,6,376,1145709,0.2265,0.1802,0.9794,11.9629,2.4414,-10.6201,1.0212,,
DATA,A005,6,377,1145719,0.2352,0.1944,0.9772,16.0522,1.4038,-10.8032,1.0237,,
DATA,A005,6,378,1145729,0.2560,0.2230,0.9755,18.6157,6.5308,-9.7656,1.0328,,
DATA,A005,6,379,1145739,0.2355,0.2193,0.9506,19.8364,11.2915,-11.4746,1.0035,,
DATA,A005,6,380,1145749,0.2128,0.2432,0.9352,22.8271,18.7988,-13.1836,0.9894,,
DATA,A005,6,381,1145759,0.1976,0.2352,0.9364,22.7661,21.7285,-14.2212,0.9855,,
DATA,A005,6,382,1145769,0.2162,0.3033,0.9708,18.6768,24.6582,-14.8926,1.0398,,
DATA,A005,6,383,1145779,0.2125,0.2999,0.9640,16.8457,25.1465,-13.1226,1.0317,,
DATA,A005,6,384,1145789,0.2172,0.2425,0.9466,18.1885,22.5830,-12.7563,1.0011,,
DATA,A005,6,385,1145799,0.2445,0.2410,0.9418,19.1650,21.0571,-12.0850,1.0024,,
DATA,A005,6,386,1145809,0.2413,0.2711,0.9784,18.7988,18.4937,-11.4746,1.0435,,
DATA,A005,6,387,1145819,0.2189,0.2901,0.9864,17.5171,19.4702,-13.1226,1.0513,,
DATA,A005,6,388,1145829,0.2279,0.3170,0.9935,14.4043,22.3999,-12.5732,1.0675,,
DATA,A005,6,389,1145839,0.1803,0.3245,0.9767,9.2773,24.2920,-13.3057,1.0449,,
DATA,A005,6,390,1145849,0.2013,0.2842,0.9620,6.8970,23.3154,-11.7188,1.0231,,
DATA,A005,6,391,1145859,0.2011,0.2774,0.9183,8.1787,24.1699,-12.2070,0.9802,,
DATA,A005,6,392,1145869,0.2335,0.3538,0.9369,4.8218,23.1323,-9.8877,1.0283,,
DATA,A005,6,393,1145879,0.2128,0.3338,0.9418,2.2583,21.4844,-7.6904,1.0216,,
DATA,A005,6,394,1145889,0.1901,0.3047,0.9601,2.5635,20.8130,-10.1318,1.0251,,
DATA,A005,6,395,1145899,0.2257,0.2899,0.9816,2.6855,20.0195,-8.2397,1.0481,,
DATA,A005,6,396,1145909,0.2409,0.2462,1.0045,3.2959,17.5781,-8.1787,1.0619,,
DATA,A005,6,397,1145919,0.2475,0.2115,0.9911,5.4321,18.8599,-10.0708,1.0432,,
DATA,A005,6,398,1145929,0.2287,0.2698,0.9474,7.8735,21.9116,-13.3667,1.0112,,
DATA,A005,6,399,1145939,0.2252,0.3179,0.9457,7.0801,22.3389,-12.9395,1.0228,,
DATA,A005,6,400,1145949,0.2116,0.3370,0.9191,2.8076,21.3623,-11.9629,1.0015,,
DATA,A005,6,401,1145959,0.2499,0.3904,0.9156,2.4414,17.5171,-7.7515,1.0263,,
DATA,A005,6,402,1145969,0.1701,0.3182,0.9752,-8.0566,12.4512,-7.8125,1.0398,,
DATA,A005,6,403,1145979,0.1410,0.2335,0.9615,-4.7607,11.2305,-9.7046,0.9995,,
DATA,A005,6,404,1145989,0.1483,0.1995,0.9571,1.5869,14.5874,-14.3433,0.9889,,
DATA,A005,6,405,1145999,0.1705,0.2476,0.9789,8.4839,15.3198,-15.6860,1.0240,,
DATA,A005,6,406,1146009,0.1798,0.2581,0.9947,10.4980,15.5640,-15.6860,1.0433,,
DATA,A005,6,407,1146019,0.2025,0.2371,1.0138,13.8550,17.2729,-15.1367,1.0607,,
DATA,A005,6,408,1146029,0.2167,0.2452,1.0135,14.9536,17.1509,-14.0991,1.0650,,
DATA,A005,6,409,1146039,0.2221,0.2784,0.9979,15.6860,16.4795,-12.2681,1.0595,,
DATA,A005,6,410,1146049,0.2460,0.3006,1.0026,14.4653,16.8457,-9.4604,1.0752,,
EVENT,A005,6,,1146053,,,,,,,,STOP,410
EVENT,A005,7,,1155537,,,,,,,,START,
DATA,A005,7,1,1155560,0.0277,0.0323,0.9979,28.5034,93.8110,42.7246,0.9988,,
DATA,A005,7,2,1155570,-0.1893,-0.1447,0.9750,45.6543,91.0645,11.1084,1.0037,,
DATA,A005,7,3,1155580,-0.2047,0.0775,0.9413,65.5518,89.7827,-11.9629,0.9664,,
DATA,A005,7,4,1155590,-0.1627,0.2347,0.9166,72.3267,90.5151,-13.3057,0.9601,,
DATA,A005,7,5,1155600,-0.1708,0.3189,0.8834,70.1294,89.5996,-10.5591,0.9546,,
DATA,A005,7,6,1155610,-0.1109,0.4188,0.8614,65.3687,85.7544,6.7749,0.9642,,
DATA,A005,7,7,1155620,-0.0865,0.4073,0.8439,49.6826,84.2896,18.3716,0.9410,,
DATA,A005,7,8,1155630,0.0482,0.3995,0.7582,28.9307,109.3140,34.5459,0.8583,,
DATA,A005,7,9,1155640,0.0722,0.3318,0.7408,18.0664,117.8589,46.6919,0.8150,,
DATA,A005,7,10,1155650,0.0248,0.2139,0.6654,11.8408,125.4272,53.4058,0.6994,,
DATA,A005,7,11,1155660,-0.0348,0.1233,0.5995,14.7095,115.1733,65.9180,0.6130,,
DATA,A005,7,12,1155670,-0.2613,-0.0541,0.6019,31.0059,97.4121,76.6602,0.6584,,
DATA,A005,7,13,1155680,-0.3837,0.1119,0.4708,47.5464,62.6221,59.8145,0.6176,,
DATA,A005,7,14,1155690,-0.3382,1.0975,0.3353,74.7681,47.1802,112.0605,1.1964,,
DATA,A005,7,15,1155700,0.2055,0.5254,0.4955,108.5815,102.0508,242.6758,0.7509,,
DATA,A005,7,16,1155710,-0.0528,0.2847,0.4401,41.9312,133.4839,135.8032,0.5268,,
DATA,A005,7,17,1155720,-0.2926,0.0718,0.5179,38.0249,133.8501,64.6362,0.5992,,
DATA,A005,7,18,1155730,-0.4508,0.0858,0.5360,60.1196,109.6191,67.3828,0.7056,,
DATA,A005,7,19,1155740,-0.5594,0.2503,0.6166,112.3047,58.0444,84.1675,0.8694,,
DATA,A005,7,20,1155750,-0.4530,0.3719,0.6852,131.9580,23.4985,87.0361,0.9016,,
DATA,A005,7,21,1155760,-0.2010,0.4437,0.7318,136.6577,-2.9297,87.4634,0.8791,,
DATA,A005,7,22,1155770,-0.0043,0.4405,0.7797,138.8550,0.0000,88.9282,0.8955,,
DATA,A005,7,23,1155780,0.1998,0.4551,0.8038,146.6064,33.5693,92.9565,0.9451,,
DATA,A005,7,24,1155790,0.2421,0.4913,0.7838,151.0010,69.3970,94.7266,0.9562,,
DATA,A005,7,25,1155800,0.1398,0.5699,0.7367,153.3813,120.3003,97.1069,0.9418,,
DATA,A005,7,26,1155810,-0.0484,0.6336,0.7081,152.8320,137.9395,99.1211,0.9514,,
DATA,A005,7,27,1155820,-0.2540,0.7020,0.6388,151.8555,134.5215,107.4829,0.9825,,
DATA,A005,7,28,1155830,-0.2770,0.7156,0.5922,153.1372,117.0044,116.6382,0.9693,,
DATA,A005,7,29,1155840,-0.1573,0.7364,0.5228,158.6914,94.2993,134.2773,0.9167,,
DATA,A005,7,30,1155850,-0.0106,0.7525,0.5033,162.8418,96.5576,145.9961,0.9054,,
DATA,A005,7,31,1155860,0.1757,0.8023,0.4208,168.8843,131.4087,161.1938,0.9228,,
DATA,A005,7,32,1155870,0.2233,0.8504,0.3741,174.0112,173.7671,167.4194,0.9555,,
DATA,A005,7,33,1155880,0.2413,0.9744,0.3136,181.0303,252.9297,172.7295,1.0517,,
DATA,A005,7,34,1155890,0.2113,1.0535,0.2308,181.4575,305.2979,178.4058,1.0990,,
DATA,A005,7,35,1155900,0.1117,1.1839,0.1439,180.7251,377.3193,187.9883,1.1978,,
DATA,A005,7,36,1155910,0.0343,1.2791,0.0922,178.4668,416.6260,193.9697,1.2829,,
DATA,A005,7,37,1155920,-0.0868,1.4398,0.0196,172.9126,462.7075,203.3691,1.4425,,
DATA,A005,7,38,1155930,-0.1861,1.5347,-0.0311,166.9922,487.3657,206.4819,1.5463,,
DATA,A005,7,39,1155940,-0.2928,1.6700,-0.0726,155.8228,516.3574,211.1816,1.6970,,
DATA,A005,7,40,1155950,-0.3841,1.7725,-0.0846,146.7896,530.0903,208.3740,1.8156,,
DATA,A005,7,41,1155960,-0.4545,1.8731,-0.0138,127.8076,544.6777,192.8711,1.9275,,
DATA,A005,7,42,1155970,-0.4991,1.8841,0.0033,108.4595,547.8516,184.4482,1.9491,,
DATA,A005,7,43,1155980,-0.6329,1.7972,0.0426,78.7354,530.7617,177.9785,1.9058,,
DATA,A005,7,44,1155990,-0.7079,1.7090,0.1053,61.7065,504.7607,173.2788,1.8528,,
DATA,A005,7,45,1156000,-0.7430,1.5362,0.1481,35.9497,444.1528,160.3394,1.7129,,
DATA,A005,7,46,1156010,-0.6932,1.4354,0.1510,20.6909,394.7144,148.7427,1.6011,,
DATA,A005,7,47,1156020,-0.6324,1.3550,0.1315,9.2773,344.3604,139.2212,1.5011,,
DATA,A005,7,48,1156030,-0.5860,1.2776,0.0773,-0.9766,270.9351,125.6104,1.4078,,
DATA,A005,7,49,1156040,-0.5670,1.2418,0.0394,-4.8218,223.8159,116.3330,1.3657,,
DATA,A005,7,50,1156050,-0.5758,1.1937,0.0128,-6.2866,157.0435,104.9805,1.3253,,
DATA,A005,7,51,1156060,-0.5851,1.1736,0.0089,-4.8218,114.9292,98.3887,1.3114,,
DATA,A005,7,52,1156070,-0.5951,1.1539,0.0133,-2.1362,58.6548,87.4023,1.2983,,
DATA,A005,7,53,1156080,-0.5875,1.1404,0.0270,0.4883,24.9634,80.6274,1.2832,,
DATA,A005,7,54,1156090,-0.5521,1.1258,0.0480,2.5635,-17.2119,72.2046,1.2548,,
DATA,A005,7,55,1156100,-0.5126,1.0992,0.0521,1.3428,-41.1377,67.2607,1.2139,,
DATA,A005,7,56,1156110,-0.4562,1.0179,0.0629,-2.7466,-69.8853,59.8755,1.1172,,
DATA,A005,7,57,1156120,-0.4005,0.9534,0.0646,-5.3101,-82.9468,55.1147,1.0361,,
DATA,A005,7,58,1156130,-0.3197,0.8509,0.0563,-7.5073,-92.5903,48.8892,0.9107,,
DATA,A005,7,59,1156140,-0.2611,0.7903,0.0553,-7.3853,-91.4307,44.2505,0.8342,,
DATA,A005,7,60,1156150,-0.1927,0.7366,0.0492,-3.2959,-78.7354,37.3535,0.7630,,
DATA,A005,7,61,1156160,-0.1625,0.7396,0.0448,2.0752,-64.5142,33.5083,0.7585,,
DATA,A005,7,62,1156170,-0.1278,0.7979,0.0504,12.1460,-38.5742,29.7241,0.8096,,
DATA,A005,7,63,1156180,-0.1222,0.8638,0.0704,17.5171,-19.5923,28.0762,0.8753,,
DATA,A005,7,64,1156190,-0.1341,0.9495,0.1061,19.4702,8.1177,25.8789,0.9648,,
DATA,A005,7,65,1156200,-0.1459,0.9793,0.1217,16.2354,25.5737,24.3530,0.9976,,
DATA,A005,7,66,1156210,-0.1544,0.9825,0.1381,10.2539,49.3774,21.6675,1.0041,,
DATA,A005,7,67,1156220,-0.1595,0.9725,0.1317,7.9346,65.8569,19.5312,0.9942,,
DATA,A005,7,68,1156230,-0.1615,0.9725,0.1166,8.8501,91.4307,15.6250,0.9927,,
DATA,A005,7,69,1156240,-0.1661,0.9908,0.1075,11.4746,108.2764,12.7563,1.0104,,
DATA,A005,7,70,1156250,-0.1764,1.0325,0.1227,14.9536,130.0049,7.6904,1.0546,,
DATA,A005,7,71,1156260,-0.1852,1.0530,0.1451,15.1367,140.8691,3.9673,1.0790,,
DATA,A005,7,72,1156270,-0.2037,1.0396,0.1744,11.4746,150.5737,-1.5869,1.0736,,
DATA,A005,7,73,1156280,-0.2040,0.9993,0.1930,8.4839,153.4424,-5.1270,1.0380,,
DATA,A005,7,74,1156290,-0.1996,0.9295,0.2062,6.7139,154.1748,-10.0098,0.9728,,
DATA,A005,7,75,1156300,-0.2018,0.8963,0.2020,7.4463,153.9307,-12.6953,0.9407,,
DATA,A005,7,76,1156310,-0.2103,0.8585,0.2062,11.4136,152.4658,-15.5640,0.9076,,
DATA,A005,7,77,1156320,-0.2252,0.8516,0.2174,14.5874,149.1089,-15.8081,0.9073,,
DATA,A005,7,78,1156330,-0.2562,0.8499,0.2357,18.3716,140.1978,-14.7705,0.9185,,
DATA,A005,7,79,1156340,-0.2721,0.8443,0.2587,20.2637,131.1646,-13.5498,0.9240,,
DATA,A005,7,80,1156350,-0.2960,0.8287,0.2809,22.0337,114.1968,-11.2305,0.9237,,
DATA,A005,7,81,1156360,-0.3048,0.8113,0.2916,23.3154,101.4404,-9.7046,0.9144,,
DATA,A005,7,82,1156370,-0.3002,0.7830,0.3155,26.7334,81.2378,-6.9580,0.8960,,
DATA,A005,7,83,1156380,-0.2880,0.7715,0.3321,29.4800,68.2983,-5.0659,0.8880,,
DATA,A005,7,84,1156390,-0.2621,0.7488,0.3749,33.3862,50.5371,-2.2583,0.8775,,
DATA,A005,7,85,1156400,-0.2474,0.7354,0.4093,35.1562,39.7949,-0.7324,0.8772,,
DATA,A005,7,86,1156410,-0.2389,0.7208,0.4452,36.9263,29.7241,0.7324,0.8802,,
DATA,A005,7,87,1156420,-0.2333,0.7164,0.4908,39.0015,12.8174,3.1128,0.8992,,
DATA,A005,7,88,1156430,-0.2286,0.7239,0.5118,39.6729,0.1831,4.1504,0.9156,,
DATA,A005,7,89,1156440,-0.2098,0.7642,0.5377,40.8325,-18.1274,5.3711,0.9577,,
DATA,A005,7,90,1156450,-0.1888,0.8060,0.5414,41.0156,-29.0527,6.2866,0.9891,,
DATA,A005,7,91,1156460,-0.1529,0.8743,0.5353,39.0625,-40.1001,7.0190,1.0365,,
DATA,A005,7,92,1156470,-0.1258,0.9080,0.5148,35.9497,-43.5791,6.9580,1.0513,,
DATA,A005,7,93,1156480,-0.0895,0.9549,0.4701,30.5786,-42.1753,6.4087,1.0681,,
DATA,A005,7,94,1156490,-0.0736,0.9815,0.4401,28.1982,-38.2080,6.0425,1.0782,,
DATA,A005,7,95,1156500,-0.0665,1.0364,0.3905,25.5127,-30.2734,6.1646,1.1096,,
DATA,A005,7,96,1156510,-0.0616,1.0692,0.3592,23.4375,-24.5361,6.5308,1.1296,,
DATA,A005,7,97,1156520,-0.0599,1.1277,0.3185,18.8599,-17.4561,6.4087,1.1734,,
DATA,A005,7,98,1156530,-0.0550,1.1656,0.2904,15.8691,-13.4888,6.2256,1.2025,,
DATA,A005,7,99,1156540,-0.0453,1.2466,0.2645,13.7329,-7.9956,6.7749,1.2752,,
DATA,A005,7,100,1156550,-0.0367,1.3091,0.2650,12.6343,-3.7231,7.8735,1.3362,,
DATA,A005,7,101,1156560,-0.0201,1.3746,0.2692,3.0518,6.8359,6.3477,1.4008,,
DATA,A005,7,102,1156570,-0.0101,1.3726,0.2567,-8.6060,17.8833,2.5024,1.3965,,
DATA,A005,7,103,1156580,-0.0087,1.3441,0.2132,-22.3999,38.8794,-4.9438,1.3609,,
DATA,A005,7,104,1156590,-0.0201,1.3702,0.1918,-23.7427,53.4668,-8.6670,1.3837,,
DATA,A005,7,105,1156600,-0.0506,1.5030,0.1927,-20.6909,73.9136,-14.0381,1.5161,,
DATA,A005,7,106,1156610,-0.0697,1.5994,0.1935,-25.6958,86.7310,-21.4233,1.6126,,
DATA,A005,7,107,1156620,-0.0751,1.6209,0.1722,-49.1943,107.2388,-40.6494,1.6318,,
DATA,A005,7,108,1156630,-0.0604,1.5345,0.1500,-67.5659,120.9106,-56.5796,1.5430,,
DATA,A005,7,109,1156640,-0.0282,1.3443,0.1376,-83.4351,141.4185,-80.3833,1.3516,,
DATA,A005,7,110,1156650,-0.0001,1.2496,0.1554,-84.9609,153.6865,-94.7876,1.2592,,
DATA,A005,7,111,1156660,0.0260,1.1817,0.1825,-82.3975,170.8374,-114.9292,1.1960,,
DATA,A005,7,112,1156670,0.0258,1.1692,0.1976,-80.8105,180.9082,-127.4414,1.1861,,
DATA,A005,7,113,1156680,0.0206,1.1487,0.2147,-80.4443,189.6362,-142.5171,1.1688,,
DATA,A005,7,114,1156690,0.0172,1.1309,0.2281,-79.8950,191.5283,-149.5972,1.1538,,
DATA,A005,7,115,1156700,0.0065,1.0704,0.2325,-78.9795,194.0308,-155.9448,1.0954,,
DATA,A005,7,116,1156710,-0.0204,1.0018,0.2211,-78.6743,197.8760,-158.0200,1.0261,,
DATA,A005,7,117,1156720,-0.0614,0.9337,0.2084,-77.3926,202.6978,-158.4473,0.9586,,
DATA,A005,7,118,1156730,-0.1312,0.8431,0.1749,-71.5942,211.0596,-155.9448,0.8710,,
DATA,A005,7,119,1156740,-0.1778,0.8023,0.1571,-64.6362,214.9048,-153.1372,0.8367,,
DATA,A005,7,120,1156750,-0.2425,0.7662,0.1405,-53.2837,214.5386,-147.8882,0.8158,,
DATA,A005,7,121,1156760,-0.2796,0.7598,0.1366,-46.9971,209.3506,-143.6157,0.8211,,
DATA,A005,7,122,1156770,-0.3194,0.7535,0.1224,-39.6729,195.0684,-136.5967,0.8275,,
DATA,A005,7,123,1156780,-0.3273,0.7557,0.1141,-36.0718,179.6265,-131.7749,0.8314,,
DATA,A005,7,124,1156790,-0.3375,0.7674,0.0912,-30.0903,150.5737,-123.9014,0.8433,,
DATA,A005,7,125,1156800,-0.3343,0.7862,0.0760,-26.0620,128.9673,-118.7744,0.8577,,
DATA,A005,7,126,1156810,-0.3121,0.8323,0.0631,-20.8740,96.2524,-111.3281,0.8912,,
DATA,A005,7,127,1156820,-0.2906,0.8716,0.0599,-18.3716,77.3926,-106.6284,0.9208,,
DATA,A005,7,128,1156830,-0.2682,0.9334,0.0585,-16.2354,54.1382,-99.9146,0.9729,,
DATA,A005,7,129,1156840,-0.2504,0.9622,0.0563,-17.2119,42.9077,-95.1538,0.9958,,
DATA,A005,7,130,1156850,-0.2208,0.9593,0.0558,-21.8506,31.4941,-88.4399,0.9860,,
DATA,A005,7,131,1156860,-0.2062,0.9246,0.0477,-26.3672,26.3672,-84.4116,0.9485,,
DATA,A005,7,132,1156870,-0.1908,0.8609,0.0353,-30.2734,24.5361,-79.0405,0.8825,,
DATA,A005,7,133,1156880,-0.1820,0.8204,0.0367,-29.4189,26.5503,-76.2329,0.8411,,
DATA,A005,7,134,1156890,-0.1815,0.7925,0.0416,-24.3530,34.3628,-72.9980,0.8141,,
DATA,A005,7,135,1156900,-0.1896,0.7881,0.0538,-20.9961,40.9546,-71.7163,0.8124,,
DATA,A005,7,136,1156910,-0.2015,0.7942,0.0624,-18.4937,50.1099,-70.0073,0.8218,,
DATA,A005,7,137,1156920,-0.1962,0.7874,0.0697,-18.4326,55.3589,-68.6646,0.8145,,
DATA,A005,7,138,1156930,-0.1876,0.7801,0.0765,-18.5547,62.2559,-66.1011,0.8060,,
DATA,A005,7,139,1156940,-0.1783,0.7740,0.0768,-18.1885,66.7725,-64.0869,0.7980,,
DATA,A005,7,140,1156950,-0.1739,0.7659,0.0763,-18.3716,72.9980,-60.6689,0.7891,,
DATA,A005,7,141,1156960,-0.1813,0.7540,0.0729,-19.5923,77.0264,-58.2886,0.7789,,
DATA,A005,7,142,1156970,-0.2023,0.7259,0.0604,-22.6440,82.3364,-54.5044,0.7560,,
DATA,A005,7,143,1156980,-0.2167,0.7061,0.0587,-23.8647,85.0220,-51.4526,0.7409,,
DATA,A005,7,144,1156990,-0.2411,0.7025,0.0594,-24.0479,87.8296,-46.5698,0.7450,,
DATA,A005,7,145,1157000,-0.2584,0.7249,0.0602,-23.0713,89.3555,-43.2129,0.7719,,
DATA,A005,7,146,1157010,-0.2796,0.7686,0.0597,-24.7803,90.6982,-38.1470,0.8201,,
DATA,A005,7,147,1157020,-0.2921,0.7850,0.0585,-29.0527,91.3696,-35.2173,0.8396,,
DATA,A005,7,148,1157030,-0.3065,0.7842,0.0626,-37.1704,90.5151,-30.7007,0.8443,,
DATA,A005,7,149,1157040,-0.3131,0.7715,0.0594,-41.6260,89.6606,-27.5879,0.8348,,
DATA,A005,7,150,1157050,-0.3199,0.7535,0.0597,-45.4102,88.6230,-24.6582,0.8208,,
DATA,A005,7,151,1157060,-0.3363,0.7139,0.0743,-49.4995,84.7778,-20.6299,0.7927,,
DATA,A005,7,152,1157070,-0.3473,0.7034,0.0887,-51.7578,81.8481,-18.0664,0.7895,,
DATA,A005,7,153,1157080,-0.3751,0.6968,0.1132,-54.7485,75.8057,-15.0146,0.7994,,
DATA,A005,7,154,1157090,-0.3927,0.6883,0.1288,-57.4341,71.9604,-14.7095,0.8028,,
DATA,A005,7,155,1157100,-0.4156,0.6717,0.1464,-62.3779,66.1011,-16.0522,0.8033,,
DATA,A005,7,156,1157110,-0.4300,0.6644,0.1534,-65.0024,61.1572,-17.0288,0.8061,,
DATA,A005,7,157,1157120,-0.4625,0.6636,0.1678,-66.6504,51.2085,-18.2495,0.8261,,
DATA,A005,7,158,1157130,-0.4779,0.6751,0.1710,-66.8335,44.3726,-18.7988,0.8446,,
DATA,A005,7,159,1157140,-0.4852,0.7010,0.1669,-68.6035,34.4849,-19.1040,0.8687,,
DATA,A005,7,160,1157150,-0.4833,0.7108,0.1615,-70.4956,28.5034,-18.6157,0.8745,,
DATA,A005,7,161,1157160,-0.4957,0.7217,0.1564,-72.5708,20.8740,-15.9912,0.8894,,
DATA,A005,7,162,1157170,-0.5035,0.7269,0.1659,-72.1436,17.5171,-13.7939,0.8997,,
DATA,A005,7,163,1157180,-0.4942,0.7244,0.2071,-73.8525,15.8691,-14.1602,0.9011,,
DATA,A005,7,164,1157190,-0.4733,0.6939,0.2486,-78.5522,16.9678,-15.1367,0.8760,,
DATA,A005,7,165,1157200,-0.4266,0.5916,0.3092,-89.5996,18.4326,-17.5171,0.7922,,
DATA,A005,7,166,1157210,-0.3927,0.4996,0.3168,-95.5811,17.9443,-19.3481,0.7100,,
DATA,A005,7,167,1157220,-0.3778,0.3467,0.3214,-98.5718,11.5356,-23.6206,0.6052,,
DATA,A005,7,168,1157230,-0.4181,0.2791,0.3507,-94.4214,6.5308,-26.4893,0.6129,,
DATA,A005,7,169,1157240,-0.5160,0.3067,0.4034,-81.0547,3.4180,-32.5317,0.7232,,
DATA,A005,7,170,1157250,-0.5987,0.4151,0.4508,-70.4956,0.7324,-37.1704,0.8567,,
DATA,A005,7,171,1157260,-0.7242,0.6619,0.5599,-64.5142,-9.0332,-44.6777,1.1297,,
DATA,A005,7,172,1157270,-0.7709,0.8128,0.5795,-72.9370,-16.8457,-51.5137,1.2612,,
DATA,A005,7,173,1157280,-0.7611,0.8909,0.5648,-95.9473,-33.2642,-60.3638,1.3008,,
DATA,A005,7,174,1157290,-0.7049,0.8453,0.5340,-109.0698,-40.9546,-62.3779,1.2234,,
DATA,A005,7,175,1157300,-0.6390,0.6866,0.5223,-118.2861,-40.7104,-61.2183,1.0736,,
DATA,A005,7,176,1157310,-0.6466,0.6046,0.5377,-116.8213,-33.3252,-59.9976,1.0357,,
DATA,A005,7,177,1157320,-0.7171,0.6006,0.5814,-106.0791,-17.9443,-58.0444,1.1014,,
DATA,A005,7,178,1157330,-0.7679,0.6841,0.6080,-97.1680,-10.8643,-55.0537,1.1948,,
DATA,A005,7,179,1157340,-0.8382,0.8106,0.6573,-93.9941,-13.7329,-50.9644,1.3386,,
DATA,A005,7,180,1157350,-0.8121,0.8370,0.6537,-100.2197,-18.0664,-51.6968,1.3369,,
DATA,A005,7,181,1157360,-0.6947,0.7430,0.6254,-112.6709,-28.1982,-52.0020,1.1940,,
DATA,A005,7,182,1157370,-0.6515,0.6290,0.6500,-115.5396,-29.8462,-54.8096,1.1147,,
DATA,A005,7,183,1157380,-0.7098,0.5067,0.7106,-110.6567,-22.0337,-63.9038,1.1249,,
DATA,A005,7,184,1157390,-0.8212,0.4869,0.7748,-102.9053,-17.2729,-70.2515,1.2295,,
DATA,A005,7,185,1157400,-1.0223,0.5858,0.8924,-88.7451,-22.1558,-80.7495,1.4781,,
DATA,A005,7,186,1157410,-1.1261,0.6993,0.9269,-82.3364,-36.0718,-83.4351,1.6175,,
DATA,A005,7,187,1157420,-1.2081,0.7881,0.9791,-80.5054,-61.2183,-84.3506,1.7434,,
DATA,A005,7,188,1157430,-1.2167,0.8602,1.0030,-88.1958,-98.4497,-90.1489,1.7962,,
DATA,A005,7,189,1157440,-1.1883,0.8533,1.0536,-96.8018,-124.3286,-96.1304,1.8029,,
DATA,A005,7,190,1157450,-1.2198,0.8504,1.1732,-110.5957,-148.6206,-106.5674,1.8941,,
DATA,A005,7,191,1157460,-1.2731,0.8768,1.2225,-120.4224,-155.4565,-116.2109,1.9708,,
DATA,A005,7,192,1157470,-1.2701,0.9136,1.2132,-133.3008,-154.6021,-132.9956,1.9799,,
DATA,A005,7,193,1157480,-1.1620,0.8821,1.1127,-142.0288,-149.1089,-142.5171,1.8348,,
DATA,A005,7,194,1157490,-0.8805,0.7198,0.8866,-152.2217,-134.3994,-149.0479,1.4420,,
DATA,A005,7,195,1157500,-0.7350,0.5879,0.7811,-156.6162,-120.6665,-150.5127,1.2231,,
DATA,A005,7,196,1157510,-0.5743,0.3868,0.6171,-159.9731,-91.3696,-150.2075,0.9275,,
DATA,A005,7,197,1157520,-0.5265,0.2615,0.5553,-156.9824,-71.7163,-145.7520,0.8087,,
DATA,A005,7,198,1157530,-0.6088,0.1338,0.5607,-147.5220,-46.3257,-140.5029,0.8384,,
DATA,A005,7,199,1157540,-0.7047,0.0962,0.5389,-139.8315,-33.3252,-139.0991,0.8924,,
DATA,A005,7,200,1157550,-0.8116,0.0684,0.5421,-125.4883,-36.7432,-132.0801,0.9784,,
DATA,A005,7,201,1157560,-0.8710,0.0833,0.5756,-115.1123,-50.9033,-126.2207,1.0473,,
DATA,A005,7,202,1157570,-0.9071,0.1150,0.6327,-104.7974,-74.8291,-118.4692,1.1119,,
DATA,A005,7,203,1157580,-0.9308,0.1368,0.6879,-101.8066,-92.5903,-115.2954,1.1654,,
DATA,A005,7,204,1157590,-0.8585,0.1368,0.6666,-99.5483,-107.5439,-112.1216,1.0955,,
DATA,A005,7,205,1157600,-0.7596,0.1177,0.6486,-96.6187,-112.5488,-109.3750,1.0057,,
DATA,A005,7,206,1157610,-0.6410,0.1209,0.6332,-93.5669,-105.5908,-108.2764,0.9091,,
DATA,A005,7,207,1157620,-0.5685,0.1243,0.6051,-95.5200,-95.2148,-108.7036,0.8395,,
DATA,A005,7,208,1157630,-0.4388,0.0733,0.5831,-97.4121,-80.0781,-102.8442,0.7335,,
DATA,A005,7,209,1157640,-0.3846,-0.0009,0.6066,-95.5811,-69.3970,-98.6938,0.7182,,
DATA,A005,7,210,1157650,-0.3893,-0.1555,0.6537,-93.0786,-43.3350,-91.7358,0.7765,,
DATA,A005,7,211,1157660,-0.4166,-0.2971,0.6822,-89.9658,-21.7285,-81.4819,0.8528,,
DATA,A005,7,212,1157670,-0.4496,-0.5195,0.7150,-77.6367,10.0098,-53.6499,0.9915,,
DATA,A005,7,213,1157680,-0.4498,-0.6403,0.7103,-63.3545,28.8696,-26.7334,1.0568,,
DATA,A005,7,214,1157690,-0.4357,-0.7536,0.7108,-39.3066,47.5464,18.2495,1.1238,,
DATA,A005,7,215,1157700,-0.4427,-0.7692,0.6952,-21.0571,57.8613,45.2271,1.1274,,
DATA,A005,7,216,1157710,-0.4798,-0.6811,0.6998,12.6953,74.9512,72.7539,1.0881,,
DATA,A005,7,217,1157720,-0.5438,-0.5527,0.7401,37.5366,83.7402,80.2002,1.0719,,
DATA,A005,7,218,1157730,-0.6114,-0.4011,0.8299,59.5703,88.7451,80.9326,1.1061,,
DATA,A005,7,219,1157740,-0.6984,-0.1935,0.9359,75.5615,79.5288,71.9604,1.1837,,
DATA,A005,7,220,1157750,-0.6698,-0.1022,0.9298,77.9419,57.6782,64.6362,1.1505,,
DATA,A005,7,221,1157760,-0.5516,-0.0800,0.9291,83.8623,1.3428,49.9268,1.0834,,
DATA,A005,7,222,1157770,-0.3341,-0.1154,0.8370,91.9800,-40.1001,16.3574,0.9086,,
DATA,A005,7,223,1157780,-0.1146,-0.1347,0.7296,92.4683,-53.7109,0.4272,0.7507,,
DATA,A005,7,224,1157790,0.0956,-0.1752,0.6205,90.9424,-47.3022,-3.4790,0.6518,,
DATA,A005,7,225,1157800,0.2699,-0.2695,0.5172,100.4028,-4.6387,-11.9019,0.6426,,
DATA,A005,7,226,1157810,0.2509,-0.3049,0.4916,116.8213,28.4424,-24.6582,0.6305,,
DATA,A005,7,227,1157820,0.0827,-0.2385,0.5077,142.6392,50.4150,-36.6821,0.5670,,
DATA,A005,7,228,1157830,-0.0277,-0.1787,0.5487,150.5737,36.3770,-36.8652,0.5777,,
DATA,A005,7,229,1157840,-0.1627,-0.1340,0.7223,149.9634,-20.3857,-28.9917,0.7524,,
DATA,A005,7,230,1157850,-0.2296,-0.1132,0.9044,149.3530,-69.2749,-21.5454,0.9399,,
DATA,A005,7,231,1157860,-0.2313,-0.0361,1.2943,143.0054,-125.3662,-14.4653,1.3153,,
DATA,A005,7,232,1157870,-0.2123,0.0477,1.4786,131.3477,-140.4419,-22.0947,1.4945,,
DATA,A005,7,233,1157880,-0.3378,0.1866,1.7142,115.1733,-169.1284,-38.9404,1.7571,,
DATA,A005,7,234,1157890,-0.2233,0.2064,1.5775,87.0972,-195.6177,-39.0625,1.6065,,
DATA,A005,7,235,1157900,0.1405,0.2049,1.3414,69.3359,-196.5332,-34.4849,1.3642,,
DATA,A005,7,236,1157910,0.2355,0.1443,1.0795,54.5654,-188.1104,-23.4375,1.1142,,
DATA,A005,7,237,1157920,0.2592,0.1295,1.4996,38.3911,-145.8740,-24.9634,1.5274,,
DATA,A005,7,238,1157930,0.4223,0.1456,1.6410,10.2539,-127.9907,-32.7759,1.7007,,
DATA,A005,7,239,1157940,0.5849,-0.0651,1.5831,-28.4424,-70.8008,-9.7046,1.6890,,
DATA,A005,7,240,1157950,0.4699,-0.1760,1.4508,-32.4707,-19.2871,-9.3384,1.5351,,
DATA,A005,7,241,1157960,0.1935,-0.2075,1.2140,-29.9683,29.8462,-13.5498,1.2467,,
DATA,A005,7,242,1157970,0.0045,-0.1923,1.0458,-22.6440,38.9404,-2.1362,1.0633,,
DATA,A005,7,243,1157980,-0.1161,-0.1552,0.8590,-8.9722,34.6069,12.2070,0.8806,,
DATA,A005,7,244,1157990,-0.1490,-0.1286,0.8431,5.6152,26.9165,16.2354,0.8658,,
DATA,A005,7,245,1158000,-0.2469,-0.0141,0.8436,31.0669,12.7563,18.0054,0.8791,,
DATA,A005,7,246,1158010,-0.3497,0.0682,0.9095,36.4380,-0.4272,17.0898,0.9768,,
DATA,A005,7,247,1158020,-0.5077,0.2044,0.9972,40.2222,-23.6206,6.3477,1.1375,,
DATA,A005,7,248,1158030,-0.5043,0.2891,1.0038,35.4004,-37.5977,0.0610,1.1599,,
DATA,A005,7,249,1158040,-0.4012,0.3043,0.9484,22.9492,-51.3916,-7.9346,1.0737,,
DATA,A005,7,250,1158050,-0.3150,0.2527,0.9020,17.5171,-53.6499,-13.9771,0.9883,,
DATA,A005,7,251,1158060,-0.2547,0.1858,0.8961,14.5264,-47.8516,-22.3389,0.9500,,
DATA,A005,7,252,1158070,-0.2606,0.1746,0.8776,9.7046,-40.2222,-27.1606,0.9319,,
DATA,A005,7,253,1158080,-0.2809,0.1661,0.8461,10.0708,-39.1846,-34.1797,0.9068,,
DATA,A005,7,254,1158090,-0.2884,0.1734,0.9098,12.0850,-53.1006,-39.1846,0.9700,,
DATA,A005,7,255,1158100,-0.2589,0.1722,0.9364,13.4888,-62.9883,-42.3584,0.9867,,
DATA,A005,7,256,1158110,-0.1380,0.2249,0.9322,27.4658,-79.8950,-39.2456,0.9689,,
DATA,A005,7,257,1158120,-0.0235,0.1685,0.9213,9.8877,-80.4443,-38.2080,0.9368,,
DATA,A005,7,258,1158130,0.1041,0.0347,0.9532,-3.7842,-67.3828,-36.0107,0.9595,,
DATA,A005,7,259,1158140,0.1310,-0.0400,0.9405,-7.3242,-53.5889,-33.3252,0.9505,,
DATA,A005,7,260,1158150,0.1068,-0.0668,0.9696,3.1128,-35.4614,-30.3345,0.9777,,
DATA,A005,7,261,1158160,0.0812,-0.0544,1.0514,12.2681,-31.1890,-28.3813,1.0559,,
DATA,A005,7,262,1158170,0.0160,-0.0588,1.1212,14.3433,-31.9214,-24.4141,1.1229,,
DATA,A005,7,263,1158180,-0.1669,0.0799,1.0726,6.0425,-37.1094,-26.7334,1.0885,,
DATA,A005,7,264,1158190,-0.0856,0.0914,1.1935,-20.5078,-84.3506,-76.4160,1.2000,,
DATA,A005,7,265,1158200,0.2123,-0.0334,1.0572,-33.6914,-83.2520,-43.5791,1.0789,,
DATA,A005,7,266,1158210,0.2155,-0.1647,1.0890,-30.3955,-62.8052,-22.5830,1.1222,,
DATA,A005,7,267,1158220,0.2079,-0.2206,1.0904,-16.2354,-47.9126,-23.2544,1.1318,,
DATA,A005,7,268,1158230,0.1505,-0.2695,1.0575,13.9771,-27.7710,-17.4561,1.1016,,
DATA,A005,7,269,1158240,0.1591,-0.3474,1.0253,46.3867,-25.8179,-7.0190,1.0941,,
DATA,A005,7,270,1158250,0.0614,0.2310,1.0499,50.4761,-25.5127,-15.9302,1.0768,,
DATA,A005,7,271,1158260,0.0629,0.3157,1.0426,26.6113,-28.2593,-19.8364,1.0912,,
DATA,A005,7,272,1158270,0.0983,0.1912,1.0113,-2.6245,-25.0244,-16.0522,1.0339,,
DATA,A005,7,273,1158280,0.0858,0.0418,1.0006,-9.6436,-22.5830,-12.6953,1.0051,,
DATA,A005,7,274,1158290,0.0177,0.0753,1.0392,-8.9111,-22.3999,-20.2637,1.0420,,
DATA,A005,7,275,1158300,-0.0384,0.2437,1.0863,-19.4092,-27.6489,-22.5220,1.1140,,
DATA,A005,7,276,1158310,0.0011,-0.1425,0.8990,-24.1699,-33.0200,-23.7427,0.9103,,
DATA,A005,7,277,1158320,0.1942,-0.1767,0.9029,13.3057,-58.2275,-9.2163,0.9403,,
DATA,A005,7,278,1158330,0.2213,0.1634,0.9613,15.8081,-12.4512,7.9956,0.9999,,
DATA,A005,7,279,1158340,0.1683,0.2711,0.9701,-1.4038,7.2632,-6.8359,1.0212,,
DATA,A005,7,280,1158350,0.0565,0.1370,0.9366,-30.0293,2.6245,-7.3242,0.9483,,
DATA,A005,7,281,1158360,-0.0892,0.1165,1.0521,-27.3438,-3.9062,-20.5078,1.0623,,
DATA,A005,7,282,1158370,0.1095,-0.1000,1.0096,-31.1890,-23.3765,-35.5835,1.0205,,
DATA,A005,7,283,1158380,0.1049,0.0482,1.0582,-36.0107,-39.6118,-25.2075,1.0645,,
DATA,A005,7,284,1158390,0.1547,-0.0595,1.0572,-36.8652,-34.9731,-19.8975,1.0702,,
DATA,A005,7,285,1158400,0.2113,0.0372,1.0297,-25.6348,-29.6631,-17.3340,1.0518,,
DATA,A005,7,286,1158410,0.2741,-0.2265,0.9637,-10.4370,-26.7944,-13.2446,1.0272,,
DATA,A005,7,287,1158420,0.2025,-0.0727,0.9466,9.1553,-17.8833,-12.6953,0.9708,,
DATA,A005,7,288,1158430,0.1867,-0.0446,0.9037,21.0571,-9.3994,-21.0571,0.9238,,
DATA,A005,7,289,1158440,0.1867,-0.0153,0.9173,15.5029,-13.1226,-21.8506,0.9363,,
DATA,A005,7,290,1158450,0.1640,0.0689,0.9650,9.2773,-12.1460,-19.8364,0.9812,,
DATA,A005,7,291,1158460,0.1154,0.1282,0.9576,-7.8735,-9.6436,-21.6064,0.9730,,
DATA,A005,7,292,1158470,0.1857,0.0125,0.9552,-3.8452,-10.9863,-19.1040,0.9732,,
DATA,A005,7,293,1158480,0.2475,-0.0624,1.0690,1.1597,-5.9204,-4.0283,1.0990,,
DATA,A005,7,294,1158490,0.2457,-0.0585,1.0729,6.6528,3.7231,-3.6011,1.1022,,
DATA,A005,7,295,1158500,0.2370,0.0103,1.0756,9.2773,9.3994,-3.7842,1.1014,,
DATA,A005,7,296,1158510,0.2316,0.0306,1.0839,9.2773,9.8877,-2.0142,1.1087,,
DATA,A005,7,297,1158520,0.1957,-0.0112,1.0475,3.6011,9.3994,-0.1831,1.0657,,
DATA,A005,7,298,1158530,0.1937,-0.0217,1.0157,3.5400,8.5449,-2.6245,1.0343,,
DATA,A005,7,299,1158540,0.2328,-0.0615,0.9813,5.6152,12.3291,-2.8076,1.0104,,
DATA,A005,7,300,1158550,0.2120,-0.0595,0.9498,10.7422,12.8174,-2.9297,0.9750,,
DATA,A005,7,301,1158560,0.1969,-0.0485,0.9405,22.0337,11.6577,-6.1646,0.9622,,
DATA,A005,7,302,1158570,0.1681,-0.0024,0.9764,21.6675,11.0474,-7.1411,0.9908,,
DATA,A005,7,303,1158580,0.1359,0.0103,0.9593,12.0239,8.1787,-10.5591,0.9690,,
DATA,A005,7,304,1158590,0.1488,-0.0214,0.9830,17.2119,13.3667,-14.5874,0.9945,,
DATA,A005,7,305,1158600,0.1647,-0.0527,0.9796,19.3481,14.4653,-11.2305,0.9947,,
DATA,A005,7,306,1158610,0.1659,-0.0371,0.9642,24.8413,13.1226,-13.2446,0.9791,,
DATA,A005,7,307,1158620,0.1478,0.0416,0.9901,27.2217,11.7188,-13.8550,1.0019,,
DATA,A005,7,308,1158630,0.1417,0.1153,1.0314,21.6064,6.0425,-12.3291,1.0474,,
DATA,A005,7,309,1158640,0.1359,0.0726,1.0467,13.7329,6.7749,-14.8926,1.0580,,
DATA,A005,7,310,1158650,0.1596,0.1053,1.0575,8.5449,6.3477,-14.0991,1.0746,,
DATA,A005,7,311,1158660,0.1984,-0.0202,1.0331,13.4277,8.6060,-18.4326,1.0521,,
DATA,A005,7,312,1158670,0.2111,0.0296,1.0406,15.0146,4.6387,-15.1978,1.0622,,
DATA,A005,7,313,1158680,0.1867,-0.0187,0.9872,14.2212,5.3101,-18.2495,1.0048,,
DATA,A005,7,314,1158690,0.1779,0.0489,1.0287,21.9116,3.2349,-16.7847,1.0451,,
DATA,A005,7,315,1158700,0.1837,0.0538,1.0458,18.5547,-0.1831,-12.6953,1.0631,,
DATA,A005,7,316,1158710,0.1493,0.0350,1.0455,15.1367,-5.8594,-13.4888,1.0567,,
DATA,A005,7,317,1158720,0.1674,0.0379,1.0436,11.2305,-9.3994,-11.9629,1.0576,,
DATA,A005,7,318,1158730,0.2440,0.0128,1.0167,12.1460,-15.1978,-8.1177,1.0457,,
DATA,A005,7,319,1158740,0.2731,0.0230,0.9552,13.3057,-12.4512,-5.6763,0.9937,,
DATA,A005,7,320,1158750,0.2846,0.0569,0.9647,16.7236,-8.3618,-4.5776,1.0074,,
DATA,A005,7,321,1158760,0.2406,0.0516,0.9921,16.5405,-6.6528,-3.3569,1.0221,,
DATA,A005,7,322,1158770,0.1349,0.1146,0.9496,16.6016,0.7935,-12.5122,0.9659,,
DATA,A005,7,323,1158780,0.2167,0.0992,0.9769,10.2539,-1.4038,-6.1646,1.0056,,
DATA,A005,7,324,1158790,0.1642,0.0760,0.9086,11.2305,-1.3428,-5.0659,0.9264,,
DATA,A005,7,325,1158800,0.2123,0.1141,0.9906,12.5732,-4.5166,-3.6011,1.0195,,
DATA,A005,7,326,1158810,0.2829,0.0633,1.0255,8.5449,-6.2866,-2.1973,1.0657,,
DATA,A005,7,327,1158820,0.1564,-0.1581,1.0616,6.6528,-7.8735,-3.7842,1.0847,,
DATA,A005,7,328,1158830,0.2782,0.0701,1.0585,5.4321,-2.7466,-4.7607,1.0967,,
DATA,A005,7,329,1158840,0.2919,0.0770,1.0533,5.3101,-2.9297,-7.2021,1.0957,,
DATA,A005,7,330,1158850,0.3053,0.0399,1.0248,4.2725,-1.5259,-6.5308,1.0700,,
DATA,A005,7,331,1158860,0.2970,0.0294,1.0319,4.2725,0.8545,-7.0801,1.0741,,
DATA,A005,7,332,1158870,0.2628,0.0027,1.0033,6.1646,6.4087,-10.1929,1.0371,,
DATA,A005,7,333,1158880,0.2907,0.0413,0.9830,7.0190,9.3384,-9.5825,1.0259,,
DATA,A005,7,334,1158890,0.3266,0.1011,0.9635,7.0190,11.2915,-6.5918,1.0223,,
DATA,A005,7,335,1158900,0.3356,0.1212,0.9676,5.4321,13.1836,-5.1880,1.0313,,
DATA,A005,7,336,1158910,0.3397,0.1338,0.9852,2.2583,12.0850,-2.1973,1.0507,,
DATA,A005,7,337,1158920,0.3256,0.1048,1.0106,1.2207,7.6294,0.9155,1.0669,,
DATA,A005,7,338,1158930,0.3356,0.1011,1.0377,0.8545,1.7700,7.5684,1.0953,,
EVENT,A005,7,,1158934,,,,,,,,STOP,338
