row_type,session_id,record_id,sample_id,device_timestamp_ms,ax,ay,az,gx,gy,gz,acc_norm,event_type,sample_count
EVENT,A009,,,1435420,,,,,,,,NEW_SESSION,
EVENT,A009,1,,1465761,,,,,,,,START,
DATA,A009,1,1,1465784,0.2763,0.5870,0.4193,30.8228,76.5381,71.8994,0.7724,,
DATA,A009,1,2,1465794,0.1535,0.5699,0.4156,57.6782,171.9360,57.4341,0.7219,,
DATA,A009,1,3,1465804,0.0265,0.6024,0.4249,63.7207,218.0786,40.5884,0.7376,,
DATA,A009,1,4,1465814,-0.2381,0.7076,0.4513,67.8711,251.8921,19.2871,0.8724,,
DATA,A009,1,5,1465824,-0.3236,0.7974,0.3998,52.0020,246.1548,8.2397,0.9489,,
DATA,A009,1,6,1465834,-0.0914,1.0103,0.0597,70.6177,253.4180,65.7349,1.0162,,
DATA,A009,1,7,1465844,0.1308,0.8299,0.0997,66.8335,267.3950,96.0693,0.8460,,
DATA,A009,1,8,1465854,0.6215,0.8841,0.1407,103.8208,366.6992,167.2974,1.0898,,
DATA,A009,1,9,1465864,0.0172,0.7855,0.0758,90.8203,388.1226,125.1831,0.7893,,
DATA,A009,1,10,1465874,-0.3317,0.9517,0.1512,66.8945,417.4805,67.1997,1.0191,,
DATA,A009,1,11,1465884,-0.3275,1.0296,0.2196,63.2935,400.8179,70.6177,1.1025,,
DATA,A009,1,12,1465894,-0.2875,1.0638,0.2154,48.3398,367.7979,76.3550,1.1228,,
DATA,A009,1,13,1465904,-0.1854,1.0499,0.1827,34.6069,372.8027,72.0825,1.0817,,
DATA,A009,1,14,1465914,-0.1937,0.9761,0.1119,21.8506,370.8496,81.7871,1.0014,,
DATA,A009,1,15,1465924,-0.3121,1.0096,0.0863,20.8740,372.3755,84.7168,1.0602,,
DATA,A009,1,16,1465934,-0.3788,1.0572,0.0643,20.5688,363.4033,81.7261,1.1248,,
DATA,A009,1,17,1465944,-0.4840,1.0999,0.0367,13.6108,329.6509,80.3223,1.2023,,
DATA,A009,1,18,1465954,-0.5426,1.1185,0.0489,9.0942,297.6685,82.7026,1.2441,,
DATA,A009,1,19,1465964,-0.5409,1.1185,0.0985,-2.5635,240.8447,87.4023,1.2463,,
DATA,A009,1,20,1465974,-0.5062,1.1009,0.1132,-7.6294,209.8389,86.2427,1.2170,,
DATA,A009,1,21,1465984,-0.3934,1.0565,0.1507,-16.9067,180.4199,84.2285,1.1374,,
DATA,A009,1,22,1465994,-0.3360,1.0186,0.2015,-23.4375,181.3965,83.6792,1.0914,,
DATA,A009,1,23,1466004,-0.3612,0.9986,0.2103,-25.7568,201.1719,74.8901,1.0825,,
DATA,A009,1,24,1466014,-0.3712,1.0093,0.1783,-23.1323,214.7827,67.4438,1.0901,,
DATA,A009,1,25,1466024,-0.4144,1.0496,0.0997,-18.9209,228.8208,58.3496,1.1329,,
DATA,A009,1,26,1466034,-0.5089,1.0941,0.0570,-16.4185,229.7363,50.0488,1.2080,,
DATA,A009,1,27,1466044,-0.7569,1.1287,0.0140,-17.4561,217.2852,33.5083,1.3591,,
DATA,A009,1,28,1466054,-0.9166,1.1290,0.0582,-16.5405,197.5708,17.5171,1.4554,,
DATA,A009,1,29,1466064,-1.0260,1.1607,0.1593,-13.5498,151.6113,-10.7422,1.5573,,
DATA,A009,1,30,1466074,-0.9728,1.2042,0.2098,-16.2354,121.0938,-37.5366,1.5621,,
DATA,A009,1,31,1466084,-0.8080,1.2354,0.2511,-26.1841,87.7686,-70.7397,1.4974,,
DATA,A009,1,32,1466094,-0.7352,1.2239,0.1698,-34.7900,82.7026,-87.6465,1.4378,,
DATA,A009,1,33,1466104,-0.7440,1.1451,0.0575,-44.3115,97.9004,-112.3657,1.3668,,
DATA,A009,1,34,1466114,-0.8116,1.0936,0.0653,-42.1753,105.6519,-128.3569,1.3634,,
DATA,A009,1,35,1466124,-0.9977,1.0870,0.1432,-31.9214,111.9385,-148.6816,1.4823,,
DATA,A009,1,36,1466134,-1.0819,1.1116,0.2154,-28.0151,112.3047,-163.0859,1.5661,,
DATA,A009,1,37,1466144,-1.1234,1.1251,0.2701,-33.2031,100.8301,-184.6924,1.6127,,
DATA,A009,1,38,1466154,-1.1109,1.0962,0.2613,-39.7949,92.9565,-197.5708,1.5825,,
DATA,A009,1,39,1466164,-1.0721,1.0037,0.2103,-46.0815,88.4399,-216.3696,1.4836,,
DATA,A009,1,40,1466174,-1.0414,0.9356,0.1923,-45.6543,92.1631,-226.1353,1.4131,,
DATA,A009,1,41,1466184,-1.0748,0.8484,0.1605,-38.9404,92.4683,-233.2153,1.3787,,
DATA,A009,1,42,1466194,-1.1058,0.8087,0.1366,-33.3252,86.4258,-235.9009,1.3767,,
DATA,A009,1,43,1466204,-1.1222,0.7339,0.0553,-26.9165,66.4673,-238.3423,1.3420,,
DATA,A009,1,44,1466214,-1.0902,0.6756,0.0165,-21.8506,52.3071,-239.1968,1.2827,,
DATA,A009,1,45,1466224,-1.0082,0.5875,-0.0338,-10.1929,31.8604,-236.9995,1.1673,,
DATA,A009,1,46,1466234,-0.9505,0.5467,-0.0631,-1.1597,21.3623,-233.3984,1.0984,,
DATA,A009,1,47,1466244,-0.8841,0.4927,-0.0836,12.3291,8.4229,-225.2808,1.0156,,
DATA,A009,1,48,1466254,-0.8558,0.4612,-0.0831,20.9961,2.0142,-218.9941,0.9757,,
DATA,A009,1,49,1466264,-0.8412,0.4322,-0.0805,30.7007,-7.3853,-209.2285,0.9491,,
DATA,A009,1,50,1466274,-0.8441,0.4146,-0.0770,36.3159,-11.5967,-201.6602,0.9436,,
DATA,A009,1,51,1466284,-0.8334,0.4070,-0.0577,42.9077,-12.4512,-195.1904,0.9293,,
DATA,A009,1,52,1466294,-0.8085,0.4339,-0.0487,52.4292,-18.9819,-183.2275,0.9188,,
DATA,A009,1,53,1466304,-0.7823,0.4586,-0.0695,55.2979,-25.8179,-173.2178,0.9095,,
DATA,A009,1,54,1466314,-0.7164,0.4622,-0.0780,56.2744,-23.8037,-160.7666,0.8561,,
DATA,A009,1,55,1466324,-0.6710,0.4593,-0.0883,56.5186,-20.9351,-151.7334,0.8179,,
DATA,A009,1,56,1466334,-0.6095,0.4410,-0.1012,56.4575,-9.0942,-137.7563,0.7591,,
DATA,A009,1,57,1466344,-0.5912,0.4219,-0.1019,57.8003,-1.4648,-128.9062,0.7334,,
DATA,A009,1,58,1466354,-0.5829,0.3936,-0.1232,60.4858,2.9297,-114.0747,0.7140,,
DATA,A009,1,59,1466364,-0.5848,0.3685,-0.1469,61.5234,2.7466,-103.8208,0.7067,,
DATA,A009,1,60,1466374,-0.6017,0.3377,-0.1652,65.1245,-4.7607,-88.0127,0.7095,,
DATA,A009,1,61,1466384,-0.6239,0.3294,-0.1537,68.4204,-14.0381,-76.8433,0.7221,,
DATA,A009,1,62,1466394,-0.6346,0.3367,-0.1027,73.1201,-27.3438,-61.9507,0.7257,,
DATA,A009,1,63,1466404,-0.6019,0.3565,-0.0758,73.3032,-32.1655,-52.7954,0.7037,,
DATA,A009,1,64,1466414,-0.5643,0.3675,-0.0573,69.7632,-35.2783,-39.3677,0.6759,,
DATA,A009,1,65,1466424,-0.5460,0.3611,-0.0453,68.9087,-33.8745,-30.2734,0.6562,,
DATA,A009,1,66,1466434,-0.5460,0.3755,-0.0118,69.3970,-28.8086,-18.7988,0.6628,,
DATA,A009,1,67,1466444,-0.5482,0.3997,-0.0033,69.1528,-26.3062,-11.1084,0.6785,,
DATA,A009,1,68,1466454,-0.5587,0.4158,0.0155,65.6128,-25.3296,1.3428,0.6966,,
DATA,A009,1,69,1466464,-0.5599,0.4222,0.0113,62.3779,-26.5503,8.9722,0.7013,,
DATA,A009,1,70,1466474,-0.5560,0.4315,-0.0197,57.1289,-26.1841,19.4092,0.7041,,
DATA,A009,1,71,1466484,-0.5680,0.4285,-0.0294,53.8940,-24.2310,25.5737,0.7121,,
DATA,A009,1,72,1466494,-0.5685,0.4278,-0.0028,52.1240,-18.7988,36.0107,0.7115,,
DATA,A009,1,73,1466504,-0.5758,0.4439,0.0287,50.8423,-19.0430,42.3584,0.7276,,
DATA,A009,1,74,1466514,-0.6378,0.4993,0.0179,48.5229,-27.4658,49.5605,0.8102,,
DATA,A009,1,75,1466524,-0.6752,0.5513,0.0297,48.2788,-34.1187,51.5137,0.8722,,
DATA,A009,1,76,1466534,-0.6835,0.6651,0.0358,50.8423,-44.3115,50.2930,0.9543,,
DATA,A009,1,77,1466544,-0.6595,0.7303,0.0624,50.5371,-48.4619,48.8892,0.9860,,
DATA,A009,1,78,1466554,-0.6551,0.7947,0.0560,48.7671,-43.4570,44.6777,1.0315,,
DATA,A009,1,79,1466564,-0.6678,0.8089,0.0741,47.9126,-32.8979,39.0625,1.0516,,
DATA,A009,1,80,1466574,-0.6937,0.8216,0.1224,47.6074,-11.9019,31.6772,1.0822,,
DATA,A009,1,81,1466584,-0.7064,0.8187,0.1193,44.7998,-0.4272,25.7568,1.0879,,
DATA,A009,1,82,1466594,-0.7032,0.7791,0.1278,38.2080,13.4888,19.5923,1.0573,,
DATA,A009,1,83,1466604,-0.7023,0.7393,0.1317,34.8511,18.1274,16.0522,1.0282,,
DATA,A009,1,84,1466614,-0.7162,0.6971,0.1551,32.1045,27.8931,7.9956,1.0114,,
DATA,A009,1,85,1466624,-0.7562,0.6998,0.1730,34.1797,37.1094,0.9155,1.0447,,
DATA,A009,1,86,1466634,-0.8111,0.7244,0.1744,37.4146,45.2271,-5.2490,1.1014,,
DATA,A009,1,87,1466644,-0.8985,0.7542,0.1717,40.1001,48.8281,-12.2681,1.1856,,
DATA,A009,1,88,1466654,-0.9256,0.7532,0.1517,38.5132,44.4946,-16.0522,1.2030,,
DATA,A009,1,89,1466664,-0.9081,0.7098,0.1302,36.9873,32.5317,-18.9209,1.1599,,
DATA,A009,1,90,1466674,-0.8956,0.6854,0.1315,37.8418,27.1606,-22.2168,1.1354,,
DATA,A009,1,91,1466684,-0.9254,0.6461,0.1398,42.0532,21.6675,-27.4048,1.1372,,
DATA,A009,1,92,1466694,-0.9759,0.6292,0.1268,44.4336,16.4795,-30.9448,1.1681,,
DATA,A009,1,93,1466704,-0.9925,0.5975,0.1080,46.6309,2.9907,-36.3770,1.1635,,
DATA,A009,1,94,1466714,-0.9454,0.5740,0.1210,48.0957,-4.8218,-37.2314,1.1126,,
DATA,A009,1,95,1466724,-0.8553,0.5574,0.1857,47.8516,-13.1226,-38.3911,1.0377,,
DATA,A009,1,96,1466734,-0.8251,0.5494,0.2030,45.1050,-12.9395,-39.4897,1.0118,,
DATA,A009,1,97,1466744,-0.8187,0.5076,0.2257,38.6963,-4.9438,-41.5039,0.9894,,
DATA,A009,1,98,1466754,-0.8028,0.4676,0.2277,34.2407,1.4038,-41.8091,0.9566,,
DATA,A009,1,99,1466764,-0.7701,0.4192,0.2291,28.8086,10.6812,-40.5884,0.9063,,
DATA,A009,1,100,1466774,-0.7486,0.4066,0.2325,26.4282,20.3857,-40.4053,0.8831,,
DATA,A009,1,101,1466784,-0.8026,0.4305,0.2565,26.7944,42.7856,-41.6870,0.9462,,
DATA,A009,1,102,1466794,-0.8749,0.4549,0.2477,25.6348,55.2368,-43.3960,1.0167,,
DATA,A009,1,103,1466804,-0.9554,0.4651,0.2096,19.5923,65.9180,-43.7622,1.0831,,
DATA,A009,1,104,1466814,-0.9730,0.4283,0.1854,15.0757,66.5283,-41.5039,1.0791,,
DATA,A009,1,105,1466824,-0.9713,0.3607,0.1232,13.1836,62.8662,-36.5601,1.0434,,
DATA,A009,1,106,1466834,-0.9693,0.3275,0.0704,14.1602,58.5327,-34.4238,1.0256,,
DATA,A009,1,107,1466844,-0.7889,0.2623,0.0211,16.0522,51.4526,-30.7617,0.8316,,
DATA,A009,1,108,1466854,-0.3756,0.1668,0.7130,27.0996,32.4097,-1.8311,0.8230,,
DATA,A009,1,109,1466864,-0.3243,0.7427,0.6495,16.4185,-25.0244,31.1890,1.0386,,
DATA,A009,1,110,1466874,0.0238,0.7850,0.6324,-11.4746,-38.0249,34.7290,1.0083,,
DATA,A009,1,111,1466884,-0.3780,0.7921,-0.0431,-39.8560,-37.5366,73.4253,0.8787,,
DATA,A009,1,112,1466894,-0.6571,0.3160,-0.2098,-61.7676,17.3340,55.9082,0.7587,,
DATA,A009,1,113,1466904,-1.0648,-0.0436,-0.1007,-35.2783,81.3599,65.2466,1.0704,,
DATA,A009,1,114,1466914,-1.1561,0.0701,-0.1085,-17.4561,101.8066,71.5942,1.1633,,
DATA,A009,1,115,1466924,-0.9779,0.3170,-0.3622,-17.2119,101.7456,68.6035,1.0899,,
DATA,A009,1,116,1466934,-0.9606,0.4556,-0.5429,-18.6768,92.4072,71.6553,1.1937,,
DATA,A009,1,117,1466944,-1.0890,0.5504,-0.2360,-1.3428,129.2725,50.2319,1.2428,,
DATA,A009,1,118,1466954,-1.3197,0.8648,-0.0507,23.3154,183.5327,12.8174,1.5786,,
DATA,A009,1,119,1466964,-1.3155,1.0569,-0.0612,29.1138,186.0352,-15.5029,1.6886,,
DATA,A009,1,120,1466974,-1.3502,1.0452,0.2252,32.9590,101.4404,11.5967,1.7223,,
DATA,A009,1,121,1466984,-1.1461,0.9358,0.3470,18.5547,15.7471,26.3062,1.5198,,
DATA,A009,1,122,1466994,-0.6420,0.5814,-0.3685,-12.5122,-97.6562,38.6353,0.9412,,
DATA,A009,1,123,1467004,-0.6747,0.4617,-0.4276,13.6108,-102.8442,36.4990,0.9226,,
DATA,A009,1,124,1467014,-0.9774,0.5862,-0.3580,66.8945,-65.4297,-1.8921,1.1946,,
DATA,A009,1,125,1467024,-1.0328,0.6954,-0.3358,78.7354,-59.5093,-13.0005,1.2896,,
DATA,A009,1,126,1467034,-1.1210,0.8482,-0.3229,81.9092,-81.0547,-10.6201,1.4423,,
DATA,A009,1,127,1467044,-1.1141,0.8807,-0.1452,81.4209,-82.7637,-25.6348,1.4276,,
DATA,A009,1,128,1467054,-1.1363,0.9581,0.5128,91.4307,-50.2930,-35.1562,1.5723,,
DATA,A009,1,129,1467064,-1.2452,1.1441,0.8439,90.3931,-23.3765,-52.2461,1.8899,,
DATA,A009,1,130,1467074,-1.5467,1.3419,0.8798,61.4624,-7.0801,-82.5195,2.2287,,
DATA,A009,1,131,1467084,-1.8502,1.3177,0.7889,44.4336,7.2632,-103.8818,2.4046,,
DATA,A009,1,132,1467094,-2.4437,1.2330,0.6891,38.0249,11.1084,-143.6157,2.8225,,
DATA,A009,1,133,1467104,-2.5890,1.1653,0.7298,30.4565,-16.2964,-160.8276,2.9315,,
DATA,A009,1,134,1467114,-2.4606,1.0967,0.3702,13.0005,-102.5391,-179.6875,2.7192,,
DATA,A009,1,135,1467124,-2.2955,1.1314,0.1337,18.3716,-146.4233,-205.2612,2.5627,,
DATA,A009,1,136,1467134,-1.8443,1.1805,0.0817,36.6821,-165.5273,-230.5908,2.1913,,
DATA,A009,1,137,1467144,-1.4872,1.0135,0.2858,14.8926,-156.8604,-232.0557,1.8222,,
DATA,A009,1,138,1467154,-0.8732,0.3531,0.5563,-53.1616,-143.0054,-205.7495,1.0938,,
DATA,A009,1,139,1467164,-0.5983,-0.0275,0.4457,-77.9419,-144.4702,-185.5469,0.7465,,
DATA,A009,1,140,1467174,-0.3234,-0.2892,0.0807,-69.3359,-125.3662,-172.8516,0.4413,,
DATA,A009,1,141,1467184,-0.2211,-0.2919,-0.0597,-54.3823,-97.2900,-169.4336,0.3710,,
DATA,A009,1,142,1467194,0.0082,-0.2343,-0.1176,-38.8794,-50.8423,-146.7285,0.2623,,
DATA,A009,1,143,1467204,0.0963,-0.2106,-0.4533,-33.5083,-28.4424,-127.1362,0.5090,,
DATA,A009,1,144,1467214,0.1383,-0.1286,-0.7011,0.2441,4.7607,-110.5957,0.7261,,
DATA,A009,1,145,1467224,0.1954,-0.0029,-0.5287,30.8838,32.2876,-93.1396,0.5637,,
DATA,A009,1,146,1467234,0.1137,0.1319,-0.4677,28.3203,26.6724,-65.1855,0.4990,,
DATA,A009,1,147,1467244,0.0509,0.1038,-0.6559,18.3105,-11.1084,-48.2788,0.6660,,
DATA,A009,1,148,1467254,0.2428,0.1299,-0.7203,26.4282,-83.7402,-29.2969,0.7712,,
DATA,A009,1,149,1467264,0.6120,0.2332,-0.8903,31.4331,-138.1836,-8.5449,1.1052,,
DATA,A009,1,150,1467274,1.2006,0.2029,-1.2357,31.5552,-186.4014,26.4282,1.7348,,
DATA,A009,1,151,1467284,1.6806,0.0882,-1.2186,37.6587,-153.9307,50.2930,2.0778,,
DATA,A009,1,152,1467294,1.9625,0.0110,-1.0158,50.0488,-94.1162,74.3408,2.2099,,
DATA,A009,1,153,1467304,1.8424,0.0040,-0.7467,57.1289,45.1050,103.6377,1.9880,,
DATA,A009,1,154,1467314,1.4552,-0.0456,-0.5719,47.9126,142.1509,125.7935,1.5642,,
DATA,A009,1,155,1467324,0.3024,-0.1555,-0.2680,19.9585,231.4453,142.0898,0.4329,,
DATA,A009,1,156,1467334,-0.5660,-0.2163,-0.0800,-10.6812,222.6562,144.4702,0.6112,,
DATA,A009,1,157,1467344,-1.7176,-0.3640,0.0958,-58.2886,120.7886,146.7896,1.7584,,
DATA,A009,1,158,1467354,-2.1561,-0.5192,0.2779,-82.7026,12.5122,144.8975,2.2351,,
DATA,A009,1,159,1467364,-2.6041,-0.6262,0.5868,-89.5996,-155.5786,151.6724,2.7419,,
DATA,A009,1,160,1467374,-2.6727,-0.5444,1.2491,-67.8101,-211.9141,140.0757,3.0000,,
DATA,A009,1,161,1467384,-2.6879,0.1595,2.2308,-2.3193,-211.7310,141.1743,3.4967,,
DATA,A009,1,162,1467394,-2.5275,0.8353,2.9237,27.2217,-128.1128,131.8970,3.9539,,
DATA,A009,1,163,1467404,-2.5238,1.7523,2.6715,4.7607,25.0244,90.0269,4.0715,,
DATA,A009,1,164,1467414,-2.6578,2.0264,2.0846,-24.1089,111.0840,35.2173,3.9390,,
DATA,A009,1,165,1467424,-2.6105,1.8841,1.1402,-54.2603,137.0850,-26.9775,3.4153,,
DATA,A009,1,166,1467434,-2.4264,1.7488,1.0538,-40.5884,104.8584,-53.8330,3.1712,,
DATA,A009,1,167,1467444,-1.9149,1.6387,1.1307,-19.1040,46.5088,-85.9985,2.7624,,
DATA,A009,1,168,1467454,-1.4833,1.5062,1.0279,-24.5972,15.9912,-94.9097,2.3506,,
DATA,A009,1,169,1467464,-0.9034,1.1436,0.6332,-50.7812,6.5918,-108.0933,1.5890,,
DATA,A009,1,170,1467474,-0.5548,0.8492,0.3475,-72.9370,23.8647,-109.0088,1.0722,,
DATA,A009,1,171,1467484,-0.2193,0.4398,-0.0084,-87.4634,55.4199,-106.6284,0.4915,,
DATA,A009,1,172,1467494,-0.1317,0.2608,-0.1041,-74.6460,81.6650,-109.2529,0.3102,,
DATA,A009,1,173,1467504,-0.0870,0.1509,-0.2721,-46.4478,110.0464,-112.4268,0.3231,,
DATA,A009,1,174,1467514,-0.0221,0.0796,-0.2697,-36.8652,118.9575,-106.9336,0.2820,,
DATA,A009,1,175,1467524,0.2055,-0.0449,-0.3114,-33.8745,118.7134,-91.4307,0.3758,,
DATA,A009,1,176,1467534,0.3976,-0.1474,-0.2897,-35.0952,116.0889,-73.7915,0.5135,,
DATA,A009,1,177,1467544,0.6032,-0.2809,-0.4349,-45.8984,115.7227,-38.2080,0.7949,,
DATA,A009,1,178,1467554,0.6530,-0.3757,-0.5648,-41.8091,119.8120,-19.4092,0.9416,,
DATA,A009,1,179,1467564,0.6884,-0.4931,-0.5011,-17.7002,117.6147,19.7754,0.9839,,
DATA,A009,1,180,1467574,0.6703,-0.5141,-0.3407,-0.9766,103.1494,56.7017,0.9109,,
DATA,A009,1,181,1467584,0.3473,-0.5329,-0.3878,-4.0283,79.3457,118.5303,0.7450,,
DATA,A009,1,182,1467594,-0.0184,-0.5983,-0.5045,-10.7422,69.0308,149.2920,0.7829,,
DATA,A009,1,183,1467604,-0.6068,-0.5864,-0.4786,2.5635,33.5693,175.2319,0.9701,,
DATA,A009,1,184,1467614,-1.0607,-0.5200,-0.4171,2.0142,-18.2495,182.8003,1.2527,,
DATA,A009,1,185,1467624,-1.4501,-0.4672,-0.2269,-18.7988,-117.7979,177.3682,1.5403,,
DATA,A009,1,186,1467634,-1.5421,-0.3388,-0.2050,-18.9819,-180.7251,162.1704,1.5921,,
DATA,A009,1,187,1467644,-1.5343,-0.0861,-0.0990,6.4697,-195.5566,150.2686,1.5399,,
DATA,A009,1,188,1467654,-1.5924,0.6534,0.4676,74.8901,-119.2017,138.6108,1.7836,,
DATA,A009,1,189,1467664,-2.0299,1.3755,0.5809,87.2192,-33.0811,116.0278,2.5199,,
DATA,A009,1,190,1467674,-2.7369,2.0262,0.3519,52.0020,90.0879,45.2881,3.4235,,
DATA,A009,1,191,1467684,-2.9293,2.0630,0.2843,30.3345,106.5674,3.2959,3.5941,,
DATA,A009,1,192,1467694,-3.0345,1.9122,0.2880,21.3623,18.9819,-46.8750,3.5983,,
DATA,A009,1,193,1467704,-2.6952,1.7139,0.5782,32.7759,-34.7290,-81.7871,3.2459,,
DATA,A009,1,194,1467714,-1.8700,1.6246,1.0463,55.4199,-94.8486,-116.8213,2.6890,,
DATA,A009,1,195,1467724,-1.4171,1.5650,1.1175,46.5698,-100.8301,-138.6719,2.3888,,
DATA,A009,1,196,1467734,-0.7928,1.2108,0.9242,13.1226,-29.1138,-158.0811,1.7172,,
DATA,A009,1,197,1467744,-0.5436,0.9517,0.7684,1.4038,24.0479,-164.2456,1.3385,,
DATA,A009,1,198,1467754,-0.5025,0.7073,0.6486,9.5215,102.1118,-171.0205,1.0833,,
DATA,A009,1,199,1467764,-0.5409,0.6307,0.6405,19.6533,133.6670,-171.3867,1.0491,,
DATA,A009,1,200,1467774,-0.6407,0.5528,0.5238,14.8926,122.4365,-160.7666,0.9952,,
DATA,A009,1,201,1467784,-0.6549,0.4295,0.3365,4.0894,100.0366,-155.2734,0.8524,,
DATA,A009,1,202,1467794,-0.3382,0.1390,0.3363,-9.2773,66.4062,-134.7046,0.4968,,
DATA,A009,1,203,1467804,-0.0638,-0.0114,0.3182,-16.5405,47.5464,-117.7368,0.3248,,
DATA,A009,1,204,1467814,0.3283,-0.2260,0.3114,-19.3481,50.5371,-95.2759,0.5058,,
DATA,A009,1,205,1467824,0.5736,-0.3466,0.3863,-15.1367,65.9790,-75.0122,0.7736,,
DATA,A009,1,206,1467834,0.7081,-0.4504,0.4193,-7.2021,91.2476,-33.3862,0.9381,,
DATA,A009,1,207,1467844,0.6781,-0.4973,0.3573,-8.2397,107.1777,-0.6714,0.9137,,
DATA,A009,1,208,1467854,0.4196,-0.5727,0.1449,-21.1792,118.4692,48.5229,0.7246,,
DATA,A009,1,209,1467864,0.1088,-0.6179,-0.0900,-32.4097,117.3096,77.4536,0.6338,,
DATA,A009,1,210,1467874,-0.3395,-0.6557,-0.2221,-39.1235,95.5811,108.4595,0.7710,,
DATA,A009,1,211,1467884,-0.5665,-0.5861,-0.2108,-40.2832,62.9272,124.5117,0.8420,,
DATA,A009,1,212,1467894,-0.6781,-0.4311,-0.1981,-53.1006,5.1880,140.1978,0.8276,,
DATA,A009,1,213,1467904,-0.7225,-0.3237,-0.2326,-65.4297,-26.0010,147.2168,0.8252,,
DATA,A009,1,214,1467914,-0.9667,-0.1791,-0.2540,-70.3125,-38.6963,141.8457,1.0154,,
DATA,A009,1,215,1467924,-1.1764,0.0032,-0.2001,-56.6406,-32.7148,131.2866,1.1933,,
DATA,A009,1,216,1467934,-1.5660,0.3904,-0.2538,-26.0010,-17.1509,111.5112,1.6338,,
DATA,A009,1,217,1467944,-1.7289,0.6334,-0.3053,-6.5918,-4.6997,103.1494,1.8664,,
DATA,A009,1,218,1467954,-1.9203,0.9637,-0.3908,23.4375,-16.2964,84.6558,2.1838,,
DATA,A009,1,219,1467964,-1.9896,1.1080,-0.3532,37.6587,-42.2363,71.7773,2.3045,,
DATA,A009,1,220,1467974,-1.9835,1.1578,-0.1867,39.5508,-79.4067,61.0962,2.3043,,
DATA,A009,1,221,1467984,-1.7005,1.0748,0.1124,24.7803,-147.5830,50.2930,2.0149,,
DATA,A009,1,222,1467994,-1.1861,0.9896,0.4840,25.3296,-175.4761,37.9639,1.6188,,
DATA,A009,1,223,1468004,-0.8751,0.9915,0.7267,22.7661,-159.5459,29.4800,1.5090,,
DATA,A009,1,224,1468014,-0.7135,0.9832,0.8583,11.0474,-124.5117,21.4233,1.4874,,
DATA,A009,1,225,1468024,-0.6134,0.8929,0.8929,-3.9062,-46.2646,3.6011,1.4039,,
DATA,A009,1,226,1468034,-0.6966,0.8038,0.8282,-7.3853,3.2959,-9.0942,1.3481,,
DATA,A009,1,227,1468044,-0.8297,0.7025,0.7035,-4.8218,57.3730,-28.8086,1.2949,,
DATA,A009,1,228,1468054,-0.9413,0.6746,0.6051,-2.6245,70.5566,-36.7432,1.3066,,
DATA,A009,1,229,1468064,-0.9950,0.6148,0.4452,-9.2163,65.6128,-42.7246,1.2515,,
DATA,A009,1,230,1468074,-0.9347,0.5494,0.4159,-14.3433,52.8564,-39.7339,1.1612,,
DATA,A009,1,231,1468084,-0.8634,0.4542,0.3624,-24.7192,27.1606,-29.6021,1.0407,,
DATA,A009,1,232,1468094,-0.8236,0.3912,0.3331,-26.9165,24.5361,-26.1841,0.9707,,
DATA,A009,1,233,1468104,-0.8009,0.3702,0.3065,-23.9258,26.9775,-22.0947,0.9340,,
DATA,A009,1,234,1468114,-0.8595,0.3755,0.2652,-19.9585,28.2593,-24.5361,0.9747,,
DATA,A009,1,235,1468124,-0.9007,0.4078,0.2245,-12.6953,27.5879,-28.5645,1.0139,,
DATA,A009,1,236,1468134,-0.8458,0.4171,0.1578,-10.0708,29.6631,-29.9072,0.9562,,
DATA,A009,1,237,1468144,-0.8597,0.3824,0.1212,-14.5264,24.6582,-22.6440,0.9487,,
DATA,A009,1,238,1468154,-0.9166,0.3262,0.0563,-15.8691,24.5972,-19.0430,0.9746,,
DATA,A009,1,239,1468164,-0.9847,0.3140,0.0824,-6.3477,14.2212,-15.8081,1.0369,,
DATA,A009,1,240,1468174,-0.9747,0.3497,0.0922,-2.8076,2.0142,-15.1367,1.0396,,
DATA,A009,1,241,1468184,-0.8932,0.3677,0.0367,-3.5400,-17.6392,-17.2729,0.9666,,
DATA,A009,1,242,1468194,-0.8143,0.3692,0.0450,-0.8545,-24.1699,-19.3481,0.8952,,
DATA,A009,1,243,1468204,-0.7762,0.3924,0.1202,2.5024,-26.6113,-21.2402,0.8780,,
DATA,A009,1,244,1468214,-0.7577,0.3973,0.1527,2.3804,-25.6348,-22.8882,0.8690,,
DATA,A009,1,245,1468224,-0.6730,0.3736,0.1800,0.9766,-21.4844,-21.5454,0.7905,,
DATA,A009,1,246,1468234,-0.6212,0.3460,0.1420,-0.1221,-11.7798,-20.0806,0.7251,,
DATA,A009,1,247,1468244,-0.5570,0.3160,0.0756,8.9111,16.2964,-16.9678,0.6448,,
DATA,A009,1,248,1468254,-0.5665,0.3426,0.0773,19.0430,32.9590,-14.0991,0.6665,,
DATA,A009,1,249,1468264,-0.6427,0.4214,0.0829,25.0854,48.7061,-7.5073,0.7730,,
DATA,A009,1,250,1468274,-0.7130,0.4437,0.0458,24.3530,50.4150,-3.3569,0.8410,,
DATA,A009,1,251,1468284,-0.7877,0.4205,0.0465,26.3062,45.5322,-0.3052,0.8941,,
DATA,A009,1,252,1468294,-0.8385,0.4100,0.0777,31.9214,37.6587,1.0986,0.9366,,
DATA,A009,1,253,1468304,-0.8749,0.4339,0.0987,38.2690,26.8555,-2.4414,0.9815,,
DATA,A009,1,254,1468314,-0.7977,0.4041,0.1986,43.8232,10.9863,-11.1694,0.9160,,
DATA,A009,1,255,1468324,-0.5765,0.2366,0.4012,33.2642,4.3335,14.7705,0.7412,,
DATA,A009,1,256,1468334,-0.5394,0.3011,0.3544,23.6206,23.9868,25.9399,0.7122,,
DATA,A009,1,257,1468344,-0.5961,0.3438,0.1918,27.2827,55.4810,10.3760,0.7143,,
DATA,A009,1,258,1468354,-0.7450,0.4022,0.1097,32.8369,103.3936,9.5825,0.8537,,
DATA,A009,1,259,1468364,-0.8575,0.4703,0.0963,37.9028,128.5400,2.3804,0.9827,,
DATA,A009,1,260,1468374,-1.0780,0.4952,0.0670,36.3159,135.3760,-7.1411,1.1882,,
DATA,A009,1,261,1468384,-1.2472,0.4603,0.0143,32.6538,110.6567,-8.3618,1.3295,,
DATA,A009,1,262,1468394,-1.4591,0.4529,-0.0065,33.3252,64.4531,-11.7798,1.5278,,
DATA,A009,1,263,1468404,-1.4540,0.4644,0.0604,29.4800,27.4048,-17.3340,1.5275,,
DATA,A009,1,264,1468414,-1.2694,0.5110,0.1874,33.8135,-42.7246,-7.5684,1.3812,,
DATA,A009,1,265,1468424,-1.3863,0.6146,0.2423,48.5229,-78.4302,2.1973,1.5357,,
DATA,A009,1,266,1468434,-1.2540,0.5804,0.4354,28.5034,-119.6899,-44.2505,1.4488,,
DATA,A009,1,267,1468444,-1.1717,0.5491,0.4845,13.8550,-146.6675,-45.4712,1.3818,,
DATA,A009,1,268,1468454,-1.0528,0.4908,0.5236,11.2305,-193.7256,-24.3530,1.2741,,
DATA,A009,1,269,1468464,-0.9535,0.6607,0.8419,30.5786,-223.3276,-19.1650,1.4333,,
DATA,A009,1,270,1468474,-1.2611,1.1221,0.5521,33.2642,-294.0063,-34.7900,1.7761,,
DATA,A009,1,271,1468484,-1.4645,1.0950,0.2250,5.6763,-316.4673,-52.3682,1.8424,,
DATA,A009,1,272,1468494,-1.3309,0.7720,0.1686,-4.2114,-348.3887,-85.5103,1.5478,,
DATA,A009,1,273,1468504,-1.0377,0.6263,0.2018,3.7231,-362.1826,-77.6367,1.2287,,
DATA,A009,1,274,1468514,-0.8592,0.4918,0.1471,18.2495,-378.7231,-71.4111,1.0009,,
DATA,A009,1,275,1468524,-0.8927,0.4168,0.0692,27.9541,-379.2725,-83.1909,0.9876,,
DATA,A009,1,276,1468534,-1.0182,0.4090,0.1044,48.9502,-383.9722,-100.5859,1.1022,,
DATA,A009,1,277,1468544,-1.0177,0.5157,0.1871,61.0352,-400.7568,-107.1777,1.1561,,
DATA,A009,1,278,1468554,-0.9208,0.6785,0.2655,52.7344,-443.0542,-109.1919,1.1742,,
DATA,A009,1,279,1468564,-0.8053,0.6812,0.2855,34.5459,-462.9517,-109.6802,1.0927,,
DATA,A009,1,280,1468574,-0.6102,0.5809,0.3131,13.7939,-484.0698,-118.4692,0.8988,,
DATA,A009,1,281,1468584,-0.4955,0.5030,0.3678,10.0098,-491.3940,-126.2817,0.7961,,
DATA,A009,1,282,1468594,-0.3431,0.4515,0.4127,9.4604,-491.8823,-135.9863,0.7014,,
DATA,A009,1,283,1468604,-0.1786,0.4358,0.4337,5.2490,-488.9526,-143.6157,0.6403,,
DATA,A009,1,284,1468614,0.1183,0.3758,0.5179,-4.8218,-477.6611,-150.2075,0.6507,,
DATA,A009,1,285,1468624,0.2992,0.3204,0.6036,-11.1084,-455.9937,-150.3296,0.7460,,
DATA,A009,1,286,1468634,0.5021,0.2230,0.8131,-15.0757,-400.6348,-147.9492,0.9813,,
DATA,A009,1,287,1468644,0.5497,0.1873,0.9337,-14.9536,-353.4546,-143.3105,1.0996,,
DATA,A009,1,288,1468654,0.5424,0.1678,1.0101,-15.3809,-299.6826,-137.4512,1.1587,,
DATA,A009,1,289,1468664,0.5226,0.1443,1.0763,-17.9443,-227.1118,-130.9814,1.2051,,
DATA,A009,1,290,1468674,0.4716,0.1312,1.0821,-20.7520,-189.6362,-125.7935,1.1877,,
DATA,A009,1,291,1468684,0.3803,0.1131,1.0270,-25.6348,-140.6860,-116.9434,1.1009,,
DATA,A009,1,292,1468694,0.3837,0.1077,0.9611,-27.0386,-112.7930,-113.6475,1.0404,,
DATA,A009,1,293,1468704,0.3512,0.0914,0.8802,-24.9634,-86.7920,-106.8115,0.9521,,
DATA,A009,1,294,1468714,0.3180,0.0831,0.8475,-21.4233,-70.8008,-100.7080,0.9090,,
DATA,A009,1,295,1468724,0.2794,0.0984,0.8170,-14.5264,-53.3447,-93.8721,0.8691,,
DATA,A009,1,296,1468734,0.1632,0.1446,0.7186,-11.1694,-49.5605,-91.6138,0.7510,,
DATA,A009,1,297,1468744,-0.0028,0.2010,0.7489,-4.3945,-60.7910,-97.4121,0.7754,,
DATA,A009,1,298,1468754,0.0575,0.1553,0.8404,-1.5869,-77.9419,-93.6279,0.8566,,
DATA,A009,1,299,1468764,0.2055,0.1470,0.9047,1.3428,-94.2383,-86.3037,0.9393,,
DATA,A009,1,300,1468774,0.3204,0.1370,0.9571,2.4414,-92.7734,-86.3037,1.0186,,
DATA,A009,1,301,1468784,0.5849,-0.0436,1.0257,5.0659,-73.9136,-72.4487,1.1816,,
DATA,A009,1,302,1468794,0.5985,0.0052,1.0629,11.1694,-46.6919,-56.7017,1.2198,,
DATA,A009,1,303,1468804,0.4254,0.2300,1.0189,15.3198,5.4321,-65.0024,1.1279,,
DATA,A009,1,304,1468814,-0.3072,0.9515,0.8221,3.1128,20.9351,-90.0879,1.2945,,
DATA,A009,1,305,1468824,0.4596,0.2850,0.9796,-43.5181,-36.3770,-140.9302,1.1190,,
DATA,A009,1,306,1468834,0.6371,-0.2866,0.8890,-37.9028,-66.4673,-14.5874,1.1307,,
DATA,A009,1,307,1468844,0.6493,-0.1621,0.9154,23.9258,-2.5024,-20.8740,1.1339,,
DATA,A009,1,308,1468854,0.4926,0.0648,0.9435,38.3911,23.9868,-20.8740,1.0663,,
DATA,A009,1,309,1468864,0.1942,0.3135,1.1127,-9.8877,74.6460,-29.0527,1.1722,,
DATA,A009,1,310,1468874,0.0897,0.1475,0.9855,-32.2266,51.1475,-33.0200,1.0005,,
DATA,A009,1,311,1468884,0.3366,0.2127,0.8883,-14.5874,5.4321,-15.5640,0.9734,,
DATA,A009,1,312,1468894,0.0773,0.3755,0.9984,-1.3428,-11.5356,-15.9912,1.0695,,
DATA,A009,1,313,1468904,0.4037,0.0132,0.8646,-11.6577,-31.7993,-24.1699,0.9543,,
DATA,A009,1,314,1468914,0.5128,0.0709,0.8422,22.6440,-16.1133,-9.0332,0.9886,,
DATA,A009,1,315,1468924,0.3212,0.3741,0.9574,26.6724,6.3477,-15.8081,1.0769,,
DATA,A009,1,316,1468934,0.2531,0.4205,0.9376,1.5869,-1.5869,-28.5034,1.0583,,
DATA,A009,1,317,1468944,0.2028,0.3611,0.9923,-25.2686,-25.3296,-22.3389,1.0753,,
DATA,A009,1,318,1468954,0.2225,0.2596,1.0243,-28.3203,-40.4053,-21.2402,1.0798,,
DATA,A009,1,319,1468964,0.2916,0.2371,1.0170,-25.5127,-55.7251,-22.6440,1.0842,,
DATA,A009,1,320,1468974,0.3725,0.2252,0.9398,-31.7383,-36.4990,-5.2490,1.0357,,
DATA,A009,1,321,1468984,0.4374,0.2127,0.9654,-23.3765,-37.4146,-11.1694,1.0810,,
DATA,A009,1,322,1468994,0.4147,0.2530,0.9337,-16.6626,-28.8696,-14.2822,1.0525,,
DATA,A009,1,323,1469004,0.4740,0.1800,0.9527,-20.5688,-8.4839,-6.8970,1.0793,,
DATA,A009,1,324,1469014,0.4635,0.1465,0.9469,-20.5688,11.6577,-6.3477,1.0644,,
DATA,A009,1,325,1469024,0.3395,0.1649,0.9740,-15.1978,25.4517,-2.6855,1.0446,,
DATA,A009,1,326,1469034,0.1288,0.2364,1.0250,-6.0425,19.2871,-12.4512,1.0598,,
DATA,A009,1,327,1469044,0.1000,0.2088,1.0174,-2.9907,-1.0986,-13.3057,1.0435,,
DATA,A009,1,328,1469054,0.1305,0.2007,1.0194,4.6997,-33.2031,-7.0190,1.0471,,
DATA,A009,1,329,1469064,0.2575,0.2615,1.0233,3.2349,-42.3584,-3.9062,1.0871,,
DATA,A009,1,330,1469074,0.3903,0.2447,0.9752,-6.7749,-34.4849,-2.6855,1.0785,,
DATA,A009,1,331,1469084,0.4208,0.2217,0.9410,-7.7515,-21.6064,-4.4556,1.0544,,
DATA,A009,1,332,1469094,0.3649,0.2342,0.8905,-4.8828,2.9907,-11.3525,0.9904,,
DATA,A009,1,333,1469104,0.3244,0.2449,0.8695,-7.5684,12.5732,-17.2119,0.9598,,
DATA,A009,1,334,1469114,0.2753,0.2374,0.8995,-16.9678,19.7144,-21.1182,0.9702,,
DATA,A009,1,335,1469124,0.2225,0.2054,0.9318,-25.6348,19.7144,-25.0854,0.9797,,
DATA,A009,1,336,1469134,0.2067,0.1138,0.9860,-31.6772,12.7563,-32.1045,1.0138,,
DATA,A009,1,337,1469144,0.2399,0.1192,0.9811,-25.6348,4.1504,-30.8838,1.0170,,
DATA,A009,1,338,1469154,0.3385,0.2300,0.9906,-20.1416,-3.0518,-23.9258,1.0718,,
DATA,A009,1,339,1469164,0.3783,0.2137,0.9740,-28.6865,2.5635,-14.8926,1.0665,,
DATA,A009,1,340,1469174,0.3773,0.1617,0.9369,-26.7944,16.2354,-18.7378,1.0229,,
DATA,A009,1,341,1469184,0.4013,0.1297,0.9188,-20.9961,20.2026,-17.8833,1.0110,,
DATA,A009,1,342,1469194,0.3612,0.1172,0.8705,-6.2866,18.3716,-14.0991,0.9497,,
DATA,A009,1,343,1469204,0.2763,0.1778,0.8683,4.1504,7.4463,-16.6626,0.9284,,
DATA,A009,1,344,1469214,0.2431,0.1946,0.8644,12.6343,-9.5215,-18.3105,0.9187,,
DATA,A009,1,345,1469224,0.2367,0.2276,0.9152,10.9863,-19.7754,-17.6392,0.9723,,
DATA,A009,1,346,1469234,0.2023,0.2034,0.8859,2.8076,-31.6162,-27.4658,0.9312,,
DATA,A009,1,347,1469244,0.2421,0.1736,0.9171,5.7983,-41.9312,-27.5879,0.9643,,
DATA,A009,1,348,1469254,0.3395,0.1717,0.9296,13.1226,-51.2085,-22.4609,1.0044,,
DATA,A009,1,349,1469264,0.3629,0.1629,0.8859,22.8271,-53.0396,-15.5640,0.9711,,
DATA,A009,1,350,1469274,0.3226,0.2559,0.9325,26.1841,-51.9409,-15.0146,1.0194,,
DATA,A009,1,351,1469284,0.3683,0.2972,0.9186,18.5547,-41.8091,-18.2495,1.0333,,
DATA,A009,1,352,1469294,0.4049,0.2098,0.9025,14.0381,-25.7568,-17.6392,1.0111,,
DATA,A009,1,353,1469304,0.3717,0.1942,0.8915,14.2822,-18.7988,-21.0571,0.9852,,
DATA,A009,1,354,1469314,0.4049,0.2154,0.9271,15.8081,-10.5591,-17.7612,1.0344,,
DATA,A009,1,355,1469324,0.3703,0.2391,0.9530,13.9771,-4.2114,-17.0288,1.0500,,
DATA,A009,1,356,1469334,0.3649,0.2435,0.9828,9.7656,1.8311,-17.0898,1.0762,,
DATA,A009,1,357,1469344,0.3900,0.2051,0.9723,6.5308,9.2773,-14.0991,1.0675,,
DATA,A009,1,358,1469354,0.3759,-0.1027,1.0411,4.0283,14.7705,-9.6436,1.1117,,
DATA,A009,1,359,1469364,0.3585,0.2359,0.9054,8.7280,17.9443,-13.4277,1.0020,,
DATA,A009,1,360,1469374,0.3859,0.2327,0.9042,8.1787,22.5830,-10.4980,1.0102,,
DATA,A009,1,361,1469384,0.3974,0.2205,0.8790,12.8174,23.6206,-7.8735,0.9895,,
DATA,A009,1,362,1469394,0.3717,0.2261,0.9086,13.8550,22.7051,-4.6387,1.0074,,
DATA,A009,1,363,1469404,0.3934,0.2464,0.9293,12.9395,24.8413,-5.6763,1.0388,,
DATA,A009,1,364,1469414,0.4100,0.2425,0.9322,14.0991,25.7568,-3.9673,1.0469,,
DATA,A009,1,365,1469424,0.4369,0.2056,0.9547,17.7002,28.0762,-2.6245,1.0699,,
DATA,A009,1,366,1469434,0.4401,0.2071,0.9750,19.2871,32.2266,-3.3569,1.0895,,
DATA,A009,1,367,1469444,0.4442,0.2071,1.0026,21.3013,39.1846,-2.6245,1.1159,,
DATA,A009,1,368,1469454,0.3790,0.1890,1.0189,17.1509,42.2363,-4.3335,1.1034,,
DATA,A009,1,369,1469464,0.3610,0.2315,1.0292,7.4463,47.5464,-10.3760,1.1149,,
EVENT,A009,1,,1469472,,,,,,,,STOP,369
EVENT,A009,2,,1486764,,,,,,,,START,
DATA,A009,2,1,1486787,0.0988,0.8958,0.6400,-17.3950,34.3628,54.5654,1.1054,,
DATA,A009,2,2,1486797,-0.0675,0.8270,0.6634,-51.2695,88.6841,57.9224,1.0623,,
DATA,A009,2,3,1486807,-0.1932,0.6282,0.5416,-62.0117,121.4600,53.2837,0.8517,,
DATA,A009,2,4,1486817,-0.0731,0.7068,0.5240,-66.0400,142.3950,67.3218,0.8829,,
DATA,A009,2,5,1486827,0.0822,0.7444,0.2384,-24.7192,129.6387,130.4932,0.7860,,
DATA,A009,2,6,1486837,1.7948,0.4261,0.3465,29.1138,147.5830,203.5522,1.8770,,
DATA,A009,2,7,1486847,1.8607,0.1107,-0.1818,131.8359,341.1255,260.5591,1.8729,,
DATA,A009,2,8,1486857,1.2655,0.5484,0.1962,208.4351,385.6201,289.9780,1.3931,,
DATA,A009,2,9,1486867,0.5907,1.5218,0.6966,108.0322,615.7227,165.1001,1.7748,,
DATA,A009,2,10,1486877,-0.0006,1.6400,0.5680,-14.3433,730.2856,116.8213,1.7355,,
DATA,A009,2,11,1486887,-0.9181,1.4730,0.4984,-106.2012,772.7661,75.1953,1.8058,,
DATA,A009,2,12,1486897,-1.2535,1.3360,0.5052,-108.8257,757.8125,51.8799,1.9004,,
DATA,A009,2,13,1486907,-1.4332,1.1849,0.5897,-87.1582,709.4116,38.5132,1.9508,,
DATA,A009,2,14,1486917,-1.4108,1.0743,0.6009,-95.8862,667.8467,22.8882,1.8723,,
DATA,A009,2,15,1486927,-1.4281,0.8394,0.3805,-126.3428,609.6191,-29.1748,1.6997,,
DATA,A009,2,16,1486937,-1.4994,0.6732,0.2049,-136.8408,586.6089,-67.8101,1.6563,,
DATA,A009,2,17,1486947,-1.6957,0.4749,0.0328,-128.6621,560.9131,-114.5630,1.7612,,
DATA,A009,2,18,1486957,-1.8707,0.3983,-0.1478,-117.7368,547.4243,-143.0054,1.9183,,
DATA,A009,2,19,1486967,-2.1300,0.2850,-0.3876,-104.6143,501.7090,-190.8569,2.1836,,
DATA,A009,2,20,1486977,-2.2506,0.1990,-0.5009,-91.5527,451.4771,-217.7124,2.3142,,
DATA,A009,2,21,1486987,-2.2191,0.1487,-0.4501,-56.5186,356.8726,-247.3755,2.2692,,
DATA,A009,2,22,1486997,-2.0367,0.2127,-0.3388,-29.5410,297.3022,-263.0005,2.0756,,
DATA,A009,2,23,1487007,-1.7037,0.3831,-0.1701,-4.8218,224.1211,-274.2310,1.7545,,
DATA,A009,2,24,1487017,-1.4542,0.4566,-0.1942,0.1831,190.4297,-276.2451,1.5365,,
DATA,A009,2,25,1487027,-1.1676,0.4222,-0.3585,12.2681,164.5508,-273.4985,1.2923,,
DATA,A009,2,26,1487037,-1.0589,0.3650,-0.3668,33.4473,151.1841,-269.1650,1.1786,,
DATA,A009,2,27,1487047,-1.0113,0.3802,-0.3683,76.3550,118.9575,-255.3711,1.1415,,
DATA,A009,2,28,1487057,-0.9918,0.4273,-0.3868,97.2900,86.3647,-242.4316,1.1471,,
DATA,A009,2,29,1487067,-0.9398,0.4754,-0.3934,114.1968,23.3765,-218.0176,1.1243,,
DATA,A009,2,30,1487077,-0.9130,0.4778,-0.3524,120.4224,-29.2358,-200.0122,1.0890,,
DATA,A009,2,31,1487087,-0.8246,0.4915,-0.4403,125.3662,-101.0742,-177.3071,1.0561,,
DATA,A009,2,32,1487097,-0.7042,0.4810,-0.4291,124.1455,-138.5498,-165.5884,0.9547,,
DATA,A009,2,33,1487107,-0.4925,0.4883,-0.3236,128.4180,-171.6919,-147.2168,0.7654,,
DATA,A009,2,34,1487117,-0.3827,0.4962,-0.3070,124.1455,-183.0444,-134.0942,0.6978,,
DATA,A009,2,35,1487127,-0.2704,0.4515,-0.2079,116.5771,-185.6079,-122.4976,0.5658,,
DATA,A009,2,36,1487137,-0.1485,0.4139,-0.0775,108.0933,-159.5459,-106.2622,0.4465,,
DATA,A009,2,37,1487147,-0.0900,0.4070,-0.0128,98.3276,-125.9155,-95.6421,0.4171,,
DATA,A009,2,38,1487157,-0.1962,0.4200,0.0438,82.9468,-81.4819,-79.5288,0.4656,,
DATA,A009,2,39,1487167,0.0631,0.4058,0.3024,73.5474,-42.4194,-68.0542,0.5100,,
DATA,A009,2,40,1487177,-0.2374,0.7481,0.1053,63.0493,36.3770,-60.9741,0.7919,,
DATA,A009,2,41,1487187,-0.4169,0.8177,-0.0924,55.1147,86.7310,-66.5894,0.9225,,
DATA,A009,2,42,1487197,-1.0074,0.6551,-0.5407,46.3257,132.8125,-59.1431,1.3177,,
DATA,A009,2,43,1487207,-1.1673,0.4622,-0.5331,51.5137,127.5024,-75.6226,1.3640,,
DATA,A009,2,44,1487217,-0.7809,0.3052,0.2457,80.0171,105.5298,-58.8989,0.8737,,
DATA,A009,2,45,1487227,-0.3834,0.6541,0.6285,90.7593,54.8096,-36.1328,0.9848,,
DATA,A009,2,46,1487237,-0.1903,0.9617,0.4845,46.0815,35.4614,5.5542,1.0936,,
DATA,A009,2,47,1487247,-0.4484,0.8433,0.2589,15.3198,46.0205,3.4790,0.9896,,
DATA,A009,2,48,1487257,-0.7997,0.3912,-0.2611,-5.4321,35.5835,6.7139,0.9277,,
DATA,A009,2,49,1487267,-0.8758,0.0601,-0.3847,3.6011,36.0107,18.0054,0.9585,,
DATA,A009,2,50,1487277,-1.0516,-0.1808,-0.4899,41.8701,43.2739,33.6304,1.1741,,
DATA,A009,2,51,1487287,-1.1947,-0.2123,-0.4620,67.5049,49.0112,42.4194,1.2984,,
DATA,A009,2,52,1487297,-1.4122,-0.0588,-0.2548,94.2993,57.3730,31.5552,1.4362,,
DATA,A009,2,53,1487307,-1.5743,0.1536,-0.0433,96.8628,35.0342,21.9727,1.5824,,
DATA,A009,2,54,1487317,-1.5567,0.3331,0.2403,72.9980,2.3804,6.4087,1.6100,,
DATA,A009,2,55,1487327,-1.3461,0.3450,0.3824,52.5513,-12.2681,1.2817,1.4412,,
DATA,A009,2,56,1487337,-1.2054,0.3196,0.3956,23.3154,-44.9219,3.9062,1.3083,,
DATA,A009,2,57,1487347,-1.3138,0.3150,0.3988,7.3242,-75.2563,2.4414,1.4087,,
DATA,A009,2,58,1487357,-1.3722,0.4742,0.4352,9.5215,-84.9609,-18.4937,1.5156,,
DATA,A009,2,59,1487367,-1.4923,0.6707,0.3226,16.6016,-86.8530,-33.6304,1.6676,,
DATA,A009,2,60,1487377,-1.9320,0.7623,0.1520,5.9204,-82.8857,-59.2041,2.0825,,
DATA,A009,2,61,1487387,-2.0865,0.5020,0.1998,-15.5029,-76.9653,-82.0923,2.1554,,
DATA,A009,2,62,1487397,-1.7718,0.0645,0.4318,-33.2642,-125.0610,-90.0269,1.8248,,
DATA,A009,2,63,1487407,-1.3978,0.1019,0.4435,-19.3481,-174.2554,-94.7876,1.4700,,
DATA,A009,2,64,1487417,-0.9466,0.4612,0.1276,13.2446,-196.2280,-107.1777,1.0607,,
DATA,A009,2,65,1487427,-0.8067,0.6382,0.1476,31.6772,-152.7710,-107.4219,1.0392,,
DATA,A009,2,66,1487437,-0.8329,0.7210,0.4266,23.1323,-71.1060,-115.1733,1.1813,,
DATA,A009,2,67,1487447,-1.0443,0.6170,0.4403,-9.3384,-34.9121,-118.4082,1.2904,,
DATA,A009,2,68,1487457,-1.4400,0.2891,0.1119,-49.1333,-24.5972,-124.6338,1.4730,,
DATA,A009,2,69,1487467,-1.4208,0.1483,-0.1867,-40.7715,-38.3911,-134.7046,1.4406,,
DATA,A009,2,70,1487477,-1.2621,0.1619,-0.1200,-4.7607,-39.0015,-143.9209,1.2781,,
DATA,A009,2,71,1487487,-1.0965,0.4244,-0.0353,24.5361,-16.4185,-160.0342,1.1763,,
DATA,A009,2,72,1487497,-1.0741,0.3926,0.0511,2.0142,7.8125,-166.3208,1.1447,,
DATA,A009,2,73,1487507,-1.0956,0.0381,0.1210,-42.6636,21.2402,-166.0767,1.1029,,
DATA,A009,2,74,1487517,-1.0118,-0.2990,0.0819,-59.9976,17.0288,-159.1797,1.0583,,
DATA,A009,2,75,1487527,-0.8177,-0.6843,-0.1054,-55.1147,-8.0566,-139.4043,1.0715,,
DATA,A009,2,76,1487537,-0.6383,-0.7841,-0.1613,-32.2266,-23.2544,-136.0474,1.0239,,
DATA,A009,2,77,1487547,-0.2818,-0.6752,-0.0158,18.1885,-25.2686,-134.3994,0.7319,,
DATA,A009,2,78,1487557,-0.0633,-0.5185,0.1268,33.1421,-27.4658,-123.4131,0.5375,,
DATA,A009,2,79,1487567,0.1327,-0.4282,0.1603,17.2729,-30.0293,-98.8770,0.4760,,
DATA,A009,2,80,1487577,0.2228,-0.4980,0.1749,2.5024,-24.7192,-82.7637,0.5729,,
DATA,A009,2,81,1487587,0.2538,-0.5900,0.0736,-5.3101,-18.1274,-58.4106,0.6465,,
DATA,A009,2,82,1487597,0.1803,-0.5927,0.0150,-1.8311,-11.9629,-44.7388,0.6197,,
DATA,A009,2,83,1487607,0.1110,-0.5800,-0.0648,2.9297,-15.2588,-19.5312,0.5941,,
DATA,A009,2,84,1487617,0.1146,-0.5944,-0.1063,3.4180,-27.7100,-1.0986,0.6146,,
DATA,A009,2,85,1487627,0.4047,-0.6992,0.0614,1.4038,-38.5742,33.5693,0.8102,,
DATA,A009,2,86,1487637,0.5016,-0.7580,0.0802,-1.4648,-30.2734,57.5562,0.9125,,
DATA,A009,2,87,1487647,0.3466,-0.8212,-0.0543,6.1646,15.8691,87.6465,0.8930,,
DATA,A009,2,88,1487657,0.0502,-0.8112,-0.1095,22.1558,47.7295,102.5391,0.8201,,
DATA,A009,2,89,1487667,-0.4899,-0.6855,-0.1085,45.5322,43.8232,115.4175,0.8495,,
DATA,A009,2,90,1487677,-0.7196,-0.5746,-0.0741,51.6357,18.8599,121.8262,0.9239,,
DATA,A009,2,91,1487687,-0.8436,-0.4682,-0.0538,42.1143,-39.3677,131.9580,0.9663,,
DATA,A009,2,92,1487697,-0.8788,-0.4404,-0.0238,36.3159,-77.5146,134.4604,0.9832,,
DATA,A009,2,93,1487707,-0.8065,-0.4177,0.1964,45.1050,-109.1309,138.1226,0.9292,,
DATA,A009,2,94,1487717,-0.8692,-0.3659,0.3490,49.7437,-119.3848,141.8457,1.0056,,
DATA,A009,2,95,1487727,-1.0980,-0.2231,0.3802,44.9219,-118.4692,143.0054,1.1832,,
DATA,A009,2,96,1487737,-1.3048,-0.1093,0.3522,44.2505,-109.3750,143.1885,1.3559,,
DATA,A009,2,97,1487747,-1.6185,0.1150,0.4903,62.2559,-101.1353,135.9253,1.6951,,
DATA,A009,2,98,1487757,-1.8453,0.3516,0.6371,78.6133,-96.2524,124.6338,1.9836,,
DATA,A009,2,99,1487767,-2.1002,0.8113,1.0756,97.5952,-74.6460,86.9751,2.4952,,
DATA,A009,2,100,1487777,-2.2328,1.2422,1.2328,88.5010,-62.4390,50.2319,2.8369,,
DATA,A009,2,101,1487787,-2.3419,1.6578,1.1219,36.7432,-37.5977,-10.0098,3.0808,,
DATA,A009,2,102,1487797,-2.3343,1.6624,1.1051,1.7700,-16.3574,-49.5605,3.0715,,
DATA,A009,2,103,1487807,-2.0672,1.4854,1.2067,-20.9961,32.9590,-103.3936,2.8171,,
DATA,A009,2,104,1487817,-1.7919,1.3221,1.1737,-34.2407,57.7393,-125.7935,2.5172,,
DATA,A009,2,105,1487827,-1.4942,0.8987,0.8588,-68.2373,76.4771,-149.5361,1.9437,,
DATA,A009,2,106,1487837,-1.3082,0.5569,0.7701,-81.3599,82.3364,-157.1655,1.6170,,
DATA,A009,2,107,1487847,-1.1512,0.2540,0.6727,-84.2285,88.7451,-157.8979,1.3573,,
DATA,A009,2,108,1487857,-0.9117,-0.1103,0.4945,-87.9517,97.2290,-148.7427,1.0430,,
DATA,A009,2,109,1487867,-0.8177,-0.2509,0.3068,-79.0405,101.3184,-142.7612,0.9087,,
DATA,A009,2,110,1487877,-0.5543,-0.2866,0.0636,-37.5977,95.7031,-142.2729,0.6272,,
DATA,A009,2,111,1487887,-0.2594,-0.2265,-0.0878,-14.4653,77.5757,-131.0425,0.3554,,
DATA,A009,2,112,1487897,0.5009,-0.2643,-0.1063,-6.7139,47.6685,-99.3652,0.5762,,
DATA,A009,2,113,1487907,0.8632,-0.3078,-0.3046,-9.6436,21.3623,-73.6084,0.9657,,
DATA,A009,2,114,1487917,1.4503,-0.4824,-0.4628,7.9956,42.9077,-36.7432,1.5970,,
DATA,A009,2,115,1487927,1.7460,-0.5851,-0.2262,46.7529,91.6138,8.2397,1.8553,,
DATA,A009,2,116,1487937,1.2409,-0.5534,-0.0223,70.1294,122.3145,76.5381,1.3589,,
DATA,A009,2,117,1487947,0.4586,-0.5722,-0.0116,62.9883,166.5039,99.7314,0.7334,,
DATA,A009,2,118,1487957,-0.5870,-0.7519,0.1632,30.7617,168.7012,115.7227,0.9678,,
DATA,A009,2,119,1487967,-1.0589,-0.8662,0.4943,7.0801,122.7417,115.0513,1.4546,,
DATA,A009,2,120,1487977,-1.4823,-0.8068,0.8146,-42.8467,24.2920,84.4116,1.8739,,
DATA,A009,2,121,1487987,-1.5736,-0.6887,0.7079,-79.8950,-32.0435,61.7676,1.8578,,
DATA,A009,2,122,1487997,-1.4579,-0.5539,0.4327,-100.6470,-80.6274,46.2646,1.6185,,
DATA,A009,2,123,1488007,-1.4647,-0.4658,0.4032,-87.4023,-89.1724,45.4712,1.5890,,
DATA,A009,2,124,1488017,-1.5965,-0.3022,0.3702,-56.0303,-89.1724,48.4009,1.6665,,
DATA,A009,2,125,1488027,-1.5980,-0.2448,0.4049,-32.8979,-98.5718,56.8237,1.6666,,
DATA,A009,2,126,1488037,-1.3419,-0.1164,0.5970,0.7935,-115.5396,69.2139,1.4733,,
DATA,A009,2,127,1488047,-1.2555,0.0679,0.6442,18.4326,-115.7837,72.8760,1.4127,,
DATA,A009,2,128,1488057,-1.2611,0.3641,0.7298,40.2222,-81.5430,69.1528,1.5019,,
DATA,A009,2,129,1488067,-1.4679,0.5718,0.7467,50.0488,-52.0020,60.2417,1.7433,,
DATA,A009,2,130,1488077,-1.8673,0.9393,0.8876,66.5283,-23.4985,28.0762,2.2709,,
DATA,A009,2,131,1488087,-2.1134,1.1785,0.8151,64.7583,-14.4043,0.3052,2.5534,,
DATA,A009,2,132,1488097,-2.1866,1.3467,0.5267,41.5649,-18.9209,-49.4995,2.6215,,
DATA,A009,2,133,1488107,-1.8758,1.2588,0.3263,20.9351,-15.1978,-78.2471,2.2825,,
DATA,A009,2,134,1488117,-1.4386,0.9686,0.2560,-9.5215,-17.4561,-105.4077,1.7530,,
DATA,A009,2,135,1488127,-1.1654,0.7545,0.1952,-28.8696,0.8545,-117.1265,1.4019,,
DATA,A009,2,136,1488137,-0.7811,0.3753,0.0279,-51.0864,30.8228,-116.8823,0.8670,,
DATA,A009,2,137,1488147,-0.5152,0.1363,-0.0409,-60.5469,49.4995,-111.8774,0.5345,,
DATA,A009,2,138,1488157,-0.2584,-0.0913,0.0463,-62.7441,77.2705,-107.2998,0.2779,,
DATA,A009,2,139,1488167,-0.0648,-0.3320,0.1776,-59.6924,126.1597,-99.1821,0.3820,,
DATA,A009,2,140,1488177,-0.0587,-0.4831,0.1796,-59.2041,158.3862,-92.4683,0.5187,,
DATA,A009,2,141,1488187,-0.2037,-0.7519,0.2389,-51.3916,170.7764,-71.9604,0.8148,,
DATA,A009,2,142,1488197,-0.2377,-0.8769,0.3197,-37.8418,163.0249,-56.2134,0.9631,,
DATA,A009,2,143,1488207,-0.2225,-0.9865,0.5641,-21.9727,125.1221,-27.8931,1.1580,,
DATA,A009,2,144,1488217,-0.2843,-0.9733,0.5831,-21.7896,102.0508,-12.6953,1.1697,,
DATA,A009,2,145,1488227,-0.3382,-1.0136,0.4781,-23.8647,74.2188,8.3008,1.1707,,
DATA,A009,2,146,1488237,-0.4288,-0.9938,0.4449,-18.4326,51.5137,29.4800,1.1703,,
DATA,A009,2,147,1488247,-0.5682,-0.9208,0.3949,-12.8174,31.3110,50.2930,1.1519,,
DATA,A009,2,148,1488257,-0.7042,-0.8730,0.3234,-12.2070,15.4419,61.2793,1.1673,,
DATA,A009,2,149,1488267,-0.9586,-0.7087,0.1520,-3.5400,-19.7144,70.1294,1.2018,,
DATA,A009,2,150,1488277,-1.0384,-0.5693,0.0770,8.4839,-48.4009,73.8525,1.1867,,
DATA,A009,2,151,1488287,-0.9630,-0.3713,0.0917,27.8320,-87.0361,89.1113,1.0362,,
DATA,A009,2,152,1488297,-0.9205,-0.2307,0.1415,34.4849,-101.7456,96.0693,0.9595,,
DATA,A009,2,153,1488307,-0.8690,-0.0512,0.2596,41.0767,-83.8013,95.9473,0.9084,,
DATA,A009,2,154,1488317,-0.9332,0.0521,0.3512,42.1753,-67.0776,95.7031,0.9985,,
DATA,A009,2,155,1488327,-1.3566,0.3148,0.2233,37.1094,-64.6973,87.8296,1.4104,,
DATA,A009,2,156,1488337,-1.5604,0.4473,0.2513,42.8467,-53.4058,75.7446,1.6426,,
DATA,A009,2,157,1488347,-1.8177,0.7523,0.3356,55.8472,-49.4385,49.9878,1.9957,,
DATA,A009,2,158,1488357,-1.9020,0.9532,0.3929,56.4575,-45.1050,22.3389,2.1634,,
DATA,A009,2,159,1488367,-1.8553,1.1421,0.4882,34.7290,-31.8604,-26.4282,2.2327,,
DATA,A009,2,160,1488377,-1.7245,1.1424,0.4527,12.2681,-20.6299,-57.3730,2.1175,,
DATA,A009,2,161,1488387,-1.6000,0.9542,0.3404,-20.3247,-3.9673,-91.7969,1.8937,,
DATA,A009,2,162,1488397,-1.4925,0.7769,0.3939,-30.7007,15.5640,-106.8115,1.7281,,
DATA,A009,2,163,1488407,-1.3915,0.5540,0.4332,-43.8232,38.1470,-124.6338,1.5591,,
DATA,A009,2,164,1488417,-1.3011,0.3660,0.4896,-57.3730,49.4995,-131.4697,1.4376,,
DATA,A009,2,165,1488427,-1.2440,0.0674,0.5792,-81.4819,52.3071,-132.5684,1.3739,,
DATA,A009,2,166,1488437,-1.2042,-0.1132,0.4496,-92.8955,54.1382,-139.9536,1.2904,,
DATA,A009,2,167,1488447,-0.7921,-0.3923,0.3588,-81.8481,55.5420,-141.8457,0.9539,,
DATA,A009,2,168,1488457,-0.4645,-0.4938,0.3434,-67.9932,48.6450,-129.6387,0.7599,,
DATA,A009,2,169,1488467,-0.0331,-0.6313,0.3998,-52.0020,57.4341,-113.8306,0.7480,,
DATA,A009,2,170,1488477,0.0983,-0.6975,0.3158,-44.6777,70.9229,-103.3936,0.7719,,
DATA,A009,2,171,1488487,0.1930,-0.8144,0.2372,-33.6914,88.5620,-90.0879,0.8699,,
DATA,A009,2,172,1488497,0.1742,-0.8930,0.2054,1.7090,89.7217,-56.0303,0.9327,,
DATA,A009,2,173,1488507,0.1359,-0.8447,0.1490,23.7427,88.9893,-36.7432,0.8684,,
DATA,A009,2,174,1488517,0.2660,-0.7680,0.1752,44.4336,90.5151,-3.2349,0.8314,,
DATA,A009,2,175,1488527,0.3165,-0.7258,0.3483,51.2695,80.6274,30.7007,0.8650,,
DATA,A009,2,176,1488537,0.0509,-0.6694,0.2836,33.3862,58.1055,67.0776,0.7287,,
DATA,A009,2,177,1488547,-0.1925,-0.7285,0.1883,23.3154,53.7720,84.9609,0.7766,,
DATA,A009,2,178,1488557,-0.5045,-0.8234,0.3087,15.7471,40.1611,101.8677,1.0138,,
DATA,A009,2,179,1488567,-0.6949,-0.7941,0.3290,14.3433,27.0386,102.3560,1.1053,,
DATA,A009,2,180,1488577,-0.9779,-0.6896,0.3522,7.2021,-9.2773,98.6328,1.2474,,
DATA,A009,2,181,1488587,-1.1600,-0.5649,0.3343,1.7090,-42.1753,99.0601,1.3329,,
DATA,A009,2,182,1488597,-1.3033,-0.3320,0.2794,-0.6714,-83.4961,108.3374,1.3737,,
DATA,A009,2,183,1488607,-1.2208,-0.2321,0.3334,2.6855,-99.2432,114.6851,1.2866,,
DATA,A009,2,184,1488617,-1.0660,-0.0861,0.4745,5.6763,-95.7642,119.0186,1.1700,,
DATA,A009,2,185,1488627,-1.0724,0.0289,0.5677,1.2817,-72.3877,115.1733,1.2137,,
DATA,A009,2,186,1488637,-1.3710,0.2671,0.4520,-16.3574,-22.4609,98.3276,1.4681,,
DATA,A009,2,187,1488647,-1.7775,0.4129,0.3375,-28.2593,-7.1411,86.0596,1.8557,,
DATA,A009,2,188,1488657,-2.0409,0.6053,0.4110,-9.8267,-3.1738,65.0635,2.1681,,
DATA,A009,2,189,1488667,-2.1166,0.8104,0.2574,2.6855,-26.6724,46.2646,2.2810,,
DATA,A009,2,190,1488677,-1.9559,1.0433,-0.0961,24.2310,-53.3447,9.2163,2.2188,,
DATA,A009,2,191,1488687,-1.8072,1.1331,-0.0836,39.4897,-60.7910,-21.0571,2.1347,,
DATA,A009,2,192,1488697,-1.6351,1.2110,-0.0805,41.4429,-61.6455,-60.3638,2.0363,,
DATA,A009,2,193,1488707,-1.4718,1.1807,-0.0104,37.5366,-49.3774,-85.0220,1.8869,,
DATA,A009,2,194,1488717,-1.2735,1.0547,-0.1210,28.4424,-34.7290,-114.0137,1.6580,,
DATA,A009,2,195,1488727,-1.0611,0.8968,-0.2001,22.3389,-17.8833,-128.6621,1.4037,,
DATA,A009,2,196,1488737,-0.7137,0.6092,-0.2035,20.3247,8.3008,-135.4370,0.9602,,
DATA,A009,2,197,1488747,-0.5934,0.4300,-0.0153,18.0664,24.9634,-134.1553,0.7329,,
DATA,A009,2,198,1488757,-0.5299,0.1517,0.3881,-0.3052,70.6177,-136.4746,0.6741,,
DATA,A009,2,199,1488767,-0.6395,-0.0558,0.6319,-23.6206,107.0557,-137.2681,0.9008,,
DATA,A009,2,200,1488777,-0.7692,-0.4282,0.8492,-57.8613,154.9683,-138.3057,1.2232,,
DATA,A009,2,201,1488787,-0.7914,-0.6867,0.9803,-71.7163,167.7856,-131.4087,1.4349,,
DATA,A009,2,202,1488797,-0.7821,-0.9421,1.0843,-85.3882,157.7148,-118.5913,1.6355,,
DATA,A009,2,203,1488807,-0.6903,-1.0253,1.0929,-90.2100,145.5688,-117.3706,1.6499,,
DATA,A009,2,204,1488817,-0.5028,-1.0515,1.0594,-90.8203,131.7749,-111.1450,1.5750,,
DATA,A009,2,205,1488827,-0.1803,-1.0373,0.9010,-88.1958,109.9854,-94.9097,1.3857,,
DATA,A009,2,206,1488837,-0.0343,-1.0642,0.8490,-84.4727,100.4028,-80.2002,1.3618,,
DATA,A009,2,207,1488847,0.0255,-1.1359,0.7267,-69.6411,101.8677,-52.0630,1.3487,,
DATA,A009,2,208,1488857,0.0058,-1.1025,0.5018,-45.0439,94.9707,-35.8276,1.2113,,
DATA,A009,2,209,1488867,-0.0509,-0.9003,0.2660,-1.3428,59.0210,3.1128,0.9402,,
DATA,A009,2,210,1488877,-0.1212,-0.7133,0.0907,18.4326,33.4473,26.6724,0.7292,,
DATA,A009,2,211,1488887,-0.1869,-0.5036,-0.1061,39.0015,-12.5122,67.3218,0.5475,,
DATA,A009,2,212,1488897,-0.2037,-0.3664,-0.2431,48.5840,-42.7856,95.8862,0.4846,,
DATA,A009,2,213,1488907,-0.1827,-0.2617,-0.3139,39.7949,-62.4390,129.2725,0.4476,,
DATA,A009,2,214,1488917,-0.2521,-0.2260,-0.2894,31.9824,-65.7959,144.4092,0.4454,,
DATA,A009,2,215,1488927,-0.4225,-0.1887,-0.2472,26.4282,-47.1802,156.1890,0.5246,,
DATA,A009,2,216,1488937,-0.4881,-0.1691,-0.2084,18.3716,-28.3813,158.7524,0.5571,,
DATA,A009,2,217,1488947,-0.8334,-0.1227,-0.0856,5.7983,-16.5405,146.2402,0.8467,,
DATA,A009,2,218,1488957,-1.0528,-0.0720,0.0218,-2.0142,-10.9863,128.1738,1.0555,,
DATA,A009,2,219,1488967,-1.3939,0.1351,-0.0067,-7.9346,-9.0332,104.9805,1.4005,,
DATA,A009,2,220,1488977,-1.4967,0.2679,0.0131,-5.6763,4.7607,88.7451,1.5205,,
DATA,A009,2,221,1488987,-1.5819,0.4485,0.2113,11.7798,31.6162,68.1152,1.6578,,
DATA,A009,2,222,1488997,-1.7079,0.5733,0.2748,12.8784,50.6592,51.1475,1.8224,,
DATA,A009,2,223,1489007,-1.9086,0.6275,0.1774,-5.0049,64.6973,24.4141,2.0169,,
DATA,A009,2,224,1489017,-1.8871,0.5071,0.2159,-8.2397,61.8896,6.4087,1.9659,,
DATA,A009,2,225,1489027,-1.8194,0.3150,0.3434,-2.6245,28.1372,-17.4561,1.8782,,
DATA,A009,2,226,1489037,-1.7403,0.2586,0.2872,3.9673,6.3477,-28.2593,1.7827,,
DATA,A009,2,227,1489047,-1.5738,0.1990,0.2836,25.9399,-3.9673,-40.5273,1.6115,,
DATA,A009,2,228,1489057,-1.5040,0.2037,0.3273,36.4380,-8.7280,-48.6450,1.5526,,
DATA,A009,2,229,1489067,-1.3463,0.2117,0.2574,37.4146,-12.2070,-55.0537,1.3869,,
DATA,A009,2,230,1489077,-1.1810,0.1209,0.2696,33.3862,-13.8550,-59.6924,1.2174,,
DATA,A009,2,231,1489087,-0.9781,-0.0356,0.2460,19.5312,-26.8555,-61.8286,1.0092,,
DATA,A009,2,232,1489097,-0.8568,-0.1235,0.1542,12.7563,-26.7334,-56.2744,0.8793,,
DATA,A009,2,233,1489107,-0.7338,-0.2243,0.1156,17.0288,-21.6675,-44.8608,0.7759,,
DATA,A009,2,234,1489117,-0.6788,-0.2333,0.1681,25.0244,-14.7095,-38.4521,0.7372,,
DATA,A009,2,235,1489127,-0.6830,-0.1972,0.2911,30.5176,-1.9531,-31.3110,0.7682,,
DATA,A009,2,236,1489137,-0.7496,-0.1586,0.3273,25.5127,3.4790,-28.0762,0.8332,,
DATA,A009,2,237,1489147,-0.7516,-0.2018,0.3634,14.5874,7.5073,-26.5503,0.8589,,
DATA,A009,2,238,1489157,-0.7767,-0.2399,0.4352,9.3384,1.2817,-21.9116,0.9221,,
DATA,A009,2,239,1489167,-0.8111,-0.2341,0.4166,4.2725,-2.6855,-16.6626,0.9414,,
DATA,A009,2,240,1489177,-0.8236,-0.2648,0.4103,2.8076,-7.5684,-11.2915,0.9575,,
DATA,A009,2,241,1489187,-0.8038,-0.2941,0.5074,4.3945,-13.1226,-10.8643,0.9951,,
DATA,A009,2,242,1489197,-0.8661,-0.1826,0.4759,3.6011,-16.7847,-8.1787,1.0050,,
DATA,A009,2,243,1489207,-0.8944,-0.1069,0.3817,2.6855,-12.1460,-7.3853,0.9783,,
DATA,A009,2,244,1489217,-0.8934,-0.0541,0.4025,6.7749,-0.9766,-7.7515,0.9814,,
DATA,A009,2,245,1489227,-0.9183,-0.0139,0.4274,8.0566,4.7607,-7.3853,1.0130,,
DATA,A009,2,246,1489237,-1.0245,0.0477,0.3431,3.3569,8.3618,-7.9346,1.0815,,
DATA,A009,2,247,1489247,-1.0489,0.0508,0.2164,0.1831,7.2021,-9.2773,1.0722,,
DATA,A009,2,248,1489257,-1.0157,0.0157,0.1903,5.1880,0.6714,-9.9487,1.0335,,
DATA,A009,2,249,1489267,-0.9386,0.0228,0.1905,9.6436,-2.0142,-9.4604,0.9580,,
DATA,A009,2,250,1489277,-0.9232,0.0713,0.0597,10.5591,-9.6436,-7.5684,0.9279,,
DATA,A009,2,251,1489287,-0.9125,0.1058,-0.0226,13.7329,-15.4419,-7.5073,0.9188,,
DATA,A009,2,252,1489297,-0.7860,0.1846,-0.1635,27.3438,-27.1606,-3.4180,0.8238,,
DATA,A009,2,253,1489307,-0.6244,0.2291,-0.2943,36.4990,-40.8936,4.4556,0.7273,,
DATA,A009,2,254,1489317,-0.2113,0.2657,-0.3461,52.6733,-50.6592,23.3154,0.4848,,
DATA,A009,2,255,1489327,0.1019,0.2723,-0.3175,61.7065,-39.6729,39.7339,0.4305,,
DATA,A009,2,256,1489337,0.4511,0.2476,-0.1005,68.6035,24.4141,66.7725,0.5243,,
DATA,A009,2,257,1489347,0.3456,0.2161,-0.0199,60.1196,92.5903,81.1157,0.4081,,
DATA,A009,2,258,1489357,-0.5275,0.0796,-0.0267,42.4194,221.7407,73.9136,0.5341,,
DATA,A009,2,259,1489367,-1.2884,-0.0663,-0.0040,50.1709,293.3960,53.4058,1.2902,,
DATA,A009,2,260,1489377,-2.6454,-0.1279,0.0316,77.6367,319.7021,13.3667,2.6486,,
DATA,A009,2,261,1489387,-3.2599,-0.0893,0.4701,113.5254,338.9893,-74.0967,3.2948,,
DATA,A009,2,262,1489397,-2.9159,-0.1684,1.3873,34.5459,355.7129,-107.6660,3.2335,,
DATA,A009,2,263,1489407,-2.7828,-0.6769,1.3710,-72.9370,351.3794,-112.8540,3.1752,,
DATA,A009,2,264,1489417,-2.9200,-1.0075,0.5624,-120.5444,360.2295,-170.5933,3.1397,,
DATA,A009,2,265,1489427,-2.1280,-0.7944,0.2875,-63.6597,354.6143,-216.0645,2.2896,,
DATA,A009,2,266,1489437,-2.4808,-0.2319,-0.0665,21.7285,119.8730,-182.2510,2.4925,,
DATA,A009,2,267,1489447,-2.7255,0.3416,-0.0416,60.9131,-57.0068,-198.8525,2.7471,,
DATA,A009,2,268,1489457,-1.5885,1.1221,0.1202,69.0308,-240.4785,-224.8535,1.9486,,
DATA,A009,2,269,1489467,-0.9459,1.3365,-0.0841,20.7520,-319.9463,-194.5190,1.6395,,
DATA,A009,2,270,1489477,-0.2482,0.7701,-0.0521,-101.7456,-349.1211,-116.6382,0.8108,,
DATA,A009,2,271,1489487,-0.2406,0.3062,0.0467,-128.1738,-330.9937,-101.6846,0.3922,,
DATA,A009,2,272,1489497,-0.3204,-0.0859,-0.1940,-111.1450,-281.7383,-120.5444,0.3843,,
DATA,A009,2,273,1489507,-0.5167,-0.4055,-0.4337,0.2441,-182.3120,-126.3428,0.7871,,
DATA,A009,2,274,1489517,-0.7357,-0.2553,-0.2963,76.1719,-162.2314,-109.9854,0.8332,,
DATA,A009,2,275,1489527,-0.7499,-0.0117,-0.1715,109.7412,-201.2939,-92.6514,0.7693,,
DATA,A009,2,276,1489537,-0.7298,-0.0803,-0.1173,89.0503,-261.9019,-62.1338,0.7436,,
DATA,A009,2,277,1489547,-0.8863,-0.1049,-0.3712,67.1387,-399.0479,-49.9268,0.9667,,
DATA,A009,2,278,1489557,-0.9371,-0.2070,-0.3388,76.8433,-462.0972,-56.2744,1.0177,,
DATA,A009,2,279,1489567,-0.8382,-0.3044,-0.0577,106.4453,-524.5972,-64.9414,0.8937,,
DATA,A009,2,280,1489577,-0.7713,-0.2680,0.0209,111.4502,-551.2085,-65.1245,0.8168,,
DATA,A009,2,281,1489587,-0.7528,-0.3163,0.1966,99.4873,-540.8325,-68.5425,0.8399,,
DATA,A009,2,282,1489597,-0.6778,-0.3915,0.3219,93.4448,-517.2729,-74.2188,0.8464,,
DATA,A009,2,283,1489607,-0.4991,-0.4240,0.2784,90.0879,-510.0708,-68.1763,0.7116,,
DATA,A009,2,284,1489617,-0.3612,-0.4518,0.2352,90.8813,-516.8457,-64.3921,0.6245,,
DATA,A009,2,285,1489627,-0.1649,-0.4348,0.2755,103.3325,-524.2310,-78.6133,0.5405,,
DATA,A009,2,286,1489637,-0.0328,-0.3828,0.3900,111.5112,-521.1182,-90.8813,0.5474,,
DATA,A009,2,287,1489647,0.1386,-0.2604,0.6476,118.1641,-485.6567,-99.0601,0.7116,,
DATA,A009,2,288,1489657,0.1933,-0.1347,0.7386,111.2671,-444.3970,-101.0742,0.7753,,
DATA,A009,2,289,1489667,0.2355,-0.1218,0.8348,80.6885,-366.5161,-108.2764,0.8759,,
DATA,A009,2,290,1489677,0.3019,-0.2194,0.8727,62.7441,-310.8521,-116.1499,0.9491,,
DATA,A009,2,291,1489687,0.3937,-0.3776,0.9144,54.5044,-247.3755,-119.0186,1.0648,,
DATA,A009,2,292,1489697,0.3908,-0.4116,0.9249,60.8521,-219.7266,-112.1216,1.0852,,
DATA,A009,2,293,1489707,0.3585,-0.3471,0.9115,72.0215,-185.6689,-100.2197,1.0392,,
DATA,A009,2,294,1489717,0.3556,-0.2822,0.9254,74.1577,-171.8140,-96.9238,1.0308,,
DATA,A009,2,295,1489727,0.4096,-0.2265,0.9601,67.0166,-153.0762,-93.5059,1.0681,,
DATA,A009,2,296,1489737,0.4520,-0.2277,0.9469,58.8379,-140.0757,-92.1631,1.0737,,
DATA,A009,2,297,1489747,0.4691,-0.2866,0.8851,49.1333,-114.6851,-91.3086,1.0419,,
DATA,A009,2,298,1489757,0.4645,-0.3176,0.8883,49.6216,-94.2383,-91.0645,1.0515,,
DATA,A009,2,299,1489767,0.4098,-0.2836,0.9527,57.5562,-69.5801,-88.3789,1.0752,,
DATA,A009,2,300,1489777,0.3688,-0.2233,0.9808,60.5469,-55.6030,-85.8154,1.0714,,
DATA,A009,2,301,1489787,0.3546,-0.1525,0.9889,54.5654,-46.3867,-83.8013,1.0616,,
DATA,A009,2,302,1489797,0.3456,-0.1459,0.9762,47.7905,-47.2412,-82.3975,1.0458,,
DATA,A009,2,303,1489807,0.3737,-0.1755,0.9254,37.2314,-49.0723,-79.4067,1.0133,,
DATA,A009,2,304,1489817,0.4140,-0.1999,0.9061,34.4238,-51.4526,-77.6978,1.0161,,
DATA,A009,2,305,1489827,0.5319,-0.1042,0.8844,31.3110,-44.1284,-68.7866,1.0373,,
DATA,A009,2,306,1489837,0.5285,-0.1108,0.8927,23.7427,-34.5459,-66.8335,1.0433,,
DATA,A009,2,307,1489847,0.4955,-0.1252,0.8849,17.2119,-24.6582,-72.1436,1.0219,,
DATA,A009,2,308,1489857,0.4413,-0.2084,0.8304,21.9727,-16.8457,-75.1343,0.9632,,
DATA,A009,2,309,1489867,0.4284,-0.1728,0.8898,29.3579,-17.8223,-70.2515,1.0025,,
DATA,A009,2,310,1489877,0.4325,-0.0558,0.9291,22.0337,-15.8081,-63.2935,1.0263,,
DATA,A009,2,311,1489887,0.5326,-0.1813,0.9073,12.5732,-10.7422,-59.8755,1.0676,,
DATA,A009,2,312,1489897,0.4933,-0.3876,0.8473,36.0718,5.9814,-53.4058,1.0543,,
DATA,A009,2,313,1489907,0.4484,-0.1708,0.8863,59.7534,12.2681,-59.2041,1.0079,,
DATA,A009,2,314,1489917,0.4220,0.0670,0.9549,49.3164,11.5356,-53.2227,1.0462,,
DATA,A009,2,315,1489927,0.4218,0.0723,0.9686,28.7476,8.1177,-52.4902,1.0589,,
DATA,A009,2,316,1489937,0.4772,-0.0104,0.9723,10.0098,2.6855,-57.6782,1.0831,,
DATA,A009,2,317,1489947,0.7736,0.1375,1.0555,-3.6621,13.9771,-53.0396,1.3159,,
DATA,A009,2,318,1489957,0.7829,0.0713,0.9508,-37.2925,56.1523,-36.6211,1.2337,,
DATA,A009,2,319,1489967,0.5536,-0.1723,0.7948,-22.0947,108.8257,-50.1709,0.9838,,
DATA,A009,2,320,1489977,0.5841,0.0394,1.0694,2.8687,121.8872,-65.9180,1.2192,,
DATA,A009,2,321,1489987,0.1901,-0.5148,0.7633,32.4097,79.5288,-41.9312,0.9401,,
DATA,A009,2,322,1489997,0.2973,-0.0043,0.9430,47.6685,56.1523,-51.0864,0.9887,,
DATA,A009,2,323,1490007,0.2543,-0.0519,0.9549,57.9224,61.4624,-63.6597,0.9896,,
DATA,A009,2,324,1490017,0.3663,-0.0388,0.9916,58.2275,42.7246,-75.2563,1.0578,,
DATA,A009,2,325,1490027,0.4215,-0.0146,1.0165,52.1240,40.1001,-54.5654,1.1005,,
DATA,A009,2,326,1490037,0.3954,-0.0341,1.0377,48.1567,34.8511,-27.9541,1.1110,,
DATA,A009,2,327,1490047,0.4027,-0.0331,1.0548,45.6543,38.3301,-24.4141,1.1296,,
DATA,A009,2,328,1490057,0.3226,-0.0283,1.0819,52.7344,30.0293,-24.1089,1.1293,,
DATA,A009,2,329,1490067,0.2848,0.0237,1.0387,44.7388,15.4419,-27.0386,1.0773,,
DATA,A009,2,330,1490077,0.2653,0.1180,0.9825,23.8037,-8.6060,-26.0010,1.0245,,
DATA,A009,2,331,1490087,0.3266,0.1177,0.9447,12.1460,-20.5688,-25.8179,1.0065,,
DATA,A009,2,332,1490097,0.3681,0.1937,0.9188,4.3945,-32.5317,-26.5503,1.0086,,
DATA,A009,2,333,1490107,0.4039,0.1561,0.9161,-0.6714,-30.4565,-25.6348,1.0133,,
DATA,A009,2,334,1490117,0.4618,0.1644,0.9361,-6.1035,-22.2168,-30.2124,1.0567,,
DATA,A009,2,335,1490127,0.4415,0.1307,0.9601,-13.0005,-9.0942,-36.8042,1.0648,,
DATA,A009,2,336,1490137,0.3832,0.0862,0.9838,-16.4795,1.5869,-38.4521,1.0593,,
DATA,A009,2,337,1490147,0.4113,0.0430,1.0043,-15.5640,5.2490,-39.6729,1.0861,,
DATA,A009,2,338,1490157,0.3690,0.0384,0.9794,-12.1460,8.8501,-35.9497,1.0473,,
DATA,A009,2,339,1490167,0.3744,0.0189,0.9491,-9.2773,6.7749,-33.9355,1.0204,,
DATA,A009,2,340,1490177,0.4020,0.0020,0.9105,-8.6060,4.2725,-32.5928,0.9953,,
DATA,A009,2,341,1490187,0.4953,0.0123,0.8788,-11.4746,3.0518,-32.6538,1.0088,,
DATA,A009,2,342,1490197,0.5270,0.0115,0.8783,-15.4419,18.7988,-38.6963,1.0243,,
DATA,A009,2,343,1490207,0.4970,0.0167,0.8907,-15.0757,29.6021,-37.4756,1.0201,,
DATA,A009,2,344,1490217,0.4660,0.0460,0.8924,-10.8643,36.8652,-35.5835,1.0078,,
DATA,A009,2,345,1490227,0.3844,0.0479,0.9100,-7.0801,42.5415,-35.2783,0.9890,,
DATA,A009,2,346,1490237,0.3534,0.0638,0.9027,-4.6997,42.1753,-34.8511,0.9715,,
DATA,A009,2,347,1490247,0.3209,0.1011,0.8986,-1.5259,38.0859,-37.1704,0.9595,,
DATA,A009,2,348,1490257,0.3104,0.1041,0.9176,-2.3804,37.2925,-38.5132,0.9743,,
DATA,A009,2,349,1490267,0.3102,0.0848,0.9252,-1.2817,36.9873,-37.7197,0.9795,,
DATA,A009,2,350,1490277,0.3070,0.1024,0.9466,-1.7700,36.7432,-36.3770,1.0004,,
DATA,A009,2,351,1490287,0.2484,0.0450,1.4772,-2.2583,33.0811,-33.1421,1.4986,,
DATA,A009,2,352,1490297,0.2062,0.1063,1.0133,-0.8545,23.8647,-29.9683,1.0395,,
DATA,A009,2,353,1490307,0.2626,0.0750,1.0126,0.4272,10.0098,-24.9634,1.0487,,
DATA,A009,2,354,1490317,0.2755,0.0723,0.9806,2.7466,4.0894,-21.2402,1.0211,,
DATA,A009,2,355,1490327,0.3283,0.0464,0.9518,3.1738,2.5024,-16.1743,1.0079,,
DATA,A009,2,356,1490337,0.3346,0.0606,0.9330,4.2114,0.9766,-15.8081,0.9930,,
DATA,A009,2,357,1490347,0.3561,0.0777,0.9474,3.1738,2.9297,-20.4468,1.0151,,
DATA,A009,2,358,1490357,0.3529,0.0770,0.9654,1.7700,5.5542,-22.9492,1.0308,,
DATA,A009,2,359,1490367,0.3427,0.0674,0.9742,1.3428,7.2021,-24.6582,1.0349,,
DATA,A009,2,360,1490377,0.3742,0.0704,0.9972,0.4883,8.6060,-23.9258,1.0674,,
DATA,A009,2,361,1490387,0.3964,0.0577,1.0321,-2.3193,13.1226,-21.9116,1.1071,,
EVENT,A009,2,,1490396,,,,,,,,STOP,361
EVENT,A009,3,,1505640,,,,,,,,START,
DATA,A009,3,1,1505663,0.2025,0.7806,0.6256,-8.0566,112.7319,7.9956,1.0206,,
DATA,A009,3,2,1505673,-0.2076,0.4380,0.6097,-15.8691,126.7090,-2.6855,0.7790,,
DATA,A009,3,3,1505683,-0.4259,0.3851,0.5882,0.1221,95.7642,-10.0708,0.8220,,
DATA,A009,3,4,1505693,-0.4786,0.6395,0.4567,56.7627,39.9780,-8.1787,0.9201,,
DATA,A009,3,5,1505703,1.1539,0.4949,-0.3610,106.8115,12.9395,32.7759,1.3065,,
DATA,A009,3,6,1505713,-0.1898,0.7237,0.1930,187.5610,98.6938,118.1641,0.7727,,
DATA,A009,3,7,1505723,1.0658,1.1963,0.3895,187.2559,175.0488,78.6133,1.6489,,
DATA,A009,3,8,1505733,0.8544,1.3846,0.1559,95.0317,328.6743,204.4067,1.6344,,
DATA,A009,3,9,1505743,0.5329,1.3773,0.0687,45.8984,482.9712,72.1436,1.4783,,
DATA,A009,3,10,1505753,0.0499,1.0984,0.0231,-24.4751,541.6260,15.1978,1.0998,,
DATA,A009,3,11,1505763,-0.1222,0.9290,0.0853,-25.8789,535.5225,32.1045,0.9409,,
DATA,A009,3,12,1505773,-0.2704,0.9195,0.2819,0.3662,529.4800,40.9546,0.9990,,
DATA,A009,3,13,1505783,-0.2843,0.9947,0.3629,1.9531,537.7197,31.6772,1.0963,,
DATA,A009,3,14,1505793,-0.3360,1.0750,0.3988,-3.2349,548.0957,20.1416,1.1948,,
DATA,A009,3,15,1505803,-0.4889,1.1663,0.3961,-21.5454,575.5005,11.4136,1.3252,,
DATA,A009,3,16,1505813,-0.6261,1.1780,0.3712,-36.0718,584.0454,5.7983,1.3848,,
DATA,A009,3,17,1505823,-0.8685,1.1363,0.3068,-60.4248,567.9321,-2.1973,1.4627,,
DATA,A009,3,18,1505833,-1.0255,1.0628,0.2733,-64.1479,532.3486,-21.3013,1.5020,,
DATA,A009,3,19,1505843,-1.2584,0.9830,0.1901,-73.1812,446.1060,-44.4336,1.6081,,
DATA,A009,3,20,1505853,-1.4100,0.9554,0.1532,-70.2515,374.4507,-57.6782,1.7101,,
DATA,A009,3,21,1505863,-1.5128,0.9576,0.2111,-60.3638,270.5078,-86.4258,1.8028,,
DATA,A009,3,22,1505873,-1.4596,0.9778,0.2767,-57.4951,210.2051,-107.5439,1.7785,,
DATA,A009,3,23,1505883,-1.2850,1.0159,0.3497,-59.8145,144.3481,-131.1646,1.6750,,
DATA,A009,3,24,1505893,-1.1593,1.0135,0.3563,-64.8804,121.6431,-145.4468,1.5805,,
DATA,A009,3,25,1505903,-1.0699,0.9500,0.2447,-72.4487,106.9336,-161.8042,1.4516,,
DATA,A009,3,26,1505913,-1.0729,0.8736,0.1686,-72.8149,102.9053,-171.0815,1.3938,,
DATA,A009,3,27,1505923,-1.0926,0.7442,0.1188,-63.5986,103.6377,-183.4717,1.3273,,
DATA,A009,3,28,1505933,-1.1024,0.7000,0.1056,-53.5278,102.9663,-189.0259,1.3101,,
DATA,A009,3,29,1505943,-1.0482,0.6793,0.0795,-40.4053,112.3657,-197.2656,1.2516,,
DATA,A009,3,30,1505953,-1.0040,0.6561,0.0580,-35.7666,113.8306,-201.9043,1.2008,,
DATA,A009,3,31,1505963,-0.9735,0.5931,0.0094,-29.5410,113.8916,-203.7964,1.1400,,
DATA,A009,3,32,1505973,-0.9420,0.5416,-0.0038,-24.5972,110.9009,-204.1626,1.0866,,
DATA,A009,3,33,1505983,-0.8802,0.4544,0.0121,-16.4795,94.7876,-199.0967,0.9907,,
DATA,A009,3,34,1505993,-0.8531,0.4075,0.0194,-10.3149,82.8247,-192.7490,0.9457,,
DATA,A009,3,35,1506003,-0.7870,0.3670,0.0265,0.4883,72.6929,-184.3872,0.8687,,
DATA,A009,3,36,1506013,-0.7460,0.3560,0.0187,6.8970,62.7441,-178.1006,0.8268,,
DATA,A009,3,37,1506023,-0.7579,0.3350,-0.0150,14.2822,40.4053,-163.4521,0.8288,,
DATA,A009,3,38,1506033,-0.7933,0.3304,-0.0116,19.1650,27.9541,-154.2969,0.8594,,
DATA,A009,3,39,1506043,-0.8172,0.3458,0.0297,27.7100,9.5215,-143.9819,0.8879,,
DATA,A009,3,40,1506053,-0.7850,0.3668,0.0355,31.1890,-1.2817,-137.3291,0.8672,,
DATA,A009,3,41,1506063,-0.6798,0.3743,0.0209,31.0669,-6.7749,-125.0000,0.7763,,
DATA,A009,3,42,1506073,-0.5963,0.3494,0.0282,29.9072,-5.6152,-115.9668,0.6917,,
DATA,A009,3,43,1506083,-0.5128,0.3055,0.0377,30.5786,-2.5635,-99.6094,0.5981,,
DATA,A009,3,44,1506093,-0.4745,0.2740,0.0636,31.8604,2.6245,-88.2568,0.5516,,
DATA,A009,3,45,1506103,-0.4615,0.2532,0.0985,35.0952,10.6812,-70.0684,0.5356,,
DATA,A009,3,46,1506113,-0.4669,0.2574,0.0970,35.0342,14.4653,-57.3730,0.5419,,
DATA,A009,3,47,1506123,-0.4818,0.2579,0.0863,32.8979,16.1133,-44.3726,0.5532,,
DATA,A009,3,48,1506133,-0.5309,0.2488,0.0807,30.2124,11.6577,-24.5972,0.5918,,
DATA,A009,3,49,1506143,-0.5567,0.2576,0.0902,29.8462,6.3477,-11.8408,0.6201,,
DATA,A009,3,50,1506153,-0.5912,0.3116,0.1119,31.2500,-3.8452,6.8359,0.6776,,
DATA,A009,3,51,1506163,-0.6202,0.3738,0.0931,30.2734,-10.8643,16.9067,0.7301,,
DATA,A009,3,52,1506173,-0.6388,0.4661,0.0607,28.9307,-18.7988,29.1748,0.7931,,
DATA,A009,3,53,1506183,-0.6476,0.5257,0.0255,28.6255,-25.4517,34.9121,0.8345,,
DATA,A009,3,54,1506193,-0.6769,0.5887,0.0082,28.8696,-30.4565,40.5273,0.8971,,
DATA,A009,3,55,1506203,-0.7181,0.6248,-0.0175,28.8086,-30.8228,39.9780,0.9521,,
DATA,A009,3,56,1506213,-0.6969,0.6429,0.0104,30.0293,-27.4658,39.8560,0.9482,,
DATA,A009,3,57,1506223,-0.6776,0.6634,0.0030,30.9448,-26.9775,40.4053,0.9483,,
DATA,A009,3,58,1506233,-0.6683,0.6690,-0.0253,30.5786,-24.7803,40.8936,0.9460,,
DATA,A009,3,59,1506243,-0.6940,0.6685,-0.0348,32.3486,-22.5220,38.8794,0.9642,,
DATA,A009,3,60,1506253,-0.6962,0.6856,-0.0226,38.5132,-20.0195,33.9966,0.9773,,
DATA,A009,3,61,1506263,-0.6771,0.7144,-0.0165,41.6870,-18.4937,30.7617,0.9844,,
DATA,A009,3,62,1506273,-0.6932,0.7464,-0.0145,42.2363,-16.4185,25.8179,1.0188,,
DATA,A009,3,63,1506283,-0.7208,0.7169,-0.0245,39.7949,-17.0288,21.7285,1.0169,,
DATA,A009,3,64,1506293,-0.7079,0.6421,0.0023,38.5132,-15.6250,16.6016,0.9557,,
DATA,A009,3,65,1506303,-0.6732,0.5967,0.0345,39.6729,-10.6812,12.8784,0.9003,,
DATA,A009,3,66,1506313,-0.7052,0.5650,0.0992,44.7388,4.1504,8.7891,0.9090,,
DATA,A009,3,67,1506323,-0.8153,0.5801,0.0992,49.3774,16.3574,2.6855,1.0055,,
DATA,A009,3,68,1506333,-0.8910,0.6302,0.0760,52.0020,39.3677,-10.0098,1.0940,,
DATA,A009,3,69,1506343,-1.0817,0.6649,0.1359,52.0020,51.2695,-18.4326,1.2769,,
DATA,A009,3,70,1506353,-1.2818,0.7388,0.3776,53.5278,30.0293,-27.4048,1.5269,,
DATA,A009,3,71,1506363,-1.2899,0.8121,0.8558,47.1802,-39.7949,-19.1040,1.7481,,
DATA,A009,3,72,1506373,-0.9872,0.8726,0.7699,15.4419,-136.2305,-16.0522,1.5260,,
DATA,A009,3,73,1506383,-0.2110,0.7957,1.4305,2.9297,-145.1416,-5.9814,1.6505,,
DATA,A009,3,74,1506393,0.2738,1.5418,1.8693,-7.9956,-55.3589,-1.7700,2.4385,,
DATA,A009,3,75,1506403,0.1271,1.7186,0.8937,-69.8853,46.6919,-24.4141,1.9412,,
DATA,A009,3,76,1506413,-0.9852,0.7164,-0.2655,-111.9995,154.0527,-29.7241,1.2467,,
DATA,A009,3,77,1506423,-1.4745,0.1575,-0.4049,-80.3223,157.6538,-15.4419,1.5372,,
DATA,A009,3,78,1506433,-1.9132,-0.1357,-0.4144,-24.5361,71.8994,0.3052,1.9623,,
DATA,A009,3,79,1506443,-1.9532,-0.0551,-0.3305,4.1504,30.2734,-20.8740,1.9818,,
DATA,A009,3,80,1506453,-1.6996,0.2537,-0.5211,26.6724,-20.5078,-42.9688,1.7957,,
DATA,A009,3,81,1506463,-1.4933,0.3646,-0.6290,25.4517,-43.2129,-51.1475,1.6609,,
DATA,A009,3,82,1506473,-1.2997,0.2996,-0.6400,21.2402,-62.9883,-54.6875,1.4794,,
DATA,A009,3,83,1506483,-0.7814,0.0775,-0.3571,30.3955,-148.4375,-20.0195,0.8626,,
DATA,A009,3,84,1506493,-0.1796,0.1141,0.1139,45.4712,-202.1484,4.3335,0.2413,,
DATA,A009,3,85,1506503,0.4157,0.5879,0.9193,51.5747,-222.0459,25.8789,1.1677,,
DATA,A009,3,86,1506513,0.4940,0.8616,0.7909,15.1367,-144.2871,29.4800,1.2696,,
DATA,A009,3,87,1506523,0.0795,0.5777,0.4808,-30.5786,-17.2119,51.8799,0.7558,,
DATA,A009,3,88,1506533,-0.5318,0.3043,0.4100,-25.8179,37.2925,77.2095,0.7373,,
DATA,A009,3,89,1506543,-1.5790,-0.0053,0.4818,-22.5220,54.6265,96.6187,1.6508,,
DATA,A009,3,90,1506553,-1.7855,-0.0336,0.4532,-22.5830,14.6484,91.3086,1.8424,,
DATA,A009,3,91,1506563,-1.3978,0.3343,0.2313,-1.8311,-59.8145,77.4536,1.4557,,
DATA,A009,3,92,1506573,-1.0970,0.6900,0.3038,23.1934,-88.8672,69.4580,1.3311,,
DATA,A009,3,93,1506583,-1.0294,1.0677,0.3607,19.2871,-97.0459,56.8237,1.5263,,
DATA,A009,3,94,1506593,-1.0755,1.0923,0.4471,-3.4790,-83.6792,47.3022,1.5969,,
DATA,A009,3,95,1506603,-1.2843,1.0540,0.2499,-27.6489,-66.0400,21.3623,1.6801,,
DATA,A009,3,96,1506613,-1.3775,0.9861,0.0687,-26.2451,-59.9365,0.6714,1.6955,,
DATA,A009,3,97,1506623,-1.3331,1.0706,0.0221,4.3945,-69.1528,-30.0293,1.7099,,
DATA,A009,3,98,1506633,-1.1615,1.2054,0.0353,20.5078,-69.1528,-56.0913,1.6743,,
DATA,A009,3,99,1506643,-0.8690,1.3318,0.1070,24.7803,-53.7720,-92.4072,1.5939,,
DATA,A009,3,100,1506653,-0.8297,1.3279,0.0682,20.8130,-33.2642,-113.2202,1.5673,,
DATA,A009,3,101,1506663,-0.9349,1.1197,0.1468,17.3340,-4.5776,-133.6670,1.4661,,
DATA,A009,3,102,1506673,-1.0336,0.9598,0.2252,18.4326,0.8545,-144.7754,1.4283,,
DATA,A009,3,103,1506683,-1.1261,0.7122,0.3617,13.8550,0.4883,-161.5601,1.3806,,
DATA,A009,3,104,1506693,-1.0987,0.5657,0.4232,5.9814,-4.5166,-169.2505,1.3063,,
DATA,A009,3,105,1506703,-0.9654,0.4036,0.4371,-11.2915,-13.8550,-177.2461,1.1340,,
DATA,A009,3,106,1506713,-0.8270,0.3038,0.5057,-24.0479,-14.4043,-179.2603,1.0159,,
DATA,A009,3,107,1506723,-0.5589,0.1861,0.4874,-45.5933,-10.4980,-174.1943,0.7646,,
DATA,A009,3,108,1506733,-0.4003,0.0638,0.4864,-59.4482,-7.9346,-165.8325,0.6332,,
DATA,A009,3,109,1506743,-0.1046,-0.1533,0.6132,-72.9370,2.7466,-140.5640,0.6406,,
DATA,A009,3,110,1506753,0.1793,-0.2617,0.6610,-86.0596,18.0054,-126.4648,0.7332,,
DATA,A009,3,111,1506763,0.4628,-0.3830,0.5338,-91.4307,35.5835,-94.7266,0.8036,,
DATA,A009,3,112,1506773,0.5570,-0.4355,0.4989,-85.8765,46.9360,-72.2046,0.8653,,
DATA,A009,3,113,1506783,0.6405,-0.4265,0.3590,-75.0732,58.9600,-35.2173,0.8491,,
DATA,A009,3,114,1506793,0.7435,-0.4462,0.3859,-70.9839,72.6929,-5.4932,0.9491,,
DATA,A009,3,115,1506803,0.6918,-0.4631,0.2062,-63.7207,93.3838,40.7104,0.8576,,
DATA,A009,3,116,1506813,0.4625,-0.4601,0.1468,-51.9409,106.6284,67.0776,0.6688,,
DATA,A009,3,117,1506823,-0.1410,-0.3757,0.0509,-24.4141,102.6001,98.3887,0.4045,,
DATA,A009,3,118,1506833,-0.4632,-0.2983,-0.0536,-12.2681,95.8252,111.6943,0.5536,,
DATA,A009,3,119,1506843,-0.7313,-0.2282,-0.1190,-6.0425,88.0127,128.1128,0.7753,,
DATA,A009,3,120,1506853,-1.2110,-0.0078,-0.3187,12.3291,63.0493,134.5215,1.2523,,
DATA,A009,3,121,1506863,-1.5995,0.2122,-0.2919,37.5366,44.0063,127.3804,1.6397,,
DATA,A009,3,122,1506873,-2.0467,0.6219,-0.2670,61.5845,5.5542,108.7036,2.1557,,
DATA,A009,3,123,1506883,-2.2269,0.8963,-0.3026,63.8428,-32.9590,89.9658,2.4195,,
DATA,A009,3,124,1506893,-2.1090,1.1732,-0.0980,72.5098,-84.0454,56.8237,2.4153,,
DATA,A009,3,125,1506903,-2.0062,1.3365,-0.0368,71.2280,-116.0889,39.9780,2.4109,,
DATA,A009,3,126,1506913,-1.7259,1.4188,0.2482,58.7158,-135.6812,6.7139,2.2480,,
DATA,A009,3,127,1506923,-1.6149,1.4307,0.4183,49.1943,-140.0757,-19.0430,2.1977,,
DATA,A009,3,128,1506933,-1.3907,1.4439,0.7076,41.0156,-135.2539,-60.5469,2.1260,,
DATA,A009,3,129,1506943,-1.1998,1.4471,0.9813,27.9541,-123.2910,-82.8247,2.1205,,
DATA,A009,3,130,1506953,-0.9947,1.2798,1.0685,-10.6201,-84.7778,-111.9995,1.9414,,
DATA,A009,3,131,1506963,-0.8802,1.0533,1.1190,-30.0903,-46.7529,-126.1597,1.7710,,
DATA,A009,3,132,1506973,-0.8138,0.8116,0.9972,-42.3584,10.7422,-140.8691,1.5216,,
DATA,A009,3,133,1506983,-0.8837,0.6998,0.9654,-44.6167,37.6587,-150.6958,1.4841,,
DATA,A009,3,134,1506993,-0.9571,0.5740,0.8016,-50.9644,42.2363,-149.9023,1.3741,,
DATA,A009,3,135,1507003,-0.9134,0.4258,0.7535,-56.9458,35.8276,-148.6206,1.2584,,
DATA,A009,3,136,1507013,-0.7054,0.2232,0.8468,-59.8755,19.8364,-136.2915,1.1245,,
DATA,A009,3,137,1507023,-0.5096,0.1524,0.8248,-59.5093,0.7324,-132.3242,0.9815,,
DATA,A009,3,138,1507033,-0.1512,0.0550,0.7538,-63.3545,-18.0054,-113.8916,0.7708,,
DATA,A009,3,139,1507043,0.1559,-0.1227,0.6837,-73.1201,-10.8643,-94.9097,0.7119,,
DATA,A009,3,140,1507053,0.6420,-0.4225,0.7174,-76.3550,39.1235,-58.8379,1.0514,,
DATA,A009,3,141,1507063,0.7865,-0.5922,0.9679,-65.0635,67.5659,-35.3394,1.3806,,
DATA,A009,3,142,1507073,0.7052,-0.6257,0.8077,-40.7104,106.4453,4.2114,1.2415,,
DATA,A009,3,143,1507083,0.5897,-0.7665,0.8114,-38.2690,110.9009,33.9966,1.2624,,
DATA,A009,3,144,1507093,0.3964,-0.7766,0.6903,-19.1650,100.6470,70.8618,1.1121,,
DATA,A009,3,145,1507103,0.2438,-0.7189,0.4757,-9.2773,98.8159,92.0410,0.8959,,
DATA,A009,3,146,1507113,-0.0467,-0.7011,0.3663,-7.1411,107.2388,122.3755,0.7924,,
DATA,A009,3,147,1507123,-0.3666,-0.6100,0.2447,2.5635,107.9712,133.1787,0.7526,,
DATA,A009,3,148,1507133,-0.7999,-0.4460,0.0712,17.8223,99.3042,136.2305,0.9186,,
DATA,A009,3,149,1507143,-1.4244,-0.0739,-0.1596,43.9453,64.3311,126.5869,1.4352,,
DATA,A009,3,150,1507153,-1.7328,0.2645,-0.2706,62.9272,31.6162,114.2578,1.7736,,
DATA,A009,3,151,1507163,-2.1651,0.9019,-0.5167,87.7075,-27.8320,95.6421,2.4017,,
DATA,A009,3,152,1507173,-2.4225,1.2945,-0.5883,94.1162,-65.5518,76.7212,2.8089,,
DATA,A009,3,153,1507183,-2.4742,1.6934,-0.4491,74.5850,-102.5391,48.9502,3.0317,,
DATA,A009,3,154,1507193,-2.3419,1.8228,-0.3136,45.8374,-121.9482,23.4375,2.9842,,
DATA,A009,3,155,1507203,-1.9503,1.7891,-0.0834,7.1411,-135.3149,-21.7285,2.6479,,
DATA,A009,3,156,1507213,-1.6571,1.6854,-0.0026,-2.6855,-127.8076,-56.2134,2.3636,,
DATA,A009,3,157,1507223,-1.2701,1.3934,0.3507,-17.8223,-104.1260,-92.1021,1.9177,,
DATA,A009,3,158,1507233,-1.1297,1.1089,0.5233,-38.1470,-93.2617,-107.7881,1.6673,,
DATA,A009,3,159,1507243,-0.8268,0.6170,0.7023,-56.5796,-66.7114,-126.5869,1.2480,,
DATA,A009,3,160,1507253,-0.6271,0.3697,0.8717,-59.2041,-44.3115,-130.7983,1.1357,,
DATA,A009,3,161,1507263,-0.5106,0.1551,0.8983,-55.0537,-11.2305,-136.2305,1.0449,,
DATA,A009,3,162,1507273,-0.4386,0.0887,0.9137,-43.3350,13.4888,-140.5029,1.0174,,
DATA,A009,3,163,1507283,-0.4962,0.2498,0.9335,-23.1323,21.9727,-144.9585,1.0863,,
DATA,A009,3,164,1507293,-0.3727,0.3182,0.6818,-28.6865,23.3765,-143.7378,0.8396,,
DATA,A009,3,165,1507303,-0.0226,-0.0336,0.8143,-62.8662,36.2549,-110.7178,0.8153,,
DATA,A009,3,166,1507313,0.1876,-0.2946,0.8649,-73.2422,49.1333,-90.4541,0.9327,,
DATA,A009,3,167,1507323,0.4694,-0.4719,0.8207,-54.0161,84.7168,-58.2886,1.0566,,
DATA,A009,3,168,1507333,0.4887,-0.5866,0.9808,-49.7437,91.6138,-26.7944,1.2429,,
DATA,A009,3,169,1507343,0.4738,-0.6784,0.9115,-39.2456,96.1914,13.3667,1.2311,,
DATA,A009,3,170,1507353,0.4350,-0.7153,0.8651,-30.8228,91.3696,42.1143,1.2038,,
DATA,A009,3,171,1507363,0.3102,-0.6945,0.7450,-19.5923,90.8203,81.1768,1.0647,,
DATA,A009,3,172,1507373,0.1549,-0.6699,0.5658,-11.2305,95.8862,105.4077,0.8904,,
DATA,A009,3,173,1507383,-0.3126,-0.6396,0.3805,1.7090,101.5625,139.8315,0.8072,,
DATA,A009,3,174,1507393,-0.7313,-0.5378,0.1803,16.9067,98.8770,151.4893,0.9255,,
DATA,A009,3,175,1507403,-1.3456,-0.2031,0.0238,52.1240,73.4253,151.6113,1.3610,,
DATA,A009,3,176,1507413,-1.6568,0.1155,-0.0060,66.0400,45.0439,143.9819,1.6609,,
DATA,A009,3,177,1507423,-2.0868,0.6241,-0.2909,71.1060,-7.0801,119.9951,2.1974,,
DATA,A009,3,178,1507433,-2.2989,0.8870,-0.4032,80.4443,-37.2314,90.8813,2.4969,,
DATA,A009,3,179,1507443,-2.4166,1.2942,-0.1874,91.1255,-79.5898,52.6123,2.7478,,
DATA,A009,3,180,1507453,-2.3888,1.5262,-0.1090,80.3833,-114.5630,21.5454,2.8368,,
DATA,A009,3,181,1507463,-2.0878,1.5706,0.0787,41.0156,-159.1187,-24.2310,2.6138,,
DATA,A009,3,182,1507473,-1.7137,1.4654,0.1246,19.5923,-173.4009,-53.7720,2.2583,,
DATA,A009,3,183,1507483,-1.1649,1.2855,0.3404,0.7324,-166.0156,-89.7217,1.7679,,
DATA,A009,3,184,1507493,-0.9039,1.1722,0.4994,-13.6108,-140.8081,-104.3701,1.5622,,
DATA,A009,3,185,1507503,-0.7325,0.9849,0.6158,-32.5317,-102.7832,-113.4644,1.3733,,
DATA,A009,3,186,1507513,-0.6593,0.5823,0.7428,-56.7017,-53.7109,-117.3706,1.1513,,
DATA,A009,3,187,1507523,-0.6549,0.3450,0.7689,-59.8145,-30.7007,-120.6055,1.0673,,
DATA,A009,3,188,1507533,-0.5516,0.1536,0.7184,-47.1191,-9.7656,-127.0752,0.9187,,
DATA,A009,3,189,1507543,-0.4039,0.0992,0.7506,-39.0015,3.4790,-126.0376,0.8581,,
DATA,A009,3,190,1507553,-0.1351,0.0303,0.7631,-35.0952,25.2686,-115.3564,0.7755,,
DATA,A009,3,191,1507563,0.0978,-0.0629,0.7086,-34.8511,45.8374,-103.0884,0.7181,,
DATA,A009,3,192,1507573,0.4386,-0.3310,0.7030,-39.5508,85.9375,-71.4111,0.8923,,
DATA,A009,3,193,1507583,0.7057,-0.5266,0.8341,-31.9214,119.1406,-52.6123,1.2128,,
DATA,A009,3,194,1507593,0.8327,-0.6017,1.0995,3.7231,140.6250,-17.2119,1.5047,,
DATA,A009,3,195,1507603,0.8070,-0.5412,1.0135,14.7705,155.3345,10.6812,1.4041,,
DATA,A009,3,196,1507613,0.6950,-0.6362,0.8905,12.3291,184.3262,57.1899,1.2964,,
DATA,A009,3,197,1507623,0.4948,-0.7138,0.8024,9.5215,196.8384,91.6138,1.1824,,
DATA,A009,3,198,1507633,-0.0506,-0.7114,0.5397,15.6860,214.1113,125.7324,0.8943,,
DATA,A009,3,199,1507643,-0.5025,-0.6035,0.3282,21.9727,208.5571,140.1978,0.8512,,
DATA,A009,3,200,1507653,-1.1551,-0.3552,0.1002,23.9258,169.3726,146.6675,1.2127,,
DATA,A009,3,201,1507663,-1.4940,-0.1335,-0.0433,21.7896,124.5728,140.3809,1.5006,,
DATA,A009,3,202,1507673,-1.8683,0.2625,-0.2907,24.2920,38.3301,127.6245,1.9089,,
DATA,A009,3,203,1507683,-1.9171,0.5528,-0.3202,32.6538,-0.2441,121.9482,2.0207,,
DATA,A009,3,204,1507693,-1.9181,1.0286,-0.3627,45.1050,-45.0439,105.1025,2.2065,,
DATA,A009,3,205,1507703,-1.9281,1.2610,-0.4306,45.9595,-59.7534,87.5244,2.3437,,
DATA,A009,3,206,1507713,-1.9430,1.4337,-0.3947,33.3252,-71.3501,62.5610,2.4467,,
DATA,A009,3,207,1507723,-1.8827,1.4876,-0.3217,26.4282,-80.0171,39.4287,2.4209,,
DATA,A009,3,208,1507733,-1.6791,1.5535,-0.1356,32.0435,-89.2334,-9.2163,2.2915,,
DATA,A009,3,209,1507743,-1.4930,1.5391,0.0409,31.0669,-89.1724,-36.3770,2.1447,,
DATA,A009,3,210,1507753,-1.1307,1.3033,0.4152,14.3433,-71.0449,-67.9932,1.7747,,
DATA,A009,3,211,1507763,-0.9667,1.0611,0.5729,1.0986,-58.8989,-82.8247,1.5455,,
DATA,A009,3,212,1507773,-0.7994,0.6690,0.6639,-13.0005,-30.4565,-97.5952,1.2359,,
DATA,A009,3,213,1507783,-0.7237,0.4424,0.6937,-15.6860,-8.7891,-104.2480,1.0958,,
DATA,A009,3,214,1507793,-0.6222,0.2261,0.6637,-10.6201,19.5312,-109.2529,0.9374,,
DATA,A009,3,215,1507803,-0.5077,0.1634,0.6681,-6.4087,35.5225,-110.1074,0.8548,,
DATA,A009,3,216,1507813,-0.4391,0.1041,0.6976,-6.5918,45.7153,-107.6050,0.8308,,
DATA,A009,3,217,1507823,-0.2543,-0.0307,0.6202,-16.7236,59.2651,-90.1489,0.6710,,
DATA,A009,3,218,1507833,-0.0934,-0.1369,0.7042,-16.6626,69.2749,-76.0498,0.7234,,
DATA,A009,3,219,1507843,0.0338,-0.2490,0.7999,-16.7847,75.4395,-45.3491,0.8384,,
DATA,A009,3,220,1507853,0.1754,-0.3181,0.7921,-17.9443,89.0503,-27.1606,0.8714,,
DATA,A009,3,221,1507863,0.3344,-0.4736,0.8990,-23.0103,114.3799,8.9111,1.0697,,
DATA,A009,3,222,1507873,0.2721,-0.5681,0.8568,-34.1187,126.4038,55.3589,1.0634,,
DATA,A009,3,223,1507883,0.1464,-0.5517,0.6588,-32.2266,133.1177,79.4678,0.8717,,
DATA,A009,3,224,1507893,-0.0856,-0.5234,0.5067,-27.2217,130.7983,106.6284,0.7335,,
DATA,A009,3,225,1507903,-0.5277,-0.4243,0.3690,-24.8413,123.6572,135.3149,0.7711,,
DATA,A009,3,226,1507913,-0.7279,-0.3163,0.2482,-21.1792,118.2861,141.9678,0.8316,,
DATA,A009,3,227,1507923,-0.8993,-0.0231,0.1366,-9.7046,114.8682,154.4189,0.9099,,
DATA,A009,3,228,1507933,-1.0275,0.1905,-0.0231,-6.6528,109.4971,160.4004,1.0452,,
DATA,A009,3,229,1507943,-1.4054,0.5328,-0.3632,3.9673,101.3184,151.7944,1.5462,,
DATA,A009,3,230,1507953,-1.6776,0.7745,-0.5272,23.1934,93.6890,137.6343,1.9215,,
DATA,A009,3,231,1507963,-1.8778,1.1734,-0.6288,60.4858,61.4624,96.7407,2.3018,,
DATA,A009,3,232,1507973,-1.8453,1.4598,-0.5167,78.1250,28.7476,70.9839,2.4090,,
DATA,A009,3,233,1507983,-1.6183,1.7191,-0.2225,65.3076,-38.0859,40.2832,2.3714,,
DATA,A009,3,234,1507993,-1.4122,1.6780,-0.1036,34.9121,-78.6743,19.1650,2.1957,,
DATA,A009,3,235,1508003,-1.0599,1.3900,0.1224,3.6011,-100.5249,-7.5684,1.7523,,
DATA,A009,3,236,1508013,-0.8878,1.1961,0.2799,-0.7324,-98.2056,-20.2637,1.5157,,
DATA,A009,3,237,1508023,-0.6915,0.8919,0.4469,-1.5259,-67.6270,-40.0391,1.2138,,
DATA,A009,3,238,1508033,-0.5941,0.6678,0.5150,-3.1128,-40.1001,-47.7905,1.0316,,
DATA,A009,3,239,1508043,-0.6129,0.3370,0.5333,-7.0801,-5.2490,-44.4946,0.8796,,
DATA,A009,3,240,1508053,-0.7347,0.1675,0.5360,-1.1597,17.0288,-40.3442,0.9248,,
DATA,A009,3,241,1508063,-0.9239,0.0577,0.5448,21.6064,31.6772,-37.4756,1.0741,,
DATA,A009,3,242,1508073,-1.0419,0.0997,0.5624,36.0107,22.2168,-37.7197,1.1881,,
DATA,A009,3,243,1508083,-1.1317,0.2354,0.5575,44.5557,-8.1787,-41.4429,1.2833,,
DATA,A009,3,244,1508093,-1.0907,0.3118,0.5746,40.2222,-27.2827,-42.5415,1.2716,,
DATA,A009,3,245,1508103,-0.9173,0.3646,0.6327,24.1089,-52.6123,-39.8560,1.1725,,
DATA,A009,3,246,1508113,-0.8006,0.3631,0.6251,12.3291,-60.9741,-36.1938,1.0787,,
DATA,A009,3,247,1508123,-0.6900,0.3343,0.5402,1.7090,-59.3872,-31.1890,0.9379,,
DATA,A009,3,248,1508133,-0.6783,0.3226,0.4613,2.2583,-57.1899,-28.0151,0.8815,,
DATA,A009,3,249,1508143,-0.7316,0.3714,0.3622,10.8643,-65.2466,-23.1323,0.8968,,
DATA,A009,3,250,1508153,-0.7809,0.4334,0.3297,18.0664,-71.1060,-21.1182,0.9520,,
DATA,A009,3,251,1508163,-0.8573,0.5023,0.3014,24.7192,-79.7729,-20.9961,1.0383,,
DATA,A009,3,252,1508173,-1.0179,0.5796,0.2228,25.8179,-96.3135,-21.6064,1.1924,,
DATA,A009,3,253,1508183,-0.9676,0.5450,0.3260,22.8882,-107.9102,-23.6816,1.1574,,
DATA,A009,3,254,1508193,-1.0433,0.5994,0.3378,28.5034,-137.6343,-17.6392,1.2498,,
DATA,A009,3,255,1508203,-1.0458,0.6275,0.3050,26.1841,-164.1846,-25.5127,1.2572,,
DATA,A009,3,256,1508213,-1.0382,0.6082,0.3763,19.8975,-190.4297,-29.0527,1.2607,,
DATA,A009,3,257,1508223,-1.1424,0.5704,0.4694,16.6626,-217.5293,-30.0903,1.3604,,
DATA,A009,3,258,1508233,-1.0572,0.6666,0.4737,13.8550,-297.9736,-24.5972,1.3366,,
DATA,A009,3,259,1508243,-1.1341,0.7545,0.6454,24.8413,-313.6597,-3.6621,1.5073,,
DATA,A009,3,260,1508253,-1.1005,0.8121,0.5453,8.3618,-345.9473,-52.9175,1.4723,,
DATA,A009,3,261,1508263,-1.0775,0.7581,0.4933,-12.6953,-369.3848,-65.1245,1.4068,,
DATA,A009,3,262,1508273,-0.8336,0.6778,0.6283,-15.0757,-351.7456,-82.2754,1.2446,,
DATA,A009,3,263,1508283,-0.7496,0.5936,0.5419,-12.0239,-345.9473,-82.5195,1.0990,,
DATA,A009,3,264,1508293,-0.7530,0.4029,0.5116,-4.8218,-329.2847,-76.7822,0.9955,,
DATA,A009,3,265,1508303,-0.7057,0.3389,0.5868,3.3569,-333.2520,-85.8154,0.9783,,
DATA,A009,3,266,1508313,-0.5472,0.3514,0.6551,10.5591,-329.7119,-102.3560,0.9231,,
DATA,A009,3,267,1508323,-0.4618,0.3714,0.7257,10.0098,-319.9463,-104.9194,0.9369,,
DATA,A009,3,268,1508333,-0.3448,0.3733,0.8099,6.8359,-296.7529,-110.9619,0.9562,,
DATA,A009,3,269,1508343,-0.2789,0.3472,0.8216,1.7700,-285.0952,-116.0278,0.9346,,
DATA,A009,3,270,1508353,-0.2015,0.2501,0.8561,-3.7231,-265.6250,-119.5068,0.9143,,
DATA,A009,3,271,1508363,-0.1263,0.2059,0.9010,-3.5400,-250.5493,-122.1924,0.9328,,
DATA,A009,3,272,1508373,-0.0099,0.1939,0.9850,-2.9297,-224.1821,-126.9531,1.0039,,
DATA,A009,3,273,1508383,0.0595,0.2020,0.9593,-6.5308,-199.1577,-127.8687,0.9822,,
DATA,A009,3,274,1508393,0.1159,0.1421,0.9286,-13.1836,-159.9731,-127.9907,0.9465,,
DATA,A009,3,275,1508403,0.1024,0.0953,0.9391,-12.2681,-135.6812,-128.0518,0.9494,,
DATA,A009,3,276,1508413,0.0399,0.0706,0.9530,-6.2866,-107.5439,-128.7842,0.9564,,
DATA,A009,3,277,1508423,0.0143,0.0943,0.9952,-2.1973,-97.6562,-130.1270,0.9998,,
DATA,A009,3,278,1508433,-0.0189,0.1585,1.0502,-0.6104,-89.2334,-130.4932,1.0622,,
DATA,A009,3,279,1508443,-0.0118,0.1990,1.0062,-4.4556,-83.2520,-129.5166,1.0258,,
DATA,A009,3,280,1508453,0.0585,0.1768,0.9337,-10.4370,-77.6367,-126.4648,0.9521,,
DATA,A009,3,281,1508463,0.0995,0.1397,0.9144,-11.2915,-73.3032,-122.8638,0.9304,,
DATA,A009,3,282,1508473,0.1166,0.1121,0.9430,-8.6060,-62.0117,-117.3706,0.9568,,
DATA,A009,3,283,1508483,0.1181,0.1292,0.9386,-7.5684,-52.6123,-114.0137,0.9548,,
DATA,A009,3,284,1508493,0.0910,0.1690,0.9689,-6.8970,-44.7998,-107.4829,0.9877,,
DATA,A009,3,285,1508503,0.0712,0.2032,0.9584,-9.1553,-42.0532,-102.4170,0.9822,,
DATA,A009,3,286,1508513,0.0932,0.2120,0.9203,-14.6484,-41.6260,-95.3979,0.9490,,
DATA,A009,3,287,1508523,0.1039,0.2003,0.9230,-16.9067,-43.7622,-90.3931,0.9501,,
DATA,A009,3,288,1508533,0.6378,0.2974,0.7609,-8.9111,-20.6909,-69.8853,1.0364,,
DATA,A009,3,289,1508543,0.3346,0.1727,1.0314,23.7427,84.9609,33.2031,1.0979,,
DATA,A009,3,290,1508553,-0.6368,-0.0175,1.1966,-9.3994,45.2881,-96.6797,1.3557,,
DATA,A009,3,291,1508563,-0.2435,0.1551,0.9198,-35.9497,-46.0205,-147.4609,0.9640,,
DATA,A009,3,292,1508573,0.7499,0.0638,0.7142,-28.2593,-98.4497,-58.7769,1.0376,,
DATA,A009,3,293,1508583,-0.0848,0.5491,0.1962,148.4985,-28.0151,-49.8047,0.5893,,
DATA,A009,3,294,1508593,0.6442,0.4551,0.9686,42.5415,93.6279,-49.3774,1.2491,,
DATA,A009,3,295,1508603,-0.1166,-0.3864,1.0113,-31.9214,37.4146,-2.8687,1.0889,,
DATA,A009,3,296,1508613,0.0233,-0.0541,0.8898,-16.4795,23.9258,-43.0908,0.8917,,
DATA,A009,3,297,1508623,-0.0943,0.3851,1.0101,11.4136,35.0342,-62.1338,1.0851,,
DATA,A009,3,298,1508633,-0.1295,0.4100,1.0707,16.5405,26.4893,-25.8789,1.1538,,
DATA,A009,3,299,1508643,-0.1473,0.2945,1.0792,11.6577,21.9116,3.4180,1.1283,,
DATA,A009,3,300,1508653,-0.1293,0.2230,1.0460,12.5732,9.8877,2.0752,1.0773,,
DATA,A009,3,301,1508663,-0.0504,0.2230,1.0089,15.9302,-12.2070,-5.9814,1.0345,,
DATA,A009,3,302,1508673,-0.0155,0.2188,0.9879,14.4653,-22.0337,-9.3384,1.0120,,
DATA,A009,3,303,1508683,-0.0548,0.9185,1.0174,3.7842,-31.0669,-18.3716,1.3718,,
DATA,A009,3,304,1508693,-0.0111,0.2559,1.0265,-26.6724,-22.7661,-17.0288,1.0580,,
DATA,A009,3,305,1508703,0.1459,0.0320,0.9916,-19.1650,-32.4707,-30.3345,1.0028,,
DATA,A009,3,306,1508713,0.1720,0.1990,1.0026,-0.8545,-31.0669,-22.8271,1.0365,,
DATA,A009,3,307,1508723,0.0912,0.2403,0.9767,-5.9814,-2.5635,-14.3433,1.0099,,
DATA,A009,3,308,1508733,0.0116,0.2454,0.9549,-4.2114,5.3101,-13.7939,0.9860,,
DATA,A009,3,309,1508743,0.0087,0.2645,0.9510,1.5259,3.1128,-10.4370,0.9872,,
DATA,A009,3,310,1508753,0.0563,0.2896,0.9574,-0.1831,3.8452,-9.5215,1.0018,,
DATA,A009,3,311,1508763,0.0668,0.2545,0.9496,-7.0190,10.9253,-15.3809,0.9853,,
DATA,A009,3,312,1508773,0.0487,0.2405,0.9679,-9.0332,15.9302,-21.5454,0.9985,,
DATA,A009,3,313,1508783,0.0355,0.2181,0.9728,-7.6904,19.2871,-27.2827,0.9975,,
DATA,A009,3,314,1508793,0.0126,0.2293,0.9828,-8.0566,22.8271,-29.2358,1.0093,,
DATA,A009,3,315,1508803,-0.0023,0.1739,1.0304,-4.9438,18.9819,-26.1841,1.0450,,
DATA,A009,3,316,1508813,-0.0013,0.1580,1.0301,1.8311,12.3291,-26.2451,1.0422,,
DATA,A009,3,317,1508823,0.0287,0.1880,1.0243,9.8877,8.7280,-26.5503,1.0418,,
DATA,A009,3,318,1508833,0.0180,0.1873,1.0055,12.8784,6.0425,-26.7944,1.0229,,
DATA,A009,3,319,1508843,0.0541,0.2567,1.0094,12.6953,5.4932,-26.1230,1.0429,,
DATA,A009,3,320,1508853,0.0177,0.2427,0.9835,7.2632,16.8457,-21.6064,1.0132,,
DATA,A009,3,321,1508863,0.0128,0.2523,0.9901,5.4932,18.3716,-24.8413,1.0218,,
DATA,A009,3,322,1508873,0.0209,0.2650,0.9884,-1.0986,23.2544,-26.2451,1.0235,,
DATA,A009,3,323,1508883,0.0111,0.2315,0.9960,-6.4087,22.3999,-31.3110,1.0226,,
DATA,A009,3,324,1508893,-0.0426,0.2391,1.0123,-8.1787,12.5122,-46.2646,1.0410,,
DATA,A009,3,325,1508903,-0.0550,0.2520,0.9977,-7.7515,5.4932,-44.3115,1.0305,,
DATA,A009,3,326,1508913,0.0097,0.2647,0.9440,-4.0283,-5.4932,-47.1802,0.9804,,
DATA,A009,3,327,1508923,0.0614,0.2991,0.9032,-3.0518,-4.2114,-45.8984,0.9534,,
DATA,A009,3,328,1508933,0.1683,0.2300,0.8683,-10.8032,7.8735,-36.5601,0.9139,,
DATA,A009,3,329,1508943,0.1471,0.2205,0.8966,-19.7144,14.0991,-40.4053,0.9350,,
DATA,A009,3,330,1508953,0.0736,0.2642,0.9676,-27.8320,21.1182,-38.0249,1.0058,,
DATA,A009,3,331,1508963,-0.0072,0.2151,1.0060,-25.3296,19.6533,-28.3203,1.0287,,
DATA,A009,3,332,1508973,-0.0123,0.1793,1.0582,-14.2822,14.0381,-17.4561,1.0734,,
DATA,A009,3,333,1508983,-0.0204,0.1551,1.0438,-5.3711,10.9253,-12.9395,1.0555,,
DATA,A009,3,334,1508993,-0.0296,0.1453,1.0345,17.5781,0.5493,2.3193,1.0451,,
DATA,A009,3,335,1509003,0.0536,0.1260,0.9786,20.1416,8.3008,-0.8545,0.9882,,
DATA,A009,3,336,1509013,0.1469,0.1287,1.2269,8.6670,17.2729,-19.8364,1.2424,,
DATA,A009,3,337,1509023,0.0712,0.1287,0.9537,4.7607,12.1460,-23.7427,0.9650,,
DATA,A009,3,338,1509033,0.0932,0.1783,0.9549,3.4180,23.1323,-22.4609,0.9759,,
DATA,A009,3,339,1509043,0.0390,0.2064,0.9625,3.6621,28.0151,-21.7896,0.9852,,
DATA,A009,3,340,1509053,-0.0118,0.2234,1.0116,2.6855,33.6914,-18.6157,1.0360,,
DATA,A009,3,341,1509063,-0.0321,0.2200,1.0316,1.7090,36.1328,-17.3340,1.0553,,
DATA,A009,3,342,1509073,-0.0282,0.1983,1.0372,0.5493,36.4990,-15.1367,1.0564,,
DATA,A009,3,343,1509083,-0.0160,0.1685,1.0199,0.7935,34.7900,-13.6108,1.0338,,
DATA,A009,3,344,1509093,0.0224,0.1734,1.0465,1.4648,34.6069,-9.8877,1.0610,,
DATA,A009,3,345,1509103,0.0199,0.1902,1.0724,-0.9766,38.3911,-9.4604,1.0893,,
DATA,A009,3,346,1509113,-0.0289,0.2144,1.1073,-3.5400,39.1846,-10.1318,1.1282,,
EVENT,A009,3,,1509118,,,,,,,,STOP,346
EVENT,A009,4,,1518797,,,,,,,,START,
DATA,A009,4,1,1518820,-0.1341,0.6468,0.7015,48.2178,2.0752,8.7891,0.9636,,
DATA,A009,4,2,1518830,-0.1161,0.5794,0.6788,70.0684,3.2959,12.7563,0.9000,,
DATA,A009,4,3,1518840,-0.2150,0.6231,0.7108,74.2798,5.1880,13.9160,0.9694,,
DATA,A009,4,4,1518850,-0.2403,0.6548,0.6969,75.2563,12.3901,-6.7749,0.9860,,
DATA,A009,4,5,1518860,-0.2098,0.8543,0.6896,73.4863,10.9253,-22.9492,1.1178,,
DATA,A009,4,6,1518870,-0.1984,0.8287,0.6708,64.8193,5.1270,-20.6299,1.0844,,
DATA,A009,4,7,1518880,-0.1510,0.8665,0.6715,49.5605,3.2959,-20.8130,1.1066,,
DATA,A009,4,8,1518890,-0.1996,0.7359,0.6395,37.5366,0.7935,-24.4141,0.9952,,
DATA,A009,4,9,1518900,-0.1229,0.7986,0.6122,40.3442,0.0000,-23.3765,1.0138,,
DATA,A009,4,10,1518910,-0.0914,0.7891,0.5983,37.1704,5.1880,-22.2778,0.9945,,
DATA,A009,4,11,1518920,-0.0934,0.7501,0.5912,35.2783,15.8691,-21.7896,0.9596,,
DATA,A009,4,12,1518930,-0.1185,0.7654,0.6149,31.0059,22.1558,-22.6440,0.9889,,
DATA,A009,4,13,1518940,-0.1478,0.7667,0.6527,21.1792,29.9072,-24.9634,1.0177,,
DATA,A009,4,14,1518950,-0.1720,0.7510,0.6871,18.9209,30.6396,-26.4282,1.0324,,
DATA,A009,4,15,1518960,-0.1659,0.7603,0.7169,15.5029,25.0244,-28.5645,1.0581,,
DATA,A009,4,16,1518970,-0.1285,0.7698,0.7269,13.6108,20.5078,-28.1982,1.0666,,
DATA,A009,4,17,1518980,-0.1378,0.7723,0.7086,11.5967,13.7939,-28.3203,1.0571,,
DATA,A009,4,18,1518990,-0.0782,0.7322,0.6739,7.9346,8.9722,-33.4473,0.9982,,
DATA,A009,4,19,1519000,0.0060,1.0416,0.6710,5.1880,8.3008,-33.3862,1.2390,,
DATA,A009,4,20,1519010,0.3810,1.2300,0.4996,28.9917,20.0806,-0.2441,1.3812,,
DATA,A009,4,21,1519020,0.1801,0.6597,0.5543,2.8076,90.0269,41.5649,0.8803,,
DATA,A009,4,22,1519030,0.2391,0.5901,0.5314,-18.9819,99.2432,22.8882,0.8293,,
DATA,A009,4,23,1519040,0.3412,0.6758,0.4457,-12.0239,151.1841,18.4937,0.8785,,
DATA,A009,4,24,1519050,0.3473,0.6067,0.4025,1.0376,188.0493,28.6255,0.8067,,
DATA,A009,4,25,1519060,0.4120,0.6475,0.4374,24.7192,249.1455,53.3447,0.8834,,
DATA,A009,4,26,1519070,0.4069,0.7210,0.4425,27.8320,302.0630,67.3828,0.9387,,
DATA,A009,4,27,1519080,0.2641,0.8011,0.4391,11.9019,380.1880,79.2847,0.9509,,
DATA,A009,4,28,1519090,0.1442,0.8260,0.4171,0.1221,426.3916,76.7212,0.9365,,
DATA,A009,4,29,1519100,-0.0860,0.9017,0.4515,-5.5542,485.9619,70.1904,1.0121,,
DATA,A009,4,30,1519110,-0.2435,0.9979,0.5138,-11.9019,522.7661,67.2607,1.1485,,
DATA,A009,4,31,1519120,-0.4374,1.1124,0.5411,-29.5410,566.5283,54.0771,1.3120,,
DATA,A009,4,32,1519130,-0.6334,1.1360,0.5165,-41.7480,576.6602,43.3960,1.3995,,
DATA,A009,4,33,1519140,-0.9547,1.1592,0.4989,-50.9644,562.0728,25.5737,1.5825,,
DATA,A009,4,34,1519150,-1.0765,1.1209,0.4891,-62.5000,527.8931,8.6670,1.6293,,
DATA,A009,4,35,1519160,-1.1927,1.0259,0.4982,-74.8901,452.0874,-16.8457,1.6503,,
DATA,A009,4,36,1519170,-1.2225,0.9566,0.4784,-79.7119,395.0195,-31.6162,1.6243,,
DATA,A009,4,37,1519180,-1.1879,0.8438,0.4215,-85.0220,312.4390,-49.3774,1.5168,,
DATA,A009,4,38,1519190,-1.1290,0.7686,0.3924,-86.6699,269.4092,-58.6548,1.4211,,
DATA,A009,4,39,1519200,-1.0572,0.6854,0.3832,-86.3037,233.8867,-66.6504,1.3169,,
DATA,A009,4,40,1519210,-0.9703,0.6070,0.3509,-80.6274,200.0122,-72.8149,1.1971,,
DATA,A009,4,41,1519220,-0.9213,0.5799,0.3385,-76.7212,186.8896,-76.2329,1.1400,,
DATA,A009,4,42,1519230,-0.8563,0.5704,0.2943,-70.0073,180.4199,-82.0312,1.0701,,
DATA,A009,4,43,1519240,-0.8331,0.5709,0.2762,-65.2466,178.2227,-87.1582,1.0470,,
DATA,A009,4,44,1519250,-0.8568,0.5731,0.2198,-58.9600,176.8799,-92.3462,1.0540,,
DATA,A009,4,45,1519260,-0.8939,0.5684,0.1532,-55.9082,173.2788,-95.3369,1.0703,,
DATA,A009,4,46,1519270,-0.9498,0.5469,0.0599,-53.1006,160.0952,-99.3652,1.0977,,
DATA,A009,4,47,1519280,-0.9532,0.5355,0.0082,-49.3164,148.8647,-101.8066,1.0934,,
DATA,A009,4,48,1519290,-0.9098,0.5198,-0.0363,-42.0532,136.4746,-106.8115,1.0484,,
DATA,A009,4,49,1519300,-0.8783,0.5152,-0.0411,-36.1328,129.0894,-108.2153,1.0191,,
DATA,A009,4,50,1519310,-0.8717,0.5174,-0.0162,-26.9165,117.1265,-108.3984,1.0138,,
DATA,A009,4,51,1519320,-0.8663,0.5362,0.0065,-19.6533,115.4175,-109.0088,1.0188,,
DATA,A009,4,52,1519330,-0.8436,0.5638,0.0868,-11.1694,108.0933,-110.2295,1.0184,,
DATA,A009,4,53,1519340,-0.8519,0.5894,0.1119,-8.3008,97.0459,-107.7271,1.0420,,
DATA,A009,4,54,1519350,-0.8356,0.6202,0.0758,-8.8501,78.6743,-102.2339,1.0433,,
DATA,A009,4,55,1519360,-0.8111,0.6231,0.0572,-9.2163,62.8052,-96.8018,1.0244,,
DATA,A009,4,56,1519370,-0.7748,0.6131,0.0231,-9.3994,43.2739,-90.2710,0.9883,,
DATA,A009,4,57,1519380,-0.7367,0.5950,0.0104,-7.3853,34.3628,-87.0361,0.9470,,
DATA,A009,4,58,1519390,-0.6752,0.5696,-0.0143,-2.8687,19.8364,-77.4536,0.8835,,
DATA,A009,4,59,1519400,-0.6131,0.5533,0.0160,2.3193,15.8081,-69.0918,0.8260,,
DATA,A009,4,60,1519410,-0.5638,0.5796,0.0882,10.1318,13.7939,-60.1807,0.8134,,
DATA,A009,4,61,1519420,-0.5585,0.6070,0.1161,12.4512,12.7563,-54.9316,0.8329,,
DATA,A009,4,62,1519430,-0.5773,0.6370,0.1097,9.8877,10.4980,-47.9126,0.8666,,
DATA,A009,4,63,1519440,-0.6124,0.6373,0.0712,6.5308,6.9580,-42.6636,0.8867,,
DATA,A009,4,64,1519450,-0.6561,0.6172,0.0150,3.1738,1.8311,-36.1328,0.9009,,
DATA,A009,4,65,1519460,-0.6424,0.6050,0.0257,3.9062,-3.2349,-32.7759,0.8829,,
DATA,A009,4,66,1519470,-0.6002,0.6141,0.0912,6.7749,-12.1460,-27.2827,0.8635,,
DATA,A009,4,67,1519480,-0.5958,0.6434,0.1185,7.9956,-14.8926,-23.8647,0.8849,,
DATA,A009,4,68,1519490,-0.6654,0.6692,0.0953,7.5073,-15.1367,-21.8506,0.9485,,
DATA,A009,4,69,1519500,-0.7196,0.6705,0.0878,7.9956,-12.8174,-22.0947,0.9874,,
DATA,A009,4,70,1519510,-0.7765,0.6600,0.0760,10.4370,-10.6201,-22.9492,1.0219,,
DATA,A009,4,71,1519520,-0.7604,0.6458,0.0770,11.5967,-10.9863,-23.3154,1.0006,,
DATA,A009,4,72,1519530,-0.7198,0.6343,0.0963,13.6719,-9.5825,-23.5596,0.9643,,
DATA,A009,4,73,1519540,-0.6783,0.6397,0.1168,16.7847,1.2817,-24.5972,0.9397,,
DATA,A009,4,74,1519550,-0.7167,0.6356,0.0716,15.9912,10.5591,-26.2451,0.9606,,
DATA,A009,4,75,1519560,-0.8185,0.5777,0.0463,16.7236,22.1558,-29.2358,1.0029,,
DATA,A009,4,76,1519570,-0.8536,0.5430,0.0453,19.8975,24.3530,-29.8462,1.0127,,
DATA,A009,4,77,1519580,-0.8605,0.5079,0.0272,21.4844,17.0288,-27.1606,0.9995,,
DATA,A009,4,78,1519590,-0.8590,0.4783,0.0272,20.9351,10.1929,-26.1230,0.9836,,
DATA,A009,4,79,1519600,-0.8404,0.4297,0.0336,19.8364,1.9531,-24.3530,0.9445,,
DATA,A009,4,80,1519610,-0.8312,0.3953,0.0375,18.6768,-3.7231,-22.7051,0.9211,,
DATA,A009,4,81,1519620,-0.7858,0.3445,0.0670,17.7002,-7.6904,-20.6909,0.8606,,
DATA,A009,4,82,1519630,-0.7501,0.3257,0.0663,18.2495,-6.1035,-18.4937,0.8205,,
DATA,A009,4,83,1519640,-0.7008,0.3050,0.0936,19.5923,0.9766,-13.2446,0.7700,,
DATA,A009,4,84,1519650,-0.6944,0.3106,0.1171,21.4844,7.5684,-8.6670,0.7697,,
DATA,A009,4,85,1519660,-0.7132,0.3426,0.1930,23.4985,22.8271,-4.7607,0.8144,,
DATA,A009,4,86,1519670,-0.7865,0.3870,0.1427,21.3623,28.9917,-2.3193,0.8881,,
DATA,A009,4,87,1519680,-0.8497,0.3795,0.0858,17.4561,35.8276,0.7324,0.9345,,
DATA,A009,4,88,1519690,-0.8824,0.3870,0.0726,19.1040,37.3535,3.4180,0.9663,,
DATA,A009,4,89,1519700,-0.9115,0.4014,0.0216,21.1792,31.2500,7.2021,0.9962,,
DATA,A009,4,90,1519710,-1.0025,0.4437,0.3412,24.9023,13.2446,6.4697,1.1482,,
DATA,A009,4,91,1519720,-0.7462,1.1548,1.3116,56.3354,12.8784,10.6201,1.9002,,
DATA,A009,4,92,1519730,-0.6642,1.4251,0.3932,-18.3105,-32.5317,7.9346,1.6207,,
DATA,A009,4,93,1519740,-0.4899,0.5914,0.4840,-90.9424,-4.3335,22.0947,0.9077,,
DATA,A009,4,94,1519750,-0.3321,0.4361,0.7921,-61.4014,19.4702,28.1982,0.9633,,
DATA,A009,4,95,1519760,0.1193,0.6453,0.9838,-36.8652,76.2329,48.5229,1.1826,,
DATA,A009,4,96,1519770,0.2824,0.8406,0.9921,-43.4570,131.4087,53.0396,1.3306,,
DATA,A009,4,97,1519780,0.0944,1.3118,0.2643,-57.8613,218.1396,74.4629,1.3415,,
DATA,A009,4,98,1519790,0.7030,1.0618,-0.0924,-81.6040,244.2017,89.9658,1.2768,,
DATA,A009,4,99,1519800,-0.9864,1.2144,-0.0211,-84.4116,274.3530,149.5361,1.5647,,
DATA,A009,4,100,1519810,-0.9637,0.5142,-0.6005,-197.9980,188.8428,163.9404,1.2465,,
DATA,A009,4,101,1519820,-1.6859,0.2313,-1.4137,-104.1870,18.9819,172.4243,2.2123,,
DATA,A009,4,102,1519830,-1.8939,0.4234,-1.5023,-5.6763,55.5420,116.8823,2.4542,,
DATA,A009,4,103,1519840,-3.1830,1.1058,-0.9337,19.4092,-59.8755,4.7607,3.4966,,
DATA,A009,4,104,1519850,-3.1280,0.8189,-0.0189,-40.5884,-43.3960,-57.8613,3.2335,,
DATA,A009,4,105,1519860,-2.6410,0.2781,0.0304,-51.0864,-142.1509,-15.8081,2.6558,,
DATA,A009,4,106,1519870,-2.8163,0.2967,0.1390,-34.1187,-326.5991,-74.8291,2.8353,,
DATA,A009,4,107,1519880,-1.7447,-0.4284,-0.4982,-36.8042,-249.3896,-154.9683,1.8644,,
DATA,A009,4,108,1519890,-0.8978,0.3995,0.7147,85.0220,-355.6519,-135.6201,1.2151,,
DATA,A009,4,109,1519900,-0.2049,1.2364,0.5358,72.8149,-405.3955,-61.2183,1.3630,,
DATA,A009,4,110,1519910,0.8134,0.9339,1.0568,-11.2305,-260.0708,-63.4766,1.6280,,
DATA,A009,4,111,1519920,1.1298,0.7769,1.3707,-18.1885,-115.1733,-36.8042,1.9388,,
DATA,A009,4,112,1519930,0.1674,0.8860,0.8990,-28.8696,115.4175,-15.0757,1.2733,,
DATA,A009,4,113,1519940,-0.8888,0.9952,0.4127,-31.2500,174.0112,-28.8086,1.3967,,
DATA,A009,4,114,1519950,-1.4720,1.0367,-0.0070,-30.2124,145.2637,-41.7480,1.8005,,
DATA,A009,4,115,1519960,-1.3121,1.1573,-0.2113,-12.6953,104.4312,-44.9219,1.7623,,
DATA,A009,4,116,1519970,-1.0343,1.3299,-0.4906,4.8218,50.7812,-51.1475,1.7547,,
DATA,A009,4,117,1519980,-0.9703,1.2715,-0.5665,10.1929,30.3955,-59.6924,1.6969,,
DATA,A009,4,118,1519990,-1.0426,1.0516,-0.5597,27.1606,10.9863,-76.5381,1.5831,,
DATA,A009,4,119,1520000,-1.0428,0.9075,-0.3720,36.6821,-4.1504,-87.2192,1.4316,,
DATA,A009,4,120,1520010,-0.8768,0.7820,-0.1705,42.9688,-19.0430,-96.6797,1.1872,,
DATA,A009,4,121,1520020,-0.9127,0.7767,-0.2853,47.7295,-11.3525,-104.3091,1.2319,,
DATA,A009,4,122,1520030,-1.0072,0.7647,-0.3593,57.5562,4.3945,-116.8213,1.3146,,
DATA,A009,4,123,1520040,-0.9669,0.7520,-0.4420,70.8618,8.1787,-123.9014,1.3022,,
DATA,A009,4,124,1520050,-0.8138,0.6617,-0.4135,87.5244,5.4321,-131.2256,1.1274,,
DATA,A009,4,125,1520060,-0.4877,0.5342,-0.2748,85.4492,14.4043,-128.3569,0.7738,,
DATA,A009,4,126,1520070,-0.0563,0.2974,0.1903,73.2422,47.5464,-114.6851,0.3575,,
DATA,A009,4,127,1520080,0.0526,0.1055,0.5372,50.0488,68.1152,-101.9287,0.5500,,
DATA,A009,4,128,1520090,0.0744,-0.2856,0.6503,9.7046,92.3462,-82.4585,0.7141,,
DATA,A009,4,129,1520100,0.1876,-0.5141,0.6820,-0.5493,99.8535,-66.0400,0.8744,,
DATA,A009,4,130,1520110,0.2367,-0.5922,0.5611,1.2207,104.2480,-40.2832,0.8495,,
DATA,A009,4,131,1520120,0.1361,-0.5737,0.4606,3.9062,105.2856,-28.0762,0.7482,,
DATA,A009,4,132,1520130,-0.0912,-0.6550,0.5497,0.4272,102.1118,-6.8359,0.8599,,
DATA,A009,4,133,1520140,-0.1930,-0.7204,0.5914,-7.5684,87.5244,7.3242,0.9518,,
DATA,A009,4,134,1520150,-0.3209,-0.6935,0.5826,-2.9907,58.1055,20.7520,0.9610,,
DATA,A009,4,135,1520160,-0.5292,-0.6259,0.4928,-5.9814,53.5889,24.0479,0.9564,,
DATA,A009,4,136,1520170,-0.8690,-0.4946,0.4090,-22.5220,53.8940,23.9868,1.0803,,
DATA,A009,4,137,1520180,-1.1395,-0.3227,0.3168,-27.8320,45.5322,24.7192,1.2260,,
DATA,A009,4,138,1520190,-1.5030,-0.0339,0.1366,-44.6777,11.1084,25.2686,1.5096,,
DATA,A009,4,139,1520200,-1.5980,0.1512,-0.0280,-54.1992,-22.1558,28.2593,1.6054,,
DATA,A009,4,140,1520210,-1.5614,0.3648,-0.0951,-52.6123,-49.8657,36.6821,1.6063,,
DATA,A009,4,141,1520220,-1.6295,0.7161,-0.1676,-44.1895,-83.0078,39.4287,1.7878,,
DATA,A009,4,142,1520230,-1.7206,0.9273,-0.2169,-43.0908,-101.4404,34.8511,1.9665,,
DATA,A009,4,143,1520240,-1.7494,1.2715,-0.4244,-28.9307,-135.6812,26.2451,2.2039,,
DATA,A009,4,144,1520250,-1.7770,1.5269,-0.5577,-12.2681,-151.0010,19.7144,2.4083,,
DATA,A009,4,145,1520260,-1.6341,1.7108,-0.3619,0.7935,-160.0952,4.0283,2.3933,,
DATA,A009,4,146,1520270,-1.4967,1.6937,-0.3427,6.5308,-168.1519,-14.1602,2.2860,,
DATA,A009,4,147,1520280,-1.3739,1.6038,-0.2091,32.5928,-164.5508,-52.7954,2.1222,,
DATA,A009,4,148,1520290,-1.2191,1.4927,0.0834,45.1050,-150.7568,-74.4019,1.9291,,
DATA,A009,4,149,1520300,-0.9813,1.2010,0.4642,36.9873,-119.4458,-89.9048,1.6189,,
DATA,A009,4,150,1520310,-0.8065,0.9588,0.5438,19.2261,-74.0967,-102.4170,1.3658,,
DATA,A009,4,151,1520320,-0.6114,0.6458,0.8629,2.6855,12.2070,-111.3281,1.2392,,
DATA,A009,4,152,1520330,-0.7181,0.5198,0.8824,7.3853,57.2510,-120.2393,1.2509,,
DATA,A009,4,153,1520340,-0.8646,0.3665,0.7469,10.5591,105.0415,-132.6294,1.1999,,
DATA,A009,4,154,1520350,-0.8756,0.2960,0.7382,13.9771,115.6616,-129.1504,1.1828,,
DATA,A009,4,155,1520360,-0.8624,0.2195,0.7670,7.1411,103.9429,-121.9482,1.1748,,
DATA,A009,4,156,1520370,-0.7887,0.1580,0.7909,-0.6104,78.4912,-114.2578,1.1280,,
DATA,A009,4,157,1520380,-0.5267,0.0345,0.9144,-13.3667,47.6685,-101.1963,1.0558,,
DATA,A009,4,158,1520390,-0.3146,-0.0590,0.9645,-27.3438,33.9355,-86.4868,1.0162,,
DATA,A009,4,159,1520400,-0.0526,-0.2399,0.9288,-41.3208,46.0205,-64.0259,0.9608,,
DATA,A009,4,160,1520410,0.0368,-0.3525,0.8417,-40.6494,70.0684,-45.5322,0.9132,,
DATA,A009,4,161,1520420,0.0634,-0.4824,0.8133,-31.3110,102.6611,-16.8457,0.9477,,
DATA,A009,4,162,1520430,0.0380,-0.5563,0.8729,-29.1138,116.5771,8.5449,1.0358,,
DATA,A009,4,163,1520440,-0.2152,-0.5866,0.6080,-20.3857,116.3330,48.5229,0.8718,,
DATA,A009,4,164,1520450,-0.4776,-0.5148,0.4676,-10.3149,103.6377,68.2373,0.8437,,
DATA,A009,4,165,1520460,-0.8285,-0.3383,0.3353,-4.7607,62.4390,85.5713,0.9557,,
DATA,A009,4,166,1520470,-0.9274,-0.2648,0.3385,-13.1836,32.3486,96.6187,1.0221,,
DATA,A009,4,167,1520480,-1.0765,-0.1794,0.1805,-25.5127,-1.0986,105.7739,1.1062,,
DATA,A009,4,168,1520490,-1.1483,-0.0895,0.0531,-26.2451,-11.7798,103.7598,1.1530,,
DATA,A009,4,169,1520500,-1.1627,0.1898,-0.1139,-20.6299,-23.2544,93.8110,1.1836,,
DATA,A009,4,170,1520510,-1.2201,0.4378,-0.2260,-16.7236,-33.3862,82.8247,1.3158,,
DATA,A009,4,171,1520520,-1.3712,0.7894,-0.4047,-17.9443,-52.3682,58.0444,1.6331,,
DATA,A009,4,172,1520530,-1.4557,0.9525,-0.4967,-23.1323,-69.8853,45.6543,1.8091,,
DATA,A009,4,173,1520540,-1.5004,1.1465,-0.7379,-27.4048,-94.7266,24.5361,2.0274,,
DATA,A009,4,174,1520550,-1.4833,1.2435,-0.7889,-18.9819,-110.2905,10.6812,2.0901,,
DATA,A009,4,175,1520560,-1.4781,1.3023,-0.8422,-6.2256,-126.6479,-6.5918,2.1425,,
DATA,A009,4,176,1520570,-1.3956,1.2593,-0.7516,19.5923,-144.4092,-33.2642,2.0245,,
DATA,A009,4,177,1520580,-1.2027,1.1590,-0.5114,33.5083,-150.3906,-48.0347,1.7468,,
DATA,A009,4,178,1520590,-0.9327,0.9742,-0.1071,40.8325,-141.7236,-66.2842,1.3529,,
DATA,A009,4,179,1520600,-0.8453,0.8267,0.1090,37.5366,-130.3711,-71.9604,1.1874,,
DATA,A009,4,180,1520610,-0.6044,0.6248,0.2306,34.1797,-57.4341,-83.8013,0.8993,,
DATA,A009,4,181,1520620,-0.4518,0.4669,0.3600,27.5269,-15.8691,-90.4541,0.7427,,
DATA,A009,4,182,1520630,-0.4601,0.2459,0.4379,36.1328,34.6680,-95.0928,0.6811,,
DATA,A009,4,183,1520640,-0.4689,0.1678,0.5597,45.1050,62.6221,-94.9097,0.7491,,
DATA,A009,4,184,1520650,-0.3744,0.1133,0.7521,45.1050,89.5386,-90.8813,0.8477,,
DATA,A009,4,185,1520660,-0.2530,0.0259,0.7975,34.4849,105.6519,-82.6416,0.8371,,
DATA,A009,4,186,1520670,-0.1122,-0.1518,0.8624,20.9961,128.1738,-63.4766,0.8828,,
DATA,A009,4,187,1520680,-0.1171,-0.2490,0.8810,15.9912,139.3433,-47.0581,0.9229,,
DATA,A009,4,188,1520690,-0.2032,-0.3459,0.7618,11.7798,143.4326,-21.5454,0.8610,,
DATA,A009,4,189,1520700,-0.2352,-0.3493,0.7059,14.0991,139.7705,-6.7749,0.8220,,
DATA,A009,4,190,1520710,-0.3021,-0.3806,0.7027,13.4888,126.0986,17.5171,0.8544,,
DATA,A009,4,191,1520720,-0.3646,-0.4177,0.6713,7.8735,109.1309,34.8511,0.8706,,
DATA,A009,4,192,1520730,-0.4830,-0.4123,0.4879,4.8218,80.8105,60.8521,0.8008,,
DATA,A009,4,193,1520740,-0.6327,-0.3979,0.3629,1.2207,63.2324,75.9277,0.8308,,
DATA,A009,4,194,1520750,-0.8683,-0.3420,0.1307,-0.7935,34.0576,91.6748,0.9423,,
DATA,A009,4,195,1520760,-1.0138,-0.2023,0.1163,6.1646,6.6528,93.6279,1.0403,,
DATA,A009,4,196,1520770,-1.2308,0.0648,0.0221,9.1553,-43.6401,92.5903,1.2327,,
DATA,A009,4,197,1520780,-1.2836,0.2144,-0.0514,8.4229,-70.7397,91.3086,1.3024,,
DATA,A009,4,198,1520790,-1.3317,0.4444,-0.1359,9.2163,-95.2759,89.7217,1.4104,,
DATA,A009,4,199,1520800,-1.3575,0.5850,-0.1669,13.0005,-99.4873,86.7310,1.4876,,
DATA,A009,4,200,1520810,-1.4337,0.8462,-0.2313,23.3765,-106.0791,78.5522,1.6808,,
DATA,A009,4,201,1520820,-1.4994,1.0137,-0.2345,32.2876,-107.2388,68.3594,1.8250,,
DATA,A009,4,202,1520830,-1.5213,1.1717,-0.1349,38.5132,-101.6235,50.2930,1.9250,,
DATA,A009,4,203,1520840,-1.5192,1.2271,-0.0763,40.7715,-102.6611,35.0952,1.9543,,
DATA,A009,4,204,1520850,-1.3343,1.2772,0.1549,48.7061,-81.4819,1.6479,1.8535,,
DATA,A009,4,205,1520860,-1.1891,1.2828,0.3214,48.2178,-56.3354,-25.3906,1.7784,,
DATA,A009,4,206,1520870,-0.9339,1.1829,0.4449,37.5977,-1.1597,-60.0586,1.5715,,
DATA,A009,4,207,1520880,-0.8253,1.0633,0.5626,28.1372,40.5273,-75.9277,1.4589,,
DATA,A009,4,208,1520890,-0.7750,0.8773,0.6212,18.0054,92.5903,-90.4541,1.3252,,
DATA,A009,4,209,1520900,-0.7760,0.7601,0.6224,16.9067,128.7231,-97.4121,1.2519,,
DATA,A009,4,210,1520910,-0.8531,0.6551,0.6402,16.4185,148.8647,-100.9521,1.2518,,
DATA,A009,4,211,1520920,-0.9669,0.5418,0.4877,18.5547,154.4800,-104.4312,1.2109,,
DATA,A009,4,212,1520930,-0.9425,0.4639,0.5336,20.1416,147.2778,-102.4170,1.1782,,
DATA,A009,4,213,1520940,-0.7726,0.3702,0.6239,14.9536,117.7368,-95.7031,1.0598,,
DATA,A009,4,214,1520950,-0.6070,0.2952,0.6576,8.6060,105.1636,-93.6279,0.9424,,
DATA,A009,4,215,1520960,-0.3722,0.1529,0.6837,-1.1597,99.8535,-80.2612,0.7933,,
DATA,A009,4,216,1520970,-0.2428,0.0157,0.6996,-4.3335,106.9336,-69.6411,0.7407,,
DATA,A009,4,217,1520980,-0.0382,-0.1581,0.7894,-3.8452,124.7559,-48.0347,0.8060,,
DATA,A009,4,218,1520990,-0.0099,-0.2678,0.8273,-7.1411,121.9482,-29.1748,0.8696,,
DATA,A009,4,219,1521000,-0.0980,-0.3898,0.7977,-7.0190,98.9380,4.1504,0.8933,,
DATA,A009,4,220,1521010,-0.2482,-0.4186,0.6793,-8.3008,70.8008,27.1606,0.8356,,
DATA,A009,4,221,1521020,-0.5494,-0.4916,0.5340,-20.0806,25.8789,59.3262,0.9104,,
DATA,A009,4,222,1521030,-0.6744,-0.5046,0.4820,-23.5596,0.9766,74.2798,0.9705,,
DATA,A009,4,223,1521040,-0.8229,-0.4050,0.3998,-31.6772,-33.8135,86.9141,1.0005,,
DATA,A009,4,224,1521050,-0.9422,-0.3061,0.1774,-36.9873,-46.0205,88.6841,1.0065,,
DATA,A009,4,225,1521060,-1.1420,0.0140,-0.1845,-23.8037,-54.1382,86.9141,1.1568,,
DATA,A009,4,226,1521070,-1.3146,0.3377,-0.2994,-8.7280,-56.1523,84.3506,1.3899,,
DATA,A009,4,227,1521080,-1.5045,0.8587,-0.3461,-4.5166,-61.9507,75.8667,1.7665,,
DATA,A009,4,228,1521090,-1.6051,1.0796,-0.3829,-13.1226,-75.1953,70.2515,1.9720,,
DATA,A009,4,229,1521100,-1.7225,1.2418,-0.5172,-20.9351,-98.1445,56.5796,2.1855,,
DATA,A009,4,230,1521110,-1.6844,1.3065,-0.5192,-9.4604,-98.9990,42.4194,2.1940,,
DATA,A009,4,231,1521120,-1.7045,1.4078,-0.3529,10.9863,-99.1211,16.2964,2.2386,,
DATA,A009,4,232,1521130,-1.6546,1.4625,-0.2057,24.5361,-87.8906,-10.6201,2.2179,,
DATA,A009,4,233,1521140,-1.3692,1.5096,0.1312,39.3677,-48.8892,-58.7158,2.0423,,
DATA,A009,4,234,1521150,-1.1708,1.4214,0.3414,30.5176,-15.5029,-83.1909,1.8729,,
DATA,A009,4,235,1521160,-0.9581,1.0994,0.4740,4.5776,51.0254,-102.4780,1.5334,,
DATA,A009,4,236,1521170,-0.9200,0.8607,0.5255,-3.6621,91.6138,-110.3516,1.3650,,
DATA,A009,4,237,1521180,-0.9730,0.5706,0.5445,0.9766,132.2021,-119.2627,1.2525,,
DATA,A009,4,238,1521190,-0.9757,0.4175,0.5362,9.0942,136.5967,-121.0938,1.1891,,
DATA,A009,4,239,1521200,-0.8612,0.3013,0.5465,20.8740,119.4458,-122.0703,1.0635,,
DATA,A009,4,240,1521210,-0.6307,0.2418,0.5804,21.6064,106.6284,-116.7603,0.8906,,
DATA,A009,4,241,1521220,-0.1510,0.0753,0.6012,10.7422,105.4077,-98.6328,0.6244,,
DATA,A009,4,242,1521230,0.1439,-0.0642,0.6764,13.5498,122.9248,-81.9702,0.6945,,
DATA,A009,4,243,1521240,0.2897,-0.2111,0.8761,30.4565,152.1606,-48.7671,0.9466,,
DATA,A009,4,244,1521250,0.2614,-0.2612,1.0738,41.3818,160.8887,-22.7661,1.1356,,
DATA,A009,4,245,1521260,0.1586,-0.2568,1.0594,38.5742,149.7803,8.1177,1.1016,,
DATA,A009,4,246,1521270,0.0297,-0.3229,0.8348,9.5825,115.1123,50.9033,0.8956,,
DATA,A009,4,247,1521280,-0.0648,-0.3947,0.5987,-10.5591,89.5386,76.5381,0.7201,,
DATA,A009,4,248,1521290,-0.4049,-0.4045,0.3290,-27.1606,54.9927,107.7881,0.6601,,
DATA,A009,4,249,1521300,-0.6922,-0.3615,0.1771,-36.2549,36.1328,116.2109,0.8008,,
DATA,A009,4,250,1521310,-1.0592,-0.2045,-0.0900,-47.7295,-5.9814,110.5347,1.0825,,
DATA,A009,4,251,1521320,-1.1207,-0.0351,-0.1298,-49.9268,-33.4473,104.6753,1.1287,,
DATA,A009,4,252,1521330,-1.0985,0.2283,-0.3129,-50.8423,-67.5049,97.7173,1.1648,,
DATA,A009,4,253,1521340,-1.0963,0.4319,-0.3939,-43.8843,-80.9937,89.2944,1.2424,,
DATA,A009,4,254,1521350,-1.2289,0.7415,-0.4183,-32.2266,-85.9375,78.8574,1.4950,,
DATA,A009,4,255,1521360,-1.3507,0.9219,-0.6027,-29.6631,-75.9888,69.4580,1.7429,,
DATA,A009,4,256,1521370,-1.5218,1.1255,-0.6932,-13.8550,-40.1611,55.1147,2.0158,,
DATA,A009,4,257,1521380,-1.6466,1.2012,-0.6666,-7.0801,-31.5552,40.2222,2.1444,,
DATA,A009,4,258,1521390,-1.8138,1.1851,-0.6317,5.6152,-54.7485,12.9395,2.2569,,
DATA,A009,4,259,1521400,-1.7599,1.1458,-0.4515,25.5127,-79.7729,-7.2632,2.1480,,
DATA,A009,4,260,1521410,-1.4545,1.1854,-0.2052,55.4810,-97.9004,-37.5366,1.8875,,
DATA,A009,4,261,1521420,-1.2701,1.1558,-0.0287,62.3779,-89.4775,-54.7485,1.7175,,
DATA,A009,4,262,1521430,-1.0253,1.0318,0.1561,59.7534,-46.2036,-74.8291,1.4629,,
DATA,A009,4,263,1521440,-0.9088,0.9207,0.2040,56.5186,-4.7607,-85.5103,1.3097,,
DATA,A009,4,264,1521450,-0.8485,0.7317,0.3021,55.2368,55.1758,-96.9238,1.1605,,
DATA,A009,4,265,1521460,-0.8861,0.6158,0.3541,55.2979,81.7871,-98.6328,1.1357,,
DATA,A009,4,266,1521470,-0.8329,0.4844,0.3829,55.3589,111.1450,-99.6094,1.0368,,
DATA,A009,4,267,1521480,-0.7440,0.4058,0.3927,54.9316,119.5679,-96.9849,0.9340,,
DATA,A009,4,268,1521490,-0.5812,0.2535,0.3939,53.2837,120.8496,-84.3506,0.7464,,
DATA,A009,4,269,1521500,-0.4281,0.1788,0.3981,55.3589,124.0845,-70.8618,0.6113,,
DATA,A009,4,270,1521510,-0.2538,0.0941,0.4379,57.6782,127.3804,-53.5889,0.5147,,
DATA,A009,4,271,1521520,-0.2045,0.0413,0.4584,56.3354,125.3662,-38.5132,0.5036,,
DATA,A009,4,272,1521530,-0.2850,-0.1159,0.4281,48.3398,126.5869,-10.9863,0.5272,,
DATA,A009,4,273,1521540,-0.3448,-0.2011,0.4901,49.8657,124.9390,6.4087,0.6321,,
DATA,A009,4,274,1521550,-0.4259,-0.1738,0.6520,51.3306,89.8438,32.5317,0.7979,,
DATA,A009,4,275,1521560,-0.4903,-0.1264,0.6246,29.9683,51.5747,51.9409,0.8041,,
DATA,A009,4,276,1521570,-0.5638,-0.1433,0.4786,-2.0752,13.1226,65.7349,0.7533,,
DATA,A009,4,277,1521580,-0.6051,-0.2712,0.3380,-37.7808,-18.4937,81.9092,0.7443,,
DATA,A009,4,278,1521590,-0.6451,-0.3051,0.2684,-46.3257,-29.3579,85.2661,0.7625,,
DATA,A009,4,279,1521600,-0.7960,-0.1108,0.0741,-37.8418,-39.9780,81.0547,0.8071,,
DATA,A009,4,280,1521610,-0.9137,0.0828,-0.0092,-29.0527,-31.6162,81.2988,0.9175,,
DATA,A009,4,281,1521620,-1.1109,0.3301,-0.0612,-33.8745,-20.8740,76.5991,1.1606,,
DATA,A009,4,282,1521630,-1.3468,0.4944,-0.2106,-39.4897,-28.9307,68.3594,1.4501,,
DATA,A009,4,283,1521640,-1.4715,0.7879,-0.2462,-24.2310,-10.9863,57.5562,1.6873,,
DATA,A009,4,284,1521650,-1.3876,1.0025,-0.1427,-17.6392,10.4370,46.2646,1.7178,,
DATA,A009,4,285,1521660,-1.3893,1.1898,-0.2006,-27.7710,8.6670,24.0479,1.8401,,
DATA,A009,4,286,1521670,-1.3819,1.1365,-0.2213,-33.5693,2.6855,7.2632,1.8029,,
DATA,A009,4,287,1521680,-1.2687,0.9832,-0.1024,-27.2827,-1.5869,-13.8550,1.6083,,
DATA,A009,4,288,1521690,-1.1427,0.9173,-0.0582,-20.8130,0.6104,-23.8037,1.4665,,
DATA,A009,4,289,1521700,-1.0553,0.8196,0.0084,-14.2822,1.0376,-30.9448,1.3362,,
DATA,A009,4,290,1521710,-0.9825,0.7501,0.1649,-10.2539,7.8125,-34.1187,1.2471,,
DATA,A009,4,291,1521720,-0.8009,0.6722,0.3009,-4.6387,14.7095,-32.2876,1.0880,,
DATA,A009,4,292,1521730,-0.7316,0.6243,0.3373,-5.9204,24.3530,-30.8838,1.0192,,
DATA,A009,4,293,1521740,-0.7084,0.5460,0.2728,-10.6812,43.5791,-27.1606,0.9350,,
DATA,A009,4,294,1521750,-0.7276,0.5054,0.1820,-6.2256,53.4058,-22.2778,0.9045,,
DATA,A009,4,295,1521760,-0.7943,0.4966,0.1285,1.0376,54.5044,-16.2354,0.9456,,
DATA,A009,4,296,1521770,-0.8568,0.5062,0.0885,4.2114,46.0205,-13.1226,0.9991,,
DATA,A009,4,297,1521780,-0.8282,0.5389,0.1222,10.7422,38.2690,-8.5449,0.9956,,
DATA,A009,4,298,1521790,-0.8175,0.5552,0.1166,11.9629,31.5552,-4.8828,0.9951,,
DATA,A009,4,299,1521800,-0.8077,0.5501,0.1183,9.9487,27.4048,-1.8921,0.9844,,
DATA,A009,4,300,1521810,-0.7684,0.5333,0.0936,9.6436,26.6113,1.2817,0.9400,,
DATA,A009,4,301,1521820,-0.7196,0.5120,0.1000,10.8032,31.0059,3.6011,0.8888,,
DATA,A009,4,302,1521830,-0.7093,0.5059,0.1132,12.2681,37.5366,3.4790,0.8786,,
DATA,A009,4,303,1521840,-0.7313,0.5067,0.1620,13.2446,50.1099,1.4648,0.9043,,
DATA,A009,4,304,1521850,-0.7489,0.5088,0.2135,12.7563,58.7769,0.1221,0.9302,,
DATA,A009,4,305,1521860,-0.8170,0.5337,0.2399,6.8359,66.5283,-3.2349,1.0049,,
DATA,A009,4,306,1521870,-0.9864,0.7020,0.1837,13.7329,63.5986,-23.4375,1.2246,,
DATA,A009,4,307,1521880,-0.8697,0.5233,0.3087,-8.3618,60.2417,-19.1040,1.0609,,
DATA,A009,4,308,1521890,-0.8656,0.3619,0.3580,-29.7241,65.0024,5.1270,1.0042,,
DATA,A009,4,309,1521900,-0.9037,0.3616,0.3002,-26.9775,68.7866,-6.9580,1.0186,,
DATA,A009,4,310,1521910,-0.8092,0.4156,0.1788,-13.3667,75.0122,-13.4277,0.9271,,
DATA,A009,4,311,1521920,-0.7709,0.4629,0.0902,-11.9629,80.8716,-7.9956,0.9037,,
DATA,A009,4,312,1521930,-0.7333,0.5120,0.0204,-20.5078,96.9238,-8.9111,0.8946,,
DATA,A009,4,313,1521940,-0.9200,0.5543,-0.1137,-23.9258,99.0601,-13.7329,1.0801,,
DATA,A009,4,314,1521950,-1.0709,0.4466,-0.1864,-23.3154,83.1909,-15.1978,1.1752,,
DATA,A009,4,315,1521960,-1.1695,0.4410,-0.1842,-16.2354,64.3311,-12.5732,1.2634,,
DATA,A009,4,316,1521970,-1.2645,0.5110,-0.1752,-1.4648,27.0996,-22.5220,1.3751,,
DATA,A009,4,317,1521980,-1.2958,0.5799,-0.1625,-1.8311,0.6104,-28.0151,1.4289,,
DATA,A009,4,318,1521990,-1.2606,0.5589,-0.0968,-14.2212,-35.2173,-35.4614,1.3823,,
DATA,A009,4,319,1522000,-1.1915,0.5157,-0.0885,-20.0806,-59.8145,-38.6963,1.3013,,
DATA,A009,4,320,1522010,-1.1717,0.4874,-0.2020,-19.9585,-96.4355,-42.3584,1.2850,,
DATA,A009,4,321,1522020,-1.1549,0.4915,-0.1813,-11.3525,-121.4600,-49.0112,1.2682,,
DATA,A009,4,322,1522030,-1.2101,0.6177,-0.1351,4.9438,-160.4614,-52.8564,1.3653,,
DATA,A009,4,323,1522040,-1.1359,0.6976,0.0521,6.4087,-172.7295,-61.8896,1.3340,,
DATA,A009,4,324,1522050,-0.9908,0.7759,0.1903,-8.7891,-212.7686,-57.7393,1.2728,,
DATA,A009,4,325,1522060,-0.9830,0.7462,0.1595,-30.2734,-255.0659,-51.6357,1.2444,,
DATA,A009,4,326,1522070,-1.0433,0.6221,0.2225,-51.2085,-300.4150,-52.2461,1.2349,,
DATA,A009,4,327,1522080,-1.0309,0.5706,0.3082,-45.8374,-313.1714,-48.9502,1.2179,,
DATA,A009,4,328,1522090,-0.8985,0.6216,0.2799,-34.3018,-328.1860,-67.9321,1.1279,,
DATA,A009,4,329,1522100,-1.0389,0.7281,0.1280,-23.8037,-369.5068,-63.9648,1.2751,,
DATA,A009,4,330,1522110,-1.0804,0.8255,0.0802,-17.8833,-379.3335,-67.3218,1.3621,,
DATA,A009,4,331,1522120,-1.0221,0.8277,0.1066,-18.1274,-383.3008,-75.2563,1.3195,,
DATA,A009,4,332,1522130,-0.8617,0.6851,0.2003,-31.3721,-386.5356,-69.8242,1.1189,,
DATA,A009,4,333,1522140,-0.8126,0.5616,0.2599,-37.4146,-383.9722,-71.4722,1.0214,,
DATA,A009,4,334,1522150,-0.7113,0.4117,0.3358,-33.9355,-362.9150,-83.1299,0.8878,,
DATA,A009,4,335,1522160,-0.6869,0.3575,0.3839,-24.8413,-355.7129,-83.9844,0.8643,,
DATA,A009,4,336,1522170,-0.6332,0.3218,0.4657,-13.0005,-340.7593,-82.7026,0.8493,,
DATA,A009,4,337,1522180,-0.5885,0.3082,0.4962,-10.1318,-337.7686,-82.6416,0.8292,,
DATA,A009,4,338,1522190,-0.5555,0.2601,0.5514,-8.9722,-340.8813,-84.6558,0.8248,,
DATA,A009,4,339,1522200,-0.5170,0.2178,0.5653,-8.0566,-339.7827,-87.2192,0.7964,,
DATA,A009,4,340,1522210,-0.4733,0.1839,0.6119,-1.2207,-340.5151,-92.5903,0.7951,,
DATA,A009,4,341,1522220,-0.4632,0.1966,0.6549,3.6011,-331.7261,-101.2573,0.8259,,
DATA,A009,4,342,1522230,-0.3478,0.1993,0.7447,2.6245,-302.6733,-117.3096,0.8457,,
DATA,A009,4,343,1522240,-0.2550,0.1719,0.7926,0.0610,-279.0527,-121.5820,0.8502,,
DATA,A009,4,344,1522250,-0.2001,0.1329,0.8273,-0.6714,-255.3101,-120.8496,0.8614,,
DATA,A009,4,345,1522260,-0.1312,0.1050,0.8822,2.5635,-224.0601,-119.6289,0.8981,,
DATA,A009,4,346,1522270,-0.0731,0.1407,0.9564,4.2114,-204.2847,-120.5444,0.9695,,
DATA,A009,4,347,1522280,-0.0526,0.1739,0.9510,-0.7324,-196.5942,-119.5068,0.9682,,
DATA,A009,4,348,1522290,-0.0306,0.1705,0.9108,-8.6670,-185.7910,-117.5537,0.9271,,
DATA,A009,4,349,1522300,0.0741,0.1238,0.9000,-15.5029,-162.1094,-118.1030,0.9115,,
DATA,A009,4,350,1522310,0.1359,0.0926,0.9183,-15.3809,-142.7002,-118.4082,0.9329,,
DATA,A009,4,351,1522320,0.2006,0.0823,0.9427,-12.0850,-104.9194,-114.6240,0.9674,,
DATA,A009,4,352,1522330,0.1940,0.0884,0.9713,-9.5215,-81.8481,-111.8164,0.9944,,
DATA,A009,4,353,1522340,0.1105,0.1124,0.9662,-7.3853,-55.8472,-106.6895,0.9789,,
DATA,A009,4,354,1522350,0.0619,0.1255,0.9506,-7.1411,-45.2881,-103.1494,0.9608,,
DATA,A009,4,355,1522360,0.0141,0.1246,0.9191,-8.3008,-39.7949,-98.8770,0.9276,,
DATA,A009,4,356,1522370,-0.0162,0.1099,0.9166,-9.2163,-40.8325,-96.8018,0.9233,,
DATA,A009,4,357,1522380,-0.0128,0.1131,0.9000,-8.4229,-43.8843,-92.7734,0.9072,,
DATA,A009,4,358,1522390,0.0092,0.1226,0.8966,-6.8970,-48.4619,-88.9282,0.9050,,
DATA,A009,4,359,1522400,0.0265,0.1548,0.9105,-5.4932,-55.0537,-82.5806,0.9240,,
DATA,A009,4,360,1522410,0.0631,0.1846,0.8885,-7.1411,-55.6030,-79.4678,0.9097,,
DATA,A009,4,361,1522420,0.1176,0.1822,0.8492,-9.8267,-56.0303,-74.8901,0.8765,,
DATA,A009,4,362,1522430,0.1422,0.1688,0.8429,-9.4604,-53.4058,-70.6787,0.8713,,
DATA,A009,4,363,1522440,0.1649,0.1492,0.8685,-6.8359,-49.2554,-65.0024,0.8965,,
DATA,A009,4,364,1522450,0.2453,0.1815,0.8844,-5.0659,-44.3115,-60.2417,0.9355,,
DATA,A009,4,365,1522460,0.4445,0.2571,0.8658,-2.0142,-25.8789,-53.7109,1.0067,,
DATA,A009,4,366,1522470,0.2941,0.3128,0.8932,-5.3101,2.5635,-58.0444,0.9910,,
DATA,A009,4,367,1522480,0.2050,0.2061,0.9281,-27.0386,26.6113,-71.2280,0.9725,,
DATA,A009,4,368,1522490,0.1544,0.0901,0.9564,-27.5269,28.3813,-62.0728,0.9730,,
DATA,A009,4,369,1522500,-0.0270,0.0994,0.9896,-10.9253,37.2314,-55.7251,0.9950,,
DATA,A009,4,370,1522510,-0.0126,0.1739,0.9381,-6.3477,28.9307,-54.1382,0.9542,,
DATA,A009,4,371,1522520,0.0202,0.2025,0.9737,-5.3711,4.9438,-57.1289,0.9948,,
DATA,A009,4,372,1522530,-0.0336,0.1021,0.9933,-6.2866,-6.0425,-50.3540,0.9991,,
DATA,A009,4,373,1522540,0.0402,0.2159,1.0006,-10.8032,-17.7612,-32.1045,1.0244,,
DATA,A009,4,374,1522550,0.0949,0.1622,0.9969,-16.7847,-21.1792,-22.2778,1.0145,,
DATA,A009,4,375,1522560,0.1007,0.0555,1.0416,-11.3525,-26.1230,-23.1323,1.0479,,
DATA,A009,4,376,1522570,0.1459,0.0889,1.0304,-7.3242,-23.4375,-27.4048,1.0445,,
DATA,A009,4,377,1522580,0.1642,0.0804,1.0148,0.5493,-8.4839,-30.8838,1.0311,,
DATA,A009,4,378,1522590,0.1635,0.1138,1.0560,11.2305,13.0005,-37.2314,1.0746,,
DATA,A009,4,379,1522600,0.1369,0.1153,1.0370,10.4980,18.3105,-33.2642,1.0523,,
DATA,A009,4,380,1522610,0.0978,0.1231,1.0340,34.3628,19.5923,-36.5601,1.0459,,
DATA,A009,4,381,1522620,0.0849,0.1580,1.0094,35.4004,22.7661,-39.0015,1.0252,,
DATA,A009,4,382,1522630,0.1474,0.1702,1.0123,27.3438,21.9116,-36.3159,1.0371,,
DATA,A009,4,383,1522640,0.1530,0.1688,1.0104,30.3345,27.5879,-32.0435,1.0357,,
DATA,A009,4,384,1522650,0.0958,0.2217,1.0126,33.2031,39.1235,-33.6914,1.0410,,
DATA,A009,4,385,1522660,0.0248,0.2457,0.9986,28.9917,38.7573,-36.1328,1.0287,,
DATA,A009,4,386,1522670,-0.0431,0.2064,0.9828,20.3247,24.1699,-45.4712,1.0051,,
DATA,A009,4,387,1522680,-0.0077,0.2000,0.9840,20.8740,13.2446,-51.9409,1.0042,,
DATA,A009,4,388,1522690,0.0036,0.1910,1.0074,24.9023,4.6387,-55.6641,1.0254,,
DATA,A009,4,389,1522700,0.0148,0.2066,1.0309,23.8647,1.1597,-56.1523,1.0515,,
DATA,A009,4,390,1522710,0.0150,0.1817,1.0665,27.3438,-20.7520,-51.5747,1.0820,,
DATA,A009,4,391,1522720,0.1227,0.1583,1.0651,27.0996,-10.0708,-49.0723,1.0837,,
DATA,A009,4,392,1522730,0.1495,0.1942,1.0272,30.7617,14.4653,-44.7998,1.0560,,
DATA,A009,4,393,1522740,0.0814,0.1983,0.9913,27.2217,31.9824,-40.5273,1.0142,,
DATA,A009,4,394,1522750,0.0600,0.1934,0.9830,33.7524,37.7197,-38.9404,1.0037,,
DATA,A009,4,395,1522760,0.0680,0.1963,0.9813,28.5034,35.7666,-35.4614,1.0031,,
DATA,A009,4,396,1522770,0.0270,0.2178,1.0150,20.3247,33.0200,-31.9214,1.0385,,
DATA,A009,4,397,1522780,0.0184,0.2125,1.0126,13.5498,31.6162,-35.8887,1.0348,,
DATA,A009,4,398,1522790,-0.0323,0.2430,1.0297,11.8408,33.2642,-41.7480,1.0584,,
DATA,A009,4,399,1522800,-0.0321,0.2718,1.0104,12.7563,24.7192,-44.6777,1.0468,,
DATA,A009,4,400,1522810,0.0319,0.3121,1.0087,7.5073,23.4985,-39.3677,1.0563,,
DATA,A009,4,401,1522820,0.0424,0.3028,0.9786,5.3711,30.1514,-32.5317,1.0253,,
DATA,A009,4,402,1522830,0.0870,0.2762,0.9291,6.9580,34.6680,-23.9258,0.9732,,
DATA,A009,4,403,1522840,0.1000,0.2537,0.9203,7.3242,44.6777,-23.2544,0.9598,,
DATA,A009,4,404,1522850,0.0143,0.2068,0.9342,10.9253,55.5420,-26.0620,0.9569,,
DATA,A009,4,405,1522860,-0.0121,0.1793,0.9579,5.9814,55.4810,-36.8652,0.9746,,
DATA,A009,4,406,1522870,-0.0296,0.1800,0.9786,3.9673,46.2036,-39.5508,0.9955,,
DATA,A009,4,407,1522880,-0.0206,0.1854,0.9786,3.2349,32.1045,-39.8560,0.9962,,
DATA,A009,4,408,1522890,0.0228,0.2068,0.9711,5.6152,14.6484,-34.4238,0.9931,,
DATA,A009,4,409,1522900,0.0282,0.2186,0.9684,7.3242,8.5449,-29.7241,0.9931,,
DATA,A009,4,410,1522910,0.0043,0.2366,0.9654,8.3618,5.0659,-23.3154,0.9940,,
DATA,A009,4,411,1522920,-0.0292,0.2371,0.9681,5.4321,10.9253,-17.4561,0.9972,,
DATA,A009,4,412,1522930,-0.0465,0.2283,0.9676,4.8218,13.6108,-12.7563,0.9953,,
DATA,A009,4,413,1522940,-0.0094,0.2293,0.9720,1.5869,18.1274,-12.1460,0.9988,,
DATA,A009,4,414,1522950,-0.0350,0.2415,0.9725,0.1221,19.9585,-13.4888,1.0027,,
DATA,A009,4,415,1522960,-0.0489,0.2623,0.9899,-2.0752,23.3154,-18.3105,1.0252,,
DATA,A009,4,416,1522970,-0.0836,0.2379,0.9918,-1.8921,24.5972,-20.6299,1.0234,,
DATA,A009,4,417,1522980,-0.1175,0.1629,0.4508,0.8545,24.5972,-21.9116,0.4935,,
DATA,A009,4,418,1522990,-0.0704,0.2386,0.9808,2.1973,24.2920,-19.8364,1.0119,,
DATA,A009,4,419,1523000,-0.0438,0.2220,0.9996,4.3945,24.4751,-16.1133,1.0249,,
DATA,A009,4,420,1523010,-0.0235,0.2212,1.0045,5.0659,28.2593,-14.5264,1.0289,,
DATA,A009,4,421,1523020,-0.0350,0.2259,0.9879,5.2490,35.1562,-12.7563,1.0140,,
DATA,A009,4,422,1523030,-0.0423,0.2327,0.9796,6.1035,37.1704,-12.0239,1.0078,,
DATA,A009,4,423,1523040,-0.0680,0.2005,0.9820,6.5918,36.2549,-13.3667,1.0046,,
DATA,A009,4,424,1523050,-0.0572,0.2381,0.9901,8.6670,32.3486,-12.6953,1.0199,,
DATA,A009,4,425,1523060,-0.0741,0.2369,1.0174,9.0942,24.4751,-12.9395,1.0473,,
DATA,A009,4,426,1523070,-0.0331,0.2762,1.0294,9.7046,19.0430,-13.7939,1.0663,,
DATA,A009,4,427,1523080,-0.0690,0.2342,1.0148,9.9487,11.1694,-13.2446,1.0437,,
DATA,A009,4,428,1523090,-0.0323,0.2347,1.0201,9.5825,8.9111,-12.5122,1.0473,,
DATA,A009,4,429,1523100,-0.0453,0.8509,1.0856,8.9722,10.1318,-13.3057,1.3800,,
EVENT,A009,4,,1523103,,,,,,,,STOP,429
