row_type,session_id,record_id,sample_id,device_timestamp_ms,ax,ay,az,gx,gy,gz,acc_norm,event_type,sample_count
EVENT,A008,,,1367479,,,,,,,,NEW_SESSION,
EVENT,A008,1,,1380981,,,,,,,,START,
DATA,A008,1,1,1381004,0.1654,0.2342,1.2186,-8.1787,-5.3711,8.1177,1.2519,,
DATA,A008,1,2,1381014,0.2101,0.2225,1.2108,-1.8921,-0.1831,8.7891,1.2489,,
DATA,A008,1,3,1381024,0.2399,0.2447,1.1749,9.7656,10.5591,4.4556,1.2239,,
DATA,A008,1,4,1381034,0.2345,0.3509,1.1383,26.6724,34.3628,-5.4932,1.2140,,
DATA,A008,1,5,1381044,0.2260,0.4791,1.1036,33.8135,51.5137,-8.0566,1.2242,,
DATA,A008,1,6,1381054,0.2040,0.5003,1.0765,32.2876,67.9321,-13.6108,1.2045,,
DATA,A008,1,7,1381064,0.1869,0.5118,1.0526,29.1748,73.0591,-15.6860,1.1853,,
DATA,A008,1,8,1381074,0.1954,0.4891,1.0670,16.6016,69.3359,-21.4233,1.1899,,
DATA,A008,1,9,1381084,0.2401,0.4290,1.0834,7.5073,69.5801,-22.0337,1.1897,,
DATA,A008,1,10,1381094,0.2726,0.3282,1.1017,2.9907,82.7026,-21.9727,1.1814,,
DATA,A008,1,11,1381104,0.2365,0.3057,1.1324,9.9487,96.3135,-30.8838,1.1966,,
DATA,A008,1,12,1381114,0.3978,0.1485,0.9718,32.9590,99.1821,-26.7944,1.0605,,
DATA,A008,1,13,1381124,0.2733,0.2142,1.1547,47.0581,99.9146,-8.4229,1.2057,,
DATA,A008,1,14,1381134,0.2182,0.3926,1.2743,34.0576,102.4170,-5.3101,1.3511,,
DATA,A008,1,15,1381144,0.1708,0.4739,1.3829,14.2822,85.6934,-5.5542,1.4718,,
DATA,A008,1,16,1381154,0.4218,0.6263,1.5375,37.9028,71.3501,144.6533,1.7129,,
DATA,A008,1,17,1381164,0.5680,0.5450,1.3014,-7.5073,145.2026,64.3921,1.5209,,
DATA,A008,1,18,1381174,0.4091,0.6729,1.4650,46.6919,161.8042,46.7529,1.6632,,
DATA,A008,1,19,1381184,0.3380,0.6329,1.2953,-56.2744,197.4487,-1.8921,1.4807,,
DATA,A008,1,20,1381194,0.3073,0.3096,1.1673,-99.9146,193.2983,4.7607,1.2462,,
DATA,A008,1,21,1381204,0.4088,0.0772,1.0482,-91.6138,178.0396,24.4141,1.1278,,
DATA,A008,1,22,1381214,0.4713,0.2025,1.0621,-57.9834,170.7764,35.9497,1.1795,,
DATA,A008,1,23,1381224,0.4472,0.3216,1.1368,-55.9692,177.1240,39.1846,1.2632,,
DATA,A008,1,24,1381234,0.3522,0.3790,1.1805,-70.8618,184.5093,41.9312,1.2889,,
DATA,A008,1,25,1381244,0.1786,0.2952,1.1507,-100.4639,185.7910,49.1333,1.2014,,
DATA,A008,1,26,1381254,0.0285,0.1785,1.1383,-112.2437,169.5557,55.9082,1.1526,,
DATA,A008,1,27,1381264,-0.1459,0.0367,1.0797,-121.6431,126.2207,63.2935,1.0901,,
DATA,A008,1,28,1381274,-0.2425,-0.0461,1.0489,-124.6338,85.2661,65.6128,1.0776,,
DATA,A008,1,29,1381284,-0.3602,-0.1359,0.9864,-126.2207,15.5029,64.2700,1.0589,,
DATA,A008,1,30,1381294,-0.3644,-0.1889,0.9061,-128.1128,-32.8979,59.3262,0.9947,,
DATA,A008,1,31,1381304,-0.2169,-0.3093,0.6905,-129.3335,-100.7690,51.5747,0.7871,,
DATA,A008,1,32,1381314,-0.0536,-0.4133,0.5404,-126.8311,-135.1929,48.6450,0.6824,,
DATA,A008,1,33,1381324,0.1913,-0.5886,0.3746,-111.8164,-160.9497,44.4946,0.7234,,
DATA,A008,1,34,1381334,0.3353,-0.6877,0.2853,-93.9331,-153.7476,41.7480,0.8165,,
DATA,A008,1,35,1381344,0.4887,-0.8058,0.2132,-56.3965,-111.3892,38.2080,0.9663,,
DATA,A008,1,36,1381354,0.5485,-0.8420,0.2093,-26.2451,-67.8711,37.6587,1.0264,,
DATA,A008,1,37,1381364,0.5375,-0.8058,0.2491,21.9727,5.2490,39.4897,1.0002,,
DATA,A008,1,38,1381374,0.3944,-0.7116,0.3216,53.7109,49.7437,42.4805,0.8749,,
DATA,A008,1,39,1381384,0.0785,-0.4807,0.3790,91.9800,116.2109,47.1802,0.6171,,
DATA,A008,1,40,1381394,-0.1478,-0.3491,0.4198,109.4360,146.4233,47.7905,0.5656,,
DATA,A008,1,41,1381404,-0.4298,-0.2570,0.6027,125.9766,159.6680,41.6260,0.7836,,
DATA,A008,1,42,1381414,-0.5062,-0.2331,0.7018,129.0894,151.7944,36.6211,0.8961,,
DATA,A008,1,43,1381424,-0.5243,-0.2355,0.7782,125.7324,111.1450,32.5317,0.9674,,
DATA,A008,1,44,1381434,-0.5355,-0.2451,0.7921,122.3755,76.6602,28.9307,0.9870,,
DATA,A008,1,45,1381444,-0.4928,-0.2346,0.7992,124.0234,32.7148,20.6909,0.9678,,
DATA,A008,1,46,1381454,-0.4703,-0.1745,0.7289,129.3335,7.1411,17.1509,0.8848,,
DATA,A008,1,47,1381464,-0.4271,-0.0996,0.6861,137.3291,-22.5830,14.4653,0.8143,,
DATA,A008,1,48,1381474,-0.4442,-0.0429,0.8177,150.0854,-41.6870,12.8784,0.9316,,
DATA,A008,1,49,1381484,-0.5072,0.1834,0.9882,171.1426,-55.4810,9.8267,1.1258,,
DATA,A008,1,50,1381494,-0.4889,0.3646,1.0726,174.4385,-59.6313,2.6245,1.2339,,
DATA,A008,1,51,1381504,-0.4735,0.5218,1.0775,168.2129,-65.9180,-0.9766,1.2874,,
DATA,A008,1,52,1381514,-0.4017,0.6551,1.0404,147.6440,-67.5659,-2.0752,1.2934,,
DATA,A008,1,53,1381524,-0.2611,0.6946,0.9132,129.5166,-69.3359,-4.5166,1.1767,,
DATA,A008,1,54,1381534,-0.1500,0.6788,0.8382,122.1313,-66.1011,-5.1270,1.0890,,
DATA,A008,1,55,1381544,-0.0641,0.6417,0.7360,119.5679,-60.7910,-4.4556,0.9785,,
DATA,A008,1,56,1381554,0.0043,0.5901,0.6725,124.8169,-42.0532,-7.7515,0.8947,,
DATA,A008,1,57,1381564,0.0162,0.5899,0.6686,133.7891,-23.9258,-11.0474,0.8918,,
DATA,A008,1,58,1381574,-0.0304,0.6575,0.6532,147.0947,5.2490,-10.6812,0.9273,,
DATA,A008,1,59,1381584,-0.0692,0.7281,0.6976,151.7944,22.0337,-9.1553,1.0107,,
DATA,A008,1,60,1381594,-0.1473,0.8472,0.7382,150.3906,40.1611,-4.0894,1.1333,,
DATA,A008,1,61,1381604,-0.2113,0.9095,0.7584,143.8599,44.4336,-1.8921,1.2029,,
DATA,A008,1,62,1381614,-0.2899,0.9525,0.8111,130.0659,39.3677,-0.4272,1.2842,,
DATA,A008,1,63,1381624,-0.3290,0.9571,0.7884,120.1782,29.9072,0.4883,1.2829,,
DATA,A008,1,64,1381634,-0.3588,0.9488,0.8517,109.5581,10.0708,-0.4272,1.3245,,
DATA,A008,1,65,1381644,-0.3907,0.9722,0.8241,104.6143,-2.5635,-2.8687,1.3330,,
DATA,A008,1,66,1381654,-0.3963,1.0120,0.7377,92.8955,-21.8506,-10.5591,1.3136,,
DATA,A008,1,67,1381664,-0.3400,1.0213,0.6959,82.7637,-33.3862,-18.2495,1.2818,,
DATA,A008,1,68,1381674,-0.2032,0.9962,0.6027,64.4531,-39.3677,-28.2593,1.1819,,
DATA,A008,1,69,1381684,-0.0860,0.9549,0.5699,54.4434,-32.6538,-33.5693,1.1154,,
DATA,A008,1,70,1381694,0.0592,0.9178,0.5331,48.2788,-9.7046,-35.7666,1.0630,,
DATA,A008,1,71,1381704,0.1286,0.8943,0.5343,45.2271,9.7046,-34.9121,1.0497,,
DATA,A008,1,72,1381714,0.1464,0.8423,0.5546,41.6870,41.0767,-32.2266,1.0191,,
DATA,A008,1,73,1381724,0.1100,0.8096,0.5787,40.1611,58.7158,-30.8228,1.0013,,
DATA,A008,1,74,1381734,0.0455,0.7525,0.6390,39.1846,77.0264,-31.1890,0.9883,,
DATA,A008,1,75,1381744,0.0214,0.7488,0.6742,39.7339,83.1909,-30.5786,1.0078,,
DATA,A008,1,76,1381754,0.0473,0.7867,0.6957,37.1094,92.1021,-28.8086,1.0512,,
DATA,A008,1,77,1381764,0.0507,0.8177,0.6620,32.5928,99.1211,-26.9165,1.0533,,
DATA,A008,1,78,1381774,0.0382,0.8187,0.6083,25.0244,114.1357,-25.3906,1.0206,,
DATA,A008,1,79,1381784,-0.0082,0.8025,0.5807,24.9023,119.2017,-23.9868,0.9906,,
DATA,A008,1,80,1381794,-0.0514,0.8162,0.5836,27.2217,128.7842,-23.6206,1.0047,,
DATA,A008,1,81,1381804,-0.0731,0.8336,0.6019,26.4282,135.1929,-23.2544,1.0308,,
DATA,A008,1,82,1381814,-0.1634,0.8355,0.6053,21.9727,140.5029,-22.5220,1.0446,,
DATA,A008,1,83,1381824,-0.2296,0.8355,0.5997,18.1274,143.6768,-23.9868,1.0538,,
DATA,A008,1,84,1381834,-0.3102,0.8394,0.5587,12.0239,144.1650,-27.7100,1.0550,,
DATA,A008,1,85,1381844,-0.3365,0.8416,0.5284,6.4697,139.2822,-29.2358,1.0492,,
DATA,A008,1,86,1381854,-0.3226,0.8389,0.4886,1.2207,136.5967,-30.3345,1.0231,,
DATA,A008,1,87,1381864,-0.2872,0.8023,0.4618,-4.2114,132.9346,-31.6162,0.9692,,
DATA,A008,1,88,1381874,-0.2838,0.7708,0.4354,-5.6152,132.0801,-31.7993,0.9297,,
DATA,A008,1,89,1381884,-0.3067,0.7400,0.3981,-3.2959,131.1035,-33.5083,0.8946,,
DATA,A008,1,90,1381894,-0.3109,0.7330,0.4449,2.0142,133.7280,-38.0859,0.9121,,
DATA,A008,1,91,1381904,-0.3522,0.7664,0.5214,7.8735,142.7612,-47.4243,0.9916,,
DATA,A008,1,92,1381914,-0.3849,0.7713,0.5470,6.4087,151.0620,-52.6733,1.0209,,
DATA,A008,1,93,1381924,-0.4266,0.7291,0.5690,1.8311,161.0107,-58.1665,1.0185,,
DATA,A008,1,94,1381934,-0.4679,0.6934,0.5692,0.2441,161.1938,-59.9976,1.0118,,
DATA,A008,1,95,1381944,-0.5177,0.6649,0.5433,-3.4790,153.3203,-61.5845,1.0026,,
DATA,A008,1,96,1381954,-0.5299,0.6617,0.5231,-9.8267,147.2168,-63.4766,0.9961,,
DATA,A008,1,97,1381964,-0.5441,0.6290,0.4679,-26.0620,143.9819,-67.3828,0.9542,,
DATA,A008,1,98,1381974,-0.5587,0.5975,0.4415,-34.4238,144.6533,-69.8853,0.9295,,
DATA,A008,1,99,1381984,-0.5777,0.5635,0.4684,-36.6821,142.3950,-72.5708,0.9331,,
DATA,A008,1,100,1381994,-0.5851,0.5645,0.4879,-36.6211,138.6719,-74.0356,0.9482,,
DATA,A008,1,101,1382004,-0.5968,0.5692,0.5228,-41.0156,128.7842,-75.5005,0.9764,,
DATA,A008,1,102,1382014,-0.6048,0.5594,0.5353,-46.6309,122.1313,-75.6226,0.9825,,
DATA,A008,1,103,1382024,-0.6158,0.5464,0.5553,-54.9316,112.5488,-76.5381,0.9931,,
DATA,A008,1,104,1382034,-0.6166,0.5569,0.5507,-62.1948,110.5347,-78.7354,0.9968,,
DATA,A008,1,105,1382044,-0.5531,0.5401,0.5880,-72.7539,108.2153,-80.6274,0.9713,,
DATA,A008,1,106,1382054,-0.5025,0.5328,0.6383,-74.9512,107.9102,-76.3550,0.9715,,
DATA,A008,1,107,1382064,-0.4628,0.5062,0.6102,-78.6743,122.8027,-71.1670,0.9180,,
DATA,A008,1,108,1382074,-0.4916,0.4339,0.5319,-79.8950,131.5918,-66.7114,0.8443,,
DATA,A008,1,109,1382084,-0.6095,0.2935,0.5045,-70.3125,145.2637,-58.5938,0.8439,,
DATA,A008,1,110,1382094,-0.7076,0.2486,0.5399,-56.7627,148.6816,-54.8096,0.9241,,
DATA,A008,1,111,1382104,-0.8238,0.3157,0.6100,-39.9170,143.1274,-51.8799,1.0726,,
DATA,A008,1,112,1382114,-0.8451,0.3995,0.6659,-35.8887,142.2119,-52.9175,1.1477,,
DATA,A008,1,113,1382124,-0.8146,0.5313,0.6630,-35.9497,135.4980,-50.3540,1.1770,,
DATA,A008,1,114,1382134,-0.7858,0.5682,0.5897,-40.2222,131.5918,-44.7998,1.1349,,
DATA,A008,1,115,1382144,-0.7670,0.5076,0.4855,-47.0581,133.1177,-40.2832,1.0400,,
DATA,A008,1,116,1382154,-0.8263,0.4158,0.4310,-48.0347,133.7891,-39.1846,1.0205,,
DATA,A008,1,117,1382164,-0.9496,0.2715,0.4039,-39.8560,127.8687,-38.8794,1.0670,,
DATA,A008,1,118,1382174,-1.0135,0.2134,0.4694,-30.2734,120.0562,-40.1001,1.1371,,
DATA,A008,1,119,1382184,-1.0570,0.2127,0.5963,-21.1792,112.4268,-42.2363,1.2321,,
DATA,A008,1,120,1382194,-1.1315,0.2994,0.6439,-20.5078,91.9189,-44.5557,1.3358,,
DATA,A008,1,121,1382204,-1.1420,0.3607,0.6166,-26.2451,74.0356,-44.6167,1.3470,,
DATA,A008,1,122,1382214,-1.1080,0.4473,0.5626,-33.0811,48.9502,-44.6777,1.3207,,
DATA,A008,1,123,1382224,-1.0597,0.4876,0.5060,-37.9639,37.8418,-44.3726,1.2715,,
DATA,A008,1,124,1382234,-0.9869,0.4525,0.4464,-47.6685,25.1465,-42.5415,1.1739,,
DATA,A008,1,125,1382244,-0.9552,0.3707,0.4745,-52.3682,17.6392,-38.8184,1.1291,,
DATA,A008,1,126,1382254,-0.9420,0.2476,0.5316,-50.9033,6.3477,-36.4380,1.1096,,
DATA,A008,1,127,1382264,-0.9337,0.2017,0.5643,-45.8984,3.3569,-38.7573,1.1095,,
DATA,A008,1,128,1382274,-0.9276,0.2081,0.6051,-38.1470,5.4321,-42.6025,1.1269,,
DATA,A008,1,129,1382284,-0.9405,0.2474,0.6139,-34.8511,9.6436,-44.7388,1.1501,,
DATA,A008,1,130,1382294,-0.9154,0.3157,0.5790,-35.8276,19.6533,-45.4712,1.1282,,
DATA,A008,1,131,1382304,-0.8746,0.3423,0.5902,-37.5366,22.4609,-43.5181,1.1093,,
DATA,A008,1,132,1382314,-0.7867,0.3638,0.6341,-36.9873,24.7803,-38.3911,1.0740,,
DATA,A008,1,133,1382324,-0.7799,0.3799,0.5812,-38.0249,25.3296,-34.8511,1.0442,,
DATA,A008,1,134,1382334,-0.7936,0.3218,0.4032,-43.4570,31.9824,-31.4941,0.9465,,
DATA,A008,1,135,1382344,-0.8004,0.2049,0.3246,-42.1753,37.3535,-29.4800,0.8877,,
DATA,A008,1,136,1382354,-0.8143,0.0948,0.3085,-23.6816,44.1284,-27.5879,0.8759,,
DATA,A008,1,137,1382364,-0.8063,0.0980,0.3370,-6.5308,48.7671,-28.8086,0.8793,,
DATA,A008,1,138,1382374,-0.8338,0.1885,0.4259,14.3433,58.2886,-31.5552,0.9551,,
DATA,A008,1,139,1382384,-0.8885,0.2610,0.4967,20.5078,62.0117,-33.3252,1.0509,,
DATA,A008,1,140,1382394,-0.9835,0.3253,0.5614,18.7988,55.2368,-33.5693,1.1782,,
DATA,A008,1,141,1382404,-1.0253,0.3348,0.5902,13.0005,42.8467,-32.8979,1.2295,,
DATA,A008,1,142,1382414,-1.0372,0.2872,0.5870,-0.0610,17.2729,-31.7383,1.2259,,
DATA,A008,1,143,1382424,-1.0140,0.2222,0.5773,-6.2256,4.0283,-31.3110,1.1878,,
DATA,A008,1,144,1382434,-0.9889,0.1424,0.5270,-7.8735,-12.2681,-31.4941,1.1295,,
DATA,A008,1,145,1382444,-0.9532,0.1107,0.4984,-5.6763,-16.6626,-30.2734,1.0813,,
DATA,A008,1,146,1382454,-0.8612,0.1265,0.4857,0.9766,-14.0991,-27.9541,0.9968,,
DATA,A008,1,147,1382464,-0.8021,0.1697,0.4864,4.5776,-9.6436,-27.0996,0.9533,,
DATA,A008,1,148,1382474,-0.7342,0.2325,0.5033,6.2866,3.1128,-24.5972,0.9200,,
DATA,A008,1,149,1382484,-0.7071,0.2559,0.4828,5.3711,13.6719,-20.7520,0.8937,,
DATA,A008,1,150,1382494,-0.7013,0.2676,0.4078,3.9673,33.6304,-14.7705,0.8543,,
DATA,A008,1,151,1382504,-0.7242,0.2571,0.3893,5.6763,49.5605,-13.7329,0.8615,,
DATA,A008,1,152,1382514,-0.7745,0.2398,0.3683,8.9722,56.5186,-12.0239,0.8905,,
DATA,A008,1,153,1382524,-0.8382,0.2129,0.3173,13.7329,51.3916,-5.3711,0.9212,,
DATA,A008,1,154,1382534,-0.9056,0.1978,0.2909,16.6626,37.0483,-2.7466,0.9715,,
DATA,A008,1,155,1382544,-0.9711,0.1741,0.2938,19.5312,12.7563,-3.1738,1.0294,,
DATA,A008,1,156,1382554,-0.9752,0.1788,0.3292,19.8975,-8.5449,-0.5493,1.0447,,
DATA,A008,1,157,1382564,-0.9308,0.2357,0.3973,17.8223,-33.8135,-1.5869,1.0391,,
DATA,A008,1,158,1382574,-0.8397,0.2784,0.4484,13.6719,-37.4146,-2.9907,0.9918,,
DATA,A008,1,159,1382584,-0.7679,0.3045,0.4430,3.6621,-32.5928,-0.9155,0.9374,,
DATA,A008,1,160,1382594,-0.7628,0.2757,0.3986,-2.2583,-19.3481,-0.9155,0.9037,,
DATA,A008,1,161,1382604,-0.8148,0.2164,0.3458,-2.5024,0.1221,-1.4648,0.9112,,
DATA,A008,1,162,1382614,-0.8609,0.1961,0.3219,2.4414,10.0708,-3.6011,0.9398,,
DATA,A008,1,163,1382624,-0.8741,0.2073,0.3436,8.9111,15.6860,-5.3711,0.9619,,
DATA,A008,1,164,1382634,-0.8739,0.2335,0.3902,10.4980,12.6953,-4.7607,0.9851,,
DATA,A008,1,165,1382644,-0.9310,0.2762,0.4266,8.2397,7.8125,-5.7983,1.0607,,
DATA,A008,1,166,1382654,-0.9733,0.2859,0.4132,4.0283,7.2632,-7.9346,1.0953,,
DATA,A008,1,167,1382664,-0.9830,0.2835,0.4369,2.6855,1.1597,-8.6670,1.1125,,
DATA,A008,1,168,1382674,-0.9737,0.2989,0.4503,3.9062,-6.5918,-7.2632,1.1137,,
DATA,A008,1,169,1382684,-0.9525,0.3277,0.4335,2.0752,-22.1558,-3.6011,1.0966,,
DATA,A008,1,170,1382694,-0.9222,0.3248,0.4237,-0.4883,-32.0435,-2.2583,1.0656,,
DATA,A008,1,171,1382704,-0.8541,0.3013,0.3343,-3.0518,-41.8701,-0.7324,0.9654,,
DATA,A008,1,172,1382714,-0.7775,0.2664,0.3136,-2.6855,-35.6445,-1.3428,0.8796,,
DATA,A008,1,173,1382724,-0.7054,0.2513,0.3605,6.1035,-8.3618,-7.2021,0.8311,,
DATA,A008,1,174,1382734,-0.7342,0.2745,0.3705,13.9771,13.1226,-9.8267,0.8670,,
DATA,A008,1,175,1382744,-0.8146,0.2762,0.4361,19.4702,41.3818,-12.2681,0.9644,,
DATA,A008,1,176,1382754,-0.8780,0.2779,0.5101,19.8364,46.9971,-13.1836,1.0528,,
DATA,A008,1,177,1382764,-0.9442,0.2850,0.5174,13.8550,33.5693,-13.6108,1.1138,,
DATA,A008,1,178,1382774,-0.9676,0.2625,0.4862,6.2256,16.5405,-14.3433,1.1143,,
DATA,A008,1,179,1382784,-0.9786,0.2005,0.4696,-1.2817,-6.6528,-16.8457,1.1038,,
DATA,A008,1,180,1382794,-0.9640,0.1675,0.4720,-1.5869,-17.5781,-18.1274,1.0863,,
DATA,A008,1,181,1382804,-0.9571,0.1463,0.4811,-0.0610,-35.0342,-19.4702,1.0812,,
DATA,A008,1,182,1382814,-0.9552,0.1536,0.5204,0.8545,-42.0532,-20.0806,1.0985,,
DATA,A008,1,183,1382824,-0.9066,0.1924,0.5716,0.6714,-50.9644,-19.1650,1.0889,,
DATA,A008,1,184,1382834,-0.8419,0.2198,0.5741,-1.7700,-54.5044,-18.0054,1.0424,,
DATA,A008,1,185,1382844,-0.7970,0.2601,0.5214,-5.4932,-45.1660,-18.1274,0.9872,,
DATA,A008,1,186,1382854,-0.8019,0.2591,0.5419,-6.8359,-15.4419,-25.6958,1.0019,,
DATA,A008,1,187,1382864,-0.8092,0.2427,0.5919,-7.0190,18.1274,-32.8979,1.0315,,
DATA,A008,1,188,1382874,-0.9022,0.2256,0.5350,-6.1035,34.9121,-27.8931,1.0729,,
DATA,A008,1,189,1382884,-0.8939,0.2005,0.5011,-6.2866,30.9448,-24.7192,1.0442,,
DATA,A008,1,190,1382894,-0.8326,0.1873,0.4701,-8.2397,10.9253,-24.8413,0.9743,,
DATA,A008,1,191,1382904,-0.8055,0.1932,0.4418,-8.7280,2.7466,-27.7100,0.9388,,
DATA,A008,1,192,1382914,-0.7809,0.1758,0.4225,-4.2725,2.4414,-32.5317,0.9051,,
DATA,A008,1,193,1382924,-0.7704,0.1629,0.3854,0.4272,-1.9531,-31.5552,0.8767,,
DATA,A008,1,194,1382934,-0.8021,0.1219,0.3173,7.2021,-28.0151,-27.1606,0.8711,,
DATA,A008,1,195,1382944,-0.8797,0.0916,0.3463,12.3901,-64.5752,-24.1699,0.9499,,
DATA,A008,1,196,1382954,-0.9933,0.0753,0.4271,17.8833,-134.5215,-17.0898,1.0838,,
DATA,A008,1,197,1382964,-1.0172,0.0926,0.4845,16.7847,-190.6128,-15.0146,1.1305,,
DATA,A008,1,198,1382974,-0.8439,0.1097,0.5809,7.0190,-272.0947,-13.8550,1.0303,,
DATA,A008,1,199,1382984,-0.6224,0.1124,0.6044,-2.3804,-313.8428,-11.9629,0.8748,,
DATA,A008,1,200,1382994,-0.2403,0.0479,0.6346,-14.4653,-327.6978,-10.9253,0.6803,,
DATA,A008,1,201,1383004,-0.0384,-0.0266,0.6652,-15.2588,-301.7578,-11.3525,0.6668,,
DATA,A008,1,202,1383014,0.1056,-0.1279,0.7399,-0.0610,-223.8159,-5.4932,0.7582,,
DATA,A008,1,203,1383024,0.0907,-0.1403,0.7699,15.0146,-154.1748,1.8311,0.7878,,
DATA,A008,1,204,1383034,-0.0533,-0.1020,0.7233,29.3579,-71.5942,15.4419,0.7324,,
DATA,A008,1,205,1383044,-0.1637,-0.0771,0.7609,34.6680,-35.4614,24.2310,0.7821,,
DATA,A008,1,206,1383054,-0.3165,0.0098,0.7342,44.0674,6.2866,33.0200,0.7996,,
DATA,A008,1,207,1383064,-0.3609,0.1006,0.6886,50.2319,28.9917,38.0249,0.7839,,
DATA,A008,1,208,1383074,-0.3319,0.2000,0.7340,56.8848,57.6782,45.7764,0.8300,,
DATA,A008,1,209,1383084,-0.3514,0.2728,0.7599,57.9224,77.5146,52.9785,0.8805,,
DATA,A008,1,210,1383094,-0.4386,0.3489,0.8109,48.2178,87.1582,58.4717,0.9857,,
DATA,A008,1,211,1383104,-0.5162,0.3638,0.8866,41.1377,80.4443,62.9272,1.0885,,
DATA,A008,1,212,1383114,-0.6322,0.3577,1.0045,32.7148,43.5791,71.9604,1.2396,,
DATA,A008,1,213,1383124,-0.7049,0.3443,0.8053,24.4751,15.2588,78.0640,1.1243,,
DATA,A008,1,214,1383134,-0.6561,0.1580,0.6771,16.1743,-18.6157,67.9932,0.9560,,
DATA,A008,1,215,1383144,-0.6105,0.1680,0.7030,29.2969,-20.4468,57.8003,0.9461,,
DATA,A008,1,216,1383154,-0.5528,0.3331,0.8065,47.7905,1.1597,54.9927,1.0330,,
DATA,A008,1,217,1383164,-0.5890,0.4732,1.0157,51.3306,20.5078,53.1616,1.2659,,
DATA,A008,1,218,1383174,-0.8404,0.6431,1.1202,33.0811,44.0674,43.2739,1.5411,,
DATA,A008,1,219,1383184,-0.9715,0.6260,1.1385,12.8174,38.3301,35.0342,1.6224,,
DATA,A008,1,220,1383194,-1.0218,0.5596,1.1290,-1.0376,21.5454,27.9541,1.6223,,
DATA,A008,1,221,1383204,-0.9964,0.5045,1.1119,-5.8594,-10.0098,20.3247,1.5760,,
DATA,A008,1,222,1383214,-0.9222,0.5184,1.0929,-4.7607,-39.9170,15.7471,1.5211,,
DATA,A008,1,223,1383224,-0.8463,0.5169,1.0428,-7.8735,-60.5469,12.2681,1.4391,,
DATA,A008,1,224,1383234,-0.7464,0.4908,0.9918,-10.1929,-78.6743,8.4229,1.3348,,
DATA,A008,1,225,1383244,-0.5672,0.4300,0.9337,-9.5825,-100.4028,7.9346,1.1741,,
DATA,A008,1,226,1383254,-0.4584,0.3731,0.9012,-9.0332,-113.2812,9.1553,1.0777,,
DATA,A008,1,227,1383264,-0.3517,0.3067,0.8641,-6.2256,-128.1128,12.3291,0.9821,,
DATA,A008,1,228,1383274,-0.2980,0.3126,0.8627,-0.6104,-132.2632,14.6484,0.9647,,
DATA,A008,1,229,1383284,-0.2328,0.3834,0.8190,10.0098,-134.2773,23.6206,0.9337,,
DATA,A008,1,230,1383294,-0.2037,0.4241,0.8094,14.1602,-136.4136,30.8838,0.9363,,
DATA,A008,1,231,1383304,-0.1571,0.4664,0.8207,17.0898,-131.8359,35.1562,0.9569,,
DATA,A008,1,232,1383314,-0.1507,0.4649,0.7989,17.1509,-127.9907,39.1235,0.9366,,
DATA,A008,1,233,1383324,-0.1442,0.4293,0.7631,20.1416,-127.8076,44.9829,0.8873,,
DATA,A008,1,234,1383334,-0.1241,0.4031,0.7565,24.0479,-132.6904,47.6074,0.8661,,
DATA,A008,1,235,1383344,-0.1192,0.3729,0.7692,28.5034,-147.8271,52.7954,0.8630,,
DATA,A008,1,236,1383354,-0.1459,0.3511,0.7367,30.3955,-166.6870,56.8848,0.8290,,
DATA,A008,1,237,1383364,-0.2040,0.3233,0.6818,36.4990,-209.2285,59.0820,0.7816,,
DATA,A008,1,238,1383374,-0.2591,0.3055,0.6276,40.1001,-245.3003,60.0586,0.7445,,
DATA,A008,1,239,1383384,-0.1590,0.3245,0.7416,52.0020,-281.5552,45.7764,0.8249,,
DATA,A008,1,240,1383394,-0.0882,0.3489,0.7494,54.9316,-289.0625,36.2549,0.8313,,
DATA,A008,1,241,1383404,-0.0785,0.3790,0.7826,62.0117,-275.6348,32.2266,0.8730,,
DATA,A008,1,242,1383414,-0.1161,0.4258,0.8038,69.7021,-265.1978,28.3813,0.9170,,
DATA,A008,1,243,1383424,-0.0755,0.5147,0.8768,76.5381,-244.3848,20.2637,1.0195,,
DATA,A008,1,244,1383434,0.0726,0.5477,0.9694,77.1484,-226.0132,17.8223,1.1157,,
DATA,A008,1,245,1383444,0.2614,0.5782,1.1005,72.5708,-184.8755,18.7988,1.2703,,
DATA,A008,1,246,1383454,0.3165,0.6204,1.1742,69.3359,-149.4141,17.4561,1.3652,,
DATA,A008,1,247,1383464,0.2863,0.6878,1.2340,58.2275,-98.0835,19.0430,1.4414,,
DATA,A008,1,248,1383474,0.2179,0.7025,1.2374,45.8374,-78.4302,22.1558,1.4395,,
DATA,A008,1,249,1383484,0.1508,0.6695,1.1671,28.6865,-74.7681,28.5034,1.3539,,
DATA,A008,1,250,1383494,0.1798,0.6241,1.0919,20.3247,-82.8857,32.5928,1.2705,,
DATA,A008,1,251,1383504,0.3512,0.5482,0.9757,13.2446,-89.9048,39.4897,1.1729,,
DATA,A008,1,252,1383514,0.4821,0.4996,0.9115,11.9019,-81.2378,44.0063,1.1458,,
DATA,A008,1,253,1383524,0.5946,0.4583,0.8412,14.4043,-45.9595,48.5229,1.1275,,
DATA,A008,1,254,1383534,0.5975,0.4483,0.8246,17.3340,-16.9678,52.0630,1.1126,,
DATA,A008,1,255,1383544,0.5670,0.4600,0.8258,20.8740,9.8877,54.8096,1.1023,,
DATA,A008,1,256,1383554,0.5116,0.5137,0.8429,26.1230,43.5181,56.5186,1.1118,,
DATA,A008,1,257,1383564,0.4596,0.5552,0.8641,27.4048,59.6924,57.8003,1.1253,,
DATA,A008,1,258,1383574,0.3964,0.5916,0.8605,25.5127,75.8667,59.4482,1.1169,,
DATA,A008,1,259,1383584,0.3556,0.5760,0.8680,23.9258,80.3223,60.5469,1.1008,,
DATA,A008,1,260,1383594,0.3036,0.5589,0.8868,21.4844,82.0312,63.5986,1.0913,,
DATA,A008,1,261,1383604,0.2780,0.5672,0.8898,19.9585,81.4819,64.7583,1.0912,,
DATA,A008,1,262,1383614,0.2318,0.5906,0.9247,15.9912,81.1768,68.1763,1.1214,,
DATA,A008,1,263,1383624,0.2135,0.6033,0.9611,10.5591,82.5195,69.3359,1.1546,,
DATA,A008,1,264,1383634,0.1923,0.6204,0.9632,1.9531,87.5244,68.0542,1.1618,,
DATA,A008,1,265,1383644,0.1559,0.6295,0.9645,-3.7231,93.2007,68.3594,1.1622,,
DATA,A008,1,266,1383654,0.0731,0.6509,0.9181,-14.6484,112.9150,67.9321,1.1278,,
DATA,A008,1,267,1383664,0.0265,0.6334,0.8893,-22.2168,130.2490,65.0635,1.0921,,
DATA,A008,1,268,1383674,-0.0267,0.6287,0.9303,-30.3345,159.1187,58.8989,1.1231,,
DATA,A008,1,269,1383684,-0.0914,0.6514,0.9388,-36.9873,179.5654,53.8330,1.1464,,
DATA,A008,1,270,1383694,-0.2045,0.6954,0.8839,-47.7295,207.0312,40.8325,1.1431,,
DATA,A008,1,271,1383704,-0.2709,0.7105,0.8556,-56.9458,219.7266,34.1797,1.1446,,
DATA,A008,1,272,1383714,-0.3495,0.6912,0.8212,-73.4863,226.1353,24.2310,1.1288,,
DATA,A008,1,273,1383724,-0.3961,0.6412,0.7921,-84.9609,223.6938,15.6250,1.0934,,
DATA,A008,1,274,1383734,-0.4759,0.5406,0.8214,-95.8252,215.5762,-4.0894,1.0925,,
DATA,A008,1,275,1383744,-0.5358,0.4844,0.8483,-99.9146,207.7026,-18.0054,1.1141,,
DATA,A008,1,276,1383754,-0.6485,0.4832,0.8321,-97.9614,189.5142,-41.1987,1.1604,,
DATA,A008,1,277,1383764,-0.7157,0.5101,0.7914,-95.3369,175.8423,-57.8003,1.1826,,
DATA,A008,1,278,1383774,-0.7755,0.5162,0.7728,-93.8110,155.3955,-83.6792,1.2104,,
DATA,A008,1,279,1383784,-0.7838,0.4971,0.7340,-94.6045,148.6206,-103.5767,1.1833,,
DATA,A008,1,280,1383794,-0.7723,0.4307,0.7023,-91.9189,154.9072,-132.5684,1.1292,,
DATA,A008,1,281,1383804,-0.7533,0.3777,0.7081,-85.2661,172.3022,-150.6348,1.1007,,
DATA,A008,1,282,1383814,-0.7235,0.2794,0.6486,-73.1201,211.3647,-176.6357,1.0110,,
DATA,A008,1,283,1383824,-0.7088,0.1793,0.6141,-63.7207,233.0322,-188.4766,0.9549,,
DATA,A008,1,284,1383834,-0.6488,0.0252,0.5887,-43.1519,240.1123,-195.0684,0.8765,,
DATA,A008,1,285,1383844,-0.5936,-0.0163,0.6114,-25.2686,224.4873,-196.1060,0.8524,,
DATA,A008,1,286,1383854,-0.4972,0.0018,0.6639,0.6104,185.9741,-197.2656,0.8295,,
DATA,A008,1,287,1383864,-0.4479,0.0303,0.6771,11.2305,154.9683,-195.6177,0.8124,,
DATA,A008,1,288,1383874,-0.4064,0.0220,0.6595,18.1885,106.8726,-184.6924,0.7750,,
DATA,A008,1,289,1383884,-0.3678,-0.0097,0.6515,22.8882,76.2939,-176.6968,0.7482,,
DATA,A008,1,290,1383894,-0.3192,-0.0192,0.6139,30.3955,53.6499,-169.9829,0.6922,,
DATA,A008,1,291,1383904,-0.2457,0.0106,0.5970,51.4526,39.4287,-160.5225,0.6457,,
DATA,A008,1,292,1383914,-0.1984,0.0748,0.6200,70.3125,34.3018,-153.5034,0.6552,,
DATA,A008,1,293,1383924,-0.1214,0.2278,0.6683,93.1396,31.3721,-135.9863,0.7165,,
DATA,A008,1,294,1383934,-0.0272,0.3243,0.7499,100.6470,22.2778,-121.6431,0.8174,,
DATA,A008,1,295,1383944,0.1239,0.4180,0.8675,100.8911,-0.4272,-97.2290,0.9709,,
DATA,A008,1,296,1383954,0.2106,0.4312,0.9486,94.6655,-13.0615,-83.5571,1.0631,,
DATA,A008,1,297,1383964,0.3173,0.3987,1.0038,83.9233,-16.9067,-66.2842,1.1257,,
DATA,A008,1,298,1383974,0.3673,0.3607,1.0165,79.3457,-12.0239,-53.9551,1.1394,,
DATA,A008,1,299,1383984,0.3751,0.3057,1.0724,78.8574,3.5400,-33.3252,1.1765,,
DATA,A008,1,300,1383994,0.3336,0.3253,1.0875,80.3833,17.3950,-21.7285,1.1831,,
DATA,A008,1,301,1384004,0.2579,0.4051,1.1063,81.6650,34.5459,-4.5166,1.2061,,
DATA,A008,1,302,1384014,0.2631,0.4268,1.1927,76.9043,43.6401,10.2539,1.2938,,
DATA,A008,1,303,1384024,0.2040,0.4761,1.1630,69.8242,43.7622,28.5645,1.2731,,
DATA,A008,1,304,1384034,0.1954,0.5062,1.0616,64.6362,41.9312,32.0435,1.1923,,
DATA,A008,1,305,1384044,0.0267,0.4234,1.1039,52.9175,47.7905,45.2271,1.1826,,
DATA,A008,1,306,1384054,-0.0931,0.3868,1.0243,50.7202,53.7720,47.9736,1.0988,,
DATA,A008,1,307,1384064,-0.0599,0.2435,0.9845,52.3682,57.8613,45.3491,1.0159,,
DATA,A008,1,308,1384074,-0.2504,0.3511,1.2677,70.9229,30.3345,48.0347,1.3390,,
DATA,A008,1,309,1384084,-0.6156,0.6011,1.2955,54.3823,30.4565,55.4199,1.5552,,
DATA,A008,1,310,1384094,-0.5677,0.6617,1.3326,45.5322,6.5308,45.4712,1.5925,,
DATA,A008,1,311,1384104,-0.3712,0.7298,1.4029,39.6729,-24.4141,49.6826,1.6244,,
DATA,A008,1,312,1384114,-0.3456,0.6409,1.2750,24.2310,-12.7563,50.9644,1.4683,,
DATA,A008,1,313,1384124,-0.2733,0.4710,1.1229,12.5732,-2.9907,53.0396,1.2480,,
DATA,A008,1,314,1384134,-0.2806,0.5081,1.0658,20.3247,-14.2822,60.9131,1.2136,,
DATA,A008,1,315,1384144,-0.2157,0.6006,1.0387,23.6816,-23.6206,60.7910,1.2191,,
DATA,A008,1,316,1384154,-0.3148,0.6170,1.0113,20.1416,-25.8179,55.3589,1.2258,,
DATA,A008,1,317,1384164,-0.6981,0.5455,0.8920,9.0332,-40.1001,49.6826,1.2572,,
DATA,A008,1,318,1384174,-0.7511,0.5245,0.9330,14.2822,-55.4810,29.5410,1.3075,,
DATA,A008,1,319,1384184,-0.4955,0.5521,0.9955,20.2026,-76.1719,16.4185,1.2415,,
DATA,A008,1,320,1384194,-0.3573,0.5423,0.9999,18.1885,-84.2896,18.9209,1.1923,,
DATA,A008,1,321,1384204,-0.2838,0.5091,0.9742,17.2119,-91.7358,17.4561,1.1353,,
DATA,A008,1,322,1384214,-0.2975,0.4835,0.9227,16.6016,-98.2666,15.5640,1.0833,,
DATA,A008,1,323,1384224,-0.2416,0.4358,0.9010,15.3809,-106.2012,13.9771,1.0296,,
DATA,A008,1,324,1384234,-0.1551,0.4124,0.9069,15.6250,-107.8491,16.5405,1.0082,,
DATA,A008,1,325,1384244,-0.0206,0.4180,0.9090,19.3481,-96.8628,23.0713,1.0008,,
DATA,A008,1,326,1384254,0.0602,0.4288,0.9327,21.6064,-77.7588,26.6724,1.0283,,
DATA,A008,1,327,1384264,0.1120,0.4334,0.9347,20.0806,-52.2461,28.9307,1.0363,,
DATA,A008,1,328,1384274,0.0307,0.3733,0.9217,15.9302,-14.0991,31.4331,0.9950,,
DATA,A008,1,329,1384284,-0.1102,0.3585,0.9479,18.0664,2.8687,33.5693,1.0194,,
DATA,A008,1,330,1384294,-0.2245,0.4476,1.0004,23.0713,0.7324,39.0015,1.1187,,
DATA,A008,1,331,1384304,-0.1703,0.5150,1.0411,20.3247,-11.4746,43.2129,1.1739,,
DATA,A008,1,332,1384314,-0.0328,0.5264,1.0162,9.2163,-19.0430,46.6919,1.1450,,
DATA,A008,1,333,1384324,-0.0387,0.4761,0.9093,4.5166,-16.7847,48.4619,1.0271,,
DATA,A008,1,334,1384334,-0.1503,0.3956,0.8885,10.9863,-5.4932,47.5464,0.9842,,
DATA,A008,1,335,1384344,-0.0875,0.4009,0.9640,15.5640,0.1221,44.1284,1.0477,,
DATA,A008,1,336,1384354,-0.0162,0.4451,0.9303,15.4419,2.4414,48.5229,1.0314,,
DATA,A008,1,337,1384364,-0.0511,0.4573,0.9003,17.0898,4.2114,49.0112,1.0111,,
DATA,A008,1,338,1384374,-0.0851,0.4637,0.8837,18.9209,3.1128,49.4385,1.0015,,
DATA,A008,1,339,1384384,-0.1009,0.4754,0.8754,18.6768,-2.9297,52.4902,1.0012,,
DATA,A008,1,340,1384394,-0.1131,0.4876,0.8922,18.7378,-12.1460,54.7485,1.0230,,
DATA,A008,1,341,1384404,-0.1180,0.5067,0.9542,19.4702,-15.8081,55.6641,1.0868,,
DATA,A008,1,342,1384414,-0.1415,0.5814,0.9838,17.9443,-12.7563,55.7251,1.1514,,
DATA,A008,1,343,1384424,-0.1517,0.5975,0.9469,13.7939,-11.2305,53.8330,1.1299,,
DATA,A008,1,344,1384434,-0.1915,0.5701,0.9579,9.7046,-12.0850,51.6968,1.1310,,
DATA,A008,1,345,1384444,-0.1810,0.5552,0.9764,6.9580,-11.2915,47.7905,1.1377,,
DATA,A008,1,346,1384454,-0.1219,0.5313,0.9918,1.5259,-9.6436,45.5933,1.1317,,
DATA,A008,1,347,1384464,-0.0843,0.5206,0.9986,-0.4883,-6.8970,46.0815,1.1293,,
DATA,A008,1,348,1384474,-0.0643,0.4825,0.9835,-4.6387,5.0049,45.5322,1.0974,,
DATA,A008,1,349,1384484,-0.0826,0.4498,1.0228,-7.1411,14.6484,45.4102,1.1204,,
DATA,A008,1,350,1384494,-0.1459,0.4720,1.0585,-8.9722,28.1982,45.8374,1.1681,,
DATA,A008,1,351,1384504,-0.1808,0.5120,1.0409,-12.7563,34.3018,45.5933,1.1740,,
DATA,A008,1,352,1384514,-0.2792,0.4849,1.0384,-22.5830,37.1094,47.1191,1.1796,,
DATA,A008,1,353,1384524,-0.3688,0.4561,1.0597,-26.4282,39.1235,44.4946,1.2112,,
DATA,A008,1,354,1384534,-0.4137,0.4346,1.0878,-33.7524,45.8374,30.6396,1.2423,,
DATA,A008,1,355,1384544,-0.4039,0.4058,1.0973,-39.4897,51.5137,28.5645,1.2377,,
DATA,A008,1,356,1384554,-0.4132,0.4136,1.0682,-42.9688,53.2837,29.6021,1.2178,,
DATA,A008,1,357,1384564,-0.4310,0.4412,1.0756,-47.1802,54.1992,21.6064,1.2399,,
DATA,A008,1,358,1384574,-0.4642,0.4398,1.0704,-55.4810,57.8613,15.9302,1.2469,,
DATA,A008,1,359,1384584,-0.5546,0.3475,0.9967,-70.4346,64.2700,6.6528,1.1923,,
DATA,A008,1,360,1384594,-0.6144,0.2652,0.9706,-75.3784,66.1011,-0.4883,1.1789,,
DATA,A008,1,361,1384604,-0.6900,0.1956,0.9635,-75.9888,59.2651,-10.0708,1.2011,,
DATA,A008,1,362,1384614,-0.7042,0.1922,0.9879,-75.9888,53.7720,-19.4702,1.2283,,
DATA,A008,1,363,1384624,-0.6964,0.1920,1.0162,-79.8950,44.2505,-36.7432,1.2468,,
DATA,A008,1,364,1384634,-0.7057,0.1526,1.0226,-84.4727,36.3770,-48.5229,1.2518,,
DATA,A008,1,365,1384644,-0.7296,0.0264,1.0214,-89.8438,20.6909,-62.9883,1.2555,,
DATA,A008,1,366,1384654,-0.7396,-0.0554,1.0287,-91.0645,5.9204,-70.8618,1.2682,,
DATA,A008,1,367,1384664,-0.7159,-0.1047,1.0604,-86.9751,-12.0239,-84.9609,1.2837,,
DATA,A008,1,368,1384674,-0.6527,-0.0739,1.0775,-84.5947,-14.6484,-96.6797,1.2619,,
DATA,A008,1,369,1384684,-0.5384,-0.0392,1.1107,-83.8623,1.7090,-113.3423,1.2350,,
DATA,A008,1,370,1384694,-0.4833,-0.0534,1.1219,-84.5337,25.8179,-123.1079,1.2228,,
DATA,A008,1,371,1384704,-0.4400,-0.0842,1.1058,-80.3833,68.5425,-134.2773,1.1931,,
DATA,A008,1,372,1384714,-0.4266,-0.0834,1.0599,-73.2422,90.2710,-138.7939,1.1456,,
DATA,A008,1,373,1384724,-0.4745,-0.0678,0.9662,-61.4624,100.4028,-140.3198,1.0785,,
DATA,A008,1,374,1384734,-0.5109,-0.0651,0.9269,-55.9692,94.8486,-143.0054,1.0603,,
DATA,A008,1,375,1384744,-0.5140,-0.0883,0.8487,-51.0864,81.3599,-150.6958,0.9962,,
DATA,A008,1,376,1384754,-0.4632,-0.1037,0.7828,-44.8608,76.6602,-155.8228,0.9155,,
DATA,A008,1,377,1384764,-0.3780,-0.1235,0.6744,-28.0762,76.0498,-157.5317,0.7830,,
DATA,A008,1,378,1384774,-0.3119,-0.1298,0.6149,-12.2681,82.2144,-155.6396,0.7016,,
DATA,A008,1,379,1384784,-0.2067,-0.1066,0.5570,13.4888,91.7358,-148.5596,0.6036,,
DATA,A008,1,380,1384794,-0.1761,-0.0866,0.5680,29.6021,90.6372,-140.3809,0.6009,,
DATA,A008,1,381,1384804,-0.2171,-0.0327,0.6034,50.0488,69.3359,-122.6807,0.6421,,
DATA,A008,1,382,1384814,-0.2626,0.0328,0.6149,60.8521,36.7432,-107.8491,0.6694,,
DATA,A008,1,383,1384824,-0.2838,0.1404,0.6388,73.3643,-19.2261,-91.9189,0.7130,,
DATA,A008,1,384,1384834,-0.2325,0.2139,0.6500,79.3457,-47.1802,-83.6182,0.7227,,
DATA,A008,1,385,1384844,-0.0795,0.2928,0.6703,84.7168,-70.9839,-72.5708,0.7357,,
DATA,A008,1,386,1384854,0.0307,0.3123,0.6581,87.8296,-70.2515,-64.5752,0.7291,,
DATA,A008,1,387,1384864,0.1654,0.3057,0.6547,97.3511,-53.4058,-51.2695,0.7412,,
DATA,A008,1,388,1384874,0.2050,0.3138,0.6503,106.5674,-38.8794,-40.5884,0.7505,,
DATA,A008,1,389,1384884,0.2179,0.3870,0.6766,121.5210,-22.7661,-25.0244,0.8094,,
DATA,A008,1,390,1384894,0.2186,0.4813,0.7130,130.3101,-16.0522,-13.6719,0.8876,,
DATA,A008,1,391,1384904,0.2406,0.6429,0.7367,135.1318,-9.8877,3.0518,1.0069,,
DATA,A008,1,392,1384914,0.2548,0.7125,0.7311,131.8359,-3.6011,13.0005,1.0521,,
DATA,A008,1,393,1384924,0.2465,0.7525,0.7491,127.0142,6.8970,21.3623,1.0901,,
DATA,A008,1,394,1384934,0.1981,0.7999,0.7484,121.7651,23.8037,32.3486,1.1132,,
DATA,A008,1,395,1384944,0.1683,0.8733,0.8307,121.6431,30.0293,42.2974,1.2170,,
DATA,A008,1,396,1384954,0.0963,1.0076,0.8133,112.8540,39.4897,50.1099,1.2985,,
DATA,A008,1,397,1384964,0.0756,1.0535,0.8766,101.3794,45.7153,49.0112,1.3726,,
DATA,A008,1,398,1384974,-0.0314,1.1121,1.0319,82.2144,72.6318,40.4663,1.5174,,
DATA,A008,1,399,1384984,-0.0795,1.0750,1.0807,62.8052,103.8818,23.5596,1.5264,,
DATA,A008,1,400,1384994,-0.1839,0.9004,1.0941,36.6211,132.5684,19.2261,1.4289,,
DATA,A008,1,401,1385004,-0.2953,0.8091,1.0785,29.0527,124.8169,23.1323,1.3802,,
DATA,A008,1,402,1385014,-0.4005,0.7300,1.0450,23.1934,92.2852,16.9678,1.3362,,
DATA,A008,1,403,1385024,-0.4151,0.6978,0.9921,17.5781,61.2183,9.6436,1.2820,,
DATA,A008,1,404,1385034,-0.3722,0.6141,0.8683,10.1318,19.1040,3.0518,1.1267,,
DATA,A008,1,405,1385044,-0.3024,0.5450,0.8263,8.7891,-1.1597,-0.7324,1.0350,,
DATA,A008,1,406,1385054,-0.1893,0.5040,0.8736,14.3433,-18.5547,-0.6714,1.0262,,
DATA,A008,1,407,1385064,-0.1581,0.5257,0.8846,17.7612,-20.6909,1.0986,1.0411,,
DATA,A008,1,408,1385074,-0.1151,0.5450,0.8902,19.5923,-13.9160,0.1831,1.0501,,
DATA,A008,1,409,1385084,-0.0968,0.5530,0.8956,21.7285,-8.4839,0.8545,1.0570,,
DATA,A008,1,410,1385094,-0.0646,0.5472,0.8810,21.1792,3.7842,6.7139,1.0391,,
DATA,A008,1,411,1385104,-0.0333,0.5206,0.8778,20.2026,16.1743,9.7046,1.0211,,
DATA,A008,1,412,1385114,-0.0279,0.5118,0.8390,22.2168,35.5225,13.2446,0.9832,,
DATA,A008,1,413,1385124,-0.0731,0.5203,0.8273,24.8413,46.5088,16.1743,0.9800,,
DATA,A008,1,414,1385134,-0.1451,0.5418,0.8214,26.1230,55.8472,19.0430,0.9946,,
DATA,A008,1,415,1385144,-0.1893,0.5379,0.8361,24.4751,53.9551,19.7754,1.0120,,
DATA,A008,1,416,1385154,-0.2367,0.5362,0.8173,21.9727,41.9312,23.0103,1.0057,,
DATA,A008,1,417,1385164,-0.2638,0.5198,0.8265,20.4468,29.2358,25.3296,1.0114,,
DATA,A008,1,418,1385174,-0.2745,0.5494,0.8768,22.0337,18.4937,24.4141,1.0705,,
DATA,A008,1,419,1385184,-0.2611,0.5941,0.8597,21.5454,16.6626,23.0713,1.0771,,
DATA,A008,1,420,1385194,-0.2491,0.6092,0.8480,19.4092,19.3481,21.9727,1.0735,,
DATA,A008,1,421,1385204,-0.2355,0.6002,0.8312,18.3716,21.1182,22.3389,1.0519,,
DATA,A008,1,422,1385214,-0.2181,0.5677,0.8197,18.0664,23.8647,21.7285,1.0207,,
DATA,A008,1,423,1385224,-0.1925,0.5499,0.7933,19.7144,28.0151,21.7285,0.9843,,
DATA,A008,1,424,1385234,-0.1651,0.5311,0.7645,22.5830,32.6538,24.7803,0.9454,,
DATA,A008,1,425,1385244,-0.1422,0.5325,0.7452,30.6396,36.9873,30.9448,0.9269,,
DATA,A008,1,426,1385254,-0.1683,0.5499,0.7228,35.5225,38.0859,34.5459,0.9236,,
DATA,A008,1,427,1385264,-0.2013,0.5738,0.6954,39.1846,45.2271,36.6211,0.9238,,
DATA,A008,1,428,1385274,-0.1376,0.5435,0.6708,39.3677,46.2646,37.9028,0.8742,,
DATA,A008,1,429,1385284,-0.1349,0.5350,0.7970,44.7998,47.1191,44.9829,0.9693,,
DATA,A008,1,430,1385294,-0.2587,0.5665,0.8060,44.1895,57.3120,45.5322,1.0186,,
DATA,A008,1,431,1385304,-0.4322,0.6048,0.7980,43.0908,63.5376,43.5791,1.0906,,
DATA,A008,1,432,1385314,-0.4864,0.6539,0.8219,44.5557,50.0488,44.2505,1.1574,,
DATA,A008,1,433,1385324,-0.4325,0.7166,0.8456,39.4287,32.0435,41.6260,1.1898,,
DATA,A008,1,434,1385334,-0.3517,0.7017,0.8548,32.6538,21.8506,38.8794,1.1605,,
DATA,A008,1,435,1385344,-0.2533,0.6251,0.8404,24.5972,18.2495,38.2080,1.0776,,
DATA,A008,1,436,1385354,-0.2176,0.5518,0.8143,23.3154,22.6440,36.3159,1.0075,,
DATA,A008,1,437,1385364,-0.2296,0.4937,0.7872,26.7944,29.4189,36.4380,0.9572,,
DATA,A008,1,438,1385374,-0.2579,0.5245,0.7867,32.5317,28.1372,37.2314,0.9801,,
DATA,A008,1,439,1385384,-0.3058,0.6336,0.8104,37.6587,22.7051,34.6069,1.0732,,
DATA,A008,1,440,1385394,-0.3043,0.6929,0.8363,34.7900,20.2637,31.9824,1.1279,,
DATA,A008,1,441,1385404,-0.2745,0.6858,0.8636,24.5361,21.4233,30.2734,1.1365,,
DATA,A008,1,442,1385414,-0.2560,0.6326,0.8859,20.2026,28.0151,28.3203,1.1182,,
DATA,A008,1,443,1385424,-0.2333,0.5765,0.9073,20.0806,40.5273,24.1699,1.1000,,
DATA,A008,1,444,1385434,-0.2569,0.5821,0.8871,21.7285,48.0347,23.2544,1.0917,,
DATA,A008,1,445,1385444,-0.3436,0.6231,0.8641,24.1089,51.0254,24.0479,1.1194,,
DATA,A008,1,446,1385454,-0.3946,0.6580,0.8356,23.6816,43.5181,24.3530,1.1344,,
DATA,A008,1,447,1385464,-0.4227,0.6920,0.8180,20.6299,25.8179,24.3530,1.1518,,
DATA,A008,1,448,1385474,-0.3917,0.7103,0.7889,18.0664,14.4043,23.9868,1.1315,,
DATA,A008,1,449,1385484,-0.3150,0.7122,0.7840,15.9302,11.9019,23.2544,1.1051,,
DATA,A008,1,450,1385494,-0.2687,0.7051,0.8173,14.8315,19.7754,21.1182,1.1123,,
DATA,A008,1,451,1385504,-0.2892,0.7151,0.8068,11.5356,41.3818,18.7988,1.1162,,
DATA,A008,1,452,1385514,-0.3295,0.6927,0.7679,7.3242,56.6406,15.3809,1.0854,,
DATA,A008,1,453,1385524,-0.3946,0.6512,0.7526,6.2866,68.6646,10.5591,1.0706,,
DATA,A008,1,454,1385534,-0.4562,0.6732,0.7347,8.4229,65.6738,8.4229,1.0959,,
DATA,A008,1,455,1385544,-0.5399,0.7147,0.7189,8.5449,49.9878,2.9907,1.1485,,
DATA,A008,1,456,1385554,-0.5902,0.7491,0.7091,7.1411,39.4897,-0.3662,1.1884,,
DATA,A008,1,457,1385564,-0.6422,0.7994,0.6627,5.0659,28.9307,-12.8784,1.2209,,
DATA,A008,1,458,1385574,-0.6576,0.8145,0.6490,1.7700,27.2827,-22.3389,1.2317,,
DATA,A008,1,459,1385584,-0.6398,0.8060,0.6537,-1.4038,25.5127,-30.8838,1.2191,,
DATA,A008,1,460,1385594,-0.6100,0.8072,0.6647,-4.9438,18.1885,-44.6167,1.2105,,
DATA,A008,1,461,1385604,-0.5809,0.8226,0.6764,-7.8125,12.0239,-54.5654,1.2131,,
DATA,A008,1,462,1385614,-0.5516,0.8475,0.6127,-15.6250,3.4180,-67.6270,1.1823,,
DATA,A008,1,463,1385624,-0.5528,0.8331,0.5690,-22.1558,-2.0142,-77.9419,1.1504,,
DATA,A008,1,464,1385634,-0.5467,0.8192,0.5155,-28.1372,-6.9580,-93.3838,1.1116,,
DATA,A008,1,465,1385644,-0.5492,0.8521,0.5135,-28.6865,-14.9536,-104.6143,1.1364,,
DATA,A008,1,466,1385654,-0.5460,0.9395,0.5404,-32.7759,-28.0151,-118.0420,1.2136,,
DATA,A008,1,467,1385664,-0.5243,0.9627,0.5460,-41.3818,-42.1753,-127.6855,1.2247,,
DATA,A008,1,468,1385674,-0.5338,0.8846,0.6383,-56.3965,-68.9697,-140.3198,1.2144,,
DATA,A008,1,469,1385684,-0.5731,0.7979,0.6954,-64.7583,-88.5620,-149.2920,1.2036,,
DATA,A008,1,470,1385694,-0.6361,0.7142,0.7882,-66.9556,-115.2954,-167.8467,1.2393,,
DATA,A008,1,471,1385704,-0.6617,0.7525,0.8375,-62.1338,-131.3477,-179.0771,1.3060,,
DATA,A008,1,472,1385714,-0.5643,0.8760,0.9254,-56.2744,-154.9683,-194.5801,1.3937,,
DATA,A008,1,473,1385724,-0.4669,0.9200,1.0026,-60.8521,-168.2129,-199.1577,1.4386,,
DATA,A008,1,474,1385734,-0.3741,0.8309,1.0148,-83.1299,-177.5513,-199.9512,1.3638,,
DATA,A008,1,475,1385744,-0.3246,0.6822,0.9943,-96.6187,-179.8706,-202.5146,1.2487,,
DATA,A008,1,476,1385754,-0.3160,0.4864,0.9601,-100.2197,-177.1240,-206.0547,1.1217,,
DATA,A008,1,477,1385764,-0.2965,0.4317,0.9352,-92.3462,-168.7622,-210.6934,1.0718,,
DATA,A008,1,478,1385774,-0.2096,0.4380,0.9777,-73.7305,-160.2783,-218.1396,1.0916,,
DATA,A008,1,479,1385784,-0.1737,0.4798,1.0345,-67.1387,-158.6304,-218.6279,1.1535,,
DATA,A008,1,480,1385794,-0.1312,0.5037,1.0531,-71.5942,-162.4146,-220.4590,1.1747,,
DATA,A008,1,481,1385804,-0.1312,0.4673,1.0279,-80.1392,-167.2974,-221.6797,1.1368,,
DATA,A008,1,482,1385814,-0.1349,0.3758,0.9449,-87.6465,-171.4478,-221.8018,1.0258,,
DATA,A008,1,483,1385824,-0.1195,0.3194,0.9069,-84.2896,-171.5698,-221.3745,0.9689,,
DATA,A008,1,484,1385834,-0.0404,0.3130,0.9430,-70.3735,-166.5039,-221.3745,0.9944,,
DATA,A008,1,485,1385844,0.0387,0.3533,0.9574,-61.7676,-160.4614,-221.3745,1.0212,,
DATA,A008,1,486,1385854,0.1173,0.3687,0.9147,-64.3311,-147.7051,-216.7358,0.9931,,
DATA,A008,1,487,1385864,0.1666,0.2950,0.9227,-70.4346,-139.3433,-214.1724,0.9830,,
DATA,A008,1,488,1385874,0.1994,0.1876,0.8756,-73.3032,-127.8687,-211.3037,0.9174,,
DATA,A008,1,489,1385884,0.1852,0.1382,0.8863,-68.7256,-118.1641,-208.0688,0.9160,,
DATA,A008,1,490,1385894,0.1627,0.1573,0.8973,-56.3965,-102.2949,-203.3691,0.9254,,
DATA,A008,1,491,1385904,0.2262,0.1841,0.8868,-50.6592,-95.9473,-200.8057,0.9336,,
DATA,A008,1,492,1385914,0.2931,0.1878,0.9357,-48.1567,-97.6562,-194.7632,0.9983,,
DATA,A008,1,493,1385924,0.3400,0.1902,0.9108,-53.5278,-98.1445,-181.3965,0.9906,,
DATA,A008,1,494,1385934,0.3573,0.1348,0.8600,-60.3638,-92.3462,-177.1851,0.9410,,
DATA,A008,1,495,1385944,0.3454,0.0284,0.8558,-60.2417,-73.8525,-169.4946,0.9233,,
DATA,A008,1,496,1385954,0.3175,0.0110,0.8280,-53.1616,-59.5703,-162.7197,0.8869,,
DATA,A008,1,497,1385964,0.4262,-0.0561,0.9405,-42.1143,-49.5605,-139.9536,1.0341,,
DATA,A008,1,498,1385974,0.3878,0.0455,0.8656,-31.0669,-56.4575,-127.1362,0.9496,,
DATA,A008,1,499,1385984,0.4003,0.1685,0.8004,-29.9072,-87.4023,-105.7129,0.9106,,
DATA,A008,1,500,1385994,0.5463,0.2071,0.8732,-38.5132,-112.3657,-99.1821,1.0506,,
DATA,A008,1,501,1386004,0.6371,0.1663,0.8807,-52.9785,-111.8164,-86.6699,1.0997,,
DATA,A008,1,502,1386014,0.6434,0.0494,0.8295,-58.3496,-78.3691,-78.3691,1.0509,,
DATA,A008,1,503,1386024,0.6183,-0.0275,0.8588,-44.1284,-34.4849,-74.2798,1.0585,,
DATA,A008,1,504,1386034,0.6288,0.0193,0.9059,-31.9214,-5.1880,-60.7910,1.1029,,
DATA,A008,1,505,1386044,0.4891,0.0709,0.9762,-28.7476,25.4517,-48.3398,1.0942,,
DATA,A008,1,506,1386054,0.3944,0.0626,0.9603,-32.5317,44.1895,-49.0723,1.0400,,
DATA,A008,1,507,1386064,0.3251,0.0189,0.8900,-35.7056,44.1895,-50.2319,0.9477,,
DATA,A008,1,508,1386074,0.1281,-0.1393,0.7215,3.4180,78.3081,-52.6123,0.7460,,
DATA,A008,1,509,1386084,0.0495,-0.0742,0.9354,74.3408,-13.4888,-36.4990,0.9397,,
DATA,A008,1,510,1386094,-0.2081,0.0093,0.8712,25.5737,4.6997,-24.4141,0.8958,,
DATA,A008,1,511,1386104,0.1976,0.1129,0.9913,33.2642,-28.3203,-46.3257,1.0171,,
DATA,A008,1,512,1386114,0.2506,0.1580,1.0106,6.2256,-29.2969,-56.6406,1.0531,,
DATA,A008,1,513,1386124,0.2623,-0.0766,0.9569,-23.0103,9.8877,-61.2793,0.9952,,
DATA,A008,1,514,1386134,0.3729,-0.0842,0.9757,-8.4839,31.5552,-54.1992,1.0479,,
DATA,A008,1,515,1386144,0.2506,-0.0698,0.9676,9.2163,61.7676,-55.8472,1.0020,,
DATA,A008,1,516,1386154,0.2426,-0.0351,0.9398,8.6060,61.9507,-49.6826,0.9712,,
DATA,A008,1,517,1386164,0.1129,0.0284,0.9423,-0.4272,65.3076,-46.8140,0.9494,,
DATA,A008,1,518,1386174,0.0668,0.0950,0.9388,-4.8828,63.1714,-49.9878,0.9460,,
DATA,A008,1,519,1386184,0.0238,0.1580,0.9545,-32.7759,63.9038,-54.6875,0.9677,,
DATA,A008,1,520,1386194,0.0363,-0.1105,0.9537,-34.1187,47.1191,-56.3354,0.9608,,
DATA,A008,1,521,1386204,0.1664,-0.0634,0.9860,-13.6719,22.3389,-52.0630,1.0019,,
DATA,A008,1,522,1386214,0.2020,-0.0378,0.9418,-14.9536,27.4048,-55.2979,0.9639,,
DATA,A008,1,523,1386224,0.1908,-0.1071,0.8802,-8.4229,17.9443,-45.8374,0.9070,,
DATA,A008,1,524,1386234,0.1876,-0.0544,0.8382,-1.2817,9.7046,-36.6821,0.8607,,
DATA,A008,1,525,1386244,0.1918,0.0320,0.8780,-1.5869,-1.8311,-27.6489,0.8993,,
DATA,A008,1,526,1386254,0.2033,0.0001,0.9418,-8.9722,-6.4087,-20.3857,0.9634,,
DATA,A008,1,527,1386264,0.2011,-0.0038,1.0194,-13.3667,-9.3384,-14.5874,1.0390,,
DATA,A008,1,528,1386274,0.1632,-0.0234,1.0682,-7.2632,-5.6763,-14.7705,1.0809,,
DATA,A008,1,529,1386284,0.1906,-0.0363,1.1029,-2.5635,-3.0518,-15.9912,1.1198,,
DATA,A008,1,530,1386294,0.1537,-0.0847,1.0546,5.7373,5.5542,-22.1558,1.0691,,
DATA,A008,1,531,1386304,0.1264,-0.0031,1.0353,11.5356,5.6152,-33.4473,1.0430,,
DATA,A008,1,532,1386314,0.2155,0.1185,1.0016,-1.6479,17.7612,-28.8696,1.0313,,
DATA,A008,1,533,1386324,0.1627,-0.0195,1.0099,-7.2632,25.2075,-12.5732,1.0231,,
DATA,A008,1,534,1386334,0.1447,0.0118,1.0516,-2.9297,8.6060,-12.7563,1.0616,,
DATA,A008,1,535,1386344,0.1564,0.0272,1.0431,-2.5024,9.5825,-14.4653,1.0551,,
DATA,A008,1,536,1386354,0.0766,-0.0104,1.0111,-2.1973,3.2959,-27.0386,1.0140,,
DATA,A008,1,537,1386364,0.0641,0.0867,0.9618,6.2866,-13.0005,-29.6631,0.9678,,
DATA,A008,1,538,1386374,0.1591,0.0999,0.8829,10.5591,-35.2173,-30.2734,0.9027,,
DATA,A008,1,539,1386384,0.2050,0.0250,0.8539,22.8271,-41.3208,-19.7144,0.8785,,
DATA,A008,1,540,1386394,0.2887,-0.0187,0.9430,14.7095,-48.7671,-43.5181,0.9864,,
DATA,A008,1,541,1386404,0.3109,-0.0676,0.9376,15.4419,-36.6821,-49.1943,0.9901,,
DATA,A008,1,542,1386414,0.3231,-0.0590,0.9879,1.5869,-16.0522,-69.5190,1.0411,,
DATA,A008,1,543,1386424,0.2658,-0.0163,0.9842,-1.1597,-6.2256,-71.6553,1.0196,,
DATA,A008,1,544,1386434,0.2572,-0.0097,1.0121,-0.7935,5.6152,-61.2793,1.0443,,
DATA,A008,1,545,1386444,0.2238,-0.0217,1.0282,-0.6104,10.9863,-52.9175,1.0525,,
DATA,A008,1,546,1386454,0.1896,0.0128,0.9996,2.0142,10.6201,-42.9077,1.0175,,
DATA,A008,1,547,1386464,0.2594,-0.0104,0.9908,3.0518,12.0850,-32.0435,1.0243,,
DATA,A008,1,548,1386474,0.2099,0.0013,0.9010,4.2725,21.4233,-32.6538,0.9251,,
DATA,A008,1,549,1386484,0.2460,0.0386,0.8988,3.4180,26.5503,-34.3018,0.9326,,
DATA,A008,1,550,1386494,0.1952,0.1517,0.9525,1.7700,41.0156,-33.1421,0.9841,,
DATA,A008,1,551,1386504,0.1286,0.2400,0.9178,0.3662,43.5181,-34.5459,0.9574,,
DATA,A008,1,552,1386514,0.2279,0.0692,0.8849,4.0894,50.3540,-30.5786,0.9164,,
DATA,A008,1,553,1386524,0.1923,0.0479,0.8800,4.5776,57.0679,-33.5693,0.9020,,
DATA,A008,1,554,1386534,0.1610,0.0350,0.9017,2.9297,55.6641,-37.2314,0.9167,,
DATA,A008,1,555,1386544,0.1901,0.0399,0.9137,3.2349,56.4575,-34.7900,0.9341,,
DATA,A008,1,556,1386554,0.1561,0.0220,0.9757,2.1973,59.9976,-34.9731,0.9884,,
DATA,A008,1,557,1386564,0.0861,0.0425,1.0370,4.3335,58.7769,-32.1655,1.0414,,
DATA,A008,1,558,1386574,0.0849,0.0140,1.0270,4.8828,59.8755,-30.7007,1.0306,,
DATA,A008,1,559,1386584,0.0619,0.0474,1.0250,5.1880,59.8755,-31.6162,1.0280,,
DATA,A008,1,560,1386594,0.0761,0.0340,1.0245,5.6763,59.1431,-30.7617,1.0279,,
DATA,A008,1,561,1386604,0.0868,0.0145,0.9923,6.0425,59.1431,-27.6489,0.9962,,
DATA,A008,1,562,1386614,0.0924,0.0110,1.0026,7.8125,62.6831,-25.3296,1.0069,,
DATA,A008,1,563,1386624,0.0851,0.0308,0.9923,10.4980,64.7583,-23.9868,0.9964,,
DATA,A008,1,564,1386634,0.0919,0.0311,0.9940,12.3901,68.0542,-23.0713,0.9987,,
DATA,A008,1,565,1386644,0.0502,0.0633,1.0162,14.6484,72.3877,-20.7520,1.0194,,
DATA,A008,1,566,1386654,0.0289,-0.0178,1.0719,12.5122,74.2798,-20.5078,1.0724,,
DATA,A008,1,567,1386664,-0.0050,0.0525,0.9928,17.2729,73.2422,-14.0381,0.9942,,
DATA,A008,1,568,1386674,-0.0047,0.0577,0.9720,17.7002,65.6128,-9.4604,0.9738,,
DATA,A008,1,569,1386684,0.0162,0.0552,0.9269,18.8599,53.8330,-9.5215,0.9287,,
DATA,A008,1,570,1386694,0.0009,0.0626,0.9259,17.9443,48.2788,-8.9722,0.9280,,
DATA,A008,1,571,1386704,-0.0231,0.0858,0.9476,15.7471,41.6870,-10.5591,0.9518,,
DATA,A008,1,572,1386714,-0.0375,0.1004,0.9567,13.6108,38.0859,-10.6812,0.9626,,
DATA,A008,1,573,1386724,-0.0436,0.0753,0.9381,11.5356,31.3110,-11.4746,0.9421,,
DATA,A008,1,574,1386734,-0.0411,0.1126,0.9720,11.5967,28.6255,-13.7329,0.9794,,
DATA,A008,1,575,1386744,-0.0050,0.1014,1.0196,9.9487,31.9824,-14.5874,1.0247,,
DATA,A008,1,576,1386754,-0.0040,0.1099,1.0423,10.2539,34.6069,-17.4561,1.0481,,
DATA,A008,1,577,1386764,-0.0482,0.1255,1.0499,11.5356,30.2734,-20.4468,1.0585,,
DATA,A008,1,578,1386774,-0.0885,0.1067,1.0409,12.5122,18.6157,-20.2637,1.0501,,
DATA,A008,1,579,1386784,-0.1214,0.1321,1.0404,17.0288,-5.3711,-16.4185,1.0558,,
DATA,A008,1,580,1386794,-0.0426,0.0533,1.0050,19.3481,-17.9443,-13.9771,1.0073,,
DATA,A008,1,581,1386804,0.0885,-0.1433,1.1171,21.8506,-20.2637,-11.9019,1.1297,,
DATA,A008,1,582,1386814,0.0763,0.0316,1.1083,21.6675,-14.8315,-12.3901,1.1113,,
DATA,A008,1,583,1386824,0.1093,0.0433,1.1351,20.0195,-3.2349,-10.8032,1.1412,,
DATA,A008,1,584,1386834,0.0536,0.0401,1.0936,19.9585,1.7090,-9.3994,1.0957,,
DATA,A008,1,585,1386844,0.0446,0.0706,1.0709,17.7612,5.1880,-11.0474,1.0742,,
DATA,A008,1,586,1386854,0.0243,0.0804,1.0743,15.5029,7.9956,-11.1084,1.0776,,
DATA,A008,1,587,1386864,0.0311,0.0628,1.0951,11.3525,9.9487,-12.3901,1.0973,,
DATA,A008,1,588,1386874,0.0294,0.0540,1.1183,8.6670,11.4136,-13.1226,1.1200,,
DATA,A008,1,589,1386884,0.0575,0.0523,1.1503,2.6855,12.6953,-11.7798,1.1529,,
DATA,A008,1,590,1386894,0.0927,0.0369,1.1590,-1.4038,13.6719,-8.8501,1.1633,,
DATA,A008,1,591,1386904,0.0831,0.0525,1.1180,-8.4839,12.6953,-5.8594,1.1224,,
EVENT,A008,1,,1386910,,,,,,,,STOP,591
EVENT,A008,2,,1401794,,,,,,,,START,
DATA,A008,2,1,1401817,0.0827,0.1475,0.6132,26.0010,13.9160,92.4072,0.6360,,
DATA,A008,2,2,1401827,0.0731,0.0211,0.5475,33.7524,-28.3203,119.1406,0.5527,,
DATA,A008,2,3,1401837,0.2741,-0.1816,0.3378,37.7808,-74.7681,156.1279,0.4713,,
DATA,A008,2,4,1401847,0.4723,-0.2475,0.2064,40.3442,-88.5010,175.5981,0.5718,,
DATA,A008,2,5,1401857,0.4645,-0.1076,0.0629,12.2681,-93.3228,177.1851,0.4809,,
DATA,A008,2,6,1401867,0.6808,0.2889,-0.0275,69.2139,27.4048,245.7275,0.7401,,
DATA,A008,2,7,1401877,1.6132,1.5460,-0.7921,66.3452,42.9077,244.4458,2.3706,,
DATA,A008,2,8,1401887,1.2658,1.0396,0.0841,96.9849,-13.7939,257.3853,1.6401,,
DATA,A008,2,9,1401897,1.0082,0.4510,0.2757,69.8242,203.2471,191.0400,1.1384,,
DATA,A008,2,10,1401907,0.6964,0.2115,0.3197,70.8618,287.2314,200.7446,0.7949,,
DATA,A008,2,11,1401917,0.3646,0.1226,0.5172,95.0317,369.8120,253.6011,0.6446,,
DATA,A008,2,12,1401927,0.0946,0.3057,0.6302,117.7979,387.5732,276.9775,0.7068,,
DATA,A008,2,13,1401937,-0.1600,0.6861,0.8353,112.8540,417.9688,280.0293,1.0927,,
DATA,A008,2,14,1401947,-0.2853,0.8592,0.9076,84.7168,426.0254,275.5127,1.2819,,
DATA,A008,2,15,1401957,-0.4542,0.8040,0.8126,15.8691,444.1528,263.8550,1.2301,,
DATA,A008,2,16,1401967,-0.6332,0.6341,0.6620,-21.0571,458.5571,257.8735,1.1141,,
DATA,A008,2,17,1401977,-0.9877,0.3943,0.4435,-50.2319,466.7969,247.3755,1.1522,,
DATA,A008,2,18,1401987,-1.2286,0.3177,0.3666,-55.7861,458.3740,234.1309,1.3209,,
DATA,A008,2,19,1401997,-1.4945,0.3799,0.4537,-55.6641,417.5415,202.1484,1.6074,,
DATA,A008,2,20,1402007,-1.5648,0.5538,0.5179,-54.1992,383.2397,170.8374,1.7388,,
DATA,A008,2,21,1402017,-1.5531,0.7493,0.5257,-57.0068,346.4966,138.1226,1.8028,,
DATA,A008,2,22,1402027,-1.4410,0.9578,0.5033,-74.6460,306.9458,97.8394,1.8020,,
DATA,A008,2,23,1402037,-1.2538,0.9761,0.4376,-99.4263,297.9736,65.0635,1.6481,,
DATA,A008,2,24,1402047,-1.1483,0.8939,0.4188,-110.5957,293.8232,50.9033,1.5143,,
DATA,A008,2,25,1402057,-1.1005,0.7938,0.4332,-115.0513,281.5552,43.0298,1.4243,,
DATA,A008,2,26,1402067,-1.1515,0.6695,0.4257,-116.8823,255.6152,35.6445,1.3983,,
DATA,A008,2,27,1402077,-1.1930,0.6065,0.4466,-112.5488,232.5439,27.5879,1.4109,,
DATA,A008,2,28,1402087,-1.3270,0.6319,0.4342,-94.6045,180.8472,21.1182,1.5326,,
DATA,A008,2,29,1402097,-1.3710,0.7154,0.4684,-79.0405,143.3716,13.6719,1.6158,,
DATA,A008,2,30,1402107,-1.3104,0.9014,0.5052,-56.8237,77.2705,3.2959,1.6688,,
DATA,A008,2,31,1402117,-1.2455,1.0064,0.5255,-52.0020,29.7852,-0.4272,1.6853,,
DATA,A008,2,32,1402127,-1.1200,1.0601,0.5817,-53.0396,-22.8271,-8.7891,1.6482,,
DATA,A008,2,33,1402137,-1.0531,1.0316,0.5709,-54.1992,-47.5464,-13.6719,1.5808,,
DATA,A008,2,34,1402147,-0.9320,0.9183,0.5978,-46.9971,-64.5142,-20.1416,1.4385,,
DATA,A008,2,35,1402157,-0.8453,0.8414,0.6254,-34.6680,-66.3452,-23.0713,1.3467,,
DATA,A008,2,36,1402167,-0.7494,0.7508,0.6842,-15.9302,-61.8896,-26.4282,1.2623,,
DATA,A008,2,37,1402177,-0.6922,0.6956,0.8082,-4.8218,-58.8379,-28.5645,1.2713,,
DATA,A008,2,38,1402187,-0.6752,0.7105,0.8568,3.6621,-58.4106,-26.3672,1.3018,,
DATA,A008,2,39,1402197,-0.6483,0.7049,0.8566,4.0283,-60.9741,-24.3530,1.2849,,
DATA,A008,2,40,1402207,-0.5846,0.7068,0.6869,0.9155,-57.9224,-17.5781,1.1459,,
DATA,A008,2,41,1402217,-0.5218,0.6583,0.5382,-1.3428,-52.4292,-11.3525,0.9976,,
DATA,A008,2,42,1402227,-0.4332,0.5782,0.3124,7.5684,-31.6162,0.3052,0.7871,,
DATA,A008,2,43,1402237,-0.4330,0.5860,0.2762,25.5737,-18.9209,6.6528,0.7792,,
DATA,A008,2,44,1402247,-0.5521,0.7757,0.3658,63.2324,-11.1084,12.5122,1.0200,,
DATA,A008,2,45,1402257,-0.6940,0.9732,0.3859,77.2705,-4.2114,10.6812,1.2560,,
DATA,A008,2,46,1402267,-0.8871,1.1858,0.4525,71.0449,-5.8594,3.7842,1.5485,,
DATA,A008,2,47,1402277,-1.0279,1.2420,0.3539,54.2603,-9.2773,-3.7842,1.6506,,
DATA,A008,2,48,1402287,-1.0953,1.1778,0.1422,34.0576,-13.2446,-22.3389,1.6147,,
DATA,A008,2,49,1402297,-1.0758,1.1436,0.0858,39.9780,-18.9209,-33.2031,1.5724,,
DATA,A008,2,50,1402307,-0.9234,1.2161,0.0021,61.2793,-15.7471,-51.6968,1.5270,,
DATA,A008,2,51,1402317,-0.7794,1.2874,-0.0067,71.1670,-16.9067,-62.0117,1.5050,,
DATA,A008,2,52,1402327,-0.6019,1.3209,0.0267,72.4487,-15.5029,-70.9839,1.4518,,
DATA,A008,2,53,1402337,-0.5096,1.2520,0.0441,68.8477,-7.0190,-78.1860,1.3525,,
DATA,A008,2,54,1402347,-0.3880,1.0750,0.0885,66.7725,20.1416,-90.6982,1.1463,,
DATA,A008,2,55,1402357,-0.3746,0.9515,0.1293,72.0825,37.5366,-96.4355,1.0307,,
DATA,A008,2,56,1402367,-0.4166,0.8797,0.1161,78.5522,50.6592,-101.0132,0.9803,,
DATA,A008,2,57,1402377,-0.5460,0.8741,0.0895,83.6182,61.1572,-106.8115,1.0345,,
DATA,A008,2,58,1402387,-0.5914,0.9124,0.0570,81.2378,52.4292,-110.2905,1.0888,,
DATA,A008,2,59,1402397,-0.5458,0.9954,0.1212,66.2842,29.7852,-107.5439,1.1417,,
DATA,A008,2,60,1402407,-0.4745,1.0052,0.2311,44.2505,19.0430,-106.6895,1.1353,,
DATA,A008,2,61,1402417,-0.4308,0.8548,0.3771,5.8594,29.7852,-103.5767,1.0288,,
DATA,A008,2,62,1402427,-0.3685,0.7051,0.4371,-12.1460,45.5322,-103.3325,0.9078,,
DATA,A008,2,63,1402437,-0.5565,0.5679,0.4127,-27.6489,50.9644,-94.9707,0.8959,,
DATA,A008,2,64,1402447,-0.7728,0.5230,0.4364,-36.3159,43.7012,-93.2617,1.0302,,
DATA,A008,2,65,1402457,-0.9625,0.5413,0.4828,-51.2085,-2.6245,-91.0645,1.2052,,
DATA,A008,2,66,1402467,-0.9691,0.6063,0.4925,-63.0493,-46.8750,-82.2144,1.2447,,
DATA,A008,2,67,1402477,-0.7889,0.7000,0.4449,-87.4634,-104.9194,-64.8193,1.1447,,
DATA,A008,2,68,1402487,-0.5936,0.7005,0.4354,-102.6001,-128.0518,-54.1992,1.0162,,
DATA,A008,2,69,1402497,-0.4254,0.5767,0.4535,-114.0747,-124.1455,-39.7339,0.8481,,
DATA,A008,2,70,1402507,-0.4567,0.4647,0.4840,-110.8398,-99.4263,-34.4238,0.8116,,
DATA,A008,2,71,1402517,-0.5809,0.3462,0.5641,-92.2852,-61.6455,-30.9448,0.8806,,
DATA,A008,2,72,1402527,-0.7042,0.3387,0.6349,-81.4209,-57.7393,-24.9023,1.0068,,
DATA,A008,2,73,1402537,-0.9105,0.4056,0.7902,-77.2705,-79.3457,-15.2588,1.2720,,
DATA,A008,2,74,1402547,-1.0760,0.4661,0.9313,-82.0923,-115.1123,-10.3149,1.4975,,
DATA,A008,2,75,1402557,-1.2521,0.5272,0.9852,-96.4355,-214.7827,2.8687,1.6782,,
DATA,A008,2,76,1402567,-1.2296,0.4869,0.8697,-106.4453,-297.7905,20.2026,1.5829,,
DATA,A008,2,77,1402577,-0.8736,0.3743,0.8033,-106.8115,-400.8789,38.3301,1.2445,,
DATA,A008,2,78,1402587,-0.4794,0.3182,0.8141,-98.5107,-438.6597,43.3350,0.9969,,
DATA,A008,2,79,1402597,0.0470,0.2471,0.8546,-86.5479,-428.8330,50.9033,0.8909,,
DATA,A008,2,80,1402607,0.2064,0.2044,0.9012,-72.7539,-391.6626,56.8848,0.9469,,
DATA,A008,2,81,1402617,0.2704,0.1951,0.9747,-45.4102,-307.9224,63.0493,1.0302,,
DATA,A008,2,82,1402627,0.2814,0.2293,1.0409,-29.9683,-245.7886,65.3687,1.1024,,
DATA,A008,2,83,1402637,0.2147,0.2493,1.0885,-16.2964,-158.6304,65.0635,1.1371,,
DATA,A008,2,84,1402647,0.0873,0.2205,1.1112,-8.4839,-114.1968,63.9038,1.1362,,
DATA,A008,2,85,1402657,-0.0328,0.1932,1.2298,6.0425,-64.6973,61.8286,1.2454,,
DATA,A008,2,86,1402667,-0.0419,0.2200,1.3395,12.3291,-39.4897,59.3872,1.3581,,
DATA,A008,2,87,1402677,-0.0848,0.2293,1.3612,9.4604,-10.3760,56.2744,1.3830,,
DATA,A008,2,88,1402687,-0.1522,0.2403,1.3028,7.5073,0.2441,56.5186,1.3335,,
DATA,A008,2,89,1402697,-0.2052,0.2684,1.2472,10.4980,0.9155,57.0679,1.2921,,
DATA,A008,2,90,1402707,-0.2118,0.3187,1.1710,15.4419,-5.0659,56.4575,1.2319,,
DATA,A008,2,91,1402717,-0.1561,0.3299,1.1415,15.6250,-6.7749,54.9927,1.1984,,
DATA,A008,2,92,1402727,-0.0431,0.3416,1.1412,15.1367,-0.8545,57.1289,1.1920,,
DATA,A008,2,93,1402737,0.0133,0.3592,1.1339,15.9912,7.0801,59.1431,1.1895,,
DATA,A008,2,94,1402747,0.0556,0.4066,1.0875,17.3950,25.5737,59.0820,1.1624,,
DATA,A008,2,95,1402757,0.0634,0.4283,1.0455,18.1885,38.6353,58.6548,1.1316,,
DATA,A008,2,96,1402767,0.0031,0.4385,1.0062,17.5171,54.5044,57.5562,1.0976,,
DATA,A008,2,97,1402777,-0.0238,0.4341,0.9823,14.8926,64.0869,56.3965,1.0742,,
DATA,A008,2,98,1402787,-0.0465,0.3858,0.9449,10.2539,67.1997,57.8613,1.0217,,
DATA,A008,2,99,1402797,-0.0755,0.3592,0.9388,9.5825,64.4531,62.8052,1.0080,,
DATA,A008,2,100,1402807,-0.1302,0.3836,1.0170,13.1226,58.8379,66.2842,1.0947,,
DATA,A008,2,101,1402817,-0.1661,0.4344,1.0799,12.5732,57.8613,66.6504,1.1758,,
DATA,A008,2,102,1402827,-0.2504,0.4983,1.0897,5.1880,58.0444,64.5142,1.2241,,
DATA,A008,2,103,1402837,-0.2787,0.4883,1.0707,-2.2583,57.0068,61.2793,1.2093,,
DATA,A008,2,104,1402847,-0.2645,0.4173,1.0648,-10.7422,50.7812,57.6172,1.1738,,
DATA,A008,2,105,1402857,-0.2579,0.3795,1.0846,-12.4512,46.4478,56.7017,1.1776,,
DATA,A008,2,106,1402867,-0.2994,0.4014,1.1285,-13.3667,46.1426,55.5420,1.2347,,
DATA,A008,2,107,1402877,-0.3302,0.4407,1.0726,-17.7612,49.6826,51.7578,1.2057,,
DATA,A008,2,108,1402887,-0.3656,0.4197,1.0482,-28.5645,55.4810,44.9829,1.1868,,
DATA,A008,2,109,1402897,-0.3800,0.3946,1.0685,-35.0952,59.6313,43.2129,1.2007,,
DATA,A008,2,110,1402907,-0.3993,0.3299,1.0580,-45.8984,66.4673,41.2598,1.1779,,
DATA,A008,2,111,1402917,-0.4086,0.2855,1.0421,-53.2227,71.8384,37.4756,1.1552,,
DATA,A008,2,112,1402927,-0.4061,0.2435,0.9696,-62.8052,76.3550,34.1797,1.0790,,
DATA,A008,2,113,1402937,-0.4393,0.2132,0.9152,-68.8477,73.1812,32.6538,1.0373,,
DATA,A008,2,114,1402947,-0.4711,0.1663,0.8666,-76.7212,65.7349,24.5361,1.0002,,
DATA,A008,2,115,1402957,-0.4737,0.1522,0.8558,-80.0171,58.4106,18.7988,0.9900,,
DATA,A008,2,116,1402967,-0.4476,0.1536,0.8627,-84.6558,54.0161,9.2163,0.9839,,
DATA,A008,2,117,1402977,-0.4005,0.1392,0.8834,-89.3555,61.3403,-2.6855,0.9799,,
DATA,A008,2,118,1402987,-0.3507,0.0762,0.8993,-95.5200,96.8018,-22.2168,0.9682,,
DATA,A008,2,119,1402997,-0.3514,0.0252,0.8783,-96.6797,128.3569,-34.9121,0.9463,,
DATA,A008,2,120,1403007,-0.3412,-0.0432,0.8221,-93.4448,177.3071,-56.3354,0.8912,,
DATA,A008,2,121,1403017,-0.3436,-0.0595,0.7460,-85.8154,214.4775,-71.9604,0.8235,,
DATA,A008,2,122,1403027,-0.3666,-0.0331,0.6898,-69.5190,267.4561,-94.7876,0.7819,,
DATA,A008,2,123,1403037,-0.4176,0.0057,0.6588,-57.6172,301.6968,-107.2388,0.7800,,
DATA,A008,2,124,1403047,-0.5895,0.0169,0.5734,-42.1753,354.7363,-128.0518,0.8225,,
DATA,A008,2,125,1403057,-0.7257,-0.0202,0.4916,-32.4707,387.6953,-144.9585,0.8767,,
DATA,A008,2,126,1403067,-0.8631,-0.0832,0.4127,-20.5688,415.2832,-162.1094,0.9603,,
DATA,A008,2,127,1403077,-1.0028,-0.1774,0.2687,7.5684,443.1152,-180.9082,1.0532,,
DATA,A008,2,128,1403087,-1.0316,-0.2070,0.1952,32.7148,445.2515,-186.2793,1.0701,,
DATA,A008,2,129,1403097,-1.0716,-0.1765,0.1371,72.5098,420.8374,-181.4575,1.0947,,
DATA,A008,2,130,1403107,-1.0755,-0.1020,0.1354,96.2524,393.9209,-177.7954,1.0888,,
DATA,A008,2,131,1403117,-1.0338,0.0081,0.1483,117.8589,341.8579,-174.8657,1.0444,,
DATA,A008,2,132,1403127,-0.9916,0.0540,0.1539,124.3896,303.2837,-166.9312,1.0049,,
DATA,A008,2,133,1403137,-0.9288,0.0738,0.2230,127.3193,238.3423,-147.3999,0.9581,,
DATA,A008,2,134,1403147,-0.8966,0.0713,0.2611,126.8311,192.6270,-132.7515,0.9366,,
DATA,A008,2,135,1403157,-0.8251,0.0733,0.3094,125.4272,124.1455,-110.6567,0.8842,,
DATA,A008,2,136,1403167,-0.7613,0.1024,0.3246,125.3052,83.4961,-94.9707,0.8339,,
DATA,A008,2,137,1403177,-0.6730,0.1719,0.3397,125.4272,30.3345,-71.0449,0.7732,,
DATA,A008,2,138,1403187,-0.6415,0.2127,0.3780,124.5728,6.0425,-55.6641,0.7744,,
DATA,A008,2,139,1403197,-0.6630,0.2969,0.4850,122.1313,-20.7520,-36.2549,0.8734,,
DATA,A008,2,140,1403207,-0.7037,0.3565,0.6112,116.5161,-37.9639,-24.1699,0.9979,,
DATA,A008,2,141,1403217,-0.7767,0.4390,0.6971,101.5015,-71.1670,-4.8828,1.1323,,
DATA,A008,2,142,1403227,-0.7352,0.4463,0.6974,85.9985,-95.9473,2.0752,1.1073,,
DATA,A008,2,143,1403237,-0.5380,0.3594,0.6556,59.0820,-128.9673,7.1411,0.9211,,
DATA,A008,2,144,1403247,-0.3712,0.2813,0.6573,47.7295,-130.7373,9.2163,0.8056,,
DATA,A008,2,145,1403257,-0.1935,0.2137,0.6713,45.4102,-97.3511,15.4419,0.7305,,
DATA,A008,2,146,1403267,-0.2240,0.2386,0.7696,51.2085,-49.7437,19.5923,0.8363,,
DATA,A008,2,147,1403277,-0.4708,0.4503,0.9996,62.3779,54.0771,14.3433,1.1932,,
DATA,A008,2,148,1403287,-0.6568,0.6346,1.0668,61.4624,118.4082,10.3149,1.4043,,
DATA,A008,2,149,1403297,-0.9701,0.8157,1.0895,39.0625,167.8467,17.3950,1.6714,,
DATA,A008,2,150,1403307,-1.1734,0.8287,1.0294,14.9536,162.9028,24.2920,1.7673,,
DATA,A008,2,151,1403317,-1.4054,0.6553,0.8617,-22.8271,98.0225,28.8086,1.7740,,
DATA,A008,2,152,1403327,-1.4418,0.4610,0.7377,-40.8936,29.6631,28.1372,1.6838,,
DATA,A008,2,153,1403337,-1.3490,0.2142,0.5983,-47.4854,-80.9937,25.0854,1.4912,,
DATA,A008,2,154,1403347,-1.1864,0.1475,0.5582,-41.3208,-139.2212,21.6675,1.3194,,
DATA,A008,2,155,1403357,-0.9105,0.1485,0.5345,-26.3672,-187.0728,20.1416,1.0662,,
DATA,A008,2,156,1403367,-0.7572,0.1710,0.5233,-17.0898,-194.2139,21.7896,0.9362,,
DATA,A008,2,157,1403377,-0.6297,0.1856,0.5465,-9.8877,-184.2041,22.6440,0.8542,,
DATA,A008,2,158,1403387,-0.5257,0.1749,0.5773,-1.2207,-154.8462,25.7568,0.8001,,
DATA,A008,2,159,1403397,-0.4972,0.1636,0.5958,5.4932,-134.0942,29.3579,0.7931,,
DATA,A008,2,160,1403407,-0.4186,0.1507,0.5575,15.5640,-105.6519,38.7573,0.7132,,
DATA,A008,2,161,1403417,-0.3627,0.1446,0.5719,21.7896,-93.5059,45.2271,0.6924,,
DATA,A008,2,162,1403427,-0.3136,0.1929,0.5367,28.9307,-70.6177,50.9033,0.6509,,
DATA,A008,2,163,1403437,-0.4068,0.2098,0.6017,30.8838,-55.6030,54.5654,0.7560,,
DATA,A008,2,164,1403447,-0.8478,0.2820,0.7823,34.0576,-27.2217,59.3872,1.1876,,
DATA,A008,2,165,1403457,-1.0907,0.3638,0.8566,33.2031,-27.8931,60.7910,1.4338,,
DATA,A008,2,166,1403467,-1.1078,0.4942,0.8597,18.7988,-87.5244,81.1768,1.4868,,
DATA,A008,2,167,1403477,-1.0604,0.5538,0.8605,-2.2583,-146.4844,94.4824,1.4736,,
DATA,A008,2,168,1403487,-1.0275,0.4861,0.8236,-37.8418,-197.0215,84.8389,1.4037,,
DATA,A008,2,169,1403497,-0.8588,0.3685,0.6940,-49.1943,-206.4819,74.4629,1.1640,,
DATA,A008,2,170,1403507,-0.5719,0.2518,0.7250,-43.5181,-211.7920,83.2520,0.9571,,
DATA,A008,2,171,1403517,-0.4496,0.2703,0.7748,-35.4004,-187.1948,85.1440,0.9357,,
DATA,A008,2,172,1403527,-0.3573,0.2999,0.8131,-26.1230,-125.5493,71.4111,0.9374,,
DATA,A008,2,173,1403537,-0.3729,0.3138,0.8168,-20.0195,-81.1768,66.8335,0.9511,,
DATA,A008,2,174,1403547,-0.5333,0.3528,0.7662,-8.5449,-43.8232,63.1714,0.9980,,
DATA,A008,2,175,1403557,-0.6053,0.3629,0.7721,-3.7842,-38.5742,55.6641,1.0460,,
DATA,A008,2,176,1403567,-0.6171,0.3421,0.7792,-4.3945,-45.7153,46.1426,1.0511,,
DATA,A008,2,177,1403577,-0.5897,0.3052,0.8043,-5.6763,-52.0020,39.7949,1.0430,,
DATA,A008,2,178,1403587,-0.5653,0.2615,0.8827,-2.4414,-51.8799,31.1890,1.0803,,
DATA,A008,2,179,1403597,-0.5345,0.2576,0.8949,1.3428,-49.9268,28.3813,1.0737,,
DATA,A008,2,180,1403607,-0.4410,0.2830,0.8783,5.9204,-53.2837,28.2593,1.0227,,
DATA,A008,2,181,1403617,-0.3595,0.2811,0.8922,6.0425,-54.8706,28.9307,1.0021,,
DATA,A008,2,182,1403627,-0.2894,0.2623,0.9117,4.8828,-45.8374,29.1138,0.9919,,
DATA,A008,2,183,1403637,-0.2801,0.2515,0.9349,5.5542,-38.1470,27.8320,1.0079,,
DATA,A008,2,184,1403647,-0.2765,0.2681,0.9647,7.6904,-30.2124,30.1514,1.0387,,
DATA,A008,2,185,1403657,-0.2770,0.2869,0.9715,6.4697,-27.4658,34.2407,1.0502,,
DATA,A008,2,186,1403667,-0.2804,0.2784,0.9916,1.9531,-20.7520,38.2690,1.0674,,
DATA,A008,2,187,1403677,-0.2826,0.2701,1.0091,-1.4038,-12.8174,39.4897,1.0822,,
DATA,A008,2,188,1403687,-0.2904,0.2542,1.0441,-5.4321,-1.2817,41.2598,1.1131,,
DATA,A008,2,189,1403697,-0.3224,0.2664,1.0797,-6.8359,4.9438,42.5415,1.1579,,
DATA,A008,2,190,1403707,-0.3492,0.2962,1.0851,-8.9722,9.3384,42.7246,1.1777,,
DATA,A008,2,191,1403717,-0.3710,0.3133,1.0599,-14.2212,9.7046,43.0908,1.1659,,
DATA,A008,2,192,1403727,-0.3612,0.2916,1.0643,-18.3716,7.5073,44.0063,1.1611,,
DATA,A008,2,193,1403737,-0.3326,0.2615,1.0882,-23.6206,3.0518,45.7153,1.1676,,
DATA,A008,2,194,1403747,-0.3319,0.2464,1.0968,-26.6113,-0.9155,46.8140,1.1721,,
DATA,A008,2,195,1403757,-0.3734,0.2545,1.1178,-29.2358,-6.8970,47.9126,1.2057,,
DATA,A008,2,196,1403767,-0.3800,0.2650,1.1014,-32.8369,-8.9722,47.2412,1.1949,,
DATA,A008,2,197,1403777,-0.3775,0.2127,1.0658,-40.8936,-9.3994,46.5088,1.1505,,
DATA,A008,2,198,1403787,-0.3868,0.1585,1.0282,-43.8843,-4.8218,47.7905,1.1099,,
DATA,A008,2,199,1403797,-0.4554,0.0572,0.9806,-44.5557,0.9766,47.3022,1.0827,,
DATA,A008,2,200,1403807,-0.4723,0.0064,0.9867,-46.0815,7.3853,46.3867,1.0939,,
DATA,A008,2,201,1403817,-0.5145,-0.0358,1.0245,-49.0112,11.6577,42.5415,1.1470,,
DATA,A008,2,202,1403827,-0.5541,-0.0217,1.0673,-49.6826,7.9346,40.4053,1.2027,,
DATA,A008,2,203,1403837,-0.6266,0.0267,1.0189,-52.3071,-5.5542,34.1797,1.1964,,
DATA,A008,2,204,1403847,-0.6437,0.0308,0.9530,-55.4199,-16.6626,24.4141,1.1504,,
DATA,A008,2,205,1403857,-0.6283,-0.0295,0.8868,-59.8755,-29.5410,13.7939,1.0872,,
DATA,A008,2,206,1403867,-0.5589,-0.0805,0.8268,-61.8286,-31.7993,7.2021,1.0012,,
DATA,A008,2,207,1403877,-0.5358,-0.1335,0.8116,-60.7910,-27.2827,-3.2959,0.9816,,
DATA,A008,2,208,1403887,-0.5367,-0.1430,0.8092,-57.9834,-14.4653,-10.0708,0.9815,,
DATA,A008,2,209,1403897,-0.5690,-0.1418,0.8131,-52.1240,4.0894,-21.2402,1.0025,,
DATA,A008,2,210,1403907,-0.5958,-0.1340,0.8390,-48.0347,14.3433,-30.6396,1.0377,,
DATA,A008,2,211,1403917,-0.6136,-0.1083,0.8724,-41.5039,32.0435,-46.8750,1.0721,,
DATA,A008,2,212,1403927,-0.5755,-0.0810,0.8541,-37.9639,44.0063,-58.1665,1.0331,,
DATA,A008,2,213,1403937,-0.5189,-0.0505,0.8041,-33.2031,65.3076,-73.2422,0.9583,,
DATA,A008,2,214,1403947,-0.4872,-0.0502,0.7425,-29.6021,84.7778,-83.4351,0.8895,,
DATA,A008,2,215,1403957,-0.4518,-0.0854,0.6717,-23.2544,122.9858,-95.8862,0.8140,,
DATA,A008,2,216,1403967,-0.4613,-0.1176,0.6608,-16.8457,151.5503,-104.0649,0.8144,,
DATA,A008,2,217,1403977,-0.5267,-0.1149,0.6864,-1.3428,202.3926,-120.7275,0.8728,,
DATA,A008,2,218,1403987,-0.5802,-0.0722,0.7179,10.9253,238.7085,-132.9956,0.9258,,
DATA,A008,2,219,1403997,-0.6664,0.0054,0.6930,25.6348,285.9497,-146.4844,0.9614,,
DATA,A008,2,220,1404007,-0.7164,0.0257,0.6383,32.4707,308.5327,-151.6724,0.9599,,
DATA,A008,2,221,1404017,-0.7975,-0.0017,0.5174,40.8936,325.7446,-155.2124,0.9506,,
DATA,A008,2,222,1404027,-0.8680,-0.0485,0.4086,47.9126,329.2847,-156.6162,0.9606,,
DATA,A008,2,223,1404037,-0.9271,-0.1340,0.3033,63.7817,333.9233,-158.3252,0.9846,,
DATA,A008,2,224,1404047,-0.8741,-0.1704,0.2867,78.3081,332.1533,-154.7241,0.9356,,
DATA,A008,2,225,1404057,-0.7630,-0.1174,0.3492,106.5674,316.4673,-139.2212,0.8473,,
DATA,A008,2,226,1404067,-0.7472,-0.0207,0.4403,124.6338,301.3306,-128.1128,0.8675,,
DATA,A008,2,227,1404077,-0.7640,0.1089,0.5199,135.5591,287.9639,-119.2627,0.9305,,
DATA,A008,2,228,1404087,-0.8190,0.2642,0.5441,133.1787,255.2490,-105.7739,1.0181,,
DATA,A008,2,229,1404097,-0.9037,0.2989,0.5148,123.0469,220.9473,-93.1396,1.0821,,
DATA,A008,2,230,1404107,-0.9957,0.2493,0.5314,107.7881,159.0576,-75.1343,1.1558,,
DATA,A008,2,231,1404117,-1.0304,0.2210,0.5604,102.2339,108.0933,-62.4390,1.1936,,
DATA,A008,2,232,1404127,-0.9601,0.2276,0.5912,98.3276,28.0762,-43.6401,1.1502,,
DATA,A008,2,233,1404137,-0.8478,0.2647,0.6075,96.3745,-24.2920,-31.6162,1.0760,,
DATA,A008,2,234,1404147,-0.6490,0.3331,0.6273,89.9658,-85.5103,-15.1367,0.9621,,
DATA,A008,2,235,1404157,-0.5253,0.3631,0.6227,83.3740,-109.4971,-5.9204,0.8919,,
DATA,A008,2,236,1404167,-0.4689,0.3892,0.6857,75.1343,-122.7417,4.3335,0.9173,,
DATA,A008,2,237,1404177,-0.4803,0.4290,0.7150,72.5098,-112.3047,6.4087,0.9623,,
DATA,A008,2,238,1404187,-0.4969,0.4798,0.7115,71.2891,-96.1914,11.5356,0.9917,,
DATA,A008,2,239,1404197,-0.5170,0.4996,0.7311,71.7163,-91.4307,18.5547,1.0253,,
DATA,A008,2,240,1404207,-0.4899,0.5240,0.7447,69.6411,-91.6748,28.0762,1.0340,,
DATA,A008,2,241,1404217,-0.4144,0.5325,0.7809,64.3311,-98.3276,34.4849,1.0320,,
DATA,A008,2,242,1404227,-0.2389,0.5665,0.9576,51.4526,-74.8901,31.9824,1.1380,,
DATA,A008,2,243,1404237,-0.1061,0.5694,0.9864,42.7246,-27.2217,25.0854,1.1439,,
DATA,A008,2,244,1404247,-0.1549,0.5479,0.8758,37.4146,39.8560,31.3110,1.0447,,
DATA,A008,2,245,1404257,-0.4222,0.5418,0.7811,42.1753,70.8008,40.7104,1.0402,,
DATA,A008,2,246,1404267,-0.8517,0.5511,0.7101,48.5229,71.7163,42.8467,1.2382,,
DATA,A008,2,247,1404277,-1.1407,0.5674,0.7259,46.6309,20.0806,39.9780,1.4664,,
DATA,A008,2,248,1404287,-1.3180,0.5355,0.7755,29.7852,-64.5752,32.0435,1.6202,,
DATA,A008,2,249,1404297,-1.1659,0.4793,0.8553,16.0522,-124.1455,26.2451,1.5234,,
DATA,A008,2,250,1404307,-0.7364,0.3870,0.8832,3.9673,-178.5889,31.7993,1.2133,,
DATA,A008,2,251,1404317,-0.4772,0.3113,0.8622,2.1362,-182.7393,37.2314,1.0334,,
DATA,A008,2,252,1404327,-0.2552,0.2735,0.8270,9.8267,-157.1045,43.8232,0.9077,,
DATA,A008,2,253,1404337,-0.1832,0.2647,0.7775,14.4043,-128.8452,47.2412,0.8415,,
DATA,A008,2,254,1404347,-0.2499,0.2432,0.6512,18.1885,-84.7778,46.3257,0.7387,,
DATA,A008,2,255,1404357,-0.4242,0.2012,0.6569,22.1558,-51.9409,40.1001,0.8074,,
DATA,A008,2,256,1404367,-0.8429,0.1534,0.7084,33.7524,-28.5645,37.3535,1.1116,,
DATA,A008,2,257,1404377,-0.9823,0.1744,0.8063,42.2363,-42.2974,39.0015,1.2827,,
DATA,A008,2,258,1404387,-0.9984,0.2488,0.9066,44.4946,-87.4634,43.5181,1.3714,,
DATA,A008,2,259,1404397,-0.7965,0.3819,0.8832,31.4941,-159.3018,47.4854,1.2491,,
DATA,A008,2,260,1404407,-0.6490,0.3946,0.8492,18.0054,-197.2656,44.2505,1.1394,,
DATA,A008,2,261,1404417,-0.4530,0.3397,0.9711,9.1553,-185.1196,32.4097,1.1241,,
DATA,A008,2,262,1404427,-0.1883,0.2640,1.0089,4.3945,-125.4272,23.3154,1.0597,,
DATA,A008,2,263,1404437,-0.1991,0.2332,0.9447,6.6528,-82.5806,30.3955,0.9932,,
DATA,A008,2,264,1404447,-0.3204,0.2169,0.8817,14.1602,-48.2178,35.6445,0.9629,,
DATA,A008,2,265,1404457,-0.4469,0.2466,0.9369,21.1182,-38.6963,37.0483,1.0669,,
DATA,A008,2,266,1404467,-0.4210,0.2986,0.9991,17.8223,-40.9546,32.9590,1.1246,,
DATA,A008,2,267,1404477,-0.3729,0.2806,0.9252,3.8452,-46.3257,32.3486,1.0362,,
DATA,A008,2,268,1404487,-0.3827,0.2437,0.8863,2.5024,-48.2788,34.6069,0.9957,,
DATA,A008,2,269,1404497,-0.4088,0.2317,0.8473,8.8501,-60.1196,38.1470,0.9689,,
DATA,A008,2,270,1404507,-0.3800,0.2332,0.8536,10.0708,-69.2139,40.4053,0.9630,,
DATA,A008,2,271,1404517,-0.2975,0.2212,0.8905,9.2163,-80.1392,42.4805,0.9646,,
DATA,A008,2,272,1404527,-0.2403,0.2217,0.9142,8.9722,-78.1860,43.8843,0.9709,,
DATA,A008,2,273,1404537,-0.1778,0.2454,0.9935,9.6436,-64.5752,47.3022,1.0387,,
DATA,A008,2,274,1404547,-0.1800,0.2818,1.0499,9.5825,-51.8799,49.9268,1.1019,,
DATA,A008,2,275,1404557,-0.2384,0.3387,1.0863,6.8970,-29.3579,50.5371,1.1626,,
DATA,A008,2,276,1404567,-0.3136,0.3626,1.1168,4.2725,-18.8599,49.8657,1.2154,,
DATA,A008,2,277,1404577,-0.3973,0.3953,1.1534,-0.0610,-10.0098,51.2085,1.2824,,
DATA,A008,2,278,1404587,-0.4078,0.4114,1.1395,-4.6997,-11.9629,51.6357,1.2783,,
DATA,A008,2,279,1404597,-0.3644,0.3858,1.1144,-13.4888,-16.0522,50.7812,1.2343,,
DATA,A008,2,280,1404607,-0.3358,0.3521,1.0824,-17.8223,-15.4419,48.8281,1.1867,,
DATA,A008,2,281,1404617,-0.2762,0.3060,1.1000,-21.9116,-6.1035,46.5698,1.1747,,
DATA,A008,2,282,1404627,-0.2628,0.3082,1.1366,-24.2920,2.0142,47.0581,1.2066,,
DATA,A008,2,283,1404637,-0.3011,0.3345,1.1254,-29.7852,16.5405,45.8984,1.2120,,
DATA,A008,2,284,1404647,-0.3644,0.3509,1.1534,-34.7900,24.5972,43.3960,1.2595,,
DATA,A008,2,285,1404657,-0.4686,0.4009,1.1583,-43.6401,31.2500,39.9170,1.3123,,
DATA,A008,2,286,1404667,-0.5084,0.4097,1.1078,-52.6123,31.3721,37.4146,1.2859,,
DATA,A008,2,287,1404677,-0.5228,0.3397,1.0372,-65.9180,25.2075,34.7900,1.2102,,
DATA,A008,2,288,1404687,-0.5231,0.2772,1.0265,-71.1670,18.5547,34.5459,1.1849,,
DATA,A008,2,289,1404697,-0.4903,0.2501,1.0402,-75.7446,10.6812,32.9590,1.1768,,
DATA,A008,2,290,1404707,-0.4647,0.2523,1.0553,-79.2236,5.7373,31.3110,1.1803,,
DATA,A008,2,291,1404717,-0.4845,0.2659,1.0001,-85.0220,1.9531,28.3813,1.1427,,
DATA,A008,2,292,1404727,-0.5294,0.2613,0.9623,-87.9517,1.0986,22.4609,1.1289,,
DATA,A008,2,293,1404737,-0.5536,0.2339,0.9437,-91.0645,-0.5493,15.5029,1.1188,,
DATA,A008,2,294,1404747,-0.6390,0.1280,0.8470,-92.1631,-12.1460,4.8828,1.0687,,
DATA,A008,2,295,1404757,-0.6708,0.0879,0.8358,-83.0078,-23.8037,-8.6060,1.0753,,
DATA,A008,2,296,1404767,-0.7005,0.1036,0.8402,-65.1855,-49.2554,-28.8696,1.0988,,
DATA,A008,2,297,1404777,-0.7213,0.1226,0.8307,-57.8613,-70.0073,-44.0063,1.1069,,
DATA,A008,2,298,1404787,-0.6244,0.1585,0.9027,-46.5698,-100.7690,-68.2983,1.1090,,
DATA,A008,2,299,1404797,-0.5047,0.2037,0.9288,-39.4287,-113.8916,-80.3833,1.0766,,
DATA,A008,2,300,1404807,-0.2577,0.2488,0.8632,-35.2783,-115.7227,-95.4590,0.9345,,
DATA,A008,2,301,1404817,-0.1075,0.2320,0.8229,-35.5225,-106.9336,-100.4639,0.8617,,
DATA,A008,2,302,1404827,0.0141,0.1553,0.8385,-34.5459,-76.3550,-102.3560,0.8529,,
DATA,A008,2,303,1404837,0.0529,0.1104,0.8732,-31.9214,-46.3257,-102.0508,0.8817,,
DATA,A008,2,304,1404847,0.0289,0.0933,0.9081,-24.1699,-4.2725,-99.5483,0.9133,,
DATA,A008,2,305,1404857,-0.0272,0.1114,0.9203,-21.3013,16.6626,-95.2148,0.9274,,
DATA,A008,2,306,1404867,-0.0987,0.0989,0.9632,-24.3530,35.2173,-90.2710,0.9733,,
DATA,A008,2,307,1404877,-0.1026,0.0689,0.9672,-27.0996,41.2598,-89.5996,0.9750,,
DATA,A008,2,308,1404887,-0.0465,0.0350,0.9650,-29.8462,54.6265,-89.4775,0.9667,,
DATA,A008,2,309,1404897,0.0053,0.0120,0.9591,-31.4331,70.4346,-88.9282,0.9592,,
DATA,A008,2,310,1404907,0.0470,-0.0458,0.9562,-32.7148,111.6333,-90.2710,0.9584,,
DATA,A008,2,311,1404917,0.0778,-0.0761,0.9762,-31.0669,149.4141,-94.6045,0.9822,,
DATA,A008,2,312,1404927,0.1364,-0.1176,0.9571,-25.9399,223.8159,-103.5156,0.9739,,
DATA,A008,2,313,1404937,0.1466,-0.1506,0.8795,-19.7754,276.8555,-109.1919,0.9043,,
DATA,A008,2,314,1404947,0.0814,-0.2246,0.6986,-2.1362,354.7363,-115.1123,0.7383,,
DATA,A008,2,315,1404957,-0.0484,-0.2670,0.5619,15.3809,400.5127,-118.5303,0.6240,,
DATA,A008,2,316,1404967,-0.3519,-0.3259,0.3548,45.7153,459.7168,-127.2583,0.5966,,
DATA,A008,2,317,1404977,-0.4459,-0.3654,0.3204,66.4673,490.3564,-131.0425,0.6596,,
DATA,A008,2,318,1404987,-0.4576,-0.3400,0.4567,103.0273,503.5400,-121.5820,0.7305,,
DATA,A008,2,319,1404997,-0.4425,-0.2517,0.5353,125.8545,497.6807,-109.5581,0.7387,,
DATA,A008,2,320,1405007,-0.4090,-0.1079,0.5465,143.4326,477.7222,-90.1489,0.6911,,
DATA,A008,2,321,1405017,-0.4130,-0.0539,0.5402,143.6157,453.3081,-72.8760,0.6821,,
DATA,A008,2,322,1405027,-0.5463,-0.0195,0.5194,136.8408,402.3438,-39.1846,0.7540,,
DATA,A008,2,323,1405037,-0.6590,-0.0017,0.5306,132.8125,368.6523,-18.4326,0.8461,,
DATA,A008,2,324,1405047,-0.7911,0.0372,0.4833,129.3945,309.3262,7.5684,0.9278,,
DATA,A008,2,325,1405057,-0.8607,0.0865,0.3780,124.6948,269.8364,25.4517,0.9440,,
DATA,A008,2,326,1405067,-0.9134,0.1202,0.2609,119.3237,235.1074,40.4663,0.9575,,
DATA,A008,2,327,1405077,-0.9813,0.1973,0.2233,119.5679,179.7485,57.0068,1.0255,,
DATA,A008,2,328,1405087,-1.0226,0.3358,0.2799,126.2817,147.8882,65.7959,1.1121,,
DATA,A008,2,329,1405097,-1.1249,0.6043,0.3627,127.3804,96.0693,70.0073,1.3274,,
DATA,A008,2,330,1405107,-1.2660,0.7464,0.3370,116.7603,46.7529,71.4111,1.5078,,
DATA,A008,2,331,1405117,-1.4049,0.8150,0.3546,88.5010,-28.3203,69.5801,1.6624,,
DATA,A008,2,332,1405127,-1.3585,0.7930,0.4164,71.5942,-79.8950,66.5894,1.6272,,
DATA,A008,2,333,1405137,-1.1395,0.7247,0.4777,46.8750,-142.3340,58.6548,1.4324,,
DATA,A008,2,334,1405147,-0.9491,0.6793,0.4940,33.4473,-151.6113,50.1099,1.2674,,
DATA,A008,2,335,1405157,-0.6068,0.6087,0.6329,23.1323,-125.2441,39.9780,1.0674,,
DATA,A008,2,336,1405167,-0.6266,0.5545,0.5458,19.1040,-109.1309,42.8467,0.9990,,
DATA,A008,2,337,1405177,-1.0118,0.4468,0.4430,22.4609,-94.5435,38.2690,1.1915,,
DATA,A008,2,338,1405187,-1.2032,0.4261,0.4322,30.2734,-114.1968,29.0527,1.3476,,
DATA,A008,2,339,1405197,-1.1324,0.4625,0.3893,27.9541,-181.5186,30.0903,1.2837,,
DATA,A008,2,340,1405207,-0.9742,0.4688,0.3600,19.9585,-221.0693,36.0718,1.1395,,
DATA,A008,2,341,1405217,-0.6893,0.4373,0.3651,14.5874,-242.1875,38.1470,0.8943,,
DATA,A008,2,342,1405227,-0.5526,0.4097,0.4054,18.1274,-236.8164,39.3677,0.7985,,
DATA,A008,2,343,1405237,-0.4379,0.4012,0.4549,28.5645,-205.2002,41.3208,0.7481,,
DATA,A008,2,344,1405247,-0.4310,0.4083,0.4979,35.5835,-183.3496,41.0767,0.7748,,
DATA,A008,2,345,1405257,-0.4811,0.4249,0.5314,43.2129,-169.1284,46.2646,0.8332,,
DATA,A008,2,346,1405267,-0.4547,0.4373,0.5445,43.7622,-173.1567,51.2695,0.8334,,
DATA,A008,2,347,1405277,-0.3717,0.4854,0.6097,38.3301,-162.9028,54.5044,0.8635,,
DATA,A008,2,348,1405287,-0.3334,0.5164,0.7369,33.8135,-129.0894,44.1284,0.9596,,
DATA,A008,2,349,1405297,-0.5074,0.5733,0.8065,32.5928,-69.4580,35.7056,1.1120,,
DATA,A008,2,350,1405307,-0.6559,0.6107,0.7755,32.2876,-55.1147,40.9546,1.1851,,
DATA,A008,2,351,1405317,-0.7823,0.6338,0.7421,22.2168,-76.8433,47.6074,1.2508,,
DATA,A008,2,352,1405327,-0.8214,0.6343,0.8898,11.1084,-92.6514,42.4194,1.3670,,
DATA,A008,2,353,1405337,-0.6398,0.6636,0.9532,-5.7373,-90.8203,23.6816,1.3260,,
DATA,A008,2,354,1405347,-0.5538,0.6385,0.8798,-18.1274,-86.8530,23.1934,1.2200,,
DATA,A008,2,355,1405357,-0.4640,0.5447,0.8002,-22.1558,-58.0444,28.3203,1.0734,,
DATA,A008,2,356,1405367,-0.3954,0.5272,0.7340,-18.1274,-55.7251,30.6396,0.9864,,
DATA,A008,2,357,1405377,-0.4310,0.4896,0.6254,-18.3716,-66.4673,34.9121,0.9036,,
DATA,A008,2,358,1405387,-0.4352,0.4769,0.7235,-17.5781,-67.9932,29.4189,0.9697,,
DATA,A008,2,359,1405397,-0.3995,0.4654,0.6766,-17.0898,-57.4341,26.6724,0.9133,,
DATA,A008,2,360,1405407,-0.3951,0.4549,0.7152,-13.0615,-55.7251,31.3110,0.9352,,
DATA,A008,2,361,1405417,-0.3126,0.5555,0.8534,-2.6245,-51.6357,33.5693,1.0652,,
DATA,A008,2,362,1405427,-0.2909,0.6158,0.8829,-6.4697,-46.6309,37.8418,1.1151,,
DATA,A008,2,363,1405437,-0.2347,0.6214,0.9491,-18.6157,-41.6260,39.5508,1.1584,,
DATA,A008,2,364,1405447,-0.1981,0.6041,0.9757,-24.2310,-43.2739,41.4429,1.1645,,
DATA,A008,2,365,1405457,-0.1651,0.5799,0.9642,-27.9541,-43.0908,43.8843,1.1372,,
DATA,A008,2,366,1405467,-0.1280,0.5174,0.9347,-31.7993,-28.1982,43.0908,1.0760,,
DATA,A008,2,367,1405477,-0.1366,0.4525,0.8964,-33.0811,-14.0381,42.9077,1.0133,,
DATA,A008,2,368,1405487,-0.2723,0.3509,0.8527,-28.7476,-1.2817,45.4102,0.9614,,
DATA,A008,2,369,1405497,-0.3680,0.3091,0.8280,-22.5830,-5.5542,45.3491,0.9574,,
DATA,A008,2,370,1405507,-0.4108,0.3306,0.8473,-12.9395,-26.4893,43.2129,0.9980,,
DATA,A008,2,371,1405517,-0.3605,0.3843,0.9396,-10.3149,-32.8369,40.1611,1.0772,,
DATA,A008,2,372,1405527,-0.2384,0.4683,1.0904,-13.7329,-19.7754,35.4614,1.2105,,
DATA,A008,2,373,1405537,-0.2567,0.4896,1.0460,-19.0430,-4.3945,36.0107,1.1831,,
DATA,A008,2,374,1405547,-0.3351,0.4649,1.0048,-22.6440,17.2729,30.8838,1.1567,,
DATA,A008,2,375,1405557,-0.3634,0.4317,1.0216,-23.3154,27.2827,30.2734,1.1671,,
DATA,A008,2,376,1405567,-0.3812,0.3848,1.0033,-27.4048,24.2310,32.8369,1.1402,,
DATA,A008,2,377,1405577,-0.3959,0.3565,0.9718,-30.3345,13.7329,34.4849,1.1082,,
DATA,A008,2,378,1405587,-0.3602,0.3470,0.9850,-30.4565,-2.3804,37.1704,1.1047,,
DATA,A008,2,379,1405597,-0.3055,0.3594,0.9918,-32.0435,-11.5356,38.7573,1.0983,,
DATA,A008,2,380,1405607,-0.2667,0.3514,0.9882,-38.0249,-15.9302,41.0156,1.0821,,
DATA,A008,2,381,1405617,-0.2689,0.3275,0.9967,-40.5884,-14.4653,43.2129,1.0830,,
DATA,A008,2,382,1405627,-0.3556,0.3052,1.0101,-41.0156,-12.8174,44.2505,1.1135,,
DATA,A008,2,383,1405637,-0.4693,0.3135,1.0165,-41.6260,-17.2729,45.9595,1.1627,,
DATA,A008,2,384,1405647,-0.6461,0.3707,1.0397,-45.7764,-36.6211,44.9829,1.2790,,
DATA,A008,2,385,1405657,-0.7738,0.4034,1.0189,-54.9927,-60.2417,41.5039,1.3415,,
DATA,A008,2,386,1405667,-0.8172,0.3638,1.0094,-70.5566,-100.2197,38.1470,1.3488,,
DATA,A008,2,387,1405677,-0.7418,0.3023,1.0018,-79.5288,-133.6060,37.1094,1.2827,,
DATA,A008,2,388,1405687,-0.5394,0.1780,0.9952,-91.7358,-177.0020,34.6069,1.1459,,
DATA,A008,2,389,1405697,-0.3849,0.0970,0.9952,-96.1914,-188.5986,32.5928,1.0715,,
DATA,A008,2,390,1405707,-0.2833,0.0445,0.9672,-94.6045,-179.4434,30.0903,1.0088,,
DATA,A008,2,391,1405717,-0.3028,0.0250,0.9813,-91.1865,-161.6821,27.4048,1.0273,,
DATA,A008,2,392,1405727,-0.3329,0.0723,1.0328,-85.6323,-137.6953,20.5688,1.0876,,
DATA,A008,2,393,1405737,-0.3094,0.1175,1.0345,-84.9609,-125.3052,12.3291,1.0862,,
DATA,A008,2,394,1405747,-0.2818,0.1446,1.0048,-85.5103,-110.1074,5.1880,1.0535,,
DATA,A008,2,395,1405757,-0.2318,0.1487,0.9786,-85.2661,-86.1816,-5.1880,1.0166,,
DATA,A008,2,396,1405767,-0.2047,0.1231,0.9733,-84.5947,-67.2607,-11.2305,1.0021,,
DATA,A008,2,397,1405777,-0.1747,0.0850,0.9791,-80.7495,-40.7715,-21.5454,0.9982,,
DATA,A008,2,398,1405787,-0.1852,0.0689,0.9789,-77.3926,-26.1841,-28.9307,0.9986,,
DATA,A008,2,399,1405797,-0.1608,0.0630,0.9425,-73.4863,-8.2397,-39.6729,0.9582,,
DATA,A008,2,400,1405807,-0.1036,0.0562,0.9066,-70.1904,-0.1831,-46.5088,0.9142,,
DATA,A008,2,401,1405817,0.0570,0.0525,0.8942,-65.2466,16.1133,-54.7485,0.8975,,
DATA,A008,2,402,1405827,0.1884,0.0428,0.9203,-64.1479,38.7573,-59.2651,0.9403,,
DATA,A008,2,403,1405837,0.3217,0.0003,0.9427,-62.3779,94.9097,-64.7583,0.9961,,
DATA,A008,2,404,1405847,0.3363,-0.0561,0.9337,-58.5327,145.2026,-68.4204,0.9940,,
DATA,A008,2,405,1405857,0.2609,-0.1345,0.8502,-45.7153,231.6895,-76.2329,0.8994,,
DATA,A008,2,406,1405867,0.1757,-0.1743,0.7789,-33.3862,287.0483,-83.9844,0.8173,,
DATA,A008,2,407,1405877,0.0490,-0.2316,0.6522,-10.0098,361.1450,-99.7314,0.6939,,
DATA,A008,2,408,1405887,-0.0150,-0.2587,0.5958,8.2397,400.5127,-110.5347,0.6497,,
DATA,A008,2,409,1405897,-0.1046,-0.2680,0.5140,35.9497,449.7070,-119.5068,0.5891,,
DATA,A008,2,410,1405907,-0.1708,-0.2570,0.4435,53.7109,476.5015,-122.7417,0.5403,,
DATA,A008,2,411,1405917,-0.2923,-0.2316,0.2787,77.2705,508.7891,-117.4927,0.4656,,
DATA,A008,2,412,1405927,-0.3656,-0.2338,0.1901,93.5669,521.3623,-111.2671,0.4738,,
DATA,A008,2,413,1405937,-0.4418,-0.2370,0.1588,120.1172,525.7568,-97.8394,0.5259,,
DATA,A008,2,414,1405947,-0.4796,-0.2143,0.2206,137.8784,514.2822,-85.1440,0.5697,,
DATA,A008,2,415,1405957,-0.6422,-0.0917,0.3097,158.0811,470.5811,-57.6172,0.7188,,
DATA,A008,2,416,1405967,-0.8409,0.0399,0.3597,163.8794,428.6499,-38.0249,0.9155,,
DATA,A008,2,417,1405977,-1.1300,0.2361,0.4115,157.8979,350.0366,-18.4326,1.2255,,
DATA,A008,2,418,1405987,-1.2525,0.3411,0.3961,145.4468,284.4849,-8.1787,1.3573,,
DATA,A008,2,419,1405997,-1.2110,0.4398,0.3859,127.8687,189.5142,5.4321,1.3450,,
DATA,A008,2,420,1406007,-1.0780,0.4783,0.3463,118.7744,138.7329,13.9160,1.2291,,
DATA,A008,2,421,1406017,-0.9296,0.5228,0.3661,115.7227,77.9419,34.0576,1.1275,,
DATA,A008,2,422,1406027,-0.8961,0.5958,0.4003,119.5068,51.6357,45.5933,1.1481,,
DATA,A008,2,423,1406037,-0.8846,0.7415,0.3773,119.4458,18.6157,51.3916,1.2144,,
DATA,A008,2,424,1406047,-0.8898,0.8055,0.3500,113.9526,-5.4321,53.8330,1.2502,,
DATA,A008,2,425,1406057,-0.8685,0.8245,0.3087,104.4312,-47.1191,60.7300,1.2367,,
DATA,A008,2,426,1406067,-0.8229,0.8013,0.3060,100.4639,-80.3223,63.0493,1.1886,,
DATA,A008,2,427,1406077,-0.7872,0.7586,0.3863,97.5342,-139.0991,66.7114,1.1595,,
DATA,A008,2,428,1406087,-0.8153,0.7779,0.5748,97.1069,-166.3208,65.1245,1.2650,,
DATA,A008,2,429,1406097,-0.8756,0.8704,0.9591,89.9658,-181.7017,51.6968,1.5634,,
DATA,A008,2,430,1406107,-1.0526,1.0242,1.3688,53.9551,-225.9521,34.6680,2.0076,,
DATA,A008,2,431,1406117,-1.0463,1.0469,1.3544,21.2402,-254.8218,36.6211,2.0062,,
DATA,A008,2,432,1406127,-0.6219,0.9578,1.2132,-17.2119,-263.4888,16.9067,1.6662,,
DATA,A008,2,433,1406137,-0.2882,0.8311,1.0333,-35.2783,-230.1025,4.1504,1.3570,,
DATA,A008,2,434,1406147,-0.1363,0.5577,0.7518,-44.3115,-144.5312,6.0425,0.9460,,
DATA,A008,2,435,1406157,-0.2252,0.3975,0.6319,-33.1421,-82.3975,0.4272,0.7798,,
DATA,A008,2,436,1406167,-0.4647,0.2986,0.6070,-2.0142,-11.1694,-16.1133,0.8208,,
DATA,A008,2,437,1406177,-0.5873,0.3196,0.6036,12.2070,9.0332,-22.3389,0.9008,,
DATA,A008,2,438,1406187,-0.6957,0.3878,0.6268,20.2026,4.3945,-23.2544,1.0135,,
DATA,A008,2,439,1406197,-0.7384,0.4307,0.6622,20.8740,-9.3994,-22.5220,1.0813,,
DATA,A008,2,440,1406207,-0.7118,0.4564,0.6996,17.9443,-40.8325,-16.9678,1.0974,,
DATA,A008,2,441,1406217,-0.6485,0.4608,0.7401,13.6719,-72.5098,-6.5308,1.0866,,
DATA,A008,2,442,1406227,-0.5060,0.4358,0.7652,3.2959,-115.8447,9.6436,1.0157,,
DATA,A008,2,443,1406237,-0.4105,0.3978,0.7535,-3.7231,-129.5166,16.3574,0.9458,,
DATA,A008,2,444,1406247,-0.3107,0.3443,0.7430,-5.9204,-117.0044,17.7612,0.8759,,
DATA,A008,2,445,1406257,-0.2848,0.3331,0.7604,-1.6479,-91.9189,16.2354,0.8776,,
DATA,A008,2,446,1406267,-0.3780,0.3631,0.7982,5.7373,-42.5415,16.4795,0.9549,,
DATA,A008,2,447,1406277,-0.5050,0.4051,0.8302,7.5073,-15.0757,16.2354,1.0528,,
DATA,A008,2,448,1406287,-0.7255,0.4444,0.8304,4.6387,-8.4839,16.8457,1.1889,,
DATA,A008,2,449,1406297,-0.7718,0.4632,0.8439,0.0610,-20.9961,17.2729,1.2338,,
DATA,A008,2,450,1406307,-0.6827,0.4595,0.8099,-9.5825,-60.9131,18.1274,1.1547,,
DATA,A008,2,451,1406317,-0.5589,0.4288,0.7933,-15.5029,-81.9092,18.9819,1.0610,,
DATA,A008,2,452,1406327,-0.3509,0.3787,0.7694,-18.4326,-87.7686,19.7754,0.9266,,
DATA,A008,2,453,1406337,-0.2516,0.3533,0.7833,-16.1743,-78.6133,20.7520,0.8954,,
DATA,A008,2,454,1406347,-0.2806,0.3487,0.8109,-10.8643,-54.6875,23.3154,0.9262,,
DATA,A008,2,455,1406357,-0.3788,0.3587,0.8214,-7.7515,-40.7715,26.1230,0.9731,,
DATA,A008,2,456,1406367,-0.4730,0.3731,0.7582,-5.3101,-47.6685,29.7241,0.9684,,
DATA,A008,2,457,1406377,-0.5167,0.3697,0.8380,-3.9673,-62.0117,32.4097,1.0516,,
DATA,A008,2,458,1406387,-0.4261,0.4332,0.9798,-2.2583,-66.1621,27.9541,1.1530,,
DATA,A008,2,459,1406397,-0.4386,0.4163,0.9308,-10.1318,-67.3828,28.8086,1.1100,,
DATA,A008,2,460,1406407,-0.4386,0.3907,0.9615,-10.6201,-61.5845,25.8789,1.1267,,
DATA,A008,2,461,1406417,-0.4000,0.4070,0.9569,-8.0566,-62.5610,24.2310,1.1142,,
DATA,A008,2,462,1406427,-0.3434,0.4290,0.9530,-9.0332,-54.5044,21.8506,1.1001,,
DATA,A008,2,463,1406437,-0.3080,0.4312,0.9195,-11.6577,-50.7812,19.4702,1.0613,,
DATA,A008,2,464,1406447,-0.2818,0.4058,0.9103,-12.6343,-48.7671,20.6909,1.0357,,
DATA,A008,2,465,1406457,-0.2384,0.4153,0.9029,-8.9722,-53.5889,24.5361,1.0221,,
DATA,A008,2,466,1406467,-0.2276,0.4356,0.8866,-7.6294,-55.4199,27.0386,1.0137,,
DATA,A008,2,467,1406477,-0.1725,0.4334,0.8617,-8.3008,-56.0913,30.6396,0.9798,,
DATA,A008,2,468,1406487,-0.1112,0.4144,0.8534,-7.9346,-56.2134,33.9355,0.9552,,
DATA,A008,2,469,1406497,-0.0282,0.3912,0.8548,-3.4790,-50.5371,38.8184,0.9405,,
DATA,A008,2,470,1406507,-0.0062,0.3838,0.8514,0.3662,-42.5415,41.1377,0.9340,,
DATA,A008,2,471,1406517,-0.0643,0.3721,0.8590,5.0659,-26.9775,42.6636,0.9383,,
DATA,A008,2,472,1406527,-0.1302,0.3738,0.8661,8.1177,-19.8975,43.6401,0.9523,,
DATA,A008,2,473,1406537,-0.1957,0.3943,0.9044,12.3901,-18.6157,44.2505,1.0059,,
DATA,A008,2,474,1406547,-0.2191,0.4202,0.9584,13.5498,-18.8599,44.0063,1.0691,,
DATA,A008,2,475,1406557,-0.2423,0.4576,1.0087,12.0239,-16.4185,40.4053,1.1338,,
DATA,A008,2,476,1406567,-0.2533,0.4625,1.0052,8.9111,-15.3198,39.1846,1.1351,,
DATA,A008,2,477,1406577,-0.2775,0.4454,0.9755,6.2256,-18.1274,38.8184,1.1076,,
DATA,A008,2,478,1406587,-0.2713,0.4454,0.9891,6.2256,-18.6768,38.5742,1.1182,,
DATA,A008,2,479,1406597,-0.2484,0.4581,0.9962,4.6387,-23.8647,39.7949,1.1243,,
DATA,A008,2,480,1406607,-0.2569,0.4744,1.0279,3.1128,-27.5879,41.0156,1.1609,,
DATA,A008,2,481,1406617,-0.2860,0.5313,1.0157,0.0000,-29.9072,38.2690,1.1814,,
DATA,A008,2,482,1406627,-0.3277,0.5467,0.9994,-2.9297,-33.3862,34.7290,1.1853,,
DATA,A008,2,483,1406637,-0.4562,0.5867,1.1276,-7.0190,-44.5557,31.2500,1.3504,,
DATA,A008,2,484,1406647,-0.5631,0.6570,1.1869,-11.4136,-56.2134,29.3579,1.4688,,
DATA,A008,2,485,1406657,-0.7447,0.7923,1.3617,-22.3389,-79.9561,17.8223,1.7426,,
DATA,A008,2,486,1406667,-0.8417,0.9031,1.4169,-34.7290,-89.7827,4.2725,1.8792,,
DATA,A008,2,487,1406677,-0.8172,0.9576,1.2826,-60.4858,-104.8584,-24.2310,1.7972,,
DATA,A008,2,488,1406687,-0.7281,0.9019,1.2245,-74.4629,-122.7417,-36.1938,1.6861,,
DATA,A008,2,489,1406697,-0.6070,0.8018,1.1691,-88.8672,-149.4751,-46.2646,1.5421,,
DATA,A008,2,490,1406707,-0.5201,0.7139,1.1346,-97.3511,-159.8511,-59.2041,1.4379,,
DATA,A008,2,491,1406717,-0.3487,0.5416,1.2137,-108.2764,-156.9214,-85.6323,1.3741,,
DATA,A008,2,492,1406727,-0.2367,0.4393,1.2628,-113.4033,-144.8364,-99.9756,1.3578,,
DATA,A008,2,493,1406737,-0.1451,0.2977,1.2726,-119.0796,-120.4834,-118.4082,1.3150,,
DATA,A008,2,494,1406747,-0.1053,0.2313,1.2491,-121.8872,-103.2715,-131.4697,1.2747,,
DATA,A008,2,495,1406757,-0.0445,0.1446,1.0655,-126.8311,-80.6885,-144.8364,1.0762,,
DATA,A008,2,496,1406767,-0.0084,0.0765,0.9486,-125.1831,-70.7397,-150.0244,0.9517,,
DATA,A008,2,497,1406777,0.0036,0.0308,0.8397,-118.4082,-65.2466,-152.4658,0.8403,,
DATA,A008,2,498,1406787,0.0663,0.0071,0.8197,-103.5156,-55.5420,-159.3018,0.8224,,
DATA,A008,2,499,1406797,0.1569,0.0237,0.8241,-96.2524,-52.0020,-164.7339,0.8392,,
DATA,A008,2,500,1406807,0.2289,0.0357,0.8902,-91.7969,-45.2271,-166.3818,0.9199,,
DATA,A008,2,501,1406817,0.2409,0.0396,0.9125,-90.0879,-33.2031,-169.3115,0.9446,,
DATA,A008,2,502,1406827,0.2399,0.0369,0.9188,-85.9985,-7.1411,-176.6968,0.9503,,
DATA,A008,2,503,1406837,0.2343,0.0240,0.8719,-80.9326,13.4277,-179.6265,0.9032,,
DATA,A008,2,504,1406847,0.2521,-0.0185,0.8414,-67.7490,42.2363,-184.5093,0.8786,,
DATA,A008,2,505,1406857,0.2294,-0.0439,0.8075,-57.3120,55.1147,-188.1714,0.8406,,
DATA,A008,2,506,1406867,0.1249,-0.0693,0.7091,-41.9312,62.0728,-187.6221,0.7233,,
DATA,A008,2,507,1406877,0.1037,-0.0646,0.6957,-31.4331,49.7437,-186.2793,0.7063,,
DATA,A008,2,508,1406887,0.0841,0.0132,0.7150,-21.7896,19.2261,-179.5044,0.7200,,
DATA,A008,2,509,1406897,0.1110,0.0472,0.7247,-21.7896,2.6245,-174.9878,0.7347,,
DATA,A008,2,510,1406907,0.2282,0.0494,0.7855,-22.7661,-16.6626,-167.6025,0.8195,,
DATA,A008,2,511,1406917,0.2477,0.0670,0.8419,-20.2026,-20.3857,-159.8511,0.8801,,
DATA,A008,2,512,1406927,0.2384,0.0877,0.8346,-19.2261,-18.0054,-148.6816,0.8724,,
DATA,A008,2,513,1406937,0.2172,0.0945,0.8475,-18.0664,-19.6533,-142.3950,0.8800,,
DATA,A008,2,514,1406947,0.7174,0.3155,0.5716,-13.9160,-18.3105,-126.0986,0.9701,,
DATA,A008,2,515,1406957,0.4247,0.2151,1.4608,44.7388,105.5298,79.8340,1.5364,,
DATA,A008,2,516,1406967,-0.1339,-0.5048,0.6454,-42.6636,25.1465,-219.4214,0.8302,,
DATA,A008,2,517,1406977,0.4620,-0.0114,0.9230,19.7144,-6.4697,-163.0249,1.0322,,
DATA,A008,2,518,1406987,0.2914,0.4254,0.9034,13.7329,42.7246,-57.1899,1.0402,,
DATA,A008,2,519,1406997,0.0382,0.0523,0.8546,-19.5312,31.3721,-106.6284,0.8571,,
DATA,A008,2,520,1407007,-0.0155,-0.1569,0.9247,-13.0615,13.0615,-95.8862,0.9380,,
DATA,A008,2,521,1407017,-0.0482,-0.0681,0.9603,9.7046,-10.9863,-72.2656,0.9639,,
DATA,A008,2,522,1407027,-0.1051,0.0499,0.8658,18.3716,-31.4331,-92.4683,0.8736,,
DATA,A008,2,523,1407037,-0.0902,0.0765,0.8446,24.5972,-43.2129,-114.0747,0.8528,,
DATA,A008,2,524,1407047,0.0097,0.1988,0.9281,26.1230,-70.3125,-97.2900,0.9492,,
DATA,A008,2,525,1407057,0.1000,0.1956,0.9376,13.7329,-82.4585,-84.2896,0.9630,,
DATA,A008,2,526,1407067,0.2809,0.0699,0.9862,5.9204,-79.2236,-89.2334,1.0278,,
DATA,A008,2,527,1407077,0.3180,0.0538,0.9982,4.5776,-65.2466,-88.1958,1.0490,,
DATA,A008,2,528,1407087,0.3268,0.0233,0.9278,2.9297,-33.2642,-83.8013,0.9840,,
DATA,A008,2,529,1407097,0.0917,0.1207,0.8846,27.3438,4.6387,-100.0977,0.8975,,
DATA,A008,2,530,1407107,0.5238,0.0574,1.0487,18.2495,3.3569,-79.4678,1.1736,,
DATA,A008,2,531,1407117,0.1542,-0.0829,0.9125,-3.2349,14.0381,-56.7017,0.9291,,
DATA,A008,2,532,1407127,0.0394,-0.0161,0.9449,15.0757,33.0200,-74.8901,0.9459,,
DATA,A008,2,533,1407137,0.0509,0.0858,0.9916,32.8979,0.1831,-78.7354,0.9966,,
DATA,A008,2,534,1407147,0.1308,0.1011,1.0055,27.2217,-19.4092,-80.5054,1.0190,,
DATA,A008,2,535,1407157,0.2440,0.1856,1.0121,20.9351,-12.6953,-79.3457,1.0575,,
DATA,A008,2,536,1407167,0.2484,0.1773,1.0445,14.5264,8.9722,-75.3174,1.0882,,
DATA,A008,2,537,1407177,0.1622,0.0960,1.0409,13.5498,24.5361,-65.1245,1.0578,,
DATA,A008,2,538,1407187,0.1329,0.1531,1.0817,19.9585,19.8364,-64.9414,1.1005,,
DATA,A008,2,539,1407197,0.1600,0.1487,1.0431,8.0566,21.1792,-59.6924,1.0657,,
DATA,A008,2,540,1407207,0.1913,0.1929,1.0272,1.3428,18.9819,-56.2134,1.0625,,
DATA,A008,2,541,1407217,0.2470,0.2408,0.9581,-13.1226,31.0669,-51.8188,1.0183,,
DATA,A008,2,542,1407227,0.2145,0.2344,0.9359,-17.6392,36.6211,-49.0723,0.9884,,
DATA,A008,2,543,1407237,0.1373,0.2042,0.9867,-19.9585,34.7900,-44.6167,1.0169,,
DATA,A008,2,544,1407247,0.0897,0.2129,1.0189,-17.8223,27.8931,-45.2271,1.0448,,
DATA,A008,2,545,1407257,0.0785,0.1732,1.0301,-5.8594,15.8081,-46.3257,1.0475,,
DATA,A008,2,546,1407267,0.0568,0.1375,1.0587,0.5493,8.6670,-48.8281,1.0691,,
DATA,A008,2,547,1407277,0.0714,0.1475,0.9906,2.8687,-3.9062,-58.2886,1.0041,,
DATA,A008,2,548,1407287,0.1256,0.1028,0.9545,1.0376,-6.9580,-62.9272,0.9682,,
DATA,A008,2,549,1407297,0.1012,0.0569,0.9408,-3.1128,-14.3433,-68.1763,0.9479,,
DATA,A008,2,550,1407307,0.1185,0.0679,0.9337,-5.4932,-21.3623,-70.2515,0.9436,,
DATA,A008,2,551,1407317,0.2216,0.1021,0.9466,-5.6763,-22.0337,-65.4907,0.9776,,
DATA,A008,2,552,1407327,0.2272,0.1082,0.9520,-4.3945,-19.1040,-57.9834,0.9847,,
DATA,A008,2,553,1407337,0.2604,0.0970,0.9281,-3.2349,-9.8267,-40.1611,0.9688,,
DATA,A008,2,554,1407347,0.2733,0.0831,0.9171,-1.0986,-5.9204,-30.4565,0.9606,,
DATA,A008,2,555,1407357,0.2218,0.0943,0.9298,2.0142,-0.7324,-26.6113,0.9605,,
DATA,A008,2,556,1407367,0.2118,0.1180,0.9637,4.0283,0.0610,-27.8931,0.9938,,
DATA,A008,2,557,1407377,0.1972,0.1143,0.9701,7.6294,2.5024,-28.5034,0.9965,,
DATA,A008,2,558,1407387,0.1598,0.1375,0.9310,11.1084,2.0752,-29.4189,0.9546,,
DATA,A008,2,559,1407397,0.1478,0.1695,0.8905,12.8174,2.1362,-32.1045,0.9185,,
DATA,A008,2,560,1407407,0.1356,0.1729,0.9181,12.3901,5.3711,-31.9214,0.9440,,
DATA,A008,2,561,1407417,0.1874,0.1529,0.9742,12.1460,17.4561,-28.3203,1.0038,,
DATA,A008,2,562,1407427,0.2023,0.1067,1.0099,12.0239,28.8086,-24.1699,1.0355,,
DATA,A008,2,563,1407437,0.0978,0.1177,1.0480,13.8550,36.8652,-25.5127,1.0591,,
DATA,A008,2,564,1407447,0.0827,0.1495,1.0423,14.6484,37.6587,-26.6113,1.0563,,
DATA,A008,2,565,1407457,0.0573,0.1468,1.0277,15.7471,36.0107,-22.0337,1.0397,,
DATA,A008,2,566,1407467,0.0436,0.1600,1.0416,17.0898,28.9917,-20.5078,1.0547,,
DATA,A008,2,567,1407477,0.0731,0.1727,0.9984,15.5640,26.3062,-20.7520,1.0159,,
DATA,A008,2,568,1407487,0.0990,0.1490,1.0006,11.0474,29.1748,-21.5454,1.0165,,
DATA,A008,2,569,1407497,0.0980,0.1443,0.9957,8.9722,31.5552,-25.2075,1.0109,,
DATA,A008,2,570,1407507,0.0939,0.1512,0.9877,6.7749,33.6914,-26.9775,1.0036,,
DATA,A008,2,571,1407517,0.0824,0.1517,1.0050,5.4321,33.4473,-26.1230,1.0197,,
DATA,A008,2,572,1407527,0.0485,0.1653,0.9935,5.6152,26.0010,-23.1323,1.0084,,
DATA,A008,2,573,1407537,0.0548,0.1539,0.9972,6.6528,16.1133,-18.3105,1.0105,,
DATA,A008,2,574,1407547,0.1112,0.1346,0.9877,8.9722,3.1128,-11.9629,1.0030,,
DATA,A008,2,575,1407557,0.1469,0.1536,0.9730,10.0098,-1.9531,-9.1553,0.9960,,
DATA,A008,2,576,1407567,0.2055,0.1490,1.0055,10.4370,-1.8311,-2.0142,1.0370,,
DATA,A008,2,577,1407577,0.2409,0.1478,1.0453,9.3384,3.7231,-0.0610,1.0828,,
EVENT,A008,2,,1407578,,,,,,,,STOP,577
EVENT,A008,3,,1413457,,,,,,,,START,
DATA,A008,3,1,1413480,0.2787,0.1338,0.9784,-10.1929,19.7754,10.1929,1.0261,,
DATA,A008,3,2,1413490,0.3270,0.1624,1.0228,-11.9019,27.8931,14.4043,1.0860,,
DATA,A008,3,3,1413500,0.3793,0.1265,1.0419,-12.8784,36.6821,19.4702,1.1159,,
DATA,A008,3,4,1413510,0.3651,0.0181,1.0726,-14.3433,59.9365,22.0337,1.1332,,
DATA,A008,3,5,1413520,0.2577,-0.0688,1.0519,-8.6060,72.2046,21.4844,1.0852,,
DATA,A008,3,6,1413530,0.1190,-0.0681,1.1424,13.0005,67.8101,23.1323,1.1506,,
DATA,A008,3,7,1413540,0.0997,-0.0190,1.1852,22.8882,55.1758,28.6255,1.1895,,
DATA,A008,3,8,1413550,0.0368,0.1378,1.2443,11.9019,26.7334,15.6250,1.2524,,
DATA,A008,3,9,1413560,0.1054,0.1758,1.2176,2.1362,-4.8828,10.0708,1.2348,,
DATA,A008,3,10,1413570,0.1015,0.0992,1.2211,-7.7515,-42.1753,9.7656,1.2293,,
DATA,A008,3,11,1413580,0.0849,0.0296,1.1446,-14.0991,-70.8618,-7.9346,1.1482,,
DATA,A008,3,12,1413590,0.1810,0.1358,1.1732,-8.8501,-118.6523,-15.1367,1.1948,,
DATA,A008,3,13,1413600,0.2553,0.2098,1.1400,-6.5918,-148.9868,-14.9536,1.1869,,
DATA,A008,3,14,1413610,0.5585,0.1114,1.0694,-0.3662,-183.3496,-9.8267,1.2116,,
DATA,A008,3,15,1413620,1.0790,0.0025,0.9193,25.2075,-148.3154,43.0908,1.4175,,
DATA,A008,3,16,1413630,1.0282,0.0247,0.9142,146.5454,-48.8281,63.4766,1.3761,,
DATA,A008,3,17,1413640,1.4957,0.3580,0.7679,157.1655,-26.5503,42.1753,1.7190,,
DATA,A008,3,18,1413650,0.9198,0.7225,1.0482,46.6919,56.5796,148.8647,1.5706,,
DATA,A008,3,19,1413660,0.7328,0.5533,0.9440,-35.0342,112.7930,129.1504,1.3169,,
DATA,A008,3,20,1413670,0.3881,0.0159,0.8297,-80.9326,90.6982,112.4268,0.9161,,
DATA,A008,3,21,1413680,0.2748,-0.1857,0.8209,-54.3213,73.6084,115.7227,0.8854,,
DATA,A008,3,22,1413690,0.2072,-0.1848,0.8343,-3.6621,18.0054,122.6807,0.8793,,
DATA,A008,3,23,1413700,0.2111,-0.1220,0.8444,4.8218,-8.7280,119.9951,0.8788,,
DATA,A008,3,24,1413710,0.2641,-0.0822,0.8527,0.6714,-34.9731,115.2344,0.8964,,
DATA,A008,3,25,1413720,0.2706,-0.0974,0.8924,3.6621,-40.1001,113.5864,0.9376,,
DATA,A008,3,26,1413730,0.2623,-0.0942,0.9127,13.8550,-38.5742,111.1450,0.9543,,
DATA,A008,3,27,1413740,0.2267,-0.0590,0.8898,32.7148,-26.5503,106.6895,0.9201,,
DATA,A008,3,28,1413750,0.1791,-0.0297,0.8573,42.9688,-17.9443,104.4922,0.8763,,
DATA,A008,3,29,1413760,0.0875,0.0174,0.8048,56.3354,-5.8594,99.4873,0.8097,,
DATA,A008,3,30,1413770,0.0531,0.0562,0.7943,66.0400,-0.9155,95.7642,0.7981,,
DATA,A008,3,31,1413780,0.0582,0.1436,0.7743,80.2612,-0.4883,90.3931,0.7896,,
DATA,A008,3,32,1413790,0.0748,0.2139,0.7753,88.5620,-0.2441,88.9893,0.8077,,
DATA,A008,3,33,1413800,0.0592,0.3484,0.7699,97.7783,8.5449,89.7217,0.8471,,
DATA,A008,3,34,1413810,0.0141,0.4334,0.7428,100.8301,23.9868,87.0361,0.8601,,
DATA,A008,3,35,1413820,-0.0753,0.5152,0.7152,103.1494,46.6309,79.4067,0.8847,,
DATA,A008,3,36,1413830,-0.1280,0.5682,0.7015,105.2246,52.6733,78.3081,0.9118,,
DATA,A008,3,37,1413840,-0.2145,0.6502,0.6859,107.9102,41.3818,79.3457,0.9691,,
DATA,A008,3,38,1413850,-0.2123,0.7046,0.7198,109.5581,27.2827,75.5005,1.0294,,
DATA,A008,3,39,1413860,-0.1962,0.8484,0.8397,108.6426,1.9531,67.6270,1.2097,,
DATA,A008,3,40,1413870,-0.1678,0.9534,0.8651,101.3184,-6.9580,56.4575,1.2983,,
DATA,A008,3,41,1413880,-0.0758,1.0145,0.8829,80.6885,-7.3853,39.0625,1.3470,,
DATA,A008,3,42,1413890,0.0104,0.9744,0.8429,64.2700,-2.0752,30.8228,1.2884,,
DATA,A008,3,43,1413900,0.1207,0.8411,0.9198,45.2881,9.2163,17.6392,1.2522,,
DATA,A008,3,44,1413910,0.1073,0.7957,1.0697,36.8652,14.3433,10.9253,1.3375,,
DATA,A008,3,45,1413920,-0.0848,0.7603,1.0399,15.0757,15.5640,0.0610,1.2910,,
DATA,A008,3,46,1413930,-0.0575,0.6885,1.0113,1.2817,1.7700,-10.0708,1.2248,,
DATA,A008,3,47,1413940,0.1864,0.6133,0.9938,-7.9346,-25.5127,-7.1411,1.1826,,
DATA,A008,3,48,1413950,0.3204,0.5621,0.9718,-13.5498,-26.2451,-2.2583,1.1675,,
DATA,A008,3,49,1413960,0.4584,0.4473,0.9376,-23.0103,-3.1128,-7.3242,1.1355,,
DATA,A008,3,50,1413970,0.4950,0.3665,0.9337,-24.7192,15.7471,-9.8877,1.1186,,
DATA,A008,3,51,1413980,0.4391,0.2840,0.9088,-19.5923,31.4331,-7.2021,1.0485,,
DATA,A008,3,52,1413990,0.3995,0.2715,0.9188,-12.8174,31.7383,-5.5542,1.0381,,
DATA,A008,3,53,1414000,0.3602,0.3021,0.9169,-7.3242,18.2495,-0.7324,1.0304,,
DATA,A008,3,54,1414010,0.3534,0.3116,0.9266,-8.2397,6.5308,1.5869,1.0395,,
DATA,A008,3,55,1414020,0.4105,0.3157,0.9366,-10.0098,-5.9814,4.0283,1.0703,,
DATA,A008,3,56,1414030,0.4425,0.3143,0.9025,-9.7656,-9.2773,8.2397,1.0531,,
DATA,A008,3,57,1414040,0.4848,0.3074,0.8632,-4.9438,-2.5635,12.6953,1.0366,,
DATA,A008,3,58,1414050,0.4704,0.3213,0.8216,-0.5493,9.4604,16.6016,0.9998,,
DATA,A008,3,59,1414060,0.4379,0.3353,0.8036,1.8311,26.6113,21.0571,0.9746,,
DATA,A008,3,60,1414070,0.3629,0.3528,0.8236,3.4180,47.7905,26.2451,0.9667,,
DATA,A008,3,61,1414080,0.2970,0.3509,0.8478,4.8218,58.3496,28.2593,0.9644,,
DATA,A008,3,62,1414090,0.2103,0.3382,0.8614,5.1270,67.6880,26.4282,0.9491,,
DATA,A008,3,63,1414100,0.1747,0.3204,0.8854,5.0049,72.4487,25.5127,0.9576,,
DATA,A008,3,64,1414110,0.1444,0.3406,0.9112,8.3008,75.4395,27.3438,0.9835,,
DATA,A008,3,65,1414120,0.1437,0.3721,0.9337,9.4604,76.0498,29.1748,1.0153,,
DATA,A008,3,66,1414130,0.2174,0.4144,0.9798,6.5308,76.5991,30.8228,1.0859,,
DATA,A008,3,67,1414140,0.2335,0.4171,0.9501,0.4883,78.5522,31.6162,1.0635,,
DATA,A008,3,68,1414150,0.1762,0.3226,0.8644,-9.0332,95.5811,29.9072,0.9393,,
DATA,A008,3,69,1414160,0.1705,0.2476,0.8382,-10.3149,111.9385,30.3345,0.8905,,
DATA,A008,3,70,1414170,0.1478,0.2064,0.8500,-2.3193,128.6621,33.2642,0.8871,,
DATA,A008,3,71,1414180,0.0917,0.2418,0.8827,6.9580,138.9771,33.9355,0.9198,,
DATA,A008,3,72,1414190,-0.0318,0.3502,0.9269,9.2163,147.5220,29.6631,0.9913,,
DATA,A008,3,73,1414200,-0.1288,0.3992,0.9366,5.6763,141.7847,26.7944,1.0263,,
DATA,A008,3,74,1414210,-0.1295,0.4205,1.0016,-2.3193,121.7041,21.5454,1.0939,,
DATA,A008,3,75,1414220,-0.0672,0.4046,0.9803,-8.3618,100.1587,18.9819,1.0627,,
DATA,A008,3,76,1414230,0.0248,0.3101,0.9193,-14.9536,76.5381,15.3198,0.9705,,
DATA,A008,3,77,1414240,0.1041,0.2493,0.9198,-14.4653,71.1670,13.0005,0.9587,,
DATA,A008,3,78,1414250,0.1754,0.2144,0.9330,-9.4604,67.3218,16.7236,0.9732,,
DATA,A008,3,79,1414260,0.1874,0.2361,0.9945,-4.7607,69.1528,19.0430,1.0392,,
DATA,A008,3,80,1414270,0.1686,0.2647,1.1295,-4.2114,76.0498,19.2871,1.1723,,
DATA,A008,3,81,1414280,0.1300,0.2703,1.2020,-6.5918,80.2612,17.5781,1.2389,,
DATA,A008,3,82,1414290,0.0819,0.2598,1.1979,-9.8267,82.9468,13.1836,1.2285,,
DATA,A008,3,83,1414300,0.0753,0.2166,1.1564,-10.8643,79.1626,9.9487,1.1789,,
DATA,A008,3,84,1414310,0.0741,0.1456,1.1183,-8.1787,65.9790,5.0659,1.1301,,
DATA,A008,3,85,1414320,0.0995,0.1360,1.1107,-4.5166,57.9224,2.0752,1.1234,,
DATA,A008,3,86,1414330,0.1347,0.1719,1.0936,-0.6104,44.6777,-0.6104,1.1152,,
DATA,A008,3,87,1414340,0.1364,0.2022,1.0704,0.6104,36.6821,-0.6714,1.0979,,
DATA,A008,3,88,1414350,0.1176,0.2322,1.1127,1.2817,27.9541,-2.3193,1.1427,,
DATA,A008,3,89,1414360,0.0809,0.2535,1.1620,0.6714,24.8413,-3.9062,1.1921,,
DATA,A008,3,90,1414370,0.0226,0.2588,1.2157,-3.6621,18.1885,-8.7891,1.2431,,
DATA,A008,3,91,1414380,0.0043,0.2554,1.2245,-6.4697,12.4512,-12.8784,1.2508,,
DATA,A008,3,92,1414390,0.0150,0.2379,1.1937,-9.5215,4.2725,-15.3809,1.2173,,
DATA,A008,3,93,1414400,0.0746,0.1944,1.1713,-13.6108,-7.8735,-17.0898,1.1896,,
DATA,A008,3,94,1414410,0.1420,0.1675,1.1390,-14.7705,-10.8643,-17.8223,1.1600,,
DATA,A008,3,95,1414420,0.2077,0.1243,1.0807,-15.2588,-5.6152,-16.7236,1.1075,,
DATA,A008,3,96,1414430,0.2257,0.1192,1.0411,-12.0850,6.5918,-15.6860,1.0720,,
DATA,A008,3,97,1414440,0.2135,0.1360,0.9274,-5.9814,24.2310,-9.4604,0.9613,,
DATA,A008,3,98,1414450,0.2025,0.1531,0.8861,0.3052,34.0576,-6.5308,0.9218,,
DATA,A008,3,99,1414460,0.1393,0.1905,0.7770,8.9111,44.9219,-4.0283,0.8120,,
DATA,A008,3,100,1414470,0.0685,0.1824,0.7430,11.5356,45.3491,-3.8452,0.7682,,
DATA,A008,3,101,1414480,-0.0921,0.2440,0.9554,21.9727,31.0059,-3.4180,0.9904,,
DATA,A008,3,102,1414490,-0.1598,0.3621,1.0485,22.4609,14.2212,-4.5166,1.1207,,
DATA,A008,3,103,1414500,-0.1149,0.4566,0.9918,7.0801,-18.1274,-10.7422,1.0979,,
DATA,A008,3,104,1414510,-0.0609,0.4107,0.9618,-2.1973,-30.9448,-13.2446,1.0476,,
DATA,A008,3,105,1414520,0.0465,0.2891,0.9537,-9.5825,-26.6113,-15.3809,0.9977,,
DATA,A008,3,106,1414530,0.0990,0.2252,0.9506,-9.0942,-20.8130,-16.9067,0.9819,,
DATA,A008,3,107,1414540,0.0841,0.2103,1.0023,-2.5635,-10.4370,-13.2446,1.0276,,
DATA,A008,3,108,1414550,0.0639,0.2532,1.0563,-0.0610,-5.7373,-11.8408,1.0881,,
DATA,A008,3,109,1414560,0.0736,0.2994,1.1068,-6.7139,-4.5166,-9.3994,1.1489,,
DATA,A008,3,110,1414570,0.0875,0.2647,1.0690,-14.7705,-3.1738,-7.0190,1.1047,,
DATA,A008,3,111,1414580,0.1486,0.1434,0.9628,-18.7378,7.9956,-4.5776,0.9846,,
DATA,A008,3,112,1414590,0.1720,0.0838,0.9264,-13.0005,21.2402,-1.7700,0.9459,,
DATA,A008,3,113,1414600,0.1674,0.0965,0.9276,0.7935,43.8843,2.5024,0.9475,,
DATA,A008,3,114,1414610,0.1239,0.1502,0.9425,6.2866,55.8472,4.6997,0.9624,,
DATA,A008,3,115,1414620,0.0380,0.2046,0.9591,6.7749,60.6689,5.7983,0.9814,,
DATA,A008,3,116,1414630,-0.0099,0.2049,0.9755,5.2490,54.7485,4.8828,0.9968,,
DATA,A008,3,117,1414640,-0.0707,0.2025,1.0377,5.4932,40.1611,2.0142,1.0596,,
DATA,A008,3,118,1414650,-0.0997,0.2193,1.0907,5.8594,30.2734,-1.5869,1.1170,,
DATA,A008,3,119,1414660,-0.1031,0.2225,1.1000,0.9766,14.3433,-6.8359,1.1270,,
DATA,A008,3,120,1414670,-0.0963,0.1946,1.1080,-3.8452,4.5166,-9.7656,1.1291,,
DATA,A008,3,121,1414680,-0.0445,0.1480,1.0997,-8.3008,-9.2163,-11.8408,1.1105,,
DATA,A008,3,122,1414690,0.0158,0.1365,1.0690,-8.2397,-13.0005,-13.4888,1.0778,,
DATA,A008,3,123,1414700,0.1315,0.1421,1.0536,-6.0425,-11.0474,-12.2070,1.0712,,
DATA,A008,3,124,1414710,0.1850,0.1504,1.0465,-5.1880,-2.2583,-10.0098,1.0733,,
DATA,A008,3,125,1414720,0.1481,0.1387,1.0499,-3.7842,18.3716,-8.8501,1.0693,,
DATA,A008,3,126,1414730,0.0971,0.1356,1.0411,-2.1362,32.5928,-9.3384,1.0544,,
DATA,A008,3,127,1414740,0.0524,0.1448,0.9628,0.1221,41.1987,-8.7891,0.9750,,
DATA,A008,3,128,1414750,0.0267,0.1417,0.8519,3.7842,44.4336,-9.2773,0.8640,,
DATA,A008,3,129,1414760,0.0375,0.1351,0.8229,6.9580,43.8843,-8.3618,0.8347,,
DATA,A008,3,130,1414770,0.0292,0.1609,0.9567,10.4980,37.6587,-5.7983,0.9705,,
DATA,A008,3,131,1414780,-0.0189,0.2361,1.0458,10.5591,31.9824,-3.6621,1.0723,,
DATA,A008,3,132,1414790,-0.0655,0.3199,1.0145,3.1738,22.5830,-5.7983,1.0658,,
DATA,A008,3,133,1414800,-0.0580,0.3189,0.9928,-1.8311,19.9585,-8.6670,1.0444,,
DATA,A008,3,134,1414810,-0.0123,0.2725,0.9684,-5.1270,23.5596,-10.9863,1.0061,,
DATA,A008,3,135,1414820,0.0014,0.2274,0.9181,-6.3477,26.7944,-10.8032,0.9458,,
DATA,A008,3,136,1414830,0.0097,0.1722,0.9257,-2.7466,31.1890,-11.4746,0.9416,,
DATA,A008,3,137,1414840,0.0072,0.1783,0.9557,0.7935,32.5928,-12.0239,0.9722,,
DATA,A008,3,138,1414850,-0.0028,0.2098,0.9877,-0.0610,32.8369,-11.4136,1.0097,,
DATA,A008,3,139,1414860,-0.0091,0.2081,1.0094,-2.8687,32.2266,-11.4136,1.0307,,
DATA,A008,3,140,1414870,-0.0123,0.1763,1.0358,-5.0659,32.9590,-11.7798,1.0507,,
DATA,A008,3,141,1414880,0.0126,0.1600,1.0148,-5.3711,32.4097,-10.6812,1.0274,,
DATA,A008,3,142,1414890,0.0675,0.1280,1.0336,-5.4321,31.7993,-5.4932,1.0436,,
DATA,A008,3,143,1414900,0.0902,0.1326,1.0279,-3.6011,36.6211,-1.8921,1.0404,,
DATA,A008,3,144,1414910,0.1027,0.1343,0.9586,-2.3193,49.2554,1.7090,0.9734,,
DATA,A008,3,145,1414920,0.0836,0.1011,0.8766,-2.3193,57.2510,4.6997,0.8863,,
DATA,A008,3,146,1414930,0.0773,0.0445,0.8636,4.6997,64.1479,7.8125,0.8682,,
DATA,A008,3,147,1414940,0.0509,0.0840,0.9137,14.0381,68.1152,8.8501,0.9190,,
DATA,A008,3,148,1414950,-0.0768,0.1934,1.0084,20.9351,67.1997,6.1646,1.0297,,
DATA,A008,3,149,1414960,-0.1747,0.2444,1.0616,18.8599,59.7534,2.3804,1.1033,,
DATA,A008,3,150,1414970,-0.2616,0.2620,1.0829,11.4746,36.1938,-4.6997,1.1444,,
DATA,A008,3,151,1414980,-0.2489,0.2347,1.1007,6.4087,14.0381,-9.8267,1.1526,,
DATA,A008,3,152,1414990,-0.1510,0.1597,1.0873,-0.1221,-21.7896,-10.0098,1.1093,,
DATA,A008,3,153,1415000,-0.0589,0.1319,1.0931,-0.1831,-32.8369,-11.4136,1.1026,,
DATA,A008,3,154,1415010,0.0726,0.1226,1.0616,0.9155,-32.8979,-13.5498,1.0712,,
DATA,A008,3,155,1415020,0.1281,0.1116,1.0458,0.8545,-23.6206,-12.3291,1.0595,,
DATA,A008,3,156,1415030,0.1364,0.1124,1.0428,2.0752,-2.6855,-8.1177,1.0577,,
DATA,A008,3,157,1415040,0.0910,0.1219,1.0861,4.7607,10.5591,-6.7139,1.0966,,
DATA,A008,3,158,1415050,0.0128,0.1905,1.1141,8.0566,20.5078,-7.2632,1.1304,,
DATA,A008,3,159,1415060,-0.0179,0.2166,1.0919,5.3101,17.9443,-6.3477,1.1133,,
DATA,A008,3,160,1415070,-0.0194,0.2064,1.1000,1.7700,14.5874,-5.3711,1.1193,,
DATA,A008,3,161,1415080,0.0021,0.1883,1.0641,-2.6855,12.3291,-8.1177,1.0806,,
DATA,A008,3,162,1415090,-0.0001,0.1639,1.0284,-3.2959,14.9536,-9.0942,1.0414,,
DATA,A008,3,163,1415100,-0.0069,0.1749,1.0165,-1.4038,16.4795,-8.4839,1.0314,,
DATA,A008,3,164,1415110,-0.0162,0.1946,1.0016,-0.1831,16.4185,-7.8125,1.0204,,
DATA,A008,3,165,1415120,-0.0380,0.2147,0.9972,-2.0142,14.5874,-8.1787,1.0207,,
DATA,A008,3,166,1415130,-0.0389,0.2120,0.9784,-4.3335,12.4512,-8.9111,1.0018,,
DATA,A008,3,167,1415140,-0.0294,0.1829,0.9527,-5.2490,9.1553,-8.8501,0.9706,,
DATA,A008,3,168,1415150,-0.0209,0.1697,0.9469,-3.1128,10.0098,-9.0332,0.9622,,
DATA,A008,3,169,1415160,-0.0345,0.1607,0.9298,-0.7935,10.1929,-9.7046,0.9442,,
DATA,A008,3,170,1415170,-0.0380,0.1592,0.9300,0.4272,8.0566,-8.5449,0.9443,,
DATA,A008,3,171,1415180,-0.0221,0.1712,0.9264,2.1362,5.3711,-6.8970,0.9423,,
DATA,A008,3,172,1415190,-0.0213,0.1780,0.9291,2.0142,6.0425,-6.1646,0.9462,,
DATA,A008,3,173,1415200,-0.0343,0.1736,0.9496,2.2583,10.4980,-5.4321,0.9659,,
DATA,A008,3,174,1415210,-0.0426,0.1837,0.9576,3.5400,13.5498,-6.5918,0.9760,,
DATA,A008,3,175,1415220,-0.0712,0.1873,0.9679,4.8828,17.0288,-8.9722,0.9884,,
DATA,A008,3,176,1415230,-0.0753,0.1944,0.9723,6.1646,17.5781,-10.7422,0.9944,,
DATA,A008,3,177,1415240,-0.0682,0.1961,0.9669,6.0425,12.2070,-11.2305,0.9890,,
DATA,A008,3,178,1415250,-0.0484,0.1890,0.9840,6.5308,6.6528,-12.2070,1.0032,,
DATA,A008,3,179,1415260,-0.0174,0.1819,1.0040,5.3711,1.0376,-12.5732,1.0205,,
DATA,A008,3,180,1415270,0.0006,0.1683,1.0155,3.6621,-1.3428,-12.7563,1.0293,,
DATA,A008,3,181,1415280,0.0299,0.1451,1.0463,2.6855,-3.6621,-11.4136,1.0567,,
DATA,A008,3,182,1415290,0.0358,0.1502,1.0345,4.9438,-2.6245,-10.3760,1.0460,,
DATA,A008,3,183,1415300,0.0204,0.1483,0.9059,6.2256,3.9673,-10.5591,0.9182,,
DATA,A008,3,184,1415310,0.0324,0.1089,0.8356,8.6670,10.1929,-11.6577,0.8433,,
DATA,A008,3,185,1415320,0.0189,0.0662,0.8727,16.3574,16.8457,-10.5591,0.8754,,
DATA,A008,3,186,1415330,0.0038,0.0962,0.9745,21.4844,21.1792,-9.9487,0.9792,,
DATA,A008,3,187,1415340,-0.0289,0.1963,1.0629,20.1416,18.3105,-7.1411,1.0812,,
DATA,A008,3,188,1415350,-0.0477,0.2425,1.0431,14.4653,9.2163,-5.2490,1.0720,,
DATA,A008,3,189,1415360,-0.0665,0.2293,0.9374,3.7842,-1.6479,-5.0049,0.9673,,
DATA,A008,3,190,1415370,-0.0133,0.1922,0.9296,0.6714,-2.7466,-5.1880,0.9493,,
DATA,A008,3,191,1415380,0.0529,0.1553,0.9852,3.8452,1.0986,-1.6479,0.9988,,
DATA,A008,3,192,1415390,0.0416,0.1641,1.0094,7.8735,8.7891,0.3662,1.0235,,
DATA,A008,3,193,1415400,-0.0006,0.2022,1.0646,10.7422,20.3857,-0.4272,1.0836,,
DATA,A008,3,194,1415410,-0.0426,0.2239,1.1132,9.2163,25.3906,-0.6714,1.1363,,
DATA,A008,3,195,1415420,-0.0650,0.2388,1.1322,4.8828,26.9775,-1.9531,1.1589,,
DATA,A008,3,196,1415430,-0.0768,0.2003,1.0563,-3.3569,25.8789,-1.9531,1.0778,,
DATA,A008,3,197,1415440,-0.0499,0.1478,1.0250,-4.0283,24.8413,-3.1738,1.0368,,
DATA,A008,3,198,1415450,-0.0189,0.1036,0.9593,0.2441,25.8789,-2.9297,0.9651,,
DATA,A008,3,199,1415460,-0.0162,0.0794,0.9471,3.1738,28.9307,-2.9907,0.9506,,
DATA,A008,3,200,1415470,-0.0414,0.0792,0.9559,8.2397,33.8135,-4.3335,0.9601,,
DATA,A008,3,201,1415480,-0.0670,0.0980,0.9479,11.5967,33.6304,-5.8594,0.9553,,
DATA,A008,3,202,1415490,-0.1061,0.1282,0.9427,15.6250,28.8696,-8.3618,0.9573,,
DATA,A008,3,203,1415500,-0.1088,0.1419,0.9459,17.6392,22.8271,-10.7422,0.9627,,
DATA,A008,3,204,1415510,-0.1034,0.1614,0.9916,20.5078,10.4980,-13.8550,1.0099,,
DATA,A008,3,205,1415520,-0.0716,0.1873,1.0426,21.9727,2.1973,-15.6250,1.0617,,
DATA,A008,3,206,1415530,-0.0443,0.2134,1.0829,19.5312,-9.7656,-14.9536,1.1046,,
DATA,A008,3,207,1415540,-0.0563,0.2000,1.1217,15.5029,-14.8315,-15.5029,1.1408,,
DATA,A008,3,208,1415550,-0.0389,0.1858,1.1732,10.1318,-19.5312,-18.3105,1.1885,,
DATA,A008,3,209,1415560,0.0058,0.1817,1.1427,3.6011,-24.1699,-17.8833,1.1571,,
DATA,A008,3,210,1415570,0.0724,0.1771,1.1676,-0.7935,-20.7520,-16.7236,1.1832,,
DATA,A008,3,211,1415580,0.0993,0.2076,1.1100,-0.6714,-10.9253,-15.8691,1.1336,,
DATA,A008,3,212,1415590,0.1068,0.1839,1.0026,-0.9766,10.4370,-15.1978,1.0249,,
DATA,A008,3,213,1415600,0.0797,0.1439,0.9264,1.3428,23.2544,-15.3809,0.9409,,
DATA,A008,3,214,1415610,0.0219,0.0892,0.8473,6.8970,35.6445,-14.9536,0.8522,,
DATA,A008,3,215,1415620,-0.0157,0.0858,0.9171,13.4888,34.9731,-13.9160,0.9212,,
DATA,A008,3,216,1415630,-0.0492,0.1783,1.0065,19.1040,22.3999,-10.3760,1.0233,,
DATA,A008,3,217,1415640,-0.0514,0.2313,1.0631,15.0146,7.2021,-8.8501,1.0892,,
DATA,A008,3,218,1415650,-0.0309,0.2593,1.0909,4.8218,-8.7280,-10.0098,1.1218,,
DATA,A008,3,219,1415660,0.0031,0.2371,1.0409,-0.6104,-9.7046,-11.4746,1.0676,,
DATA,A008,3,220,1415670,0.0390,0.1712,0.9999,-2.8076,-2.9297,-11.5356,1.0152,,
DATA,A008,3,221,1415680,0.0436,0.1512,0.9552,-1.1597,3.9673,-10.0098,0.9681,,
DATA,A008,3,222,1415690,0.0463,0.1597,0.9818,3.5400,10.4370,-9.0332,0.9958,,
DATA,A008,3,223,1415700,0.0263,0.1868,1.0284,5.8594,13.0615,-7.8125,1.0456,,
DATA,A008,3,224,1415710,0.0119,0.2303,1.0636,1.6479,13.1226,-6.9580,1.0883,,
DATA,A008,3,225,1415720,0.0150,0.2313,1.0648,-2.7466,11.7798,-5.8594,1.0897,,
DATA,A008,3,226,1415730,0.0299,0.2005,1.0419,-6.4087,14.0381,-4.3335,1.0614,,
DATA,A008,3,227,1415740,0.0399,0.1827,1.0250,-6.7139,18.2495,-3.4180,1.0419,,
DATA,A008,3,228,1415750,0.0521,0.1707,1.0133,-5.3101,25.0854,-2.1362,1.0289,,
DATA,A008,3,229,1415760,0.0604,0.1697,0.9982,-2.5024,35.7666,-0.0610,1.0143,,
DATA,A008,3,230,1415770,0.0399,0.1595,0.9557,-1.5869,41.7480,0.9155,0.9697,,
DATA,A008,3,231,1415780,-0.0157,0.1319,0.9127,0.0000,47.4243,-0.3052,0.9223,,
DATA,A008,3,232,1415790,-0.0533,0.1258,0.9049,3.7231,47.8516,-2.1973,0.9152,,
DATA,A008,3,233,1415800,-0.0987,0.1546,0.9213,10.3760,44.3115,-6.1646,0.9393,,
DATA,A008,3,234,1415810,-0.1246,0.1873,0.9491,14.0381,39.3066,-8.7280,0.9754,,
DATA,A008,3,235,1415820,-0.1542,0.2383,1.0087,15.9912,26.3672,-12.6343,1.0478,,
DATA,A008,3,236,1415830,-0.1420,0.2601,1.0416,14.9536,15.1367,-15.6250,1.0829,,
DATA,A008,3,237,1415840,-0.1283,0.2625,1.0658,8.7280,-1.7700,-19.0430,1.1051,,
DATA,A008,3,238,1415850,-0.0895,0.2437,1.0821,4.3945,-12.2070,-21.1182,1.1128,,
DATA,A008,3,239,1415860,-0.0472,0.2054,1.0514,-1.4038,-26.5503,-20.0806,1.0723,,
DATA,A008,3,240,1415870,-0.0343,0.1824,1.0426,-2.1973,-27.8320,-19.7144,1.0590,,
DATA,A008,3,241,1415880,0.0087,0.1312,1.0262,-0.7935,-21.8506,-23.4985,1.0346,,
DATA,A008,3,242,1415890,0.0302,0.1038,1.0507,2.1973,-15.2588,-25.5127,1.0562,,
DATA,A008,3,243,1415900,0.0529,0.1124,1.0831,7.2021,-6.1646,-26.0010,1.0902,,
DATA,A008,3,244,1415910,0.0619,0.1409,1.0829,8.5449,-6.0425,-24.9023,1.0938,,
DATA,A008,3,245,1415920,0.0971,0.1858,1.0890,9.5825,-5.0659,-21.6064,1.1090,,
DATA,A008,3,246,1415930,0.1122,0.2032,1.0726,6.7749,-4.5166,-20.2637,1.0974,,
DATA,A008,3,247,1415940,0.0900,0.1722,1.0309,0.6714,-2.0752,-18.9209,1.0490,,
DATA,A008,3,248,1415950,0.0363,0.1292,0.9557,-0.1221,2.8687,-18.9209,0.9651,,
DATA,A008,3,249,1415960,0.0004,0.0684,0.9247,4.4556,6.3477,-19.2261,0.9272,,
DATA,A008,3,250,1415970,0.0040,0.0804,0.9857,10.1929,2.3193,-16.6016,0.9890,,
DATA,A008,3,251,1415980,0.0416,0.1880,1.1163,13.7939,-5.9814,-14.5874,1.1328,,
DATA,A008,3,252,1415990,0.0739,0.2420,1.1153,7.0801,-8.4839,-14.7095,1.1437,,
DATA,A008,3,253,1416000,0.1334,0.2027,1.0065,-7.6904,-5.0659,-13.9160,1.0353,,
DATA,A008,3,254,1416010,0.1461,0.1336,0.9647,-10.7422,2.6855,-12.5122,0.9848,,
DATA,A008,3,255,1416020,0.1146,0.0792,0.9374,-6.6528,15.8081,-7.0801,0.9477,,
DATA,A008,3,256,1416030,0.0853,0.0840,0.9642,-2.2583,20.7520,-3.6621,0.9716,,
DATA,A008,3,257,1416040,0.0241,0.1419,0.9523,0.3052,22.0337,-0.2441,0.9631,,
DATA,A008,3,258,1416050,-0.0113,0.1622,0.9188,-1.3428,21.1792,0.2441,0.9331,,
DATA,A008,3,259,1416060,-0.0318,0.1414,0.8915,-3.9062,18.6768,0.6104,0.9032,,
DATA,A008,3,260,1416070,-0.0353,0.1204,0.9039,-3.7231,17.4561,1.7090,0.9126,,
DATA,A008,3,261,1416080,-0.0299,0.1251,0.9757,-0.3662,16.2354,2.8687,0.9841,,
DATA,A008,3,262,1416090,-0.0343,0.1504,0.9569,1.6479,14.5874,4.0283,0.9693,,
DATA,A008,3,263,1416100,-0.0648,0.1400,0.8632,1.0986,11.5356,4.0894,0.8768,,
DATA,A008,3,264,1416110,-0.1183,0.0535,0.7843,4.6997,10.0708,-1.1597,0.7950,,
DATA,A008,3,265,1416120,-0.1534,-0.0002,0.7411,11.8408,9.4604,-6.0425,0.7568,,
DATA,A008,3,266,1416130,-0.1673,-0.0322,0.7206,30.0293,5.4932,-13.7939,0.7404,,
DATA,A008,3,267,1416140,-0.1703,0.0005,0.7323,44.6167,-1.4038,-16.7847,0.7518,,
DATA,A008,3,268,1416150,-0.1837,0.0775,0.7330,61.2793,-21.1792,-19.8975,0.7596,,
DATA,A008,3,269,1416160,-0.1676,0.1199,0.7560,67.7490,-42.3584,-20.9961,0.7836,,
DATA,A008,3,270,1416170,-0.1388,0.1627,0.7823,73.3643,-77.9419,-22.0337,0.8110,,
DATA,A008,3,271,1416180,-0.1109,0.1922,0.8050,77.5757,-95.3979,-24.6582,0.8351,,
DATA,A008,3,272,1416190,-0.0484,0.2579,0.9318,84.7168,-107.1777,-28.4424,0.9680,,
DATA,A008,3,273,1416200,-0.0465,0.3409,0.9855,86.2427,-102.7222,-31.9824,1.0438,,
DATA,A008,3,274,1416210,-0.0797,0.4493,1.0062,83.6792,-83.6182,-42.1143,1.1048,,
DATA,A008,3,275,1416220,-0.0939,0.4866,0.9999,79.3457,-68.4204,-49.8657,1.1160,,
DATA,A008,3,276,1416230,-0.0912,0.4737,0.9901,70.9229,-50.0488,-59.8755,1.1014,,
DATA,A008,3,277,1416240,-0.0194,0.4595,0.9703,67.5659,-38.0249,-63.5986,1.0738,,
DATA,A008,3,278,1416250,0.2023,0.4266,0.9708,61.2793,-28.6865,-61.2793,1.0795,,
DATA,A008,3,279,1416260,0.2941,0.4131,1.0101,56.0913,-22.3389,-57.0068,1.1303,,
DATA,A008,3,280,1416270,0.3322,0.4080,1.0402,43.7012,-6.7749,-49.2554,1.1656,,
DATA,A008,3,281,1416280,0.3170,0.3802,1.0985,32.5928,-0.4272,-39.6729,1.2049,,
DATA,A008,3,282,1416290,0.3732,0.3987,1.2084,22.0947,18.0664,-32.8369,1.3260,,
DATA,A008,3,283,1416300,0.4057,0.4598,1.2486,18.4937,33.1421,-33.5693,1.3911,,
DATA,A008,3,284,1416310,0.2772,0.5027,1.2018,8.3618,64.3311,-32.6538,1.3319,,
DATA,A008,3,285,1416320,0.1762,0.4959,1.1529,3.3569,81.3599,-38.2690,1.2674,,
DATA,A008,3,286,1416330,0.0348,0.4412,1.0763,-1.4038,84.5337,-46.0815,1.1637,,
DATA,A008,3,287,1416340,-0.0065,0.3968,1.0343,-3.0518,83.1909,-52.6733,1.1078,,
DATA,A008,3,288,1416350,-0.0165,0.3602,0.9542,1.0376,84.2285,-64.3921,1.0201,,
DATA,A008,3,289,1416360,-0.0699,0.3509,0.8971,5.3711,90.2100,-71.0449,0.9658,,
DATA,A008,3,290,1416370,-0.1669,0.3087,0.8321,12.6953,108.7036,-85.0830,0.9031,,
DATA,A008,3,291,1416380,-0.2035,0.2796,0.8246,18.0664,118.2251,-92.1021,0.8941,,
DATA,A008,3,292,1416390,-0.2189,0.2598,0.8600,26.4282,117.3706,-90.6372,0.9246,,
DATA,A008,3,293,1416400,-0.1686,0.2940,0.8678,30.9448,109.9243,-88.4399,0.9316,,
DATA,A008,3,294,1416410,-0.0128,0.3206,0.8773,29.3579,100.6470,-81.2988,0.9341,,
DATA,A008,3,295,1416420,0.1351,0.3045,0.9349,25.8789,104.9194,-73.7915,0.9925,,
DATA,A008,3,296,1416430,0.1994,0.2977,0.9579,23.1934,119.6899,-68.6035,1.0227,,
DATA,A008,3,297,1416440,0.0580,0.2808,0.8688,20.7520,167.6025,-71.5942,0.9149,,
DATA,A008,3,298,1416450,-0.0948,0.2635,0.8336,22.3999,204.7729,-74.5850,0.8794,,
DATA,A008,3,299,1416460,-0.2467,0.2542,0.8881,29.7852,230.7129,-71.9604,0.9561,,
DATA,A008,3,300,1416470,-0.3651,0.2964,0.9337,36.0107,220.7642,-62.4390,1.0455,,
DATA,A008,3,301,1416480,-0.4947,0.4012,1.0030,40.8325,173.3398,-55.2368,1.1882,,
DATA,A008,3,302,1416490,-0.4842,0.4866,0.9747,31.7383,118.5303,-57.4341,1.1922,,
DATA,A008,3,303,1416500,-0.3817,0.4603,0.9706,19.5923,91.0645,-58.0444,1.1400,,
DATA,A008,3,304,1416510,-0.2875,0.4026,1.0121,11.1694,77.0264,-56.7017,1.1265,,
DATA,A008,3,305,1416520,-0.2159,0.3868,1.0221,11.9019,87.8296,-55.8472,1.1139,,
DATA,A008,3,306,1416530,-0.2118,0.4119,1.0211,16.3574,103.8818,-57.3730,1.1212,,
DATA,A008,3,307,1416540,-0.2779,0.4754,0.9947,19.1040,132.3853,-60.4858,1.1370,,
DATA,A008,3,308,1416550,-0.3714,0.4837,0.9652,14.6484,142.8833,-62.1948,1.1417,,
DATA,A008,3,309,1416560,-0.4940,0.4195,0.9613,9.4604,139.2822,-63.5986,1.1594,,
DATA,A008,3,310,1416570,-0.5431,0.3895,0.9330,11.5967,127.6245,-65.4297,1.1476,,
DATA,A008,3,311,1416580,-0.5235,0.3690,0.9215,17.7002,107.5439,-68.8477,1.1222,,
DATA,A008,3,312,1416590,-0.4803,0.3875,0.9183,21.6064,101.5015,-70.2515,1.1064,,
DATA,A008,3,313,1416600,-0.4383,0.4019,0.8946,23.4985,101.9287,-71.5332,1.0743,,
DATA,A008,3,314,1416610,-0.4213,0.4080,0.9066,24.2920,102.7832,-69.8853,1.0798,,
DATA,A008,3,315,1416620,-0.4222,0.4295,0.9486,24.3530,98.6328,-65.7349,1.1236,,
DATA,A008,3,316,1416630,-0.4239,0.4481,0.9759,22.0337,92.2241,-64.5752,1.1545,,
DATA,A008,3,317,1416640,-0.4740,0.4686,1.0023,15.8081,77.7588,-63.8428,1.2037,,
DATA,A008,3,318,1416650,-0.5321,0.4734,0.9872,11.9019,68.6035,-64.9414,1.2173,,
DATA,A008,3,319,1416660,-0.6146,0.4429,0.9554,8.0566,56.0303,-69.6411,1.2193,,
DATA,A008,3,320,1416670,-0.6481,0.4302,0.9291,8.4839,46.4478,-72.8760,1.2117,,
DATA,A008,3,321,1416680,-0.6490,0.4158,0.9210,12.0850,31.5552,-77.5146,1.2010,,
DATA,A008,3,322,1416690,-0.6144,0.4202,0.9418,14.2212,22.7051,-80.7495,1.2004,,
DATA,A008,3,323,1416700,-0.5397,0.4317,0.9715,15.1978,12.9395,-82.8247,1.1923,,
DATA,A008,3,324,1416710,-0.4877,0.4444,0.9906,13.8550,16.0522,-83.8623,1.1902,,
DATA,A008,3,325,1416720,-0.4125,0.4337,1.0387,10.3149,31.7993,-88.9893,1.1988,,
DATA,A008,3,326,1416730,-0.3868,0.4346,1.0565,9.1553,56.7627,-91.2476,1.2061,,
DATA,A008,3,327,1416740,-0.3260,0.4310,1.0987,6.2866,101.5625,-98.2056,1.2244,,
DATA,A008,3,328,1416750,-0.2511,0.4366,1.1505,3.9062,136.2915,-100.0366,1.2559,,
DATA,A008,3,329,1416760,-0.1527,0.4681,1.1656,-3.6011,211.6089,-101.5625,1.2654,,
DATA,A008,3,330,1416770,-0.0887,0.4485,1.2130,-12.0850,264.7705,-105.8350,1.2963,,
DATA,A008,3,331,1416780,-0.1141,0.4366,1.1810,-18.7988,321.1670,-107.2388,1.2643,,
DATA,A008,3,332,1416790,-0.2377,0.4229,1.0890,-31.5552,407.1655,-109.1309,1.1921,,
DATA,A008,3,333,1416800,-0.3590,0.3919,1.0148,-40.2832,448.3643,-111.6943,1.1455,,
DATA,A008,3,334,1416810,-0.5926,0.3372,0.8319,-48.9502,465.4541,-111.0840,1.0756,,
DATA,A008,3,335,1416820,-0.7689,0.2877,0.6874,-52.6123,443.5425,-106.1401,1.0707,,
DATA,A008,3,336,1416830,-0.9877,0.2039,0.5668,-52.9785,385.6812,-98.6938,1.1568,,
DATA,A008,3,337,1416840,-1.0570,0.1622,0.5045,-50.1709,334.2896,-95.9473,1.1824,,
DATA,A008,3,338,1416850,-1.0248,0.1334,0.4125,-48.8281,253.8452,-91.3086,1.1127,,
DATA,A008,3,339,1416860,-0.9525,0.1263,0.3273,-51.8188,206.7261,-86.3647,1.0150,,
DATA,A008,3,340,1416870,-0.8656,0.0950,0.1825,-56.0303,155.5786,-76.9043,0.8897,,
DATA,A008,3,341,1416880,-0.8434,0.0674,0.0917,-54.0161,131.2866,-69.5190,0.8510,,
DATA,A008,3,342,1416890,-0.8775,0.0416,0.0101,-45.7153,103.8208,-60.3027,0.8786,,
DATA,A008,3,343,1416900,-0.9230,0.0442,0.0057,-40.8325,89.1724,-58.3496,0.9240,,
DATA,A008,3,344,1416910,-0.9684,0.0567,-0.0106,-38.1470,60.3027,-52.4292,0.9701,,
DATA,A008,3,345,1416920,-0.9720,0.0745,-0.0338,-40.1001,35.0342,-45.5322,0.9755,,
DATA,A008,3,346,1416930,-0.9811,0.0692,-0.0133,-46.3867,-2.5635,-38.5742,0.9836,,
DATA,A008,3,347,1416940,-1.0023,0.0330,0.0492,-51.6968,-25.3906,-36.8042,1.0041,,
DATA,A008,3,348,1416950,-1.0807,-0.0285,0.1097,-60.1196,-69.6411,-31.9824,1.0866,,
DATA,A008,3,349,1416960,-1.1717,-0.0795,0.1234,-65.3687,-115.1733,-24.2310,1.1809,,
DATA,A008,3,350,1416970,-1.2674,-0.1315,0.1512,-69.3970,-216.4917,-6.8359,1.2832,,
DATA,A008,3,351,1416980,-1.2743,-0.1340,0.1505,-71.0449,-302.6733,8.6670,1.2901,,
DATA,A008,3,352,1416990,-1.1329,-0.1159,0.1537,-79.5898,-409.9121,30.5786,1.1492,,
DATA,A008,3,353,1417000,-0.9476,-0.1201,0.1293,-87.7075,-467.8345,43.0298,0.9639,,
DATA,A008,3,354,1417010,-0.6703,-0.1708,0.1454,-93.7500,-527.1606,61.8896,0.7068,,
DATA,A008,3,355,1417020,-0.5121,-0.2150,0.1825,-87.0972,-531.4941,71.4722,0.5846,,
DATA,A008,3,356,1417030,-0.3685,-0.2285,0.1981,-65.4907,-517.3340,81.7261,0.4767,,
DATA,A008,3,357,1417040,-0.3270,-0.2138,0.1962,-46.5088,-503.2349,89.6606,0.4372,,
DATA,A008,3,358,1417050,-0.2635,-0.1655,0.2367,-17.1509,-481.4453,99.8535,0.3910,,
DATA,A008,3,359,1417060,-0.1971,-0.1415,0.3356,-0.7324,-471.7407,102.4780,0.4141,,
DATA,A008,3,360,1417070,-0.0856,-0.1137,0.4798,18.2495,-451.9653,105.1636,0.5005,,
DATA,A008,3,361,1417080,0.0009,-0.0954,0.5690,28.5645,-427.9175,106.4453,0.5769,,
DATA,A008,3,362,1417090,0.1122,-0.0454,0.6837,45.7153,-371.4600,105.6519,0.6943,,
DATA,A008,3,363,1417100,0.1535,0.0108,0.7474,57.0068,-312.6221,102.0508,0.7631,,
DATA,A008,3,364,1417110,0.1547,0.0640,0.7848,68.0542,-243.1641,95.5200,0.8024,,
DATA,A008,3,365,1417120,0.0311,0.1212,0.8390,81.3599,-137.2070,88.3789,0.8483,,
DATA,A008,3,366,1417130,-0.2718,0.2549,0.9943,102.5391,-57.8003,79.1016,1.0618,,
DATA,A008,3,367,1417140,-0.5121,0.3914,0.9950,104.6143,-25.2075,69.8853,1.1855,,
DATA,A008,3,368,1417150,-0.7574,0.4771,1.0265,97.0459,-27.5879,62.6221,1.3620,,
DATA,A008,3,369,1417160,-1.0387,0.5374,1.0817,73.8525,-61.5845,56.0913,1.5930,,
DATA,A008,3,370,1417170,-1.0650,0.5274,1.0580,57.8613,-98.3276,45.1660,1.5912,,
DATA,A008,3,371,1417180,-0.8336,0.4090,0.9098,42.8467,-161.1938,24.2310,1.3000,,
DATA,A008,3,372,1417190,-0.5709,0.2940,0.8282,42.1753,-182.6782,11.1084,1.0480,,
DATA,A008,3,373,1417200,-0.2421,0.1785,0.7936,51.6357,-163.3301,-7.7515,0.8487,,
DATA,A008,3,374,1417210,-0.1061,0.1729,0.8309,61.9507,-125.0000,-16.7847,0.8553,,
DATA,A008,3,375,1417220,0.0145,0.2376,0.8673,73.5474,-62.9272,-25.6958,0.8994,,
DATA,A008,3,376,1417230,0.0516,0.2676,0.8856,74.7070,-25.0244,-31.0059,0.9266,,
DATA,A008,3,377,1417240,0.0578,0.2701,0.9178,72.9370,30.7617,-37.1704,0.9585,,
DATA,A008,3,378,1417250,-0.0096,0.2596,0.9349,70.4346,65.7959,-36.1938,0.9703,,
DATA,A008,3,379,1417260,-0.1810,0.2523,0.9640,68.1152,107.6050,-38.0249,1.0127,,
DATA,A008,3,380,1417270,-0.2748,0.2713,0.9498,67.1997,133.1177,-40.3442,1.0253,,
DATA,A008,3,381,1417280,-0.3634,0.3001,0.9408,68.1763,161.8042,-47.2412,1.0522,,
DATA,A008,3,382,1417290,-0.3807,0.3201,0.9139,69.6411,186.4014,-49.8657,1.0405,,
DATA,A008,3,383,1417300,-0.3863,0.3267,0.8961,67.4438,218.0786,-48.6450,1.0291,,
DATA,A008,3,384,1417310,-0.3939,0.3050,0.8898,64.2090,239.1357,-47.4243,1.0197,,
DATA,A008,3,385,1417320,-0.4090,0.2537,0.8988,58.9600,259.5825,-51.2695,1.0196,,
DATA,A008,3,386,1417330,-0.4681,0.2396,0.9388,58.3496,262.0850,-50.7812,1.0761,,
DATA,A008,3,387,1417340,-0.5878,0.2820,0.9891,59.9976,244.1406,-47.8516,1.1846,,
DATA,A008,3,388,1417350,-0.6000,0.3135,1.0184,57.5562,221.6187,-50.1709,1.2229,,
DATA,A008,3,389,1417360,-0.5934,0.3648,1.0133,48.4009,183.3496,-48.2788,1.2296,,
DATA,A008,3,390,1417370,-0.6141,0.3821,1.0423,39.7339,156.2500,-44.1895,1.2687,,
DATA,A008,3,391,1417380,-0.5677,0.4178,1.1581,30.3955,113.8306,-42.7246,1.3557,,
DATA,A008,3,392,1417390,-0.4523,0.4627,1.2291,26.4893,91.8579,-42.2363,1.3890,,
DATA,A008,3,393,1417400,-0.2867,0.5467,1.2494,13.9771,77.6978,-35.4614,1.3936,,
DATA,A008,3,394,1417410,-0.2316,0.5677,1.1815,2.2583,84.2896,-32.5928,1.3311,,
DATA,A008,3,395,1417420,-0.2362,0.4791,1.0152,-12.5732,110.4126,-36.2549,1.1472,,
DATA,A008,3,396,1417430,-0.2745,0.3912,0.9261,-13.7939,130.8594,-37.4756,1.0422,,
DATA,A008,3,397,1417440,-0.4440,0.3287,0.8231,-2.2583,155.3955,-34.4849,0.9913,,
DATA,A008,3,398,1417450,-0.5519,0.3416,0.7902,8.1787,158.6914,-34.8511,1.0225,,
DATA,A008,3,399,1417460,-0.6361,0.3904,0.7584,15.1978,148.6816,-34.2407,1.0641,,
DATA,A008,3,400,1417470,-0.7169,0.4576,0.7733,17.9443,110.5957,-28.6865,1.1495,,
DATA,A008,3,401,1417480,-0.7374,0.4835,0.7728,16.2354,82.8857,-29.6631,1.1725,,
DATA,A008,3,402,1417490,-0.6537,0.4412,0.7643,13.8550,55.4810,-40.3442,1.0982,,
DATA,A008,3,403,1417500,-0.5900,0.4012,0.7916,17.3340,45.8374,-43.0908,1.0657,,
DATA,A008,3,404,1417510,-0.5675,0.4322,0.8041,28.0151,43.0298,-42.8467,1.0749,,
DATA,A008,3,405,1417520,-0.5538,0.4734,0.8072,31.2500,44.2505,-46.0205,1.0874,,
DATA,A008,3,406,1417530,-0.5438,0.4996,0.8256,27.5879,43.9453,-49.1333,1.1076,,
DATA,A008,3,407,1417540,-0.5406,0.4940,0.8234,23.1323,43.5791,-49.5605,1.1019,,
DATA,A008,3,408,1417550,-0.5331,0.4410,0.8087,18.2495,42.1143,-50.9644,1.0642,,
DATA,A008,3,409,1417560,-0.5316,0.3946,0.8121,17.5171,45.0439,-51.5137,1.0478,,
DATA,A008,3,410,1417570,-0.5336,0.3909,0.8111,20.6909,57.9224,-52.3682,1.0466,,
DATA,A008,3,411,1417580,-0.5365,0.4092,0.8229,23.9258,70.3735,-52.8564,1.0641,,
DATA,A008,3,412,1417590,-0.5524,0.4705,0.8109,25.6958,89.9048,-52.2461,1.0881,,
DATA,A008,3,413,1417600,-0.5597,0.4993,0.7753,24.2310,99.7314,-52.3071,1.0787,,
DATA,A008,3,414,1417610,-0.5477,0.4949,0.7819,21.7896,113.8916,-52.0630,1.0753,,
DATA,A008,3,415,1417620,-0.5672,0.4947,0.7723,22.3389,121.8262,-51.7578,1.0784,,
DATA,A008,3,416,1417630,-0.5814,0.5069,0.7696,22.2168,145.2637,-54.2603,1.0896,,
DATA,A008,3,417,1417640,-0.5904,0.5030,0.7880,20.5078,165.6494,-59.2651,1.1057,,
DATA,A008,3,418,1417650,-0.6883,0.5098,0.7623,19.4092,192.6880,-63.2935,1.1467,,
DATA,A008,3,419,1417660,-0.7452,0.5198,0.7360,18.4937,218.7500,-65.7959,1.1693,,
DATA,A008,3,420,1417670,-0.7882,0.5135,0.7086,16.0522,248.6572,-76.7822,1.1777,,
DATA,A008,3,421,1417680,-0.8360,0.4754,0.6669,15.3198,253.1128,-79.5898,1.1703,,
DATA,A008,3,422,1417690,-0.8736,0.3919,0.6874,15.5640,255.3711,-81.9702,1.1787,,
DATA,A008,3,423,1417700,-0.8871,0.3438,0.7074,16.4795,247.7417,-84.9609,1.1855,,
DATA,A008,3,424,1417710,-0.8920,0.2967,0.7093,18.0664,233.0933,-86.4868,1.1776,,
DATA,A008,3,425,1417720,-0.8978,0.2774,0.7057,20.4468,219.1162,-87.3413,1.1752,,
DATA,A008,3,426,1417730,-0.9022,0.2757,0.6578,20.7520,198.3643,-87.5854,1.1501,,
DATA,A008,3,427,1417740,-0.8922,0.2628,0.6161,17.5171,186.6455,-86.9141,1.1156,,
DATA,A008,3,428,1417750,-0.9151,0.2178,0.5463,10.9863,162.4146,-84.2285,1.0878,,
DATA,A008,3,429,1417760,-0.9606,0.1844,0.4979,8.9111,143.1274,-80.8716,1.0975,,
DATA,A008,3,430,1417770,-1.0253,0.1614,0.4152,9.5215,114.0137,-75.8057,1.1178,,
DATA,A008,3,431,1417780,-1.0577,0.1490,0.3651,8.7891,90.1489,-74.3408,1.1288,,
DATA,A008,3,432,1417790,-1.0765,0.1387,0.3544,7.4463,69.7021,-73.6694,1.1418,,
DATA,A008,3,433,1417800,-1.1034,0.1387,0.4073,4.3945,37.1094,-72.9370,1.1843,,
DATA,A008,3,434,1417810,-1.1058,0.1566,0.4469,-1.8311,13.9160,-70.6787,1.2029,,
DATA,A008,3,435,1417820,-1.0714,0.1544,0.5221,-18.1885,-35.1562,-63.0493,1.2018,,
DATA,A008,3,436,1417830,-1.0509,0.1431,0.5489,-30.2124,-77.2705,-53.7720,1.1942,,
DATA,A008,3,437,1417840,-1.0734,0.1251,0.5550,-47.4243,-155.0293,-38.6353,1.2148,,
DATA,A008,3,438,1417850,-1.0682,0.1058,0.5143,-59.2651,-213.1958,-28.5645,1.1903,,
DATA,A008,3,439,1417860,-1.0248,0.0750,0.4398,-75.9888,-307.3730,-9.9487,1.1177,,
DATA,A008,3,440,1417870,-0.9501,0.0555,0.3968,-84.5947,-364.6851,3.9062,1.0311,,
DATA,A008,3,441,1417880,-0.7303,0.0203,0.4274,-90.6372,-426.2085,20.2026,0.8464,,
DATA,A008,3,442,1417890,-0.5292,0.0071,0.4591,-91.5527,-444.5190,29.2969,0.7006,,
DATA,A008,3,443,1417900,-0.3024,-0.0258,0.4567,-93.6279,-432.2510,45.1660,0.5483,,
DATA,A008,3,444,1417910,-0.2203,-0.0700,0.4342,-90.8203,-399.7192,57.1289,0.4919,,
DATA,A008,3,445,1417920,-0.1959,-0.1210,0.4181,-75.5005,-335.8154,70.8008,0.4773,,
DATA,A008,3,446,1417930,-0.2462,-0.1440,0.4291,-62.2559,-298.0347,77.4536,0.5152,,
DATA,A008,3,447,1417940,-0.3382,-0.1345,0.4730,-40.8936,-259.7046,87.1582,0.5969,,
DATA,A008,3,448,1417950,-0.3326,-0.1130,0.5355,-27.9541,-240.9058,92.5903,0.6405,,
DATA,A008,3,449,1417960,-0.3282,-0.0519,0.5450,-14.4653,-216.4307,100.8301,0.6384,,
DATA,A008,3,450,1417970,-0.3265,-0.0327,0.5568,-6.2256,-192.1997,102.8442,0.6463,,
DATA,A008,3,451,1417980,-0.3177,-0.0275,0.5841,12.2681,-151.6724,105.0415,0.6655,,
DATA,A008,3,452,1417990,-0.3653,0.0047,0.5846,26.2451,-134.8877,108.8257,0.6894,,
DATA,A008,3,453,1418000,-0.5096,0.0577,0.6654,46.2646,-126.0376,117.1265,0.8401,,
DATA,A008,3,454,1418010,-0.6410,0.1400,0.7279,55.8472,-132.3242,118.9575,0.9799,,
DATA,A008,3,455,1418020,-0.8111,0.2894,0.7684,61.5845,-154.2969,109.2529,1.1542,,
DATA,A008,3,456,1418030,-0.8539,0.3626,0.7594,60.9131,-173.7671,99.9756,1.1989,,
DATA,A008,3,457,1418040,-0.8236,0.3880,0.7096,57.4951,-203.3081,88.8672,1.1543,,
DATA,A008,3,458,1418050,-0.7535,0.3533,0.7042,59.0210,-212.0972,77.2095,1.0902,,
DATA,A008,3,459,1418060,-0.5318,0.3121,0.7098,66.7114,-200.5615,58.8379,0.9403,,
DATA,A008,3,460,1418070,-0.4037,0.2899,0.7467,71.4722,-185.2417,51.7578,0.8970,,
DATA,A008,3,461,1418080,-0.3536,0.3099,0.8007,72.7539,-154.6021,43.2739,0.9285,,
DATA,A008,3,462,1418090,-0.4161,0.3394,0.8297,70.9839,-134.0332,34.8511,0.9883,,
DATA,A008,3,463,1418100,-0.5348,0.3751,0.8414,65.7349,-109.2529,18.4937,1.0652,,
DATA,A008,3,464,1418110,-0.5455,0.3804,0.8426,62.1948,-99.2432,7.2021,1.0735,,
DATA,A008,3,465,1418120,-0.4857,0.3812,0.8119,60.6079,-87.5244,-3.5400,1.0200,,
DATA,A008,3,466,1418130,-0.4286,0.3785,0.7970,61.0962,-80.0781,-7.8735,0.9809,,
DATA,A008,3,467,1418140,-0.3829,0.3868,0.7989,63.3545,-69.7021,-13.4277,0.9667,,
DATA,A008,3,468,1418150,-0.3165,0.4168,0.7914,65.1245,-49.0112,-21.7285,0.9488,,
DATA,A008,3,469,1418160,-0.2748,0.4254,0.7631,64.6973,-36.9263,-24.9023,0.9158,,
DATA,A008,3,470,1418170,-0.1922,0.3953,0.7455,62.9883,-24.0479,-28.1372,0.8654,,
DATA,A008,3,471,1418180,-0.1583,0.3646,0.7816,62.6831,-17.6392,-31.1279,0.8769,,
DATA,A008,3,472,1418190,-0.1420,0.3611,0.8419,64.8804,-0.8545,-39.3677,0.9270,,
DATA,A008,3,473,1418200,-0.1434,0.3812,0.8485,65.1855,14.8926,-46.0815,0.9412,,
DATA,A008,3,474,1418210,-0.1102,0.3878,0.8434,60.1196,44.7388,-50.1099,0.9348,,
DATA,A008,3,475,1418220,-0.0577,0.3743,0.8226,54.7485,67.5049,-50.6592,0.9056,,
DATA,A008,3,476,1418230,0.0153,0.3690,0.9335,53.4058,118.5913,-51.8799,1.0038,,
DATA,A008,3,477,1418240,0.0612,0.4432,0.9696,55.8472,156.6772,-52.3682,1.0678,,
DATA,A008,3,478,1418250,-0.0611,0.5430,1.0301,50.4150,196.4111,-38.6963,1.1661,,
DATA,A008,3,479,1418260,-0.1500,0.5858,1.1102,43.2739,204.9561,-33.2031,1.2642,,
DATA,A008,3,480,1418270,-0.2318,0.5753,1.0922,28.1982,198.3643,-33.0811,1.2560,,
DATA,A008,3,481,1418280,-0.2589,0.5203,1.0282,20.3247,195.0073,-34.8511,1.1811,,
DATA,A008,3,482,1418290,-0.2640,0.4627,0.9886,19.7144,197.5708,-37.4756,1.1230,,
DATA,A008,3,483,1418300,-0.3046,0.4808,0.9803,23.4985,205.3223,-37.7808,1.1336,,
DATA,A008,3,484,1418310,-0.3773,0.5557,0.9977,28.1372,217.0410,-40.3442,1.2027,,
DATA,A008,3,485,1418320,-0.4347,0.6006,1.0204,26.8555,219.6045,-43.1519,1.2613,,
DATA,A008,3,486,1418330,-0.4991,0.6419,1.0257,18.6768,220.4590,-48.2178,1.3089,,
DATA,A008,3,487,1418340,-0.5187,0.6285,0.9820,12.3901,217.0410,-51.3916,1.2761,,
DATA,A008,3,488,1418350,-0.5082,0.5445,0.9430,6.1646,206.1768,-52.9785,1.2016,,
DATA,A008,3,489,1418360,-0.4855,0.4942,0.9100,5.3711,198.7915,-52.9175,1.1437,,
DATA,A008,3,490,1418370,-0.4833,0.4573,0.8653,9.0942,197.5708,-53.2837,1.0916,,
DATA,A008,3,491,1418380,-0.4908,0.4608,0.8614,12.9395,203.3081,-56.0913,1.0933,,
DATA,A008,3,492,1418390,-0.5353,0.5140,0.8766,16.5405,217.8955,-57.6782,1.1485,,
DATA,A008,3,493,1418400,-0.6263,0.5547,0.8634,13.7329,220.0317,-56.5186,1.2023,,
DATA,A008,3,494,1418410,-0.7753,0.5728,0.8194,6.4697,212.8906,-55.7861,1.2652,,
DATA,A008,3,495,1418420,-0.8480,0.5447,0.7765,2.1362,193.4814,-57.7393,1.2723,,
DATA,A008,3,496,1418430,-0.8653,0.4429,0.7572,-0.6714,156.2500,-61.1572,1.2322,,
DATA,A008,3,497,1418440,-0.8204,0.3948,0.7714,3.1738,130.4321,-63.4155,1.1933,,
DATA,A008,3,498,1418450,-0.7289,0.4014,0.7858,13.1836,101.0742,-67.7490,1.1445,,
DATA,A008,3,499,1418460,-0.6754,0.4210,0.8165,17.4561,86.9751,-68.9087,1.1402,,
DATA,A008,3,500,1418470,-0.6603,0.4400,0.8500,19.1040,71.8384,-68.1152,1.1628,,
DATA,A008,3,501,1418480,-0.7728,0.4485,0.8094,16.9067,32.1045,-67.8101,1.2057,,
DATA,A008,3,502,1418490,-0.8192,0.4285,0.8548,16.4185,-23.1323,-65.6738,1.2592,,
DATA,A008,3,503,1418500,-0.7718,0.4300,0.8629,17.3340,-61.4014,-66.3452,1.2350,,
DATA,A008,3,504,1418510,-0.6769,0.4363,0.8649,18.0054,-89.6606,-69.5801,1.1817,,
DATA,A008,3,505,1418520,-0.5543,0.4305,0.9210,20.5688,-107.1777,-72.8760,1.1579,,
DATA,A008,3,506,1418530,-0.4974,0.4219,0.9769,21.5454,-105.2246,-73.6694,1.1747,,
DATA,A008,3,507,1418540,-0.4022,0.4122,1.0758,23.2544,-91.6748,-75.3174,1.2202,,
DATA,A008,3,508,1418550,-0.3859,0.4214,1.0885,20.9961,-79.4067,-76.0498,1.2294,,
DATA,A008,3,509,1418560,-0.4076,0.4510,1.0145,10.9253,-67.6880,-76.7822,1.1827,,
DATA,A008,3,510,1418570,-0.4613,0.4510,1.0121,1.4038,-67.3828,-75.1953,1.2002,,
DATA,A008,3,511,1418580,-0.5912,0.4556,1.0074,-12.9395,-83.8623,-67.5659,1.2538,,
DATA,A008,3,512,1418590,-0.6344,0.4649,0.9930,-24.9023,-108.0322,-62.1948,1.2668,,
DATA,A008,3,513,1418600,-0.5875,0.4791,0.9601,-47.8516,-156.3721,-50.4150,1.2233,,
DATA,A008,3,514,1418610,-0.4552,0.4759,1.0018,-64.6973,-186.5845,-41.3818,1.1989,,
DATA,A008,3,515,1418620,-0.2286,0.4810,1.1222,-93.2007,-222.4121,-24.0479,1.2422,,
DATA,A008,3,516,1418630,-0.0902,0.4759,1.2132,-118.1641,-231.8115,-5.1880,1.3064,,
DATA,A008,3,517,1418640,0.1254,0.4063,1.2953,-161.1328,-228.8208,25.7568,1.3633,,
DATA,A008,3,518,1418650,0.2579,0.3260,1.2950,-185.0586,-210.1440,47.3022,1.3601,,
DATA,A008,3,519,1418660,0.3558,0.2034,1.1710,-206.5430,-158.8135,81.4209,1.2407,,
DATA,A008,3,520,1418670,0.3529,0.1219,1.0924,-212.0361,-109.9243,102.9663,1.1544,,
DATA,A008,3,521,1418680,0.2411,0.0552,0.9376,-207.8247,-18.9209,126.7090,0.9697,,
DATA,A008,3,522,1418690,0.1078,0.0015,0.8541,-205.9326,42.6636,135.8032,0.8609,,
DATA,A008,3,523,1418700,-0.0589,-0.1913,0.8780,-189.0259,119.5679,136.1084,0.9006,,
DATA,A008,3,524,1418710,-0.1659,-0.2031,0.8873,-168.7012,144.1040,137.0239,0.9253,,
DATA,A008,3,525,1418720,-0.3299,-0.0451,0.8827,-140.1367,146.2402,140.0146,0.9434,,
DATA,A008,3,526,1418730,-0.4344,0.0623,0.8170,-132.5684,134.8267,137.3291,0.9274,,
DATA,A008,3,527,1418740,-0.5799,0.0577,0.6241,-134.8267,97.4731,128.2349,0.8539,,
DATA,A008,3,528,1418750,-0.6527,-0.0612,0.5196,-132.2632,68.7256,120.4834,0.8365,,
DATA,A008,3,529,1418760,-0.6788,-0.2101,0.4342,-105.7739,37.0483,109.2529,0.8328,,
DATA,A008,3,530,1418770,-0.6844,-0.2099,0.3939,-77.2705,22.0337,104.4312,0.8171,,
DATA,A008,3,531,1418780,-0.6400,-0.1076,0.3824,-34.9731,11.9019,96.7407,0.7533,,
DATA,A008,3,532,1418790,-0.6307,-0.0297,0.3585,-14.2212,7.7515,93.0176,0.7261,,
DATA,A008,3,533,1418800,-0.6346,0.0098,0.3580,2.6245,3.1738,86.3647,0.7287,,
DATA,A008,3,534,1418810,-0.6571,0.0237,0.3844,24.9023,-4.5166,74.8901,0.7616,,
DATA,A008,3,535,1418820,-0.6815,0.0528,0.4313,40.8936,-11.9629,68.3594,0.8082,,
DATA,A008,3,536,1418830,-0.7025,0.1627,0.4523,64.1479,-23.4375,61.0352,0.8512,,
DATA,A008,3,537,1418840,-0.7289,0.2449,0.4640,73.6694,-31.5552,57.8613,0.8981,,
DATA,A008,3,538,1418850,-0.7562,0.3318,0.4628,78.7354,-41.6260,49.9878,0.9466,,
DATA,A008,3,539,1418860,-0.7525,0.3475,0.4391,78.8574,-47.9126,43.8232,0.9380,,
DATA,A008,3,540,1418870,-0.7132,0.3104,0.4032,79.5288,-58.2886,36.9873,0.8761,,
DATA,A008,3,541,1418880,-0.6544,0.2737,0.3629,82.5195,-64.5752,32.9590,0.7968,,
DATA,A008,3,542,1418890,-0.5819,0.2371,0.3961,92.8345,-71.8384,27.5879,0.7428,,
DATA,A008,3,543,1418900,-0.5565,0.2921,0.4903,102.6611,-68.2983,23.9868,0.7971,,
DATA,A008,3,544,1418910,-0.5653,0.4114,0.6830,105.8350,-63.7817,17.3340,0.9774,,
DATA,A008,3,545,1418920,-0.6359,0.4913,0.8285,100.0366,-63.5986,14.1602,1.1541,,
DATA,A008,3,546,1418930,-0.8246,0.5137,0.9205,84.1064,-71.4722,-0.1221,1.3384,,
DATA,A008,3,547,1418940,-0.7501,0.4969,0.9589,78.4302,-72.2046,-17.6392,1.3149,,
DATA,A008,3,548,1418950,-0.5653,0.4639,0.9032,73.6084,-71.7773,-15.0757,1.1621,,
DATA,A008,3,549,1418960,-0.4427,0.4239,0.9183,71.4111,-64.5142,-13.0005,1.1041,,
DATA,A008,3,550,1418970,-0.3214,0.3853,0.9315,67.4438,-37.5977,-19.0430,1.0581,,
DATA,A008,3,551,1418980,-0.2855,0.3831,0.9310,66.1011,-16.4795,-24.0479,1.0465,,
DATA,A008,3,552,1418990,-0.2799,0.3990,0.9269,65.4907,9.8267,-28.1372,1.0472,,
DATA,A008,3,553,1419000,-0.2860,0.3975,0.9366,64.4531,19.4092,-26.6724,1.0569,,
DATA,A008,3,554,1419010,-0.3351,0.3550,0.9239,58.4717,22.5220,-25.6958,1.0450,,
DATA,A008,3,555,1419020,-0.3553,0.3055,0.9415,54.8706,20.3857,-25.1465,1.0517,,
DATA,A008,3,556,1419030,-0.2860,0.2689,1.0048,55.9082,8.1787,-21.3623,1.0787,,
DATA,A008,3,557,1419040,-0.2064,0.2881,1.0865,55.5420,-0.4272,-18.8599,1.1429,,
DATA,A008,3,558,1419050,-0.1205,0.3804,1.1832,49.1333,-0.7935,-21.3623,1.2487,,
DATA,A008,3,559,1419060,-0.1175,0.4427,1.1678,43.5791,5.3711,-24.6582,1.2544,,
DATA,A008,3,560,1419070,-0.1979,0.4844,1.1566,37.0483,20.3857,-25.5127,1.2695,,
DATA,A008,3,561,1419080,-0.2501,0.5215,1.1576,37.4146,32.7759,-31.0059,1.2940,,
DATA,A008,3,562,1419090,-0.2860,0.5648,1.1090,34.9731,46.4478,-34.7290,1.2770,,
DATA,A008,3,563,1419100,-0.3268,0.5435,1.0861,29.7241,48.2178,-35.0952,1.2577,,
DATA,A008,3,564,1419110,-0.3092,0.5098,1.1061,23.4985,40.7104,-37.9028,1.2565,,
DATA,A008,3,565,1419120,-0.2440,0.5218,1.0858,19.8975,26.5503,-37.5366,1.2291,,
DATA,A008,3,566,1419130,-0.1378,0.5618,1.0218,12.3901,13.3667,-36.3159,1.1742,,
DATA,A008,3,567,1419140,-0.0846,0.5740,0.9842,7.2632,18.2495,-34.7290,1.1425,,
DATA,A008,3,568,1419150,-0.0660,0.5750,0.9144,3.4180,29.1748,-32.4097,1.0822,,
DATA,A008,3,569,1419160,-0.0912,0.5423,0.8368,1.0376,51.6968,-31.2500,1.0013,,
DATA,A008,3,570,1419170,-0.1207,0.4896,0.8353,0.6104,66.1621,-30.0293,0.9757,,
DATA,A008,3,571,1419180,-0.2316,0.4051,0.8277,-0.5493,73.7915,-24.2920,0.9502,,
DATA,A008,3,572,1419190,-0.3209,0.3519,0.8339,0.3052,68.9087,-23.9258,0.9603,,
DATA,A008,3,573,1419200,-0.3505,0.3279,0.8871,6.2866,55.3589,-23.9258,1.0086,,
DATA,A008,3,574,1419210,-0.2862,0.3555,0.8922,8.2397,41.9922,-23.1934,1.0022,,
DATA,A008,3,575,1419220,-0.1891,0.4014,0.9088,6.4697,42.3584,-22.8882,1.0113,,
DATA,A008,3,576,1419230,-0.1422,0.4129,0.8773,2.5635,56.5796,-23.9258,0.9800,,
DATA,A008,3,577,1419240,-0.1835,0.3602,0.9003,-4.6387,80.5664,-24.4141,0.9868,,
DATA,A008,3,578,1419250,-0.2594,0.3165,0.9452,-7.6904,95.5811,-20.3857,1.0300,,
DATA,A008,3,579,1419260,-0.3490,0.2618,1.0165,-11.6577,94.3604,-12.2681,1.1061,,
DATA,A008,3,580,1419270,-0.4081,0.2488,1.0777,-12.8174,83.9233,-7.8125,1.1790,,
DATA,A008,3,581,1419280,-0.4440,0.2718,1.0856,-14.9536,69.9463,-6.5308,1.2039,,
DATA,A008,3,582,1419290,-0.4239,0.2869,1.0563,-18.1885,66.7114,-5.3711,1.1738,,
DATA,A008,3,583,1419300,-0.3751,0.2308,1.0177,-25.7568,79.3457,-1.8921,1.1089,,
DATA,A008,3,584,1419310,-0.3465,0.1277,1.0011,-31.5552,100.4639,-2.0142,1.0670,,
DATA,A008,3,585,1419320,-0.3575,-0.0541,1.0016,-34.4238,145.1416,-2.1362,1.0649,,
DATA,A008,3,586,1419330,-0.4142,-0.1223,0.9921,-30.7007,179.3823,-1.5869,1.0820,,
DATA,A008,3,587,1419340,-0.4984,-0.1213,1.0321,-20.9961,226.0742,0.4883,1.1525,,
DATA,A008,3,588,1419350,-0.5694,-0.0678,1.0631,-18.4937,246.4600,3.6621,1.2079,,
DATA,A008,3,589,1419360,-0.6671,-0.0180,1.0536,-26.3672,263.5498,5.1880,1.2471,,
DATA,A008,3,590,1419370,-0.7252,-0.0275,1.0116,-36.2549,263.9160,4.3945,1.2450,,
DATA,A008,3,591,1419380,-0.8104,-0.0593,0.9767,-47.8516,253.9673,5.1270,1.2705,,
DATA,A008,3,592,1419390,-0.8443,-0.0715,0.9437,-51.8188,243.8965,5.0049,1.2683,,
DATA,A008,3,593,1419400,-0.9022,-0.0654,0.8832,-54.3823,227.9053,4.0283,1.2642,,
DATA,A008,3,594,1419410,-0.9276,-0.0717,0.8722,-54.9316,221.9238,1.5869,1.2753,,
DATA,A008,3,595,1419420,-1.0067,-0.0505,0.8243,-55.8472,211.4868,-5.7373,1.3021,,
DATA,A008,3,596,1419430,-1.0790,-0.0236,0.8173,-52.7344,195.9839,-7.7515,1.3537,,
DATA,A008,3,597,1419440,-1.1329,0.0679,0.8199,-47.1191,151.8555,-5.9204,1.4002,,
DATA,A008,3,598,1419450,-1.1266,0.1351,0.8033,-47.3022,114.5630,-5.3711,1.3902,,
DATA,A008,3,599,1419460,-1.0536,0.1832,0.7335,-54.6875,57.6172,-2.8076,1.2968,,
DATA,A008,3,600,1419470,-1.0138,0.1729,0.6442,-59.6313,18.4937,1.4038,1.2135,,
DATA,A008,3,601,1419480,-0.9684,0.1504,0.5553,-59.6313,-14.7705,2.6855,1.1264,,
DATA,A008,3,602,1419490,-0.8463,0.1280,0.4784,-51.8799,-45.5933,3.1738,0.9805,,
DATA,A008,3,603,1419500,-0.7831,0.1275,0.4564,-43.8232,-59.0210,2.6855,0.9153,,
DATA,A008,3,604,1419510,-0.8065,0.1929,0.4064,-29.6021,-73.1201,4.1504,0.9235,,
DATA,A008,3,605,1419520,-0.8849,0.2925,0.4169,-18.4937,-86.3037,1.8921,1.0210,,
DATA,A008,3,606,1419530,-0.9864,0.4551,0.4664,-6.4697,-112.3047,-3.6621,1.1823,,
DATA,A008,3,607,1419540,-1.0047,0.5328,0.5035,-7.3853,-132.2632,-7.9956,1.2437,,
DATA,A008,3,608,1419550,-0.9796,0.5335,0.5472,-21.5454,-167.6025,-12.1460,1.2425,,
DATA,A008,3,609,1419560,-0.9266,0.4564,0.5331,-32.2876,-190.1855,-12.6953,1.1623,,
DATA,A008,3,610,1419570,-0.8131,0.3328,0.5123,-33.5083,-214.5386,-15.0757,1.0170,,
DATA,A008,3,611,1419580,-0.6654,0.2872,0.5485,-25.8179,-220.8862,-17.5171,0.9089,,
DATA,A008,3,612,1419590,-0.4557,0.2567,0.5858,-16.8457,-211.7310,-16.2354,0.7853,,
DATA,A008,3,613,1419600,-0.3732,0.2247,0.6073,-13.4277,-198.7305,-13.6719,0.7473,,
DATA,A008,3,614,1419610,-0.4022,0.1680,0.6649,-5.4321,-188.6597,-3.0518,0.7951,,
DATA,A008,3,615,1419620,-0.4935,0.1580,0.6671,0.9155,-194.9463,2.6855,0.8447,,
DATA,A008,3,616,1419630,-0.5629,0.1920,0.6031,10.1318,-221.3745,6.1035,0.8470,,
DATA,A008,3,617,1419640,-0.5023,0.2462,0.6058,16.6626,-245.4224,7.0801,0.8246,,
DATA,A008,3,618,1419650,-0.3190,0.3379,0.6871,21.1792,-256.6528,3.7842,0.8295,,
DATA,A008,3,619,1419660,-0.1698,0.3670,0.7106,18.1274,-239.1357,-1.4038,0.8176,,
DATA,A008,3,620,1419670,-0.1654,0.3646,0.7919,13.8550,-187.9272,-4.8218,0.8873,,
DATA,A008,3,621,1419680,-0.2504,0.3795,0.9303,16.7236,-136.1694,-15.5029,1.0354,,
DATA,A008,3,622,1419690,-0.4193,0.4051,0.9611,14.6484,-81.1157,-23.1323,1.1241,,
DATA,A008,3,623,1419700,-0.4957,0.4039,0.9569,11.3525,-78.9185,-19.0430,1.1509,,
DATA,A008,3,624,1419710,-0.4601,0.4200,0.9581,5.4932,-102.9663,-15.7471,1.1428,,
DATA,A008,3,625,1419720,-0.3373,0.4068,0.9430,-3.6011,-116.5161,-19.2871,1.0809,,
DATA,A008,3,626,1419730,-0.1852,0.3001,0.8859,-18.2495,-114.3799,-23.0713,0.9535,,
DATA,A008,3,627,1419740,-0.1566,0.2081,0.8575,-19.8975,-98.6938,-23.6816,0.8962,,
DATA,A008,3,628,1419750,-0.1776,0.1160,0.7872,-11.0474,-75.5615,-19.8364,0.8153,,
DATA,A008,3,629,1419760,-0.1864,0.0938,0.7604,-1.0376,-67.9321,-19.8975,0.7885,,
DATA,A008,3,630,1419770,-0.1598,0.1441,0.7443,16.6016,-61.6455,-21.1182,0.7747,,
DATA,A008,3,631,1419780,-0.1471,0.2034,0.7286,23.5596,-59.5093,-20.5688,0.7707,,
DATA,A008,3,632,1419790,-0.1070,0.2623,0.7958,27.1606,-55.6641,-17.3950,0.8447,,
DATA,A008,3,633,1419800,-0.0992,0.2979,0.8334,25.5737,-51.0864,-14.3433,0.8906,,
DATA,A008,3,634,1419810,-0.1066,0.3018,0.8590,18.7378,-43.4570,-12.0850,0.9167,,
DATA,A008,3,635,1419820,-0.1236,0.2759,0.8553,13.4277,-40.1611,-9.8877,0.9072,,
DATA,A008,3,636,1419830,-0.1388,0.2483,0.8546,11.2305,-38.8794,-8.3618,0.9007,,
DATA,A008,3,637,1419840,-0.1268,0.2547,0.8888,14.7705,-34.9731,-8.4839,0.9332,,
DATA,A008,3,638,1419850,-0.1029,0.2911,0.9611,16.5405,-29.4189,-8.3008,1.0094,,
DATA,A008,3,639,1419860,-0.0987,0.3421,1.0421,13.0615,-19.9585,-6.7139,1.1013,,
DATA,A008,3,640,1419870,-0.1290,0.3321,1.0111,6.6528,-13.2446,-7.3853,1.0720,,
DATA,A008,3,641,1419880,-0.1341,0.2610,1.0150,1.6479,-7.6294,-11.9629,1.0566,,
DATA,A008,3,642,1419890,-0.1232,0.2242,1.0126,2.3804,-6.0425,-12.2681,1.0444,,
DATA,A008,3,643,1419900,-0.0992,0.1763,1.0062,4.6387,-3.4790,-12.3291,1.0264,,
DATA,A008,3,644,1419910,-0.0736,0.1727,1.0487,7.2632,1.0376,-13.4888,1.0654,,
DATA,A008,3,645,1419920,-0.0345,0.2020,1.0514,10.1929,10.1929,-12.9395,1.0712,,
DATA,A008,3,646,1419930,-0.0292,0.2034,1.0050,10.0098,18.1274,-12.8174,1.0258,,
DATA,A008,3,647,1419940,-0.0594,0.1634,0.9274,10.8032,27.5879,-12.6953,0.9435,,
DATA,A008,3,648,1419950,-0.0641,0.1544,0.9691,15.9912,33.6914,-13.1226,0.9834,,
DATA,A008,3,649,1419960,-0.0712,0.2320,1.0297,22.0337,46.9360,-13.0005,1.0579,,
DATA,A008,3,650,1419970,-0.0997,0.2855,1.1236,19.4092,55.3589,-13.3057,1.1636,,
DATA,A008,3,651,1419980,-0.1349,0.3433,1.2369,5.3101,54.8096,-11.0474,1.2908,,
DATA,A008,3,652,1419990,-0.1324,0.3458,1.2616,-7.3853,46.0205,-10.0708,1.3148,,
DATA,A008,3,653,1420000,-0.0719,0.2847,1.2037,-22.3389,29.2969,-9.7046,1.2390,,
DATA,A008,3,654,1420010,-0.0038,0.2117,1.1014,-28.0762,23.4375,-9.0332,1.1216,,
DATA,A008,3,655,1420020,0.0643,0.0989,0.9906,-27.2217,29.7241,-8.3008,0.9976,,
DATA,A008,3,656,1420030,0.0914,0.0704,0.9442,-18.5547,39.2456,-8.1787,0.9512,,
DATA,A008,3,657,1420040,0.0590,0.0970,0.9208,0.0000,54.5654,-5.9814,0.9277,,
DATA,A008,3,658,1420050,-0.0011,0.1470,0.9152,10.9253,62.3169,-5.4932,0.9269,,
DATA,A008,3,659,1420060,-0.1102,0.1788,0.7911,17.5171,65.7349,-7.2021,0.8185,,
DATA,A008,3,660,1420070,-0.1608,0.1424,0.6652,19.8975,61.7676,-8.1177,0.6990,,
DATA,A008,3,661,1420080,-0.1315,0.1060,0.7938,32.8369,49.3774,-7.8125,0.8116,,
DATA,A008,3,662,1420090,-0.1378,0.1702,0.9437,40.2222,37.6587,-2.7466,0.9688,,
DATA,A008,3,663,1420100,-0.1871,0.2952,1.0282,33.3862,20.5078,2.4414,1.0860,,
DATA,A008,3,664,1420110,-0.2228,0.3555,1.0509,22.7051,8.8501,1.5869,1.1315,,
DATA,A008,3,665,1420120,-0.2201,0.3726,1.0853,8.0566,0.9766,-4.0283,1.1684,,
DATA,A008,3,666,1420130,-0.2157,0.3284,1.0621,-1.6479,-0.1221,-4.8828,1.1325,,
DATA,A008,3,667,1420140,-0.1666,0.2308,1.0365,-7.8735,-2.2583,-5.1270,1.0749,,
DATA,A008,3,668,1420150,-0.1302,0.2078,1.0211,-4.5776,-1.4038,-5.1880,1.0502,,
DATA,A008,3,669,1420160,-0.0968,0.2166,0.9935,-2.0752,5.3101,-5.9814,1.0215,,
DATA,A008,3,670,1420170,-0.0621,0.2313,1.0040,-1.7700,18.7378,-7.8125,1.0322,,
DATA,A008,3,671,1420180,-0.0768,0.2418,1.0121,-2.6855,25.8179,-6.5918,1.0434,,
DATA,A008,3,672,1420190,-0.1354,0.2327,0.9996,-5.4932,30.5786,-4.2114,1.0352,,
DATA,A008,3,673,1420200,-0.1781,0.2129,0.9967,-6.8970,26.4282,-3.7842,1.0346,,
DATA,A008,3,674,1420210,-0.1935,0.2081,1.0233,-5.3101,14.6484,-2.6855,1.0620,,
DATA,A008,3,675,1420220,-0.1708,0.2186,1.0365,-4.5166,7.5073,-1.6479,1.0730,,
DATA,A008,3,676,1420230,-0.1229,0.2188,0.9882,-5.3711,7.5684,-1.5869,1.0195,,
DATA,A008,3,677,1420240,-0.1117,0.1858,0.9476,-4.3335,14.7705,-2.5024,0.9721,,
DATA,A008,3,678,1420250,-0.1024,0.1287,0.9134,1.9531,32.4707,-3.6621,0.9281,,
DATA,A008,3,679,1420260,-0.1070,0.1231,0.9396,9.3384,42.7856,-1.7090,0.9536,,
DATA,A008,3,680,1420270,-0.1544,0.2247,1.0758,18.4937,51.4526,-0.1831,1.1098,,
DATA,A008,3,681,1420280,-0.1959,0.3441,1.1542,17.2729,53.7720,-0.9766,1.2202,,
DATA,A008,3,682,1420290,-0.2369,0.4283,1.1222,-3.7231,42.3584,1.6479,1.2243,,
DATA,A008,3,683,1420300,-0.2110,0.4053,1.1029,-16.0522,36.2549,0.9155,1.1938,,
DATA,A008,3,684,1420310,-0.1400,0.3082,1.0218,-24.5972,35.2783,0.4272,1.0764,,
DATA,A008,3,685,1420320,-0.0795,0.2137,0.9725,-25.2075,41.5039,-2.0752,0.9989,,
DATA,A008,3,686,1420330,-0.0856,0.0848,0.9088,-18.1885,49.9268,-3.3569,0.9168,,
DATA,A008,3,687,1420340,-0.1273,0.0467,0.8539,-8.1177,54.4434,-3.9062,0.8646,,
DATA,A008,3,688,1420350,-0.2152,0.0538,0.6827,7.8125,46.7529,-5.7373,0.7179,,
DATA,A008,3,689,1420360,-0.2203,0.0767,0.7374,18.8599,36.6821,-8.9722,0.7734,,
DATA,A008,3,690,1420370,-0.2374,0.1927,0.8470,30.2124,18.4326,-9.5215,0.9005,,
DATA,A008,3,691,1420380,-0.2582,0.2435,0.8463,26.7334,8.6060,-9.4604,0.9177,,
DATA,A008,3,692,1420390,-0.2709,0.2452,0.9261,20.2026,-4.3945,-9.7656,0.9956,,
DATA,A008,3,693,1420400,-0.2594,0.2620,1.0035,18.7988,-12.0239,-9.0332,1.0691,,
DATA,A008,3,694,1420410,-0.2533,0.2984,1.0113,13.5498,-18.3105,-8.5449,1.0844,,
DATA,A008,3,695,1420420,-0.2455,0.2913,0.9996,7.3853,-19.7754,-9.3994,1.0698,,
DATA,A008,3,696,1420430,-0.2045,0.2593,0.9630,1.1597,-17.0288,-9.2163,1.0181,,
DATA,A008,3,697,1420440,-0.1608,0.2366,0.9127,-0.9155,-11.1084,-10.0098,0.9565,,
DATA,A008,3,698,1420450,-0.0919,0.1995,0.9327,1.4648,6.2256,-8.6060,0.9582,,
DATA,A008,3,699,1420460,-0.0987,0.2098,0.9388,3.6621,20.1416,-6.4697,0.9670,,
DATA,A008,3,700,1420470,-0.1510,0.2381,1.0006,5.1880,37.1704,-4.8218,1.0396,,
DATA,A008,3,701,1420480,-0.1952,0.2647,1.0785,5.3711,40.7104,-3.7231,1.1275,,
DATA,A008,3,702,1420490,-0.2618,0.2811,1.0951,-0.8545,34.9121,-3.9673,1.1605,,
DATA,A008,3,703,1420500,-0.2804,0.2405,1.0856,-5.7983,28.1982,-6.4697,1.1467,,
DATA,A008,3,704,1420510,-0.2677,0.1851,1.0548,-6.8359,22.9492,-9.2773,1.1039,,
DATA,A008,3,705,1420520,-0.2213,0.0948,0.8668,-2.9907,15.9912,-12.5122,0.8996,,
DATA,A008,3,706,1420530,-0.1669,0.0399,0.8990,5.6152,14.8315,-13.2446,0.9153,,
DATA,A008,3,707,1420540,-0.1495,0.1509,0.9647,23.8037,22.2778,-9.8877,0.9878,,
DATA,A008,3,708,1420550,-0.1615,0.2532,0.9835,26.3062,27.0996,-10.7422,1.0283,,
DATA,A008,3,709,1420560,-0.2403,0.3204,1.0616,15.9912,27.5269,-10.8032,1.1347,,
DATA,A008,3,710,1420570,-0.2755,0.3255,1.0953,5.7983,16.9678,-10.7422,1.1754,,
DATA,A008,3,711,1420580,-0.2589,0.2850,1.1229,-2.5635,0.7324,-11.2305,1.1871,,
DATA,A008,3,712,1420590,-0.2091,0.2562,1.1207,-4.6387,-5.0049,-11.3525,1.1685,,
DATA,A008,3,713,1420600,-0.1549,0.2012,1.0570,-7.2021,-8.3008,-12.8784,1.0871,,
DATA,A008,3,714,1420610,-0.1290,0.1722,1.0387,-5.0049,-6.6528,-12.3901,1.0607,,
DATA,A008,3,715,1420620,-0.0821,0.1812,1.0023,3.6011,7.8125,-13.1226,1.0219,,
DATA,A008,3,716,1420630,-0.1024,0.1924,0.9474,6.7749,16.7236,-13.0005,0.9721,,
DATA,A008,3,717,1420640,-0.1517,0.1641,0.8138,9.5215,24.7192,-13.9160,0.8440,,
DATA,A008,3,718,1420650,-0.1842,0.1111,0.6927,12.6953,22.3389,-13.5498,0.7254,,
DATA,A008,3,719,1420660,-0.1893,0.0731,0.8121,25.2686,14.0991,-11.2305,0.8371,,
DATA,A008,3,720,1420670,-0.2096,0.1412,0.9271,32.0435,6.3477,-6.2256,0.9609,,
DATA,A008,3,721,1420680,-0.2423,0.2581,0.9186,26.1230,-10.0098,1.1597,0.9844,,
DATA,A008,3,722,1420690,-0.2352,0.2955,0.9628,19.8975,-18.6157,1.9531,1.0342,,
DATA,A008,3,723,1420700,-0.1962,0.3226,0.9508,11.7188,-19.2871,1.1597,1.0230,,
DATA,A008,3,724,1420710,-0.1669,0.2825,0.9032,5.7983,-13.4277,1.2207,0.9609,,
DATA,A008,3,725,1420720,-0.1122,0.2127,0.9777,5.9814,2.1973,2.3193,1.0068,,
DATA,A008,3,726,1420730,-0.1095,0.2205,1.0267,10.8643,15.4419,3.3569,1.0558,,
DATA,A008,3,727,1420740,-0.1478,0.2645,1.0592,12.5122,33.3862,2.5024,1.1017,,
DATA,A008,3,728,1420750,-0.1791,0.2874,1.0738,9.8267,40.7715,1.2207,1.1260,,
DATA,A008,3,729,1420760,-0.2096,0.2828,1.0546,5.0659,40.4663,0.9766,1.1117,,
DATA,A008,3,730,1420770,-0.2296,0.2552,1.0121,3.6011,34.8511,0.7935,1.0687,,
DATA,A008,3,731,1420780,-0.2340,0.2212,0.9855,6.7749,26.7334,-1.5259,1.0367,,
DATA,A008,3,732,1420790,-0.2101,0.2303,0.9696,10.4370,22.7661,-2.8076,1.0185,,
DATA,A008,3,733,1420800,-0.1622,0.2339,0.9271,12.1460,18.1274,-2.8076,0.9698,,
DATA,A008,3,734,1420810,-0.1288,0.2308,0.9232,13.6719,17.7612,-3.1738,0.9603,,
DATA,A008,3,735,1420820,-0.1085,0.2430,0.9120,16.7236,20.2637,-3.3569,0.9500,,
DATA,A008,3,736,1420830,-0.1229,0.2457,0.9095,17.8223,22.7661,-2.2583,0.9501,,
DATA,A008,3,737,1420840,-0.1590,0.2444,0.9032,18.0054,22.8882,-1.3428,0.9491,,
DATA,A008,3,738,1420850,-0.2169,0.2545,0.9156,18.9209,16.8457,0.0610,0.9748,,
DATA,A008,3,739,1420860,-0.2408,0.2584,0.9366,20.0195,7.0801,1.0986,1.0010,,
DATA,A008,3,740,1420870,-0.2472,0.2713,0.9908,21.0571,-6.8359,-0.3052,1.0566,,
DATA,A008,3,741,1420880,-0.2279,0.2899,1.0072,22.0947,-13.3057,-1.8311,1.0726,,
DATA,A008,3,742,1420890,-0.1952,0.3155,1.0328,20.8130,-17.8223,-3.2959,1.0974,,
DATA,A008,3,743,1420900,-0.1705,0.3218,1.0389,18.7378,-16.7236,-4.8218,1.1009,,
DATA,A008,3,744,1420910,-0.1495,0.3199,1.0267,16.1133,-12.4512,-6.1646,1.0857,,
DATA,A008,3,745,1420920,-0.1476,0.3128,1.0279,15.3198,-8.7280,-6.7139,1.0846,,
DATA,A008,3,746,1420930,-0.1349,0.3065,1.0524,16.6626,-5.4932,-7.3853,1.1043,,
DATA,A008,3,747,1420940,-0.1415,0.3238,1.0611,17.6392,-7.8125,-5.3711,1.1184,,
DATA,A008,3,748,1420950,-0.1537,0.3526,1.0804,17.2119,-12.1460,-4.3335,1.1469,,
DATA,A008,3,749,1420960,-0.1485,0.3770,1.0973,16.2964,-13.2446,-4.9438,1.1697,,
DATA,A008,3,750,1420970,-0.1283,0.4190,1.0978,12.3901,-11.5967,-6.2866,1.1820,,
DATA,A008,3,751,1420980,-0.1234,0.4415,1.0968,9.8877,-5.7373,-9.2773,1.1887,,
DATA,A008,3,752,1420990,-0.1703,0.4974,1.0773,7.5073,9.3994,-15.1367,1.1987,,
DATA,A008,3,753,1421000,-0.2115,0.5462,0.9955,5.3711,18.7378,-21.6064,1.1550,,
DATA,A008,3,754,1421010,-0.3402,0.6053,0.9344,1.8311,20.2026,-33.8745,1.1642,,
DATA,A008,3,755,1421020,-0.4452,0.6551,0.9381,0.6714,15.8081,-43.2739,1.2277,,
DATA,A008,3,756,1421030,-0.5123,0.7659,0.9147,-7.2021,-11.7798,-56.8237,1.2984,,
DATA,A008,3,757,1421040,-0.4967,0.8370,0.9059,-14.2822,-41.9312,-65.1245,1.3296,,
DATA,A008,3,758,1421050,-0.4195,0.8924,0.8815,-25.2686,-81.8481,-79.8950,1.3226,,
DATA,A008,3,759,1421060,-0.3675,0.8589,0.8736,-33.6914,-98.6938,-91.8579,1.2791,,
DATA,A008,3,760,1421070,-0.3290,0.7090,0.8951,-44.1284,-106.8115,-114.6851,1.1884,,
DATA,A008,3,761,1421080,-0.3138,0.5919,0.9205,-44.6167,-109.6802,-128.2349,1.1385,,
DATA,A008,3,762,1421090,-0.3209,0.4864,0.9632,-35.0342,-119.8730,-142.4561,1.1258,,
DATA,A008,3,763,1421100,-0.3155,0.4940,0.9952,-25.8179,-132.2632,-151.3062,1.1550,,
DATA,A008,3,764,1421110,-0.2713,0.5828,1.0919,-17.3950,-155.0293,-167.1753,1.2671,,
DATA,A008,3,765,1421120,-0.2201,0.6177,1.1188,-23.1934,-167.7246,-176.8188,1.2968,,
DATA,A008,3,766,1421130,-0.1127,0.5462,1.1327,-43.8843,-179.0161,-187.7441,1.2625,,
DATA,A008,3,767,1421140,-0.0851,0.4654,1.0538,-55.0537,-178.7109,-194.3970,1.1551,,
DATA,A008,3,768,1421150,-0.1105,0.3089,0.9552,-57.6782,-159.1187,-207.9468,1.0100,,
DATA,A008,3,769,1421160,-0.1112,0.2471,0.9337,-50.1099,-139.4043,-217.7734,0.9722,,
DATA,A008,3,770,1421170,-0.0929,0.2364,0.9005,-40.4663,-124.6338,-221.0083,0.9356,,
DATA,A008,3,771,1421180,-0.0362,0.2657,0.9515,-28.3203,-117.4927,-220.5811,0.9886,,
DATA,A008,3,772,1421190,0.0336,0.2923,0.9913,-26.0620,-118.1641,-221.2524,1.0341,,
DATA,A008,3,773,1421200,0.1122,0.2686,1.0106,-33.4473,-118.2251,-223.4497,1.0517,,
DATA,A008,3,774,1421210,0.1710,0.2078,0.9864,-39.6729,-110.1074,-226.9287,1.0225,,
DATA,A008,3,775,1421220,0.2120,0.1014,0.8861,-41.6870,-90.3320,-230.1025,0.9167,,
DATA,A008,3,776,1421230,0.1989,0.0374,0.8534,-35.8887,-73.3643,-231.0791,0.8770,,
DATA,A008,3,777,1421240,0.2565,0.0411,0.8785,-18.8599,-53.8940,-231.0181,0.9161,,
DATA,A008,3,778,1421250,0.2836,0.0936,0.8932,-10.9253,-50.7812,-225.7080,0.9418,,
DATA,A008,3,779,1421260,0.3768,0.1448,0.9484,-10.8643,-50.7812,-221.6187,1.0307,,
DATA,A008,3,780,1421270,0.4071,0.1668,1.0074,-16.9067,-54.2603,-218.4448,1.0993,,
DATA,A008,3,781,1421280,0.3810,0.1631,0.9652,-31.1279,-43.3960,-213.0737,1.0504,,
DATA,A008,3,782,1421290,0.3803,0.1260,0.8990,-38.8184,-29.6631,-212.5854,0.9843,,
DATA,A008,3,783,1421300,0.4174,0.0508,0.7704,-37.1704,-6.9580,-204.7119,0.8776,,
DATA,A008,3,784,1421310,0.4230,0.0274,0.6962,-28.0762,6.8970,-194.8853,0.8150,,
DATA,A008,3,785,1421320,0.4027,0.0462,0.7540,-8.4839,21.9116,-187.1338,0.8561,,
DATA,A008,3,786,1421330,0.3524,0.1260,0.8146,-0.3662,23.3154,-183.2275,0.8964,,
DATA,A008,3,787,1421340,0.3527,0.2164,0.8082,-3.7231,16.6626,-176.3916,0.9080,,
DATA,A008,3,788,1421350,0.4039,0.2095,0.8216,-9.2773,3.8452,-172.0581,0.9392,,
DATA,A008,3,789,1421360,0.4975,0.1561,0.8268,-14.0381,-8.4839,-162.9028,0.9774,,
DATA,A008,3,790,1421370,0.5551,0.1131,0.8119,-15.1367,-6.5918,-157.0435,0.9900,,
DATA,A008,3,791,1421380,0.6027,0.0684,0.8741,-11.0474,4.0283,-146.8506,1.0640,,
DATA,A008,3,792,1421390,0.5956,0.0936,0.8927,-5.9204,13.2446,-136.9019,1.0772,,
DATA,A008,3,793,1421400,0.5233,0.1607,0.9344,-1.9531,20.9961,-124.8779,1.0830,,
DATA,A008,3,794,1421410,0.4616,0.2015,0.9779,-3.1738,22.0337,-119.6289,1.1000,,
DATA,A008,3,795,1421420,0.4005,0.2132,0.9869,-10.8643,18.6157,-110.6567,1.0862,,
DATA,A008,3,796,1421430,0.3722,0.1841,0.9842,-15.4419,15.3809,-105.1025,1.0683,,
DATA,A008,3,797,1421440,0.3637,0.1204,0.9440,-18.0664,13.0615,-98.0225,1.0187,,
DATA,A008,3,798,1421450,0.3427,0.0882,0.9335,-17.2729,10.5591,-91.6748,0.9983,,
DATA,A008,3,799,1421460,0.3241,0.0923,0.9059,-12.3291,5.9814,-82.7026,0.9665,,
DATA,A008,3,800,1421470,0.3102,0.1170,0.9359,-8.1177,-1.7090,-77.7588,0.9929,,
DATA,A008,3,801,1421480,0.2943,0.1744,0.9549,-7.2632,-10.4370,-72.1436,1.0144,,
DATA,A008,3,802,1421490,0.2977,0.1876,0.9752,-9.7046,-14.9536,-71.1670,1.0368,,
DATA,A008,3,803,1421500,0.5363,0.5814,0.9608,-21.3623,-16.9678,-62.3169,1.2445,,
DATA,A008,3,804,1421510,0.4196,0.5142,0.9039,-44.6167,11.7798,-67.3828,1.1214,,
DATA,A008,3,805,1421520,0.2907,0.1299,1.0585,-32.7759,32.8369,-113.1592,1.1053,,
DATA,A008,3,806,1421530,0.3502,0.6009,1.0082,-40.2832,14.0991,-67.6270,1.2248,,
DATA,A008,3,807,1421540,0.2955,-0.0744,0.9896,-57.7393,9.8267,-52.1240,1.0355,,
DATA,A008,3,808,1421550,0.3021,-0.0141,0.9493,-37.6587,33.3252,-59.9365,0.9964,,
DATA,A008,3,809,1421560,0.2311,0.0032,0.9442,-12.5122,35.7056,-62.7441,0.9721,,
DATA,A008,3,810,1421570,0.2265,0.0804,0.9620,17.0898,26.1841,-56.7627,0.9916,,
DATA,A008,3,811,1421580,0.2345,0.0870,0.9989,26.6724,25.5737,-48.7671,1.0297,,
DATA,A008,3,812,1421590,0.2099,0.1302,1.0360,34.9731,29.6021,-37.5366,1.0650,,
DATA,A008,3,813,1421600,0.1671,0.1595,1.0362,33.3862,31.1890,-32.9590,1.0617,,
DATA,A008,3,814,1421610,0.1366,0.1920,1.0238,27.9541,27.8931,-25.8179,1.0506,,
DATA,A008,3,815,1421620,0.1503,0.1463,0.9784,14.4653,17.8223,-26.7334,1.0006,,
DATA,A008,3,816,1421630,0.1837,0.1353,1.0209,39.7339,6.0425,-18.6768,1.0461,,
DATA,A008,3,817,1421640,0.1078,0.2781,0.9874,45.4102,5.8594,-20.6909,1.0315,,
DATA,A008,3,818,1421650,0.0499,0.3389,0.9630,28.8696,-8.6670,-31.0669,1.0221,,
DATA,A008,3,819,1421660,0.0734,0.3065,0.9454,14.2822,-15.9912,-34.5459,0.9966,,
DATA,A008,3,820,1421670,0.0907,0.2559,0.9708,7.5684,-27.8931,-42.9688,1.0081,,
DATA,A008,3,821,1421680,0.1078,0.2469,0.9852,5.2490,-30.4565,-47.5464,1.0214,,
DATA,A008,3,822,1421690,0.1391,0.3194,1.0397,-2.0752,-28.7476,-50.7202,1.0965,,
DATA,A008,3,823,1421700,0.1666,0.2322,1.0497,-7.6904,-22.3389,-52.9175,1.0879,,
DATA,A008,3,824,1421710,0.2067,0.2215,1.0607,-7.0801,-16.5405,-54.1382,1.1031,,
DATA,A008,3,825,1421720,0.2318,0.2171,1.0223,-6.0425,-9.8877,-52.3071,1.0705,,
DATA,A008,3,826,1421730,0.2267,0.2169,0.9852,3.6011,-5.0659,-51.5747,1.0340,,
DATA,A008,3,827,1421740,0.1928,0.2103,0.9759,-0.0610,-0.1221,-49.9268,1.0168,,
DATA,A008,3,828,1421750,0.1513,0.1976,0.9584,-2.6855,-3.1128,-39.4897,0.9901,,
DATA,A008,3,829,1421760,0.1552,0.2151,0.9327,-2.5024,-9.7656,-29.9072,0.9697,,
DATA,A008,3,830,1421770,0.2352,0.1773,0.9095,1.3428,-11.5356,-10.6812,0.9561,,
DATA,A008,3,831,1421780,0.2265,0.2020,0.8771,4.2114,-12.4512,-6.0425,0.9281,,
DATA,A008,3,832,1421790,0.1774,0.2286,0.8387,6.8970,-15.5640,-10.0098,0.8872,,
DATA,A008,3,833,1421800,0.1246,0.2274,0.8531,7.3853,-22.2168,-15.8081,0.8917,,
DATA,A008,3,834,1421810,0.0868,0.2735,0.8473,12.3901,-38.1470,-21.1182,0.8946,,
DATA,A008,3,835,1421820,0.0626,0.2811,0.8585,14.0991,-46.5698,-24.2920,0.9055,,
DATA,A008,3,836,1421830,0.0697,0.2405,0.8920,23.1323,-59.0210,-21.1792,0.9264,,
DATA,A008,3,837,1421840,0.1369,0.2420,0.8946,29.1748,-62.5000,-20.3857,0.9368,,
DATA,A008,3,838,1421850,0.2411,0.2608,0.9120,32.5317,-59.6924,-18.3105,0.9787,,
DATA,A008,3,839,1421860,0.3351,0.1983,0.9266,34.8511,-44.6167,-14.8926,1.0051,,
DATA,A008,3,840,1421870,0.3649,0.2037,0.9342,34.7290,-32.1655,-14.8315,1.0234,,
DATA,A008,3,841,1421880,0.3454,0.2203,0.9691,26.1841,-13.2446,-19.5312,1.0521,,
DATA,A008,3,842,1421890,0.3107,0.2081,0.9852,22.7661,-0.6714,-14.4653,1.0538,,
DATA,A008,3,843,1421900,0.3163,0.2437,0.9869,23.3154,5.8594,-9.8267,1.0646,,
DATA,A008,3,844,1421910,0.2943,0.2491,0.9833,21.5454,11.9019,-6.1646,1.0562,,
DATA,A008,3,845,1421920,0.2318,0.2608,0.9532,21.3013,12.7563,-5.9204,1.0151,,
DATA,A008,3,846,1421930,0.2011,0.2784,0.9413,20.3247,12.1460,-8.3008,1.0020,,
DATA,A008,3,847,1421940,0.1884,0.3006,0.9571,15.8691,12.4512,-11.7188,1.0208,,
DATA,A008,3,848,1421950,0.2189,0.3028,0.9723,11.5356,15.0757,-12.3901,1.0416,,
DATA,A008,3,849,1421960,0.2391,0.2642,0.9847,2.3804,26.8555,-14.2822,1.0472,,
DATA,A008,3,850,1421970,0.2514,0.2491,0.9891,0.7324,34.2407,-14.5264,1.0505,,
DATA,A008,3,851,1421980,0.3109,0.2554,1.0079,-4.9438,51.0864,-14.9536,1.0853,,
DATA,A008,3,852,1421990,0.2951,0.2296,0.9759,-7.5073,63.7207,-15.3809,1.0451,,
EVENT,A008,3,,1421998,,,,,,,,STOP,852
