row_type,session_id,record_id,sample_id,device_timestamp_ms,ax,ay,az,gx,gy,gz,acc_norm,event_type,sample_count
EVENT,A001,,,37087,,,,,,,,NEW_SESSION,
EVENT,A001,1,,362982,,,,,,,,START,
DATA,A001,1,1,363005,0.1024,0.1746,0.9313,-26.0620,50.5371,-1.8921,0.9530,,
DATA,A001,1,2,363015,0.0766,0.2042,0.9447,-25.0854,49.0723,-4.2114,0.9695,,
DATA,A001,1,3,363025,0.0372,0.1727,0.9615,-24.8413,43.2129,-6.2256,0.9776,,
DATA,A001,1,4,363035,-0.0309,0.1802,0.9576,-26.6724,37.0483,-8.0566,0.9749,,
DATA,A001,1,5,363045,-0.1068,0.1932,0.9645,-30.4565,30.2124,-5.4932,0.9894,,
DATA,A001,1,6,363055,-0.0892,0.1631,0.9737,-32.7148,19.9585,-5.7983,0.9913,,
DATA,A001,1,7,363065,-0.0782,0.1233,0.9828,-30.7007,11.8408,-7.1411,0.9936,,
DATA,A001,1,8,363075,-0.0565,0.1487,0.9835,-21.7896,3.3569,-11.1084,0.9963,,
DATA,A001,1,9,363085,0.0128,0.1014,0.9601,-17.0898,-0.9155,-13.3057,0.9655,,
DATA,A001,1,10,363095,0.0451,0.0750,0.9491,-4.3945,-0.3662,-15.5029,0.9531,,
DATA,A001,1,11,363105,0.0416,0.1109,0.9593,0.4883,1.4648,-16.9678,0.9666,,
DATA,A001,1,12,363115,0.0990,0.0460,0.9576,0.3662,4.5166,-18.8599,0.9638,,
DATA,A001,1,13,363125,0.0683,0.1187,0.9642,4.5166,5.0659,-23.6816,0.9739,,
DATA,A001,1,14,363135,0.0712,0.0911,1.0301,3.2349,6.4697,-20.4468,1.0366,,
DATA,A001,1,15,363145,0.0817,0.0921,1.0275,2.8687,9.9487,-19.3481,1.0348,,
DATA,A001,1,16,363155,0.0961,0.1219,1.0343,1.4648,14.1602,-17.0898,1.0459,,
DATA,A001,1,17,363165,0.0949,0.1033,1.0284,-0.0610,17.3340,-16.4795,1.0380,,
DATA,A001,1,18,363175,0.0731,0.1085,1.0206,-1.4648,20.4468,-15.0757,1.0290,,
DATA,A001,1,19,363185,0.0548,0.1016,1.0123,-1.7700,19.7144,-14.0381,1.0189,,
DATA,A001,1,20,363195,0.0460,0.1019,1.0218,0.5493,18.1885,-12.2070,1.0279,,
DATA,A001,1,21,363205,0.0419,0.1107,1.0301,1.6479,16.6016,-10.1929,1.0369,,
DATA,A001,1,22,363215,0.0580,0.0928,1.0321,3.7231,14.2212,-7.6294,1.0379,,
DATA,A001,1,23,363225,0.0487,0.1099,1.0248,4.7607,12.9395,-7.8125,1.0318,,
DATA,A001,1,24,363235,0.0346,0.1175,1.0255,-0.6714,12.8174,-9.2773,1.0328,,
DATA,A001,1,25,363245,0.0270,0.1077,1.0338,-3.4790,11.7798,-9.0942,1.0398,,
DATA,A001,1,26,363255,0.0231,0.1019,1.0287,-2.9297,9.6436,-8.0566,1.0340,,
DATA,A001,1,27,363265,-0.0646,0.0069,1.0423,-3.9673,7.9346,-9.6436,1.0444,,
DATA,A001,1,28,363275,0.0658,0.1099,1.0174,-4.5166,5.9814,-9.3384,1.0255,,
DATA,A001,1,29,363285,0.0731,0.0943,1.0204,-6.2866,7.2021,-10.3149,1.0273,,
DATA,A001,1,30,363295,0.0973,0.1107,1.0306,-11.4746,12.2070,-20.0195,1.0411,,
DATA,A001,1,31,363305,0.0451,0.1133,1.0218,-6.4697,9.4604,-12.6953,1.0291,,
DATA,A001,1,32,363315,0.0348,0.0867,1.0192,-6.4697,8.4839,-11.4746,1.0234,,
DATA,A001,1,33,363325,0.0299,0.0923,1.0201,-5.5542,4.8218,-10.4370,1.0247,,
DATA,A001,1,34,363335,0.0204,0.0889,1.0140,-4.3335,-0.9766,-8.7280,1.0181,,
DATA,A001,1,35,363345,0.0377,0.0972,1.0135,-5.5542,-4.7607,-8.9722,1.0189,,
DATA,A001,1,36,363355,0.0502,0.1019,1.0113,-7.9346,-7.6904,-10.9253,1.0177,,
DATA,A001,1,37,363365,0.0665,0.0972,1.0118,-15.6250,-13.2446,-12.7563,1.0187,,
DATA,A001,1,38,363375,0.0748,0.0848,0.9994,-19.3481,-13.9771,-12.6343,1.0058,,
DATA,A001,1,39,363385,0.1005,0.0613,0.9816,-22.5220,-11.7188,-13.1226,0.9886,,
DATA,A001,1,40,363395,0.1124,0.0567,0.9779,-23.7427,-8.7280,-11.7798,0.9860,,
DATA,A001,1,41,363405,0.1393,-0.0117,0.9298,-53.9551,44.5557,48.9502,0.9402,,
DATA,A001,1,42,363415,-0.0345,-0.0109,0.9117,-36.3159,40.3442,8.7280,0.9125,,
DATA,A001,1,43,363425,0.0270,0.0118,0.9674,-21.4233,36.3159,-3.4790,0.9678,,
DATA,A001,1,44,363435,0.0368,0.0340,0.9635,-23.1323,32.9590,0.8545,0.9648,,
DATA,A001,1,45,363445,0.0250,-0.0263,0.9523,-17.2729,30.0293,-0.1831,0.9530,,
DATA,A001,1,46,363455,-0.0052,-0.0400,0.9447,-2.7466,23.8037,-4.9438,0.9456,,
DATA,A001,1,47,363465,0.0187,0.0103,0.9938,13.4888,9.3994,-10.5591,0.9940,,
DATA,A001,1,48,363475,0.0385,0.0433,1.0077,15.6250,2.2583,-9.5215,1.0093,,
DATA,A001,1,49,363485,0.0744,0.0469,1.0284,10.7422,-1.6479,-8.1787,1.0322,,
DATA,A001,1,50,363495,0.0856,0.0381,1.0216,8.4229,-1.4038,-8.9111,1.0259,,
DATA,A001,1,51,363505,0.0936,0.0203,1.0275,6.7749,-1.8311,-10.8032,1.0319,,
DATA,A001,1,52,363515,0.0961,0.0245,1.0284,8.3008,-0.9155,-8.8501,1.0332,,
DATA,A001,1,53,363525,0.1049,0.0538,0.9972,12.6953,0.4883,0.0610,1.0041,,
DATA,A001,1,54,363535,0.0927,0.0760,0.9872,14.0991,-0.9155,4.5776,0.9944,,
DATA,A001,1,55,363545,0.1049,0.0833,0.9828,14.6484,-7.2021,2.0142,0.9919,,
DATA,A001,1,56,363555,0.1249,0.0621,1.0018,13.3057,-6.5918,3.4180,1.0115,,
DATA,A001,1,57,363565,0.1112,0.0496,1.0113,8.7280,-8.4229,-0.4272,1.0186,,
DATA,A001,1,58,363575,0.2306,0.1373,0.9413,4.6997,-5.4932,4.4556,0.9788,,
DATA,A001,1,59,363585,0.1266,0.0442,1.0502,-17.8833,7.6294,26.4893,1.0587,,
DATA,A001,1,60,363595,-0.0084,-0.1235,1.0465,-15.9912,2.8687,8.2397,1.0538,,
DATA,A001,1,61,363605,0.0419,-0.1845,1.0450,1.3428,-16.6626,-10.6201,1.0620,,
DATA,A001,1,62,363615,0.0958,-0.1384,1.0309,20.1416,-19.3481,-11.1694,1.0445,,
DATA,A001,1,63,363625,0.1627,-0.0463,0.9835,15.3809,-20.0195,-7.5684,0.9980,,
DATA,A001,1,64,363635,0.2208,-0.0751,0.9579,15.8081,-15.8081,-4.0894,0.9859,,
DATA,A001,1,65,363645,0.3092,-0.0881,0.9249,29.4189,3.6621,3.5400,0.9792,,
DATA,A001,1,66,363655,0.3129,-0.0632,0.9337,35.4614,17.8223,10.0708,0.9868,,
DATA,A001,1,67,363665,0.3905,-0.0693,0.9086,44.1284,49.7437,15.3198,0.9914,,
DATA,A001,1,68,363675,0.4164,-0.0788,0.9205,52.6123,81.4209,8.9722,1.0134,,
DATA,A001,1,69,363685,0.3244,-0.0231,0.9361,56.7627,127.4414,11.4746,0.9910,,
DATA,A001,1,70,363695,0.1779,0.0225,0.9891,54.8706,138.0005,20.5688,1.0052,,
DATA,A001,1,71,363705,0.2601,0.0513,0.9022,60.7300,126.2817,23.8647,0.9404,,
DATA,A001,1,72,363715,0.2621,0.2078,1.0438,54.8706,182.6782,-12.7563,1.0961,,
DATA,A001,1,73,363725,0.1547,0.3301,1.0026,17.3950,189.0259,-1.4038,1.0668,,
DATA,A001,1,74,363735,-0.1473,0.2483,0.9757,-18.5547,177.4902,30.8838,1.0175,,
DATA,A001,1,75,363745,-0.3016,0.1898,1.0553,-5.0049,150.3906,41.9312,1.1138,,
DATA,A001,1,76,363755,-0.2987,0.1378,1.0577,2.6245,97.4731,23.9868,1.1077,,
DATA,A001,1,77,363765,-0.2613,0.1653,1.0353,8.3618,69.7021,20.0806,1.0805,,
DATA,A001,1,78,363775,-0.2389,0.1085,0.9913,6.0425,40.4053,21.0571,1.0255,,
DATA,A001,1,79,363785,-0.1378,0.1700,0.9955,13.2446,30.9448,20.6909,1.0192,,
DATA,A001,1,80,363795,-0.0323,0.1553,0.9437,16.4185,33.6914,35.5225,0.9570,,
DATA,A001,1,81,363805,0.0531,0.1771,0.8942,13.7939,44.9829,39.5508,0.9131,,
DATA,A001,1,82,363815,0.0167,0.2352,0.8392,8.0566,68.7866,36.2549,0.8717,,
DATA,A001,1,83,363825,-0.0985,0.1685,0.8226,16.7847,62.9272,44.0063,0.8455,,
DATA,A001,1,84,363835,0.1095,0.2342,0.7736,36.3770,55.2368,54.3213,0.8156,,
DATA,A001,1,85,363845,0.1798,0.2320,0.7250,36.5601,66.8335,57.1289,0.7821,,
DATA,A001,1,86,363855,0.2247,0.2142,0.6605,48.7671,84.9609,65.4907,0.7298,,
DATA,A001,1,87,363865,0.3161,0.2354,0.6276,54.8706,109.8022,71.7163,0.7410,,
DATA,A001,1,88,363875,0.2362,0.2191,0.5731,64.8193,137.2070,78.8574,0.6574,,
DATA,A001,1,89,363885,0.2716,0.2452,0.5548,74.4629,149.6582,79.8950,0.6646,,
DATA,A001,1,90,363895,0.2450,0.2513,0.5008,82.4585,170.8984,86.1206,0.6116,,
DATA,A001,1,91,363905,0.2501,0.2532,0.5026,89.6606,178.5889,89.5386,0.6158,,
DATA,A001,1,92,363915,0.2860,0.2479,0.5038,94.1162,207.5195,112.6709,0.6301,,
DATA,A001,1,93,363925,0.2035,0.2662,0.4637,98.3276,226.9287,126.5869,0.5721,,
DATA,A001,1,94,363935,0.1076,0.3575,0.4508,113.4033,231.9336,126.5259,0.5853,,
DATA,A001,1,95,363945,0.0778,0.3499,0.4408,117.3096,230.2856,139.7705,0.5681,,
DATA,A001,1,96,363955,0.0678,0.4297,0.4991,121.0327,238.2202,158.9966,0.6621,,
DATA,A001,1,97,363965,0.0084,0.5145,0.5018,119.3237,250.0000,169.5557,0.7187,,
DATA,A001,1,98,363975,-0.0887,0.6180,0.5267,112.9150,265.8081,185.3638,0.8168,,
DATA,A001,1,99,363985,-0.1703,0.6702,0.5436,108.0322,272.0337,194.0918,0.8796,,
DATA,A001,1,100,363995,-0.2523,0.6905,0.5157,101.6235,274.1699,206.2988,0.8980,,
DATA,A001,1,101,364005,-0.2601,0.7068,0.4786,98.5718,269.8364,215.2710,0.8924,,
DATA,A001,1,102,364015,-0.3002,0.7322,0.4476,93.7500,254.2725,228.3325,0.9092,,
DATA,A001,1,103,364025,-0.3002,0.7571,0.4291,88.9893,242.0654,239.0137,0.9206,,
DATA,A001,1,104,364035,-0.3317,0.8079,0.4479,83.0688,227.5391,248.5962,0.9815,,
DATA,A001,1,105,364045,-0.3973,0.8914,0.4681,74.4629,202.8198,259.8877,1.0824,,
DATA,A001,1,106,364055,-0.4046,0.9427,0.4769,72.0215,189.2090,262.6343,1.1313,,
DATA,A001,1,107,364065,-0.4193,1.0264,0.4982,70.8008,175.3540,266.1743,1.2155,,
DATA,A001,1,108,364075,-0.4103,1.0748,0.4945,70.3125,173.9502,267.3950,1.2522,,
DATA,A001,1,109,364085,-0.3414,1.0838,0.4603,71.4722,183.8989,265.5640,1.2260,,
DATA,A001,1,110,364095,-0.2880,1.0796,0.4166,74.6460,198.3643,263.0005,1.1925,,
DATA,A001,1,111,364105,-0.2171,1.0626,0.3219,79.8950,230.2246,259.9487,1.1313,,
DATA,A001,1,112,364115,-0.2079,1.0667,0.2628,84.2896,253.7231,259.1553,1.1181,,
DATA,A001,1,113,364125,-0.2652,1.1273,0.2347,88.8062,282.2266,257.9346,1.1816,,
DATA,A001,1,114,364135,-0.3358,1.1766,0.2176,90.8203,298.2178,256.5308,1.2428,,
DATA,A001,1,115,364145,-0.4623,1.2855,0.2443,95.6421,313.5986,252.0142,1.3877,,
DATA,A001,1,116,364155,-0.5934,1.3834,0.2482,95.2759,320.9229,249.3896,1.5256,,
DATA,A001,1,117,364165,-0.7826,1.5921,0.3722,99.1821,326.4160,234.9854,1.8127,,
DATA,A001,1,118,364175,-1.0607,1.7977,0.4518,80.0781,310.9131,221.0693,2.1356,,
DATA,A001,1,119,364185,-1.5624,1.7613,0.4542,26.0620,234.6802,207.8857,2.3978,,
DATA,A001,1,120,364195,-1.6376,1.6055,0.5050,22.8271,164.1235,193.5425,2.3483,,
DATA,A001,1,121,364205,-1.3392,1.3567,0.5714,29.7852,58.1055,165.9546,1.9902,,
DATA,A001,1,122,364215,-1.0238,1.2440,0.5355,34.2407,7.1411,151.9165,1.6977,,
DATA,A001,1,123,364225,-0.5941,1.1702,0.4078,40.2832,-26.7944,133.1177,1.3743,,
DATA,A001,1,124,364235,-0.4161,1.1680,0.3385,44.1895,-38.6353,123.4741,1.2853,,
DATA,A001,1,125,364245,-0.3060,1.1573,0.2853,46.9971,-49.0723,108.1543,1.2306,,
DATA,A001,1,126,364255,-0.2963,1.1236,0.2648,47.4243,-58.1665,96.9849,1.1918,,
DATA,A001,1,127,364265,-0.2850,1.0628,0.2770,51.3306,-67.5659,80.2002,1.1347,,
DATA,A001,1,128,364275,-0.2499,1.0333,0.2862,56.2134,-66.7114,69.0308,1.1009,,
DATA,A001,1,129,364285,-0.1837,1.0113,0.2584,71.2891,-43.2129,53.3447,1.0598,,
DATA,A001,1,130,364295,-0.1993,1.0723,0.2591,85.9985,-12.8174,44.4946,1.1211,,
DATA,A001,1,131,364305,-0.2958,1.2081,0.2313,97.1069,45.4102,39.4897,1.2651,,
DATA,A001,1,132,364315,-0.3465,1.2552,0.2479,96.1914,80.9937,41.8091,1.3255,,
DATA,A001,1,133,364325,-0.4698,1.2549,0.3165,87.7075,112.5488,47.3022,1.3769,,
DATA,A001,1,134,364335,-0.5409,1.2117,0.3468,83.0078,120.3613,48.8892,1.3715,,
DATA,A001,1,135,364345,-0.5799,1.1729,0.3822,79.2847,119.2017,44.0674,1.3631,,
DATA,A001,1,136,364355,-0.5614,1.1585,0.3859,74.7070,116.6382,38.8794,1.3439,,
DATA,A001,1,137,364365,-0.4867,1.1385,0.3944,63.4766,115.4175,28.5034,1.2994,,
DATA,A001,1,138,364375,-0.4393,1.1150,0.4039,55.5420,116.5771,18.4326,1.2647,,
DATA,A001,1,139,364385,-0.4115,1.0897,0.4117,48.2178,117.6758,6.6528,1.2354,,
DATA,A001,1,140,364395,-0.3856,1.0274,0.4408,38.6353,116.4551,-13.1226,1.1826,,
DATA,A001,1,141,364405,-0.3837,0.9732,0.4779,27.8320,114.0747,-33.2031,1.1501,,
DATA,A001,1,142,364415,-0.3927,0.9293,0.4576,20.6299,112.9150,-44.1895,1.1078,,
DATA,A001,1,143,364425,-0.4061,0.8968,0.4208,13.6108,111.2061,-53.8940,1.0706,,
DATA,A001,1,144,364435,-0.4493,0.8919,0.3705,5.3711,108.3984,-65.9790,1.0652,,
DATA,A001,1,145,364445,-0.4935,0.9058,0.3414,0.0000,103.8208,-72.3267,1.0866,,
DATA,A001,1,146,364455,-0.5113,0.9612,0.3756,-8.1177,87.4634,-81.7871,1.1517,,
DATA,A001,1,147,364465,-0.5123,0.9944,0.3741,-14.4653,73.6694,-86.6699,1.1796,,
DATA,A001,1,148,364475,-0.4964,1.0374,0.3500,-24.3530,58.9600,-93.7500,1.2021,,
DATA,A001,1,149,364485,-0.4747,1.0606,0.3326,-31.1279,54.7485,-101.0132,1.2087,,
DATA,A001,1,150,364495,-0.4964,1.1028,0.3011,-40.6494,54.5654,-113.4033,1.2464,,
DATA,A001,1,151,364505,-0.5126,1.1277,0.2926,-45.7764,55.1147,-122.9248,1.2728,,
DATA,A001,1,152,364515,-0.5580,1.1539,0.3043,-52.4902,54.7485,-139.2212,1.3173,,
DATA,A001,1,153,364525,-0.5785,1.1727,0.3004,-55.9082,51.4526,-151.2451,1.3417,,
DATA,A001,1,154,364535,-0.5389,1.1778,0.2943,-59.2651,45.2271,-170.4102,1.3283,,
DATA,A001,1,155,364545,-0.5162,1.1797,0.2858,-61.0352,42.5415,-182.3120,1.3191,,
DATA,A001,1,156,364555,-0.4601,1.1624,0.2574,-63.4766,47.3633,-200.1343,1.2764,,
DATA,A001,1,157,364565,-0.4317,1.1351,0.2338,-65.0024,50.8423,-209.4727,1.2367,,
DATA,A001,1,158,364575,-0.4025,1.0670,0.1952,-64.0259,57.6782,-218.9331,1.1569,,
DATA,A001,1,159,364585,-0.3915,1.0196,0.1730,-61.5234,62.2559,-223.2666,1.1058,,
DATA,A001,1,160,364595,-0.3934,0.9376,0.1627,-56.7017,65.6738,-226.3794,1.0297,,
DATA,A001,1,161,364605,-0.3966,0.8865,0.1522,-53.3447,65.5518,-226.0742,0.9831,,
DATA,A001,1,162,364615,-0.4083,0.8204,0.1407,-46.6919,59.9365,-221.1914,0.9271,,
DATA,A001,1,163,364625,-0.4103,0.7872,0.1402,-41.9922,52.8564,-215.8203,0.8987,,
DATA,A001,1,164,364635,-0.4034,0.7420,0.1361,-35.9497,41.1377,-205.9937,0.8555,,
DATA,A001,1,165,364645,-0.3976,0.7259,0.1283,-32.5928,33.1421,-198.1812,0.8375,,
DATA,A001,1,166,364655,-0.3692,0.7081,0.1092,-28.5645,24.5972,-185.5469,0.8060,,
DATA,A001,1,167,364665,-0.3507,0.6910,0.0990,-26.3062,21.5454,-176.2695,0.7812,,
DATA,A001,1,168,364675,-0.3461,0.6797,0.0829,-22.3999,20.7520,-161.2549,0.7673,,
DATA,A001,1,169,364685,-0.3475,0.6785,0.0738,-19.5923,20.8130,-150.3296,0.7659,,
DATA,A001,1,170,364695,-0.3685,0.7003,0.0653,-14.8315,18.9209,-133.4839,0.7940,,
DATA,A001,1,171,364705,-0.3951,0.7298,0.0577,-12.6953,14.9536,-122.7417,0.8319,,
DATA,A001,1,172,364715,-0.4293,0.7642,0.0707,-13.8550,1.8311,-106.1401,0.8794,,
DATA,A001,1,173,364725,-0.4315,0.7689,0.0758,-14.6484,-11.1694,-93.1396,0.8849,,
DATA,A001,1,174,364735,-0.4027,0.7564,0.0834,-15.1367,-25.6348,-80.9326,0.8610,,
DATA,A001,1,175,364745,-0.3370,0.7430,0.0887,-14.8926,-43.5181,-63.9038,0.8207,,
DATA,A001,1,176,364755,-0.2870,0.7410,0.0712,-13.8550,-50.5371,-52.5513,0.7978,,
DATA,A001,1,177,364765,-0.2272,0.7369,0.0641,-10.8643,-55.6641,-34.8511,0.7738,,
DATA,A001,1,178,364775,-0.1993,0.7396,0.0655,-7.5073,-55.2368,-22.9492,0.7687,,
DATA,A001,1,179,364785,-0.1847,0.7960,0.0882,0.8545,-53.6499,-4.5166,0.8219,,
DATA,A001,1,180,364795,-0.1766,0.8616,0.1068,8.2397,-53.4058,8.1787,0.8860,,
DATA,A001,1,181,364805,-0.1630,0.9539,0.1566,14.2212,-54.5044,27.3438,0.9803,,
DATA,A001,1,182,364815,-0.1529,0.9922,0.1898,13.6108,-54.8706,39.2456,1.0217,,
DATA,A001,1,183,364825,-0.1178,0.9966,0.2137,9.5215,-51.3916,55.1147,1.0261,,
DATA,A001,1,184,364835,-0.0882,0.9803,0.1744,9.3384,-43.8232,65.3076,0.9996,,
DATA,A001,1,185,364845,-0.0358,0.9979,0.0917,17.8833,-22.5220,81.9702,1.0027,,
DATA,A001,1,186,364855,-0.0025,1.0460,0.0406,28.1372,-2.6855,94.2383,1.0467,,
DATA,A001,1,187,364865,0.0087,1.1287,-0.0145,42.7856,31.1279,113.9526,1.1288,,
DATA,A001,1,188,364875,-0.0011,1.1707,-0.0133,50.5371,52.9175,127.1973,1.1708,,
DATA,A001,1,189,364885,-0.0472,1.1905,0.0572,57.3120,79.2236,147.3389,1.1928,,
DATA,A001,1,190,364895,-0.0965,1.1656,0.1166,59.0210,90.7593,160.8887,1.1754,,
DATA,A001,1,191,364905,-0.1378,1.1343,0.1903,63.1714,100.6470,180.6030,1.1584,,
DATA,A001,1,192,364915,-0.1583,1.1534,0.2318,68.0542,104.4312,193.2983,1.1870,,
DATA,A001,1,193,364925,-0.1808,1.2256,0.2596,71.2280,110.7788,209.5947,1.2658,,
DATA,A001,1,194,364935,-0.1922,1.2608,0.2367,68.2373,117.4316,216.9800,1.2971,,
DATA,A001,1,195,364945,-0.1959,1.2874,0.1612,61.4014,129.5166,223.5718,1.3122,,
DATA,A001,1,196,364955,-0.2057,1.3133,0.0970,59.0210,136.5356,226.4404,1.3328,,
DATA,A001,1,197,364965,-0.2425,1.3931,0.0167,57.3730,141.1743,229.0649,1.4142,,
DATA,A001,1,198,364975,-0.2684,1.4395,-0.0145,54.5044,138.8550,228.1494,1.4644,,
DATA,A001,1,199,364985,-0.3131,1.4639,-0.0272,46.2036,126.8921,221.8628,1.4973,,
DATA,A001,1,200,364995,-0.3282,1.4324,-0.0048,39.2456,114.0747,214.4775,1.4696,,
DATA,A001,1,201,365005,-0.3180,1.3406,0.0582,30.5786,90.1489,199.9512,1.3791,,
DATA,A001,1,202,365015,-0.2953,1.2747,0.1134,26.6113,73.8525,189.3311,1.3134,,
DATA,A001,1,203,365025,-0.2533,1.1893,0.1744,23.3154,53.0396,172.6074,1.2284,,
DATA,A001,1,204,365035,-0.2164,1.1343,0.2035,21.8506,43.2129,161.4990,1.1726,,
DATA,A001,1,205,365045,-0.1395,1.0606,0.2142,21.1182,38.0249,144.1650,1.0910,,
DATA,A001,1,206,365055,-0.1234,1.0169,0.2257,21.1792,39.9170,133.2397,1.0489,,
DATA,A001,1,207,365065,-0.1424,0.9857,0.2281,21.2402,45.9595,124.0845,1.0217,,
DATA,A001,1,208,365075,-0.1888,0.9485,0.2191,20.1416,54.3823,110.7788,0.9917,,
DATA,A001,1,209,365085,-0.2206,0.9251,0.2179,18.9209,58.3496,101.7456,0.9757,,
DATA,A001,1,210,365095,-0.2499,0.8848,0.1932,15.3809,61.5845,89.3555,0.9395,,
DATA,A001,1,211,365105,-0.2740,0.8570,0.1913,13.1836,63.0493,83.3740,0.9198,,
DATA,A001,1,212,365115,-0.2809,0.8152,0.1754,10.5591,63.4766,76.5381,0.8799,,
DATA,A001,1,213,365125,-0.2880,0.7911,0.1351,9.0942,60.3638,73.3032,0.8526,,
DATA,A001,1,214,365135,-0.2884,0.7772,0.1354,9.9487,49.2554,71.5942,0.8399,,
DATA,A001,1,215,365145,-0.3143,0.7833,0.1239,10.0708,41.0156,72.3877,0.8530,,
DATA,A001,1,216,365155,-0.3546,0.7884,0.1112,9.7046,26.3672,70.5566,0.8716,,
DATA,A001,1,217,365165,-0.3421,0.7913,0.1227,9.0942,16.9678,69.0308,0.8708,,
DATA,A001,1,218,365175,-0.3146,0.7864,0.1349,10.9863,8.3618,67.6880,0.8577,,
DATA,A001,1,219,365185,-0.2975,0.8116,0.1315,12.5122,9.2163,68.7866,0.8743,,
DATA,A001,1,220,365195,-0.2853,0.8441,0.1337,13.1226,16.3574,66.5283,0.9009,,
DATA,A001,1,221,365205,-0.2814,0.8716,0.1429,13.8550,23.3765,63.5376,0.9270,,
DATA,A001,1,222,365215,-0.3053,0.9210,0.1666,15.9302,32.4707,59.8145,0.9844,,
DATA,A001,1,223,365225,-0.3207,0.9444,0.1732,16.3574,35.4004,56.2134,1.0123,,
DATA,A001,1,224,365235,-0.3295,0.9564,0.1981,15.9302,35.5835,49.0723,1.0307,,
DATA,A001,1,225,365245,-0.3292,0.9424,0.2154,14.7095,34.8511,42.5415,1.0213,,
DATA,A001,1,226,365255,-0.3131,0.8895,0.2526,13.8550,39.0625,29.1138,0.9762,,
DATA,A001,1,227,365265,-0.3107,0.8528,0.2740,14.4043,46.4478,18.5547,0.9481,,
DATA,A001,1,228,365275,-0.3334,0.8262,0.2704,16.3574,59.8145,2.7466,0.9311,,
DATA,A001,1,229,365285,-0.3688,0.8443,0.2552,19.2261,66.1011,-7.2021,0.9560,,
DATA,A001,1,230,365295,-0.4291,0.9200,0.2264,23.1323,66.2231,-21.6064,1.0401,,
DATA,A001,1,231,365305,-0.4671,0.9854,0.1971,24.4751,59.7534,-30.5176,1.1082,,
DATA,A001,1,232,365315,-0.4811,1.0833,0.1461,23.0103,44.1895,-43.5181,1.1943,,
DATA,A001,1,233,365325,-0.4713,1.1251,0.1146,20.6909,34.5459,-52.0630,1.2252,,
DATA,A001,1,234,365335,-0.4425,1.1561,0.0765,16.9678,24.8413,-65.6738,1.2402,,
DATA,A001,1,235,365345,-0.4430,1.1800,0.0687,15.2588,20.0195,-74.9512,1.2623,,
DATA,A001,1,236,365355,-0.4796,1.3006,0.0321,18.6768,11.1084,-88.3179,1.3866,,
DATA,A001,1,237,365365,-0.4869,1.4578,0.0038,24.5972,1.5869,-98.0225,1.5370,,
DATA,A001,1,238,365375,-0.4440,1.6981,-0.0094,26.4282,-11.7188,-113.8916,1.7552,,
DATA,A001,1,239,365385,-0.3851,1.7706,0.0094,18.7378,-14.8926,-124.8779,1.8120,,
DATA,A001,1,240,365395,-0.3063,1.7027,0.0463,0.6104,-9.5215,-140.4419,1.7306,,
DATA,A001,1,241,365405,-0.2740,1.5931,0.0716,-6.8359,-1.8311,-151.4893,1.6181,,
DATA,A001,1,242,365415,-0.2545,1.4371,0.0944,-8.1177,11.9019,-169.4336,1.4625,,
DATA,A001,1,243,365425,-0.2572,1.3675,0.1056,-5.0049,20.3857,-181.3354,1.3955,,
DATA,A001,1,244,365435,-0.2547,1.3338,0.1107,-1.8921,27.7100,-192.4438,1.3624,,
DATA,A001,1,245,365445,-0.2760,1.2974,0.1183,1.5259,34.4849,-205.5054,1.3317,,
DATA,A001,1,246,365455,-0.2963,1.2803,0.1085,4.2725,34.7900,-211.4258,1.3186,,
DATA,A001,1,247,365465,-0.3224,1.2679,0.0746,9.5215,28.8086,-216.2476,1.3103,,
DATA,A001,1,248,365475,-0.3468,1.2674,0.0548,13.0615,21.4844,-216.9800,1.3151,,
DATA,A001,1,249,365485,-0.3539,1.2571,0.0262,13.7939,5.6152,-215.6982,1.3063,,
DATA,A001,1,250,365495,-0.3656,1.2361,0.0196,12.4512,-7.4463,-213.3789,1.2892,,
DATA,A001,1,251,365505,-0.3663,1.1915,-0.0053,9.9487,-26.7334,-209.1064,1.2465,,
DATA,A001,1,252,365515,-0.3783,1.1627,-0.0175,8.8501,-37.1704,-206.1157,1.2228,,
DATA,A001,1,253,365525,-0.3824,1.1314,-0.0314,7.7515,-51.0864,-202.9419,1.1947,,
DATA,A001,1,254,365535,-0.3700,1.1114,-0.0353,6.1035,-58.0444,-200.9888,1.1719,,
DATA,A001,1,255,365545,-0.3536,1.0726,-0.0372,3.6621,-64.6362,-197.8760,1.1300,,
DATA,A001,1,256,365555,-0.3353,1.0464,-0.0368,2.0752,-67.0776,-196.5332,1.0995,,
DATA,A001,1,257,365565,-0.3089,1.0030,-0.0260,-0.6104,-69.8853,-194.2749,1.0498,,
DATA,A001,1,258,365575,-0.2862,0.9686,-0.0192,-2.1973,-70.2515,-192.4438,1.0102,,
DATA,A001,1,259,365585,-0.2469,0.9227,-0.0048,-3.9062,-68.7256,-190.1245,0.9552,,
DATA,A001,1,260,365595,-0.2323,0.8943,-0.0016,-5.1880,-65.7959,-188.1714,0.9240,,
DATA,A001,1,261,365605,-0.2084,0.8580,0.0060,-6.6528,-59.1431,-184.4482,0.8829,,
DATA,A001,1,262,365615,-0.2076,0.8365,0.0077,-6.9580,-53.8940,-181.4575,0.8619,,
DATA,A001,1,263,365625,-0.1984,0.8121,0.0082,-7.5684,-45.0439,-175.9033,0.8360,,
DATA,A001,1,264,365635,-0.1991,0.8001,0.0297,-7.9346,-39.9780,-171.4478,0.8250,,
DATA,A001,1,265,365645,-0.2147,0.7955,0.0475,-8.7891,-34.7290,-163.2080,0.8253,,
DATA,A001,1,266,365655,-0.2184,0.7859,0.0470,-9.8877,-33.2031,-157.3486,0.8171,,
DATA,A001,1,267,365665,-0.2093,0.7769,0.0372,-11.7188,-31.6162,-148.0713,0.8055,,
DATA,A001,1,268,365675,-0.1986,0.7711,0.0248,-12.5732,-28.9307,-141.5405,0.7966,,
DATA,A001,1,269,365685,-0.1881,0.7608,0.0104,-11.9629,-23.0103,-130.9814,0.7838,,
DATA,A001,1,270,365695,-0.1835,0.7613,0.0067,-10.8643,-18.5547,-123.5352,0.7831,,
DATA,A001,1,271,365705,-0.1881,0.7576,0.0033,-9.0942,-12.6343,-111.3892,0.7806,,
DATA,A001,1,272,365715,-0.1883,0.7562,0.0057,-8.2397,-10.0098,-102.6611,0.7793,,
DATA,A001,1,273,365725,-0.1874,0.7396,0.0238,-7.5684,-7.9346,-88.9282,0.7633,,
DATA,A001,1,274,365735,-0.1881,0.7242,0.0421,-6.7749,-7.5073,-79.1626,0.7494,,
DATA,A001,1,275,365745,-0.1813,0.7195,0.0670,-5.7373,-7.5073,-68.9087,0.7450,,
DATA,A001,1,276,365755,-0.1766,0.7117,0.0819,-4.2725,-6.8359,-52.1851,0.7379,,
DATA,A001,1,277,365765,-0.1730,0.7191,0.0961,-2.6855,-5.9204,-40.0391,0.7458,,
DATA,A001,1,278,365775,-0.1691,0.7300,0.1210,-0.7935,-3.8452,-20.5078,0.7591,,
DATA,A001,1,279,365785,-0.1771,0.7444,0.1315,0.0000,-2.4414,-6.4087,0.7764,,
DATA,A001,1,280,365795,-0.1886,0.7735,0.1305,1.7700,-0.4883,15.3198,0.8068,,
DATA,A001,1,281,365805,-0.1932,0.8087,0.1232,4.3335,0.4883,29.6021,0.8405,,
DATA,A001,1,282,365815,-0.1957,0.8729,0.1197,8.1787,2.6245,51.4526,0.9025,,
DATA,A001,1,283,365825,-0.1988,0.9146,0.1166,9.5215,4.4556,65.8569,0.9432,,
DATA,A001,1,284,365835,-0.2003,0.9615,0.1127,9.5825,6.1646,87.7686,0.9886,,
DATA,A001,1,285,365845,-0.1932,0.9764,0.1188,8.7280,6.3477,101.5625,1.0024,,
DATA,A001,1,286,365855,-0.1683,1.0008,0.0836,9.2773,9.2163,123.3521,1.0183,,
DATA,A001,1,287,365865,-0.1432,1.0518,0.0260,14.7095,13.4277,139.4653,1.0618,,
DATA,A001,1,288,365875,-0.1058,1.1944,-0.0277,28.9307,26.2451,163.8794,1.1994,,
DATA,A001,1,289,365885,-0.0865,1.3096,-0.0509,37.5366,40.0391,180.6030,1.3135,,
DATA,A001,1,290,365895,-0.0856,1.4551,-0.0538,44.7998,63.5986,205.8716,1.4586,,
DATA,A001,1,291,365905,-0.1129,1.5254,-0.0194,46.7529,78.8574,221.9849,1.5297,,
DATA,A001,1,292,365915,-0.1996,1.5648,0.0533,45.8984,99.2432,242.3096,1.5783,,
DATA,A001,1,293,365925,-0.2428,1.5245,0.1312,40.4663,108.5815,250.8545,1.5493,,
DATA,A001,1,294,365935,-0.2696,1.3900,0.2340,27.0386,120.3613,258.1177,1.4351,,
DATA,A001,1,295,365945,-0.2784,1.3069,0.2340,20.3247,127.6855,259.3994,1.3566,,
DATA,A001,1,296,365955,-0.2848,1.2654,0.1368,19.6533,136.9019,255.4321,1.3043,,
DATA,A001,1,297,365965,-0.2823,1.3133,0.0536,23.8037,140.3809,251.4648,1.3444,,
DATA,A001,1,298,365975,-0.2723,1.4629,-0.0387,29.9683,138.5498,244.2627,1.4886,,
DATA,A001,1,299,365985,-0.2770,1.5611,-0.0685,29.0527,132.5073,237.6709,1.5870,,
DATA,A001,1,300,365995,-0.3004,1.6104,-0.0709,18.4937,116.9434,225.3418,1.6397,,
DATA,A001,1,301,366005,-0.3243,1.5833,-0.0541,9.9487,102.9053,216.1255,1.6171,,
DATA,A001,1,302,366015,-0.3199,1.4854,-0.0248,2.8076,79.2847,202.2705,1.5197,,
DATA,A001,1,303,366025,-0.2860,1.4139,-0.0094,1.3428,66.2231,192.6270,1.4425,,
DATA,A001,1,304,366035,-0.2128,1.3192,0.0314,0.4883,57.0679,176.2695,1.3366,,
DATA,A001,1,305,366045,-0.1725,1.2608,0.0699,-0.2441,59.0820,164.9780,1.2745,,
DATA,A001,1,306,366055,-0.1398,1.1644,0.1246,-0.4272,71.7773,150.0244,1.1793,,
DATA,A001,1,307,366065,-0.1566,1.1011,0.1554,-0.7935,83.1909,142.0898,1.1230,,
DATA,A001,1,308,366075,-0.2535,1.0145,0.1588,-3.1128,99.0601,132.2021,1.0577,,
DATA,A001,1,309,366085,-0.3028,0.9471,0.1620,-5.1270,100.4639,126.0376,1.0074,,
DATA,A001,1,310,366095,-0.3529,0.8748,0.1510,-7.2632,95.3979,121.3989,0.9553,,
DATA,A001,1,311,366105,-0.4083,0.7681,0.1156,-10.9863,80.7495,115.2954,0.8776,,
DATA,A001,1,312,366115,-0.4337,0.7103,0.0990,-11.7798,65.3076,111.7554,0.8381,,
DATA,A001,1,313,366125,-0.4518,0.6590,0.0792,-8.8501,36.2549,110.1074,0.8029,,
DATA,A001,1,314,366135,-0.4537,0.6524,0.0753,-5.9204,16.0522,109.6191,0.7982,,
DATA,A001,1,315,366145,-0.4222,0.6775,0.0846,-2.8076,-11.1084,108.0322,0.8028,,
DATA,A001,1,316,366155,-0.3837,0.7017,0.0768,-2.9297,-23.1934,106.2012,0.8034,,
DATA,A001,1,317,366165,-0.3436,0.7381,0.0463,-3.8452,-30.3955,103.0273,0.8155,,
DATA,A001,1,318,366175,-0.3234,0.7591,0.0353,-3.7231,-28.0151,99.9146,0.8258,,
DATA,A001,1,319,366185,-0.3075,0.7957,0.0275,-1.0376,-15.4419,93.9331,0.8535,,
DATA,A001,1,320,366195,-0.3124,0.8311,0.0231,1.4648,-4.5166,89.3555,0.8882,,
DATA,A001,1,321,366205,-0.3326,0.8895,0.0441,3.8452,10.0098,81.4209,0.9506,,
DATA,A001,1,322,366215,-0.3546,0.9258,0.0648,4.6387,16.1133,75.5005,0.9935,,
DATA,A001,1,323,366225,-0.3744,0.9639,0.0834,5.7373,19.1040,65.2466,1.0374,,
DATA,A001,1,324,366235,-0.3583,0.9756,0.0829,6.2256,19.0430,57.1289,1.0426,,
DATA,A001,1,325,366245,-0.3209,0.9730,0.0814,7.3853,20.5078,43.5181,1.0277,,
DATA,A001,1,326,366255,-0.3063,0.9583,0.0914,9.6436,23.9258,34.4849,1.0102,,
DATA,A001,1,327,366265,-0.3194,0.9444,0.1276,14.1602,27.8931,20.3247,1.0051,,
DATA,A001,1,328,366275,-0.3424,0.9466,0.1537,17.6392,27.4048,10.5591,1.0183,,
DATA,A001,1,329,366285,-0.3649,0.9686,0.2001,22.8882,21.4233,-3.2349,1.0542,,
DATA,A001,1,330,366295,-0.3695,0.9881,0.2172,25.1465,15.9912,-12.5122,1.0770,,
DATA,A001,1,331,366305,-0.3548,1.0098,0.2235,26.2451,11.2305,-28.1372,1.0934,,
DATA,A001,1,332,366315,-0.3321,1.0152,0.2108,26.6113,11.9629,-39.3066,1.0888,,
DATA,A001,1,333,366325,-0.2997,1.0176,0.1744,27.2827,17.8833,-56.4575,1.0751,,
DATA,A001,1,334,366335,-0.2882,1.0140,0.1456,27.3438,23.1934,-68.1763,1.0641,,
DATA,A001,1,335,366345,-0.3089,1.0572,0.1005,30.0293,30.5786,-86.6699,1.1060,,
DATA,A001,1,336,366355,-0.3309,1.1644,0.0673,36.3159,31.9214,-98.5718,1.2123,,
DATA,A001,1,337,366365,-0.3275,1.3841,0.0187,44.2505,27.0996,-115.6616,1.4224,,
DATA,A001,1,338,366375,-0.3014,1.5069,0.0079,41.6260,22.1558,-127.0142,1.5368,,
DATA,A001,1,339,366385,-0.2267,1.5753,0.0072,29.4800,20.4468,-142.0898,1.5915,,
DATA,A001,1,340,366395,-0.1796,1.5484,0.0038,21.2402,25.3906,-150.8789,1.5588,,
DATA,A001,1,341,366405,-0.1393,1.4788,0.0094,15.7471,39.5508,-163.1470,1.4854,,
DATA,A001,1,342,366415,-0.1398,1.4420,0.0016,16.5405,50.5371,-170.6543,1.4487,,
DATA,A001,1,343,366425,-0.1908,1.4129,-0.0094,18.4937,62.0117,-180.0537,1.4258,,
DATA,A001,1,344,366435,-0.2289,1.4083,-0.0197,20.2637,65.2466,-185.5469,1.4269,,
DATA,A001,1,345,366445,-0.2836,1.4107,-0.0321,24.7192,61.1572,-191.2231,1.4393,,
DATA,A001,1,346,366455,-0.3202,1.4153,-0.0331,28.1372,52.7954,-192.9932,1.4515,,
DATA,A001,1,347,366465,-0.3421,1.4205,-0.0211,30.2734,40.2832,-194.1528,1.4612,,
DATA,A001,1,348,366475,-0.3509,1.4019,-0.0158,29.4189,16.4795,-194.4580,1.4453,,
DATA,A001,1,349,366485,-0.3558,1.3768,-0.0092,26.4893,0.3052,-193.3594,1.4220,,
DATA,A001,1,350,366495,-0.3461,1.3152,-0.0033,22.5220,-20.7520,-191.9556,1.3600,,
DATA,A001,1,351,366505,-0.3487,1.2574,0.0038,20.7520,-33.3862,-191.1621,1.3049,,
DATA,A001,1,352,366515,-0.3473,1.1915,0.0055,19.1650,-49.1333,-190.7959,1.2411,,
DATA,A001,1,353,366525,-0.3675,1.1463,-0.0077,17.6392,-59.5093,-190.3687,1.2038,,
DATA,A001,1,354,366535,-0.3627,1.0862,-0.0338,14.2822,-76.5381,-190.1245,1.1457,,
DATA,A001,1,355,366545,-0.3536,1.0413,-0.0460,12.0239,-88.1348,-189.7583,1.1007,,
DATA,A001,1,356,366555,-0.3390,0.9761,-0.0516,10.8032,-103.9429,-188.7817,1.0346,,
DATA,A001,1,357,366565,-0.3133,0.9439,-0.0568,10.1929,-112.1216,-189.1479,0.9962,,
DATA,A001,1,358,366575,-0.2755,0.9119,-0.0670,9.7046,-119.0796,-189.8804,0.9550,,
DATA,A001,1,359,366585,-0.2496,0.8943,-0.0746,9.6436,-119.8120,-190.3076,0.9315,,
DATA,A001,1,360,366595,-0.2145,0.8882,-0.0839,10.7422,-115.2344,-191.7114,0.9176,,
DATA,A001,1,361,366605,-0.2005,0.8909,-0.0819,11.4136,-109.9243,-192.0776,0.9169,,
DATA,A001,1,362,366615,-0.1940,0.9151,-0.0758,11.8408,-101.7456,-191.1621,0.9385,,
DATA,A001,1,363,366625,-0.1944,0.9341,-0.0761,10.7422,-96.9849,-190.1245,0.9572,,
DATA,A001,1,364,366635,-0.1869,0.9473,-0.0836,7.2021,-91.1865,-187.0117,0.9692,,
DATA,A001,1,365,366645,-0.1796,0.9473,-0.0870,3.6621,-87.1582,-183.7158,0.9681,,
DATA,A001,1,366,366655,-0.1659,0.9273,-0.1029,-0.6104,-79.0405,-177.5513,0.9476,,
DATA,A001,1,367,366665,-0.1617,0.9090,-0.1102,-2.2583,-72.6318,-172.3022,0.9298,,
DATA,A001,1,368,366675,-0.1654,0.8880,-0.1156,-2.8687,-62.1948,-163.2080,0.9106,,
DATA,A001,1,369,366685,-0.1698,0.8795,-0.1181,-3.4790,-55.6641,-156.2500,0.9034,,
DATA,A001,1,370,366695,-0.1852,0.8797,-0.1242,-3.4180,-47.8516,-144.1040,0.9075,,
DATA,A001,1,371,366705,-0.1925,0.8875,-0.1264,-2.9297,-44.5557,-135.1929,0.9169,,
DATA,A001,1,372,366715,-0.1930,0.9090,-0.1244,-2.2583,-41.2598,-120.4224,0.9375,,
DATA,A001,1,373,366725,-0.1932,0.9246,-0.1198,-2.1362,-39.4287,-109.5581,0.9522,,
DATA,A001,1,374,366735,-0.1966,0.9420,-0.1083,-2.1973,-37.2925,-91.9189,0.9683,,
DATA,A001,1,375,366745,-0.2040,0.9603,-0.1000,-2.1973,-36.3159,-79.5288,0.9868,,
DATA,A001,1,376,366755,-0.2045,0.9837,-0.0870,-2.0752,-35.4004,-60.1196,1.0085,,
DATA,A001,1,377,366765,-0.1971,0.9852,-0.0807,-3.5400,-34.0576,-47.2412,1.0079,,
DATA,A001,1,378,366775,-0.1886,0.9844,-0.0756,-4.6997,-30.7007,-33.9355,1.0052,,
DATA,A001,1,379,366785,-0.1693,0.9747,-0.0751,-5.1880,-22.3999,-15.9912,0.9921,,
DATA,A001,1,380,366795,-0.1581,0.9708,-0.0700,-4.5776,-14.4653,-4.6387,0.9860,,
DATA,A001,1,381,366805,-0.1481,0.9583,-0.0568,-3.6011,-0.8545,12.0239,0.9713,,
DATA,A001,1,382,366815,-0.1551,0.9263,-0.0302,-2.6245,11.9629,27.4658,0.9397,,
DATA,A001,1,383,366825,-0.1664,0.9002,-0.0006,-1.2207,17.8223,37.2925,0.9154,,
DATA,A001,1,384,366835,-0.1791,0.8885,0.0358,0.8545,21.0571,46.7529,0.9071,,
DATA,A001,1,385,366845,-0.1832,0.8926,0.0716,3.4180,21.9116,60.7910,0.9141,,
DATA,A001,1,386,366855,-0.1769,0.9166,0.0482,4.7607,22.6440,71.1670,0.9347,,
DATA,A001,1,387,366865,-0.1437,0.9920,0.0033,8.6060,26.3062,85.3271,1.0024,,
DATA,A001,1,388,366875,-0.1236,1.0325,-0.0270,10.4370,32.8979,94.5435,1.0403,,
DATA,A001,1,389,366885,-0.1278,1.0779,-0.0502,12.3901,46.3257,110.2905,1.0866,,
DATA,A001,1,390,366895,-0.1466,1.0960,-0.0414,14.5264,54.4434,121.5210,1.1065,,
DATA,A001,1,391,366905,-0.1908,1.1016,0.0008,16.4795,62.5610,138.0005,1.1180,,
DATA,A001,1,392,366915,-0.2171,1.0975,0.0370,17.0288,65.0635,148.2544,1.1194,,
DATA,A001,1,393,366925,-0.2311,1.1002,0.0941,18.6157,67.1387,161.6211,1.1281,,
DATA,A001,1,394,366935,-0.2296,1.1268,0.1205,21.2402,68.7866,169.8608,1.1562,,
DATA,A001,1,395,366945,-0.2196,1.1968,0.1363,24.7803,71.8384,180.8472,1.2244,,
DATA,A001,1,396,366955,-0.2191,1.2447,0.1483,25.8789,74.4629,187.3779,1.2725,,
DATA,A001,1,397,366965,-0.2421,1.2991,0.1649,25.0244,76.9653,195.4956,1.3317,,
DATA,A001,1,398,366975,-0.2667,1.3304,0.1796,23.9868,75.6226,199.4629,1.3687,,
DATA,A001,1,399,366985,-0.3080,1.3795,0.1964,22.7051,67.4438,203.5522,1.4270,,
DATA,A001,1,400,366995,-0.3194,1.4014,0.1976,20.6299,58.3496,204.9561,1.4509,,
DATA,A001,1,401,367005,-0.3180,1.4004,0.1910,14.7705,44.1895,203.5522,1.4487,,
DATA,A001,1,402,367015,-0.3006,1.3582,0.1876,10.3149,36.1328,200.6226,1.4037,,
DATA,A001,1,403,367025,-0.2794,1.2471,0.1927,3.7231,26.5503,193.8477,1.2925,,
DATA,A001,1,404,367035,-0.2689,1.1536,0.2062,1.0376,21.4233,187.8662,1.2024,,
DATA,A001,1,405,367045,-0.2584,1.0274,0.2269,-0.1221,14.3433,178.1616,1.0834,,
DATA,A001,1,406,367055,-0.2521,0.9595,0.2411,1.0376,10.4370,172.4243,1.0210,,
DATA,A001,1,407,367065,-0.2367,0.8904,0.2670,4.5166,8.1177,163.8794,0.9593,,
DATA,A001,1,408,367075,-0.2150,0.8685,0.2753,6.3477,10.6812,157.7759,0.9361,,
DATA,A001,1,409,367085,-0.2071,0.8484,0.2689,7.0190,22.7051,148.6206,0.9138,,
DATA,A001,1,410,367095,-0.2206,0.8438,0.2345,5.9814,33.2642,142.6392,0.9031,,
DATA,A001,1,411,367105,-0.2464,0.8345,0.1844,3.9062,48.9502,132.9956,0.8895,,
DATA,A001,1,412,367115,-0.2770,0.8287,0.1385,3.4180,54.8706,127.1362,0.8846,,
DATA,A001,1,413,367125,-0.2936,0.8260,0.1022,3.4790,55.3589,122.2534,0.8825,,
DATA,A001,1,414,367135,-0.3129,0.8275,0.0721,3.3569,46.6309,115.2344,0.8876,,
DATA,A001,1,415,367145,-0.3216,0.8375,0.0648,3.5400,36.8652,110.7178,0.8994,,
DATA,A001,1,416,367155,-0.2941,0.8611,0.0665,3.9673,21.1182,104.2480,0.9124,,
DATA,A001,1,417,367165,-0.2787,0.8804,0.0704,4.4556,13.6108,100.7690,0.9262,,
DATA,A001,1,418,367175,-0.2579,0.9178,0.0641,5.1880,10.3149,94.9707,0.9555,,
DATA,A001,1,419,367185,-0.2596,0.9451,0.0626,5.7983,12.5732,90.5151,0.9821,,
DATA,A001,1,420,367195,-0.2726,0.9766,0.0568,7.2632,19.4702,84.2285,1.0155,,
DATA,A001,1,421,367205,-0.2777,0.9898,0.0614,8.6060,24.2920,80.5664,1.0299,,
DATA,A001,1,422,367215,-0.2865,0.9925,0.0846,10.8643,30.0903,75.3174,1.0365,,
DATA,A001,1,423,367225,-0.2872,0.9744,0.1073,11.8408,32.7148,72.0215,1.0215,,
DATA,A001,1,424,367235,-0.2897,0.9285,0.1385,13.8550,36.1328,66.7725,0.9825,,
DATA,A001,1,425,367245,-0.2855,0.8895,0.1666,15.7471,37.7197,62.8052,0.9489,,
DATA,A001,1,426,367255,-0.2965,0.8504,0.1903,20.2026,39.6118,56.7627,0.9205,,
DATA,A001,1,427,367265,-0.3107,0.8489,0.1940,24.0479,39.4287,53.2837,0.9246,,
DATA,A001,1,428,367275,-0.3402,0.8961,0.1930,31.3110,35.2783,48.3398,0.9777,,
DATA,A001,1,429,367285,-0.3619,0.9666,0.1866,35.3394,29.6631,45.1660,1.0489,,
DATA,A001,1,430,367295,-0.3729,1.0757,0.1517,37.2314,19.3481,40.4053,1.1486,,
DATA,A001,1,431,367305,-0.3683,1.1429,0.1227,35.7056,13.1836,36.0718,1.2070,,
DATA,A001,1,432,367315,-0.3378,1.2239,0.0734,33.9355,9.4604,28.2593,1.2718,,
DATA,A001,1,433,367325,-0.3024,1.2525,0.0511,33.0200,12.0850,21.6064,1.2895,,
DATA,A001,1,434,367335,-0.2582,1.2588,0.0414,30.6396,25.0854,8.9722,1.2857,,
DATA,A001,1,435,367345,-0.2731,1.2637,0.0275,29.8462,36.9873,-1.6479,1.2932,,
DATA,A001,1,436,367355,-0.2748,1.3768,0.0287,39.0015,52.4902,-20.6909,1.4042,,
DATA,A001,1,437,367365,-0.2809,1.5015,0.0240,46.1426,57.6782,-32.5928,1.5278,,
DATA,A001,1,438,367375,-0.2569,1.6219,0.0487,43.5791,59.8755,-50.7812,1.6428,,
DATA,A001,1,439,367385,-0.2005,1.5899,0.0990,33.8135,61.7065,-62.9883,1.6056,,
DATA,A001,1,440,367395,-0.1437,1.3414,0.1727,16.7236,71.6553,-80.7495,1.3601,,
DATA,A001,1,441,367405,-0.1373,1.1514,0.1988,12.5122,81.6040,-92.8345,1.1765,,
DATA,A001,1,442,367415,-0.1881,0.9993,0.1930,22.3389,94.4214,-109.9243,1.0350,,
DATA,A001,1,443,367425,-0.2467,0.9947,0.1852,32.7148,96.8018,-119.8120,1.0414,,
DATA,A001,1,444,367435,-0.3539,1.0706,0.1905,40.2832,87.4634,-131.6528,1.1436,,
DATA,A001,1,445,367445,-0.4330,1.1107,0.1825,39.3677,73.1812,-138.6108,1.2060,,
DATA,A001,1,446,367455,-0.5277,1.1441,0.1544,37.1094,41.1377,-149.9634,1.2694,,
DATA,A001,1,447,367465,-0.5599,1.1700,0.1246,37.5977,15.4419,-157.3486,1.3030,,
DATA,A001,1,448,367475,-0.5614,1.2081,0.0963,38.4521,-10.9863,-164.2456,1.3356,,
DATA,A001,1,449,367485,-0.4881,1.2830,0.0582,37.3535,-46.8750,-172.8516,1.3740,,
DATA,A001,1,450,367495,-0.4210,1.3216,0.0397,33.3252,-64.0259,-177.1240,1.3876,,
DATA,A001,1,451,367505,-0.3568,1.3206,0.0192,24.2920,-79.4067,-181.2134,1.3681,,
DATA,A001,1,452,367515,-0.3412,1.2894,0.0160,18.0054,-85.6323,-183.1665,1.3338,,
DATA,A001,1,453,367525,-0.3502,1.2110,0.0311,10.6201,-93.2617,-187.1948,1.2610,,
DATA,A001,1,454,367535,-0.3539,1.1641,0.0309,7.4463,-96.6797,-190.1245,1.2171,,
DATA,A001,1,455,367545,-0.3819,1.1168,0.0145,5.4932,-108.1543,-193.4204,1.1804,,
DATA,A001,1,456,367555,-0.2616,1.1111,0.0013,5.1880,-111.7554,-197.6929,1.1415,,
DATA,A001,1,457,367565,-0.2613,1.0750,0.0116,-1.1597,-104.1870,-203.9795,1.1064,,
DATA,A001,1,458,367575,-0.2359,1.0569,0.0094,-3.6011,-94.7876,-210.5103,1.0830,,
DATA,A001,1,459,367585,-0.2008,1.0215,0.0389,-6.4697,-76.1719,-220.3369,1.0418,,
DATA,A001,1,460,367595,-0.1913,0.9893,0.0343,-7.2632,-62.7441,-223.5718,1.0082,,
DATA,A001,1,461,367605,-0.2047,0.9615,0.0448,-6.3477,-43.2739,-230.6519,0.9841,,
DATA,A001,1,462,367615,-0.2240,0.9517,0.0287,-6.5308,-34.2407,-233.2153,0.9781,,
DATA,A001,1,463,367625,-0.2489,0.9388,-0.0043,-7.1411,-25.7568,-234.4971,0.9712,,
DATA,A001,1,464,367635,-0.2772,0.9329,-0.0355,-6.7139,-24.4751,-233.9478,0.9739,,
DATA,A001,1,465,367645,-0.2992,0.9312,-0.0692,-5.6763,-26.7944,-229.9805,0.9805,,
DATA,A001,1,466,367655,-0.2950,0.9398,-0.0885,-5.4321,-28.7476,-226.0742,0.9889,,
DATA,A001,1,467,367665,-0.2836,0.9473,-0.0785,-5.7373,-30.8838,-217.2852,0.9920,,
DATA,A001,1,468,367675,-0.2796,0.9459,-0.0653,-6.8970,-30.9448,-209.6558,0.9885,,
DATA,A001,1,469,367685,-0.2779,0.9412,-0.0360,-9.3384,-31.3110,-196.2891,0.9821,,
DATA,A001,1,470,367695,-0.2718,0.9297,-0.0333,-11.9629,-32.1045,-186.4014,0.9692,,
DATA,A001,1,471,367705,-0.2560,0.9009,-0.0556,-15.3809,-32.4707,-170.5322,0.9382,,
DATA,A001,1,472,367715,-0.2516,0.8729,-0.0746,-16.7236,-31.0059,-159.1187,0.9114,,
DATA,A001,1,473,367725,-0.2430,0.8243,-0.0919,-16.1133,-24.5361,-142.0288,0.8643,,
DATA,A001,1,474,367735,-0.2464,0.7962,-0.0834,-14.0991,-18.3105,-130.4932,0.8376,,
DATA,A001,1,475,367745,-0.2882,0.7701,-0.0512,-9.0332,-11.1694,-111.5723,0.8238,,
DATA,A001,1,476,367755,-0.3212,0.7796,-0.0389,-4.3945,-10.0098,-97.9614,0.8441,,
DATA,A001,1,477,367765,-0.3548,0.8104,-0.0043,1.0376,-15.5029,-77.0874,0.8847,,
DATA,A001,1,478,367775,-0.3551,0.8428,0.0028,2.5024,-21.4233,-62.9272,0.9146,,
DATA,A001,1,479,367785,-0.3429,0.9046,-0.0018,6.0425,-28.0151,-42.2363,0.9674,,
DATA,A001,1,480,367795,-0.3439,0.9446,-0.0048,8.4839,-29.3579,-29.1748,1.0053,,
DATA,A001,1,481,367805,-0.3509,1.0150,-0.0067,11.5356,-27.8320,-11.7188,1.0739,,
DATA,A001,1,482,367815,-0.3561,1.0543,0.0018,13.1226,-26.8555,-1.2817,1.1128,,
DATA,A001,1,483,367825,-0.3551,1.0787,0.0445,11.5356,-28.0151,13.1226,1.1365,,
DATA,A001,1,484,367835,-0.3509,1.0587,0.0829,7.6294,-30.5786,20.6299,1.1184,,
DATA,A001,1,485,367845,-0.3387,1.0128,0.1180,2.7466,-34.5459,26.6724,1.0744,,
DATA,A001,1,486,367855,-0.3197,0.9407,0.0995,-0.9155,-37.2925,36.0718,0.9985,,
DATA,A001,1,487,367865,-0.2850,0.9288,0.0587,1.7090,-36.1328,42.4805,0.9733,,
DATA,A001,1,488,367875,-0.2113,0.9847,0.0165,9.7656,-22.8882,50.7812,1.0072,,
DATA,A001,1,489,367885,-0.1957,1.0362,-0.0001,13.8550,-6.3477,58.2275,1.0545,,
DATA,A001,1,490,367895,-0.2252,1.0831,0.0133,17.0288,20.6909,69.3359,1.1063,,
DATA,A001,1,491,367905,-0.2765,1.0836,0.0443,16.9678,36.3159,76.7822,1.1191,,
DATA,A001,1,492,367915,-0.3378,1.0560,0.1066,16.1133,50.7202,86.3647,1.1138,,
DATA,A001,1,493,367925,-0.3453,1.0276,0.1481,15.5029,56.2744,90.1489,1.0942,,
DATA,A001,1,494,367935,-0.2862,1.0032,0.1803,14.7705,66.2231,92.4072,1.0587,,
DATA,A001,1,495,367945,-0.2416,1.0125,0.1722,14.5874,78.4302,91.6748,1.0551,,
DATA,A001,1,496,367955,-0.2086,1.0667,0.1451,15.2588,102.2949,90.6372,1.0966,,
DATA,A001,1,497,367965,-0.2391,1.1182,0.1268,15.4419,117.8589,90.5762,1.1505,,
DATA,A001,1,498,367975,-0.3114,1.1871,0.1190,12.8174,131.7139,90.3320,1.2330,,
DATA,A001,1,499,367985,-0.3629,1.2103,0.1280,8.2397,132.5073,90.1489,1.2700,,
DATA,A001,1,500,367995,-0.4142,1.1990,0.1356,-1.0986,122.3755,91.6138,1.2758,,
DATA,A001,1,501,368005,-0.4220,1.1734,0.1388,-6.5918,112.2437,92.6514,1.2547,,
DATA,A001,1,502,368015,-0.4015,1.1126,0.1368,-12.8174,98.2666,92.9565,1.1907,,
DATA,A001,1,503,368025,-0.3854,1.0613,0.1376,-15.6860,91.6748,92.2852,1.1375,,
DATA,A001,1,504,368035,-0.3568,0.9835,0.1471,-19.5923,84.7778,90.3931,1.0565,,
DATA,A001,1,505,368045,-0.3419,0.9334,0.1564,-21.7285,80.8105,89.2334,1.0063,,
DATA,A001,1,506,368055,-0.3263,0.8502,0.1771,-24.0479,74.3408,88.6841,0.9277,,
DATA,A001,1,507,368065,-0.3136,0.8008,0.1903,-25.0854,70.8618,88.5620,0.8808,,
DATA,A001,1,508,368075,-0.2994,0.7332,0.1915,-27.6489,68.1152,88.5010,0.8148,,
DATA,A001,1,509,368085,-0.2906,0.6924,0.1774,-29.0527,68.7256,88.9282,0.7716,,
DATA,A001,1,510,368095,-0.2867,0.6409,0.1493,-29.9072,72.0825,89.5996,0.7178,,
DATA,A001,1,511,368105,-0.2884,0.6175,0.1263,-30.0293,75.0122,90.0879,0.6931,,
DATA,A001,1,512,368115,-0.2931,0.6036,0.0939,-29.6021,78.6133,90.4541,0.6775,,
DATA,A001,1,513,368125,-0.2901,0.5948,0.0704,-30.0293,80.0781,90.7593,0.6655,,
DATA,A001,1,514,368135,-0.2919,0.5889,0.0507,-29.7852,80.5664,91.5527,0.6592,,
DATA,A001,1,515,368145,-0.2845,0.5838,0.0194,-29.1748,80.3223,93.2007,0.6497,,
DATA,A001,1,516,368155,-0.2777,0.5870,-0.0031,-27.7710,79.8340,94.9097,0.6494,,
DATA,A001,1,517,368165,-0.2421,0.6050,-0.0490,-24.0479,82.2754,97.4731,0.6535,,
DATA,A001,1,518,368175,-0.2518,0.6295,-0.0482,-20.8130,89.2334,97.3511,0.6797,,
DATA,A001,1,519,368185,-0.3124,0.6734,-0.0665,-15.9302,107.6660,99.0601,0.7453,,
DATA,A001,1,520,368195,-0.3902,0.7264,-0.0656,-9.9487,111.6943,106.7505,0.8272,,
DATA,A001,1,521,368205,-0.4806,0.8167,-0.0263,-4.2725,100.7080,101.0132,0.9480,,
DATA,A001,1,522,368215,-0.4676,0.8685,-0.0285,-2.9907,86.7310,105.6519,0.9868,,
DATA,A001,1,523,368225,-0.3526,0.9600,-0.0243,3.1128,80.0781,109.9243,1.0230,,
DATA,A001,1,524,368235,-0.4000,1.0115,-0.0233,8.6060,79.8340,120.9106,1.0880,,
DATA,A001,1,525,368245,-0.4073,1.0804,-0.0407,12.3291,79.8340,120.4834,1.1553,,
DATA,A001,1,526,368255,-0.3959,1.0855,-0.0380,9.6436,83.4351,114.5630,1.1561,,
DATA,A001,1,527,368265,-0.4239,1.0355,-0.0106,9.5825,90.6372,113.8306,1.1189,,
DATA,A001,1,528,368275,-0.4505,1.0020,0.0187,13.4277,94.5435,111.3281,1.0988,,
DATA,A001,1,529,368285,-0.5231,0.9915,0.0721,22.3389,93.1396,106.0791,1.1233,,
DATA,A001,1,530,368295,-0.5721,1.0359,0.0907,28.9307,84.2285,105.3467,1.1869,,
DATA,A001,1,531,368305,-0.5682,1.1749,0.1083,36.0718,66.4062,100.2197,1.3095,,
DATA,A001,1,532,368315,-0.5441,1.2742,0.1080,36.5601,57.1899,95.2148,1.3897,,
DATA,A001,1,533,368325,-0.5174,1.3707,0.0812,31.9214,54.3213,85.9985,1.4673,,
DATA,A001,1,534,368335,-0.5243,1.3770,0.0702,27.2827,56.4575,78.0029,1.4751,,
DATA,A001,1,535,368345,-0.5607,1.2945,0.0773,20.8740,60.4248,64.7583,1.4128,,
DATA,A001,1,536,368355,-0.6149,1.2630,0.0658,21.1182,61.4014,54.3213,1.4062,,
DATA,A001,1,537,368365,-0.6463,1.4127,0.0550,36.2549,53.8940,36.6211,1.5545,,
DATA,A001,1,538,368375,-0.6432,1.6219,0.0592,46.2036,45.1050,24.7192,1.7458,,
DATA,A001,1,539,368385,-0.5941,1.8397,0.0702,39.3066,32.4707,7.4463,1.9345,,
DATA,A001,1,540,368395,-0.5321,1.7503,0.0948,17.5781,27.8931,-4.6387,1.8318,,
DATA,A001,1,541,368405,-0.4764,1.3111,0.1676,-12.6343,31.3721,-23.5596,1.4050,,
DATA,A001,1,542,368415,-0.4735,1.0648,0.1876,-12.5732,36.0107,-38.3911,1.1803,,
DATA,A001,1,543,368425,-0.4945,0.9346,0.2067,9.0332,35.2783,-60.9741,1.0774,,
DATA,A001,1,544,368435,-0.5160,0.9739,0.2150,21.1792,27.8931,-71.8994,1.1229,,
DATA,A001,1,545,368445,-0.5165,1.0757,0.2250,23.2544,9.6436,-84.8999,1.2143,,
DATA,A001,1,546,368455,-0.4964,1.1292,0.2037,18.7378,-4.3335,-92.9565,1.2502,,
DATA,A001,1,547,368465,-0.4667,1.2034,0.1422,15.1367,-22.8882,-101.8677,1.2985,,
DATA,A001,1,548,368475,-0.4408,1.2454,0.0985,12.9395,-33.6304,-105.7129,1.3248,,
DATA,A001,1,549,368485,-0.4059,1.2681,0.0585,7.2632,-40.6494,-110.1685,1.3328,,
DATA,A001,1,550,368495,-0.3985,1.2332,0.0082,-4.5776,-52.8564,-116.0278,1.2960,,
DATA,A001,1,551,368505,-0.3631,1.1797,-0.0558,-11.5356,-68.2983,-118.2251,1.2356,,
DATA,A001,1,552,368515,-0.2491,1.0804,-0.0641,-22.2168,-52.7954,-126.0986,1.1106,,
DATA,A001,1,553,368525,-0.2450,1.0088,-0.0910,-20.9961,-37.3535,-129.0283,1.0421,,
DATA,A001,1,554,368535,-0.3280,0.9490,-0.0668,-10.5591,-25.8789,-136.8408,1.0063,,
DATA,A001,1,555,368545,-0.3605,0.9378,-0.0524,-5.5542,-27.8320,-141.7847,1.0061,,
DATA,A001,1,556,368555,-0.3199,0.9244,-0.0219,-4.6387,-36.0107,-151.2451,0.9784,,
DATA,A001,1,557,368565,-0.2928,0.9039,0.0072,-4.8218,-40.6494,-156.3721,0.9501,,
DATA,A001,1,558,368575,-0.2491,0.8619,0.0262,-3.6621,-40.8936,-163.4521,0.8975,,
DATA,A001,1,559,368585,-0.2418,0.8406,0.0375,-1.5869,-38.4521,-168.7012,0.8755,,
DATA,A001,1,560,368595,-0.2425,0.8216,0.0419,0.4272,-34.7900,-173.8892,0.8577,,
DATA,A001,1,561,368605,-0.2433,0.8030,0.0433,0.8545,-32.7759,-177.4292,0.8402,,
DATA,A001,1,562,368615,-0.2584,0.7935,0.0243,1.4648,-31.4331,-180.0537,0.8349,,
DATA,A001,1,563,368625,-0.2569,0.7857,0.0065,2.4414,-31.4941,-180.5420,0.8267,,
DATA,A001,1,564,368635,-0.2460,0.7872,-0.0094,4.3945,-30.8228,-179.7485,0.8248,,
DATA,A001,1,565,368645,-0.2440,0.7930,-0.0175,5.1270,-29.6021,-177.6733,0.8299,,
DATA,A001,1,566,368655,-0.2428,0.8121,-0.0287,6.2866,-26.3672,-172.6685,0.8481,,
DATA,A001,1,567,368665,-0.2445,0.8235,-0.0309,6.9580,-24.9634,-168.2129,0.8596,,
DATA,A001,1,568,368675,-0.2462,0.8492,-0.0365,7.2632,-22.6440,-160.2783,0.8849,,
DATA,A001,1,569,368685,-0.2413,0.8721,-0.0433,7.9956,-21.1182,-154.3579,0.9059,,
DATA,A001,1,570,368695,-0.2386,0.9200,-0.0473,10.0098,-18.6768,-144.5923,0.9516,,
DATA,A001,1,571,368705,-0.2359,0.9498,-0.0397,10.4980,-17.5171,-137.6953,0.9794,,
DATA,A001,1,572,368715,-0.2318,0.9625,-0.0158,7.1411,-17.7002,-127.0752,0.9901,,
DATA,A001,1,573,368725,-0.2325,0.9461,0.0050,2.5635,-19.2261,-120.2393,0.9743,,
DATA,A001,1,574,368735,-0.2274,0.9039,0.0289,-2.9907,-23.8037,-110.0464,0.9325,,
DATA,A001,1,575,368745,-0.2247,0.8939,0.0304,-3.4180,-27.4658,-102.7832,0.9222,,
DATA,A001,1,576,368755,-0.1822,0.9449,0.0214,-0.6104,-32.4707,-89.8438,0.9625,,
DATA,A001,1,577,368765,-0.1473,1.0067,0.0065,0.8545,-33.2031,-79.4067,1.0174,,
DATA,A001,1,578,368775,-0.0763,1.1016,-0.0263,0.1221,-29.5410,-62.4390,1.1046,,
DATA,A001,1,579,368785,-0.0372,1.1490,-0.0363,-1.8311,-24.1699,-49.6826,1.1502,,
DATA,A001,1,580,368795,-0.0111,1.1932,-0.0443,-6.0425,-12.3901,-28.5645,1.1940,,
DATA,A001,1,581,368805,-0.0008,1.2064,-0.0443,-8.9722,-2.6245,-14.5264,1.2072,,
DATA,A001,1,582,368815,-0.0052,1.1824,-0.0372,-14.8315,14.7705,6.4087,1.1830,,
DATA,A001,1,583,368825,-0.0250,1.1502,-0.0253,-18.6157,27.5269,20.4468,1.1508,,
DATA,A001,1,584,368835,-0.0621,1.0838,0.0079,-24.1089,46.1426,38.2080,1.0856,,
DATA,A001,1,585,368845,-0.0860,1.0342,0.0228,-27.7100,57.0068,51.0254,1.0381,,
DATA,A001,1,586,368855,-0.1019,0.9964,0.0292,-31.0669,66.1011,62.6831,1.0020,,
DATA,A001,1,587,368865,-0.1075,0.9752,-0.0470,-35.4614,78.7964,79.7119,0.9822,,
DATA,A001,1,588,368875,-0.0965,1.0196,-0.1115,-32.6538,87.0361,93.3838,1.0302,,
DATA,A001,1,589,368885,-0.0770,1.1937,-0.1425,-21.3623,99.8535,117.3096,1.2046,,
DATA,A001,1,590,368895,-0.0985,1.2794,-0.1486,-21.8506,109.0698,134.3994,1.2917,,
DATA,A001,1,591,368905,-0.1608,1.2657,-0.1383,-36.4380,117.3096,156.9824,1.2833,,
DATA,A001,1,592,368915,-0.2015,1.1819,-0.1273,-45.1050,119.2017,170.9595,1.2057,,
DATA,A001,1,593,368925,-0.2506,1.0645,-0.1159,-44.0674,118.7744,191.8945,1.0997,,
DATA,A001,1,594,368935,-0.2652,1.0242,-0.1002,-37.0483,118.5303,204.1016,1.0628,,
DATA,A001,1,595,368945,-0.2616,0.9971,-0.0787,-28.5034,122.1924,217.5293,1.0339,,
DATA,A001,1,596,368955,-0.2630,0.9908,-0.0629,-23.9258,126.6479,223.5107,1.0270,,
DATA,A001,1,597,368965,-0.2716,1.0101,-0.0211,-13.8550,132.7515,231.5063,1.0462,,
DATA,A001,1,598,368975,-0.2899,1.0608,0.0226,-4.3945,133.2397,236.3892,1.1000,,
DATA,A001,1,599,368985,-0.3153,1.1849,0.0990,5.9204,124.8169,241.9434,1.2301,,
DATA,A001,1,600,368995,-0.3358,1.2942,0.1385,8.4229,113.1592,244.4458,1.3443,,
DATA,A001,1,601,369005,-0.3646,1.4378,0.1539,3.9673,88.4399,246.8262,1.4913,,
DATA,A001,1,602,369015,-0.3727,1.5023,0.1241,-3.4790,69.2139,246.7041,1.5528,,
DATA,A001,1,603,369025,-0.3736,1.5213,0.0507,-16.6016,40.2222,242.9810,1.5673,,
DATA,A001,1,604,369035,-0.3685,1.4642,-0.0114,-24.1699,22.2778,238.0981,1.5099,,
DATA,A001,1,605,369045,-0.3517,1.3194,-0.0841,-30.8228,-1.7090,228.3325,1.3680,,
DATA,A001,1,606,369055,-0.3360,1.2056,-0.1032,-30.8228,-14.0991,218.7500,1.2558,,
DATA,A001,1,607,369065,-0.2933,1.0521,-0.0905,-24.3530,-25.0854,202.2705,1.0959,,
DATA,A001,1,608,369075,-0.2425,0.9744,-0.0609,-17.2729,-26.0010,191.0400,1.0060,,
DATA,A001,1,609,369085,-0.1734,0.8929,-0.0118,-6.2866,-14.7095,172.0581,0.9096,,
DATA,A001,1,610,369095,-0.1527,0.8609,0.0106,-0.1831,0.3662,158.8745,0.8744,,
DATA,A001,1,611,369105,-0.1656,0.8245,0.0238,5.9204,24.9634,140.0757,0.8413,,
DATA,A001,1,612,369115,-0.1935,0.8167,0.0206,8.7891,36.8042,128.6011,0.8396,,
DATA,A001,1,613,369125,-0.2452,0.8174,0.0174,12.1460,43.7012,113.5254,0.8536,,
DATA,A001,1,614,369135,-0.2694,0.8170,0.0135,12.7563,41.1987,104.8584,0.8603,,
DATA,A001,1,615,369145,-0.2799,0.8079,0.0104,12.5122,32.7759,94.0552,0.8551,,
DATA,A001,1,616,369155,-0.2941,0.8008,0.0060,12.8784,26.5503,88.0737,0.8531,,
DATA,A001,1,617,369165,-0.2982,0.7979,0.0194,14.1602,20.5688,82.3975,0.8520,,
DATA,A001,1,618,369175,-0.3182,0.8091,0.0362,16.5405,13.9160,74.6460,0.8702,,
DATA,A001,1,619,369185,-0.3214,0.8228,0.0487,17.5171,10.6201,69.5190,0.8847,,
DATA,A001,1,620,369195,-0.3260,0.8443,0.0704,18.3716,7.6294,61.9507,0.9078,,
DATA,A001,1,621,369205,-0.3329,0.8563,0.0843,19.4702,7.3242,57.4951,0.9225,,
DATA,A001,1,622,369215,-0.3314,0.8619,0.1053,20.3247,7.2632,50.5371,0.9294,,
DATA,A001,1,623,369225,-0.3204,0.8592,0.1207,20.3857,8.6060,45.2271,0.9249,,
DATA,A001,1,624,369235,-0.2901,0.8382,0.1478,20.5078,12.9395,37.2925,0.8992,,
DATA,A001,1,625,369245,-0.2806,0.8231,0.1588,20.5688,18.0664,32.1045,0.8840,,
DATA,A001,1,626,369255,-0.2738,0.8001,0.1732,21.1182,27.4048,23.1323,0.8632,,
DATA,A001,1,627,369265,-0.2792,0.7999,0.1737,22.7051,34.4238,16.8457,0.8648,,
DATA,A001,1,628,369275,-0.2965,0.8682,0.1576,28.2593,43.7012,5.7983,0.9309,,
DATA,A001,1,629,369285,-0.3153,0.9427,0.1432,31.6772,47.5464,-2.3804,1.0043,,
DATA,A001,1,630,369295,-0.3390,1.0325,0.1249,30.3955,48.1567,-15.5029,1.0939,,
DATA,A001,1,631,369305,-0.3458,1.0533,0.1122,25.6348,44.6777,-25.8789,1.1143,,
DATA,A001,1,632,369315,-0.3326,1.0518,0.0782,21.6064,38.3911,-43.4570,1.1059,,
DATA,A001,1,633,369325,-0.3041,1.0599,0.0653,21.9116,34.5459,-56.2744,1.1046,,
DATA,A001,1,634,369335,-0.2506,1.0909,0.0438,24.5361,32.9590,-76.8433,1.1201,,
DATA,A001,1,635,369345,-0.2313,1.1507,0.0240,27.9541,34.2407,-91.6748,1.1740,,
DATA,A001,1,636,369355,-0.2296,1.3773,0.0253,40.9546,34.3018,-114.3188,1.3965,,
DATA,A001,1,637,369365,-0.2235,1.6087,0.0340,49.7437,33.0811,-126.5259,1.6245,,
DATA,A001,1,638,369375,-0.1839,1.8931,0.0321,43.5181,30.4565,-143.7988,1.9023,,
DATA,A001,1,639,369385,-0.1568,1.9437,0.0282,27.7100,33.5083,-154.9683,1.9502,,
DATA,A001,1,640,369395,-0.1424,1.8233,0.0248,7.2021,43.3960,-169.9219,1.8290,,
DATA,A001,1,641,369405,-0.1568,1.7034,0.0148,3.6011,50.7202,-180.4810,1.7107,,
DATA,A001,1,642,369415,-0.1788,1.5543,-0.0131,5.5542,58.5938,-198.6694,1.5646,,
DATA,A001,1,643,369425,-0.1954,1.4947,-0.0275,8.1177,60.4858,-211.2427,1.5077,,
DATA,A001,1,644,369435,-0.2030,1.4603,-0.0494,15.3198,58.2886,-228.7598,1.4751,,
DATA,A001,1,645,369445,-0.2030,1.4803,-0.0573,23.5596,53.3447,-239.0137,1.4952,,
DATA,A001,1,646,369455,-0.2108,1.5433,-0.0443,36.3159,39.6118,-250.6104,1.5582,,
DATA,A001,1,647,369465,-0.2169,1.5806,-0.0236,41.8701,26.4893,-255.1270,1.5956,,
DATA,A001,1,648,369475,-0.2252,1.5872,0.0179,43.8843,4.2114,-257.8125,1.6032,,
DATA,A001,1,649,369485,-0.2377,1.5464,0.0438,42.6636,-11.1694,-257.3242,1.5652,,
DATA,A001,1,650,369495,-0.2442,1.4461,0.0631,40.1001,-32.5928,-254.4556,1.4679,,
DATA,A001,1,651,369505,-0.2543,1.3646,0.0568,38.2690,-46.7529,-251.0376,1.3892,,
DATA,A001,1,652,369515,-0.2513,1.2891,0.0504,36.4380,-59.6924,-247.6196,1.3144,,
DATA,A001,1,653,369525,-0.2455,1.1888,0.0314,34.8511,-75.6836,-241.4551,1.2143,,
DATA,A001,1,654,369535,-0.2352,1.1243,0.0116,33.7524,-83.4351,-236.8774,1.1487,,
DATA,A001,1,655,369545,-0.2950,1.0320,0.0365,32.4707,-93.8110,-229.6753,1.0740,,
DATA,A001,1,656,369555,-0.2162,0.9815,-0.0287,31.9214,-100.0977,-225.7690,1.0054,,
DATA,A001,1,657,369565,-0.1673,0.9263,-0.0302,32.2876,-101.5015,-222.9004,0.9418,,
DATA,A001,1,658,369575,-0.1608,0.9000,-0.0277,34.7290,-98.8770,-218.2007,0.9146,,
DATA,A001,1,659,369585,-0.1700,0.8885,-0.0358,38.6963,-96.7407,-213.4399,0.9053,,
DATA,A001,1,660,369595,-0.1551,0.8880,-0.0497,38.4521,-97.9614,-209.0454,0.9028,,
DATA,A001,1,661,369605,-0.1188,0.8702,-0.0704,33.8135,-99.4873,-201.7822,0.8811,,
DATA,A001,1,662,369615,-0.1031,0.8411,-0.0934,30.3345,-100.0366,-195.4956,0.8526,,
DATA,A001,1,663,369625,-0.0755,0.7911,-0.1342,26.7334,-96.8628,-186.0352,0.8059,,
DATA,A001,1,664,369635,-0.0763,0.7706,-0.1495,26.3062,-93.2007,-178.6499,0.7886,,
DATA,A001,1,665,369645,-0.0802,0.7759,-0.1615,28.3203,-86.7920,-165.4053,0.7966,,
DATA,A001,1,666,369655,-0.0836,0.8167,-0.1618,31.1890,-82.0923,-155.9448,0.8368,,
DATA,A001,1,667,369665,-0.0897,0.8567,-0.1473,29.1748,-77.2095,-140.5029,0.8739,,
DATA,A001,1,668,369675,-0.1007,0.8433,-0.1290,22.2778,-74.4629,-129.7607,0.8591,,
DATA,A001,1,669,369685,-0.1190,0.7791,-0.0809,12.8784,-71.4111,-113.5864,0.7923,,
DATA,A001,1,670,369695,-0.1337,0.7379,-0.0502,10.1318,-69.5801,-102.7222,0.7515,,
DATA,A001,1,671,369705,-0.1661,0.6910,-0.0182,7.2021,-67.0166,-86.5479,0.7109,,
DATA,A001,1,672,369715,-0.1879,0.6724,-0.0153,5.6763,-65.0635,-75.9277,0.6983,,
DATA,A001,1,673,369725,-0.2120,0.6815,-0.0031,6.7749,-62.5000,-59.1431,0.7137,,
DATA,A001,1,674,369735,-0.2362,0.7100,-0.0123,8.0566,-60.6079,-47.3633,0.7484,,
DATA,A001,1,675,369745,-0.2726,0.7662,-0.0236,7.6294,-58.5938,-30.7617,0.8136,,
DATA,A001,1,676,369755,-0.2989,0.7989,-0.0258,5.4321,-59.5093,-19.8364,0.8534,,
DATA,A001,1,677,369765,-0.3453,0.8265,-0.0314,0.2441,-64.8804,-3.4180,0.8963,,
DATA,A001,1,678,369775,-0.3675,0.8409,-0.0336,-2.5024,-69.4580,7.0801,0.9183,,
DATA,A001,1,679,369785,-0.3976,0.8631,-0.0255,-4.1504,-75.0122,21.1792,0.9506,,
DATA,A001,1,680,369795,-0.4100,0.8770,-0.0082,-3.6621,-75.3174,29.6631,0.9682,,
DATA,A001,1,681,369805,-0.4432,0.8846,0.0299,-3.2349,-70.4346,38.7573,0.9899,,
DATA,A001,1,682,369815,-0.4640,0.8768,0.0651,-2.8687,-62.7441,41.7480,0.9941,,
DATA,A001,1,683,369825,-0.4891,0.8690,0.0768,-0.5493,-46.6919,44.1895,1.0001,,
DATA,A001,1,684,369835,-0.5043,0.8875,0.0426,4.3945,-35.3394,48.8892,1.0216,,
DATA,A001,1,685,369845,-0.5384,0.9813,0.0492,17.3950,-18.9819,60.1807,1.1204,,
DATA,A001,1,686,369855,-0.5799,1.0323,0.0709,21.9727,-8.9722,66.1621,1.1862,,
DATA,A001,1,687,369865,-0.6390,1.0159,0.0958,20.0806,-1.8311,70.1904,1.2040,,
DATA,A001,1,688,369875,-0.7272,0.9039,0.1236,12.5732,1.9531,73.7305,1.1666,,
DATA,A001,1,689,369885,-0.7777,0.8182,0.1346,13.1226,0.6104,74.3408,1.1368,,
DATA,A001,1,690,369895,-0.8199,0.7249,0.1891,24.5361,-4.5776,73.7915,1.1106,,
DATA,A001,1,691,369905,-0.8414,0.6754,0.2406,31.5552,-8.1787,70.4346,1.1054,,
DATA,A001,1,692,369915,-0.8534,0.5735,0.2833,36.0107,-15.8691,60.1196,1.0665,,
DATA,A001,1,693,369925,-0.8524,0.5228,0.2704,40.1001,-23.8037,52.0630,1.0358,,
DATA,A001,1,694,369935,-0.8341,0.5306,0.2355,55.4810,-37.6587,43.7012,1.0162,,
DATA,A001,1,695,369945,-0.8158,0.6197,0.2259,69.5801,-46.1426,41.0156,1.0491,,
DATA,A001,1,696,369955,-0.7994,0.7728,0.2115,83.3130,-57.9224,37.1704,1.1318,,
DATA,A001,1,697,369965,-0.8138,0.8233,0.2084,83.4961,-66.2231,35.4614,1.1762,,
DATA,A001,1,698,369975,-0.8360,0.8182,0.1866,77.6978,-82.7637,34.8511,1.1846,,
DATA,A001,1,699,369985,-0.8448,0.8033,0.1669,76.6602,-96.1304,36.0718,1.1776,,
DATA,A001,1,700,369995,-0.8236,0.8279,0.1273,81.2378,-114.9292,38.4521,1.1747,,
DATA,A001,1,701,370005,-0.7894,0.8729,0.1117,84.8389,-123.1079,39.5508,1.1822,,
DATA,A001,1,702,370015,-0.7262,0.9288,0.0970,85.8154,-127.6245,39.3677,1.1829,,
DATA,A001,1,703,370025,-0.6874,0.9402,0.0963,83.7402,-127.5024,37.6587,1.1687,,
DATA,A001,1,704,370035,-0.6466,0.8941,0.1027,79.7729,-127.6855,33.8745,1.1082,,
DATA,A001,1,705,370045,-0.6214,0.8348,0.1085,78.9795,-129.0894,30.7617,1.0463,,
DATA,A001,1,706,370055,-0.5831,0.7464,0.1234,81.4209,-134.5215,25.0244,0.9552,,
DATA,A001,1,707,370065,-0.5611,0.7032,0.1293,85.0220,-139.9536,20.7520,0.9089,,
DATA,A001,1,708,370075,-0.5333,0.6566,0.1324,91.5527,-149.9634,14.0991,0.8562,,
DATA,A001,1,709,370085,-0.5035,0.6385,0.1366,95.5200,-157.1655,9.8267,0.8245,,
DATA,A001,1,710,370095,-0.4691,0.6273,0.1317,99.7925,-167.9077,4.3335,0.7943,,
DATA,A001,1,711,370105,-0.4452,0.6170,0.1161,102.3560,-174.5605,1.8311,0.7696,,
DATA,A001,1,712,370115,-0.4076,0.6187,0.0880,106.2012,-182.6172,0.0610,0.7461,,
DATA,A001,1,713,370125,-0.3846,0.6214,0.0658,108.8867,-185.7910,0.1221,0.7338,,
DATA,A001,1,714,370135,-0.3692,0.6329,0.0402,113.0981,-187.7441,1.4648,0.7338,,
DATA,A001,1,715,370145,-0.3629,0.6421,0.0233,115.4785,-187.6221,3.0518,0.7380,,
DATA,A001,1,716,370155,-0.3631,0.6531,0.0035,118.8354,-186.4624,6.0425,0.7473,,
DATA,A001,1,717,370165,-0.3588,0.6563,-0.0004,120.6665,-185.6079,7.8735,0.7480,,
DATA,A001,1,718,370175,-0.3617,0.6465,-0.0155,122.5586,-184.6313,9.9487,0.7410,,
DATA,A001,1,719,370185,-0.3629,0.6392,-0.0253,124.2676,-185.1807,10.6812,0.7355,,
DATA,A001,1,720,370195,-0.3707,0.6299,-0.0431,126.8311,-187.0728,11.2915,0.7322,,
DATA,A001,1,721,370205,-0.3649,0.6365,-0.0797,131.2256,-192.1387,12.0850,0.7380,,
DATA,A001,1,722,370215,-0.3563,0.6671,-0.1095,135.8643,-200.1343,13.0005,0.7641,,
DATA,A001,1,723,370225,-0.3690,0.6907,-0.1322,138.6108,-206.6040,14.4043,0.7942,,
DATA,A001,1,724,370235,-0.3956,0.7178,-0.1671,140.4419,-214.1113,15.4419,0.8365,,
DATA,A001,1,725,370245,-0.3988,0.7723,-0.2313,142.7002,-226.1353,15.2588,0.8994,,
DATA,A001,1,726,370255,-0.3885,0.8140,-0.2721,143.9209,-233.1543,15.1367,0.9421,,
DATA,A001,1,727,370265,-0.3649,0.8819,-0.3468,144.3481,-235.9009,16.7847,1.0154,,
DATA,A001,1,728,370275,-0.3378,0.9251,-0.4198,142.7612,-230.6519,19.2871,1.0706,,
DATA,A001,1,729,370285,-0.3395,1.0013,-0.5743,140.8081,-209.1064,26.6724,1.2032,,
DATA,A001,1,730,370295,-0.4059,1.0801,-0.6989,145.0806,-190.0635,33.6914,1.3490,,
DATA,A001,1,731,370305,-0.5817,1.3187,-0.7765,159.4238,-169.7388,46.6919,1.6371,,
DATA,A001,1,732,370315,-0.7215,1.5879,-0.7670,164.8560,-170.0439,59.2651,1.9054,,
DATA,A001,1,733,370325,-1.0204,2.0154,-0.7994,144.7144,-200.2563,70.6177,2.3963,,
DATA,A001,1,734,370335,-1.1312,2.0923,-0.8490,118.1030,-221.3135,61.3403,2.5255,,
DATA,A001,1,735,370345,-1.1051,1.8524,-1.0167,70.9839,-244.4458,35.2783,2.3846,,
DATA,A001,1,736,370355,-0.9925,1.5350,-1.0819,49.8657,-251.7090,7.2632,2.1241,,
DATA,A001,1,737,370365,-0.8004,1.0928,-1.1334,40.1611,-252.6855,-42.1753,1.7662,,
DATA,A001,1,738,370375,-0.7023,0.8909,-1.1215,48.5229,-249.9390,-72.5708,1.5952,,
DATA,A001,1,739,370385,-0.6012,0.7742,-1.0856,72.4487,-246.2769,-109.4971,1.4626,,
DATA,A001,1,740,370395,-0.5499,0.7923,-1.0573,85.5713,-238.6475,-130.3711,1.4311,,
DATA,A001,1,741,370405,-0.4852,0.8465,-0.9816,97.3511,-213.2568,-158.1421,1.3840,,
DATA,A001,1,742,370415,-0.4728,0.8687,-0.9254,102.6001,-188.4155,-174.6826,1.3545,,
DATA,A001,1,743,370425,-0.5140,0.8851,-0.8297,111.0229,-149.0479,-194.5190,1.3176,,
DATA,A001,1,744,370435,-0.5521,0.9100,-0.7526,117.0044,-127.5024,-205.3223,1.3035,,
DATA,A001,1,745,370445,-0.5704,0.9642,-0.6681,122.9248,-106.3232,-217.6514,1.3044,,
DATA,A001,1,746,370455,-0.5550,0.9898,-0.6288,123.4741,-98.2666,-222.7783,1.2974,,
DATA,A001,1,747,370465,-0.5140,0.9881,-0.5817,123.4131,-90.2710,-225.8301,1.2565,,
DATA,A001,1,748,370475,-0.4830,0.9876,-0.5509,124.6948,-85.5103,-224.9756,1.2297,,
DATA,A001,1,749,370485,-0.4484,0.9883,-0.5079,128.3569,-80.0781,-218.9941,1.1983,,
DATA,A001,1,750,370495,-0.4347,0.9825,-0.4830,129.7607,-78.8574,-211.9751,1.1779,,
DATA,A001,1,751,370505,-0.4252,0.9554,-0.4393,129.3945,-81.3599,-197.7539,1.1343,,
DATA,A001,1,752,370515,-0.4186,0.9146,-0.4078,127.5024,-85.2661,-186.1572,1.0854,,
DATA,A001,1,753,370525,-0.4137,0.8331,-0.3568,124.8779,-93.6890,-166.8091,0.9962,,
DATA,A001,1,754,370535,-0.4198,0.7833,-0.3224,123.1689,-100.1587,-153.6255,0.9453,,
DATA,A001,1,755,370545,-0.4325,0.7535,-0.2907,122.0093,-107.5439,-139.9536,0.9161,,
DATA,A001,1,756,370555,-0.4481,0.7664,-0.2684,122.0703,-120.1782,-118.5913,0.9275,,
DATA,A001,1,757,370565,-0.4498,0.8160,-0.2550,121.9482,-131.3477,-104.3701,0.9660,,
DATA,A001,1,758,370575,-0.4413,0.8729,-0.2321,115.4175,-153.2593,-80.7495,1.0052,,
DATA,A001,1,759,370585,-0.4278,0.8672,-0.2167,106.0791,-169.4336,-65.4907,0.9910,,
DATA,A001,1,760,370595,-0.4032,0.8211,-0.2057,91.9800,-190.0635,-45.5322,0.9376,,
DATA,A001,1,761,370605,-0.3800,0.7955,-0.2123,86.7920,-197.8760,-34.7290,0.9068,,
DATA,A001,1,762,370615,-0.3353,0.8033,-0.2174,84.8999,-200.4395,-19.1650,0.8972,,
DATA,A001,1,763,370625,-0.3109,0.8382,-0.2191,84.1675,-197.2046,-8.4229,0.9205,,
DATA,A001,1,764,370635,-0.2660,0.9156,-0.2118,80.5664,-188.8428,7.2021,0.9767,,
DATA,A001,1,765,370645,-0.2425,0.9564,-0.2079,75.6226,-181.7627,17.1509,1.0083,,
DATA,A001,1,766,370655,-0.2203,0.9783,-0.2103,65.4297,-170.8984,30.4565,1.0247,,
DATA,A001,1,767,370665,-0.2093,0.9725,-0.2074,59.0210,-163.8794,38.2690,1.0161,,
DATA,A001,1,768,370675,-0.1996,0.9312,-0.2011,51.3916,-154.2969,48.4619,0.9733,,
DATA,A001,1,769,370685,-0.1949,0.8953,-0.1915,47.5464,-149.1699,54.5044,0.9361,,
DATA,A001,1,770,370695,-0.1615,0.8462,-0.1723,44.8608,-140.1978,61.7676,0.8786,,
DATA,A001,1,771,370705,-0.1420,0.8206,-0.1493,44.4946,-132.3242,65.7349,0.8461,,
DATA,A001,1,772,370715,-0.1124,0.7957,-0.1173,45.0439,-117.9199,71.6553,0.8121,,
DATA,A001,1,773,370725,-0.0985,0.7925,-0.0873,46.1426,-106.8115,75.7446,0.8034,,
DATA,A001,1,774,370735,-0.1044,0.8353,-0.0431,47.6074,-91.7358,84.3506,0.8429,,
DATA,A001,1,775,370745,-0.1022,0.8831,-0.0556,47.7905,-82.7637,92.0410,0.8907,,
DATA,A001,1,776,370755,-0.0902,0.9507,-0.0805,46.2646,-70.0073,103.3936,0.9584,,
DATA,A001,1,777,370765,-0.0912,0.9659,-0.0863,43.3350,-58.5938,110.7178,0.9740,,
DATA,A001,1,778,370775,-0.1195,0.9349,-0.0621,37.5977,-39.6729,120.9106,0.9445,,
DATA,A001,1,779,370785,-0.1485,0.9014,-0.0482,35.9497,-27.8931,128.2959,0.9149,,
DATA,A001,1,780,370795,-0.1805,0.9158,-0.0250,41.2598,-13.9771,139.6484,0.9338,,
DATA,A001,1,781,370805,-0.1896,0.9937,0.0006,46.9971,-7.0190,147.3999,1.0116,,
DATA,A001,1,782,370815,-0.2005,1.1534,0.0333,50.6592,3.0518,159.9121,1.1712,,
DATA,A001,1,783,370825,-0.2137,1.2357,0.0409,46.3257,7.7515,168.0298,1.2547,,
DATA,A001,1,784,370835,-0.2223,1.2989,0.0367,35.7056,11.4136,177.7344,1.3183,,
DATA,A001,1,785,370845,-0.2164,1.3204,0.0265,31.8604,13.3667,182.6782,1.3383,,
DATA,A001,1,786,370855,-0.2218,1.3680,0.0162,31.2500,16.1743,190.0635,1.3859,,
DATA,A001,1,787,370865,-0.2269,1.4119,0.0079,32.1655,17.5781,194.0308,1.4301,,
DATA,A001,1,788,370875,-0.2384,1.4507,0.0030,32.2876,18.5547,196.5332,1.4702,,
DATA,A001,1,789,370885,-0.2616,1.4634,-0.0016,30.0903,16.4185,197.8149,1.4866,,
DATA,A001,1,790,370895,-0.2743,1.4498,0.0087,28.8086,11.7798,196.8384,1.4755,,
DATA,A001,1,791,370905,-0.2818,1.4251,0.0502,28.7476,1.2207,192.0776,1.4536,,
DATA,A001,1,792,370915,-0.2777,1.4090,0.0716,29.1748,-7.3242,187.4390,1.4379,,
DATA,A001,1,793,370925,-0.2645,1.3690,0.0975,29.1748,-20.7520,178.1006,1.3977,,
DATA,A001,1,794,370935,-0.2425,1.3248,0.1332,29.3579,-28.9307,170.2881,1.3534,,
DATA,A001,1,795,370945,-0.2135,1.2469,0.1774,30.0293,-36.0107,156.1890,1.2774,,
DATA,A001,1,796,370955,-0.2008,1.1907,0.1993,31.3721,-36.8652,145.9351,1.2239,,
DATA,A001,1,797,370965,-0.1962,1.1004,0.2452,33.6914,-34.7900,129.2725,1.1443,,
DATA,A001,1,798,370975,-0.2101,1.0433,0.2723,35.0952,-32.2876,118.5303,1.0985,,
DATA,A001,1,799,370985,-0.2330,0.9676,0.3024,35.5225,-29.6021,101.5015,1.0402,,
DATA,A001,1,800,370995,-0.2394,0.9122,0.3199,33.9966,-29.4800,89.7827,0.9958,,
DATA,A001,1,801,371005,-0.2450,0.8282,0.3121,29.2969,-30.0903,73.3032,0.9183,,
DATA,A001,1,802,371015,-0.2408,0.7708,0.3009,25.6348,-31.1890,63.1104,0.8618,,
DATA,A001,1,803,371025,-0.2411,0.6902,0.2716,22.4609,-32.7759,49.8047,0.7799,,
DATA,A001,1,804,371035,-0.2408,0.6546,0.2550,22.0337,-32.9590,42.2974,0.7426,,
DATA,A001,1,805,371045,-0.2516,0.6270,0.2355,22.7051,-32.2876,31.7993,0.7155,,
DATA,A001,1,806,371055,-0.2569,0.6309,0.2308,23.1934,-31.7993,24.9634,0.7193,,
DATA,A001,1,807,371065,-0.2613,0.6465,0.2228,22.7661,-31.8604,15.4419,0.7321,,
DATA,A001,1,808,371075,-0.2596,0.6663,0.2218,21.4844,-33.3862,9.4604,0.7487,,
DATA,A001,1,809,371085,-0.2357,0.7144,0.2115,19.4092,-35.6445,1.0376,0.7815,,
DATA,A001,1,810,371095,-0.2057,0.7547,0.2030,18.0054,-35.7056,-3.7842,0.8081,,
DATA,A001,1,811,371105,-0.1515,0.8216,0.1822,15.3809,-29.7852,-9.4604,0.8551,,
DATA,A001,1,812,371115,-0.1300,0.8614,0.1715,13.9771,-21.5454,-12.6343,0.8879,,
DATA,A001,1,813,371125,-0.1190,0.9166,0.1737,12.3901,-5.1270,-16.2964,0.9404,,
DATA,A001,1,814,371135,-0.1319,0.9478,0.1800,11.0474,6.4697,-18.1274,0.9737,,
DATA,A001,1,815,371145,-0.1507,0.9842,0.1891,8.6060,21.5454,-19.8364,1.0135,,
DATA,A001,1,816,371155,-0.1683,0.9922,0.1947,6.5308,29.3579,-20.4468,1.0251,,
DATA,A001,1,817,371165,-0.1852,0.9791,0.2067,3.4790,40.2222,-21.2402,1.0176,,
DATA,A001,1,818,371175,-0.1944,0.9503,0.2040,2.1362,47.1191,-21.5454,0.9912,,
DATA,A001,1,819,371185,-0.2357,0.9022,0.2001,2.8687,55.7861,-21.8506,0.9537,,
DATA,A001,1,820,371195,-0.2660,0.8909,0.2027,5.8594,58.7769,-22.5830,0.9516,,
DATA,A001,1,821,371205,-0.3146,0.9100,0.2003,10.9863,57.2510,-23.8037,0.9834,,
DATA,A001,1,822,371215,-0.3446,0.9512,0.1957,13.1226,51.3306,-24.6582,1.0305,,
DATA,A001,1,823,371225,-0.3658,1.0203,0.1757,14.1602,38.6353,-26.3672,1.0981,,
DATA,A001,1,824,371235,-0.3631,1.0674,0.1590,13.6108,29.6631,-28.4424,1.1387,,
DATA,A001,1,825,371245,-0.3395,1.1138,0.1341,12.7563,22.1558,-31.3110,1.1721,,
DATA,A001,1,826,371255,-0.3129,1.1712,0.1002,11.9629,16.4795,-36.6821,1.2164,,
DATA,A001,1,827,371265,-0.2950,1.2095,0.0846,12.0850,15.9912,-40.9546,1.2479,,
DATA,A001,1,828,371275,-0.2662,1.2613,0.0604,11.7188,18.7988,-49.1333,1.2905,,
DATA,A001,1,829,371285,-0.2709,1.3043,0.0414,12.9395,21.6064,-54.7485,1.3327,,
DATA,A001,1,830,371295,-0.2755,1.4322,0.0221,18.9209,26.0620,-61.6455,1.4586,,
DATA,A001,1,831,371305,-0.2745,1.5284,0.0145,21.3623,28.3203,-66.7114,1.5529,,
DATA,A001,1,832,371315,-0.2626,1.6002,0.0321,15.2588,33.0200,-76.2329,1.6219,,
DATA,A001,1,833,371325,-0.2550,1.5704,0.0365,6.8970,37.8418,-82.4585,1.5914,,
DATA,A001,1,834,371335,-0.2579,1.4100,0.0245,-3.5400,46.3257,-93.2007,1.4336,,
DATA,A001,1,835,371345,-0.2662,1.2862,0.0082,-4.5776,49.9268,-101.1963,1.3135,,
DATA,A001,1,836,371355,-0.2899,1.1819,-0.0126,3.1738,50.3540,-112.1826,1.2170,,
DATA,A001,1,837,371365,-0.3014,1.1502,-0.0216,9.3384,46.0815,-118.8354,1.1892,,
DATA,A001,1,838,371375,-0.3341,1.1138,-0.0245,13.5498,33.9355,-128.9673,1.1631,,
DATA,A001,1,839,371385,-0.3732,1.0909,-0.0338,15.0146,20.9961,-133.8501,1.1534,,
DATA,A001,1,840,371395,-0.4005,1.0796,-0.0651,21.9727,-6.1035,-141.3574,1.1534,,
DATA,A001,1,841,371405,-0.4078,1.0945,-0.0560,25.4517,-26.4893,-142.9443,1.1694,,
DATA,A001,1,842,371415,-0.2887,1.1458,-0.1351,37.1094,-71.8994,-151.0620,1.1893,,
DATA,A001,1,843,371425,-0.1842,1.1961,-0.1312,34.7900,-100.2808,-147.5220,1.2173,,
DATA,A001,1,844,371435,-0.2496,1.1343,-0.0663,15.1978,-74.5850,-156.2500,1.1634,,
DATA,A001,1,845,371445,-0.3019,1.1204,-0.1017,22.8882,-63.4155,-160.6445,1.1648,,
DATA,A001,1,846,371455,-0.4718,1.1443,-0.0414,29.6021,-62.8662,-163.2690,1.2385,,
DATA,A001,1,847,371465,-0.4608,1.1910,-0.0582,30.0293,-76.5381,-165.2832,1.2783,,
DATA,A001,1,848,371475,-0.3309,1.1868,-0.0736,17.5171,-85.6934,-177.3682,1.2343,,
DATA,A001,1,849,371485,-0.3390,1.1519,-0.0665,15.1367,-87.4634,-178.8330,1.2026,,
DATA,A001,1,850,371495,-0.2572,1.1041,-0.0722,15.5029,-82.3364,-183.2886,1.1359,,
DATA,A001,1,851,371505,-0.2257,1.0723,-0.0573,13.5498,-72.5098,-189.6362,1.0973,,
DATA,A001,1,852,371515,-0.2472,1.0154,-0.0653,11.5356,-58.6548,-192.7490,1.0471,,
DATA,A001,1,853,371525,-0.2220,0.9827,-0.0663,12.0239,-48.2178,-196.7773,1.0097,,
DATA,A001,1,854,371535,-0.2574,0.9471,-0.0529,13.1836,-34.7290,-199.4629,0.9829,,
DATA,A001,1,855,371545,-0.2704,0.9261,-0.0524,13.6108,-28.9307,-198.7915,0.9662,,
DATA,A001,1,856,371555,-0.2770,0.9009,-0.0346,12.6953,-23.6816,-198.6084,0.9432,,
DATA,A001,1,857,371565,-0.2906,0.8917,-0.0399,11.4746,-23.4985,-195.3125,0.9387,,
DATA,A001,1,858,371575,-0.2701,0.8799,-0.0482,10.0098,-23.3154,-191.6504,0.9217,,
DATA,A001,1,859,371585,-0.2511,0.8599,-0.0494,7.0190,-21.7896,-185.5469,0.8972,,
DATA,A001,1,860,371595,-0.2423,0.8448,-0.0590,6.0425,-19.7144,-179.2603,0.8808,,
DATA,A001,1,861,371605,-0.2225,0.8172,-0.0665,4.8828,-15.1367,-169.7998,0.8496,,
DATA,A001,1,862,371615,-0.2340,0.7913,-0.0712,4.4556,-11.5356,-158.0200,0.8283,,
DATA,A001,1,863,371625,-0.2308,0.7757,-0.0690,4.5776,-10.4980,-149.2920,0.8122,,
DATA,A001,1,864,371635,-0.2328,0.7650,-0.0641,4.8828,-10.8032,-140.1367,0.8021,,
DATA,A001,1,865,371645,-0.2281,0.7530,-0.0575,5.8594,-12.2070,-124.8169,0.7889,,
DATA,A001,1,866,371655,-0.2169,0.7454,-0.0441,5.6763,-12.4512,-114.4409,0.7776,,
DATA,A001,1,867,371665,-0.2098,0.7344,-0.0204,5.9204,-11.7798,-97.8394,0.7641,,
DATA,A001,1,868,371675,-0.2062,0.7281,-0.0060,5.5542,-11.2305,-86.4868,0.7567,,
DATA,A001,1,869,371685,-0.2062,0.7261,0.0206,5.8594,-9.7656,-69.2139,0.7551,,
DATA,A001,1,870,371695,-0.2076,0.7242,0.0409,5.8594,-8.8501,-57.4341,0.7545,,
DATA,A001,1,871,371705,-0.2084,0.7264,0.0626,4.8218,-7.2021,-39.7949,0.7583,,
DATA,A001,1,872,371715,-0.2052,0.7195,0.0665,4.2114,-6.3477,-27.7100,0.7512,,
DATA,A001,1,873,371725,-0.2020,0.7278,0.0655,3.9062,-4.2114,-9.7656,0.7582,,
DATA,A001,1,874,371735,-0.1976,0.7491,0.0633,5.2490,-2.6245,2.2583,0.7773,,
DATA,A001,1,875,371745,-0.1947,0.8133,0.0536,7.8125,0.0000,20.8740,0.8380,,
DATA,A001,1,876,371755,-0.1947,0.8541,0.0477,8.6670,1.8311,33.2031,0.8773,,
DATA,A001,1,877,371765,-0.1900,0.9390,0.0485,9.4604,4.6997,52.0020,0.9593,,
DATA,A001,1,878,371775,-0.1803,0.9857,0.0480,8.5449,5.9814,64.8193,1.0032,,
DATA,A001,1,879,371785,-0.1669,1.0482,0.0577,5.4321,8.9722,84.2285,1.0629,,
DATA,A001,1,880,371795,-0.1583,1.0731,0.0707,2.5635,12.3901,96.8628,1.0870,,
DATA,A001,1,881,371805,-0.1478,1.0941,0.1044,-3.2959,19.7144,115.4785,1.1089,,
DATA,A001,1,882,371815,-0.1463,1.0928,0.1254,-8.6670,26.1841,127.1973,1.1097,,
DATA,A001,1,883,371825,-0.1412,1.0799,0.0904,-17.3950,38.6963,144.8364,1.0928,,
DATA,A001,1,884,371835,-0.1236,1.1072,0.0255,-17.0288,49.6216,157.8369,1.1144,,
DATA,A001,1,885,371845,-0.0753,1.2249,-0.0499,-9.8877,71.0449,177.6733,1.2282,,
DATA,A001,1,886,371855,-0.0775,1.3201,-0.0895,-6.8970,89.4775,191.5283,1.3254,,
DATA,A001,1,887,371865,-0.1131,1.4239,-0.0983,-10.9253,114.3799,212.2803,1.4318,,
DATA,A001,1,888,371875,-0.1644,1.4510,-0.0739,-16.6626,127.9907,225.4028,1.4621,,
DATA,A001,1,889,371885,-0.2528,1.4520,-0.0389,-25.5127,140.6250,241.8823,1.4743,,
DATA,A001,1,890,371895,-0.2997,1.4376,-0.0228,-29.7852,144.2871,250.1221,1.4686,,
DATA,A001,1,891,371905,-0.3248,1.4131,-0.0133,-33.2642,145.7520,255.7983,1.4501,,
DATA,A001,1,892,371915,-0.3402,1.3848,-0.0099,-37.0483,147.5220,258.9722,1.4260,,
DATA,A001,1,893,371925,-0.3434,1.3978,-0.0070,-37.2314,149.1699,258.4229,1.4393,,
DATA,A001,1,894,371935,-0.3617,1.4752,0.0018,-33.6304,148.8647,254.0283,1.5188,,
DATA,A001,1,895,371945,-0.3756,1.5399,0.0035,-32.1655,144.2261,249.2676,1.5850,,
DATA,A001,1,896,371955,-0.4120,1.6365,0.0223,-34.4238,128.1738,237.9150,1.6877,,
DATA,A001,1,897,371965,-0.4188,1.6651,0.0297,-38.6353,112.1826,228.2104,1.7172,,
DATA,A001,1,898,371975,-0.3885,1.6270,0.0174,-45.5322,83.2520,211.1206,1.6729,,
DATA,A001,1,899,371985,-0.3585,1.5528,0.0223,-47.6685,63.7817,197.8760,1.5938,,
DATA,A001,1,900,371995,-0.2958,1.4061,0.0548,-46.5698,38.0249,176.7578,1.4379,,
DATA,A001,1,901,372005,-0.2521,1.2916,0.0856,-44.1284,23.9868,160.8276,1.3187,,
DATA,A001,1,902,372015,-0.2423,1.1260,0.1317,-40.7715,8.5449,135.3760,1.1593,,
DATA,A001,1,903,372025,-0.2394,1.0342,0.1586,-38.0249,3.2959,118.7134,1.0734,,
DATA,A001,1,904,372035,-0.2377,0.9234,0.1866,-32.4097,-3.2349,97.5342,0.9716,,
DATA,A001,1,905,372045,-0.2394,0.8687,0.1805,-29.0527,-4.7607,85.4492,0.9190,,
DATA,A001,1,906,372055,-0.2445,0.8013,0.1556,-24.8413,-1.1597,69.1528,0.8521,,
DATA,A001,1,907,372065,-0.2582,0.7740,0.1332,-22.4609,3.4180,60.1196,0.8267,,
DATA,A001,1,908,372075,-0.2818,0.7520,0.0777,-19.2871,8.8501,49.3774,0.8068,,
DATA,A001,1,909,372085,-0.2953,0.7574,0.0445,-17.6392,10.2539,44.1895,0.8141,,
DATA,A001,1,910,372095,-0.3165,0.7630,-0.0072,-16.1133,7.0801,40.2832,0.8261,,
DATA,A001,1,911,372105,-0.3268,0.7603,-0.0333,-16.0522,2.4414,39.5508,0.8282,,
DATA,A001,1,912,372115,-0.3282,0.7525,-0.0494,-15.5640,-7.0801,40.1001,0.8225,,
DATA,A001,1,913,372125,-0.3224,0.7503,-0.0453,-14.7095,-13.8550,41.9312,0.8179,,
DATA,A001,1,914,372135,-0.3016,0.7491,-0.0341,-14.4043,-20.8740,45.6543,0.8082,,
DATA,A001,1,915,372145,-0.2860,0.7469,-0.0243,-14.4043,-22.8882,48.4009,0.8001,,
DATA,A001,1,916,372155,-0.2589,0.7493,0.0294,-13.8550,-20.6299,52.3071,0.7933,,
DATA,A001,1,917,372165,-0.2411,0.7559,0.0719,-13.3057,-15.3809,54.5044,0.7967,,
DATA,A001,1,918,372175,-0.2355,0.7525,0.0934,-14.6484,-3.5400,57.3120,0.7940,,
DATA,A001,1,919,372185,-0.2364,0.7440,0.0956,-15.3198,5.5542,58.3496,0.7865,,
DATA,A001,1,920,372195,-0.2345,0.7327,0.0939,-13.0615,19.9585,58.8379,0.7750,,
DATA,A001,1,921,372205,-0.2340,0.7408,0.0968,-10.0098,29.7852,58.2886,0.7829,,
DATA,A001,1,922,372215,-0.2479,0.7625,0.1041,-4.2725,44.0063,56.2134,0.8085,,
DATA,A001,1,923,372225,-0.2679,0.7772,0.1080,-1.3428,51.3306,54.3213,0.8291,,
DATA,A001,1,924,372235,-0.3087,0.7855,0.1219,2.2583,55.8472,50.9644,0.8527,,
DATA,A001,1,925,372245,-0.3397,0.7991,0.1202,5.5542,54.0771,48.4009,0.8766,,
DATA,A001,1,926,372255,-0.3732,0.8484,0.1100,12.0239,45.4102,43.8232,0.9334,,
DATA,A001,1,927,372265,-0.3844,0.9009,0.1061,16.7847,37.1094,40.4663,0.9852,,
DATA,A001,1,928,372275,-0.3939,0.9732,0.1039,20.8130,28.1982,36.6821,1.0550,,
DATA,A001,1,929,372285,-0.4042,1.0855,0.0917,24.5361,14.8315,29.8462,1.1619,,
DATA,A001,1,930,372295,-0.4095,1.1412,0.0839,24.7803,6.0425,24.2920,1.2153,,
DATA,A001,1,931,372305,-0.3942,1.1963,0.0655,25.0244,-4.4556,12.7563,1.2613,,
DATA,A001,1,932,372315,-0.3661,1.1983,0.0580,24.7192,-7.8735,1.9531,1.2543,,
DATA,A001,1,933,372325,-0.3111,1.1573,0.0582,26.1230,-5.0049,-13.6108,1.1998,,
DATA,A001,1,934,372335,-0.2914,1.1170,0.0760,28.0762,0.4272,-26.9775,1.1569,,
DATA,A001,1,935,372345,-0.3275,1.1346,0.0716,37.6587,7.8735,-47.1802,1.1831,,
DATA,A001,1,936,372355,-0.3368,1.2625,0.0856,49.1943,6.6528,-59.3262,1.3095,,
DATA,A001,1,937,372365,-0.3185,1.5081,0.1261,59.6924,-2.0752,-77.3926,1.5465,,
DATA,A001,1,938,372375,-0.2806,1.5950,0.1337,52.8564,-6.3477,-88.2568,1.6250,,
DATA,A001,1,939,372385,-0.1993,1.4651,0.1603,29.9683,-3.9673,-104.5532,1.4873,,
DATA,A001,1,940,372395,-0.1798,1.2645,0.1766,18.6768,3.2959,-115.2344,1.2893,,
DATA,A001,1,941,372405,-0.2157,1.0359,0.1573,21.8506,16.2964,-132.5684,1.0698,,
DATA,A001,1,942,372415,-0.2652,1.0145,0.1454,34.0576,19.9585,-143.9819,1.0586,,
DATA,A001,1,943,372425,-0.3556,1.1622,0.1009,48.7671,12.2070,-156.9824,1.2195,,
DATA,A001,1,944,372435,-0.3966,1.2877,0.0550,50.5981,-1.6479,-162.9028,1.3485,,
DATA,A001,1,945,372445,-0.4288,1.4344,0.0091,47.6074,-30.5176,-168.2129,1.4971,,
DATA,A001,1,946,372455,-0.4178,1.4847,-0.0070,42.7246,-51.3916,-169.6777,1.5424,,
DATA,A001,1,947,372465,-0.3819,1.4944,-0.0304,31.8604,-78.0640,-169.0063,1.5428,,
DATA,A001,1,948,372475,-0.3473,1.4546,-0.0355,22.8271,-90.2710,-167.8467,1.4959,,
DATA,A001,1,949,372485,-0.3119,1.3719,-0.0499,11.0474,-99.7925,-165.8936,1.4078,,
DATA,A001,1,950,372495,-0.2992,1.3228,-0.0695,6.7749,-101.9897,-165.5273,1.3580,,
DATA,A001,1,951,372505,-0.2814,1.2884,-0.0944,4.8218,-103.7598,-166.1377,1.3221,,
DATA,A001,1,952,372515,-0.2662,1.2737,-0.1007,3.6621,-105.2246,-166.5649,1.3052,,
DATA,A001,1,953,372525,-0.2320,1.2222,-0.0944,-1.5869,-108.2764,-167.9688,1.2476,,
DATA,A001,1,954,372535,-0.2064,1.1692,-0.0841,-5.7983,-110.0464,-170.4102,1.1903,,
DATA,A001,1,955,372545,-0.1805,1.0840,-0.0639,-7.6904,-111.5112,-174.4995,1.1008,,
DATA,A001,1,956,372555,-0.1683,1.0462,-0.0465,-6.1035,-111.2671,-177.9785,1.0607,,
DATA,A001,1,957,372565,-0.1373,1.0320,-0.0243,-3.1128,-107.2388,-187.0117,1.0414,,
DATA,A001,1,958,372575,-0.1205,1.0257,-0.0121,-0.9766,-102.2949,-191.5894,1.0328,,
DATA,A001,1,959,372585,-0.1188,1.0252,-0.0079,0.3662,-96.0693,-195.9839,1.0321,,
DATA,A001,1,960,372595,-0.1192,1.0123,-0.0023,0.1831,-86.9141,-203.0029,1.0193,,
DATA,A001,1,961,372605,-0.1229,0.9847,-0.0189,-0.9155,-79.5898,-208.3740,0.9925,,
DATA,A001,1,962,372615,-0.1283,0.9744,-0.0377,0.7324,-75.6226,-210.8154,0.9836,,
DATA,A001,1,963,372625,-0.1451,0.9915,-0.0614,4.3945,-71.1060,-212.4634,1.0040,,
DATA,A001,1,964,372635,-0.1493,1.0252,-0.0778,6.0425,-67.5659,-212.8906,1.0389,,
DATA,A001,1,965,372645,-0.1595,1.0733,-0.0968,8.4229,-64.2090,-212.9517,1.0894,,
DATA,A001,1,966,372655,-0.1698,1.1585,-0.1137,12.2070,-60.2417,-210.6323,1.1764,,
DATA,A001,1,967,372665,-0.1713,1.2086,-0.1212,12.2070,-58.5938,-208.3740,1.2266,,
DATA,A001,1,968,372675,-0.1683,1.2376,-0.1281,6.7139,-58.0444,-203.6133,1.2555,,
DATA,A001,1,969,372685,-0.1578,1.2361,-0.1339,2.4414,-57.7393,-199.5850,1.2534,,
DATA,A001,1,970,372695,-0.1395,1.2225,-0.1432,-1.5259,-56.3965,-191.7725,1.2387,,
DATA,A001,1,971,372705,-0.1251,1.2103,-0.1466,-2.3804,-54.0161,-185.3027,1.2255,,
DATA,A001,1,972,372715,-0.1029,1.2000,-0.1432,-4.2725,-48.5840,-173.9502,1.2129,,
DATA,A001,1,973,372725,-0.0929,1.1824,-0.1368,-6.2256,-44.1895,-164.9780,1.1939,,
DATA,A001,1,974,372735,-0.0958,1.1214,-0.1156,-10.1318,-37.1094,-150.6958,1.1314,,
DATA,A001,1,975,372745,-0.1100,1.0684,-0.0958,-12.3291,-33.2031,-140.9912,1.0783,,
DATA,A001,1,976,372755,-0.1173,0.9903,-0.0680,-13.7939,-28.4424,-126.2207,0.9995,,
DATA,A001,1,977,372765,-0.1092,0.9339,-0.0514,-14.0381,-25.1465,-116.3330,0.9417,,
DATA,A001,1,978,372775,-0.1051,0.8834,-0.0245,-12.0850,-17.9443,-100.0366,0.8899,,
DATA,A001,1,979,372785,-0.1036,0.8677,-0.0040,-10.0098,-12.0239,-88.0127,0.8739,,
DATA,A001,1,980,372795,-0.1044,0.8873,0.0065,-6.1035,-1.5869,-68.9697,0.8934,,
DATA,A001,1,981,372805,-0.1000,0.9173,0.0084,-4.5776,5.2490,-55.6030,0.9228,,
DATA,A001,1,982,372815,-0.1017,0.9236,0.0126,-6.2866,15.8691,-35.1562,0.9293,,
DATA,A001,1,983,372825,-0.0975,0.9024,0.0150,-9.9487,23.4985,-21.5454,0.9078,,
DATA,A001,1,984,372835,-0.1112,0.8387,0.0406,-14.3433,35.4004,-1.3428,0.8470,,
DATA,A001,1,985,372845,-0.1171,0.7925,0.0694,-15.6250,42.2974,12.3291,0.8041,,
DATA,A001,1,986,372855,-0.1153,0.7962,0.0294,-13.8550,53.9551,37.2925,0.8050,,
DATA,A001,1,987,372865,-0.1097,0.8426,0.0033,-8.6670,60.6689,56.2744,0.8497,,
DATA,A001,1,988,372875,-0.1083,0.9424,-0.0199,-4.3335,74.2188,85.8154,0.9488,,
DATA,A001,1,989,372885,-0.1329,0.9778,-0.0473,-7.6904,85.1440,104.6143,0.9880,,
DATA,A001,1,990,372895,-0.1944,0.9466,-0.0548,-14.4653,101.5625,127.2583,0.9679,,
DATA,A001,1,991,372905,-0.2464,0.8995,-0.0448,-16.2964,113.3423,139.4043,0.9337,,
DATA,A001,1,992,372915,-0.3451,0.8492,0.0067,-13.4277,127.9297,152.8320,0.9166,,
DATA,A001,1,993,372925,-0.3954,0.8558,0.0477,-9.1553,135.3149,158.5083,0.9439,,
DATA,A001,1,994,372935,-0.4347,0.8777,0.0643,-5.3711,141.7236,162.0483,0.9816,,
DATA,A001,1,995,372945,-0.4581,0.9446,0.0548,-0.9155,148.3154,164.2456,1.0513,,
DATA,A001,1,996,372955,-0.4576,1.0118,0.0492,2.0752,150.3296,165.1001,1.1115,,
DATA,A001,1,997,372965,-0.4684,1.1231,0.0470,5.8594,146.8506,166.6870,1.2178,,
DATA,A001,1,998,372975,-0.4816,1.1885,0.0599,5.4932,138.7329,168.3960,1.2838,,
DATA,A001,1,999,372985,-0.5133,1.2640,0.0951,1.9531,116.0278,172.2412,1.3675,,
DATA,A001,1,1000,372995,-0.5350,1.3089,0.1151,-0.5493,96.5576,176.8799,1.4187,,
DATA,A001,1,1001,373005,-0.5387,1.3775,0.1263,-4.1504,68.2983,186.2183,1.4845,,
DATA,A001,1,1002,373015,-0.5287,1.4117,0.1188,-7.0801,54.0771,190.8569,1.5121,,
DATA,A001,1,1003,373025,-0.5179,1.4141,0.1100,-13.9160,45.2881,195.2515,1.5100,,
DATA,A001,1,1004,373035,-0.5128,1.3702,0.1112,-19.5923,45.5933,197.6929,1.4672,,
DATA,A001,1,1005,373045,-0.4903,1.2586,0.1122,-28.5034,50.9033,197.2656,1.3554,,
DATA,A001,1,1006,373055,-0.4647,1.1597,0.1107,-32.5928,57.0679,194.4580,1.2543,,
DATA,A001,1,1007,373065,-0.4156,1.0242,0.0978,-35.1562,70.5566,187.5000,1.1097,,
DATA,A001,1,1008,373075,-0.4029,0.9385,0.0958,-35.2783,79.7729,181.9458,1.0259,,
DATA,A001,1,1009,373085,-0.3878,0.8318,0.0865,-34.1187,91.4307,171.5088,0.9219,,
DATA,A001,1,1010,373095,-0.3795,0.7713,0.0773,-32.7148,95.7031,164.4897,0.8631,,
DATA,A001,1,1011,373105,-0.3851,0.7132,0.0580,-30.2734,96.1914,154.2969,0.8126,,
DATA,A001,1,1012,373115,-0.3873,0.6888,0.0441,-28.4424,92.8955,147.9492,0.7914,,
DATA,A001,1,1013,373125,-0.3873,0.6727,0.0257,-25.0854,81.9702,140.3809,0.7766,,
DATA,A001,1,1014,373135,-0.3741,0.6658,0.0155,-23.3154,71.6553,135.8032,0.7639,,
DATA,A001,1,1015,373145,-0.3588,0.6673,0.0150,-19.7754,57.5562,130.8594,0.7578,,
DATA,A001,1,1016,373155,-0.3468,0.6819,0.0155,-17.2729,51.7578,127.3804,0.7652,,
DATA,A001,1,1017,373165,-0.3458,0.7212,0.0113,-12.2681,49.4385,122.6196,0.7999,,
DATA,A001,1,1018,373175,-0.3580,0.7618,0.0074,-8.1177,50.8423,119.5679,0.8417,,
DATA,A001,1,1019,373185,-0.3854,0.8360,0.0121,-2.8076,53.7109,115.0513,0.9206,,
DATA,A001,1,1020,373195,-0.3968,0.8836,0.0182,0.0000,54.9927,112.6099,0.9688,,
DATA,A001,1,1021,373205,-0.4200,0.9488,0.0314,2.6245,55.7251,109.6802,1.0381,,
DATA,A001,1,1022,373215,-0.4281,0.9874,0.0384,3.7231,54.8096,108.5205,1.0769,,
DATA,A001,1,1023,373225,-0.4454,1.0181,0.0438,4.3335,52.9785,106.6895,1.1122,,
DATA,A001,1,1024,373235,-0.4559,1.0171,0.0489,4.0283,50.8423,105.4077,1.1157,,
DATA,A001,1,1025,373245,-0.4872,0.9937,0.0653,3.4790,45.1660,103.3936,1.1086,,
DATA,A001,1,1026,373255,-0.5133,0.9803,0.0685,4.6997,39.2456,101.1353,1.1087,,
DATA,A001,1,1027,373265,-0.5362,0.9842,0.0668,9.4604,27.9541,97.4121,1.1228,,
DATA,A001,1,1028,373275,-0.5443,1.0123,0.0607,13.2446,19.5923,94.3604,1.1509,,
DATA,A001,1,1029,373285,-0.5428,1.0569,0.0565,16.9678,12.3291,89.5386,1.1895,,
DATA,A001,1,1030,373295,-0.5406,1.1277,0.0460,20.2637,4.3945,78.9795,1.2515,,
DATA,A001,1,1031,373305,-0.5333,1.1788,0.0270,22.3389,1.4648,69.9463,1.2941,,
DATA,A001,1,1032,373315,-0.5177,1.2444,-0.0145,25.8789,0.4883,52.1851,1.3479,,
DATA,A001,1,1033,373325,-0.4974,1.2791,-0.0380,28.8086,2.8076,37.8418,1.3730,,
DATA,A001,1,1034,373335,-0.4564,1.2935,-0.0546,32.7148,8.9111,13.3667,1.3728,,
DATA,A001,1,1035,373345,-0.4420,1.2781,-0.0306,35.8887,12.7563,-3.9062,1.3528,,
DATA,A001,1,1036,373355,-0.4764,1.3179,-0.0263,46.2036,10.8643,-28.3203,1.4016,,
DATA,A001,1,1037,373365,-0.4781,1.4485,-0.0043,58.4717,-0.6104,-43.1519,1.5254,,
DATA,A001,1,1038,373375,-0.4183,1.6985,0.0399,67.7490,-21.9727,-64.3311,1.7498,,
DATA,A001,1,1039,373385,-0.3534,1.7564,0.0807,58.7769,-31.2500,-76.4771,1.7934,,
DATA,A001,1,1040,373395,-0.2623,1.5071,0.1520,30.5786,-28.5645,-93.1396,1.5373,,
DATA,A001,1,1041,373405,-0.2523,1.2408,0.1783,18.5547,-19.1040,-105.4077,1.2787,,
DATA,A001,1,1042,373415,-0.3016,0.9688,0.1893,27.2217,-4.3945,-125.2441,1.0322,,
DATA,A001,1,1043,373425,-0.3556,0.9459,0.1791,42.4805,-0.2441,-137.3901,1.0262,,
DATA,A001,1,1044,373435,-0.4525,1.0777,0.1495,56.5186,-6.2866,-151.5503,1.1784,,
DATA,A001,1,1045,373445,-0.4935,1.1807,0.1298,56.3965,-20.4468,-159.3628,1.2863,,
DATA,A001,1,1046,373455,-0.5235,1.2584,0.0926,47.7295,-48.7061,-168.7012,1.3661,,
DATA,A001,1,1047,373465,-0.5231,1.2850,0.0775,41.2598,-69.4580,-173.9502,1.3895,,
DATA,A001,1,1048,373475,-0.4759,1.3118,0.0397,33.3862,-95.6421,-182.2510,1.3961,,
DATA,A001,1,1049,373485,-0.4342,1.3213,0.0057,27.9541,-106.8115,-188.0493,1.3909,,
DATA,A001,1,1050,373495,-0.3780,1.3255,-0.0509,17.6392,-115.1123,-196.1060,1.3793,,
DATA,A001,1,1051,373505,-0.3512,1.3108,-0.0541,12.0239,-117.2485,-200.9277,1.3582,,
DATA,A001,1,1052,373515,-0.3334,1.3025,-0.0582,4.6387,-120.8496,-205.3833,1.3458,,
DATA,A001,1,1053,373525,-0.3077,1.2747,-0.0953,1.1597,-133.9111,-205.2612,1.3148,,
DATA,A001,1,1054,373535,-0.1754,1.2728,-0.0902,-3.6011,-151.4893,-205.3833,1.2880,,
DATA,A001,1,1055,373545,-0.1630,1.2435,-0.0333,-11.1084,-145.3857,-213.3789,1.2545,,
DATA,A001,1,1056,373555,-0.1544,1.2051,-0.0289,-12.3291,-137.3291,-215.3320,1.2153,,
DATA,A001,1,1057,373565,-0.0790,1.1898,0.0118,-16.4185,-123.4131,-221.9238,1.1924,,
DATA,A001,1,1058,373575,-0.0589,1.1297,0.0470,-21.4844,-90.8203,-226.9897,1.1322,,
DATA,A001,1,1059,373585,-0.0646,1.0879,0.0572,-20.9351,-68.1152,-229.4312,1.0914,,
DATA,A001,1,1060,373595,-0.0843,1.0328,0.0624,-19.8364,-36.3159,-237.6099,1.0381,,
DATA,A001,1,1061,373605,-0.1307,0.9881,0.0526,-19.7754,-20.6909,-238.5864,0.9981,,
DATA,A001,1,1062,373615,-0.1678,0.9344,0.0262,-17.5171,-6.7749,-238.7695,0.9497,,
DATA,A001,1,1063,373625,-0.2091,0.9168,0.0128,-14.4043,-4.2725,-237.4878,0.9404,,
DATA,A001,1,1064,373635,-0.2547,0.9275,-0.0175,-8.1177,-9.0942,-231.1401,0.9621,,
DATA,A001,1,1065,373645,-0.2701,0.9595,-0.0255,-5.3101,-14.9536,-227.1729,0.9972,,
DATA,A001,1,1066,373655,-0.2865,0.9959,-0.0397,-4.5776,-22.0337,-221.7407,1.0371,,
DATA,A001,1,1067,373665,-0.2821,1.0518,-0.0592,-5.0049,-33.5693,-210.7544,1.0906,,
DATA,A001,1,1068,373675,-0.2767,1.0960,-0.0709,-5.7983,-40.8325,-202.9419,1.1326,,
DATA,A001,1,1069,373685,-0.2555,1.1578,-0.0888,-9.2163,-50.7812,-189.3921,1.1889,,
DATA,A001,1,1070,373695,-0.2325,1.1756,-0.1024,-14.0991,-55.3589,-180.1147,1.2027,,
DATA,A001,1,1071,373705,-0.1979,1.1578,-0.1178,-21.9116,-59.5703,-164.9780,1.1805,,
DATA,A001,1,1072,373715,-0.1739,1.1378,-0.1215,-25.5737,-59.5703,-154.6631,1.1574,,
DATA,A001,1,1073,373725,-0.1522,1.1141,-0.1244,-26.3672,-56.9458,-138.7329,1.1313,,
DATA,A001,1,1074,373735,-0.1380,1.1077,-0.1210,-24.9634,-54.4434,-127.0142,1.1228,,
DATA,A001,1,1075,373745,-0.1207,1.0833,-0.1085,-26.0620,-49.6216,-109.0698,1.0954,,
DATA,A001,1,1076,373755,-0.1048,1.0516,-0.1019,-28.3203,-45.8374,-96.6797,1.0617,,
DATA,A001,1,1077,373765,-0.0748,0.9876,-0.0927,-29.4189,-36.2549,-77.3315,0.9948,,
DATA,A001,1,1078,373775,-0.0653,0.9424,-0.0936,-28.1982,-27.6489,-63.7207,0.9493,,
DATA,A001,1,1079,373785,-0.0511,0.8848,-0.0856,-24.4751,-10.0708,-42.8467,0.8904,,
DATA,A001,1,1080,373795,-0.0519,0.8587,-0.0748,-22.3389,2.8076,-28.9917,0.8635,,
DATA,A001,1,1081,373805,-0.0785,0.8028,-0.0485,-19.7754,22.5830,-8.3008,0.8081,,
DATA,A001,1,1082,373815,-0.1092,0.7647,-0.0245,-18.7988,34.3018,5.0659,0.7729,,
DATA,A001,1,1083,373825,-0.1485,0.7249,0.0428,-16.7236,47.2412,24.0479,0.7412,,
DATA,A001,1,1084,373835,-0.1710,0.7134,0.0843,-16.0522,52.9785,36.0107,0.7385,,
DATA,A001,1,1085,373845,-0.2035,0.7025,0.1366,-19.3481,55.9692,53.7109,0.7440,,
DATA,A001,1,1086,373855,-0.2125,0.6927,0.1725,-24.2920,56.0913,64.8804,0.7448,,
DATA,A001,1,1087,373865,-0.2291,0.6949,0.1588,-34.7900,61.8896,80.9937,0.7487,,
DATA,A001,1,1088,373875,-0.2338,0.7166,0.0961,-40.4053,74.3408,90.6372,0.7599,,
DATA,A001,1,1089,373885,-0.2391,0.7708,0.0145,-43.2129,117.2485,97.5342,0.8072,,
DATA,A001,1,1090,373895,-0.2772,0.7842,-0.0873,-46.6919,157.5317,99.6704,0.8364,,
DATA,A001,1,1091,373905,-0.3729,0.7686,-0.2758,-52.7344,214.5996,106.4453,0.8977,,
DATA,A001,1,1092,373915,-0.4491,0.7659,-0.3978,-51.7578,241.8823,112.6099,0.9729,,
DATA,A001,1,1093,373925,-0.6056,0.8414,-0.4489,-37.6587,259.3994,121.6431,1.1296,,
DATA,A001,1,1094,373935,-0.7281,0.9363,-0.4271,-28.8696,257.0801,127.3193,1.2607,,
DATA,A001,1,1095,373945,-0.8307,1.0694,-0.3305,-27.1606,239.1968,128.9673,1.3939,,
DATA,A001,1,1096,373955,-0.8424,1.1153,-0.2477,-30.0903,223.5107,129.3335,1.4195,,
DATA,A001,1,1097,373965,-0.8326,1.1439,-0.1520,-29.7241,209.4116,131.4087,1.4229,,
DATA,A001,1,1098,373975,-0.7914,1.2115,-0.0145,-23.3765,191.1621,136.0474,1.4471,,
DATA,A001,1,1099,373985,-0.7638,1.2686,0.0641,-19.8975,180.2979,136.3525,1.4822,,
DATA,A001,1,1100,373995,-0.7379,1.3243,0.1334,-21.7285,164.3677,133.7280,1.5218,,
DATA,A001,1,1101,374005,-0.7313,1.3133,0.1693,-26.4282,151.1230,134.3994,1.5127,,
DATA,A001,1,1102,374015,-0.7574,1.2430,0.1886,-34.3628,123.0469,136.5356,1.4677,,
DATA,A001,1,1103,374025,-0.7606,1.1683,0.1774,-40.1611,98.9990,137.3291,1.4053,,
DATA,A001,1,1104,374035,-0.7233,1.0369,0.1437,-49.0112,60.6689,137.2681,1.2724,,
DATA,A001,1,1105,374045,-0.6861,0.9356,0.1149,-53.2837,38.5132,136.9629,1.1659,,
DATA,A001,1,1106,374055,-0.5965,0.7825,0.0790,-55.7251,14.3433,133.7891,0.9871,,
DATA,A001,1,1107,374065,-0.5455,0.6856,0.0594,-54.5044,4.5776,130.7983,0.8782,,
DATA,A001,1,1108,374075,-0.4918,0.5687,0.0404,-47.3022,-3.0518,126.8311,0.7529,,
DATA,A001,1,1109,374085,-0.4723,0.5196,0.0377,-40.5273,-5.2490,124.5117,0.7032,,
DATA,A001,1,1110,374095,-0.4232,0.4854,0.0477,-32.3486,-1.7700,115.6006,0.6458,,
DATA,A001,1,1111,374105,-0.4586,0.4776,0.0587,-23.4375,-3.2349,121.3989,0.6647,,
DATA,A001,1,1112,374115,-0.4679,0.4976,0.0809,-11.8408,-16.3574,123.9624,0.6878,,
DATA,A001,1,1113,374125,-0.4642,0.5193,0.0902,-12.1460,-25.2075,117.5537,0.7024,,
DATA,A001,1,1114,374135,-0.3851,0.5377,0.0687,-11.3525,-34.6069,117.7979,0.6649,,
DATA,A001,1,1115,374145,-0.3387,0.5525,0.0919,-7.8125,-36.8042,116.2109,0.6546,,
DATA,A001,1,1116,374155,-0.3771,0.6160,0.0753,-2.0142,-32.9590,115.9058,0.7262,,
DATA,A001,1,1117,374165,-0.3290,0.6666,0.1009,0.1831,-32.0435,114.5020,0.7501,,
DATA,A001,1,1118,374175,-0.3446,0.7408,0.0868,2.0142,-28.6865,115.3564,0.8216,,
DATA,A001,1,1119,374185,-0.3026,0.7779,0.0604,2.9907,-21.4233,115.9058,0.8369,,
DATA,A001,1,1120,374195,-0.3202,0.8448,0.0382,5.2490,-1.6479,111.7554,0.9042,,
DATA,A001,1,1121,374205,-0.3363,0.8978,0.0106,8.6670,14.4043,110.1074,0.9587,,
DATA,A001,1,1122,374215,-0.3578,0.9847,0.0116,15.4419,40.6494,106.3232,1.0477,,
DATA,A001,1,1123,374225,-0.4103,1.0323,0.0172,17.7002,53.7720,104.1870,1.1110,,
DATA,A001,1,1124,374235,-0.4554,1.0706,0.0265,18.8599,68.2373,99.2432,1.1638,,
DATA,A001,1,1125,374245,-0.4967,1.0916,0.0472,20.8130,73.2422,95.5811,1.2002,,
DATA,A001,1,1126,374255,-0.5318,1.1233,0.0619,24.4141,74.8291,88.6841,1.2444,,
DATA,A001,1,1127,374265,-0.5397,1.1531,0.0756,25.9399,75.4395,83.9233,1.2754,,
DATA,A001,1,1128,374275,-0.5799,1.2154,0.1197,27.7100,74.7070,78.3691,1.3520,,
DATA,A001,1,1129,374285,-0.6083,1.2747,0.1180,27.9541,74.3408,73.9746,1.4173,,
DATA,A001,1,1130,374295,-0.6405,1.3150,0.0951,25.9399,73.2422,68.4814,1.4658,,
DATA,A001,1,1131,374305,-0.6617,1.3094,0.0404,20.0195,71.4111,59.2041,1.4677,,
DATA,A001,1,1132,374315,-0.6586,1.2569,0.0187,16.4185,71.4722,52.0630,1.4191,,
DATA,A001,1,1133,374325,-0.6896,1.1021,0.0240,12.2681,69.5190,40.3442,1.3003,,
DATA,A001,1,1134,374335,-0.7630,1.0543,0.0052,16.2354,62.2559,33.1421,1.3014,,
DATA,A001,1,1135,374345,-0.8329,1.2335,-0.0140,39.9780,33.2642,22.0947,1.4884,,
DATA,A001,1,1136,374355,-0.8168,1.4512,-0.0182,50.5981,7.6294,12.8174,1.6654,,
DATA,A001,1,1137,374365,-0.7386,1.6219,0.0140,33.4473,-24.9634,-0.1221,1.7822,,
DATA,A001,1,1138,374375,-0.6842,1.5069,0.0272,7.9346,-38.8794,-8.7891,1.6552,,
DATA,A001,1,1139,374385,-0.6476,1.1707,-0.0006,-13.6719,-51.2085,-23.5596,1.3379,,
DATA,A001,1,1140,374395,-0.6327,1.0418,-0.0275,-6.5918,-58.1665,-35.9497,1.2192,,
DATA,A001,1,1141,374405,-0.6310,1.1229,-0.0685,17.5781,-69.6411,-56.4575,1.2898,,
DATA,A001,1,1142,374415,-0.6195,1.3069,-0.0922,27.2827,-78.6743,-68.8477,1.4493,,
DATA,A001,1,1143,374425,-0.5873,1.5486,-0.1012,23.1323,-96.4355,-85.3271,1.6593,,
DATA,A001,1,1144,374435,-0.5548,1.5926,-0.1061,10.4370,-110.1685,-94.6045,1.6898,,
DATA,A001,1,1145,374445,-0.4713,1.4796,-0.1090,-8.1787,-127.9297,-108.2764,1.5566,,
DATA,A001,1,1146,374455,-0.4191,1.3572,-0.1173,-15.5640,-135.0708,-118.3472,1.4253,,
DATA,A001,1,1147,374465,-0.3353,1.2010,-0.1295,-17.8223,-135.4980,-135.8032,1.2536,,
DATA,A001,1,1148,374475,-0.2989,1.1404,-0.1298,-14.9536,-130.7373,-147.5830,1.1861,,
DATA,A001,1,1149,374485,-0.2621,1.1287,-0.1220,-7.2632,-120.0562,-162.7197,1.1651,,
DATA,A001,1,1150,374495,-0.2567,1.1356,-0.1046,-3.4180,-113.0371,-171.7529,1.1689,,
DATA,A001,1,1151,374505,-0.2599,1.1287,-0.0743,-2.8076,-103.9429,-184.4482,1.1606,,
DATA,A001,1,1152,374515,-0.2547,1.1075,-0.0514,-4.1504,-98.2666,-193.0542,1.1376,,
DATA,A001,1,1153,374525,-0.2413,1.0604,-0.0209,-4.3335,-88.3179,-205.5054,1.0877,,
DATA,A001,1,1154,374535,-0.2381,1.0355,-0.0075,-3.4180,-81.1768,-213.1348,1.0625,,
DATA,A001,1,1155,374545,-0.2330,1.0103,0.0001,-1.2817,-69.8242,-222.9004,1.0368,,
DATA,A001,1,1156,374555,-0.2367,0.9993,0.0040,-0.7324,-62.9883,-228.2104,1.0270,,
DATA,A001,1,1157,374565,-0.2403,0.9805,0.0050,-0.6714,-53.7720,-233.8867,1.0096,,
DATA,A001,1,1158,374575,-0.2538,0.9571,-0.0016,-0.9155,-49.3164,-236.0229,0.9902,,
DATA,A001,1,1159,374585,-0.2689,0.9317,-0.0148,-1.0986,-46.5088,-237.5488,0.9698,,
DATA,A001,1,1160,374595,-0.2738,0.9261,-0.0211,-0.5493,-47.3633,-236.5112,0.9659,,
DATA,A001,1,1161,374605,-0.2828,0.9295,-0.0355,0.1221,-51.3916,-232.4829,0.9722,,
DATA,A001,1,1162,374615,-0.2814,0.9363,-0.0407,-0.1831,-54.8096,-228.3325,0.9785,,
DATA,A001,1,1163,374625,-0.2753,0.9534,-0.0499,-2.4414,-60.1196,-220.3369,0.9936,,
DATA,A001,1,1164,374635,-0.2718,0.9664,-0.0536,-4.3945,-62.9883,-213.9893,1.0053,,
DATA,A001,1,1165,374645,-0.2589,0.9749,-0.0641,-6.5918,-65.0024,-207.0312,1.0107,,
DATA,A001,1,1166,374655,-0.2479,0.9920,-0.0746,-9.5825,-65.6128,-195.6177,1.0252,,
DATA,A001,1,1167,374665,-0.2342,1.0162,-0.0844,-11.1694,-64.0259,-187.0117,1.0462,,
DATA,A001,1,1168,374675,-0.2174,1.0386,-0.0851,-13.4277,-59.9976,-173.4009,1.0645,,
DATA,A001,1,1169,374685,-0.2071,1.0460,-0.0839,-16.1133,-56.9458,-163.5132,1.0696,,
DATA,A001,1,1170,374695,-0.1976,1.0316,-0.0704,-21.2402,-52.1240,-148.9868,1.0527,,
DATA,A001,1,1171,374705,-0.1866,1.0020,-0.0643,-24.5361,-49.0112,-139.3433,1.0213,,
DATA,A001,1,1172,374715,-0.1647,0.9615,-0.0534,-26.6113,-43.7622,-123.8403,0.9769,,
DATA,A001,1,1173,374725,-0.1522,0.9402,-0.0487,-25.9399,-39.6729,-112.5488,0.9537,,
DATA,A001,1,1174,374735,-0.1417,0.9268,-0.0446,-23.1934,-32.1045,-94.1162,0.9386,,
DATA,A001,1,1175,374745,-0.1373,0.9290,-0.0441,-21.1792,-26.9775,-80.8105,0.9401,,
DATA,A001,1,1176,374755,-0.1451,0.9622,-0.0473,-16.8457,-18.3105,-59.9365,0.9742,,
DATA,A001,1,1177,374765,-0.1544,0.9883,-0.0436,-13.8550,-12.8174,-45.8374,1.0013,,
DATA,A001,1,1178,374775,-0.1730,1.0284,-0.0226,-11.7798,-6.0425,-25.7568,1.0431,,
DATA,A001,1,1179,374785,-0.1857,1.0384,0.0152,-14.0381,-2.8076,-13.6108,1.0550,,
DATA,A001,1,1180,374795,-0.2130,0.9993,0.1097,-22.0337,-1.5869,2.1973,1.0276,,
DATA,A001,1,1181,374805,-0.2247,0.9507,0.1559,-29.7241,-3.6621,11.2915,0.9893,,
DATA,A001,1,1182,374815,-0.2076,0.8692,0.1891,-39.5508,-9.7046,23.1323,0.9134,,
DATA,A001,1,1183,374825,-0.1654,0.8655,0.1322,-42.1143,-10.7422,34.0576,0.8911,,
DATA,A001,1,1184,374835,-0.0599,0.9681,0.0204,-35.1562,-4.0894,56.4575,0.9701,,
DATA,A001,1,1185,374845,-0.0069,1.0704,-0.0399,-29.2358,10.2539,72.8149,1.0711,,
DATA,A001,1,1186,374855,-0.0167,1.1268,-0.1022,-29.2969,39.6118,97.2290,1.1315,,
DATA,A001,1,1187,374865,-0.0682,1.0745,-0.0866,-33.9966,57.1289,109.8022,1.0802,,
DATA,A001,1,1188,374875,-0.1522,0.8936,-0.0536,-41.5649,76.2329,124.8779,0.9081,,
DATA,A001,1,1189,374885,-0.1864,0.7774,-0.0270,-40.5884,83.2520,135.0708,0.7999,,
DATA,A001,1,1190,374895,-0.1786,0.6922,-0.0089,-26.7944,93.2007,151.5503,0.7149,,
DATA,A001,1,1191,374905,-0.1583,0.6910,-0.0114,-13.4277,104.6753,162.9028,0.7090,,
DATA,A001,1,1192,374915,-0.1422,0.7735,-0.0006,6.7749,131.7749,180.4199,0.7865,,
DATA,A001,1,1193,374925,-0.1615,0.8599,0.0104,18.7988,153.6255,190.5518,0.8750,,
DATA,A001,1,1194,374935,-0.2140,0.9871,0.0704,30.2124,185.1196,202.4536,1.0125,,
DATA,A001,1,1195,374945,-0.2648,1.0630,0.1200,33.1421,202.9419,209.1675,1.1021,,
DATA,A001,1,1196,374955,-0.3588,1.2051,0.1698,36.3159,222.0459,220.5811,1.2688,,
DATA,A001,1,1197,374965,-0.4139,1.3353,0.1901,38.9404,229.4922,227.9663,1.4108,,
DATA,A001,1,1198,374975,-0.4759,1.5433,0.1542,33.0811,236.3281,233.5205,1.6223,,
DATA,A001,1,1199,374985,-0.5243,1.6214,0.1019,18.9819,238.5864,232.7881,1.7071,,
DATA,A001,1,1200,374995,-0.6029,1.5662,0.0287,-12.3901,233.8867,226.9287,1.6785,,
DATA,A001,1,1201,375005,-0.6432,1.4346,-0.0109,-31.0059,221.7407,221.4355,1.5722,,
DATA,A001,1,1202,375015,-0.6564,1.2806,-0.0453,-43.0298,202.5146,215.3320,1.4397,,
DATA,A001,1,1203,375025,-0.6219,1.0845,-0.0658,-49.4385,165.5884,205.8105,1.2519,,
DATA,A001,1,1204,375035,-0.5614,1.0020,-0.0670,-48.6450,143.0054,199.7070,1.1505,,
DATA,A001,1,1205,375045,-0.4786,0.9417,-0.0668,-44.4946,121.2158,191.4062,1.0585,,
DATA,A001,1,1206,375055,-0.4620,0.9271,-0.0646,-41.4429,114.0747,187.0117,1.0378,,
DATA,A001,1,1207,375065,-0.4935,0.9283,-0.0704,-38.0249,106.4453,179.9316,1.0537,,
DATA,A001,1,1208,375075,-0.5392,0.9322,-0.0743,-36.7432,97.8394,174.8047,1.0794,,
DATA,A001,1,1209,375085,-0.5770,0.9229,-0.0736,-38.0859,75.1343,167.6636,1.0909,,
DATA,A001,1,1210,375095,-0.5631,0.9095,-0.0795,-38.9404,57.0068,163.3301,1.0726,,
DATA,A001,1,1211,375105,-0.5079,0.9017,-0.0866,-38.5742,35.0342,157.8369,1.0385,,
DATA,A001,1,1212,375115,-0.4681,0.9058,-0.0858,-35.5835,27.2217,154.5410,1.0232,,
DATA,A001,1,1213,375125,-0.4259,0.9407,-0.0883,-30.0293,24.7803,149.2920,1.0364,,
DATA,A001,1,1214,375135,-0.4193,0.9671,-0.0878,-26.4282,26.8555,146.4233,1.0577,,
DATA,A001,1,1215,375145,-0.4359,0.9983,-0.0761,-22.7661,31.8604,141.3574,1.0920,,
DATA,A001,1,1216,375155,-0.4493,1.0081,-0.0709,-21.1182,34.7900,137.4512,1.1060,,
DATA,A001,1,1217,375165,-0.4576,0.9937,-0.0714,-18.7378,38.3911,129.9438,1.0964,,
DATA,A001,1,1218,375175,-0.4579,0.9725,-0.0653,-16.4795,40.5273,123.5962,1.0769,,
DATA,A001,1,1219,375185,-0.4440,0.9368,-0.0651,-10.6812,44.4336,112.9150,1.0387,,
DATA,A001,1,1220,375195,-0.4303,0.9275,-0.0619,-4.9438,47.8516,105.2856,1.0244,,
DATA,A001,1,1221,375205,-0.4081,0.9285,-0.0404,4.0894,52.7344,93.6279,1.0150,,
DATA,A001,1,1222,375215,-0.4095,0.9239,-0.0287,8.1787,55.4199,86.9141,1.0110,,
DATA,A001,1,1223,375225,-0.4374,0.9031,-0.0060,12.9395,55.7251,78.0640,1.0035,,
DATA,A001,1,1224,375235,-0.4552,0.9117,0.0072,18.2495,53.4668,72.7539,1.0190,,
DATA,A001,1,1225,375245,-0.4811,0.9769,0.0253,27.3438,48.5229,65.9180,1.0892,,
DATA,A001,1,1226,375255,-0.5116,1.0364,0.0170,30.5786,44.3726,62.0117,1.1559,,
DATA,A001,1,1227,375265,-0.5616,1.0980,-0.0067,30.0903,35.4614,56.0303,1.2333,,
DATA,A001,1,1228,375275,-0.5870,1.1141,-0.0336,27.8931,27.2827,51.0864,1.2597,,
DATA,A001,1,1229,375285,-0.6022,1.0950,-0.0783,25.2686,13.7939,41.3818,1.2521,,
DATA,A001,1,1230,375295,-0.6036,1.0552,-0.0953,25.5737,5.8594,32.7148,1.2194,,
DATA,A001,1,1231,375305,-0.6266,1.0230,-0.0990,32.2266,-6.7749,17.2119,1.2037,,
DATA,A001,1,1232,375315,-0.6324,1.0811,-0.0883,41.3818,-17.9443,5.8594,1.2556,,
DATA,A001,1,1233,375325,-0.6109,1.2781,-0.0521,55.3589,-37.2314,-14.7095,1.4176,,
DATA,A001,1,1234,375335,-0.5790,1.4136,-0.0260,58.1665,-49.1333,-28.8696,1.5278,,
DATA,A001,1,1235,375345,-0.5550,1.4925,-0.0092,53.1616,-60.1196,-43.6401,1.5924,,
DATA,A001,1,1236,375355,-0.5223,1.4598,0.0077,37.3535,-76.1108,-66.4673,1.5504,,
DATA,A001,1,1237,375365,-0.4894,1.3860,0.0023,30.4565,-86.3037,-82.3364,1.4699,,
DATA,A001,1,1238,375375,-0.4303,1.3253,-0.0333,31.9214,-98.3887,-107.5439,1.3938,,
DATA,A001,1,1239,375385,-0.4012,1.3355,-0.0680,34.7290,-105.1025,-123.8403,1.3961,,
DATA,A001,1,1240,375395,-0.3705,1.3875,-0.1061,36.4380,-114.1968,-145.6909,1.4400,,
DATA,A001,1,1241,375405,-0.3588,1.4275,-0.1271,36.3159,-120.4834,-159.6680,1.4774,,
DATA,A001,1,1242,375415,-0.3138,1.5015,-0.1598,35.7666,-128.9062,-179.8706,1.5423,,
DATA,A001,1,1243,375425,-0.2914,1.5374,-0.1762,34.3018,-132.6904,-191.7114,1.5747,,
DATA,A001,1,1244,375435,-0.2128,1.5635,-0.1942,29.4800,-133.2397,-208.9233,1.5899,,
DATA,A001,1,1245,375445,-0.1774,1.5486,-0.1972,24.9634,-131.3477,-218.4448,1.5712,,
DATA,A001,1,1246,375455,-0.1385,1.4871,-0.1818,19.4702,-124.4507,-230.4688,1.5046,,
DATA,A001,1,1247,375465,-0.1327,1.4219,-0.1679,17.0288,-119.5679,-237.1826,1.4379,,
DATA,A001,1,1248,375475,-0.1466,1.3318,-0.1361,16.6016,-115.1123,-243.7744,1.3468,,
DATA,A001,1,1249,375485,-0.1539,1.2930,-0.1161,18.1885,-113.1592,-247.0703,1.3073,,
DATA,A001,1,1250,375495,-0.1825,1.2969,-0.0690,22.6440,-113.1592,-250.3662,1.3115,,
DATA,A001,1,1251,375505,-0.3248,1.3270,0.0309,24.9634,-115.4175,-251.2207,1.3665,,
DATA,A001,1,1252,375515,-0.0885,1.3541,0.0008,19.8364,-122.6196,-252.6245,1.3570,,
DATA,A001,1,1253,375525,-0.1334,1.3035,0.0091,8.6670,-112.5488,-250.9766,1.3104,,
DATA,A001,1,1254,375535,-0.1632,1.2003,0.0065,4.9438,-101.3184,-249.8779,1.2113,,
DATA,A001,1,1255,375545,-0.2135,1.1517,0.0052,4.1504,-100.8911,-247.2534,1.1713,,
DATA,A001,1,1256,375555,-0.2159,1.0921,-0.0226,1.7700,-102.5391,-242.0044,1.1135,,
DATA,A001,1,1257,375565,-0.2301,1.0755,-0.0387,0.0610,-103.7598,-239.8682,1.1005,,
DATA,A001,1,1258,375575,-0.2518,1.1124,-0.0841,2.8687,-106.5063,-233.7646,1.1436,,
DATA,A001,1,1259,375585,-0.2550,1.1639,-0.1034,4.0894,-107.5439,-230.1636,1.1960,,
DATA,A001,1,1260,375595,-0.2967,1.2259,-0.1239,-0.0610,-113.5254,-223.7549,1.2674,,
DATA,A001,1,1261,375605,-0.2958,1.2437,-0.1354,-5.4932,-119.2017,-219.6045,1.2855,,
DATA,A001,1,1262,375615,-0.2958,1.2396,-0.1224,-14.8315,-129.3335,-213.9893,1.2802,,
DATA,A001,1,1263,375625,-0.2941,1.2308,-0.1088,-20.3857,-136.4746,-209.1064,1.2701,,
DATA,A001,1,1264,375635,-0.2672,1.2090,-0.0856,-28.7476,-145.9961,-201.2329,1.2412,,
DATA,A001,1,1265,375645,-0.2518,1.2034,-0.0768,-33.9355,-149.9023,-195.4346,1.2319,,
DATA,A001,1,1266,375655,-0.2401,1.2081,-0.0827,-39.0015,-148.9258,-186.1572,1.2345,,
DATA,A001,1,1267,375665,-0.2477,1.2232,-0.0795,-40.5273,-144.2871,-179.5654,1.2506,,
DATA,A001,1,1268,375675,-0.2579,1.2381,-0.0670,-42.0532,-138.1226,-172.1191,1.2665,,
DATA,A001,1,1269,375685,-0.2858,1.2618,-0.0429,-46.8750,-126.5259,-161.3159,1.2944,,
DATA,A001,1,1270,375695,-0.3087,1.2549,-0.0309,-53.1006,-120.6055,-153.5645,1.2927,,
DATA,A001,1,1271,375705,-0.3492,1.1949,-0.0006,-62.4390,-117.8589,-139.1602,1.2449,,
DATA,A001,1,1272,375715,-0.3910,1.1270,0.0443,-66.9556,-121.0938,-128.8452,1.1937,,
DATA,A001,1,1273,375725,-0.4154,1.0137,0.1117,-70.9839,-128.7842,-115.2344,1.1012,,
DATA,A001,1,1274,375735,-0.4117,0.9432,0.1583,-72.9980,-133.3008,-108.3984,1.0412,,
DATA,A001,1,1275,375745,-0.3910,0.8343,0.2367,-76.2329,-136.7188,-98.5718,0.9513,,
DATA,A001,1,1276,375755,-0.4027,0.7786,0.2897,-79.2236,-138.9160,-93.3228,0.9232,,
DATA,A001,1,1277,375765,-0.4349,0.6905,0.3246,-81.9092,-142.8833,-85.4492,0.8782,,
DATA,A001,1,1278,375775,-0.4491,0.6514,0.3165,-80.3833,-147.0337,-77.9419,0.8522,,
DATA,A001,1,1279,375785,-0.4530,0.6754,0.3297,-69.7021,-152.5269,-63.2324,0.8775,,
DATA,A001,1,1280,375795,-0.4735,0.7210,0.3610,-61.8286,-152.2217,-51.5747,0.9351,,
DATA,A001,1,1281,375805,-0.5091,0.7628,0.4215,-59.5703,-150.1465,-36.0718,1.0093,,
DATA,A001,1,1282,375815,-0.5050,0.7339,0.4513,-64.3311,-151.6724,-27.4658,0.9987,,
DATA,A001,1,1283,375825,-0.4686,0.6468,0.4694,-70.3125,-156.3721,-14.6484,0.9264,,
DATA,A001,1,1284,375835,-0.4408,0.6148,0.4750,-69.1528,-158.0811,-5.9814,0.8932,,
DATA,A001,1,1285,375845,-0.4166,0.6099,0.4840,-66.2231,-154.9683,4.6997,0.8831,,
DATA,A001,1,1286,375855,-0.4007,0.5972,0.4828,-66.7114,-148.7427,9.9487,0.8662,,
DATA,A001,1,1287,375865,-0.3876,0.5909,0.5135,-65.9790,-134.5215,15.3809,0.8735,,
DATA,A001,1,1288,375875,-0.4032,0.6077,0.5299,-63.9648,-122.3755,17.8223,0.9015,,
DATA,A001,1,1289,375885,-0.4471,0.6561,0.5629,-62.2559,-108.9478,22.1558,0.9732,,
DATA,A001,1,1290,375895,-0.4615,0.6590,0.5861,-59.9976,-103.3325,25.3906,0.9954,,
DATA,A001,1,1291,375905,-0.4596,0.6590,0.6305,-55.8472,-99.3042,29.2358,1.0213,,
DATA,A001,1,1292,375915,-0.4505,0.6485,0.6564,-53.1616,-97.5952,31.0059,1.0268,,
DATA,A001,1,1293,375925,-0.4454,0.6475,0.6808,-50.2319,-96.4966,33.2031,1.0398,,
DATA,A001,1,1294,375935,-0.4264,0.6346,0.7035,-46.2646,-94.1162,33.6304,1.0389,,
DATA,A001,1,1295,375945,-0.3868,0.6155,0.7108,-42.1143,-88.1348,31.9824,1.0167,,
DATA,A001,1,1296,375955,-0.3390,0.5640,0.7059,-39.9780,-79.4067,30.7617,0.9651,,
DATA,A001,1,1297,375965,-0.2862,0.5125,0.7069,-36.9263,-65.1245,28.5645,0.9189,,
DATA,A001,1,1298,375975,-0.2828,0.4566,0.7189,-35.8276,-53.8940,27.5269,0.8974,,
DATA,A001,1,1299,375985,-0.3080,0.3995,0.7191,-34.2407,-44.9219,25.0244,0.8784,,
DATA,A001,1,1300,375995,-0.3199,0.3567,0.7399,-32.7148,-42.1753,23.9258,0.8815,,
DATA,A001,1,1301,376005,-0.3309,0.3323,0.7640,-31.1279,-42.4194,22.5220,0.8965,,
DATA,A001,1,1302,376015,-0.3495,0.3189,0.7748,-32.5928,-49.6216,21.6064,0.9078,,
DATA,A001,1,1303,376025,-0.4130,0.2935,0.7945,-33.4473,-63.4155,20.4468,0.9423,,
DATA,A001,1,1304,376035,-0.4757,0.2989,0.7950,-36.0107,-79.5288,17.1509,0.9735,,
DATA,A001,1,1305,376045,-0.4532,0.2752,0.7831,-43.5791,-119.0796,19.3481,0.9457,,
DATA,A001,1,1306,376055,-0.4762,0.2623,0.7923,-43.7622,-145.8130,25.9399,0.9609,,
DATA,A001,1,1307,376065,-0.4173,0.2388,0.8194,-43.6401,-175.8423,28.6255,0.9501,,
DATA,A001,1,1308,376075,-0.2801,0.2659,0.8734,-39.1846,-204.7119,30.7617,0.9550,,
DATA,A001,1,1309,376085,-0.1639,0.3416,0.8768,-39.4287,-208.8013,33.1421,0.9552,,
DATA,A001,1,1310,376095,0.0443,0.3768,0.8927,-41.1987,-185.9131,36.1938,0.9700,,
DATA,A001,1,1311,376105,0.1801,0.3563,0.9027,-41.6870,-155.5786,36.4990,0.9870,,
DATA,A001,1,1312,376115,0.2741,0.3099,0.9044,-44.3726,-99.0601,36.9873,0.9945,,
DATA,A001,1,1313,376125,0.2455,0.2733,0.8920,-45.2271,-59.6924,36.4990,0.9646,,
DATA,A001,1,1314,376135,0.1312,0.2393,0.8973,-44.6167,-12.6953,32.2266,0.9379,,
DATA,A001,1,1315,376145,0.0285,0.2230,0.9047,-44.0063,8.3008,28.9307,0.9322,,
DATA,A001,1,1316,376155,-0.1429,0.2327,0.9694,-44.7388,22.0947,23.1323,1.0071,,
DATA,A001,1,1317,376165,-0.2191,0.2315,0.9777,-46.6919,21.2402,15.8081,1.0283,,
DATA,A001,1,1318,376175,-0.2684,0.1834,0.9857,-44.0674,7.3242,6.7749,1.0379,,
DATA,A001,1,1319,376185,-0.2794,0.1475,0.9825,-39.6729,-2.3804,1.0376,1.0321,,
DATA,A001,1,1320,376195,-0.2008,0.1356,0.9440,-34.4238,-11.3525,-7.5684,0.9746,,
DATA,A001,1,1321,376205,-0.0868,0.1002,0.9518,-33.9966,-17.4561,-7.9956,0.9610,,
DATA,A001,1,1322,376215,0.0634,0.0765,0.9557,-31.0059,-21.9727,-3.4790,0.9608,,
DATA,A001,1,1323,376225,0.1129,0.1028,0.9706,-30.2124,-20.6299,-1.4038,0.9825,,
DATA,A001,1,1324,376235,0.1554,0.1231,0.9742,-33.4473,-13.3057,0.6104,0.9942,,
DATA,A001,1,1325,376245,0.1593,0.1197,0.9647,-33.9966,-7.2632,2.6245,0.9851,,
DATA,A001,1,1326,376255,0.1325,0.0899,0.9642,-28.8086,2.0142,9.0332,0.9774,,
DATA,A001,1,1327,376265,0.1205,0.0884,1.0438,-22.0947,2.9907,17.0288,1.0545,,
DATA,A001,1,1328,376275,0.1173,0.1163,1.1229,-14.5264,-0.5493,32.2876,1.1350,,
DATA,A001,1,1329,376285,0.1564,0.0943,1.0712,-10.7422,-2.7466,39.6729,1.0866,,
DATA,A001,1,1330,376295,0.1615,0.0504,1.0624,-5.8594,2.0752,43.9453,1.0758,,
DATA,A001,1,1331,376305,0.0011,0.1070,1.0880,-7.0801,14.9536,45.5933,1.0933,,
DATA,A001,1,1332,376315,-0.2604,0.2518,1.1791,-8.9722,23.3765,45.2271,1.2334,,
DATA,A001,1,1333,376325,-0.3485,0.2818,1.2203,-9.4604,9.6436,44.5557,1.3000,,
DATA,A001,1,1334,376335,-0.3497,0.1868,1.1788,4.8828,-45.7764,58.4717,1.2437,,
DATA,A001,1,1335,376345,-0.0672,0.1815,1.0787,6.8359,-63.9648,56.0913,1.0959,,
DATA,A001,1,1336,376355,0.0880,0.1585,0.9969,6.6528,-61.8286,57.5562,1.0133,,
DATA,A001,1,1337,376365,0.3129,0.1224,0.9415,3.5400,-29.1138,47.4243,0.9997,,
DATA,A001,1,1338,376375,0.1825,0.2132,0.9943,1.6479,4.6997,46.2036,1.0331,,
DATA,A001,1,1339,376385,-0.3634,0.4119,1.4220,49.1333,-36.1328,58.6548,1.5244,,
DATA,A001,1,1340,376395,-0.2303,0.4014,1.2096,64.2090,-34.5459,33.6914,1.2951,,
DATA,A001,1,1341,376405,-0.1510,0.2486,1.2096,27.0996,-66.6504,40.1611,1.2441,,
DATA,A001,1,1342,376415,0.0758,0.2674,1.2154,33.2642,-65.4907,43.2739,1.2468,,
DATA,A001,1,1343,376425,0.2606,0.2025,1.1070,-0.0610,-23.3765,31.4941,1.1552,,
DATA,A001,1,1344,376435,0.2333,0.2110,1.1373,-13.6108,-6.6528,35.6445,1.1800,,
DATA,A001,1,1345,376445,0.1083,0.2850,1.1185,-10.3149,-1.8921,37.0483,1.1593,,
DATA,A001,1,1346,376455,0.0890,0.2857,1.0633,-13.0615,3.3569,31.3721,1.1046,,
DATA,A001,1,1347,376465,0.1671,0.1839,0.9352,-25.3296,26.3672,29.8462,0.9676,,
DATA,A001,1,1348,376475,0.1732,0.0999,0.8583,-32.8369,46.5088,29.6021,0.8813,,
DATA,A001,1,1349,376485,0.0521,0.0953,0.8153,-16.9067,59.9976,22.7051,0.8225,,
DATA,A001,1,1350,376495,-0.0538,0.1751,0.8810,-8.7280,54.6265,12.6953,0.8998,,
DATA,A001,1,1351,376505,-0.0758,0.2571,0.9017,-3.1128,32.9590,15.3198,0.9407,,
DATA,A001,1,1352,376515,0.0866,0.1539,1.1520,-2.3804,23.2544,11.1694,1.1654,,
DATA,A001,1,1353,376525,-0.2035,0.2212,0.5792,35.4004,30.3955,-1.5869,0.6526,,
DATA,A001,1,1354,376535,-0.0929,0.2994,0.9596,46.6309,-53.8940,5.6152,1.0095,,
DATA,A001,1,1355,376545,-0.1732,0.3409,0.9432,3.1128,-76.4771,4.7607,1.0178,,
DATA,A001,1,1356,376555,-0.0726,0.2564,0.8197,-12.1460,-100.7080,15.5029,0.8619,,
DATA,A001,1,1357,376565,0.1293,0.2046,0.8981,-17.7002,-73.6084,19.8364,0.9301,,
DATA,A001,1,1358,376575,0.0993,0.1453,0.9073,-23.8037,-49.3164,27.1606,0.9242,,
DATA,A001,1,1359,376585,0.8705,-0.0878,-0.0905,-14.3433,-16.0522,27.2217,0.8796,,
DATA,A001,1,1360,376595,0.2106,0.3216,1.2884,225.9521,185.7300,119.0186,1.3446,,
DATA,A001,1,1361,376605,-0.2662,-0.2446,0.6835,55.6641,-5.1880,1.2817,0.7732,,
DATA,A001,1,1362,376615,-0.3966,-0.0612,0.9437,101.5625,-59.5093,3.8452,1.0255,,
DATA,A001,1,1363,376625,-0.2955,0.2469,1.1561,124.5728,-112.7930,16.0522,1.2186,,
DATA,A001,1,1364,376635,0.0687,0.2850,1.1363,122.3755,-105.8960,21.4233,1.1735,,
DATA,A001,1,1365,376645,0.4052,0.6495,1.1102,97.1069,-68.8477,23.1934,1.3485,,
DATA,A001,1,1366,376655,0.5714,0.5425,0.9906,95.4590,-44.7998,45.8984,1.2658,,
DATA,A001,1,1367,376665,0.3976,0.4207,0.9513,61.3403,3.7842,41.9922,1.1136,,
DATA,A001,1,1368,376675,0.3434,0.3448,0.8961,47.1802,23.1323,30.7617,1.0197,,
DATA,A001,1,1369,376685,0.2858,0.2894,0.8478,33.2031,39.7339,25.1465,0.9403,,
DATA,A001,1,1370,376695,0.2333,0.2567,0.8622,34.7900,43.2129,28.1372,0.9293,,
DATA,A001,1,1371,376705,0.0939,0.3145,0.9069,38.0859,36.6211,27.0996,0.9644,,
DATA,A001,1,1372,376715,-0.0228,0.3060,1.0143,45.7764,4.8218,23.3765,1.0597,,
DATA,A001,1,1373,376725,0.0399,0.2774,1.0414,52.1240,-15.5029,26.3062,1.0784,,
DATA,A001,1,1374,376735,0.1298,0.3350,1.0089,57.0679,-29.7852,36.1938,1.0710,,
DATA,A001,1,1375,376745,0.1740,0.3599,1.0150,52.6123,-32.9590,40.7715,1.0909,,
DATA,A001,1,1376,376755,0.2492,0.3206,0.9984,51.2695,-33.4473,40.0391,1.0778,,
DATA,A001,1,1377,376765,0.2633,0.3404,0.9891,51.8799,-23.6816,41.5039,1.0787,,
DATA,A001,1,1378,376775,0.2096,0.4153,0.9076,56.0913,-14.4653,46.7529,1.0199,,
DATA,A001,1,1379,376785,0.2633,0.4202,0.8856,56.7627,-16.6626,40.6494,1.0150,,
DATA,A001,1,1380,376795,0.3053,0.4256,0.8949,52.2461,-9.0942,30.8228,1.0369,,
DATA,A001,1,1381,376805,0.3224,0.4446,0.8683,44.9219,5.4321,31.7993,1.0274,,
DATA,A001,1,1382,376815,0.3317,0.4004,0.8707,32.2266,26.5503,29.9072,1.0142,,
DATA,A001,1,1383,376825,0.3541,0.3553,0.9188,28.4424,38.4521,29.9072,1.0468,,
DATA,A001,1,1384,376835,0.2514,0.3770,0.9471,25.5127,34.3018,33.8745,1.0499,,
DATA,A001,1,1385,376845,0.1781,0.3782,0.9310,27.7710,26.1841,34.1187,1.0206,,
DATA,A001,1,1386,376855,0.1991,0.3548,0.9564,35.0952,12.1460,35.8887,1.0393,,
DATA,A001,1,1387,376865,0.2365,0.3917,0.9195,35.7056,10.2539,37.3535,1.0271,,
DATA,A001,1,1388,376875,0.2540,0.3799,0.9142,28.0762,17.2119,35.2783,1.0221,,
DATA,A001,1,1389,376885,0.1935,0.3709,0.9103,23.6816,18.3105,31.5552,1.0018,,
DATA,A001,1,1390,376895,0.2089,0.3541,0.8844,20.0806,18.0664,30.3955,0.9753,,
DATA,A001,1,1391,376905,0.2238,0.3597,0.8536,17.7002,19.9585,29.4189,0.9530,,
DATA,A001,1,1392,376915,0.2650,0.3790,0.8741,16.6016,20.9351,31.3110,0.9889,,
DATA,A001,1,1393,376925,0.2745,0.3599,0.9027,15.4419,25.0244,34.4849,1.0098,,
DATA,A001,1,1394,376935,0.2912,0.3567,0.8773,16.1743,22.1558,42.9688,0.9908,,
DATA,A001,1,1395,376945,0.3007,0.3536,0.9037,15.0757,21.7896,37.2925,1.0159,,
DATA,A001,1,1396,376955,0.2831,0.3550,0.9239,12.0850,28.5645,36.4990,1.0295,,
DATA,A001,1,1397,376965,0.2907,0.2947,0.9210,14.4043,29.1138,41.9922,1.0098,,
DATA,A001,1,1398,376975,0.3292,0.4134,0.9523,10.8032,44.7998,43.4570,1.0891,,
DATA,A001,1,1399,376985,0.2809,0.3487,0.9425,14.1602,51.5137,46.0815,1.0434,,
DATA,A001,1,1400,376995,0.3112,0.3563,0.9813,13.3057,61.4014,54.4434,1.0894,,
DATA,A001,1,1401,377005,0.3229,0.3585,0.9508,12.9395,67.7490,52.7344,1.0662,,
DATA,A001,1,1402,377015,0.2787,0.3492,0.9510,10.2539,76.9043,57.8003,1.0508,,
DATA,A001,1,1403,377025,0.2277,0.3570,0.9540,5.9204,74.0967,57.8003,1.0437,,
DATA,A001,1,1404,377035,0.2064,0.3189,0.9835,2.3193,75.1953,58.8989,1.0543,,
DATA,A001,1,1405,377045,0.1693,0.3150,0.9864,4.6387,45.8984,47.7295,1.0493,,
DATA,A001,1,1406,377055,0.1781,0.3392,0.9872,2.6245,36.6821,44.9219,1.0589,,
DATA,A001,1,1407,377065,0.1862,0.3526,0.9742,-0.6104,28.5034,38.5132,1.0527,,
DATA,A001,1,1408,377075,0.2289,0.2647,0.9637,-0.6714,24.5972,44.2505,1.0253,,
DATA,A001,1,1409,377085,0.1803,0.3484,0.9171,-0.1221,16.2354,29.1138,0.9975,,
DATA,A001,1,1410,377095,0.1788,0.3990,0.9486,-10.6201,8.0566,28.5034,1.0445,,
DATA,A001,1,1411,377105,0.2296,0.2239,0.9457,-13.7329,9.7656,41.1377,0.9986,,
DATA,A001,1,1412,377115,0.1896,0.1763,0.9032,-13.3057,11.4136,23.4985,0.9396,,
DATA,A001,1,1413,377125,0.2772,0.1998,0.9120,-11.7798,20.0806,25.3296,0.9739,,
DATA,A001,1,1414,377135,0.3309,0.1644,0.9503,-12.3291,26.7944,26.7944,1.0196,,
EVENT,A001,1,,377139,,,,,,,,STOP,1414
EVENT,A001,2,,387068,,,,,,,,START,
DATA,A001,2,1,387091,-0.2701,0.2217,1.0008,-11.8408,-8.7891,-28.6865,1.0601,,
DATA,A001,2,2,387101,-0.2440,0.2320,0.9803,-15.2588,-15.3809,-35.0952,1.0365,,
DATA,A001,2,3,387111,-0.1693,0.2713,0.9838,-12.0850,-14.7705,-42.2363,1.0344,,
DATA,A001,2,4,387121,-0.1019,0.3045,0.9657,-11.7188,-8.6670,-41.2598,1.0177,,
DATA,A001,2,5,387131,-0.0123,0.3585,0.9584,-15.2588,8.4839,-42.2363,1.0233,,
DATA,A001,2,6,387141,-0.0192,0.4373,0.9571,-19.5312,16.6016,-40.4053,1.0525,,
DATA,A001,2,7,387151,-0.1717,0.2515,0.9098,-21.6675,14.3433,-31.1890,0.9594,,
DATA,A001,2,8,387161,-0.0648,0.4180,0.9484,-20.1416,5.9814,-32.3486,1.0384,,
DATA,A001,2,9,387171,-0.0721,0.4036,0.9444,-23.8037,2.4414,-24.4141,1.0296,,
DATA,A001,2,10,387181,-0.1737,0.3965,0.9274,-18.8599,-0.2441,-21.9727,1.0234,,
DATA,A001,2,11,387191,0.4948,1.5196,1.0514,-24.2920,8.7280,-16.1743,1.9129,,
DATA,A001,2,12,387201,-0.0275,0.0396,0.7858,-129.8218,98.6938,25.4517,0.7872,,
DATA,A001,2,13,387211,-0.0956,0.1443,1.0450,-17.1509,76.3550,0.7324,1.0593,,
DATA,A001,2,14,387221,-0.2020,0.4063,0.9413,-41.1987,87.0972,-33.5083,1.0449,,
DATA,A001,2,15,387231,-0.1954,0.2789,0.9986,-4.8828,59.6313,30.4565,1.0551,,
DATA,A001,2,16,387241,-0.1017,0.3533,1.0548,-3.2349,55.1147,11.6577,1.1170,,
DATA,A001,2,17,387251,-0.0919,0.2520,0.8712,-27.6489,73.5474,-18.9209,0.9116,,
DATA,A001,2,18,387261,-0.1029,0.3516,0.9217,-8.4839,76.8433,4.1504,0.9919,,
DATA,A001,2,19,387271,-0.1236,0.3401,0.9603,-12.9395,76.7822,11.5356,1.0263,,
DATA,A001,2,20,387281,-0.1854,0.2884,0.9591,-11.2305,67.7490,15.5029,1.0185,,
DATA,A001,2,21,387291,-0.2020,0.2894,0.9611,-10.4980,67.3828,16.4795,1.0238,,
DATA,A001,2,22,387301,-0.2523,0.2591,0.9715,-9.8877,65.0024,17.3950,1.0367,,
DATA,A001,2,23,387311,-0.3358,0.2508,0.9835,-7.2632,51.5747,19.1040,1.0691,,
DATA,A001,2,24,387321,-0.3287,0.2603,0.9820,-7.9956,48.5840,19.1650,1.0678,,
DATA,A001,2,25,387331,-0.3126,0.2364,0.9820,-7.9346,41.7480,20.5688,1.0574,,
DATA,A001,2,26,387341,-0.2396,0.2044,0.9715,-2.7466,31.3721,23.6206,1.0213,,
DATA,A001,2,27,387351,-0.2040,0.2225,0.9603,-0.9766,30.3955,23.1323,1.0066,,
DATA,A001,2,28,387361,-0.1839,0.2374,0.9457,-1.7700,33.9355,20.6299,0.9922,,
DATA,A001,2,29,387371,-0.1625,0.2469,0.9415,-0.9766,35.2783,21.6675,0.9868,,
DATA,A001,2,30,387381,-0.1324,0.2457,0.9125,-1.8311,41.4429,22.7661,0.9542,,
DATA,A001,2,31,387391,-0.1300,0.2408,0.9003,-0.4883,44.3115,23.8647,0.9409,,
DATA,A001,2,32,387401,-0.1539,0.2523,0.8651,0.2441,51.6968,24.5361,0.9142,,
DATA,A001,2,33,387411,-0.1546,0.2569,0.8487,-0.1221,57.4951,26.0620,0.9002,,
DATA,A001,2,34,387421,-0.1295,0.2559,0.8302,0.6714,64.2700,31.0059,0.8783,,
DATA,A001,2,35,387431,-0.1207,0.2567,0.8070,1.7700,69.1528,37.9639,0.8554,,
DATA,A001,2,36,387441,-0.0924,0.2630,0.7591,5.0659,76.7822,48.6450,0.8087,,
DATA,A001,2,37,387451,-0.0614,0.2525,0.7269,6.4087,80.9937,54.1382,0.7720,,
DATA,A001,2,38,387461,-0.0065,0.2481,0.6927,11.5967,87.2803,61.4624,0.7359,,
DATA,A001,2,39,387471,-0.0067,0.2388,0.6407,16.0522,93.2617,68.6035,0.6838,,
DATA,A001,2,40,387481,0.0180,0.2474,0.6149,22.5220,99.0601,75.2563,0.6630,,
DATA,A001,2,41,387491,0.0226,0.2588,0.5763,29.2969,104.0039,76.7212,0.6322,,
DATA,A001,2,42,387501,0.0387,0.2613,0.5345,41.0767,108.8867,82.8857,0.5962,,
DATA,A001,2,43,387511,0.0714,0.2789,0.5372,48.6450,116.8213,90.5151,0.6095,,
DATA,A001,2,44,387521,0.0084,0.3453,0.5602,54.3823,128.6011,101.3794,0.6581,,
DATA,A001,2,45,387531,-0.0734,0.3941,0.5636,54.8706,134.6436,107.6050,0.6916,,
DATA,A001,2,46,387541,-0.1554,0.4429,0.5917,56.7627,135.1929,114.0747,0.7552,,
DATA,A001,2,47,387551,-0.1835,0.4771,0.6266,58.1665,132.7515,121.0938,0.8086,,
DATA,A001,2,48,387561,-0.1683,0.4957,0.6490,60.1807,140.3198,127.8687,0.8338,,
DATA,A001,2,49,387571,-0.1446,0.5008,0.6114,61.5234,148.9258,132.3242,0.8035,,
DATA,A001,2,50,387581,-0.1962,0.5474,0.6461,61.7065,151.8555,141.5405,0.8693,,
DATA,A001,2,51,387591,-0.2467,0.5787,0.6537,57.9834,154.4800,142.1509,0.9072,,
DATA,A001,2,52,387601,-0.2965,0.5772,0.6171,51.9409,157.7759,137.3901,0.8955,,
DATA,A001,2,53,387611,-0.3319,0.5682,0.6022,52.0630,157.1045,137.1460,0.8920,,
DATA,A001,2,54,387621,-0.3873,0.5477,0.5538,57.0068,152.8931,139.6484,0.8699,,
DATA,A001,2,55,387631,-0.3778,0.5333,0.5172,63.2324,147.7051,142.7612,0.8334,,
DATA,A001,2,56,387641,-0.3553,0.5337,0.4808,71.8384,142.3340,148.0713,0.8015,,
DATA,A001,2,57,387651,-0.3138,0.5533,0.4274,86.4868,139.0381,157.9590,0.7663,,
DATA,A001,2,58,387661,-0.2787,0.5770,0.3956,97.2900,140.7471,164.1235,0.7530,,
DATA,A001,2,59,387671,-0.2372,0.6268,0.3500,113.4644,151.7944,173.2788,0.7560,,
DATA,A001,2,60,387681,-0.2247,0.6688,0.3194,124.7559,164.3677,179.8706,0.7745,,
DATA,A001,2,61,387691,-0.2242,0.7686,0.2838,140.9912,190.0024,190.4907,0.8495,,
DATA,A001,2,62,387701,-0.2137,0.8426,0.2467,150.8179,213.0127,196.4111,0.9036,,
DATA,A001,2,63,387711,-0.2252,0.9705,0.2013,164.9780,253.7231,204.6509,1.0164,,
DATA,A001,2,64,387721,-0.2362,1.0618,0.1617,171.0205,284.7900,209.2896,1.0997,,
DATA,A001,2,65,387731,-0.2640,1.1692,0.0902,174.8047,333.0688,214.5996,1.2021,,
DATA,A001,2,66,387741,-0.2884,1.2300,0.0419,174.9268,363.8916,216.7969,1.2641,,
DATA,A001,2,67,387751,-0.3280,1.3104,-0.0287,170.8984,406.1279,219.6045,1.3511,,
DATA,A001,2,68,387761,-0.3590,1.3619,-0.0670,165.1001,430.4810,222.0459,1.4100,,
DATA,A001,2,69,387771,-0.4137,1.4041,-0.1183,152.2827,460.2661,225.0977,1.4686,,
DATA,A001,2,70,387781,-0.4447,1.4222,-0.1508,141.9678,474.5483,226.2573,1.4977,,
DATA,A001,2,71,387791,-0.4982,1.4632,-0.1837,125.9766,486.5112,227.8442,1.5565,,
DATA,A001,2,72,387801,-0.5360,1.5103,-0.1954,114.3799,487.2437,228.3325,1.6145,,
DATA,A001,2,73,387811,-0.5987,1.5796,-0.1998,93.4448,475.2197,228.6377,1.7011,,
DATA,A001,2,74,387821,-0.6473,1.6146,-0.1903,77.7588,457.6416,227.9663,1.7499,,
DATA,A001,2,75,387831,-0.7052,1.6636,-0.1752,54.3213,417.6636,225.1587,1.8154,,
DATA,A001,2,76,387841,-0.7340,1.6756,-0.1610,39.4287,382.3853,222.5342,1.8364,,
DATA,A001,2,77,387851,-0.7682,1.6902,-0.0917,18.1274,316.5283,216.6748,1.8589,,
DATA,A001,2,78,387861,-0.7713,1.6695,-0.0956,3.0518,268.3716,213.1348,1.8416,,
DATA,A001,2,79,387871,-0.7189,1.5770,-0.1154,-14.7095,190.4297,203.6743,1.7369,,
DATA,A001,2,80,387881,-0.6808,1.4991,-0.1366,-22.3999,138.5498,196.5942,1.6521,,
DATA,A001,2,81,387891,-0.6227,1.3965,-0.1630,-24.7192,68.4814,183.8989,1.5377,,
DATA,A001,2,82,387901,-0.5743,1.3379,-0.1691,-21.9727,27.4048,174.4995,1.4658,,
DATA,A001,2,83,387911,-0.5140,1.2842,-0.1569,-14.1602,-24.9634,158.9966,1.3922,,
DATA,A001,2,84,387921,-0.4828,1.2635,-0.1349,-8.3618,-53.5889,147.0947,1.3593,,
DATA,A001,2,85,387931,-0.4396,1.2435,-0.1132,-0.7935,-88.6841,128.4180,1.3237,,
DATA,A001,2,86,387941,-0.4010,1.2278,-0.0993,2.5635,-107.0557,115.3564,1.2955,,
DATA,A001,2,87,387951,-0.3321,1.1937,-0.0844,5.2490,-127.8076,96.8628,1.2419,,
DATA,A001,2,88,387961,-0.2892,1.1639,-0.0819,6.5918,-135.0098,85.2661,1.2021,,
DATA,A001,2,89,387971,-0.2269,1.1468,-0.0885,10.1318,-135.8643,68.7866,1.1724,,
DATA,A001,2,90,387981,-0.1937,1.1624,-0.0968,14.0381,-130.0049,58.7158,1.1824,,
DATA,A001,2,91,387991,-0.1661,1.1905,-0.1124,17.3340,-120.0562,49.9268,1.2073,,
DATA,A001,2,92,388001,-0.1456,1.2310,-0.1246,18.6157,-96.9849,37.9639,1.2458,,
DATA,A001,2,93,388011,-0.1463,1.2447,-0.1298,17.4561,-78.3081,31.6772,1.2600,,
DATA,A001,2,94,388021,-0.1588,1.2549,-0.1366,14.1602,-48.4009,24.1699,1.2723,,
DATA,A001,2,95,388031,-0.1725,1.2606,-0.1383,12.5732,-29.4800,19.4702,1.2798,,
DATA,A001,2,96,388041,-0.1791,1.2701,-0.1434,9.9487,-3.1128,13.2446,1.2906,,
DATA,A001,2,97,388051,-0.1869,1.2708,-0.1430,7.6904,12.8174,9.8267,1.2924,,
DATA,A001,2,98,388061,-0.1896,1.2781,-0.1535,3.5400,34.3018,4.9438,1.3012,,
DATA,A001,2,99,388071,-0.1817,1.2911,-0.1718,2.3804,47.9126,1.5869,1.3151,,
DATA,A001,2,100,388081,-0.1583,1.3201,-0.1981,1.4648,67.5659,-2.8076,1.3443,,
DATA,A001,2,101,388091,-0.1522,1.3223,-0.2015,0.6714,80.6274,-5.3101,1.3462,,
DATA,A001,2,102,388101,-0.1534,1.2745,-0.1764,-2.1362,98.1445,-9.2163,1.2957,,
DATA,A001,2,103,388111,-0.1676,1.2042,-0.1273,-4.3335,107.1167,-12.3291,1.2224,,
DATA,A001,2,104,388121,-0.1993,1.0552,-0.0114,-5.7983,112.7319,-17.3950,1.0740,,
DATA,A001,2,105,388131,-0.2228,0.9578,0.0450,-5.6152,112.6709,-20.6909,0.9844,,
DATA,A001,2,106,388141,-0.2501,0.8399,0.1002,-3.2349,107.1777,-25.3296,0.8821,,
DATA,A001,2,107,388151,-0.2535,0.7879,0.1339,0.1831,100.6470,-28.6865,0.8384,,
DATA,A001,2,108,388161,-0.2350,0.7315,0.1705,6.2256,87.2192,-33.5083,0.7870,,
DATA,A001,2,109,388171,-0.2154,0.7010,0.1803,8.6060,76.1719,-36.8652,0.7552,,
DATA,A001,2,110,388181,-0.1842,0.6834,0.2208,11.3525,60.3027,-42.7246,0.7414,,
DATA,A001,2,111,388191,-0.1310,0.6968,0.1988,12.1460,48.9502,-46.6309,0.7364,,
DATA,A001,2,112,388201,-0.0372,0.7259,0.1522,11.9629,25.9399,-47.7295,0.7426,,
DATA,A001,2,113,388211,0.0187,0.7606,0.1507,9.4604,5.8594,-46.1426,0.7756,,
DATA,A001,2,114,388221,0.0870,0.8255,0.1197,1.0376,-28.4424,-39.7949,0.8387,,
DATA,A001,2,115,388231,0.1322,0.8655,0.0802,-5.6763,-51.1475,-36.6211,0.8792,,
DATA,A001,2,116,388241,0.2211,0.9239,0.0362,-13.3057,-73.9746,-35.3394,0.9507,,
DATA,A001,2,117,388251,0.2914,0.9654,0.0072,-17.3950,-78.0640,-37.4146,1.0084,,
DATA,A001,2,118,388261,0.3993,1.0003,-0.0004,-23.4985,-69.3970,-40.6494,1.0771,,
DATA,A001,2,119,388271,0.4599,1.0103,-0.0021,-27.8320,-57.5562,-42.1143,1.1100,,
DATA,A001,2,120,388281,0.5409,0.9734,0.0038,-34.6680,-34.4238,-44.6167,1.1136,,
DATA,A001,2,121,388291,0.5416,0.9185,0.0194,-37.8418,-19.1040,-44.4336,1.0665,,
DATA,A001,2,122,388301,0.4818,0.8465,0.0360,-38.2080,2.0142,-43.0908,0.9747,,
DATA,A001,2,123,388311,0.4369,0.8228,0.0502,-35.8276,12.0850,-42.4194,0.9330,,
DATA,A001,2,124,388321,0.3800,0.8223,0.0541,-33.5693,18.3716,-40.5884,0.9075,,
DATA,A001,2,125,388331,0.3119,0.8260,0.0553,-34.6680,22.5220,-36.9873,0.8846,,
DATA,A001,2,126,388341,0.2636,0.8052,0.0528,-37.5977,23.3765,-34.3018,0.8489,,
DATA,A001,2,127,388351,0.2265,0.7884,0.0475,-38.0249,22.6440,-32.1655,0.8216,,
DATA,A001,2,128,388361,0.1974,0.7781,0.0404,-37.7197,21.4844,-29.6631,0.8038,,
DATA,A001,2,129,388371,0.1647,0.7681,0.0343,-35.5225,17.8833,-27.4048,0.7863,,
DATA,A001,2,130,388381,0.1486,0.7745,0.0231,-34.1797,14.7095,-25.8789,0.7889,,
DATA,A001,2,131,388391,0.1234,0.7928,0.0182,-32.4097,10.2539,-23.7427,0.8025,,
DATA,A001,2,132,388401,0.1049,0.8077,0.0201,-30.3345,7.4463,-22.7051,0.8147,,
DATA,A001,2,133,388411,0.0668,0.8340,0.0209,-27.1606,2.9297,-21.9727,0.8370,,
DATA,A001,2,134,388421,0.0433,0.8504,0.0148,-25.5737,-2.1362,-22.0947,0.8516,,
DATA,A001,2,135,388431,0.0221,0.8692,0.0028,-24.4751,-12.4512,-21.9116,0.8695,,
DATA,A001,2,136,388441,0.0221,0.8724,-0.0077,-23.9258,-20.2026,-21.6675,0.8727,,
DATA,A001,2,137,388451,0.0211,0.8721,-0.0282,-21.8506,-31.1890,-21.0571,0.8728,,
DATA,A001,2,138,388461,0.0141,0.8675,-0.0382,-20.2026,-36.6211,-21.0571,0.8684,,
DATA,A001,2,139,388471,0.0070,0.8558,-0.0468,-17.5171,-42.7856,-22.7661,0.8571,,
DATA,A001,2,140,388481,-0.0021,0.8533,-0.0497,-15.1978,-45.6543,-24.4141,0.8548,,
DATA,A001,2,141,388491,0.0070,0.8582,-0.0548,-10.9863,-47.7295,-27.3438,0.8600,,
DATA,A001,2,142,388501,0.0128,0.8626,-0.0475,-8.5449,-48.3398,-29.4189,0.8640,,
DATA,A001,2,143,388511,0.0050,0.8699,-0.0297,-5.7983,-47.2412,-31.5552,0.8705,,
DATA,A001,2,144,388521,0.0038,0.8648,-0.0145,-4.3335,-46.1426,-33.5083,0.8649,,
DATA,A001,2,145,388531,-0.0126,0.8670,-0.0018,-1.7700,-44.4946,-35.7056,0.8671,,
DATA,A001,2,146,388541,-0.0306,0.8775,0.0033,0.0610,-42.9077,-36.8042,0.8780,,
DATA,A001,2,147,388551,-0.0575,0.9178,0.0040,4.4556,-39.2456,-39.4897,0.9196,,
DATA,A001,2,148,388561,-0.0838,0.9669,0.0074,7.8125,-37.4756,-41.5039,0.9705,,
DATA,A001,2,149,388571,-0.1351,1.0550,0.0116,12.3291,-37.6587,-45.2271,1.0637,,
DATA,A001,2,150,388581,-0.1554,1.1238,0.0106,14.1602,-40.1001,-48.5229,1.1346,,
DATA,A001,2,151,388591,-0.1649,1.2269,-0.0070,14.5874,-45.7764,-54.4434,1.2379,,
DATA,A001,2,152,388601,-0.1488,1.2715,-0.0221,12.7563,-49.1943,-59.0820,1.2804,,
DATA,A001,2,153,388611,-0.1100,1.2945,-0.0199,9.2163,-51.2695,-66.3452,1.2993,,
DATA,A001,2,154,388621,-0.0917,1.2945,-0.0214,6.7139,-49.6216,-71.1060,1.2979,,
DATA,A001,2,155,388631,-0.0734,1.3394,-0.0446,9.8877,-42.8467,-75.9277,1.3422,,
DATA,A001,2,156,388641,-0.0724,1.4007,-0.0490,15.1367,-37.7197,-78.1250,1.4034,,
DATA,A001,2,157,388651,-0.0738,1.5059,-0.0311,18.9819,-28.0762,-80.5054,1.5080,,
DATA,A001,2,158,388661,-0.0929,1.5345,-0.0253,15.9302,-20.8130,-81.8481,1.5375,,
DATA,A001,2,159,388671,-0.1109,1.5193,-0.0204,9.5825,-13.5498,-83.8623,1.5235,,
DATA,A001,2,160,388681,-0.1432,1.4510,-0.0209,4.5166,-4.2114,-86.6089,1.4582,,
DATA,A001,2,161,388691,-0.1852,1.3990,-0.0211,8.8501,2.4414,-87.3413,1.4113,,
DATA,A001,2,162,388701,-0.2181,1.3653,-0.0133,11.9019,4.5166,-87.8906,1.3827,,
DATA,A001,2,163,388711,-0.2306,1.3299,-0.0038,12.4512,4.6387,-90.1489,1.3497,,
DATA,A001,2,164,388721,-0.2501,1.2332,0.0209,9.8267,0.1831,-95.9473,1.2585,,
DATA,A001,2,165,388731,-0.2652,1.1585,0.0314,9.8877,-5.7373,-99.9756,1.1889,,
DATA,A001,2,166,388741,-0.2777,1.0775,0.0323,14.9536,-19.3481,-105.0415,1.1131,,
DATA,A001,2,167,388751,-0.2860,1.0579,0.0404,20.4468,-30.8838,-107.4829,1.0966,,
DATA,A001,2,168,388761,-0.2997,1.0535,0.0621,26.1230,-50.4761,-109.1919,1.0971,,
DATA,A001,2,169,388771,-0.3082,1.0433,0.0807,26.6113,-64.8804,-109.7412,1.0908,,
DATA,A001,2,170,388781,-0.3275,1.0054,0.1014,24.5972,-87.4023,-110.2905,1.0623,,
DATA,A001,2,171,388791,-0.3353,0.9710,0.1024,23.0103,-102.7222,-110.2905,1.0324,,
DATA,A001,2,172,388801,-0.3356,0.9319,0.0963,22.6440,-124.5728,-109.3750,0.9952,,
DATA,A001,2,173,388811,-0.3190,0.9227,0.0834,22.3389,-136.6577,-108.4595,0.9798,,
DATA,A001,2,174,388821,-0.2860,0.9109,0.0719,19.5923,-149.0479,-107.7881,0.9575,,
DATA,A001,2,175,388831,-0.2687,0.9048,0.0643,16.2354,-153.5645,-107.1777,0.9461,,
DATA,A001,2,176,388841,-0.2474,0.8824,0.0472,10.0708,-156.5552,-105.8350,0.9176,,
DATA,A001,2,177,388851,-0.2328,0.8585,0.0389,5.7983,-156.7993,-104.8584,0.8903,,
DATA,A001,2,178,388861,-0.2106,0.8150,0.0236,-0.6104,-154.2969,-103.0273,0.8421,,
DATA,A001,2,179,388871,-0.1944,0.7979,0.0177,-3.7231,-150.5127,-101.9287,0.8215,,
DATA,A001,2,180,388881,-0.1874,0.8123,0.0033,-5.5542,-141.9067,-100.3418,0.8336,,
DATA,A001,2,181,388891,-0.1776,0.8489,-0.0072,-4.6387,-135.2539,-99.4263,0.8673,,
DATA,A001,2,182,388901,-0.1571,0.9107,-0.0153,-6.6528,-124.0234,-96.9849,0.9243,,
DATA,A001,2,183,388911,-0.1398,0.9214,-0.0250,-12.0239,-115.2344,-95.5811,0.9323,,
DATA,A001,2,184,388921,-0.1151,0.8770,-0.0287,-20.9961,-99.5483,-93.8721,0.8850,,
DATA,A001,2,185,388931,-0.1051,0.8362,-0.0331,-23.9868,-87.4023,-92.5903,0.8435,,
DATA,A001,2,186,388941,-0.1002,0.8077,-0.0429,-22.7051,-69.2749,-89.4775,0.8150,,
DATA,A001,2,187,388951,-0.0987,0.8135,-0.0470,-20.6299,-57.6782,-86.4258,0.8209,,
DATA,A001,2,188,388961,-0.1066,0.8282,-0.0490,-19.8364,-42.4805,-80.7495,0.8364,,
DATA,A001,2,189,388971,-0.1117,0.8284,-0.0463,-21.1182,-33.2642,-76.4771,0.8372,,
DATA,A001,2,190,388981,-0.1202,0.8194,-0.0421,-22.3999,-20.7520,-69.7021,0.8292,,
DATA,A001,2,191,388991,-0.1246,0.8165,-0.0414,-22.0337,-12.3291,-64.8193,0.8270,,
DATA,A001,2,192,389001,-0.1249,0.8165,-0.0438,-20.4468,-3.4180,-59.0820,0.8271,,
DATA,A001,2,193,389011,-0.1359,0.8419,-0.0394,-17.7612,9.1553,-49.8047,0.8537,,
DATA,A001,2,194,389021,-0.1463,0.8697,-0.0341,-15.8081,17.0898,-43.0298,0.8826,,
DATA,A001,2,195,389031,-0.1676,0.9114,-0.0272,-14.4043,27.0996,-32.0435,0.9271,,
DATA,A001,2,196,389041,-0.1825,0.9437,-0.0287,-14.4043,32.5317,-24.9023,0.9616,,
DATA,A001,2,197,389051,-0.1984,0.9949,-0.0326,-13.6719,37.9639,-13.9160,1.0150,,
DATA,A001,2,198,389061,-0.2071,1.0445,-0.0392,-12.7563,40.1611,-6.4087,1.0656,,
DATA,A001,2,199,389071,-0.2067,1.0982,-0.0543,-13.9771,42.4194,4.9438,1.1188,,
DATA,A001,2,200,389081,-0.2071,1.1177,-0.0643,-15.8691,43.7012,12.0239,1.1386,,
DATA,A001,2,201,389091,-0.2027,1.1544,-0.0878,-17.0288,45.7153,21.5454,1.1753,,
DATA,A001,2,202,389101,-0.1979,1.1778,-0.0993,-15.9912,46.8140,27.3438,1.1984,,
DATA,A001,2,203,389111,-0.1864,1.2156,-0.1010,-14.3433,48.5229,34.1797,1.2340,,
DATA,A001,2,204,389121,-0.1688,1.2305,-0.0853,-14.2822,50.2930,37.5977,1.2450,,
DATA,A001,2,205,389131,-0.1507,1.2025,-0.0436,-16.2354,53.9551,41.0156,1.2126,,
DATA,A001,2,206,389141,-0.1446,1.1639,-0.0087,-18.4326,56.5186,43.3350,1.1729,,
DATA,A001,2,207,389151,-0.1300,1.1439,-0.0368,-16.2964,61.8286,48.8281,1.1518,,
DATA,A001,2,208,389161,-0.1051,1.1810,-0.0707,-9.0332,66.1011,53.2227,1.1877,,
DATA,A001,2,209,389171,-0.0755,1.2366,-0.1061,0.1831,78.6133,62.1948,1.2435,,
DATA,A001,2,210,389181,-0.0821,1.2422,-0.1076,2.6245,89.3555,68.7866,1.2496,,
DATA,A001,2,211,389191,-0.1322,1.1800,-0.0746,5.1270,104.1260,78.9185,1.1897,,
DATA,A001,2,212,389201,-0.1813,1.1063,-0.0348,7.1411,110.1685,86.2427,1.1216,,
DATA,A001,2,213,389211,-0.2416,0.9820,0.0470,11.9629,112.3047,95.7031,1.0124,,
DATA,A001,2,214,389221,-0.2645,0.9192,0.1002,16.4795,110.0464,100.8301,0.9618,,
DATA,A001,2,215,389231,-0.2706,0.8582,0.1476,22.3389,104.9194,106.5674,0.9119,,
DATA,A001,2,216,389241,-0.2655,0.8443,0.1615,25.6348,100.7080,109.3750,0.8997,,
DATA,A001,2,217,389251,-0.2594,0.8797,0.1415,32.9590,93.1396,113.7695,0.9280,,
DATA,A001,2,218,389261,-0.2628,0.9297,0.1298,38.3301,86.3647,116.9434,0.9748,,
DATA,A001,2,219,389271,-0.2726,1.0123,0.1327,42.7246,71.8994,121.1548,1.0567,,
DATA,A001,2,220,389281,-0.2862,1.0499,0.1422,41.7480,59.9365,122.8638,1.0974,,
DATA,A001,2,221,389291,-0.3197,1.0814,0.1393,38.1470,38.2690,123.2300,1.1362,,
DATA,A001,2,222,389301,-0.3226,1.0999,0.1251,36.6211,22.7661,121.8872,1.1531,,
DATA,A001,2,223,389311,-0.3092,1.1292,0.0865,35.0952,0.4883,117.6758,1.1740,,
DATA,A001,2,224,389321,-0.2831,1.1336,0.0658,33.3862,-12.0239,113.0981,1.1703,,
DATA,A001,2,225,389331,-0.2338,1.0970,0.0487,28.5034,-24.7192,103.7598,1.1227,,
DATA,A001,2,226,389341,-0.1984,1.0379,0.0470,24.9634,-29.6021,96.1914,1.0577,,
DATA,A001,2,227,389351,-0.1815,0.9749,0.0492,23.0713,-31.6162,88.3789,0.9929,,
DATA,A001,2,228,389361,-0.1529,0.8858,0.0631,23.0103,-31.3110,76.9043,0.9011,,
DATA,A001,2,229,389371,-0.1376,0.8343,0.0768,24.4751,-29.0527,69.8853,0.8490,,
DATA,A001,2,230,389381,-0.1188,0.7742,0.0941,27.4048,-21.9116,60.4248,0.7889,,
DATA,A001,2,231,389391,-0.1185,0.7545,0.1095,29.4189,-14.6484,54.4434,0.7715,,
DATA,A001,2,232,389401,-0.1212,0.7418,0.1210,31.9214,-2.0142,46.3867,0.7613,,
DATA,A001,2,233,389411,-0.1344,0.7432,0.1232,32.9590,6.0425,41.8701,0.7652,,
DATA,A001,2,234,389421,-0.1634,0.7554,0.1127,33.0200,15.6250,36.8042,0.7811,,
DATA,A001,2,235,389431,-0.1817,0.7571,0.1053,32.0435,19.5923,34.2407,0.7857,,
DATA,A001,2,236,389441,-0.1971,0.7537,0.0939,30.3345,22.3389,31.0669,0.7847,,
DATA,A001,2,237,389451,-0.2057,0.7513,0.0907,29.2358,23.5596,29.4189,0.7842,,
DATA,A001,2,238,389461,-0.2162,0.7581,0.0917,29.2969,24.1699,28.0762,0.7936,,
DATA,A001,2,239,389471,-0.2240,0.7759,0.0917,29.4189,24.1089,27.5879,0.8128,,
DATA,A001,2,240,389481,-0.2347,0.8001,0.0987,29.7852,23.1934,26.7944,0.8397,,
DATA,A001,2,241,389491,-0.2369,0.8262,0.1066,29.7852,22.3389,26.3672,0.8661,,
DATA,A001,2,242,389501,-0.2347,0.8619,0.1119,29.6631,21.0571,25.8179,0.9003,,
DATA,A001,2,243,389511,-0.2291,0.8882,0.1141,30.1514,20.6909,25.5127,0.9244,,
DATA,A001,2,244,389521,-0.2294,0.9293,0.1285,30.5786,21.1182,24.9023,0.9657,,
DATA,A001,2,245,389531,-0.2391,0.9424,0.1337,31.0669,21.6064,24.5361,0.9814,,
DATA,A001,2,246,389541,-0.2477,0.9468,0.1459,31.4941,21.1182,23.8647,0.9895,,
DATA,A001,2,247,389551,-0.2508,0.9424,0.1559,31.8604,19.2871,23.4985,0.9876,,
DATA,A001,2,248,389561,-0.2557,0.9214,0.1654,33.0200,15.7471,23.0103,0.9705,,
DATA,A001,2,249,389571,-0.2633,0.9158,0.1671,34.4238,13.2446,22.5220,0.9675,,
DATA,A001,2,250,389581,-0.2755,0.9451,0.1647,38.2080,9.7656,21.7285,0.9981,,
DATA,A001,2,251,389591,-0.2887,0.9849,0.1700,40.1001,7.2632,21.1792,1.0403,,
DATA,A001,2,252,389601,-0.3070,1.0543,0.1637,40.3442,2.5635,19.7144,1.1102,,
DATA,A001,2,253,389611,-0.3190,1.0987,0.1529,39.0625,-1.6479,18.4326,1.1542,,
DATA,A001,2,254,389621,-0.3302,1.1490,0.1319,36.4380,-9.5825,15.5640,1.2027,,
DATA,A001,2,255,389631,-0.3199,1.1827,0.1212,33.7524,-14.2212,12.0239,1.2312,,
DATA,A001,2,256,389641,-0.3382,1.2256,0.0848,29.4189,-20.2637,4.1504,1.2743,,
DATA,A001,2,257,389651,-0.3536,1.2911,0.0599,28.9917,-25.4517,-1.0376,1.3400,,
DATA,A001,2,258,389661,-0.3465,1.4380,0.0524,28.9917,-37.0483,-9.4604,1.4801,,
DATA,A001,2,259,389671,-0.3321,1.5254,0.0494,24.7803,-44.0674,-16.5405,1.5620,,
DATA,A001,2,260,389681,-0.2833,1.5391,0.0519,11.5356,-49.8047,-30.0293,1.5658,,
DATA,A001,2,261,389691,-0.2479,1.4705,0.0426,2.5635,-49.8657,-40.1611,1.4919,,
DATA,A001,2,262,389701,-0.2347,1.3802,0.0226,-3.2349,-48.5229,-50.6592,1.4002,,
DATA,A001,2,263,389711,-0.2264,1.2979,0.0065,-5.1880,-49.1943,-65.3076,1.3175,,
DATA,A001,2,264,389721,-0.2264,1.2847,0.0091,-5.1270,-52.8564,-73.7305,1.3046,,
DATA,A001,2,265,389731,-0.2262,1.2520,0.0101,-8.7280,-62.9272,-84.7778,1.2723,,
DATA,A001,2,266,389741,-0.2328,1.1971,0.0123,-12.9395,-71.4722,-91.0645,1.2196,,
DATA,A001,2,267,389751,-0.2396,1.1317,-0.0070,-15.6250,-85.1440,-97.4731,1.1568,,
DATA,A001,2,268,389761,-0.2423,1.1338,-0.0265,-14.5874,-93.5669,-99.4263,1.1597,,
DATA,A001,2,269,389771,-0.2335,1.1880,-0.0399,-11.9019,-103.4546,-99.9146,1.2114,,
DATA,A001,2,270,389781,-0.2338,1.2195,-0.0394,-13.3057,-107.2998,-98.8770,1.2424,,
DATA,A001,2,271,389791,-0.2396,1.1954,-0.0270,-19.4092,-111.3892,-96.1304,1.2194,,
DATA,A001,2,272,389801,-0.2530,1.1358,-0.0162,-24.8413,-114.6240,-94.5435,1.1638,,
DATA,A001,2,273,389811,-0.2936,1.0440,-0.0104,-29.2358,-121.0938,-92.4683,1.0845,,
DATA,A001,2,274,389821,-0.3121,1.0176,0.0048,-29.0527,-127.1973,-91.1255,1.0644,,
DATA,A001,2,275,389831,-0.3216,1.0167,-0.0175,-29.3579,-143.7378,-87.2803,1.0665,,
DATA,A001,2,276,389841,-0.3490,1.0389,-0.0248,-31.1890,-159.6680,-83.4961,1.0962,,
DATA,A001,2,277,389851,-0.2679,1.0589,-0.0079,-37.4756,-185.6079,-80.9326,1.0923,,
DATA,A001,2,278,389861,-0.1808,1.0513,-0.0016,-44.0063,-195.9839,-80.1392,1.0668,,
DATA,A001,2,279,389871,-0.0948,1.0186,-0.0109,-52.7954,-192.0776,-81.8481,1.0231,,
DATA,A001,2,280,389881,-0.1009,0.9879,-0.0287,-56.0303,-181.8848,-83.6182,0.9934,,
DATA,A001,2,281,389891,-0.1090,0.9573,-0.0392,-58.8379,-166.0767,-87.8906,0.9643,,
DATA,A001,2,282,389901,-0.1048,0.9510,-0.0494,-60.7300,-156.7383,-90.1489,0.9580,,
DATA,A001,2,283,389911,-0.1134,0.9691,-0.0551,-63.8428,-140.5029,-95.5200,0.9772,,
DATA,A001,2,284,389921,-0.1097,0.9879,-0.0707,-66.2231,-126.7090,-100.1587,0.9964,,
DATA,A001,2,285,389931,-0.0939,1.0223,-0.0963,-70.0073,-104.4922,-105.2246,1.0311,,
DATA,A001,2,286,389941,-0.0924,1.0450,-0.1088,-72.4487,-91.1255,-106.9946,1.0547,,
DATA,A001,2,287,389951,-0.0941,1.0789,-0.1298,-75.7446,-74.1577,-109.5581,1.0908,,
DATA,A001,2,288,389961,-0.0983,1.0987,-0.1430,-78.0640,-65.0024,-110.6567,1.1123,,
DATA,A001,2,289,389971,-0.0878,1.1221,-0.1583,-80.6274,-51.5137,-111.2061,1.1366,,
DATA,A001,2,290,389981,-0.0726,1.1365,-0.1600,-82.2754,-41.5039,-111.1450,1.1500,,
DATA,A001,2,291,389991,-0.0655,1.1443,-0.1583,-84.8389,-23.5596,-111.2061,1.1571,,
DATA,A001,2,292,390001,-0.0587,1.1343,-0.1571,-86.3037,-10.0098,-111.2061,1.1467,,
DATA,A001,2,293,390011,-0.0538,1.1146,-0.1517,-86.7310,11.0474,-111.2671,1.1261,,
DATA,A001,2,294,390021,-0.0582,1.0921,-0.1488,-85.9375,24.4751,-111.4502,1.1037,,
DATA,A001,2,295,390031,-0.0555,1.0652,-0.1449,-83.9844,37.7808,-111.8774,1.0765,,
DATA,A001,2,296,390041,-0.0670,1.0335,-0.1276,-79.7729,56.7017,-112.3657,1.0435,,
DATA,A001,2,297,390051,-0.0777,1.0230,-0.1073,-75.9888,67.4438,-112.3657,1.0316,,
DATA,A001,2,298,390061,-0.0819,1.0233,-0.0722,-70.3735,81.5430,-111.2061,1.0291,,
DATA,A001,2,299,390071,-0.0929,1.0423,-0.0507,-67.4438,89.4775,-108.9478,1.0477,,
DATA,A001,2,300,390081,-0.1009,1.0982,-0.0333,-63.1104,100.7690,-104.2480,1.1033,,
DATA,A001,2,301,390091,-0.1017,1.1404,-0.0404,-61.2793,108.6426,-100.6470,1.1457,,
DATA,A001,2,302,390101,-0.0995,1.1461,-0.0702,-62.1338,121.9482,-94.9097,1.1525,,
DATA,A001,2,303,390111,-0.1088,1.1009,-0.0802,-64.5142,131.2256,-91.5527,1.1092,,
DATA,A001,2,304,390121,-0.1405,1.0023,-0.0812,-64.0259,141.8457,-85.9375,1.0153,,
DATA,A001,2,305,390131,-0.1644,0.9442,-0.0682,-59.2041,145.2026,-81.3599,0.9608,,
DATA,A001,2,306,390141,-0.1918,0.9341,-0.0780,-46.9971,144.8975,-71.4111,0.9568,,
DATA,A001,2,307,390151,-0.1976,1.0040,-0.1093,-36.0718,141.9678,-62.1338,1.0290,,
DATA,A001,2,308,390161,-0.1715,1.1587,-0.1327,-21.1792,136.9629,-46.8750,1.1789,,
DATA,A001,2,309,390171,-0.1578,1.2252,-0.1339,-17.0898,134.8877,-35.7666,1.2425,,
DATA,A001,2,310,390181,-0.1490,1.1893,-0.1027,-20.4468,131.8359,-18.6157,1.2030,,
DATA,A001,2,311,390191,-0.1608,1.0897,-0.0761,-23.8037,129.4556,-7.2021,1.1041,,
DATA,A001,2,312,390201,-0.1922,0.9095,-0.0140,-21.4233,122.9858,11.7188,0.9297,,
DATA,A001,2,313,390211,-0.2242,0.8201,0.0174,-14.9536,117.9810,25.0244,0.8504,,
DATA,A001,2,314,390221,-0.2474,0.7466,0.0616,-1.3428,110.0464,45.1050,0.7890,,
DATA,A001,2,315,390231,-0.2621,0.7369,0.0795,6.7749,104.6143,57.8613,0.7861,,
DATA,A001,2,316,390241,-0.2777,0.7501,0.1005,16.2354,95.7642,76.2939,0.8061,,
DATA,A001,2,317,390251,-0.2777,0.7735,0.1044,21.3623,88.9282,88.1958,0.8284,,
DATA,A001,2,318,390261,-0.2677,0.8089,0.1102,29.2969,78.1860,106.6284,0.8591,,
DATA,A001,2,319,390271,-0.2609,0.8419,0.1207,34.9121,71.1060,119.0796,0.8896,,
DATA,A001,2,320,390281,-0.2635,0.8983,0.1515,43.3350,59.9976,137.4512,0.9483,,
DATA,A001,2,321,390291,-0.2709,0.9512,0.1622,48.0347,51.6968,148.8037,1.0023,,
DATA,A001,2,322,390301,-0.2804,1.0274,0.1805,51.3916,37.4756,163.3911,1.0802,,
DATA,A001,2,323,390311,-0.2772,1.0696,0.1844,51.1475,27.4048,170.7764,1.1203,,
DATA,A001,2,324,390321,-0.2547,1.1190,0.1876,49.7437,13.7939,178.3447,1.1628,,
DATA,A001,2,325,390331,-0.2381,1.1324,0.1805,48.0347,6.5918,181.3354,1.1712,,
DATA,A001,2,326,390341,-0.2059,1.1292,0.1627,45.0439,0.4883,183.0444,1.1593,,
DATA,A001,2,327,390351,-0.1830,1.0931,0.1464,42.3584,-0.2441,182.3730,1.1179,,
DATA,A001,2,328,390361,-0.1617,1.0230,0.1271,40.8936,2.7466,179.5044,1.0435,,
DATA,A001,2,329,390371,-0.1564,0.9720,0.1183,41.9312,5.7373,177.2461,0.9916,,
DATA,A001,2,330,390381,-0.1556,0.9197,0.1124,45.8374,10.2539,173.3398,0.9396,,
DATA,A001,2,331,390391,-0.1571,0.8970,0.1185,48.6450,12.9395,169.8608,0.9184,,
DATA,A001,2,332,390401,-0.1546,0.8929,0.1249,51.5747,15.6860,165.7715,0.9147,,
DATA,A001,2,333,390411,-0.1666,0.8856,0.1393,54.2603,18.1885,159.3628,0.9118,,
DATA,A001,2,334,390421,-0.1595,0.8902,0.1461,55.4199,19.7754,154.6631,0.9161,,
DATA,A001,2,335,390431,-0.1551,0.8983,0.1551,55.5420,23.0103,147.3389,0.9247,,
DATA,A001,2,336,390441,-0.1561,0.9078,0.1517,54.5044,25.4517,142.5781,0.9335,,
DATA,A001,2,337,390451,-0.1478,0.9107,0.1424,53.3447,30.5786,135.0098,0.9336,,
DATA,A001,2,338,390461,-0.1476,0.9246,0.1341,53.2837,34.8511,130.2490,0.9459,,
DATA,A001,2,339,390471,-0.1564,0.9498,0.1219,53.5889,41.7480,123.7183,0.9702,,
DATA,A001,2,340,390481,-0.1593,0.9725,0.1149,54.0161,46.9971,119.3848,0.9921,,
DATA,A001,2,341,390491,-0.1869,1.0137,0.1161,54.1382,54.7485,113.5254,1.0373,,
DATA,A001,2,342,390501,-0.2023,1.0394,0.1212,54.0771,59.0210,110.0464,1.0658,,
DATA,A001,2,343,390511,-0.2267,1.0579,0.1341,52.3071,62.3779,104.5532,1.0902,,
DATA,A001,2,344,390521,-0.2394,1.0533,0.1525,51.0864,62.9272,100.7690,1.0908,,
DATA,A001,2,345,390531,-0.2499,1.0228,0.1732,48.1567,63.1104,94.9707,1.0670,,
DATA,A001,2,346,390541,-0.2513,0.9888,0.1815,46.2646,62.6831,90.8813,1.0363,,
DATA,A001,2,347,390551,-0.2577,0.9278,0.1869,43.9453,62.1948,83.7402,0.9809,,
DATA,A001,2,348,390561,-0.2594,0.8907,0.1915,42.9688,62.2559,78.6133,0.9472,,
DATA,A001,2,349,390571,-0.2716,0.8458,0.1923,42.4194,61.8286,70.8008,0.9089,,
DATA,A001,2,350,390581,-0.2816,0.8384,0.1876,43.2129,60.8521,65.9180,0.9041,,
DATA,A001,2,351,390591,-0.2933,0.8516,0.1937,44.7998,57.0679,58.7769,0.9213,,
DATA,A001,2,352,390601,-0.2955,0.8873,0.1864,45.2881,53.1616,54.3823,0.9536,,
DATA,A001,2,353,390611,-0.2926,0.9747,0.1757,45.1050,47.8516,47.5464,1.0327,,
DATA,A001,2,354,390621,-0.2906,1.0433,0.1644,44.1895,45.8984,42.5415,1.0954,,
DATA,A001,2,355,390631,-0.2836,1.1417,0.1376,40.7715,46.8750,33.5083,1.1844,,
DATA,A001,2,356,390641,-0.2823,1.1844,0.1175,37.8418,49.4995,26.7334,1.2232,,
DATA,A001,2,357,390651,-0.2796,1.2269,0.0843,33.0811,56.2134,14.8315,1.2612,,
DATA,A001,2,358,390661,-0.2723,1.2271,0.0712,30.2124,60.9741,5.7983,1.2590,,
DATA,A001,2,359,390671,-0.2784,1.2154,0.0533,27.2827,67.2607,-9.3994,1.2480,,
DATA,A001,2,360,390681,-0.3019,1.2349,0.0367,27.7710,68.4814,-19.5312,1.2718,,
DATA,A001,2,361,390691,-0.3287,1.3751,0.0585,33.6304,59.9365,-32.0435,1.4150,,
DATA,A001,2,362,390701,-0.3370,1.5020,0.0782,35.0952,49.7437,-39.2456,1.5413,,
DATA,A001,2,363,390711,-0.3053,1.6285,0.1046,27.9541,37.6587,-51.6357,1.6601,,
DATA,A001,2,364,390721,-0.2728,1.6280,0.1053,20.0195,35.5225,-60.0586,1.6540,,
DATA,A001,2,365,390731,-0.2452,1.5731,0.1029,13.0615,38.1470,-68.7256,1.5954,,
DATA,A001,2,366,390741,-0.2445,1.4505,0.1075,6.8359,45.9595,-82.8247,1.4749,,
DATA,A001,2,367,390751,-0.2596,1.3650,0.1119,4.3945,49.3774,-92.8955,1.3940,,
DATA,A001,2,368,390761,-0.2765,1.2296,0.1324,1.3428,45.8374,-108.7036,1.2672,,
DATA,A001,2,369,390771,-0.2655,1.1434,0.1507,0.6714,38.7573,-119.2017,1.1834,,
DATA,A001,2,370,390781,-0.2438,1.0313,0.1796,-0.1221,24.6582,-134.4604,1.0748,,
DATA,A001,2,371,390791,-0.2311,0.9778,0.1886,0.1831,14.6484,-143.7988,1.0223,,
DATA,A001,2,372,390801,-0.2247,0.9759,0.1940,2.6855,1.7090,-155.5176,1.0200,,
DATA,A001,2,373,390811,-0.2328,1.0259,0.1996,5.4321,-7.2632,-161.2549,1.0708,,
DATA,A001,2,374,390821,-0.2530,1.1421,0.2067,6.1646,-22.3999,-166.9312,1.1880,,
DATA,A001,2,375,390831,-0.2591,1.1951,0.2086,1.8921,-33.6304,-170.0439,1.2406,,
DATA,A001,2,376,390841,-0.2604,1.2332,0.2027,-7.3242,-48.5840,-174.4995,1.2766,,
DATA,A001,2,377,390851,-0.2491,1.2344,0.1837,-14.2212,-56.3354,-177.3071,1.2727,,
DATA,A001,2,378,390861,-0.2533,1.2159,0.1437,-23.4985,-64.3311,-179.6875,1.2503,,
DATA,A001,2,379,390871,-0.2486,1.2051,0.1127,-28.8696,-69.1528,-181.0913,1.2357,,
DATA,A001,2,380,390881,-0.2401,1.1863,0.0768,-36.0718,-78.9185,-182.0679,1.2128,,
DATA,A001,2,381,390891,-0.2306,1.1746,0.0983,-39.7339,-86.9141,-180.6030,1.2011,,
DATA,A001,2,382,390901,-0.1737,1.1685,0.0716,-44.9219,-105.7129,-178.1616,1.1835,,
DATA,A001,2,383,390911,-0.2137,1.1746,0.1178,-45.8984,-118.4082,-175.1709,1.1997,,
DATA,A001,2,384,390921,-0.0616,1.2379,0.0167,-48.8281,-160.2783,-167.7246,1.2395,,
DATA,A001,2,385,390931,-0.0035,1.2906,0.0817,-56.5796,-164.5508,-177.7344,1.2932,,
DATA,A001,2,386,390941,0.0348,1.2767,0.0987,-66.5283,-145.1416,-169.5557,1.2810,,
DATA,A001,2,387,390951,0.0341,1.2425,0.1268,-66.7114,-131.1646,-170.5933,1.2494,,
DATA,A001,2,388,390961,0.0302,1.1902,0.1293,-69.7632,-112.6709,-171.0205,1.1976,,
DATA,A001,2,389,390971,0.0968,1.1548,0.1278,-73.4863,-90.7593,-172.9126,1.1659,,
DATA,A001,2,390,390981,0.0553,1.0726,0.1146,-77.0264,-51.0254,-172.4854,1.0801,,
DATA,A001,2,391,390991,0.0175,1.0333,0.0978,-75.3784,-28.1982,-171.3867,1.0380,,
DATA,A001,2,392,391001,0.0082,1.0176,0.0809,-70.1904,5.9814,-170.5322,1.0209,,
DATA,A001,2,393,391011,-0.0355,1.0057,0.0736,-67.6270,25.0854,-168.2739,1.0090,,
DATA,A001,2,394,391021,-0.0604,0.9888,0.0514,-64.3311,47.5464,-164.4287,0.9920,,
DATA,A001,2,395,391031,-0.0902,0.9705,0.0563,-62.3169,57.5562,-161.1328,0.9763,,
DATA,A001,2,396,391041,-0.1537,0.9427,0.0509,-60.0586,62.9883,-153.1372,0.9565,,
DATA,A001,2,397,391051,-0.1642,0.9246,0.0426,-58.2886,62.8052,-147.8882,0.9400,,
DATA,A001,2,398,391061,-0.1810,0.9114,0.0445,-56.9458,60.2417,-142.1509,0.9303,,
DATA,A001,2,399,391071,-0.1974,0.8948,0.0387,-54.9316,52.1240,-130.3711,0.9172,,
DATA,A001,2,400,391081,-0.1793,0.8992,0.0414,-52.6733,46.0205,-122.3145,0.9179,,
DATA,A001,2,401,391091,-0.1910,0.9168,0.0441,-50.5371,36.8042,-107.9712,0.9375,,
DATA,A001,2,402,391101,-0.1825,0.9251,0.0389,-50.2930,30.2734,-97.4121,0.9437,,
DATA,A001,2,403,391111,-0.1659,0.9332,0.0304,-50.2319,22.7051,-81.7261,0.9483,,
DATA,A001,2,404,391121,-0.1681,0.9224,0.0304,-50.0488,18.1274,-69.8853,0.9381,,
DATA,A001,2,405,391131,-0.1551,0.9031,0.0328,-49.2554,13.8550,-51.2085,0.9169,,
DATA,A001,2,406,391141,-0.1534,0.8943,0.0397,-48.4009,12.6343,-38.5742,0.9083,,
DATA,A001,2,407,391151,-0.1590,0.8851,0.0485,-45.7153,12.0850,-19.2871,0.9005,,
DATA,A001,2,408,391161,-0.1466,0.8924,0.0587,-43.8843,13.9160,-7.5073,0.9063,,
DATA,A001,2,409,391171,-0.1456,0.9039,0.0714,-41.3818,19.2261,9.3384,0.9183,,
DATA,A001,2,410,391181,-0.1398,0.9041,0.0807,-41.3208,23.7427,19.5923,0.9184,,
DATA,A001,2,411,391191,-0.1337,0.8875,0.0941,-42.0532,31.1279,33.3862,0.9024,,
DATA,A001,2,412,391201,-0.1312,0.8607,0.1005,-43.3350,35.2173,42.1753,0.8764,,
DATA,A001,2,413,391211,-0.1146,0.8321,0.0895,-43.6401,41.1377,54.9316,0.8447,,
DATA,A001,2,414,391221,-0.1068,0.8553,0.0480,-40.5273,45.8984,65.2466,0.8633,,
DATA,A001,2,415,391231,-0.0780,0.9554,-0.0172,-31.9824,55.6030,82.8857,0.9587,,
DATA,A001,2,416,391241,-0.0599,1.0303,-0.0573,-27.0996,65.4907,94.6045,1.0337,,
DATA,A001,2,417,391251,-0.0646,1.0899,-0.1046,-25.2686,83.9844,112.3047,1.0968,,
DATA,A001,2,418,391261,-0.0716,1.0899,-0.1273,-24.1699,96.6187,123.5962,1.0997,,
DATA,A001,2,419,391271,-0.0978,1.0762,-0.1364,-18.5547,114.6240,140.9302,1.0892,,
DATA,A001,2,420,391281,-0.1244,1.0606,-0.1300,-12.6953,126.7090,152.5879,1.0758,,
DATA,A001,2,421,391291,-0.1488,1.0223,-0.0985,-4.5776,144.7144,166.2598,1.0377,,
DATA,A001,2,422,391301,-0.1710,0.9859,-0.0614,-0.6714,156.3110,171.9360,1.0025,,
DATA,A001,2,423,391311,-0.2015,0.9495,-0.0087,4.3945,171.3257,176.8799,0.9707,,
DATA,A001,2,424,391321,-0.2150,0.9466,0.0204,9.0332,178.6499,179.6265,0.9709,,
DATA,A001,2,425,391331,-0.2342,1.0189,0.0509,17.7002,183.7769,185.2417,1.0467,,
DATA,A001,2,426,391341,-0.2325,1.1024,0.0604,22.0337,183.3496,189.8804,1.1282,,
DATA,A001,2,427,391351,-0.2335,1.2203,0.0643,21.8506,179.0161,196.1670,1.2441,,
DATA,A001,2,428,391361,-0.2421,1.2872,0.0355,18.2495,175.0488,199.8901,1.3102,,
DATA,A001,2,429,391371,-0.2516,1.3602,-0.0355,12.0850,168.3350,204.1016,1.3837,,
DATA,A001,2,430,391381,-0.2596,1.3985,-0.0975,9.5215,164.1846,206.2988,1.4257,,
DATA,A001,2,431,391391,-0.2562,1.4366,-0.1852,5.9204,160.7056,207.3364,1.4710,,
DATA,A001,2,432,391401,-0.2511,1.4195,-0.2306,2.4414,161.0107,205.6274,1.4599,,
DATA,A001,2,433,391411,-0.2479,1.3690,-0.2577,-0.9155,163.2690,202.0264,1.4149,,
DATA,A001,2,434,391421,-0.2445,1.2549,-0.2640,-2.7466,168.8232,194.3359,1.3055,,
DATA,A001,2,435,391431,-0.2423,1.1822,-0.2452,-1.1597,173.0957,187.5610,1.2314,,
DATA,A001,2,436,391441,-0.2340,1.1002,-0.2106,4.6997,180.7251,175.5981,1.1443,,
DATA,A001,2,437,391451,-0.2306,1.0579,-0.1779,8.2397,187.3779,166.8701,1.0973,,
DATA,A001,2,438,391461,-0.2560,1.0174,-0.1442,12.8784,198.3032,153.3203,1.0590,,
DATA,A001,2,439,391471,-0.2789,0.9986,-0.1154,14.5874,204.1626,143.2495,1.0432,,
DATA,A001,2,440,391481,-0.3177,0.9673,-0.1288,13.3667,210.1440,127.6855,1.0263,,
DATA,A001,2,441,391491,-0.3321,0.9263,-0.1554,11.2915,211.9751,117.6758,0.9963,,
DATA,A001,2,442,391501,-0.3446,0.8453,-0.1918,11.5967,213.2568,103.0884,0.9327,,
DATA,A001,2,443,391511,-0.3624,0.8074,-0.2006,16.1743,214.6606,94.1162,0.9075,,
DATA,A001,2,444,391521,-0.3937,0.8001,-0.1740,28.1982,215.6982,82.7637,0.9085,,
DATA,A001,2,445,391531,-0.4222,0.8245,-0.1256,36.0107,215.1489,76.4771,0.9348,,
DATA,A001,2,446,391541,-0.4532,0.8860,-0.0531,41.2598,214.2944,67.9321,0.9967,,
DATA,A001,2,447,391551,-0.4693,0.9141,-0.0385,39.1846,215.6982,61.9507,1.0283,,
DATA,A001,2,448,391561,-0.4872,0.9073,-0.0651,33.0200,223.6938,52.6123,1.0319,,
DATA,A001,2,449,391571,-0.5160,0.8773,-0.0929,30.8838,228.1494,47.0581,1.0220,,
DATA,A001,2,450,391581,-0.5826,0.8453,-0.1146,33.2642,230.7739,42.7246,1.0330,,
DATA,A001,2,451,391591,-0.6359,0.8426,-0.1000,36.7432,226.1963,39.5508,1.0603,,
DATA,A001,2,452,391601,-0.7008,0.8599,-0.0717,39.3677,212.3413,34.6680,1.1116,,
DATA,A001,2,453,391611,-0.7108,0.8753,-0.0485,38.6963,201.1108,29.9072,1.1286,,
DATA,A001,2,454,391621,-0.7010,0.9000,-0.0219,38.2690,186.8286,20.1416,1.1410,,
DATA,A001,2,455,391631,-0.6857,0.9190,-0.0253,38.8184,180.0537,13.2446,1.1469,,
DATA,A001,2,456,391641,-0.6532,0.9485,-0.0289,41.3208,177.4902,2.1362,1.1521,,
DATA,A001,2,457,391651,-0.6529,0.9612,0.0013,43.8232,172.5464,-6.1646,1.1620,,
DATA,A001,2,458,391661,-0.6307,0.9857,0.0624,49.4995,177.7344,-21.0571,1.1718,,
DATA,A001,2,459,391671,-0.6251,1.0191,0.0719,51.7578,182.2510,-32.0435,1.1977,,
DATA,A001,2,460,391681,-0.6122,1.0628,0.0973,52.8564,192.6880,-47.8516,1.2304,,
DATA,A001,2,461,391691,-0.5980,1.0931,0.0882,50.7202,200.3784,-58.4717,1.2491,,
DATA,A001,2,462,391701,-0.5931,1.1072,0.0694,48.7061,213.8672,-71.3501,1.2580,,
DATA,A001,2,463,391711,-0.5841,1.1077,0.0731,47.7905,231.0791,-80.9326,1.2544,,
DATA,A001,2,464,391721,-0.6185,1.1058,-0.0255,46.7529,247.8638,-92.3462,1.2673,,
DATA,A001,2,465,391731,-0.6463,1.1053,-0.0577,50.2319,262.1460,-98.7549,1.2817,,
DATA,A001,2,466,391741,-0.6959,1.1265,-0.0997,55.6641,268.0054,-107.8491,1.3279,,
DATA,A001,2,467,391751,-0.7762,1.1710,-0.1146,67.5049,267.7612,-120.6665,1.4095,,
DATA,A001,2,468,391761,-0.8214,1.2064,-0.1044,74.7070,256.1646,-129.4556,1.4632,,
DATA,A001,2,469,391771,-0.8644,1.2925,-0.1227,86.0596,223.3276,-142.2729,1.5598,,
DATA,A001,2,470,391781,-0.8282,1.3975,-0.1588,94.9097,192.3828,-153.1372,1.6323,,
DATA,A001,2,471,391791,-0.7338,1.5677,-0.1659,106.5063,147.2778,-168.7622,1.7388,,
DATA,A001,2,472,391801,-0.6737,1.6758,-0.1781,111.2061,126.0376,-175.7202,1.8149,,
DATA,A001,2,473,391811,-0.5546,1.7071,-0.1740,110.1074,97.3511,-181.5186,1.8033,,
DATA,A001,2,474,391821,-0.5187,1.6280,-0.1918,103.7598,80.3223,-183.9600,1.7193,,
DATA,A001,2,475,391831,-0.5731,1.4539,-0.2658,104.5532,46.6919,-184.5703,1.5852,,
DATA,A001,2,476,391841,-0.6549,1.4056,-0.3114,116.3940,18.4326,-184.0210,1.5816,,
DATA,A001,2,477,391851,-0.7911,1.4266,-0.3724,135.0098,-54.6265,-179.1382,1.6732,,
DATA,A001,2,478,391861,-0.8754,1.4534,-0.3419,139.2212,-121.1548,-171.2646,1.7308,,
DATA,A001,2,479,391871,-0.9764,1.4232,-0.3766,131.2256,-238.1592,-155.3955,1.7665,,
DATA,A001,2,480,391881,-0.8866,1.3143,-0.6019,112.9761,-323.9136,-144.4092,1.6958,,
DATA,A001,2,481,391891,-0.6422,1.1504,-0.8029,108.0322,-425.6592,-139.6484,1.5429,,
DATA,A001,2,482,391901,-0.5001,1.1246,-0.9550,114.1968,-463.7451,-137.1460,1.5578,,
DATA,A001,2,483,391911,-0.5253,1.1534,-1.0241,127.4414,-478.2104,-131.8970,1.6294,,
DATA,A001,2,484,391921,-0.6817,1.2237,-0.9291,135.6201,-487.5488,-129.8218,1.6809,,
DATA,A001,2,485,391931,-0.8988,1.3563,-0.8314,135.4370,-518.6157,-127.0752,1.8272,,
DATA,A001,2,486,391941,-0.9313,1.3873,-0.8019,121.3989,-537.0483,-129.6387,1.8533,,
DATA,A001,2,487,391951,-0.9698,1.3023,-0.8319,90.7593,-574.4019,-136.9019,1.8245,,
DATA,A001,2,488,391961,-0.9989,1.1981,-0.9015,73.4253,-598.4497,-143.6768,1.8016,,
DATA,A001,2,489,391971,-0.9864,1.0867,-0.9396,62.2559,-624.3286,-159.3018,1.7427,,
DATA,A001,2,490,391981,-1.0060,1.0962,-0.9235,57.5562,-648.4375,-171.0815,1.7512,,
DATA,A001,2,491,391991,-0.9493,1.2132,-0.7203,52.4902,-669.5557,-184.1431,1.7006,,
DATA,A001,2,492,392001,-0.9320,1.3548,-0.5971,35.2783,-694.1528,-196.8384,1.7494,,
DATA,A001,2,493,392011,-0.8031,1.4442,-0.4865,-6.9580,-716.5527,-208.1299,1.7225,,
DATA,A001,2,494,392021,-0.6532,1.3751,-0.3756,-34.8511,-720.3979,-214.5386,1.5680,,
DATA,A001,2,495,392031,-0.5323,1.2691,-0.2308,-72.6318,-702.9419,-224.6704,1.3955,,
DATA,A001,2,496,392041,-0.5380,1.2037,-0.1727,-97.0459,-684.8755,-228.7598,1.3297,,
DATA,A001,2,497,392051,-0.4342,0.9949,-0.0563,-117.8589,-645.8130,-225.4028,1.0870,,
DATA,A001,2,498,392061,-0.3536,0.9097,0.0648,-121.5210,-617.1875,-220.2759,0.9782,,
DATA,A001,2,499,392071,-0.3031,0.8987,0.1805,-127.5635,-565.6128,-210.6934,0.9655,,
DATA,A001,2,500,392081,-0.2916,0.8956,0.2533,-135.1929,-530.2124,-202.4536,0.9753,,
DATA,A001,2,501,392091,-0.2694,0.8111,0.3234,-143.1885,-479.9805,-189.9414,0.9138,,
DATA,A001,2,502,392101,-0.1637,0.7042,0.4300,-138.4277,-442.4438,-184.3872,0.8412,,
DATA,A001,2,503,392111,-0.1000,0.6485,0.5272,-132.9956,-404.6631,-179.3823,0.8417,,
DATA,A001,2,504,392121,-0.1095,0.5699,0.6432,-131.1035,-342.7124,-170.2881,0.8663,,
DATA,A001,2,505,392131,-0.1527,0.5174,0.7154,-132.5073,-310.1807,-167.3584,0.8960,,
DATA,A001,2,506,392141,-0.2093,0.4478,0.7379,-134.1553,-280.0903,-163.5132,0.8882,,
DATA,A001,2,507,392151,-0.1984,0.4254,0.7411,-135.1318,-270.6299,-160.2783,0.8772,,
DATA,A001,2,508,392161,-0.0436,0.4363,0.6942,-131.4087,-257.6904,-151.1841,0.8211,,
DATA,A001,2,509,392171,0.0839,0.4232,0.6717,-129.4556,-242.3706,-146.0571,0.7983,,
DATA,A001,2,510,392181,0.1576,0.4200,0.6764,-131.1035,-207.2754,-140.6860,0.8116,,
DATA,A001,2,511,392191,0.1686,0.3870,0.6334,-134.7046,-178.4668,-139.0381,0.7612,,
DATA,A001,2,512,392201,0.1615,0.3428,0.5875,-137.2681,-146.4233,-129.7607,0.6991,,
DATA,A001,2,513,392211,0.1332,0.3231,0.5365,-137.7563,-132.2632,-118.3472,0.6403,,
DATA,A001,2,514,392221,0.1391,0.2606,0.4625,-136.4136,-124.9390,-101.3184,0.5488,,
DATA,A001,2,515,392231,0.2116,0.2278,0.4452,-132.1411,-127.0752,-89.1113,0.5430,,
DATA,A001,2,516,392241,0.3092,0.1963,0.4789,-125.9155,-126.4038,-71.7773,0.6029,,
DATA,A001,2,517,392251,0.3517,0.1480,0.5043,-120.7886,-116.5161,-63.6597,0.6324,,
DATA,A001,2,518,392261,0.3392,0.1053,0.6322,-113.4644,-96.9238,-51.8188,0.7251,,
DATA,A001,2,519,392271,0.1710,0.1321,0.7347,-112.2437,-77.7588,-44.3726,0.7659,,
DATA,A001,2,520,392281,0.0141,0.1055,0.6388,-101.9897,-52.2461,-52.5513,0.6476,,
DATA,A001,2,521,392291,0.1156,0.0850,0.5038,-85.6934,-48.4619,-52.3071,0.5238,,
DATA,A001,2,522,392301,0.2123,0.1722,0.4442,-73.4863,-35.5835,-35.9497,0.5216,,
DATA,A001,2,523,392311,0.2965,0.2169,0.4227,-77.5757,-26.3062,-37.7808,0.5600,,
DATA,A001,2,524,392321,0.4440,0.1431,0.4982,-82.6416,-16.8457,-30.8228,0.6825,,
DATA,A001,2,525,392331,0.4445,0.0728,0.5345,-77.0264,0.4883,-27.2827,0.6990,,
DATA,A001,2,526,392341,0.2804,0.0413,0.5760,-72.6318,30.8838,-22.3389,0.6420,,
DATA,A001,2,527,392351,0.1361,0.0142,0.6212,-73.3032,41.3208,-18.6768,0.6361,,
DATA,A001,2,528,392361,0.0470,-0.0771,0.7308,-67.5659,31.7993,-17.5781,0.7364,,
DATA,A001,2,529,392371,0.0756,-0.1599,0.8292,-60.8521,16.5405,-14.6484,0.8479,,
DATA,A001,2,530,392381,0.1420,-0.2385,1.0077,-47.3633,-5.3711,-9.0942,1.0452,,
DATA,A001,2,531,392391,0.1818,-0.1943,1.0594,-37.4756,-12.9395,-9.5215,1.0923,,
DATA,A001,2,532,392401,0.0795,-0.0436,1.0880,-29.8462,-19.7144,-22.4609,1.0918,,
DATA,A001,2,533,392411,0.2575,-0.0339,1.1139,-23.2544,-24.7803,-23.3765,1.1438,,
DATA,A001,2,534,392421,0.3136,0.0008,1.0951,-17.5171,-18.1885,-18.3105,1.1391,,
DATA,A001,2,535,392431,0.1723,0.1641,1.0426,-10.9253,9.6436,-28.3813,1.0694,,
DATA,A001,2,536,392441,0.1852,0.1932,1.0221,-12.5122,26.7944,-40.1001,1.0565,,
DATA,A001,2,537,392451,0.1766,0.0396,1.0333,-15.5640,29.9683,-38.7573,1.0491,,
DATA,A001,2,538,392461,0.1156,0.0230,1.0267,-7.9956,25.0244,-35.9497,1.0335,,
DATA,A001,2,539,392471,0.0985,0.1070,1.0262,-3.6011,11.9019,-31.3721,1.0365,,
DATA,A001,2,540,392481,0.1444,0.1307,1.0118,-5.9204,1.2207,-23.2544,1.0304,,
DATA,A001,2,541,392491,0.2077,0.3433,1.0245,-6.7749,-10.6812,-15.8691,1.1003,,
DATA,A001,2,542,392501,0.2914,0.1756,0.9772,-28.4424,-7.4463,-34.9121,1.0347,,
DATA,A001,2,543,392511,0.4008,-0.1640,1.0104,-4.0894,-7.0190,-22.7051,1.0993,,
DATA,A001,2,544,392521,0.2872,0.0318,1.0414,17.4561,-2.8687,-5.1880,1.0807,,
DATA,A001,2,545,392531,0.2431,0.2120,0.9899,-4.8828,-16.5405,-16.4185,1.0411,,
DATA,A001,2,546,392541,0.3512,0.1158,1.0148,-13.7329,-32.2876,-24.1089,1.0800,,
DATA,A001,2,547,392551,0.3219,0.2754,1.1110,-11.1084,-38.0859,-21.6675,1.1890,,
DATA,A001,2,548,392561,0.3800,0.3355,0.9193,-41.9922,-41.9312,-20.5078,1.0498,,
DATA,A001,2,549,392571,0.3539,0.3665,0.9217,-64.4531,-46.6919,-27.6489,1.0532,,
DATA,A001,2,550,392581,0.4347,-0.4128,0.9603,-51.9409,-37.9028,-28.5034,1.1321,,
DATA,A001,2,551,392591,0.3095,-0.2311,0.9689,-34.1187,-34.9731,-32.8979,1.0430,,
DATA,A001,2,552,392601,0.2599,-0.0954,0.9532,-38.4521,-49.1943,-28.8086,0.9926,,
DATA,A001,2,553,392611,0.3024,-0.2326,0.8959,-30.1514,-77.9419,-24.4751,0.9737,,
DATA,A001,2,554,392621,0.3583,-0.1638,0.7469,-0.1221,-93.1396,-15.5640,0.8445,,
DATA,A001,2,555,392631,0.3366,0.1185,0.8522,-0.5493,-108.3984,-17.7002,0.9238,,
DATA,A001,2,556,392641,0.4791,-0.0727,0.7472,-13.4888,-115.8447,-13.7939,0.8906,,
DATA,A001,2,557,392651,0.4486,0.0208,0.7692,1.3428,-120.5444,-4.3945,0.8907,,
DATA,A001,2,558,392661,0.4857,0.0091,0.7418,10.1318,-122.3755,-5.8594,0.8867,,
DATA,A001,2,559,392671,0.4118,0.1004,0.8707,11.5356,-119.5068,-18.4326,0.9684,,
DATA,A001,2,560,392681,0.4005,0.1285,0.8063,-9.8267,-112.5488,-25.2075,0.9094,,
DATA,A001,2,561,392691,0.4655,-0.0463,0.8256,-31.9824,-110.5347,-39.6729,0.9489,,
DATA,A001,2,562,392701,0.4559,-0.0451,0.8365,-36.8042,-112.9761,-47.6074,0.9538,,
DATA,A001,2,563,392711,0.6032,-0.0900,0.7523,-48.4009,-116.4551,-52.6733,0.9684,,
DATA,A001,2,564,392721,0.6425,-0.0534,0.7054,-41.8091,-115.2344,-49.8047,0.9556,,
DATA,A001,2,565,392731,0.7933,-0.2202,0.7840,-11.7188,-94.0552,-45.2271,1.1369,,
DATA,A001,2,566,392741,0.7125,-0.2011,0.7865,6.3477,-70.8008,-47.1802,1.0801,,
DATA,A001,2,567,392751,0.6437,-0.2265,0.7511,29.7241,-59.5703,-43.8232,1.0148,,
DATA,A001,2,568,392761,0.5829,-0.2094,0.7308,46.5698,-58.4106,-40.5273,0.9580,,
DATA,A001,2,569,392771,0.6005,-0.1711,0.7220,64.3921,-68.1152,-32.0435,0.9546,,
DATA,A001,2,570,392781,0.6229,-0.0495,0.6527,71.8384,-67.1387,-23.8647,0.9036,,
DATA,A001,2,571,392791,0.6295,-0.0112,0.6456,71.7163,-66.0400,-22.0947,0.9018,,
DATA,A001,2,572,392801,0.6901,0.0484,0.6832,61.5234,-49.5605,-24.1699,0.9723,,
DATA,A001,2,573,392811,0.6837,0.0806,0.7154,41.5649,-30.4565,-28.0762,0.9929,,
DATA,A001,2,574,392821,0.6786,-0.0090,0.7198,24.7192,-18.0054,-32.8369,0.9893,,
DATA,A001,2,575,392831,0.6928,-0.0290,0.7008,22.5830,-14.1602,-33.3252,0.9858,,
DATA,A001,2,576,392841,0.7057,-0.0143,0.6705,21.0571,-11.1694,-36.4380,0.9736,,
DATA,A001,2,577,392851,0.7225,-0.0576,0.6337,21.9727,-9.1553,-39.3677,0.9628,,
DATA,A001,2,578,392861,0.7245,-0.0121,0.6153,28.8696,-4.3335,-46.6309,0.9506,,
DATA,A001,2,579,392871,0.7006,0.0281,0.6092,28.1982,2.9297,-52.1851,0.9289,,
DATA,A001,2,580,392881,0.6579,0.0203,0.6166,33.0811,8.4229,-63.9648,0.9019,,
DATA,A001,2,581,392891,0.7299,0.0289,0.6324,41.1987,16.9067,-69.9463,0.9662,,
DATA,A001,2,582,392901,0.6747,-0.0026,0.6759,43.5791,27.3438,-78.2471,0.9550,,
DATA,A001,2,583,392911,0.7868,-0.0080,0.6722,56.8848,32.0435,-77.3315,1.0349,,
DATA,A001,2,584,392921,0.7953,0.1041,0.6627,54.8706,38.4521,-71.6553,1.0404,,
DATA,A001,2,585,392931,0.7846,0.1900,0.6691,46.0205,42.1143,-68.1152,1.0485,,
DATA,A001,2,586,392941,0.7838,0.2562,0.6705,33.6914,50.4761,-66.2842,1.0628,,
DATA,A001,2,587,392951,0.7089,0.1963,0.6525,23.2544,54.9927,-71.9604,0.9832,,
DATA,A001,2,588,392961,0.7365,0.0652,0.6959,32.9590,68.9087,-92.5903,1.0153,,
DATA,A001,2,589,392971,0.7306,0.0870,0.7391,48.7061,81.2378,-102.9053,1.0429,,
DATA,A001,2,590,392981,0.7348,0.1126,0.7511,68.6035,88.7451,-111.6943,1.0567,,
DATA,A001,2,591,392991,0.7018,0.2708,0.7736,64.0869,79.6509,-100.2808,1.0790,,
DATA,A001,2,592,393001,0.6117,0.1873,0.7660,43.1519,58.4717,-76.0498,0.9980,,
DATA,A001,2,593,393011,0.6471,0.2364,0.7858,35.7056,45.4102,-68.2983,1.0450,,
DATA,A001,2,594,393021,0.7399,0.2447,0.8238,25.1465,38.6353,-58.0444,1.1340,,
DATA,A001,2,595,393031,0.7120,0.2505,0.8126,22.8271,36.8042,-53.6499,1.1091,,
DATA,A001,2,596,393041,0.7230,0.2650,0.8190,-1.3428,16.2964,-40.4663,1.1241,,
DATA,A001,2,597,393051,0.7807,0.2938,0.8324,-10.0708,10.1929,-36.1938,1.1784,,
DATA,A001,2,598,393061,0.7929,0.2806,0.8097,-19.2261,9.6436,-34.6069,1.1674,,
DATA,A001,2,599,393071,0.7504,0.2776,0.8258,-24.4751,10.9863,-32.5928,1.1498,,
DATA,A001,2,600,393081,0.7416,0.2547,0.8409,-30.5786,7.5684,-29.4189,1.1498,,
DATA,A001,2,601,393091,0.7890,0.2613,0.8114,-34.1187,10.8643,-25.0854,1.1615,,
DATA,A001,2,602,393101,0.8244,0.2737,0.7277,-43.3960,27.2217,-20.3857,1.1331,,
DATA,A001,2,603,393111,0.7396,0.2669,0.7081,-53.8940,37.1094,-19.5312,1.0582,,
DATA,A001,2,604,393121,0.7240,0.3174,0.7091,-66.6504,49.4995,-18.3105,1.0620,,
DATA,A001,2,605,393131,0.7536,0.2056,0.7709,-89.7217,79.7729,-23.8647,1.0974,,
DATA,A001,2,606,393141,0.6635,0.2232,0.7538,-101.0132,99.8535,-27.9541,1.0287,,
DATA,A001,2,607,393151,0.7360,0.1961,0.7367,-133.7891,144.2261,-30.5176,1.0596,,
DATA,A001,2,608,393161,0.7199,0.0648,0.7382,-153.0151,181.8237,-37.6587,1.0331,,
DATA,A001,2,609,393171,0.5553,-0.0666,0.7670,-151.6113,216.3086,-34.8511,0.9492,,
DATA,A001,2,610,393181,-0.1307,-0.3405,0.7298,-92.8345,124.6338,-103.0273,0.8159,,
DATA,A001,2,611,393191,0.5675,-0.0231,0.8885,-44.7388,70.2515,86.4868,1.0546,,
DATA,A001,2,612,393201,0.6298,0.0738,0.7689,-28.2593,56.5796,50.7202,0.9966,,
DATA,A001,2,613,393211,0.8102,0.3221,0.7452,-23.1934,44.3726,17.9443,1.1470,,
DATA,A001,2,614,393221,0.5670,0.1182,0.7889,-31.7383,59.4482,-2.1973,0.9787,,
DATA,A001,2,615,393231,0.3097,0.0084,0.7816,-5.1880,26.6724,-26.6113,0.8408,,
DATA,A001,2,616,393241,0.3891,0.0088,0.8363,15.8081,-7.1411,-19.2871,0.9224,,
DATA,A001,2,617,393251,0.5204,0.0513,0.8570,37.0483,-37.1704,2.9297,1.0040,,
DATA,A001,2,618,393261,0.5228,0.1041,0.8185,53.4058,-49.9878,-0.1831,0.9768,,
DATA,A001,2,619,393271,0.5197,0.1036,0.8959,64.0869,-62.6831,-8.6670,1.0408,,
DATA,A001,2,620,393281,0.5609,0.0936,0.9215,69.7632,-69.8853,-8.4839,1.0828,,
DATA,A001,2,621,393291,0.5304,0.1368,0.8778,78.9185,-77.3315,-9.8267,1.0347,,
DATA,A001,2,622,393301,0.4606,0.1690,0.7777,84.3506,-82.0312,-11.3525,0.9195,,
DATA,A001,2,623,393311,0.4347,0.2151,0.7919,83.3740,-86.7310,-16.7847,0.9286,,
DATA,A001,2,624,393321,0.5392,0.1946,0.8068,77.8198,-82.8247,-22.5220,0.9897,,
DATA,A001,2,625,393331,0.5734,0.1685,0.8263,73.4253,-68.3594,-28.5034,1.0198,,
DATA,A001,2,626,393341,0.6574,0.1439,0.8363,75.1343,-61.7065,-36.2549,1.0734,,
DATA,A001,2,627,393351,0.7399,0.2691,0.8324,58.7769,-36.6821,-41.0156,1.1457,,
DATA,A001,2,628,393361,0.7140,0.2029,0.8575,43.9453,-22.6440,-44.1284,1.1342,,
DATA,A001,2,629,393371,0.8065,0.1942,0.8007,27.0996,2.1362,-39.1846,1.1529,,
DATA,A001,2,630,393381,0.7877,0.1631,0.8214,19.3481,13.4277,-39.5508,1.1497,,
DATA,A001,2,631,393391,0.7453,0.1273,0.8412,20.3857,22.8882,-37.7197,1.1310,,
DATA,A001,2,632,393401,0.7335,0.1661,0.8485,22.1558,24.3530,-36.9263,1.1338,,
DATA,A001,2,633,393411,0.6647,0.1478,0.8671,19.1650,23.6816,-36.1328,1.1025,,
DATA,A001,2,634,393421,0.6671,0.1556,0.8365,18.5547,21.2402,-35.8887,1.0812,,
DATA,A001,2,635,393431,0.6129,0.2105,0.7804,12.2681,18.1885,-31.6772,1.0144,,
DATA,A001,2,636,393441,0.5868,0.1905,0.7740,7.3242,11.5356,-28.2593,0.9898,,
DATA,A001,2,637,393451,0.5983,0.1778,0.7504,6.2866,5.6152,-23.5596,0.9760,,
DATA,A001,2,638,393461,0.6586,0.1509,0.7799,8.1177,-1.4648,-16.7236,1.0319,,
DATA,A001,2,639,393471,0.6952,0.1636,0.7792,5.8594,-3.0518,-15.3198,1.0570,,
DATA,A001,2,640,393481,0.7213,0.1194,0.7294,3.4790,2.2583,-13.3057,1.0327,,
DATA,A001,2,641,393491,0.7448,0.1099,0.7089,0.8545,9.6436,-12.0850,1.0340,,
DATA,A001,2,642,393501,0.7377,0.0843,0.6866,-4.0283,25.3296,-11.7188,1.0113,,
DATA,A001,2,643,393511,0.7560,0.0696,0.7501,-9.2163,36.9873,-10.8032,1.0673,,
DATA,A001,2,644,393521,0.7995,0.1102,0.7950,-23.3765,62.8662,-7.5684,1.1328,,
EVENT,A001,2,,393523,,,,,,,,STOP,644
EVENT,A001,3,,407202,,,,,,,,START,
DATA,A001,3,1,407225,0.0199,0.0235,0.9596,29.7241,13.1836,-28.1982,0.9601,,
DATA,A001,3,2,407235,0.0795,0.1209,0.9249,32.0435,20.3857,-25.0244,0.9362,,
DATA,A001,3,3,407245,0.0707,0.1175,0.9676,28.7476,23.5596,-21.0571,0.9773,,
DATA,A001,3,4,407255,0.0216,0.0919,0.9969,29.4800,19.4702,-19.3481,1.0014,,
DATA,A001,3,5,407265,0.0814,0.1497,1.0182,29.2969,14.6484,-13.9160,1.0323,,
DATA,A001,3,6,407275,0.1178,0.1514,1.0306,26.6113,14.7095,-10.6812,1.0483,,
DATA,A001,3,7,407285,0.1217,0.1529,1.0428,21.4844,16.6626,-7.4463,1.0610,,
DATA,A001,3,8,407295,0.1083,0.1451,1.0509,18.6157,17.0898,-6.1646,1.0664,,
DATA,A001,3,9,407305,0.0980,0.1192,1.0516,13.9771,13.6719,-4.5166,1.0629,,
DATA,A001,3,10,407315,0.0641,0.0777,1.0433,13.1226,8.7891,-4.8828,1.0482,,
DATA,A001,3,11,407325,0.0509,0.1190,1.0192,13.1836,4.8218,-8.5449,1.0273,,
DATA,A001,3,12,407335,0.0648,0.1338,1.0111,10.8032,3.9062,-8.9111,1.0220,,
DATA,A001,3,13,407345,0.0905,0.0948,1.0001,7.9346,3.6011,-6.2256,1.0087,,
DATA,A001,3,14,407355,0.0966,0.0909,1.0008,8.6670,4.3335,-5.6763,1.0096,,
DATA,A001,3,15,407365,0.1207,0.0787,0.9894,9.8267,7.6904,-4.2114,0.9998,,
DATA,A001,3,16,407375,0.1232,0.0455,0.9845,14.7705,10.9253,-2.3193,0.9932,,
DATA,A001,3,17,407385,0.1200,0.0943,0.9906,19.5312,17.2119,-1.8921,1.0023,,
DATA,A001,3,18,407395,0.1071,0.0982,0.9884,19.6533,19.8364,-0.6104,0.9990,,
DATA,A001,3,19,407405,0.0997,0.0533,0.9882,26.9775,21.6675,0.4272,0.9946,,
DATA,A001,3,20,407415,0.1185,0.0889,0.9872,29.4189,22.3999,1.5259,0.9982,,
DATA,A001,3,21,407425,0.1549,0.0848,0.9613,30.7007,28.0151,5.0049,0.9774,,
DATA,A001,3,22,407435,0.1615,0.0779,0.9440,36.8042,34.3628,8.3618,0.9608,,
DATA,A001,3,23,407445,0.1842,0.1534,0.8500,46.5088,40.2222,15.1367,0.8831,,
DATA,A001,3,24,407455,0.2201,0.1705,0.9337,53.4058,45.4102,23.9868,0.9743,,
DATA,A001,3,25,407465,0.1933,0.1905,0.8378,59.2041,55.7251,50.7812,0.8806,,
DATA,A001,3,26,407475,0.2916,0.2542,0.8551,68.6035,62.6221,59.0210,0.9385,,
DATA,A001,3,27,407485,0.3373,0.3399,0.8348,68.0542,76.0498,73.6694,0.9624,,
DATA,A001,3,28,407495,0.1764,0.4876,0.7330,63.5986,98.9380,84.1064,0.8979,,
DATA,A001,3,29,407505,0.4210,0.9446,0.8219,82.8857,103.6377,82.3364,1.3210,,
DATA,A001,3,30,407515,0.1178,0.6382,0.7884,-18.7988,180.7861,64.1479,1.0212,,
DATA,A001,3,31,407525,0.0651,0.3272,0.7425,-41.3208,186.0352,46.3257,0.8140,,
DATA,A001,3,32,407535,-0.0345,0.0858,0.7369,-30.8838,162.1094,69.5190,0.7427,,
DATA,A001,3,33,407545,-0.1341,0.0816,0.6949,-3.2349,138.9160,71.8994,0.7125,,
DATA,A001,3,34,407555,-0.0277,0.1832,0.7736,29.1748,95.0928,73.4863,0.7954,,
DATA,A001,3,35,407565,-0.0182,0.2508,0.7638,21.4233,78.5522,105.5908,0.8041,,
DATA,A001,3,36,407575,0.0453,0.3021,0.7906,19.2261,67.2607,114.1968,0.8476,,
DATA,A001,3,37,407585,0.0690,0.3453,0.7884,25.6958,67.6270,111.0229,0.8635,,
DATA,A001,3,38,407595,0.0507,0.3702,0.7799,32.5928,74.4019,114.1357,0.8648,,
DATA,A001,3,39,407605,0.0333,0.3633,0.7679,34.5459,83.4961,117.4316,0.8502,,
DATA,A001,3,40,407615,-0.0067,0.3416,0.7191,41.6260,93.8110,123.6572,0.7962,,
DATA,A001,3,41,407625,-0.0213,0.3487,0.6686,50.6592,98.6938,129.0283,0.7543,,
DATA,A001,3,42,407635,0.0023,0.3926,0.6156,65.3687,104.1260,139.4043,0.7302,,
DATA,A001,3,43,407645,0.0119,0.4192,0.5978,73.2422,107.2998,146.3013,0.7302,,
DATA,A001,3,44,407655,-0.0704,0.4817,0.7242,85.6323,115.7227,151.1841,0.8727,,
DATA,A001,3,45,407665,-0.1417,0.5709,0.7655,92.2241,127.4414,151.7334,0.9654,,
DATA,A001,3,46,407675,-0.2386,0.6627,0.7906,96.1304,140.6250,151.5503,1.0589,,
DATA,A001,3,47,407685,-0.2901,0.7169,0.8463,97.4121,145.8740,149.7192,1.1464,,
DATA,A001,3,48,407695,-0.3226,0.7628,0.8766,93.8110,147.5830,148.8647,1.2059,,
DATA,A001,3,49,407705,-0.3522,0.7615,0.9518,90.6982,138.7329,148.2544,1.2688,,
DATA,A001,3,50,407715,-0.3763,0.7833,1.0045,88.0737,131.2866,143.0664,1.3282,,
DATA,A001,3,51,407725,-0.3004,0.7930,0.9886,84.6558,129.0283,143.0054,1.3025,,
DATA,A001,3,52,407735,-0.1793,0.7513,0.9401,78.1860,129.6387,149.5972,1.2167,,
DATA,A001,3,53,407745,-0.1036,0.7132,0.9017,75.1343,137.6953,151.5503,1.1543,,
DATA,A001,3,54,407755,-0.0360,0.6561,0.8387,71.0449,164.4897,155.9448,1.0655,,
DATA,A001,3,55,407765,-0.0255,0.6212,0.8063,68.6035,190.4297,161.3770,1.0181,,
DATA,A001,3,56,407775,-0.0795,0.6011,0.7843,67.1997,232.2388,171.3257,0.9914,,
DATA,A001,3,57,407785,-0.1395,0.6082,0.7792,65.6128,256.7749,179.1992,0.9982,,
DATA,A001,3,58,407795,-0.2445,0.6119,0.7403,59.2651,283.3862,190.5518,0.9911,,
DATA,A001,3,59,407805,-0.3067,0.6046,0.7054,54.8706,296.3867,195.3735,0.9784,,
DATA,A001,3,60,407815,-0.3739,0.5928,0.6617,51.6357,304.6265,198.9746,0.9639,,
DATA,A001,3,61,407825,-0.4618,0.5640,0.6490,47.1191,307.9834,205.1392,0.9760,,
DATA,A001,3,62,407835,-0.5140,0.5423,0.6337,42.2974,302.4902,209.8999,0.9797,,
DATA,A001,3,63,407845,-0.5860,0.5416,0.6583,40.3442,292.5415,211.9751,1.0345,,
DATA,A001,3,64,407855,-0.6749,0.5579,0.6920,38.5742,279.9683,212.5854,1.1161,,
DATA,A001,3,65,407865,-0.7652,0.5919,0.6891,32.5317,254.7607,209.2896,1.1877,,
DATA,A001,3,66,407875,-0.6158,0.5919,0.7162,28.1372,241.5771,203.1250,1.1147,,
DATA,A001,3,67,407885,-0.5223,0.5633,0.6046,18.2495,240.6616,196.7773,0.9776,,
DATA,A001,3,68,407895,-0.6717,0.5411,0.6268,19.4702,268.0054,186.6455,1.0663,,
DATA,A001,3,69,407905,-0.7601,0.4842,0.7069,16.9067,320.5566,159.3628,1.1454,,
DATA,A001,3,70,407915,-0.8043,0.4471,0.6940,8.3008,339.3555,151.7334,1.1526,,
DATA,A001,3,71,407925,-0.9481,0.4442,0.7486,4.8828,331.8481,148.2544,1.2871,,
DATA,A001,3,72,407935,-1.0338,0.4715,0.7272,2.6855,312.3169,141.5405,1.3490,,
DATA,A001,3,73,407945,-1.1368,0.4798,0.6664,-1.8311,251.5869,130.8594,1.4024,,
DATA,A001,3,74,407955,-1.2611,0.5496,0.5582,-12.5122,203.0029,142.5781,1.4846,,
DATA,A001,3,75,407965,-1.1134,0.4764,0.5550,-14.7705,128.1738,106.6284,1.3322,,
DATA,A001,3,76,407975,-1.0416,0.4244,0.5187,-17.0898,83.8623,99.2432,1.2386,,
DATA,A001,3,77,407985,-0.9479,0.3914,0.5157,-9.6436,30.7007,88.9282,1.1479,,
DATA,A001,3,78,407995,-0.9274,0.4166,0.5272,-0.0610,3.9673,80.9326,1.1452,,
DATA,A001,3,79,408005,-0.8971,0.5071,0.5538,13.2446,-23.0103,65.6738,1.1699,,
DATA,A001,3,80,408015,-0.8585,0.5677,0.5792,17.3340,-32.8979,56.7627,1.1810,,
DATA,A001,3,81,408025,-0.7623,0.6185,0.6039,19.4702,-28.1982,44.9829,1.1525,,
DATA,A001,3,82,408035,-0.6910,0.6314,0.6324,21.8506,-12.3901,38.3911,1.1297,,
DATA,A001,3,83,408045,-0.6371,0.6683,0.7035,28.6255,24.9634,31.9824,1.1607,,
DATA,A001,3,84,408055,-0.6505,0.7120,0.7513,32.3486,54.1382,27.5879,1.2225,,
DATA,A001,3,85,408065,-0.7381,0.7845,0.8031,34.2407,93.6890,19.5312,1.3436,,
DATA,A001,3,86,408075,-0.8336,0.8262,0.8273,32.4707,111.0229,13.5498,1.4359,,
DATA,A001,3,87,408085,-0.9657,0.8653,0.8385,27.7100,119.5679,3.6011,1.5441,,
DATA,A001,3,88,408095,-1.0152,0.8809,0.8187,25.0854,115.2344,-4.4556,1.5739,,
DATA,A001,3,89,408105,-1.0296,0.8931,0.7753,21.5454,100.1587,-17.4561,1.5681,,
DATA,A001,3,90,408115,-1.0162,0.9044,0.7877,20.0195,89.6606,-28.5034,1.5720,,
DATA,A001,3,91,408125,-0.9671,0.9517,0.8280,19.7144,70.2515,-44.5557,1.5896,,
DATA,A001,3,92,408135,-0.9039,0.9964,0.8409,12.0850,61.4624,-56.0913,1.5865,,
DATA,A001,3,93,408145,-0.7779,0.9971,0.8299,0.6104,48.6450,-68.6646,1.5127,,
DATA,A001,3,94,408155,-0.8004,0.9688,0.8248,-6.0425,37.2925,-75.3174,1.5032,,
DATA,A001,3,95,408165,-0.7901,0.9783,0.8302,-1.3428,7.8735,-82.0312,1.5069,,
DATA,A001,3,96,408175,-0.8317,1.0274,0.7887,-5.6152,-67.4438,-87.1582,1.5392,,
DATA,A001,3,97,408185,-0.6693,1.0914,0.8087,-13.5498,-120.8496,-90.1489,1.5143,,
DATA,A001,3,98,408195,-0.1644,1.0972,0.7662,-51.4526,-128.9673,-104.6143,1.3483,,
DATA,A001,3,99,408205,-0.0978,1.0196,0.7335,-78.8574,-89.2334,-103.8208,1.2598,,
DATA,A001,3,100,408215,0.1295,0.7923,0.5734,-111.8774,40.5884,-123.1689,0.9865,,
DATA,A001,3,101,408225,-0.1405,0.7129,0.5704,-73.0591,122.4365,-127.2583,0.9238,,
DATA,A001,3,102,408235,-0.6390,0.8157,0.5826,-16.6016,186.5845,-131.3477,1.1888,,
DATA,A001,3,103,408245,-0.9183,0.9236,0.5951,-11.4746,182.0679,-140.1367,1.4320,,
DATA,A001,3,104,408255,-1.0951,0.9459,0.5651,-29.9683,142.6392,-155.9448,1.5534,,
DATA,A001,3,105,408265,-1.0506,0.9039,0.5543,-31.7993,101.6235,-158.9355,1.4927,,
DATA,A001,3,106,408275,-0.8907,0.8687,0.5201,-22.8882,38.6353,-154.0527,1.3486,,
DATA,A001,3,107,408285,-0.7535,0.8782,0.4886,-21.1792,12.0850,-154.8462,1.2561,,
DATA,A001,3,108,408295,-0.6337,0.8741,0.4371,-29.1138,-3.2959,-156.9824,1.1647,,
DATA,A001,3,109,408305,-0.6070,0.8355,0.4000,-34.5459,-6.5918,-155.3345,1.1075,,
DATA,A001,3,110,408315,-0.5697,0.7542,0.3583,-38.9404,-12.5122,-152.3438,1.0108,,
DATA,A001,3,111,408325,-0.5604,0.7027,0.3265,-39.9780,-21.6675,-149.7192,0.9563,,
DATA,A001,3,112,408335,-0.5223,0.6607,0.2919,-38.2080,-38.5132,-145.6299,0.8914,,
DATA,A001,3,113,408345,-0.4728,0.6500,0.2794,-36.8042,-46.7529,-142.7002,0.8509,,
DATA,A001,3,114,408355,-0.3946,0.6263,0.2665,-38.0249,-56.4575,-135.3760,0.7867,,
DATA,A001,3,115,408365,-0.3392,0.6016,0.2579,-39.7949,-56.2744,-130.5542,0.7373,,
DATA,A001,3,116,408375,-0.2794,0.5484,0.2562,-41.1377,-47.6685,-124.2065,0.6667,,
DATA,A001,3,117,408385,-0.2460,0.5176,0.2535,-40.0391,-38.3301,-119.4458,0.6267,,
DATA,A001,3,118,408395,-0.2062,0.4981,0.2438,-34.6680,-19.8975,-111.3281,0.5916,,
DATA,A001,3,119,408405,-0.1942,0.5040,0.2350,-29.6631,-7.5684,-104.7974,0.5890,,
DATA,A001,3,120,408415,-0.1783,0.5281,0.2201,-21.7285,8.4229,-93.3838,0.5993,,
DATA,A001,3,121,408425,-0.1710,0.5430,0.2001,-18.6157,17.0288,-85.8154,0.6034,,
DATA,A001,3,122,408435,-0.1485,0.5342,0.1825,-16.3574,27.7710,-72.3877,0.5838,,
DATA,A001,3,123,408445,-0.1424,0.5218,0.1747,-16.1743,33.9966,-62.6831,0.5684,,
DATA,A001,3,124,408455,-0.1429,0.5001,0.1654,-12.9395,42.0532,-47.0581,0.5458,,
DATA,A001,3,125,408465,-0.1410,0.4957,0.1544,-7.9346,47.7905,-35.1562,0.5380,,
DATA,A001,3,126,408475,-0.1359,0.5201,0.1488,1.3428,56.8237,-15.5640,0.5577,,
DATA,A001,3,127,408485,-0.1359,0.5374,0.1451,5.9814,63.5376,-1.5869,0.5730,,
DATA,A001,3,128,408495,-0.1400,0.5474,0.1417,9.0332,69.5801,12.6953,0.5825,,
DATA,A001,3,129,408505,-0.1564,0.5462,0.1429,12.2070,77.0264,34.8511,0.5858,,
DATA,A001,3,130,408515,-0.1756,0.5421,0.1490,14.9536,80.9937,49.9268,0.5890,,
DATA,A001,3,131,408525,-0.2279,0.5484,0.1722,21.0571,83.3130,73.3032,0.6183,,
DATA,A001,3,132,408535,-0.2860,0.5821,0.2013,26.0010,81.3599,89.4775,0.6791,,
DATA,A001,3,133,408545,-0.3981,0.6553,0.2369,32.8369,72.5708,113.0371,0.8025,,
DATA,A001,3,134,408555,-0.5052,0.7261,0.2657,35.1562,60.3027,127.5635,0.9237,,
DATA,A001,3,135,408565,-0.6725,0.8616,0.3263,36.7432,38.2080,145.2637,1.1407,,
DATA,A001,3,136,408575,-0.7484,0.9676,0.3465,37.2925,22.7051,153.7476,1.2714,,
DATA,A001,3,137,408585,-0.7428,1.1114,0.3453,33.7524,5.9204,164.0625,1.3806,,
DATA,A001,3,138,408595,-0.6800,1.1653,0.3209,28.3203,-0.4272,171.2036,1.3869,,
DATA,A001,3,139,408605,-0.5133,1.1548,0.2921,20.7520,1.9531,182.4951,1.2971,,
DATA,A001,3,140,408615,-0.3661,1.1006,0.2457,19.1650,16.2354,188.3545,1.1857,,
DATA,A001,3,141,408625,-0.2355,1.0330,0.2137,25.8179,54.7485,194.5801,1.0809,,
DATA,A001,3,142,408635,-0.1986,1.0159,0.1932,31.9214,86.2427,202.6978,1.0530,,
DATA,A001,3,143,408645,-0.2301,1.0569,0.1354,40.7715,127.8687,222.7173,1.0901,,
DATA,A001,3,144,408655,-0.2506,1.1404,0.1136,48.6450,150.9399,235.0464,1.1732,,
DATA,A001,3,145,408665,-0.2306,1.2842,0.0995,56.6406,182.3120,253.2959,1.3086,,
DATA,A001,3,146,408675,-0.2247,1.3404,0.0887,54.1382,207.0312,265.3809,1.3620,,
DATA,A001,3,147,408685,-0.2313,1.3524,0.0777,42.8467,250.0000,278.2593,1.3742,,
DATA,A001,3,148,408695,-0.2599,1.3397,0.0489,35.2783,279.7852,284.4238,1.3655,,
DATA,A001,3,149,408705,-0.3338,1.3567,0.0006,31.7993,324.5239,291.6870,1.3972,,
DATA,A001,3,150,408715,-0.3961,1.4080,-0.0241,32.9590,348.9990,293.0298,1.4629,,
DATA,A001,3,151,408725,-0.4903,1.4905,-0.0424,30.1514,371.8872,291.7480,1.5697,,
DATA,A001,3,152,408735,-0.5470,1.5289,-0.0314,24.2920,375.0000,289.4287,1.6241,,
DATA,A001,3,153,408745,-0.6136,1.5630,0.0170,13.8550,361.4502,282.1045,1.6793,,
DATA,A001,3,154,408755,-0.6385,1.5701,0.0480,7.9346,342.8955,276.3062,1.6957,,
DATA,A001,3,155,408765,-0.6520,1.5662,0.1017,-1.3428,306.8848,265.8691,1.6995,,
DATA,A001,3,156,408775,-0.6622,1.5694,0.1263,-8.0566,277.8320,257.4463,1.7081,,
DATA,A001,3,157,408785,-0.6974,1.5550,0.1490,-16.1743,225.2808,243.6523,1.7107,,
DATA,A001,3,158,408795,-0.7269,1.5367,0.1434,-20.5078,182.8003,232.2998,1.7060,,
DATA,A001,3,159,408805,-0.7364,1.4559,0.1615,-28.7476,107.4219,214.2334,1.6395,,
DATA,A001,3,160,408815,-0.7159,1.3572,0.1522,-35.5835,53.7109,202.2705,1.5420,,
DATA,A001,3,161,408825,-0.6503,1.1451,0.1429,-43.7012,-22.3389,181.6406,1.3246,,
DATA,A001,3,162,408835,-0.5602,0.9915,0.1149,-43.8232,-63.2324,165.3442,1.1446,,
DATA,A001,3,163,408845,-0.4701,0.8524,0.0990,-37.5977,-93.3838,149.1089,0.9784,,
DATA,A001,3,164,408855,-0.3334,0.7161,0.0819,-20.3857,-110.7178,125.4272,0.7941,,
DATA,A001,3,165,408865,-0.2582,0.6741,0.0834,-8.1787,-108.3984,108.7036,0.7267,,
DATA,A001,3,166,408875,-0.1942,0.6548,0.0846,6.2866,-89.1724,85.8154,0.6883,,
DATA,A001,3,167,408885,-0.1925,0.6404,0.0882,12.1460,-71.8994,73.3032,0.6745,,
DATA,A001,3,168,408895,-0.2069,0.6375,0.1005,16.6016,-47.3022,56.1523,0.6777,,
DATA,A001,3,169,408905,-0.2291,0.6375,0.1027,17.0898,-36.4380,45.8984,0.6852,,
DATA,A001,3,170,408915,-0.2472,0.6299,0.0900,16.7847,-25.2075,33.9966,0.6827,,
DATA,A001,3,171,408925,-0.2369,0.6260,0.0741,16.6626,-19.4702,27.2827,0.6735,,
DATA,A001,3,172,408935,-0.2120,0.6299,0.0509,17.7612,-9.6436,19.6533,0.6666,,
DATA,A001,3,173,408945,-0.1988,0.6424,0.0470,19.7144,-0.1221,16.2964,0.6741,,
DATA,A001,3,174,408955,-0.2067,0.6714,0.0607,23.4985,15.8081,13.4277,0.7051,,
DATA,A001,3,175,408965,-0.2264,0.6932,0.0868,25.7568,24.9023,12.1460,0.7344,,
DATA,A001,3,176,408975,-0.2652,0.7281,0.1195,26.8555,33.5083,10.6812,0.7841,,
DATA,A001,3,177,408985,-0.2938,0.7549,0.1454,26.1841,34.8511,9.7046,0.8230,,
DATA,A001,3,178,408995,-0.3138,0.7879,0.1876,25.0854,32.8979,6.4087,0.8686,,
DATA,A001,3,179,409005,-0.3116,0.8165,0.2054,25.0244,31.6162,3.4180,0.8977,,
DATA,A001,3,180,409015,-0.2980,0.8582,0.2281,25.5737,32.6538,-1.7700,0.9367,,
DATA,A001,3,181,409025,-0.2743,0.8934,0.2477,25.8179,37.6587,-6.4087,0.9668,,
DATA,A001,3,182,409035,-0.2464,0.9385,0.2645,26.4893,50.4761,-13.6719,1.0058,,
DATA,A001,3,183,409045,-0.2379,0.9612,0.2689,26.7334,59.8755,-18.3105,1.0261,,
DATA,A001,3,184,409055,-0.2452,0.9739,0.2687,27.8320,70.3125,-24.7803,1.0396,,
DATA,A001,3,185,409065,-0.2621,0.9808,0.2806,29.6631,73.4863,-28.6255,1.0533,,
DATA,A001,3,186,409075,-0.2889,0.9996,0.3009,34.0576,74.4629,-33.2031,1.0831,,
DATA,A001,3,187,409085,-0.3094,1.0213,0.3238,36.8652,73.0591,-35.8276,1.1152,,
DATA,A001,3,188,409095,-0.3404,1.0716,0.3661,40.2222,68.3594,-39.0015,1.1825,,
DATA,A001,3,189,409105,-0.3500,1.1170,0.3915,41.6260,64.6973,-41.3208,1.2343,,
DATA,A001,3,190,409115,-0.3629,1.1978,0.3658,39.6118,60.9131,-45.5322,1.3040,,
DATA,A001,3,191,409125,-0.3644,1.2400,0.3295,35.4614,58.9600,-49.3164,1.3338,,
DATA,A001,3,192,409135,-0.3353,1.2725,0.2706,28.3203,56.8237,-58.7769,1.3435,,
DATA,A001,3,193,409145,-0.3395,1.2889,0.2274,26.0010,54.0771,-65.9790,1.3521,,
DATA,A001,3,194,409155,-0.3465,1.3760,0.1866,31.8604,49.0112,-75.9888,1.4312,,
DATA,A001,3,195,409165,-0.3387,1.4791,0.1849,35.6445,44.3115,-84.7778,1.5286,,
DATA,A001,3,196,409175,-0.3033,1.5504,0.1791,24.5361,36.5601,-101.3794,1.5899,,
DATA,A001,3,197,409185,-0.2831,1.4962,0.1608,8.7891,30.4565,-112.8540,1.5312,,
DATA,A001,3,198,409195,-0.2757,1.3892,0.1278,-3.2349,23.9868,-123.8403,1.4221,,
DATA,A001,3,199,409205,-0.2569,1.2857,0.0851,0.3662,15.8691,-140.5640,1.3139,,
DATA,A001,3,200,409215,-0.2391,1.2994,0.0594,12.2070,14.2822,-150.7568,1.3225,,
DATA,A001,3,201,409225,-0.2462,1.4024,0.0411,24.2920,14.7095,-162.7808,1.4244,,
DATA,A001,3,202,409235,-0.2909,1.4839,0.0397,26.1230,14.2822,-172.2412,1.5127,,
DATA,A001,3,203,409245,-0.3309,1.5096,0.0326,24.4141,9.8877,-177.7954,1.5458,,
DATA,A001,3,204,409255,-0.3622,1.5074,0.0131,21.6064,1.4648,-182.2510,1.5503,,
DATA,A001,3,205,409265,-0.3951,1.4859,-0.0104,18.6768,-15.8081,-187.5610,1.5376,,
DATA,A001,3,206,409275,-0.3995,1.4896,-0.0245,19.9585,-26.2451,-190.9180,1.5424,,
DATA,A001,3,207,409285,-0.4213,1.4979,-0.0431,22.7661,-36.0107,-195.0073,1.5566,,
DATA,A001,3,208,409295,-0.4542,1.4715,-0.0560,21.1182,-38.8184,-199.2798,1.5410,,
DATA,A001,3,209,409305,-0.5389,1.3746,-0.1005,15.8081,-44.2505,-207.4585,1.4799,,
DATA,A001,3,210,409315,-0.6478,1.2916,-0.1229,17.2119,-52.7344,-213.6230,1.4501,,
DATA,A001,3,211,409325,-0.7169,1.2015,-0.1823,27.2217,-81.6650,-227.1729,1.4109,,
DATA,A001,3,212,409335,-0.7086,1.1905,-0.1679,34.9731,-101.8066,-235.2295,1.3955,,
DATA,A001,3,213,409345,-0.6637,1.2203,-0.1666,42.8467,-131.4697,-246.5820,1.3990,,
DATA,A001,3,214,409355,-0.6268,1.2476,-0.1527,43.3350,-147.7051,-253.6621,1.4046,,
DATA,A001,3,215,409365,-0.5714,1.2632,-0.1322,37.9028,-165.4053,-260.6812,1.3928,,
DATA,A001,3,216,409375,-0.5387,1.2427,-0.1220,33.0200,-170.4102,-265.1367,1.3599,,
DATA,A001,3,217,409385,-0.5001,1.1956,-0.1083,26.1841,-170.2271,-271.2402,1.3005,,
DATA,A001,3,218,409395,-0.4715,1.1570,-0.0997,23.4375,-165.4663,-274.5972,1.2534,,
DATA,A001,3,219,409405,-0.4510,1.1109,-0.1054,21.1182,-150.3296,-278.4424,1.2036,,
DATA,A001,3,220,409415,-0.4425,1.0772,-0.1122,18.9209,-139.4043,-279.2358,1.1699,,
DATA,A001,3,221,409425,-0.4425,1.0057,-0.1251,14.3433,-125.7324,-276.0620,1.1058,,
DATA,A001,3,222,409435,-0.4498,0.9532,-0.1317,11.3525,-118.5913,-272.8271,1.0622,,
DATA,A001,3,223,409445,-0.4339,0.8770,-0.1329,8.6670,-109.2529,-267.5171,0.9875,,
DATA,A001,3,224,409455,-0.4210,0.8392,-0.1349,9.1553,-102.4170,-262.6953,0.9485,,
DATA,A001,3,225,409465,-0.4010,0.8079,-0.1366,11.9019,-88.6841,-253.6621,0.9122,,
DATA,A001,3,226,409475,-0.3915,0.7903,-0.1349,13.4888,-78.5522,-246.3379,0.8922,,
DATA,A001,3,227,409485,-0.3890,0.7645,-0.1159,13.6108,-67.3218,-232.2388,0.8655,,
DATA,A001,3,228,409495,-0.3915,0.7388,-0.1019,11.4746,-62.9883,-222.1069,0.8423,,
DATA,A001,3,229,409505,-0.3915,0.6849,-0.0895,7.2632,-60.6689,-206.4819,0.7939,,
DATA,A001,3,230,409515,-0.3815,0.6548,-0.0892,5.4932,-60.8521,-195.5566,0.7631,,
DATA,A001,3,231,409525,-0.3741,0.6170,-0.0856,5.8594,-62.0728,-183.4717,0.7266,,
DATA,A001,3,232,409535,-0.3761,0.5867,-0.0814,8.9111,-66.1011,-163.8184,0.7017,,
DATA,A001,3,233,409545,-0.3797,0.5755,-0.0875,12.1460,-68.1763,-150.4517,0.6950,,
DATA,A001,3,234,409555,-0.3890,0.5674,-0.0685,17.3340,-67.5049,-132.6904,0.6914,,
DATA,A001,3,235,409565,-0.4029,0.5721,-0.0468,21.3623,-65.2466,-120.7275,0.7013,,
DATA,A001,3,236,409575,-0.4405,0.5999,-0.0160,28.4424,-65.0024,-100.0977,0.7445,,
DATA,A001,3,237,409585,-0.4552,0.6378,0.0033,32.2876,-69.5190,-84.4116,0.7835,,
DATA,A001,3,238,409595,-0.4374,0.7017,0.0052,34.7900,-80.7495,-58.2886,0.8269,,
DATA,A001,3,239,409605,-0.4117,0.7293,-0.0060,33.9966,-87.0361,-40.2222,0.8375,,
DATA,A001,3,240,409615,-0.3651,0.7471,-0.0248,31.6162,-89.2944,-14.2212,0.8319,,
DATA,A001,3,241,409625,-0.3402,0.7274,-0.0326,31.0059,-84.8999,2.1973,0.8036,,
DATA,A001,3,242,409635,-0.3473,0.6590,-0.0238,33.0811,-75.0732,25.5127,0.7453,,
DATA,A001,3,243,409645,-0.3609,0.6043,0.0011,37.4756,-67.3828,39.0015,0.7039,,
DATA,A001,3,244,409655,-0.3946,0.5552,0.0858,48.8281,-58.5327,54.9316,0.6866,,
DATA,A001,3,245,409665,-0.4208,0.5897,0.1276,58.8989,-54.4434,66.9556,0.7355,,
DATA,A001,3,246,409675,-0.4532,0.7352,0.1388,70.4346,-47.6074,85.8765,0.8747,,
DATA,A001,3,247,409685,-0.4510,0.8299,0.1363,70.7397,-40.7715,96.6187,0.9543,,
DATA,A001,3,248,409695,-0.4357,0.8755,0.1327,61.5234,-31.4941,110.9009,0.9869,,
DATA,A001,3,249,409705,-0.4186,0.8318,0.1276,54.6265,-28.9917,119.5068,0.9399,,
DATA,A001,3,250,409715,-0.3898,0.7278,0.1217,51.6357,-29.5410,130.4932,0.8345,,
DATA,A001,3,251,409725,-0.3702,0.6700,0.1329,55.6030,-31.9214,136.3525,0.7769,,
DATA,A001,3,252,409735,-0.3500,0.6304,0.1866,66.3452,-36.5601,143.7988,0.7448,,
DATA,A001,3,253,409745,-0.3402,0.6441,0.2423,73.0591,-40.2832,148.9868,0.7677,,
DATA,A001,3,254,409755,-0.3099,0.7176,0.3046,79.1016,-42.4194,158.2031,0.8389,,
DATA,A001,3,255,409765,-0.2706,0.7811,0.3197,79.5288,-41.0767,164.5508,0.8863,,
DATA,A001,3,256,409775,-0.2001,0.8350,0.3236,76.7212,-32.1045,174.1943,0.9176,,
DATA,A001,3,257,409785,-0.1610,0.8538,0.3287,74.7681,-19.2261,180.4810,0.9290,,
DATA,A001,3,258,409795,-0.1161,0.8626,0.3302,73.9746,10.9863,188.5986,0.9309,,
DATA,A001,3,259,409805,-0.1112,0.8841,0.3165,75.3784,35.4004,194.3359,0.9456,,
DATA,A001,3,260,409815,-0.1295,0.9422,0.2867,80.5054,71.5942,204.7729,0.9933,,
DATA,A001,3,261,409825,-0.1588,0.9932,0.2880,83.2520,93.4448,210.6323,1.0462,,
DATA,A001,3,262,409835,-0.2076,1.0726,0.3075,81.6650,119.7510,216.7358,1.1349,,
DATA,A001,3,263,409845,-0.2272,1.1070,0.3287,76.3550,131.2866,218.5669,1.1769,,
DATA,A001,3,264,409855,-0.2709,1.1107,0.3434,65.9790,141.1133,218.6890,1.1937,,
DATA,A001,3,265,409865,-0.2965,1.0938,0.3497,59.6924,144.7754,217.3462,1.1860,,
DATA,A001,3,266,409875,-0.3175,1.0723,0.3551,55.2979,147.9492,215.5151,1.1734,,
DATA,A001,3,267,409885,-0.3483,1.0523,0.3522,51.3916,150.8789,213.3179,1.1630,,
DATA,A001,3,268,409895,-0.3751,1.0347,0.3573,49.2554,151.0620,212.3413,1.1572,,
DATA,A001,3,269,409905,-0.4234,1.0157,0.3639,45.3491,147.7051,209.8389,1.1590,,
DATA,A001,3,270,409915,-0.4488,0.9993,0.3656,42.4194,142.5781,207.7026,1.1549,,
DATA,A001,3,271,409925,-0.4886,0.9783,0.3641,39.6729,129.0894,205.0171,1.1526,,
DATA,A001,3,272,409935,-0.4964,0.9888,0.3783,39.6118,117.7368,203.2471,1.1693,,
DATA,A001,3,273,409945,-0.5257,1.0233,0.3585,38.7573,101.8066,198.9136,1.2050,,
DATA,A001,3,274,409955,-0.5494,1.0489,0.3898,37.3535,94.9097,193.4204,1.2466,,
DATA,A001,3,275,409965,-0.5358,1.0840,0.3861,31.7993,85.7544,186.3403,1.2694,,
DATA,A001,3,276,409975,-0.5096,1.0953,0.3756,26.6724,79.5898,181.7627,1.2651,,
DATA,A001,3,277,409985,-0.5201,1.0777,0.3751,19.2871,83.2520,170.8984,1.2541,,
DATA,A001,3,278,409995,-0.5541,1.0513,0.3663,14.4653,87.3413,162.4756,1.2436,,
DATA,A001,3,279,410005,-0.6117,0.9876,0.3675,6.8970,79.5898,152.4048,1.2184,,
DATA,A001,3,280,410015,-0.6031,0.9564,0.3951,4.8218,65.3687,147.2168,1.1977,,
DATA,A001,3,281,410025,-0.6532,0.9329,0.3881,6.7139,40.4663,137.0850,1.2032,,
DATA,A001,3,282,410035,-0.7154,0.9376,0.3856,8.6060,19.1040,126.6479,1.2408,,
DATA,A001,3,283,410045,-0.7220,0.9368,0.4120,8.4229,-18.9209,110.7178,1.2525,,
DATA,A001,3,284,410055,-0.6832,0.9356,0.4154,6.9580,-41.3818,101.1963,1.2307,,
DATA,A001,3,285,410065,-0.6080,0.9280,0.4169,6.8359,-67.9932,85.4492,1.1852,,
DATA,A001,3,286,410075,-0.5607,0.9407,0.4354,7.4463,-73.5474,74.1577,1.1785,,
DATA,A001,3,287,410085,-0.4964,0.9888,0.4144,5.3711,-68.9087,56.7017,1.1815,,
DATA,A001,3,288,410095,-0.4671,1.0159,0.3683,1.6479,-58.5938,44.7388,1.1773,,
DATA,A001,3,289,410105,-0.4303,1.0406,0.3011,-3.0518,-37.5366,27.0386,1.1656,,
DATA,A001,3,290,410115,-0.4200,1.0508,0.2657,-5.1880,-22.5830,15.5640,1.1625,,
DATA,A001,3,291,410125,-0.4032,1.0530,0.2318,-8.1787,-1.5869,-1.7090,1.1512,,
DATA,A001,3,292,410135,-0.4007,1.0469,0.2176,-9.1553,10.6812,-13.2446,1.1419,,
DATA,A001,3,293,410145,-0.4447,1.1097,0.1732,-4.0283,22.2778,-28.9917,1.2079,,
DATA,A001,3,294,410155,-0.4818,1.2762,0.1302,8.0566,29.2969,-37.6587,1.3703,,
DATA,A001,3,295,410165,-0.4786,1.6368,0.0538,23.1323,35.3394,-49.9878,1.7062,,
DATA,A001,3,296,410175,-0.4603,1.8538,0.0507,21.3013,41.0156,-56.0303,1.9108,,
DATA,A001,3,297,410185,-0.4400,1.8885,0.0797,-7.3242,50.0488,-62.0117,1.9407,,
DATA,A001,3,298,410195,-0.4393,1.6463,0.0895,-33.3252,55.0537,-66.4062,1.7063,,
DATA,A001,3,299,410205,-0.4488,1.2200,0.1012,-44.8608,58.7769,-78.9795,1.3039,,
DATA,A001,3,300,410215,-0.4498,1.0792,0.0856,-28.7476,60.4858,-90.0879,1.1723,,
DATA,A001,3,301,410225,-0.4357,1.0943,0.0648,-5.0659,62.0728,-101.6846,1.1796,,
DATA,A001,3,302,410235,-0.4042,1.2899,0.0116,19.5923,64.2090,-117.9810,1.3517,,
DATA,A001,3,303,410245,-0.3827,1.4175,-0.0289,25.0854,64.8804,-128.6011,1.4686,,
DATA,A001,3,304,410255,-0.3517,1.5067,-0.0333,26.0010,59.9976,-141.8457,1.5475,,
DATA,A001,3,305,410265,-0.3461,1.4781,-0.0536,21.9116,53.7109,-147.0337,1.5190,,
DATA,A001,3,306,410275,-0.3226,1.3377,-0.1320,12.5122,41.3818,-152.2217,1.3824,,
DATA,A001,3,307,410285,-0.2892,1.2396,-0.2035,11.9629,32.2876,-155.0293,1.2890,,
DATA,A001,3,308,410295,-0.2491,1.1641,-0.3099,28.2593,19.0430,-154.9072,1.2302,,
DATA,A001,3,309,410305,-0.2335,1.1619,-0.3512,42.7856,11.5356,-152.5269,1.2361,,
DATA,A001,3,310,410315,-0.2447,1.1736,-0.3527,57.1289,1.2207,-148.1323,1.2497,,
DATA,A001,3,311,410325,-0.2677,1.1573,-0.3334,61.6455,-6.7749,-145.2637,1.2337,,
DATA,A001,3,312,410335,-0.3089,1.1024,-0.2833,67.1387,-23.9258,-141.0522,1.1794,,
DATA,A001,3,313,410345,-0.3243,1.0567,-0.2567,70.9229,-40.1611,-138.7939,1.1348,,
DATA,A001,3,314,410355,-0.3082,1.0071,-0.2116,76.1108,-67.6270,-135.6201,1.0743,,
DATA,A001,3,315,410365,-0.2906,0.9739,-0.1915,77.7588,-85.4492,-133.1787,1.0343,,
DATA,A001,3,316,410375,-0.2728,0.9014,-0.1710,77.9419,-110.3516,-128.7231,0.9572,,
DATA,A001,3,317,410385,-0.2662,0.8516,-0.1588,77.8198,-125.1831,-125.1831,0.9063,,
DATA,A001,3,318,410395,-0.2689,0.7754,-0.1483,79.6509,-146.0571,-120.1172,0.8340,,
DATA,A001,3,319,410405,-0.2731,0.7398,-0.1522,81.2988,-158.9355,-116.6382,0.8031,,
DATA,A001,3,320,410415,-0.2767,0.7098,-0.1593,83.1299,-178.7720,-111.9995,0.7783,,
DATA,A001,3,321,410425,-0.2804,0.7003,-0.1644,84.0454,-191.2842,-108.7646,0.7720,,
DATA,A001,3,322,410435,-0.2745,0.7042,-0.1791,83.0688,-208.3740,-103.9429,0.7767,,
DATA,A001,3,323,410445,-0.2696,0.7095,-0.1884,80.5054,-218.0786,-101.3794,0.7821,,
DATA,A001,3,324,410455,-0.2440,0.7086,-0.2062,74.6460,-229.1260,-97.5342,0.7772,,
DATA,A001,3,325,410465,-0.2330,0.7044,-0.2167,70.1294,-233.8867,-94.7266,0.7729,,
DATA,A001,3,326,410475,-0.2091,0.6981,-0.2333,63.7817,-236.6333,-90.2710,0.7651,,
DATA,A001,3,327,410485,-0.1888,0.7122,-0.2553,61.2793,-233.6426,-86.7920,0.7798,,
DATA,A001,3,328,410495,-0.1500,0.7737,-0.2880,60.4248,-220.6421,-80.4443,0.8391,,
DATA,A001,3,329,410505,-0.1234,0.8421,-0.3080,60.7300,-203.7964,-76.0498,0.9051,,
DATA,A001,3,330,410515,-0.0890,0.9505,-0.3305,59.6924,-168.0908,-69.7021,1.0102,,
DATA,A001,3,331,410525,-0.0841,1.0074,-0.3334,57.8003,-142.7002,-64.5752,1.0644,,
DATA,A001,3,332,410535,-0.1149,1.0692,-0.3197,51.8799,-109.1309,-55.0537,1.1218,,
DATA,A001,3,333,410545,-0.1532,1.0865,-0.2970,47.4854,-91.1255,-48.4619,1.1367,,
DATA,A001,3,334,410555,-0.1957,1.0884,-0.2694,42.4805,-79.7729,-42.2974,1.1382,,
DATA,A001,3,335,410565,-0.2345,1.0733,-0.2413,34.4849,-72.2046,-35.3394,1.1248,,
DATA,A001,3,336,410575,-0.2430,1.0713,-0.2323,30.5176,-69.3359,-32.2266,1.1229,,
DATA,A001,3,337,410585,-0.2257,1.0826,-0.2177,27.8320,-62.9272,-28.9307,1.1271,,
DATA,A001,3,338,410595,-0.2159,1.0943,-0.2211,26.5503,-55.1758,-27.4658,1.1371,,
DATA,A001,3,339,410605,-0.2262,1.1058,-0.2189,23.6206,-41.9922,-25.5737,1.1497,,
DATA,A001,3,340,410615,-0.2438,1.1107,-0.2194,23.1323,-34.4849,-24.6582,1.1581,,
DATA,A001,3,341,410625,-0.2970,1.1155,-0.2233,23.8647,-29.9072,-23.6206,1.1758,,
DATA,A001,3,342,410635,-0.3309,1.1160,-0.2150,25.0244,-31.6772,-23.3765,1.1837,,
DATA,A001,3,343,410645,-0.3600,1.1065,-0.1845,24.7803,-39.4287,-24.7192,1.1781,,
DATA,A001,3,344,410655,-0.3741,1.1053,-0.1356,23.7427,-47.6685,-26.0010,1.1747,,
DATA,A001,3,345,410665,-0.3443,1.1675,-0.1425,25.5127,-56.2134,-24.7803,1.2256,,
DATA,A001,3,346,410675,-0.2858,1.2579,-0.1515,31.5552,-58.1055,-22.7051,1.2988,,
DATA,A001,3,347,410685,-0.2079,1.3968,-0.1813,38.5742,-44.2505,-18.4326,1.4238,,
DATA,A001,3,348,410695,-0.1888,1.4283,-0.1720,38.2080,-28.5645,-15.2588,1.4509,,
DATA,A001,3,349,410705,-0.2447,1.3394,-0.1176,30.5786,-4.0894,-9.8267,1.3667,,
DATA,A001,3,350,410715,-0.3207,1.2122,-0.0673,25.6958,10.3149,-6.8359,1.2557,,
DATA,A001,3,351,410725,-0.4361,1.0357,0.0238,31.9214,20.0195,-3.3569,1.1240,,
DATA,A001,3,352,410735,-0.4940,0.9691,0.0904,42.6636,18.9209,-3.1738,1.0915,,
DATA,A001,3,353,410745,-0.5243,0.9280,0.1688,54.0161,13.5498,-5.9204,1.0792,,
DATA,A001,3,354,410755,-0.5028,0.9212,0.1749,55.4810,9.1553,-9.4604,1.0640,,
DATA,A001,3,355,410765,-0.4542,0.8980,0.1886,55.7251,-1.2817,-15.6250,1.0239,,
DATA,A001,3,356,410775,-0.4400,0.8863,0.1774,57.4341,-6.9580,-18.1274,1.0053,,
DATA,A001,3,357,410785,-0.4554,0.8687,0.1525,58.2886,-18.0664,-20.6909,0.9926,,
DATA,A001,3,358,410795,-0.4781,0.8455,0.1329,57.8613,-28.0151,-22.7051,0.9804,,
DATA,A001,3,359,410805,-0.5206,0.8257,0.1266,57.9834,-46.2036,-25.6348,0.9843,,
DATA,A001,3,360,410815,-0.5511,0.8194,0.1293,58.6548,-60.3027,-27.8931,0.9959,,
DATA,A001,3,361,410825,-0.5580,0.8284,0.1490,57.9224,-80.3223,-31.8604,1.0099,,
DATA,A001,3,362,410835,-0.5380,0.8355,0.1717,55.6030,-91.4917,-34.4238,1.0084,,
DATA,A001,3,363,410845,-0.4977,0.8294,0.1879,50.0488,-100.7690,-37.7808,0.9853,,
DATA,A001,3,364,410855,-0.4532,0.8104,0.1774,45.7764,-100.1587,-39.9780,0.9453,,
DATA,A001,3,365,410865,-0.4059,0.7559,0.1715,40.2222,-90.7593,-41.3208,0.8750,,
DATA,A001,3,366,410875,-0.3922,0.7181,0.1844,39.0625,-80.4443,-41.0156,0.8387,,
DATA,A001,3,367,410885,-0.3846,0.6639,0.2089,39.6118,-64.8193,-40.0391,0.7952,,
DATA,A001,3,368,410895,-0.3893,0.6417,0.2235,40.1001,-55.8472,-39.0015,0.7831,,
DATA,A001,3,369,410905,-0.3951,0.6241,0.2399,40.0391,-49.3774,-37.4146,0.7766,,
DATA,A001,3,370,410915,-0.4027,0.6089,0.2530,38.3911,-41.9312,-34.4849,0.7727,,
DATA,A001,3,371,410925,-0.4066,0.6019,0.2474,36.5601,-38.3301,-32.2876,0.7673,,
DATA,A001,3,372,410935,-0.4003,0.5994,0.2267,33.9355,-34.1187,-28.0762,0.7556,,
DATA,A001,3,373,410945,-0.3976,0.5989,0.2130,32.5928,-30.2734,-24.1089,0.7498,,
DATA,A001,3,374,410955,-0.3900,0.6058,0.1901,31.1279,-20.6909,-17.6392,0.7451,,
DATA,A001,3,375,410965,-0.3924,0.6111,0.1788,29.7852,-11.4746,-13.7329,0.7480,,
DATA,A001,3,376,410975,-0.3834,0.6177,0.1420,26.6724,7.0190,-7.9956,0.7408,,
DATA,A001,3,377,410985,-0.3846,0.6268,0.1078,25.6958,20.4468,-2.3193,0.7432,,
DATA,A001,3,378,410995,-0.4100,0.6522,0.0719,28.3203,39.4897,9.3384,0.7737,,
DATA,A001,3,379,411005,-0.4593,0.6827,0.0577,31.9824,49.0723,18.1885,0.8248,,
DATA,A001,3,380,411015,-0.6202,0.7381,0.0524,37.7808,54.3213,28.3203,0.9655,,
DATA,A001,3,381,411025,-0.7604,0.7767,0.0873,41.5649,47.1191,30.6396,1.0904,,
DATA,A001,3,382,411035,-0.9794,0.8653,0.1835,48.2178,14.8926,25.9399,1.3197,,
DATA,A001,3,383,411045,-1.0768,0.9442,0.2535,50.9644,-12.8174,16.6016,1.4543,,
DATA,A001,3,384,411055,-1.1005,1.0623,0.3895,46.3867,-61.3403,-4.0283,1.5784,,
DATA,A001,3,385,411065,-1.0570,1.1075,0.4383,35.3394,-91.1865,-22.0337,1.5924,,
DATA,A001,3,386,411075,-0.9984,1.0892,0.4313,11.9019,-147.0947,-49.6216,1.5392,,
DATA,A001,3,387,411085,-0.9625,1.0455,0.3898,0.4883,-187.5000,-66.2231,1.4735,,
DATA,A001,3,388,411095,-0.9178,1.0032,0.3509,-5.9814,-263.0005,-87.7686,1.4043,,
DATA,A001,3,389,411105,-0.8524,1.0054,0.2804,-7.9956,-309.2041,-99.3042,1.3476,,
DATA,A001,3,390,411115,-0.6244,1.0372,0.2111,-15.4419,-360.4736,-116.7603,1.2289,,
DATA,A001,3,391,411125,-0.4845,1.0765,0.1673,-22.3999,-368.6523,-127.4414,1.1923,,
DATA,A001,3,392,411135,-0.4364,1.1685,0.1122,-31.6162,-351.4404,-135.2539,1.2524,,
DATA,A001,3,393,411145,-0.5497,1.2491,0.0653,-38.2690,-340.0879,-134.1553,1.3662,,
DATA,A001,3,394,411155,-0.7428,1.4468,0.0704,-49.7437,-350.6470,-126.3428,1.6279,,
DATA,A001,3,395,411165,-0.7823,1.5718,0.0467,-59.5093,-377.2583,-115.2954,1.7564,,
DATA,A001,3,396,411175,-0.9159,1.6956,-0.0158,-85.4492,-447.5098,-98.8159,1.9272,,
DATA,A001,3,397,411185,-0.9188,1.6793,-0.0306,-93.9331,-489.2578,-92.1021,1.9144,,
DATA,A001,3,398,411195,-0.7980,1.6009,0.0372,-102.1729,-553.2837,-81.4819,1.7891,,
DATA,A001,3,399,411205,-0.5961,1.4712,0.1151,-102.4170,-572.9980,-76.3550,1.5916,,
DATA,A001,3,400,411215,-0.1236,1.2877,0.2633,-99.1821,-555.1147,-74.2798,1.3201,,
DATA,A001,3,401,411225,0.1996,1.2520,0.3451,-98.7549,-507.6904,-74.7681,1.3139,,
DATA,A001,3,402,411235,0.5158,1.2640,0.3817,-109.3140,-398.5596,-94.4214,1.4175,,
DATA,A001,3,403,411245,0.5468,1.2225,0.4090,-108.2764,-326.5381,-90.3931,1.4003,,
DATA,A001,3,404,411255,0.4628,1.0906,0.4237,-115.3564,-221.4355,-99.4263,1.2582,,
DATA,A001,3,405,411265,0.3876,0.9881,0.4960,-109.4971,-174.1943,-102.8442,1.1716,,
DATA,A001,3,406,411275,0.3019,0.9254,0.5941,-100.7690,-136.7798,-102.9053,1.1403,,
DATA,A001,3,407,411285,0.1984,0.8577,0.6893,-93.8721,-88.9893,-99.4873,1.1181,,
DATA,A001,3,408,411295,0.1203,0.8216,0.7130,-93.0176,-60.3638,-96.2524,1.0945,,
DATA,A001,3,409,411305,-0.0094,0.7501,0.7284,-92.5903,-22.8271,-90.0269,1.0456,,
DATA,A001,3,410,411315,-0.0890,0.7100,0.7616,-92.4072,-5.5542,-87.7686,1.0450,,
DATA,A001,3,411,411325,-0.2594,0.6912,0.6634,-94.9097,7.4463,-87.4634,0.9926,,
DATA,A001,3,412,411335,-0.4049,0.7274,0.5636,-95.0928,-3.4790,-95.6421,1.0053,,
DATA,A001,3,413,411345,-0.3661,0.6111,0.4784,-89.7217,-46.5698,-94.4824,0.8581,,
DATA,A001,3,414,411355,-0.2682,0.5870,0.4586,-80.9937,-69.8853,-81.8481,0.7917,,
DATA,A001,3,415,411365,-0.1024,0.5406,0.5804,-75.0732,-91.0034,-69.1528,0.7998,,
DATA,A001,3,416,411375,-0.0206,0.4996,0.6276,-76.9043,-96.4355,-66.2842,0.8024,,
DATA,A001,3,417,411385,0.0656,0.4178,0.6388,-77.6978,-94.7876,-60.3638,0.7661,,
DATA,A001,3,418,411395,0.1090,0.3738,0.6078,-74.7681,-88.8062,-56.3965,0.7218,,
DATA,A001,3,419,411405,0.0726,0.3270,0.5873,-67.5659,-77.5757,-51.6968,0.6761,,
DATA,A001,3,420,411415,0.0277,0.2862,0.5790,-61.9507,-69.7021,-50.5981,0.6464,,
DATA,A001,3,421,411425,-0.0104,0.2288,0.6156,-50.9033,-59.8145,-48.0347,0.6568,,
DATA,A001,3,422,411435,-0.0170,0.1932,0.6271,-42.3584,-58.1055,-44.0063,0.6564,,
DATA,A001,3,423,411445,-0.0028,0.1858,0.6488,-30.0293,-61.0962,-36.8042,0.6749,,
DATA,A001,3,424,411455,0.0265,0.1917,0.6886,-23.3154,-62.6221,-34.9121,0.7153,,
DATA,A001,3,425,411465,0.0265,0.2237,0.7513,-15.8691,-62.0117,-32.2266,0.7844,,
DATA,A001,3,426,411475,0.0270,0.2298,0.7145,-12.6343,-57.3730,-33.9355,0.7510,,
DATA,A001,3,427,411485,0.0089,0.1978,0.7687,-4.8828,-54.5654,-34.3018,0.7938,,
DATA,A001,3,428,411495,-0.0030,0.1937,0.7855,1.2207,-52.4292,-32.5928,0.8090,,
DATA,A001,3,429,411505,-0.0209,0.1844,0.7887,9.3994,-56.2744,-30.2734,0.8102,,
DATA,A001,3,430,411515,-0.0455,0.2139,0.8329,15.8691,-62.4390,-28.0151,0.8611,,
DATA,A001,3,431,411525,-0.0340,0.2750,0.8099,20.8740,-71.8384,-23.0713,0.8560,,
DATA,A001,3,432,411535,-0.0104,0.2767,0.8016,23.4985,-79.4067,-19.2871,0.8481,,
DATA,A001,3,433,411545,-0.1505,0.4446,0.7967,32.2266,-84.9609,-15.3198,0.9247,,
DATA,A001,3,434,411555,0.0575,0.3699,0.8922,32.0435,-93.6279,-25.2075,0.9676,,
DATA,A001,3,435,411565,0.0983,0.2889,0.9156,23.3765,-87.8296,12.2070,0.9651,,
DATA,A001,3,436,411575,0.1383,0.2510,0.9239,23.7427,-75.3784,7.6904,0.9674,,
DATA,A001,3,437,411585,0.1527,0.2591,0.9293,29.1748,-63.2324,6.2866,0.9768,,
DATA,A001,3,438,411595,0.1810,0.2730,0.9217,37.7808,-56.2744,17.6392,0.9782,,
DATA,A001,3,439,411605,0.2826,0.3050,0.8915,47.9736,-38.8794,30.2734,0.9837,,
DATA,A001,3,440,411615,0.3273,0.3213,0.8651,52.7344,-6.7749,46.4478,0.9792,,
DATA,A001,3,441,411625,0.2982,0.2877,0.8426,48.2178,13.7329,48.5840,0.9390,,
DATA,A001,3,442,411635,0.2079,0.2422,0.8292,45.0439,39.2456,59.8755,0.8885,,
DATA,A001,3,443,411645,-0.3756,0.7518,0.8815,34.2407,37.7808,51.2085,1.2179,,
DATA,A001,3,444,411655,-0.1495,0.5154,0.8895,-1.0986,-18.0054,53.4058,1.0389,,
DATA,A001,3,445,411665,0.0011,0.2679,0.9813,7.8735,-40.0391,37.7808,1.0172,,
DATA,A001,3,446,411675,0.1007,0.2894,0.9923,6.3477,-59.1431,55.6030,1.0385,,
DATA,A001,3,447,411685,0.2174,0.2764,1.0582,6.0425,-49.3164,54.2603,1.1151,,
DATA,A001,3,448,411695,0.2816,0.2689,1.0619,23.0713,-7.8125,62.4390,1.1310,,
DATA,A001,3,449,411705,0.2372,0.2222,0.9288,47.4854,29.6021,70.6177,0.9841,,
DATA,A001,3,450,411715,0.0287,0.5899,0.9537,114.9902,30.8838,68.2373,1.1218,,
DATA,A001,3,451,411725,0.0526,0.8570,0.9549,90.0879,39.9170,62.9883,1.2842,,
DATA,A001,3,452,411735,0.1293,0.6805,0.8868,26.1230,46.9971,50.2930,1.1253,,
DATA,A001,3,453,411745,0.1564,0.6512,0.8785,25.1465,60.5469,41.6870,1.1047,,
DATA,A001,3,454,411755,0.0729,0.6307,0.8046,-13.4888,31.1890,21.9116,1.0249,,
DATA,A001,3,455,411765,0.0226,0.4854,0.9486,-11.8408,38.5742,15.5029,1.0658,,
DATA,A001,3,456,411775,0.0624,0.5442,0.9628,-5.1880,6.2256,27.8320,1.1077,,
DATA,A001,3,457,411785,0.0814,0.6841,0.9630,-3.6621,-2.9297,30.7617,1.1841,,
DATA,A001,3,458,411795,0.0914,0.5513,0.9444,-8.0566,-17.9443,24.8413,1.0974,,
DATA,A001,3,459,411805,0.2059,0.5618,0.9808,-11.1694,-14.7705,29.2969,1.1489,,
DATA,A001,3,460,411815,0.1813,0.6646,1.0463,-37.1094,-4.0894,35.0952,1.2527,,
DATA,A001,3,461,411825,0.1432,0.6656,1.0189,-54.9316,5.6152,32.2266,1.2254,,
DATA,A001,3,462,411835,0.0836,1.0818,0.9940,-74.5850,-0.3052,25.2075,1.4715,,
DATA,A001,3,463,411845,0.0726,0.5962,1.0646,-92.0410,-8.3008,17.3340,1.2223,,
DATA,A001,3,464,411855,0.2829,0.4371,0.9442,-102.7832,1.4648,7.5073,1.0782,,
DATA,A001,3,465,411865,0.4105,0.2007,0.8551,-92.5293,23.3765,11.4136,0.9695,,
DATA,A001,3,466,411875,0.3915,0.0272,0.7286,-50.6592,40.6494,17.3340,0.8276,,
DATA,A001,3,467,411885,0.3082,0.0672,0.6940,-25.8789,48.7061,17.7612,0.7623,,
DATA,A001,3,468,411895,0.1845,0.1514,0.6891,13.4888,50.6592,22.8271,0.7292,,
DATA,A001,3,469,411905,0.1259,0.2820,0.6954,36.0107,38.4521,23.2544,0.7609,,
DATA,A001,3,470,411915,0.1017,0.4105,0.7152,47.0581,21.1182,16.7236,0.8309,,
DATA,A001,3,471,411925,0.1393,0.5076,0.7855,46.9971,-6.3477,11.9629,0.9456,,
DATA,A001,3,472,411935,0.1127,0.5005,0.8475,39.3066,-22.6440,10.9253,0.9907,,
DATA,A001,3,473,411945,0.1962,0.3817,0.8841,31.6772,-45.7764,10.7422,0.9828,,
DATA,A001,3,474,411955,0.2370,0.3607,0.8712,36.0107,-54.0771,11.6577,0.9722,,
DATA,A001,3,475,411965,0.1981,0.4661,0.9564,28.6865,-52.0630,3.8452,1.0822,,
DATA,A001,3,476,411975,0.1271,0.5174,0.9589,18.1274,-52.3682,-7.6294,1.0969,,
DATA,A001,3,477,411985,0.1825,0.5430,0.9545,10.1929,-39.8560,-19.1040,1.1132,,
DATA,A001,3,478,411995,0.2077,0.4578,0.9056,0.3052,-31.7993,-28.0151,1.0358,,
DATA,A001,3,479,412005,0.3732,0.2911,0.8876,5.7983,-18.2495,-27.0996,1.0059,,
DATA,A001,3,480,412015,0.3900,0.3294,0.8866,5.4932,-8.3618,-23.0103,1.0231,,
DATA,A001,3,481,412025,0.3053,0.4649,1.5362,2.6855,5.4321,-14.9536,1.6338,,
DATA,A001,3,482,412035,0.3290,0.4500,0.9259,6.7139,8.2397,-9.3384,1.0808,,
DATA,A001,3,483,412045,0.1830,0.4561,0.9791,-5.9204,9.3994,-2.4414,1.0955,,
DATA,A001,3,484,412055,0.1935,0.3526,0.9430,-13.0615,7.9346,-7.0190,1.0252,,
DATA,A001,3,485,412065,0.3207,0.3870,0.9882,-10.8032,6.0425,2.3804,1.1086,,
DATA,A001,3,486,412075,0.2650,0.4046,0.9401,-14.8926,14.0991,-2.9297,1.0572,,
DATA,A001,3,487,412085,0.2797,0.4581,0.9205,-7.9956,22.8271,-1.4038,1.0656,,
DATA,A001,3,488,412095,0.2335,0.4925,0.9318,-7.2632,22.3389,-0.1221,1.0795,,
DATA,A001,3,489,412105,0.3085,0.5296,0.9354,-13.3057,26.9165,3.5400,1.1183,,
DATA,A001,3,490,412115,0.3273,0.4827,0.9545,-16.9678,27.8931,6.4697,1.1185,,
DATA,A001,3,491,412125,0.3126,0.4334,1.0131,-21.1792,32.2876,6.5918,1.1454,,
DATA,A001,3,492,412135,0.3366,0.4144,1.0314,-23.8037,38.3911,8.5449,1.1613,,
DATA,A001,3,493,412145,0.3927,0.3052,1.0570,-27.5269,52.4902,13.3057,1.1682,,
EVENT,A001,3,,412154,,,,,,,,STOP,493
EVENT,A001,4,,453247,,,,,,,,START,
DATA,A001,4,1,453270,0.2841,0.3006,0.9244,-17.3950,48.8892,-9.3994,1.0127,,
DATA,A001,4,2,453280,0.1225,0.1275,0.9813,-9.1553,61.0352,-9.6436,0.9971,,
DATA,A001,4,3,453290,-0.1363,0.1898,0.9684,27.8931,52.6733,-9.3994,0.9962,,
DATA,A001,4,4,453300,-0.0953,0.2681,0.9330,47.1191,29.6021,0.9766,0.9754,,
DATA,A001,4,5,453310,-0.0043,0.3668,0.9127,60.4248,14.6484,3.0518,0.9837,,
DATA,A001,4,6,453320,0.0372,0.4024,0.8898,62.6221,7.9956,3.3569,0.9772,,
DATA,A001,4,7,453330,0.0907,0.4454,0.8375,61.3403,8.3008,4.3945,0.9529,,
DATA,A001,4,8,453340,0.1371,0.4810,0.8202,58.5938,12.6953,7.0190,0.9607,,
DATA,A001,4,9,453350,0.2221,0.4896,0.7814,48.5840,26.4282,14.7705,0.9484,,
DATA,A001,4,10,453360,0.2511,0.4654,0.8063,41.3208,43.6401,22.2778,0.9642,,
DATA,A001,4,11,453370,0.2411,0.4964,0.8234,29.3579,76.9043,33.5083,0.9912,,
DATA,A001,4,12,453380,0.1124,0.3565,0.8180,28.3813,97.0459,28.3203,0.8994,,
DATA,A001,4,13,453390,0.0487,0.3714,0.8390,39.5508,93.6890,38.6353,0.9188,,
DATA,A001,4,14,453400,0.0646,0.4356,0.8534,43.6401,92.9565,44.6777,0.9603,,
DATA,A001,4,15,453410,0.0402,0.4857,0.8639,42.4805,89.9658,48.7061,0.9919,,
DATA,A001,4,16,453420,0.0302,0.5220,0.8419,43.0908,93.1396,51.9409,0.9911,,
DATA,A001,4,17,453430,0.0385,0.5794,0.8575,63.2324,117.3706,48.1567,1.0356,,
DATA,A001,4,18,453440,-0.0118,0.5804,0.8263,53.7720,98.6938,39.6729,1.0098,,
DATA,A001,4,19,453450,-0.0848,0.7603,0.7220,20.9961,99.5483,88.8672,1.0520,,
DATA,A001,4,20,453460,0.1466,0.6048,0.7665,14.2822,78.9185,119.3237,0.9873,,
DATA,A001,4,21,453470,0.2277,0.4966,0.6339,22.2778,73.7915,148.8037,0.8369,,
DATA,A001,4,22,453480,0.2938,0.4695,0.8060,100.2808,66.6504,139.8315,0.9780,,
DATA,A001,4,23,453490,0.1915,0.7523,0.7723,43.8843,128.2959,104.3091,1.0950,,
DATA,A001,4,24,453500,0.1654,0.6995,0.5389,-1.8921,156.2500,102.2339,0.8984,,
DATA,A001,4,25,453510,0.1571,0.6094,0.5272,-4.2725,150.8179,115.0513,0.8210,,
DATA,A001,4,26,453520,0.2182,0.6133,0.4838,14.6484,152.8320,129.5776,0.8110,,
DATA,A001,4,27,453530,0.2804,0.6334,0.4537,20.6299,160.4614,139.8315,0.8280,,
DATA,A001,4,28,453540,0.2745,0.7073,0.5138,23.1934,178.9551,164.0625,0.9163,,
DATA,A001,4,29,453550,0.2050,0.8355,0.6041,24.9634,195.7397,180.1147,1.0512,,
DATA,A001,4,30,453560,0.0924,1.0914,0.7006,24.2310,223.8770,203.3081,1.3002,,
DATA,A001,4,31,453570,0.0412,1.2610,0.7648,19.0430,247.7417,218.0786,1.4754,,
DATA,A001,4,32,453580,-0.0275,1.4083,0.7523,-4.6997,296.3257,232.1777,1.5968,,
DATA,A001,4,33,453590,-0.0594,1.4024,0.6776,-27.5269,333.4961,236.8164,1.5587,,
DATA,A001,4,34,453600,-0.1544,1.2503,0.5101,-61.2793,385.7422,240.6616,1.3592,,
DATA,A001,4,35,453610,-0.2364,1.1009,0.3976,-77.3315,413.3911,241.5161,1.1941,,
DATA,A001,4,36,453620,-0.3583,0.8953,0.2679,-86.4258,435.3027,242.0044,1.0009,,
DATA,A001,4,37,453630,-0.4308,0.7940,0.2220,-83.4351,436.5845,240.9668,0.9302,,
DATA,A001,4,38,453640,-0.5243,0.6868,0.2084,-70.3125,420.4712,237.7930,0.8888,,
DATA,A001,4,39,453650,-0.5607,0.6443,0.2328,-57.9834,402.4658,234.5581,0.8853,,
DATA,A001,4,40,453660,-0.5692,0.6124,0.2933,-39.1846,372.9248,228.8818,0.8860,,
DATA,A001,4,41,453670,-0.5660,0.5997,0.3395,-28.9917,356.9336,224.7314,0.8918,,
DATA,A001,4,42,453680,-0.5760,0.5743,0.3783,-18.0054,342.4072,215.7593,0.8971,,
DATA,A001,4,43,453690,-0.5885,0.5535,0.3907,-11.4136,336.9141,208.9844,0.8974,,
DATA,A001,4,44,453700,-0.6202,0.5130,0.4078,-3.2959,330.9326,198.7305,0.9023,,
DATA,A001,4,45,453710,-0.6478,0.4776,0.4090,1.9531,326.3550,192.5049,0.9028,,
DATA,A001,4,46,453720,-0.6935,0.4254,0.4066,12.1460,317.5659,184.6924,0.9095,,
DATA,A001,4,47,453730,-0.7142,0.3985,0.4142,18.6157,306.5186,178.5278,0.9168,,
DATA,A001,4,48,453740,-0.7452,0.3714,0.4088,31.1890,285.6445,172.3022,0.9276,,
DATA,A001,4,49,453750,-0.7482,0.3660,0.4252,40.7715,269.5312,169.8608,0.9351,,
DATA,A001,4,50,453760,-0.7250,0.3973,0.5336,56.2134,245.8496,166.8091,0.9839,,
DATA,A001,4,51,453770,-0.7303,0.4356,0.5926,61.9507,231.5674,166.6260,1.0365,,
DATA,A001,4,52,453780,-0.8258,0.4720,0.5487,62.6831,208.3740,165.6494,1.0981,,
DATA,A001,4,53,453790,-0.8871,0.4554,0.4989,62.8052,185.3638,164.5508,1.1150,,
DATA,A001,4,54,453800,-0.9430,0.4310,0.4713,66.5894,154.9683,163.8794,1.1389,,
DATA,A001,4,55,453810,-1.0025,0.4058,0.4444,77.1484,108.3374,160.4614,1.1693,,
DATA,A001,4,56,453820,-0.9564,0.3997,0.4178,84.7168,82.0923,154.9683,1.1176,,
DATA,A001,4,57,453830,-0.8500,0.4263,0.3639,98.1445,50.7202,148.7427,1.0181,,
DATA,A001,4,58,453840,-0.7413,0.4634,0.3653,108.2153,41.6260,143.6768,0.9475,,
DATA,A001,4,59,453850,-0.5770,0.5557,0.4130,120.8496,50.4150,137.3901,0.9013,,
DATA,A001,4,60,453860,-0.5213,0.6373,0.4408,125.1221,68.6646,136.0474,0.9339,,
DATA,A001,4,61,453870,-0.5433,0.7835,0.4012,128.6011,101.4404,136.8408,1.0344,,
DATA,A001,4,62,453880,-0.6241,0.9034,0.4076,131.8359,117.6758,139.4653,1.1712,,
DATA,A001,4,63,453890,-0.7223,1.0992,0.3922,132.3242,127.3193,142.7002,1.3725,,
DATA,A001,4,64,453900,-0.7433,1.2088,0.3519,128.9062,126.6479,144.2871,1.4620,,
DATA,A001,4,65,453910,-0.7533,1.3567,0.3114,118.5303,124.4507,151.6724,1.5828,,
DATA,A001,4,66,453920,-0.7023,1.4000,0.3148,115.4785,128.3569,140.1978,1.5975,,
DATA,A001,4,67,453930,-0.6234,1.4332,0.2828,100.2197,147.5220,132.2021,1.5883,,
DATA,A001,4,68,453940,-0.5765,1.4200,0.2723,89.0503,166.0767,127.8076,1.5566,,
DATA,A001,4,69,453950,-0.5631,1.3443,0.2594,74.6460,199.9512,119.9341,1.4804,,
DATA,A001,4,70,453960,-0.5826,1.2933,0.2584,68.7866,218.3838,112.4268,1.4418,,
DATA,A001,4,71,453970,-0.6581,1.2296,0.2877,65.3687,231.8726,99.4263,1.4239,,
DATA,A001,4,72,453980,-0.7203,1.2003,0.3351,63.1714,227.5391,90.0879,1.4394,,
DATA,A001,4,73,453990,-0.8104,1.1744,0.4022,57.4951,202.8809,74.7681,1.4825,,
DATA,A001,4,74,454000,-0.8368,1.1634,0.4413,52.7954,177.6123,62.9272,1.4995,,
DATA,A001,4,75,454010,-0.8397,1.1551,0.4569,43.7622,133.4229,42.2974,1.4994,,
DATA,A001,4,76,454020,-0.8412,1.1495,0.4383,35.4614,103.3325,27.0386,1.4903,,
DATA,A001,4,77,454030,-0.8204,1.1212,0.3693,20.7520,59.1431,1.8921,1.4375,,
DATA,A001,4,78,454040,-0.7997,1.1048,0.3194,13.3667,30.2124,-15.8081,1.4007,,
DATA,A001,4,79,454050,-0.7330,1.1131,0.2494,8.6670,-10.4980,-42.4805,1.3559,,
DATA,A001,4,80,454060,-0.6910,1.1356,0.2152,5.2490,-34.6680,-59.3872,1.3466,,
DATA,A001,4,81,454070,-0.6156,1.1646,0.1766,-3.2349,-64.0259,-84.0454,1.3291,,
DATA,A001,4,82,454080,-0.5758,1.2090,0.1495,-7.4463,-79.1016,-100.3418,1.3475,,
DATA,A001,4,83,454090,-0.4901,1.2650,0.1451,-14.8315,-93.6279,-121.4600,1.3643,,
DATA,A001,4,84,454100,-0.4208,1.3082,0.1122,-22.2778,-98.6328,-133.1177,1.3787,,
DATA,A001,4,85,454110,-0.3439,1.2916,0.0682,-37.2314,-104.5532,-147.5830,1.3383,,
DATA,A001,4,86,454120,-0.2772,1.2425,0.0458,-47.8516,-104.1260,-157.4707,1.2739,,
DATA,A001,4,87,454130,-0.2467,1.1448,0.0489,-60.5469,-97.4121,-166.1377,1.1721,,
DATA,A001,4,88,454140,-0.2223,1.1053,0.0438,-61.2793,-90.6372,-170.8374,1.1283,,
DATA,A001,4,89,454150,-0.1717,1.1075,0.0665,-57.6782,-82.8247,-174.0723,1.1227,,
DATA,A001,4,90,454160,-0.1200,1.1077,0.0455,-60.3638,-67.6880,-180.4810,1.1151,,
DATA,A001,4,91,454170,-0.1156,1.0845,0.0524,-65.1855,-47.8516,-183.5327,1.0919,,
DATA,A001,4,92,454180,-0.1105,1.0533,0.0790,-68.6035,-16.9067,-186.6455,1.0620,,
DATA,A001,4,93,454190,-0.0961,1.0223,0.0912,-68.8477,6.8970,-187.4390,1.0308,,
DATA,A001,4,94,454200,-0.0924,0.9503,0.0731,-69.8242,44.8608,-189.2700,0.9575,,
DATA,A001,4,95,454210,-0.1322,0.8943,0.0587,-68.6035,69.7632,-189.8804,0.9060,,
DATA,A001,4,96,454220,-0.1971,0.8235,0.0575,-62.4390,95.8252,-186.5234,0.8488,,
DATA,A001,4,97,454230,-0.2318,0.7823,0.0538,-56.9458,101.1963,-181.0303,0.8177,,
DATA,A001,4,98,454240,-0.2694,0.7620,0.0533,-45.5933,97.1069,-170.7764,0.8100,,
DATA,A001,4,99,454250,-0.2875,0.7813,0.0443,-37.3535,90.2100,-164.1846,0.8337,,
DATA,A001,4,100,454260,-0.3043,0.7960,0.0355,-30.0293,78.0029,-154.8462,0.8529,,
DATA,A001,4,101,454270,-0.3107,0.7842,0.0314,-29.3579,68.4204,-147.3999,0.8441,,
DATA,A001,4,102,454280,-0.3185,0.7361,0.0282,-29.2358,52.4292,-134.4604,0.8026,,
DATA,A001,4,103,454290,-0.3248,0.7012,0.0345,-26.6113,41.1377,-125.2441,0.7736,,
DATA,A001,4,104,454300,-0.3387,0.6951,0.0467,-17.3950,22.6440,-110.3516,0.7747,,
DATA,A001,4,105,454310,-0.3385,0.7288,0.0528,-10.0098,9.3994,-100.2197,0.8053,,
DATA,A001,4,106,454320,-0.3356,0.7764,0.0587,-4.7607,-12.2681,-85.0830,0.8479,,
DATA,A001,4,107,454330,-0.3243,0.7901,0.0665,-6.3477,-26.0620,-75.1953,0.8567,,
DATA,A001,4,108,454340,-0.2892,0.7945,0.0646,-9.4604,-43.7012,-60.2417,0.8479,,
DATA,A001,4,109,454350,-0.2650,0.7945,0.0587,-8.4229,-52.1851,-49.8657,0.8396,,
DATA,A001,4,110,454360,-0.2345,0.8231,0.0433,-4.5166,-58.8989,-33.3862,0.8569,,
DATA,A001,4,111,454370,-0.2252,0.8611,0.0340,-1.5869,-60.6689,-21.2402,0.8908,,
DATA,A001,4,112,454380,-0.2206,0.9315,0.0194,1.4648,-60.2417,-2.5024,0.9574,,
DATA,A001,4,113,454390,-0.2108,0.9793,0.0048,3.4180,-57.4341,10.6201,1.0017,,
DATA,A001,4,114,454400,-0.1974,1.0674,-0.0145,7.4463,-50.7202,31.1890,1.0856,,
DATA,A001,4,115,454410,-0.1940,1.1241,-0.0277,10.3149,-44.4946,44.6777,1.1410,,
DATA,A001,4,116,454420,-0.2015,1.1802,-0.0160,12.1460,-33.9355,64.0869,1.1974,,
DATA,A001,4,117,454430,-0.2096,1.1932,0.0006,11.2915,-27.2217,75.9888,1.2114,,
DATA,A001,4,118,454440,-0.2208,1.1544,0.0563,7.9346,-17.7002,92.0410,1.1766,,
DATA,A001,4,119,454450,-0.2186,1.1087,0.0890,6.7749,-12.2681,102.0508,1.1335,,
DATA,A001,4,120,454460,-0.1996,1.0975,0.0760,12.6953,-2.0142,119.5068,1.1181,,
DATA,A001,4,121,454470,-0.1761,1.1639,0.0607,25.5127,7.3853,131.2256,1.1787,,
DATA,A001,4,122,454480,-0.1630,1.2908,0.0758,39.0625,24.6582,145.6299,1.3033,,
DATA,A001,4,123,454490,-0.1698,1.3299,0.0821,35.5225,36.6821,154.1138,1.3432,,
DATA,A001,4,124,454500,-0.1932,1.3077,0.0792,27.8320,46.6309,162.4756,1.3242,,
DATA,A001,4,125,454510,-0.2330,1.2188,0.0887,23.6206,56.7627,173.2788,1.2441,,
DATA,A001,4,126,454520,-0.2591,1.1583,0.0983,26.3672,60.6689,179.7485,1.1910,,
DATA,A001,4,127,454530,-0.2931,1.1036,0.1210,33.6304,63.0493,188.3545,1.1482,,
DATA,A001,4,128,454540,-0.2994,1.0828,0.1305,38.0859,62.8662,192.3828,1.1310,,
DATA,A001,4,129,454550,-0.3055,1.0604,0.1444,41.1987,61.2183,195.1904,1.1129,,
DATA,A001,4,130,454560,-0.3011,1.0228,0.1493,41.2598,59.3262,195.0684,1.0766,,
DATA,A001,4,131,454570,-0.3002,0.9656,0.1471,43.1519,55.4199,193.9697,1.0219,,
DATA,A001,4,132,454580,-0.2997,0.9503,0.1449,48.5840,51.3916,193.9087,1.0069,,
DATA,A001,4,133,454590,-0.3133,0.9734,0.1495,59.8755,42.7856,193.9697,1.0335,,
DATA,A001,4,134,454600,-0.3309,1.0120,0.1517,65.3076,34.7290,193.2373,1.0755,,
DATA,A001,4,135,454610,-0.3588,1.0809,0.1617,68.6035,19.1650,190.0024,1.1503,,
DATA,A001,4,136,454620,-0.3756,1.1160,0.1644,68.5425,6.5918,186.5845,1.1890,,
DATA,A001,4,137,454630,-0.3849,1.1529,0.1730,67.5659,-13.6719,180.4810,1.2277,,
DATA,A001,4,138,454640,-0.3810,1.1658,0.1791,66.2231,-26.3062,175.1709,1.2395,,
DATA,A001,4,139,454650,-0.3629,1.1658,0.1966,63.4155,-40.7104,165.4663,1.2367,,
DATA,A001,4,140,454660,-0.3541,1.1529,0.2027,60.6079,-46.1426,157.5928,1.2230,,
DATA,A001,4,141,454670,-0.3326,1.1129,0.2032,53.5889,-48.9502,143.5547,1.1791,,
DATA,A001,4,142,454680,-0.3243,1.0640,0.2030,48.2178,-48.0347,133.2397,1.1307,,
DATA,A001,4,143,454690,-0.3192,0.9771,0.1869,39.8560,-44.9829,116.8823,1.0448,,
DATA,A001,4,144,454700,-0.3092,0.9107,0.1686,35.7666,-42.5415,105.5908,0.9764,,
DATA,A001,4,145,454710,-0.2936,0.8150,0.1437,31.9824,-39.9170,87.5244,0.8781,,
DATA,A001,4,146,454720,-0.2760,0.7659,0.1300,31.4331,-38.5742,75.7446,0.8244,,
DATA,A001,4,147,454730,-0.2496,0.7274,0.1217,32.0435,-37.3535,59.5703,0.7786,,
DATA,A001,4,148,454740,-0.2316,0.7090,0.1195,32.4097,-37.0483,49.3774,0.7554,,
DATA,A001,4,149,454750,-0.1957,0.7117,0.1305,33.6304,-35.3394,35.3394,0.7496,,
DATA,A001,4,150,454760,-0.1727,0.7264,0.1341,33.5083,-31.9824,27.2827,0.7586,,
DATA,A001,4,151,454770,-0.1461,0.7430,0.1307,31.0669,-21.9116,16.4795,0.7684,,
DATA,A001,4,152,454780,-0.1371,0.7557,0.1317,29.1748,-10.7422,10.0098,0.7792,,
DATA,A001,4,153,454790,-0.1461,0.7798,0.1488,27.9541,7.9346,1.3428,0.8072,,
DATA,A001,4,154,454800,-0.1805,0.8055,0.1681,27.5269,19.5923,-3.4180,0.8424,,
DATA,A001,4,155,454810,-0.2311,0.8399,0.2015,25.6348,29.9683,-8.7280,0.8941,,
DATA,A001,4,156,454820,-0.2557,0.8589,0.2360,24.1699,32.1655,-11.4746,0.9267,,
DATA,A001,4,157,454830,-0.2682,0.8790,0.2657,22.5220,31.8604,-13.7329,0.9566,,
DATA,A001,4,158,454840,-0.2701,0.9048,0.2897,18.9819,30.7007,-16.4795,0.9877,,
DATA,A001,4,159,454850,-0.2545,0.9068,0.3028,14.4043,32.9590,-18.9819,0.9893,,
DATA,A001,4,160,454860,-0.2464,0.8992,0.3163,11.5356,37.2925,-20.8740,0.9846,,
DATA,A001,4,161,454870,-0.2538,0.8860,0.3407,9.2163,43.0908,-22.5830,0.9826,,
DATA,A001,4,162,454880,-0.3014,0.8680,0.3773,5.6152,47.9736,-25.2075,0.9933,,
DATA,A001,4,163,454890,-0.3441,0.8543,0.3924,3.2959,46.0815,-27.4658,1.0011,,
DATA,A001,4,164,454900,-0.3846,0.8489,0.3954,2.8076,34.2407,-31.0059,1.0124,,
DATA,A001,4,165,454910,-0.3998,0.8729,0.3788,4.5776,22.2778,-33.0811,1.0321,,
DATA,A001,4,166,454920,-0.3995,0.9485,0.3392,8.4229,1.9531,-35.7056,1.0837,,
DATA,A001,4,167,454930,-0.3902,1.0179,0.3146,11.0474,-11.5356,-36.9263,1.1346,,
DATA,A001,4,168,454940,-0.3692,1.1400,0.2845,12.9395,-28.6255,-39.1846,1.2316,,
DATA,A001,4,169,454950,-0.3519,1.2344,0.2650,12.8784,-36.4380,-42.7856,1.3107,,
DATA,A001,4,170,454960,-0.3263,1.3516,0.2540,8.2397,-42.2974,-50.3540,1.4135,,
DATA,A001,4,171,454970,-0.3194,1.3946,0.2518,1.7700,-44.6777,-57.0679,1.4527,,
DATA,A001,4,172,454980,-0.3548,1.4380,0.2103,-6.5308,-50.0488,-64.8804,1.4960,,
DATA,A001,4,173,454990,-0.3690,1.5071,0.2064,-6.4697,-57.9224,-67.9321,1.5653,,
DATA,A001,4,174,455000,-0.3627,1.7046,0.2416,-0.4883,-71.8994,-72.7539,1.7595,,
DATA,A001,4,175,455010,-0.3307,1.8411,0.2533,-4.2114,-77.7588,-78.5522,1.8877,,
DATA,A001,4,176,455020,-0.2606,1.8589,0.2262,-30.9448,-77.9419,-90.8813,1.8907,,
DATA,A001,4,177,455030,-0.2294,1.7459,0.1886,-51.6357,-73.1201,-98.6938,1.7710,,
DATA,A001,4,178,455040,-0.2308,1.5694,0.1390,-63.7207,-61.8896,-109.6802,1.5924,,
DATA,A001,4,179,455050,-0.2281,1.5071,0.1271,-62.3779,-55.7251,-117.9810,1.5296,,
DATA,A001,4,180,455060,-0.2294,1.4483,0.1092,-64.9414,-52.3682,-131.8970,1.4704,,
DATA,A001,4,181,455070,-0.2289,1.3802,0.0882,-71.5942,-53.7109,-141.2964,1.4018,,
DATA,A001,4,182,455080,-0.2255,1.2630,0.0467,-77.6978,-61.0962,-152.7710,1.2838,,
DATA,A001,4,183,455090,-0.2057,1.1961,0.0238,-76.2329,-67.0776,-158.7524,1.2139,,
DATA,A001,4,184,455100,-0.1876,1.1392,0.0135,-70.7397,-73.4253,-164.7339,1.1546,,
DATA,A001,4,185,455110,-0.1822,1.1192,0.0121,-68.2983,-74.5239,-167.4194,1.1340,,
DATA,A001,4,186,455120,-0.1974,1.1058,0.0116,-66.2842,-73.4863,-168.9453,1.1233,,
DATA,A001,4,187,455130,-0.2174,1.0989,0.0160,-64.6973,-73.2422,-168.3960,1.1203,,
DATA,A001,4,188,455140,-0.2484,1.1092,0.0192,-61.3403,-73.9136,-165.7104,1.1368,,
DATA,A001,4,189,455150,-0.2660,1.1187,0.0165,-60.4858,-74.8901,-163.1470,1.1500,,
DATA,A001,4,190,455160,-0.2816,1.1143,0.0091,-61.2793,-76.0498,-159.9731,1.1494,,
DATA,A001,4,191,455170,-0.3014,1.0892,0.0060,-64.7583,-76.9043,-155.1514,1.1301,,
DATA,A001,4,192,455180,-0.3006,1.0577,0.0004,-66.8945,-76.7822,-152.2827,1.0996,,
DATA,A001,4,193,455190,-0.2958,1.0042,-0.0050,-68.7866,-75.1343,-148.9258,1.0469,,
DATA,A001,4,194,455200,-0.2843,0.9732,-0.0109,-69.4580,-72.3877,-147.3999,1.0139,,
DATA,A001,4,195,455210,-0.2630,0.9234,-0.0214,-69.1528,-67.3828,-145.6299,0.9604,,
DATA,A001,4,196,455220,-0.2477,0.8890,-0.0258,-68.4204,-62.5610,-145.4468,0.9232,,
DATA,A001,4,197,455230,-0.2301,0.8509,-0.0338,-65.4907,-55.6030,-145.2026,0.8821,,
DATA,A001,4,198,455240,-0.2191,0.8331,-0.0382,-62.9883,-50.8423,-145.1416,0.8622,,
DATA,A001,4,199,455250,-0.2196,0.8052,-0.0414,-59.2041,-45.6543,-144.9585,0.8357,,
DATA,A001,4,200,455260,-0.2147,0.7940,-0.0494,-56.4575,-43.2129,-144.4702,0.8240,,
DATA,A001,4,201,455270,-0.2157,0.7894,-0.0563,-51.3916,-41.9922,-142.4561,0.8202,,
DATA,A001,4,202,455280,-0.2208,0.7999,-0.0675,-47.4243,-41.9312,-140.2588,0.8325,,
DATA,A001,4,203,455290,-0.2296,0.8238,-0.0729,-40.6494,-42.6636,-135.8032,0.8583,,
DATA,A001,4,204,455300,-0.2399,0.8553,-0.0743,-36.4380,-42.0532,-132.2021,0.8914,,
DATA,A001,4,205,455310,-0.2489,0.8968,-0.0722,-33.3862,-43.0908,-125.5493,0.9335,,
DATA,A001,4,206,455320,-0.2550,0.9136,-0.0792,-32.7148,-43.3960,-120.4834,0.9519,,
DATA,A001,4,207,455330,-0.2489,0.9339,-0.0936,-31.4941,-43.0298,-112.0605,0.9710,,
DATA,A001,4,208,455340,-0.2386,0.9380,-0.0963,-29.9072,-41.0767,-106.1401,0.9727,,
DATA,A001,4,209,455350,-0.2311,0.9498,-0.0885,-26.9775,-36.6211,-96.9849,0.9815,,
DATA,A001,4,210,455360,-0.2250,0.9520,-0.0765,-25.6958,-33.2031,-90.6372,0.9812,,
DATA,A001,4,211,455370,-0.2267,0.9576,-0.0658,-23.0713,-27.4658,-80.3223,0.9862,,
DATA,A001,4,212,455380,-0.2279,0.9627,-0.0582,-20.2026,-24.0479,-73.3643,0.9910,,
DATA,A001,4,213,455390,-0.2296,0.9791,-0.0468,-14.4653,-18.9209,-62.9883,1.0067,,
DATA,A001,4,214,455400,-0.2267,0.9898,-0.0389,-10.7422,-15.8081,-56.4575,1.0162,,
DATA,A001,4,215,455410,-0.2154,1.0023,-0.0326,-6.0425,-10.4980,-47.2412,1.0257,,
DATA,A001,4,216,455420,-0.2093,1.0064,-0.0202,-2.8687,-7.1411,-41.6260,1.0281,,
DATA,A001,4,217,455430,-0.2027,1.0115,-0.0065,2.1973,-1.2207,-34.1187,1.0317,,
DATA,A001,4,218,455440,-0.1925,1.0128,-0.0009,5.7983,3.1738,-29.5410,1.0309,,
DATA,A001,4,219,455450,-0.1835,1.0042,0.0243,12.0239,9.0332,-23.0713,1.0211,,
DATA,A001,4,220,455460,-0.1842,0.9964,0.0487,16.0522,12.1460,-18.5547,1.0144,,
DATA,A001,4,221,455470,-0.1781,0.9639,0.0799,20.2026,14.9536,-10.9253,0.9835,,
DATA,A001,4,222,455480,-0.1632,0.9529,0.0692,23.5596,18.1274,-3.5400,0.9693,,
DATA,A001,4,223,455490,-0.1239,0.9908,0.0367,36.4380,28.0151,9.7046,0.9992,,
DATA,A001,4,224,455500,-0.1136,1.0286,0.0443,45.4102,39.5508,19.1650,1.0358,,
DATA,A001,4,225,455510,-0.1312,1.0452,0.0687,49.7437,59.3872,34.9121,1.0557,,
DATA,A001,4,226,455520,-0.1600,1.0062,0.0961,47.5464,69.9463,46.2036,1.0233,,
DATA,A001,4,227,455530,-0.1876,0.9393,0.1305,45.9595,77.1484,57.8613,0.9667,,
DATA,A001,4,228,455540,-0.2191,0.8404,0.1832,50.9033,82.2144,75.4395,0.8876,,
DATA,A001,4,229,455550,-0.2296,0.8133,0.2111,57.4951,84.0454,86.7920,0.8710,,
DATA,A001,4,230,455560,-0.2269,0.8084,0.2469,66.5894,87.4634,102.3560,0.8752,,
DATA,A001,4,231,455570,-0.2176,0.8218,0.2516,69.6411,90.2710,111.9385,0.8866,,
DATA,A001,4,232,455580,-0.2118,0.8499,0.2379,72.2656,93.3838,126.5869,0.9076,,
DATA,A001,4,233,455590,-0.2145,0.8724,0.2328,75.6226,93.6279,136.1694,0.9280,,
DATA,A001,4,234,455600,-0.2240,0.9205,0.2345,82.1533,91.0645,149.4751,0.9759,,
DATA,A001,4,235,455610,-0.2330,0.9683,0.2389,85.6934,86.6089,158.3862,1.0242,,
DATA,A001,4,236,455620,-0.2579,1.0552,0.2496,89.1113,78.3691,170.1660,1.1146,,
DATA,A001,4,237,455630,-0.2750,1.1224,0.2562,90.6982,72.0825,176.5747,1.1836,,
DATA,A001,4,238,455640,-0.3067,1.2315,0.2623,90.5151,61.0962,184.6313,1.2960,,
DATA,A001,4,239,455650,-0.3102,1.2891,0.2628,87.7686,53.9551,187.7441,1.3517,,
DATA,A001,4,240,455660,-0.3043,1.3411,0.2618,79.7729,47.4243,187.9883,1.3999,,
DATA,A001,4,241,455670,-0.2921,1.3387,0.2623,72.9980,47.3633,185.3638,1.3951,,
DATA,A001,4,242,455680,-0.2672,1.2847,0.2582,62.1948,49.8657,180.4199,1.3374,,
DATA,A001,4,243,455690,-0.2523,1.2261,0.2489,55.3589,50.9644,176.3306,1.2763,,
DATA,A001,4,244,455700,-0.2298,1.1282,0.2403,49.4385,52.6733,168.2739,1.1762,,
DATA,A001,4,245,455710,-0.2189,1.0718,0.2406,47.9736,54.5044,161.9873,1.1201,,
DATA,A001,4,246,455720,-0.2137,0.9993,0.2479,47.3633,57.4341,151.8555,1.0516,,
DATA,A001,4,247,455730,-0.1991,0.9644,0.2477,47.0581,59.2651,144.1650,1.0154,,
DATA,A001,4,248,455740,-0.2298,0.9271,0.2479,46.1426,65.8569,130.5542,0.9868,,
DATA,A001,4,249,455750,-0.2408,0.9114,0.2662,44.9219,75.9888,118.7134,0.9796,,
DATA,A001,4,250,455760,-0.2858,0.8943,0.2330,42.2974,83.5571,108.1543,0.9674,,
DATA,A001,4,251,455770,-0.3119,0.8934,0.2220,41.8701,79.6509,103.0884,0.9719,,
DATA,A001,4,252,455780,-0.3053,0.9153,0.2052,41.6870,75.1953,89.2944,0.9865,,
DATA,A001,4,253,455790,-0.2933,0.9290,0.2084,40.3442,78.6743,80.0781,0.9963,,
DATA,A001,4,254,455800,-0.3024,0.9520,0.2023,35.4004,83.9233,72.9980,1.0191,,
DATA,A001,4,255,455810,-0.3072,0.9490,0.2015,30.7617,84.1675,69.0918,1.0177,,
DATA,A001,4,256,455820,-0.3275,0.9268,0.1857,23.9868,79.8340,64.2090,1.0004,,
DATA,A001,4,257,455830,-0.3519,0.8973,0.1700,20.9961,73.9746,60.6689,0.9787,,
DATA,A001,4,258,455840,-0.3756,0.8597,0.1466,18.0054,60.9741,54.6875,0.9495,,
DATA,A001,4,259,455850,-0.3470,0.8375,0.1422,16.5405,52.0020,51.8799,0.9176,,
DATA,A001,4,260,455860,-0.3155,0.8265,0.1578,17.8223,46.3257,50.5981,0.8986,,
DATA,A001,4,261,455870,-0.2855,0.8411,0.1796,21.7896,48.3398,47.8516,0.9062,,
DATA,A001,4,262,455880,-0.2906,0.8704,0.2045,21.7896,54.1382,44.6167,0.9402,,
DATA,A001,4,263,455890,-0.3033,0.8931,0.2098,20.7520,57.6172,43.4570,0.9663,,
DATA,A001,4,264,455900,-0.3263,0.9114,0.2150,21.0571,59.8145,42.5415,0.9917,,
DATA,A001,4,265,455910,-0.3790,0.9800,0.1984,24.3530,60.7300,40.7104,1.0693,,
DATA,A001,4,266,455920,-0.3946,1.0445,0.2057,27.0996,59.0820,39.3677,1.1353,,
DATA,A001,4,267,455930,-0.4061,1.1856,0.2225,29.4189,56.9458,36.8042,1.2728,,
DATA,A001,4,268,455940,-0.4142,1.2723,0.2018,28.4424,57.6172,34.7900,1.3531,,
DATA,A001,4,269,455950,-0.4159,1.3746,0.1686,23.9258,63.7817,29.6631,1.4460,,
DATA,A001,4,270,455960,-0.4181,1.4100,0.1576,20.9351,72.8149,23.9868,1.4791,,
DATA,A001,4,271,455970,-0.4061,1.3970,0.1737,16.6016,94.7876,11.7188,1.4652,,
DATA,A001,4,272,455980,-0.4100,1.3318,0.2042,12.6343,113.4644,1.8921,1.4084,,
DATA,A001,4,273,455990,-0.4134,1.1763,0.3060,7.4463,145.8740,-16.1133,1.2839,,
DATA,A001,4,274,456000,-0.4711,1.0943,0.3256,5.0659,163.9404,-30.1514,1.2351,,
DATA,A001,4,275,456010,-0.5895,1.1502,0.2477,13.6108,180.1147,-45.1050,1.3160,,
DATA,A001,4,276,456020,-0.6280,1.3487,0.1735,28.5645,179.5654,-56.8848,1.4978,,
DATA,A001,4,277,456030,-0.6556,1.6448,0.0724,33.2642,171.2646,-76.7822,1.7722,,
DATA,A001,4,278,456040,-0.6693,1.6827,0.0228,16.6626,162.3535,-85.9375,1.8110,,
DATA,A001,4,279,456050,-0.6988,1.4581,-0.0304,-13.6108,140.8691,-95.5811,1.6172,,
DATA,A001,4,280,456060,-0.7469,1.2715,-0.0363,-17.5171,121.6431,-102.7832,1.4751,,
DATA,A001,4,281,456070,-0.7848,1.1011,0.0196,-2.1362,78.3081,-117.2485,1.3523,,
DATA,A001,4,282,456080,-0.8016,1.0723,0.0587,9.8267,44.1895,-129.6387,1.3401,,
DATA,A001,4,283,456090,-0.7855,1.1138,0.0890,18.6157,-11.5356,-145.2637,1.3659,,
DATA,A001,4,284,456100,-0.7411,1.1458,0.0975,20.1416,-49.3164,-153.8086,1.3681,,
DATA,A001,4,285,456110,-0.6356,1.1758,0.0948,18.9819,-97.7173,-163.6963,1.3400,,
DATA,A001,4,286,456120,-0.5716,1.1732,0.0968,15.5029,-121.3989,-169.0063,1.3086,,
DATA,A001,4,287,456130,-0.5123,1.1378,0.1009,7.3242,-143.0664,-177.4902,1.2519,,
DATA,A001,4,288,456140,-0.5001,1.1104,0.0809,2.2583,-152.2827,-182.5562,1.2205,,
DATA,A001,4,289,456150,-0.5094,1.0877,0.0790,-0.6104,-162.9028,-189.6973,1.2037,,
DATA,A001,4,290,456160,-0.5145,1.0962,0.1036,-0.9766,-169.6167,-194.3359,1.2154,,
DATA,A001,4,291,456170,-0.4950,1.1649,0.1124,-4.2725,-184.9365,-198.9136,1.2706,,
DATA,A001,4,292,456180,-0.4564,1.2066,0.1188,-8.8501,-197.7539,-199.8901,1.2955,,
DATA,A001,4,293,456190,-0.4173,1.2479,0.1376,-14.2212,-210.0220,-201.0498,1.3230,,
DATA,A001,4,294,456200,-0.3646,1.2967,0.1105,-27.7710,-221.1914,-204.1016,1.3515,,
DATA,A001,4,295,456210,-0.2997,1.2972,0.1014,-39.6729,-219.4214,-207.5195,1.3352,,
DATA,A001,4,296,456220,-0.2081,1.2493,0.0997,-55.6030,-203.6133,-210.5103,1.2705,,
DATA,A001,4,297,456230,-0.1669,1.2000,0.0863,-64.0259,-184.2651,-212.2803,1.2146,,
DATA,A001,4,298,456240,-0.1463,1.1348,0.0795,-71.7773,-151.4282,-214.7827,1.1470,,
DATA,A001,4,299,456250,-0.1476,1.0975,0.0736,-75.0732,-130.3711,-214.9048,1.1098,,
DATA,A001,4,300,456260,-0.1654,1.0692,0.0411,-76.7212,-104.9194,-213.9282,1.0826,,
DATA,A001,4,301,456270,-0.1764,1.0606,0.0311,-76.2939,-91.7358,-212.7075,1.0756,,
DATA,A001,4,302,456280,-0.1908,1.0501,0.0380,-75.8667,-77.1484,-208.4961,1.0680,,
DATA,A001,4,303,456290,-0.1918,1.0423,0.0509,-76.1108,-69.8853,-204.5898,1.0610,,
DATA,A001,4,304,456300,-0.1857,1.0093,0.0472,-77.3315,-59.0820,-197.2656,1.0274,,
DATA,A001,4,305,456310,-0.1725,0.9869,0.0467,-76.8433,-50.5981,-192.0166,1.0029,,
DATA,A001,4,306,456320,-0.1625,0.9590,0.0524,-73.7915,-35.2783,-183.1665,0.9741,,
DATA,A001,4,307,456330,-0.1586,0.9527,0.0528,-70.3735,-23.3154,-176.4526,0.9672,,
DATA,A001,4,308,456340,-0.1627,0.9444,0.0548,-65.9790,-6.0425,-166.7480,0.9599,,
DATA,A001,4,309,456350,-0.1730,0.9322,0.0555,-64.0259,4.7607,-159.9121,0.9497,,
DATA,A001,4,310,456360,-0.1981,0.9000,0.0643,-60.9131,17.0898,-148.7427,0.9237,,
DATA,A001,4,311,456370,-0.2174,0.8719,0.0687,-57.8003,22.0947,-140.5640,0.9012,,
DATA,A001,4,312,456380,-0.2391,0.8406,0.0633,-51.6357,25.8179,-128.1128,0.8763,,
DATA,A001,4,313,456390,-0.2477,0.8223,0.0570,-47.4243,25.3296,-119.4458,0.8607,,
DATA,A001,4,314,456400,-0.2499,0.8013,0.0502,-40.0391,24.2310,-106.2012,0.8409,,
DATA,A001,4,315,456410,-0.2408,0.7979,0.0448,-34.4849,24.2310,-97.2900,0.8347,,
DATA,A001,4,316,456420,-0.2291,0.8057,0.0375,-26.3062,27.0386,-83.8623,0.8385,,
DATA,A001,4,317,456430,-0.2201,0.8143,0.0384,-21.7285,30.3345,-74.6460,0.8444,,
DATA,A001,4,318,456440,-0.2162,0.8123,0.0548,-16.9067,34.3628,-59.0820,0.8424,,
DATA,A001,4,319,456450,-0.2203,0.7999,0.0653,-15.8691,35.6445,-47.6685,0.8322,,
DATA,A001,4,320,456460,-0.2257,0.7405,0.0902,-16.3574,35.4004,-29.7852,0.7794,,
DATA,A001,4,321,456470,-0.2308,0.6934,0.1068,-17.1509,35.6445,-17.7612,0.7386,,
DATA,A001,4,322,456480,-0.2379,0.6365,0.1337,-14.8926,38.0859,0.2441,0.6926,,
DATA,A001,4,323,456490,-0.2457,0.6214,0.1507,-11.4746,42.3584,11.8408,0.6850,,
DATA,A001,4,324,456500,-0.2672,0.6380,0.0951,-6.8970,54.0771,30.2124,0.6982,,
DATA,A001,4,325,456510,-0.2821,0.6871,0.0480,-0.7324,65.0635,43.7012,0.7443,,
DATA,A001,4,326,456520,-0.3133,0.8096,0.0170,14.7095,84.0454,62.9883,0.8683,,
DATA,A001,4,327,456530,-0.3448,0.8943,0.0048,21.9116,95.3369,74.8901,0.9585,,
DATA,A001,4,328,456540,-0.3761,0.9412,0.0089,22.2778,103.4546,85.6934,1.0136,,
DATA,A001,4,329,456550,-0.4156,0.9019,0.0367,14.9536,107.0557,100.2197,0.9938,,
DATA,A001,4,330,456560,-0.4383,0.8318,0.0519,11.9629,105.4688,109.0698,0.9417,,
DATA,A001,4,331,456570,-0.4530,0.7454,0.1009,19.7754,98.5107,121.5210,0.8781,,
DATA,A001,4,332,456580,-0.4615,0.7376,0.1349,30.0293,92.2852,128.5400,0.8805,,
DATA,A001,4,333,456590,-0.4476,0.7933,0.1583,41.6870,82.2754,137.8784,0.9245,,
DATA,A001,4,334,456600,-0.4330,0.8575,0.1522,47.4243,76.0498,144.8975,0.9726,,
DATA,A001,4,335,456610,-0.4039,0.9747,0.1376,56.8848,68.7866,157.1045,1.0640,,
DATA,A001,4,336,456620,-0.3988,1.0533,0.1324,63.4155,65.2466,166.0767,1.1340,,
DATA,A001,4,337,456630,-0.4186,1.1619,0.1598,70.1294,60.3638,179.0771,1.2453,,
DATA,A001,4,338,456640,-0.4486,1.2208,0.1861,71.8994,56.6406,186.9507,1.3138,,
DATA,A001,4,339,456650,-0.4955,1.2776,0.2386,71.8384,47.9126,196.1060,1.3910,,
DATA,A001,4,340,456660,-0.5189,1.2955,0.2821,70.5566,39.6118,200.5005,1.4238,,
DATA,A001,4,341,456670,-0.5148,1.2816,0.3190,66.4062,24.7803,204.9561,1.4174,,
DATA,A001,4,342,456680,-0.4881,1.2361,0.3219,61.8286,15.5640,205.6885,1.3675,,
DATA,A001,4,343,456690,-0.4276,1.1404,0.2999,54.7485,5.6152,203.7354,1.2543,,
DATA,A001,4,344,456700,-0.3739,1.0733,0.2701,52.4902,2.9297,201.5381,1.1682,,
DATA,A001,4,345,456710,-0.3253,0.9756,0.2274,52.6733,4.4556,196.7163,1.0533,,
DATA,A001,4,346,456720,-0.3155,0.9097,0.2125,53.6499,7.3853,193.2983,0.9861,,
DATA,A001,4,347,456730,-0.3390,0.8428,0.2179,56.4575,9.3384,188.4766,0.9342,,
DATA,A001,4,348,456740,-0.3597,0.8148,0.2340,59.5703,7.3242,185.1807,0.9209,,
DATA,A001,4,349,456750,-0.3937,0.8082,0.2548,64.6973,-2.1973,179.8706,0.9343,,
DATA,A001,4,350,456760,-0.4076,0.8238,0.2584,67.3828,-11.4136,176.0864,0.9547,,
DATA,A001,4,351,456770,-0.4264,0.8543,0.2623,69.1528,-27.5269,170.2271,0.9902,,
DATA,A001,4,352,456780,-0.4396,0.8748,0.2565,68.3594,-39.8560,165.8325,1.0121,,
DATA,A001,4,353,456790,-0.4606,0.8819,0.2352,64.5752,-58.8989,158.8135,1.0223,,
DATA,A001,4,354,456800,-0.4623,0.8707,0.2164,63.1104,-72.0215,153.7476,1.0092,,
DATA,A001,4,355,456810,-0.4371,0.8636,0.2052,65.3076,-91.1865,146.8506,0.9894,,
DATA,A001,4,356,456820,-0.4188,0.8809,0.2181,69.9463,-101.5015,143.1885,0.9995,,
DATA,A001,4,357,456830,-0.3868,0.9468,0.2533,77.1484,-111.9995,138.6719,1.0537,,
DATA,A001,4,358,456840,-0.3663,0.9979,0.2711,79.1016,-115.7227,134.8877,1.0970,,
DATA,A001,4,359,456850,-0.3409,1.0523,0.3209,78.7964,-117.2485,128.7231,1.1518,,
DATA,A001,4,360,456860,-0.3182,1.0657,0.3434,76.3550,-114.1968,124.2065,1.1640,,
DATA,A001,4,361,456870,-0.2953,1.0601,0.3524,72.9370,-106.9336,118.9575,1.1555,,
DATA,A001,4,362,456880,-0.2674,1.0059,0.3695,67.8101,-89.7827,109.4971,1.1045,,
DATA,A001,4,363,456890,-0.2596,0.9493,0.3758,65.7349,-68.7866,100.2808,1.0535,,
DATA,A001,4,364,456900,-0.2682,0.9322,0.3739,66.0400,-55.6641,93.3838,1.0396,,
DATA,A001,4,365,456910,-0.2796,0.9654,0.3924,68.3594,-41.6870,83.8013,1.0790,,
DATA,A001,4,366,456920,-0.2840,1.0213,0.3954,69.0308,-35.2173,78.1860,1.1314,,
DATA,A001,4,367,456930,-0.2892,1.0970,0.3741,67.5659,-28.0762,72.3267,1.1946,,
DATA,A001,4,368,456940,-0.2928,1.2320,0.3319,62.9272,-13.8550,63.1104,1.3091,,
DATA,A001,4,369,456950,-0.3053,1.3277,0.3124,59.0820,-1.8921,55.9692,1.3977,,
DATA,A001,4,370,456960,-0.3319,1.4234,0.2977,47.6685,19.2261,42.1753,1.4916,,
DATA,A001,4,371,456970,-0.3456,1.4195,0.3043,35.7056,33.1421,31.3721,1.4923,,
DATA,A001,4,372,456980,-0.3534,1.3121,0.3273,16.6016,48.2788,14.8926,1.3977,,
DATA,A001,4,373,456990,-0.3712,1.2234,0.3314,8.3618,52.3071,2.9907,1.3208,,
DATA,A001,4,374,457000,-0.4173,1.2950,0.2789,12.6343,46.9360,-14.8315,1.3889,,
DATA,A001,4,375,457010,-0.4256,1.5067,0.2613,24.7192,39.0015,-25.4517,1.5873,,
DATA,A001,4,376,457020,-0.3861,1.7884,0.2950,21.5454,34.9731,-42.9077,1.8532,,
DATA,A001,4,377,457030,-0.3475,1.7908,0.3277,-1.5869,36.2549,-53.4668,1.8534,,
DATA,A001,4,378,457040,-0.2967,1.4922,0.3702,-41.8701,41.2598,-64.8193,1.5659,,
DATA,A001,4,379,457050,-0.3004,1.2662,0.3741,-56.0303,44.1284,-72.3877,1.3540,,
DATA,A001,4,380,457060,-0.3395,1.1002,0.3661,-54.9927,45.1660,-84.4116,1.2081,,
DATA,A001,4,381,457070,-0.3675,1.1141,0.3541,-50.4150,42.6636,-93.0176,1.2254,,
DATA,A001,4,382,457080,-0.4005,1.1942,0.2987,-54.1382,35.9497,-106.2012,1.2945,,
DATA,A001,4,383,457090,-0.4208,1.2337,0.2428,-60.4858,29.2969,-114.9292,1.3259,,
DATA,A001,4,384,457100,-0.4408,1.2881,0.1813,-63.8428,15.1978,-128.9062,1.3735,,
DATA,A001,4,385,457110,-0.4513,1.3580,0.1588,-62.6831,2.7466,-139.4043,1.4398,,
DATA,A001,4,386,457120,-0.4315,1.4620,0.1549,-64.5752,-16.6626,-156.1890,1.5322,,
DATA,A001,4,387,457130,-0.3973,1.4861,0.1666,-71.2280,-28.6865,-167.6025,1.5473,,
DATA,A001,4,388,457140,-0.3260,1.4271,0.1774,-85.6323,-38.6963,-184.3262,1.4745,,
DATA,A001,4,389,457150,-0.2887,1.3472,0.1923,-93.3838,-41.7480,-194.0308,1.3912,,
DATA,A001,4,390,457160,-0.2635,1.2203,0.2152,-99.7314,-39.2456,-208.0688,1.2668,,
DATA,A001,4,391,457170,-0.2591,1.1519,0.2233,-101.4404,-35.7666,-216.6748,1.2016,,
DATA,A001,4,392,457180,-0.2652,1.0772,0.2196,-102.2949,-27.7100,-228.0273,1.1309,,
DATA,A001,4,393,457190,-0.2794,1.0408,0.2054,-101.7456,-23.6206,-233.7646,1.0971,,
DATA,A001,4,394,457200,-0.3138,0.9937,0.1766,-98.5718,-20.6909,-240.2344,1.0570,,
DATA,A001,4,395,457210,-0.3297,0.9700,0.1598,-95.3369,-21.3623,-243.7744,1.0369,,
DATA,A001,4,396,457220,-0.3500,0.9571,0.1649,-90.5762,-25.5127,-246.5210,1.0323,,
DATA,A001,4,397,457230,-0.3473,0.9776,0.1876,-83.4351,-34.3018,-249.6948,1.0543,,
DATA,A001,4,398,457240,-0.3602,1.0103,0.1935,-80.8716,-42.1753,-249.6338,1.0899,,
DATA,A001,4,399,457250,-0.3592,1.0391,0.1842,-83.4961,-50.9033,-248.4131,1.1148,,
DATA,A001,4,400,457260,-0.3595,1.0430,0.1654,-88.3179,-56.6406,-246.9482,1.1156,,
DATA,A001,4,401,457270,-0.3497,1.0306,0.1112,-94.1162,-59.5703,-242.2485,1.0940,,
DATA,A001,4,402,457280,-0.3299,1.0286,0.0651,-95.5200,-60.6079,-237.3657,1.0822,,
DATA,A001,4,403,457290,-0.3114,1.0355,0.0133,-94.2383,-57.8613,-227.5391,1.0813,,
DATA,A001,4,404,457300,-0.2994,1.0357,-0.0170,-93.8110,-54.6265,-219.3604,1.0783,,
DATA,A001,4,405,457310,-0.2845,1.0184,-0.0419,-94.2993,-47.2412,-206.0547,1.0582,,
DATA,A001,4,406,457320,-0.2745,0.9898,-0.0568,-94.4214,-41.8091,-196.5332,1.0287,,
DATA,A001,4,407,457330,-0.2572,0.9346,-0.0621,-92.2852,-32.2266,-182.4951,0.9714,,
DATA,A001,4,408,457340,-0.2433,0.8968,-0.0617,-89.4775,-25.6348,-172.7905,0.9312,,
DATA,A001,4,409,457350,-0.2313,0.8362,-0.0648,-83.7402,-14.9536,-158.2642,0.8701,,
DATA,A001,4,410,457360,-0.2218,0.7947,-0.0687,-78.8574,-7.0190,-148.7427,0.8280,,
DATA,A001,4,411,457370,-0.2069,0.7645,-0.0890,-68.2373,5.9814,-134.4604,0.7970,,
DATA,A001,4,412,457380,-0.2005,0.7523,-0.1154,-59.3262,16.2354,-124.8779,0.7870,,
DATA,A001,4,413,457390,-0.2359,0.7586,-0.2177,-45.2881,30.1514,-109.9854,0.8237,,
DATA,A001,4,414,457400,-0.3141,0.7752,-0.3158,-34.3018,32.7148,-99.7314,0.8940,,
DATA,A001,4,415,457410,-0.4393,0.8301,-0.3639,-9.6436,21.3623,-84.7168,1.0072,,
DATA,A001,4,416,457420,-0.4620,0.9051,-0.3222,8.2397,2.2583,-75.7446,1.0660,,
DATA,A001,4,417,457430,-0.4022,1.0142,-0.2037,22.3999,-30.1514,-60.9131,1.1099,,
DATA,A001,4,418,457440,-0.3260,1.0411,-0.1220,21.4844,-48.5229,-51.0254,1.0977,,
DATA,A001,4,419,457450,-0.2184,0.9817,-0.0294,13.1836,-63.1714,-39.7949,1.0062,,
DATA,A001,4,420,457460,-0.1693,0.9044,0.0350,10.8032,-65.4907,-33.6304,0.9207,,
DATA,A001,4,421,457470,-0.1412,0.7864,0.1193,15.5640,-64.2090,-23.1934,0.8079,,
DATA,A001,4,422,457480,-0.1439,0.7347,0.1649,21.9727,-63.5376,-15.2588,0.7666,,
DATA,A001,4,423,457490,-0.1546,0.6951,0.2176,30.5786,-64.8193,-1.0986,0.7446,,
DATA,A001,4,424,457500,-0.1566,0.6812,0.1920,33.5083,-64.6362,10.1929,0.7249,,
DATA,A001,4,425,457510,-0.1212,0.6736,0.0968,39.4287,-55.2368,31.5552,0.6913,,
DATA,A001,4,426,457520,-0.0990,0.6758,0.0528,49.0112,-41.8701,46.0815,0.6851,,
DATA,A001,4,427,457530,-0.1166,0.6692,0.0048,63.6597,-11.1084,68.9697,0.6793,,
DATA,A001,4,428,457540,-0.1424,0.6431,0.0043,71.2280,10.6812,84.4727,0.6587,,
DATA,A001,4,429,457550,-0.1861,0.6028,0.0314,84.1675,38.7573,108.8867,0.6317,,
DATA,A001,4,430,457560,-0.2018,0.5987,0.0694,96.0083,53.3447,125.0000,0.6356,,
DATA,A001,4,431,457570,-0.1937,0.6280,0.1163,109.1919,64.8804,140.8691,0.6674,,
DATA,A001,4,432,457580,-0.2047,0.7225,0.1893,126.3428,79.7119,163.8184,0.7744,,
DATA,A001,4,433,457590,-0.2340,0.8118,0.2284,135.0708,90.9424,177.2461,0.8752,,
DATA,A001,4,434,457600,-0.2789,0.9883,0.3058,148.4985,107.0557,194.3970,1.0715,,
DATA,A001,4,435,457610,-0.3319,1.1248,0.3651,156.3721,113.9526,204.8340,1.2283,,
DATA,A001,4,436,457620,-0.4195,1.3277,0.4335,159.8511,115.4785,216.7969,1.4583,,
DATA,A001,4,437,457630,-0.4630,1.4376,0.4545,154.8462,109.3750,222.4121,1.5772,,
DATA,A001,4,438,457640,-0.4896,1.5333,0.4435,141.9678,92.0410,227.9053,1.6695,,
DATA,A001,4,439,457650,-0.4972,1.5792,0.4171,133.9111,79.2847,229.5532,1.7073,,
DATA,A001,4,440,457660,-0.5094,1.6309,0.3636,123.0469,60.9741,229.1260,1.7469,,
DATA,A001,4,441,457670,-0.5004,1.6329,0.3331,116.0278,48.8892,227.6001,1.7400,,
DATA,A001,4,442,457680,-0.4650,1.6053,0.2987,105.5908,30.7007,222.5342,1.6977,,
DATA,A001,4,443,457690,-0.4293,1.5523,0.2941,97.5342,20.8130,217.2241,1.6372,,
DATA,A001,4,444,457700,-0.3561,1.4290,0.3165,86.1816,15.0757,206.9702,1.5063,,
DATA,A001,4,445,457710,-0.3219,1.3436,0.3353,79.9561,18.0054,198.9136,1.4217,,
DATA,A001,4,446,457720,-0.3050,1.2210,0.3673,72.8149,30.0903,186.5845,1.3110,,
DATA,A001,4,447,457730,-0.3133,1.1492,0.3873,69.3359,39.5508,179.0771,1.2526,,
DATA,A001,4,448,457740,-0.3446,1.0626,0.4166,65.4297,51.5137,168.5181,1.1922,,
DATA,A001,4,449,457750,-0.3629,1.0242,0.4318,62.9272,56.7017,161.6211,1.1693,,
DATA,A001,4,450,457760,-0.3988,0.9774,0.4415,58.3496,59.1431,151.7944,1.1442,,
DATA,A001,4,451,457770,-0.4166,0.9586,0.4503,54.3213,57.6172,145.3247,1.1381,,
DATA,A001,4,452,457780,-0.4317,0.9319,0.4305,46.5088,50.8423,136.2915,1.1137,,
DATA,A001,4,453,457790,-0.4320,0.9063,0.4122,40.8936,43.2739,131.1035,1.0853,,
DATA,A001,4,454,457800,-0.4481,0.8643,0.3876,33.5693,28.9307,124.2676,1.0479,,
DATA,A001,4,455,457810,-0.4554,0.8370,0.3678,29.7852,19.2261,119.2627,1.0214,,
DATA,A001,4,456,457820,-0.4598,0.8116,0.3509,26.1841,4.9438,110.8398,0.9966,,
DATA,A001,4,457,457830,-0.4586,0.8021,0.3485,24.3530,-3.3569,104.4312,0.9875,,
DATA,A001,4,458,457840,-0.4432,0.7964,0.3568,21.2402,-13.7329,93.0786,0.9788,,
DATA,A001,4,459,457850,-0.4317,0.7899,0.3612,18.1274,-19.5312,85.0220,0.9699,,
DATA,A001,4,460,457860,-0.4083,0.7718,0.3595,12.1460,-25.6348,72.3267,0.9442,,
DATA,A001,4,461,457870,-0.3815,0.7549,0.3473,8.2397,-27.1606,63.4766,0.9144,,
DATA,A001,4,462,457880,-0.3468,0.7308,0.3133,2.8076,-25.8179,49.6826,0.8675,,
DATA,A001,4,463,457890,-0.3241,0.7149,0.2909,0.1221,-22.2778,40.4053,0.8371,,
DATA,A001,4,464,457900,-0.3107,0.7049,0.2438,-2.1362,-14.3433,27.1606,0.8080,,
DATA,A001,4,465,457910,-0.3116,0.7176,0.2186,-0.9766,-8.7280,19.2871,0.8123,,
DATA,A001,4,466,457920,-0.3348,0.7850,0.1930,3.9062,-2.8076,9.2773,0.8749,,
DATA,A001,4,467,457930,-0.3583,0.8619,0.1803,7.3242,-0.6104,3.2349,0.9506,,
DATA,A001,4,468,457940,-0.3868,0.9446,0.1652,8.6670,0.0000,-2.6245,1.0340,,
DATA,A001,4,469,457950,-0.4230,1.0626,0.1351,8.3618,-1.9531,-9.9487,1.1516,,
DATA,A001,4,470,457960,-0.4454,1.1363,0.1212,8.7891,-4.6387,-14.7705,1.2265,,
DATA,A001,4,471,457970,-0.4479,1.2418,0.1200,8.3618,-10.5591,-22.9492,1.3255,,
DATA,A001,4,472,457980,-0.4427,1.2813,0.1205,5.0659,-14.0381,-29.3579,1.3610,,
DATA,A001,4,473,457990,-0.4310,1.2913,0.1183,-4.2725,-20.4468,-39.9780,1.3665,,
DATA,A001,4,474,458000,-0.4278,1.3055,0.0809,-6.1646,-23.8037,-45.8984,1.3762,,
DATA,A001,4,475,458010,-0.3978,1.4095,0.0983,5.1880,-28.5034,-54.2603,1.4678,,
DATA,A001,4,476,458020,-0.3666,1.4881,0.1288,7.3242,-29.1748,-61.4014,1.5380,,
DATA,A001,4,477,458030,-0.3246,1.4844,0.1915,-10.6812,-25.2686,-72.9980,1.5315,,
DATA,A001,4,478,458040,-0.3041,1.3921,0.1891,-27.2217,-19.5312,-79.7119,1.4375,,
DATA,A001,4,479,458050,-0.3412,1.2359,0.1339,-36.1328,-11.1694,-90.0879,1.2891,,
DATA,A001,4,480,458060,-0.3780,1.2225,0.1014,-27.7710,-9.3994,-97.5342,1.2836,,
DATA,A001,4,481,458070,-0.4237,1.3462,0.0675,-15.1978,-14.5264,-109.5581,1.4130,,
DATA,A001,4,482,458080,-0.4391,1.4380,0.0331,-16.7236,-22.0947,-116.7603,1.5039,,
DATA,A001,4,483,458090,-0.4440,1.4615,-0.0346,-28.8086,-39.0015,-126.7700,1.5278,,
DATA,A001,4,484,458100,-0.4347,1.4168,-0.0831,-34.5459,-51.5747,-134.1553,1.4843,,
DATA,A001,4,485,458110,-0.4232,1.3589,-0.1390,-34.2407,-71.8384,-144.5923,1.4301,,
DATA,A001,4,486,458120,-0.4169,1.3611,-0.1610,-30.7007,-85.1440,-150.4517,1.4326,,
DATA,A001,4,487,458130,-0.3890,1.4100,-0.1864,-25.8179,-102.4780,-158.0811,1.4745,,
DATA,A001,4,488,458140,-0.3634,1.4437,-0.1940,-24.2310,-111.3892,-161.5601,1.5013,,
DATA,A001,4,489,458150,-0.3231,1.4783,-0.1879,-24.5361,-117.7979,-166.8091,1.5248,,
DATA,A001,4,490,458160,-0.2911,1.4796,-0.1776,-25.8789,-118.8965,-170.0439,1.5183,,
DATA,A001,4,491,458170,-0.2557,1.4232,-0.1447,-30.2124,-115.1123,-174.9878,1.4532,,
DATA,A001,4,492,458180,-0.2428,1.3333,-0.1159,-34.3018,-111.8774,-177.4292,1.3602,,
DATA,A001,4,493,458190,-0.2543,1.1739,-0.0668,-37.7197,-104.9805,-181.3965,1.2030,,
DATA,A001,4,494,458200,-0.2657,1.0870,-0.0389,-35.5835,-98.9990,-183.7769,1.1197,,
DATA,A001,4,495,458210,-0.3067,0.9959,-0.0026,-28.0151,-93.2007,-186.6455,1.0421,,
DATA,A001,4,496,458220,-0.3407,0.9759,0.0179,-22.2778,-91.4917,-188.4766,1.0338,,
DATA,A001,4,497,458230,-0.3783,0.9749,0.0348,-16.2964,-94.5435,-191.1011,1.0463,,
DATA,A001,4,498,458240,-0.3898,0.9764,0.0294,-15.6250,-98.8770,-192.6880,1.0517,,
DATA,A001,4,499,458250,-0.4029,0.9610,0.0211,-17.4561,-104.4922,-194.3359,1.0423,,
DATA,A001,4,500,458260,-0.4066,0.9332,-0.0128,-20.9351,-113.0371,-196.5942,1.0180,,
DATA,A001,4,501,458270,-0.4049,0.9136,-0.0343,-21.7896,-118.7134,-197.8149,0.9999,,
DATA,A001,4,502,458280,-0.4068,0.9190,-0.0726,-21.5454,-125.4272,-199.2798,1.0077,,
DATA,A001,4,503,458290,-0.4015,0.9424,-0.1088,-21.4844,-128.3569,-199.9512,1.0302,,
DATA,A001,4,504,458300,-0.3795,0.9988,-0.1549,-22.8271,-129.2114,-201.2329,1.0797,,
DATA,A001,4,505,458310,-0.3492,1.0379,-0.1906,-24.5361,-126.8311,-201.2329,1.1115,,
DATA,A001,4,506,458320,-0.3050,1.0775,-0.2389,-28.5645,-118.2861,-199.3408,1.1450,,
DATA,A001,4,507,458330,-0.2816,1.0953,-0.2609,-31.0669,-109.4360,-197.2046,1.1606,,
DATA,A001,4,508,458340,-0.2496,1.1116,-0.2736,-32.8979,-94.6655,-192.4438,1.1717,,
DATA,A001,4,509,458350,-0.2350,1.1192,-0.2714,-33.3252,-83.4961,-188.3545,1.1754,,
DATA,A001,4,510,458360,-0.2115,1.1194,-0.2523,-35.4004,-65.7349,-181.0913,1.1669,,
DATA,A001,4,511,458370,-0.1969,1.1016,-0.2450,-37.2314,-53.0396,-175.4150,1.1456,,
DATA,A001,4,512,458380,-0.1852,1.0709,-0.2238,-38.5742,-33.2642,-166.3208,1.1095,,
DATA,A001,4,513,458390,-0.1815,1.0428,-0.2123,-37.7808,-19.1040,-159.8511,1.0795,,
DATA,A001,4,514,458400,-0.1798,1.0023,-0.2008,-34.7900,2.3804,-149.6582,1.0379,,
DATA,A001,4,515,458410,-0.1883,0.9835,-0.1950,-31.9214,15.8081,-142.6392,1.0201,,
DATA,A001,4,516,458420,-0.2088,0.9608,-0.1854,-26.4893,32.1655,-131.2256,1.0005,,
DATA,A001,4,517,458430,-0.2247,0.9363,-0.1784,-23.0103,40.2222,-123.3521,0.9793,,
DATA,A001,4,518,458440,-0.2479,0.8990,-0.1654,-17.6392,46.3867,-110.8398,0.9471,,
DATA,A001,4,519,458450,-0.2567,0.8731,-0.1569,-13.9160,48.0347,-101.8677,0.9235,,
DATA,A001,4,520,458460,-0.2540,0.8531,-0.1493,-7.0190,48.2788,-87.7686,0.9025,,
DATA,A001,4,521,458470,-0.2543,0.8514,-0.1376,-1.1597,47.8516,-77.5757,0.8991,,
DATA,A001,4,522,458480,-0.2630,0.8648,-0.1039,7.0801,44.7998,-61.4014,0.9099,,
DATA,A001,4,523,458490,-0.2799,0.8694,-0.0621,10.0098,39.6118,-50.1709,0.9155,,
DATA,A001,4,524,458500,-0.2977,0.8831,-0.0321,11.1694,29.2969,-31.5552,0.9325,,
DATA,A001,4,525,458510,-0.2682,0.9212,-0.0446,14.3433,23.1323,-17.3340,0.9605,,
DATA,A001,4,526,458520,-0.2186,0.9861,-0.0778,20.2637,21.9116,4.4556,1.0131,,
DATA,A001,4,527,458530,-0.2132,1.0074,-0.0910,21.1792,28.3203,20.8130,1.0337,,
DATA,A001,4,528,458540,-0.2543,0.9798,-0.0675,22.0947,38.2690,45.7153,1.0145,,
DATA,A001,4,529,458550,-0.3021,0.9210,-0.0460,22.7051,42.6636,60.7910,0.9703,,
DATA,A001,4,530,458560,-0.3580,0.8087,0.0118,27.4048,43.5181,82.5195,0.8844,,
DATA,A001,4,531,458570,-0.3746,0.7545,0.0616,35.2783,40.4053,96.0693,0.8446,,
DATA,A001,4,532,458580,-0.3575,0.6966,0.1224,48.0347,37.2925,112.9761,0.7925,,
DATA,A001,4,533,458590,-0.3246,0.6658,0.1590,55.6030,38.6353,122.2534,0.7576,,
DATA,A001,4,534,458600,-0.3009,0.6451,0.1979,63.6597,44.8608,131.1035,0.7388,,
DATA,A001,4,535,458610,-0.2965,0.6404,0.2721,79.7729,57.1289,145.0195,0.7564,,
DATA,A001,4,536,458620,-0.3199,0.6649,0.3180,90.9424,61.8286,154.6021,0.8034,,
DATA,A001,4,537,458630,-0.3761,0.7271,0.3824,104.5532,58.1665,167.2974,0.9035,,
DATA,A001,4,538,458640,-0.4254,0.7789,0.4303,110.0464,48.2788,174.5605,0.9863,,
DATA,A001,4,539,458650,-0.4808,0.8797,0.4750,112.5488,23.9258,183.4717,1.1093,,
DATA,A001,4,540,458660,-0.5001,0.9466,0.4816,109.9243,5.1880,188.1714,1.1739,,
DATA,A001,4,541,458670,-0.4967,1.0242,0.4503,100.8301,-22.8271,192.5659,1.2241,,
DATA,A001,4,542,458680,-0.4752,1.0499,0.4122,93.0786,-37.9028,194.2749,1.2239,,
DATA,A001,4,543,458690,-0.4122,1.0562,0.3507,83.1299,-51.6357,194.4580,1.1868,,
DATA,A001,4,544,458700,-0.3690,1.0506,0.3099,79.1016,-54.6265,194.5801,1.1558,,
DATA,A001,4,545,458710,-0.3138,1.0381,0.2640,77.3926,-52.8564,196.1060,1.1162,,
DATA,A001,4,546,458720,-0.3006,1.0406,0.2447,77.9419,-50.0488,197.6929,1.1105,,
DATA,A001,4,547,458730,-0.3014,1.0350,0.2394,78.4302,-47.8516,199.6460,1.1042,,
DATA,A001,4,548,458740,-0.3085,1.0386,0.2474,78.9185,-48.9502,200.3174,1.1114,,
DATA,A001,4,549,458750,-0.3187,1.0587,0.2718,80.1392,-52.9785,200.3174,1.1385,,
DATA,A001,4,550,458760,-0.3246,1.0787,0.2906,80.8105,-56.2134,199.5850,1.1633,,
DATA,A001,4,551,458770,-0.3219,1.1209,0.3207,79.9561,-57.4951,196.7163,1.2095,,
DATA,A001,4,552,458780,-0.3263,1.1468,0.3368,77.4536,-56.3965,193.9697,1.2390,,
DATA,A001,4,553,458790,-0.3544,1.1658,0.3434,71.4722,-55.4810,189.2700,1.2660,,
DATA,A001,4,554,458800,-0.3793,1.1629,0.3495,66.8335,-56.3965,184.5703,1.2721,,
DATA,A001,4,555,458810,-0.4090,1.1539,0.3492,60.4248,-61.9507,176.0254,1.2731,,
DATA,A001,4,556,458820,-0.4134,1.1424,0.3419,57.0068,-67.5049,169.4946,1.2621,,
DATA,A001,4,557,458830,-0.4261,1.1165,0.3314,51.3306,-78.1250,157.6538,1.2402,,
DATA,A001,4,558,458840,-0.4193,1.0921,0.3317,47.9126,-85.8765,148.6816,1.2159,,
DATA,A001,4,559,458850,-0.4015,1.0674,0.3236,43.2129,-96.2524,133.7891,1.1855,,
DATA,A001,4,560,458860,-0.3851,1.0486,0.3221,39.7949,-101.2573,122.9248,1.1626,,
DATA,A001,4,561,458870,-0.3680,1.0213,0.3143,33.9966,-105.1025,105.8350,1.1302,,
DATA,A001,4,562,458880,-0.3487,1.0005,0.2931,29.1748,-105.2246,93.7500,1.0994,,
DATA,A001,4,563,458890,-0.3094,0.9498,0.2779,21.3623,-100.7690,74.7070,1.0368,,
DATA,A001,4,564,458900,-0.2840,0.9178,0.2696,16.6016,-94.6045,61.8896,0.9979,,
DATA,A001,4,565,458910,-0.2530,0.8687,0.2557,11.2915,-81.4819,43.3960,0.9403,,
DATA,A001,4,566,458920,-0.2403,0.8528,0.2452,8.7891,-71.2891,31.6772,0.9194,,
DATA,A001,4,567,458930,-0.2313,0.8450,0.2413,6.7749,-60.9131,20.5078,0.9087,,
DATA,A001,4,568,458940,-0.2281,0.8541,0.2169,3.9673,-45.6543,5.0049,0.9102,,
DATA,A001,4,569,458950,-0.2320,0.8819,0.2096,2.5024,-35.6445,-4.5776,0.9357,,
DATA,A001,4,570,458960,-0.2486,0.9437,0.1859,1.0376,-21.4233,-17.7612,0.9934,,
DATA,A001,4,571,458970,-0.2701,0.9859,0.1652,-0.8545,-12.6953,-26.2451,1.0355,,
DATA,A001,4,572,458980,-0.2882,1.0440,0.1493,-4.2725,-1.6479,-38.6963,1.0933,,
DATA,A001,4,573,458990,-0.2977,1.0750,0.1444,-6.8359,4.3335,-46.8140,1.1248,,
DATA,A001,4,574,459000,-0.2955,1.1009,0.1271,-10.6201,12.3291,-59.0210,1.1469,,
DATA,A001,4,575,459010,-0.2880,1.0994,0.1258,-13.3667,18.0054,-67.7490,1.1435,,
DATA,A001,4,576,459020,-0.2892,1.0911,0.1092,-16.5405,25.4517,-80.6274,1.1341,,
DATA,A001,4,577,459030,-0.3165,1.1246,0.0843,-13.7939,29.5410,-87.4634,1.1713,,
DATA,A001,4,578,459040,-0.3700,1.2859,0.0819,-0.7935,30.0293,-94.7266,1.3406,,
DATA,A001,4,579,459050,-0.4010,1.4317,0.0773,5.4321,26.4893,-98.6938,1.4888,,
DATA,A001,4,580,459060,-0.4222,1.5926,0.0968,-1.3428,15.7471,-104.4922,1.6504,,
DATA,A001,4,581,459070,-0.4281,1.5931,0.0970,-16.1133,6.5918,-108.3984,1.6524,,
DATA,A001,4,582,459080,-0.4149,1.4551,0.0597,-36.7432,-6.4697,-113.8306,1.5143,,
DATA,A001,4,583,459090,-0.4076,1.3587,0.0272,-39.7339,-14.2822,-117.1265,1.4188,,
DATA,A001,4,584,459100,-0.4022,1.3223,-0.0270,-31.7383,-22.5830,-123.3521,1.3824,,
DATA,A001,4,585,459110,-0.3961,1.3379,-0.0548,-27.4048,-26.4282,-128.6011,1.3964,,
DATA,A001,4,586,459120,-0.3724,1.3428,-0.0853,-28.9307,-32.1045,-136.7188,1.3961,,
DATA,A001,4,587,459130,-0.3666,1.3262,-0.1090,-30.7617,-36.6211,-141.9067,1.3803,,
DATA,A001,4,588,459140,-0.3651,1.2999,-0.1325,-26.3062,-46.0815,-149.5361,1.3566,,
DATA,A001,4,589,459150,-0.3624,1.3121,-0.1434,-20.0806,-53.5278,-153.9917,1.3687,,
DATA,A001,4,590,459160,-0.3441,1.3399,-0.1427,-12.5732,-65.9180,-158.3862,1.3907,,
DATA,A001,4,591,459170,-0.3353,1.3509,-0.1373,-10.6812,-73.3032,-160.5835,1.3986,,
DATA,A001,4,592,459180,-0.3258,1.3250,-0.1344,-10.6812,-81.3599,-163.6963,1.3711,,
DATA,A001,4,593,459190,-0.3172,1.2903,-0.1327,-10.9253,-84.7778,-165.6494,1.3354,,
DATA,A001,4,594,459200,-0.3150,1.2073,-0.1229,-10.0098,-89.0503,-168.0298,1.2538,,
DATA,A001,4,595,459210,-0.3263,1.1480,-0.1119,-8.0566,-91.0034,-169.5557,1.1987,,
DATA,A001,4,596,459220,-0.3319,1.0877,-0.1005,-3.1738,-93.3228,-172.3022,1.1416,,
DATA,A001,4,597,459230,-0.3365,1.0684,-0.0853,0.7324,-95.2759,-173.9502,1.1234,,
DATA,A001,4,598,459240,-0.3429,1.0560,-0.0663,5.5542,-96.7407,-176.4526,1.1122,,
DATA,A001,4,599,459250,-0.3490,1.0560,-0.0553,7.2632,-97.9004,-178.2227,1.1135,,
DATA,A001,4,600,459260,-0.3495,1.0479,-0.0512,7.4463,-99.1821,-180.1147,1.1058,,
DATA,A001,4,601,459270,-0.3495,1.0015,-0.0485,4.5166,-102.8442,-183.1665,1.0619,,
DATA,A001,4,602,459280,-0.3588,0.9520,-0.0509,1.8921,-105.8350,-185.3638,1.0186,,
DATA,A001,4,603,459290,-0.3675,0.8953,-0.0599,1.8921,-109.1919,-188.7817,0.9697,,
DATA,A001,4,604,459300,-0.3705,0.8865,-0.0700,4.5166,-111.4502,-191.0400,0.9634,,
DATA,A001,4,605,459310,-0.3741,0.9090,-0.0822,8.1177,-116.0278,-192.8711,0.9864,,
DATA,A001,4,606,459320,-0.3841,0.9373,-0.0951,8.8501,-119.5679,-193.3594,1.0174,,
DATA,A001,4,607,459330,-0.3653,0.9813,-0.1195,6.7139,-125.5493,-193.4204,1.0539,,
DATA,A001,4,608,459340,-0.3463,0.9983,-0.1322,3.2349,-128.7231,-193.0542,1.0649,,
DATA,A001,4,609,459350,-0.2955,0.9937,-0.1439,-4.4556,-128.4790,-191.1011,1.0467,,
DATA,A001,4,610,459360,-0.2362,0.9793,-0.1661,-10.3149,-124.6948,-189.2700,1.0210,,
DATA,A001,4,611,459370,-0.0192,0.9710,-0.1998,-13.6719,-109.8022,-180.3589,0.9915,,
DATA,A001,4,612,459380,0.1632,0.9732,-0.2716,-15.6860,-94.3604,-166.2598,1.0235,,
DATA,A001,4,613,459390,0.3441,0.9244,-0.4203,-23.0103,-53.4668,-141.5405,1.0722,,
DATA,A001,4,614,459400,0.3803,0.8690,-0.4733,-25.4517,-10.1929,-128.7231,1.0600,,
DATA,A001,4,615,459410,0.2455,0.8113,-0.4362,-15.9302,53.1006,-112.2437,0.9533,,
DATA,A001,4,616,459420,0.0678,0.8204,-0.3810,-6.0425,90.6372,-100.4639,0.9071,,
DATA,A001,4,617,459430,-0.1710,0.8653,-0.2579,0.7324,123.8403,-79.6509,0.9190,,
DATA,A001,4,618,459440,-0.2765,0.8948,-0.1742,1.1597,127.0142,-67.3218,0.9526,,
DATA,A001,4,619,459450,-0.3805,0.9268,-0.0768,2.2583,107.8491,-53.4668,1.0048,,
DATA,A001,4,620,459460,-0.3902,0.9351,-0.0421,3.4180,81.9092,-45.3491,1.0142,,
DATA,A001,4,621,459470,-0.3065,0.9295,-0.0370,4.5166,33.5693,-28.6255,0.9794,,
DATA,A001,4,622,459480,-0.2191,0.9378,-0.0619,6.6528,4.5166,-15.3198,0.9650,,
DATA,A001,4,623,459490,-0.1376,0.9776,-0.1054,15.2588,-20.9351,2.5635,0.9928,,
DATA,A001,4,624,459500,-0.1290,1.0147,-0.1312,21.7896,-27.4048,13.6719,1.0313,,
DATA,A001,4,625,459510,-0.1842,1.0508,-0.1322,29.4800,-32.4097,28.9307,1.0750,,
DATA,A001,4,626,459520,-0.2433,1.0543,-0.1005,33.7524,-38.1470,38.2080,1.0866,,
DATA,A001,4,627,459530,-0.3185,1.0364,-0.0018,39.6118,-53.2227,51.8188,1.0843,,
DATA,A001,4,628,459540,-0.3363,1.0047,0.0709,42.2363,-67.1387,61.0352,1.0619,,
DATA,A001,4,629,459550,-0.2838,0.9417,0.1334,45.1050,-82.0312,75.0732,0.9926,,
DATA,A001,4,630,459560,-0.2079,0.9224,0.1322,49.5605,-83.3740,85.9375,0.9547,,
DATA,A001,4,631,459570,-0.1234,0.9483,0.1366,64.3311,-66.4673,102.8442,0.9660,,
DATA,A001,4,632,459580,-0.1134,0.9827,0.1488,73.1812,-45.8374,114.1968,1.0004,,
DATA,A001,4,633,459590,-0.1620,1.0347,0.1805,77.6367,-13.2446,131.4087,1.0628,,
DATA,A001,4,634,459600,-0.2201,1.0535,0.2091,78.4302,3.8452,142.7612,1.0964,,
DATA,A001,4,635,459610,-0.2628,1.0792,0.2223,79.6509,16.1743,154.1748,1.1327,,
DATA,A001,4,636,459620,-0.3004,1.1185,0.2286,81.6040,26.9165,171.2646,1.1805,,
DATA,A001,4,637,459630,-0.2975,1.1368,0.2252,82.0312,31.6772,181.1523,1.1964,,
DATA,A001,4,638,459640,-0.2784,1.1295,0.2279,80.1392,40.8325,192.4438,1.1854,,
DATA,A001,4,639,459650,-0.2755,1.1153,0.2223,80.0171,49.0112,198.5474,1.1701,,
DATA,A001,4,640,459660,-0.3043,1.1307,0.2274,86.9751,59.7534,208.2520,1.1928,,
DATA,A001,4,641,459670,-0.3509,1.1785,0.2577,95.5811,62.1338,214.7827,1.2564,,
DATA,A001,4,642,459680,-0.4210,1.3018,0.3375,106.5063,55.1147,223.2056,1.4092,,
DATA,A001,4,643,459690,-0.4715,1.3863,0.4010,108.9478,44.0063,226.3184,1.5182,,
DATA,A001,4,644,459700,-0.5113,1.4952,0.4711,104.1870,20.9351,226.6235,1.6489,,
DATA,A001,4,645,459710,-0.5170,1.5320,0.4813,96.5576,3.4790,223.3887,1.6870,,
DATA,A001,4,646,459720,-0.5011,1.5045,0.4510,80.8716,-21.9727,213.9282,1.6486,,
DATA,A001,4,647,459730,-0.4764,1.4398,0.4029,68.9087,-36.4380,205.0781,1.5692,,
DATA,A001,4,648,459740,-0.4132,1.2842,0.3260,52.7344,-51.1475,187.9272,1.3879,,
DATA,A001,4,649,459750,-0.3736,1.1619,0.2833,45.6543,-55.2368,175.1099,1.2530,,
DATA,A001,4,650,459760,-0.3470,1.0057,0.2606,41.1377,-53.4058,154.2358,1.0953,,
DATA,A001,4,651,459770,-0.3612,0.9376,0.2623,41.7480,-51.1475,141.7236,1.0384,,
DATA,A001,4,652,459780,-0.4159,0.8641,0.2618,42.2974,-54.2603,121.0327,0.9940,,
DATA,A001,4,653,459790,-0.3671,0.8389,0.3087,41.9922,-55.9082,106.2622,0.9663,,
DATA,A001,4,654,459800,-0.2599,0.8045,0.2945,34.4238,-55.7251,89.5386,0.8953,,
DATA,A001,4,655,459810,-0.2118,0.7632,0.2628,28.9307,-48.1567,81.1157,0.8345,,
DATA,A001,4,656,459820,-0.2259,0.7208,0.2225,23.4375,-34.0576,65.1855,0.7874,,
DATA,A001,4,657,459830,-0.2555,0.7025,0.1859,21.4233,-24.7803,54.8096,0.7702,,
DATA,A001,4,658,459840,-0.2941,0.6929,0.1698,21.6675,-20.1416,42.6636,0.7717,,
DATA,A001,4,659,459850,-0.3058,0.6995,0.1678,22.3999,-20.1416,36.0718,0.7817,,
DATA,A001,4,660,459860,-0.3158,0.7129,0.1744,20.7520,-21.9116,27.9541,0.7990,,
DATA,A001,4,661,459870,-0.3124,0.7315,0.1818,18.3716,-23.0713,23.4985,0.8159,,
DATA,A001,4,662,459880,-0.3248,0.7420,0.1996,15.0146,-25.6348,17.0898,0.8342,,
DATA,A001,4,663,459890,-0.3277,0.7435,0.2150,12.2070,-27.8320,12.6953,0.8405,,
DATA,A001,4,664,459900,-0.3326,0.7410,0.2184,7.2632,-30.6396,7.2021,0.8411,,
DATA,A001,4,665,459910,-0.3299,0.7259,0.2198,4.8828,-31.9214,3.5400,0.8271,,
DATA,A001,4,666,459920,-0.3270,0.7322,0.2196,4.6387,-31.9214,-2.1362,0.8315,,
DATA,A001,4,667,459930,-0.3248,0.7435,0.2262,5.3101,-30.5786,-6.4697,0.8423,,
DATA,A001,4,668,459940,-0.3138,0.7620,0.2320,2.9907,-27.2827,-13.3057,0.8562,,
DATA,A001,4,669,459950,-0.3116,0.7523,0.2311,-0.3662,-24.1699,-18.1274,0.8464,,
DATA,A001,4,670,459960,-0.3107,0.7352,0.2286,-3.7231,-20.7520,-23.1934,0.8302,,
DATA,A001,4,671,459970,-0.2992,0.7073,0.2191,-5.6152,-14.8315,-31.4331,0.7986,,
DATA,A001,4,672,459980,-0.2999,0.7027,0.2069,-4.9438,-10.8032,-37.0483,0.7915,,
DATA,A001,4,673,459990,-0.3121,0.7515,0.1761,-1.5259,-4.7607,-45.1660,0.8326,,
DATA,A001,4,674,460000,-0.3246,0.8069,0.1476,1.7700,-0.7935,-50.1709,0.8822,,
DATA,A001,4,675,460010,-0.3390,0.9356,0.0978,6.2256,4.5166,-57.5562,0.9999,,
DATA,A001,4,676,460020,-0.3534,1.0296,0.0626,8.1177,7.8125,-62.4390,1.0904,,
DATA,A001,4,677,460030,-0.3778,1.1802,0.0062,10.8032,11.4136,-69.3359,1.2392,,
DATA,A001,4,678,460040,-0.4039,1.2842,-0.0216,13.1226,11.6577,-74.3408,1.3464,,
DATA,A001,4,679,460050,-0.4725,1.4485,-0.0541,15.8691,4.9438,-82.0312,1.5246,,
DATA,A001,4,680,460060,-0.5255,1.5738,-0.0675,17.7612,-5.0049,-86.7310,1.6606,,
DATA,A001,4,681,460070,-0.5575,1.8025,-0.0714,20.6909,-26.3672,-93.5059,1.8881,,
DATA,A001,4,682,460080,-0.5372,1.9317,-0.0380,18.7988,-41.1377,-99.4263,2.0054,,
DATA,A001,4,683,460090,-0.4545,1.9937,0.0189,2.0142,-55.2979,-109.7412,2.0449,,
DATA,A001,4,684,460100,-0.3844,1.9031,0.0194,-15.2588,-56.7017,-117.3096,1.9417,,
DATA,A001,4,685,460110,-0.2721,1.6834,0.0475,-30.8228,-44.5557,-130.5542,1.7059,,
DATA,A001,4,686,460120,-0.2181,1.5523,0.0445,-33.4473,-31.0669,-140.6250,1.5682,,
DATA,A001,4,687,460130,-0.1984,1.3814,0.0514,-35.5225,-7.6904,-154.3579,1.3965,,
DATA,A001,4,688,460140,-0.2250,1.2637,0.1024,-38.8794,2.9297,-162.0483,1.2877,,
DATA,A001,4,689,460150,-0.3326,1.0648,0.1691,-41.4429,4.3335,-168.5791,1.1282,,
DATA,A001,4,690,460160,-0.4032,0.9749,0.1700,-37.0483,-5.0049,-170.8374,1.0686,,
DATA,A001,4,691,460170,-0.4618,0.9854,0.1376,-21.3623,-26.3062,-173.2178,1.0969,,
DATA,A001,4,692,460180,-0.4757,1.0833,0.0861,-11.0474,-39.0015,-172.3022,1.1863,,
DATA,A001,4,693,460190,-0.4715,1.2857,-0.0258,-5.1270,-49.6216,-168.2739,1.3697,,
DATA,A001,4,694,460200,-0.4791,1.3851,-0.0951,-8.4839,-52.8564,-166.3818,1.4687,,
DATA,A001,4,695,460210,-0.4969,1.4319,-0.1945,-18.9209,-53.1006,-164.0015,1.5281,,
DATA,A001,4,696,460220,-0.5170,1.4039,-0.2330,-26.1230,-54.8096,-161.7432,1.5141,,
DATA,A001,4,697,460230,-0.5316,1.2947,-0.2460,-33.3862,-61.4624,-159.4849,1.4211,,
DATA,A001,4,698,460240,-0.5299,1.2064,-0.2518,-36.2549,-70.3125,-158.9355,1.3415,,
DATA,A001,4,699,460250,-0.4798,1.0965,-0.2487,-34.9121,-85.2051,-161.3159,1.2225,,
DATA,A001,4,700,460260,-0.4237,1.0587,-0.2399,-29.8462,-92.4072,-164.9780,1.1652,,
DATA,A001,4,701,460270,-0.3421,1.0499,-0.1881,-20.7520,-97.2290,-170.9595,1.1201,,
DATA,A001,4,702,460280,-0.2967,1.0501,-0.1400,-16.6016,-97.6562,-174.3774,1.1002,,
DATA,A001,4,703,460290,-0.2626,1.0399,-0.0680,-15.0146,-96.5576,-178.2227,1.0746,,
DATA,A001,4,704,460300,-0.2460,1.0103,-0.0292,-16.1743,-95.3369,-180.4199,1.0402,,
DATA,A001,4,705,460310,-0.2372,0.9503,0.0101,-17.8223,-93.0786,-183.2275,0.9795,,
DATA,A001,4,706,460320,-0.2374,0.9129,0.0184,-17.8223,-90.2710,-184.3872,0.9434,,
DATA,A001,4,707,460330,-0.2386,0.8807,0.0099,-16.8457,-86.4258,-185.1807,0.9125,,
DATA,A001,4,708,460340,-0.2594,0.8475,-0.0158,-13.9160,-78.6743,-185.3027,0.8864,,
DATA,A001,4,709,460350,-0.2701,0.8350,-0.0372,-11.9629,-73.1812,-184.5703,0.8784,,
DATA,A001,4,710,460360,-0.2826,0.8301,-0.0685,-9.0332,-64.8804,-181.6406,0.8796,,
DATA,A001,4,711,460370,-0.2845,0.8314,-0.0883,-7.3853,-60.1807,-179.1382,0.8831,,
DATA,A001,4,712,460380,-0.2792,0.8353,-0.1137,-4.9438,-53.8330,-173.8281,0.8880,,
DATA,A001,4,713,460390,-0.2767,0.8358,-0.1273,-3.4790,-50.1709,-168.9453,0.8895,,
DATA,A001,4,714,460400,-0.2811,0.8553,-0.1422,-1.2207,-46.3867,-159.9121,0.9115,,
DATA,A001,4,715,460410,-0.2816,0.8702,-0.1498,0.0610,-44.9829,-152.8931,0.9268,,
DATA,A001,4,716,460420,-0.2831,0.8990,-0.1486,2.2583,-45.7153,-140.8081,0.9541,,
DATA,A001,4,717,460430,-0.2843,0.9146,-0.1442,3.2349,-47.5464,-131.7139,0.9686,,
DATA,A001,4,718,460440,-0.2789,0.9346,-0.1244,3.4180,-51.4526,-116.7603,0.9833,,
DATA,A001,4,719,460450,-0.2782,0.9398,-0.1139,3.1128,-53.8330,-106.3232,0.9867,,
DATA,A001,4,720,460460,-0.2721,0.9578,-0.0946,5.1270,-56.6406,-90.0879,1.0002,,
DATA,A001,4,721,460470,-0.2672,0.9778,-0.0819,7.9956,-57.4951,-78.5522,1.0170,,
DATA,A001,4,722,460480,-0.2621,1.0208,-0.0587,12.9395,-57.8003,-60.4248,1.0555,,
DATA,A001,4,723,460490,-0.2574,1.0406,-0.0411,14.5264,-57.4951,-48.6450,1.0727,,
DATA,A001,4,724,460500,-0.2589,1.0311,-0.0060,13.2446,-57.3120,-32.4097,1.0631,,
DATA,A001,4,725,460510,-0.2545,0.9983,0.0145,12.1460,-57.2510,-22.4609,1.0304,,
DATA,A001,4,726,460520,-0.2504,0.9222,0.0421,10.9253,-56.2744,-9.1553,0.9565,,
DATA,A001,4,727,460530,-0.2320,0.8731,0.0587,11.3525,-54.0161,-1.1597,0.9053,,
DATA,A001,4,728,460540,-0.2057,0.8094,0.0892,14.8926,-48.2788,10.1318,0.8399,,
DATA,A001,4,729,460550,-0.1864,0.7894,0.1068,18.2495,-41.7480,16.9067,0.8181,,
DATA,A001,4,730,460560,-0.1742,0.7806,0.1112,22.4609,-26.3672,28.2593,0.8075,,
DATA,A001,4,731,460570,-0.1671,0.7899,0.0961,26.4282,-13.1226,36.9263,0.8130,,
DATA,A001,4,732,460580,-0.1722,0.8067,0.0897,32.4097,8.1787,49.3164,0.8297,,
DATA,A001,4,733,460590,-0.1813,0.8174,0.0917,35.4614,23.1934,58.7158,0.8423,,
DATA,A001,4,734,460600,-0.2140,0.8472,0.0841,40.7104,44.6167,74.3408,0.8779,,
DATA,A001,4,735,460610,-0.2406,0.8655,0.0848,45.1050,56.0303,85.6934,0.9023,,
DATA,A001,4,736,460620,-0.2941,0.8770,0.0870,50.4150,67.1387,103.7598,0.9291,,
DATA,A001,4,737,460630,-0.3277,0.8638,0.1039,52.1851,70.3125,115.4785,0.9297,,
DATA,A001,4,738,460640,-0.3534,0.8377,0.1234,53.2837,70.8008,126.4648,0.9175,,
DATA,A001,4,739,460650,-0.3827,0.7933,0.1341,56.2744,67.8101,142.8833,0.8909,,
DATA,A001,4,740,460660,-0.3859,0.7762,0.1390,62.2559,65.6128,154.2358,0.8779,,
DATA,A001,4,741,460670,-0.4042,0.8194,0.1632,76.2939,64.3311,170.1050,0.9281,,
DATA,A001,4,742,460680,-0.4462,0.9144,0.2106,89.1724,65.5518,184.0210,1.0390,,
DATA,A001,4,743,460690,-0.4830,0.9844,0.2572,93.5059,63.9648,192.1997,1.1263,,
DATA,A001,4,744,460700,-0.5223,1.0418,0.2999,94.3604,58.3496,199.3408,1.2034,,
DATA,A001,4,745,460710,-0.5643,1.0970,0.3475,92.4072,43.2129,207.3975,1.2816,,
DATA,A001,4,746,460720,-0.5804,1.1212,0.3556,90.5151,28.3813,211.1816,1.3116,,
DATA,A001,4,747,460730,-0.5802,1.1426,0.3426,88.1958,2.7466,214.2334,1.3265,,
DATA,A001,4,748,460740,-0.5504,1.1553,0.3221,87.1582,-12.9395,213.9282,1.3197,,
DATA,A001,4,749,460750,-0.4930,1.1749,0.2923,85.5713,-32.2266,210.3271,1.3072,,
DATA,A001,4,750,460760,-0.4608,1.1761,0.2677,83.9844,-40.7715,206.6650,1.2912,,
DATA,A001,4,751,460770,-0.4261,1.1622,0.2447,80.9937,-48.4009,199.0356,1.2618,,
DATA,A001,4,752,460780,-0.4125,1.1407,0.2374,78.9795,-51.5137,192.5049,1.2360,,
DATA,A001,4,753,460790,-0.4108,1.0960,0.2472,75.6836,-55.1758,181.7627,1.1963,,
DATA,A001,4,754,460800,-0.4037,1.0525,0.2565,73.3032,-57.3730,173.7671,1.1561,,
DATA,A001,4,755,460810,-0.3932,0.9822,0.2814,70.0073,-60.1807,161.4380,1.0948,,
DATA,A001,4,756,460820,-0.3895,0.9459,0.2897,68.6035,-61.1572,153.3813,1.0631,,
DATA,A001,4,757,460830,-0.3807,0.9114,0.2850,67.8711,-61.4624,141.4185,1.0281,,
DATA,A001,4,758,460840,-0.3763,0.9051,0.2819,67.9321,-61.2183,133.5449,1.0199,,
DATA,A001,4,759,460850,-0.3705,0.9175,0.2711,67.1387,-60.7910,122.0093,1.0260,,
DATA,A001,4,760,460860,-0.3653,0.9293,0.2670,65.7349,-60.6689,114.2578,1.0336,,
DATA,A001,4,761,460870,-0.3666,0.9363,0.2696,61.7676,-59.2651,102.9663,1.0411,,
DATA,A001,4,762,460880,-0.3649,0.9390,0.2789,58.7769,-58.2886,95.5811,1.0453,,
DATA,A001,4,763,460890,-0.3666,0.9358,0.2872,54.1382,-57.6172,84.9609,1.0453,,
DATA,A001,4,764,460900,-0.3675,0.9305,0.2909,50.6592,-57.0679,78.0640,1.0419,,
DATA,A001,4,765,460910,-0.3531,0.9188,0.3043,45.3491,-55.4199,67.0166,1.0303,,
DATA,A001,4,766,460920,-0.3414,0.9083,0.3136,41.7480,-52.6123,59.1431,1.0197,,
DATA,A001,4,767,460930,-0.3229,0.9031,0.3168,36.4990,-47.5464,47.4243,1.0101,,
DATA,A001,4,768,460940,-0.3124,0.8961,0.3238,33.5083,-42.6636,40.1001,1.0027,,
DATA,A001,4,769,460950,-0.2970,0.9007,0.3219,28.5645,-32.7148,28.6255,1.0015,,
DATA,A001,4,770,460960,-0.2904,0.8975,0.3224,23.9868,-25.3296,20.5078,0.9969,,
DATA,A001,4,771,460970,-0.2897,0.8834,0.3126,17.8223,-12.7563,8.1177,0.9808,,
DATA,A001,4,772,460980,-0.2911,0.8746,0.3016,14.8315,-4.6387,0.1221,0.9698,,
DATA,A001,4,773,460990,-0.2994,0.8790,0.2919,12.6953,1.9531,-7.5684,0.9734,,
DATA,A001,4,774,461000,-0.3346,0.9175,0.2599,11.6577,8.7280,-17.7002,1.0106,,
DATA,A001,4,775,461010,-0.3614,0.9583,0.2296,11.0474,9.4604,-24.1089,1.0496,,
DATA,A001,4,776,461020,-0.3951,1.0323,0.1866,9.8877,5.7373,-33.6304,1.1210,,
DATA,A001,4,777,461030,-0.4156,1.0836,0.1595,9.5215,0.7324,-39.4287,1.1715,,
DATA,A001,4,778,461040,-0.4293,1.1636,0.1088,9.3994,-8.6670,-47.9736,1.2451,,
DATA,A001,4,779,461050,-0.4325,1.2110,0.0799,9.5215,-15.0146,-53.9551,1.2884,,
DATA,A001,4,780,461060,-0.4337,1.2720,0.0502,9.5215,-25.2075,-63.1104,1.3449,,
DATA,A001,4,781,461070,-0.4274,1.2864,0.0448,9.3384,-32.1655,-69.3359,1.3563,,
DATA,A001,4,782,461080,-0.4076,1.2891,0.0482,7.8735,-42.2363,-79.7119,1.3529,,
DATA,A001,4,783,461090,-0.4061,1.3045,0.0472,9.0332,-47.7295,-86.2427,1.3671,,
DATA,A001,4,784,461100,-0.4017,1.4034,0.0951,16.9678,-58.5327,-94.4824,1.4628,,
DATA,A001,4,785,461110,-0.3895,1.4796,0.1283,18.3105,-65.1245,-98.7549,1.5353,,
DATA,A001,4,786,461120,-0.3243,1.4844,0.2006,4.8828,-72.2046,-106.2622,1.5326,,
DATA,A001,4,787,461130,-0.2694,1.3951,0.2406,-11.1084,-70.3125,-112.2437,1.4411,,
DATA,A001,4,788,461140,-0.2311,1.2203,0.1932,-29.0527,-56.7017,-120.9717,1.2569,,
DATA,A001,4,789,461150,-0.2284,1.1524,0.1236,-29.4800,-43.3350,-125.8545,1.1813,,
DATA,A001,4,790,461160,-0.2713,1.1883,0.0353,-17.0898,-24.9023,-130.6763,1.2194,,
DATA,A001,4,791,461170,-0.2994,1.2669,-0.0060,-10.8032,-16.1743,-132.2632,1.3018,,
DATA,A001,4,792,461180,-0.3426,1.3458,-0.0558,-14.7705,-12.5732,-131.9580,1.3898,,
DATA,A001,4,793,461190,-0.3639,1.3343,-0.0978,-20.8740,-14.4043,-130.0049,1.3865,,
DATA,A001,4,794,461200,-0.3824,1.2979,-0.1466,-21.9727,-23.9868,-125.6714,1.3610,,
DATA,A001,4,795,461210,-0.3907,1.2957,-0.1681,-18.0054,-33.3252,-121.5820,1.3637,,
DATA,A001,4,796,461220,-0.3951,1.3069,-0.1808,-14.2212,-49.5605,-113.2812,1.3773,,
DATA,A001,4,797,461230,-0.3905,1.2942,-0.1835,-16.0522,-61.0352,-107.5439,1.3643,,
DATA,A001,4,798,461240,-0.3849,1.2244,-0.1788,-21.0571,-77.4536,-99.7925,1.2959,,
DATA,A001,4,799,461250,-0.3783,1.1448,-0.1657,-23.8037,-88.0127,-95.6421,1.2170,,
DATA,A001,4,800,461260,-0.3614,1.0279,-0.1415,-23.7427,-102.6001,-91.4307,1.0987,,
DATA,A001,4,801,461270,-0.3531,0.9647,-0.1183,-21.7285,-111.6333,-90.3320,1.0341,,
DATA,A001,4,802,461280,-0.3265,0.8909,-0.0817,-17.2119,-122.7417,-90.2100,0.9524,,
DATA,A001,4,803,461290,-0.3080,0.8572,-0.0575,-14.4043,-128.4790,-91.6138,0.9127,,
DATA,A001,4,804,461300,-0.2657,0.8248,-0.0314,-10.8643,-132.5684,-94.9707,0.8671,,
DATA,A001,4,805,461310,-0.2452,0.8096,-0.0216,-9.3384,-133.0566,-97.5342,0.8462,,
DATA,A001,4,806,461320,-0.2318,0.7962,-0.0228,-7.5073,-132.0190,-99.9146,0.8296,,
DATA,A001,4,807,461330,-0.2279,0.7916,-0.0297,-4.0894,-130.0049,-102.9663,0.8242,,
DATA,A001,4,808,461340,-0.2340,0.7945,-0.0509,-1.4648,-129.7607,-104.7974,0.8298,,
DATA,A001,4,809,461350,-0.2447,0.7911,-0.0690,2.0142,-133.3008,-107.2998,0.8309,,
DATA,A001,4,810,461360,-0.2474,0.7874,-0.0758,3.1128,-138.3057,-108.5205,0.8288,,
DATA,A001,4,811,461370,-0.2477,0.7693,-0.0795,2.9297,-146.2402,-108.2153,0.8121,,
DATA,A001,4,812,461380,-0.2396,0.7554,-0.0812,2.5635,-150.6958,-106.6284,0.7967,,
DATA,A001,4,813,461390,-0.2335,0.7449,-0.0785,1.6479,-155.5176,-101.8066,0.7846,,
DATA,A001,4,814,461400,-0.2311,0.7479,-0.0743,0.6714,-157.1655,-97.4121,0.7863,,
DATA,A001,4,815,461410,-0.2267,0.7613,-0.0761,-2.8687,-155.9448,-88.6841,0.7980,,
DATA,A001,4,816,461420,-0.2201,0.7750,-0.0917,-6.4087,-151.6724,-81.9702,0.8108,,
DATA,A001,4,817,461430,-0.2128,0.7864,-0.1141,-9.7046,-141.4185,-70.8008,0.8227,,
DATA,A001,4,818,461440,-0.2128,0.8045,-0.1244,-9.9487,-132.6294,-62.4390,0.8414,,
DATA,A001,4,819,461450,-0.2381,0.8546,-0.1154,-7.8125,-117.5537,-49.2554,0.8946,,
DATA,A001,4,820,461460,-0.2587,0.9046,-0.0968,-6.0425,-108.0322,-40.9546,0.9458,,
DATA,A001,4,821,461470,-0.2848,0.9759,-0.0827,-8.4839,-96.6797,-30.3955,1.0199,,
DATA,A001,4,822,461480,-0.2965,1.0096,-0.0861,-12.7563,-91.4307,-24.6582,1.0557,,
DATA,A001,4,823,461490,-0.2919,1.0391,-0.0897,-16.5405,-85.8154,-19.2261,1.0831,,
DATA,A001,4,824,461500,-0.2850,1.0628,-0.0907,-16.6626,-83.6792,-18.4326,1.1041,,
DATA,A001,4,825,461510,-0.2550,1.1024,-0.0953,-14.3433,-80.2002,-20.9961,1.1355,,
DATA,A001,4,826,461520,-0.2206,1.1407,-0.1049,-11.8408,-76.8433,-24.1089,1.1665,,
DATA,A001,4,827,461530,-0.1544,1.2166,-0.1200,-6.2866,-69.2139,-29.4189,1.2322,,
DATA,A001,4,828,461540,-0.0870,1.2776,-0.1305,-1.5259,-62.4390,-32.1045,1.2872,,
DATA,A001,4,829,461550,0.0228,1.3653,-0.1337,4.8828,-49.0723,-34.7290,1.3720,,
DATA,A001,4,830,461560,0.0729,1.4031,-0.1212,6.3477,-38.0859,-36.1938,1.4102,,
DATA,A001,4,831,461570,0.1220,1.3880,-0.1019,4.6387,-18.9819,-36.6821,1.3971,,
DATA,A001,4,832,461580,0.1464,1.3328,-0.0985,2.5635,-5.2490,-36.0718,1.3445,,
DATA,A001,4,833,461590,0.1586,1.2510,-0.1024,7.7515,14.4043,-28.9307,1.2652,,
DATA,A001,4,834,461600,0.1520,1.2352,-0.1149,17.6392,29.4189,-22.4609,1.2498,,
DATA,A001,4,835,461610,0.1015,1.2569,-0.1259,32.7148,53.5889,-14.0381,1.2672,,
DATA,A001,4,836,461620,0.0648,1.2857,-0.0961,40.1611,70.7397,-10.0098,1.2909,,
DATA,A001,4,837,461630,-0.0143,1.3162,-0.0118,47.7905,91.3696,-1.9531,1.3164,,
DATA,A001,4,838,461640,-0.0704,1.3094,0.0416,49.8047,98.8159,5.6763,1.3119,,
DATA,A001,4,839,461650,-0.1063,1.2059,0.1229,47.7905,97.3511,19.6533,1.2168,,
DATA,A001,4,840,461660,-0.1180,1.1097,0.1818,44.3726,90.9424,29.7241,1.1306,,
DATA,A001,4,841,461670,-0.1146,1.0184,0.2213,43.1519,83.0078,40.1611,1.0484,,
DATA,A001,4,842,461680,-0.1068,0.9293,0.2194,48.0347,70.3125,57.8003,0.9607,,
DATA,A001,4,843,461690,-0.1056,0.8873,0.2218,51.2085,61.5845,68.7866,0.9206,,
DATA,A001,4,844,461700,-0.1200,0.8209,0.2347,51.5747,50.5371,83.1909,0.8622,,
DATA,A001,4,845,461710,-0.1400,0.7742,0.2347,52.1851,42.2974,92.0410,0.8211,,
DATA,A001,4,846,461720,-0.1891,0.7615,0.2269,60.3027,27.9541,103.6377,0.8168,,
DATA,A001,4,847,461730,-0.2020,0.8057,0.2152,69.8242,17.0288,110.2905,0.8581,,
DATA,A001,4,848,461740,-0.1854,0.9275,0.1827,81.0547,0.8545,117.4316,0.9634,,
DATA,A001,4,849,461750,-0.1727,1.0057,0.1708,82.3975,-7.7515,119.9341,1.0346,,
DATA,A001,4,850,461760,-0.1505,1.0953,0.1700,80.2002,-13.7939,121.2769,1.1186,,
DATA,A001,4,851,461770,-0.1446,1.1544,0.1786,79.9561,-14.3433,120.4834,1.1770,,
DATA,A001,4,852,461780,-0.1424,1.2403,0.1864,80.4443,-12.0850,118.9575,1.2623,,
DATA,A001,4,853,461790,-0.1483,1.2664,0.2040,77.6978,-9.7656,116.8823,1.2913,,
DATA,A001,4,854,461800,-0.1493,1.2474,0.2433,67.9932,-3.7231,111.5723,1.2796,,
DATA,A001,4,855,461810,-0.1439,1.1844,0.2635,60.1807,2.3804,107.7271,1.2219,,
DATA,A001,4,856,461820,-0.1378,1.0550,0.2809,51.7578,15.3809,101.6846,1.1004,,
DATA,A001,4,857,461830,-0.1380,0.9700,0.2831,48.7061,24.9023,97.4731,1.0199,,
DATA,A001,4,858,461840,-0.1402,0.8509,0.2784,46.2036,39.4897,91.3696,0.9062,,
DATA,A001,4,859,461850,-0.1412,0.7903,0.2704,44.9219,48.8281,87.8296,0.8472,,
DATA,A001,4,860,461860,-0.1590,0.7127,0.2601,45.2271,61.7676,83.1909,0.7752,,
DATA,A001,4,861,461870,-0.1749,0.6800,0.2628,47.0581,67.8101,80.0171,0.7497,,
DATA,A001,4,862,461880,-0.2215,0.6583,0.2718,50.5371,70.4956,76.2939,0.7458,,
DATA,A001,4,863,461890,-0.2535,0.6597,0.2760,51.8799,66.9556,74.6460,0.7587,,
DATA,A001,4,864,461900,-0.2814,0.6697,0.2848,52.2461,55.5420,73.1201,0.7803,,
DATA,A001,4,865,461910,-0.2865,0.6856,0.2880,52.6733,46.2646,72.6929,0.7969,,
DATA,A001,4,866,461920,-0.2767,0.7217,0.2992,53.7720,34.7290,72.8760,0.8288,,
DATA,A001,4,867,461930,-0.2692,0.7515,0.3048,53.8330,29.4189,73.2422,0.8545,,
DATA,A001,4,868,461940,-0.2706,0.7999,0.3109,52.2461,25.8789,74.3408,0.8998,,
DATA,A001,4,869,461950,-0.2806,0.8304,0.3182,50.2930,25.1465,75.1343,0.9325,,
DATA,A001,4,870,461960,-0.2938,0.8536,0.3265,46.4478,24.5972,75.5005,0.9600,,
DATA,A001,4,871,461970,-0.3033,0.8524,0.3314,43.0298,23.8647,75.1953,0.9635,,
DATA,A001,4,872,461980,-0.3209,0.8340,0.3356,38.8184,21.5454,73.5474,0.9546,,
DATA,A001,4,873,461990,-0.3197,0.8192,0.3295,37.3535,18.7988,71.5942,0.9390,,
DATA,A001,4,874,462000,-0.3099,0.8062,0.3256,36.6211,16.0522,68.4814,0.9230,,
DATA,A001,4,875,462010,-0.2860,0.7923,0.3287,36.0718,12.5732,61.4014,0.9042,,
DATA,A001,4,876,462020,-0.2716,0.7899,0.3299,34.7900,11.2915,55.6641,0.8981,,
DATA,A001,4,877,462030,-0.2552,0.7894,0.3204,33.2031,11.7798,45.9595,0.8893,,
DATA,A001,4,878,462040,-0.2508,0.8126,0.3080,33.5083,13.3667,39.3677,0.9044,,
DATA,A001,4,879,462050,-0.2525,0.8968,0.2799,36.3770,16.3574,29.9072,0.9728,,
DATA,A001,4,880,462060,-0.2579,0.9876,0.2616,38.3911,17.8833,23.6206,1.0537,,
DATA,A001,4,881,462070,-0.2718,1.1468,0.2403,38.8184,18.9209,13.6108,1.2028,,
DATA,A001,4,882,462080,-0.2782,1.2525,0.2294,36.8042,19.8975,6.1035,1.3034,,
DATA,A001,4,883,462090,-0.2823,1.3997,0.2167,29.8462,22.1558,-6.8970,1.4443,,
DATA,A001,4,884,462100,-0.2728,1.4651,0.2025,22.1558,25.8789,-17.2729,1.5040,,
DATA,A001,4,885,462110,-0.2438,1.4825,0.1713,8.0566,35.2173,-34.7900,1.5121,,
DATA,A001,4,886,462120,-0.2269,1.4400,0.1547,-0.7935,43.6401,-47.0581,1.4659,,
DATA,A001,4,887,462130,-0.2040,1.3421,0.1249,-6.9580,56.2134,-64.4531,1.3632,,
DATA,A001,4,888,462140,-0.2018,1.3387,0.1244,-1.4038,63.7817,-72.9980,1.3595,,
DATA,A001,4,889,462150,-0.2162,1.4869,0.2037,14.2822,71.2280,-82.2144,1.5163,,
DATA,A001,4,890,462160,-0.2482,1.5855,0.2450,14.3433,75.3174,-87.7075,1.6234,,
DATA,A001,4,891,462170,-0.2977,1.5687,0.2858,-5.4321,75.6226,-95.9473,1.6220,,
DATA,A001,4,892,462180,-0.3341,1.4410,0.2840,-19.8364,72.9370,-100.8301,1.5062,,
DATA,A001,4,893,462190,-0.3885,1.2654,0.2511,-25.0854,66.6504,-107.9712,1.3473,,
DATA,A001,4,894,462200,-0.4173,1.2313,0.2384,-19.1650,60.7910,-113.4644,1.3217,,
DATA,A001,4,895,462210,-0.4347,1.2747,0.2267,-10.8032,48.5840,-123.7793,1.3657,,
DATA,A001,4,896,462220,-0.4242,1.2947,0.2159,-13.0615,38.1470,-132.2632,1.3795,,
DATA,A001,4,897,462230,-0.3898,1.2342,0.1737,-22.7661,18.1274,-145.6299,1.3059,,
DATA,A001,4,898,462240,-0.3668,1.1656,0.1476,-25.2686,2.3804,-153.5034,1.2308,,
DATA,A001,4,899,462250,-0.3348,1.1058,0.1222,-20.6299,-24.2310,-163.4521,1.1618,,
DATA,A001,4,900,462260,-0.3236,1.0865,0.1158,-16.9067,-41.8701,-168.4570,1.1396,,
DATA,A001,4,901,462270,-0.3229,1.0667,0.1044,-16.5405,-66.8335,-173.8892,1.1194,,
DATA,A001,4,902,462280,-0.3107,1.0726,0.0995,-17.1509,-80.9937,-177.3682,1.1211,,
DATA,A001,4,903,462290,-0.2914,1.1028,0.0834,-15.7471,-97.4121,-181.3965,1.1437,,
DATA,A001,4,904,462300,-0.2616,1.1295,0.0843,-16.7847,-104.4312,-183.8379,1.1624,,
DATA,A001,4,905,462310,-0.2159,1.1392,0.0785,-24.6582,-106.6895,-187.6221,1.1622,,
DATA,A001,4,906,462320,-0.1849,1.1172,0.0746,-31.7383,-104.4922,-189.9414,1.1349,,
DATA,A001,4,907,462330,-0.1595,1.0682,0.0619,-38.4521,-95.2759,-193.6035,1.0818,,
DATA,A001,4,908,462340,-0.1344,1.0648,0.0538,-39.5508,-87.5244,-196.0449,1.0746,,
DATA,A001,4,909,462350,-0.1188,1.0770,0.0541,-38.6353,-78.1860,-198.2422,1.0848,,
DATA,A001,4,910,462360,-0.1061,1.1087,0.0480,-39.9170,-64.0869,-201.2939,1.1148,,
DATA,A001,4,911,462370,-0.1014,1.1243,0.0536,-42.9688,-53.7109,-203.6743,1.1302,,
DATA,A001,4,912,462380,-0.0929,1.1414,0.0541,-47.0581,-39.9170,-205.8716,1.1465,,
DATA,A001,4,913,462390,-0.0934,1.1556,0.0580,-49.1333,-31.2500,-207.0312,1.1608,,
DATA,A001,4,914,462400,-0.1048,1.2098,0.0463,-51.5747,-20.6299,-206.5430,1.2152,,
DATA,A001,4,915,462410,-0.1307,1.2437,0.0445,-56.2744,-20.0195,-204.3457,1.2514,,
DATA,A001,4,916,462420,-0.2118,1.2186,0.0123,-67.7490,-33.2031,-195.1904,1.2369,,
DATA,A001,4,917,462430,-0.2181,1.1700,-0.0099,-72.2656,-47.1191,-188.1714,1.1902,,
DATA,A001,4,918,462440,-0.1542,1.1009,-0.0309,-73.7305,-66.1621,-178.8940,1.1121,,
DATA,A001,4,919,462450,-0.1048,1.0557,-0.0458,-73.8525,-68.3594,-171.1426,1.0619,,
DATA,A001,4,920,462460,-0.0675,1.0035,-0.0363,-72.0215,-58.7158,-157.7759,1.0064,,
DATA,A001,4,921,462470,-0.0587,0.9732,-0.0228,-69.5801,-48.0347,-149.1699,0.9752,,
DATA,A001,4,922,462480,-0.0668,0.9207,0.0004,-65.6738,-33.9355,-135.5591,0.9231,,
DATA,A001,4,923,462490,-0.0638,0.8785,0.0179,-63.1714,-26.6724,-125.6714,0.8810,,
DATA,A001,4,924,462500,-0.0467,0.8087,0.0375,-59.0820,-19.4702,-110.7178,0.8109,,
DATA,A001,4,925,462510,-0.0316,0.7628,0.0492,-55.6641,-13.4888,-100.4639,0.7650,,
DATA,A001,4,926,462520,-0.0062,0.7054,0.0643,-48.0957,-0.3662,-84.8389,0.7083,,
DATA,A001,4,927,462530,0.0014,0.6827,0.0690,-41.8701,11.2305,-73.6084,0.6862,,
DATA,A001,4,928,462540,-0.0045,0.6702,0.0900,-31.7383,31.7993,-55.8472,0.6762,,
DATA,A001,4,929,462550,-0.0165,0.6863,0.0997,-25.0854,47.4854,-43.0298,0.6937,,
DATA,A001,4,930,462560,-0.0543,0.7366,0.1019,-15.9302,69.5801,-22.6440,0.7456,,
DATA,A001,4,931,462570,-0.0797,0.7816,0.1002,-10.9863,82.1533,-7.8125,0.7920,,
DATA,A001,4,932,462580,-0.1163,0.8497,0.0865,-6.5308,93.9331,16.5405,0.8619,,
DATA,A001,4,933,462590,-0.1410,0.8931,0.0719,-5.8594,97.9004,34.1797,0.9070,,
DATA,A001,4,934,462600,-0.1683,0.9324,0.0538,-5.9204,100.0977,60.4858,0.9490,,
DATA,A001,4,935,462610,-0.1805,0.9459,0.0587,-5.9204,99.3652,77.2095,0.9647,,
DATA,A001,4,936,462620,-0.1879,0.9695,0.0817,-7.9956,95.3369,101.6846,0.9909,,
DATA,A001,4,937,462630,-0.1769,0.9695,0.0882,-12.2681,91.2476,117.0044,0.9895,,
DATA,A001,4,938,462640,-0.1114,1.0015,-0.0162,-17.6392,91.9800,143.6768,1.0078,,
DATA,A001,4,939,462650,-0.0743,1.0757,-0.0846,-12.3901,99.0601,164.9780,1.0816,,
DATA,A001,4,940,462660,-0.1097,1.2564,-0.1852,2.9907,120.5444,195.8008,1.2747,,
DATA,A001,4,941,462670,-0.1590,1.3604,-0.2118,8.8501,134.6436,211.4258,1.3860,,
DATA,A001,4,942,462680,-0.2550,1.4075,-0.1710,4.8218,146.8506,228.9429,1.4406,,
DATA,A001,4,943,462690,-0.3124,1.3502,-0.1244,-2.9297,148.4985,237.4268,1.3914,,
DATA,A001,4,944,462700,-0.3492,1.2496,-0.0731,-7.9346,145.9351,243.9575,1.2995,,
DATA,A001,4,945,462710,-0.3446,1.1031,-0.0057,-3.1738,141.6016,250.3662,1.1557,,
DATA,A001,4,946,462720,-0.3141,1.0616,0.0411,7.9956,142.5781,253.0518,1.1078,,
DATA,A001,4,947,462730,-0.2533,1.0975,0.1063,26.9165,151.6113,255.6763,1.1313,,
DATA,A001,4,948,462740,-0.2276,1.1541,0.1412,36.3159,158.9355,256.8970,1.1848,,
DATA,A001,4,949,462750,-0.2191,1.2640,0.1837,46.2036,164.3677,258.0566,1.2959,,
DATA,A001,4,950,462760,-0.2491,1.3702,0.2106,51.6968,160.6445,259.1553,1.4085,,
DATA,A001,4,951,462770,-0.3329,1.5587,0.2423,55.8472,143.0054,261.9019,1.6121,,
DATA,A001,4,952,462780,-0.4022,1.6785,0.2428,52.6733,124.9390,262.2681,1.7430,,
DATA,A001,4,953,462790,-0.4962,1.7808,0.2125,37.9028,93.4448,257.9956,1.8608,,
DATA,A001,4,954,462800,-0.5314,1.7623,0.1747,23.6206,71.9604,250.9766,1.8489,,
DATA,A001,4,955,462810,-0.5292,1.5608,0.1110,1.4038,39.6729,236.5112,1.6518,,
DATA,A001,4,956,462820,-0.5055,1.3572,0.0702,-8.0566,19.9585,226.7456,1.4500,,
DATA,A001,4,957,462830,-0.4332,1.0894,0.0243,-8.9111,-5.9814,210.1440,1.1726,,
DATA,A001,4,958,462840,-0.3702,0.9608,0.0062,-1.8921,-17.3950,197.5098,1.0296,,
DATA,A001,4,959,462850,-0.2826,0.8790,0.0111,14.0991,-24.5361,179.4434,0.9233,,
DATA,A001,4,960,462860,-0.2425,0.8795,0.0233,24.4751,-22.7661,169.1895,0.9126,,
DATA,A001,4,961,462870,-0.2272,0.9129,0.0514,32.1045,-14.0381,154.0527,0.9421,,
DATA,A001,4,962,462880,-0.2386,0.9222,0.0665,31.6162,-6.5308,143.9819,0.9549,,
DATA,A001,4,963,462890,-0.2743,0.9153,0.0804,27.3438,1.7090,129.8828,0.9589,,
DATA,A001,4,964,462900,-0.2938,0.9061,0.0963,26.0620,4.5776,120.7275,0.9574,,
DATA,A001,4,965,462910,-0.2982,0.8843,0.1112,26.4282,5.9204,107.8491,0.9399,,
DATA,A001,4,966,462920,-0.2933,0.8773,0.1256,26.1841,7.3242,99.7314,0.9335,,
DATA,A001,4,967,462930,-0.2674,0.8626,0.1434,24.1089,14.0991,88.5010,0.9144,,
DATA,A001,4,968,462940,-0.2591,0.8524,0.1578,22.3999,21.8506,81.6650,0.9047,,
DATA,A001,4,969,462950,-0.2670,0.8355,0.1688,20.1416,37.9028,72.5098,0.8932,,
DATA,A001,4,970,462960,-0.2897,0.8292,0.1766,19.1040,48.0957,66.8945,0.8959,,
DATA,A001,4,971,462970,-0.3373,0.8362,0.1932,19.2871,59.0820,58.7769,0.9222,,
DATA,A001,4,972,462980,-0.3712,0.8450,0.2089,19.4702,61.8896,53.5278,0.9463,,
DATA,A001,4,973,462990,-0.4000,0.8646,0.2403,19.3481,59.8755,44.9829,0.9825,,
DATA,A001,4,974,463000,-0.4176,0.8751,0.2613,18.8599,55.9082,39.3066,1.0042,,
DATA,A001,4,975,463010,-0.4149,0.8748,0.2777,16.9678,47.6685,30.4565,1.0073,,
DATA,A001,4,976,463020,-0.4061,0.8643,0.2887,15.0146,41.8701,23.7427,0.9977,,
DATA,A001,4,977,463030,-0.3988,0.8441,0.2970,13.6719,37.0483,16.6626,0.9796,,
DATA,A001,4,978,463040,-0.3878,0.8179,0.2980,12.7563,31.8604,5.6763,0.9530,,
DATA,A001,4,979,463050,-0.3841,0.8072,0.3038,13.1836,28.6255,-1.5259,0.9442,,
DATA,A001,4,980,463060,-0.3895,0.8270,0.3143,15.5640,24.6582,-12.3291,0.9666,,
DATA,A001,4,981,463070,-0.3990,0.8621,0.3124,16.9678,21.8506,-19.2261,1.0000,,
DATA,A001,4,982,463080,-0.4156,0.9529,0.3138,18.0054,15.2588,-29.4189,1.0860,,
DATA,A001,4,983,463090,-0.4261,1.0303,0.3124,18.1885,9.8267,-36.5601,1.1579,,
DATA,A001,4,984,463100,-0.4213,1.1475,0.2811,14.8926,1.5869,-49.0723,1.2543,,
DATA,A001,4,985,463110,-0.4010,1.2105,0.2569,10.8643,-3.4180,-58.7158,1.3008,,
DATA,A001,4,986,463120,-0.3607,1.2593,0.2220,3.0518,-8.7280,-75.1953,1.3287,,
DATA,A001,4,987,463130,-0.3724,1.2923,0.1656,-0.3052,-11.5967,-85.2661,1.3551,,
DATA,A001,4,988,463140,-0.3766,1.4327,0.1576,5.5542,-18.6768,-98.5718,1.4897,,
DATA,A001,4,989,463150,-0.3585,1.5709,0.1637,9.3384,-24.4751,-109.1919,1.6195,,
DATA,A001,4,990,463160,-0.3163,1.6846,0.1835,-3.4180,-29.0527,-126.5869,1.7239,,
DATA,A001,4,991,463170,-0.2823,1.6236,0.1908,-21.9116,-30.0293,-137.5732,1.6590,,
DATA,A001,4,992,463180,-0.2486,1.4092,0.1642,-43.7012,-28.6255,-154.1138,1.4404,,
DATA,A001,4,993,463190,-0.2589,1.3047,0.1339,-43.7622,-27.5269,-164.4897,1.3369,,
DATA,A001,4,994,463200,-0.2828,1.2960,0.1075,-29.7241,-29.1748,-177.3071,1.3308,,
DATA,A001,4,995,463210,-0.2980,1.3611,0.1102,-23.8037,-34.5459,-184.1431,1.3977,,
DATA,A001,4,996,463220,-0.3170,1.3963,0.0799,-29.4800,-46.0815,-191.8335,1.4341,,
DATA,A001,4,997,463230,-0.3253,1.3502,0.0362,-37.3535,-56.6406,-196.1060,1.3893,,
DATA,A001,4,998,463240,-0.3241,1.2610,-0.0458,-40.8325,-72.0825,-200.2563,1.3028,,
DATA,A001,4,999,463250,-0.3243,1.2508,-0.0824,-35.2783,-80.6885,-200.7446,1.2948,,
DATA,A001,4,1000,463260,-0.3121,1.3067,-0.1049,-24.2310,-89.3555,-198.9136,1.3475,,
DATA,A001,4,1001,463270,-0.3141,1.3599,-0.0905,-21.1182,-93.7500,-196.9604,1.3986,,
DATA,A001,4,1002,463280,-0.3292,1.4214,-0.0702,-23.8647,-99.4263,-192.6270,1.4608,,
DATA,A001,4,1003,463290,-0.3409,1.4310,-0.0565,-28.0151,-103.8208,-190.3076,1.4721,,
DATA,A001,4,1004,463300,-0.3346,1.4307,-0.0365,-32.5317,-109.6191,-186.9507,1.4698,,
DATA,A001,4,1005,463310,-0.3199,1.4341,-0.0289,-33.8745,-111.3892,-185.3027,1.4697,,
DATA,A001,4,1006,463320,-0.2779,1.4366,-0.0231,-35.9497,-107.4219,-184.6313,1.4634,,
DATA,A001,4,1007,463330,-0.2533,1.4256,-0.0236,-39.3066,-101.0132,-185.8521,1.4481,,
DATA,A001,4,1008,463340,-0.2294,1.3370,-0.0343,-47.2412,-89.4165,-189.3311,1.3569,,
DATA,A001,4,1009,463350,-0.2150,1.2488,-0.0477,-50.6592,-82.1533,-192.4438,1.2681,,
DATA,A001,4,1010,463360,-0.2035,1.1578,-0.0587,-51.1475,-75.2563,-195.8618,1.1770,,
DATA,A001,4,1011,463370,-0.1871,1.0499,-0.0743,-46.7529,-67.6270,-200.4395,1.0690,,
DATA,A001,4,1012,463380,-0.1793,1.0069,-0.0829,-42.2363,-63.9648,-203.1250,1.0261,,
DATA,A001,4,1013,463390,-0.1749,0.9649,-0.0853,-35.8887,-59.5703,-205.7495,0.9843,,
DATA,A001,4,1014,463400,-0.1839,0.9642,-0.0861,-31.2500,-56.8848,-206.2988,0.9853,,
DATA,A001,4,1015,463410,-0.2032,0.9922,-0.0880,-23.9258,-54.3213,-205.9937,1.0167,,
DATA,A001,4,1016,463420,-0.2213,1.0233,-0.0827,-19.8364,-54.0771,-204.7729,1.0502,,
DATA,A001,4,1017,463430,-0.2428,1.0696,-0.0800,-17.8223,-56.8848,-201.8433,1.0998,,
DATA,A001,4,1018,463440,-0.2533,1.0777,-0.0809,-19.0430,-60.3027,-199.0967,1.1100,,
DATA,A001,4,1019,463450,-0.2596,1.0704,-0.0870,-21.1182,-66.3452,-194.4580,1.1048,,
DATA,A001,4,1020,463460,-0.2567,1.0657,-0.0931,-21.1792,-70.8008,-190.7959,1.1002,,
DATA,A001,4,1021,463470,-0.2460,1.0704,-0.1141,-19.8975,-76.2939,-183.4106,1.1042,,
DATA,A001,4,1022,463480,-0.2318,1.0877,-0.1215,-18.8599,-78.1250,-177.3682,1.1187,,
DATA,A001,4,1023,463490,-0.2137,1.1024,-0.1307,-18.4326,-78.4302,-167.4194,1.1305,,
DATA,A001,4,1024,463500,-0.1988,1.0997,-0.1315,-18.9209,-76.5991,-160.5835,1.1252,,
DATA,A001,4,1025,463510,-0.1876,1.0818,-0.1207,-19.5312,-71.5332,-150.4517,1.1046,,
DATA,A001,4,1026,463520,-0.1844,1.0689,-0.1068,-19.0430,-67.1997,-143.7378,1.0899,,
DATA,A001,4,1027,463530,-0.1730,1.0323,-0.0729,-18.1274,-60.9131,-134.2163,1.0492,,
DATA,A001,4,1028,463540,-0.1691,1.0025,-0.0421,-17.9443,-57.2510,-128.2959,1.0175,,
DATA,A001,4,1029,463550,-0.1559,0.9454,0.0069,-17.6392,-51.4526,-119.8730,0.9582,,
DATA,A001,4,1030,463560,-0.1388,0.9080,0.0267,-17.3950,-47.1191,-114.1968,0.9190,,
DATA,A001,4,1031,463570,-0.1141,0.8543,0.0284,-15.6250,-38.2080,-105.4077,0.8624,,
DATA,A001,4,1032,463580,-0.0975,0.8182,0.0218,-13.6719,-29.6021,-99.0601,0.8243,,
DATA,A001,4,1033,463590,-0.0848,0.7772,0.0116,-7.6294,-13.6108,-88.8062,0.7819,,
DATA,A001,4,1034,463600,-0.0858,0.7652,0.0138,-1.8311,-2.1973,-80.9326,0.7701,,
DATA,A001,4,1035,463610,-0.1012,0.7662,0.0231,7.6294,13.7329,-67.7490,0.7732,,
DATA,A001,4,1036,463620,-0.1173,0.7715,0.0441,12.9395,21.7285,-57.9224,0.7817,,
DATA,A001,4,1037,463630,-0.1412,0.7625,0.0882,19.1040,28.2593,-42.2974,0.7805,,
DATA,A001,4,1038,463640,-0.1459,0.7547,0.1058,21.6064,30.3955,-30.2734,0.7759,,
DATA,A001,4,1039,463650,-0.1300,0.7630,0.0875,26.4282,33.7524,-6.4087,0.7789,,
DATA,A001,4,1040,463660,-0.1239,0.7813,0.0797,32.4097,38.6963,11.7798,0.7951,,
DATA,A001,4,1041,463670,-0.1232,0.8248,0.0719,40.5273,51.8188,40.8325,0.8370,,
DATA,A001,4,1042,463680,-0.1359,0.8472,0.0682,44.0674,62.3169,61.0962,0.8608,,
DATA,A001,4,1043,463690,-0.1739,0.8521,0.0731,47.7295,75.5615,93.2007,0.8727,,
DATA,A001,4,1044,463700,-0.2140,0.8511,0.0843,50.8423,82.4585,115.0513,0.8817,,
DATA,A001,4,1045,463710,-0.2677,0.8311,0.1166,55.7251,89.3555,144.9585,0.8809,,
DATA,A001,4,1046,463720,-0.2916,0.8040,0.1581,57.9834,91.6748,162.1094,0.8697,,
DATA,A001,4,1047,463730,-0.2867,0.7667,0.2006,58.5938,93.2617,177.4292,0.8427,,
DATA,A001,4,1048,463740,-0.2731,0.7305,0.2313,61.3403,95.5200,198.9746,0.8135,,
DATA,A001,4,1049,463750,-0.2557,0.7440,0.2325,67.1387,96.9238,214.1113,0.8203,,
DATA,A001,4,1050,463760,-0.2345,0.8211,0.2259,79.4678,96.3745,236.5723,0.8833,,
DATA,A001,4,1051,463770,-0.2399,0.8995,0.2208,86.8530,94.5435,250.4272,0.9567,,
DATA,A001,4,1052,463780,-0.2440,1.0320,0.2147,94.5435,89.6606,267.0288,1.0820,,
DATA,A001,4,1053,463790,-0.2604,1.1224,0.2223,98.5107,84.1064,276.9775,1.1734,,
DATA,A001,4,1054,463800,-0.3026,1.2986,0.2506,102.2339,75.8057,288.3911,1.3568,,
DATA,A001,4,1055,463810,-0.3502,1.4608,0.3326,103.0273,68.7866,293.3350,1.5385,,
DATA,A001,4,1056,463820,-0.4440,1.7862,0.3595,94.3604,62.7441,294.2505,1.8753,,
DATA,A001,4,1057,463830,-0.4801,1.9620,0.2518,77.3315,60.7910,290.5273,2.0355,,
DATA,A001,4,1058,463840,-0.4735,1.9974,0.0863,42.9688,55.1147,278.6255,2.0545,,
DATA,A001,4,1059,463850,-0.4496,1.8790,0.0170,22.8271,52.7954,266.9067,1.9321,,
DATA,A001,4,1060,463860,-0.4169,1.5960,0.0082,7.2632,52.0630,245.8496,1.6496,,
DATA,A001,4,1061,463870,-0.3993,1.3958,0.0768,7.8735,51.8188,231.9946,1.4538,,
DATA,A001,4,1062,463880,-0.3841,1.1617,0.2450,19.2871,49.8047,212.3413,1.2478,,
DATA,A001,4,1063,463890,-0.3775,1.0718,0.3458,27.7710,46.6919,196.4111,1.1878,,
DATA,A001,4,1064,463900,-0.3707,1.0228,0.4540,34.0576,38.2080,168.2129,1.1788,,
DATA,A001,4,1065,463910,-0.3644,1.0201,0.4764,33.2031,32.4097,151.5503,1.1833,,
DATA,A001,4,1066,463920,-0.3756,0.9957,0.4425,27.4048,28.4424,130.2490,1.1525,,
DATA,A001,4,1067,463930,-0.3963,0.9656,0.3966,22.7661,29.2969,116.3940,1.1166,,
DATA,A001,4,1068,463940,-0.4425,0.9022,0.3287,19.0430,33.7524,94.6655,1.0572,,
DATA,A001,4,1069,463950,-0.4601,0.8760,0.2945,19.1040,33.3252,81.0547,1.0324,,
DATA,A001,4,1070,463960,-0.4640,0.8760,0.2613,21.1182,24.7192,64.0259,1.0252,,
DATA,A001,4,1071,463970,-0.4469,0.8924,0.2501,22.1558,16.2354,54.8096,1.0289,,
DATA,A001,4,1072,463980,-0.4083,0.9258,0.2408,20.8130,2.8076,44.6777,1.0401,,
DATA,A001,4,1073,463990,-0.3902,0.9390,0.2369,17.7612,-4.5166,39.8560,1.0441,,
DATA,A001,4,1074,464000,-0.3761,0.9295,0.2220,12.0850,-9.8267,33.5083,1.0270,,
DATA,A001,4,1075,464010,-0.3702,0.9112,0.2169,9.5215,-10.4980,30.0293,1.0072,,
DATA,A001,4,1076,464020,-0.3973,0.8765,0.2064,7.5684,-12.0239,26.4282,0.9843,,
DATA,A001,4,1077,464030,-0.4164,0.8531,0.2201,7.5684,-15.0757,24.4751,0.9745,,
DATA,A001,4,1078,464040,-0.4151,0.8096,0.3077,8.1177,-24.5361,21.1182,0.9605,,
DATA,A001,4,1079,464050,-0.4164,0.7972,0.3234,5.5542,-30.7617,20.9961,0.9557,,
DATA,A001,4,1080,464060,-0.4015,0.7723,0.3097,1.7700,-36.7432,21.7285,0.9238,,
DATA,A001,4,1081,464070,-0.3768,0.7471,0.2843,0.1221,-42.0532,21.9727,0.8838,,
DATA,A001,4,1082,464080,-0.3690,0.7723,0.2604,4.0894,-41.2598,21.7896,0.8946,,
DATA,A001,4,1083,464090,-0.3817,0.8082,0.2513,6.2866,-39.4897,21.7285,0.9284,,
DATA,A001,4,1084,464100,-0.3956,0.8621,0.2447,7.5073,-37.6587,21.4233,0.9796,,
DATA,A001,4,1085,464110,-0.4200,0.9537,0.2233,7.6294,-36.3159,19.3481,1.0657,,
DATA,A001,4,1086,464120,-0.4388,1.0162,0.1935,6.8970,-36.5601,16.0522,1.1237,,
DATA,A001,4,1087,464130,-0.4630,1.1094,0.1212,4.8218,-36.4380,8.4229,1.2083,,
DATA,A001,4,1088,464140,-0.5001,1.1802,0.0726,3.4790,-35.5835,1.6479,1.2839,,
DATA,A001,4,1089,464150,-0.6202,1.3309,-0.0067,5.7983,-31.8604,-11.6577,1.4683,,
DATA,A001,4,1090,464160,-0.7150,1.4874,-0.0319,12.0850,-27.4658,-25.0244,1.6506,,
DATA,A001,4,1091,464170,-0.8507,1.7613,-0.0570,13.7329,-17.4561,-59.0210,1.9568,,
DATA,A001,4,1092,464180,-0.9205,1.8589,-0.1249,0.7324,-13.4277,-85.0220,2.0781,,
DATA,A001,4,1093,464190,-0.9166,1.7518,-0.2306,-26.5503,-23.8647,-116.2720,1.9905,,
DATA,A001,4,1094,464200,-0.8707,1.5931,-0.3285,-36.8042,-39.3677,-135.2539,1.8450,,
DATA,A001,4,1095,464210,-0.7599,1.4051,-0.4806,-29.4800,-60.7300,-165.3442,1.6681,,
DATA,A001,4,1096,464220,-0.7562,1.3668,-0.4840,-14.0381,-73.7915,-182.3730,1.6353,,
DATA,A001,4,1097,464230,-0.8544,1.3775,-0.3146,2.1973,-105.7739,-203.7354,1.6512,,
DATA,A001,4,1098,464240,-0.9974,1.3516,-0.2387,1.4038,-153.0762,-215.8203,1.6967,,
DATA,A001,4,1099,464250,-1.1842,1.2344,-0.1649,-1.6479,-255.6152,-225.8911,1.7185,,
DATA,A001,4,1100,464260,-1.1700,1.1763,-0.1442,2.5635,-329.9561,-233.7646,1.6654,,
DATA,A001,4,1101,464270,-1.1129,1.1998,-0.2252,9.9487,-423.6450,-253.1128,1.6519,,
DATA,A001,4,1102,464280,-1.0907,1.2855,-0.3724,11.2305,-469.5435,-266.3574,1.7265,,
DATA,A001,4,1103,464290,-1.1437,1.4634,-0.5287,11.8408,-530.7007,-281.3110,1.9311,,
DATA,A001,4,1104,464300,-1.2193,1.6419,-0.6058,9.9487,-570.9839,-286.8652,2.1330,,
DATA,A001,4,1105,464310,-1.4552,1.9095,-0.8368,-10.2539,-656.3721,-285.6445,2.5424,,
DATA,A001,4,1106,464320,-1.4164,2.0328,-1.0285,-24.2920,-721.9238,-295.0439,2.6825,,
DATA,A001,4,1107,464330,-1.4955,2.1241,-1.2033,-49.8657,-832.9468,-286.9263,2.8629,,
DATA,A001,4,1108,464340,-1.2379,2.1558,-1.2731,-64.2700,-874.7559,-289.4897,2.7930,,
DATA,A001,4,1109,464350,-1.0392,2.2139,-1.2037,-90.6372,-864.0137,-294.4336,2.7259,,
DATA,A001,4,1110,464360,-1.0638,2.2527,-1.1288,-107.2998,-847.1069,-305.1758,2.7351,,
DATA,A001,4,1111,464370,-1.0401,2.1829,-1.0087,-142.1509,-814.6973,-320.0684,2.6200,,
DATA,A001,4,1112,464380,-0.9335,2.0152,-0.9755,-163.8184,-779.7241,-328.4302,2.4257,,
DATA,A001,4,1113,464390,-0.7357,1.8614,-0.8749,-175.2930,-731.3232,-330.3223,2.1844,,
DATA,A001,4,1114,464400,-0.5304,1.7225,-0.6520,-189.5142,-637.9395,-329.7729,1.9166,,
DATA,A001,4,1115,464410,-0.4095,1.5972,-0.4276,-204.1016,-533.2642,-325.9888,1.7034,,
DATA,A001,4,1116,464420,-0.4081,1.5008,-0.3624,-209.7168,-473.4497,-326.6602,1.5970,,
DATA,A001,4,1117,464430,-0.4342,1.3907,-0.3385,-207.5195,-426.6968,-329.5898,1.4957,,
DATA,A001,4,1118,464440,-0.3866,1.2369,-0.3412,-198.6694,-378.6011,-329.5288,1.3400,,
DATA,A001,4,1119,464450,-0.3624,1.0999,-0.3493,-192.7490,-349.6094,-325.0732,1.2096,,
DATA,A001,4,1120,464460,-0.3783,0.8936,-0.2919,-179.8096,-300.9033,-321.1060,1.0133,,
DATA,A001,4,1121,464470,-0.4012,0.7994,-0.2570,-170.5322,-272.9492,-320.9229,0.9306,,
DATA,A001,4,1122,464480,-0.3766,0.6475,-0.1544,-152.2217,-252.8076,-315.7959,0.7648,,
DATA,A001,4,1123,464490,-0.2677,0.5457,-0.0714,-132.0190,-253.6621,-310.0586,0.6120,,
DATA,A001,4,1124,464500,-0.0670,0.5015,0.1647,-95.8252,-274.5361,-290.5273,0.5321,,
DATA,A001,4,1125,464510,0.0162,0.5657,0.3627,-79.3457,-284.4849,-273.3765,0.6722,,
DATA,A001,4,1126,464520,0.1212,0.6395,0.4581,-71.2280,-265.5029,-250.1831,0.7959,,
DATA,A001,4,1127,464530,0.1732,0.6639,0.4366,-70.1294,-240.1123,-234.0088,0.8133,,
DATA,A001,4,1128,464540,0.0548,0.7947,0.3944,-71.2891,-190.2466,-211.1206,0.8889,,
DATA,A001,4,1129,464550,0.0097,0.5606,0.3632,-79.7119,-166.9922,-208.3740,0.6680,,
DATA,A001,4,1130,464560,0.0499,0.2647,0.4100,-79.7729,-130.9814,-158.5083,0.4906,,
DATA,A001,4,1131,464570,0.0641,0.1973,0.5155,-63.9648,-105.8960,-136.0474,0.5557,,
DATA,A001,4,1132,464580,0.0365,0.4258,0.5902,-39.6118,-82.7637,-117.3706,0.7287,,
DATA,A001,4,1133,464590,-0.0470,1.4495,0.5904,-99.5483,-36.6211,-163.8794,1.5659,,
DATA,A001,4,1134,464600,0.3705,1.0792,0.6102,-148.6206,-48.9502,-103.5767,1.2939,,
DATA,A001,4,1135,464610,0.1740,0.2476,0.7843,-145.3247,-32.8979,-60.8521,0.8407,,
DATA,A001,4,1136,464620,0.0228,-0.1452,0.6705,-92.2241,-12.5732,-81.8481,0.6864,,
DATA,A001,4,1137,464630,-0.1471,-0.1318,0.5853,-38.3911,-32.3486,-85.5103,0.6177,,
DATA,A001,4,1138,464640,0.3036,0.1395,0.6068,8.3008,-65.7349,-51.5137,0.6927,,
DATA,A001,4,1139,464650,0.1181,0.3062,0.5848,9.2163,-71.9604,-32.8369,0.6706,,
DATA,A001,4,1140,464660,0.1474,0.5042,0.5887,11.2915,-29.6021,-59.0210,0.7890,,
DATA,A001,4,1141,464670,-0.0533,0.5921,0.7225,5.7983,-22.5830,-62.3779,0.9357,,
DATA,A001,4,1142,464680,-0.0194,0.4730,0.8280,-6.7749,-36.5601,-59.3872,0.9538,,
DATA,A001,4,1143,464690,0.0665,0.3087,0.8815,-1.7700,-50.5371,-59.0210,0.9363,,
DATA,A001,4,1144,464700,0.2592,0.2962,0.9684,24.1089,-44.5557,-54.8706,1.0453,,
DATA,A001,4,1145,464710,0.3317,0.3489,0.9803,18.7988,-22.7661,-42.8467,1.0922,,
DATA,A001,4,1146,464720,0.1644,0.3279,1.0472,11.6577,14.7705,-58.6548,1.1096,,
DATA,A001,4,1147,464730,0.0446,0.4078,1.0526,9.5825,16.3574,-73.6084,1.1297,,
DATA,A001,4,1148,464740,0.0104,0.3882,1.0438,5.3101,-8.9722,-90.3931,1.1137,,
DATA,A001,4,1149,464750,-0.0174,0.3939,0.9940,4.6997,-20.6909,-89.2944,1.0693,,
DATA,A001,4,1150,464760,-0.0350,0.4217,0.9337,1.5259,-32.1655,-92.6514,1.0251,,
DATA,A001,4,1151,464770,-0.0311,0.3602,0.9313,-0.1831,-53.3447,-95.2148,0.9990,,
DATA,A001,4,1152,464780,-0.0177,0.2828,0.9332,2.6855,-61.5845,-101.7456,0.9753,,
DATA,A001,4,1153,464790,-0.0470,0.2464,0.8758,14.8926,-74.6460,-84.1675,0.9111,,
DATA,A001,4,1154,464800,-0.0213,0.2776,0.8971,25.2075,-91.0034,-76.1719,0.9393,,
DATA,A001,4,1155,464810,0.0936,0.3958,0.9391,25.8789,-94.1162,-57.8003,1.0234,,
DATA,A001,4,1156,464820,0.0936,0.4153,0.9542,16.1133,-81.2988,-47.6685,1.0449,,
DATA,A001,4,1157,464830,0.1063,0.4420,1.0013,2.3804,-63.4155,-54.8706,1.0997,,
DATA,A001,4,1158,464840,0.0910,0.4146,1.0194,-4.6997,-49.0723,-59.6924,1.1042,,
DATA,A001,4,1159,464850,0.0416,0.3441,1.0533,-10.4370,-34.6680,-74.4019,1.1089,,
DATA,A001,4,1160,464860,0.1007,0.3096,1.0450,-11.5967,-33.2031,-76.5381,1.0946,,
DATA,A001,4,1161,464870,0.1618,0.2759,1.0455,-0.7324,-12.4512,-61.0352,1.0934,,
DATA,A001,4,1162,464880,0.2662,0.2789,1.0052,-1.2207,-6.4697,-59.6313,1.0766,,
DATA,A001,4,1163,464890,0.3058,0.2256,0.9376,11.4746,13.7329,-48.8892,1.0117,,
DATA,A001,4,1164,464900,0.2059,0.2725,0.9288,19.8975,25.2075,-50.1099,0.9896,,
DATA,A001,4,1165,464910,0.1469,0.3655,0.8927,20.0195,30.3955,-59.9365,0.9757,,
DATA,A001,4,1166,464920,0.1681,0.4212,0.8744,16.7236,30.2734,-52.4292,0.9850,,
DATA,A001,4,1167,464930,0.1122,0.4754,0.8422,1.0986,26.0010,-42.5415,0.9736,,
DATA,A001,4,1168,464940,0.1088,0.5027,0.8229,-9.3384,21.5454,-47.1802,0.9704,,
DATA,A001,4,1169,464950,0.1647,0.4424,0.8734,-14.0991,9.7046,-56.0303,0.9928,,
DATA,A001,4,1170,464960,0.0914,0.3704,0.8920,-13.9160,-3.9673,-60.8521,0.9701,,
DATA,A001,4,1171,464970,0.0358,0.3343,0.9037,-7.2021,-30.2124,-63.0493,0.9642,,
DATA,A001,4,1172,464980,0.1027,0.3355,0.8854,-4.1504,-40.8325,-63.4155,0.9524,,
DATA,A001,4,1173,464990,0.1102,0.2947,0.8439,1.9531,-49.1333,-63.1104,0.9006,,
DATA,A001,4,1174,465000,0.1781,0.2549,0.8246,1.9531,-36.1328,-69.7021,0.8813,,
DATA,A001,4,1175,465010,0.2077,0.3533,0.8299,3.1128,-35.9497,-65.4297,0.9256,,
DATA,A001,4,1176,465020,0.2553,0.3165,0.7892,-2.6855,-31.4331,-60.5469,0.8878,,
DATA,A001,4,1177,465030,0.1461,0.4905,0.8639,-5.3711,-29.0527,-56.5796,1.0041,,
DATA,A001,4,1178,465040,0.1837,0.5672,0.8964,-12.9395,-29.8462,-60.0586,1.0765,,
DATA,A001,4,1179,465050,0.2799,0.4197,0.9025,-10.3149,-13.6719,-53.1616,1.0339,,
DATA,A001,4,1180,465060,0.3307,0.4315,0.9125,-12.0850,-4.0283,-56.2744,1.0621,,
DATA,A001,4,1181,465070,0.2182,0.3609,0.9581,-19.8975,12.5122,-64.4531,1.0468,,
DATA,A001,4,1182,465080,0.1913,0.2432,0.9198,-21.7896,27.9541,-66.4062,0.9704,,
DATA,A001,4,1183,465090,0.2660,0.3167,0.8922,-15.8691,38.2690,-54.1382,0.9834,,
DATA,A001,4,1184,465100,0.2194,0.4212,0.8734,-14.2822,44.4946,-56.1523,0.9942,,
DATA,A001,4,1185,465110,0.2294,0.5484,0.8439,-7.8735,49.3774,-52.7344,1.0322,,
DATA,A001,4,1186,465120,0.2233,0.4781,0.8690,-21.3623,53.7109,-56.2134,1.0167,,
DATA,A001,4,1187,465130,0.2081,0.4744,0.8866,-17.0288,48.1567,-55.5420,1.0269,,
DATA,A001,4,1188,465140,0.2016,0.4434,0.9056,-10.8643,43.9453,-59.2651,1.0283,,
DATA,A001,4,1189,465150,0.2157,0.3712,0.9320,-7.6294,39.6118,-58.8379,1.0261,,
DATA,A001,4,1190,465160,0.2523,0.2789,0.9691,-4.3335,34.1187,-58.8379,1.0395,,
DATA,A001,4,1191,465170,0.2250,0.3126,0.9747,-1.8921,29.2358,-59.4482,1.0480,,
DATA,A001,4,1192,465180,0.1637,0.3690,0.9798,2.8687,16.1133,-62.0728,1.0597,,
EVENT,A001,4,,465189,,,,,,,,STOP,1192
EVENT,A001,5,,472875,,,,,,,,START,
DATA,A001,5,1,472898,-0.2460,0.4730,0.9205,7.8735,-15.1978,-60.7300,1.0637,,
DATA,A001,5,2,472908,-0.3243,0.5035,0.9869,8.7280,-24.0479,-63.9038,1.1544,,
DATA,A001,5,3,472918,-0.2494,0.5242,1.0109,7.6294,-25.6348,-62.8052,1.1657,,
DATA,A001,5,4,472928,-0.2115,0.5108,0.9957,5.3711,-23.0713,-56.7017,1.1389,,
DATA,A001,5,5,472938,-0.2342,0.5311,0.9706,3.2349,-23.3765,-45.2271,1.1309,,
DATA,A001,5,6,472948,-0.2201,0.5494,0.9352,-3.6621,-22.2778,-37.9028,1.1067,,
DATA,A001,5,7,472958,-0.1432,0.4879,0.8888,-8.7891,-20.5688,-15.2588,1.0239,,
DATA,A001,5,8,472968,-0.1681,0.3587,0.8736,-10.0708,-22.9492,-4.0894,0.9593,,
DATA,A001,5,9,472978,-0.1737,0.3533,0.8480,-2.5635,-27.8320,-3.3569,0.9350,,
DATA,A001,5,10,472988,-0.1063,0.3897,0.8514,-3.8452,-32.7759,2.6245,0.9424,,
DATA,A001,5,11,472998,-0.0755,0.3001,0.8483,-0.1831,-31.2500,9.8267,0.9029,,
DATA,A001,5,12,473008,-0.0653,0.3524,0.8563,10.1929,-25.4517,5.9814,0.9283,,
DATA,A001,5,13,473018,0.0285,0.3934,0.9032,10.0098,-3.1128,9.2773,0.9855,,
DATA,A001,5,14,473028,0.0314,0.4100,0.9300,12.3291,6.7749,3.7231,1.0169,,
DATA,A001,5,15,473038,-0.0057,0.4012,0.9637,13.1226,24.5972,-3.6011,1.0439,,
DATA,A001,5,16,473048,-0.0282,0.3519,0.9847,17.2729,33.4473,-3.3569,1.0461,,
DATA,A001,5,17,473058,-0.1957,0.2205,0.9798,35.2173,39.0625,-1.3428,1.0232,,
DATA,A001,5,18,473068,-0.1544,0.4896,1.0536,42.4194,25.9399,-0.0610,1.1720,,
DATA,A001,5,19,473078,-0.0863,0.6026,1.0194,17.0288,31.2500,18.3716,1.1873,,
DATA,A001,5,20,473088,-0.0890,0.6395,1.0196,15.2588,36.0107,23.4375,1.2069,,
DATA,A001,5,21,473098,-0.0917,0.5306,0.9845,4.8218,46.7529,34.4849,1.1221,,
DATA,A001,5,22,473108,-0.0550,0.6351,0.9481,3.8452,49.7437,40.9546,1.1425,,
DATA,A001,5,23,473118,-0.0965,0.5269,0.9015,-7.2632,55.4199,41.3208,1.0486,,
DATA,A001,5,24,473128,-0.0609,0.7613,0.8763,-0.8545,46.3867,29.4189,1.1624,,
DATA,A001,5,25,473138,-0.0751,0.5677,0.9571,-9.6436,50.9033,33.3862,1.1154,,
DATA,A001,5,26,473148,-0.0963,0.4493,0.8639,-35.7056,66.1011,30.5786,0.9785,,
DATA,A001,5,27,473158,-0.0524,0.3426,0.8158,-31.2500,60.5469,33.7524,0.8863,,
DATA,A001,5,28,473168,0.0307,0.3780,0.8099,-19.5923,60.5469,41.9922,0.8943,,
DATA,A001,5,29,473178,0.1120,0.4637,0.8192,-13.3667,82.5806,57.2510,0.9480,,
DATA,A001,5,30,473188,0.1115,0.4783,0.8578,-18.2495,99.7314,65.0635,0.9884,,
DATA,A001,5,31,473198,0.0600,0.4620,0.8458,-26.9775,125.7324,70.3125,0.9656,,
DATA,A001,5,32,473208,0.0180,0.4368,0.8363,-30.8228,136.6577,72.3267,0.9437,,
DATA,A001,5,33,473218,-0.0260,0.4195,0.8236,-32.1655,144.6533,72.0215,0.9246,,
DATA,A001,5,34,473228,-0.0441,0.4056,0.7967,-34.7900,143.4937,76.7822,0.8951,,
DATA,A001,5,35,473238,-0.0155,0.3758,0.7914,-39.0625,132.0801,90.6372,0.8762,,
DATA,A001,5,36,473248,0.0441,0.3780,0.7875,-39.6729,128.2959,100.2808,0.8746,,
DATA,A001,5,37,473258,0.0697,0.4112,0.7421,-41.5039,135.7422,114.4409,0.8512,,
DATA,A001,5,38,473268,0.0502,0.4297,0.6969,-44.3726,146.7285,123.2300,0.8203,,
DATA,A001,5,39,473278,0.0067,0.4312,0.6612,-47.6074,156.9824,131.3477,0.7895,,
DATA,A001,5,40,473288,-0.0541,0.4207,0.6188,-49.6826,168.6401,144.1650,0.7502,,
DATA,A001,5,41,473298,-0.0848,0.4070,0.6005,-49.3774,172.2412,152.5879,0.7304,,
DATA,A001,5,42,473308,-0.1119,0.3934,0.5836,-47.0581,174.4385,163.0859,0.7126,,
DATA,A001,5,43,473318,-0.1454,0.3538,0.5875,-45.2881,175.9033,166.3208,0.7011,,
DATA,A001,5,44,473328,-0.1644,0.3006,0.5690,-44.7388,178.2837,162.7197,0.6642,,
DATA,A001,5,45,473338,-0.1725,0.2342,0.5340,-44.0063,179.5654,155.2734,0.6081,,
DATA,A001,5,46,473348,-0.1622,0.1273,0.4715,-35.3394,177.8564,146.0571,0.5147,,
DATA,A001,5,47,473358,-0.1446,0.0877,0.4391,-22.2778,174.1333,145.3247,0.4705,,
DATA,A001,5,48,473368,-0.0951,0.0945,0.3983,5.1880,167.9077,150.3296,0.4203,,
DATA,A001,5,49,473378,-0.0638,0.1426,0.3815,23.3154,165.2222,155.0293,0.4122,,
DATA,A001,5,50,473388,-0.0087,0.2186,0.3517,43.6401,166.9312,160.3394,0.4142,,
DATA,A001,5,51,473398,0.0197,0.2659,0.3204,54.2603,174.4995,164.0015,0.4169,,
DATA,A001,5,52,473408,0.0380,0.3184,0.2672,70.3125,195.5566,173.8892,0.4174,,
DATA,A001,5,53,473418,0.0224,0.3663,0.2440,83.9233,215.0269,184.5093,0.4407,,
DATA,A001,5,54,473428,-0.0377,0.4835,0.2279,108.5205,247.6807,203.0029,0.5358,,
DATA,A001,5,55,473438,-0.1315,0.6038,0.2401,122.3145,267.7612,214.9048,0.6630,,
DATA,A001,5,56,473448,-0.2928,0.8240,0.2670,135.0098,289.7949,229.7974,0.9144,,
DATA,A001,5,57,473458,-0.3519,0.9688,0.2692,135.3149,297.2412,238.1592,1.0653,,
DATA,A001,5,58,473468,-0.3990,1.1204,0.2718,127.0752,297.5464,249.9390,1.2200,,
DATA,A001,5,59,473478,-0.4144,1.1858,0.2687,119.2627,295.7153,257.4463,1.2846,,
DATA,A001,5,60,473488,-0.4144,1.2886,0.2613,106.8726,291.2598,270.0195,1.3786,,
DATA,A001,5,61,473498,-0.4073,1.3541,0.2335,99.4873,289.7339,278.3203,1.4332,,
DATA,A001,5,62,473508,-0.4166,1.4759,0.1600,87.3413,295.4102,286.0718,1.5419,,
DATA,A001,5,63,473518,-0.4286,1.5533,0.0841,76.2939,303.6499,290.2832,1.6135,,
DATA,A001,5,64,473528,-0.4315,1.6219,-0.0553,58.6548,314.6973,295.1660,1.6792,,
DATA,A001,5,65,473538,-0.4266,1.6500,-0.1452,51.4526,323.5474,293.9453,1.7104,,
DATA,A001,5,66,473548,-0.4130,1.7151,-0.2418,49.4995,341.4307,288.7573,1.7807,,
DATA,A001,5,67,473558,-0.4176,1.7884,-0.2577,53.0396,353.6377,284.5459,1.8545,,
DATA,A001,5,68,473568,-0.4532,1.9388,-0.1535,57.9834,361.5112,275.9399,1.9970,,
DATA,A001,5,69,473578,-0.5062,2.0421,-0.1290,57.2510,363.1592,267.6392,2.1078,,
DATA,A001,5,70,473588,-0.4923,2.1434,-0.0321,49.9268,356.6284,245.9717,2.1994,,
DATA,A001,5,71,473598,-0.4838,2.1688,0.0568,39.7949,351.3184,230.8960,2.2228,,
DATA,A001,5,72,473608,-0.4737,2.1273,0.1048,19.4092,341.1865,209.7778,2.1819,,
DATA,A001,5,73,473618,-0.4845,2.0399,0.2181,5.9204,328.3081,195.5566,2.1079,,
DATA,A001,5,74,473628,-0.5670,1.9361,0.2296,-7.0801,305.1147,184.2041,2.0304,,
DATA,A001,5,75,473638,-0.6088,1.7576,0.1669,-19.8975,255.7373,166.6870,1.8675,,
DATA,A001,5,76,473648,-0.5821,1.6790,0.1056,-18.0664,213.2568,154.0527,1.7802,,
DATA,A001,5,77,473658,-0.5135,1.5704,0.0350,-0.7935,153.9917,136.2915,1.6526,,
DATA,A001,5,78,473668,-0.4894,1.5523,0.0502,8.4839,117.4927,126.7090,1.6284,,
DATA,A001,5,79,473678,-0.5094,1.3763,0.1088,2.6855,63.4766,116.0889,1.4715,,
DATA,A001,5,80,473688,-0.5196,1.2012,0.1498,-2.9907,28.6255,107.6660,1.3173,,
DATA,A001,5,81,473698,-0.5101,0.9490,0.1598,-3.4790,-20.0195,91.6138,1.0892,,
DATA,A001,5,82,473708,-0.4894,0.8091,0.1412,1.8921,-45.7764,78.7354,0.9561,,
DATA,A001,5,83,473718,-0.4376,0.6861,0.0814,11.2305,-72.0215,59.3872,0.8178,,
DATA,A001,5,84,473728,-0.4374,0.5987,0.0301,13.8550,-84.1675,46.5088,0.7420,,
DATA,A001,5,85,473738,-0.4254,0.5079,-0.0643,19.5312,-97.0459,29.1138,0.6656,,
DATA,A001,5,86,473748,-0.4051,0.4881,-0.1110,28.8086,-106.8726,19.0430,0.6440,,
DATA,A001,5,87,473758,-0.3497,0.5679,-0.1940,49.2554,-120.5444,4.5776,0.6946,,
DATA,A001,5,88,473768,-0.2977,0.6780,-0.2460,62.1338,-125.8545,-6.1646,0.7803,,
DATA,A001,5,89,473778,-0.1908,0.8304,-0.3082,79.5898,-125.6714,-22.4609,0.9061,,
DATA,A001,5,90,473788,-0.1195,1.0889,-0.3077,91.1255,-112.3657,-31.8604,1.1379,,
DATA,A001,5,91,473798,0.0087,1.3262,-0.2819,72.9980,-92.7124,-38.7573,1.3559,,
DATA,A001,5,92,473808,0.0900,1.3299,-0.2848,42.9688,-68.5425,-41.8091,1.3630,,
DATA,A001,5,93,473818,0.1730,1.1680,-0.2452,5.1880,-25.6348,-44.1284,1.2060,,
DATA,A001,5,94,473828,0.1769,1.0147,-0.1879,-6.1035,4.5166,-43.4570,1.0470,,
DATA,A001,5,95,473838,0.1471,0.7828,-0.0839,-7.0801,53.9551,-41.0156,0.8009,,
DATA,A001,5,96,473848,0.0971,0.6600,-0.0028,-0.7935,84.1675,-37.1704,0.6671,,
DATA,A001,5,97,473858,-0.0167,0.5713,0.1871,12.5122,122.6196,-30.7007,0.6014,,
DATA,A001,5,98,473868,-0.0843,0.5723,0.2858,18.4326,144.8975,-26.3672,0.6452,,
DATA,A001,5,99,473878,-0.1439,0.6133,0.2972,16.9678,174.0112,-21.7285,0.6966,,
DATA,A001,5,100,473888,-0.1481,0.6243,0.2972,13.2446,191.1011,-21.5454,0.7071,,
DATA,A001,5,101,473898,-0.1315,0.6414,0.2328,9.0942,223.2056,-19.6533,0.6949,,
DATA,A001,5,102,473908,-0.1141,0.6304,0.1993,8.6060,239.7461,-15.9302,0.6710,,
DATA,A001,5,103,473918,-0.1219,0.5926,0.2933,17.5781,245.8496,-9.7656,0.6724,,
DATA,A001,5,104,473928,-0.1727,0.6028,0.3673,25.9399,239.0747,-4.9438,0.7267,,
DATA,A001,5,105,473938,-0.2577,0.6451,0.4342,28.0151,214.1724,1.9531,0.8192,,
DATA,A001,5,106,473948,-0.3041,0.6529,0.4686,22.7661,190.4907,5.0659,0.8593,,
DATA,A001,5,107,473958,-0.3443,0.6382,0.4730,12.6343,150.2686,8.5449,0.8658,,
DATA,A001,5,108,473968,-0.3358,0.6207,0.4601,9.6436,124.2676,10.3760,0.8424,,
DATA,A001,5,109,473978,-0.3089,0.6190,0.4415,10.3149,101.8677,12.0850,0.8207,,
DATA,A001,5,110,473988,-0.2633,0.6356,0.3658,14.4043,75.5005,16.2964,0.7792,,
DATA,A001,5,111,473998,-0.2547,0.6412,0.3610,20.4468,59.5703,18.8599,0.7786,,
DATA,A001,5,112,474008,-0.2599,0.6871,0.3968,32.7759,34.6069,21.1182,0.8349,,
DATA,A001,5,113,474018,-0.2762,0.7493,0.4242,38.7573,15.5640,20.9351,0.9043,,
DATA,A001,5,114,474028,-0.2626,0.8670,0.4862,42.1143,-12.4512,16.6626,1.0281,,
DATA,A001,5,115,474038,-0.2342,0.9534,0.5116,39.7339,-27.6489,12.3291,1.1071,,
DATA,A001,5,116,474048,-0.1632,1.0474,0.4816,28.1982,-38.6963,3.5400,1.1643,,
DATA,A001,5,117,474058,-0.1063,1.0640,0.4462,18.5547,-35.9497,-3.6621,1.1587,,
DATA,A001,5,118,474068,-0.0411,1.0455,0.4261,8.9111,-17.2119,-14.5874,1.1297,,
DATA,A001,5,119,474078,-0.0365,1.0167,0.4213,4.8828,1.5869,-20.1416,1.1011,,
DATA,A001,5,120,474088,-0.0658,0.9612,0.4159,0.2441,27.8320,-25.3296,1.0494,,
DATA,A001,5,121,474098,-0.1112,0.9405,0.4142,-1.3428,38.5132,-27.9541,1.0336,,
DATA,A001,5,122,474108,-0.1813,0.9720,0.3998,0.5493,42.4805,-32.8369,1.0665,,
DATA,A001,5,123,474118,-0.2025,1.0433,0.3819,2.1973,39.5508,-36.1938,1.1293,,
DATA,A001,5,124,474128,-0.1969,1.1522,0.3627,-0.4272,33.7524,-42.5415,1.2238,,
DATA,A001,5,125,474138,-0.1810,1.2115,0.3502,-5.2490,32.4097,-47.5464,1.2740,,
DATA,A001,5,126,474148,-0.1725,1.2723,0.3151,-13.6719,37.4756,-56.2744,1.3220,,
DATA,A001,5,127,474158,-0.1578,1.2916,0.3129,-17.3950,44.3726,-62.2559,1.3383,,
DATA,A001,5,128,474168,-0.2059,1.3401,0.2867,-19.5312,54.1382,-70.9229,1.3859,,
DATA,A001,5,129,474178,-0.2316,1.4266,0.2360,-15.6250,62.0117,-77.0264,1.4644,,
DATA,A001,5,130,474188,-0.2399,1.6478,0.2264,-4.1504,68.5425,-88.2568,1.6805,,
DATA,A001,5,131,474198,-0.2494,1.8253,0.2303,-0.1831,73.6694,-95.5811,1.8566,,
DATA,A001,5,132,474208,-0.2504,1.9529,0.2496,-14.0381,81.1768,-105.6519,1.9847,,
DATA,A001,5,133,474218,-0.2462,1.8663,0.2767,-35.4004,83.4351,-111.5112,1.9027,,
DATA,A001,5,134,474228,-0.2528,1.5401,0.2855,-61.7676,83.5571,-120.7886,1.5866,,
DATA,A001,5,135,474238,-0.2645,1.3406,0.2826,-64.4531,81.4819,-128.0518,1.3954,,
DATA,A001,5,136,474248,-0.2801,1.1910,0.2821,-53.7109,75.3174,-140.9302,1.2556,,
DATA,A001,5,137,474258,-0.2884,1.1646,0.2787,-47.9736,70.8618,-149.9634,1.2317,,
DATA,A001,5,138,474268,-0.3153,1.1722,0.2496,-48.0957,65.4907,-165.9546,1.2392,,
DATA,A001,5,139,474278,-0.3297,1.1880,0.2164,-49.1943,61.4624,-177.7954,1.2518,,
DATA,A001,5,140,474288,-0.3429,1.2432,0.1876,-43.6401,50.5371,-196.2280,1.3032,,
DATA,A001,5,141,474298,-0.3334,1.3143,0.1837,-38.6353,40.5273,-208.0078,1.3683,,
DATA,A001,5,142,474308,-0.3182,1.4158,0.1788,-41.0767,26.3062,-226.1963,1.4621,,
DATA,A001,5,143,474318,-0.3014,1.4410,0.1617,-48.7671,18.9209,-237.8540,1.4810,,
DATA,A001,5,144,474328,-0.2994,1.4356,0.1451,-56.7627,13.0615,-247.9858,1.4737,,
DATA,A001,5,145,474338,-0.2884,1.4026,0.1183,-63.0493,8.5449,-260.3149,1.4369,,
DATA,A001,5,146,474348,-0.2870,1.3824,0.1139,-64.2700,9.8267,-266.7236,1.4164,,
DATA,A001,5,147,474358,-0.2921,1.3572,0.1124,-64.5142,15.7471,-272.0947,1.3929,,
DATA,A001,5,148,474368,-0.3004,1.3301,0.1254,-64.5752,19.1040,-272.8271,1.3694,,
DATA,A001,5,149,474378,-0.3080,1.2679,0.1532,-66.4673,21.2402,-270.5078,1.3137,,
DATA,A001,5,150,474388,-0.3065,1.2012,0.1757,-68.4814,21.0571,-267.9443,1.2521,,
DATA,A001,5,151,474398,-0.2945,1.0840,0.2074,-70.1904,20.2637,-262.3901,1.1423,,
DATA,A001,5,152,474408,-0.2728,1.0118,0.2189,-69.5801,20.0195,-257.4463,1.0705,,
DATA,A001,5,153,474418,-0.2462,0.9063,0.2279,-67.8101,20.3857,-248.7793,0.9664,,
DATA,A001,5,154,474428,-0.2240,0.8445,0.2235,-66.7725,21.2402,-242.2485,0.9019,,
DATA,A001,5,155,474438,-0.2008,0.7459,0.2128,-65.1245,23.6206,-231.0791,0.8012,,
DATA,A001,5,156,474448,-0.1922,0.6966,0.1964,-63.3545,25.6958,-222.4121,0.7488,,
DATA,A001,5,157,474458,-0.1815,0.6331,0.1615,-58.4106,27.7100,-207.4585,0.6781,,
DATA,A001,5,158,474468,-0.1815,0.6072,0.1390,-53.3447,28.5645,-196.5332,0.6489,,
DATA,A001,5,159,474478,-0.1744,0.5777,0.1095,-46.3867,29.2358,-179.3823,0.6133,,
DATA,A001,5,160,474488,-0.1698,0.5621,0.0946,-43.1519,28.6865,-166.9312,0.5947,,
DATA,A001,5,161,474498,-0.1564,0.5237,0.0839,-40.2832,26.4282,-147.0337,0.5530,,
DATA,A001,5,162,474508,-0.1507,0.4983,0.0729,-38.8794,24.6582,-132.5684,0.5257,,
DATA,A001,5,163,474518,-0.1359,0.4708,0.0565,-35.0342,23.9258,-109.6802,0.4932,,
DATA,A001,5,164,474528,-0.1258,0.4654,0.0465,-30.3345,25.0244,-93.5059,0.4843,,
DATA,A001,5,165,474538,-0.1141,0.4705,0.0477,-22.4609,28.9307,-68.1763,0.4865,,
DATA,A001,5,166,474548,-0.1210,0.4761,0.0482,-19.4092,32.5928,-50.9644,0.4936,,
DATA,A001,5,167,474558,-0.1317,0.4744,0.0543,-16.8457,38.1470,-25.4517,0.4954,,
DATA,A001,5,168,474568,-0.1495,0.4705,0.0568,-14.6484,41.1987,-8.1177,0.4970,,
DATA,A001,5,169,474578,-0.1830,0.4813,0.0768,-6.9580,43.7012,18.3105,0.5206,,
DATA,A001,5,170,474588,-0.2174,0.5101,0.1073,-0.1831,42.4805,36.1938,0.5647,,
DATA,A001,5,171,474598,-0.2911,0.5867,0.1442,8.4229,35.3394,63.9648,0.6707,,
DATA,A001,5,172,474608,-0.3597,0.6627,0.1766,13.8550,24.3530,83.2520,0.7744,,
DATA,A001,5,173,474618,-0.4877,0.8240,0.2689,22.5830,0.4883,112.1216,0.9946,,
DATA,A001,5,174,474628,-0.5555,0.9603,0.3116,24.2310,-18.8599,129.0283,1.1523,,
DATA,A001,5,175,474638,-0.6048,1.1500,0.3277,16.4185,-50.1099,147.8882,1.3400,,
DATA,A001,5,176,474648,-0.5897,1.2364,0.3121,6.8359,-66.7114,157.2876,1.4049,,
DATA,A001,5,177,474658,-0.5414,1.2723,0.2762,-10.0098,-82.3364,167.8467,1.4100,,
DATA,A001,5,178,474668,-0.5057,1.2298,0.2572,-19.5923,-84.7778,173.2788,1.3544,,
DATA,A001,5,179,474678,-0.4681,1.1622,0.2411,-24.1089,-81.9092,179.0771,1.2759,,
DATA,A001,5,180,474688,-0.4025,1.1024,0.1381,-17.1509,-67.4438,191.8945,1.1816,,
DATA,A001,5,181,474698,-0.3419,1.1038,0.0790,-3.6621,-51.0254,202.3926,1.1583,,
DATA,A001,5,182,474708,-0.2970,1.1707,0.0626,19.5312,-18.4326,225.1587,1.2094,,
DATA,A001,5,183,474718,-0.3314,1.2308,0.0609,30.1514,7.0190,242.3706,1.2761,,
DATA,A001,5,184,474728,-0.4615,1.3033,0.0990,38.4521,42.2974,265.3809,1.3861,,
DATA,A001,5,185,474738,-0.5401,1.3423,0.1261,43.3350,62.4390,278.6255,1.4524,,
DATA,A001,5,186,474748,-0.5836,1.4019,0.1569,53.9551,86.3037,296.4478,1.5266,,
DATA,A001,5,187,474758,-0.5682,1.4393,0.1754,59.8755,102.5391,305.7251,1.5573,,
DATA,A001,5,188,474768,-0.5311,1.4417,0.1991,58.3496,132.5073,313.5986,1.5493,,
DATA,A001,5,189,474778,-0.5196,1.4044,0.2338,51.4526,153.3813,313.8428,1.5155,,
DATA,A001,5,190,474788,-0.5445,1.3336,0.2757,40.4663,180.3589,310.4248,1.4666,,
DATA,A001,5,191,474798,-0.5682,1.3038,0.3236,35.6445,189.6362,305.9692,1.4586,,
DATA,A001,5,192,474808,-0.6529,1.3055,0.4073,27.4658,186.8286,294.7388,1.5154,,
DATA,A001,5,193,474818,-0.7076,1.3231,0.4130,18.4326,176.3916,284.8511,1.5562,,
DATA,A001,5,194,474828,-0.7445,1.3213,0.3878,0.7935,151.6724,268.7988,1.5654,,
DATA,A001,5,195,474838,-0.7648,1.2967,0.3436,-11.4746,131.8970,257.4463,1.5441,,
DATA,A001,5,196,474848,-0.7604,1.2271,0.2316,-27.4658,102.2949,238.4644,1.4620,,
DATA,A001,5,197,474858,-0.7208,1.1570,0.1766,-34.3018,83.8623,225.9521,1.3746,,
DATA,A001,5,198,474868,-0.6380,1.0550,0.1461,-37.2925,63.4766,210.7544,1.2416,,
DATA,A001,5,199,474878,-0.5856,1.0091,0.1285,-35.4614,55.6641,202.6978,1.1737,,
DATA,A001,5,200,474888,-0.5150,0.9747,0.1368,-27.4048,51.4526,190.7959,1.1108,,
DATA,A001,5,201,474898,-0.4759,0.9703,0.1429,-20.2637,54.9316,182.3120,1.0901,,
DATA,A001,5,202,474908,-0.4232,0.9463,0.1866,-11.1084,68.8477,167.6025,1.0533,,
DATA,A001,5,203,474918,-0.3963,0.9192,0.2333,-8.3008,82.7026,156.3721,1.0279,,
DATA,A001,5,204,474928,-0.3780,0.8531,0.2941,-7.2021,108.2764,138.6108,0.9783,,
DATA,A001,5,205,474938,-0.3732,0.8001,0.3143,-6.9580,125.9766,127.1973,0.9371,,
DATA,A001,5,206,474948,-0.3754,0.7271,0.3470,-5.5542,148.6206,109.3750,0.8888,,
DATA,A001,5,207,474958,-0.3856,0.6922,0.3514,-4.8218,159.4849,97.6562,0.8668,,
DATA,A001,5,208,474968,-0.3924,0.6519,0.3258,-6.2256,168.0908,80.8716,0.8277,,
DATA,A001,5,209,474978,-0.3927,0.6346,0.2882,-8.7280,170.1050,70.3735,0.8000,,
DATA,A001,5,210,474988,-0.4061,0.6036,0.2196,-10.9863,169.5557,56.8237,0.7599,,
DATA,A001,5,211,474998,-0.4342,0.5826,0.1842,-10.0708,165.8936,48.8892,0.7496,,
DATA,A001,5,212,475008,-0.4586,0.5784,0.1754,-6.6528,158.6304,40.7104,0.7587,,
DATA,A001,5,213,475018,-0.4645,0.6094,0.2274,0.1221,138.3667,29.2358,0.7993,,
DATA,A001,5,214,475028,-0.4664,0.6651,0.2342,1.8311,122.3755,22.7051,0.8454,,
DATA,A001,5,215,475038,-0.4647,0.7276,0.1908,-1.7700,102.6001,10.7422,0.8842,,
DATA,A001,5,216,475048,-0.4730,0.7632,0.1620,-5.5542,93.5669,1.5259,0.9124,,
DATA,A001,5,217,475058,-0.5145,0.7794,0.1388,-7.3853,83.0078,-9.7656,0.9441,,
DATA,A001,5,218,475068,-0.5465,0.7813,0.1405,-3.2349,74.8901,-15.5640,0.9638,,
DATA,A001,5,219,475078,-0.5953,0.7750,0.2052,4.7607,59.3872,-24.4141,0.9985,,
DATA,A001,5,220,475088,-0.6139,0.7711,0.2462,6.7749,46.7529,-29.8462,1.0159,,
DATA,A001,5,221,475098,-0.6053,0.7308,0.2882,6.7749,24.5361,-37.7808,0.9917,,
DATA,A001,5,222,475108,-0.5790,0.7020,0.3194,9.0332,9.2163,-42.9688,0.9644,,
DATA,A001,5,223,475118,-0.5309,0.6878,0.3507,15.9912,-9.8267,-50.7812,0.9370,,
DATA,A001,5,224,475128,-0.4886,0.7066,0.3634,20.3247,-19.1650,-55.8472,0.9328,,
DATA,A001,5,225,475138,-0.4291,0.7530,0.3793,24.5361,-26.6113,-63.2935,0.9460,,
DATA,A001,5,226,475148,-0.3978,0.7991,0.3758,26.0620,-27.5269,-68.2983,0.9686,,
DATA,A001,5,227,475158,-0.3675,0.8682,0.3319,27.8931,-23.3765,-76.3550,0.9995,,
DATA,A001,5,228,475168,-0.3595,0.9183,0.2819,30.0293,-17.7002,-81.7871,1.0256,,
DATA,A001,5,229,475178,-0.3441,0.9966,0.2303,36.5601,-9.0942,-89.2334,1.0792,,
DATA,A001,5,230,475188,-0.3304,1.0550,0.2264,42.0532,-3.6011,-94.1162,1.1285,,
DATA,A001,5,231,475198,-0.3175,1.1443,0.2609,47.1802,5.0659,-102.1118,1.2159,,
DATA,A001,5,232,475208,-0.3143,1.1861,0.2923,47.5464,10.1318,-107.7881,1.2614,,
DATA,A001,5,233,475218,-0.3600,1.2278,0.2884,46.4478,12.2070,-115.7837,1.3116,,
DATA,A001,5,234,475228,-0.4000,1.2962,0.2406,51.6357,10.9253,-119.2627,1.3777,,
DATA,A001,5,235,475238,-0.3888,1.5391,0.2062,73.2422,5.7373,-117.8589,1.6008,,
DATA,A001,5,236,475248,-0.3802,1.7596,0.2316,84.2896,4.8828,-116.8213,1.8150,,
DATA,A001,5,237,475258,-0.3885,1.9830,0.2633,74.0356,8.1787,-120.1172,2.0378,,
DATA,A001,5,238,475268,-0.4061,1.9376,0.2757,51.6968,8.3618,-124.3896,1.9988,,
DATA,A001,5,239,475278,-0.4342,1.6541,0.2953,27.8931,0.9155,-130.9814,1.7355,,
DATA,A001,5,240,475288,-0.4469,1.4798,0.3077,29.1138,-10.2539,-136.4746,1.5761,,
DATA,A001,5,241,475298,-0.4359,1.3653,0.3417,44.1284,-31.6772,-147.6440,1.4734,,
DATA,A001,5,242,475308,-0.4191,1.3812,0.3768,51.2085,-46.6309,-156.7383,1.4917,,
DATA,A001,5,243,475318,-0.3944,1.4507,0.3876,50.5371,-65.6738,-172.1802,1.5525,,
DATA,A001,5,244,475328,-0.3844,1.4866,0.3683,46.4478,-77.0264,-182.8613,1.5791,,
DATA,A001,5,245,475338,-0.3729,1.5071,0.3500,42.0532,-85.7544,-192.5659,1.5915,,
DATA,A001,5,246,475348,-0.3370,1.5135,0.3407,33.7524,-93.3228,-206.2988,1.5875,,
DATA,A001,5,247,475358,-0.3102,1.4942,0.3258,23.2544,-91.7969,-219.4824,1.5604,,
DATA,A001,5,248,475368,-0.3190,1.4700,0.2985,15.8691,-88.1348,-227.3560,1.5336,,
DATA,A001,5,249,475378,-0.3234,1.4395,0.2692,8.8501,-83.9233,-234.4360,1.4997,,
DATA,A001,5,250,475388,-0.3209,1.3834,0.2157,0.1221,-77.2705,-242.7979,1.4364,,
DATA,A001,5,251,475398,-0.3099,1.3480,0.1815,-3.7842,-71.9604,-246.8262,1.3950,,
DATA,A001,5,252,475408,-0.2748,1.2903,0.1388,-7.3853,-61.8286,-250.1831,1.3266,,
DATA,A001,5,253,475418,-0.2464,1.2452,0.1266,-9.6436,-54.1382,-251.2207,1.2756,,
DATA,A001,5,254,475428,-0.2115,1.1575,0.1217,-13.4888,-42.8467,-251.0376,1.1830,,
DATA,A001,5,255,475438,-0.1900,1.0799,0.1219,-15.9302,-35.5835,-249.9390,1.1032,,
DATA,A001,5,256,475448,-0.1627,0.9571,0.1278,-17.0898,-25.3296,-245.8496,0.9792,,
DATA,A001,5,257,475458,-0.1466,0.8751,0.1298,-15.8081,-18.1885,-241.2109,0.8967,,
DATA,A001,5,258,475468,-0.1344,0.7650,0.1383,-11.0474,-7.4463,-231.9336,0.7889,,
DATA,A001,5,259,475478,-0.1297,0.7056,0.1495,-7.1411,-0.5493,-224.6094,0.7329,,
DATA,A001,5,260,475488,-0.1334,0.6309,0.1507,-0.8545,8.4839,-211.6089,0.6623,,
DATA,A001,5,261,475498,-0.1388,0.5958,0.1534,3.5400,12.9395,-201.9653,0.6307,,
DATA,A001,5,262,475508,-0.1534,0.5560,0.1517,10.3149,18.1885,-186.7676,0.5964,,
DATA,A001,5,263,475518,-0.1586,0.5425,0.1520,14.0381,20.2637,-176.1475,0.5853,,
DATA,A001,5,264,475528,-0.1671,0.5250,0.1442,18.0054,22.7661,-159.4849,0.5695,,
DATA,A001,5,265,475538,-0.1778,0.5140,0.1363,19.2261,23.3765,-147.7661,0.5607,,
DATA,A001,5,266,475548,-0.1879,0.4903,0.1212,19.2261,22.6440,-129.8828,0.5389,,
DATA,A001,5,267,475558,-0.1920,0.4744,0.1068,18.4326,21.2402,-117.5537,0.5228,,
DATA,A001,5,268,475568,-0.1944,0.4398,0.0799,16.1743,18.4326,-98.4497,0.4874,,
DATA,A001,5,269,475578,-0.2018,0.4163,0.0519,14.1602,16.0522,-85.2051,0.4655,,
DATA,A001,5,270,475588,-0.2425,0.3738,0.0045,10.9863,6.5918,-62.4390,0.4456,,
DATA,A001,5,271,475598,-0.2757,0.3462,-0.0153,11.9019,-4.8218,-45.0439,0.4429,,
DATA,A001,5,272,475608,-0.2975,0.3345,-0.0411,15.9912,-27.4048,-19.6533,0.4495,,
DATA,A001,5,273,475618,-0.2906,0.3453,-0.0563,19.3481,-41.8701,-3.7231,0.4548,,
DATA,A001,5,274,475628,-0.2596,0.3892,-0.0614,27.2217,-57.4951,20.5078,0.4719,,
DATA,A001,5,275,475638,-0.2316,0.4232,-0.0536,32.7759,-62.3169,36.6821,0.4853,,
DATA,A001,5,276,475648,-0.1932,0.4839,-0.0350,40.2832,-61.8286,61.5845,0.5223,,
DATA,A001,5,277,475658,-0.1800,0.5223,-0.0184,46.2036,-57.7393,79.6509,0.5527,,
DATA,A001,5,278,475668,-0.1700,0.5806,0.0023,54.2603,-52.3682,99.1211,0.6050,,
DATA,A001,5,279,475678,-0.1800,0.7000,0.0848,70.6177,-45.5322,128.8452,0.7278,,
DATA,A001,5,280,475688,-0.1937,0.8135,0.1544,79.2236,-43.8232,148.0713,0.8504,,
DATA,A001,5,281,475698,-0.1964,1.0035,0.2301,82.0312,-43.6401,174.1333,1.0481,,
DATA,A001,5,282,475708,-0.1817,1.1722,0.2865,75.9888,-39.1235,196.8994,1.2203,,
DATA,A001,5,283,475718,-0.1727,1.2637,0.3048,70.4346,-30.4565,209.9609,1.3114,,
DATA,A001,5,284,475728,-0.1703,1.3448,0.3085,63.4766,-18.4326,220.4590,1.3902,,
DATA,A001,5,285,475738,-0.1676,1.4073,0.2872,49.2554,1.3428,232.1777,1.4460,,
DATA,A001,5,286,475748,-0.1727,1.4271,0.2001,38.9404,15.5029,238.6475,1.4513,,
DATA,A001,5,287,475758,-0.1256,1.4505,0.0362,33.6914,36.4380,249.0234,1.4564,,
DATA,A001,5,288,475768,-0.0858,1.4966,-0.0214,40.7104,50.9644,257.1411,1.4993,,
DATA,A001,5,289,475778,-0.0538,1.6226,-0.0634,55.0537,74.8901,267.0288,1.6247,,
DATA,A001,5,290,475788,-0.0694,1.7127,-0.0548,58.8989,88.3789,270.8740,1.7150,,
DATA,A001,5,291,475798,-0.1214,1.7874,-0.0160,54.9316,103.8208,273.3154,1.7916,,
DATA,A001,5,292,475808,-0.1603,1.7972,0.0572,50.8423,110.5347,273.3765,1.8052,,
DATA,A001,5,293,475818,-0.2042,1.7535,0.2047,44.1895,118.5913,270.6909,1.7772,,
DATA,A001,5,294,475828,-0.2403,1.6910,0.3053,38.0859,123.9014,266.8457,1.7350,,
DATA,A001,5,295,475838,-0.2823,1.6085,0.3968,29.7241,132.2632,258.9111,1.6806,,
DATA,A001,5,296,475848,-0.3026,1.5772,0.4183,26.6113,137.0239,251.8311,1.6596,,
DATA,A001,5,297,475858,-0.3343,1.5626,0.3846,22.8882,141.2354,238.6475,1.6436,,
DATA,A001,5,298,475868,-0.3583,1.5547,0.3292,16.2354,141.1743,227.4780,1.6291,,
DATA,A001,5,299,475878,-0.4086,1.4810,0.2245,-1.2817,134.2163,207.0923,1.5526,,
DATA,A001,5,300,475888,-0.4415,1.4024,0.1529,-13.0005,121.8262,192.8711,1.4782,,
DATA,A001,5,301,475898,-0.4857,1.2444,0.0655,-22.2778,91.3696,172.2412,1.3375,,
DATA,A001,5,302,475908,-0.4916,1.1561,0.0389,-20.0806,71.5942,153.8696,1.2568,,
DATA,A001,5,303,475918,-0.5172,1.0694,-0.0057,-10.8032,49.8047,123.9624,1.1879,,
DATA,A001,5,304,475928,-0.4964,1.0362,-0.0043,-5.1880,34.1187,106.9946,1.1490,,
DATA,A001,5,305,475938,-0.3727,1.0067,0.0502,-2.1362,-0.1831,86.4258,1.0746,,
DATA,A001,5,306,475948,-0.2281,0.9962,0.0929,-2.6245,-13.9160,71.4722,1.0262,,
DATA,A001,5,307,475958,-0.0712,1.0081,0.1151,-2.9297,-4.8828,51.9409,1.0172,,
DATA,A001,5,308,475968,-0.0624,1.0093,0.1022,-3.1128,14.7095,43.8232,1.0164,,
DATA,A001,5,309,475978,-0.1398,1.0054,0.0958,-4.3945,43.5181,35.2173,1.0196,,
DATA,A001,5,310,475988,-0.2086,0.9927,0.0975,-7.0801,55.2979,31.1279,1.0191,,
DATA,A001,5,311,475998,-0.3016,0.9420,0.0948,-11.6577,59.0820,27.8320,0.9936,,
DATA,A001,5,312,476008,-0.3338,0.8931,0.1063,-13.8550,54.5044,26.4893,0.9594,,
DATA,A001,5,313,476018,-0.3458,0.8482,0.1229,-14.7095,48.4009,25.6348,0.9242,,
DATA,A001,5,314,476028,-0.3280,0.7855,0.1173,-15.2588,41.1377,26.1841,0.8592,,
DATA,A001,5,315,476038,-0.3146,0.7462,0.1048,-15.3809,38.4521,28.0151,0.8165,,
DATA,A001,5,316,476048,-0.2997,0.6995,0.1034,-13.9771,37.2925,31.7383,0.7680,,
DATA,A001,5,317,476058,-0.3050,0.6812,0.1041,-11.8408,37.9028,34.1187,0.7536,,
DATA,A001,5,318,476068,-0.3329,0.6673,0.1156,-7.9346,38.8794,37.2314,0.7546,,
DATA,A001,5,319,476078,-0.3612,0.6695,0.1359,-5.1880,36.8652,38.9404,0.7727,,
DATA,A001,5,320,476088,-0.4166,0.6876,0.1747,-1.5869,26.7334,40.7104,0.8227,,
DATA,A001,5,321,476098,-0.4400,0.7012,0.1923,-0.7324,15.0757,41.1377,0.8499,,
DATA,A001,5,322,476108,-0.4430,0.7217,0.2015,-1.7700,-6.3477,40.8325,0.8705,,
DATA,A001,5,323,476118,-0.4283,0.7313,0.1966,-2.3804,-20.4468,39.8560,0.8700,,
DATA,A001,5,324,476128,-0.3929,0.7379,0.1857,-2.3193,-37.5366,37.2925,0.8563,,
DATA,A001,5,325,476138,-0.3795,0.7420,0.1805,-1.2207,-45.2881,34.9121,0.8527,,
DATA,A001,5,326,476148,-0.3714,0.7393,0.1722,0.0610,-54.0771,30.3345,0.8451,,
DATA,A001,5,327,476158,-0.3666,0.7452,0.1713,1.8311,-59.4482,26.5503,0.8479,,
DATA,A001,5,328,476168,-0.3612,0.7740,0.1730,6.1646,-68.0542,20.1416,0.8715,,
DATA,A001,5,329,476178,-0.3578,0.8126,0.1744,9.5825,-73.4253,15.3198,0.9048,,
DATA,A001,5,330,476188,-0.3451,0.8958,0.1739,13.5498,-79.7119,7.5073,0.9756,,
DATA,A001,5,331,476198,-0.3446,0.9505,0.1737,13.9771,-81.9092,1.4648,1.0258,,
DATA,A001,5,332,476208,-0.3421,1.0123,0.1581,10.1318,-82.2754,-9.0942,1.0802,,
DATA,A001,5,333,476218,-0.3431,1.0367,0.1385,6.5918,-80.8716,-17.2119,1.1007,,
DATA,A001,5,334,476228,-0.3282,1.0662,0.0965,3.6621,-76.8433,-30.7617,1.1198,,
DATA,A001,5,335,476238,-0.3077,1.0894,0.0748,4.2114,-72.2046,-41.0767,1.1345,,
DATA,A001,5,336,476248,-0.2738,1.1314,0.0511,6.7139,-61.8286,-58.0444,1.1652,,
DATA,A001,5,337,476258,-0.2726,1.1817,0.0494,8.7891,-55.4810,-69.4580,1.2137,,
DATA,A001,5,338,476268,-0.3046,1.3038,0.0387,14.2212,-50.0488,-84.0454,1.3394,,
DATA,A001,5,339,476278,-0.3053,1.4039,0.0694,18.1274,-52.0020,-92.2241,1.4384,,
DATA,A001,5,340,476288,-0.2953,1.5233,0.0890,14.5874,-58.4717,-103.8818,1.5542,,
DATA,A001,5,341,476298,-0.2848,1.5452,0.0660,6.1035,-61.2183,-111.2671,1.5726,,
DATA,A001,5,342,476308,-0.2684,1.4959,0.0152,-5.5542,-63.3545,-121.2769,1.5199,,
DATA,A001,5,343,476318,-0.2613,1.4525,0.0099,-6.3477,-64.3311,-126.7090,1.4758,,
DATA,A001,5,344,476328,-0.3002,1.4341,0.0116,-1.1597,-66.4673,-131.6528,1.4653,,
DATA,A001,5,345,476338,-0.3265,1.4451,0.0072,1.2817,-71.2280,-134.4604,1.4816,,
DATA,A001,5,346,476348,-0.3507,1.4546,-0.0309,0.4883,-83.6182,-139.1602,1.4966,,
DATA,A001,5,347,476358,-0.3392,1.4483,-0.0651,-1.7700,-94.6045,-141.1133,1.4889,,
DATA,A001,5,348,476368,-0.3094,1.4315,-0.0868,-4.4556,-106.0791,-141.7236,1.4671,,
DATA,A001,5,349,476378,-0.2545,1.4063,-0.1132,-6.1035,-116.6382,-143.0054,1.4336,,
DATA,A001,5,350,476388,-0.2340,1.3948,-0.1195,-4.5166,-118.8965,-143.4937,1.4194,,
DATA,A001,5,351,476398,-0.2357,1.3875,-0.1264,-1.5259,-117.9810,-142.6392,1.4130,,
DATA,A001,5,352,476408,-0.2650,1.3719,-0.1188,-1.4038,-118.1030,-142.6392,1.4023,,
DATA,A001,5,353,476418,-0.3165,1.3165,-0.1171,-5.9204,-125.1221,-143.0054,1.3590,,
DATA,A001,5,354,476428,-0.3487,1.2569,-0.1007,-9.3384,-137.6953,-142.8223,1.3083,,
DATA,A001,5,355,476438,-0.3636,1.1558,-0.0861,-12.3901,-164.3677,-141.4795,1.2147,,
DATA,A001,5,356,476448,-0.3583,1.1053,-0.0690,-13.9771,-184.0210,-140.7471,1.1639,,
DATA,A001,5,357,476458,-0.3334,1.0418,-0.0573,-17.4561,-209.5337,-140.1978,1.0953,,
DATA,A001,5,358,476468,-0.3063,1.0179,-0.0573,-21.1792,-222.2290,-140.1978,1.0645,,
DATA,A001,5,359,476478,-0.2745,0.9669,-0.0780,-28.8696,-235.9009,-140.9302,1.0081,,
DATA,A001,5,360,476488,-0.2640,0.9300,-0.0975,-34.8511,-242.0654,-141.7236,0.9717,,
DATA,A001,5,361,476498,-0.2562,0.8829,-0.1390,-41.7480,-248.5962,-142.7002,0.9298,,
DATA,A001,5,362,476508,-0.2679,0.8631,-0.1771,-45.4102,-253.5400,-142.5171,0.9209,,
DATA,A001,5,363,476518,-0.2901,0.8607,-0.2145,-47.6074,-263.6108,-139.7095,0.9332,,
DATA,A001,5,364,476528,-0.2862,0.8741,-0.2416,-47.9736,-271.9727,-136.5967,0.9510,,
DATA,A001,5,365,476538,-0.2540,0.9107,-0.2772,-51.9409,-282.7759,-130.9814,0.9853,,
DATA,A001,5,366,476548,-0.2284,0.9495,-0.3019,-54.6265,-284.6680,-124.9390,1.0222,,
DATA,A001,5,367,476558,-0.2018,1.0381,-0.3239,-54.3213,-281.6162,-111.8774,1.1060,,
DATA,A001,5,368,476568,-0.1927,1.1329,-0.3182,-52.1851,-275.3296,-100.7080,1.1924,,
DATA,A001,5,369,476578,-0.1835,1.3196,-0.2938,-49.9268,-258.6670,-82.3364,1.3643,,
DATA,A001,5,370,476588,-0.1766,1.4676,-0.2748,-50.7812,-242.3706,-69.7632,1.5035,,
DATA,A001,5,371,476598,-0.1503,1.6548,-0.2462,-62.6831,-210.0220,-54.3213,1.6798,,
DATA,A001,5,372,476608,-0.1280,1.6912,-0.2367,-79.0405,-182.9834,-49.1333,1.7125,,
DATA,A001,5,373,476618,-0.0882,1.5413,-0.2318,-107.9102,-133.5449,-49.1333,1.5611,,
DATA,A001,5,374,476628,-0.0555,1.3558,-0.2352,-121.3379,-96.4355,-53.5278,1.3771,,
DATA,A001,5,375,476638,-0.0060,1.0987,-0.2262,-121.2158,-38.3301,-66.1621,1.1218,,
DATA,A001,5,376,476648,0.0202,1.0118,-0.1996,-107.4219,-1.1597,-77.9419,1.0315,,
DATA,A001,5,377,476658,0.0319,1.0201,-0.0975,-78.7964,45.0439,-94.6655,1.0252,,
DATA,A001,5,378,476668,0.0250,1.0799,-0.0211,-65.0635,67.1997,-103.9429,1.0804,,
DATA,A001,5,379,476678,0.0126,1.1595,0.0746,-61.5845,88.7451,-117.3706,1.1619,,
DATA,A001,5,380,476688,0.0138,1.1692,0.1337,-66.9556,96.8628,-127.0142,1.1769,,
DATA,A001,5,381,476698,0.0141,1.1512,0.1300,-74.8901,108.1543,-140.2588,1.1586,,
DATA,A001,5,382,476708,0.0255,1.1370,0.0607,-75.9277,117.1265,-147.7661,1.1389,,
DATA,A001,5,383,476718,0.0431,1.1131,-0.0765,-69.4580,135.5591,-156.3110,1.1166,,
DATA,A001,5,384,476728,0.0282,1.0933,-0.1547,-60.7910,153.9917,-160.0952,1.1046,,
DATA,A001,5,385,476738,0.0006,1.0843,-0.2077,-49.1943,172.7905,-161.1938,1.1040,,
DATA,A001,5,386,476748,-0.0626,1.0687,-0.2260,-28.9917,194.8242,-158.7524,1.0941,,
DATA,A001,5,387,476758,-0.1263,1.0652,-0.2106,-15.5029,200.5615,-153.6865,1.0932,,
DATA,A001,5,388,476768,-0.2142,1.0355,-0.1398,1.0986,190.7349,-140.6860,1.0666,,
DATA,A001,5,389,476778,-0.2640,1.0084,-0.1139,9.2773,175.2930,-127.6855,1.0486,,
DATA,A001,5,390,476788,-0.2692,0.9329,-0.0875,22.0337,143.0664,-104.8584,0.9749,,
DATA,A001,5,391,476798,-0.2577,0.8773,-0.0548,29.9072,122.8027,-88.5010,0.9160,,
DATA,A001,5,392,476808,-0.2499,0.8028,-0.0145,42.2363,100.2808,-62.1338,0.8409,,
DATA,A001,5,393,476818,-0.2557,0.7791,0.0140,52.1851,88.7451,-42.6636,0.8201,,
DATA,A001,5,394,476828,-0.2840,0.7669,0.0653,66.9556,74.1577,-14.5264,0.8204,,
DATA,A001,5,395,476838,-0.3111,0.7728,0.1195,73.7305,64.3311,3.1738,0.8416,,
DATA,A001,5,396,476848,-0.3524,0.7794,0.2452,79.8340,45.8984,29.3579,0.8898,,
DATA,A001,5,397,476858,-0.3754,0.7899,0.3209,81.4819,30.3345,46.3867,0.9315,,
DATA,A001,5,398,476868,-0.3861,0.7762,0.3942,76.9043,0.9155,67.3218,0.9523,,
DATA,A001,5,399,476878,-0.3612,0.7510,0.3900,72.7539,-17.7002,79.2847,0.9201,,
DATA,A001,5,400,476888,-0.2999,0.7037,0.3822,72.7539,-39.0015,94.8486,0.8551,,
DATA,A001,5,401,476898,-0.2562,0.7003,0.3719,78.3081,-45.1660,105.1025,0.8333,,
DATA,A001,5,402,476908,-0.2047,0.7496,0.2923,87.5854,-44.3115,120.1782,0.8302,,
DATA,A001,5,403,476918,-0.1815,0.7786,0.2462,93.3228,-41.1377,129.5776,0.8365,,
DATA,A001,5,404,476928,-0.1595,0.8379,0.2006,103.1494,-37.0483,142.8223,0.8763,,
DATA,A001,5,405,476938,-0.1478,0.8904,0.1778,110.2295,-37.0483,151.1230,0.9200,,
DATA,A001,5,406,476948,-0.1366,0.9835,0.1820,119.7510,-41.0156,161.5601,1.0094,,
DATA,A001,5,407,476958,-0.1366,1.0518,0.1935,123.7793,-45.6543,167.4194,1.0781,,
DATA,A001,5,408,476968,-0.1295,1.1273,0.2301,124.8169,-55.8472,175.0488,1.1578,,
DATA,A001,5,409,476978,-0.1146,1.1548,0.2552,122.9248,-61.3403,178.3447,1.1883,,
DATA,A001,5,410,476988,-0.0804,1.1544,0.2889,117.3096,-61.8896,180.4810,1.1927,,
DATA,A001,5,411,476998,-0.0609,1.1187,0.3048,113.7085,-56.0913,180.8472,1.1611,,
DATA,A001,5,412,477008,-0.0328,1.0604,0.3243,110.7788,-38.5132,180.7251,1.1093,,
DATA,A001,5,413,477018,-0.0380,1.0311,0.3414,111.2061,-22.5830,180.4810,1.0868,,
DATA,A001,5,414,477028,-0.0819,1.0057,0.3712,113.3423,-1.4038,179.7485,1.0751,,
DATA,A001,5,415,477038,-0.1144,1.0076,0.4000,113.8916,8.1787,178.4668,1.0901,,
DATA,A001,5,416,477048,-0.1432,1.0189,0.4051,112.3047,11.6577,177.0020,1.1058,,
DATA,A001,5,417,477058,-0.1798,1.0289,0.4261,107.3608,12.3901,171.8750,1.1280,,
DATA,A001,5,418,477068,-0.1805,1.0421,0.4405,103.8818,19.8364,163.6963,1.1457,,
DATA,A001,5,419,477078,-0.1852,1.0608,0.4503,98.1445,38.4521,153.0762,1.1672,,
DATA,A001,5,420,477088,-0.2067,1.0816,0.4166,92.2241,47.9126,148.9258,1.1773,,
DATA,A001,5,421,477098,-0.2147,1.0984,0.4025,83.3130,55.2979,139.4043,1.1894,,
DATA,A001,5,422,477108,-0.2748,1.1138,0.3917,76.9653,60.4858,132.0190,1.2122,,
DATA,A001,5,423,477118,-0.3524,1.1453,0.3939,68.8477,63.5986,119.3237,1.2614,,
DATA,A001,5,424,477128,-0.3883,1.1546,0.4152,62.8662,55.1758,113.8916,1.2869,,
DATA,A001,5,425,477138,-0.4066,1.1605,0.4291,53.8330,32.0435,106.5674,1.3023,,
DATA,A001,5,426,477148,-0.4232,1.1385,0.4225,46.8750,11.8408,100.3418,1.2860,,
DATA,A001,5,427,477158,-0.4308,1.0806,0.4347,37.7808,-22.9492,87.4023,1.2419,,
DATA,A001,5,428,477168,-0.4266,1.0345,0.4266,33.2031,-48.7671,78.3691,1.1976,,
DATA,A001,5,429,477178,-0.3773,0.9600,0.4169,27.7100,-86.9141,64.6973,1.1126,,
DATA,A001,5,430,477188,-0.3058,0.9185,0.4159,24.9634,-105.8960,56.2744,1.0536,,
DATA,A001,5,431,477198,-0.1908,0.8560,0.3966,23.2544,-112.6099,44.9829,0.9625,,
DATA,A001,5,432,477208,-0.1210,0.8370,0.3866,21.6675,-104.6753,36.9873,0.9298,,
DATA,A001,5,433,477218,-0.0533,0.8265,0.3546,18.4937,-78.6133,26.0620,0.9009,,
DATA,A001,5,434,477228,-0.0353,0.8328,0.3268,15.6250,-56.7627,19.4092,0.8953,,
DATA,A001,5,435,477238,-0.0370,0.8775,0.2787,12.8174,-24.3530,10.4980,0.9214,,
DATA,A001,5,436,477248,-0.0538,0.9190,0.2435,11.5967,-5.1880,5.1270,0.9522,,
DATA,A001,5,437,477258,-0.0785,1.0037,0.2049,10.6812,17.6392,-2.4414,1.0274,,
DATA,A001,5,438,477268,-0.1012,1.0643,0.1918,10.4370,29.4800,-7.2632,1.0861,,
DATA,A001,5,439,477278,-0.1361,1.1649,0.1869,8.6670,45.0439,-14.8926,1.1876,,
DATA,A001,5,440,477288,-0.1625,1.2112,0.1835,5.0659,53.9551,-20.9351,1.2358,,
DATA,A001,5,441,477298,-0.1822,1.2249,0.1986,-2.9907,67.3828,-31.0669,1.2542,,
DATA,A001,5,442,477308,-0.1864,1.1937,0.2074,-8.1787,75.9277,-37.7808,1.2258,,
DATA,A001,5,443,477318,-0.2045,1.1382,0.2184,-12.4512,85.3271,-48.4619,1.1769,,
DATA,A001,5,444,477328,-0.2462,1.1658,0.2174,-8.4229,89.7827,-54.3213,1.2112,,
DATA,A001,5,445,477338,-0.2882,1.3174,0.2157,2.3804,90.5762,-60.4248,1.3657,,
DATA,A001,5,446,477348,-0.2845,1.4153,0.2298,2.6855,90.3320,-65.1855,1.4618,,
DATA,A001,5,447,477358,-0.2809,1.4302,0.2462,-13.7939,93.1396,-74.2798,1.4782,,
DATA,A001,5,448,477368,-0.2845,1.3213,0.2291,-29.9683,96.0693,-80.3833,1.3709,,
DATA,A001,5,449,477378,-0.3107,1.1080,0.1879,-42.9077,97.7783,-87.4634,1.1659,,
DATA,A001,5,450,477388,-0.3336,1.0235,0.1493,-38.8184,96.2524,-91.3696,1.0868,,
DATA,A001,5,451,477398,-0.3526,1.0088,0.1163,-28.1982,91.3696,-94.9707,1.0750,,
DATA,A001,5,452,477408,-0.3790,1.1072,0.0980,-13.3667,78.8574,-98.2056,1.1744,,
DATA,A001,5,453,477418,-0.3981,1.1805,0.0861,-10.8643,65.9180,-99.4263,1.2488,,
DATA,A001,5,454,477428,-0.4296,1.2335,0.0690,-15.8691,39.7339,-100.9521,1.3079,,
DATA,A001,5,455,477438,-0.4505,1.2410,0.0514,-19.2261,19.2261,-101.3794,1.3213,,
DATA,A001,5,456,477448,-0.4676,1.2635,0.0248,-18.7378,-13.0005,-101.1963,1.3475,,
DATA,A001,5,457,477458,-0.4569,1.2901,0.0079,-16.9678,-32.6538,-100.7080,1.3686,,
DATA,A001,5,458,477468,-0.4420,1.3365,-0.0045,-18.6157,-57.3120,-100.8911,1.4077,,
DATA,A001,5,459,477478,-0.4288,1.3484,-0.0162,-22.5830,-70.1904,-101.4404,1.4151,,
DATA,A001,5,460,477488,-0.4247,1.3213,-0.0328,-29.4189,-89.7827,-103.7598,1.3883,,
DATA,A001,5,461,477498,-0.4029,1.2889,-0.0446,-32.5317,-101.9897,-106.9336,1.3511,,
DATA,A001,5,462,477508,-0.3697,1.2505,-0.0599,-33.9355,-120.1172,-111.9995,1.3054,,
DATA,A001,5,463,477518,-0.3353,1.2342,-0.0641,-34.0576,-129.6387,-116.5771,1.2805,,
DATA,A001,5,464,477528,-0.2750,1.2151,-0.0717,-36.0107,-139.1602,-124.2676,1.2479,,
DATA,A001,5,465,477538,-0.2425,1.1883,-0.0714,-38.9404,-140.4419,-129.6387,1.2149,,
DATA,A001,5,466,477548,-0.1998,1.1119,-0.0739,-44.0063,-139.3433,-137.7563,1.1321,,
DATA,A001,5,467,477558,-0.1798,1.0594,-0.0724,-45.8984,-135.7422,-143.4326,1.0770,,
DATA,A001,5,468,477568,-0.1495,0.9937,-0.0704,-46.0815,-126.4648,-152.0996,1.0074,,
DATA,A001,5,469,477578,-0.1359,0.9666,-0.0668,-45.3491,-118.1030,-157.2876,0.9784,,
DATA,A001,5,470,477588,-0.1200,0.9483,-0.0595,-43.2129,-102.4780,-164.0015,0.9577,,
DATA,A001,5,471,477598,-0.1219,0.9488,-0.0560,-41.8701,-91.3086,-168.2129,0.9582,,
DATA,A001,5,472,477608,-0.1266,0.9615,-0.0536,-41.1377,-74.3408,-174.0723,0.9713,,
DATA,A001,5,473,477618,-0.1351,0.9686,-0.0526,-40.6494,-63.4766,-177.1851,0.9794,,
DATA,A001,5,474,477628,-0.1473,0.9925,-0.0575,-40.4053,-50.7812,-180.6641,1.0050,,
DATA,A001,5,475,477638,-0.1544,1.0071,-0.0641,-40.3442,-44.3115,-182.4951,1.0209,,
DATA,A001,5,476,477648,-0.1527,1.0269,-0.0653,-40.0391,-35.0952,-184.2651,1.0403,,
DATA,A001,5,477,477658,-0.1561,1.0433,-0.0682,-39.9170,-29.2358,-184.5093,1.0571,,
DATA,A001,5,478,477668,-0.1627,1.0682,-0.0748,-39.2456,-21.3623,-183.6548,1.0831,,
DATA,A001,5,479,477678,-0.1610,1.0794,-0.0785,-38.8794,-17.0288,-182.6782,1.0942,,
DATA,A001,5,480,477688,-0.1559,1.0916,-0.0800,-39.4287,-10.3760,-180.3589,1.1056,,
DATA,A001,5,481,477698,-0.1495,1.0796,-0.0809,-39.8560,-5.1270,-178.2837,1.0930,,
DATA,A001,5,482,477708,-0.1424,1.0474,-0.0731,-40.7104,3.6621,-174.7437,1.0596,,
DATA,A001,5,483,477718,-0.1380,1.0184,-0.0641,-40.4053,9.6436,-171.8140,1.0297,,
DATA,A001,5,484,477728,-0.1407,0.9788,-0.0543,-37.7197,17.7612,-166.3818,0.9904,,
DATA,A001,5,485,477738,-0.1437,0.9595,-0.0433,-34.5459,22.3389,-161.9263,0.9712,,
DATA,A001,5,486,477748,-0.1610,0.9554,-0.0184,-28.4424,26.4282,-153.6865,0.9690,,
DATA,A001,5,487,477758,-0.1710,0.9559,0.0035,-23.8647,26.4893,-147.5220,0.9711,,
DATA,A001,5,488,477768,-0.1808,0.9603,0.0228,-20.8740,24.5972,-140.6860,0.9774,,
DATA,A001,5,489,477778,-0.1864,0.9481,0.0321,-20.0806,20.6299,-129.6387,0.9667,,
DATA,A001,5,490,477788,-0.1852,0.9305,0.0336,-19.7144,17.8223,-120.9717,0.9493,,
DATA,A001,5,491,477798,-0.1747,0.9442,0.0265,-14.1602,16.1743,-106.2622,0.9605,,
DATA,A001,5,492,477808,-0.1634,0.9637,0.0226,-8.4229,17.1509,-95.4590,0.9777,,
DATA,A001,5,493,477818,-0.1656,1.0101,0.0299,-3.2959,21.2402,-78.3691,1.0240,,
DATA,A001,5,494,477828,-0.1722,1.0274,0.0397,-3.1738,23.9258,-66.3452,1.0425,,
DATA,A001,5,495,477838,-0.1788,1.0316,0.0575,-4.3945,26.9165,-48.2788,1.0485,,
DATA,A001,5,496,477848,-0.1837,1.0272,0.0651,-4.5166,27.8320,-35.2173,1.0455,,
DATA,A001,5,497,477858,-0.1612,1.0296,0.0370,-2.3804,31.4331,-14.0381,1.0428,,
DATA,A001,5,498,477868,-0.1407,1.0303,0.0292,-0.4272,36.4380,0.6104,1.0403,,
DATA,A001,5,499,477878,-0.1178,1.0125,0.0304,2.4414,48.8892,24.2310,1.0198,,
DATA,A001,5,500,477888,-0.1217,0.9854,0.0367,4.2725,58.8989,40.4663,0.9936,,
DATA,A001,5,501,477898,-0.1398,0.9197,0.0587,7.3853,72.7539,64.3921,0.9321,,
DATA,A001,5,502,477908,-0.1625,0.8707,0.0787,10.6812,79.7119,80.6274,0.8892,,
DATA,A001,5,503,477918,-0.2003,0.8106,0.1285,18.3716,86.6089,104.6753,0.8448,,
DATA,A001,5,504,477928,-0.2257,0.7806,0.1634,22.6440,89.5386,119.2017,0.8288,,
DATA,A001,5,505,477938,-0.2220,0.7427,0.2086,25.5127,102.0508,136.0474,0.8028,,
DATA,A001,5,506,477948,-0.1659,0.7308,0.2047,25.6958,127.6245,142.0898,0.7768,,
DATA,A001,5,507,477958,-0.0836,0.7088,0.1673,27.4658,206.4819,147.7661,0.7331,,
DATA,A001,5,508,477968,-0.1075,0.7010,0.1234,30.7007,267.2729,151.7334,0.7198,,
DATA,A001,5,509,477978,-0.3675,0.7261,0.0560,40.2222,318.4814,167.4805,0.8158,,
DATA,A001,5,510,477988,-0.5958,0.8001,0.0455,52.0630,324.5850,181.1523,0.9986,,
DATA,A001,5,511,477998,-0.8346,1.0037,0.1070,66.4673,288.6963,186.5845,1.3097,,
DATA,A001,5,512,478008,-0.9076,1.1714,0.1486,63.9038,245.4224,182.9834,1.4893,,
DATA,A001,5,513,478018,-0.9278,1.3516,0.1810,36.0107,172.4243,177.7954,1.6494,,
DATA,A001,5,514,478028,-0.9117,1.3836,0.1669,10.4980,127.2583,173.5840,1.6654,,
DATA,A001,5,515,478038,-0.8531,1.3174,0.1090,-20.8130,77.3926,163.8184,1.5733,,
DATA,A001,5,516,478048,-0.8080,1.2335,0.0726,-31.1890,53.4668,157.6538,1.4763,,
DATA,A001,5,517,478058,-0.7704,1.1273,0.0309,-33.0200,22.2778,151.8555,1.3657,,
DATA,A001,5,518,478068,-0.7506,1.0811,0.0253,-29.6631,1.5869,147.5220,1.3164,,
DATA,A001,5,519,478078,-0.7198,1.0555,0.0338,-25.6958,-17.8223,141.6016,1.2780,,
DATA,A001,5,520,478088,-0.6505,1.0298,0.0655,-21.6675,-41.5649,132.0801,1.2198,,
DATA,A001,5,521,478098,-0.6029,1.0252,0.0856,-19.5312,-51.2085,126.0376,1.1924,,
DATA,A001,5,522,478108,-0.5267,1.0294,0.1068,-15.5029,-55.1147,116.6992,1.1612,,
DATA,A001,5,523,478118,-0.4767,1.0196,0.1258,-14.0381,-53.7720,111.4502,1.1325,,
DATA,A001,5,524,478128,-0.4435,0.9556,0.1376,-18.4326,-48.5840,105.2246,1.0625,,
DATA,A001,5,525,478138,-0.4244,0.8817,0.1351,-23.1323,-46.0815,100.8911,0.9878,,
DATA,A001,5,526,478148,-0.4183,0.7754,0.1068,-23.8647,-45.7153,95.2759,0.8875,,
DATA,A001,5,527,478158,-0.4249,0.7247,0.0904,-18.4937,-48.0347,92.7124,0.8449,,
DATA,A001,5,528,478168,-0.4259,0.7154,0.0956,-5.4932,-54.8706,91.3696,0.8380,,
DATA,A001,5,529,478178,-0.4237,0.7425,0.1088,1.7700,-59.9976,91.3696,0.8618,,
DATA,A001,5,530,478188,-0.4242,0.8043,0.1488,6.7139,-67.4438,91.9189,0.9214,,
DATA,A001,5,531,478198,-0.4256,0.8345,0.1727,5.8594,-70.5566,92.4683,0.9526,,
DATA,A001,5,532,478208,-0.4271,0.8572,0.2003,1.0986,-71.7773,91.6748,0.9785,,
DATA,A001,5,533,478218,-0.4303,0.8587,0.2025,-2.1362,-69.2139,90.6982,0.9816,,
DATA,A001,5,534,478228,-0.4164,0.8375,0.1886,-7.2021,-59.7534,88.6841,0.9541,,
DATA,A001,5,535,478238,-0.4086,0.8143,0.1715,-9.7656,-49.9268,86.1206,0.9270,,
DATA,A001,5,536,478248,-0.4198,0.7759,0.1576,-10.9863,-36.3770,81.2378,0.8962,,
DATA,A001,5,537,478258,-0.4288,0.7628,0.1542,-9.8877,-30.3955,78.1250,0.8885,,
DATA,A001,5,538,478268,-0.4313,0.7567,0.1520,-8.3618,-24.5361,71.6553,0.8841,,
DATA,A001,5,539,478278,-0.4278,0.7593,0.1534,-7.7515,-20.8130,65.8569,0.8850,,
DATA,A001,5,540,478288,-0.4137,0.7701,0.1649,-7.3853,-10.8032,56.4575,0.8896,,
DATA,A001,5,541,478298,-0.4059,0.7901,0.1673,-6.9580,-0.5493,49.8657,0.9039,,
DATA,A001,5,542,478308,-0.4151,0.8253,0.1402,-7.3853,17.5781,40.5273,0.9344,,
DATA,A001,5,543,478318,-0.4410,0.8587,0.1117,-7.6294,28.0762,34.7900,0.9718,,
DATA,A001,5,544,478328,-0.4928,0.9256,0.0697,-6.5918,37.7197,25.6958,1.0509,,
DATA,A001,5,545,478338,-0.5275,0.9869,0.0365,-5.5542,38.3911,19.1650,1.1196,,
DATA,A001,5,546,478348,-0.5560,1.0699,-0.0038,-5.6152,34.6680,8.1177,1.2057,,
DATA,A001,5,547,478358,-0.5570,1.1216,-0.0226,-6.1646,31.8604,-0.5493,1.2525,,
DATA,A001,5,548,478368,-0.5345,1.1578,-0.0424,-8.9111,30.8228,-15.5029,1.2759,,
DATA,A001,5,549,478378,-0.5113,1.1580,-0.0416,-10.3149,34.2407,-26.6113,1.2666,,
DATA,A001,5,550,478388,-0.4803,1.1314,-0.0463,-9.0332,43.3350,-45.1050,1.2300,,
DATA,A001,5,551,478398,-0.4757,1.1453,-0.0577,-2.5024,48.9502,-57.0068,1.2415,,
DATA,A001,5,552,478408,-0.4686,1.2078,-0.0494,10.0098,53.9551,-67.5659,1.2965,,
DATA,A001,5,553,478418,-0.4757,1.3873,0.0152,28.3813,56.3354,-82.7637,1.4666,,
DATA,A001,5,554,478428,-0.4891,1.5086,0.0572,32.1045,55.3589,-92.2241,1.5869,,
DATA,A001,5,555,478438,-0.4842,1.5504,0.0758,20.3857,49.6826,-105.5908,1.6260,,
DATA,A001,5,556,478448,-0.4686,1.4534,0.0480,7.2021,43.4570,-113.7695,1.5279,,
DATA,A001,5,557,478458,-0.4496,1.2896,-0.0306,3.5400,33.3252,-123.5352,1.3661,,
DATA,A001,5,558,478468,-0.4444,1.2696,-0.0739,17.3950,24.7192,-128.9673,1.3472,,
DATA,A001,5,559,478478,-0.4576,1.3668,-0.0931,43.0908,6.7749,-133.6060,1.4443,,
DATA,A001,5,560,478488,-0.4671,1.4400,-0.0780,49.4995,-9.1553,-134.5825,1.5159,,
DATA,A001,5,561,478498,-0.4674,1.4073,-0.0690,39.3677,-37.4756,-135.6812,1.4845,,
DATA,A001,5,562,478508,-0.4562,1.3008,-0.0824,30.2124,-55.2368,-136.9629,1.3810,,
DATA,A001,5,563,478518,-0.4249,1.1407,-0.1188,29.4800,-77.0264,-137.8784,1.2230,,
DATA,A001,5,564,478528,-0.4073,1.0872,-0.1422,37.4146,-87.6465,-137.6953,1.1697,,
DATA,A001,5,565,478538,-0.3907,1.0953,-0.1596,51.2695,-98.8770,-137.0239,1.1738,,
DATA,A001,5,566,478548,-0.3861,1.1277,-0.1620,56.8848,-104.5532,-136.3525,1.2030,,
DATA,A001,5,567,478558,-0.3785,1.1434,-0.1554,58.1055,-113.1592,-135.6812,1.2144,,
DATA,A001,5,568,478568,-0.3717,1.1331,-0.1442,56.3354,-120.1172,-135.2539,1.2012,,
DATA,A001,5,569,478578,-0.3519,1.0772,-0.1322,54.5044,-131.5308,-135.3149,1.1409,,
DATA,A001,5,570,478588,-0.3292,1.0345,-0.1249,54.8706,-139.4043,-135.9253,1.0928,,
DATA,A001,5,571,478598,-0.2945,0.9910,-0.1119,57.0679,-149.9023,-137.1460,1.0399,,
DATA,A001,5,572,478608,-0.2706,0.9698,-0.1041,58.8989,-154.9072,-137.7563,1.0122,,
DATA,A001,5,573,478618,-0.2511,0.9529,-0.0905,60.8521,-159.7900,-138.2446,0.9896,,
DATA,A001,5,574,478628,-0.2511,0.9449,-0.0834,60.9131,-162.5366,-138.3667,0.9812,,
DATA,A001,5,575,478638,-0.2604,0.9207,-0.0805,58.6548,-166.9312,-138.7939,0.9602,,
DATA,A001,5,576,478648,-0.2716,0.9046,-0.0805,56.7017,-170.3491,-139.2822,0.9479,,
DATA,A001,5,577,478658,-0.2862,0.9073,-0.0863,56.3354,-176.4526,-139.7095,0.9553,,
DATA,A001,5,578,478668,-0.2850,0.9261,-0.0922,56.9458,-180.6641,-139.7095,0.9733,,
DATA,A001,5,579,478678,-0.2767,0.9693,-0.0934,53.7109,-186.6455,-139.5264,1.0123,,
DATA,A001,5,580,478688,-0.2604,0.9888,-0.1036,48.4009,-188.9648,-139.2822,1.0278,,
DATA,A001,5,581,478698,-0.2255,0.9930,-0.1246,38.2690,-189.0869,-138.8550,1.0259,,
DATA,A001,5,582,478708,-0.2015,0.9910,-0.1425,32.8979,-185.7300,-138.3057,1.0213,,
DATA,A001,5,583,478718,-0.1676,0.9991,-0.1583,28.9307,-176.6357,-136.2915,1.0253,,
DATA,A001,5,584,478728,-0.1537,1.0027,-0.1666,26.7334,-168.3960,-134.2163,1.0280,,
DATA,A001,5,585,478738,-0.1307,0.9971,-0.1647,20.8740,-154.6021,-130.7373,1.0191,,
DATA,A001,5,586,478748,-0.1175,0.9786,-0.1596,16.0522,-144.1040,-127.9297,0.9984,,
DATA,A001,5,587,478758,-0.1063,0.9661,-0.1495,12.2681,-132.7515,-124.5728,0.9834,,
DATA,A001,5,588,478768,-0.0914,0.9551,-0.1300,11.4136,-114.5630,-118.5913,0.9683,,
DATA,A001,5,589,478778,-0.0929,0.9664,-0.1046,13.0615,-101.8066,-113.7085,0.9764,,
DATA,A001,5,590,478788,-0.0985,0.9842,-0.0634,12.8784,-83.3740,-105.8960,0.9911,,
DATA,A001,5,591,478798,-0.1124,0.9791,-0.0328,9.5215,-72.7539,-100.6470,0.9860,,
DATA,A001,5,592,478808,-0.1415,0.9600,0.0069,4.7607,-59.0210,-93.0786,0.9704,,
DATA,A001,5,593,478818,-0.1564,0.9473,0.0238,3.6621,-51.3306,-87.8906,0.9604,,
DATA,A001,5,594,478828,-0.1698,0.9288,0.0350,2.7466,-40.8936,-79.5288,0.9448,,
DATA,A001,5,595,478838,-0.1730,0.9219,0.0402,2.4414,-34.5459,-73.3643,0.9389,,
DATA,A001,5,596,478848,-0.1783,0.9371,0.0360,4.5166,-24.5972,-62.9272,0.9546,,
DATA,A001,5,597,478858,-0.1932,0.9529,0.0360,6.8359,-19.1650,-55.1147,0.9730,,
DATA,A001,5,598,478868,-0.2142,0.9693,0.0416,7.2632,-13.3667,-43.2739,0.9936,,
DATA,A001,5,599,478878,-0.2286,0.9634,0.0516,4.9438,-11.2305,-35.4614,0.9915,,
DATA,A001,5,600,478888,-0.2601,0.9322,0.0760,1.2817,-9.3384,-23.0713,0.9708,,
DATA,A001,5,601,478898,-0.2792,0.9041,0.0843,0.6104,-8.4229,-15.1367,0.9500,,
DATA,A001,5,602,478908,-0.2945,0.9158,0.0748,4.3335,-7.3853,-0.3662,0.9649,,
DATA,A001,5,603,478918,-0.2818,0.9725,0.0560,11.7188,-6.0425,11.6577,1.0140,,
DATA,A001,5,604,478928,-0.2674,1.0904,0.0658,22.3389,0.4883,31.7993,1.1246,,
DATA,A001,5,605,478938,-0.2667,1.1517,0.0614,23.4985,8.4839,45.8374,1.1837,,
DATA,A001,5,606,478948,-0.2882,1.1790,0.0712,19.9585,21.6064,67.1997,1.2158,,
DATA,A001,5,607,478958,-0.3180,1.1419,0.0870,17.0288,29.7241,80.2002,1.1885,,
DATA,A001,5,608,478968,-0.3612,1.0042,0.1537,12.0850,37.1704,97.5952,1.0782,,
DATA,A001,5,609,478978,-0.3859,0.8856,0.1962,9.8267,38.2690,107.6660,0.9857,,
DATA,A001,5,610,478988,-0.4064,0.7208,0.2611,13.6719,35.5835,120.0562,0.8676,,
DATA,A001,5,611,478998,-0.4071,0.6407,0.2955,20.4468,33.3252,126.1597,0.8146,,
DATA,A001,5,612,479008,-0.4027,0.5836,0.3038,31.1890,30.3955,133.2397,0.7714,,
DATA,A001,5,613,479018,-0.3985,0.5765,0.2799,38.8184,28.2593,138.3057,0.7547,,
DATA,A001,5,614,479028,-0.3859,0.6099,0.2567,53.8940,21.7285,146.7285,0.7660,,
DATA,A001,5,615,479038,-0.3871,0.6592,0.2521,65.4907,14.6484,152.6489,0.8050,,
DATA,A001,5,616,479048,-0.4051,0.7750,0.2684,80.8105,-0.6714,161.6211,0.9147,,
DATA,A001,5,617,479058,-0.4276,0.8558,0.2877,87.5244,-14.0991,167.4805,0.9990,,
DATA,A001,5,618,479068,-0.4571,0.9788,0.3170,91.7969,-37.2925,175.2319,1.1259,,
DATA,A001,5,619,479078,-0.4674,1.0630,0.3319,92.4683,-52.9175,179.1382,1.2078,,
DATA,A001,5,620,479088,-0.4615,1.1400,0.3356,91.9189,-67.5049,181.2134,1.2748,,
DATA,A001,5,621,479098,-0.4288,1.2586,0.3400,88.9893,-85.0830,181.2134,1.3724,,
DATA,A001,5,622,479108,-0.3885,1.3279,0.3197,80.9326,-94.6655,177.6123,1.4201,,
DATA,A001,5,623,479118,-0.3639,1.3240,0.3065,72.5708,-97.7173,173.1567,1.4069,,
DATA,A001,5,624,479128,-0.3478,1.2750,0.2982,63.0493,-98.6328,166.9312,1.3548,,
DATA,A001,5,625,479138,-0.3314,1.1348,0.2943,51.2085,-98.6938,154.7852,1.2183,,
DATA,A001,5,626,479148,-0.3302,1.0450,0.2870,46.4478,-98.5107,145.8740,1.1329,,
DATA,A001,5,627,479158,-0.3251,0.9227,0.2760,44.3726,-99.9146,131.4087,1.0164,,
DATA,A001,5,628,479168,-0.3185,0.8648,0.2757,44.7388,-101.3184,121.5820,0.9619,,
DATA,A001,5,629,479178,-0.3124,0.8089,0.2775,44.8608,-105.1636,106.5674,0.9104,,
DATA,A001,5,630,479188,-0.3072,0.7855,0.2721,43.8843,-107.9712,96.3135,0.8862,,
DATA,A001,5,631,479198,-0.2992,0.7645,0.2548,41.3818,-112.1216,80.9937,0.8595,,
DATA,A001,5,632,479208,-0.2816,0.7576,0.2403,39.7949,-113.2202,71.1060,0.8432,,
DATA,A001,5,633,479218,-0.2616,0.7527,0.2233,37.6587,-111.1450,56.7627,0.8276,,
DATA,A001,5,634,479228,-0.2413,0.7674,0.2240,36.4990,-107.0557,47.3633,0.8350,,
DATA,A001,5,635,479238,-0.2279,0.7835,0.2274,34.4238,-98.0835,33.5693,0.8471,,
DATA,A001,5,636,479248,-0.2128,0.8030,0.2333,31.9214,-91.2476,24.6582,0.8629,,
DATA,A001,5,637,479258,-0.1964,0.8245,0.2367,27.2217,-79.8340,12.0850,0.8800,,
DATA,A001,5,638,479268,-0.1854,0.8419,0.2386,23.8037,-71.7773,4.2725,0.8945,,
DATA,A001,5,639,479278,-0.1808,0.8572,0.2440,19.6533,-59.3872,-5.7373,0.9094,,
DATA,A001,5,640,479288,-0.1813,0.8668,0.2504,16.8457,-51.5747,-12.1460,0.9202,,
DATA,A001,5,641,479298,-0.1861,0.8746,0.2626,12.5122,-40.7715,-20.9351,0.9319,,
DATA,A001,5,642,479308,-0.1908,0.8758,0.2628,9.3384,-34.1797,-26.3062,0.9341,,
DATA,A001,5,643,479318,-0.2015,0.8567,0.2726,4.8828,-25.3906,-33.3862,0.9214,,
DATA,A001,5,644,479328,-0.2001,0.8360,0.2806,2.5024,-20.3247,-37.7808,0.9042,,
DATA,A001,5,645,479338,-0.1979,0.8074,0.2784,-0.0610,-11.7188,-43.9453,0.8767,,
DATA,A001,5,646,479348,-0.1962,0.7994,0.2684,-1.0376,-5.7983,-47.3022,0.8658,,
DATA,A001,5,647,479358,-0.2159,0.7994,0.2484,-0.1831,2.1362,-51.2695,0.8645,,
DATA,A001,5,648,479368,-0.2369,0.8245,0.2281,2.0142,5.7983,-52.7954,0.8877,,
DATA,A001,5,649,479378,-0.2709,0.8946,0.2040,6.7139,7.2021,-54.1382,0.9567,,
DATA,A001,5,650,479388,-0.2948,0.9612,0.1888,10.3760,4.9438,-53.9551,1.0230,,
DATA,A001,5,651,479398,-0.3334,1.0687,0.1642,13.7329,-3.1738,-53.5278,1.1314,,
DATA,A001,5,652,479408,-0.3463,1.1490,0.1410,14.5874,-10.3760,-53.4668,1.2083,,
DATA,A001,5,653,479418,-0.3483,1.2628,0.0858,15.0146,-22.1558,-53.4668,1.3127,,
DATA,A001,5,654,479428,-0.3343,1.3448,0.0338,16.4185,-28.4424,-52.9175,1.3861,,
DATA,A001,5,655,479438,-0.3351,1.4481,-0.0155,20.6909,-33.6914,-51.0254,1.4864,,
DATA,A001,5,656,479448,-0.3326,1.6741,-0.0194,32.2266,-37.9028,-46.3257,1.7070,,
DATA,A001,5,657,479458,-0.3458,1.8314,0.0270,33.2642,-41.2598,-44.2505,1.8639,,
DATA,A001,5,658,479468,-0.3678,1.9239,0.1107,14.4653,-47.1802,-45.5933,1.9619,,
DATA,A001,5,659,479478,-0.3651,1.7925,0.1410,-8.9722,-53.7109,-50.3540,1.8348,,
DATA,A001,5,660,479488,-0.3251,1.4424,0.1368,-33.7524,-63.2935,-58.8379,1.4849,,
DATA,A001,5,661,479498,-0.2904,1.2645,0.1129,-32.2266,-66.7725,-64.6362,1.3023,,
DATA,A001,5,662,479508,-0.2296,1.1778,0.0904,-13.2446,-65.2466,-73.4863,1.2034,,
DATA,A001,5,663,479518,-0.2147,1.1871,0.0951,-4.9438,-62.0117,-79.4678,1.2101,,
DATA,A001,5,664,479528,-0.2276,1.1597,0.1046,-8.6670,-60.9741,-87.7686,1.1865,,
DATA,A001,5,665,479538,-0.2550,1.0897,0.0868,-15.8081,-66.2842,-92.2241,1.1225,,
DATA,A001,5,666,479548,-0.2870,0.9720,0.0245,-19.7754,-81.7871,-96.4966,1.0138,,
DATA,A001,5,667,479558,-0.2867,0.9263,-0.0209,-14.8315,-93.9331,-97.9004,0.9699,,
DATA,A001,5,668,479568,-0.2748,0.9566,-0.0780,-2.8687,-107.5439,-97.7783,0.9983,,
DATA,A001,5,669,479578,-0.2670,1.0142,-0.0978,2.8687,-112.7930,-96.1914,1.0533,,
DATA,A001,5,670,479588,-0.2733,1.1046,-0.1115,2.7466,-117.5537,-93.6279,1.1433,,
DATA,A001,5,671,479598,-0.2796,1.1263,-0.1202,-2.6245,-120.7886,-91.8579,1.1667,,
DATA,A001,5,672,479608,-0.2919,1.1036,-0.1339,-12.5732,-128.2959,-88.7451,1.1493,,
DATA,A001,5,673,479618,-0.2855,1.0672,-0.1425,-17.2119,-134.0332,-86.1206,1.1139,,
DATA,A001,5,674,479628,-0.2677,1.0167,-0.1520,-18.7378,-141.6016,-81.6040,1.0622,,
DATA,A001,5,675,479638,-0.2528,1.0052,-0.1473,-17.8223,-145.2026,-78.4912,1.0469,,
DATA,A001,5,676,479648,-0.2367,0.9974,-0.1242,-16.7847,-148.9868,-73.9136,1.0326,,
DATA,A001,5,677,479658,-0.2355,0.9974,-0.1044,-17.8223,-151.4282,-70.8008,1.0301,,
DATA,A001,5,678,479668,-0.2374,0.9764,-0.0712,-21.1182,-156.1279,-66.4062,1.0073,,
DATA,A001,5,679,479678,-0.2411,0.9593,-0.0507,-23.8647,-159.1797,-63.9648,0.9904,,
DATA,A001,5,680,479688,-0.2347,0.9471,-0.0355,-26.6724,-161.9873,-60.7300,0.9764,,
DATA,A001,5,681,479698,-0.2301,0.9500,-0.0314,-28.0762,-161.7432,-59.3872,0.9780,,
DATA,A001,5,682,479708,-0.2235,0.9886,-0.0551,-29.2969,-157.8979,-57.7393,1.0150,,
DATA,A001,5,683,479718,-0.2108,1.0206,-0.0780,-30.3955,-153.2593,-57.3120,1.0450,,
DATA,A001,5,684,479728,-0.1864,1.0435,-0.1093,-35.9497,-143.1885,-57.6172,1.0656,,
DATA,A001,5,685,479738,-0.1727,1.0369,-0.1254,-41.4429,-135.0098,-58.7769,1.0587,,
DATA,A001,5,686,479748,-0.1627,1.0130,-0.1488,-46.0815,-122.1313,-60.9741,1.0367,,
DATA,A001,5,687,479758,-0.1568,0.9959,-0.1618,-46.9360,-114.6851,-62.6831,1.0211,,
DATA,A001,5,688,479768,-0.1481,0.9981,-0.1691,-44.7998,-104.7974,-65.5518,1.0231,,
DATA,A001,5,689,479778,-0.1393,1.0118,-0.1661,-42.4194,-98.7549,-67.6880,1.0347,,
DATA,A001,5,690,479788,-0.1334,1.0267,-0.1542,-40.8936,-93.2007,-69.8242,1.0467,,
DATA,A001,5,691,479798,-0.1256,1.0374,-0.1361,-41.5649,-85.4492,-72.6929,1.0538,,
DATA,A001,5,692,479808,-0.1202,1.0347,-0.1146,-42.4194,-80.9937,-74.6460,1.0480,,
DATA,A001,5,693,479818,-0.1202,1.0428,-0.0778,-40.1001,-74.5850,-76.5991,1.0526,,
DATA,A001,5,694,479828,-0.1205,1.0635,-0.0538,-37.4756,-69.6411,-77.0874,1.0717,,
DATA,A001,5,695,479838,-0.1241,1.0789,-0.0245,-39.0625,-62.1338,-77.5146,1.0863,,
DATA,A001,5,696,479848,-0.1302,1.0799,-0.0160,-41.8091,-56.8848,-77.6367,1.0878,,
DATA,A001,5,697,479858,-0.1400,1.0809,-0.0280,-41.3208,-47.7905,-77.5757,1.0903,,
DATA,A001,5,698,479868,-0.1324,1.1028,-0.0302,-36.3770,-40.7104,-77.0264,1.1112,,
DATA,A001,5,699,479878,-0.1354,1.1522,-0.0299,-30.3955,-28.9917,-76.1108,1.1605,,
DATA,A001,5,700,479888,-0.1222,1.1824,-0.0304,-28.5034,-20.8130,-75.6226,1.1891,,
DATA,A001,5,701,479898,-0.1066,1.2200,-0.0216,-26.2451,-9.5825,-74.7070,1.2249,,
DATA,A001,5,702,479908,-0.0924,1.2234,-0.0155,-25.3906,-2.5024,-73.4863,1.2270,,
DATA,A001,5,703,479918,-0.0726,1.2037,0.0082,-26.6113,7.8125,-70.1904,1.2059,,
DATA,A001,5,704,479928,-0.0680,1.1976,-0.0114,-26.6113,15.7471,-66.1011,1.1995,,
DATA,A001,5,705,479938,-0.0121,1.2733,-0.1354,-13.8550,33.2642,-57.6782,1.2805,,
DATA,A001,5,706,479948,0.0548,1.3731,-0.1913,0.8545,50.1099,-50.1709,1.3874,,
DATA,A001,5,707,479958,0.1188,1.4962,-0.2018,13.7329,85.6934,-36.9873,1.5144,,
DATA,A001,5,708,479968,0.0934,1.4986,-0.1681,11.4746,109.5581,-27.5269,1.5109,,
DATA,A001,5,709,479978,-0.0174,1.3184,-0.0763,-1.1597,135.3760,-13.4888,1.3207,,
DATA,A001,5,710,479988,-0.1066,1.1326,0.0118,-5.6152,139.5264,-4.6997,1.1377,,
DATA,A001,5,711,479998,-0.2137,0.8738,0.1315,-0.7935,129.3945,8.6060,0.9092,,
DATA,A001,5,712,480008,-0.2513,0.7579,0.1984,7.0801,117.0654,17.3950,0.8227,,
DATA,A001,5,713,480018,-0.2640,0.6539,0.2340,18.6157,97.3511,29.9683,0.7430,,
DATA,A001,5,714,480028,-0.2530,0.6094,0.2267,25.2075,86.6089,35.9497,0.6977,,
DATA,A001,5,715,480038,-0.2374,0.5577,0.2198,38.0249,72.4487,42.2363,0.6447,,
DATA,A001,5,716,480048,-0.2367,0.5665,0.2259,51.2085,62.5610,46.8750,0.6542,,
DATA,A001,5,717,480058,-0.2374,0.6575,0.2523,74.4629,45.2271,54.2603,0.7432,,
DATA,A001,5,718,480068,-0.2533,0.7474,0.2772,86.2427,30.0293,58.0444,0.8364,,
DATA,A001,5,719,480078,-0.2811,0.8563,0.2982,92.1021,1.4038,62.1948,0.9493,,
DATA,A001,5,720,480088,-0.2809,0.8941,0.3111,90.0269,-21.5454,63.2935,0.9875,,
DATA,A001,5,721,480098,-0.2630,0.9063,0.3111,87.2192,-55.1147,63.4766,0.9937,,
DATA,A001,5,722,480108,-0.2308,0.8924,0.3158,88.3179,-72.1436,63.7207,0.9744,,
DATA,A001,5,723,480118,-0.1932,0.8975,0.3258,91.4917,-82.6416,64.4531,0.9742,,
DATA,A001,5,724,480128,-0.1410,0.9368,0.3422,97.4121,-83.9844,65.8569,1.0073,,
DATA,A001,5,725,480138,-0.1268,0.9632,0.3507,99.7925,-77.5757,66.8945,1.0329,,
DATA,A001,5,726,480148,-0.1271,0.9900,0.3746,98.3276,-63.4155,68.4814,1.0662,,
DATA,A001,5,727,480158,-0.1525,0.9774,0.3812,90.6372,-50.5981,69.5190,1.0601,,
DATA,A001,5,728,480168,-0.1686,0.9363,0.3680,84.4116,-44.0674,69.6411,1.0201,,
DATA,A001,5,729,480178,-0.1793,0.8951,0.3448,78.7354,-39.9170,69.7021,0.9758,,
DATA,A001,5,730,480188,-0.1737,0.8243,0.3126,73.4253,-36.9263,69.3359,0.8985,,
DATA,A001,5,731,480198,-0.1656,0.7816,0.2980,71.2280,-36.2549,68.8477,0.8527,,
DATA,A001,5,732,480208,-0.1505,0.7325,0.2799,68.8477,-35.8887,68.5425,0.7984,,
DATA,A001,5,733,480218,-0.1493,0.7056,0.2855,68.9087,-35.8276,68.2983,0.7757,,
DATA,A001,5,734,480228,-0.1603,0.6934,0.3053,70.2515,-36.1328,67.6880,0.7744,,
DATA,A001,5,735,480238,-0.1786,0.6966,0.3346,70.9839,-37.2314,67.0776,0.7931,,
DATA,A001,5,736,480248,-0.2137,0.7198,0.3839,70.1904,-39.6729,66.0400,0.8433,,
DATA,A001,5,737,480258,-0.2352,0.7420,0.4169,67.3218,-42.1143,65.0635,0.8830,,
DATA,A001,5,738,480268,-0.2550,0.7674,0.4381,60.4858,-47.1802,62.5000,0.9197,,
DATA,A001,5,739,480278,-0.2601,0.7857,0.4471,55.4810,-50.9644,59.8145,0.9407,,
DATA,A001,5,740,480288,-0.2513,0.8040,0.4452,48.0957,-56.3965,54.8096,0.9528,,
DATA,A001,5,741,480298,-0.2457,0.8028,0.4337,42.2974,-60.2417,50.5981,0.9450,,
DATA,A001,5,742,480308,-0.2328,0.7754,0.4237,32.8369,-65.9790,42.7856,0.9138,,
DATA,A001,5,743,480318,-0.2289,0.7476,0.4166,28.2593,-69.8242,36.8652,0.8859,,
DATA,A001,5,744,480328,-0.2208,0.7264,0.4086,24.1699,-75.1343,28.6255,0.8621,,
DATA,A001,5,745,480338,-0.2120,0.7225,0.3978,21.9116,-78.2471,23.2544,0.8516,,
DATA,A001,5,746,480348,-0.1771,0.7435,0.3678,18.4937,-80.0781,15.6250,0.8482,,
DATA,A001,5,747,480358,-0.1510,0.7798,0.3395,16.9678,-77.9419,10.9253,0.8638,,
DATA,A001,5,748,480368,-0.1117,0.8641,0.2955,16.7236,-67.1997,5.9204,0.9200,,
DATA,A001,5,749,480378,-0.1097,0.9366,0.2811,16.9678,-56.1523,3.9673,0.9840,,
DATA,A001,5,750,480388,-0.1515,1.0394,0.2696,15.0757,-35.8887,1.2817,1.0844,,
DATA,A001,5,751,480398,-0.1927,1.1143,0.2875,12.7563,-25.0244,-0.4272,1.1668,,
DATA,A001,5,752,480408,-0.2970,1.2440,0.2887,10.3149,-15.1367,-4.5776,1.3111,,
DATA,A001,5,753,480418,-0.3448,1.3367,0.2743,8.7280,-13.1836,-9.2773,1.4075,,
DATA,A001,5,754,480428,-0.3807,1.4649,0.2662,3.7231,-16.0522,-18.3105,1.5368,,
DATA,A001,5,755,480438,-0.3839,1.5325,0.2496,-2.9297,-16.9067,-26.9775,1.5995,,
DATA,A001,5,756,480448,-0.3553,1.5587,0.2079,-15.8081,-13.4277,-42.1143,1.6121,,
DATA,A001,5,757,480458,-0.3341,1.5308,0.1842,-23.3765,-7.6904,-53.1616,1.5776,,
DATA,A001,5,758,480468,-0.3129,1.4673,0.1713,-29.6631,0.7324,-63.5986,1.5101,,
DATA,A001,5,759,480478,-0.3011,1.3460,0.1676,-35.3394,15.3198,-77.1484,1.3894,,
DATA,A001,5,760,480488,-0.3021,1.2630,0.1642,-36.6821,25.3296,-84.7778,1.3090,,
DATA,A001,5,761,480498,-0.3290,1.1739,0.1351,-35.5225,39.6118,-94.5435,1.2266,,
DATA,A001,5,762,480508,-0.3929,1.1624,0.0912,-26.7334,54.0771,-100.5859,1.2304,,
DATA,A001,5,763,480518,-0.4498,1.1951,0.0907,-17.6392,62.2559,-103.5767,1.2802,,
DATA,A001,5,764,480528,-0.5089,1.2447,0.0882,-11.7798,67.0776,-106.6895,1.3476,,
DATA,A001,5,765,480538,-0.5965,1.2879,0.0609,-12.2070,66.2231,-111.6943,1.4207,,
DATA,A001,5,766,480548,-0.6297,1.2862,0.0267,-13.6719,59.7534,-113.9526,1.4323,,
DATA,A001,5,767,480558,-0.6617,1.2662,-0.0128,-10.4980,45.7153,-117.0044,1.4287,,
DATA,A001,5,768,480568,-0.6651,1.2437,-0.0270,-6.2866,35.4004,-119.9341,1.4107,,
DATA,A001,5,769,480578,-0.6825,1.1985,-0.0492,-2.2583,17.7002,-126.1597,1.3801,,
DATA,A001,5,770,480588,-0.6954,1.1561,-0.0748,-0.1831,2.1362,-130.3711,1.3512,,
DATA,A001,5,771,480598,-0.7098,1.0745,-0.1000,6.7139,-29.8462,-135.2539,1.2917,,
DATA,A001,5,772,480608,-0.7123,1.0421,-0.0978,14.5874,-55.2979,-137.5732,1.2660,,
DATA,A001,5,773,480618,-0.6966,1.0242,-0.0582,26.9165,-94.1162,-140.8691,1.2401,,
DATA,A001,5,774,480628,-0.6815,1.0401,-0.0455,32.5928,-118.2861,-142.6392,1.2443,,
DATA,A001,5,775,480638,-0.6437,1.0552,-0.0448,35.4614,-145.5688,-146.6064,1.2369,,
DATA,A001,5,776,480648,-0.6119,1.0540,-0.0538,34.9731,-156.3721,-149.6582,1.2200,,
DATA,A001,5,777,480658,-0.5660,1.0252,-0.0614,34.1797,-162.5366,-154.5410,1.1727,,
DATA,A001,5,778,480668,-0.5428,0.9944,-0.0697,33.8745,-160.8276,-158.3862,1.1351,,
DATA,A001,5,779,480678,-0.5211,0.9522,-0.0756,34.5459,-155.3345,-165.1611,1.0881,,
DATA,A001,5,780,480688,-0.5109,0.9246,-0.0783,35.4004,-151.3672,-169.5557,1.0593,,
DATA,A001,5,781,480698,-0.4864,0.8926,-0.0783,36.6211,-146.7285,-176.3306,1.0196,,
DATA,A001,5,782,480708,-0.4769,0.8768,-0.0785,36.5601,-144.5312,-180.6641,1.0012,,
DATA,A001,5,783,480718,-0.4652,0.8626,-0.0780,35.6445,-140.6860,-186.5845,0.9832,,
DATA,A001,5,784,480728,-0.4642,0.8592,-0.0839,34.7290,-137.8174,-189.0259,0.9802,,
DATA,A001,5,785,480738,-0.4701,0.8604,-0.1019,32.5317,-133.3008,-190.5518,0.9857,,
DATA,A001,5,786,480748,-0.4676,0.8553,-0.1178,30.0903,-130.7373,-189.8193,0.9819,,
DATA,A001,5,787,480758,-0.4755,0.8397,-0.1342,25.8789,-126.5869,-187.7441,0.9742,,
DATA,A001,5,788,480768,-0.4877,0.8231,-0.1476,23.7427,-124.3286,-185.1196,0.9680,,
DATA,A001,5,789,480778,-0.5072,0.8050,-0.1476,23.3765,-123.4741,-179.1992,0.9628,,
DATA,A001,5,790,480788,-0.5194,0.8033,-0.1398,24.4141,-124.5117,-174.3774,0.9667,,
DATA,A001,5,791,480798,-0.5318,0.8187,-0.1371,25.6958,-126.1597,-169.2505,0.9858,,
DATA,A001,5,792,480808,-0.5336,0.8550,-0.1205,26.8555,-128.3569,-161.5601,1.0150,,
DATA,A001,5,793,480818,-0.5284,0.8990,-0.0888,27.1606,-128.9673,-156.3110,1.0466,,
DATA,A001,5,794,480828,-0.5111,0.9830,-0.0368,26.7334,-128.8452,-147.8882,1.1085,,
DATA,A001,5,795,480838,-0.4933,1.0350,-0.0075,24.4751,-128.9062,-142.3950,1.1465,,
DATA,A001,5,796,480848,-0.4674,1.0936,0.0084,16.9678,-129.0283,-134.9487,1.1893,,
DATA,A001,5,797,480858,-0.4408,1.0941,0.0143,10.0098,-127.6245,-130.9204,1.1796,,
DATA,A001,5,798,480868,-0.4012,1.0550,0.0128,-0.4883,-120.6665,-126.2207,1.1288,,
DATA,A001,5,799,480878,-0.3751,1.0152,0.0094,-5.0049,-113.5254,-123.1689,1.0823,,
DATA,A001,5,800,480888,-0.3541,0.9588,0.0055,-5.7373,-101.3794,-117.9199,1.0221,,
DATA,A001,5,801,480898,-0.3463,0.9390,0.0038,-3.6621,-93.3838,-113.5254,1.0009,,
DATA,A001,5,802,480908,-0.3385,0.9319,0.0167,0.8545,-83.7402,-105.7129,0.9917,,
DATA,A001,5,803,480918,-0.3385,0.9390,0.0419,3.9673,-79.1626,-100.0977,0.9990,,
DATA,A001,5,804,480928,-0.3414,0.9935,0.0829,9.2163,-76.7212,-91.0034,1.0538,,
DATA,A001,5,805,480938,-0.3297,1.0347,0.0970,11.3525,-76.4771,-84.8999,1.0903,,
DATA,A001,5,806,480948,-0.2911,1.0626,0.1051,8.9722,-75.9277,-75.8667,1.1067,,
DATA,A001,5,807,480958,-0.2555,1.0460,0.1132,5.4321,-72.8149,-70.4956,1.0826,,
DATA,A001,5,808,480968,-0.2128,0.9803,0.1212,2.0142,-63.9038,-63.3545,1.0104,,
DATA,A001,5,809,480978,-0.1957,0.9334,0.1402,3.5400,-55.6641,-58.6548,0.9640,,
DATA,A001,5,810,480988,-0.1778,0.8870,0.1664,10.2539,-44.3726,-50.0488,0.9198,,
DATA,A001,5,811,480998,-0.1734,0.8926,0.1566,17.2729,-37.1704,-42.6636,0.9227,,
DATA,A001,5,812,481008,-0.1478,0.9620,0.1688,31.1890,-25.9399,-29.6631,0.9878,,
DATA,A001,5,813,481018,-0.1383,1.0088,0.1798,35.8276,-16.9678,-19.6533,1.0340,,
DATA,A001,5,814,481028,-0.1351,1.0213,0.1879,36.0718,-3.1128,-4.5776,1.0472,,
DATA,A001,5,815,481038,-0.1383,0.9920,0.2069,36.1938,5.1270,5.3711,1.0227,,
DATA,A001,5,816,481048,-0.1520,0.9222,0.2433,39.6729,14.0381,21.2402,0.9658,,
DATA,A001,5,817,481058,-0.1610,0.8802,0.2574,43.7622,18.9819,32.3486,0.9311,,
DATA,A001,5,818,481068,-0.1747,0.8384,0.2862,52.9175,26.1841,47.7905,0.9030,,
DATA,A001,5,819,481078,-0.1769,0.8260,0.3050,57.9834,31.3721,56.9458,0.8981,,
DATA,A001,5,820,481088,-0.1749,0.8287,0.3163,63.1104,38.3911,69.5190,0.9041,,
DATA,A001,5,821,481098,-0.1673,0.8489,0.3094,66.5283,41.4429,78.0029,0.9189,,
DATA,A001,5,822,481108,-0.1515,0.9070,0.2860,73.4253,43.4570,91.0645,0.9630,,
DATA,A001,5,823,481118,-0.1424,0.9546,0.2762,77.4536,44.1284,100.1587,1.0040,,
DATA,A001,5,824,481128,-0.1429,1.0154,0.2919,79.8340,44.3115,113.3423,1.0662,,
DATA,A001,5,825,481138,-0.1495,1.0394,0.3011,78.5522,43.2129,121.2158,1.0924,,
DATA,A001,5,826,481148,-0.1615,1.0569,0.2960,76.2939,40.6494,128.3569,1.1094,,
DATA,A001,5,827,481158,-0.1737,1.0711,0.2855,73.6694,34.6680,138.0005,1.1220,,
DATA,A001,5,828,481168,-0.1698,1.0723,0.2755,73.1201,30.7617,144.0430,1.1201,,
DATA,A001,5,829,481178,-0.1503,1.0667,0.2628,72.7539,27.4658,151.9165,1.1088,,
DATA,A001,5,830,481188,-0.1297,1.0491,0.2555,71.6553,28.0762,156.0059,1.0876,,
DATA,A001,5,831,481198,-0.1088,1.0049,0.2574,70.0073,32.1045,160.6445,1.0431,,
DATA,A001,5,832,481208,-0.1019,0.9759,0.2594,69.7632,36.1938,163.0249,1.0149,,
DATA,A001,5,833,481218,-0.1068,0.9349,0.2599,70.5566,42.9077,166.2598,0.9762,,
DATA,A001,5,834,481228,-0.1119,0.9122,0.2694,72.3267,46.8750,168.6401,0.9577,,
DATA,A001,5,835,481238,-0.1212,0.8990,0.2797,75.2563,51.8799,172.3022,0.9492,,
DATA,A001,5,836,481248,-0.1283,0.8936,0.2980,76.5991,54.9316,174.6216,0.9507,,
DATA,A001,5,837,481258,-0.1371,0.9061,0.3099,76.9043,60.5469,177.7954,0.9674,,
DATA,A001,5,838,481268,-0.1459,0.9178,0.3053,75.0732,64.6362,179.8096,0.9782,,
DATA,A001,5,839,481278,-0.1542,0.9283,0.2792,70.6787,71.3501,182.1289,0.9815,,
DATA,A001,5,840,481288,-0.1617,0.9307,0.2528,67.5659,76.1108,183.4106,0.9779,,
DATA,A001,5,841,481298,-0.1752,0.9295,0.2079,64.2700,82.5806,184.5703,0.9684,,
DATA,A001,5,842,481308,-0.1830,0.9380,0.1818,63.4766,86.4258,184.8755,0.9729,,
DATA,A001,5,843,481318,-0.1900,0.9559,0.1525,64.0869,90.4541,185.5469,0.9864,,
DATA,A001,5,844,481328,-0.1942,0.9769,0.1390,65.1855,91.9800,185.4858,1.0056,,
DATA,A001,5,845,481338,-0.2088,1.0206,0.1417,67.2607,92.8345,184.4482,1.0513,,
DATA,A001,5,846,481348,-0.2184,1.0494,0.1507,68.2373,91.9800,182.8613,1.0824,,
DATA,A001,5,847,481358,-0.2262,1.0921,0.1793,68.5425,91.0034,179.1992,1.1296,,
DATA,A001,5,848,481368,-0.2301,1.1114,0.1962,67.3218,91.1865,176.3306,1.1518,,
DATA,A001,5,849,481378,-0.2362,1.1336,0.2108,64.9414,93.6279,170.7764,1.1770,,
DATA,A001,5,850,481388,-0.2445,1.1385,0.2142,63.5376,96.7407,166.4429,1.1840,,
DATA,A001,5,851,481398,-0.2577,1.1456,0.2081,62.6831,102.8442,159.0576,1.1925,,
DATA,A001,5,852,481408,-0.2682,1.1600,0.2037,63.0493,106.6284,153.7476,1.2079,,
DATA,A001,5,853,481418,-0.2931,1.1902,0.2098,65.1245,109.6802,145.6909,1.2436,,
DATA,A001,5,854,481428,-0.3234,1.2215,0.2167,66.5894,108.7036,140.1367,1.2820,,
DATA,A001,5,855,481438,-0.3453,1.2703,0.2181,66.5283,101.9897,131.3477,1.3344,,
DATA,A001,5,856,481448,-0.3649,1.2938,0.2215,65.7349,94.4214,124.8779,1.3624,,
DATA,A001,5,857,481458,-0.4017,1.3409,0.2245,64.2700,82.4585,114.1968,1.4176,,
DATA,A001,5,858,481468,-0.4100,1.3648,0.2272,62.9883,72.9980,106.6895,1.4431,,
DATA,A001,5,859,481478,-0.4173,1.4024,0.2318,60.1196,59.0820,93.5669,1.4814,,
DATA,A001,5,860,481488,-0.3959,1.3951,0.2235,55.8472,51.9409,83.0078,1.4673,,
DATA,A001,5,861,481498,-0.3692,1.3577,0.2176,50.1099,47.7905,71.1670,1.4238,,
DATA,A001,5,862,481508,-0.3378,1.2657,0.2047,44.3726,46.9360,51.9409,1.3259,,
DATA,A001,5,863,481518,-0.3495,1.3360,0.2018,54.8706,45.5322,32.6538,1.3956,,
DATA,A001,5,864,481528,-0.3522,1.4842,0.2211,65.5518,43.6401,21.3013,1.5413,,
DATA,A001,5,865,481538,-0.3373,1.6170,0.2513,65.9790,41.6870,10.4370,1.6708,,
DATA,A001,5,866,481548,-0.2950,1.6141,0.3170,42.1143,44.0063,-6.9580,1.6712,,
DATA,A001,5,867,481558,-0.2726,1.4510,0.3246,20.6909,48.8281,-17.8833,1.5116,,
DATA,A001,5,868,481568,-0.2638,1.1463,0.2704,3.2349,58.1055,-33.5083,1.2069,,
DATA,A001,5,869,481578,-0.2801,1.0184,0.2306,5.3101,62.9272,-44.0063,1.0811,,
DATA,A001,5,870,481588,-0.3094,0.9861,0.2269,18.0664,66.7725,-58.2275,1.0582,,
DATA,A001,5,871,481598,-0.3287,1.0345,0.2516,22.3389,64.8193,-66.3452,1.1142,,
DATA,A001,5,872,481608,-0.3644,1.0770,0.2501,15.8081,53.6499,-77.3315,1.1641,,
DATA,A001,5,873,481618,-0.3793,1.0794,0.2311,8.7280,41.1377,-84.4116,1.1672,,
DATA,A001,5,874,481628,-0.3859,1.0941,0.2059,5.1880,20.1416,-94.4824,1.1782,,
DATA,A001,5,875,481638,-0.3885,1.1351,0.2049,6.2866,5.1880,-99.9146,1.2171,,
DATA,A001,5,876,481648,-0.3827,1.2142,0.2255,3.7842,-11.4746,-109.3140,1.2929,,
DATA,A001,5,877,481658,-0.3661,1.2518,0.2162,-3.7842,-20.9351,-115.7227,1.3220,,
DATA,A001,5,878,481668,-0.4364,1.2339,0.0880,-21.4233,-34.4238,-128.6621,1.3118,,
DATA,A001,5,879,481678,-0.4545,1.1514,0.0724,-31.6772,-46.7529,-136.1084,1.2400,,
DATA,A001,5,880,481688,-0.4369,1.0384,0.1100,-39.1235,-84.5337,-142.2119,1.1319,,
DATA,A001,5,881,481698,-0.3754,0.9966,0.1319,-39.6118,-114.3799,-146.0571,1.0731,,
DATA,A001,5,882,481708,-0.2159,0.9910,0.1791,-40.2832,-148.9868,-151.4282,1.0300,,
DATA,A001,5,883,481718,-0.0946,1.0052,0.1932,-44.9219,-158.2031,-153.1372,1.0280,,
DATA,A001,5,884,481728,0.0304,1.0189,0.2001,-53.7109,-147.6440,-157.0435,1.0388,,
DATA,A001,5,885,481738,0.0604,1.0259,0.1966,-57.6782,-128.8452,-160.8887,1.0464,,
DATA,A001,5,886,481748,0.0265,1.0052,0.1915,-63.2324,-94.5435,-166.0156,1.0236,,
DATA,A001,5,887,481758,-0.0414,0.9717,0.1803,-67.5659,-71.8994,-169.4336,0.9892,,
DATA,A001,5,888,481768,-0.1456,0.9442,0.1703,-71.8384,-48.0347,-173.6450,0.9704,,
DATA,A001,5,889,481778,-0.1966,0.9485,0.1608,-71.4722,-41.2598,-175.1099,0.9820,,
DATA,A001,5,890,481788,-0.2171,0.9883,0.1207,-70.1294,-39.7339,-177.6123,1.0191,,
DATA,A001,5,891,481798,-0.2106,1.0279,0.0917,-71.4722,-40.2832,-179.7485,1.0532,,
DATA,A001,5,892,481808,-0.1832,1.0726,0.0572,-74.3408,-39.9170,-181.5186,1.0896,,
DATA,A001,5,893,481818,-0.1742,1.0982,0.0358,-74.8291,-38.7573,-181.8848,1.1125,,
DATA,A001,5,894,481828,-0.1815,1.1421,0.0091,-72.8149,-38.1470,-182.8003,1.1565,,
DATA,A001,5,895,481838,-0.1925,1.1756,-0.0101,-70.1294,-41.0156,-183.2886,1.1913,,
DATA,A001,5,896,481848,-0.2115,1.2044,-0.0231,-68.0542,-45.9595,-184.1431,1.2231,,
DATA,A001,5,897,481858,-0.2345,1.2193,-0.0153,-67.5049,-55.4199,-184.5093,1.2417,,
DATA,A001,5,898,481868,-0.2233,1.2108,0.0055,-68.6035,-61.6455,-183.2275,1.2312,,
DATA,A001,5,899,481878,-0.1959,1.1675,0.0189,-71.8994,-68.4814,-179.7485,1.1840,,
DATA,A001,5,900,481888,-0.1742,1.1531,0.0270,-71.0449,-69.5190,-177.0020,1.1665,,
DATA,A001,5,901,481898,-0.1471,1.1956,-0.0104,-63.4155,-64.5142,-169.9829,1.2047,,
DATA,A001,5,902,481908,-0.1256,1.2391,-0.0419,-57.9834,-57.3120,-163.8794,1.2461,,
DATA,A001,5,903,481918,-0.1026,1.2979,-0.0663,-50.9033,-43.4570,-151.6724,1.3036,,
DATA,A001,5,904,481928,-0.0868,1.3213,-0.0646,-46.5088,-33.4473,-141.4185,1.3258,,
DATA,A001,5,905,481938,-0.1051,1.3101,-0.0382,-41.6260,-22.0337,-123.4741,1.3149,,
DATA,A001,5,906,481948,-0.1678,1.2645,-0.0060,-40.8936,-17.2119,-113.0981,1.2756,,
DATA,A001,5,907,481958,-0.3055,1.1236,0.0702,-44.3726,-16.2354,-97.3511,1.1665,,
DATA,A001,5,908,481968,-0.3859,1.0120,0.1088,-46.2036,-26.7334,-85.7544,1.0885,,
DATA,A001,5,909,481978,-0.4249,0.8384,0.1571,-44.5557,-56.0303,-70.4956,0.9530,,
DATA,A001,5,910,481988,-0.3995,0.7515,0.1835,-40.2222,-79.1016,-62.1948,0.8707,,
DATA,A001,5,911,481998,-0.3263,0.6929,0.1976,-30.0293,-108.6426,-50.7812,0.7910,,
DATA,A001,5,912,482008,-0.2804,0.7239,0.1766,-18.3105,-121.6431,-42.8467,0.7962,,
DATA,A001,5,913,482018,-0.2616,0.8936,0.1874,11.2305,-133.7280,-28.1982,0.9498,,
DATA,A001,5,914,482028,-0.3041,1.0516,0.1896,26.9775,-142.3340,-17.0898,1.1109,,
DATA,A001,5,915,482038,-0.4320,1.2545,0.1769,32.4097,-166.5039,-3.6621,1.3385,,
DATA,A001,5,916,482048,-0.4918,1.3480,0.1910,33.3862,-192.6880,3.0518,1.4475,,
DATA,A001,5,917,482058,-0.5162,1.4378,0.2621,35.4614,-242.4927,9.2773,1.5500,,
DATA,A001,5,918,482068,-0.4979,1.4073,0.3414,30.6396,-275.2686,9.9487,1.5313,,
DATA,A001,5,919,482078,-0.4618,1.2950,0.4598,18.5547,-323.4863,2.9907,1.4497,,
DATA,A001,5,920,482088,-0.4405,1.2505,0.5072,15.8691,-352.7222,-5.4321,1.4196,,
DATA,A001,5,921,482098,-0.4449,1.2850,0.5360,13.3057,-391.4185,-24.9023,1.4616,,
DATA,A001,5,922,482108,-0.4347,1.3123,0.4999,1.8921,-415.8936,-41.8701,1.4700,,
DATA,A001,5,923,482118,-0.3788,1.2671,0.4261,-24.6582,-446.8384,-74.4019,1.3895,,
DATA,A001,5,924,482128,-0.3920,1.2596,0.3605,-38.3911,-465.5151,-97.6562,1.3675,,
DATA,A001,5,925,482138,-0.4747,1.3856,0.2162,-53.8940,-502.8076,-124.6338,1.4805,,
DATA,A001,5,926,482148,-0.4261,1.4774,0.1278,-59.7534,-524.6582,-137.0850,1.5429,,
DATA,A001,5,927,482158,-0.2379,1.5838,0.0477,-70.4346,-551.8799,-152.9541,1.6023,,
DATA,A001,5,928,482168,-0.0880,1.6124,-0.0368,-81.1157,-556.0913,-158.4473,1.6152,,
DATA,A001,5,929,482178,0.1019,1.5643,-0.0758,-90.8203,-541.2598,-160.6445,1.5694,,
DATA,A001,5,930,482188,0.3827,1.4608,-0.0116,-102.4780,-494.2017,-163.0249,1.5101,,
DATA,A001,5,931,482198,0.5348,1.3753,0.0494,-112.7930,-451.0498,-158.7524,1.4765,,
DATA,A001,5,932,482208,0.7721,1.1995,0.2062,-128.8452,-372.4976,-145.2637,1.4414,,
DATA,A001,5,933,482218,0.8934,1.0577,0.2955,-137.1460,-311.9507,-137.7563,1.4157,,
DATA,A001,5,934,482228,0.9523,0.8377,0.3844,-146.0571,-217.1631,-129.0283,1.3253,,
DATA,A001,5,935,482238,0.8998,0.7108,0.4112,-147.6440,-151.9775,-121.8872,1.2182,,
DATA,A001,5,936,482248,0.7943,0.5711,0.4386,-141.2964,-66.2842,-107.5439,1.0721,,
DATA,A001,5,937,482258,0.6828,0.5455,0.4493,-132.0190,-22.8271,-96.8018,0.9826,,
DATA,A001,5,938,482268,0.4784,0.5799,0.5016,-120.6055,20.2637,-80.8716,0.9037,,
DATA,A001,5,939,482278,0.3385,0.6055,0.5121,-119.7510,35.8276,-76.0498,0.8623,,
DATA,A001,5,940,482288,0.1972,0.5826,0.5509,-125.5493,46.7529,-76.1108,0.8257,,
DATA,A001,5,941,482298,0.1408,0.5513,0.6085,-131.4697,45.4102,-75.3174,0.8331,,
DATA,A001,5,942,482308,0.1371,0.4915,0.5934,-141.4185,35.3394,-72.5098,0.7826,,
DATA,A001,5,943,482318,0.1947,0.4207,0.5399,-145.0806,22.3999,-70.5566,0.7116,,
DATA,A001,5,944,482328,0.3056,0.3209,0.4986,-145.6909,-0.8545,-65.1245,0.6671,,
DATA,A001,5,945,482338,0.3615,0.2669,0.4650,-143.7378,-12.7563,-61.2793,0.6466,,
DATA,A001,5,946,482348,0.4259,0.2125,0.4171,-137.0850,-24.4751,-57.9834,0.6329,,
DATA,A001,5,947,482358,0.4530,0.1924,0.4103,-131.1035,-29.5410,-56.3354,0.6408,,
DATA,A001,5,948,482368,0.4906,0.1771,0.4513,-121.9482,-36.6821,-53.4668,0.6897,,
DATA,A001,5,949,482378,0.4940,0.1839,0.4952,-115.1123,-39.6729,-50.6592,0.7233,,
DATA,A001,5,950,482388,0.5053,0.2989,0.4176,-103.3936,-41.0767,-43.2739,0.7204,,
DATA,A001,5,951,482398,0.2636,0.4251,0.3592,-96.3135,-43.7012,-49.3164,0.6158,,
DATA,A001,5,952,482408,0.4684,0.1917,0.4098,-90.1489,-79.2847,-50.5981,0.6512,,
DATA,A001,5,953,482418,0.6207,0.1160,0.5333,-81.9702,-80.8716,-9.2773,0.8266,,
DATA,A001,5,954,482428,0.7094,0.2400,0.4230,-61.3403,-22.7051,13.4888,0.8601,,
DATA,A001,5,955,482438,0.5477,0.2498,0.6373,-51.6357,14.5874,6.5308,0.8767,,
DATA,A001,5,956,482448,0.3607,0.4229,0.7027,-69.2749,33.9355,-6.5308,0.8960,,
DATA,A001,5,957,482458,0.3817,0.4080,0.6857,-76.4160,34.5459,7.9346,0.8845,,
DATA,A001,5,958,482468,0.2433,0.2081,0.7867,-68.5425,55.8472,25.0244,0.8494,,
DATA,A001,5,959,482478,-0.0257,0.2869,0.9195,-44.2505,56.4575,7.9956,0.9636,,
DATA,A001,5,960,482488,0.0111,0.5975,1.0470,-68.9087,34.2407,3.6621,1.2055,,
DATA,A001,5,961,482498,0.1498,0.4918,1.0487,-100.5249,18.3105,28.3203,1.1679,,
DATA,A001,5,962,482508,0.1847,0.1685,1.1273,-117.4316,27.8931,63.2324,1.1547,,
DATA,A001,5,963,482518,-0.0011,0.0943,1.1879,-116.6992,39.1846,43.6401,1.1916,,
DATA,A001,5,964,482528,0.0368,0.2076,1.1866,-107.2998,31.7993,26.6113,1.2052,,
DATA,A001,5,965,482538,0.2157,0.4774,1.1422,-81.8481,30.2124,11.1694,1.2566,,
DATA,A001,5,966,482548,0.2030,0.0914,1.2548,-46.6919,58.2886,11.2305,1.2743,,
DATA,A001,5,967,482558,0.0685,0.0291,1.0690,-68.0542,43.7012,-14.3433,1.0715,,
DATA,A001,5,968,482568,0.0756,-0.1450,0.9691,-48.4619,32.6538,-10.0708,0.9828,,
DATA,A001,5,969,482578,0.1295,0.0005,1.0008,-3.2349,10.9863,21.9727,1.0092,,
DATA,A001,5,970,482588,0.1481,0.1566,1.0316,15.3809,8.2397,30.5786,1.0539,,
DATA,A001,5,971,482598,0.0829,0.2486,1.1009,18.4326,6.2256,7.5073,1.1317,,
DATA,A001,5,972,482608,0.1884,0.4354,1.0626,19.8975,0.9155,18.8599,1.1637,,
DATA,A001,5,973,482618,0.2216,0.2586,1.0228,33.5083,31.8604,37.1704,1.0780,,
DATA,A001,5,974,482628,0.1554,0.2173,0.9156,30.0293,54.1382,34.2407,0.9538,,
DATA,A001,5,975,482638,0.0026,0.2606,0.9723,36.1938,45.6543,44.9829,1.0066,,
DATA,A001,5,976,482648,0.0141,0.2149,0.9847,33.5693,29.1748,45.6543,1.0080,,
DATA,A001,5,977,482658,0.0724,0.2569,1.0033,35.9497,2.8687,54.9316,1.0382,,
DATA,A001,5,978,482668,0.1903,0.4051,1.0570,24.6582,2.3804,55.7861,1.1479,,
DATA,A001,5,979,482678,0.2265,0.3470,1.0609,-0.7935,14.5264,36.6211,1.1389,,
DATA,A001,5,980,482688,0.1454,0.1705,1.0316,4.0283,19.7754,32.4097,1.0557,,
DATA,A001,5,981,482698,0.0819,0.0867,0.9808,14.3433,15.1978,26.6113,0.9881,,
DATA,A001,5,982,482708,0.0714,0.0582,0.9562,19.7144,2.6245,31.2500,0.9606,,
DATA,A001,5,983,482718,0.1500,0.0892,0.9039,33.3862,-10.7422,42.0532,0.9206,,
DATA,A001,5,984,482728,0.1701,0.1680,0.9054,41.1987,-14.8315,46.5088,0.9364,,
DATA,A001,5,985,482738,0.2482,0.2444,0.9083,41.1377,-8.5449,51.5137,0.9728,,
DATA,A001,5,986,482748,0.2916,0.2645,0.9103,38.5742,5.6152,50.8423,0.9918,,
DATA,A001,5,987,482758,0.1832,0.1915,0.8729,40.2832,26.9165,49.6216,0.9123,,
DATA,A001,5,988,482768,0.1398,0.1963,0.8614,49.1333,25.3296,56.7627,0.8945,,
DATA,A001,5,989,482778,0.1256,0.2068,0.8934,47.4854,21.2402,77.9419,0.9256,,
DATA,A001,5,990,482788,0.1276,0.1917,0.8973,42.4805,14.5874,86.5479,0.9264,,
DATA,A001,5,991,482798,0.1129,0.2925,0.9437,40.6494,10.3760,99.2432,0.9945,,
DATA,A001,5,992,482808,0.1354,0.3047,0.9772,38.5132,13.9771,98.8159,1.0325,,
DATA,A001,5,993,482818,0.0934,0.3326,1.0043,41.7480,17.8833,90.5762,1.0620,,
DATA,A001,5,994,482828,0.0617,0.2811,0.9943,44.0674,22.1558,91.6138,1.0351,,
DATA,A001,5,995,482838,0.0502,0.2542,1.0072,45.8984,23.7427,90.8203,1.0400,,
DATA,A001,5,996,482848,0.0492,0.2369,0.9393,50.0488,22.3389,91.0645,0.9700,,
DATA,A001,5,997,482858,0.0165,0.3284,0.9598,48.7671,16.4185,84.8999,1.0146,,
DATA,A001,5,998,482868,0.0521,0.2872,0.9264,61.1572,-3.4790,100.5249,0.9713,,
DATA,A001,5,999,482878,0.0272,0.3257,0.9296,58.3496,-11.7188,98.1445,0.9854,,
DATA,A001,5,1000,482888,0.0831,0.3560,0.9007,53.8330,-21.6675,96.3135,0.9721,,
DATA,A001,5,1001,482898,0.0856,0.3235,0.9527,52.4902,-27.7100,99.5483,1.0098,,
DATA,A001,5,1002,482908,0.1320,0.2513,0.9379,49.4995,-28.6865,93.8721,0.9799,,
DATA,A001,5,1003,482918,0.2101,0.2366,0.9357,53.1616,-24.1699,95.9473,0.9877,,
DATA,A001,5,1004,482928,0.1881,0.2171,0.9459,52.1851,-8.0566,91.0645,0.9886,,
DATA,A001,5,1005,482938,0.1911,0.2344,0.9278,52.9175,1.2817,89.7827,0.9759,,
DATA,A001,5,1006,482948,0.2326,0.1963,0.9286,55.7861,10.3149,93.7500,0.9772,,
DATA,A001,5,1007,482958,0.1913,0.1832,0.9269,58.2886,12.0239,88.5620,0.9640,,
DATA,A001,5,1008,482968,0.1674,0.2139,0.9579,62.0117,16.9678,86.3647,0.9956,,
DATA,A001,5,1009,482978,0.2282,0.2205,0.9769,64.8804,24.6582,86.9141,1.0272,,
DATA,A001,5,1010,482988,0.2099,0.2212,1.0101,69.7632,35.5835,85.9985,1.0551,,
DATA,A001,5,1011,482998,0.2279,0.2437,1.0460,72.6318,43.4570,88.9893,1.0979,,
DATA,A001,5,1012,483008,0.1830,0.3250,1.0533,73.0591,53.4058,86.6089,1.1174,,
DATA,A001,5,1013,483018,0.1627,0.3533,1.0599,68.1152,56.3354,87.0972,1.1291,,
DATA,A001,5,1014,483028,0.1664,0.2794,1.0538,65.5518,52.8564,86.1206,1.1028,,
DATA,A001,5,1015,483038,0.2648,0.2142,1.0489,65.1855,55.4199,88.1958,1.1028,,
DATA,A001,5,1016,483048,0.2601,0.2447,1.0160,67.0166,63.1104,86.4258,1.0769,,
DATA,A001,5,1017,483058,0.2179,0.2867,0.9808,65.2466,67.3218,85.5713,1.0448,,
DATA,A001,5,1018,483068,0.1859,0.3267,0.9701,60.1807,65.7959,84.6558,1.0404,,
DATA,A001,5,1019,483078,0.1793,0.3394,0.9425,57.8003,60.3027,81.9092,1.0177,,
DATA,A001,5,1020,483088,0.2692,0.3284,0.9737,54.0771,54.9316,81.3599,1.0623,,
DATA,A001,5,1021,483098,0.2648,0.2776,0.9845,52.7344,57.4341,76.9653,1.0566,,
DATA,A001,5,1022,483108,0.2990,0.2252,0.9681,58.8379,59.8755,71.8994,1.0380,,
DATA,A001,5,1023,483118,0.3327,0.2601,0.9652,59.7534,64.3921,72.3877,1.0535,,
DATA,A001,5,1024,483128,0.2230,0.2921,0.9530,59.0210,65.1245,69.4580,1.0214,,
DATA,A001,5,1025,483138,0.2601,0.3194,0.9740,57.2510,62.0117,73.2422,1.0575,,
DATA,A001,5,1026,483148,0.3139,0.3563,0.9632,51.6357,56.3965,78.4912,1.0739,,
DATA,A001,5,1027,483158,0.2650,0.3951,0.9476,45.3491,54.4434,74.8291,1.0603,,
DATA,A001,5,1028,483168,0.2689,0.3443,0.9557,42.9077,46.6309,77.2705,1.0508,,
DATA,A001,5,1029,483178,0.2929,0.2960,0.9474,43.9453,45.7153,77.8198,1.0348,,
DATA,A001,5,1030,483188,0.3693,0.2718,0.9332,45.1050,52.7954,77.7588,1.0398,,
DATA,A001,5,1031,483198,0.3737,0.2896,0.9117,46.4478,55.6030,77.7588,1.0270,,
DATA,A001,5,1032,483208,0.3654,0.3130,0.9073,47.6685,57.0679,81.2988,1.0270,,
DATA,A001,5,1033,483218,0.3690,0.3687,0.9034,46.6919,60.5469,85.1440,1.0432,,
DATA,A001,5,1034,483228,0.3810,0.3907,0.9115,44.4946,64.3311,86.3647,1.0624,,
DATA,A001,5,1035,483238,0.3861,0.3917,0.9222,40.1001,71.6553,87.0361,1.0738,,
DATA,A001,5,1036,483248,0.3744,0.3985,0.9296,38.0859,75.4395,87.4023,1.0784,,
DATA,A001,5,1037,483258,0.3732,0.3997,0.9557,33.7524,82.0923,88.8672,1.1011,,
EVENT,A001,5,,483263,,,,,,,,STOP,1037
EVENT,A001,6,,486769,,,,,,,,START,
DATA,A001,6,1,486792,0.3681,0.2901,0.7845,24.4141,20.5688,4.2725,0.9138,,
DATA,A001,6,2,486802,0.3829,0.1951,0.8214,24.2920,16.6626,7.0801,0.9271,,
DATA,A001,6,3,486812,0.3898,0.2845,0.8143,30.8228,16.9067,9.3994,0.9466,,
DATA,A001,6,4,486822,0.3226,0.3856,0.8251,36.1328,23.1323,11.2915,0.9662,,
DATA,A001,6,5,486832,0.2811,0.4905,0.8492,34.3628,29.2358,10.3149,1.0202,,
DATA,A001,6,6,486842,0.3258,0.4776,0.8758,26.5503,33.3252,14.7095,1.0495,,
DATA,A001,6,7,486852,0.3275,0.4564,0.8876,20.3247,36.6821,16.8457,1.0504,,
DATA,A001,6,8,486862,0.3153,0.4175,0.9105,13.2446,38.6353,17.3340,1.0501,,
DATA,A001,6,9,486872,0.3429,0.4300,0.9012,10.1929,44.9219,20.7520,1.0558,,
DATA,A001,6,10,486882,0.3871,0.4283,0.8881,5.6152,49.5605,27.2827,1.0592,,
DATA,A001,6,11,486892,0.3976,0.4393,0.8688,4.0283,52.1240,29.6631,1.0516,,
DATA,A001,6,12,486902,0.4183,0.4420,0.8666,0.9766,54.9927,31.8604,1.0589,,
DATA,A001,6,13,486912,0.4183,0.4202,0.8426,-1.2817,56.8237,31.3110,1.0304,,
DATA,A001,6,14,486922,0.4398,0.4051,0.8302,-2.5635,62.3169,30.5176,1.0231,,
DATA,A001,6,15,486932,0.4059,0.3199,0.7872,1.9531,66.4062,27.1606,0.9417,,
DATA,A001,6,16,486942,0.3529,0.2545,0.7975,12.2070,58.8379,27.3438,0.9084,,
DATA,A001,6,17,486952,0.3309,0.3021,0.8072,18.0664,53.6499,22.2168,0.9233,,
DATA,A001,6,18,486962,0.3424,0.3233,0.8097,20.2637,46.9360,19.7144,0.9367,,
DATA,A001,6,19,486972,0.4132,0.3135,0.8024,24.2920,42.1753,22.9492,0.9554,,
DATA,A001,6,20,486982,0.4437,0.3135,0.7982,25.1465,47.4243,25.5127,0.9656,,
DATA,A001,6,21,486992,0.4760,0.3294,0.7823,25.7568,56.7627,29.6631,0.9732,,
DATA,A001,6,22,487002,0.4994,0.3721,0.7665,24.3530,70.0684,37.7197,0.9876,,
DATA,A001,6,23,487012,0.5329,0.3546,0.7479,21.6675,81.8481,45.0439,0.9844,,
DATA,A001,6,24,487022,0.4896,0.3580,0.7345,20.4468,96.1914,50.4150,0.9526,,
DATA,A001,6,25,487032,0.4745,0.3785,0.7059,18.5547,115.1123,54.5044,0.9310,,
DATA,A001,6,26,487042,0.4701,0.3536,0.6549,15.6860,125.4272,61.7065,0.8803,,
DATA,A001,6,27,487052,0.5136,0.3416,0.6600,24.2310,140.6860,70.0684,0.9034,,
DATA,A001,6,28,487062,0.4804,0.3597,0.6437,16.5405,152.3438,84.5337,0.8800,,
DATA,A001,6,29,487072,0.5326,0.1507,0.5919,25.8789,177.9175,103.3936,0.8104,,
DATA,A001,6,30,487082,0.4782,0.1671,0.6039,47.7295,213.3179,99.3652,0.7882,,
DATA,A001,6,31,487092,0.1312,0.4424,0.5345,60.0586,247.9248,88.1348,0.7062,,
DATA,A001,6,32,487102,-0.0006,0.2940,0.4330,49.6826,240.6616,96.2524,0.5234,,
DATA,A001,6,33,487112,0.5626,0.4275,0.3251,93.9941,167.6636,177.6123,0.7778,,
DATA,A001,6,34,487122,0.6788,-0.1313,0.1090,197.6318,226.9287,225.8301,0.7000,,
DATA,A001,6,35,487132,0.3820,0.6878,0.8216,225.7080,395.3857,160.4004,1.1376,,
DATA,A001,6,36,487142,0.1735,1.1795,0.5694,140.7471,407.2266,138.2446,1.3212,,
DATA,A001,6,37,487152,-0.0306,1.0362,0.3456,-9.8267,401.2451,126.0376,1.0927,,
DATA,A001,6,38,487162,-0.0248,0.6844,0.3844,-26.2451,386.9019,127.6245,0.7853,,
DATA,A001,6,39,487172,0.0026,0.4493,0.4090,18.5547,354.7363,140.3198,0.6076,,
DATA,A001,6,40,487182,0.0748,0.4400,0.4003,38.1470,342.3462,147.5220,0.5995,,
DATA,A001,6,41,487192,0.1329,0.5215,0.3866,42.0532,338.3789,157.3486,0.6627,,
DATA,A001,6,42,487202,0.1503,0.5775,0.3675,41.1987,346.6797,162.4146,0.7008,,
DATA,A001,6,43,487212,0.1212,0.6150,0.3380,42.6025,363.2202,167.4194,0.7122,,
DATA,A001,6,44,487222,0.0802,0.6126,0.3297,42.8467,374.5117,169.4336,0.7003,,
DATA,A001,6,45,487232,-0.0072,0.5804,0.3121,43.2739,385.5591,175.6592,0.6590,,
DATA,A001,6,46,487242,-0.0902,0.5499,0.3224,44.6777,387.7563,180.9692,0.6437,,
DATA,A001,6,47,487252,-0.2755,0.5345,0.3824,49.2554,381.2866,188.3545,0.7126,,
DATA,A001,6,48,487262,-0.4171,0.5501,0.4369,53.1616,369.6289,191.8335,0.8170,,
DATA,A001,6,49,487272,-0.5719,0.6060,0.4974,60.6079,339.0503,195.2515,0.9704,,
DATA,A001,6,50,487282,-0.6334,0.6439,0.5397,67.2607,312.5610,197.9370,1.0521,,
DATA,A001,6,51,487292,-0.6520,0.7037,0.6141,78.3081,268.7378,203.4912,1.1390,,
DATA,A001,6,52,487302,-0.6302,0.7496,0.6527,85.0220,243.1641,205.5664,1.1769,,
DATA,A001,6,53,487312,-0.5734,0.7967,0.6573,91.0034,225.5859,205.6885,1.1813,,
DATA,A001,6,54,487322,-0.4845,0.8572,0.6422,97.2900,216.0034,205.3833,1.1756,,
DATA,A001,6,55,487332,-0.4471,0.8907,0.6144,99.6704,219.5435,206.4209,1.1708,,
DATA,A001,6,56,487342,-0.4347,0.9485,0.5741,102.9053,232.9102,211.6089,1.1909,,
DATA,A001,6,57,487352,-0.4549,0.9981,0.5546,105.8350,241.5771,217.4072,1.2291,,
DATA,A001,6,58,487362,-0.5062,1.1006,0.5353,109.7412,247.3145,227.6611,1.3245,,
DATA,A001,6,59,487372,-0.5399,1.1858,0.5218,110.2905,245.1782,233.8867,1.4036,,
DATA,A001,6,60,487382,-0.5685,1.3091,0.4813,105.2246,231.6895,242.4316,1.5062,,
DATA,A001,6,61,487392,-0.6092,1.3826,0.4232,100.0366,219.9707,246.8262,1.5691,,
DATA,A001,6,62,487402,-0.6297,1.4918,0.3895,93.0786,210.3271,249.3896,1.6654,,
DATA,A001,6,63,487412,-0.6432,1.5860,0.3185,88.9893,205.2002,252.5024,1.7408,,
DATA,A001,6,64,487422,-0.7191,1.8204,0.2071,91.2476,193.2983,264.2822,1.9682,,
DATA,A001,6,65,487432,-0.7833,2.0337,0.2030,97.1680,183.7158,259.8267,2.1888,,
DATA,A001,6,66,487442,-0.9310,2.2339,0.2325,76.4771,155.8228,247.9248,2.4313,,
DATA,A001,6,67,487452,-1.0101,2.1844,0.2560,46.9971,130.5542,231.9336,2.4202,,
DATA,A001,6,68,487462,-1.0011,1.8047,0.3509,7.9346,83.8623,203.4912,2.0934,,
DATA,A001,6,69,487472,-0.9464,1.5106,0.3878,-1.1597,51.3306,183.2275,1.8242,,
DATA,A001,6,70,487482,-0.8082,1.2061,0.4156,8.5449,6.9580,143.8599,1.5102,,
DATA,A001,6,71,487492,-0.7040,1.1150,0.4337,21.3623,-18.9209,112.2437,1.3882,,
DATA,A001,6,72,487502,-0.5311,1.0665,0.4623,33.4473,-50.1099,61.9507,1.2779,,
DATA,A001,6,73,487512,-0.4166,1.0364,0.4916,33.3862,-66.8335,30.5176,1.2204,,
DATA,A001,6,74,487522,-0.2687,0.9495,0.5340,25.0854,-80.8716,-10.8643,1.1220,,
DATA,A001,6,75,487532,-0.1908,0.8626,0.5631,18.3105,-83.1909,-36.8652,1.0477,,
DATA,A001,6,76,487542,-0.1239,0.7999,0.5499,8.3008,-67.7490,-72.3877,0.9785,,
DATA,A001,6,77,487552,-0.1112,0.7776,0.5118,1.2207,-48.7061,-93.0786,0.9376,,
DATA,A001,6,78,487562,-0.1510,0.8052,0.4386,-7.7515,-11.9629,-115.7227,0.9293,,
DATA,A001,6,79,487572,-0.2081,0.8531,0.3783,-13.6108,15.1978,-127.6855,0.9561,,
DATA,A001,6,80,487582,-0.3014,0.9319,0.2899,-22.8271,50.3540,-141.6016,1.0215,,
DATA,A001,6,81,487592,-0.3583,0.9849,0.2462,-28.3203,65.8569,-147.2778,1.0766,,
DATA,A001,6,82,487602,-0.4203,1.0550,0.2150,-35.4614,73.4253,-153.3813,1.1558,,
DATA,A001,6,83,487612,-0.4503,1.0862,0.2064,-41.3818,70.6787,-157.3486,1.1939,,
DATA,A001,6,84,487622,-0.4813,1.1102,0.2137,-52.6733,58.0444,-163.7573,1.2287,,
DATA,A001,6,85,487632,-0.4986,1.0994,0.2421,-61.2793,46.4478,-168.7622,1.2312,,
DATA,A001,6,86,487642,-0.4962,1.0801,0.2736,-69.3359,35.6445,-173.5229,1.2197,,
DATA,A001,6,87,487652,-0.4828,1.0452,0.3368,-79.0405,21.9116,-179.8096,1.1996,,
DATA,A001,6,88,487662,-0.4657,1.0267,0.3734,-85.9375,17.4561,-187.3779,1.1876,,
DATA,A001,6,89,487672,-0.4576,1.0159,0.4022,-89.2944,18.9209,-192.6270,1.1846,,
DATA,A001,6,90,487682,-0.4488,1.0164,0.4364,-92.2241,23.9258,-198.3032,1.1937,,
DATA,A001,6,91,487692,-0.4366,1.0084,0.4708,-97.4731,34.6680,-207.2144,1.1955,,
DATA,A001,6,92,487702,-0.4264,0.9891,0.4886,-101.5015,41.9312,-212.2192,1.1827,,
DATA,A001,6,93,487712,-0.4335,0.9329,0.5030,-107.4829,51.5747,-219.1162,1.1451,,
DATA,A001,6,94,487722,-0.4405,0.8860,0.5045,-110.7178,57.8613,-224.0601,1.1107,,
DATA,A001,6,95,487732,-0.4388,0.8099,0.4901,-114.0137,69.4580,-231.3843,1.0434,,
DATA,A001,6,96,487742,-0.4325,0.7601,0.4735,-114.2578,79.0405,-235.7178,0.9945,,
DATA,A001,6,97,487752,-0.4361,0.7039,0.4176,-110.3516,95.0317,-239.7461,0.9274,,
DATA,A001,6,98,487762,-0.4603,0.6893,0.3761,-104.7974,104.0039,-239.8071,0.9102,,
DATA,A001,6,99,487772,-0.5262,0.6973,0.3275,-93.3228,111.6333,-236.5723,0.9330,,
DATA,A001,6,100,487782,-0.5646,0.7149,0.3053,-85.6934,110.8398,-233.2153,0.9607,,
DATA,A001,6,101,487792,-0.6014,0.7315,0.2772,-77.0874,98.1445,-225.4028,0.9867,,
DATA,A001,6,102,487802,-0.6158,0.7278,0.2706,-73.7915,83.0688,-217.7734,0.9911,,
DATA,A001,6,103,487812,-0.6117,0.6983,0.2528,-70.0684,54.9927,-204.5288,0.9621,,
DATA,A001,6,104,487822,-0.6029,0.6634,0.2513,-67.2607,35.2783,-195.1904,0.9310,,
DATA,A001,6,105,487832,-0.5526,0.6102,0.2477,-62.6831,12.3291,-180.8472,0.8597,,
DATA,A001,6,106,487842,-0.5047,0.5667,0.2491,-59.5093,0.5493,-169.4946,0.7987,,
DATA,A001,6,107,487852,-0.4169,0.5169,0.2230,-53.2837,-7.3853,-150.2075,0.7005,,
DATA,A001,6,108,487862,-0.3666,0.4976,0.1879,-46.8140,-6.9580,-135.3149,0.6460,,
DATA,A001,6,109,487872,-0.3058,0.4964,0.1354,-32.1045,2.8687,-112.0605,0.5985,,
DATA,A001,6,110,487882,-0.2731,0.5364,0.1268,-19.8975,14.7705,-97.5342,0.6151,,
DATA,A001,6,111,487892,-0.2357,0.6011,0.1444,-10.9863,35.7056,-75.4395,0.6616,,
DATA,A001,6,112,487902,-0.2269,0.6175,0.1278,-14.2822,52.0630,-59.6924,0.6702,,
DATA,A001,6,113,487912,-0.2140,0.5743,0.0340,-24.4751,80.8716,-34.7290,0.6138,,
DATA,A001,6,114,487922,-0.2054,0.5174,-0.0411,-28.4424,101.8066,-16.4795,0.5582,,
DATA,A001,6,115,487932,-0.2018,0.4117,-0.1283,-28.3813,135.3760,13.6108,0.4761,,
DATA,A001,6,116,487942,-0.2071,0.3480,-0.1698,-24.5972,156.7993,33.3252,0.4391,,
DATA,A001,6,117,487952,-0.2381,0.3006,-0.1159,-10.8643,180.4199,62.3779,0.4006,,
DATA,A001,6,118,487962,-0.2811,0.3323,-0.0599,1.3428,188.4155,81.6040,0.4394,,
DATA,A001,6,119,487972,-0.3561,0.4429,0.0621,16.7847,182.9224,108.8867,0.5717,,
DATA,A001,6,120,487982,-0.3988,0.5403,0.1420,21.5454,170.5933,128.1738,0.6864,,
DATA,A001,6,121,487992,-0.4193,0.6463,0.1876,20.0806,152.8320,148.1323,0.7929,,
DATA,A001,6,122,488002,-0.4213,0.7576,0.2032,10.4980,119.5068,178.5889,0.8904,,
DATA,A001,6,123,488012,-0.4083,0.8025,0.1957,3.4790,89.8438,209.3506,0.9215,,
DATA,A001,6,124,488022,-0.3746,0.8228,0.1720,6.1035,76.7822,229.3701,0.9203,,
DATA,A001,6,125,488032,-0.3375,0.8428,0.1686,15.1367,69.5801,247.9858,0.9234,,
DATA,A001,6,126,488042,-0.2728,0.9202,0.2020,35.7666,73.4863,272.5220,0.9808,,
DATA,A001,6,127,488052,-0.2425,0.9930,0.2609,51.7578,83.1299,286.3770,1.0549,,
DATA,A001,6,128,488062,-0.2325,1.1277,0.3998,74.0967,100.5249,302.1240,1.2189,,
DATA,A001,6,129,488072,-0.2623,1.2342,0.5133,84.7168,110.0464,308.4106,1.3622,,
DATA,A001,6,130,488082,-0.3065,1.4415,0.6883,93.1396,111.9995,312.7441,1.6265,,
DATA,A001,6,131,488092,-0.3265,1.6216,0.7750,91.3696,102.6611,311.9507,1.8267,,
DATA,A001,6,132,488102,-0.3832,1.8646,0.7540,66.4062,80.2002,304.3823,2.0474,,
DATA,A001,6,133,488112,-0.4256,1.9268,0.6395,34.0576,63.5986,294.6777,2.0743,,
DATA,A001,6,134,488122,-0.4400,1.8087,0.3487,-15.7471,41.0767,277.0996,1.8938,,
DATA,A001,6,135,488132,-0.4361,1.6827,0.1464,-33.9355,25.2686,267.1509,1.7444,,
DATA,A001,6,136,488142,-0.4484,1.5508,-0.0790,-33.6304,0.1221,260.3149,1.6163,,
DATA,A001,6,137,488152,-0.4371,1.5206,-0.1520,-24.5972,-12.7563,258.3618,1.5894,,
DATA,A001,6,138,488162,-0.3788,1.4705,-0.1412,-15.3198,-18.7988,252.8076,1.5251,,
DATA,A001,6,139,488172,-0.3363,1.4288,-0.0841,-13.9771,-12.3291,243.7744,1.4702,,
DATA,A001,6,140,488182,-0.2823,1.3431,0.0109,-16.3574,6.2256,222.7783,1.3725,,
DATA,A001,6,141,488192,-0.2464,1.2757,0.0536,-17.5781,23.0713,205.5054,1.3004,,
DATA,A001,6,142,488202,-0.2008,1.1671,0.1009,-19.7754,54.1382,179.0161,1.1885,,
DATA,A001,6,143,488212,-0.2076,1.1075,0.1190,-22.7051,76.5381,162.5366,1.1330,,
DATA,A001,6,144,488222,-0.2589,1.0106,0.1171,-28.1372,103.3936,140.0146,1.0497,,
DATA,A001,6,145,488232,-0.2960,0.9222,0.1044,-29.3579,109.4360,125.5493,0.9741,,
DATA,A001,6,146,488242,-0.3290,0.8123,0.1056,-27.2217,103.1494,103.6987,0.8827,,
DATA,A001,6,147,488252,-0.3473,0.7510,0.1141,-23.6206,91.1255,89.4775,0.8353,,
DATA,A001,6,148,488262,-0.3363,0.6868,0.1351,-16.9067,66.4062,70.7397,0.7766,,
DATA,A001,6,149,488272,-0.3160,0.6663,0.1512,-11.7798,49.1333,61.3403,0.7528,,
DATA,A001,6,150,488282,-0.2931,0.6627,0.1510,-5.0659,31.3110,50.1709,0.7401,,
DATA,A001,6,151,488292,-0.2818,0.6714,0.1507,-1.5869,26.4893,43.7012,0.7436,,
DATA,A001,6,152,488302,-0.2850,0.6866,0.1583,2.6245,28.7476,35.7056,0.7601,,
DATA,A001,6,153,488312,-0.3041,0.7005,0.1637,3.4790,32.9590,32.2876,0.7810,,
DATA,A001,6,154,488322,-0.3270,0.7071,0.1720,3.0518,37.5977,29.7852,0.7978,,
DATA,A001,6,155,488332,-0.3636,0.7149,0.1739,2.0752,43.3960,27.7100,0.8207,,
DATA,A001,6,156,488342,-0.3832,0.7256,0.1700,2.1973,46.0205,27.2827,0.8380,,
DATA,A001,6,157,488352,-0.4149,0.7381,0.1437,2.5024,45.4102,27.9541,0.8588,,
DATA,A001,6,158,488362,-0.4242,0.7430,0.1300,3.0518,42.2363,28.8696,0.8654,,
DATA,A001,6,159,488372,-0.4366,0.7637,0.1276,6.6528,34.3628,30.2734,0.8889,,
DATA,A001,6,160,488382,-0.4391,0.7889,0.1390,11.2915,27.2827,31.0059,0.9135,,
DATA,A001,6,161,488392,-0.4342,0.8484,0.1632,17.0898,15.4419,30.8838,0.9670,,
DATA,A001,6,162,488402,-0.4181,0.8834,0.1805,18.4326,8.7280,29.4800,0.9938,,
DATA,A001,6,163,488412,-0.3839,0.9295,0.1957,17.5781,2.8687,25.1465,1.0245,,
DATA,A001,6,164,488422,-0.3602,0.9544,0.1925,17.2729,2.9907,20.9961,1.0381,,
DATA,A001,6,165,488432,-0.3473,1.0005,0.1654,18.9819,9.7656,13.1226,1.0719,,
DATA,A001,6,166,488442,-0.3470,1.0477,0.1520,22.6440,16.1133,6.2866,1.1141,,
DATA,A001,6,167,488452,-0.3631,1.1492,0.1422,30.3955,27.0386,-5.4932,1.2136,,
DATA,A001,6,168,488462,-0.3705,1.2281,0.1500,35.3394,32.3486,-14.2822,1.2915,,
DATA,A001,6,169,488472,-0.3646,1.3331,0.1788,37.7808,38.2080,-29.2969,1.3936,,
DATA,A001,6,170,488482,-0.3478,1.3585,0.2081,34.8511,40.6494,-40.2222,1.4176,,
DATA,A001,6,171,488492,-0.3778,1.3733,0.2093,29.6631,38.6353,-54.4434,1.4397,,
DATA,A001,6,172,488502,-0.3893,1.4512,0.1737,35.8887,35.1562,-62.9272,1.5125,,
DATA,A001,6,173,488512,-0.3661,1.6793,0.1593,54.0161,25.9399,-78.3081,1.7261,,
DATA,A001,6,174,488522,-0.3568,1.8235,0.1786,55.4199,23.3154,-87.6465,1.8667,,
DATA,A001,6,175,488532,-0.3241,1.8121,0.1871,31.7383,23.4375,-98.6328,1.8503,,
DATA,A001,6,176,488542,-0.3053,1.6175,0.1993,11.2915,23.8037,-105.7129,1.6581,,
DATA,A001,6,177,488552,-0.3226,1.2850,0.2215,1.5259,22.2778,-117.3096,1.3432,,
DATA,A001,6,178,488562,-0.3358,1.1597,0.2233,9.7046,17.7002,-125.6104,1.2278,,
DATA,A001,6,179,488572,-0.3529,1.1107,0.2533,25.8179,6.0425,-136.4136,1.1926,,
DATA,A001,6,180,488582,-0.3541,1.1077,0.2909,29.2358,-3.9062,-143.0664,1.1988,,
DATA,A001,6,181,488592,-0.3658,1.0865,0.3168,21.3623,-19.0430,-154.1138,1.1894,,
DATA,A001,6,182,488602,-0.3749,1.0460,0.2980,13.7329,-29.4800,-161.8652,1.1504,,
DATA,A001,6,183,488612,-0.3954,0.9993,0.2352,10.1929,-47.3022,-171.3257,1.1001,,
DATA,A001,6,184,488622,-0.4191,1.0062,0.1935,13.0615,-59.7534,-176.1475,1.1070,,
DATA,A001,6,185,488632,-0.4464,1.0635,0.1395,17.2119,-79.1626,-183.1055,1.1618,,
DATA,A001,6,186,488642,-0.4613,1.1046,0.1051,15.5640,-91.8579,-187.4390,1.2016,,
DATA,A001,6,187,488652,-0.4667,1.1356,0.0641,8.5449,-110.8398,-193.6035,1.2294,,
DATA,A001,6,188,488662,-0.4588,1.1421,0.0441,3.2349,-121.0938,-197.8760,1.2317,,
DATA,A001,6,189,488672,-0.4471,1.1451,0.0328,-1.2817,-128.1738,-202.0264,1.2297,,
DATA,A001,6,190,488682,-0.4066,1.1614,0.0394,-5.7983,-131.8970,-207.3364,1.2312,,
DATA,A001,6,191,488692,-0.3675,1.1819,0.0502,-9.0942,-128.2959,-210.9375,1.2388,,
DATA,A001,6,192,488702,-0.3092,1.2242,0.0616,-15.9912,-111.9995,-218.0786,1.2641,,
DATA,A001,6,193,488712,-0.2867,1.2366,0.0699,-21.1792,-95.3979,-223.1445,1.2714,,
DATA,A001,6,194,488722,-0.2716,1.2447,0.0873,-29.6631,-64.4531,-231.2012,1.2770,,
DATA,A001,6,195,488732,-0.2748,1.2225,0.0975,-35.2783,-43.5791,-236.8774,1.2568,,
DATA,A001,6,196,488742,-0.2845,1.1590,0.1117,-41.0767,-17.8223,-244.3237,1.1986,,
DATA,A001,6,197,488752,-0.3002,1.1089,0.1185,-42.3584,-5.7373,-248.4131,1.1549,,
DATA,A001,6,198,488762,-0.3265,1.0347,0.1205,-41.6260,6.4697,-253.2959,1.0917,,
DATA,A001,6,199,488772,-0.3395,0.9957,0.1122,-39.7339,11.7188,-255.2490,1.0579,,
DATA,A001,6,200,488782,-0.3541,0.9485,0.0970,-35.7666,17.1509,-255.4321,1.0171,,
DATA,A001,6,201,488792,-0.3697,0.9249,0.0836,-32.8369,18.9209,-253.4790,0.9995,,
DATA,A001,6,202,488802,-0.3844,0.8939,0.0607,-29.0527,17.6392,-247.0093,0.9749,,
DATA,A001,6,203,488812,-0.3898,0.8753,0.0509,-26.6724,14.2822,-240.6616,0.9595,,
DATA,A001,6,204,488822,-0.3773,0.8631,0.0358,-22.4609,6.6528,-227.9663,0.9426,,
DATA,A001,6,205,488832,-0.3673,0.8511,0.0275,-20.3247,1.4038,-218.2007,0.9274,,
DATA,A001,6,206,488842,-0.3502,0.8382,0.0248,-19.5312,-6.1035,-201.9043,0.9087,,
DATA,A001,6,207,488852,-0.3312,0.8069,0.0243,-20.2026,-10.4980,-190.1855,0.8726,,
DATA,A001,6,208,488862,-0.3163,0.7610,0.0284,-21.9727,-16.2964,-171.5088,0.8246,,
DATA,A001,6,209,488872,-0.3077,0.7286,0.0292,-21.7896,-19.2261,-158.2642,0.7914,,
DATA,A001,6,210,488882,-0.2977,0.6927,0.0489,-18.7378,-22.7661,-137.5732,0.7555,,
DATA,A001,6,211,488892,-0.2921,0.6985,0.0643,-15.3198,-24.5361,-123.0469,0.7599,,
DATA,A001,6,212,488902,-0.2899,0.7330,0.0795,-10.6812,-26.5503,-100.2197,0.7922,,
DATA,A001,6,213,488912,-0.2904,0.7679,0.0843,-9.0332,-27.7710,-84.4727,0.8253,,
DATA,A001,6,214,488922,-0.2796,0.8201,0.0799,-10.4370,-29.7852,-60.7910,0.8702,,
DATA,A001,6,215,488932,-0.2601,0.8358,0.0621,-13.0005,-29.5410,-45.2881,0.8775,,
DATA,A001,6,216,488942,-0.2130,0.8289,0.0367,-16.5405,-23.4375,-22.0337,0.8566,,
DATA,A001,6,217,488952,-0.1854,0.8152,0.0279,-16.9678,-15.5640,-6.5308,0.8365,,
DATA,A001,6,218,488962,-0.1634,0.8082,0.0267,-13.9160,-0.9766,16.9678,0.8250,,
DATA,A001,6,219,488972,-0.1686,0.8121,0.0221,-10.2539,10.3149,32.4097,0.8297,,
DATA,A001,6,220,488982,-0.1879,0.8411,0.0509,-4.0283,24.9023,53.5889,0.8633,,
DATA,A001,6,221,488992,-0.1991,0.8643,0.0944,-1.0986,31.3110,65.8569,0.8920,,
DATA,A001,6,222,489002,-0.1981,0.9053,0.1129,-2.9297,37.1094,82.2144,0.9336,,
DATA,A001,6,223,489012,-0.1642,0.9446,0.0602,-5.3711,42.2363,94.3604,0.9607,,
DATA,A001,6,224,489022,-0.1168,0.9957,0.0165,-3.4790,50.8423,108.4595,1.0026,,
DATA,A001,6,225,489032,-0.0965,1.0696,-0.0060,4.0894,72.5708,133.7280,1.0740,,
DATA,A001,6,226,489042,-0.1295,1.0694,0.0052,3.9062,88.0127,149.1089,1.0772,,
DATA,A001,6,227,489052,-0.2220,0.9647,0.0743,-6.4697,102.8442,168.1519,0.9927,,
DATA,A001,6,228,489062,-0.2906,0.8672,0.0973,-12.6343,104.6143,179.8706,0.9198,,
DATA,A001,6,229,489072,-0.3624,0.7803,0.1070,-6.5918,98.6328,197.7539,0.8670,,
DATA,A001,6,230,489082,-0.3700,0.8045,0.1312,7.5684,93.4448,210.0830,0.8952,,
DATA,A001,6,231,489092,-0.3358,0.9529,0.1615,27.8320,91.1255,228.6987,1.0232,,
DATA,A001,6,232,489102,-0.3082,1.0787,0.1695,32.1655,94.2993,240.7227,1.1346,,
DATA,A001,6,233,489112,-0.2987,1.2081,0.1561,26.2451,102.6001,257.9956,1.2542,,
DATA,A001,6,234,489122,-0.3072,1.2632,0.1498,21.6064,106.7505,269.4092,1.3087,,
DATA,A001,6,235,489132,-0.3365,1.3692,0.1168,21.2402,108.8867,286.0718,1.4148,,
DATA,A001,6,236,489142,-0.3480,1.4622,0.0829,22.8271,108.6426,295.9595,1.5053,,
DATA,A001,6,237,489152,-0.3661,1.6431,0.0336,22.0947,110.5957,307.9224,1.6837,,
DATA,A001,6,238,489162,-0.3829,1.7452,-0.0072,17.2119,113.3423,314.0869,1.7867,,
DATA,A001,6,239,489172,-0.4159,1.8250,-0.0475,5.2490,118.3472,319.3359,1.8724,,
DATA,A001,6,240,489182,-0.4332,1.8043,-0.0480,-4.5166,121.0327,318.8477,1.8562,,
DATA,A001,6,241,489192,-0.4549,1.6783,-0.0133,-16.4185,121.7651,312.5000,1.7389,,
DATA,A001,6,242,489202,-0.4571,1.5904,0.0275,-19.7754,119.9951,305.6030,1.6550,,
DATA,A001,6,243,489212,-0.4484,1.4717,0.1132,-18.9209,115.3564,292.5415,1.5427,,
DATA,A001,6,244,489222,-0.4459,1.4063,0.1637,-18.4326,111.9385,282.2876,1.4844,,
DATA,A001,6,245,489232,-0.4696,1.2964,0.2294,-21.7285,107.6050,266.3574,1.3978,,
DATA,A001,6,246,489242,-0.4925,1.2151,0.2406,-26.4282,101.7456,254.2725,1.3331,,
DATA,A001,6,247,489252,-0.4967,1.0709,0.2084,-33.2642,88.8672,234.2529,1.1987,,
DATA,A001,6,248,489262,-0.4869,0.9664,0.1813,-33.1421,79.4067,220.5811,1.0972,,
DATA,A001,6,249,489272,-0.4701,0.8570,0.1439,-25.4517,66.1621,199.5239,0.9880,,
DATA,A001,6,250,489282,-0.4588,0.8206,0.1361,-17.2729,58.4106,185.4858,0.9500,,
DATA,A001,6,251,489292,-0.4418,0.8135,0.1354,-5.9204,46.6919,165.5884,0.9356,,
DATA,A001,6,252,489302,-0.4413,0.8287,0.1481,-0.4272,39.7949,153.5645,0.9504,,
DATA,A001,6,253,489312,-0.4527,0.8489,0.1793,3.3569,29.8462,137.2070,0.9787,,
DATA,A001,6,254,489322,-0.4628,0.8509,0.1886,3.1738,24.4751,127.3804,0.9868,,
DATA,A001,6,255,489332,-0.4737,0.8548,0.1737,0.7935,16.8457,114.3799,0.9926,,
DATA,A001,6,256,489342,-0.4840,0.8538,0.1634,1.0986,12.8784,106.7505,0.9950,,
DATA,A001,6,257,489352,-0.4977,0.8660,0.1561,3.1738,9.5215,99.7314,1.0110,,
DATA,A001,6,258,489362,-0.5160,0.8975,0.1547,6.2866,4.9438,89.7217,1.0468,,
DATA,A001,6,259,489372,-0.5155,0.9053,0.1569,6.2256,2.4414,82.8247,1.0535,,
DATA,A001,6,260,489382,-0.5072,0.8963,0.1588,4.6997,1.8921,72.8760,1.0420,,
DATA,A001,6,261,489392,-0.5008,0.8858,0.1598,4.6997,3.2349,65.9790,1.0301,,
DATA,A001,6,262,489402,-0.4960,0.8841,0.1691,7.8125,6.3477,54.1382,1.0277,,
DATA,A001,6,263,489412,-0.4957,0.8973,0.1820,10.5591,8.5449,45.5933,1.0411,,
DATA,A001,6,264,489422,-0.4930,0.9212,0.1913,12.6953,10.8032,31.6162,1.0622,,
DATA,A001,6,265,489432,-0.4881,0.9368,0.2003,13.1226,11.7188,21.4233,1.0752,,
DATA,A001,6,266,489442,-0.4923,0.9463,0.1947,14.0381,12.0239,5.1880,1.0844,,
DATA,A001,6,267,489452,-0.4913,0.9617,0.1888,16.1743,11.2305,-6.2256,1.0963,,
DATA,A001,6,268,489462,-0.4864,1.0193,0.1827,22.3389,9.0942,-24.2310,1.1441,,
DATA,A001,6,269,489472,-0.4762,1.0731,0.1786,26.0620,7.6294,-36.3770,1.1875,,
DATA,A001,6,270,489482,-0.4298,1.1395,0.1798,27.4048,7.8125,-54.9927,1.2310,,
DATA,A001,6,271,489492,-0.4020,1.1504,0.1908,25.2075,10.3760,-67.7490,1.2335,,
DATA,A001,6,272,489502,-0.4317,1.1880,0.1673,23.6816,14.6484,-86.1816,1.2751,,
DATA,A001,6,273,489512,-0.4549,1.2833,0.1341,31.9214,14.7095,-98.4497,1.3681,,
DATA,A001,6,274,489522,-0.4637,1.5433,0.1271,49.5605,7.9956,-118.2861,1.6164,,
DATA,A001,6,275,489532,-0.4400,1.7095,0.1456,51.0254,4.8828,-131.4697,1.7713,,
DATA,A001,6,276,489542,-0.3629,1.7369,0.1949,27.6489,1.2207,-149.9023,1.7851,,
DATA,A001,6,277,489552,-0.3221,1.5674,0.2042,4.6997,0.3662,-162.3535,1.6132,,
DATA,A001,6,278,489562,-0.2963,1.2979,0.1837,-8.1787,-0.6714,-183.4106,1.3439,,
DATA,A001,6,279,489572,-0.2938,1.2386,0.1639,1.9531,-3.0518,-197.6929,1.2835,,
DATA,A001,6,280,489582,-0.2987,1.3306,0.1500,21.7285,-8.3618,-214.2944,1.3720,,
DATA,A001,6,281,489592,-0.2982,1.4358,0.1363,24.2920,-12.1460,-222.6562,1.4728,,
DATA,A001,6,282,489602,-0.3082,1.5176,0.1092,15.9302,-19.4092,-234.6191,1.5525,,
DATA,A001,6,283,489612,-0.3158,1.5396,0.1053,12.0850,-25.9399,-242.3096,1.5752,,
DATA,A001,6,284,489622,-0.3260,1.5565,0.0953,10.4370,-37.8418,-252.5024,1.5931,,
DATA,A001,6,285,489632,-0.3212,1.5569,0.0885,8.1787,-46.3867,-257.9956,1.5922,,
DATA,A001,6,286,489642,-0.3143,1.5186,0.0846,0.4883,-58.6548,-264.4653,1.5531,,
DATA,A001,6,287,489652,-0.3155,1.4866,0.0848,-4.0894,-63.9038,-268.3105,1.5221,,
DATA,A001,6,288,489662,-0.3329,1.4234,0.0868,-7.5073,-69.8853,-273.0713,1.4644,,
DATA,A001,6,289,489672,-0.3314,1.3895,0.0907,-8.7891,-74.1577,-275.5127,1.4313,,
DATA,A001,6,290,489682,-0.3258,1.3340,0.0983,-11.4746,-79.8950,-278.3203,1.3768,,
DATA,A001,6,291,489692,-0.3116,1.2938,0.0978,-14.2822,-82.4585,-280.2124,1.3343,,
DATA,A001,6,292,489702,-0.2970,1.2452,0.0995,-16.8457,-82.5195,-281.5552,1.2840,,
DATA,A001,6,293,489712,-0.2692,1.1812,0.1048,-20.0195,-77.8809,-283.5083,1.2160,,
DATA,A001,6,294,489722,-0.2591,1.1426,0.1061,-20.3857,-71.4111,-284.0576,1.1764,,
DATA,A001,6,295,489732,-0.2560,1.1143,0.1117,-17.8833,-59.3262,-282.4097,1.1488,,
DATA,A001,6,296,489742,-0.2684,1.1011,0.1193,-15.6860,-51.8799,-279.9072,1.1396,,
DATA,A001,6,297,489752,-0.2965,1.0828,0.1258,-14.8315,-43.0908,-274.9023,1.1297,,
DATA,A001,6,298,489762,-0.3102,1.0611,0.1232,-15.8691,-40.7104,-270.8130,1.1123,,
DATA,A001,6,299,489772,-0.3107,1.0115,0.1105,-17.7612,-40.2832,-263.6719,1.0639,,
DATA,A001,6,300,489782,-0.2977,0.9715,0.1009,-18.9819,-40.7715,-258.0566,1.0211,,
DATA,A001,6,301,489792,-0.2748,0.9109,0.0970,-20.9351,-40.5273,-247.5586,0.9564,,
DATA,A001,6,302,489802,-0.2635,0.8819,0.0856,-21.4844,-39.6118,-238.9526,0.9244,,
DATA,A001,6,303,489812,-0.2648,0.8555,0.0626,-19.5923,-38.3911,-223.9380,0.8977,,
DATA,A001,6,304,489822,-0.2701,0.8599,0.0538,-16.7847,-38.5132,-212.9517,0.9030,,
DATA,A001,6,305,489832,-0.2762,0.8755,0.0477,-14.2822,-39.8560,-195.9839,0.9193,,
DATA,A001,6,306,489842,-0.2840,0.8851,0.0411,-15.5640,-41.6260,-184.9976,0.9304,,
DATA,A001,6,307,489852,-0.2838,0.8621,0.0421,-20.4468,-44.1895,-168.9453,0.9086,,
DATA,A001,6,308,489862,-0.2814,0.8370,0.0360,-23.3154,-45.8374,-158.3252,0.8837,,
DATA,A001,6,309,489872,-0.2687,0.7911,0.0165,-25.0244,-47.6074,-141.0522,0.8356,,
DATA,A001,6,310,489882,-0.2562,0.7693,0.0099,-23.8647,-49.2554,-128.5400,0.8109,,
DATA,A001,6,311,489892,-0.2242,0.7564,0.0128,-20.4468,-49.4995,-109.4360,0.7890,,
DATA,A001,6,312,489902,-0.2015,0.7654,0.0118,-18.1885,-46.3257,-96.9238,0.7916,,
DATA,A001,6,313,489912,-0.1832,0.7818,0.0091,-16.1743,-36.1328,-77.3315,0.8030,,
DATA,A001,6,314,489922,-0.1830,0.7933,0.0150,-15.5029,-27.2827,-63.7817,0.8142,,
DATA,A001,6,315,489932,-0.1915,0.7969,0.0113,-15.9302,-13.5498,-43.3350,0.8197,,
DATA,A001,6,316,489942,-0.2110,0.7942,0.0038,-15.8691,-5.0659,-29.9072,0.8218,,
DATA,A001,6,317,489952,-0.2379,0.7950,0.0128,-13.9160,8.1177,-10.2539,0.8299,,
DATA,A001,6,318,489962,-0.2596,0.7933,0.0316,-12.7563,16.4795,2.5635,0.8353,,
DATA,A001,6,319,489972,-0.2889,0.7654,0.0616,-13.6719,27.1606,20.6299,0.8205,,
DATA,A001,6,320,489982,-0.2994,0.7281,0.0777,-15.5640,32.4097,32.2266,0.7911,,
DATA,A001,6,321,489992,-0.3197,0.6707,0.1107,-16.2354,39.3066,48.8281,0.7512,,
DATA,A001,6,322,490002,-0.3395,0.6495,0.1171,-14.3433,42.6636,60.9131,0.7421,,
DATA,A001,6,323,490012,-0.3412,0.6890,0.0719,-7.1411,48.5229,81.0547,0.7722,,
DATA,A001,6,324,490022,-0.3468,0.7525,0.0431,-0.7935,53.2837,95.2759,0.8297,,
DATA,A001,6,325,490032,-0.3844,0.8607,0.0091,4.8828,65.2466,117.4316,0.9426,,
DATA,A001,6,326,490042,-0.4337,0.9019,0.0079,4.4556,73.7305,131.1646,1.0008,,
DATA,A001,6,327,490052,-0.4828,0.9100,0.0192,1.5869,80.6274,143.6768,1.0303,,
DATA,A001,6,328,490062,-0.5572,0.8939,0.0467,-1.7700,88.6230,158.4473,1.0544,,
DATA,A001,6,329,490072,-0.5677,0.8990,0.0931,3.2349,94.7876,171.0205,1.0673,,
DATA,A001,6,330,490082,-0.5511,0.9261,0.1256,8.6670,99.2432,178.8940,1.0850,,
DATA,A001,6,331,490092,-0.5323,0.9522,0.1451,11.1084,104.8584,186.5234,1.1005,,
DATA,A001,6,332,490102,-0.5101,0.9420,0.1551,8.2397,114.5630,198.0591,1.0824,,
DATA,A001,6,333,490112,-0.5135,0.8975,0.1688,6.1035,120.3613,206.1157,1.0477,,
DATA,A001,6,334,490122,-0.5262,0.8348,0.2176,11.0474,128.6621,219.1772,1.0105,,
DATA,A001,6,335,490132,-0.5414,0.8243,0.2516,18.6157,134.8267,227.8442,1.0177,,
DATA,A001,6,336,490142,-0.5729,0.8795,0.2943,32.1655,149.8413,239.5020,1.0901,,
DATA,A001,6,337,490152,-0.5936,0.9627,0.3085,40.2832,166.9922,245.7886,1.1723,,
DATA,A001,6,338,490162,-0.6329,1.1207,0.2982,45.7153,200.2563,252.5635,1.3211,,
DATA,A001,6,339,490172,-0.6695,1.2357,0.2945,44.3726,222.5342,254.6997,1.4359,,
DATA,A001,6,340,490182,-0.7721,1.3841,0.3024,33.3252,245.1782,252.4414,1.6135,,
DATA,A001,6,341,490192,-0.8653,1.4459,0.3065,17.8223,246.2769,247.2534,1.7127,,
DATA,A001,6,342,490202,-1.0138,1.4244,0.2777,-15.9302,219.9707,234.0088,1.7702,,
DATA,A001,6,343,490212,-1.0814,1.3321,0.2330,-39.8560,184.8145,221.6187,1.7315,,
DATA,A001,6,344,490222,-1.0907,1.1119,0.1500,-68.0542,116.0889,198.3643,1.5647,,
DATA,A001,6,345,490232,-1.0358,0.9459,0.0865,-78.7354,67.6270,181.5796,1.4053,,
DATA,A001,6,346,490242,-0.9112,0.7225,0.0404,-80.6885,1.8921,156.5552,1.1636,,
DATA,A001,6,347,490252,-0.8241,0.6182,0.0069,-72.7539,-31.2500,141.2964,1.0302,,
DATA,A001,6,348,490262,-0.7035,0.5462,-0.0104,-51.8188,-65.6738,119.6899,0.8907,,
DATA,A001,6,349,490272,-0.6510,0.5423,0.0026,-35.1562,-78.9795,106.1401,0.8473,,
DATA,A001,6,350,490282,-0.5655,0.6097,0.0646,-12.1460,-90.0269,85.3882,0.8341,,
DATA,A001,6,351,490292,-0.5152,0.6819,0.1168,-2.6245,-91.0034,71.7163,0.8627,,
DATA,A001,6,352,490302,-0.4354,0.7728,0.1617,-2.1973,-83.1299,54.2603,0.9016,,
DATA,A001,6,353,490312,-0.3797,0.7903,0.1503,-8.5449,-71.7163,45.3491,0.8896,,
DATA,A001,6,354,490322,-0.3107,0.7706,0.0646,-17.3950,-44.1895,36.3770,0.8333,,
DATA,A001,6,355,490332,-0.2999,0.7132,0.0416,-16.3574,-23.4375,33.5083,0.7748,,
DATA,A001,6,356,490342,-0.3758,0.6463,0.1107,-3.0518,4.1504,31.8604,0.7558,,
DATA,A001,6,357,490352,-0.4733,0.6590,0.1776,9.0332,14.4043,31.3721,0.8305,,
DATA,A001,6,358,490362,-0.5943,0.7718,0.2538,21.7896,13.3667,30.9448,1.0066,,
DATA,A001,6,359,490372,-0.6366,0.8575,0.2689,21.9727,6.4087,30.8838,1.1013,,
DATA,A001,6,360,490382,-0.6463,0.9134,0.2535,15.1978,-2.2583,30.2124,1.1473,,
DATA,A001,6,361,490392,-0.6112,0.8978,0.2040,-0.6714,-9.0942,26.6113,1.1051,,
DATA,A001,6,362,490402,-0.5848,0.8309,0.1700,-9.3994,-6.7749,23.4375,1.0302,,
DATA,A001,6,363,490412,-0.5753,0.7283,0.1244,-12.0239,3.7231,18.3716,0.9364,,
DATA,A001,6,364,490422,-0.5902,0.6956,0.1124,-5.6763,11.8408,13.8550,0.9192,,
DATA,A001,6,365,490432,-0.6241,0.7574,0.1022,9.5825,19.4702,5.2490,0.9867,,
DATA,A001,6,366,490442,-0.6407,0.8511,0.0990,18.2495,19.9585,-0.4272,1.0699,,
DATA,A001,6,367,490452,-0.6439,1.0201,0.0890,23.6206,15.5029,-8.6670,1.2096,,
DATA,A001,6,368,490462,-0.6361,1.1199,0.0651,22.5830,12.6953,-13.9771,1.2896,,
DATA,A001,6,369,490472,-0.6092,1.2149,0.0270,17.5171,12.2681,-22.3999,1.3594,,
DATA,A001,6,370,490482,-0.5841,1.2400,0.0233,13.7939,16.1133,-28.6255,1.3709,,
DATA,A001,6,371,490492,-0.5658,1.2034,0.0138,8.1787,26.0010,-37.5366,1.3299,,
DATA,A001,6,372,490502,-0.5838,1.1927,-0.0106,8.8501,34.3018,-42.4805,1.3280,,
DATA,A001,6,373,490512,-0.5875,1.3021,-0.0433,27.2217,44.0063,-53.8330,1.4291,,
DATA,A001,6,374,490522,-0.5909,1.4766,0.0043,45.3491,50.3540,-61.9507,1.5905,,
DATA,A001,6,375,490532,-0.6080,1.7208,0.0885,52.6733,59.9365,-71.8994,1.8272,,
DATA,A001,6,376,490542,-0.6192,1.7037,0.1307,33.8135,62.5610,-78.9795,1.8174,,
DATA,A001,6,377,490552,-0.6485,1.4141,0.1439,0.9766,60.1807,-88.5010,1.5624,,
DATA,A001,6,378,490562,-0.6620,1.2269,0.1219,0.6714,54.1992,-96.6797,1.3994,,
DATA,A001,6,379,490572,-0.6837,1.1448,0.1085,31.6162,40.4663,-111.8164,1.3379,,
DATA,A001,6,380,490582,-0.7035,1.2198,0.1456,53.5889,28.1372,-120.4834,1.4156,,
DATA,A001,6,381,490592,-0.7284,1.3138,0.1998,60.0586,1.7090,-131.2866,1.5154,,
DATA,A001,6,382,490602,-0.7294,1.2960,0.1871,50.9644,-20.0195,-138.3057,1.4988,,
DATA,A001,6,383,490612,-0.7115,1.2300,0.1427,44.9829,-52.4902,-149.5361,1.4282,,
DATA,A001,6,384,490622,-0.6883,1.2335,0.1329,51.5747,-68.9087,-157.5928,1.4188,,
DATA,A001,6,385,490632,-0.6659,1.2913,0.1327,60.3638,-84.5947,-169.1284,1.4589,,
DATA,A001,6,386,490642,-0.6481,1.3238,0.1276,56.9458,-92.5293,-176.5747,1.4794,,
DATA,A001,6,387,490652,-0.6097,1.2960,0.1058,43.7012,-103.2715,-187.7441,1.4361,,
DATA,A001,6,388,490662,-0.5782,1.2508,0.0907,36.8042,-109.0088,-194.5190,1.3810,,
DATA,A001,6,389,490672,-0.5314,1.1924,0.0751,33.2031,-112.2437,-204.1626,1.3076,,
DATA,A001,6,390,490682,-0.5001,1.1758,0.0748,32.2876,-109.9243,-210.3882,1.2800,,
DATA,A001,6,391,490692,-0.4671,1.1695,0.0870,28.8086,-102.6611,-218.6279,1.2623,,
DATA,A001,6,392,490702,-0.4584,1.1595,0.0968,24.0479,-96.3745,-223.0835,1.2505,,
DATA,A001,6,393,490712,-0.4398,1.1202,0.1046,14.5264,-88.5010,-228.5156,1.2080,,
DATA,A001,6,394,490722,-0.4217,1.0814,0.1097,8.0566,-84.2285,-231.1401,1.1659,,
DATA,A001,6,395,490732,-0.4071,1.0298,0.1212,2.0752,-80.0171,-233.1543,1.1140,,
DATA,A001,6,396,490742,-0.3837,0.9510,0.1266,-6.3477,-72.2046,-234.9854,1.0332,,
DATA,A001,6,397,490752,-0.3663,0.8946,0.1207,-10.5591,-66.8335,-235.1074,0.9742,,
DATA,A001,6,398,490762,-0.3375,0.8284,0.1271,-13.8550,-59.0210,-232.8491,0.9035,,
DATA,A001,6,399,490772,-0.3263,0.7930,0.1361,-14.5264,-52.6123,-230.7129,0.8683,,
DATA,A001,6,400,490782,-0.3077,0.7559,0.1349,-16.9067,-43.9453,-225.4028,0.8272,,
DATA,A001,6,401,490792,-0.2955,0.7317,0.1371,-18.6157,-39.2456,-219.7266,0.8010,,
DATA,A001,6,402,490802,-0.2904,0.6993,0.1341,-20.3857,-34.7290,-209.4116,0.7690,,
DATA,A001,6,403,490812,-0.2801,0.6800,0.1332,-21.7285,-33.0811,-201.5991,0.7474,,
DATA,A001,6,404,490822,-0.2645,0.6424,0.1232,-24.6582,-32.1045,-188.5986,0.7056,,
DATA,A001,6,405,490832,-0.2482,0.6160,0.1166,-26.9775,-31.4331,-179.5044,0.6743,,
DATA,A001,6,406,490842,-0.2174,0.5728,0.1012,-28.8696,-28.0762,-165.2222,0.6210,,
DATA,A001,6,407,490852,-0.2064,0.5469,0.0951,-29.4189,-24.4141,-154.9683,0.5923,,
DATA,A001,6,408,490862,-0.1893,0.5113,0.0868,-29.2358,-17.2729,-138.7939,0.5521,,
DATA,A001,6,409,490872,-0.1896,0.4918,0.0817,-29.2969,-12.6343,-127.6855,0.5333,,
DATA,A001,6,410,490882,-0.1881,0.4634,0.0675,-27.8931,-6.1646,-109.8022,0.5047,,
DATA,A001,6,411,490892,-0.1915,0.4578,0.0577,-26.0010,-3.4790,-96.7407,0.4996,,
DATA,A001,6,412,490902,-0.1920,0.4710,0.0455,-20.7520,-0.3052,-74.7070,0.5107,,
DATA,A001,6,413,490912,-0.1949,0.5047,0.0397,-16.7847,0.7935,-58.2886,0.5425,,
DATA,A001,6,414,490922,-0.2049,0.5865,0.0331,-9.7046,2.4414,-30.6396,0.6221,,
DATA,A001,6,415,490932,-0.2091,0.6534,0.0333,-5.6763,3.4180,-10.6812,0.6868,,
DATA,A001,6,416,490942,-0.2259,0.7274,0.0301,-4.9438,5.2490,19.0430,0.7622,,
DATA,A001,6,417,490952,-0.2306,0.7645,0.0265,-7.2632,7.0190,38.5132,0.7989,,
DATA,A001,6,418,490962,-0.2457,0.7840,0.0248,-10.9863,10.3760,67.3218,0.8220,,
DATA,A001,6,419,490972,-0.2462,0.7889,0.0279,-11.4746,13.9771,86.4258,0.8269,,
DATA,A001,6,420,490982,-0.2621,0.7918,0.0670,-9.3384,20.0806,114.5020,0.8367,,
DATA,A001,6,421,490992,-0.2762,0.7935,0.1058,-7.8735,23.6206,132.5684,0.8469,,
DATA,A001,6,422,491002,-0.2767,0.8018,0.1573,-8.1177,26.0620,158.1421,0.8627,,
DATA,A001,6,423,491012,-0.2762,0.8314,0.1349,-8.1787,27.3438,177.7344,0.8864,,
DATA,A001,6,424,491022,-0.2574,0.9468,0.0765,0.3662,32.1655,209.2285,0.9842,,
DATA,A001,6,425,491032,-0.2501,1.0506,0.0519,8.1177,39.3066,228.0273,1.0812,,
DATA,A001,6,426,491042,-0.2587,1.1963,0.0140,11.3525,56.2744,251.1597,1.2241,,
DATA,A001,6,427,491052,-0.2692,1.2483,0.0013,6.9580,70.5566,263.7329,1.2770,,
DATA,A001,6,428,491062,-0.2884,1.2567,0.0030,1.0376,86.3647,274.3530,1.2893,,
DATA,A001,6,429,491072,-0.3326,1.2327,0.0309,-3.4180,108.5205,288.0249,1.2772,,
DATA,A001,6,430,491082,-0.3634,1.1951,0.0509,-3.3569,120.4834,295.2881,1.2502,,
DATA,A001,6,431,491092,-0.3893,1.1597,0.0751,-1.8921,132.1411,302.7954,1.2256,,
DATA,A001,6,432,491102,-0.3907,1.1483,0.0660,0.9155,135.0098,306.8237,1.2147,,
DATA,A001,6,433,491112,-0.3668,1.2042,0.0724,12.3901,135.3149,313.7817,1.2609,,
DATA,A001,6,434,491122,-0.3470,1.2886,0.0843,23.0103,133.4839,318.9087,1.3372,,
DATA,A001,6,435,491132,-0.3732,1.4495,0.1341,33.9355,131.2866,327.0264,1.5028,,
DATA,A001,6,436,491142,-0.4315,1.5701,0.1754,35.8887,126.5869,331.1157,1.6378,,
DATA,A001,6,437,491152,-0.5563,1.7608,0.2037,32.4707,111.7554,332.7026,1.8578,,
DATA,A001,6,438,491162,-0.6402,1.8814,0.1903,26.6113,95.8252,330.2002,1.9965,,
DATA,A001,6,439,491172,-0.7140,1.9893,0.1158,12.5122,65.7349,320.1904,2.1167,,
DATA,A001,6,440,491182,-0.7240,1.9715,0.0536,0.1221,44.9829,309.3262,2.1009,,
DATA,A001,6,441,491192,-0.6788,1.7808,-0.0053,-15.2588,17.0288,286.3159,1.9058,,
DATA,A001,6,442,491202,-0.6207,1.6002,-0.0170,-20.0806,2.0142,269.0430,1.7164,,
DATA,A001,6,443,491212,-0.5267,1.3082,-0.0126,-17.4561,-12.3291,241.0278,1.4103,,
DATA,A001,6,444,491222,-0.4557,1.1368,0.0118,-10.8032,-17.2119,220.0928,1.2248,,
DATA,A001,6,445,491232,-0.3683,0.9515,0.0738,1.9531,-16.2354,186.8286,1.0229,,
DATA,A001,6,446,491242,-0.3234,0.8863,0.1105,10.1318,-10.4980,165.0391,0.9499,,
DATA,A001,6,447,491252,-0.2855,0.8492,0.1634,19.8364,1.6479,135.5591,0.9107,,
DATA,A001,6,448,491262,-0.2726,0.8426,0.1891,23.1323,9.9487,118.7744,0.9055,,
DATA,A001,6,449,491272,-0.2994,0.8350,0.2091,22.9492,19.7144,98.0835,0.9114,,
DATA,A001,6,450,491282,-0.3141,0.8265,0.2023,20.2637,23.8647,86.5479,0.9070,,
DATA,A001,6,451,491292,-0.3661,0.8079,0.1576,17.8223,25.3296,71.7773,0.9009,,
DATA,A001,6,452,491302,-0.4122,0.8001,0.1273,19.5312,23.5596,65.1245,0.9090,,
DATA,A001,6,453,491312,-0.4808,0.8187,0.1132,26.3062,17.0898,57.6782,0.9561,,
DATA,A001,6,454,491322,-0.4982,0.8526,0.1219,30.8228,10.8032,53.8330,0.9950,,
DATA,A001,6,455,491332,-0.5043,0.9109,0.1371,32.6538,0.7935,49.7437,1.0502,,
DATA,A001,6,456,491342,-0.5055,0.9385,0.1166,30.0293,-4.6387,49.1943,1.0724,,
DATA,A001,6,457,491352,-0.4796,0.9605,0.0785,26.6113,-11.5967,49.1943,1.0765,,
DATA,A001,6,458,491362,-0.4691,0.9776,0.0531,26.8555,-13.3057,49.3774,1.0856,,
DATA,A001,6,459,491372,-0.4662,0.9998,0.0333,27.9541,-9.3384,51.1475,1.1037,,
DATA,A001,6,460,491382,-0.4681,0.9949,0.0453,26.6724,-4.0894,53.3447,1.1005,,
DATA,A001,6,461,491392,-0.5072,0.9544,0.0853,23.6816,3.2349,54.6875,1.0842,,
DATA,A001,6,462,491402,-0.5597,0.9210,0.1151,23.8647,3.7231,53.4058,1.0838,,
DATA,A001,6,463,491412,-0.6290,0.8995,0.2035,30.4565,-10.5591,46.2646,1.1163,,
DATA,A001,6,464,491422,-0.6429,0.9122,0.2972,36.5601,-27.0386,36.1328,1.1549,,
DATA,A001,6,465,491432,-0.5887,0.9622,0.3702,38.8794,-52.3682,19.1650,1.1872,,
DATA,A001,6,466,491442,-0.4867,0.9786,0.3653,34.3018,-62.3779,6.8970,1.1524,,
DATA,A001,6,467,491452,-0.3954,0.9720,0.3468,28.4424,-62.5610,-5.8594,1.1051,,
DATA,A001,6,468,491462,-0.3285,0.9793,0.2845,25.6348,-45.8374,-23.4375,1.0714,,
DATA,A001,6,469,491472,-0.3214,1.0176,0.2523,28.7476,-31.4941,-35.6445,1.0966,,
DATA,A001,6,470,491482,-0.3505,1.0997,0.2211,33.7524,-13.1836,-55.1758,1.1751,,
DATA,A001,6,471,491492,-0.3656,1.1275,0.2272,32.1655,-2.9907,-67.5659,1.2069,,
DATA,A001,6,472,491502,-0.3893,1.1011,0.2772,25.0854,7.9346,-85.0830,1.2004,,
DATA,A001,6,473,491512,-0.4086,1.1341,0.2887,25.2075,14.4043,-95.7642,1.2395,,
DATA,A001,6,474,491522,-0.3839,1.3321,0.2897,37.5366,22.2168,-112.4878,1.4162,,
DATA,A001,6,475,491532,-0.3746,1.5150,0.2955,41.0156,32.1045,-123.8403,1.5883,,
DATA,A001,6,476,491542,-0.3766,1.6727,0.2530,21.5454,51.3916,-136.4136,1.7331,,
DATA,A001,6,477,491552,-0.4108,1.6143,0.1783,-2.9297,60.7910,-143.5547,1.6753,,
DATA,A001,6,478,491562,-0.5047,1.3829,0.0902,-26.4282,73.3643,-158.0811,1.4749,,
DATA,A001,6,479,491572,-0.5358,1.2593,0.0814,-24.3530,73.4863,-167.4194,1.3710,,
DATA,A001,6,480,491582,-0.5619,1.2269,0.0875,-9.2773,58.7158,-182.5562,1.3522,,
DATA,A001,6,481,491592,-0.4942,1.2740,0.1185,-3.9062,42.6025,-191.7725,1.3716,,
DATA,A001,6,482,491602,-0.3727,1.3670,0.1390,-5.1270,2.2583,-197.0825,1.4237,,
DATA,A001,6,483,491612,-0.3111,1.4312,0.1341,-7.3242,-26.7944,-199.2188,1.4708,,
DATA,A001,6,484,491622,-0.2594,1.4988,0.1373,-10.5591,-61.7676,-200.1343,1.5273,,
DATA,A001,6,485,491632,-0.2491,1.5225,0.1183,-15.8081,-77.7588,-199.0967,1.5473,,
DATA,A001,6,486,491642,-0.2626,1.5013,0.1024,-27.6489,-91.7358,-197.7539,1.5275,,
DATA,A001,6,487,491652,-0.2723,1.4712,0.0897,-34.7290,-93.8721,-198.4253,1.4989,,
DATA,A001,6,488,491662,-0.3226,1.4305,0.0580,-41.5649,-88.9282,-200.2563,1.4676,,
DATA,A001,6,489,491672,-0.4657,1.4009,0.0861,-39.7339,-103.0273,-199.8901,1.4788,,
DATA,A001,6,490,491682,-0.1329,1.4214,0.0001,-44.0063,-98.8159,-207.0923,1.4276,,
DATA,A001,6,491,491692,0.0016,1.4510,-0.0805,-49.3774,-87.8906,-204.2847,1.4532,,
DATA,A001,6,492,491702,-0.0890,1.3985,-0.1427,-45.5322,-64.8804,-198.9136,1.4086,,
DATA,A001,6,493,491712,-0.0795,1.3836,-0.0914,-39.7949,-38.5132,-213.6841,1.3889,,
DATA,A001,6,494,491722,-0.1344,1.3201,-0.0949,-39.6118,-12.2681,-220.4590,1.3303,,
DATA,A001,6,495,491732,-0.1654,1.2332,-0.0870,-38.4521,2.5635,-222.9004,1.2473,,
DATA,A001,6,496,491742,-0.2010,1.1663,-0.0368,-33.3862,10.6201,-227.6611,1.1841,,
DATA,A001,6,497,491752,-0.2145,1.1136,-0.0355,-26.6113,19.5312,-229.6753,1.1346,,
DATA,A001,6,498,491762,-0.2259,1.0733,-0.0438,-23.0713,24.0479,-229.0039,1.0977,,
DATA,A001,6,499,491772,-0.2464,1.0359,-0.0646,-13.9160,25.0854,-224.3042,1.0668,,
DATA,A001,6,500,491782,-0.2611,1.0171,-0.0477,-6.8359,23.9258,-219.6655,1.0512,,
DATA,A001,6,501,491792,-0.2704,0.9725,-0.0065,-2.2583,17.4561,-212.2192,1.0094,,
DATA,A001,6,502,491802,-0.3104,0.8799,0.0365,-4.0894,4.6387,-203.2471,0.9338,,
DATA,A001,6,503,491812,-0.3258,0.8157,0.0433,-4.2725,-4.2725,-197.6318,0.8795,,
DATA,A001,6,504,491822,-0.3314,0.7635,0.0409,-3.4180,-11.5967,-192.7490,0.8333,,
DATA,A001,6,505,491832,-0.3338,0.7166,0.0157,0.1831,-18.3716,-183.7158,0.7907,,
DATA,A001,6,506,491842,-0.3172,0.6944,0.0082,4.3335,-21.2402,-177.7954,0.7635,,
DATA,A001,6,507,491852,-0.3033,0.6807,-0.0018,10.8643,-22.9492,-168.5181,0.7452,,
DATA,A001,6,508,491862,-0.3067,0.6793,0.0069,14.3433,-23.7427,-162.5977,0.7453,,
DATA,A001,6,509,491872,-0.3563,0.6690,0.0397,18.3716,-27.5269,-153.1372,0.7590,,
DATA,A001,6,510,491882,-0.3976,0.6568,0.0875,19.9585,-33.0811,-147.2778,0.7727,,
DATA,A001,6,511,491892,-0.4381,0.6653,0.1261,20.4468,-45.7764,-139.1602,0.8065,,
DATA,A001,6,512,491902,-0.4291,0.6888,0.1044,18.4326,-54.3213,-133.7280,0.8182,,
DATA,A001,6,513,491912,-0.3688,0.7076,0.0331,13.5498,-61.8896,-124.4507,0.7986,,
DATA,A001,6,514,491922,-0.3321,0.7115,0.0182,11.9629,-60.6689,-116.5161,0.7854,,
DATA,A001,6,515,491932,-0.2872,0.7586,-0.0040,15.7471,-51.2085,-105.2246,0.8112,,
DATA,A001,6,516,491942,-0.2604,0.8179,-0.0392,21.1182,-43.3350,-98.1445,0.8593,,
DATA,A001,6,517,491952,-0.1776,0.9195,-0.0753,28.0762,-31.3721,-86.4258,0.9395,,
DATA,A001,6,518,491962,-0.1163,0.9908,-0.0949,30.2124,-22.3999,-77.3926,1.0021,,
DATA,A001,6,519,491972,0.0836,1.0486,-0.1124,26.3062,1.8921,-62.3779,1.0580,,
DATA,A001,6,520,491982,0.1840,1.0298,-0.1183,18.6157,17.7612,-48.0957,1.0528,,
DATA,A001,6,521,491992,0.2106,0.8609,-0.0336,4.0894,41.0156,-25.4517,0.8869,,
DATA,A001,6,522,492002,0.1517,0.7090,0.0489,-1.3428,54.0771,-13.0615,0.7267,,
DATA,A001,6,523,492012,0.0211,0.5230,0.1468,3.1738,64.5142,2.3804,0.5436,,
DATA,A001,6,524,492022,-0.0370,0.4734,0.2113,11.7798,67.1387,14.2822,0.5198,,
DATA,A001,6,525,492032,-0.0992,0.5591,0.2018,26.9775,72.4487,43.2739,0.6027,,
DATA,A001,6,526,492042,-0.1442,0.6922,0.1368,37.1704,78.6743,66.9556,0.7202,,
DATA,A001,6,527,492052,-0.1922,0.8611,0.1329,45.8374,96.4355,95.5200,0.8923,,
DATA,A001,6,528,492062,-0.2247,0.9332,0.1593,44.2505,109.1919,113.2812,0.9730,,
DATA,A001,6,529,492072,-0.2950,0.9708,0.1849,37.4756,122.3145,145.3857,1.0313,,
DATA,A001,6,530,492082,-0.3712,0.9796,0.2067,36.4380,129.8828,165.1001,1.0677,,
DATA,A001,6,531,492092,-0.4762,0.9893,0.2613,39.1235,140.7471,179.6875,1.1286,,
DATA,A001,6,532,492102,-0.5887,1.0113,0.3514,36.9873,169.4946,186.9507,1.2218,,
DATA,A001,6,533,492112,-0.6241,1.0025,0.3707,28.2593,190.5518,186.4014,1.2377,,
DATA,A001,6,534,492122,-0.6007,1.0320,0.2775,18.8599,212.7075,185.4858,1.2259,,
DATA,A001,6,535,492132,-0.5321,1.1146,0.1263,23.4375,222.9004,182.7393,1.2415,,
DATA,A001,6,536,492142,-0.4960,1.3267,-0.1149,39.9170,236.5723,177.4902,1.4210,,
DATA,A001,6,537,492152,-0.5536,1.4998,-0.2018,45.8984,245.6055,172.7905,1.6114,,
DATA,A001,6,538,492162,-0.7738,1.7471,-0.2492,32.3486,251.7700,165.2222,1.9270,,
DATA,A001,6,539,492172,-0.9879,1.8345,-0.2318,8.2397,242.7368,158.8135,2.0965,,
DATA,A001,6,540,492182,-1.3168,1.7283,-0.1664,-37.4146,203.9185,146.0571,2.1791,,
DATA,A001,6,541,492192,-1.4432,1.4778,-0.1141,-65.0635,163.1470,134.5215,2.0688,,
DATA,A001,6,542,492202,-1.4188,1.0225,-0.0341,-86.1816,90.1489,109.0088,1.7492,,
DATA,A001,6,543,492212,-1.3202,0.7679,0.0055,-84.2285,41.9922,86.4868,1.5273,,
DATA,A001,6,544,492222,-1.1097,0.5594,0.0829,-58.2886,-6.2866,52.1851,1.2455,,
DATA,A001,6,545,492232,-0.9759,0.5477,0.1437,-33.0811,-21.6675,34.6680,1.1283,,
DATA,A001,6,546,492242,-0.8719,0.6324,0.2247,-3.7842,-26.8555,17.4561,1.1003,,
DATA,A001,6,547,492252,-0.8502,0.6978,0.3114,1.3428,-21.7285,7.3853,1.1431,,
DATA,A001,6,548,492262,-0.8229,0.7427,0.3419,-14.1602,-8.5449,-4.6997,1.1600,,
DATA,A001,6,549,492272,-0.7938,0.7117,0.2767,-33.0811,-3.0518,-9.0332,1.1015,,
DATA,A001,6,550,492282,-0.7079,0.6080,0.1459,-55.7861,15.0146,-17.6392,0.9444,,
DATA,A001,6,551,492292,-0.6261,0.5294,0.0882,-64.3311,38.4521,-27.2827,0.8246,,
DATA,A001,6,552,492302,-0.5201,0.4544,-0.0382,-63.8428,84.5337,-35.8887,0.6917,,
DATA,A001,6,553,492312,-0.4803,0.4317,-0.0746,-56.3354,121.0938,-39.6118,0.6501,,
DATA,A001,6,554,492322,-0.5536,0.4734,-0.1005,-44.5557,168.7622,-47.6074,0.7353,,
DATA,A001,6,555,492332,-0.6415,0.4944,-0.1459,-41.9312,185.6689,-54.8706,0.8229,,
DATA,A001,6,556,492342,-0.7357,0.5145,-0.1798,-39.1846,187.6221,-62.6831,0.9156,,
DATA,A001,6,557,492352,-0.7784,0.5189,-0.1571,-35.6445,176.6357,-66.7114,0.9486,,
DATA,A001,6,558,492362,-0.8436,0.5228,-0.1041,-31.7993,147.5220,-73.1201,0.9979,,
DATA,A001,6,559,492372,-0.8832,0.5179,-0.0875,-31.1279,122.6807,-77.2095,1.0275,,
DATA,A001,6,560,492382,-0.8700,0.5008,-0.0617,-28.3203,79.9561,-81.3599,1.0057,,
DATA,A001,6,561,492392,-0.8065,0.5142,-0.0490,-23.8037,50.2319,-81.9702,0.9577,,
DATA,A001,6,562,492402,-0.6957,0.5311,-0.0145,-18.3105,18.4937,-82.3975,0.8753,,
DATA,A001,6,563,492412,-0.6424,0.5447,0.0340,-15.0146,7.2021,-81.4819,0.8430,,
DATA,A001,6,564,492422,-0.6190,0.5716,0.1002,-10.8032,-0.1221,-79.4678,0.8485,,
DATA,A001,6,565,492432,-0.6190,0.5831,0.1224,-9.9487,-1.4038,-78.2471,0.8591,,
DATA,A001,6,566,492442,-0.6134,0.6016,0.1195,-9.8267,-0.7324,-77.0264,0.8675,,
DATA,A001,6,567,492452,-0.5550,0.6500,0.0817,-8.0566,4.5776,-73.0591,0.8586,,
DATA,A001,6,568,492462,-0.5140,0.6993,0.0546,-5.4321,15.0757,-68.5425,0.8696,,
DATA,A001,6,569,492472,-0.4877,0.7837,-0.0006,-2.6245,39.1235,-60.7300,0.9231,,
DATA,A001,6,570,492482,-0.5079,0.8448,-0.0131,-1.0986,57.4341,-53.9551,0.9858,,
DATA,A001,6,571,492492,-0.5692,0.9442,-0.0263,2.1973,79.8950,-44.1895,1.1028,,
DATA,A001,6,572,492502,-0.6266,1.0084,-0.0338,2.8076,87.2803,-38.5132,1.1877,,
DATA,A001,6,573,492512,-0.6788,1.0589,-0.0468,-2.6855,88.5010,-30.8838,1.2587,,
DATA,A001,6,574,492522,-0.6949,1.0533,-0.0868,-8.4839,82.7026,-24.7803,1.2649,,
DATA,A001,6,575,492532,-0.7335,1.0601,-0.0802,-5.3101,68.6035,-11.9019,1.2916,,
DATA,A001,6,576,492542,-0.7301,1.1055,-0.0177,5.6152,63.9038,-7.8125,1.3250,,
DATA,A001,6,577,492552,-0.7367,1.1929,0.0040,12.8174,57.2510,-1.7700,1.4021,,
DATA,A001,6,578,492562,-0.7477,1.2186,0.0133,8.4839,52.9175,3.6011,1.4297,,
DATA,A001,6,579,492572,-0.7513,1.2110,0.0392,-1.6479,48.0957,7.9956,1.4257,,
DATA,A001,6,580,492582,-0.7589,1.1863,0.0467,-6.3477,47.0581,10.3149,1.4091,,
DATA,A001,6,581,492592,-0.7640,1.1126,0.0702,-12.6953,47.6685,10.1318,1.3515,,
DATA,A001,6,582,492602,-0.7738,1.0416,0.0580,-18.1274,46.0815,7.5684,1.2988,,
DATA,A001,6,583,492612,-0.7655,0.9288,0.0060,-25.5737,39.0015,1.8921,1.2036,,
DATA,A001,6,584,492622,-0.7484,0.8746,-0.0404,-27.2827,31.7993,-2.1973,1.1518,,
DATA,A001,6,585,492632,-0.7257,0.8328,-0.1259,-23.4985,22.8271,-5.6152,1.1118,,
DATA,A001,6,586,492642,-0.7159,0.8499,-0.1476,-16.0522,21.3623,-6.0425,1.1210,,
DATA,A001,6,587,492652,-0.7438,0.9114,-0.1281,-5.6763,23.6206,-6.9580,1.1833,,
DATA,A001,6,588,492662,-0.7775,0.9507,-0.0978,-6.2866,23.7427,-8.8501,1.2320,,
DATA,A001,6,589,492672,-0.7960,0.9695,-0.0790,-18.6768,16.4795,-13.1836,1.2569,,
DATA,A001,6,590,492682,-0.7860,0.9546,-0.1032,-28.2593,9.0942,-16.7847,1.2409,,
DATA,A001,6,591,492692,-0.7235,0.8953,-0.1415,-38.0249,-0.1221,-23.9868,1.1598,,
DATA,A001,6,592,492702,-0.6796,0.8445,-0.1447,-40.2222,-2.2583,-29.1748,1.0936,,
DATA,A001,6,593,492712,-0.6290,0.7901,-0.1349,-39.1235,-1.4648,-37.9028,1.0189,,
DATA,A001,6,594,492722,-0.6024,0.7542,-0.1166,-37.9639,-0.4883,-43.8232,0.9723,,
DATA,A001,6,595,492732,-0.5621,0.7100,-0.0741,-35.6445,1.8921,-51.8188,0.9086,,
DATA,A001,6,596,492742,-0.5360,0.6795,-0.0375,-33.0811,4.5776,-56.7017,0.8663,,
DATA,A001,6,597,492752,-0.4989,0.6312,0.0150,-30.0293,9.9487,-63.6597,0.8047,,
DATA,A001,6,598,492762,-0.4828,0.5953,0.0436,-28.8696,14.3433,-67.9932,0.7677,,
DATA,A001,6,599,492772,-0.4647,0.5606,0.0638,-28.1982,18.7378,-71.9604,0.7310,,
DATA,A001,6,600,492782,-0.4366,0.5179,0.0685,-27.0386,24.8413,-76.9043,0.6808,,
DATA,A001,6,601,492792,-0.4278,0.4962,0.0663,-25.9399,29.2358,-79.3457,0.6585,,
DATA,A001,6,602,492802,-0.4127,0.4837,0.0592,-23.4985,35.0342,-81.5430,0.6386,,
DATA,A001,6,603,492812,-0.4037,0.4847,0.0538,-22.3389,36.6211,-81.5430,0.6331,,
DATA,A001,6,604,492822,-0.3927,0.5049,0.0336,-20.9961,35.3394,-79.4678,0.6405,,
DATA,A001,6,605,492832,-0.3788,0.5254,0.0182,-21.6675,33.0200,-77.0264,0.6480,,
DATA,A001,6,606,492842,-0.3490,0.5572,-0.0079,-24.1089,29.7852,-71.2280,0.6575,,
DATA,A001,6,607,492852,-0.3214,0.5804,-0.0350,-26.1841,29.3579,-66.0400,0.6644,,
DATA,A001,6,608,492862,-0.2726,0.6246,-0.1014,-26.7944,33.6304,-56.3965,0.6890,,
DATA,A001,6,609,492872,-0.2269,0.6710,-0.1586,-24.6582,40.6494,-49.1943,0.7258,,
DATA,A001,6,610,492882,-0.1590,0.7650,-0.2120,-16.6016,55.9082,-36.4380,0.8096,,
DATA,A001,6,611,492892,-0.1300,0.8465,-0.1759,-10.3149,68.8477,-26.9165,0.8743,,
DATA,A001,6,612,492902,-0.1090,0.9830,-0.1842,-11.4136,93.2007,-11.4746,1.0060,,
DATA,A001,6,613,492912,-0.1105,1.0259,-0.2330,-22.8271,107.4219,-0.4272,1.0579,,
DATA,A001,6,614,492922,-0.1515,0.9698,-0.2799,-42.9688,124.0234,16.4185,1.0207,,
DATA,A001,6,615,492932,-0.1996,0.8997,-0.3114,-50.7812,136.0474,26.3672,0.9728,,
DATA,A001,6,616,492942,-0.2884,0.7925,-0.2745,-49.5605,146.9116,40.6494,0.8870,,
DATA,A001,6,617,492952,-0.3653,0.7598,-0.1747,-43.2129,145.7520,49.0112,0.8610,,
DATA,A001,6,618,492962,-0.4903,0.7864,0.0436,-36.8652,128.3569,59.8755,0.9278,,
DATA,A001,6,619,492972,-0.5358,0.8577,0.2003,-38.6353,106.3232,64.8193,1.0309,,
DATA,A001,6,620,492982,-0.4938,0.9998,0.1488,-58.6548,73.5474,72.6318,1.1250,,
DATA,A001,6,621,492992,-0.4025,1.0174,0.0177,-77.3315,47.7295,79.8340,1.0942,,
DATA,A001,6,622,493002,-0.2933,0.9305,-0.1329,-90.6982,28.9917,96.6797,0.9846,,
DATA,A001,6,623,493012,-0.2921,0.8795,-0.2003,-84.2285,28.5645,111.0840,0.9481,,
DATA,A001,6,624,493022,-0.4227,0.8912,-0.1461,-59.5093,31.7383,135.6812,0.9971,,
DATA,A001,6,625,493032,-0.5343,0.9820,-0.0326,-42.4805,31.5552,150.6958,1.1184,,
DATA,A001,6,626,493042,-0.6434,1.1841,0.1632,-32.0435,21.4844,171.3257,1.3575,,
DATA,A001,6,627,493052,-0.6444,1.3245,0.2255,-37.1094,7.6904,183.3496,1.4901,,
DATA,A001,6,628,493062,-0.5475,1.4732,0.1417,-55.2979,-12.8174,199.4019,1.5780,,
DATA,A001,6,629,493072,-0.4806,1.5272,0.1149,-61.2793,-17.8223,209.1675,1.6051,,
DATA,A001,6,630,493082,-0.4772,1.5738,0.1344,-58.7158,-6.1035,223.4497,1.6500,,
DATA,A001,6,631,493092,-0.5143,1.5660,0.1276,-61.5234,9.5215,228.8818,1.6532,,
DATA,A001,6,632,493102,-0.5765,1.4874,0.0411,-75.8667,33.9355,227.1118,1.5957,,
DATA,A001,6,633,493112,-0.5802,1.4266,-0.0678,-80.4443,45.4712,220.3369,1.5415,,
DATA,A001,6,634,493122,-0.5389,1.3904,-0.1586,-76.1719,50.1099,209.8389,1.4996,,
DATA,A001,6,635,493132,-0.4359,1.3802,-0.2360,-69.3970,50.8423,187.0728,1.4665,,
DATA,A001,6,636,493142,-0.3749,1.3670,-0.2755,-70.3125,49.0112,169.2505,1.4440,,
DATA,A001,6,637,493152,-0.3055,1.3675,-0.3134,-67.9321,50.1709,142.5171,1.4358,,
DATA,A001,6,638,493162,-0.2633,1.4024,-0.3151,-61.2793,61.3403,124.6338,1.4613,,
DATA,A001,6,639,493172,-0.2206,1.4730,-0.3016,-52.9785,91.1255,99.7314,1.5196,,
DATA,A001,6,640,493182,-0.2279,1.5171,-0.2723,-51.0254,113.8306,84.2285,1.5582,,
DATA,A001,6,641,493192,-0.2804,1.5154,-0.2125,-57.0068,142.5781,62.8662,1.5557,,
DATA,A001,6,642,493202,-0.3287,1.4373,-0.1593,-64.8193,155.1514,51.2695,1.4830,,
DATA,A001,6,643,493212,-0.3822,1.2508,-0.0822,-74.9512,162.6587,36.0718,1.3105,,
DATA,A001,6,644,493222,-0.3973,1.1226,-0.0380,-76.7822,162.6587,27.2827,1.1915,,
DATA,A001,6,645,493232,-0.3819,0.9571,0.0150,-74.7681,162.9028,15.6250,1.0306,,
DATA,A001,6,646,493242,-0.3563,0.8782,0.0336,-72.5708,163.1470,8.6670,0.9484,,
DATA,A001,6,647,493252,-0.3202,0.7942,0.0360,-69.9463,164.3677,0.2441,0.8571,,
DATA,A001,6,648,493262,-0.3070,0.7459,0.0272,-68.7256,163.6353,-3.6621,0.8071,,
DATA,A001,6,649,493272,-0.3148,0.6819,0.0216,-67.0776,157.7148,-7.3853,0.7514,,
DATA,A001,6,650,493282,-0.3275,0.6307,0.0582,-65.9180,148.9258,-9.2163,0.7130,,
DATA,A001,6,651,493292,-0.3568,0.5516,0.1427,-67.0166,128.3569,-10.7422,0.6722,,
DATA,A001,6,652,493302,-0.3795,0.5040,0.1818,-70.8618,110.3516,-10.6812,0.6565,,
DATA,A001,6,653,493312,-0.3929,0.4334,0.2040,-79.5288,81.3599,-11.1084,0.6195,,
DATA,A001,6,654,493322,-0.3595,0.4112,0.1534,-83.9233,65.6738,-10.4370,0.5673,,
DATA,A001,6,655,493332,-0.2706,0.3936,0.0472,-85.6323,52.0020,-7.3853,0.4800,,
DATA,A001,6,656,493342,-0.1993,0.3770,0.0128,-82.3975,54.9927,-5.3101,0.4267,,
DATA,A001,6,657,493352,-0.1258,0.3607,-0.0155,-74.5850,73.4253,-0.3052,0.3823,,
DATA,A001,6,658,493362,-0.1151,0.3548,-0.0336,-70.0684,88.1958,4.7607,0.3745,,
DATA,A001,6,659,493372,-0.1507,0.3399,-0.0360,-62.3169,106.0791,11.9019,0.3736,,
DATA,A001,6,660,493382,-0.1962,0.3421,-0.0211,-53.2227,112.1826,16.1133,0.3949,,
DATA,A001,6,661,493392,-0.2623,0.4051,0.0353,-35.2173,112.1826,21.4233,0.4839,,
DATA,A001,6,662,493402,-0.2950,0.4752,0.0821,-24.6582,108.0933,24.9023,0.5653,,
DATA,A001,6,663,493412,-0.3280,0.5926,0.1156,-15.7471,97.9004,31.1279,0.6871,,
DATA,A001,6,664,493422,-0.3419,0.6561,0.1224,-12.8784,91.0034,35.3394,0.7499,,
DATA,A001,6,665,493432,-0.3424,0.7339,0.1537,-8.4839,83.6182,41.2598,0.8243,,
DATA,A001,6,666,493442,-0.3448,0.7818,0.1561,-5.4932,81.1157,44.9219,0.8686,,
DATA,A001,6,667,493452,-0.3448,0.8211,0.1517,-3.1128,80.3223,47.9736,0.9034,,
DATA,A001,6,668,493462,-0.3548,0.8489,0.1417,0.2441,79.8340,51.8188,0.9310,,
DATA,A001,6,669,493472,-0.3629,0.8594,0.1600,4.3945,79.2236,53.1006,0.9465,,
DATA,A001,6,670,493482,-0.3812,0.8919,0.1739,14.9536,76.1719,54.2603,0.9854,,
DATA,A001,6,671,493492,-0.3932,0.9210,0.1861,22.9492,71.3501,54.5044,1.0185,,
DATA,A001,6,672,493502,-0.4000,0.9857,0.2071,34.0576,61.4624,53.4058,1.0837,,
DATA,A001,6,673,493512,-0.4051,1.0298,0.2150,41.0156,53.1616,52.4902,1.1274,,
DATA,A001,6,674,493522,-0.4003,1.1065,0.2240,49.2554,40.1611,50.9033,1.1978,,
DATA,A001,6,675,493532,-0.3932,1.1431,0.2272,52.4902,32.5928,48.8281,1.2300,,
DATA,A001,6,676,493542,-0.3700,1.1778,0.2272,53.4058,26.0010,44.2505,1.2553,,
DATA,A001,6,677,493552,-0.3529,1.1744,0.2169,52.2461,25.3296,41.0156,1.2453,,
DATA,A001,6,678,493562,-0.3580,1.1976,0.1744,56.5186,27.0996,37.2314,1.2621,,
DATA,A001,6,679,493572,-0.3797,1.2867,0.1434,68.1152,27.4658,35.9497,1.3492,,
DATA,A001,6,680,493582,-0.4281,1.5091,0.1446,85.5103,24.1089,33.4473,1.5753,,
DATA,A001,6,681,493592,-0.4552,1.6497,0.1747,85.4492,20.1416,29.7241,1.7203,,
DATA,A001,6,682,493602,-0.4669,1.7212,0.1986,64.6973,12.8174,20.5078,1.7945,,
DATA,A001,6,683,493612,-0.4469,1.6285,0.1959,46.0205,7.3242,13.7939,1.7000,,
DATA,A001,6,684,493622,-0.3951,1.3983,0.1715,32.5317,0.5493,3.1738,1.4631,,
DATA,A001,6,685,493632,-0.3609,1.2735,0.1608,35.0342,-0.1221,-8.3618,1.3334,,
DATA,A001,6,686,493642,-0.3338,1.1741,0.1893,44.1284,3.0518,-29.2969,1.2353,,
DATA,A001,6,687,493652,-0.3446,1.1314,0.2179,46.8750,6.1646,-44.3115,1.2026,,
DATA,A001,6,688,493662,-0.3595,1.0655,0.2755,46.1426,3.7842,-65.3076,1.1578,,
DATA,A001,6,689,493672,-0.3780,1.0301,0.3036,46.3257,-5.7373,-76.6602,1.1385,,
DATA,A001,6,690,493682,-0.3895,1.0289,0.3129,49.9878,-25.8179,-91.9189,1.1438,,
DATA,A001,6,691,493692,-0.3810,1.0525,0.3107,50.5371,-40.2222,-100.2808,1.1617,,
DATA,A001,6,692,493702,-0.3563,1.0684,0.2877,44.3115,-57.9834,-108.7646,1.1624,,
DATA,A001,6,693,493712,-0.3382,1.0501,0.2699,37.1094,-66.5283,-113.2202,1.1358,,
DATA,A001,6,694,493722,-0.3270,1.0140,0.2428,30.0293,-75.0732,-118.4082,1.0927,,
DATA,A001,6,695,493732,-0.3087,1.0098,0.2203,29.4800,-80.0781,-121.3989,1.0787,,
DATA,A001,6,696,493742,-0.3404,1.0298,0.2635,27.5269,-87.5854,-123.2910,1.1162,,
DATA,A001,6,697,493752,-0.2662,1.0652,0.2360,26.4893,-90.5151,-127.1973,1.1231,,
DATA,A001,6,698,493762,-0.1810,1.0731,0.2394,14.1602,-88.7451,-128.9673,1.1142,,
DATA,A001,6,699,493772,-0.1351,1.0494,0.2355,7.2632,-74.7681,-133.4229,1.0839,,
DATA,A001,6,700,493782,-0.1468,0.9918,0.2274,0.8545,-57.0068,-134.3994,1.0280,,
DATA,A001,6,701,493792,-0.1739,0.9544,0.2394,-1.4648,-48.0957,-136.3525,0.9992,,
DATA,A001,6,702,493802,-0.1944,0.9107,0.2443,-3.4790,-35.0342,-141.2964,0.9627,,
DATA,A001,6,703,493812,-0.2013,0.8956,0.2342,-4.5776,-30.7617,-145.0806,0.9473,,
DATA,A001,6,704,493822,-0.1727,0.8663,0.2245,-7.9346,-21.9727,-150.5127,0.9114,,
DATA,A001,6,705,493832,-0.1688,0.8487,0.2079,-10.4980,-14.0381,-153.8086,0.8899,,
DATA,A001,6,706,493842,-0.1769,0.8201,0.1871,-12.0850,-5.4932,-157.0435,0.8596,,
DATA,A001,6,707,493852,-0.2096,0.8052,0.1634,-10.0708,0.6714,-160.2783,0.8480,,
DATA,A001,6,708,493862,-0.2264,0.8145,0.1503,-7.5684,1.9531,-161.4380,0.8586,,
DATA,A001,6,709,493872,-0.2303,0.8475,0.1437,-5.1880,1.0986,-162.0483,0.8899,,
DATA,A001,6,710,493882,-0.2316,0.8716,0.1422,-5.0659,-0.3052,-160.9497,0.9130,,
DATA,A001,6,711,493892,-0.2447,0.9158,0.1476,-5.4321,-3.1738,-157.5317,0.9594,,
DATA,A001,6,712,493902,-0.2584,0.9466,0.1337,-6.5308,-2.8687,-155.0903,0.9903,,
DATA,A001,6,713,493912,-0.2579,0.9966,0.1305,-7.5073,1.4648,-150.2075,1.0377,,
DATA,A001,6,714,493922,-0.2574,1.0350,0.1217,-6.7749,7.0190,-146.6675,1.0734,,
DATA,A001,6,715,493932,-0.2499,1.1036,0.1122,-4.2114,17.4561,-140.5029,1.1371,,
DATA,A001,6,716,493942,-0.2670,1.1419,0.1202,-3.3569,23.8647,-136.2305,1.1788,,
DATA,A001,6,717,493952,-0.3212,1.1766,0.1178,-6.4697,32.7148,-132.5684,1.2253,,
DATA,A001,6,718,493962,-0.3668,1.1771,0.1183,-10.4980,36.6821,-131.8970,1.2386,,
DATA,A001,6,719,493972,-0.4337,1.1243,0.1373,-16.2964,35.7666,-131.7749,1.2129,,
DATA,A001,6,720,493982,-0.4523,1.0750,0.1422,-18.0054,27.9541,-132.4463,1.1749,,
DATA,A001,6,721,493992,-0.4425,1.0220,0.1288,-18.0054,9.8267,-134.2773,1.1211,,
DATA,A001,6,722,494002,-0.4232,0.9996,0.1005,-17.5781,-1.9531,-134.9487,1.0901,,
DATA,A001,6,723,494012,-0.4151,0.9981,0.0546,-16.7847,-14.7095,-134.0332,1.0824,,
DATA,A001,6,724,494022,-0.4112,0.9996,0.0485,-16.2354,-19.6533,-131.5918,1.0819,,
DATA,A001,6,725,494032,-0.4156,1.0047,0.0487,-14.5874,-26.4893,-122.3755,1.0884,,
DATA,A001,6,726,494042,-0.4088,1.0032,0.0668,-14.0381,-33.0200,-114.0137,1.0854,,
DATA,A001,6,727,494052,-0.3978,0.9866,0.1305,-16.6016,-46.0815,-98.8770,1.0718,,
DATA,A001,6,728,494062,-0.3917,0.9439,0.1759,-22.3389,-56.0303,-88.5010,1.0370,,
DATA,A001,6,729,494072,-0.3712,0.8663,0.1893,-33.6304,-69.0918,-72.2046,0.9613,,
DATA,A001,6,730,494082,-0.3522,0.8453,0.1381,-36.3159,-73.3643,-55.9692,0.9260,,
DATA,A001,6,731,494092,-0.2950,0.9063,0.0944,-26.7334,-66.1011,-26.0010,0.9578,,
DATA,A001,6,732,494102,-0.2560,0.9686,0.0944,-20.4468,-50.9644,-5.5542,1.0062,,
DATA,A001,6,733,494112,-0.2135,1.0174,0.0546,-25.5737,-21.1182,23.6816,1.0410,,
DATA,A001,6,734,494122,-0.2169,0.9798,0.0260,-32.4707,-1.1597,42.4194,1.0039,,
DATA,A001,6,735,494132,-0.2460,0.8795,0.0323,-35.0952,28.7476,69.2139,0.9138,,
DATA,A001,6,736,494142,-0.2743,0.8030,0.0704,-32.1655,47.0581,85.5713,0.8515,,
DATA,A001,6,737,494152,-0.2948,0.7396,0.1095,-27.7100,62.5610,99.3652,0.8036,,
DATA,A001,6,738,494162,-0.3307,0.6849,0.1351,-20.1416,79.5288,113.4033,0.7724,,
DATA,A001,6,739,494172,-0.3548,0.6749,0.1300,-14.7705,85.7544,119.3237,0.7735,,
DATA,A001,6,740,494182,-0.3868,0.7027,0.1063,-4.4556,88.3789,127.7466,0.8091,,
DATA,A001,6,741,494192,-0.3971,0.7508,0.0887,3.4790,86.4258,133.7891,0.8540,,
DATA,A001,6,742,494202,-0.3895,0.8502,0.0975,13.7939,80.0171,142.8833,0.9402,,
DATA,A001,6,743,494212,-0.3905,0.9171,0.1185,17.5171,73.7305,149.2920,1.0037,,
DATA,A001,6,744,494222,-0.3942,0.9844,0.1290,15.6250,60.1196,158.2642,1.0682,,
DATA,A001,6,745,494232,-0.3963,0.9962,0.1344,12.5732,47.7905,163.5132,1.0805,,
DATA,A001,6,746,494242,-0.3971,0.9986,0.1368,9.3994,28.5034,169.6777,1.0833,,
DATA,A001,6,747,494252,-0.3775,0.9891,0.1366,7.3242,16.2964,172.0581,1.0675,,
DATA,A001,6,748,494262,-0.3365,0.9578,0.1300,2.6855,1.8311,174.0112,1.0235,,
DATA,A001,6,749,494272,-0.2977,0.9178,0.1156,-0.1831,-3.9673,174.5605,0.9718,,
DATA,A001,6,750,494282,-0.2301,0.8536,0.1027,-1.8311,-4.3945,174.1333,0.8900,,
DATA,A001,6,751,494292,-0.1896,0.8096,0.0917,-0.6104,0.9766,173.1567,0.8366,,
DATA,A001,6,752,494302,-0.1544,0.7671,0.0782,4.0894,18.8599,170.8374,0.7864,,
DATA,A001,6,753,494312,-0.1454,0.7547,0.0682,8.3618,35.7056,169.2505,0.7716,,
DATA,A001,6,754,494322,-0.1715,0.7652,0.0646,14.7705,63.7817,166.5649,0.7868,,
DATA,A001,6,755,494332,-0.2079,0.7879,0.0756,19.1040,79.7729,164.6118,0.8184,,
DATA,A001,6,756,494342,-0.2833,0.8360,0.0914,23.8037,92.4072,161.0107,0.8874,,
DATA,A001,6,757,494352,-0.3143,0.8641,0.0917,23.9258,92.5903,157.5928,0.9240,,
DATA,A001,6,758,494362,-0.3360,0.8951,0.0846,21.4844,85.3882,150.3906,0.9598,,
DATA,A001,6,759,494372,-0.3338,0.9117,0.0677,20.5078,80.2612,144.9585,0.9732,,
DATA,A001,6,760,494382,-0.3292,0.9319,0.0480,22.2168,77.3926,136.1084,0.9895,,
DATA,A001,6,761,494392,-0.3360,0.9551,0.0521,25.0244,77.2705,130.3711,1.0139,,
DATA,A001,6,762,494402,-0.3558,1.0027,0.0651,29.4800,73.9746,121.3989,1.0660,,
DATA,A001,6,763,494412,-0.3778,1.0372,0.0702,32.2266,67.5659,115.5396,1.1061,,
DATA,A001,6,764,494422,-0.3954,1.0740,0.0621,33.0811,52.6733,105.7129,1.1462,,
DATA,A001,6,765,494432,-0.3942,1.0777,0.0597,33.0811,42.0532,98.8770,1.1491,,
DATA,A001,6,766,494442,-0.3680,1.0538,0.0616,33.8745,28.0762,88.0127,1.1179,,
DATA,A001,6,767,494452,-0.3456,1.0323,0.0736,36.3770,20.8740,80.8716,1.0911,,
DATA,A001,6,768,494462,-0.3260,1.0140,0.0673,42.6636,14.0991,69.0308,1.0672,,
DATA,A001,6,769,494472,-0.2984,1.0215,0.0663,48.4009,13.9160,59.9976,1.0663,,
DATA,A001,6,770,494482,-0.2760,1.0447,0.0719,53.8330,15.5640,52.3071,1.0830,,
DATA,A001,6,771,494492,-0.2645,1.0618,0.0641,57.2510,20.8130,40.5273,1.0962,,
DATA,A001,6,772,494502,-0.2543,1.0403,0.0699,56.0303,25.4517,31.7993,1.0732,,
DATA,A001,6,773,494512,-0.2582,0.9739,0.1107,53.2227,28.8086,21.2402,1.0136,,
DATA,A001,6,774,494522,-0.2784,0.9324,0.1219,54.6265,29.2358,15.1978,0.9807,,
DATA,A001,6,775,494532,-0.2960,0.9424,0.0951,64.6973,27.1606,5.3711,0.9924,,
DATA,A001,6,776,494542,-0.2853,1.0120,0.0602,73.7305,24.3530,-0.7935,1.0532,,
DATA,A001,6,777,494552,-0.2479,1.1568,0.0194,84.7168,21.6064,-7.0801,1.1832,,
DATA,A001,6,778,494562,-0.2272,1.2315,0.0035,87.7075,21.0571,-9.5215,1.2523,,
DATA,A001,6,779,494572,-0.2316,1.2696,0.0380,85.0220,21.9727,-12.6343,1.2911,,
DATA,A001,6,780,494582,-0.2528,1.2432,0.0799,79.5288,21.8506,-13.6719,1.2712,,
DATA,A001,6,781,494592,-0.2950,1.2344,0.0668,76.7212,17.7002,-12.6953,1.2710,,
DATA,A001,6,782,494602,-0.3048,1.2935,0.0355,84.4116,14.5264,-10.3760,1.3294,,
DATA,A001,6,783,494612,-0.2718,1.4510,0.0245,93.9941,17.5171,-4.3945,1.4764,,
DATA,A001,6,784,494622,-0.2167,1.5455,0.0453,90.0269,23.8647,-0.6104,1.5612,,
DATA,A001,6,785,494632,-0.1573,1.5911,0.0895,67.8711,37.2314,2.1362,1.6014,,
DATA,A001,6,786,494642,-0.1273,1.5384,0.1014,48.8892,48.2788,0.6104,1.5470,,
DATA,A001,6,787,494652,-0.0690,1.3926,0.0611,26.1841,69.3970,-5.1880,1.3957,,
DATA,A001,6,788,494662,-0.0116,1.2845,0.0240,16.5405,88.4399,-9.8267,1.2848,,
DATA,A001,6,789,494672,0.0739,1.1194,-0.0077,8.4839,124.6338,-18.0054,1.1219,,
DATA,A001,6,790,494682,0.0883,1.0235,-0.0223,6.2866,150.2686,-22.2778,1.0275,,
DATA,A001,6,791,494692,0.0221,0.9024,0.0204,10.1929,179.4434,-24.5972,0.9029,,
DATA,A001,6,792,494702,-0.0692,0.8668,0.1627,16.6626,190.0024,-25.8179,0.8846,,
DATA,A001,6,793,494712,-0.1954,0.9468,0.4183,22.7051,194.0308,-26.9165,1.0534,,
DATA,A001,6,794,494722,-0.1808,1.0389,0.4493,10.6812,202.8198,-30.5176,1.1462,,
DATA,A001,6,795,494732,0.0468,1.0391,0.3705,-34.9731,239.9902,-38.6963,1.1042,,
DATA,A001,6,796,494742,0.2233,0.9361,0.2494,-66.0400,284.3018,-36.7432,0.9941,,
DATA,A001,6,797,494752,0.3026,0.7344,-0.0189,-85.2051,359.6802,-24.2310,0.7946,,
DATA,A001,6,798,494762,0.2123,0.6380,-0.2221,-81.9702,409.1187,-18.9209,0.7081,,
DATA,A001,6,799,494772,-0.0045,0.6363,-0.4054,-59.6924,468.8721,-17.2729,0.7545,,
DATA,A001,6,800,494782,-0.1625,0.7127,-0.4879,-42.1753,481.7505,-18.0664,0.8789,,
DATA,A001,6,801,494792,-0.3763,0.8375,-0.3883,-12.2681,461.5479,-27.6489,0.9969,,
DATA,A001,6,802,494802,-0.4083,0.9139,-0.2284,-6.7749,430.6641,-31.5552,1.0267,,
DATA,A001,6,803,494812,-0.5716,0.8890,-0.0194,-14.8315,367.1875,-33.5693,1.0571,,
DATA,A001,6,804,494822,-0.6962,0.7745,0.1332,-17.0898,312.1948,-32.8369,1.0498,,
DATA,A001,6,805,494832,-0.7181,0.6531,0.3251,-15.5029,250.4883,-30.0293,1.0237,,
DATA,A001,6,806,494842,-0.8995,0.5972,0.5814,-7.9956,141.0522,-25.0854,1.2263,,
DATA,A001,6,807,494852,-1.2794,0.6246,0.7286,8.9111,14.5874,-14.7095,1.5993,,
DATA,A001,6,808,494862,-0.5538,0.6321,0.5338,19.4702,-117.4316,-53.8940,0.9956,,
DATA,A001,6,809,494872,0.2453,0.6685,0.5170,36.1938,-171.0205,-66.5894,0.8799,,
DATA,A001,6,810,494882,0.9735,0.7093,0.2989,37.1094,-183.1055,-44.8608,1.2410,,
DATA,A001,6,811,494892,1.1874,0.7545,0.2574,30.0293,-148.3765,-35.2783,1.4302,,
DATA,A001,6,812,494902,1.0619,0.8817,0.1598,22.3389,-59.5093,-20.5688,1.3894,,
DATA,A001,6,813,494912,0.7912,0.9129,0.0133,8.6670,23.1323,-16.2354,1.2081,,
DATA,A001,6,814,494922,0.3612,0.8594,-0.1473,-11.4746,126.9531,4.6387,0.9438,,
DATA,A001,6,815,494932,0.1415,0.8748,-0.1967,-17.3950,150.2075,9.3384,0.9077,,
DATA,A001,6,816,494942,0.0136,0.9544,-0.2345,-50.1709,193.8477,-5.9204,0.9829,,
DATA,A001,6,817,494952,-0.5223,0.9212,-0.1791,-47.3633,182.4951,-4.1504,1.0740,,
DATA,A001,6,818,494962,-0.3107,1.0543,-0.2216,-0.6104,161.7432,-13.1836,1.1212,,
DATA,A001,6,819,494972,-0.2482,1.1631,-0.2523,-3.2349,149.6582,-6.8970,1.2158,,
DATA,A001,6,820,494982,-0.6246,1.1150,-0.1195,-14.5264,118.1641,-5.8594,1.2837,,
DATA,A001,6,821,494992,-0.7796,1.0958,-0.1522,-13.6719,74.5850,-7.5684,1.3534,,
DATA,A001,6,822,495002,-0.8131,1.0533,-0.1019,-9.9487,-7.3853,-17.1509,1.3345,,
DATA,A001,6,823,495012,-0.6796,1.0584,-0.1076,-5.4321,-60.7300,-25.0244,1.2624,,
DATA,A001,6,824,495022,-0.4588,1.1295,-0.0839,0.3052,-108.5815,-37.6587,1.2220,,
DATA,A001,6,825,495032,-0.3334,1.1910,-0.1137,3.5400,-115.2344,-47.9126,1.2420,,
DATA,A001,6,826,495042,-0.2233,1.2769,-0.0897,11.0474,-98.3276,-58.4717,1.2994,,
DATA,A001,6,827,495052,-0.1752,1.3419,-0.0455,15.0757,-80.9326,-67.3218,1.3540,,
DATA,A001,6,828,495062,-0.2015,1.4236,-0.0319,15.3809,-50.8423,-81.1768,1.4382,,
DATA,A001,6,829,495072,-0.2110,1.4251,-0.0233,10.9863,-35.0342,-90.0879,1.4408,,
DATA,A001,6,830,495082,-0.2150,1.3746,0.0150,1.5869,-17.1509,-101.1353,1.3914,,
DATA,A001,6,831,495092,-0.2176,1.3292,0.0419,-2.4414,-5.7373,-109.4971,1.3475,,
DATA,A001,6,832,495102,-0.2108,1.2947,0.0099,-5.3711,11.7798,-119.5679,1.3118,,
DATA,A001,6,833,495112,-0.1905,1.3218,-0.0314,-2.8076,25.5737,-125.4272,1.3359,,
DATA,A001,6,834,495122,-0.1800,1.4463,-0.0573,12.6343,44.3115,-128.6011,1.4586,,
DATA,A001,6,835,495132,-0.1898,1.5245,-0.0377,19.6533,52.9785,-127.2583,1.5367,,
DATA,A001,6,836,495142,-0.2296,1.5450,0.0030,14.0991,55.5420,-125.6104,1.5620,,
DATA,A001,6,837,495152,-0.2828,1.4632,0.0162,5.6763,43.3350,-125.4883,1.4904,,
DATA,A001,6,838,495162,-0.2994,1.3248,0.0704,0.4883,24.7803,-123.1689,1.3600,,
DATA,A001,6,839,495172,-0.2328,1.1072,0.1915,-1.7700,-10.7422,-119.7510,1.1475,,
DATA,A001,6,840,495182,-0.1505,0.9864,0.2469,-2.2583,-34.6680,-119.0796,1.0279,,
DATA,A001,6,841,495192,0.0038,0.8655,0.2569,0.7324,-61.2183,-118.1030,0.9029,,
DATA,A001,6,842,495202,0.1310,0.8482,0.2413,12.8784,-71.1060,-113.2812,0.8915,,
DATA,A001,6,843,495212,0.1881,0.8985,0.2189,23.3154,-68.2983,-108.0933,0.9437,,
DATA,A001,6,844,495222,0.2391,0.9744,0.2128,30.0293,-61.4014,-101.3794,1.0257,,
DATA,A001,6,845,495232,0.2614,1.0760,0.2181,26.3672,-50.0488,-88.7451,1.1286,,
DATA,A001,6,846,495242,0.2604,1.0965,0.2108,16.7236,-41.8701,-80.2002,1.1465,,
DATA,A001,6,847,495252,0.2792,1.0738,0.1725,2.9907,-30.7007,-67.5659,1.1228,,
DATA,A001,6,848,495262,0.2953,1.0530,0.1551,-0.6714,-23.9258,-57.1289,1.1046,,
DATA,A001,6,849,495272,0.3043,1.0596,0.1573,-1.7700,-9.0332,-42.6636,1.1136,,
DATA,A001,6,850,495282,0.3038,1.0672,0.1637,-3.3569,2.1973,-34.3018,1.1216,,
DATA,A001,6,851,495292,0.2543,1.0508,0.1954,-9.3994,17.7612,-23.3154,1.0987,,
DATA,A001,6,852,495302,0.2142,1.0010,0.2179,-14.6484,24.9023,-17.1509,1.0466,,
DATA,A001,6,853,495312,0.1662,0.8958,0.2469,-20.9961,29.1138,-8.5449,0.9440,,
DATA,A001,6,854,495322,0.1325,0.8253,0.2594,-23.0103,29.3579,-2.6855,0.8751,,
DATA,A001,6,855,495332,0.0963,0.7400,0.2574,-25.3296,29.1138,5.6763,0.7894,,
DATA,A001,6,856,495342,0.0734,0.6907,0.2457,-27.7710,29.2358,11.4746,0.7368,,
DATA,A001,6,857,495352,0.0624,0.6265,0.2311,-30.7007,31.5552,19.9585,0.6707,,
DATA,A001,6,858,495362,0.0465,0.5911,0.2164,-31.5552,35.4004,25.5127,0.6312,,
DATA,A001,6,859,495372,0.0228,0.5677,0.1886,-29.1748,44.0674,33.0811,0.5986,,
DATA,A001,6,860,495382,-0.0094,0.5750,0.1676,-25.5737,50.7202,37.9028,0.5990,,
DATA,A001,6,861,495392,-0.0577,0.6199,0.1446,-18.9209,59.9365,43.8232,0.6392,,
DATA,A001,6,862,495402,-0.0958,0.6656,0.1390,-15.6860,63.6597,47.2412,0.6867,,
DATA,A001,6,863,495412,-0.1478,0.7337,0.1359,-14.1602,65.7349,52.1240,0.7607,,
DATA,A001,6,864,495422,-0.1813,0.7664,0.1363,-15.1367,64.3921,55.6641,0.7993,,
DATA,A001,6,865,495432,-0.2338,0.8055,0.1268,-17.3950,58.2275,61.5234,0.8482,,
DATA,A001,6,866,495442,-0.2657,0.8174,0.1158,-18.6768,52.8564,65.6128,0.8673,,
DATA,A001,6,867,495452,-0.2901,0.8465,0.1019,-18.1885,44.0674,72.9370,0.9006,,
DATA,A001,6,868,495462,-0.3133,0.8682,0.1005,-16.6016,39.7339,78.1860,0.9285,,
DATA,A001,6,869,495472,-0.3312,0.8961,0.1156,-14.5874,36.8652,85.2661,0.9623,,
DATA,A001,6,870,495482,-0.3522,0.9004,0.1351,-14.7705,36.8042,88.8672,0.9763,,
DATA,A001,6,871,495492,-0.3900,0.8797,0.1493,-15.4419,38.4521,92.4683,0.9738,,
DATA,A001,6,872,495502,-0.4164,0.8546,0.1505,-15.0146,38.8794,93.6890,0.9624,,
DATA,A001,6,873,495512,-0.4415,0.8299,0.1539,-12.2070,37.9028,93.8110,0.9525,,
DATA,A001,6,874,495522,-0.4759,0.8370,0.1395,-2.9297,35.0342,93.8721,0.9729,,
DATA,A001,6,875,495532,-0.4947,0.8785,0.1361,4.0283,33.3252,92.9565,1.0174,,
DATA,A001,6,876,495542,-0.5235,0.9871,0.1280,14.0381,31.4941,91.4307,1.1247,,
DATA,A001,6,877,495552,-0.5411,1.0711,0.1139,18.3105,31.5552,90.3320,1.2054,,
DATA,A001,6,878,495562,-0.5602,1.1788,0.1058,18.7378,34.8511,86.2427,1.3094,,
DATA,A001,6,879,495572,-0.5536,1.2274,0.1039,15.6860,38.8184,82.8247,1.3504,,
DATA,A001,6,880,495582,-0.5372,1.2425,0.0826,9.1553,47.9736,75.9888,1.3562,,
DATA,A001,6,881,495592,-0.5255,1.2129,0.0677,5.3711,55.9692,69.5801,1.3236,,
DATA,A001,6,882,495602,-0.5682,1.1837,-0.0026,6.1035,68.2373,58.0444,1.3130,,
DATA,A001,6,883,495612,-0.6227,1.2493,-0.0529,17.3950,74.2798,49.4995,1.3969,,
DATA,A001,6,884,495622,-0.6942,1.4637,-0.0294,42.2363,77.3926,35.0952,1.6202,,
DATA,A001,6,885,495632,-0.7340,1.6148,0.0384,47.0581,78.7964,24.7803,1.7742,,
DATA,A001,6,886,495642,-0.7745,1.6429,0.0958,25.5737,75.5005,7.5684,1.8188,,
DATA,A001,6,887,495652,-0.7992,1.4788,0.0665,4.6387,67.9932,-5.0049,1.6823,,
DATA,A001,6,888,495662,-0.7692,1.1702,-0.0004,-2.7466,57.4341,-29.2969,1.4004,,
DATA,A001,6,889,495672,-0.7308,1.0513,-0.0507,10.0098,54.1382,-47.6685,1.2814,,
DATA,A001,6,890,495682,-0.7008,1.0057,-0.0704,32.2876,50.6592,-74.1577,1.2278,,
DATA,A001,6,891,495692,-0.7191,1.0079,-0.0543,40.4663,46.3257,-90.8203,1.2393,,
DATA,A001,6,892,495702,-0.7582,1.0020,-0.0543,45.5322,31.2500,-111.7554,1.2577,,
DATA,A001,6,893,495712,-0.7787,0.9952,-0.0651,48.7671,15.6250,-122.3755,1.2653,,
DATA,A001,6,894,495722,-0.7643,1.0286,-0.0905,56.8848,-11.9629,-135.3149,1.2847,,
DATA,A001,6,895,495732,-0.7237,1.0760,-0.1056,59.9976,-29.4189,-142.4561,1.3010,,
DATA,A001,6,896,495742,-0.6483,1.1343,-0.1229,59.6313,-47.1191,-151.4893,1.3123,,
DATA,A001,6,897,495752,-0.6066,1.1421,-0.1278,56.8237,-53.8940,-156.5552,1.2995,,
DATA,A001,6,898,495762,-0.5702,1.1175,-0.1332,54.0161,-60.4248,-163.0249,1.2616,,
DATA,A001,6,899,495772,-0.5541,1.0975,-0.1361,54.9316,-65.3687,-167.7246,1.2369,,
DATA,A001,6,900,495782,-0.5389,1.0750,-0.1264,59.9976,-74.4629,-174.7437,1.2092,,
DATA,A001,6,901,495792,-0.5460,1.0870,-0.1058,65.1855,-83.7402,-177.2461,1.2210,,
DATA,A001,6,902,495802,-0.4950,1.1419,-0.0795,72.2656,-101.6235,-179.5654,1.2471,,
DATA,A001,6,903,495812,-0.4364,1.1619,-0.0241,67.3218,-105.6519,-184.1431,1.2414,,
DATA,A001,6,904,495822,-0.3773,1.1348,0.0533,54.1382,-95.8252,-195.8618,1.1971,,
DATA,A001,6,905,495832,-0.3634,1.1116,0.0402,49.5605,-84.8389,-193.1152,1.1702,,
DATA,A001,6,906,495842,-0.3214,1.0533,-0.0031,44.9829,-60.3638,-195.6787,1.1012,,
DATA,A001,6,907,495852,-0.3038,1.0130,-0.0263,43.1519,-44.1895,-196.4722,1.0579,,
DATA,A001,6,908,495862,-0.3060,0.9725,-0.0241,41.8091,-27.8320,-195.6177,1.0198,,
DATA,A001,6,909,495872,-0.3578,0.9390,0.0194,44.9829,-13.1226,-192.8101,1.0051,,
DATA,A001,6,910,495882,-0.3983,0.9627,0.0455,49.6826,-9.8877,-191.6504,1.0428,,
DATA,A001,6,911,495892,-0.4381,1.0218,0.0897,50.7812,-11.6577,-189.3921,1.1154,,
DATA,A001,6,912,495902,-0.4376,1.0687,0.0909,46.1426,-12.9395,-189.3311,1.1584,,
DATA,A001,6,913,495912,-0.3927,1.1111,0.0028,33.9966,-10.6812,-187.2559,1.1785,,
DATA,A001,6,914,495922,-0.3605,1.1016,-0.0355,28.2593,-6.0425,-182.9224,1.1596,,
DATA,A001,6,915,495932,-0.3458,1.0626,-0.0372,25.6958,4.0894,-173.5229,1.1180,,
DATA,A001,6,916,495942,-0.3673,1.0250,0.0021,23.9258,8.3008,-167.2363,1.0888,,
DATA,A001,6,917,495952,-0.4039,0.9517,0.0975,18.9209,6.8970,-159.9121,1.0385,,
DATA,A001,6,918,495962,-0.4278,0.8983,0.1398,15.4419,0.7935,-156.7383,1.0047,,
DATA,A001,6,919,495972,-0.4264,0.8370,0.1827,13.1226,-9.6436,-152.5269,0.9569,,
DATA,A001,6,920,495982,-0.3995,0.8257,0.1988,12.2070,-14.1602,-150.3296,0.9386,,
DATA,A001,6,921,495992,-0.3617,0.8272,0.1713,9.0332,-12.3901,-145.4468,0.9189,,
DATA,A001,6,922,496002,-0.3348,0.8233,0.1507,6.0425,-7.5073,-140.6250,0.9015,,
DATA,A001,6,923,496012,-0.3219,0.8160,0.1398,4.1504,1.0376,-131.3477,0.8882,,
DATA,A001,6,924,496022,-0.3331,0.8130,0.1407,2.7466,6.0425,-123.7183,0.8898,,
DATA,A001,6,925,496032,-0.3563,0.8033,0.1439,-1.6479,10.1318,-112.4878,0.8905,,
DATA,A001,6,926,496042,-0.3802,0.7955,0.1224,-4.8828,10.8643,-105.4077,0.8901,,
DATA,A001,6,927,496052,-0.3932,0.7745,0.1080,-8.8501,10.4980,-93.2007,0.8753,,
DATA,A001,6,928,496062,-0.3963,0.7474,0.1046,-11.5967,9.3994,-84.7778,0.8524,,
DATA,A001,6,929,496072,-0.4044,0.6976,0.0987,-14.7095,6.8970,-73.4863,0.8123,,
DATA,A001,6,930,496082,-0.4112,0.6656,0.1005,-15.5029,4.5166,-66.6504,0.7888,,
DATA,A001,6,931,496092,-0.4188,0.6197,0.1373,-15.6250,0.8545,-55.3589,0.7604,,
DATA,A001,6,932,496102,-0.4213,0.5980,0.1861,-16.6016,0.9766,-47.6685,0.7548,,
DATA,A001,6,933,496112,-0.4078,0.5757,0.2030,-23.3154,5.9814,-36.9263,0.7342,,
DATA,A001,6,934,496122,-0.4032,0.5630,0.1459,-30.0903,11.3525,-27.4658,0.7077,,
DATA,A001,6,935,496132,-0.4017,0.5796,0.0016,-31.9824,24.4751,-9.1553,0.7052,,
DATA,A001,6,936,496142,-0.3912,0.6270,-0.0270,-23.5596,36.0107,3.6011,0.7395,,
DATA,A001,6,937,496152,-0.3995,0.7510,-0.0231,-16.1133,53.3447,25.7568,0.8510,,
DATA,A001,6,938,496162,-0.4425,0.8206,-0.0473,-20.0806,63.0493,40.4053,0.9335,,
DATA,A001,6,939,496172,-0.5018,0.8829,-0.0294,-25.3906,73.5474,58.3496,1.0159,,
DATA,A001,6,940,496182,-0.5292,0.9066,0.0231,-26.6113,78.9185,67.4438,1.0499,,
DATA,A001,6,941,496192,-0.5526,0.9044,0.0646,-31.6772,84.8999,73.6694,1.0618,,
DATA,A001,6,942,496202,-0.5963,0.8365,0.0585,-44.7998,92.7124,77.0264,1.0289,,
DATA,A001,6,943,496212,-0.6351,0.7764,0.0216,-47.5464,95.1538,77.4536,1.0033,,
DATA,A001,6,944,496222,-0.6922,0.7662,-0.0304,-35.7666,94.4214,79.1016,1.0330,,
DATA,A001,6,945,496232,-0.7252,0.8387,-0.0260,-22.8271,90.2100,80.5664,1.1090,,
DATA,A001,6,946,496242,-0.7479,1.0062,0.0402,-11.2915,76.7212,81.1768,1.2543,,
DATA,A001,6,947,496252,-0.7589,1.1111,0.0585,-13.9771,63.4155,80.4443,1.3468,,
DATA,A001,6,948,496262,-0.7567,1.1990,0.0314,-29.0527,42.8467,78.8574,1.4182,,
DATA,A001,6,949,496272,-0.7240,1.1773,0.0060,-41.1987,32.4707,78.2471,1.3821,,
DATA,A001,6,950,496282,-0.6549,1.0442,-0.0106,-56.1523,26.7944,75.8667,1.2327,,
DATA,A001,6,951,496292,-0.6156,0.9317,0.0033,-61.8286,28.6865,72.3877,1.1167,,
DATA,A001,6,952,496302,-0.5770,0.7847,0.0470,-63.3545,34.9731,65.8569,0.9752,,
DATA,A001,6,953,496312,-0.5614,0.7129,0.0846,-62.2559,40.0391,61.3403,0.9114,,
DATA,A001,6,954,496322,-0.5472,0.6419,0.1063,-61.0352,49.4995,55.4199,0.8502,,
DATA,A001,6,955,496332,-0.5360,0.6041,0.1083,-60.4858,57.4341,52.4902,0.8148,,
DATA,A001,6,956,496342,-0.5375,0.5709,0.1012,-58.9600,71.1670,49.4385,0.7906,,
DATA,A001,6,957,496352,-0.5533,0.5530,0.1034,-57.6172,79.8340,48.3398,0.7891,,
DATA,A001,6,958,496362,-0.5748,0.5325,0.1244,-56.4575,87.4023,48.1567,0.7934,,
DATA,A001,6,959,496372,-0.5912,0.5142,0.1422,-56.1523,87.5244,47.9736,0.7963,,
DATA,A001,6,960,496382,-0.6041,0.4903,0.1363,-58.0444,82.0923,45.3491,0.7899,,
DATA,A001,6,961,496392,-0.5948,0.4837,0.1146,-58.4106,77.2095,42.7856,0.7752,,
DATA,A001,6,962,496402,-0.5687,0.4998,0.0726,-56.5186,71.8384,39.2456,0.7606,,
DATA,A001,6,963,496412,-0.5531,0.5215,0.0499,-54.4434,70.4956,37.4756,0.7618,,
DATA,A001,6,964,496422,-0.5355,0.5726,0.0316,-51.6357,71.1670,35.3394,0.7846,,
DATA,A001,6,965,496432,-0.5362,0.6129,0.0272,-50.3540,71.6553,34.2407,0.8148,,
DATA,A001,6,966,496442,-0.5458,0.6666,0.0358,-50.2319,67.9932,32.8369,0.8622,,
DATA,A001,6,967,496452,-0.5448,0.6885,0.0362,-51.9409,63.5986,31.5552,0.8787,,
DATA,A001,6,968,496462,-0.5318,0.7176,0.0248,-53.2837,55.6641,29.7852,0.8935,,
DATA,A001,6,969,496472,-0.5211,0.7518,-0.0021,-50.5371,51.6968,29.6631,0.9147,,
DATA,A001,6,970,496482,-0.5065,0.8265,-0.0016,-43.9453,49.8047,32.1045,0.9693,,
DATA,A001,6,971,496492,-0.4952,0.8716,0.0248,-42.4194,50.8423,34.8511,1.0028,,
DATA,A001,6,972,496502,-0.4881,0.9156,0.0560,-45.7764,54.6875,39.6729,1.0391,,
DATA,A001,6,973,496512,-0.4855,0.9197,0.0611,-49.9268,58.4106,43.4570,1.0418,,
DATA,A001,6,974,496522,-0.4857,0.8746,0.0524,-53.7109,65.0635,50.1099,1.0018,,
DATA,A001,6,975,496532,-0.4955,0.8384,0.0441,-53.5889,70.9839,54.7485,0.9749,,
DATA,A001,6,976,496542,-0.5106,0.8028,0.0443,-51.0254,78.3081,58.5327,0.9524,,
DATA,A001,6,977,496552,-0.5284,0.7615,0.0704,-45.8984,88.9893,62.8052,0.9296,,
DATA,A001,6,978,496562,-0.5431,0.7449,0.0848,-43.2739,93.1396,65.0635,0.9258,,
DATA,A001,6,979,496572,-0.5609,0.7212,0.0924,-39.2456,94.5435,66.7114,0.9183,,
DATA,A001,6,980,496582,-0.5775,0.7320,0.0812,-35.4614,93.0786,67.0776,0.9359,,
DATA,A001,6,981,496592,-0.6051,0.7867,0.0372,-28.0151,88.6230,67.0776,0.9932,,
DATA,A001,6,982,496602,-0.6166,0.8626,0.0074,-22.4609,84.6558,67.2607,1.0603,,
DATA,A001,6,983,496612,-0.6183,0.9979,-0.0158,-17.2729,78.6133,68.6035,1.1740,,
DATA,A001,6,984,496622,-0.6107,1.0648,-0.0158,-18.3716,75.1953,69.1528,1.2276,,
DATA,A001,6,985,496632,-0.5968,1.1036,-0.0138,-26.7944,71.5942,68.3594,1.2547,,
DATA,A001,6,986,496642,-0.5926,1.0796,-0.0040,-33.0811,70.1904,66.7114,1.2316,,
DATA,A001,6,987,496652,-0.6266,0.9988,0.0238,-36.5601,69.0308,62.9272,1.1793,,
DATA,A001,6,988,496662,-0.6556,1.0032,-0.0014,-30.2734,69.8242,58.2275,1.1985,,
DATA,A001,6,989,496672,-0.6610,1.1778,-0.0431,-6.5308,70.3735,47.7295,1.3513,,
DATA,A001,6,990,496682,-0.6424,1.3597,-0.0199,8.3618,72.8149,41.0156,1.5039,,
DATA,A001,6,991,496692,-0.6236,1.5696,0.0377,6.4697,79.2236,31.0059,1.6894,,
DATA,A001,6,992,496702,-0.6285,1.5762,0.0668,-10.8643,83.1909,23.2544,1.6982,,
DATA,A001,6,993,496712,-0.6507,1.3824,0.0665,-35.9497,86.1206,10.0708,1.5293,,
DATA,A001,6,994,496722,-0.6564,1.2252,0.0553,-38.8184,87.8296,0.0000,1.3910,,
DATA,A001,6,995,496732,-0.6129,1.0870,0.0587,-29.1748,93.1396,-18.3716,1.2492,,
DATA,A001,6,996,496742,-0.6075,1.0528,0.0746,-24.9023,95.0317,-31.2500,1.2178,,
DATA,A001,6,997,496752,-0.5978,1.0179,0.0594,-27.5879,97.0459,-52.2461,1.1819,,
DATA,A001,6,998,496762,-0.6195,1.0115,0.0294,-28.8086,94.6655,-65.2466,1.1865,,
DATA,A001,6,999,496772,-0.6307,1.0667,-0.0253,-21.7285,87.7686,-83.1909,1.2395,,
DATA,A001,6,1000,496782,-0.6236,1.1485,-0.0499,-15.5640,81.9702,-93.3838,1.3078,,
DATA,A001,6,1001,496792,-0.6202,1.2642,-0.0646,-15.8081,72.2046,-108.8257,1.4096,,
DATA,A001,6,1002,496802,-0.6124,1.3055,-0.0763,-22.3999,67.1387,-119.7510,1.4440,,
DATA,A001,6,1003,496812,-0.5953,1.2986,-0.0861,-32.5317,60.1807,-135.0708,1.4312,,
DATA,A001,6,1004,496822,-0.5873,1.2711,-0.0914,-35.7056,56.8237,-143.5547,1.4031,,
DATA,A001,6,1005,496832,-0.5655,1.2132,-0.0805,-37.7197,54.0161,-154.0527,1.3409,,
DATA,A001,6,1006,496842,-0.5499,1.1697,-0.0741,-39.3066,53.2837,-159.7290,1.2947,,
DATA,A001,6,1007,496852,-0.5213,1.0870,-0.0558,-41.0767,52.2461,-167.5415,1.2068,,
DATA,A001,6,1008,496862,-0.4967,1.0377,-0.0433,-40.7104,51.5747,-171.4478,1.1512,,
DATA,A001,6,1009,496872,-0.4567,0.9664,-0.0331,-38.5132,50.1709,-174.3774,1.0693,,
DATA,A001,6,1010,496882,-0.4320,0.9293,-0.0223,-37.1704,48.3398,-174.4995,1.0250,,
DATA,A001,6,1011,496892,-0.4122,0.8904,-0.0087,-36.5601,45.8374,-173.1567,0.9813,,
DATA,A001,6,1012,496902,-0.3849,0.8177,0.0060,-37.1704,39.0015,-168.4570,0.9038,,
DATA,A001,6,1013,496912,-0.3724,0.7674,0.0113,-38.6353,32.4707,-163.8184,0.8531,,
DATA,A001,6,1014,496922,-0.3566,0.6829,0.0109,-41.9312,21.7285,-154.9683,0.7705,,
DATA,A001,6,1015,496932,-0.3465,0.6307,0.0082,-44.3726,14.5264,-147.9492,0.7197,,
DATA,A001,6,1016,496942,-0.3258,0.5594,-0.0001,-47.9736,4.9438,-135.7422,0.6473,,
DATA,A001,6,1017,496952,-0.3065,0.5120,-0.0062,-49.7437,-0.2441,-126.8311,0.5968,,
DATA,A001,6,1018,496962,-0.2799,0.4693,-0.0214,-51.3916,-5.7983,-112.0605,0.5468,,
DATA,A001,6,1019,496972,-0.2694,0.4525,-0.0282,-52.3071,-8.1787,-101.2573,0.5273,,
DATA,A001,6,1020,496982,-0.2543,0.4351,-0.0421,-53.8940,-9.3994,-84.6558,0.5057,,
DATA,A001,6,1021,496992,-0.2482,0.4275,-0.0487,-54.9927,-8.8501,-73.1201,0.4967,,
DATA,A001,6,1022,497002,-0.2408,0.4273,-0.0626,-56.5186,-5.8594,-55.3589,0.4945,,
DATA,A001,6,1023,497012,-0.2399,0.4280,-0.0643,-57.3120,-2.6245,-42.9688,0.4949,,
DATA,A001,6,1024,497022,-0.2338,0.4368,-0.0714,-58.4106,5.0049,-23.9868,0.5006,,
DATA,A001,6,1025,497032,-0.2262,0.4422,-0.0736,-58.7769,11.3525,-10.7422,0.5021,,
DATA,A001,6,1026,497042,-0.2164,0.4637,-0.0748,-59.5093,22.8882,9.8877,0.5171,,
DATA,A001,6,1027,497052,-0.2130,0.4827,-0.0792,-59.8755,31.0059,24.6582,0.5335,,
DATA,A001,6,1028,497062,-0.2223,0.5198,-0.0839,-59.5703,44.5557,47.4854,0.5715,,
DATA,A001,6,1029,497072,-0.2318,0.5506,-0.0861,-59.2041,52.7954,63.0493,0.6036,,
DATA,A001,6,1030,497082,-0.2530,0.6011,-0.0905,-58.2275,63.1104,86.7310,0.6585,,
DATA,A001,6,1031,497092,-0.2657,0.6463,-0.0939,-56.8237,68.4204,102.8442,0.7051,,
DATA,A001,6,1032,497102,-0.2753,0.7212,-0.0924,-54.5654,74.3408,126.5259,0.7775,,
DATA,A001,6,1033,497112,-0.2743,0.7786,-0.0890,-54.3213,77.7588,141.9678,0.8303,,
DATA,A001,6,1034,497122,-0.2743,0.8641,-0.0941,-55.9082,83.6792,164.2456,0.9114,,
DATA,A001,6,1035,497132,-0.2731,0.9239,-0.1085,-56.3965,87.9517,178.4058,0.9695,,
DATA,A001,6,1036,497142,-0.2735,1.0350,-0.1425,-53.7109,95.2759,198.6084,1.0799,,
DATA,A001,6,1037,497152,-0.2701,1.1360,-0.1605,-49.3164,101.1353,210.9375,1.1787,,
DATA,A001,6,1038,497162,-0.2638,1.3160,-0.1727,-42.9077,111.1450,226.3184,1.3532,,
DATA,A001,6,1039,497172,-0.2745,1.4380,-0.1669,-41.4429,118.2251,234.3140,1.4735,,
DATA,A001,6,1040,497182,-0.2992,1.5755,-0.1342,-45.8374,126.7090,241.9434,1.6093,,
DATA,A001,6,1041,497192,-0.3221,1.6358,-0.1141,-52.4292,131.2256,245.3613,1.6711,,
DATA,A001,6,1042,497202,-0.3109,1.7205,-0.1425,-57.2510,136.9019,249.0845,1.7542,,
DATA,A001,6,1043,497212,-0.2823,1.7850,-0.1725,-53.4058,141.3574,251.0986,1.8154,,
DATA,A001,6,1044,497222,-0.2601,1.8502,-0.1981,-48.3398,146.8506,253.2349,1.8788,,
DATA,A001,6,1045,497232,-0.2679,1.8846,-0.1735,-45.3491,154.3579,255.3711,1.9114,,
DATA,A001,6,1046,497242,-0.3185,1.8392,-0.1029,-46.9971,154.4800,256.3477,1.8694,,
DATA,A001,6,1047,497252,-0.4191,1.7173,0.0467,-48.4009,143.3105,258.7891,1.7683,,
DATA,A001,6,1048,497262,-0.4825,1.6429,0.1507,-45.7764,130.2490,261.3525,1.7189,,
DATA,A001,6,1049,497272,-0.5792,1.5696,0.2599,-41.9312,101.8677,262.0850,1.6932,,
DATA,A001,6,1050,497282,-0.6190,1.5213,0.2640,-42.7246,82.9468,258.4229,1.6635,,
DATA,A001,6,1051,497292,-0.6222,1.3919,0.2059,-48.4009,57.3730,244.0796,1.5385,,
DATA,A001,6,1052,497302,-0.6271,1.2642,0.1493,-52.3682,40.6494,229.5532,1.4191,,
DATA,A001,6,1053,497312,-0.6610,1.0494,0.0206,-56.0913,5.7983,206.9702,1.2404,,
DATA,A001,6,1054,497322,-0.6898,0.9087,-0.0690,-53.4058,-30.4565,190.9790,1.1430,,
DATA,A001,6,1055,497332,-0.6859,0.7850,-0.1618,-36.5601,-100.1587,166.3208,1.0549,,
DATA,A001,6,1056,497342,-0.6229,0.7706,-0.1932,-17.1509,-146.6675,149.0479,1.0095,,
DATA,A001,6,1057,497352,-0.4779,0.8323,-0.1930,9.3384,-197.3877,118.6523,0.9790,,
DATA,A001,6,1058,497362,-0.3712,0.8909,-0.1644,19.4092,-214.4775,96.6797,0.9791,,
DATA,A001,6,1059,497372,-0.2115,0.9573,-0.1217,24.1089,-217.3462,65.8569,0.9880,,
DATA,A001,6,1060,497382,-0.1129,0.9681,-0.0951,22.3389,-205.9937,48.8281,0.9793,,
DATA,A001,6,1061,497392,0.0082,0.9261,-0.0380,16.2354,-167.9688,26.9165,0.9269,,
DATA,A001,6,1062,497402,0.0702,0.8843,0.0111,11.2915,-131.5918,13.6108,0.8872,,
DATA,A001,6,1063,497412,0.1049,0.8228,0.0738,5.4321,-65.0024,-3.7842,0.8327,,
DATA,A001,6,1064,497422,0.0929,0.7906,0.0968,2.0752,-17.0288,-13.6719,0.8019,,
DATA,A001,6,1065,497432,0.0336,0.7505,0.1205,-2.6245,50.8423,-26.3062,0.7609,,
DATA,A001,6,1066,497442,0.0026,0.7271,0.1390,-5.4321,89.1724,-32.9590,0.7403,,
DATA,A001,6,1067,497452,-0.0121,0.6810,0.1620,-10.9863,136.5356,-40.1001,0.7001,,
DATA,A001,6,1068,497462,-0.0231,0.6409,0.1571,-15.6860,165.0391,-43.5791,0.6603,,
DATA,A001,6,1069,497472,-0.0321,0.5796,0.1446,-18.9209,202.8809,-47.2412,0.5983,,
DATA,A001,6,1070,497482,-0.0414,0.5591,0.1351,-16.9067,225.4028,-47.7905,0.5767,,
DATA,A001,6,1071,497492,-0.0856,0.5591,0.1307,-10.8032,253.6621,-47.9736,0.5806,,
DATA,A001,6,1072,497502,-0.1341,0.5701,0.1293,-7.2632,267.0898,-47.6074,0.5998,,
DATA,A001,6,1073,497512,-0.2298,0.6036,0.1373,-4.0894,276.5503,-45.4712,0.6603,,
DATA,A001,6,1074,497522,-0.3004,0.6226,0.1337,-4.0283,276.1230,-44.5557,0.7041,,
DATA,A001,6,1075,497532,-0.3915,0.6507,0.1410,-1.2817,263.3667,-42.2363,0.7723,,
DATA,A001,6,1076,497542,-0.4501,0.6658,0.1473,0.5493,246.2769,-39.7339,0.8171,,
DATA,A001,6,1077,497552,-0.5028,0.6832,0.1681,2.9297,210.1440,-36.1938,0.8647,,
DATA,A001,6,1078,497562,-0.5177,0.7012,0.1984,5.8594,180.2368,-33.8745,0.8939,,
DATA,A001,6,1079,497572,-0.5160,0.7398,0.2225,9.3994,149.5972,-31.2500,0.9290,,
DATA,A001,6,1080,497582,-0.4691,0.8094,0.2364,14.5264,106.5674,-27.1606,0.9649,,
DATA,A001,6,1081,497592,-0.4130,0.8550,0.2684,17.5171,84.2285,-24.8413,0.9867,,
DATA,A001,6,1082,497602,-0.3263,0.9124,0.3136,20.9351,66.2842,-22.9492,1.0185,,
DATA,A001,6,1083,497612,-0.2811,0.9341,0.3353,20.8130,65.0024,-22.7051,1.0315,,
DATA,A001,6,1084,497622,-0.2377,0.9217,0.3522,18.0664,74.2188,-22.7051,1.0149,,
DATA,A001,6,1085,497632,-0.2281,0.8939,0.3475,17.8833,83.9844,-22.5220,0.9858,,
DATA,A001,6,1086,497642,-0.2482,0.8790,0.3226,25.1465,97.2900,-20.9961,0.9686,,
DATA,A001,6,1087,497652,-0.2652,0.9185,0.3119,35.0952,104.3701,-19.4092,1.0056,,
DATA,A001,6,1088,497662,-0.2860,1.0428,0.3304,49.2554,110.5957,-16.6626,1.1307,,
DATA,A001,6,1089,497672,-0.2982,1.1424,0.3341,52.7344,112.9150,-16.2964,1.2270,,
DATA,A001,6,1090,497682,-0.3116,1.2454,0.3165,49.3774,114.1968,-17.3950,1.3223,,
DATA,A001,6,1091,497692,-0.3104,1.2774,0.3204,44.9829,114.3188,-19.5312,1.3531,,
DATA,A001,6,1092,497702,-0.2877,1.2579,0.3365,38.4521,117.0654,-24.9634,1.3335,,
DATA,A001,6,1093,497712,-0.3187,1.2486,0.3136,35.0342,118.5913,-28.9307,1.3262,,
DATA,A001,6,1094,497722,-0.3802,1.3514,0.2428,43.6401,118.5913,-32.8369,1.4247,,
DATA,A001,6,1095,497732,-0.3971,1.5025,0.2687,55.6641,113.2202,-35.4004,1.5771,,
DATA,A001,6,1096,497742,-0.4315,1.7068,0.3277,54.5044,102.7832,-43.8843,1.7908,,
DATA,A001,6,1097,497752,-0.4413,1.7022,0.3351,36.6821,94.7876,-51.0864,1.7901,,
DATA,A001,6,1098,497762,-0.4127,1.4734,0.3527,8.9722,77.0874,-62.6221,1.5703,,
DATA,A001,6,1099,497772,-0.3846,1.3013,0.3505,4.0894,67.0166,-70.9229,1.4015,,
DATA,A001,6,1100,497782,-0.3268,1.1439,0.3480,12.8174,57.1899,-83.6182,1.2395,,
DATA,A001,6,1101,497792,-0.2933,1.0970,0.3522,16.4185,54.8096,-93.0176,1.1889,,
DATA,A001,6,1102,497802,-0.2828,1.0272,0.3485,12.0850,51.8799,-108.8257,1.1209,,
DATA,A001,6,1103,497812,-0.3058,0.9966,0.3297,10.7422,50.1099,-118.4082,1.0934,,
DATA,A001,6,1104,497822,-0.3622,1.0574,0.2870,20.8130,42.2974,-129.6997,1.1540,,
DATA,A001,6,1105,497832,-0.4032,1.1597,0.2733,30.2124,34.1797,-135.7422,1.2579,,
DATA,A001,6,1106,497842,-0.4335,1.3055,0.2770,29.1748,20.2637,-147.2778,1.4032,,
DATA,A001,6,1107,497852,-0.4354,1.3401,0.2662,18.1274,11.5967,-156.6772,1.4340,,
DATA,A001,6,1108,497862,-0.4071,1.3196,0.2157,2.3193,-0.8545,-171.6919,1.3977,,
DATA,A001,6,1109,497872,-0.3910,1.3016,0.1735,-0.8545,-6.4697,-180.8472,1.3701,,
DATA,A001,6,1110,497882,-0.3561,1.2962,0.1202,0.9155,-8.9111,-192.6880,1.3496,,
DATA,A001,6,1111,497892,-0.3268,1.3099,0.1063,1.2817,-7.0801,-200.1343,1.3542,,
DATA,A001,6,1112,497902,-0.3031,1.3135,0.1027,-2.7466,-0.1221,-210.7544,1.3520,,
DATA,A001,6,1113,497912,-0.2941,1.2933,0.1031,-6.4087,5.9814,-216.6748,1.3303,,
DATA,A001,6,1114,497922,-0.2921,1.2552,0.1056,-9.4604,12.0850,-220.9473,1.2930,,
DATA,A001,6,1115,497932,-0.2933,1.1822,0.1193,-11.7798,20.4468,-225.0366,1.2239,,
DATA,A001,6,1116,497942,-0.2960,1.1275,0.1227,-12.3901,24.6582,-226.4404,1.1721,,
DATA,A001,6,1117,497952,-0.3033,1.0538,0.1288,-11.5356,31.3721,-226.8677,1.1041,,
DATA,A001,6,1118,497962,-0.3104,1.0128,0.1278,-10.2539,35.4614,-225.7080,1.0669,,
DATA,A001,6,1119,497972,-0.3260,0.9473,0.1280,-8.1177,37.9639,-221.9238,1.0100,,
DATA,A001,6,1120,497982,-0.3382,0.9024,0.1285,-6.1646,36.0718,-217.7734,0.9722,,
DATA,A001,6,1121,497992,-0.3492,0.8492,0.1212,-3.4790,26.5503,-209.7168,0.9262,,
DATA,A001,6,1122,498002,-0.3505,0.8143,0.1153,-2.5024,16.3574,-203.0029,0.8940,,
DATA,A001,6,1123,498012,-0.3575,0.7574,0.1173,-1.5259,-2.2583,-191.3452,0.8457,,
DATA,A001,6,1124,498022,-0.3666,0.7247,0.1178,-1.3428,-15.5029,-182.9834,0.8206,,
DATA,A001,6,1125,498032,-0.3702,0.6961,0.1080,-1.2207,-37.1094,-169.6777,0.7958,,
DATA,A001,6,1126,498042,-0.3614,0.6910,0.0978,-1.1597,-51.9409,-159.9121,0.7859,,
DATA,A001,6,1127,498052,-0.3282,0.6966,0.0756,-1.9531,-73.0591,-144.3481,0.7737,,
DATA,A001,6,1128,498062,-0.2938,0.7022,0.0668,-3.0518,-83.6792,-133.3618,0.7641,,
DATA,A001,6,1129,498072,-0.2394,0.6995,0.0516,-6.1035,-91.9800,-116.3940,0.7411,,
DATA,A001,6,1130,498082,-0.2067,0.6939,0.0568,-7.6904,-92.5293,-104.9805,0.7262,,
DATA,A001,6,1131,498092,-0.1705,0.6732,0.0707,-9.3994,-87.0972,-88.3179,0.6980,,
DATA,A001,6,1132,498102,-0.1544,0.6463,0.0856,-10.4370,-81.0547,-77.4536,0.6700,,
DATA,A001,6,1133,498112,-0.1400,0.5972,0.1061,-11.7798,-69.8853,-61.0962,0.6225,,
DATA,A001,6,1134,498122,-0.1297,0.5709,0.1149,-11.1084,-61.4624,-49.9268,0.5966,,
DATA,A001,6,1135,498132,-0.1263,0.5411,0.1266,-7.9346,-47.7295,-32.1655,0.5699,,
DATA,A001,6,1136,498142,-0.1312,0.5408,0.1476,-3.6011,-38.7573,-19.2261,0.5758,,
DATA,A001,6,1137,498152,-0.1510,0.5855,0.1761,4.0283,-27.0386,2.5024,0.6298,,
DATA,A001,6,1138,498162,-0.1700,0.6343,0.1788,7.3242,-21.7285,17.9443,0.6806,,
DATA,A001,6,1139,498172,-0.2042,0.7032,0.1744,8.9111,-16.4185,40.8325,0.7527,,
DATA,A001,6,1140,498182,-0.2157,0.7447,0.1732,9.1553,-14.4043,56.3965,0.7944,,
DATA,A001,6,1141,498192,-0.2399,0.7889,0.1703,8.6060,-13.3057,79.8950,0.8419,,
DATA,A001,6,1142,498202,-0.2674,0.8040,0.1669,8.3618,-13.4277,95.0928,0.8636,,
DATA,A001,6,1143,498212,-0.3277,0.8353,0.1605,8.9722,-14.4653,114.8682,0.9115,,
DATA,A001,6,1144,498222,-0.3795,0.8450,0.1798,9.2773,-16.7236,126.1597,0.9436,,
DATA,A001,6,1145,498232,-0.5275,0.8233,0.2103,7.2021,-25.0244,138.4888,1.0001,,
DATA,A001,6,1146,498242,-0.6605,0.8060,0.1395,6.7139,-30.5176,143.8599,1.0513,,
DATA,A001,6,1147,498252,-0.8492,0.8089,0.0765,14.4653,-43.0908,149.5361,1.1753,,
DATA,A001,6,1148,498262,-1.2267,0.9109,0.0419,43.5181,-78.6133,154.9072,1.5285,,
DATA,A001,6,1149,498272,-1.4867,1.0262,0.0182,64.3921,-115.6616,154.6021,1.8065,,
DATA,A001,6,1150,498282,-1.8973,1.1700,0.1820,83.1299,-192.5659,139.1602,2.2365,,
DATA,A001,6,1151,498292,-2.1022,1.2691,0.4408,90.2100,-252.0752,116.0889,2.4948,,
DATA,A001,6,1152,498302,-2.1261,1.4105,0.8285,87.0972,-332.6416,70.3125,2.6825,,
DATA,A001,6,1153,498312,-2.0780,1.4434,0.9276,69.4580,-402.7710,34.1187,2.6948,,
DATA,A001,6,1154,498322,-1.9503,1.3152,0.9274,36.4990,-487.1216,-31.7993,2.5285,,
DATA,A001,6,1155,498332,-1.8739,1.2259,0.8883,20.1416,-529.6631,-83.4351,2.4090,,
DATA,A001,6,1156,498342,-1.8160,1.1263,0.7001,6.8359,-561.6455,-158.2031,2.2487,,
DATA,A001,6,1157,498352,-1.6315,1.1194,0.6244,4.1504,-564.0259,-191.5894,2.0748,,
DATA,A001,6,1158,498362,-1.2723,1.1849,0.5233,-8.3618,-559.2041,-211.8530,1.8156,,
DATA,A001,6,1159,498372,-0.9503,1.2054,0.4694,-23.9258,-549.1943,-212.4023,1.6051,,
DATA,A001,6,1160,498382,-0.4393,1.1653,0.4242,-49.2554,-519.4092,-204.7119,1.3157,,
DATA,A001,6,1161,498392,-0.1669,1.1412,0.4195,-67.0166,-490.1733,-196.8384,1.2272,,
DATA,A001,6,1162,498402,0.1400,1.0547,0.4383,-94.4824,-425.9033,-181.2134,1.1508,,
DATA,A001,6,1163,498412,0.2409,0.9749,0.4508,-109.9854,-378.6621,-171.3257,1.1008,,
DATA,A001,6,1164,498422,0.2829,0.8074,0.4830,-123.6572,-312.1948,-165.2832,0.9825,,
DATA,A001,6,1165,498432,0.3070,0.7183,0.5060,-124.3286,-276.0010,-164.7339,0.9307,,
DATA,A001,6,1166,498442,0.2992,0.6148,0.5282,-121.7041,-232.2388,-158.5693,0.8640,,
DATA,A001,6,1167,498452,0.2675,0.5389,0.4864,-117.3706,-206.5430,-152.5269,0.7737,,
DATA,A001,6,1168,498462,0.2013,0.4666,0.4923,-106.0791,-187.0728,-140.3809,0.7075,,
DATA,A001,6,1169,498472,0.1644,0.4510,0.5292,-99.1821,-180.3589,-127.8076,0.7145,,
DATA,A001,6,1170,498482,0.1088,0.4466,0.5111,-92.5293,-174.7437,-109.6191,0.6874,,
DATA,A001,6,1171,498492,0.0751,0.4676,0.5768,-88.9282,-174.8047,-99.9146,0.7463,,
DATA,A001,6,1172,498502,0.0548,0.5269,0.5887,-86.9751,-166.5649,-90.3931,0.7920,,
DATA,A001,6,1173,498512,0.1112,0.5294,0.5460,-85.5103,-156.8604,-85.8765,0.7686,,
DATA,A001,6,1174,498522,0.1796,0.5106,0.5370,-82.1533,-137.8174,-76.0498,0.7624,,
DATA,A001,6,1175,498532,0.1933,0.4879,0.5270,-82.3975,-121.0327,-71.1060,0.7437,,
DATA,A001,6,1176,498542,0.1552,0.4378,0.4989,-82.3364,-98.3887,-66.8335,0.6816,,
DATA,A001,6,1177,498552,0.1225,0.4095,0.5106,-80.3833,-90.0879,-64.3311,0.6659,,
DATA,A001,6,1178,498562,0.0866,0.3836,0.5448,-75.9277,-86.2427,-61.6455,0.6719,,
DATA,A001,6,1179,498572,0.0910,0.3650,0.5607,-72.6929,-85.3271,-61.3403,0.6752,,
DATA,A001,6,1180,498582,0.1010,0.3550,0.5756,-69.1528,-85.1440,-60.4858,0.6837,,
DATA,A001,6,1181,498592,0.0729,0.3348,0.7064,-65.0024,-81.9702,-58.2275,0.7851,,
DATA,A001,6,1182,498602,0.3661,0.4356,0.3697,-59.2651,-72.6318,-54.9927,0.6786,,
DATA,A001,6,1183,498612,0.3988,0.4493,0.4349,-46.1426,-78.9795,-38.6963,0.7417,,
DATA,A001,6,1184,498622,0.4347,0.4085,0.5394,-46.2646,-67.8101,-32.5928,0.8043,,
DATA,A001,6,1185,498632,0.3092,0.3760,0.4857,-40.3442,-56.1523,-39.3677,0.6877,,
DATA,A001,6,1186,498642,0.2316,0.5081,0.5685,-31.2500,-46.2036,-40.2222,0.7969,,
DATA,A001,6,1187,498652,0.1779,0.4349,0.5504,-28.3813,-44.0063,-33.3862,0.7237,,
DATA,A001,6,1188,498662,0.1813,0.4764,0.5914,-21.5454,-46.8140,-33.9355,0.7808,,
DATA,A001,6,1189,498672,0.1574,0.3375,0.6849,-17.4561,-52.1851,-29.6631,0.7796,,
DATA,A001,6,1190,498682,0.1068,0.3001,0.7819,-15.6860,-53.0396,-29.6021,0.8443,,
DATA,A001,6,1191,498692,-0.0277,0.2481,0.8524,-13.1226,-65.9180,-37.0483,0.8882,,
DATA,A001,6,1192,498702,-0.0392,0.3099,0.8776,-8.3618,-74.0356,-38.5132,0.9315,,
DATA,A001,6,1193,498712,0.0377,0.3201,0.9217,-5.0049,-80.8716,-34.9731,0.9765,,
DATA,A001,6,1194,498722,0.1178,0.2579,0.9735,-10.2539,-79.9561,-35.2173,1.0139,,
DATA,A001,6,1195,498732,0.1488,0.2715,0.8900,-15.1978,-63.8428,-39.0625,0.9423,,
DATA,A001,6,1196,498742,0.0958,0.3719,0.8653,-11.5967,-46.4478,-40.4663,0.9467,,
DATA,A001,6,1197,498752,0.2057,0.4241,1.0257,-34.9121,-33.5083,-20.3857,1.1289,,
DATA,A001,6,1198,498762,0.1120,0.3182,1.0209,-47.7905,-22.7661,-25.0244,1.0751,,
DATA,A001,6,1199,498772,0.0941,0.1641,1.0301,-27.1606,-6.1035,-34.4849,1.0474,,
DATA,A001,6,1200,498782,0.0905,0.2391,1.1134,-4.2725,-4.8828,-31.4941,1.1424,,
DATA,A001,6,1201,498792,0.1293,0.4468,1.1178,-6.4697,9.4604,-28.3203,1.2107,,
DATA,A001,6,1202,498802,0.1178,0.4151,1.0948,-11.4746,21.7896,-27.0386,1.1768,,
DATA,A001,6,1203,498812,0.1369,0.3199,0.9645,35.9497,13.3057,-35.8887,1.0253,,
DATA,A001,6,1204,498822,-0.0030,0.6302,1.1507,35.0952,13.8550,-29.2358,1.3120,,
DATA,A001,6,1205,498832,-0.1649,0.5621,1.0719,-21.1792,-0.3662,-52.1240,1.2215,,
DATA,A001,6,1206,498842,-0.0956,0.4788,1.0785,-32.2876,-32.5928,-65.2466,1.1839,,
DATA,A001,6,1207,498852,0.0661,0.5174,1.0858,-33.5083,-68.2983,-56.5796,1.2046,,
DATA,A001,6,1208,498862,0.1090,0.4207,1.0558,-45.2881,-79.4067,-55.3589,1.1417,,
DATA,A001,6,1209,498872,0.0492,0.3057,0.9713,-66.2231,-100.0977,-64.9414,1.0195,,
DATA,A001,6,1210,498882,0.0934,0.2674,1.0194,-66.5894,-114.1357,-70.4346,1.0580,,
DATA,A001,6,1211,498892,0.0692,0.3484,1.0248,-76.1108,-146.1182,-88.0737,1.0846,,
DATA,A001,6,1212,498902,0.0795,0.7979,0.8910,-73.3643,-168.5791,-94.2993,1.1987,,
DATA,A001,6,1213,498912,0.2833,0.1016,0.9252,-52.7344,-182.6172,-85.5713,0.9729,,
DATA,A001,6,1214,498922,0.3649,-0.0207,0.8712,-22.2778,-178.4058,-69.4580,0.9448,,
DATA,A001,6,1215,498932,0.3483,-0.0932,0.7963,-0.4272,-156.4331,-70.9229,0.8741,,
DATA,A001,6,1216,498942,0.4064,-0.0976,0.8378,6.8970,-139.7095,-62.2559,0.9362,,
DATA,A001,6,1217,498952,0.4938,-0.0314,0.8180,4.5166,-135.1318,-46.2646,0.9560,,
DATA,A001,6,1218,498962,0.5609,0.0726,0.7010,22.2168,-84.7778,-31.3110,0.9008,,
DATA,A001,6,1219,498972,0.5245,0.1822,0.7316,28.9307,-62.5610,-32.4097,0.9184,,
DATA,A001,6,1220,498982,0.5187,0.2935,0.7665,17.5781,-34.2407,-29.2969,0.9709,,
DATA,A001,6,1221,498992,0.5792,0.2391,0.8260,10.9863,-7.2021,-29.6021,1.0368,,
DATA,A001,6,1222,499002,0.4872,0.1453,0.7889,15.4419,29.7852,-43.5791,0.9386,,
DATA,A001,6,1223,499012,0.3768,0.1946,0.7748,17.8223,43.8232,-48.7671,0.8833,,
DATA,A001,6,1224,499022,0.2052,0.2994,0.7086,27.4658,40.7715,-54.7485,0.7962,,
DATA,A001,6,1225,499032,0.2504,0.3348,0.8111,15.9912,21.8506,-41.4429,0.9125,,
DATA,A001,6,1226,499042,0.2208,0.3499,0.9398,0.9766,-0.7935,-35.2783,1.0269,,
DATA,A001,6,1227,499052,0.3183,0.3433,0.9420,-3.3569,-5.9204,-28.9307,1.0519,,
DATA,A001,6,1228,499062,0.3827,0.4407,0.8968,-8.4229,-4.6387,-21.4233,1.0701,,
DATA,A001,6,1229,499072,0.3969,0.4339,0.8817,-11.1694,-0.9155,-21.2402,1.0598,,
DATA,A001,6,1230,499082,0.4374,0.3533,0.8773,-11.1694,4.8828,-16.6016,1.0420,,
DATA,A001,6,1231,499092,0.4450,0.3436,0.8888,-9.2163,12.8174,-12.9395,1.0516,,
DATA,A001,6,1232,499102,0.6298,0.2837,0.9347,-7.3853,36.6211,0.3052,1.1622,,
DATA,A001,6,1233,499112,0.7155,0.2632,0.9303,-7.8735,62.0728,10.8643,1.2028,,
EVENT,A001,6,,499115,,,,,,,,STOP,1233
EVENT,A001,7,,527784,,,,,,,,START,
DATA,A001,7,1,527807,0.1251,-0.0693,0.9652,-2.9907,35.1562,-63.4155,0.9757,,
DATA,A001,7,2,527817,0.1554,-0.0385,0.9257,6.1035,21.2402,-61.7065,0.9394,,
DATA,A001,7,3,527827,0.1915,-0.0090,0.9623,7.8735,10.9253,-56.9458,0.9812,,
DATA,A001,7,4,527837,0.2135,0.0218,0.9628,11.1694,7.3242,-55.6030,0.9864,,
DATA,A001,7,5,527847,0.2130,0.0850,0.9769,10.7422,3.8452,-57.1289,1.0035,,
DATA,A001,7,6,527857,0.2243,0.0980,0.9808,8.3618,6.7139,-56.8237,1.0109,,
DATA,A001,7,7,527867,0.2196,0.0867,1.0131,2.5635,12.5122,-58.6548,1.0402,,
DATA,A001,7,8,527877,0.2037,0.0596,1.0177,-3.0518,18.0664,-60.6689,1.0396,,
DATA,A001,7,9,527887,0.2084,-0.0034,1.0109,-8.6060,27.5269,-55.7251,1.0321,,
DATA,A001,7,10,527897,0.1803,-0.0339,1.0135,-9.2163,32.7759,-55.0537,1.0300,,
DATA,A001,7,11,527907,0.1012,-0.0700,1.0292,-7.0801,26.9775,-59.3872,1.0365,,
DATA,A001,7,12,527917,0.0621,-0.0978,1.0309,-2.5635,17.2729,-59.0210,1.0374,,
DATA,A001,7,13,527927,0.0714,-0.1227,1.0353,7.6904,-4.3945,-62.9272,1.0450,,
DATA,A001,7,14,527937,0.1378,-0.0795,1.0384,11.5356,-17.8223,-63.9648,1.0506,,
DATA,A001,7,15,527947,0.2284,-0.0268,1.0319,8.4839,-22.2168,-61.9507,1.0572,,
DATA,A001,7,16,527957,0.2731,-0.0200,1.0404,2.9907,-17.5781,-63.3545,1.0758,,
DATA,A001,7,17,527967,0.2570,-0.0683,1.0245,-7.1411,-4.5776,-62.3779,1.0585,,
DATA,A001,7,18,527977,0.2406,-0.0771,1.0304,-6.2866,-0.6714,-72.5098,1.0609,,
DATA,A001,7,19,527987,0.2340,-0.0622,1.0218,-6.5308,-0.3662,-78.9185,1.0501,,
DATA,A001,7,20,527997,0.2050,-0.0700,1.0404,-8.4229,1.2207,-81.3599,1.0627,,
DATA,A001,7,21,528007,0.1527,-0.0722,0.9828,-8.4229,-1.4038,-93.7500,0.9972,,
DATA,A001,7,22,528017,0.1683,-0.0522,0.9818,-10.9863,-6.4697,-93.5669,0.9975,,
DATA,A001,7,23,528027,0.1986,-0.0432,1.0067,-16.6626,-7.1411,-93.0176,1.0270,,
DATA,A001,7,24,528037,0.2072,-0.0529,1.0023,-18.8599,-3.9673,-97.2290,1.0249,,
DATA,A001,7,25,528047,0.2189,-0.0764,0.9860,-20.2026,-2.2583,-101.4404,1.0128,,
DATA,A001,7,26,528057,0.2308,-0.0900,0.9896,-18.0054,-1.8921,-103.1494,1.0202,,
DATA,A001,7,27,528067,0.2448,-0.0910,0.9943,-13.9160,-0.5493,-104.1870,1.0280,,
DATA,A001,7,28,528077,0.2250,-0.1003,0.9940,-9.6436,-0.0610,-106.3843,1.0241,,
DATA,A001,7,29,528087,0.2169,-0.0598,1.0189,-5.6763,-3.1128,-104.7363,1.0435,,
DATA,A001,7,30,528097,0.2250,-0.0366,1.0236,-6.7749,-1.4038,-104.9194,1.0486,,
DATA,A001,7,31,528107,0.2428,-0.0266,1.0131,-10.1318,4.2114,-102.2949,1.0421,,
DATA,A001,7,32,528117,0.2528,-0.0043,1.0150,-12.8784,9.0942,-100.3418,1.0460,,
DATA,A001,7,33,528127,0.2684,0.0040,1.0187,-17.7612,18.4937,-98.5107,1.0535,,
DATA,A001,7,34,528137,0.2677,0.0018,1.0069,-19.6533,24.7803,-97.6562,1.0419,,
DATA,A001,7,35,528147,0.2623,0.0003,1.0018,-20.7520,30.3955,-96.3745,1.0356,,
DATA,A001,7,36,528157,0.2616,-0.0068,0.9962,-21.3013,33.3252,-92.0410,1.0300,,
DATA,A001,7,37,528167,0.2514,0.0167,0.9984,-21.3623,39.9170,-87.4023,1.0297,,
DATA,A001,7,38,528177,0.2372,0.0311,0.9918,-22.3999,41.8701,-84.3506,1.0203,,
DATA,A001,7,39,528187,0.2189,0.0272,0.9796,-21.9727,41.6260,-82.3975,1.0041,,
DATA,A001,7,40,528197,0.1928,0.0508,0.9759,-19.4092,34.5459,-80.2612,0.9961,,
DATA,A001,7,41,528207,0.1732,0.0389,0.9747,-18.6157,27.2827,-76.0498,0.9908,,
DATA,A001,7,42,528217,0.1830,0.0088,0.9554,-12.5122,16.7847,-74.3408,0.9728,,
DATA,A001,7,43,528227,0.2399,0.0040,0.9276,5.0659,18.3716,-66.0400,0.9581,,
DATA,A001,7,44,528237,0.3363,-0.0373,0.9608,8.6670,18.6157,-59.2041,1.0187,,
DATA,A001,7,45,528247,0.3322,0.0264,0.9220,7.9956,25.5127,-55.0537,0.9804,,
DATA,A001,7,46,528257,0.4843,0.0032,0.8766,17.9443,23.9258,-33.7524,1.0015,,
DATA,A001,7,47,528267,0.4445,-0.0746,0.8570,47.7295,27.7100,-16.4795,0.9683,,
DATA,A001,7,48,528277,0.2941,0.8453,1.0382,56.0303,63.0493,-26.4282,1.3707,,
DATA,A001,7,49,528287,0.1425,0.4542,1.0060,-12.4512,99.3652,-11.0474,1.1129,,
DATA,A001,7,50,528297,0.0807,-0.0993,0.8800,-44.8608,88.9282,-46.0205,0.8893,,
DATA,A001,7,51,528307,0.0458,-0.2224,0.8964,-12.2681,61.0352,-45.5322,0.9247,,
DATA,A001,7,52,528317,0.0766,-0.0793,0.9005,41.5649,33.1421,-20.2637,0.9072,,
DATA,A001,7,53,528327,0.0954,0.0872,0.9037,53.8940,22.0947,-9.8877,0.9129,,
DATA,A001,7,54,528337,0.1310,0.2322,0.8890,48.0347,18.6157,-8.4229,0.9282,,
DATA,A001,7,55,528347,0.1373,0.2432,0.8885,44.7388,23.0713,-10.1318,0.9314,,
DATA,A001,7,56,528357,0.1486,0.2266,0.8778,49.1333,32.2266,-8.8501,0.9187,,
DATA,A001,7,57,528367,0.1452,0.2391,0.8697,54.8096,37.2314,-6.5918,0.9136,,
DATA,A001,7,58,528377,0.1508,0.2654,0.8395,61.4624,42.7246,-2.1362,0.8933,,
DATA,A001,7,59,528387,0.1632,0.2757,0.8141,65.4297,45.4102,1.4038,0.8749,,
DATA,A001,7,60,528397,0.1984,0.2681,0.7567,72.9370,51.9409,8.7891,0.8270,,
DATA,A001,7,61,528407,0.2279,0.2674,0.7137,78.7964,57.9224,15.3809,0.7955,,
DATA,A001,7,62,528417,0.2484,0.2652,0.6395,88.2568,69.5190,26.9775,0.7355,,
DATA,A001,7,63,528427,0.2406,0.2667,0.5797,94.9707,77.6978,35.5225,0.6820,,
DATA,A001,7,64,528437,0.2308,0.2857,0.5133,107.7881,86.2427,50.4150,0.6312,,
DATA,A001,7,65,528447,0.2355,0.3140,0.4806,118.4082,90.2710,62.4390,0.6205,,
DATA,A001,7,66,528457,0.2540,0.3943,0.4457,136.0474,96.5576,83.9233,0.6470,,
DATA,A001,7,67,528467,0.2509,0.4651,0.4359,146.9727,103.0884,98.6938,0.6851,,
DATA,A001,7,68,528477,0.2396,0.5677,0.4142,159.3628,120.1172,116.8213,0.7425,,
DATA,A001,7,69,528487,0.2274,0.6082,0.4025,164.6729,134.3384,127.3804,0.7639,,
DATA,A001,7,70,528497,0.1786,0.6426,0.3890,171.1426,157.8979,143.1885,0.7722,,
DATA,A001,7,71,528507,0.1381,0.6563,0.3805,176.9409,172.0581,153.8696,0.7711,,
DATA,A001,7,72,528517,0.0936,0.6724,0.3817,183.2275,183.7769,165.2832,0.7789,,
DATA,A001,7,73,528527,0.0326,0.7112,0.3722,192.9321,198.1201,181.4575,0.8034,,
DATA,A001,7,74,528537,0.0158,0.7464,0.3661,198.3643,205.5054,191.2842,0.8315,,
DATA,A001,7,75,528547,0.0370,0.7964,0.3534,206.1768,219.7876,205.3223,0.8721,,
DATA,A001,7,76,528557,0.0700,0.8282,0.3373,211.1816,235.1685,213.6841,0.8970,,
DATA,A001,7,77,528567,0.1325,0.8685,0.2919,219.2383,272.2778,223.9380,0.9257,,
DATA,A001,7,78,528577,0.1427,0.9180,0.2506,225.4028,306.2134,230.4077,0.9623,,
DATA,A001,7,79,528587,0.0924,1.0025,0.1818,232.6050,359.5581,240.2344,1.0230,,
DATA,A001,7,80,528597,-0.0030,1.0745,0.1366,233.7646,387.4512,247.1313,1.0832,,
DATA,A001,7,81,528607,-0.2025,1.1837,0.0821,230.9570,403.3203,259.0332,1.2037,,
DATA,A001,7,82,528617,-0.3019,1.2496,0.0770,231.9336,398.7427,265.3198,1.2878,,
DATA,A001,7,83,528627,-0.3517,1.3360,0.0741,234.4360,385.1929,265.7471,1.3835,,
DATA,A001,7,84,528637,-0.3370,1.3943,0.0890,235.9619,380.9814,261.4746,1.4373,,
DATA,A001,7,85,528647,-0.3031,1.4625,0.1100,235.4736,384.4604,259.2163,1.4976,,
DATA,A001,7,86,528657,-0.2804,1.5130,0.1417,234.4971,389.8926,260.2539,1.5453,,
DATA,A001,7,87,528667,-0.3290,1.6370,0.2172,230.5298,395.0806,265.6860,1.6838,,
DATA,A001,7,88,528677,-0.4200,1.7200,0.2667,222.0459,390.3198,270.3247,1.7905,,
DATA,A001,7,89,528687,-0.6000,1.8213,0.3187,199.8291,368.6523,273.2544,1.9439,,
DATA,A001,7,90,528697,-0.7506,1.8455,0.3007,179.9927,344.7876,278.2593,2.0149,,
DATA,A001,7,91,528707,-0.9774,1.8145,0.3407,148.0713,280.8228,260.3760,2.0890,,
DATA,A001,7,92,528717,-1.1781,1.7437,0.3629,121.7041,209.5337,252.9297,2.1354,,
DATA,A001,7,93,528727,-1.3253,1.5618,0.4191,92.4072,62.8052,234.9243,2.0908,,
DATA,A001,7,94,528737,-1.2726,1.3929,0.4098,81.7871,-38.8794,212.8296,1.9307,,
DATA,A001,7,95,528747,-1.0167,1.2322,0.3019,82.8247,-173.4009,170.0439,1.6258,,
DATA,A001,7,96,528757,-0.8019,1.2239,0.2469,94.0552,-236.3281,142.7002,1.4839,,
DATA,A001,7,97,528767,-0.4825,1.2940,0.2342,109.9243,-277.1606,105.6519,1.4008,,
DATA,A001,7,98,528777,-0.3031,1.3358,0.2875,111.8164,-279.4800,82.9468,1.3995,,
DATA,A001,7,99,528787,-0.1566,1.3196,0.3375,100.8301,-256.7139,52.9175,1.3711,,
DATA,A001,7,100,528797,-0.1078,1.2557,0.3509,89.2334,-231.6284,35.4004,1.3082,,
DATA,A001,7,101,528807,-0.0453,1.1285,0.4071,80.2002,-184.5093,14.3433,1.2005,,
DATA,A001,7,102,528817,-0.0104,1.1065,0.4589,77.7588,-149.6582,3.8452,1.1979,,
DATA,A001,7,103,528827,0.0512,1.0806,0.4947,71.0449,-95.5200,-6.9580,1.1896,,
DATA,A001,7,104,528837,0.0441,1.0765,0.4916,64.9414,-60.3638,-9.2163,1.1842,,
DATA,A001,7,105,528847,-0.0162,1.0633,0.5106,55.4199,-17.1509,-10.3760,1.1796,,
DATA,A001,7,106,528857,-0.0658,1.0335,0.5243,48.7061,2.1973,-11.9019,1.1607,,
DATA,A001,7,107,528867,-0.1188,0.9947,0.5384,42.7856,13.1226,-14.5874,1.1373,,
DATA,A001,7,108,528877,-0.2193,0.9752,0.5402,38.1470,12.1460,-18.8599,1.1361,,
DATA,A001,7,109,528887,-0.2838,1.0560,0.5643,41.6870,3.7231,-19.3481,1.2305,,
DATA,A001,7,110,528897,-0.2626,1.2418,0.5939,43.2129,-10.6201,-19.6533,1.4013,,
DATA,A001,7,111,528907,-0.2220,1.2757,0.6141,30.0903,-15.9912,-23.4985,1.4331,,
DATA,A001,7,112,528917,-0.1698,1.1595,0.6185,-1.5259,-12.0850,-32.3486,1.3251,,
DATA,A001,7,113,528927,-0.1813,1.0508,0.5890,-16.9678,-8.8501,-37.5366,1.2182,,
DATA,A001,7,114,528937,-0.2408,0.9866,0.5489,-21.3013,-10.6812,-43.9453,1.1545,,
DATA,A001,7,115,528947,-0.2779,1.0599,0.5409,-16.9678,-21.8506,-47.5464,1.2219,,
DATA,A001,7,116,528957,-0.2577,1.2549,0.5294,-18.8599,-43.0908,-54.5044,1.3862,,
DATA,A001,7,117,528967,-0.2049,1.3345,0.5272,-30.8228,-53.4668,-60.5469,1.4495,,
DATA,A001,7,118,528977,-0.1578,1.3128,0.4918,-55.4810,-58.8989,-68.3594,1.4108,,
DATA,A001,7,119,528987,-0.1561,1.2486,0.4513,-68.7866,-59.3262,-71.8384,1.3368,,
DATA,A001,7,120,528997,-0.1595,1.1863,0.3854,-78.6743,-61.5845,-76.1108,1.2575,,
DATA,A001,7,121,529007,-0.1590,1.1944,0.3524,-82.3975,-62.8052,-78.9185,1.2554,,
DATA,A001,7,122,529017,-0.1522,1.2176,0.3053,-90.8203,-64.0259,-83.8013,1.2645,,
DATA,A001,7,123,529027,-0.1466,1.2144,0.2672,-98.8159,-64.9414,-87.6465,1.2521,,
DATA,A001,7,124,529037,-0.1461,1.1963,0.2235,-108.2764,-68.1763,-93.2007,1.2258,,
DATA,A001,7,125,529047,-0.1293,1.1934,0.1954,-112.2437,-70.9839,-95.6421,1.2162,,
DATA,A001,7,126,529057,-0.0990,1.2012,0.1476,-116.0889,-73.4863,-97.5952,1.2143,,
DATA,A001,7,127,529067,-0.0641,1.1968,0.1271,-118.7744,-70.0684,-99.3652,1.2053,,
DATA,A001,7,128,529077,-0.0331,1.1714,0.1088,-123.1079,-58.2886,-101.1963,1.1769,,
DATA,A001,7,129,529087,-0.0497,1.1461,0.0912,-125.7324,-46.9971,-102.4170,1.1507,,
DATA,A001,7,130,529097,-0.1031,1.0958,0.0895,-125.0610,-33.9355,-104.6143,1.1042,,
DATA,A001,7,131,529107,-0.1315,1.0694,0.1136,-123.2300,-30.6396,-105.7129,1.0834,,
DATA,A001,7,132,529117,-0.1754,1.0335,0.1464,-120.9717,-31.6772,-106.8726,1.0585,,
DATA,A001,7,133,529127,-0.2086,1.0167,0.1529,-120.3613,-36.4380,-106.5674,1.0490,,
DATA,A001,7,134,529137,-0.2298,0.9783,0.1512,-119.9951,-46.9360,-105.4077,1.0163,,
DATA,A001,7,135,529147,-0.2291,0.9637,0.1527,-119.0796,-54.1992,-103.7598,1.0022,,
DATA,A001,7,136,529157,-0.2303,0.9510,0.1351,-116.0889,-60.9741,-99.7314,0.9878,,
DATA,A001,7,137,529167,-0.2318,0.9463,0.1263,-112.4268,-64.8804,-95.1538,0.9825,,
DATA,A001,7,138,529177,-0.2460,0.9422,0.1334,-106.7505,-69.8853,-88.3789,0.9829,,
DATA,A001,7,139,529187,-0.2816,0.9461,0.1327,-102.9663,-76.3550,-83.3740,0.9960,,
DATA,A001,7,140,529197,-0.3011,0.9656,0.1544,-100.4028,-86.4258,-77.4536,1.0232,,
DATA,A001,7,141,529207,-0.3216,0.9937,0.1615,-101.1353,-108.1543,-70.7397,1.0569,,
DATA,A001,7,142,529217,-0.2782,1.0154,0.1329,-103.1494,-127.2583,-64.9414,1.0612,,
DATA,A001,7,143,529227,-0.2543,1.0027,0.0922,-105.2856,-134.2163,-62.2559,1.0386,,
DATA,A001,7,144,529237,-0.1925,0.9656,0.0592,-103.5767,-131.4697,-60.3027,0.9864,,
DATA,A001,7,145,529247,-0.1832,0.9695,0.0553,-98.5107,-126.3428,-58.4717,0.9882,,
DATA,A001,7,146,529257,-0.1879,1.0142,0.0526,-90.4541,-119.0186,-56.4575,1.0328,,
DATA,A001,7,147,529267,-0.1949,1.1233,0.0716,-79.4067,-114.5630,-53.6499,1.1424,,
DATA,A001,7,148,529277,-0.1703,1.2027,0.0831,-76.2329,-114.6851,-52.0630,1.2175,,
DATA,A001,7,149,529287,-0.1097,1.2684,0.0843,-78.8574,-113.7085,-50.7812,1.2759,,
DATA,A001,7,150,529297,-0.0599,1.2720,0.0719,-82.3975,-107.3608,-50.3540,1.2755,,
DATA,A001,7,151,529307,0.0060,1.2291,0.0594,-84.8999,-87.5244,-48.9502,1.2305,,
DATA,A001,7,152,529317,0.0131,1.2007,0.0423,-83.1299,-68.1152,-47.4243,1.2016,,
DATA,A001,7,153,529327,-0.0055,1.1732,0.0184,-76.6602,-38.8794,-44.6167,1.1733,,
DATA,A001,7,154,529337,-0.0209,1.1556,0.0214,-71.7163,-22.0947,-43.0908,1.1560,,
DATA,A001,7,155,529347,-0.0265,1.1263,0.0345,-64.6973,-2.0142,-42.2363,1.1271,,
DATA,A001,7,156,529357,-0.0177,1.1009,0.0531,-58.7158,9.3994,-42.3584,1.1023,,
DATA,A001,7,157,529367,0.0009,1.0516,0.0880,-49.1333,25.3296,-41.9922,1.0552,,
DATA,A001,7,158,529377,0.0026,1.0135,0.1180,-42.2974,34.7290,-41.3208,1.0203,,
DATA,A001,7,159,529387,-0.0121,0.9661,0.1759,-30.7617,45.7153,-40.0391,0.9821,,
DATA,A001,7,160,529397,-0.0465,0.9507,0.2191,-20.8130,49.0723,-38.1470,0.9768,,
DATA,A001,7,161,529407,-0.1166,1.0242,0.2413,-1.3428,48.5229,-32.7759,1.0587,,
DATA,A001,7,162,529417,-0.1459,1.1338,0.2113,13.4888,46.6919,-28.1982,1.1626,,
DATA,A001,7,163,529427,-0.1109,1.3275,0.1398,33.8135,50.9033,-17.8223,1.3394,,
DATA,A001,7,164,529437,-0.0609,1.4022,0.0931,43.2739,65.6738,-10.6201,1.4066,,
DATA,A001,7,165,529447,-0.0133,1.3441,0.0958,44.4336,97.5342,-3.2959,1.3475,,
DATA,A001,7,166,529457,-0.0470,1.1978,0.1268,38.3301,117.3706,2.0752,1.2054,,
DATA,A001,7,167,529467,-0.1459,0.9498,0.1688,40.3442,129.1504,8.3618,0.9756,,
DATA,A001,7,168,529477,-0.1759,0.8275,0.2103,52.4292,122.8027,10.6201,0.8717,,
DATA,A001,7,169,529487,-0.1373,0.7320,0.3124,70.4956,98.9990,11.1694,0.8076,,
DATA,A001,7,170,529497,-0.0951,0.7071,0.3490,77.0264,82.6416,10.7422,0.7942,,
DATA,A001,7,171,529507,-0.0416,0.7293,0.3124,85.9375,65.0024,10.3149,0.7945,,
DATA,A001,7,172,529517,-0.0047,0.7657,0.2916,94.5435,59.7534,11.3525,0.8193,,
DATA,A001,7,173,529527,0.0243,0.8314,0.2894,102.7832,61.3403,17.7612,0.8806,,
DATA,A001,7,174,529537,0.0189,0.8558,0.2862,102.4780,65.4297,24.5361,0.9026,,
DATA,A001,7,175,529547,0.0075,0.8546,0.2916,100.8911,68.8477,30.8228,0.9030,,
DATA,A001,7,176,529557,-0.0314,0.8458,0.3053,100.9521,66.6504,40.5884,0.8997,,
DATA,A001,7,177,529567,-0.0526,0.8475,0.3119,101.1353,58.8379,48.0347,0.9046,,
DATA,A001,7,178,529577,-0.0299,0.8753,0.3153,102.1118,44.6777,56.2744,0.9308,,
DATA,A001,7,179,529587,-0.0004,0.8868,0.3041,102.1118,38.5132,60.3027,0.9375,,
DATA,A001,7,180,529597,0.0448,0.8860,0.2904,102.1118,38.0859,65.0635,0.9335,,
DATA,A001,7,181,529607,0.0624,0.8755,0.2772,102.2949,42.9688,67.0776,0.9205,,
DATA,A001,7,182,529617,0.0448,0.8694,0.2718,105.9570,52.9785,69.0308,0.9121,,
DATA,A001,7,183,529627,0.0016,0.8697,0.2797,110.4126,57.3120,70.6787,0.9135,,
DATA,A001,7,184,529637,-0.0524,0.8817,0.3243,115.7837,53.3447,73.0591,0.9409,,
DATA,A001,7,185,529647,-0.0731,0.8838,0.3815,117.7979,44.6777,73.8525,0.9654,,
DATA,A001,7,186,529657,-0.0714,0.8865,0.4811,116.8213,36.0718,74.6460,1.0112,,
DATA,A001,7,187,529667,-0.0714,0.8809,0.5069,113.2202,36.6821,74.4629,1.0189,,
DATA,A001,7,188,529677,-0.0904,0.8809,0.5402,108.3374,45.6543,73.6084,1.0373,,
DATA,A001,7,189,529687,-0.0917,0.8914,0.5475,105.5908,53.8940,72.6929,1.0501,,
DATA,A001,7,190,529697,-0.0953,0.9175,0.5316,100.4639,64.6362,73.0591,1.0647,,
DATA,A001,7,191,529707,-0.1166,0.9268,0.4952,96.8628,67.0776,73.4253,1.0573,,
DATA,A001,7,192,529717,-0.1583,0.9417,0.4767,92.1021,60.5469,73.5474,1.0673,,
DATA,A001,7,193,529727,-0.1879,0.9556,0.4608,88.3179,50.3540,73.6084,1.0774,,
DATA,A001,7,194,529737,-0.1725,0.9734,0.4444,83.6792,32.8979,71.1060,1.0839,,
DATA,A001,7,195,529747,-0.1295,0.9805,0.4344,80.5664,23.6206,69.0308,1.0803,,
DATA,A001,7,196,529757,-0.0790,0.9803,0.4257,75.6226,20.3857,66.8335,1.0716,,
DATA,A001,7,197,529767,-0.0538,0.9820,0.4291,72.7539,24.9023,64.7583,1.0730,,
DATA,A001,7,198,529777,-0.0499,0.9776,0.4369,67.1387,36.8652,60.8521,1.0719,,
DATA,A001,7,199,529787,-0.0553,0.9734,0.4376,62.9883,45.4712,57.5562,1.0687,,
DATA,A001,7,200,529797,-0.0589,0.9664,0.4388,57.0679,59.0820,51.1475,1.0630,,
DATA,A001,7,201,529807,-0.0553,0.9586,0.4318,52.3682,69.5190,46.3867,1.0528,,
DATA,A001,7,202,529817,-0.0521,0.9246,0.4181,42.8467,85.6934,39.2456,1.0161,,
DATA,A001,7,203,529827,-0.0665,0.8970,0.4049,36.0718,95.7642,34.5459,0.9864,,
DATA,A001,7,204,529837,-0.0987,0.8665,0.3812,30.5176,108.0933,28.1372,0.9518,,
DATA,A001,7,205,529847,-0.1302,0.8699,0.3688,29.1748,112.2437,24.7803,0.9538,,
DATA,A001,7,206,529857,-0.2093,0.9061,0.3636,27.4048,111.3281,21.1792,0.9985,,
DATA,A001,7,207,529867,-0.2484,0.9358,0.3680,25.0854,105.5908,18.0664,1.0358,,
DATA,A001,7,208,529877,-0.2923,0.9837,0.3675,19.4702,91.9800,13.9160,1.0901,,
DATA,A001,7,209,529887,-0.3075,1.0084,0.3705,15.1367,80.1392,12.2681,1.1174,,
DATA,A001,7,210,529897,-0.3133,1.0247,0.3700,10.9863,67.9321,10.6201,1.1336,,
DATA,A001,7,211,529907,-0.2862,1.0608,0.3666,5.6763,52.6123,7.2021,1.1583,,
DATA,A001,7,212,529917,-0.2613,1.0845,0.3619,2.0752,47.2412,4.6997,1.1728,,
DATA,A001,7,213,529927,-0.2113,1.1085,0.3453,-4.4556,47.9126,-0.3052,1.1801,,
DATA,A001,7,214,529937,-0.1932,1.1219,0.3392,-7.7515,51.6357,-3.6621,1.1879,,
DATA,A001,7,215,529947,-0.1896,1.1639,0.3168,-7.0801,60.3027,-8.3618,1.2210,,
DATA,A001,7,216,529957,-0.1930,1.1983,0.3087,-6.2256,65.8569,-11.5356,1.2524,,
DATA,A001,7,217,529967,-0.2030,1.2567,0.3163,-6.5308,73.3643,-16.6016,1.3116,,
DATA,A001,7,218,529977,-0.2069,1.2969,0.3163,-7.4463,77.9419,-20.9351,1.3509,,
DATA,A001,7,219,529987,-0.2162,1.3157,0.3158,-11.1694,84.0454,-28.0762,1.3703,,
DATA,A001,7,220,529997,-0.2318,1.3174,0.3146,-13.0615,88.2568,-32.5928,1.3742,,
DATA,A001,7,221,530007,-0.2687,1.3040,0.3038,-14.5264,92.7734,-38.5742,1.3656,,
DATA,A001,7,222,530017,-0.2931,1.2801,0.2967,-15.2588,93.4448,-42.6636,1.3463,,
DATA,A001,7,223,530027,-0.3280,1.2427,0.2897,-15.8691,88.5620,-49.4995,1.3175,,
DATA,A001,7,224,530037,-0.3475,1.2117,0.2894,-15.2588,80.5664,-54.0771,1.2934,,
DATA,A001,7,225,530047,-0.3707,1.1568,0.2911,-14.7705,61.1572,-60.6689,1.2491,,
DATA,A001,7,226,530057,-0.3973,1.1202,0.3016,-14.6484,43.5181,-64.5752,1.2262,,
DATA,A001,7,227,530067,-0.4130,1.0855,0.3209,-12.6343,12.6343,-70.1294,1.2049,,
DATA,A001,7,228,530077,-0.4234,1.0818,0.3321,-11.7188,-10.0708,-73.7305,1.2083,,
DATA,A001,7,229,530087,-0.4125,1.0809,0.3287,-15.0757,-44.3115,-79.5288,1.2027,,
DATA,A001,7,230,530097,-0.3951,1.0689,0.3158,-20.7520,-66.4062,-83.6792,1.1825,,
DATA,A001,7,231,530107,-0.3531,1.0374,0.2767,-30.8838,-94.9097,-90.0879,1.1303,,
DATA,A001,7,232,530117,-0.3155,1.0184,0.2435,-36.2549,-109.6802,-94.1772,1.0936,,
DATA,A001,7,233,530127,-0.2394,1.0106,0.2057,-42.3584,-122.5586,-100.0366,1.0587,,
DATA,A001,7,234,530137,-0.1883,1.0230,0.1835,-46.5088,-124.8169,-104.0039,1.0563,,
DATA,A001,7,235,530147,-0.1329,1.0501,0.1615,-53.8940,-120.0562,-109.4971,1.0707,,
DATA,A001,7,236,530157,-0.1000,1.0555,0.1517,-60.7910,-113.0981,-113.0981,1.0710,,
DATA,A001,7,237,530167,-0.0641,1.0386,0.1305,-72.6929,-99.4263,-118.8965,1.0488,,
DATA,A001,7,238,530177,-0.0375,1.0154,0.1219,-80.0171,-88.3179,-122.8638,1.0234,,
DATA,A001,7,239,530187,-0.0082,0.9734,0.1088,-87.3413,-69.8242,-127.8076,0.9795,,
DATA,A001,7,240,530197,0.0077,0.9490,0.1051,-90.0879,-55.6030,-130.4321,0.9549,,
DATA,A001,7,241,530207,0.0038,0.9312,0.0990,-91.8579,-33.8135,-133.1787,0.9365,,
DATA,A001,7,242,530217,0.0036,0.9261,0.0987,-92.1021,-18.9209,-134.2773,0.9313,,
DATA,A001,7,243,530227,-0.0096,0.9249,0.0997,-91.9800,-5.0659,-134.3994,0.9303,,
DATA,A001,7,244,530237,-0.0296,0.9271,0.0944,-90.9424,13.4888,-133.3008,0.9323,,
DATA,A001,7,245,530247,-0.0428,0.9290,0.0961,-89.7827,24.7803,-131.8359,0.9349,,
DATA,A001,7,246,530257,-0.0736,0.9212,0.1088,-88.0737,38.6963,-128.7231,0.9305,,
DATA,A001,7,247,530267,-0.0951,0.9087,0.1246,-87.0361,44.4336,-126.2207,0.9222,,
DATA,A001,7,248,530277,-0.1359,0.8946,0.1778,-85.4492,47.9736,-121.1548,0.9222,,
DATA,A001,7,249,530287,-0.1586,0.8807,0.1803,-86.1816,47.1191,-117.4316,0.9128,,
DATA,A001,7,250,530297,-0.1656,0.8787,0.1608,-85.3271,43.4570,-111.3281,0.9085,,
DATA,A001,7,251,530307,-0.1598,0.8865,0.1505,-82.5806,41.0156,-106.2622,0.9133,,
DATA,A001,7,252,530317,-0.1500,0.9229,0.1205,-74.7070,40.7715,-98.0225,0.9428,,
DATA,A001,7,253,530327,-0.1551,0.9476,0.1180,-69.0308,41.2598,-91.4917,0.9674,,
DATA,A001,7,254,530337,-0.1708,1.0157,0.1139,-60.7910,40.2222,-79.7729,1.0362,,
DATA,A001,7,255,530347,-0.1891,1.0623,0.1061,-56.0303,37.2314,-72.0825,1.0842,,
DATA,A001,7,256,530357,-0.2054,1.1048,0.0951,-52.7954,30.5786,-60.1196,1.1277,,
DATA,A001,7,257,530367,-0.2025,1.1131,0.0922,-52.1240,25.2075,-52.1240,1.1351,,
DATA,A001,7,258,530377,-0.1837,1.1138,0.0929,-49.2554,17.7612,-40.7715,1.1327,,
DATA,A001,7,259,530387,-0.1671,1.1072,0.0865,-45.1050,14.8926,-33.3252,1.1231,,
DATA,A001,7,260,530397,-0.1493,1.0860,0.0944,-39.0015,12.8174,-23.0713,1.1003,,
DATA,A001,7,261,530407,-0.1407,1.0618,0.1200,-35.0342,13.1226,-16.8457,1.0778,,
DATA,A001,7,262,530417,-0.1380,1.0147,0.1578,-29.3579,15.3809,-8.2397,1.0361,,
DATA,A001,7,263,530427,-0.1380,0.9827,0.1815,-25.3906,16.7236,-2.6245,1.0088,,
DATA,A001,7,264,530437,-0.1376,0.9366,0.1869,-19.8975,18.4326,6.4697,0.9649,,
DATA,A001,7,265,530447,-0.1307,0.9420,0.1493,-13.0005,21.6675,13.7329,0.9626,,
DATA,A001,7,266,530457,-0.1051,1.0108,0.1117,5.3711,28.9917,24.9634,1.0224,,
DATA,A001,7,267,530467,-0.1039,1.0587,0.1151,14.5264,36.5601,34.2407,1.0699,,
DATA,A001,7,268,530477,-0.1285,1.0606,0.1451,15.6860,47.7905,46.6919,1.0782,,
DATA,A001,7,269,530487,-0.1586,1.0137,0.1669,14.8926,52.3071,53.1616,1.0395,,
DATA,A001,7,270,530497,-0.1832,0.9593,0.2125,22.0947,53.2227,60.5469,0.9995,,
DATA,A001,7,271,530507,-0.1774,0.9305,0.2360,27.6489,51.2695,63.4155,0.9762,,
DATA,A001,7,272,530517,-0.1512,0.9022,0.2635,31.0059,48.4619,64.9414,0.9520,,
DATA,A001,7,273,530527,-0.1271,0.8917,0.2618,33.8745,47.8516,64.7583,0.9380,,
DATA,A001,7,274,530537,-0.0946,0.9151,0.2421,46.0205,49.3164,65.0024,0.9513,,
DATA,A001,7,275,530547,-0.0804,0.9459,0.2399,55.4199,51.6968,66.3452,0.9791,,
DATA,A001,7,276,530557,-0.0912,0.9864,0.2613,64.3311,54.9316,68.3594,1.0245,,
DATA,A001,7,277,530567,-0.1139,0.9976,0.2823,66.8335,55.1147,69.1528,1.0430,,
DATA,A001,7,278,530577,-0.1363,1.0062,0.3024,68.7866,52.7954,70.0684,1.0594,,
DATA,A001,7,279,530587,-0.1622,1.0147,0.3387,72.4487,45.5322,72.1436,1.0820,,
DATA,A001,7,280,530597,-0.1642,1.0306,0.3607,74.0356,39.8560,74.0356,1.1042,,
DATA,A001,7,281,530607,-0.1481,1.0421,0.3856,72.0825,32.8979,76.4771,1.1209,,
DATA,A001,7,282,530617,-0.1249,1.0120,0.3937,65.8569,30.8838,78.1250,1.0930,,
DATA,A001,7,283,530627,-0.1107,0.9739,0.3846,61.2793,31.7993,78.6133,1.0530,,
DATA,A001,7,284,530637,-0.1007,0.9278,0.3695,57.2510,33.2642,79.1016,1.0037,,
DATA,A001,7,285,530647,-0.0929,0.8504,0.3422,53.7109,36.4380,80.2612,0.9213,,
DATA,A001,7,286,530657,-0.0929,0.8077,0.3287,53.2227,38.2690,81.5430,0.8769,,
DATA,A001,7,287,530667,-0.1041,0.7483,0.3124,54.5044,40.1001,83.8013,0.8176,,
DATA,A001,7,288,530677,-0.1112,0.7149,0.3077,56.2134,41.1987,85.2051,0.7862,,
DATA,A001,7,289,530687,-0.1283,0.6822,0.3087,58.3496,42.1753,87.3413,0.7597,,
DATA,A001,7,290,530697,-0.1319,0.6678,0.3114,59.8145,42.1753,88.8062,0.7485,,
DATA,A001,7,291,530707,-0.1442,0.6617,0.3148,62.4390,41.5649,91.4917,0.7468,,
DATA,A001,7,292,530717,-0.1451,0.6695,0.3231,64.2700,41.3208,93.3228,0.7574,,
DATA,A001,7,293,530727,-0.1578,0.6895,0.3361,66.0400,40.9546,96.0693,0.7831,,
DATA,A001,7,294,530737,-0.1612,0.7046,0.3444,65.9180,40.4663,97.6562,0.8007,,
DATA,A001,7,295,530747,-0.1649,0.7310,0.3580,65.3076,39.3066,99.9756,0.8305,,
DATA,A001,7,296,530757,-0.1761,0.7552,0.3561,65.6738,39.3066,101.2573,0.8533,,
DATA,A001,7,297,530767,-0.1981,0.7960,0.3622,66.8335,39.3066,103.3936,0.8966,,
DATA,A001,7,298,530777,-0.2106,0.8287,0.3671,68.0542,38.2690,104.4922,0.9305,,
DATA,A001,7,299,530787,-0.2330,0.8787,0.3827,68.1152,35.4004,104.9194,0.9864,,
DATA,A001,7,300,530797,-0.2472,0.9061,0.3976,66.5283,31.9824,104.3701,1.0199,,
DATA,A001,7,301,530807,-0.2550,0.9395,0.4122,63.8428,26.9165,101.6235,1.0572,,
DATA,A001,7,302,530817,-0.2538,0.9520,0.4178,61.5234,23.8647,98.6328,1.0701,,
DATA,A001,7,303,530827,-0.2411,0.9515,0.4156,57.1289,21.2402,92.6514,1.0659,,
DATA,A001,7,304,530837,-0.2335,0.9410,0.4047,54.5044,21.4233,87.7075,1.0506,,
DATA,A001,7,305,530847,-0.2171,0.9166,0.3932,51.9409,23.2544,79.3457,1.0207,,
DATA,A001,7,306,530857,-0.2079,0.9109,0.3832,52.2461,25.5127,73.6694,1.0099,,
DATA,A001,7,307,530867,-0.2032,0.9349,0.3722,55.1758,29.8462,65.5518,1.0266,,
DATA,A001,7,308,530877,-0.2093,0.9710,0.3712,57.8003,32.5928,60.6689,1.0604,,
DATA,A001,7,309,530887,-0.2255,1.0557,0.3712,59.4482,34.5459,53.4668,1.1416,,
DATA,A001,7,310,530897,-0.2340,1.1214,0.3766,58.7158,35.2783,48.2788,1.2059,,
DATA,A001,7,311,530907,-0.2391,1.1856,0.3802,56.5796,35.2783,42.9688,1.2678,,
DATA,A001,7,312,530917,-0.2316,1.2786,0.3778,50.2930,37.5977,33.5083,1.3532,,
DATA,A001,7,313,530927,-0.2150,1.3199,0.3729,43.5181,41.0767,25.8789,1.3883,,
DATA,A001,7,314,530937,-0.1817,1.3301,0.3492,30.2124,51.1475,12.5122,1.3872,,
DATA,A001,7,315,530947,-0.1525,1.2991,0.3282,20.6909,60.0586,2.5635,1.3486,,
DATA,A001,7,316,530957,-0.1476,1.2855,0.2762,15.6250,72.1436,-11.6577,1.3231,,
DATA,A001,7,317,530967,-0.1549,1.3607,0.2618,24.7803,78.8574,-20.1416,1.3942,,
DATA,A001,7,318,530977,-0.1761,1.5088,0.2775,31.1279,86.1206,-33.3252,1.5442,,
DATA,A001,7,319,530987,-0.1830,1.5587,0.3192,22.0337,89.5996,-42.2363,1.6015,,
DATA,A001,7,320,530997,-0.1805,1.4993,0.3817,-0.9766,92.1631,-56.7627,1.5576,,
DATA,A001,7,321,531007,-0.1744,1.3863,0.3783,-14.7705,93.2617,-65.6738,1.4475,,
DATA,A001,7,322,531017,-0.1713,1.2274,0.3495,-20.2026,95.7031,-78.0029,1.2876,,
DATA,A001,7,323,531027,-0.1683,1.1807,0.3426,-15.3198,97.2900,-85.8765,1.2409,,
DATA,A001,7,324,531037,-0.1869,1.1639,0.3275,-13.0005,100.3418,-98.0225,1.2234,,
DATA,A001,7,325,531047,-0.2086,1.1595,0.3143,-15.0757,99.1211,-106.2622,1.2193,,
DATA,A001,7,326,531057,-0.2538,1.1600,0.3109,-13.4888,87.4023,-117.7368,1.2274,,
DATA,A001,7,327,531067,-0.2687,1.1773,0.3180,-10.2539,73.7915,-124.4507,1.2487,,
DATA,A001,7,328,531077,-0.2811,1.2022,0.3361,-10.9863,49.4385,-134.0942,1.2796,,
DATA,A001,7,329,531087,-0.2767,1.2127,0.3536,-14.1602,33.8745,-140.1367,1.2932,,
DATA,A001,7,330,531097,-0.2701,1.2269,0.3544,-17.9443,13.6719,-147.5830,1.3053,,
DATA,A001,7,331,531107,-0.2655,1.2403,0.3512,-20.4468,1.8921,-152.0996,1.3161,,
DATA,A001,7,332,531117,-0.2447,1.2339,0.3409,-27.5879,-14.0381,-158.8745,1.3034,,
DATA,A001,7,333,531127,-0.2206,1.2147,0.3326,-33.6304,-22.7661,-163.3911,1.2785,,
DATA,A001,7,334,531137,-0.1778,1.1558,0.3165,-42.4805,-32.1655,-169.6777,1.2115,,
DATA,A001,7,335,531147,-0.1554,1.1124,0.3060,-47.9126,-35.5225,-173.2178,1.1641,,
DATA,A001,7,336,531157,-0.1129,1.0396,0.2892,-54.3213,-35.3394,-177.4292,1.0850,,
DATA,A001,7,337,531167,-0.0914,0.9932,0.2753,-58.0444,-31.9214,-179.5654,1.0347,,
DATA,A001,7,338,531177,-0.0746,0.9158,0.2533,-62.5000,-23.5596,-181.2134,0.9531,,
DATA,A001,7,339,531187,-0.0648,0.8677,0.2455,-64.6362,-17.0288,-181.3354,0.9041,,
DATA,A001,7,340,531197,-0.0633,0.8113,0.2308,-65.3076,-6.1646,-180.2368,0.8459,,
DATA,A001,7,341,531207,-0.0629,0.7850,0.2203,-63.7207,1.2207,-178.4058,0.8177,,
DATA,A001,7,342,531217,-0.0699,0.7786,0.2118,-59.8145,11.7188,-174.0112,0.8099,,
DATA,A001,7,343,531227,-0.0841,0.7957,0.2093,-56.2744,18.1885,-170.2271,0.8271,,
DATA,A001,7,344,531237,-0.0985,0.8358,0.1898,-53.0396,26.6113,-163.7573,0.8627,,
DATA,A001,7,345,531247,-0.1119,0.8419,0.1774,-54.9927,31.1890,-159.0576,0.8676,,
DATA,A001,7,346,531257,-0.1332,0.7945,0.1559,-61.7065,34.7290,-151.6113,0.8205,,
DATA,A001,7,347,531267,-0.1378,0.7447,0.1427,-64.6362,34.5459,-146.2402,0.7707,,
DATA,A001,7,348,531277,-0.1451,0.6998,0.1271,-64.2700,32.9590,-140.5640,0.7259,,
DATA,A001,7,349,531287,-0.1456,0.6692,0.1112,-58.2275,29.5410,-130.3101,0.6939,,
DATA,A001,7,350,531297,-0.1432,0.6744,0.1056,-53.7109,27.4048,-122.4976,0.6974,,
DATA,A001,7,351,531307,-0.1439,0.7061,0.0934,-47.1191,24.5361,-109.8633,0.7267,,
DATA,A001,7,352,531317,-0.1444,0.7286,0.0892,-44.1284,23.1323,-100.8301,0.7481,,
DATA,A001,7,353,531327,-0.1498,0.7278,0.0865,-43.3350,20.4468,-86.2427,0.7481,,
DATA,A001,7,354,531337,-0.1576,0.7039,0.0824,-44.4336,18.1274,-76.2939,0.7260,,
DATA,A001,7,355,531347,-0.1798,0.6541,0.0878,-43.2129,13.7329,-60.4248,0.6840,,
DATA,A001,7,356,531357,-0.2057,0.6287,0.0887,-38.7573,10.0708,-49.0112,0.6674,,
DATA,A001,7,357,531367,-0.2582,0.6434,0.1166,-26.7944,3.1128,-31.6162,0.7030,,
DATA,A001,7,358,531377,-0.2872,0.6981,0.1407,-17.7612,-1.7700,-19.8975,0.7678,,
DATA,A001,7,359,531387,-0.3273,0.8223,0.1539,-7.0801,-8.1177,-2.8076,0.8983,,
DATA,A001,7,360,531397,-0.3505,0.9022,0.1649,-4.3945,-12.6953,8.4839,0.9818,,
DATA,A001,7,361,531407,-0.3773,0.9700,0.1532,-6.3477,-20.5688,25.3906,1.0520,,
DATA,A001,7,362,531417,-0.3866,0.9644,0.1515,-8.8501,-26.9165,35.6445,1.0500,,
DATA,A001,7,363,531427,-0.4020,0.9337,0.1827,-6.4087,-34.4849,49.9268,1.0328,,
DATA,A001,7,364,531437,-0.4156,0.9400,0.2006,2.5635,-39.6118,58.5327,1.0472,,
DATA,A001,7,365,531447,-0.4427,1.0064,0.2428,21.4844,-46.9971,69.7632,1.1260,,
DATA,A001,7,366,531457,-0.4571,1.0750,0.3111,30.7007,-53.6499,75.5005,1.2089,,
DATA,A001,7,367,531467,-0.4503,1.1617,0.4171,33.0200,-66.9556,82.1533,1.3139,,
DATA,A001,7,368,531477,-0.4232,1.2129,0.4217,28.8696,-75.1953,85.8765,1.3521,,
DATA,A001,7,369,531487,-0.3021,1.2828,0.3468,27.6489,-79.5898,89.1113,1.3627,,
DATA,A001,7,370,531497,-0.2242,1.3087,0.3116,30.0903,-72.8149,92.4072,1.3638,,
DATA,A001,7,371,531507,-0.1544,1.2835,0.2714,27.1606,-48.3398,98.3887,1.3209,,
DATA,A001,7,372,531517,-0.1437,1.2208,0.2496,22.8882,-28.3203,101.9897,1.2543,,
DATA,A001,7,373,531527,-0.1744,1.1360,0.2457,26.3672,-1.5869,106.8726,1.1753,,
DATA,A001,7,374,531537,-0.2030,1.1097,0.2809,35.4004,9.8877,109.6191,1.1625,,
DATA,A001,7,375,531547,-0.2320,1.0870,0.3468,41.0767,18.3716,110.0464,1.1643,,
DATA,A001,7,376,531557,-0.2428,1.0667,0.3844,36.0107,19.1650,105.5298,1.1596,,
DATA,A001,7,377,531567,-0.2638,1.0621,0.3934,34.9121,16.8457,95.5200,1.1629,,
DATA,A001,7,378,531577,-0.2599,1.1060,0.3920,45.4712,14.4043,88.9893,1.2018,,
DATA,A001,7,379,531587,-0.2213,1.2369,0.4244,60.4248,13.1226,78.3081,1.3263,,
DATA,A001,7,380,531597,-0.1935,1.2945,0.4366,57.5562,15.9302,70.0684,1.3798,,
DATA,A001,7,381,531607,-0.1725,1.2652,0.4173,40.7104,22.3999,55.9082,1.3434,,
DATA,A001,7,382,531617,-0.1722,1.1915,0.3924,32.8369,25.8789,46.6919,1.2662,,
DATA,A001,7,383,531627,-0.1766,1.1255,0.3651,31.6772,27.6489,38.6963,1.1964,,
DATA,A001,7,384,531637,-0.1744,1.0565,0.3456,34.4238,27.4048,30.5786,1.1251,,
DATA,A001,7,385,531647,-0.1617,1.0284,0.3461,35.0342,26.9165,27.1606,1.0970,,
DATA,A001,7,386,531657,-0.1322,0.9957,0.3671,32.3486,29.0527,24.7192,1.0694,,
DATA,A001,7,387,531667,-0.1183,0.9627,0.3788,27.2827,32.8979,23.9868,1.0413,,
DATA,A001,7,388,531677,-0.1031,0.8799,0.3873,15.0146,42.9077,23.1934,0.9669,,
DATA,A001,7,389,531687,-0.0904,0.7964,0.3868,6.1035,51.8799,23.1934,0.8900,,
DATA,A001,7,390,531697,-0.0826,0.6815,0.3629,-3.7231,66.6504,23.8037,0.7765,,
DATA,A001,7,391,531707,-0.0773,0.6207,0.3382,-7.3242,76.3550,25.0854,0.7111,,
DATA,A001,7,392,531717,-0.0743,0.5462,0.3021,-9.2163,92.3462,26.9775,0.6286,,
DATA,A001,7,393,531727,-0.0787,0.5167,0.2726,-7.8125,100.9521,28.8086,0.5894,,
DATA,A001,7,394,531737,-0.0983,0.5135,0.2403,-3.2349,108.7646,32.8369,0.5754,,
DATA,A001,7,395,531747,-0.1244,0.5308,0.2233,-0.0610,108.7646,35.8887,0.5891,,
DATA,A001,7,396,531757,-0.1766,0.5567,0.2123,3.6621,102.6611,40.9546,0.6214,,
DATA,A001,7,397,531767,-0.2035,0.5665,0.2191,5.3711,96.0693,43.6401,0.6405,,
DATA,A001,7,398,531777,-0.2364,0.5779,0.2479,8.4839,86.5479,46.9971,0.6718,,
DATA,A001,7,399,531787,-0.2609,0.5926,0.2840,11.1084,84.6558,48.9502,0.7070,,
DATA,A001,7,400,531797,-0.2980,0.6146,0.3407,14.2822,88.6841,51.3916,0.7632,,
DATA,A001,7,401,531807,-0.3241,0.6331,0.3734,16.0522,95.0928,51.3916,0.8033,,
DATA,A001,7,402,531817,-0.4012,0.6583,0.4198,20.1416,103.3936,50.9644,0.8778,,
DATA,A001,7,403,531827,-0.4564,0.6893,0.4562,22.9492,101.9897,51.3916,0.9442,,
DATA,A001,7,404,531837,-0.4823,0.7327,0.5048,21.7285,87.5854,47.4854,1.0121,,
DATA,A001,7,405,531847,-0.4698,0.7464,0.5294,18.4326,74.9512,43.0298,1.0287,,
DATA,A001,7,406,531857,-0.4405,0.7347,0.5372,10.6201,63.5986,34.2407,1.0112,,
DATA,A001,7,407,531867,-0.4313,0.7051,0.5145,6.6528,64.1479,28.3203,0.9736,,
DATA,A001,7,408,531877,-0.4405,0.6639,0.4830,7.0801,74.3408,21.5454,0.9317,,
DATA,A001,7,409,531887,-0.4647,0.6500,0.4755,11.4136,83.2520,18.4326,0.9298,,
DATA,A001,7,410,531897,-0.5170,0.6873,0.4813,19.5923,92.5903,15.2588,0.9855,,
DATA,A001,7,411,531907,-0.5560,0.7325,0.4984,24.3530,94.1772,13.3667,1.0460,,
DATA,A001,7,412,531917,-0.5980,0.8143,0.5199,27.8320,91.5527,9.7046,1.1362,,
DATA,A001,7,413,531927,-0.6151,0.8685,0.5372,28.2593,88.0127,7.2021,1.1921,,
DATA,A001,7,414,531937,-0.6256,0.9236,0.5624,27.9541,85.2051,4.6387,1.2493,,
DATA,A001,7,415,531947,-0.6263,1.0018,0.5892,25.5737,85.0220,-0.7324,1.3202,,
DATA,A001,7,416,531957,-0.6329,1.0418,0.5919,22.0337,87.1582,-5.4932,1.3551,,
DATA,A001,7,417,531967,-0.6236,1.0623,0.5802,13.8550,91.5527,-13.7329,1.3616,,
DATA,A001,7,418,531977,-0.6088,1.0474,0.5636,7.5073,95.2148,-19.2871,1.3362,,
DATA,A001,7,419,531987,-0.6293,0.9940,0.5008,2.5024,98.0835,-24.2920,1.2786,,
DATA,A001,7,420,531997,-0.6561,0.9817,0.4977,7.6294,99.4873,-26.1841,1.2814,,
DATA,A001,7,421,532007,-0.6864,1.0433,0.5470,17.7002,98.5718,-29.4189,1.3634,,
DATA,A001,7,422,532017,-0.7174,1.1019,0.5748,18.9819,95.8252,-31.7993,1.4350,,
DATA,A001,7,423,532027,-0.7482,1.1775,0.5863,13.4277,86.1816,-37.7808,1.5133,,
DATA,A001,7,424,532037,-0.7521,1.2127,0.5548,8.1177,77.3315,-42.7246,1.5310,,
DATA,A001,7,425,532047,-0.7377,1.2261,0.5101,2.2583,64.2090,-50.5371,1.5191,,
DATA,A001,7,426,532057,-0.7225,1.2132,0.4947,-0.8545,55.9692,-55.8472,1.4962,,
DATA,A001,7,427,532067,-0.7108,1.1719,0.4659,-5.0659,44.5557,-65.8569,1.4477,,
DATA,A001,7,428,532077,-0.7115,1.1509,0.4515,-5.3101,35.7666,-73.3643,1.4265,,
DATA,A001,7,429,532087,-0.7123,1.1492,0.4632,-0.7324,17.7612,-84.2285,1.4292,,
DATA,A001,7,430,532097,-0.7037,1.1624,0.4828,0.8545,3.3569,-91.3086,1.4420,,
DATA,A001,7,431,532107,-0.6798,1.1509,0.4974,-2.5024,-20.8740,-101.6846,1.4263,,
DATA,A001,7,432,532117,-0.6568,1.1226,0.4945,-6.5918,-37.9639,-108.5205,1.3915,,
DATA,A001,7,433,532127,-0.6161,1.0748,0.4750,-11.7798,-62.1948,-117.2485,1.3267,,
DATA,A001,7,434,532137,-0.5731,1.0504,0.4525,-14.4043,-75.5615,-122.2534,1.2792,,
DATA,A001,7,435,532147,-0.4842,1.0650,0.4332,-16.9067,-86.4258,-129.8828,1.2476,,
DATA,A001,7,436,532157,-0.4183,1.1058,0.4227,-17.3950,-85.9375,-134.2163,1.2556,,
DATA,A001,7,437,532167,-0.3421,1.1504,0.4069,-25.7568,-75.9888,-138.7329,1.2673,,
DATA,A001,7,438,532177,-0.2897,1.1292,0.3915,-38.1470,-65.3687,-141.4185,1.2297,,
DATA,A001,7,439,532187,-0.2403,1.0276,0.3492,-58.2275,-48.3398,-145.3857,1.1117,,
DATA,A001,7,440,532197,-0.2137,0.9454,0.3197,-65.8569,-36.0107,-147.5220,1.0206,,
DATA,A001,7,441,532207,-0.1847,0.8482,0.2887,-69.5801,-18.3716,-148.7427,0.9148,,
DATA,A001,7,442,532217,-0.1761,0.8187,0.2704,-68.9087,-7.4463,-148.9868,0.8800,,
DATA,A001,7,443,532227,-0.1671,0.8106,0.2604,-65.7349,7.9346,-148.9868,0.8676,,
DATA,A001,7,444,532237,-0.1688,0.8148,0.2569,-64.6362,15.8081,-148.3154,0.8708,,
DATA,A001,7,445,532247,-0.1713,0.8025,0.2528,-65.7959,23.3765,-146.7285,0.8587,,
DATA,A001,7,446,532257,-0.1793,0.7845,0.2416,-66.5283,24.7192,-144.8364,0.8402,,
DATA,A001,7,447,532267,-0.1717,0.7718,0.2208,-63.7207,24.9023,-140.4419,0.8209,,
DATA,A001,7,448,532277,-0.1688,0.7767,0.2086,-58.8379,23.5596,-135.9863,0.8217,,
DATA,A001,7,449,532287,-0.1605,0.7974,0.1959,-53.5889,23.3154,-130.7983,0.8367,,
DATA,A001,7,450,532297,-0.1610,0.8389,0.1832,-47.1191,22.5220,-122.0703,0.8737,,
DATA,A001,7,451,532307,-0.1561,0.8558,0.1761,-43.9453,22.5830,-115.9668,0.8875,,
DATA,A001,7,452,532317,-0.1466,0.8575,0.1695,-40.7104,21.6675,-106.6284,0.8863,,
DATA,A001,7,453,532327,-0.1363,0.8331,0.1681,-39.4287,20.2637,-100.3418,0.8607,,
DATA,A001,7,454,532337,-0.1241,0.7906,0.1744,-35.5225,19.6533,-91.3086,0.8191,,
DATA,A001,7,455,532347,-0.1139,0.7776,0.1757,-29.8462,22.1558,-84.5947,0.8053,,
DATA,A001,7,456,532357,-0.1029,0.8104,0.1837,-17.7612,31.9824,-72.8760,0.8373,,
DATA,A001,7,457,532367,-0.1078,0.8626,0.1920,-9.3384,41.2598,-63.6597,0.8903,,
DATA,A001,7,458,532377,-0.1339,0.9483,0.2208,-1.5869,54.5654,-47.4243,0.9828,,
DATA,A001,7,459,532387,-0.1620,0.9993,0.2242,-0.4272,61.5845,-34.4849,1.0369,,
DATA,A001,7,460,532397,-0.1876,1.0533,0.2111,-1.2207,68.5425,-13.9771,1.0905,,
DATA,A001,7,461,532407,-0.1920,1.0745,0.1988,-3.1128,72.2656,0.4272,1.1095,,
DATA,A001,7,462,532417,-0.2096,1.0984,0.1798,-6.4697,78.3081,23.2544,1.1326,,
DATA,A001,7,463,532427,-0.2213,1.1238,0.1544,-8.7891,82.9468,38.0859,1.1558,,
DATA,A001,7,464,532437,-0.2464,1.1566,0.1173,-13.0005,89.1724,59.5703,1.1883,,
DATA,A001,7,465,532447,-0.2738,1.1636,0.0956,-18.0054,90.9424,73.7305,1.1992,,
DATA,A001,7,466,532457,-0.2994,1.1302,0.0665,-28.9307,87.8906,93.2007,1.1711,,
DATA,A001,7,467,532467,-0.3009,1.0757,0.0423,-36.9263,83.4961,103.2715,1.1178,,
DATA,A001,7,468,532477,-0.2662,0.9656,0.0131,-46.0815,76.2329,113.9526,1.0017,,
DATA,A001,7,469,532487,-0.2203,0.8887,-0.0011,-48.4619,74.4629,120.0562,0.9156,,
DATA,A001,7,470,532497,-0.1390,0.7979,-0.0336,-46.8750,78.4912,128.2349,0.8106,,
DATA,A001,7,471,532507,-0.1000,0.7825,-0.0343,-41.1377,85.9375,135.2539,0.7896,,
DATA,A001,7,472,532517,-0.0870,0.8318,0.0021,-25.3906,98.5718,148.3154,0.8364,,
DATA,A001,7,473,532527,-0.1136,0.8838,0.0267,-19.9585,105.8960,156.1890,0.8915,,
DATA,A001,7,474,532537,-0.1715,0.8978,0.0477,-28.9917,112.5488,163.8184,0.9152,,
DATA,A001,7,475,532547,-0.2027,0.8487,0.0563,-38.5742,113.7695,168.5181,0.8744,,
DATA,A001,7,476,532557,-0.2171,0.7623,0.0616,-44.0063,114.9902,176.0864,0.7950,,
DATA,A001,7,477,532567,-0.2081,0.7379,0.0651,-39.1235,118.4692,181.8848,0.7694,,
DATA,A001,7,478,532577,-0.1747,0.7835,0.0541,-22.5830,131.9580,192.4438,0.8046,,
DATA,A001,7,479,532587,-0.1615,0.8655,0.0565,-9.7656,145.8130,200.7446,0.8823,,
DATA,A001,7,480,532597,-0.1627,1.0452,0.0572,7.0801,171.7529,214.2334,1.0594,,
DATA,A001,7,481,532607,-0.1683,1.1817,0.0651,15.0146,190.6738,222.7173,1.1954,,
DATA,A001,7,482,532617,-0.1918,1.3868,0.0729,20.9351,220.8862,233.5815,1.4019,,
DATA,A001,7,483,532627,-0.2264,1.5203,0.0795,21.9116,238.9526,239.6240,1.5391,,
DATA,A001,7,484,532637,-0.2770,1.6526,0.0760,20.7520,253.4790,245.0562,1.6774,,
DATA,A001,7,485,532647,-0.3736,1.8179,0.0685,14.6484,264.5264,249.7559,1.8572,,
DATA,A001,7,486,532657,-0.4266,1.8765,0.0621,5.1880,264.8315,249.9390,1.9254,,
DATA,A001,7,487,532667,-0.4701,1.8165,0.0555,-17.5781,253.4790,246.7041,1.8771,,
DATA,A001,7,488,532677,-0.4708,1.6717,0.0587,-33.3862,240.8447,243.1641,1.7377,,
DATA,A001,7,489,532687,-0.4320,1.3931,0.0922,-50.3540,218.6279,236.9385,1.4615,,
DATA,A001,7,490,532697,-0.4054,1.2100,0.1202,-56.7017,203.6133,233.9478,1.2818,,
DATA,A001,7,491,532707,-0.3851,0.9976,0.1866,-58.0444,185.3638,234.6802,1.0855,,
DATA,A001,7,492,532717,-0.3880,0.9244,0.2081,-57.5562,172.3633,236.5723,1.0239,,
DATA,A001,7,493,532727,-0.4252,0.9068,0.1610,-54.2603,153.1982,237.6709,1.0144,,
DATA,A001,7,494,532737,-0.4552,0.9407,0.0914,-48.9502,140.9302,237.1826,1.0491,,
DATA,A001,7,495,532747,-0.4923,1.0152,0.0016,-40.7715,123.5962,233.2764,1.1283,,
DATA,A001,7,496,532757,-0.5196,1.0713,-0.0524,-37.3535,117.6147,229.6143,1.1919,,
DATA,A001,7,497,532767,-0.5848,1.1172,-0.0814,-35.4614,115.3564,221.2524,1.2637,,
DATA,A001,7,498,532777,-0.6593,1.1070,-0.0634,-34.9121,114.0137,213.3789,1.2900,,
DATA,A001,7,499,532787,-0.7538,1.0572,0.0167,-34.4238,104.6143,192.4438,1.2985,,
DATA,A001,7,500,532797,-0.7921,1.0005,0.0716,-36.1328,95.0928,172.3633,1.2781,,
DATA,A001,7,501,532807,-0.7889,0.8411,0.1173,-36.0107,75.1953,139.7705,1.1592,,
DATA,A001,7,502,532817,-0.7306,0.7051,0.1034,-30.9448,62.4390,114.6240,1.0206,,
DATA,A001,7,503,532827,-0.6566,0.6419,0.0829,-2.9297,55.2979,79.3457,0.9220,,
DATA,A001,7,504,532837,-0.5592,0.6634,0.1193,10.2539,48.4619,60.3027,0.8758,,
DATA,A001,7,505,532847,-0.4425,0.6802,0.1901,17.9443,47.6074,35.0952,0.8334,,
DATA,A001,7,506,532857,-0.4049,0.7278,0.2103,23.2544,50.7202,21.4233,0.8590,,
DATA,A001,7,507,532867,-0.3841,0.8157,0.2552,33.0200,54.8706,6.7749,0.9371,,
DATA,A001,7,508,532877,-0.3978,0.8607,0.2599,36.6211,57.9834,-1.4038,0.9831,,
DATA,A001,7,509,532887,-0.4193,0.8802,0.2386,35.4004,64.0259,-12.4512,1.0037,,
DATA,A001,7,510,532897,-0.4379,0.8697,0.2184,33.7524,67.8101,-18.4937,0.9979,,
DATA,A001,7,511,532907,-0.4845,0.8365,0.1781,35.2173,73.4863,-26.8555,0.9829,,
DATA,A001,7,512,532917,-0.5333,0.8248,0.1405,38.6963,74.7070,-32.8369,0.9922,,
DATA,A001,7,513,532927,-0.6097,0.8499,0.0841,46.6309,70.1294,-40.8936,1.0494,,
DATA,A001,7,514,532937,-0.6637,0.8841,0.0587,53.5278,61.0352,-45.9595,1.1070,,
DATA,A001,7,515,532947,-0.7067,0.9730,0.0450,62.6831,40.7715,-54.5654,1.2033,,
DATA,A001,7,516,532957,-0.6988,1.0462,0.0402,67.4438,23.8037,-61.7065,1.2588,,
DATA,A001,7,517,532967,-0.6639,1.1131,0.0370,71.0449,7.5684,-69.8853,1.2966,,
DATA,A001,7,518,532977,-0.5553,1.1851,0.0419,73.5474,-13.0005,-84.5947,1.3094,,
DATA,A001,7,519,532987,-0.4730,1.2017,0.0411,73.3643,-26.7334,-99.0601,1.2921,,
DATA,A001,7,520,532997,-0.4593,1.2300,0.0209,76.5381,-33.6304,-106.6895,1.3132,,
DATA,A001,7,521,533007,-0.4359,1.2874,0.0165,87.3413,-40.5884,-116.8213,1.3593,,
DATA,A001,7,522,533017,-0.4003,1.5233,0.0380,114.7461,-47.1802,-138.1836,1.5754,,
DATA,A001,7,523,533027,-0.3514,1.7252,0.0970,124.1455,-46.4478,-150.5737,1.7633,,
DATA,A001,7,524,533037,-0.2677,1.8853,0.1569,107.2998,-40.8936,-168.3350,1.9107,,
DATA,A001,7,525,533047,-0.2298,1.8309,0.1720,85.6323,-37.7808,-179.9927,1.8532,,
DATA,A001,7,526,533057,-0.2032,1.6600,0.1634,70.4956,-35.0952,-197.9370,1.6803,,
DATA,A001,7,527,533067,-0.1969,1.6097,0.1666,78.4302,-33.4473,-210.4492,1.6302,,
DATA,A001,7,528,533077,-0.2035,1.6426,0.1925,95.5200,-30.7617,-228.0884,1.6663,,
DATA,A001,7,529,533087,-0.2242,1.6929,0.2255,99.4263,-27.5879,-237.1826,1.7225,,
DATA,A001,7,530,533097,-0.2694,1.7249,0.2389,92.9565,-24.0479,-249.5728,1.7621,,
DATA,A001,7,531,533107,-0.3004,1.7313,0.2255,88.9893,-25.0244,-255.9814,1.7715,,
DATA,A001,7,532,533117,-0.3265,1.7828,0.2062,92.2852,-31.0669,-263.2446,1.8241,,
DATA,A001,7,533,533127,-0.3338,1.8372,0.1778,95.2759,-37.5977,-265.0757,1.8758,,
DATA,A001,7,534,533137,-0.3480,1.8863,0.1532,89.1113,-52.7954,-264.0991,1.9242,,
DATA,A001,7,535,533147,-0.3631,1.8638,0.1522,77.8198,-65.6738,-263.3667,1.9050,,
DATA,A001,7,536,533157,-0.3795,1.7598,0.1464,58.7158,-87.2192,-263.1226,1.8062,,
DATA,A001,7,537,533167,-0.3714,1.6710,0.1444,49.3774,-101.4404,-263.3667,1.7178,,
DATA,A001,7,538,533177,-0.3299,1.5672,0.1593,41.3818,-115.2344,-264.0991,1.6095,,
DATA,A001,7,539,533187,-0.2904,1.5279,0.1725,37.6587,-118.2861,-264.1602,1.5648,,
DATA,A001,7,540,533197,-0.2276,1.4976,0.1754,31.9214,-115.4175,-263.1836,1.5249,,
DATA,A001,7,541,533207,-0.1944,1.4708,0.1959,27.2217,-111.4502,-261.2915,1.4964,,
DATA,A001,7,542,533217,-0.1727,1.3900,0.2440,15.0146,-106.3232,-258.3008,1.4217,,
DATA,A001,7,543,533227,-0.1734,1.3060,0.2555,4.1504,-104.1260,-256.1646,1.3420,,
DATA,A001,7,544,533237,-0.1737,1.1683,0.2618,-9.8877,-102.4780,-253.1128,1.2098,,
DATA,A001,7,545,533247,-0.1732,1.0848,0.2452,-17.2119,-100.5249,-250.4272,1.1256,,
DATA,A001,7,546,533257,-0.1654,0.9742,0.2447,-26.0010,-92.4683,-246.5820,1.0180,,
DATA,A001,7,547,533267,-0.1573,0.9085,0.2447,-31.3721,-83.3740,-244.3237,0.9540,,
DATA,A001,7,548,533277,-0.1527,0.8680,0.2548,-35.2783,-64.0259,-238.7085,0.9174,,
DATA,A001,7,549,533287,-0.1498,0.8619,0.2635,-34.9121,-49.1333,-234.6802,0.9136,,
DATA,A001,7,550,533297,-0.1771,0.8594,0.2677,-37.3535,-28.9917,-227.6611,0.9174,,
DATA,A001,7,551,533307,-0.1991,0.8362,0.2628,-42.7246,-19.5312,-222.2900,0.8989,,
DATA,A001,7,552,533317,-0.2181,0.7967,0.2472,-50.2930,-13.4277,-216.1865,0.8622,,
DATA,A001,7,553,533327,-0.2318,0.7005,0.2196,-60.0586,-7.8125,-205.8716,0.7698,,
DATA,A001,7,554,533337,-0.2316,0.6329,0.1988,-64.2700,-3.3569,-197.2656,0.7026,,
DATA,A001,7,555,533347,-0.2638,0.5362,0.1703,-66.8335,4.3945,-182.8613,0.6213,,
DATA,A001,7,556,533357,-0.2887,0.4861,0.1510,-66.3452,11.1694,-172.6685,0.5852,,
DATA,A001,7,557,533367,-0.3253,0.4295,0.1324,-63.5376,19.2261,-156.4941,0.5548,,
DATA,A001,7,558,533377,-0.3443,0.4190,0.1151,-60.8521,21.7285,-144.2871,0.5544,,
DATA,A001,7,559,533387,-0.3690,0.4119,0.0926,-58.7769,23.4375,-125.7324,0.5607,,
DATA,A001,7,560,533397,-0.4012,0.4012,0.0804,-59.8755,24.7803,-113.6475,0.5731,,
DATA,A001,7,561,533407,-0.4276,0.3646,0.0694,-62.7441,27.5879,-96.4355,0.5662,,
DATA,A001,7,562,533417,-0.4520,0.3318,0.0726,-63.5986,28.1372,-84.9609,0.5654,,
DATA,A001,7,563,533427,-0.4818,0.2740,0.0785,-62.1338,25.8179,-68.2983,0.5598,,
DATA,A001,7,564,533437,-0.4977,0.2444,0.0873,-59.1431,23.0713,-58.4106,0.5613,,
DATA,A001,7,565,533447,-0.5040,0.2418,0.1056,-52.4292,16.6016,-44.6167,0.5689,,
DATA,A001,7,566,533457,-0.4982,0.2591,0.1119,-47.7295,12.2070,-35.2783,0.5726,,
DATA,A001,7,567,533467,-0.4908,0.2974,0.1136,-44.2505,7.2021,-21.4233,0.5851,,
DATA,A001,7,568,533477,-0.4816,0.3140,0.1075,-44.3115,6.0425,-11.8408,0.5849,,
DATA,A001,7,569,533487,-0.4772,0.3323,0.0902,-44.6777,6.4087,3.7231,0.5884,,
DATA,A001,7,570,533497,-0.4808,0.3433,0.0787,-42.8467,8.7280,15.5640,0.5960,,
DATA,A001,7,571,533507,-0.4884,0.3658,0.0675,-37.1704,13.6108,35.2783,0.6139,,
DATA,A001,7,572,533517,-0.4982,0.3965,0.0756,-31.4331,17.2729,49.1333,0.6412,,
DATA,A001,7,573,533527,-0.5275,0.4586,0.1002,-24.2310,21.4233,69.2749,0.7061,,
DATA,A001,7,574,533537,-0.5504,0.4883,0.1285,-21.4233,22.0337,81.7871,0.7470,,
DATA,A001,7,575,533547,-0.5904,0.5220,0.1720,-20.0806,18.5547,99.0601,0.8067,,
DATA,A001,7,576,533557,-0.6134,0.5511,0.1927,-18.9209,13.0615,108.8867,0.8468,,
DATA,A001,7,577,533567,-0.6036,0.5999,0.1952,-17.0898,2.0752,121.4600,0.8731,,
DATA,A001,7,578,533577,-0.5702,0.6480,0.1283,-17.2729,-5.4932,130.5542,0.8726,,
DATA,A001,7,579,533587,-0.5038,0.7303,0.0616,-15.0146,-14.1602,147.2778,0.8893,,
DATA,A001,7,580,533597,-0.4527,0.7964,0.0707,-10.8032,-13.5498,159.1797,0.9189,,
DATA,A001,7,581,533607,-0.4186,0.8914,0.0499,-10.8032,-3.8452,175.2930,0.9861,,
DATA,A001,7,582,533617,-0.4242,0.9166,0.0336,-15.1978,7.3853,183.8379,1.0105,,
DATA,A001,7,583,533627,-0.4545,0.9146,0.0206,-18.8599,27.5269,195.3735,1.0215,,
DATA,A001,7,584,533637,-0.4693,0.9254,0.0380,-14.4043,41.7480,203.1250,1.0383,,
DATA,A001,7,585,533647,-0.4757,0.9634,0.0538,-6.0425,55.9082,210.1440,1.0758,,
DATA,A001,7,586,533657,-0.4855,1.0472,0.0714,4.5166,78.7354,215.0879,1.1564,,
DATA,A001,7,587,533667,-0.4847,1.1116,0.0604,6.8970,95.1538,216.0645,1.2142,,
DATA,A001,7,588,533677,-0.4711,1.1866,-0.0370,6.9580,117.6758,217.2241,1.2772,,
DATA,A001,7,589,533687,-0.4671,1.2239,-0.0851,9.7046,128.1128,218.3838,1.3128,,
DATA,A001,7,590,533697,-0.5155,1.2955,-0.0946,19.3481,135.5591,221.9849,1.3975,,
DATA,A001,7,591,533707,-0.5672,1.3775,-0.0675,28.4424,132.9346,226.6235,1.4913,,
DATA,A001,7,592,533717,-0.6571,1.5572,-0.0526,37.5977,117.0654,231.0181,1.6910,,
DATA,A001,7,593,533727,-0.7186,1.6512,-0.0480,35.8887,98.0835,233.8257,1.8014,,
DATA,A001,7,594,533737,-0.7579,1.6688,0.0018,21.5454,62.5610,238.5864,1.8328,,
DATA,A001,7,595,533747,-0.7469,1.5831,0.0060,8.4229,32.1655,239.6851,1.7504,,
DATA,A001,7,596,533757,-0.6957,1.3760,0.0333,1.1597,-13.5498,239.6240,1.5422,,
DATA,A001,7,597,533767,-0.6244,1.2559,0.0814,4.8218,-40.6494,238.2812,1.4049,,
DATA,A001,7,598,533777,-0.5192,1.1424,0.1564,14.2212,-71.7773,234.4360,1.2645,,
DATA,A001,7,599,533787,-0.4540,1.0984,0.2015,19.2871,-84.5337,229.8584,1.2055,,
DATA,A001,7,600,533797,-0.3641,1.0618,0.2015,24.7803,-88.6230,220.3979,1.1405,,
DATA,A001,7,601,533807,-0.3190,1.0318,0.1803,27.2217,-81.9092,213.3789,1.0949,,
DATA,A001,7,602,533817,-0.2796,0.9996,0.1385,31.4331,-57.6172,202.8809,1.0472,,
DATA,A001,7,603,533827,-0.2735,0.9708,0.1190,34.3018,-35.0952,196.7163,1.0156,,
DATA,A001,7,604,533837,-0.2818,0.9417,0.0936,38.6353,5.4932,189.9414,0.9874,,
DATA,A001,7,605,533847,-0.2972,0.9307,0.1027,41.1377,33.5693,186.6455,0.9824,,
DATA,A001,7,606,533857,-0.3209,0.9239,0.1124,43.7012,70.6787,183.6548,0.9845,,
DATA,A001,7,607,533867,-0.3397,0.9200,0.1288,44.7998,89.9658,182.1289,0.9891,,
DATA,A001,7,608,533877,-0.3622,0.9195,0.1327,45.8374,110.2905,179.0161,0.9971,,
DATA,A001,7,609,533887,-0.3746,0.9222,0.1373,45.9595,119.2017,177.0020,1.0048,,
DATA,A001,7,610,533897,-0.3807,0.9341,0.1488,44.0063,128.0518,172.5464,1.0197,,
DATA,A001,7,611,533907,-0.3839,0.9432,0.1488,41.6870,132.7515,168.3350,1.0291,,
DATA,A001,7,612,533917,-0.3934,0.9661,0.1300,39.6729,138.3057,161.4380,1.0512,,
DATA,A001,7,613,533927,-0.3907,0.9879,0.1139,39.6118,141.1743,155.6396,1.0684,,
DATA,A001,7,614,533937,-0.3834,1.0237,0.0853,39.3066,142.2729,145.6299,1.0965,,
DATA,A001,7,615,533947,-0.3883,1.0438,0.0746,38.6963,142.1509,138.0005,1.1161,,
DATA,A001,7,616,533957,-0.3751,1.0699,0.0682,37.2314,142.3950,124.6948,1.1358,,
DATA,A001,7,617,533967,-0.3612,1.0784,0.0633,36.7432,142.7612,114.8071,1.1391,,
DATA,A001,7,618,533977,-0.3492,1.0762,0.0736,36.1938,144.3481,98.6328,1.1339,,
DATA,A001,7,619,533987,-0.3431,1.0753,0.0961,35.5835,147.1558,86.4258,1.1328,,
DATA,A001,7,620,533997,-0.3402,1.0738,0.1100,33.9355,151.8555,72.8149,1.1317,,
DATA,A001,7,621,534007,-0.3253,1.0613,0.1200,30.8838,161.7432,51.0254,1.1165,,
DATA,A001,7,622,534017,-0.2982,1.0113,0.1246,28.0151,175.7812,28.8086,1.0617,,
DATA,A001,7,623,534027,-0.2882,0.9647,0.1246,27.2827,187.1948,14.2822,1.0145,,
DATA,A001,7,624,534037,-0.2735,0.9153,0.1571,28.3813,199.3408,-0.1221,0.9682,,
DATA,A001,7,625,534047,-0.2713,0.8502,0.2096,32.2266,216.0645,-21.0571,0.9167,,
DATA,A001,7,626,534057,-0.2792,0.8218,0.2157,34.6069,225.5859,-33.9966,0.8944,,
DATA,A001,7,627,534067,-0.2994,0.7986,0.2469,40.2222,234.9243,-50.7202,0.8880,,
DATA,A001,7,628,534077,-0.3067,0.8148,0.2565,44.7388,238.4644,-60.4248,0.9076,,
DATA,A001,7,629,534087,-0.3155,0.8821,0.2494,48.3398,242.5537,-72.3877,0.9695,,
DATA,A001,7,630,534097,-0.3097,0.9271,0.2389,48.0347,244.6899,-78.7354,1.0062,,
DATA,A001,7,631,534107,-0.3080,0.9581,0.2401,44.2505,247.6196,-86.7310,1.0346,,
DATA,A001,7,632,534117,-0.3082,0.9666,0.2281,41.1987,249.5728,-91.1255,1.0399,,
DATA,A001,7,633,534127,-0.3348,0.9900,0.1586,41.0156,247.9248,-93.6890,1.0571,,
DATA,A001,7,634,534137,-0.3631,1.0599,0.1420,50.2930,241.3330,-91.9800,1.1293,,
DATA,A001,7,635,534147,-0.4186,1.2632,0.1603,70.1294,224.8535,-87.0361,1.3404,,
DATA,A001,7,636,534157,-0.4647,1.4236,0.1793,74.0967,209.6558,-83.9233,1.5083,,
DATA,A001,7,637,534167,-0.5148,1.5879,0.2565,58.4717,180.1758,-82.3364,1.6889,,
DATA,A001,7,638,534177,-0.5362,1.6150,0.2892,39.2456,157.6538,-83.4961,1.7261,,
DATA,A001,7,639,534187,-0.4952,1.5093,0.2804,10.0098,126.8311,-89.7827,1.6131,,
DATA,A001,7,640,534197,-0.4198,1.3524,0.2462,-5.5542,112.0605,-97.4121,1.4373,,
DATA,A001,7,641,534207,-0.2909,1.1192,0.1627,-15.5029,102.1118,-113.8916,1.1678,,
DATA,A001,7,642,534217,-0.2220,1.0191,0.1305,-8.4229,101.6846,-127.2583,1.0511,,
DATA,A001,7,643,534227,-0.1859,0.9996,0.1703,17.5781,103.7598,-149.0479,1.0309,,
DATA,A001,7,644,534237,-0.2115,1.0630,0.2423,36.1938,104.7974,-163.5742,1.1106,,
DATA,A001,7,645,534247,-0.2796,1.2183,0.3353,48.7061,98.8159,-185.1807,1.2942,,
DATA,A001,7,646,534257,-0.2989,1.3096,0.3766,46.6919,89.9658,-200.0732,1.3951,,
DATA,A001,7,647,534267,-0.2750,1.3953,0.4059,36.8042,76.7212,-221.2524,1.4789,,
DATA,A001,7,648,534277,-0.2501,1.4190,0.3924,28.9307,73.3032,-233.4595,1.4934,,
DATA,A001,7,649,534287,-0.2079,1.4188,0.3575,15.5640,78.4302,-249.5728,1.4778,,
DATA,A001,7,650,534297,-0.1869,1.4009,0.3356,6.3477,86.1206,-258.6670,1.4526,,
DATA,A001,7,651,534307,-0.1888,1.3555,0.2887,-5.6763,97.5952,-269.8975,1.3987,,
DATA,A001,7,652,534317,-0.1966,1.3152,0.2589,-11.5967,104.1260,-275.7568,1.3548,,
DATA,A001,7,653,534327,-0.2049,1.2757,0.2435,-17.2729,108.6426,-280.2734,1.3148,,
DATA,A001,7,654,534337,-0.2323,1.2117,0.2252,-26.7334,112.6099,-283.8745,1.2542,,
DATA,A001,7,655,534347,-0.2628,1.1649,0.2374,-32.2266,113.7085,-284.4238,1.2175,,
DATA,A001,7,656,534357,-0.3031,1.1060,0.2750,-38.0859,112.1826,-282.2266,1.1793,,
DATA,A001,7,657,534367,-0.3275,1.0716,0.2916,-42.6025,109.7412,-278.7476,1.1578,,
DATA,A001,7,658,534377,-0.3627,1.0137,0.3085,-50.2319,105.7129,-270.3857,1.1200,,
DATA,A001,7,659,534387,-0.3885,0.9673,0.3197,-55.4199,101.5625,-262.3901,1.0904,,
DATA,A001,7,660,534397,-0.4354,0.9241,0.3382,-60.3027,94.1162,-248.7183,1.0761,,
DATA,A001,7,661,534407,-0.4691,0.9197,0.3375,-62.4390,90.2100,-241.0889,1.0862,,
DATA,A001,7,662,534417,-0.5123,0.9100,0.3246,-67.9321,83.5571,-229.9805,1.0936,,
DATA,A001,7,663,534427,-0.5277,0.9122,0.3077,-71.9604,78.3081,-221.8018,1.0978,,
DATA,A001,7,664,534437,-0.5250,0.8983,0.2731,-77.8198,67.6880,-208.4961,1.0757,,
DATA,A001,7,665,534447,-0.5113,0.8690,0.2613,-83.1909,59.6924,-199.0967,1.0416,,
DATA,A001,7,666,534457,-0.4615,0.7940,0.2438,-93.0176,47.0581,-183.8989,0.9502,,
DATA,A001,7,667,534467,-0.4337,0.7278,0.2259,-98.6328,40.0391,-173.2788,0.8769,,
DATA,A001,7,668,534477,-0.3898,0.6153,0.2186,-102.9053,34.6680,-156.7383,0.7605,,
DATA,A001,7,669,534487,-0.3600,0.5479,0.2269,-102.9663,34.1797,-144.8364,0.6937,,
DATA,A001,7,670,534497,-0.3346,0.4695,0.2289,-100.0977,35.7666,-125.0000,0.6203,,
DATA,A001,7,671,534507,-0.3273,0.4275,0.2318,-96.9238,37.2925,-110.7178,0.5862,,
DATA,A001,7,672,534517,-0.3295,0.3878,0.2372,-91.0645,39.1846,-88.8062,0.5614,,
DATA,A001,7,673,534527,-0.3451,0.3782,0.2323,-86.9141,40.4053,-74.4629,0.5622,,
DATA,A001,7,674,534537,-0.3863,0.3973,0.2118,-80.3833,41.3818,-53.1006,0.5932,,
DATA,A001,7,675,534547,-0.4247,0.4258,0.1986,-75.6226,40.7715,-39.0015,0.6333,,
DATA,A001,7,676,534557,-0.4684,0.4859,0.1832,-70.8008,37.1094,-18.4937,0.6993,,
DATA,A001,7,677,534567,-0.4867,0.5276,0.1703,-69.5190,32.5928,-5.1270,0.7377,,
DATA,A001,7,678,534577,-0.4947,0.5726,0.1442,-69.7021,23.0103,15.1978,0.7703,,
DATA,A001,7,679,534587,-0.4962,0.5982,0.1227,-69.3359,15.9912,28.9307,0.7868,,
DATA,A001,7,680,534597,-0.4991,0.6446,0.0802,-68.1763,7.6904,48.9502,0.8192,,
DATA,A001,7,681,534607,-0.5130,0.6793,0.0492,-66.5894,5.0659,61.7065,0.8527,,
DATA,A001,7,682,534617,-0.5445,0.7571,0.0138,-61.7676,5.6152,78.7964,0.9327,,
DATA,A001,7,683,534627,-0.5433,0.8289,0.0128,-56.7627,6.4697,90.0879,0.9912,,
DATA,A001,7,684,534637,-0.5211,0.9442,0.0287,-53.8330,4.5166,107.7881,1.0788,,
DATA,A001,7,685,534647,-0.5084,0.9930,0.0526,-58.4717,2.4414,118.2251,1.1168,,
DATA,A001,7,686,534657,-0.4706,1.0140,0.0782,-72.9370,1.5869,131.3477,1.1206,,
DATA,A001,7,687,534667,-0.4398,1.0162,0.0448,-82.3975,5.0049,138.8550,1.1082,,
DATA,A001,7,688,534677,-0.4117,1.0325,-0.0260,-87.2803,15.0146,145.6909,1.1119,,
DATA,A001,7,689,534687,-0.4039,1.1204,-0.1505,-83.9844,43.2739,157.0435,1.2005,,
DATA,A001,7,690,534697,-0.4203,1.2137,-0.1957,-77.7588,66.8945,165.6494,1.2992,,
DATA,A001,7,691,534707,-0.4923,1.3546,-0.2013,-74.5850,100.8301,176.2085,1.4552,,
DATA,A001,7,692,534717,-0.5560,1.4031,-0.1610,-82.2144,119.0796,179.0771,1.5178,,
DATA,A001,7,693,534727,-0.6307,1.3736,-0.0892,-101.4404,134.4604,179.3213,1.5141,,
DATA,A001,7,694,534737,-0.6534,1.2942,-0.0707,-112.7319,136.1084,175.4150,1.4516,,
DATA,A001,7,695,534747,-0.6114,1.1568,-0.0648,-121.1548,135.0708,163.1470,1.3101,,
DATA,A001,7,696,534757,-0.5428,1.0887,-0.0743,-121.0938,135.4370,152.2217,1.2188,,
DATA,A001,7,697,534767,-0.4242,1.0621,-0.0792,-113.6475,142.5781,135.1318,1.1464,,
DATA,A001,7,698,534777,-0.3585,1.0955,-0.0758,-105.4077,151.5503,125.5493,1.1552,,
DATA,A001,7,699,534787,-0.3163,1.1922,-0.0712,-96.4966,165.6494,114.6851,1.2355,,
DATA,A001,7,700,534797,-0.3177,1.2552,-0.0621,-95.3369,173.9502,109.1309,1.2963,,
DATA,A001,7,701,534807,-0.3436,1.3262,-0.0824,-100.2808,180.2979,103.1494,1.3725,,
DATA,A001,7,702,534817,-0.3607,1.3699,-0.1068,-102.6001,181.8848,100.6470,1.4206,,
DATA,A001,7,703,534827,-0.3773,1.4207,-0.1329,-105.4077,180.2979,99.3652,1.4760,,
DATA,A001,7,704,534837,-0.3795,1.4161,-0.1434,-110.7788,180.2979,98.7549,1.4730,,
DATA,A001,7,705,534847,-0.3609,1.3133,-0.1434,-124.7559,184.9365,97.9614,1.3695,,
DATA,A001,7,706,534857,-0.3509,1.1924,-0.1417,-132.7515,190.6128,96.9849,1.2511,,
DATA,A001,7,707,534867,-0.3392,1.0003,-0.1347,-137.3291,199.0356,94.4214,1.0648,,
DATA,A001,7,708,534877,-0.3402,0.8875,-0.1215,-136.7798,203.1860,92.8345,0.9582,,
DATA,A001,7,709,534887,-0.3390,0.7474,-0.0939,-132.9346,204.9561,91.1255,0.8260,,
DATA,A001,7,710,534897,-0.3358,0.6797,-0.0761,-129.5776,202.0874,90.6982,0.7620,,
DATA,A001,7,711,534907,-0.3387,0.6155,-0.0673,-122.9248,192.3828,91.4307,0.7058,,
DATA,A001,7,712,534917,-0.3326,0.5982,-0.0599,-118.2251,183.8379,93.0176,0.6871,,
DATA,A001,7,713,534927,-0.3194,0.6107,-0.0697,-111.3892,170.5322,98.1445,0.6927,,
DATA,A001,7,714,534937,-0.3089,0.6221,-0.0704,-108.0933,163.5132,102.2339,0.6982,,
DATA,A001,7,715,534947,-0.3236,0.6233,-0.0761,-105.6519,156.9824,109.3140,0.7064,,
DATA,A001,7,716,534957,-0.3475,0.6155,-0.0765,-104.4922,154.5410,113.7695,0.7110,,
DATA,A001,7,717,534967,-0.3939,0.6070,-0.0863,-99.1821,152.2217,119.6289,0.7287,,
DATA,A001,7,718,534977,-0.4335,0.6233,-0.1073,-91.4917,151.3062,123.8403,0.7668,,
DATA,A001,7,719,534987,-0.4803,0.7029,-0.1132,-74.1577,154.0527,129.1504,0.8589,,
DATA,A001,7,720,534997,-0.5077,0.7835,-0.0963,-62.9272,157.5928,130.5542,0.9386,,
DATA,A001,7,721,535007,-0.5721,0.8890,-0.0568,-53.7109,165.1611,130.9814,1.0587,,
DATA,A001,7,722,535017,-0.6127,0.9549,-0.0175,-51.2695,170.8984,129.5776,1.1347,,
DATA,A001,7,723,535027,-0.6588,0.9986,0.0074,-50.2930,175.5371,126.3428,1.1964,,
DATA,A001,7,724,535037,-0.7342,1.0298,0.0314,-50.1099,180.7861,120.4224,1.2652,,
DATA,A001,7,725,535047,-0.7818,1.0142,0.0414,-51.6357,181.5186,116.1499,1.2813,,
DATA,A001,7,726,535057,-0.8351,0.9586,0.0697,-53.1616,177.3682,107.9102,1.2732,,
DATA,A001,7,727,535067,-0.8534,0.9175,0.0777,-52.0630,172.4854,100.9521,1.2555,,
DATA,A001,7,728,535077,-0.8473,0.8633,0.0719,-46.6309,163.8794,90.7593,1.2118,,
DATA,A001,7,729,535087,-0.8338,0.8250,0.0726,-41.8701,158.6304,84.0454,1.1753,,
DATA,A001,7,730,535097,-0.8358,0.7542,0.0782,-35.7666,151.3062,75.1953,1.1285,,
DATA,A001,7,731,535107,-0.8500,0.6968,0.0809,-30.4565,145.6909,70.2515,1.1021,,
DATA,A001,7,732,535117,-0.8859,0.6297,0.0878,-18.1885,134.0942,63.4766,1.0904,,
DATA,A001,7,733,535127,-0.9147,0.6207,0.0978,-6.2866,125.5493,58.9600,1.1097,,
DATA,A001,7,734,535137,-0.9300,0.6522,0.1324,11.2915,114.9902,48.8892,1.1436,,
DATA,A001,7,735,535147,-0.9274,0.6934,0.1488,19.4092,111.0229,41.5039,1.1675,,
DATA,A001,7,736,535157,-0.9198,0.7588,0.1298,28.3813,103.7598,31.0669,1.1995,,
DATA,A001,7,737,535167,-0.9425,0.8333,0.1005,37.7197,94.2383,28.5034,1.2621,,
DATA,A001,7,738,535177,-0.9310,1.0252,0.0897,59.9365,75.3174,20.6299,1.3878,,
DATA,A001,7,739,535187,-0.9125,1.1849,0.1009,69.9463,65.5518,13.2446,1.4989,,
DATA,A001,7,740,535197,-0.8890,1.3602,0.1012,68.7866,55.0537,3.0518,1.6281,,
DATA,A001,7,741,535207,-0.8837,1.4293,0.1005,61.7676,48.2788,-3.7231,1.6834,,
DATA,A001,7,742,535217,-0.8666,1.4720,0.0948,52.5513,37.0483,-15.8691,1.7107,,
DATA,A001,7,743,535227,-0.8490,1.4483,0.0987,49.9878,28.4424,-25.5737,1.6817,,
DATA,A001,7,744,535237,-0.8146,1.3655,0.1300,47.7905,13.3667,-42.6636,1.5953,,
DATA,A001,7,745,535247,-0.7799,1.2774,0.1654,46.3867,3.1128,-55.7861,1.5058,,
DATA,A001,7,746,535257,-0.7189,1.1504,0.2157,46.8140,-10.6812,-78.1250,1.3736,,
DATA,A001,7,747,535267,-0.6832,1.0853,0.2374,50.1709,-18.9209,-93.0786,1.3042,,
DATA,A001,7,748,535277,-0.6402,1.0147,0.2447,58.0444,-30.5176,-113.9526,1.2245,,
DATA,A001,7,749,535287,-0.6158,0.9959,0.2494,62.6831,-37.7808,-127.0142,1.1972,,
DATA,A001,7,750,535297,-0.5878,0.9774,0.2496,65.1245,-48.6450,-144.8364,1.1675,,
DATA,A001,7,751,535307,-0.5841,0.9664,0.2355,64.6362,-55.7861,-155.6396,1.1535,,
DATA,A001,7,752,535317,-0.5956,0.9700,0.1923,65.9790,-65.4297,-172.9736,1.1544,,
DATA,A001,7,753,535327,-0.5902,1.0130,0.1615,70.5566,-70.1904,-185.1196,1.1835,,
DATA,A001,7,754,535337,-0.5799,1.1175,0.1188,75.9277,-75.5615,-202.3926,1.2646,,
DATA,A001,7,755,535347,-0.5570,1.1959,0.0995,74.9512,-76.7212,-212.4023,1.3230,,
DATA,A001,7,756,535357,-0.5326,1.2671,0.0799,70.1904,-75.9277,-221.5576,1.3768,,
DATA,A001,7,757,535367,-0.4967,1.3160,0.0587,59.3872,-71.1670,-232.4829,1.4078,,
DATA,A001,7,758,535377,-0.4869,1.3228,0.0475,51.6357,-66.4062,-237.4878,1.4104,,
DATA,A001,7,759,535387,-0.4886,1.3123,0.0277,41.3208,-55.1147,-243.9575,1.4006,,
DATA,A001,7,760,535397,-0.4845,1.2991,0.0167,37.2925,-44.9219,-247.6196,1.3866,,
DATA,A001,7,761,535407,-0.4894,1.2928,-0.0023,35.2173,-26.7944,-250.4272,1.3823,,
DATA,A001,7,762,535417,-0.5021,1.2830,-0.0121,33.4473,-14.3433,-250.6714,1.3778,,
DATA,A001,7,763,535427,-0.5008,1.2425,-0.0084,28.7476,2.4414,-248.2300,1.3397,,
DATA,A001,7,764,535437,-0.4974,1.1902,-0.0138,24.7192,10.3149,-245.6055,1.2901,,
DATA,A001,7,765,535447,-0.4820,1.0789,-0.0167,19.1040,16.4185,-240.3564,1.1818,,
DATA,A001,7,766,535457,-0.4645,0.9981,-0.0202,16.5405,17.2729,-235.6567,1.1011,,
DATA,A001,7,767,535467,-0.4410,0.8836,-0.0233,13.8550,16.4185,-227.1118,0.9878,,
DATA,A001,7,768,535477,-0.4234,0.8084,-0.0360,12.1460,17.5171,-221.0693,0.9133,,
DATA,A001,7,769,535487,-0.4105,0.7027,-0.0541,10.9863,20.5078,-210.9375,0.8156,,
DATA,A001,7,770,535497,-0.4056,0.6434,-0.0651,11.5967,21.4233,-202.8198,0.7633,,
DATA,A001,7,771,535507,-0.4098,0.5718,-0.0765,14.8926,19.7144,-189.1479,0.7077,,
DATA,A001,7,772,535517,-0.4115,0.5442,-0.0812,17.7002,15.9302,-180.0537,0.6871,,
DATA,A001,7,773,535527,-0.4122,0.5145,-0.0875,21.7285,7.8735,-166.3208,0.6650,,
DATA,A001,7,774,535537,-0.4071,0.4993,-0.0817,24.7192,1.5259,-156.8604,0.6494,,
DATA,A001,7,775,535547,-0.3988,0.4947,-0.0609,30.8228,-9.1553,-142.2729,0.6383,,
DATA,A001,7,776,535557,-0.3961,0.5037,-0.0416,34.3018,-16.6626,-132.0190,0.6422,,
DATA,A001,7,777,535567,-0.3951,0.5098,-0.0006,37.5366,-28.9307,-116.6382,0.6450,,
DATA,A001,7,778,535577,-0.3846,0.5157,0.0382,37.4146,-37.0483,-106.5063,0.6445,,
DATA,A001,7,779,535587,-0.3868,0.5120,0.0839,34.3018,-50.4761,-91.2476,0.6472,,
DATA,A001,7,780,535597,-0.3807,0.4983,0.0985,30.8838,-58.2275,-81.1768,0.6348,,
DATA,A001,7,781,535607,-0.3424,0.4688,0.0975,25.5127,-66.0400,-66.5894,0.5887,,
DATA,A001,7,782,535617,-0.3143,0.4551,0.0919,23.8647,-66.0400,-56.7017,0.5607,,
DATA,A001,7,783,535627,-0.2789,0.4466,0.0756,25.5127,-59.8145,-39.9170,0.5319,,
DATA,A001,7,784,535637,-0.2775,0.4603,0.0746,29.1748,-54.2603,-26.4893,0.5426,,
DATA,A001,7,785,535647,-0.3119,0.5052,0.0851,33.5693,-46.7529,-4.8218,0.5998,,
DATA,A001,7,786,535657,-0.3360,0.5421,0.0946,34.0576,-45.0439,10.0708,0.6447,,
DATA,A001,7,787,535667,-0.3844,0.5936,0.1100,32.0435,-47.0581,32.1655,0.7157,,
DATA,A001,7,788,535677,-0.4017,0.6285,0.1173,30.3955,-49.8657,46.3867,0.7551,,
DATA,A001,7,789,535687,-0.4254,0.6810,0.1632,28.4424,-54.3213,66.8335,0.8193,,
DATA,A001,7,790,535697,-0.4552,0.7274,0.1981,26.0010,-56.2134,78.9795,0.8806,,
DATA,A001,7,791,535707,-0.4806,0.7676,0.2342,22.3389,-57.3730,90.2710,0.9355,,
DATA,A001,7,792,535717,-0.5050,0.8108,0.2992,12.5122,-62.6831,105.2856,1.0010,,
DATA,A001,7,793,535727,-0.5096,0.8189,0.3173,2.9297,-68.7866,114.2578,1.0154,,
DATA,A001,7,794,535737,-0.5084,0.8328,0.2472,-11.5356,-78.4302,128.8452,1.0066,,
DATA,A001,7,795,535747,-0.4664,0.8709,0.1766,-14.9536,-80.6885,140.5640,1.0036,,
DATA,A001,7,796,535757,-0.3685,0.9593,0.1166,-9.6436,-74.8901,161.0107,1.0342,,
DATA,A001,7,797,535767,-0.3234,1.0377,0.1048,-5.7373,-60.9131,176.2695,1.0919,,
DATA,A001,7,798,535777,-0.2594,1.1292,0.0939,-6.6528,-27.9541,195.5566,1.1624,,
DATA,A001,7,799,535787,-0.2479,1.1663,0.1134,-9.8267,-3.1128,207.6416,1.1978,,
DATA,A001,7,800,535797,-0.2633,1.1766,0.1583,-14.1602,32.4097,222.8394,1.2160,,
DATA,A001,7,801,535807,-0.2765,1.1561,0.1859,-17.1509,54.2603,229.8584,1.2031,,
DATA,A001,7,802,535817,-0.2735,1.0989,0.1871,-20.6299,84.1064,236.6943,1.1478,,
DATA,A001,7,803,535827,-0.2648,1.0743,0.1800,-18.4326,103.8818,239.5630,1.1210,,
DATA,A001,7,804,535837,-0.2757,1.1190,0.1681,-5.6152,133.3618,244.6899,1.1646,,
DATA,A001,7,805,535847,-0.2901,1.2039,0.1822,5.0049,150.1465,248.4741,1.2517,,
DATA,A001,7,806,535857,-0.3382,1.3609,0.2125,13.2446,166.8091,253.0518,1.4183,,
DATA,A001,7,807,535867,-0.3807,1.4605,0.2350,11.3525,170.6543,255.3711,1.5275,,
DATA,A001,7,808,535877,-0.4608,1.5565,0.2428,-0.4883,162.4146,258.3008,1.6413,,
DATA,A001,7,809,535887,-0.5028,1.5945,0.2289,-9.3994,150.1465,259.9487,1.6875,,
DATA,A001,7,810,535897,-0.5279,1.6053,0.1615,-22.5220,126.5869,260.0098,1.6976,,
DATA,A001,7,811,535907,-0.5243,1.5811,0.1073,-31.1279,110.4736,257.2632,1.6692,,
DATA,A001,7,812,535917,-0.4874,1.5098,0.0294,-41.1377,86.0596,249.8169,1.5868,,
DATA,A001,7,813,535927,-0.4603,1.4515,-0.0084,-43.7012,69.2139,243.3472,1.5227,,
DATA,A001,7,814,535937,-0.4132,1.3721,-0.0377,-42.9077,45.4712,231.8726,1.4335,,
DATA,A001,7,815,535947,-0.3771,1.3108,-0.0397,-41.1987,32.5928,222.9004,1.3646,,
DATA,A001,7,816,535957,-0.3409,1.2046,-0.0109,-37.2925,20.6299,208.9844,1.2520,,
DATA,A001,7,817,535967,-0.3353,1.1419,0.0082,-33.2642,16.9678,200.7446,1.1901,,
DATA,A001,7,818,535977,-0.3326,1.0611,0.0238,-25.1465,14.0381,187.8052,1.1123,,
DATA,A001,7,819,535987,-0.3270,1.0181,0.0343,-19.5312,12.8784,179.8706,1.0699,,
DATA,A001,7,820,535997,-0.3451,0.9691,0.0358,-12.4512,12.8174,167.4805,1.0293,,
DATA,A001,7,821,536007,-0.3514,0.9561,0.0248,-7.0190,12.5732,159.6069,1.0190,,
DATA,A001,7,822,536017,-0.3629,0.9600,-0.0050,3.0518,9.2163,148.8037,1.0263,,
DATA,A001,7,823,536027,-0.3617,0.9857,-0.0145,9.6436,6.1646,141.8457,1.0500,,
DATA,A001,7,824,536037,-0.3551,0.9983,-0.0233,13.9771,2.8687,135.3760,1.0599,,
DATA,A001,7,825,536047,-0.3646,0.9986,-0.0267,15.8081,-1.0986,126.9531,1.0634,,
DATA,A001,7,826,536057,-0.3959,0.9661,-0.0243,16.4185,-7.0190,119.8120,1.0444,,
DATA,A001,7,827,536067,-0.4269,0.9376,-0.0267,18.4937,-13.5498,115.3564,1.0305,,
DATA,A001,7,828,536077,-0.4557,0.9185,-0.0272,22.0947,-23.0103,110.7178,1.0257,,
DATA,A001,7,829,536087,-0.4908,0.8985,-0.0243,27.2217,-43.0298,103.8208,1.0241,,
DATA,A001,7,830,536097,-0.5023,0.8873,-0.0199,30.2124,-59.2041,98.9380,1.0198,,
DATA,A001,7,831,536107,-0.5013,0.8699,-0.0165,32.9590,-84.8999,90.7593,1.0042,,
DATA,A001,7,832,536117,-0.4921,0.8548,-0.0031,35.9497,-100.7690,84.4116,0.9863,,
DATA,A001,7,833,536127,-0.4422,0.8626,0.0995,42.8467,-117.4927,72.2656,0.9745,,
DATA,A001,7,834,536137,-0.4044,0.8865,0.1500,45.2271,-121.4600,62.6221,0.9859,,
DATA,A001,7,835,536147,-0.3407,0.8838,0.1757,39.1846,-114.7461,47.6074,0.9634,,
DATA,A001,7,836,536157,-0.2743,0.8511,0.2069,33.1421,-102.3560,35.8276,0.9179,,
DATA,A001,7,837,536167,-0.2088,0.7857,0.2228,26.8555,-72.2046,18.0054,0.8430,,
DATA,A001,7,838,536177,-0.1832,0.7310,0.2032,24.1699,-46.5698,7.7515,0.7805,,
DATA,A001,7,839,536187,-0.1998,0.6434,0.2049,25.0244,-8.9722,-6.7139,0.7042,,
DATA,A001,7,840,536197,-0.2274,0.6209,0.2052,29.8462,11.4136,-15.5640,0.6923,,
DATA,A001,7,841,536207,-0.2770,0.6507,0.1959,40.5273,31.0669,-27.4048,0.7338,,
DATA,A001,7,842,536217,-0.3082,0.7142,0.1920,47.7905,37.6587,-35.0952,0.8012,,
DATA,A001,7,843,536227,-0.3395,0.8475,0.1986,53.4668,41.5649,-45.9595,0.9343,,
DATA,A001,7,844,536237,-0.3563,0.9420,0.1986,52.4292,41.2598,-52.3682,1.0265,,
DATA,A001,7,845,536247,-0.3773,1.0438,0.1866,45.1050,38.6963,-62.8052,1.1254,,
DATA,A001,7,846,536257,-0.3834,1.1004,0.1715,40.1611,36.8652,-70.2515,1.1778,,
DATA,A001,7,847,536267,-0.3675,1.1705,0.1456,35.4614,37.7197,-82.3364,1.2354,,
DATA,A001,7,848,536277,-0.3517,1.2234,0.1498,34.7290,38.2690,-90.2710,1.2818,,
DATA,A001,7,849,536287,-0.3775,1.3514,0.1410,38.0859,37.9639,-98.9990,1.4102,,
DATA,A001,7,850,536297,-0.3988,1.4517,0.1246,40.0391,34.7290,-105.1025,1.5106,,
DATA,A001,7,851,536307,-0.4088,1.6087,0.1449,37.6587,23.8647,-116.5161,1.6661,,
DATA,A001,7,852,536317,-0.4073,1.6732,0.1398,30.8228,14.4043,-123.0469,1.7277,,
DATA,A001,7,853,536327,-0.3878,1.6754,0.1180,15.1978,-3.4180,-131.3477,1.7237,,
DATA,A001,7,854,536337,-0.3722,1.6343,0.0944,8.1787,-15.3809,-135.8643,1.6788,,
DATA,A001,7,855,536347,-0.3299,1.5967,0.0792,6.5918,-30.0903,-143.2495,1.6324,,
DATA,A001,7,856,536357,-0.3050,1.5950,0.0692,6.5918,-36.0718,-148.4375,1.6254,,
DATA,A001,7,857,536367,-0.2733,1.5821,0.0604,1.2207,-39.9170,-156.0669,1.6067,,
DATA,A001,7,858,536377,-0.2599,1.5230,0.0509,-6.8359,-41.6260,-160.8276,1.5459,,
DATA,A001,7,859,536387,-0.2552,1.4278,0.0336,-15.1367,-44.1895,-165.2222,1.4508,,
DATA,A001,7,860,536397,-0.2482,1.2735,-0.0004,-20.7520,-50.4150,-170.5322,1.2974,,
DATA,A001,7,861,536407,-0.2413,1.2020,-0.0270,-18.3105,-54.5654,-172.7905,1.2262,,
DATA,A001,7,862,536417,-0.2486,1.1461,-0.0433,-10.0708,-61.4014,-173.3398,1.1735,,
DATA,A001,7,863,536427,-0.2604,1.1307,-0.0453,-6.1035,-66.7725,-171.8750,1.1611,,
DATA,A001,7,864,536437,-0.2980,1.1070,-0.0426,-5.5542,-78.7964,-168.5181,1.1472,,
DATA,A001,7,865,536447,-0.3326,1.0921,-0.0514,-6.4697,-89.1113,-165.8325,1.1428,,
DATA,A001,7,866,536457,-0.3627,1.0872,-0.0582,-5.0659,-107.1167,-161.5601,1.1476,,
DATA,A001,7,867,536467,-0.3507,1.1275,-0.0626,-3.4180,-117.3706,-159.2407,1.1824,,
DATA,A001,7,868,536477,-0.3209,1.1924,-0.0941,-4.5776,-131.1646,-153.4424,1.2384,,
DATA,A001,7,869,536487,-0.2909,1.2105,-0.1207,-9.5825,-137.8174,-150.9399,1.2508,,
DATA,A001,7,870,536497,-0.2704,1.1880,-0.1627,-21.4844,-139.0381,-148.5596,1.2292,,
DATA,A001,7,871,536507,-0.2482,1.1436,-0.2311,-28.2593,-135.1929,-146.7896,1.1928,,
DATA,A001,7,872,536517,-0.2157,1.0596,-0.3641,-26.9165,-125.9766,-142.8223,1.1410,,
DATA,A001,7,873,536527,-0.1964,1.0201,-0.4020,-17.3950,-119.3848,-140.8691,1.1139,,
DATA,A001,7,874,536537,-0.1869,1.0264,-0.3724,2.3804,-110.0464,-137.5122,1.1078,,
DATA,A001,7,875,536547,-0.2040,1.0692,-0.3163,12.5732,-106.2622,-134.7046,1.1335,,
DATA,A001,7,876,536557,-0.2604,1.1500,-0.2433,18.0054,-109.1919,-133.3008,1.2039,,
DATA,A001,7,877,536567,-0.2784,1.2093,-0.2255,17.2729,-116.4551,-133.9722,1.2612,,
DATA,A001,7,878,536577,-0.2560,1.2581,-0.2321,9.7656,-131.5308,-134.8877,1.3047,,
DATA,A001,7,879,536587,-0.2091,1.2505,-0.2509,0.4883,-137.6343,-135.1929,1.2925,,
DATA,A001,7,880,536597,-0.1261,1.1800,-0.3004,-13.4277,-136.6577,-135.7422,1.2241,,
DATA,A001,7,881,536607,-0.0870,1.1192,-0.3285,-18.7378,-127.8687,-135.3760,1.1697,,
DATA,A001,7,882,536617,-0.0616,1.0325,-0.3683,-19.4092,-107.7271,-134.4604,1.0980,,
DATA,A001,7,883,536627,-0.0660,0.9886,-0.3761,-16.8457,-92.4683,-132.5684,1.0598,,
DATA,A001,7,884,536637,-0.0961,0.9488,-0.3778,-12.4512,-73.9136,-128.6621,1.0258,,
DATA,A001,7,885,536647,-0.1119,0.9380,-0.3671,-9.7046,-64.3921,-126.0376,1.0135,,
DATA,A001,7,886,536657,-0.1224,0.9332,-0.3456,-7.2632,-55.0537,-121.5820,1.0026,,
DATA,A001,7,887,536667,-0.1202,0.9271,-0.3351,-7.2632,-49.9878,-117.7979,0.9931,,
DATA,A001,7,888,536677,-0.1136,0.9019,-0.3112,-9.7046,-42.8467,-111.4502,0.9608,,
DATA,A001,7,889,536687,-0.1139,0.8770,-0.2977,-11.9019,-37.7197,-106.6895,0.9331,,
DATA,A001,7,890,536697,-0.1139,0.8316,-0.2963,-12.8174,-28.9307,-98.7549,0.8901,,
DATA,A001,7,891,536707,-0.1124,0.8062,-0.3024,-11.4746,-23.3154,-92.4072,0.8684,,
DATA,A001,7,892,536717,-0.1122,0.7986,-0.3102,-7.5073,-17.9443,-85.1440,0.8641,,
DATA,A001,7,893,536727,-0.1349,0.8362,-0.3026,3.0518,-11.1084,-73.7915,0.8995,,
DATA,A001,7,894,536737,-0.1525,0.8895,-0.2863,11.4746,-7.7515,-65.9790,0.9467,,
DATA,A001,7,895,536747,-0.1896,0.9739,-0.2416,18.4937,-7.5684,-53.1616,1.0212,,
DATA,A001,7,896,536757,-0.2079,1.0032,-0.2106,17.6392,-10.6201,-44.3726,1.0460,,
DATA,A001,7,897,536767,-0.2255,1.0018,-0.1749,13.0615,-17.4561,-31.7383,1.0416,,
DATA,A001,7,898,536777,-0.2298,0.9822,-0.1683,11.4136,-22.2168,-23.1323,1.0227,,
DATA,A001,7,899,536787,-0.2340,0.9346,-0.1769,12.6953,-22.5830,-12.1460,0.9796,,
DATA,A001,7,900,536797,-0.2403,0.8875,-0.1398,16.7236,-20.6909,-6.5308,0.9300,,
DATA,A001,7,901,536807,-0.2850,0.8611,-0.0751,28.0762,-18.2495,4.6997,0.9102,,
DATA,A001,7,902,536817,-0.3099,0.8936,-0.0507,40.0391,-14.7705,14.0991,0.9472,,
DATA,A001,7,903,536827,-0.3060,0.9903,0.0104,56.3965,-14.7705,25.6958,1.0365,,
DATA,A001,7,904,536837,-0.3114,1.0298,0.0580,59.4482,-8.1787,33.6304,1.0775,,
DATA,A001,7,905,536847,-0.3321,1.0252,0.1273,54.5044,4.1504,42.0532,1.0852,,
DATA,A001,7,906,536857,-0.3771,0.9869,0.1461,52.6733,11.9629,49.4995,1.0665,,
DATA,A001,7,907,536867,-0.4278,0.9024,0.1749,56.8848,17.1509,59.2651,1.0139,,
DATA,A001,7,908,536877,-0.4496,0.8494,0.2172,61.5845,17.0898,63.9038,0.9853,,
DATA,A001,7,909,536887,-0.4496,0.7899,0.2870,64.7583,23.8647,66.4673,0.9531,,
DATA,A001,7,910,536897,-0.4110,0.7571,0.3124,64.2700,32.2266,64.5752,0.9164,,
DATA,A001,7,911,536907,-0.3080,0.7476,0.2826,66.2842,60.9741,59.6924,0.8565,,
DATA,A001,7,912,536917,-0.2296,0.7637,0.2369,70.2515,89.4775,55.1758,0.8319,,
DATA,A001,7,913,536927,-0.2504,0.8441,0.1844,80.7495,120.4834,57.0068,0.8995,,
DATA,A001,7,914,536937,-0.3338,0.9278,0.1410,87.0361,132.9956,60.4248,0.9961,,
DATA,A001,7,915,536947,-0.4850,1.0704,0.0917,89.5996,126.1597,58.3496,1.1787,,
DATA,A001,7,916,536957,-0.5672,1.1502,0.0702,84.9609,109.8633,54.6265,1.2844,,
DATA,A001,7,917,536967,-0.6456,1.2347,0.0460,73.1812,78.4302,47.5464,1.3940,,
DATA,A001,7,918,536977,-0.6520,1.2676,0.0362,66.4062,59.2041,42.2363,1.4259,,
DATA,A001,7,919,536987,-0.6190,1.2759,0.0643,58.2886,36.2549,35.0342,1.4196,,
DATA,A001,7,920,536997,-0.5777,1.2679,0.0990,53.4058,25.7568,30.6396,1.3968,,
DATA,A001,7,921,537007,-0.5416,1.2256,0.1429,45.2881,13.3057,26.0010,1.3476,,
DATA,A001,7,922,537017,-0.5277,1.1851,0.1871,41.3208,3.6621,24.9634,1.3107,,
DATA,A001,7,923,537027,-0.5091,1.1021,0.2594,36.8042,-14.2822,24.3530,1.2414,,
DATA,A001,7,924,537037,-0.4896,1.0369,0.3046,33.3252,-26.2451,23.8647,1.1865,,
DATA,A001,7,925,537047,-0.4557,0.9246,0.3546,25.6348,-40.1611,23.4375,1.0901,,
DATA,A001,7,926,537057,-0.4232,0.8494,0.3627,20.6299,-44.1284,23.4985,1.0159,,
DATA,A001,7,927,537067,-0.3851,0.7691,0.3522,16.1133,-44.4336,23.3154,0.9294,,
DATA,A001,7,928,537077,-0.3190,0.6671,0.3085,13.8550,-35.4614,23.6206,0.8011,,
DATA,A001,7,929,537087,-0.2753,0.6163,0.2828,15.5029,-22.5220,22.6440,0.7318,,
DATA,A001,7,930,537097,-0.2340,0.5831,0.2152,20.1416,6.3477,21.4233,0.6641,,
DATA,A001,7,931,537107,-0.2189,0.5670,0.2413,24.4751,25.8789,20.3247,0.6539,,
DATA,A001,7,932,537117,-0.3983,0.6131,0.2345,22.8271,56.5796,22.4609,0.7678,,
DATA,A001,7,933,537127,-0.5377,0.6285,0.2345,18.6768,58.8989,22.0947,0.8597,,
DATA,A001,7,934,537137,-0.7081,0.6424,0.2093,10.5591,35.5835,24.0479,0.9787,,
DATA,A001,7,935,537147,-0.7115,0.6353,0.2355,6.1646,-1.6479,30.6396,0.9825,,
DATA,A001,7,936,537157,-0.4996,0.6221,0.2130,2.1362,-47.2412,40.9546,0.8259,,
DATA,A001,7,937,537167,-0.3849,0.6307,0.1903,1.6479,-65.8569,49.0723,0.7629,,
DATA,A001,7,938,537177,-0.2184,0.6382,0.1483,3.0518,-61.4624,59.5703,0.6907,,
DATA,A001,7,939,537187,-0.2189,0.6504,0.1761,6.4697,-48.5840,67.1387,0.7085,,
DATA,A001,7,940,537197,-0.2748,0.6920,0.1803,10.0708,-24.6582,76.1719,0.7660,,
DATA,A001,7,941,537207,-0.3326,0.7288,0.1769,9.8877,-18.5547,80.2002,0.8204,,
DATA,A001,7,942,537217,-0.4108,0.7803,0.1359,4.3945,-23.6816,85.7544,0.8922,,
DATA,A001,7,943,537227,-0.4208,0.7982,0.1041,-0.7324,-31.7383,87.4023,0.9083,,
DATA,A001,7,944,537237,-0.3861,0.7962,0.0568,-7.0190,-45.0439,89.3555,0.8867,,
DATA,A001,7,945,537247,-0.3609,0.7840,0.0297,-8.3618,-49.4995,91.6138,0.8636,,
DATA,A001,7,946,537257,-0.3219,0.7713,0.0248,-5.7983,-49.0723,94.1162,0.8361,,
DATA,A001,7,947,537267,-0.3036,0.7820,0.0360,-1.8311,-43.7012,94.7876,0.8397,,
DATA,A001,7,948,537277,-0.2972,0.8487,0.0651,6.3477,-32.1655,95.6421,0.9016,,
DATA,A001,7,949,537287,-0.3129,0.9146,0.0821,11.9019,-23.8647,96.2524,0.9701,,
DATA,A001,7,950,537297,-0.3622,1.0276,0.1058,16.4185,-16.4185,96.1914,1.0947,,
DATA,A001,7,951,537307,-0.3951,1.1087,0.1122,16.2964,-15.6860,94.9707,1.1823,,
DATA,A001,7,952,537317,-0.4220,1.2198,0.1166,13.0615,-17.3340,90.8203,1.2960,,
DATA,A001,7,953,537327,-0.4176,1.2886,0.1129,9.5825,-17.3950,86.2427,1.3593,,
DATA,A001,7,954,537337,-0.4029,1.3543,0.0914,2.8076,-12.9395,76.9653,1.4159,,
DATA,A001,7,955,537347,-0.3827,1.3638,0.0802,-2.3804,-5.9204,69.0918,1.4188,,
DATA,A001,7,956,537357,-0.3541,1.3121,0.0560,-9.5825,9.4604,54.0771,1.3602,,
DATA,A001,7,957,537367,-0.3500,1.2488,0.0433,-10.5591,20.0195,43.1519,1.2977,,
DATA,A001,7,958,537377,-0.3890,1.2632,0.0648,5.9814,31.8604,27.2827,1.3234,,
DATA,A001,7,959,537387,-0.4044,1.3690,0.0760,22.3999,36.7432,16.3574,1.4295,,
DATA,A001,7,960,537397,-0.4195,1.5076,0.1132,27.2827,40.3442,-1.0376,1.5690,,
DATA,A001,7,961,537407,-0.4391,1.5154,0.1385,17.3340,40.7104,-11.1084,1.5838,,
DATA,A001,7,962,537417,-0.4552,1.4007,0.1288,2.2583,41.8091,-26.0620,1.4784,,
DATA,A001,7,963,537427,-0.4557,1.2835,0.1009,-0.4272,42.3584,-36.5601,1.3657,,
DATA,A001,7,964,537437,-0.4730,1.1854,0.0638,3.9062,41.7480,-46.1426,1.2778,,
DATA,A001,7,965,537447,-0.5035,1.1402,0.0340,17.2729,37.7808,-60.8521,1.2469,,
DATA,A001,7,966,537457,-0.5387,1.1370,0.0145,25.2686,28.4424,-70.6177,1.2583,,
DATA,A001,7,967,537467,-0.6061,1.1277,0.0216,30.2124,5.1880,-82.3364,1.2805,,
DATA,A001,7,968,537477,-0.6395,1.0911,0.0402,29.1748,-16.9678,-90.3931,1.2654,,
DATA,A001,7,969,537487,-0.6810,1.0145,0.0421,27.2827,-57.3120,-102.5391,1.2226,,
DATA,A001,7,970,537497,-0.7264,0.9864,0.0113,29.6631,-91.3086,-109.6191,1.2251,,
DATA,A001,7,971,537507,-0.8202,0.9857,-0.0094,40.0391,-152.5879,-118.4692,1.2823,,
DATA,A001,7,972,537517,-0.8673,1.0330,-0.0155,47.1191,-196.5942,-124.9390,1.3489,,
DATA,A001,7,973,537527,-0.9169,1.1348,-0.0346,45.4102,-268.2495,-135.3760,1.4593,,
DATA,A001,7,974,537537,-0.9215,1.1900,-0.0819,36.5601,-320.8008,-143.0054,1.5073,,
DATA,A001,7,975,537547,-0.8978,1.2442,-0.1603,22.0337,-394.1650,-152.7710,1.5427,,
DATA,A001,7,976,537557,-0.8863,1.2803,-0.1928,14.8315,-441.3452,-158.6304,1.5691,,
DATA,A001,7,977,537567,-0.8548,1.3714,-0.2338,3.9673,-505.2490,-166.8091,1.6328,,
DATA,A001,7,978,537577,-0.8602,1.4368,-0.3075,-7.0190,-547.0581,-171.8750,1.7026,,
DATA,A001,7,979,537587,-0.8321,1.4803,-0.3688,-28.4424,-601.0132,-180.8472,1.7377,,
DATA,A001,7,980,537597,-0.7482,1.4703,-0.4010,-44.1284,-635.1929,-189.2700,1.6977,,
DATA,A001,7,981,537607,-0.6266,1.4625,-0.3234,-61.7065,-672.1191,-200.7446,1.6236,,
DATA,A001,7,982,537617,-0.5729,1.5018,-0.3024,-73.7915,-692.6270,-207.4585,1.6355,,
DATA,A001,7,983,537627,-0.4183,1.5167,-0.2731,-96.3135,-704.5288,-213.8672,1.5968,,
DATA,A001,7,984,537637,-0.2687,1.4796,-0.2484,-113.1592,-695.6787,-221.9849,1.5241,,
DATA,A001,7,985,537647,-0.0941,1.3865,-0.2379,-133.5449,-656.2500,-231.5063,1.4099,,
DATA,A001,7,986,537657,-0.0880,1.3257,-0.2191,-144.5312,-620.9717,-233.9478,1.3466,,
DATA,A001,7,987,537667,-0.0714,1.1951,-0.1432,-155.0293,-561.8286,-236.3281,1.2058,,
DATA,A001,7,988,537677,-0.0318,1.1356,-0.0939,-155.5786,-520.8130,-236.0229,1.1399,,
DATA,A001,7,989,537687,0.0304,1.1104,-0.0492,-150.0854,-458.7402,-223.7549,1.1119,,
DATA,A001,7,990,537697,0.0917,1.0887,0.0170,-147.5830,-420.0439,-208.9844,1.0927,,
DATA,A001,7,991,537707,0.1613,1.0162,0.1073,-148.8037,-364.7461,-189.3921,1.0345,,
DATA,A001,7,992,537717,0.2152,0.9312,0.1778,-148.6206,-326.8433,-177.3682,0.9722,,
DATA,A001,7,993,537727,0.2255,0.7977,0.2416,-143.6157,-271.3013,-157.7148,0.8634,,
DATA,A001,7,994,537737,0.2431,0.6993,0.2809,-136.0474,-233.3984,-143.9209,0.7918,,
DATA,A001,7,995,537747,0.2352,0.6094,0.3390,-126.6479,-198.5474,-129.8218,0.7360,,
DATA,A001,7,996,537757,0.1378,0.5123,0.4611,-113.0371,-150.2686,-111.6333,0.7028,,
DATA,A001,7,997,537767,0.0529,0.4988,0.5187,-104.4922,-125.6714,-100.4639,0.7216,,
DATA,A001,7,998,537777,-0.0370,0.5052,0.5409,-93.1396,-105.4077,-85.0220,0.7410,,
DATA,A001,7,999,537787,-0.0738,0.5025,0.5585,-86.5479,-97.9614,-77.3926,0.7549,,
DATA,A001,7,1000,537797,-0.1185,0.5005,0.5861,-79.3457,-94.7876,-67.2607,0.7798,,
DATA,A001,7,1001,537807,-0.1212,0.4913,0.5709,-76.0498,-95.2759,-60.4248,0.7629,,
DATA,A001,7,1002,537817,0.1566,0.9351,0.1681,-40.1001,-63.1104,-11.9019,0.9629,,
DATA,A001,7,1003,537827,0.0602,0.5506,0.5089,-60.7910,-64.8193,0.5493,0.7522,,
DATA,A001,7,1004,537837,0.0785,0.3301,0.6024,-80.3833,-54.9927,-27.7100,0.6914,,
DATA,A001,7,1005,537847,0.0465,0.3423,0.7103,-64.0869,-43.3960,6.0425,0.7899,,
DATA,A001,7,1006,537857,-0.0016,0.8882,0.7552,-59.3262,-39.5508,16.6016,1.1659,,
DATA,A001,7,1007,537867,0.0128,0.8126,0.7269,-75.1343,-39.9170,18.5547,1.0903,,
DATA,A001,7,1008,537877,-0.0189,0.6258,0.6725,-88.7451,-39.8560,4.2114,0.9188,,
DATA,A001,7,1009,537887,-0.0355,0.4319,0.6859,-75.3174,-49.0112,8.6060,0.8114,,
DATA,A001,7,1010,537897,0.0516,0.3709,0.7316,-52.1240,-50.7202,11.2305,0.8218,,
DATA,A001,7,1011,537907,0.1207,0.3990,0.7757,-32.0435,-37.5977,18.9209,0.8807,,
DATA,A001,7,1012,537917,0.1759,0.4258,0.8070,-7.8125,-3.3569,15.1978,0.9293,,
DATA,A001,7,1013,537927,0.1029,0.4437,0.7894,2.7466,16.7847,2.0752,0.9114,,
DATA,A001,7,1014,537937,-0.0035,0.4598,0.7887,8.9111,21.6064,-13.7939,0.9129,,
DATA,A001,7,1015,537947,-0.0184,0.5357,0.8151,9.0942,11.0474,-12.8784,0.9755,,
DATA,A001,7,1016,537957,-0.1693,0.5794,0.7452,13.0005,-16.2354,-14.4043,0.9590,,
DATA,A001,7,1017,537967,-0.0560,0.6727,0.8268,11.7798,-37.1704,-17.8223,1.0673,,
DATA,A001,7,1018,537977,0.0206,0.6617,0.8087,-3.0518,-52.6123,-20.5688,1.0451,,
DATA,A001,7,1019,537987,0.0023,0.6858,0.8487,-12.2070,-65.1245,-34.3018,1.0912,,
DATA,A001,7,1020,537997,0.0482,0.4791,0.8133,-9.0332,-78.1250,-47.3022,0.9452,,
DATA,A001,7,1021,538007,0.0805,0.4610,0.8331,5.4932,-85.3882,-41.7480,0.9556,,
DATA,A001,7,1022,538017,0.1283,0.4788,0.8487,23.5596,-84.7168,-32.5928,0.9829,,
DATA,A001,7,1023,538027,0.1120,0.5369,0.8712,34.8511,-76.2329,-32.5928,1.0295,,
DATA,A001,7,1024,538037,0.1388,0.6754,0.8646,39.1846,-69.1528,-18.7988,1.1059,,
DATA,A001,7,1025,538047,0.1298,0.7354,0.8668,33.0200,-62.0117,-14.6484,1.1441,,
DATA,A001,7,1026,538057,0.1618,0.7073,0.8697,13.2446,-53.5278,-15.8081,1.1327,,
DATA,A001,7,1027,538067,0.1625,0.6944,0.8566,1.4648,-47.1802,-18.3105,1.1146,,
DATA,A001,7,1028,538077,0.2394,0.6712,0.8478,-10.3149,-37.0483,-17.7002,1.1075,,
DATA,A001,7,1029,538087,0.2477,0.6336,0.8116,-15.0146,-28.6255,-17.4561,1.0590,,
DATA,A001,7,1030,538097,0.2938,0.5499,0.7831,-22.9492,-19.2871,-19.4702,1.0009,,
DATA,A001,7,1031,538107,0.2763,0.5452,0.7704,-23.8647,-9.6436,-15.4419,0.9834,,
DATA,A001,7,1032,538117,0.2592,0.5135,0.7460,-27.4048,-5.8594,-19.2261,0.9420,,
DATA,A001,7,1033,538127,0.2360,0.4944,0.7486,-33.0200,-7.0801,-16.9067,0.9277,,
DATA,A001,7,1034,538137,0.2081,0.3880,0.7152,-28.5645,-10.9863,-26.6113,0.8399,,
DATA,A001,7,1035,538147,0.2680,0.3401,0.7167,-19.5312,-14.5874,-24.6582,0.8373,,
DATA,A001,7,1036,538157,0.2538,0.3665,0.7264,-17.2119,-14.0991,-22.5220,0.8523,,
DATA,A001,7,1037,538167,0.2616,0.4063,0.7106,-16.4185,-11.7188,-26.1841,0.8593,,
DATA,A001,7,1038,538177,0.2426,0.4097,0.7411,-14.2822,-13.4277,-23.6816,0.8809,,
DATA,A001,7,1039,538187,0.2440,0.4266,0.7745,-19.4702,-20.9351,-27.8320,0.9173,,
DATA,A001,7,1040,538197,0.2914,0.4178,0.7858,-23.9868,-23.3154,-28.1372,0.9364,,
DATA,A001,7,1041,538207,0.3463,0.3445,0.7958,-22.2778,-15.1978,-23.0713,0.9338,,
DATA,A001,7,1042,538217,0.2841,0.3170,0.7943,-17.9443,-11.1084,-26.1230,0.9012,,
DATA,A001,7,1043,538227,0.2882,0.3504,0.7711,-11.5356,-8.3618,-24.3530,0.8947,,
DATA,A001,7,1044,538237,0.2745,0.3724,0.7945,-8.6670,-6.2256,-23.4375,0.9194,,
DATA,A001,7,1045,538247,0.2733,0.4127,0.8141,-10.4370,-1.4038,-27.2217,0.9527,,
DATA,A001,7,1046,538257,0.2924,0.4351,0.8588,-10.4370,-0.2441,-24.5972,1.0061,,
DATA,A001,7,1047,538267,0.3446,0.4427,0.8722,-17.2729,9.1553,-24.4751,1.0370,,
DATA,A001,7,1048,538277,0.3829,0.4107,0.8566,-18.3716,21.2402,-24.5972,1.0242,,
DATA,A001,7,1049,538287,0.3441,0.4234,0.8282,-16.2964,34.1187,-27.0996,0.9918,,
DATA,A001,7,1050,538297,0.2882,0.4109,0.7963,-16.6016,38.0859,-31.7383,0.9413,,
DATA,A001,7,1051,538307,0.2848,0.4066,0.7792,-9.0942,36.4990,-31.9824,0.9238,,
DATA,A001,7,1052,538317,0.2453,0.4095,0.7674,-8.4839,34.6069,-33.8745,0.9038,,
DATA,A001,7,1053,538327,0.2267,0.3992,0.7804,-8.4229,29.2969,-39.9170,0.9054,,
DATA,A001,7,1054,538337,0.2601,0.4112,0.7970,-9.3994,27.1606,-40.4053,0.9338,,
DATA,A001,7,1055,538347,0.2758,0.3360,0.8087,-7.4463,16.8457,-39.4897,0.9181,,
DATA,A001,7,1056,538357,0.3292,0.2999,0.8068,-0.3662,11.3525,-35.2783,0.9215,,
DATA,A001,7,1057,538367,0.3331,0.3231,0.8155,6.6528,5.4321,-30.8838,0.9383,,
DATA,A001,7,1058,538377,0.2880,0.3567,0.8175,6.3477,5.1270,-34.2407,0.9373,,
DATA,A001,7,1059,538387,0.2352,0.4124,0.8373,4.6387,3.2349,-40.5884,0.9625,,
DATA,A001,7,1060,538397,0.2243,0.3909,0.8444,2.0752,-0.7935,-41.2598,0.9571,,
DATA,A001,7,1061,538407,0.3261,0.3345,0.8675,2.9907,-3.0518,-39.4287,0.9853,,
DATA,A001,7,1062,538417,0.3920,0.3209,0.8978,5.6152,3.4790,-36.6821,1.0309,,
DATA,A001,7,1063,538427,0.3529,0.3592,0.9049,5.6152,13.6719,-38.0249,1.0356,,
DATA,A001,7,1064,538437,0.3856,0.4251,0.8461,13.9771,15.0757,-38.8794,1.0224,,
DATA,A001,7,1065,538447,0.3012,0.4744,0.8863,4.4556,22.5830,-37.1704,1.0495,,
DATA,A001,7,1066,538457,0.2611,0.4490,0.8751,-1.7700,23.8037,-43.0908,1.0177,,
DATA,A001,7,1067,538467,0.2904,0.4315,0.8619,-0.3662,22.0947,-41.8701,1.0067,,
DATA,A001,7,1068,538477,0.3349,0.3697,0.8439,1.7090,21.2402,-39.9780,0.9803,,
DATA,A001,7,1069,538487,0.3605,0.3602,0.8356,3.6011,22.2168,-39.0625,0.9787,,
DATA,A001,7,1070,538497,0.3663,0.4002,0.8463,4.6997,23.6206,-35.5835,1.0053,,
DATA,A001,7,1071,538507,0.3471,0.4315,0.8465,4.9438,23.1323,-32.7759,1.0116,,
DATA,A001,7,1072,538517,0.3373,0.4271,0.8739,4.6387,22.6440,-28.4424,1.0295,,
DATA,A001,7,1073,538527,0.3634,0.4092,0.8981,2.9907,25.1465,-25.0244,1.0517,,
DATA,A001,7,1074,538537,0.3598,0.4012,0.9005,2.1362,27.8320,-20.8740,1.0494,,
EVENT,A001,7,,538546,,,,,,,,STOP,1074
EVENT,A001,8,,542058,,,,,,,,START,
DATA,A001,8,1,542081,-0.1102,-0.1208,0.9884,11.8408,-24.0479,-22.6440,1.0018,,
DATA,A001,8,2,542091,-0.0900,-0.1276,1.0011,18.7378,-33.3252,-31.6772,1.0132,,
DATA,A001,8,3,542101,-0.0599,-0.1057,0.9586,33.2642,-49.1333,-42.0532,0.9663,,
DATA,A001,8,4,542111,-0.0560,-0.0475,0.9542,37.7197,-51.9409,-36.4380,0.9570,,
DATA,A001,8,5,542121,-0.0292,-0.0561,1.0082,23.9258,-45.3491,-23.9868,1.0101,,
DATA,A001,8,6,542131,-0.0509,-0.0527,1.0118,19.2261,-45.1050,-17.5171,1.0145,,
DATA,A001,8,7,542141,-0.0130,-0.0537,0.9999,20.0195,-44.3726,-11.4136,1.0014,,
DATA,A001,8,8,542151,0.0145,-0.0346,0.9830,23.2544,-38.6963,-11.5356,0.9837,,
DATA,A001,8,9,542161,-0.0004,-0.0126,0.9925,19.5923,-23.4375,-13.4888,0.9926,,
DATA,A001,8,10,542171,-0.0067,-0.0214,1.0111,16.2964,-16.7847,-16.2354,1.0113,,
DATA,A001,8,11,542181,0.0082,-0.0175,1.0236,13.5498,-12.7563,-20.2637,1.0237,,
DATA,A001,8,12,542191,0.0028,-0.0309,1.0392,11.1084,-11.7798,-22.7661,1.0396,,
DATA,A001,8,13,542201,-0.0094,-0.0446,1.0524,10.0708,-12.7563,-25.0244,1.0533,,
DATA,A001,8,14,542211,0.0075,-0.0400,1.0485,8.9722,-13.6108,-30.5176,1.0492,,
DATA,A001,8,15,542221,0.0067,-0.0241,1.0394,7.8735,-12.5732,-31.8604,1.0397,,
DATA,A001,8,16,542231,0.0404,-0.0334,1.0221,10.0708,-10.7422,-29.1748,1.0234,,
DATA,A001,8,17,542241,0.0707,-0.0417,1.0091,11.6577,-7.8735,-25.8789,1.0125,,
DATA,A001,8,18,542251,0.0766,-0.0309,0.9882,11.1694,-2.1362,-22.2778,0.9916,,
DATA,A001,8,19,542261,0.0582,-0.0363,0.9891,11.2305,0.2441,-19.8975,0.9915,,
DATA,A001,8,20,542271,0.0231,-0.0305,1.0008,10.5591,0.4272,-18.9209,1.0016,,
DATA,A001,8,21,542281,0.0307,-0.0358,1.0026,11.1694,-0.0610,-17.7612,1.0037,,
DATA,A001,8,22,542291,0.0477,-0.0339,0.9923,13.1836,0.9155,-16.6626,0.9940,,
DATA,A001,8,23,542301,0.0470,-0.0371,0.9901,13.4888,1.9531,-17.5171,0.9919,,
DATA,A001,8,24,542311,0.0455,-0.0248,0.9908,12.0239,2.0752,-19.9585,0.9922,,
DATA,A001,8,25,542321,0.0700,-0.0231,0.9894,11.7798,3.3569,-19.0430,0.9921,,
DATA,A001,8,26,542331,0.0819,-0.0212,0.9889,12.1460,9.0332,-18.3716,0.9925,,
DATA,A001,8,27,542341,0.0792,-0.0217,0.9899,11.7188,14.0381,-19.4092,0.9933,,
DATA,A001,8,28,542351,0.0490,-0.0278,1.0006,10.1318,19.2871,-22.2778,1.0022,,
DATA,A001,8,29,542361,0.0397,-0.0344,1.0123,9.3994,20.0806,-24.3530,1.0137,,
DATA,A001,8,30,542371,0.0455,-0.0385,1.0248,8.7891,19.1650,-25.0854,1.0265,,
DATA,A001,8,31,542381,0.0526,-0.0397,1.0311,9.0942,17.4561,-25.4517,1.0332,,
DATA,A001,8,32,542391,0.0836,-0.0549,1.0297,10.8032,15.5029,-27.1606,1.0345,,
DATA,A001,8,33,542401,0.0939,-0.0578,1.0358,11.4746,14.4653,-29.3579,1.0416,,
DATA,A001,8,34,542411,0.1029,-0.0405,1.0265,12.2681,13.4888,-30.5786,1.0324,,
DATA,A001,8,35,542421,0.0973,-0.0344,1.0211,13.3057,13.7329,-30.8228,1.0263,,
DATA,A001,8,36,542431,0.0817,-0.0187,1.0167,13.0615,14.0991,-30.9448,1.0202,,
DATA,A001,8,37,542441,0.0780,-0.0253,1.0165,12.3901,13.5498,-30.9448,1.0198,,
DATA,A001,8,38,542451,0.0783,-0.0239,1.0116,10.9253,13.1226,-32.1045,1.0149,,
DATA,A001,8,39,542461,0.0770,-0.0121,1.0074,9.3994,12.1460,-33.7524,1.0105,,
DATA,A001,8,40,542471,0.0770,0.0037,1.0023,8.7280,9.3384,-32.8369,1.0053,,
DATA,A001,8,41,542481,0.0934,-0.0080,0.9955,9.6436,8.3618,-29.7852,0.9999,,
DATA,A001,8,42,542491,0.1203,-0.0026,0.9816,8.3618,9.8267,-28.6255,0.9889,,
DATA,A001,8,43,542501,0.1481,0.0145,0.9747,7.7515,13.6108,-25.6348,0.9860,,
DATA,A001,8,44,542511,0.1908,0.0081,0.9611,6.5918,22.8882,-19.8975,0.9798,,
DATA,A001,8,45,542521,0.2101,0.0067,0.9637,5.5542,33.1421,-18.7988,0.9864,,
DATA,A001,8,46,542531,0.2196,-0.0017,0.9642,5.1880,44.7998,-16.7236,0.9889,,
DATA,A001,8,47,542541,0.2338,-0.0175,0.9567,6.4697,59.6313,-14.2212,0.9850,,
DATA,A001,8,48,542551,0.2465,-0.0095,0.9274,7.3853,70.6787,-12.2070,0.9596,,
DATA,A001,8,49,542561,0.2868,-0.0051,0.8634,8.8501,89.1724,-6.8970,0.9098,,
DATA,A001,8,50,542571,0.3156,0.0088,0.8146,9.8877,100.6470,-1.2207,0.8736,,
DATA,A001,8,51,542581,0.3129,0.0648,0.7223,12.0239,112.3047,12.3291,0.7898,,
DATA,A001,8,52,542591,0.3165,0.0982,0.6708,12.6343,113.3423,27.1606,0.7482,,
DATA,A001,8,53,542601,0.3637,0.1971,0.5221,16.4795,116.5771,57.9834,0.6661,,
DATA,A001,8,54,542611,0.4027,0.2127,0.4518,20.9351,109.8633,87.8296,0.6415,,
DATA,A001,8,55,542621,0.5233,0.1756,0.2975,28.8696,105.7739,125.9766,0.6271,,
DATA,A001,8,56,542631,0.5004,0.1585,0.1815,35.9497,113.7695,145.9351,0.5554,,
DATA,A001,8,57,542641,0.6242,0.1717,0.0734,41.5039,101.6235,146.1792,0.6515,,
DATA,A001,8,58,542651,0.5255,0.2271,-0.0109,52.4292,107.3608,170.9595,0.5726,,
DATA,A001,8,59,542661,0.3668,0.2664,0.0392,67.1387,123.4741,196.0449,0.4551,,
DATA,A001,8,60,542671,0.1100,0.3882,0.0934,82.9468,125.6714,226.0742,0.4142,,
DATA,A001,8,61,542681,-0.2826,0.5413,0.2020,95.9473,92.9565,285.5835,0.6432,,
DATA,A001,8,62,542691,-0.3087,0.4324,0.4007,112.6099,62.9883,284.7290,0.6655,,
DATA,A001,8,63,542701,-0.1673,0.5040,0.5372,148.8647,22.8271,274.7192,0.7554,,
DATA,A001,8,64,542711,-0.0648,0.7061,0.7096,165.2832,14.8315,275.3906,1.0031,,
DATA,A001,8,65,542721,0.2492,0.9068,0.6854,143.5547,62.9272,241.1499,1.1637,,
DATA,A001,8,66,542731,0.2196,0.8682,0.7552,113.9526,112.5488,234.9854,1.1715,,
DATA,A001,8,67,542741,0.1688,0.6319,0.7408,86.7920,184.5703,241.8213,0.9882,,
DATA,A001,8,68,542751,0.0712,0.4456,0.6258,91.4307,214.2944,257.5684,0.7716,,
DATA,A001,8,69,542761,-0.0973,0.4954,0.5970,127.2583,253.8452,280.5176,0.7819,,
DATA,A001,8,70,542771,-0.2025,0.6531,0.6442,145.0195,264.4653,297.9736,0.9394,,
DATA,A001,8,71,542781,-0.3190,0.8597,0.7006,141.3574,257.5684,314.2090,1.1539,,
DATA,A001,8,72,542791,-0.2982,0.8741,0.6249,132.3242,248.7793,315.0635,1.1151,,
DATA,A001,8,73,542801,-0.1896,0.8304,0.5228,137.5122,245.9717,321.5332,0.9994,,
DATA,A001,8,74,542811,-0.1791,0.8336,0.4703,142.7002,252.0142,328.0029,0.9737,,
DATA,A001,8,75,542821,-0.2320,0.8665,0.3859,147.8271,267.2119,337.6465,0.9765,,
DATA,A001,8,76,542831,-0.3136,0.9161,0.3641,153.6255,273.1323,341.9800,1.0345,,
DATA,A001,8,77,542841,-0.4396,1.0113,0.3744,163.2080,268.7378,347.2290,1.1645,,
DATA,A001,8,78,542851,-0.4894,1.0914,0.5316,169.8608,256.6528,352.4780,1.3089,,
DATA,A001,8,79,542861,-0.5548,1.3377,0.8717,173.3398,239.1357,360.7788,1.6903,,
DATA,A001,8,80,542871,-0.6734,1.5687,1.0507,167.9688,235.9619,356.2622,2.0045,,
DATA,A001,8,81,542881,-0.9337,1.8443,1.1825,140.1367,236.6333,332.5806,2.3815,,
DATA,A001,8,82,542891,-1.0150,1.8231,1.1322,114.2578,235.2905,311.7065,2.3739,,
DATA,A001,8,83,542901,-1.0077,1.6299,1.0792,94.4214,230.0415,292.9688,2.1993,,
DATA,A001,8,84,542911,-0.9374,1.3248,0.9757,79.5288,214.1724,273.0103,1.8936,,
DATA,A001,8,85,542921,-0.8990,1.2144,0.9015,79.2236,200.1343,261.7188,1.7595,,
DATA,A001,8,86,542931,-0.7970,1.1707,0.8085,86.5479,175.5981,239.4409,1.6308,,
DATA,A001,8,87,542941,-0.6993,1.1456,0.7545,93.1396,161.7432,222.1069,1.5397,,
DATA,A001,8,88,542951,-0.6009,1.0904,0.7081,100.4639,152.0996,192.6880,1.4323,,
DATA,A001,8,89,542961,-0.5729,1.0684,0.7125,102.7222,152.0386,172.9736,1.4062,,
DATA,A001,8,90,542971,-0.6053,1.0206,0.6622,102.7832,152.0386,148.7427,1.3589,,
DATA,A001,8,91,542981,-0.6268,0.9766,0.5944,105.1636,149.8413,134.5215,1.3038,,
DATA,A001,8,92,542991,-0.6483,0.9417,0.5301,115.7227,137.8174,114.6240,1.2602,,
DATA,A001,8,93,543001,-0.6639,0.9488,0.4962,122.8638,127.5024,101.9287,1.2598,,
DATA,A001,8,94,543011,-0.6488,0.9483,0.4589,131.9580,111.4502,84.1675,1.2372,,
DATA,A001,8,95,543021,-0.6046,0.9556,0.4371,139.9536,102.1118,73.4253,1.2124,,
DATA,A001,8,96,543031,-0.5370,1.0264,0.4264,154.2358,95.2148,60.9741,1.2344,,
DATA,A001,8,97,543041,-0.4952,1.1231,0.4127,162.5977,97.9614,53.9551,1.2950,,
DATA,A001,8,98,543051,-0.4032,1.2784,0.4420,171.5698,114.4409,44.7998,1.4114,,
DATA,A001,8,99,543061,-0.3302,1.3663,0.4757,172.3633,136.2915,39.2456,1.4839,,
DATA,A001,8,100,543071,-0.2677,1.4669,0.5358,162.5977,180.5420,30.0903,1.5844,,
DATA,A001,8,101,543081,-0.2980,1.5076,0.5680,149.3530,212.6465,25.2075,1.6384,,
DATA,A001,8,102,543091,-0.4095,1.5245,0.5616,123.7793,252.6245,19.3481,1.6755,,
DATA,A001,8,103,543101,-0.4747,1.4778,0.5135,105.7739,269.1040,15.6250,1.6350,,
DATA,A001,8,104,543111,-0.5572,1.3733,0.4120,82.3364,277.0996,7.3853,1.5383,,
DATA,A001,8,105,543121,-0.5853,1.2977,0.3395,68.6035,272.3389,-0.3052,1.4635,,
DATA,A001,8,106,543131,-0.5860,1.1873,0.2740,51.9409,248.5962,-12.7563,1.3521,,
DATA,A001,8,107,543141,-0.5799,1.1129,0.2626,44.1895,221.8628,-21.5454,1.2821,,
DATA,A001,8,108,543151,-0.5917,1.0228,0.2726,34.9121,171.3867,-38.6353,1.2126,,
DATA,A001,8,109,543161,-0.6271,0.9705,0.2923,28.3203,130.9204,-51.8188,1.1919,,
DATA,A001,8,110,543171,-0.7655,0.9339,0.2887,18.9209,63.2324,-71.4722,1.2416,,
DATA,A001,8,111,543181,-0.8365,0.9207,0.2794,12.8784,14.1602,-84.5947,1.2750,,
DATA,A001,8,112,543191,-0.8041,0.9334,0.3021,7.6294,-62.2559,-105.6519,1.2685,,
DATA,A001,8,113,543201,-0.7262,0.9717,0.2970,4.5166,-105.7129,-118.7134,1.2489,,
DATA,A001,8,114,543211,-0.5858,1.0433,0.2511,-5.4321,-155.8228,-134.5215,1.2225,,
DATA,A001,8,115,543221,-0.4906,1.0755,0.2362,-13.6719,-177.3071,-143.2495,1.2055,,
DATA,A001,8,116,543231,-0.4081,1.0862,0.2235,-22.6440,-195.0073,-149.2310,1.1817,,
DATA,A001,8,117,543241,-0.2694,1.1104,0.2106,-29.9683,-200.1953,-161.0718,1.1619,,
DATA,A001,8,118,543251,-0.2098,1.1216,0.2318,-35.0342,-193.2983,-165.1611,1.1644,,
DATA,A001,8,119,543261,-0.1649,1.1514,0.2338,-42.9688,-166.5649,-170.6543,1.1864,,
DATA,A001,8,120,543271,-0.1744,1.1653,0.2382,-48.2178,-143.0054,-175.5981,1.2021,,
DATA,A001,8,121,543281,-0.1964,1.1646,0.2438,-51.1475,-105.4688,-183.2886,1.2059,,
DATA,A001,8,122,543291,-0.2120,1.1624,0.2499,-50.0488,-79.4678,-186.3403,1.2077,,
DATA,A001,8,123,543301,-0.2381,1.1502,0.2648,-46.7529,-44.9219,-191.1011,1.2041,,
DATA,A001,8,124,543311,-0.2396,1.1319,0.2709,-44.5557,-25.3296,-193.1763,1.1883,,
DATA,A001,8,125,543321,-0.2320,1.0682,0.2848,-42.3584,3.1128,-195.4956,1.1296,,
DATA,A001,8,126,543331,-0.2240,1.0067,0.2867,-39.6118,21.2402,-197.2046,1.0704,,
DATA,A001,8,127,543341,-0.2005,0.8970,0.2836,-34.6069,50.6592,-199.1577,0.9619,,
DATA,A001,8,128,543351,-0.2010,0.8257,0.2711,-30.2124,70.5566,-199.7681,0.8921,,
DATA,A001,8,129,543361,-0.2272,0.7523,0.2499,-22.3389,97.0459,-197.0215,0.8246,,
DATA,A001,8,130,543371,-0.2416,0.7129,0.2242,-16.2964,112.3657,-194.0918,0.7854,,
DATA,A001,8,131,543381,-0.2198,0.6680,0.1730,-5.9814,137.8784,-191.2231,0.7242,,
DATA,A001,8,132,543391,-0.2059,0.6453,0.1283,1.0376,156.8604,-189.6973,0.6894,,
DATA,A001,8,133,543401,-0.2638,0.6251,0.0983,10.3760,186.3403,-181.9458,0.6855,,
DATA,A001,8,134,543411,-0.3326,0.6133,0.0677,15.1367,198.9136,-176.3916,0.7010,,
DATA,A001,8,135,543421,-0.4755,0.6175,0.0194,25.6348,202.1484,-167.7246,0.7796,,
DATA,A001,8,136,543431,-0.5680,0.6404,-0.0031,34.3018,191.5283,-161.1328,0.8560,,
DATA,A001,8,137,543441,-0.6620,0.7076,0.0011,42.3584,160.4004,-151.9165,0.9690,,
DATA,A001,8,138,543451,-0.6835,0.7513,0.0651,43.9453,127.8076,-144.4702,1.0177,,
DATA,A001,8,139,543461,-0.6888,0.8360,0.1097,38.1470,74.6460,-135.2539,1.0888,,
DATA,A001,8,140,543471,-0.6500,0.8641,0.0831,28.1372,39.7949,-130.4321,1.0845,,
DATA,A001,8,141,543481,-0.5526,0.8712,0.0436,9.7656,0.3662,-122.1313,1.0326,,
DATA,A001,8,142,543491,-0.4857,0.8607,0.0082,0.1831,-13.4277,-114.9902,0.9883,,
DATA,A001,8,143,543501,-0.4108,0.8438,-0.0172,-8.1787,-16.9067,-101.1963,0.9386,,
DATA,A001,8,144,543511,-0.3627,0.8331,-0.0228,-10.8643,-12.2070,-91.7358,0.9089,,
DATA,A001,8,145,543521,-0.3226,0.8328,-0.0292,-13.4888,0.8545,-76.0498,0.8936,,
DATA,A001,8,146,543531,-0.3221,0.8499,-0.0355,-14.4043,8.7891,-63.5376,0.9096,,
DATA,A001,8,147,543541,-0.3197,0.8851,-0.0431,-11.8408,21.3623,-44.6167,0.9420,,
DATA,A001,8,148,543551,-0.3192,0.9068,-0.0411,-9.5215,28.0151,-32.3486,0.9622,,
DATA,A001,8,149,543561,-0.3124,0.9361,-0.0326,-6.7139,34.1187,-20.3857,0.9874,,
DATA,A001,8,150,543571,-0.2911,0.9664,-0.0072,-3.2959,44.4336,-3.9062,1.0093,,
DATA,A001,8,151,543581,-0.2843,0.9717,0.0289,-2.8687,51.3306,5.9814,1.0129,,
DATA,A001,8,152,543591,-0.2816,0.9412,0.1046,-4.3945,60.4248,19.4702,0.9880,,
DATA,A001,8,153,543601,-0.2853,0.9163,0.1473,-5.9204,64.5142,27.5269,0.9709,,
DATA,A001,8,154,543611,-0.2989,0.8773,0.1849,-8.2397,66.4062,39.3677,0.9451,,
DATA,A001,8,155,543621,-0.2948,0.8614,0.2018,-8.9111,65.0635,47.2412,0.9325,,
DATA,A001,8,156,543631,-0.2840,0.8978,0.1952,-7.8735,61.7065,63.2935,0.9616,,
DATA,A001,8,157,543641,-0.2679,0.9725,0.1796,-4.8218,61.2793,76.9653,1.0246,,
DATA,A001,8,158,543651,-0.2291,1.1343,0.1698,-2.5024,67.1997,100.0366,1.1696,,
DATA,A001,8,159,543661,-0.2069,1.2249,0.1251,-8.1177,78.6133,116.8823,1.2485,,
DATA,A001,8,160,543671,-0.1905,1.2640,0.0270,-28.6255,101.1963,142.8223,1.2785,,
DATA,A001,8,161,543681,-0.1966,1.2242,-0.0214,-42.5415,115.7227,159.9731,1.2401,,
DATA,A001,8,162,543691,-0.2130,1.1209,-0.0753,-55.9692,139.6484,184.2651,1.1434,,
DATA,A001,8,163,543701,-0.2147,1.0574,-0.0880,-58.6548,158.7524,197.6929,1.0826,,
DATA,A001,8,164,543711,-0.2308,1.0118,-0.0563,-58.2886,186.5234,214.6606,1.0393,,
DATA,A001,8,165,543721,-0.2862,1.0323,0.0392,-57.3120,202.5757,224.1821,1.0720,,
DATA,A001,8,166,543731,-0.3336,1.1734,0.1412,-63.2935,222.7173,233.9478,1.2280,,
DATA,A001,8,167,543741,-0.3287,1.2994,0.0900,-75.5615,232.6050,235.5347,1.3433,,
DATA,A001,8,168,543751,-0.3099,1.4522,-0.1012,-99.5483,242.4927,238.4644,1.4884,,
DATA,A001,8,169,543761,-0.3131,1.5272,-0.1937,-110.7178,248.5352,239.9902,1.5709,,
DATA,A001,8,170,543771,-0.3824,1.6343,-0.2792,-117.6758,252.9297,237.6099,1.7015,,
DATA,A001,8,171,543781,-0.4701,1.7093,-0.3131,-121.2158,252.0752,233.2153,1.8002,,
DATA,A001,8,172,543791,-0.6302,1.7440,-0.3165,-135.7422,238.2202,222.7783,1.8812,,
DATA,A001,8,173,543801,-0.5853,1.6509,-0.3375,-153.3203,227.9053,210.6323,1.7838,,
DATA,A001,8,174,543811,-0.7247,1.4136,-0.2157,-183.7158,228.6377,190.0024,1.6032,,
DATA,A001,8,175,543821,-0.8168,1.1888,-0.1784,-183.3496,201.9043,187.8052,1.4533,,
DATA,A001,8,176,543831,-0.6998,0.8802,-0.0758,-158.6914,164.0015,149.7192,1.1270,,
DATA,A001,8,177,543841,-0.7477,0.7635,0.0314,-133.8501,117.4927,139.2822,1.0691,,
DATA,A001,8,178,543851,-0.4552,0.7474,-0.0082,-113.8306,77.2095,104.5532,0.8751,,
DATA,A001,8,179,543861,-0.2833,0.7327,0.0272,-106.7505,82.0312,88.8062,0.7861,,
DATA,A001,8,180,543871,-0.2482,0.7308,0.0665,-97.5342,82.2754,75.6226,0.7746,,
DATA,A001,8,181,543881,-0.2921,0.6873,0.0167,-93.5669,92.5903,64.3311,0.7470,,
DATA,A001,8,182,543891,-0.3343,0.6160,0.0326,-81.0547,84.5947,45.3491,0.7017,,
DATA,A001,8,183,543901,-0.3343,0.6033,0.0192,-72.5098,72.0825,34.7900,0.6900,,
DATA,A001,8,184,543911,-0.3004,0.6109,0.0021,-58.5327,54.1382,19.7754,0.6808,,
DATA,A001,8,185,543921,-0.2726,0.6363,-0.0148,-50.0488,41.8701,12.0850,0.6924,,
DATA,A001,8,186,543931,-0.2306,0.6749,-0.0521,-40.6494,32.3486,2.6855,0.7151,,
DATA,A001,8,187,543941,-0.2064,0.6880,-0.0626,-36.8652,29.7241,-1.2207,0.7211,,
DATA,A001,8,188,543951,-0.2015,0.6927,-0.0880,-34.3018,30.4565,-4.1504,0.7268,,
DATA,A001,8,189,543961,-0.2230,0.6968,-0.1122,-28.7476,38.0859,-7.1411,0.7402,,
DATA,A001,8,190,543971,-0.2399,0.7147,-0.1237,-23.7427,44.6777,-8.1787,0.7639,,
DATA,A001,8,191,543981,-0.2972,0.7579,-0.1251,-16.6016,53.8330,-6.5918,0.8236,,
DATA,A001,8,192,543991,-0.3446,0.7881,-0.1149,-13.3057,56.2134,-3.5400,0.8678,,
DATA,A001,8,193,544001,-0.3954,0.8314,-0.1156,-12.1460,53.9551,2.1973,0.9278,,
DATA,A001,8,194,544011,-0.4178,0.8541,-0.1129,-12.6953,48.3398,7.0190,0.9575,,
DATA,A001,8,195,544021,-0.4335,0.8672,-0.1022,-14.6484,36.6821,15.8081,0.9749,,
DATA,A001,8,196,544031,-0.4388,0.8648,-0.0939,-15.4419,28.2593,22.3999,0.9743,,
DATA,A001,8,197,544041,-0.4381,0.8587,-0.0968,-16.2964,17.3950,31.2500,0.9688,,
DATA,A001,8,198,544051,-0.4379,0.8550,-0.1014,-15.8081,11.9019,36.0718,0.9660,,
DATA,A001,8,199,544061,-0.4427,0.8668,-0.1005,-11.5967,5.4932,42.6636,0.9785,,
DATA,A001,8,200,544071,-0.4530,0.8914,-0.1083,-6.2256,2.4414,46.2036,1.0058,,
DATA,A001,8,201,544081,-0.4237,0.8509,-0.1151,5.8594,-4.2114,51.6357,0.9575,,
DATA,A001,8,202,544091,-0.4676,1.0164,-0.1207,24.2310,-3.6011,48.2178,1.1253,,
DATA,A001,8,203,544101,-0.4523,1.1907,-0.0853,29.4800,-5.3711,49.6216,1.2766,,
DATA,A001,8,204,544111,-0.4400,1.2315,-0.0736,20.2637,-5.4932,49.0723,1.3098,,
DATA,A001,8,205,544121,-0.4359,1.1856,-0.0875,8.4229,-2.3193,43.8232,1.2662,,
DATA,A001,8,206,544131,-0.4454,1.1368,-0.0997,10.1929,0.7324,38.3301,1.2250,,
DATA,A001,8,207,544141,-0.4686,1.1619,-0.1202,30.8838,5.3101,26.7334,1.2586,,
DATA,A001,8,208,544151,-0.4735,1.2369,-0.1134,47.8516,6.5918,16.0522,1.3293,,
DATA,A001,8,209,544161,-0.4816,1.3170,-0.0363,59.7534,7.6904,-1.5869,1.4027,,
DATA,A001,8,210,544171,-0.4833,1.2850,0.0155,55.2368,6.8359,-14.0381,1.3729,,
DATA,A001,8,211,544181,-0.4816,1.1246,0.0387,45.9595,0.7935,-34.9121,1.2239,,
DATA,A001,8,212,544191,-0.4752,1.0545,0.0194,51.4526,-6.9580,-49.5605,1.1568,,
DATA,A001,8,213,544201,-0.4549,1.1255,-0.0131,80.5054,-18.3716,-71.2280,1.2141,,
DATA,A001,8,214,544211,-0.4581,1.2613,-0.0206,100.2808,-26.5503,-83.6792,1.3421,,
DATA,A001,8,215,544221,-0.4671,1.4451,-0.0038,109.0698,-37.7808,-99.6704,1.5188,,
DATA,A001,8,216,544231,-0.4798,1.4754,0.0145,100.8301,-46.0815,-109.4971,1.5515,,
DATA,A001,8,217,544241,-0.5060,1.4014,-0.0092,85.5713,-59.3262,-123.2300,1.4900,,
DATA,A001,8,218,544251,-0.5050,1.3475,-0.0597,82.9468,-67.9932,-132.5073,1.4402,,
DATA,A001,8,219,544261,-0.4957,1.3282,-0.1220,87.7686,-75.3784,-141.7847,1.4229,,
DATA,A001,8,220,544271,-0.4679,1.3714,-0.1901,100.7080,-84.4727,-152.7710,1.4614,,
DATA,A001,8,221,544281,-0.4752,1.4188,-0.2245,104.9194,-92.5293,-161.0107,1.5130,,
DATA,A001,8,222,544291,-0.4842,1.4129,-0.2245,101.9287,-99.3042,-166.0156,1.5104,,
DATA,A001,8,223,544301,-0.4938,1.3694,-0.2135,96.2524,-108.1543,-170.8374,1.4713,,
DATA,A001,8,224,544311,-0.4894,1.2457,-0.1981,88.7451,-122.1924,-179.6875,1.3529,,
DATA,A001,8,225,544321,-0.4608,1.1646,-0.1762,86.6089,-130.0049,-186.7676,1.2648,,
DATA,A001,8,226,544331,-0.3959,1.0740,-0.1461,88.7451,-134.2773,-197.9980,1.1540,,
DATA,A001,8,227,544341,-0.3600,1.0386,-0.1251,91.7358,-131.7139,-205.3223,1.1063,,
DATA,A001,8,228,544351,-0.3451,1.0164,-0.0958,95.9473,-125.3662,-214.1724,1.0777,,
DATA,A001,8,229,544361,-0.3309,1.0081,-0.0875,97.5952,-118.4082,-219.0552,1.0646,,
DATA,A001,8,230,544371,-0.3375,0.9830,-0.0587,98.8770,-111.2061,-224.7925,1.0410,,
DATA,A001,8,231,544381,-0.3517,0.9581,-0.0475,99.0601,-108.0933,-227.2339,1.0217,,
DATA,A001,8,232,544391,-0.3690,0.9217,-0.0289,99.1211,-107.7881,-229.3091,0.9932,,
DATA,A001,8,233,544401,-0.3705,0.9017,-0.0245,99.7314,-108.8257,-230.0415,0.9751,,
DATA,A001,8,234,544411,-0.3773,0.8983,-0.0228,99.6094,-111.0840,-229.6753,0.9745,,
DATA,A001,8,235,544421,-0.3868,0.9031,-0.0302,98.3887,-113.2202,-228.0273,0.9830,,
DATA,A001,8,236,544431,-0.3849,0.9266,-0.0365,95.5200,-117.4927,-223.8770,1.0040,,
DATA,A001,8,237,544441,-0.3856,0.9485,-0.0468,92.2852,-121.3989,-219.1772,1.0250,,
DATA,A001,8,238,544451,-0.3668,0.9549,-0.0653,82.4585,-127.6855,-209.8999,1.0250,,
DATA,A001,8,239,544461,-0.3597,0.9417,-0.0524,74.5850,-131.8970,-202.8809,1.0094,,
DATA,A001,8,240,544471,-0.3390,0.9207,-0.0248,62.5000,-137.2070,-190.7959,0.9814,,
DATA,A001,8,241,544481,-0.3282,0.9127,-0.0206,53.8330,-139.8926,-181.7017,0.9701,,
DATA,A001,8,242,544491,-0.2965,0.8851,-0.0309,37.9028,-142.8223,-167.1143,0.9339,,
DATA,A001,8,243,544501,-0.2643,0.8638,-0.0328,26.4893,-141.0522,-156.7383,0.9039,,
DATA,A001,8,244,544511,-0.2169,0.8265,-0.0104,10.6812,-133.3008,-140.6860,0.8545,,
DATA,A001,8,245,544521,-0.1954,0.8143,-0.0079,1.2817,-123.4741,-129.3335,0.8374,,
DATA,A001,8,246,544531,-0.1737,0.8196,-0.0158,-11.9019,-104.4312,-112.6099,0.8380,,
DATA,A001,8,247,544541,-0.1561,0.8389,-0.0304,-20.2026,-89.4775,-101.6235,0.8539,,
DATA,A001,8,248,544551,-0.1210,0.8638,-0.0836,-34.1797,-63.4155,-84.8999,0.8763,,
DATA,A001,8,249,544561,-0.0919,0.8631,-0.1188,-42.9688,-43.6401,-73.2422,0.8761,,
DATA,A001,8,250,544571,-0.0514,0.8543,-0.1786,-52.0020,-9.6436,-54.3213,0.8743,,
DATA,A001,8,251,544581,-0.0416,0.8431,-0.2286,-52.4292,15.0146,-41.0767,0.8745,,
DATA,A001,8,252,544591,-0.0438,0.8379,-0.2423,-47.7295,38.8184,-27.7100,0.8734,,
DATA,A001,8,253,544601,-0.0941,0.8426,-0.1991,-34.7290,68.6646,-6.7139,0.8709,,
DATA,A001,8,254,544611,-0.1454,0.8438,-0.1390,-27.7100,81.5430,7.8125,0.8675,,
DATA,A001,8,255,544621,-0.2230,0.8221,-0.0126,-23.5596,85.4492,29.8462,0.8519,,
DATA,A001,8,256,544631,-0.2677,0.7916,0.0934,-22.7051,79.2847,44.5557,0.8408,,
DATA,A001,8,257,544641,-0.2997,0.7361,0.1952,-20.8740,62.6831,69.3970,0.8184,,
DATA,A001,8,258,544651,-0.2967,0.7191,0.2242,-16.3574,51.3916,88.8672,0.8096,,
DATA,A001,8,259,544661,-0.3021,0.7254,0.2931,0.6104,36.0718,122.2534,0.8387,,
DATA,A001,8,260,544671,-0.3314,0.7676,0.4232,16.4795,27.0386,148.6816,0.9371,,
DATA,A001,8,261,544681,-0.4584,0.9603,0.6854,34.8511,5.0049,190.7959,1.2657,,
DATA,A001,8,262,544691,-0.5511,1.1443,0.7369,32.8979,-15.0757,218.5059,1.4684,,
DATA,A001,8,263,544701,-0.5741,1.3316,0.5463,8.1787,-51.6968,254.2725,1.5496,,
DATA,A001,8,264,544711,-0.4801,1.3360,0.3617,-10.4980,-72.0215,273.1934,1.4650,,
DATA,A001,8,265,544721,-0.2692,1.2801,0.1398,-18.6768,-83.3130,296.2036,1.3155,,
DATA,A001,8,266,544731,-0.1703,1.2776,0.0553,-10.1929,-79.8950,311.0962,1.2901,,
DATA,A001,8,267,544741,-0.1307,1.3848,-0.0446,4.8828,-70.3125,328.4912,1.3917,,
DATA,A001,8,268,544751,-0.1625,1.4922,-0.0682,10.2539,-64.7583,332.8247,1.5026,,
DATA,A001,8,269,544761,-0.2333,1.6451,-0.0922,11.5967,-55.5420,331.9702,1.6641,,
DATA,A001,8,270,544771,-0.2513,1.7166,-0.1293,13.9771,-52.0630,325.8667,1.7397,,
DATA,A001,8,271,544781,-0.1571,1.7921,-0.1742,23.7427,-38.6963,309.0210,1.8073,,
DATA,A001,8,272,544791,-0.0721,1.8260,-0.1574,30.8228,-12.2070,293.6401,1.8342,,
DATA,A001,8,273,544801,-0.0165,1.8113,-0.0770,31.9214,50.8423,266.4795,1.8130,,
DATA,A001,8,274,544811,-0.0497,1.7244,0.0145,25.6958,97.1069,247.7417,1.7252,,
DATA,A001,8,275,544821,-0.1239,1.5233,0.1566,11.7798,159.2407,221.0083,1.5363,,
DATA,A001,8,276,544831,-0.1537,1.3607,0.2281,1.1597,193.5425,202.5146,1.3882,,
DATA,A001,8,277,544841,-0.1727,1.1129,0.2587,-13.5498,235.8398,172.9126,1.1555,,
DATA,A001,8,278,544851,-0.1805,0.9803,0.2372,-20.8740,259.2773,154.8462,1.0246,,
DATA,A001,8,279,544861,-0.2521,0.8631,0.1630,-28.8696,279.8462,135.4370,0.9138,,
DATA,A001,8,280,544871,-0.3368,0.8155,0.1009,-33.1421,280.2734,127.0752,0.8880,,
DATA,A001,8,281,544881,-0.4813,0.7576,0.0270,-37.8418,256.0425,116.0889,0.8980,,
DATA,A001,8,282,544891,-0.5694,0.7225,0.0023,-38.4521,222.9004,107.7271,0.9199,,
DATA,A001,8,283,544901,-0.6380,0.6880,-0.0014,-35.2173,155.2124,96.5576,0.9384,,
DATA,A001,8,284,544911,-0.6503,0.6824,0.0028,-31.7993,103.3936,90.4541,0.9426,,
DATA,A001,8,285,544921,-0.6100,0.6981,0.0118,-28.3203,28.7476,82.8857,0.9271,,
DATA,A001,8,286,544931,-0.5672,0.7147,0.0179,-27.6489,-13.1836,78.9185,0.9126,,
DATA,A001,8,287,544941,-0.5201,0.7425,0.0099,-27.4658,-45.3491,76.4160,0.9066,,
DATA,A001,8,288,544951,-0.4618,0.7828,-0.0116,-25.2075,-75.5615,74.5239,0.9089,,
DATA,A001,8,289,544961,-0.4425,0.8065,-0.0138,-21.6064,-86.8530,74.7070,0.9200,,
DATA,A001,8,290,544971,-0.4503,0.8472,0.0023,-16.5405,-97.2900,77.8809,0.9595,,
DATA,A001,8,291,544981,-0.4647,0.8550,0.0048,-15.8081,-103.8208,81.2988,0.9732,,
DATA,A001,8,292,544991,-0.4676,0.8309,0.0392,-15.3198,-113.7695,86.1816,0.9542,,
DATA,A001,8,293,545001,-0.4510,0.8082,0.0731,-12.3901,-118.4082,89.2944,0.9284,,
DATA,A001,8,294,545011,-0.3815,0.8013,0.0858,-4.2725,-116.0278,91.8579,0.8916,,
DATA,A001,8,295,545021,-0.3260,0.8130,0.0890,2.3193,-107.0557,91.4307,0.8805,,
DATA,A001,8,296,545031,-0.2787,0.8821,0.0885,14.1602,-81.8481,90.4541,0.9293,,
DATA,A001,8,297,545041,-0.2728,0.9610,0.0922,23.0713,-60.2417,88.1348,1.0032,,
DATA,A001,8,298,545051,-0.3282,1.1097,0.1173,33.8135,-25.3296,80.4443,1.1631,,
DATA,A001,8,299,545061,-0.3968,1.2000,0.1327,36.3159,-6.2256,72.3877,1.2709,,
DATA,A001,8,300,545071,-0.5013,1.2979,0.1368,31.2500,9.0332,57.6782,1.3981,,
DATA,A001,8,301,545081,-0.5602,1.3013,0.1173,24.1699,10.5591,45.7764,1.4216,,
DATA,A001,8,302,545091,-0.5900,1.2178,0.0851,15.2588,1.6479,24.6582,1.3559,,
DATA,A001,8,303,545101,-0.5785,1.1280,0.0712,13.8550,-10.0098,8.9722,1.2697,,
DATA,A001,8,304,545111,-0.5790,1.0381,0.0704,21.1792,-32.4097,-16.6016,1.1908,,
DATA,A001,8,305,545121,-0.5714,1.0965,0.0682,33.4473,-48.8892,-35.6445,1.2383,,
DATA,A001,8,306,545131,-0.5189,1.3406,0.0487,55.0537,-75.4395,-62.3169,1.4384,,
DATA,A001,8,307,545141,-0.4547,1.4808,0.0680,57.1289,-89.1724,-77.5146,1.5505,,
DATA,A001,8,308,545151,-0.3400,1.4661,0.1315,32.8979,-95.7642,-98.3276,1.5107,,
DATA,A001,8,309,545161,-0.2884,1.3040,0.1473,9.6436,-90.3931,-112.1216,1.3436,,
DATA,A001,8,310,545171,-0.2601,1.0533,0.1354,-5.8594,-71.6553,-134.5215,1.0933,,
DATA,A001,8,311,545181,-0.2567,0.9788,0.1129,0.7935,-56.3965,-149.2310,1.0182,,
DATA,A001,8,312,545191,-0.2628,1.0567,0.0670,18.9209,-33.1421,-169.4336,1.0909,,
DATA,A001,8,313,545201,-0.2728,1.1619,0.0170,22.3999,-16.8457,-180.8472,1.1936,,
DATA,A001,8,314,545211,-0.3094,1.2957,-0.0665,14.5264,6.4087,-195.8008,1.3338,,
DATA,A001,8,315,545221,-0.3241,1.3421,-0.1046,9.0942,21.2402,-205.2002,1.3846,,
DATA,A001,8,316,545231,-0.3290,1.4322,-0.1571,9.1553,35.0342,-215.0269,1.4779,,
DATA,A001,8,317,545241,-0.3231,1.5174,-0.1889,13.6719,36.3159,-219.6655,1.5629,,
DATA,A001,8,318,545251,-0.3026,1.6492,-0.2264,17.0288,31.1279,-226.1353,1.6920,,
DATA,A001,8,319,545261,-0.2738,1.6910,-0.2274,14.7705,24.8413,-229.2480,1.7280,,
DATA,A001,8,320,545271,-0.2499,1.6634,-0.2103,8.7891,18.0664,-231.2622,1.6952,,
DATA,A001,8,321,545281,-0.2357,1.5208,-0.1710,2.2583,9.9487,-233.5205,1.5484,,
DATA,A001,8,322,545291,-0.2289,1.3470,-0.1422,4.3335,-1.7090,-237.1826,1.3737,,
DATA,A001,8,323,545301,-0.2084,1.2615,-0.0853,10.8643,-3.4180,-241.9434,1.2815,,
DATA,A001,8,324,545311,-0.2098,1.2112,-0.0607,17.9443,-4.8828,-245.6055,1.2308,,
DATA,A001,8,325,545321,-0.2198,1.1673,-0.0211,26.5503,-4.6997,-249.6338,1.1880,,
DATA,A001,8,326,545331,-0.2298,1.1504,0.0021,29.4189,-3.7231,-251.0986,1.1732,,
DATA,A001,8,327,545341,-0.2587,1.1165,0.0372,33.0200,-2.9297,-252.4414,1.1467,,
DATA,A001,8,328,545351,-0.2872,1.0928,0.0443,35.0952,-3.3569,-252.9907,1.1308,,
DATA,A001,8,329,545361,-0.3082,1.0682,0.0421,38.2080,-7.9346,-253.4180,1.1125,,
DATA,A001,8,330,545371,-0.3148,1.0613,0.0458,40.1001,-13.9771,-252.7466,1.1080,,
DATA,A001,8,331,545381,-0.3187,1.0718,0.0509,41.8091,-27.8320,-250.4272,1.1194,,
DATA,A001,8,332,545391,-0.3334,1.0948,0.0358,41.5039,-39.4897,-248.2910,1.1450,,
DATA,A001,8,333,545401,-0.3407,1.1326,-0.0204,35.3394,-55.8472,-244.6899,1.1829,,
DATA,A001,8,334,545411,-0.3375,1.1558,-0.0712,30.2124,-67.8711,-241.0278,1.2062,,
DATA,A001,8,335,545421,-0.2950,1.1924,-0.1664,24.9634,-84.5337,-233.5815,1.2396,,
DATA,A001,8,336,545431,-0.2486,1.2234,-0.2238,24.4141,-92.4683,-226.9897,1.2684,,
DATA,A001,8,337,545441,-0.1842,1.2901,-0.2706,25.9399,-97.3511,-214.1724,1.3310,,
DATA,A001,8,338,545451,-0.1588,1.3367,-0.2562,27.2217,-97.5342,-203.9185,1.3703,,
DATA,A001,8,339,545461,-0.1603,1.3919,-0.1967,24.7803,-97.4731,-186.9507,1.4148,,
DATA,A001,8,340,545471,-0.1791,1.3983,-0.1481,17.9443,-98.9380,-175.9033,1.4174,,
DATA,A001,8,341,545481,-0.1935,1.3287,-0.0929,1.5259,-103.8208,-161.0107,1.3459,,
DATA,A001,8,342,545491,-0.1796,1.2330,-0.0697,-9.8877,-106.0791,-152.2827,1.2479,,
DATA,A001,8,343,545501,-0.1290,1.0858,-0.0551,-19.1650,-99.4263,-139.7705,1.0948,,
DATA,A001,8,344,545511,-0.0970,1.0023,-0.0529,-19.2261,-88.1958,-130.8594,1.0083,,
DATA,A001,8,345,545521,-0.0753,0.9341,-0.0368,-14.3433,-64.2090,-116.8213,0.9379,,
DATA,A001,8,346,545531,-0.0829,0.9087,-0.0314,-9.3384,-46.0815,-106.8115,0.9131,,
DATA,A001,8,347,545541,-0.1080,0.8934,-0.0248,-3.0518,-20.3857,-92.1021,0.9002,,
DATA,A001,8,348,545551,-0.1334,0.8821,-0.0065,-0.3662,-8.1177,-82.7637,0.8922,,
DATA,A001,8,349,545561,-0.1700,0.8619,0.0328,3.6011,2.9297,-69.1528,0.8791,,
DATA,A001,8,350,545571,-0.1915,0.8516,0.0616,6.7749,5.6152,-60.4248,0.8751,,
DATA,A001,8,351,545581,-0.2123,0.8362,0.1009,8.4229,4.6997,-46.9971,0.8686,,
DATA,A001,8,352,545591,-0.2169,0.8140,0.1053,7.3242,1.7700,-37.7197,0.8490,,
DATA,A001,8,353,545601,-0.2191,0.7908,0.0697,7.7515,-3.8452,-22.5220,0.8236,,
DATA,A001,8,354,545611,-0.2076,0.8038,0.0392,13.8550,-8.1177,-11.6577,0.8311,,
DATA,A001,8,355,545621,-0.2045,0.8748,0.0253,27.7710,-12.9395,7.7515,0.8987,,
DATA,A001,8,356,545631,-0.1988,0.9227,0.0067,31.2500,-15.3198,20.9961,0.9439,,
DATA,A001,8,357,545641,-0.1913,0.9327,-0.0018,29.3579,-17.2119,33.9355,0.9521,,
DATA,A001,8,358,545651,-0.1832,0.8921,-0.0014,26.1841,-20.2637,54.4434,0.9108,,
DATA,A001,8,359,545661,-0.1776,0.8433,0.0248,28.1982,-21.2402,68.4204,0.8622,,
DATA,A001,8,360,545671,-0.1661,0.7581,0.0692,32.8369,-21.2402,88.8672,0.7792,,
DATA,A001,8,361,545681,-0.1654,0.7198,0.0924,35.0342,-19.8364,102.0508,0.7443,,
DATA,A001,8,362,545691,-0.1695,0.6920,0.1031,41.6260,-13.0615,122.6196,0.7198,,
DATA,A001,8,363,545701,-0.1778,0.7039,0.1061,50.5371,-7.6904,137.2681,0.7337,,
DATA,A001,8,364,545711,-0.2015,0.7698,0.1124,66.1011,-0.3052,159.5459,0.8037,,
DATA,A001,8,365,545721,-0.2284,0.8348,0.1371,75.3174,3.1128,173.7671,0.8762,,
DATA,A001,8,366,545731,-0.3072,0.9383,0.2067,85.3882,0.7324,194.5190,1.0087,,
DATA,A001,8,367,545741,-0.4017,1.0203,0.2652,90.8813,-6.8970,206.7261,1.1282,,
DATA,A001,8,368,545751,-0.5157,1.1697,0.3964,98.6328,-17.0898,218.4448,1.3384,,
DATA,A001,8,369,545761,-0.5900,1.2711,0.4381,99.0601,-27.0386,223.2666,1.4682,,
DATA,A001,8,370,545771,-0.6324,1.3763,0.4882,88.3179,-42.9688,222.9004,1.5914,,
DATA,A001,8,371,545781,-0.5948,1.3897,0.4796,75.5005,-56.8848,220.6421,1.5859,,
DATA,A001,8,372,545791,-0.4972,1.2603,0.4022,52.0630,-79.7729,214.5996,1.4133,,
DATA,A001,8,373,545801,-0.3800,1.0884,0.3822,40.9546,-89.2944,210.1440,1.2146,,
DATA,A001,8,374,545811,-0.2442,0.8431,0.4047,40.0391,-97.1069,208.8013,0.9665,,
DATA,A001,8,375,545821,-0.1842,0.7437,0.4213,50.0488,-95.3369,209.5947,0.8743,,
DATA,A001,8,376,545831,-0.1022,0.7159,0.4391,70.6177,-81.4819,209.6558,0.8460,,
DATA,A001,8,377,545841,-0.0484,0.7808,0.4435,82.5195,-63.5986,209.7168,0.8993,,
DATA,A001,8,378,545851,0.0023,0.9488,0.4393,92.1021,-20.4468,209.8999,1.0456,,
DATA,A001,8,379,545861,-0.0079,1.0667,0.4205,91.4307,14.7705,210.6934,1.1466,,
DATA,A001,8,380,545871,-0.0978,1.1985,0.3976,79.7119,68.7866,212.8906,1.2665,,
DATA,A001,8,381,545881,-0.2015,1.2393,0.3519,66.2231,96.9849,213.1958,1.3040,,
DATA,A001,8,382,545891,-0.3588,1.2342,0.3007,44.5557,126.2817,209.1064,1.3200,,
DATA,A001,8,383,545901,-0.4408,1.2083,0.2865,32.0435,132.9956,203.6133,1.3177,,
DATA,A001,8,384,545911,-0.4869,1.1905,0.2753,18.8599,124.7559,196.7773,1.3153,,
DATA,A001,8,385,545921,-0.4830,1.1802,0.2604,10.8643,113.0371,190.9790,1.3016,,
DATA,A001,8,386,545931,-0.4711,1.1536,0.2345,-2.3804,101.5625,177.4292,1.2680,,
DATA,A001,8,387,545941,-0.4703,1.1150,0.1969,-11.7188,99.8535,167.1143,1.2261,,
DATA,A001,8,388,545951,-0.4620,1.0408,0.1361,-21.3623,100.2197,152.1606,1.1469,,
DATA,A001,8,389,545961,-0.4523,0.9903,0.1053,-22.2778,102.1729,141.9067,1.0938,,
DATA,A001,8,390,545971,-0.4481,0.9542,0.0895,-19.5923,104.0649,131.1035,1.0579,,
DATA,A001,8,391,545981,-0.4564,0.9380,0.0836,-13.0615,107.2388,114.5630,1.0465,,
DATA,A001,8,392,545991,-0.4733,0.9542,0.0919,-9.3384,107.9102,103.3936,1.0690,,
DATA,A001,8,393,546001,-0.5218,0.9893,0.1178,-5.2490,105.1636,87.2803,1.1247,,
DATA,A001,8,394,546011,-0.5460,1.0152,0.1293,-4.3335,100.4028,77.3926,1.1599,,
DATA,A001,8,395,546021,-0.5582,1.0491,0.1210,-3.1128,88.1958,64.6362,1.1945,,
DATA,A001,8,396,546031,-0.5463,1.0757,0.1112,-1.2207,79.8950,57.4341,1.2116,,
DATA,A001,8,397,546041,-0.5213,1.1324,0.0946,4.5166,71.7163,47.7295,1.2502,,
DATA,A001,8,398,546051,-0.5177,1.1683,0.0887,7.6294,69.0308,41.8091,1.2809,,
DATA,A001,8,399,546061,-0.5350,1.1895,0.0819,8.4229,66.8945,32.5317,1.3069,,
DATA,A001,8,400,546071,-0.5482,1.1807,0.0653,7.8125,65.6738,26.0010,1.3034,,
DATA,A001,8,401,546081,-0.5470,1.1382,0.0472,8.4839,60.8521,15.3198,1.2637,,
DATA,A001,8,402,546091,-0.5441,1.1097,0.0480,12.0850,55.6641,7.5073,1.2368,,
DATA,A001,8,403,546101,-0.5604,1.1754,0.0416,25.5737,46.0815,-5.0049,1.3028,,
DATA,A001,8,404,546111,-0.5782,1.2952,0.0277,39.6118,36.8652,-14.0381,1.4187,,
DATA,A001,8,405,546121,-0.5860,1.4666,0.0370,47.3633,22.2778,-27.5269,1.5798,,
DATA,A001,8,406,546131,-0.5782,1.4886,0.0631,36.8042,10.8032,-35.7056,1.5982,,
DATA,A001,8,407,546141,-0.5702,1.3170,0.0829,11.7188,-8.7891,-48.0347,1.4375,,
DATA,A001,8,408,546151,-0.5531,1.1553,0.0597,3.1738,-21.1182,-58.7158,1.2823,,
DATA,A001,8,409,546161,-0.5094,1.0142,0.0067,11.5356,-39.9170,-77.6367,1.1350,,
DATA,A001,8,410,546171,-0.4867,1.0245,-0.0092,24.5972,-52.4292,-89.5386,1.1342,,
DATA,A001,8,411,546181,-0.4674,1.1338,0.0052,38.3301,-72.8760,-104.8584,1.2264,,
DATA,A001,8,412,546191,-0.4740,1.2064,0.0250,39.0015,-88.6841,-113.8306,1.2964,,
DATA,A001,8,413,546201,-0.4708,1.2671,0.0406,31.0669,-115.1123,-126.8921,1.3524,,
DATA,A001,8,414,546211,-0.4432,1.2730,0.0316,24.2920,-130.9814,-136.6577,1.3483,,
DATA,A001,8,415,546221,-0.3756,1.2608,0.0091,17.5171,-145.9351,-151.5503,1.3156,,
DATA,A001,8,416,546231,-0.3280,1.2620,-0.0082,14.7705,-150.6348,-159.8511,1.3040,,
DATA,A001,8,417,546241,-0.2694,1.2596,-0.0197,11.4746,-152.0386,-171.1426,1.2882,,
DATA,A001,8,418,546251,-0.2482,1.2449,-0.0263,8.0566,-150.8789,-178.1616,1.2697,,
DATA,A001,8,419,546261,-0.2237,1.2034,-0.0297,3.0518,-146.5454,-188.9648,1.2244,,
DATA,A001,8,420,546271,-0.2081,1.1641,-0.0187,1.2817,-142.0288,-196.5332,1.1827,,
DATA,A001,8,421,546281,-0.1720,1.1163,0.0008,0.0610,-133.8501,-206.7261,1.1294,,
DATA,A001,8,422,546291,-0.1527,1.0958,0.0101,0.3662,-126.2817,-211.9141,1.1064,,
DATA,A001,8,423,546301,-0.1339,1.0748,0.0131,0.7935,-108.3984,-220.2148,1.0832,,
DATA,A001,8,424,546311,-0.1424,1.0643,0.0209,0.7324,-95.8862,-225.7690,1.0740,,
DATA,A001,8,425,546321,-0.1688,1.0528,0.0309,0.4883,-77.8809,-232.2388,1.0667,,
DATA,A001,8,426,546331,-0.1969,1.0467,0.0477,0.9766,-67.0776,-235.1074,1.0661,,
DATA,A001,8,427,546341,-0.2154,1.0523,0.0587,2.1973,-57.4341,-237.5488,1.0757,,
DATA,A001,8,428,546351,-0.2296,1.0787,0.0521,3.2349,-47.4854,-239.9292,1.1041,,
DATA,A001,8,429,546361,-0.2215,1.0962,0.0475,2.5024,-43.8232,-240.4785,1.1194,,
DATA,A001,8,430,546371,-0.2040,1.1187,0.0350,1.5259,-41.1377,-240.0513,1.1377,,
DATA,A001,8,431,546381,-0.2018,1.1358,0.0182,2.4414,-40.7104,-238.7085,1.1537,,
DATA,A001,8,432,546391,-0.1959,1.1649,-0.0011,3.2349,-42.6636,-234.9854,1.1812,,
DATA,A001,8,433,546401,-0.1927,1.1778,-0.0177,2.6855,-45.5322,-231.2622,1.1936,,
DATA,A001,8,434,546411,-0.1883,1.1907,-0.0531,1.1597,-51.2085,-225.0366,1.2067,,
DATA,A001,8,435,546421,-0.2023,1.1837,-0.0836,0.4883,-52.7344,-220.7031,1.2037,,
DATA,A001,8,436,546431,-0.2103,1.1568,-0.0936,-0.9766,-50.9644,-213.0737,1.1795,,
DATA,A001,8,437,546441,-0.2132,1.1314,-0.0907,-2.0142,-49.6826,-205.8105,1.1549,,
DATA,A001,8,438,546451,-0.1976,1.1055,-0.0853,-2.3193,-49.4995,-192.1997,1.1263,,
DATA,A001,8,439,546461,-0.1793,1.0972,-0.0927,-1.1597,-50.1709,-181.8848,1.1156,,
DATA,A001,8,440,546471,-0.1564,1.1058,-0.0831,2.0142,-48.9502,-164.6118,1.1199,,
DATA,A001,8,441,546481,-0.1459,1.1143,-0.0575,3.4180,-45.4712,-152.3438,1.1253,,
DATA,A001,8,442,546491,-0.1493,1.1111,-0.0294,1.4648,-38.6963,-132.9956,1.1215,,
DATA,A001,8,443,546501,-0.1764,1.1004,-0.0158,0.0610,-34.9731,-119.9951,1.1146,,
DATA,A001,8,444,546511,-0.2081,1.0836,-0.0148,-0.6104,-28.9917,-102.2949,1.1035,,
DATA,A001,8,445,546521,-0.2176,1.0638,-0.0077,-1.2817,-23.4375,-91.8579,1.0858,,
DATA,A001,8,446,546531,-0.1996,1.0320,0.0077,-2.2583,-12.7563,-76.4771,1.0512,,
DATA,A001,8,447,546541,-0.1759,1.0152,0.0184,-1.5259,-4.6387,-66.6504,1.0305,,
DATA,A001,8,448,546551,-0.1337,0.9798,0.0494,0.4272,9.4604,-53.1616,0.9901,,
DATA,A001,8,449,546561,-0.1295,0.9434,0.0880,1.2207,18.4326,-44.2505,0.9563,,
DATA,A001,8,450,546571,-0.1615,0.8751,0.1612,-0.1221,27.4658,-31.4941,0.9043,,
DATA,A001,8,451,546581,-0.1857,0.8282,0.1876,-2.2583,29.6631,-23.5596,0.8692,,
DATA,A001,8,452,546591,-0.2059,0.8011,0.1427,-3.6011,32.0435,-10.3149,0.8393,,
DATA,A001,8,453,546601,-0.1974,0.8155,0.1075,0.3052,33.5693,-1.5259,0.8459,,
DATA,A001,8,454,546611,-0.1774,0.8853,0.0731,8.4839,41.8701,15.6250,0.9059,,
DATA,A001,8,455,546621,-0.1803,0.9139,0.0721,9.6436,49.8657,27.4658,0.9343,,
DATA,A001,8,456,546631,-0.1974,0.8853,0.1002,2.6855,60.7910,43.0298,0.9126,,
DATA,A001,8,457,546641,-0.2208,0.8184,0.1017,-4.8218,64.7583,51.6357,0.8538,,
DATA,A001,8,458,546651,-0.2325,0.7447,0.0968,-8.3008,66.0400,59.4482,0.7861,,
DATA,A001,8,459,546661,-0.2235,0.6732,0.0738,-1.5259,65.1245,71.0449,0.7131,,
DATA,A001,8,460,546671,-0.2184,0.6780,0.0597,9.2163,66.4673,79.5288,0.7148,,
DATA,A001,8,461,546681,-0.2389,0.7354,0.0524,25.2075,71.3501,93.5669,0.7750,,
DATA,A001,8,462,546691,-0.2716,0.7896,0.0729,33.6304,75.1953,103.6987,0.8382,,
DATA,A001,8,463,546701,-0.3412,0.8585,0.1229,41.9922,75.9888,120.5444,0.9319,,
DATA,A001,8,464,546711,-0.3915,0.8985,0.1649,46.1426,71.2891,132.9956,0.9938,,
DATA,A001,8,465,546721,-0.4515,0.9742,0.2352,51.0254,58.2886,152.4048,1.0992,,
DATA,A001,8,466,546731,-0.4701,1.0362,0.2667,53.5889,49.0723,165.3442,1.1687,,
DATA,A001,8,467,546741,-0.4867,1.1456,0.2923,53.8940,37.8418,183.7158,1.2785,,
DATA,A001,8,468,546751,-0.4886,1.2005,0.2945,50.1099,32.4707,194.4580,1.3292,,
DATA,A001,8,469,546761,-0.4884,1.2308,0.2877,38.6963,26.1230,206.7261,1.3550,,
DATA,A001,8,470,546771,-0.4774,1.1942,0.2701,28.6865,22.0947,211.9751,1.3141,,
DATA,A001,8,471,546781,-0.4425,1.0894,0.2284,15.7471,16.4185,215.6372,1.1978,,
DATA,A001,8,472,546791,-0.4217,1.0145,0.1988,11.7188,14.0381,216.3086,1.1165,,
DATA,A001,8,473,546801,-0.3978,0.9371,0.1671,11.9629,12.5732,215.2100,1.0316,,
DATA,A001,8,474,546811,-0.3907,0.9004,0.1561,13.4888,12.9395,213.4399,0.9939,,
DATA,A001,8,475,546821,-0.3849,0.8697,0.1478,14.8315,14.2212,209.8999,0.9625,,
DATA,A001,8,476,546831,-0.3978,0.8599,0.1466,15.0146,14.8315,207.0312,0.9588,,
DATA,A001,8,477,546841,-0.4342,0.8538,0.1507,14.9536,12.9395,202.2095,0.9697,,
DATA,A001,8,478,546851,-0.4603,0.8621,0.1534,14.0381,7.9346,198.4253,0.9893,,
DATA,A001,8,479,546861,-0.4786,0.8729,0.1544,12.6343,-5.4321,191.4062,1.0074,,
DATA,A001,8,480,546871,-0.4781,0.8848,0.1490,12.1460,-16.1743,186.2793,1.0167,,
DATA,A001,8,481,546881,-0.4435,0.9197,0.1378,11.7188,-30.2124,177.9785,1.0303,,
DATA,A001,8,482,546891,-0.4154,0.9505,0.1319,11.9629,-34.6069,171.5698,1.0457,,
DATA,A001,8,483,546901,-0.3736,0.9940,0.1334,11.9019,-31.0059,161.2549,1.0702,,
DATA,A001,8,484,546911,-0.3575,1.0191,0.1412,11.8408,-23.9868,154.4800,1.0892,,
DATA,A001,8,485,546921,-0.3578,1.0318,0.1634,10.4370,-10.8643,144.4702,1.1042,,
DATA,A001,8,486,546931,-0.3702,1.0254,0.1774,8.7280,-1.7090,137.3901,1.1046,,
DATA,A001,8,487,546941,-0.4032,0.9913,0.1898,5.4932,9.9487,126.0986,1.0868,,
DATA,A001,8,488,546951,-0.4215,0.9625,0.1940,4.3945,15.5029,117.5537,1.0685,,
DATA,A001,8,489,546961,-0.4427,0.9373,0.1986,6.4087,20.3247,105.2246,1.0555,,
DATA,A001,8,490,546971,-0.4488,0.9385,0.1901,8.8501,21.7896,97.0459,1.0576,,
DATA,A001,8,491,546981,-0.4523,0.9620,0.1749,11.7188,23.5596,88.5620,1.0773,,
DATA,A001,8,492,546991,-0.4620,1.0250,0.1547,16.0522,27.2827,75.2563,1.1349,,
DATA,A001,8,493,547001,-0.4750,1.0865,0.1439,18.2495,28.9917,66.1011,1.1945,,
DATA,A001,8,494,547011,-0.4984,1.1880,0.1190,20.1416,29.1138,51.5137,1.2938,,
DATA,A001,8,495,547021,-0.5069,1.2545,0.1034,20.3247,27.7100,40.7104,1.3570,,
DATA,A001,8,496,547031,-0.4945,1.3250,0.0787,19.1650,26.8555,23.3154,1.4165,,
DATA,A001,8,497,547041,-0.4750,1.3375,0.0694,16.9678,28.2593,11.1694,1.4210,,
DATA,A001,8,498,547051,-0.4215,1.2855,0.0897,13.6719,35.5835,-7.0801,1.3558,,
DATA,A001,8,499,547061,-0.3961,1.2176,0.1127,12.8174,42.1143,-19.4092,1.2853,,
DATA,A001,8,500,547071,-0.4305,1.1834,0.1151,18.6157,48.7671,-37.5366,1.2645,,
DATA,A001,8,501,547081,-0.4527,1.2767,0.1017,32.1045,49.9268,-49.6216,1.3584,,
DATA,A001,8,502,547091,-0.4493,1.4849,0.1319,47.8516,49.0112,-66.0400,1.5570,,
DATA,A001,8,503,547101,-0.4379,1.5491,0.1654,41.2598,48.8281,-72.5098,1.6183,,
DATA,A001,8,504,547111,-0.4352,1.3731,0.1905,9.0332,49.2554,-78.3081,1.4530,,
DATA,A001,8,505,547121,-0.4452,1.1458,0.1735,-8.7891,46.5698,-82.2144,1.2414,,
DATA,A001,8,506,547131,-0.4806,0.8892,0.1029,-8.4229,35.7056,-90.9424,1.0160,,
DATA,A001,8,507,547141,-0.4903,0.8592,0.0707,7.2632,23.9868,-97.3511,0.9918,,
DATA,A001,8,508,547151,-0.4750,0.9937,0.0658,29.4800,2.6245,-105.4077,1.1033,,
DATA,A001,8,509,547161,-0.4601,1.1273,0.0658,31.9214,-12.0239,-109.5581,1.2193,,
DATA,A001,8,510,547171,-0.4462,1.2342,0.0358,17.7002,-34.3018,-114.6240,1.3128,,
DATA,A001,8,511,547181,-0.4366,1.2322,0.0165,7.5073,-49.6216,-118.2861,1.3074,,
DATA,A001,8,512,547191,-0.4010,1.2071,-0.0111,1.1597,-71.2280,-125.3662,1.2720,,
DATA,A001,8,513,547201,-0.3697,1.2134,-0.0265,1.3428,-83.4351,-130.0659,1.2688,,
DATA,A001,8,514,547211,-0.3287,1.2432,-0.0514,2.0142,-96.8018,-136.7188,1.2870,,
DATA,A001,8,515,547221,-0.3060,1.2613,-0.0563,0.5493,-102.1729,-141.3574,1.2991,,
DATA,A001,8,516,547231,-0.2621,1.2579,-0.0587,-4.0283,-107.6660,-148.1323,1.2862,,
DATA,A001,8,517,547241,-0.2379,1.2198,-0.0504,-7.6904,-109.1919,-152.5879,1.2438,,
DATA,A001,8,518,547251,-0.1969,1.1280,-0.0319,-12.2681,-106.8726,-160.0952,1.1455,,
DATA,A001,8,519,547261,-0.1720,1.0660,-0.0180,-13.5498,-101.9287,-165.8325,1.0799,,
DATA,A001,8,520,547271,-0.1442,0.9905,-0.0021,-12.5122,-89.5386,-173.8281,1.0010,,
DATA,A001,8,521,547281,-0.1359,0.9525,0.0008,-11.1694,-78.9185,-178.1616,0.9621,,
DATA,A001,8,522,547291,-0.1385,0.9114,0.0123,-9.0942,-61.7676,-183.2886,0.9220,,
DATA,A001,8,523,547301,-0.1485,0.8856,0.0233,-7.9346,-50.2319,-186.2183,0.8982,,
DATA,A001,8,524,547311,-0.1749,0.8702,0.0370,-5.1270,-35.4614,-189.2700,0.8884,,
DATA,A001,8,525,547321,-0.1891,0.8655,0.0426,-3.0518,-27.8931,-190.6738,0.8870,,
DATA,A001,8,526,547331,-0.2030,0.8712,0.0414,-0.9766,-23.0713,-191.6504,0.8954,,
DATA,A001,8,527,547341,-0.2171,0.9009,0.0267,1.5259,-18.3716,-192.3218,0.9271,,
DATA,A001,8,528,547351,-0.2235,0.9214,0.0116,2.6855,-16.6626,-192.1997,0.9482,,
DATA,A001,8,529,547361,-0.2206,0.9551,-0.0014,3.4790,-15.6250,-190.3687,0.9803,,
DATA,A001,8,530,547371,-0.2181,0.9695,-0.0082,3.1128,-16.4795,-188.4766,0.9938,,
DATA,A001,8,531,547381,-0.2215,0.9969,-0.0221,3.4790,-20.4468,-184.4482,1.0214,,
DATA,A001,8,532,547391,-0.2179,1.0164,-0.0260,4.2725,-24.1089,-180.9692,1.0398,,
DATA,A001,8,533,547401,-0.2132,1.0560,-0.0187,4.6387,-29.2358,-175.1709,1.0774,,
DATA,A001,8,534,547411,-0.2030,1.0745,-0.0067,2.8076,-31.5552,-170.7153,1.0935,,
DATA,A001,8,535,547421,-0.1993,1.0826,-0.0018,-1.8311,-33.3862,-162.7808,1.1008,,
DATA,A001,8,536,547431,-0.1896,1.0750,0.0094,-5.0659,-33.6914,-156.8604,1.0916,,
DATA,A001,8,537,547441,-0.1720,1.0499,0.0192,-9.0332,-32.2876,-147.2778,1.0640,,
DATA,A001,8,538,547451,-0.1634,1.0396,0.0128,-10.7422,-29.3579,-139.8926,1.0525,,
DATA,A001,8,539,547461,-0.1532,1.0308,0.0021,-12.2681,-23.6206,-126.9531,1.0421,,
DATA,A001,8,540,547471,-0.1442,1.0335,-0.0087,-11.6577,-18.3105,-117.3096,1.0435,,
DATA,A001,8,541,547481,-0.1495,1.0496,-0.0133,-9.0942,-10.7422,-101.8677,1.0603,,
DATA,A001,8,542,547491,-0.1517,1.0775,-0.0202,-6.8359,-6.0425,-90.5762,1.0883,,
DATA,A001,8,543,547501,-0.1586,1.1046,-0.0111,-4.4556,1.1597,-73.3643,1.1159,,
DATA,A001,8,544,547511,-0.1625,1.1121,0.0013,-5.1270,5.9814,-62.0117,1.1239,,
DATA,A001,8,545,547521,-0.1808,1.0753,0.0279,-8.6060,12.7563,-46.2036,1.0907,,
DATA,A001,8,546,547531,-0.1944,1.0228,0.0614,-11.5967,16.8457,-36.8652,1.0429,,
DATA,A001,8,547,547541,-0.2125,0.9312,0.1200,-14.5264,21.4233,-24.3530,0.9627,,
DATA,A001,8,548,547551,-0.2123,0.8787,0.1400,-14.6484,23.7427,-16.4795,0.9148,,
DATA,A001,8,549,547561,-0.1900,0.8743,0.0965,-10.6812,28.5034,-2.6245,0.8999,,
DATA,A001,8,550,547571,-0.1664,0.9312,0.0548,-2.6245,33.3862,8.5449,0.9475,,
DATA,A001,8,551,547581,-0.1366,1.0665,0.0206,9.6436,45.7153,27.5879,1.0754,,
DATA,A001,8,552,547591,-0.1463,1.1343,0.0055,10.5591,55.2368,40.7715,1.1438,,
DATA,A001,8,553,547601,-0.1898,1.1263,0.0057,2.0752,65.1855,60.9741,1.1422,,
DATA,A001,8,554,547611,-0.2323,1.0638,0.0240,-3.9673,66.3452,74.1577,1.0891,,
DATA,A001,8,555,547621,-0.2706,0.9507,0.0597,-5.2490,63.9648,91.7969,0.9903,,
DATA,A001,8,556,547631,-0.2665,0.8926,0.0817,-2.8076,62.1338,102.1729,0.9351,,
DATA,A001,8,557,547641,-0.2591,0.8433,0.0951,1.9531,63.5986,116.6382,0.8873,,
DATA,A001,8,558,547651,-0.2540,0.8326,0.0973,5.2490,66.3452,125.4272,0.8759,,
DATA,A001,8,559,547661,-0.2545,0.8482,0.0900,10.1318,70.0073,133.8501,0.8901,,
DATA,A001,8,560,547671,-0.2687,0.9139,0.0782,19.5312,74.7681,146.1792,0.9558,,
DATA,A001,8,561,547681,-0.2843,0.9683,0.0965,25.3906,76.0498,154.4189,1.0138,,
DATA,A001,8,562,547691,-0.3104,1.0530,0.1363,28.0762,73.0591,166.2598,1.1063,,
DATA,A001,8,563,547701,-0.3351,1.0992,0.1569,24.6582,66.6504,176.3916,1.1598,,
DATA,A001,8,564,547711,-0.3426,1.1275,0.1644,22.2168,61.2183,181.1523,1.1898,,
DATA,A001,8,565,547721,-0.3475,1.1453,0.1598,21.1792,55.8472,184.7534,1.2075,,
DATA,A001,8,566,547731,-0.3368,1.1719,0.1569,18.4326,49.3774,187.0117,1.2294,,
DATA,A001,8,567,547741,-0.3209,1.1695,0.1476,14.8315,46.5088,186.4014,1.2217,,
DATA,A001,8,568,547751,-0.3038,1.1309,0.1234,6.8359,43.7012,183.5938,1.1775,,
DATA,A001,8,569,547761,-0.2950,1.0838,0.1117,2.1973,42.6025,180.7861,1.1288,,
DATA,A001,8,570,547771,-0.2884,0.9959,0.0970,-1.5259,41.2598,176.0254,1.0414,,
DATA,A001,8,571,547781,-0.2806,0.9434,0.0951,-2.1973,40.5273,172.9126,0.9889,,
DATA,A001,8,572,547791,-0.2670,0.8882,0.1061,-0.7935,40.7715,168.1519,0.9335,,
DATA,A001,8,573,547801,-0.2587,0.8685,0.1053,0.3662,42.6025,164.9170,0.9123,,
DATA,A001,8,574,547811,-0.2567,0.8577,0.0970,2.1362,48.4619,160.2173,0.9006,,
DATA,A001,8,575,547821,-0.2626,0.8665,0.0839,3.2349,52.8564,156.8604,0.9093,,
DATA,A001,8,576,547831,-0.2782,0.8941,0.0712,5.5542,58.4717,151.6113,0.9391,,
DATA,A001,8,577,547841,-0.2872,0.9244,0.0712,7.0801,61.2183,147.5830,0.9706,,
DATA,A001,8,578,547851,-0.2953,0.9669,0.0900,7.6294,69.2139,138.9160,1.0149,,
DATA,A001,8,579,547861,-0.3138,0.9756,0.0917,6.4697,74.2798,135.9253,1.0290,,
DATA,A001,8,580,547871,-0.3522,1.0018,0.1073,6.0425,74.3408,132.4463,1.0673,,
DATA,A001,8,581,547881,-0.3514,1.0223,0.1288,6.0425,71.1670,129.1504,1.0886,,
DATA,A001,8,582,547891,-0.3468,1.0423,0.1442,5.1270,67.9321,125.0610,1.1079,,
DATA,A001,8,583,547901,-0.3473,1.0582,0.1544,4.4556,67.1387,122.0703,1.1243,,
DATA,A001,8,584,547911,-0.3580,1.0665,0.1583,3.9062,66.7114,118.5913,1.1360,,
DATA,A001,8,585,547921,-0.3724,1.0562,0.1671,3.1738,66.2231,115.2954,1.1323,,
DATA,A001,8,586,547931,-0.3722,1.0308,0.1735,0.7324,64.8193,108.5205,1.1096,,
DATA,A001,8,587,547941,-0.3634,0.9988,0.1615,-1.2207,64.2700,103.6987,1.0751,,
DATA,A001,8,588,547951,-0.3485,0.9371,0.1525,-3.0518,65.4297,95.2148,1.0113,,
DATA,A001,8,589,547961,-0.3414,0.9024,0.1449,-2.2583,67.6880,88.9282,0.9756,,
DATA,A001,8,590,547971,-0.3475,0.8782,0.1268,0.9155,70.4956,79.7729,0.9530,,
DATA,A001,8,591,547981,-0.3580,0.8777,0.1178,4.2114,70.6787,73.7915,0.9552,,
DATA,A001,8,592,547991,-0.3851,0.9100,0.1129,10.0098,67.3828,64.5142,0.9945,,
DATA,A001,8,593,548001,-0.4022,0.9551,0.1092,14.0991,62.9883,58.1055,1.0421,,
DATA,A001,8,594,548011,-0.4205,1.0091,0.1080,16.9067,56.5186,51.9409,1.0985,,
DATA,A001,8,595,548021,-0.4352,1.0914,0.1112,18.7378,46.6309,42.3584,1.1802,,
DATA,A001,8,596,548031,-0.4305,1.1414,0.1136,18.4937,40.9546,35.4004,1.2252,,
DATA,A001,8,597,548041,-0.4007,1.1920,0.1161,16.7847,36.1328,23.4375,1.2629,,
DATA,A001,8,598,548051,-0.3817,1.2125,0.1110,15.4419,36.4380,14.4653,1.2760,,
DATA,A001,8,599,548061,-0.3824,1.2613,0.0741,16.1133,39.6118,0.9155,1.3201,,
DATA,A001,8,600,548071,-0.3849,1.3362,0.0340,21.6064,42.1753,-8.4229,1.3910,,
DATA,A001,8,601,548081,-0.3719,1.4820,0.0340,30.2734,45.4102,-24.1089,1.5283,,
DATA,A001,8,602,548091,-0.3612,1.5516,0.0680,29.4189,48.2788,-33.9966,1.5945,,
DATA,A001,8,603,548101,-0.3678,1.5081,0.1156,14.1602,49.8657,-47.9126,1.5566,,
DATA,A001,8,604,548111,-0.3856,1.3892,0.1295,3.2349,46.9971,-57.3730,1.4475,,
DATA,A001,8,605,548121,-0.3978,1.2247,0.1222,1.4648,37.3535,-74.0356,1.2934,,
DATA,A001,8,606,548131,-0.3849,1.1898,0.1127,9.0332,30.4565,-86.2427,1.2555,,
DATA,A001,8,607,548141,-0.3614,1.2100,0.1024,16.7236,20.6909,-102.2339,1.2670,,
DATA,A001,8,608,548151,-0.3529,1.2088,0.1058,15.3809,14.5874,-111.6943,1.2637,,
DATA,A001,8,609,548161,-0.3607,1.1539,0.0917,8.6060,3.1738,-124.8779,1.2124,,
DATA,A001,8,610,548171,-0.3710,1.1114,0.0697,7.0801,-7.0801,-132.9346,1.1737,,
DATA,A001,8,611,548181,-0.3600,1.0899,0.0563,11.1694,-24.1089,-144.5923,1.1492,,
DATA,A001,8,612,548191,-0.3451,1.1024,0.0580,13.8550,-34.3018,-151.4282,1.1566,,
DATA,A001,8,613,548201,-0.3260,1.1177,0.0555,12.7563,-46.7529,-159.7290,1.1656,,
DATA,A001,8,614,548211,-0.3165,1.1131,0.0541,9.9487,-54.4434,-164.4897,1.1585,,
DATA,A001,8,615,548221,-0.3053,1.0928,0.0546,7.8735,-65.8569,-171.3867,1.1360,,
DATA,A001,8,616,548231,-0.2933,1.0821,0.0550,7.6904,-72.3877,-175.7812,1.1225,,
DATA,A001,8,617,548241,-0.2599,1.0762,0.0599,6.5308,-78.5522,-182.0679,1.1088,,
DATA,A001,8,618,548251,-0.2325,1.0689,0.0594,5.2490,-78.9795,-186.0962,1.0955,,
DATA,A001,8,619,548261,-0.2030,1.0474,0.0585,2.4414,-76.2939,-191.4673,1.0685,,
DATA,A001,8,620,548271,-0.1813,1.0276,0.0611,1.0376,-71.3501,-194.3359,1.0453,,
DATA,A001,8,621,548281,-0.1700,0.9935,0.0648,-1.2207,-62.0117,-197.6929,1.0100,,
DATA,A001,8,622,548291,-0.1651,0.9725,0.0629,-2.1362,-53.5889,-199.6460,0.9884,,
DATA,A001,8,623,548301,-0.1610,0.9642,0.0594,-0.7935,-40.4053,-201.9653,0.9793,,
DATA,A001,8,624,548311,-0.1659,0.9730,0.0555,0.1831,-32.4097,-202.3315,0.9886,,
DATA,A001,8,625,548321,-0.1776,0.9781,0.0492,0.3052,-22.3389,-200.8667,0.9953,,
DATA,A001,8,626,548331,-0.1896,0.9742,0.0392,-1.0376,-18.3105,-199.0356,0.9932,,
DATA,A001,8,627,548341,-0.2062,0.9632,0.0270,-2.1362,-14.8926,-194.9463,0.9854,,
DATA,A001,8,628,548351,-0.2052,0.9532,0.0216,-2.6855,-14.7705,-191.5894,0.9753,,
DATA,A001,8,629,548361,-0.2142,0.9493,0.0118,-2.5635,-14.5874,-187.4390,0.9732,,
DATA,A001,8,630,548371,-0.2213,0.9744,-0.0001,0.2441,-16.1133,-179.9316,0.9992,,
DATA,A001,8,631,548381,-0.2240,1.0025,-0.0021,2.2583,-17.9443,-174.3774,1.0272,,
DATA,A001,8,632,548391,-0.2264,1.0342,0.0045,1.6479,-23.1934,-165.0391,1.0587,,
DATA,A001,8,633,548401,-0.2279,1.0428,0.0096,-1.8921,-27.4048,-158.3252,1.0674,,
DATA,A001,8,634,548411,-0.2176,1.0206,0.0050,-8.8501,-34.3018,-148.3765,1.0435,,
DATA,A001,8,635,548421,-0.2015,1.0027,0.0074,-11.2915,-36.9873,-141.7236,1.0228,,
DATA,A001,8,636,548431,-0.1800,1.0040,0.0016,-10.8643,-36.8042,-130.8594,1.0200,,
DATA,A001,8,637,548441,-0.1727,1.0137,-0.0097,-10.6812,-33.9966,-122.6196,1.0284,,
DATA,A001,8,638,548451,-0.1627,1.0223,-0.0045,-11.7188,-28.0151,-109.6191,1.0352,,
DATA,A001,8,639,548461,-0.1617,1.0328,0.0004,-12.9395,-24.2310,-100.5249,1.0454,,
DATA,A001,8,640,548471,-0.1568,1.0408,-0.0055,-14.4653,-16.9678,-86.4868,1.0526,,
DATA,A001,8,641,548481,-0.1617,1.0403,-0.0053,-15.4419,-12.4512,-76.9043,1.0529,,
DATA,A001,8,642,548491,-0.1634,1.0450,-0.0023,-15.8081,-6.1646,-62.7441,1.0577,,
DATA,A001,8,643,548501,-0.1630,1.0467,0.0035,-16.2354,-2.4414,-54.0161,1.0593,,
DATA,A001,8,644,548511,-0.1617,1.0254,0.0204,-18.1274,2.8076,-41.9922,1.0383,,
DATA,A001,8,645,548521,-0.1576,1.0001,0.0397,-19.8975,5.9204,-34.9731,1.0132,,
DATA,A001,8,646,548531,-0.1556,0.9454,0.0821,-22.3389,10.7422,-25.5127,0.9616,,
DATA,A001,8,647,548541,-0.1525,0.9217,0.0858,-22.8882,13.6108,-19.1040,0.9381,,
DATA,A001,8,648,548551,-0.1432,0.9559,0.0192,-18.7378,19.0430,-6.8359,0.9667,,
DATA,A001,8,649,548561,-0.1224,1.0218,-0.0187,-11.8408,24.5361,3.7231,1.0293,,
DATA,A001,8,650,548571,-0.1085,1.1124,-0.0289,-6.7139,35.8887,22.9492,1.1180,,
DATA,A001,8,651,548581,-0.1271,1.1182,-0.0155,-9.9487,43.7622,37.4756,1.1255,,
DATA,A001,8,652,548591,-0.1798,1.0460,0.0150,-18.1274,50.4150,61.0962,1.0614,,
DATA,A001,8,653,548601,-0.2162,0.9881,0.0355,-18.4937,50.4150,77.5757,1.0121,,
DATA,A001,8,654,548611,-0.2447,0.9476,0.0746,-8.6670,46.5698,102.7222,0.9815,,
DATA,A001,8,655,548621,-0.2569,0.9527,0.1124,0.4883,43.5181,119.2017,0.9931,,
DATA,A001,8,656,548631,-0.2574,0.9612,0.1754,6.0425,41.6260,140.5029,1.0105,,
DATA,A001,8,657,548641,-0.2635,0.9485,0.1993,5.8594,41.8701,152.0386,1.0045,,
DATA,A001,8,658,548651,-0.2882,0.9100,0.2211,8.0566,41.4429,167.2974,0.9798,,
DATA,A001,8,659,548661,-0.2931,0.9058,0.2325,15.3198,40.4053,175.9644,0.9800,,
DATA,A001,8,660,548671,-0.3109,0.9583,0.2491,29.7852,38.3301,186.8896,1.0378,,
DATA,A001,8,661,548681,-0.3309,1.0181,0.2699,37.1704,36.5601,193.1763,1.1040,,
DATA,A001,8,662,548691,-0.3627,1.1067,0.3080,40.0391,28.6865,200.5005,1.2047,,
DATA,A001,8,663,548701,-0.3817,1.1421,0.3280,37.4756,19.5923,203.6743,1.2481,,
DATA,A001,8,664,548711,-0.3878,1.1627,0.3397,32.5928,8.4229,204.9561,1.2718,,
DATA,A001,8,665,548721,-0.3751,1.1627,0.3339,25.3906,-9.7656,203.4912,1.2665,,
DATA,A001,8,666,548731,-0.3514,1.1509,0.3243,20.5688,-20.2637,201.4771,1.2463,,
DATA,A001,8,667,548741,-0.2972,1.1155,0.2928,13.6719,-31.1279,195.9839,1.1910,,
DATA,A001,8,668,548751,-0.2623,1.0743,0.2601,8.6060,-34.1187,191.1621,1.1360,,
DATA,A001,8,669,548761,-0.2362,0.9940,0.2196,2.3193,-34.1797,183.1055,1.0450,,
DATA,A001,8,670,548771,-0.2264,0.9420,0.1949,0.1831,-32.8979,177.1851,0.9882,,
DATA,A001,8,671,548781,-0.2264,0.8829,0.1661,0.3662,-31.7383,167.6025,0.9265,,
DATA,A001,8,672,548791,-0.2281,0.8621,0.1549,2.2583,-31.6162,160.7056,0.9051,,
DATA,A001,8,673,548801,-0.2193,0.8538,0.1556,5.3711,-30.3345,148.8647,0.8952,,
DATA,A001,8,674,548811,-0.2193,0.8570,0.1757,6.6528,-28.3203,140.5640,0.9019,,
DATA,A001,8,675,548821,-0.2135,0.8738,0.2047,6.7749,-22.1558,127.8076,0.9225,,
DATA,A001,8,676,548831,-0.2098,0.8897,0.2184,5.9814,-15.7471,119.1406,0.9398,,
DATA,A001,8,677,548841,-0.1937,0.9134,0.2323,4.1504,-1.2817,106.1401,0.9622,,
DATA,A001,8,678,548851,-0.1876,0.9210,0.2367,3.1738,11.0474,97.9004,0.9692,,
DATA,A001,8,679,548861,-0.2040,0.9327,0.2364,0.8545,30.9448,87.1582,0.9836,,
DATA,A001,8,680,548871,-0.2276,0.9400,0.2345,-0.4272,43.0908,80.3833,0.9952,,
DATA,A001,8,681,548881,-0.2726,0.9429,0.2335,-1.3428,57.1289,70.8618,1.0089,,
DATA,A001,8,682,548891,-0.3016,0.9459,0.2318,-1.7700,62.7441,65.1855,1.0195,,
DATA,A001,8,683,548901,-0.3251,0.9410,0.2433,-2.5635,66.2231,57.5562,1.0248,,
DATA,A001,8,684,548911,-0.3382,0.9271,0.2477,-2.9907,66.8945,52.8564,1.0174,,
DATA,A001,8,685,548921,-0.3492,0.8983,0.2516,-3.9062,66.7725,45.9595,0.9960,,
DATA,A001,8,686,548931,-0.3671,0.8641,0.2540,-4.5166,65.4297,41.6260,0.9726,,
DATA,A001,8,687,548941,-0.3895,0.8135,0.2591,-4.3945,60.3027,35.4004,0.9385,,
DATA,A001,8,688,548951,-0.3995,0.7774,0.2621,-3.6621,55.5420,30.9448,0.9125,,
DATA,A001,8,689,548961,-0.4259,0.7488,0.2616,0.0000,44.1895,24.5361,0.9003,,
DATA,A001,8,690,548971,-0.4442,0.7515,0.2484,3.8452,34.4238,20.8130,0.9076,,
DATA,A001,8,691,548981,-0.4657,0.8050,0.2379,11.7188,15.4419,15.3198,0.9599,,
DATA,A001,8,692,548991,-0.4737,0.8604,0.2269,16.2354,0.8545,11.7188,1.0081,,
DATA,A001,8,693,549001,-0.4757,0.9493,0.2023,17.7002,-22.5220,6.7139,1.0809,,
DATA,A001,8,694,549011,-0.4667,0.9942,0.1786,15.6860,-38.1470,3.1128,1.1127,,
DATA,A001,8,695,549021,-0.4322,1.0286,0.1520,12.3901,-58.2886,-3.6621,1.1260,,
DATA,A001,8,696,549031,-0.3893,1.0389,0.1376,11.5967,-66.8335,-9.0942,1.1179,,
DATA,A001,8,697,549041,-0.3461,1.0457,0.1280,11.7798,-70.6177,-15.0146,1.1089,,
DATA,A001,8,698,549051,-0.3175,1.0923,0.0687,13.0005,-69.7632,-23.8037,1.1396,,
DATA,A001,8,699,549061,-0.3138,1.1685,0.0052,18.3716,-65.3687,-28.6865,1.2099,,
DATA,A001,8,700,549071,-0.2916,1.3677,0.0055,33.5693,-58.2275,-37.4756,1.3985,,
DATA,A001,8,701,549081,-0.2926,1.5418,0.0360,41.4429,-51.3306,-43.0298,1.5697,,
DATA,A001,8,702,549091,-0.3194,1.7173,0.0414,33.1421,-42.0532,-50.9644,1.7473,,
DATA,A001,8,703,549101,-0.3348,1.7161,0.0477,18.5547,-38.7573,-57.0068,1.7491,,
DATA,A001,8,704,549111,-0.3507,1.5945,0.0741,3.7842,-38.3301,-67.0776,1.6343,,
DATA,A001,8,705,549121,-0.3409,1.4715,0.0843,0.7324,-39.9170,-75.3174,1.5128,,
DATA,A001,8,706,549131,-0.3202,1.2989,0.0467,-1.8311,-43.3350,-89.4775,1.3386,,
DATA,A001,8,707,549141,-0.3014,1.1971,0.0052,-2.4414,-45.5322,-98.6938,1.2344,,
DATA,A001,8,708,549151,-0.2904,1.0960,-0.0817,2.6855,-52.0020,-112.0605,1.1368,,
DATA,A001,8,709,549161,-0.2989,1.0594,-0.1461,10.0708,-58.4106,-119.2017,1.1104,,
DATA,A001,8,710,549171,-0.2923,1.0699,-0.2211,22.2778,-72.9370,-127.0752,1.1309,,
DATA,A001,8,711,549181,-0.2931,1.0965,-0.2233,28.6865,-85.8765,-130.4321,1.1567,,
DATA,A001,8,712,549191,-0.2701,1.1622,-0.1417,34.1797,-108.2153,-133.5449,1.2015,,
DATA,A001,8,713,549201,-0.2826,1.1924,-0.1554,33.8745,-126.6479,-135.0708,1.2353,,
DATA,A001,8,714,549211,-0.2818,1.1763,-0.2013,35.0342,-158.6914,-138.4888,1.2263,,
DATA,A001,8,715,549221,-0.2521,1.1509,-0.2345,39.1846,-176.6357,-140.3809,1.2013,,
DATA,A001,8,716,549231,-0.2257,1.1063,-0.2648,47.2412,-193.8477,-140.9912,1.1597,,
DATA,A001,8,717,549241,-0.2384,1.0667,-0.2550,51.2695,-195.0073,-141.4185,1.1224,,
DATA,A001,8,718,549251,-0.3009,1.0257,-0.1950,56.5186,-187.6221,-143.6157,1.0865,,
DATA,A001,8,719,549261,-0.3407,1.0225,-0.1510,60.3027,-180.9082,-146.6064,1.0883,,
DATA,A001,8,720,549271,-0.3551,1.0665,-0.1478,60.2417,-175.4150,-149.8413,1.1337,,
DATA,A001,8,721,549281,-0.3277,1.0887,-0.1849,55.7251,-174.5605,-149.4141,1.1519,,
DATA,A001,8,722,549291,-0.2491,1.0833,-0.2816,44.8608,-173.8892,-145.8740,1.1467,,
DATA,A001,8,723,549301,-0.1942,1.0508,-0.3353,39.1846,-172.9126,-143.0054,1.1200,,
DATA,A001,8,724,549311,-0.1551,1.0164,-0.3807,37.9028,-171.0815,-138.1226,1.0964,,
DATA,A001,8,725,549321,-0.1632,1.0047,-0.3737,39.6729,-170.7153,-134.3994,1.0843,,
DATA,A001,8,726,549331,-0.1984,1.0145,-0.3656,39.3677,-176.7578,-128.0518,1.0964,,
DATA,A001,8,727,549341,-0.2142,1.0128,-0.3641,36.2549,-184.7534,-124.2676,1.0973,,
DATA,A001,8,728,549351,-0.1922,1.0067,-0.3632,28.8696,-197.7539,-119.2627,1.0873,,
DATA,A001,8,729,549361,-0.1549,0.9913,-0.3622,23.4985,-201.2329,-115.5396,1.0667,,
DATA,A001,8,730,549371,-0.1217,0.9725,-0.3554,17.9443,-199.5239,-111.4502,1.0425,,
DATA,A001,8,731,549381,-0.0995,0.9271,-0.3424,12.5732,-190.4297,-104.6753,0.9933,,
DATA,A001,8,732,549391,-0.0995,0.8951,-0.3168,11.1084,-173.6450,-96.9238,0.9547,,
DATA,A001,8,733,549401,-0.1100,0.8892,-0.2885,11.9019,-161.6211,-91.9800,0.9413,,
DATA,A001,8,734,549411,-0.1197,0.9039,-0.2562,12.3291,-148.6816,-86.2427,0.9471,,
DATA,A001,8,735,549421,-0.1603,0.9358,-0.2094,12.8784,-129.2114,-76.7822,0.9723,,
DATA,A001,8,736,549431,-0.2040,0.9590,-0.1954,11.3525,-118.1641,-70.6787,0.9998,,
DATA,A001,8,737,549441,-0.2726,0.9637,-0.1788,6.6528,-106.0181,-62.6831,1.0173,,
DATA,A001,8,738,549451,-0.3067,0.9495,-0.2030,2.8076,-101.1963,-57.4951,1.0183,,
DATA,A001,8,739,549461,-0.3573,0.9058,-0.2445,0.1221,-99.1211,-48.9502,1.0040,,
DATA,A001,8,740,549471,-0.3729,0.8880,-0.2582,1.7700,-98.4497,-44.0674,0.9971,,
DATA,A001,8,741,549481,-0.3942,0.8921,-0.2640,6.2256,-96.6797,-38.4521,1.0104,,
DATA,A001,8,742,549491,-0.4044,0.9051,-0.2648,7.6904,-94.9097,-35.5225,1.0261,,
DATA,A001,8,743,549501,-0.4249,0.9271,-0.2794,8.3008,-92.2241,-33.3862,1.0574,,
DATA,A001,8,744,549511,-0.4364,0.9461,-0.3009,7.9346,-90.4541,-33.5083,1.0845,,
DATA,A001,8,745,549521,-0.4476,0.9424,-0.3309,7.0801,-85.3271,-35.8887,1.0946,,
DATA,A001,8,746,549531,-0.4567,0.9366,-0.3419,7.8125,-80.3223,-38.6963,1.0966,,
DATA,A001,8,747,549541,-0.5008,0.9192,-0.3505,13.7939,-75.1953,-42.1143,1.1039,,
DATA,A001,8,748,549551,-0.5328,0.9205,-0.3239,21.4233,-76.2939,-44.4946,1.1118,,
DATA,A001,8,749,549561,-0.5697,0.9527,-0.2623,32.1045,-85.0830,-48.5840,1.1406,,
DATA,A001,8,750,549571,-0.5777,0.9781,-0.2125,36.3770,-92.8955,-51.5747,1.1557,,
DATA,A001,8,751,549581,-0.5665,1.0018,-0.1522,36.8042,-103.0884,-56.6406,1.1609,,
DATA,A001,8,752,549591,-0.5560,0.9896,-0.1386,34.4849,-105.0415,-59.9365,1.1435,,
DATA,A001,8,753,549601,-0.5448,0.9293,-0.1456,31.0059,-98.3276,-65.1245,1.0870,,
DATA,A001,8,754,549611,-0.5524,0.8836,-0.1696,31.9214,-89.0503,-68.8477,1.0557,,
DATA,A001,8,755,549621,-0.5743,0.8353,-0.2316,38.7573,-72.9980,-73.4863,1.0398,,
DATA,A001,8,756,549631,-0.6014,0.8087,-0.2501,45.9595,-64.8804,-76.1719,1.0384,,
DATA,A001,8,757,549641,-0.6385,0.7764,-0.2250,57.3730,-60.8521,-80.3833,1.0301,,
DATA,A001,8,758,549651,-0.6546,0.7620,-0.2255,64.3311,-64.2700,-82.6416,1.0296,,
DATA,A001,8,759,549661,-0.6698,0.7706,-0.2575,77.8198,-76.8433,-84.4727,1.0529,,
DATA,A001,8,760,549671,-0.6627,0.8108,-0.2626,90.3320,-87.7686,-85.0220,1.0796,,
DATA,A001,8,761,549681,-0.6332,0.9163,-0.2306,109.3750,-103.5156,-86.0596,1.1374,,
DATA,A001,8,762,549691,-0.6197,0.9954,-0.1940,117.1875,-113.2812,-86.2427,1.1885,,
DATA,A001,8,763,549701,-0.5953,1.0687,-0.1393,118.4692,-125.9155,-86.1816,1.2312,,
DATA,A001,8,764,549711,-0.5821,1.0650,-0.1090,114.2578,-133.3618,-86.7920,1.2186,,
DATA,A001,8,765,549721,-0.5550,1.0045,-0.0995,108.0933,-141.6626,-88.3179,1.1519,,
DATA,A001,8,766,549731,-0.5318,0.9651,-0.1105,108.5815,-144.8975,-89.5996,1.1075,,
DATA,A001,8,767,549741,-0.5087,0.9485,-0.1237,113.5254,-145.4468,-90.6982,1.0834,,
DATA,A001,8,768,549751,-0.4735,0.9805,-0.1410,121.8872,-142.9443,-91.1255,1.0980,,
DATA,A001,8,769,549761,-0.4576,1.0113,-0.1442,125.1221,-139.8926,-90.0269,1.1193,,
DATA,A001,8,770,549771,-0.4554,1.0399,-0.1420,124.3896,-136.9019,-86.9141,1.1441,,
DATA,A001,8,771,549781,-0.4530,1.0416,-0.1422,122.6807,-136.5356,-84.4727,1.1447,,
DATA,A001,8,772,549791,-0.4449,1.0257,-0.1449,121.0327,-139.4653,-80.8105,1.1274,,
DATA,A001,8,773,549801,-0.4305,1.0098,-0.1454,121.5210,-142.0288,-77.5757,1.1074,,
DATA,A001,8,774,549811,-0.4044,0.9966,-0.1290,122.0703,-146.6064,-72.5708,1.0833,,
DATA,A001,8,775,549821,-0.3844,0.9861,-0.1185,122.6196,-148.9258,-69.1528,1.0650,,
DATA,A001,8,776,549831,-0.3592,0.9671,-0.0856,122.1924,-152.8320,-62.8052,1.0352,,
DATA,A001,8,777,549841,-0.3407,0.9405,-0.0614,119.6899,-155.3345,-58.2275,1.0022,,
DATA,A001,8,778,549851,-0.3190,0.8814,-0.0358,114.3799,-157.8979,-51.3306,0.9380,,
DATA,A001,8,779,549861,-0.3067,0.8326,-0.0126,111.3281,-158.9355,-46.5698,0.8874,,
DATA,A001,8,780,549871,-0.2811,0.7855,0.0131,108.9478,-157.2266,-39.3066,0.8344,,
DATA,A001,8,781,549881,-0.2687,0.7798,0.0052,108.3374,-153.7476,-34.1797,0.8248,,
DATA,A001,8,782,549891,-0.2528,0.7894,-0.0202,106.7505,-145.3247,-24.1089,0.8291,,
DATA,A001,8,783,549901,-0.2530,0.8023,-0.0297,105.4077,-138.6108,-16.3574,0.8418,,
DATA,A001,8,784,549911,-0.2582,0.8221,-0.0431,103.5767,-128.7231,-4.6387,0.8627,,
DATA,A001,8,785,549921,-0.2667,0.8397,-0.0477,103.2104,-122.9858,4.0894,0.8823,,
DATA,A001,8,786,549931,-0.2904,0.8607,-0.0065,102.1118,-119.4458,18.3105,0.9083,,
DATA,A001,8,787,549941,-0.3050,0.8785,0.0160,100.6470,-120.9717,27.7710,0.9301,,
DATA,A001,8,788,549951,-0.3265,0.8990,0.0533,95.0317,-129.0894,41.3818,0.9579,,
DATA,A001,8,789,549961,-0.3253,0.9127,0.0760,89.4165,-137.3901,49.5605,0.9719,,
DATA,A001,8,790,549971,-0.3234,0.9161,0.1024,78.6743,-150.4517,59.3872,0.9768,,
DATA,A001,8,791,549981,-0.3075,0.9185,0.1102,72.2046,-157.1045,64.5752,0.9749,,
DATA,A001,8,792,549991,-0.2814,0.9305,0.1110,62.7441,-163.0249,70.1294,0.9784,,
DATA,A001,8,793,550001,-0.2626,0.9310,0.1107,55.9692,-163.8184,71.8384,0.9736,,
DATA,A001,8,794,550011,-0.2320,0.9229,0.1029,46.2646,-159.1187,71.5942,0.9572,,
DATA,A001,8,795,550021,-0.2086,0.9205,0.0843,40.8936,-152.0386,69.4580,0.9476,,
DATA,A001,8,796,550031,-0.1661,0.9078,0.0611,34.7290,-135.0708,63.9038,0.9249,,
DATA,A001,8,797,550041,-0.1398,0.8978,0.0423,32.3486,-119.5068,59.2041,0.9096,,
DATA,A001,8,798,550051,-0.1144,0.8878,0.0279,30.7617,-102.3560,54.4434,0.8955,,
DATA,A001,8,799,550061,-0.0975,0.8885,0.0106,32.1045,-75.3174,48.0957,0.8939,,
DATA,A001,8,800,550071,-0.0948,0.9000,0.0067,34.9731,-58.3496,44.6777,0.9050,,
DATA,A001,8,801,550081,-0.1097,0.9400,-0.0011,40.0391,-36.4380,41.5039,0.9464,,
DATA,A001,8,802,550091,-0.1344,0.9759,0.0016,43.2129,-24.4141,40.2222,0.9851,,
DATA,A001,8,803,550101,-0.1722,1.0201,0.0289,46.3257,-9.8267,39.6118,1.0349,,
DATA,A001,8,804,550111,-0.2115,1.0355,0.0558,46.3867,-1.1597,39.7339,1.0583,,
DATA,A001,8,805,550121,-0.2623,1.0254,0.0834,44.8608,10.9863,40.7715,1.0617,,
DATA,A001,8,806,550131,-0.2945,1.0049,0.1022,45.1050,18.4326,41.4429,1.0522,,
DATA,A001,8,807,550141,-0.3470,0.9669,0.1315,46.4478,28.2593,41.1987,1.0356,,
DATA,A001,8,808,550151,-0.3871,0.9378,0.1456,46.5088,32.6538,40.5884,1.0249,,
DATA,A001,8,809,550161,-0.4303,0.8743,0.1427,45.3491,35.3394,38.5132,0.9849,,
DATA,A001,8,810,550171,-0.4457,0.8502,0.1205,46.7529,35.1562,36.9873,0.9674,,
DATA,A001,8,811,550181,-0.4647,0.9095,0.0651,58.4717,30.7617,37.1704,1.0234,,
DATA,A001,8,812,550191,-0.4718,1.0372,0.0336,71.4722,26.9165,39.0015,1.1399,,
DATA,A001,8,813,550201,-0.4891,1.2754,0.0353,81.3599,20.8130,40.5884,1.3665,,
DATA,A001,8,814,550211,-0.5143,1.3856,0.0575,73.7305,16.7236,40.5884,1.4790,,
DATA,A001,8,815,550221,-0.5709,1.3397,0.0702,44.0063,6.2866,38.9404,1.4579,,
DATA,A001,8,816,550231,-0.5980,1.1700,0.0538,22.6440,-6.0425,37.5366,1.3151,,
DATA,A001,8,817,550241,-0.6053,0.8912,-0.0140,10.2539,-28.1982,34.9121,1.0774,,
DATA,A001,8,818,550251,-0.5902,0.7857,-0.0700,17.7612,-42.2363,30.5786,0.9852,,
DATA,A001,8,819,550261,-0.5526,0.8358,-0.1210,43.1519,-61.4624,21.7285,1.0092,,
DATA,A001,8,820,550271,-0.5392,0.9710,-0.1139,58.7769,-73.3643,17.2729,1.1165,,
DATA,A001,8,821,550281,-0.5392,1.2149,-0.0983,62.3779,-92.5903,13.5498,1.3328,,
DATA,A001,8,822,550291,-0.5494,1.3060,-0.1090,50.1099,-107.1777,12.3291,1.4210,,
DATA,A001,8,823,550301,-0.5375,1.2859,-0.1466,26.0010,-126.8921,9.5215,1.4014,,
DATA,A001,8,824,550311,-0.5047,1.2049,-0.1752,15.9912,-134.5825,5.7983,1.3180,,
DATA,A001,8,825,550321,-0.4432,1.0748,-0.2033,13.7329,-135.3760,-2.3804,1.1802,,
DATA,A001,8,826,550331,-0.4086,1.0193,-0.2033,17.9443,-131.0425,-9.7656,1.1168,,
DATA,A001,8,827,550341,-0.3690,0.9864,-0.1693,28.6865,-119.9341,-22.1558,1.0667,,
DATA,A001,8,828,550351,-0.3539,0.9949,-0.1276,35.5835,-113.7085,-30.5786,1.0637,,
DATA,A001,8,829,550361,-0.3358,1.0110,-0.0416,40.5884,-107.9712,-42.9077,1.0662,,
DATA,A001,8,830,550371,-0.3287,0.9974,0.0116,39.5508,-107.6660,-51.0864,1.0502,,
DATA,A001,8,831,550381,-0.3089,0.9402,0.0585,33.6914,-111.0840,-62.9883,0.9914,,
DATA,A001,8,832,550391,-0.2955,0.8909,0.0687,30.3345,-114.1968,-70.4956,0.9412,,
DATA,A001,8,833,550401,-0.2696,0.8370,0.0526,29.1748,-116.8823,-80.5664,0.8809,,
DATA,A001,8,834,550411,-0.2613,0.8231,0.0304,30.2734,-115.7227,-86.3037,0.8641,,
DATA,A001,8,835,550421,-0.2579,0.8255,0.0052,31.8604,-112.0605,-91.1255,0.8649,,
DATA,A001,8,836,550431,-0.2792,0.8580,-0.0333,33.9355,-102.9053,-96.3745,0.9029,,
DATA,A001,8,837,550441,-0.3092,0.8946,-0.0573,34.8511,-96.8628,-98.6328,0.9482,,
DATA,A001,8,838,550451,-0.3558,0.9517,-0.1032,34.5459,-92.2852,-100.4639,1.0213,,
DATA,A001,8,839,550461,-0.3729,0.9900,-0.1320,33.2642,-91.8579,-100.8911,1.0661,,
DATA,A001,8,840,550471,-0.3580,1.0543,-0.1964,29.9072,-89.2334,-101.0742,1.1306,,
DATA,A001,8,841,550481,-0.3378,1.1006,-0.2562,26.9165,-80.3223,-101.2573,1.1795,,
DATA,A001,8,842,550491,-0.3614,1.1558,-0.4015,23.7427,-56.2744,-101.3794,1.2758,,
DATA,A001,8,843,550501,-0.4435,1.1793,-0.4984,24.3530,-38.7573,-101.5015,1.3549,,
DATA,A001,8,844,550511,-0.5350,1.1995,-0.5285,30.2124,-12.8784,-104.4922,1.4158,,
DATA,A001,8,845,550521,-0.5802,1.2059,-0.5297,32.1045,-3.3569,-106.5063,1.4392,,
DATA,A001,8,846,550531,-0.6273,1.1710,-0.4525,33.2031,-1.6479,-108.3374,1.4034,,
DATA,A001,8,847,550541,-0.6136,1.1514,-0.3734,34.8511,-6.6528,-111.8774,1.3571,,
DATA,A001,8,848,550551,-0.5738,1.1212,-0.2311,35.2173,-17.4561,-121.8262,1.2805,,
DATA,A001,8,849,550561,-0.5348,1.1126,-0.1544,34.5459,-22.2778,-130.3711,1.2441,,
DATA,A001,8,850,550571,-0.4833,1.1258,-0.0726,36.3770,-27.8931,-143.9819,1.2273,,
DATA,A001,8,851,550581,-0.4513,1.1592,-0.0114,40.3442,-31.0059,-152.4658,1.2440,,
DATA,A001,8,852,550591,-0.4025,1.2396,0.0160,42.8467,-33.9966,-164.5508,1.3034,,
DATA,A001,8,853,550601,-0.3778,1.2608,-0.0018,38.5742,-36.0107,-170.2881,1.3162,,
DATA,A001,8,854,550611,-0.3434,1.2317,0.0045,29.6631,-37.3535,-177.0630,1.2787,,
DATA,A001,8,855,550621,-0.3502,1.2017,-0.0453,26.0620,-36.7432,-180.9692,1.2525,,
DATA,A001,8,856,550631,-0.3815,1.1463,-0.0834,22.3999,-22.0337,-185.1196,1.2110,,
DATA,A001,8,857,550641,-0.3902,1.0904,-0.1129,21.8506,-11.2915,-183.3496,1.1636,,
DATA,A001,8,858,550651,-0.3827,1.0220,-0.0731,25.2686,-6.6528,-174.4995,1.0938,,
DATA,A001,8,859,550661,-0.3426,0.9920,-0.0595,27.6489,-8.5449,-166.0767,1.0512,,
DATA,A001,8,860,550671,-0.2543,0.9302,-0.0494,26.8555,-17.8223,-150.0854,0.9656,,
DATA,A001,8,861,550681,-0.2052,0.8892,-0.0153,24.0479,-22.6440,-137.9395,0.9127,,
DATA,A001,8,862,550691,-0.1922,0.8487,0.0685,21.1792,-24.9634,-117.9199,0.8729,,
DATA,A001,8,863,550701,-0.2086,0.8441,0.1163,19.8975,-28.7476,-103.6377,0.8772,,
DATA,A001,8,864,550711,-0.2308,0.8531,0.1312,15.8081,-38.7573,-82.0923,0.8934,,
DATA,A001,8,865,550721,-0.2347,0.8609,0.1034,10.1318,-45.7764,-68.7256,0.8983,,
DATA,A001,8,866,550731,-0.2384,0.8316,0.0463,1.5869,-45.5322,-50.5981,0.8663,,
DATA,A001,8,867,550741,-0.2450,0.8004,0.0226,-0.1831,-37.9639,-38.7573,0.8373,,
DATA,A001,8,868,550751,-0.2543,0.7791,0.0196,2.3804,-27.8320,-26.4282,0.8198,,
DATA,A001,8,869,550761,-0.2645,0.7752,0.0543,10.4980,-17.8223,-8.6670,0.8209,,
DATA,A001,8,870,550771,-0.2635,0.7908,0.0909,15.0757,-17.4561,2.0752,0.8385,,
DATA,A001,8,871,550781,-0.2316,0.8340,0.1302,17.9443,-22.5830,17.6392,0.8753,,
DATA,A001,8,872,550791,-0.2076,0.8650,0.1456,17.2729,-27.4658,27.2827,0.9015,,
DATA,A001,8,873,550801,-0.1742,0.8963,0.1505,17.1509,-29.2969,41.2598,0.9254,,
DATA,A001,8,874,550811,-0.1727,0.9261,0.1520,18.0664,-27.5879,50.2930,0.9542,,
DATA,A001,8,875,550821,-0.1942,0.9693,0.1407,19.5312,-21.4233,62.8662,0.9985,,
DATA,A001,8,876,550831,-0.2137,0.9932,0.1278,19.8975,-16.7847,70.3125,1.0240,,
DATA,A001,8,877,550841,-0.2457,1.0193,0.1197,18.7988,-12.5122,81.3599,1.0554,,
DATA,A001,8,878,550851,-0.2660,1.0167,0.1254,17.1509,-12.7563,88.6841,1.0583,,
DATA,A001,8,879,550861,-0.2750,0.9903,0.1307,13.4277,-18.6768,98.6328,1.0361,,
DATA,A001,8,880,550871,-0.2696,0.9478,0.1402,10.9863,-24.1089,104.4922,0.9954,,
DATA,A001,8,881,550881,-0.2440,0.8780,0.1664,7.8735,-31.4331,111.1450,0.9263,,
DATA,A001,8,882,550891,-0.2213,0.8321,0.1910,7.5684,-33.5083,114.8071,0.8820,,
DATA,A001,8,883,550901,-0.2040,0.7723,0.2267,8.0566,-32.1045,119.4458,0.8303,,
DATA,A001,8,884,550911,-0.2057,0.7400,0.2418,7.8125,-28.5645,122.1313,0.8053,,
DATA,A001,8,885,550921,-0.2030,0.6961,0.2533,6.5308,-21.7896,125.5493,0.7681,,
DATA,A001,8,886,550931,-0.2115,0.6749,0.2540,6.5918,-17.0288,127.6855,0.7515,,
DATA,A001,8,887,550941,-0.2171,0.6702,0.2303,7.6904,-10.3149,130.9814,0.7412,,
DATA,A001,8,888,550951,-0.2267,0.6756,0.2240,8.6670,-6.1646,132.9346,0.7470,,
DATA,A001,8,889,550961,-0.2486,0.7003,0.2052,8.6060,-0.6714,135.3760,0.7709,,
DATA,A001,8,890,550971,-0.2609,0.7222,0.1901,8.7280,0.9766,137.7563,0.7911,,
DATA,A001,8,891,550981,-0.2630,0.7657,0.1874,9.6436,-1.2207,141.7236,0.8310,,
DATA,A001,8,892,550991,-0.2596,0.8023,0.1810,9.4604,-2.6855,142.9443,0.8625,,
DATA,A001,8,893,551001,-0.2181,0.8677,0.1615,10.0098,-0.5493,143.4326,0.9092,,
DATA,A001,8,894,551011,-0.2047,0.9214,0.1632,12.2070,6.4087,142.5171,0.9579,,
DATA,A001,8,895,551021,-0.1827,0.9966,0.1598,13.6108,24.0479,141.1133,1.0258,,
DATA,A001,8,896,551031,-0.2342,1.0379,0.1656,12.0850,35.4004,140.8691,1.0768,,
DATA,A001,8,897,551041,-0.2906,1.0587,0.1879,7.9956,39.0015,137.5122,1.1138,,
DATA,A001,8,898,551051,-0.3175,1.0579,0.1986,5.3101,35.0342,132.6294,1.1222,,
DATA,A001,8,899,551061,-0.3131,1.0504,0.1952,3.7842,28.8086,122.6807,1.1133,,
DATA,A001,8,900,551071,-0.2999,1.0399,0.2118,5.3101,25.2686,114.6240,1.1028,,
DATA,A001,8,901,551081,-0.2887,1.0242,0.2020,5.3101,22.7051,106.8726,1.0831,,
DATA,A001,8,902,551091,-0.2657,0.9781,0.2023,3.0518,20.4468,92.4072,1.0335,,
DATA,A001,8,903,551101,-0.2587,0.9376,0.1827,3.3569,17.0898,83.2520,0.9896,,
DATA,A001,8,904,551111,-0.2486,0.8795,0.1656,7.2632,11.2915,70.8618,0.9288,,
DATA,A001,8,905,551121,-0.2355,0.8758,0.1473,12.5732,6.4697,63.4155,0.9188,,
DATA,A001,8,906,551131,-0.2438,0.9190,0.1427,23.1323,0.4883,55.6641,0.9614,,
DATA,A001,8,907,551141,-0.2477,0.9866,0.1576,29.6021,-2.6245,51.2085,1.0294,,
DATA,A001,8,908,551151,-0.2428,1.0975,0.1705,33.0200,-5.7373,46.5088,1.1369,,
DATA,A001,8,909,551161,-0.2276,1.1607,0.1713,31.2500,-3.3569,44.2505,1.1951,,
DATA,A001,8,910,551171,-0.1998,1.2230,0.1698,25.9399,7.0801,41.0156,1.2508,,
DATA,A001,8,911,551181,-0.1793,1.2374,0.1569,21.9116,19.3481,39.8560,1.2601,,
DATA,A001,8,912,551191,-0.1488,1.2232,0.1354,14.7705,43.9453,38.0249,1.2396,,
DATA,A001,8,913,551201,-0.1395,1.1993,0.1156,11.2305,62.5610,36.8652,1.2129,,
DATA,A001,8,914,551211,-0.1634,1.2154,0.0616,14.8926,91.4917,36.2549,1.2279,,
DATA,A001,8,915,551221,-0.1962,1.2711,0.0475,22.9492,107.1167,36.9263,1.2870,,
DATA,A001,8,916,551231,-0.2670,1.3912,0.1017,30.5786,122.6807,37.1704,1.4202,,
DATA,A001,8,917,551241,-0.3253,1.4478,0.1395,26.8555,126.7700,36.4380,1.4905,,
DATA,A001,8,918,551251,-0.3910,1.3985,0.1713,9.5825,122.4365,34.1797,1.4622,,
DATA,A001,8,919,551261,-0.4210,1.2869,0.1678,-1.4648,113.0981,32.7148,1.3644,,
DATA,A001,8,920,551271,-0.4518,1.1524,0.1410,-2.6245,94.8486,29.9072,1.2458,,
DATA,A001,8,921,551281,-0.4608,1.1175,0.1349,4.0894,81.7261,27.4658,1.2163,,
DATA,A001,8,922,551291,-0.5004,1.1475,0.1461,11.2915,59.6924,23.0713,1.2604,,
DATA,A001,8,923,551301,-0.5296,1.1719,0.1476,10.0708,41.4429,19.7754,1.2945,,
DATA,A001,8,924,551311,-0.5626,1.1631,0.1337,2.9907,6.2866,14.5264,1.2990,,
DATA,A001,8,925,551321,-0.5665,1.1221,0.1195,-1.2207,-20.7520,10.5591,1.2627,,
DATA,A001,8,926,551331,-0.5235,1.0657,0.1058,-3.9062,-60.1807,2.2583,1.1921,,
DATA,A001,8,927,551341,-0.4859,1.0389,0.1053,-3.1128,-81.2988,-4.9438,1.1517,,
DATA,A001,8,928,551351,-0.4173,1.0330,0.1056,-2.0752,-102.2949,-17.0288,1.1191,,
DATA,A001,8,929,551361,-0.3898,1.0311,0.1070,-2.5024,-111.3892,-25.8179,1.1075,,
DATA,A001,8,930,551371,-0.3575,1.0132,0.1112,-3.7842,-119.6899,-40.2222,1.0802,,
DATA,A001,8,931,551381,-0.3292,0.9940,0.1190,-4.7607,-122.2534,-51.3306,1.0538,,
DATA,A001,8,932,551391,-0.2801,0.9500,0.1266,-7.5684,-120.9717,-68.6035,0.9985,,
DATA,A001,8,933,551401,-0.2462,0.9151,0.1236,-9.7046,-116.4551,-80.5054,0.9557,,
DATA,A001,8,934,551411,-0.2118,0.8619,0.1234,-12.0239,-104.1260,-98.6328,0.8961,,
DATA,A001,8,935,551421,-0.1964,0.8360,0.1175,-11.9019,-93.1396,-110.1074,0.8668,,
DATA,A001,8,936,551431,-0.1903,0.8211,0.1188,-11.3525,-82.6416,-120.9717,0.8512,,
DATA,A001,8,937,551441,-0.1825,0.8170,0.1114,-9.8877,-68.9087,-135.4370,0.8445,,
DATA,A001,8,938,551451,-0.1876,0.8279,0.1061,-8.9722,-61.8286,-143.8599,0.8555,,
DATA,A001,8,939,551461,-0.1886,0.8548,0.1070,-9.1553,-52.8564,-155.3345,0.8819,,
DATA,A001,8,940,551471,-0.2003,0.8838,0.1090,-9.2773,-48.0957,-161.9263,0.9128,,
DATA,A001,8,941,551481,-0.2030,0.9244,0.1056,-11.2915,-40.9546,-170.2271,0.9523,,
DATA,A001,8,942,551491,-0.2147,0.9659,0.0936,-14.2212,-34.8511,-176.8188,0.9939,,
DATA,A001,8,943,551501,-0.2142,0.9922,0.0858,-16.1133,-31.1279,-179.9927,1.0187,,
DATA,A001,8,944,551511,-0.2203,1.0289,0.0821,-17.5171,-28.5645,-182.3730,1.0554,,
DATA,A001,8,945,551521,-0.2181,1.0740,0.0646,-20.0806,-25.9399,-184.2651,1.0979,,
DATA,A001,8,946,551531,-0.2181,1.0941,0.0577,-22.3999,-25.5127,-184.3872,1.1171,,
DATA,A001,8,947,551541,-0.2106,1.1170,0.0443,-26.1230,-26.9775,-182.9224,1.1375,,
DATA,A001,8,948,551551,-0.1984,1.1207,0.0402,-28.9917,-28.3203,-181.2744,1.1388,,
DATA,A001,8,949,551561,-0.1817,1.0933,0.0360,-33.6304,-29.1138,-177.7954,1.1089,,
DATA,A001,8,950,551571,-0.1725,1.0635,0.0331,-36.0718,-28.2593,-174.4995,1.0779,,
DATA,A001,8,951,551581,-0.1688,1.0223,0.0377,-35.8887,-26.1230,-169.0063,1.0368,,
DATA,A001,8,952,551591,-0.1669,1.0130,0.0450,-33.6914,-24.4141,-164.4897,1.0276,,
DATA,A001,8,953,551601,-0.1703,1.0120,0.0655,-30.8228,-21.3013,-156.6162,1.0283,,
DATA,A001,8,954,551611,-0.1739,1.0272,0.0780,-29.4800,-18.3105,-150.2686,1.0447,,
DATA,A001,8,955,551621,-0.1817,1.0638,0.0931,-28.0151,-13.2446,-139.5874,1.0832,,
DATA,A001,8,956,551631,-0.1852,1.0960,0.0963,-27.5269,-9.8267,-131.4087,1.1157,,
DATA,A001,8,957,551641,-0.1957,1.1404,0.1185,-28.6255,-5.3101,-118.7134,1.1632,,
DATA,A001,8,958,551651,-0.2040,1.1702,0.1400,-31.5552,-2.7466,-110.0464,1.1961,,
DATA,A001,8,959,551661,-0.1905,1.1873,0.1298,-40.6494,0.6104,-97.4731,1.2095,,
DATA,A001,8,960,551671,-0.1688,1.1697,0.1241,-47.8516,2.6855,-90.0269,1.1884,,
DATA,A001,8,961,551681,-0.1376,1.1255,0.1041,-57.9834,8.7891,-80.7495,1.1387,,
DATA,A001,8,962,551691,-0.1171,1.0665,0.0870,-63.5986,14.1602,-76.5991,1.0764,,
DATA,A001,8,963,551701,-0.0897,0.9952,0.1334,-68.9087,21.6675,-72.2656,1.0081,,
DATA,A001,8,964,551711,-0.0716,0.9744,0.1251,-69.9463,28.1372,-68.6646,0.9850,,
DATA,A001,8,965,551721,-0.0082,1.0391,0.0067,-66.2842,41.3208,-60.7300,1.0392,,
DATA,A001,8,966,551731,0.0455,1.0997,-0.0668,-59.8755,55.2368,-53.8330,1.1026,,
DATA,A001,8,967,551741,0.0724,1.1705,-0.1366,-51.8799,85.9985,-41.0156,1.1806,,
DATA,A001,8,968,551751,0.0595,1.1692,-0.1549,-49.6826,106.7505,-31.9214,1.1810,,
DATA,A001,8,969,551761,-0.0233,1.1246,-0.1010,-45.7764,130.1880,-17.2729,1.1293,,
DATA,A001,8,970,551771,-0.0897,1.0872,-0.0404,-41.7480,138.8550,-5.7983,1.0917,,
DATA,A001,8,971,551781,-0.1451,1.0552,0.0299,-37.5366,141.3574,6.3477,1.0656,,
DATA,A001,8,972,551791,-0.2001,1.0101,0.1256,-33.0200,141.0522,24.2920,1.0373,,
DATA,A001,8,973,551801,-0.2211,0.9647,0.1695,-32.0435,142.2119,35.0952,1.0041,,
DATA,A001,8,974,551811,-0.2325,0.8956,0.1976,-31.9214,147.9492,49.3774,0.9461,,
DATA,A001,8,975,551821,-0.2374,0.8484,0.1940,-29.4800,154.3579,58.5327,0.9021,,
DATA,A001,8,976,551831,-0.2530,0.8201,0.1854,-19.4092,162.7197,73.4863,0.8781,,
DATA,A001,8,977,551841,-0.2667,0.8338,0.1915,-9.2773,163.8794,84.5337,0.8961,,
DATA,A001,8,978,551851,-0.2960,0.8904,0.2128,3.2349,155.5176,101.8066,0.9622,,
DATA,A001,8,979,551861,-0.3085,0.9312,0.2123,7.0801,142.8833,112.7319,1.0037,,
DATA,A001,8,980,551871,-0.3251,0.9654,0.2123,8.4229,116.5771,128.7231,1.0405,,
DATA,A001,8,981,551881,-0.3331,0.9725,0.2106,8.3008,96.3745,138.7329,1.0493,,
DATA,A001,8,982,551891,-0.3202,0.9588,0.2111,8.2397,68.2983,152.6489,1.0326,,
DATA,A001,8,983,551901,-0.3050,0.9300,0.2123,8.3008,51.5137,161.1328,1.0015,,
DATA,A001,8,984,551911,-0.2826,0.8809,0.2174,10.0708,32.4097,173.0347,0.9503,,
DATA,A001,8,985,551921,-0.2633,0.8497,0.2218,12.2070,23.8037,179.9316,0.9168,,
DATA,A001,8,986,551931,-0.2357,0.8145,0.2245,16.2964,17.8223,188.6597,0.8771,,
DATA,A001,8,987,551941,-0.2167,0.8087,0.2211,19.8975,18.2495,193.3594,0.8659,,
DATA,A001,8,988,551951,-0.1935,0.8238,0.2147,26.3672,24.7803,198.9746,0.8730,,
DATA,A001,8,989,551961,-0.1891,0.8519,0.2035,29.7852,32.0435,201.6602,0.8960,,
DATA,A001,8,990,551971,-0.1930,0.8973,0.1776,30.4565,44.6167,204.8950,0.9348,,
DATA,A001,8,991,551981,-0.2181,0.9224,0.1583,27.4048,50.8423,205.9326,0.9610,,
DATA,A001,8,992,551991,-0.2616,0.9232,0.1134,21.6675,55.1147,206.6650,0.9662,,
DATA,A001,8,993,552001,-0.2880,0.9144,0.0980,19.6533,52.4292,207.3975,0.9636,,
DATA,A001,8,994,552011,-0.2799,0.9122,0.0738,20.2026,42.9077,205.7495,0.9570,,
DATA,A001,8,995,552021,-0.2579,0.9244,0.0773,22.2778,37.7197,204.2236,0.9628,,
DATA,A001,8,996,552031,-0.2340,0.9678,0.0870,26.0010,37.9028,200.1343,0.9995,,
DATA,A001,8,997,552041,-0.2303,1.0147,0.1058,28.5645,44.2505,196.2891,1.0459,,
DATA,A001,8,998,552051,-0.2684,1.0933,0.1385,29.2969,56.7017,189.4531,1.1343,,
DATA,A001,8,999,552061,-0.3109,1.1334,0.1500,27.4658,64.7583,183.4717,1.1848,,
DATA,A001,8,1000,552071,-0.3570,1.1649,0.1593,23.2544,70.8618,172.7295,1.2287,,
DATA,A001,8,1001,552081,-0.3815,1.1663,0.1615,20.2026,71.5332,164.7949,1.2377,,
DATA,A001,8,1002,552091,-0.3971,1.1290,0.1652,15.9302,69.7632,151.3062,1.2081,,
DATA,A001,8,1003,552101,-0.4032,1.0960,0.1725,14.3433,68.9087,141.7236,1.1805,,
DATA,A001,8,1004,552111,-0.4059,1.0635,0.1818,13.4277,67.9932,131.9580,1.1528,,
DATA,A001,8,1005,552121,-0.4271,1.0045,0.2008,13.3667,65.4297,117.3706,1.1098,,
DATA,A001,8,1006,552131,-0.4501,0.9825,0.2132,14.4043,62.1948,107.6660,1.1015,,
DATA,A001,8,1007,552141,-0.4820,0.9771,0.2111,17.5781,54.2603,92.2852,1.1098,,
DATA,A001,8,1008,552151,-0.5001,0.9952,0.2040,19.8975,47.7295,81.4819,1.1323,,
DATA,A001,8,1009,552161,-0.5126,1.0484,0.1876,23.2544,38.3301,64.6362,1.1820,,
DATA,A001,8,1010,552171,-0.5145,1.0889,0.1774,23.7427,32.2876,53.2227,1.2173,,
DATA,A001,8,1011,552181,-0.5089,1.1500,0.1649,23.7427,23.6206,35.7056,1.2683,,
DATA,A001,8,1012,552191,-0.4879,1.1729,0.1600,22.3389,19.1040,23.1934,1.2804,,
DATA,A001,8,1013,552201,-0.4432,1.1712,0.1590,19.3481,16.4795,4.5166,1.2623,,
DATA,A001,8,1014,552211,-0.4435,1.1807,0.1429,18.0664,15.5640,-7.8125,1.2693,,
DATA,A001,8,1015,552221,-0.4498,1.3052,0.0802,26.0010,16.2964,-27.1606,1.3829,,
DATA,A001,8,1016,552231,-0.4452,1.4568,0.0704,35.7666,15.5029,-41.5039,1.5250,,
DATA,A001,8,1017,552241,-0.4198,1.6614,0.0809,37.4756,16.3574,-59.3872,1.7156,,
DATA,A001,8,1018,552251,-0.3985,1.6793,0.1058,24.9634,17.2729,-69.1528,1.7291,,
DATA,A001,8,1019,552261,-0.3712,1.4651,0.1388,-1.0376,18.9819,-84.1064,1.5178,,
DATA,A001,8,1020,552271,-0.3578,1.2786,0.1483,-7.8735,19.5923,-95.3979,1.3360,,
DATA,A001,8,1021,552281,-0.3400,1.1180,0.1434,1.1597,18.1274,-114.8682,1.1773,,
DATA,A001,8,1022,552291,-0.3187,1.1053,0.1542,11.4746,17.3950,-127.1362,1.1606,,
DATA,A001,8,1023,552301,-0.3109,1.1666,0.1700,17.5781,16.2964,-142.5781,1.2192,,
DATA,A001,8,1024,552311,-0.3360,1.1905,0.1576,14.5264,14.4653,-151.0010,1.2470,,
DATA,A001,8,1025,552321,-0.3807,1.2081,0.1197,11.1694,5.5542,-162.9028,1.2723,,
DATA,A001,8,1026,552331,-0.4000,1.2379,0.0912,13.3667,-4.2114,-170.5322,1.3041,,
DATA,A001,8,1027,552341,-0.4186,1.3040,0.0638,16.7236,-22.3999,-179.8096,1.3710,,
DATA,A001,8,1028,552351,-0.4100,1.3353,0.0448,14.6484,-35.7666,-184.8145,1.3975,,
DATA,A001,8,1029,552361,-0.3878,1.3223,0.0170,5.4932,-57.1899,-191.9556,1.3781,,
DATA,A001,8,1030,552371,-0.3797,1.2781,-0.0118,-0.4883,-71.1670,-196.5332,1.3334,,
DATA,A001,8,1031,552381,-0.3536,1.2100,-0.0358,-3.4180,-90.0879,-203.4302,1.2611,,
DATA,A001,8,1032,552391,-0.3304,1.1856,-0.0407,-1.8921,-99.6704,-208.0688,1.2315,,
DATA,A001,8,1033,552401,-0.2811,1.1817,-0.0319,0.9766,-108.3374,-214.4165,1.2151,,
DATA,A001,8,1034,552411,-0.2596,1.1871,-0.0143,1.6479,-109.8022,-218.3838,1.2152,,
DATA,A001,8,1035,552421,-0.2406,1.1915,0.0267,0.4272,-106.7505,-224.8535,1.2158,,
DATA,A001,8,1036,552431,-0.2518,1.1822,0.0509,-1.4648,-102.8442,-228.8818,1.2098,,
DATA,A001,8,1037,552441,-0.2692,1.1634,0.0768,-4.9438,-96.0693,-235.5957,1.1966,,
DATA,A001,8,1038,552451,-0.2977,1.1519,0.0787,-6.9580,-91.9189,-239.8682,1.1924,,
DATA,A001,8,1039,552461,-0.3072,1.1373,0.0780,-8.3008,-86.9141,-244.6289,1.1806,,
DATA,A001,8,1040,552471,-0.3046,1.1375,0.0697,-9.3994,-78.0640,-252.2583,1.1796,,
DATA,A001,8,1041,552481,-0.2989,1.1407,0.0543,-9.4604,-71.6553,-256.2866,1.1805,,
DATA,A001,8,1042,552491,-0.2921,1.1451,0.0348,-10.5591,-62.4390,-260.1318,1.1823,,
DATA,A001,8,1043,552501,-0.2967,1.1397,0.0170,-11.8408,-57.8003,-261.2305,1.1778,,
DATA,A001,8,1044,552511,-0.3046,1.1248,-0.0101,-14.7705,-53.4058,-260.8643,1.1654,,
DATA,A001,8,1045,552521,-0.3031,1.1050,-0.0170,-16.2354,-51.9409,-258.9722,1.1460,,
DATA,A001,8,1046,552531,-0.3055,1.0762,-0.0263,-16.5405,-52.0630,-252.6855,1.1191,,
DATA,A001,8,1047,552541,-0.2997,1.0652,-0.0223,-15.9302,-53.2837,-246.9482,1.1068,,
DATA,A001,8,1048,552551,-0.2806,1.0469,-0.0131,-16.3574,-55.6030,-236.1450,1.0840,,
DATA,A001,8,1049,552561,-0.2704,1.0228,-0.0038,-17.7612,-57.0679,-227.5391,1.0579,,
DATA,A001,8,1050,552571,-0.2555,0.9888,0.0052,-19.7754,-58.1665,-213.0737,1.0213,,
DATA,A001,8,1051,552581,-0.2460,0.9615,0.0116,-20.6299,-59.0210,-202.4536,0.9925,,
DATA,A001,8,1052,552591,-0.2308,0.9109,0.0177,-21.6064,-59.3262,-185.0586,0.9399,,
DATA,A001,8,1053,552601,-0.2252,0.8741,0.0184,-22.4609,-59.0820,-172.7295,0.9028,,
DATA,A001,8,1054,552611,-0.2128,0.8199,0.0201,-22.0337,-57.0068,-153.1982,0.8473,,
DATA,A001,8,1055,552621,-0.2103,0.7952,0.0196,-20.1416,-54.1992,-139.5874,0.8228,,
DATA,A001,8,1056,552631,-0.2059,0.7816,0.0460,-15.2588,-49.3774,-117.9199,0.8095,,
DATA,A001,8,1057,552641,-0.2037,0.7896,0.0619,-12.0850,-45.5322,-103.2104,0.8178,,
DATA,A001,8,1058,552651,-0.2037,0.8397,0.0702,-7.9956,-39.0015,-81.2378,0.8669,,
DATA,A001,8,1059,552661,-0.2054,0.8724,0.0812,-5.9814,-34.4238,-66.7725,0.8999,,
DATA,A001,8,1060,552671,-0.2003,0.8868,0.0865,-9.0942,-26.9165,-45.7764,0.9132,,
DATA,A001,8,1061,552681,-0.1898,0.8519,0.0795,-14.2822,-21.7896,-33.4473,0.8764,,
DATA,A001,8,1062,552691,-0.1698,0.7754,0.0944,-17.6392,-13.2446,-16.2354,0.7994,,
DATA,A001,8,1063,552701,-0.1612,0.7308,0.1078,-14.9536,-8.2397,-4.4556,0.7561,,
DATA,A001,8,1064,552711,-0.1310,0.7579,0.0704,-5.1270,0.2441,16.1133,0.7723,,
DATA,A001,8,1065,552721,-0.0995,0.8338,0.0260,4.8828,8.1787,31.7383,0.8401,,
DATA,A001,8,1066,552731,-0.0709,0.9817,-0.0238,17.5171,25.6958,58.3496,0.9846,,
DATA,A001,8,1067,552741,-0.0795,1.0403,-0.0319,19.7754,38.0859,75.8057,1.0439,,
DATA,A001,8,1068,552751,-0.1158,1.0279,0.0067,15.1978,53.1616,100.1587,1.0344,,
DATA,A001,8,1069,552761,-0.1527,0.9666,0.0536,10.1318,59.2041,115.1733,0.9801,,
DATA,A001,8,1070,552771,-0.1852,0.8614,0.1153,8.4229,63.4766,137.5122,0.8886,,
DATA,A001,8,1071,552781,-0.1925,0.8375,0.1442,14.4653,66.2231,152.5879,0.8713,,
DATA,A001,8,1072,552791,-0.1849,0.8475,0.1673,22.7051,71.8994,166.4429,0.8834,,
DATA,A001,8,1073,552801,-0.1681,0.8939,0.1652,27.1606,85.9985,183.4717,0.9244,,
DATA,A001,8,1074,552811,-0.1627,0.9129,0.1439,25.2075,97.3511,193.4204,0.9384,,
DATA,A001,8,1075,552821,-0.1742,0.9329,0.0978,25.4517,111.7554,209.1675,0.9541,,
DATA,A001,8,1076,552831,-0.1866,0.9656,0.0792,30.6396,116.9434,220.5811,0.9867,,
DATA,A001,8,1077,552841,-0.2118,1.0516,0.0685,39.6118,117.9199,237.9150,1.0749,,
DATA,A001,8,1078,552851,-0.2320,1.1265,0.0731,43.0298,115.2344,249.3286,1.1525,,
DATA,A001,8,1079,552861,-0.2613,1.2342,0.0814,43.5181,109.9243,264.7095,1.2642,,
DATA,A001,8,1080,552871,-0.2779,1.3067,0.0948,42.0532,109.5581,272.9492,1.3393,,
DATA,A001,8,1081,552881,-0.2577,1.4041,0.1239,36.6821,131.1646,278.1372,1.4329,,
DATA,A001,8,1082,552891,-0.2630,1.4405,0.1112,28.9917,171.5088,274.7803,1.4685,,
DATA,A001,8,1083,552901,-0.3793,1.4039,0.0380,11.8408,266.5405,259.5215,1.4547,,
DATA,A001,8,1084,552911,-0.6459,1.3360,-0.0900,-1.4648,317.0776,250.0610,1.4866,,
DATA,A001,8,1085,552921,-1.3097,1.2618,-0.2499,-6.9580,321.6553,253.7842,1.8357,,
DATA,A001,8,1086,552931,-1.7220,1.2103,-0.2184,-0.6714,273.3765,249.2065,2.1161,,
DATA,A001,8,1087,552941,-2.2101,1.1878,-0.0961,15.3198,146.6064,209.5337,2.5109,,
DATA,A001,8,1088,552951,-2.3668,1.1885,0.0006,13.8550,46.5698,168.0298,2.6485,,
DATA,A001,8,1089,552961,-2.3053,1.0816,0.1493,0.3662,-75.8667,98.5107,2.5508,,
DATA,A001,8,1090,552971,-2.2130,0.9388,0.0660,-8.4229,-145.9961,50.4761,2.4048,,
DATA,A001,8,1091,552981,-2.0543,0.7278,-0.0302,-5.7983,-239.0137,-23.0103,2.1796,,
DATA,A001,8,1092,552991,-1.9425,0.6907,-0.1022,6.1646,-298.0957,-72.9980,2.0642,,
DATA,A001,8,1093,553001,-1.9191,0.8030,-0.1342,33.5693,-397.0337,-135.3760,2.0846,,
DATA,A001,8,1094,553011,-1.8424,0.9532,-0.0455,46.2036,-449.2188,-172.4854,2.0749,,
DATA,A001,8,1095,553021,-1.6317,1.1961,0.0397,43.4570,-494.0186,-225.5859,2.0235,,
DATA,A001,8,1096,553031,-1.4991,1.3394,0.0790,33.5693,-497.3145,-249.1455,2.0119,,
DATA,A001,8,1097,553041,-1.2694,1.4925,0.1407,10.6201,-476.5625,-267.7002,1.9644,,
DATA,A001,8,1098,553051,-1.1373,1.5535,0.1393,-11.6577,-465.9424,-274.4141,1.9304,,
DATA,A001,8,1099,553061,-0.8863,1.5220,0.1859,-49.0723,-445.7397,-282.1045,1.7711,,
DATA,A001,8,1100,553071,-0.7550,1.4488,0.1859,-70.5566,-438.2324,-285.2173,1.6443,,
DATA,A001,8,1101,553081,-0.6832,1.3201,0.1896,-97.5342,-442.0776,-285.3394,1.4985,,
DATA,A001,8,1102,553091,-0.5201,1.2520,0.2533,-113.0981,-455.3833,-286.1328,1.3792,,
DATA,A001,8,1103,553101,-0.2181,1.1517,0.2042,-131.3477,-475.2808,-284.3628,1.1898,,
DATA,A001,8,1104,553111,-0.0672,1.0931,0.1222,-141.4795,-473.9990,-279.1138,1.1019,,
DATA,A001,8,1105,553121,0.0849,1.0010,0.1271,-155.9448,-440.6738,-264.0991,1.0126,,
DATA,A001,8,1106,553131,0.1249,0.9424,0.1625,-164.6729,-405.1514,-252.1973,0.9645,,
DATA,A001,8,1107,553141,0.0975,0.8904,0.1976,-170.0439,-362.3657,-240.4785,0.9173,,
DATA,A001,8,1108,553151,0.0282,0.8570,0.2281,-166.9312,-307.1289,-223.6328,0.8873,,
DATA,A001,8,1109,553161,0.0275,0.8528,0.2970,-159.6069,-284.9731,-208.6182,0.9035,,
DATA,A001,8,1110,553171,0.0065,0.8113,0.4015,-156.4941,-265.9302,-183.5938,0.9053,,
DATA,A001,8,1111,553181,-0.0118,0.7615,0.4623,-157.6538,-259.7046,-171.0205,0.8909,,
DATA,A001,8,1112,553191,-0.0592,0.6441,0.5069,-148.0103,-244.7510,-158.6914,0.8218,,
DATA,A001,8,1113,553201,-0.0956,0.6302,0.5748,-132.6904,-237.1826,-149.1089,0.8583,,
DATA,A001,8,1114,553211,-0.1349,0.6617,0.6910,-107.1167,-222.9614,-126.0986,0.9662,,
DATA,A001,8,1115,553221,-0.1490,0.6924,0.6991,-92.7124,-213.9282,-112.4878,0.9952,,
DATA,A001,8,1116,553231,-0.0792,0.6722,0.7689,-75.8057,-195.3735,-100.4639,1.0244,,
DATA,A001,8,1117,553241,-0.0533,0.6346,0.8065,-67.2607,-175.4761,-94.9097,1.0276,,
DATA,A001,8,1118,553251,-0.0411,0.6024,0.8243,-52.7344,-142.8223,-88.7451,1.0218,,
DATA,A001,8,1119,553261,-0.0636,0.6019,0.8204,-43.6401,-121.1548,-85.7544,1.0195,,
DATA,A001,8,1120,553271,-0.1034,0.5855,0.8011,-35.4614,-94.3604,-85.5713,0.9977,,
DATA,A001,8,1121,553281,-0.1503,0.5721,0.7865,-32.0435,-82.2144,-87.2192,0.9841,,
DATA,A001,8,1122,553291,-0.1766,0.5865,0.6000,-25.1465,-70.5566,-88.7451,0.8574,,
DATA,A001,8,1123,553301,-0.2611,0.6390,0.5846,-16.7847,-71.9604,-96.1914,0.9045,,
DATA,A001,8,1124,553311,-0.1947,1.4507,0.4567,1.8921,-62.8052,-82.1533,1.5333,,
DATA,A001,8,1125,553321,-0.0609,0.0843,0.7255,-60.8521,-74.4629,-51.9409,0.7329,,
DATA,A001,8,1126,553331,-0.0951,0.2462,0.6976,-14.3433,-64.1479,-93.2617,0.7459,,
DATA,A001,8,1127,553341,0.0001,0.4769,0.7740,9.5215,-47.3022,-70.2515,0.9091,,
DATA,A001,8,1128,553351,-0.1285,0.3314,0.7882,13.0615,-32.4097,-66.1011,0.8646,,
DATA,A001,8,1129,553361,-0.1236,0.3524,0.7792,8.8501,-16.3574,-93.8721,0.8640,,
DATA,A001,8,1130,553371,-0.1622,0.3250,0.8141,18.0664,-16.5405,-109.8022,0.8914,,
DATA,A001,8,1131,553381,-0.1683,0.2916,0.7862,24.3530,-23.3154,-109.1309,0.8553,,
DATA,A001,8,1132,553391,-0.1986,0.2891,0.7589,35.5225,-32.9590,-106.2622,0.8360,,
DATA,A001,8,1133,553401,-0.2130,0.2855,0.7523,39.4287,-41.9312,-105.2856,0.8324,,
DATA,A001,8,1134,553411,-0.2193,0.3433,0.7596,36.9873,-58.8989,-100.8911,0.8620,,
DATA,A001,8,1135,553421,-0.1500,0.3638,0.8009,29.7852,-69.2139,-97.0459,0.8924,,
DATA,A001,8,1136,553431,-0.0909,0.3201,0.8129,16.3574,-75.6226,-87.2192,0.8783,,
DATA,A001,8,1137,553441,-0.1019,0.2894,0.7953,15.1978,-71.8994,-83.4961,0.8524,,
DATA,A001,8,1138,553451,-0.1005,0.2591,0.7584,23.2544,-65.6128,-79.9561,0.8077,,
DATA,A001,8,1139,553461,-0.0970,0.2720,0.7560,30.2734,-62.3779,-73.8525,0.8093,,
DATA,A001,8,1140,553471,-0.1564,0.3016,0.7533,33.4473,-60.6079,-72.6318,0.8263,,
DATA,A001,8,1141,553481,-0.0726,0.2410,0.6820,66.7725,-73.5474,-60.4858,0.7270,,
DATA,A001,8,1142,553491,0.0311,0.4542,0.7591,67.9932,-63.9038,-35.4614,0.8852,,
DATA,A001,8,1143,553501,0.0187,0.4656,0.7569,42.7856,-43.2739,-37.5977,0.8889,,
DATA,A001,8,1144,553511,-0.0433,0.4175,0.7740,26.1230,-30.5176,-46.7529,0.8805,,
DATA,A001,8,1145,553521,-0.1256,0.3550,0.8094,30.1514,-30.7007,-45.6543,0.8928,,
DATA,A001,8,1146,553531,-0.1173,0.4048,0.8251,31.9214,-35.9497,-38.3911,0.9265,,
DATA,A001,8,1147,553541,-0.1268,0.3807,0.8241,25.5127,-44.6777,-28.2593,0.9166,,
DATA,A001,8,1148,553551,-0.1466,0.3926,0.8400,22.6440,-53.5889,-32.8979,0.9387,,
DATA,A001,8,1149,553561,-0.1842,0.2921,0.7213,36.9263,-70.6787,-44.7998,0.7997,,
DATA,A001,8,1150,553571,0.0065,0.4554,0.7782,4.0894,-80.9937,-33.9966,0.9017,,
DATA,A001,8,1151,553581,-0.0023,0.2225,0.8221,-0.4272,-77.8198,-26.9165,0.8517,,
DATA,A001,8,1152,553591,0.0307,0.2352,0.8343,2.5635,-79.0405,-38.1470,0.8674,,
DATA,A001,8,1153,553601,0.1471,0.4061,0.8365,0.1831,-71.6553,-28.8086,0.9414,,
DATA,A001,8,1154,553611,0.1295,0.4769,0.8629,-6.1035,-60.0586,-22.1558,0.9944,,
DATA,A001,8,1155,553621,0.1495,0.6006,0.8292,-14.3433,-61.2793,-26.2451,1.0348,,
DATA,A001,8,1156,553631,0.0668,0.5064,0.8671,-18.4937,-50.4761,-28.6255,1.0063,,
DATA,A001,8,1157,553641,-0.0726,0.5679,0.7936,-18.3105,-45.6543,-50.4761,0.9786,,
DATA,A001,8,1158,553651,-0.0309,0.4141,0.8541,-11.2915,-57.0679,-39.0625,0.9497,,
DATA,A001,8,1159,553661,0.0560,0.3939,0.8426,-10.9863,-45.4712,-41.4429,0.9318,,
DATA,A001,8,1160,553671,0.0546,0.4378,0.7767,-7.2632,-39.9170,-53.7109,0.8933,,
DATA,A001,8,1161,553681,0.1766,0.3821,0.7565,12.2070,-53.9551,-26.7944,0.8657,,
DATA,A001,8,1162,553691,0.2221,0.2801,0.8072,31.1890,-58.5327,-6.9580,0.8828,,
DATA,A001,8,1163,553701,0.1766,0.3638,0.8600,56.0913,-53.5278,15.4419,0.9503,,
DATA,A001,8,1164,553711,0.2184,0.4693,0.9003,62.3169,-47.3633,26.4893,1.0385,,
DATA,A001,8,1165,553721,0.1788,0.4622,0.9925,60.8521,-33.2642,30.5786,1.1094,,
DATA,A001,8,1166,553731,0.1820,0.4964,1.0250,55.0537,-22.8882,20.3247,1.1533,,
DATA,A001,8,1167,553741,0.3153,0.4900,1.0631,43.2129,8.5449,10.6201,1.2123,,
DATA,A001,8,1168,553751,0.2772,0.4549,1.0538,34.6069,38.6963,-2.1362,1.1808,,
DATA,A001,8,1169,553761,0.1347,0.5452,0.9701,23.5596,66.4673,-22.8271,1.1209,,
DATA,A001,8,1170,553771,0.0592,0.5836,0.8851,17.8833,63.2935,-22.3389,1.0618,,
DATA,A001,8,1171,553781,0.0197,0.6421,0.8776,24.3530,46.6919,-17.7612,1.0876,,
DATA,A001,8,1172,553791,-0.0660,0.6653,0.9217,25.4517,28.3813,-17.0898,1.1387,,
DATA,A001,8,1173,553801,0.0238,0.6631,0.9437,19.4092,8.6670,-7.9956,1.1537,,
DATA,A001,8,1174,553811,0.0731,0.7244,0.8007,21.7285,0.1221,-2.2583,1.0822,,
DATA,A001,8,1175,553821,0.1369,0.6317,1.0275,10.1318,7.0190,-0.2441,1.2138,,
DATA,A001,8,1176,553831,0.1173,0.6656,1.0485,2.7466,14.5874,-7.4463,1.2474,,
DATA,A001,8,1177,553841,0.0621,0.5882,1.0470,-1.1597,19.5312,-10.0708,1.2025,,
DATA,A001,8,1178,553851,0.1037,0.5582,1.0106,-2.0142,29.6021,-18.6768,1.1591,,
DATA,A001,8,1179,553861,0.0985,0.5482,1.0065,-4.8828,32.7148,-14.2822,1.1503,,
DATA,A001,8,1180,553871,0.1149,0.5381,0.9742,-4.1504,34.7900,-9.6436,1.1189,,
DATA,A001,8,1181,553881,0.0968,0.5594,0.9781,2.0752,35.6445,-2.3193,1.1309,,
DATA,A001,8,1182,553891,0.0997,0.5816,0.9777,10.8032,38.2080,10.9863,1.1419,,
EVENT,A001,8,,553900,,,,,,,,STOP,1182
EVENT,A001,9,,560542,,,,,,,,START,
DATA,A001,9,1,560565,0.5726,0.3360,0.7469,22.6440,51.9409,35.8887,0.9994,,
DATA,A001,9,2,560575,0.5673,0.2613,0.7552,37.1704,68.5425,37.2314,0.9800,,
DATA,A001,9,3,560585,0.5155,0.2801,0.7994,51.6968,91.7358,38.9404,0.9916,,
DATA,A001,9,4,560595,0.5199,0.3043,0.8370,48.5840,111.9995,43.2739,1.0313,,
DATA,A001,9,5,560605,0.3908,0.3018,0.8849,42.9688,131.4087,42.2974,1.0133,,
DATA,A001,9,6,560615,0.3515,0.2933,0.9318,33.5083,140.4419,36.0718,1.0381,,
DATA,A001,9,7,560625,0.3605,0.2064,0.9696,29.6631,155.9448,28.0151,1.0548,,
DATA,A001,9,8,560635,0.3693,0.1492,0.9515,28.9917,155.8228,27.4658,1.0315,,
DATA,A001,9,9,560645,0.2545,0.0164,0.8072,41.0767,139.5264,26.9165,0.8466,,
DATA,A001,9,10,560655,0.4122,0.2615,0.7721,65.8569,91.3086,32.0435,0.9135,,
DATA,A001,9,11,560665,0.2684,0.8284,0.7677,37.3535,81.6040,57.7393,1.1609,,
DATA,A001,9,12,560675,0.1745,1.1548,0.8639,-31.1890,109.0088,63.9648,1.4527,,
DATA,A001,9,13,560685,0.3283,0.5733,0.9513,-56.6406,119.3848,31.1279,1.1582,,
DATA,A001,9,14,560695,0.2460,0.2095,1.0006,-37.8418,124.3286,41.8701,1.0515,,
DATA,A001,9,15,560705,0.2912,0.1526,0.9200,-17.2729,130.8594,64.0869,0.9770,,
DATA,A001,9,16,560715,0.2399,0.2901,0.7953,-2.2583,131.5918,99.8535,0.8799,,
DATA,A001,9,17,560725,0.2494,0.4581,0.7489,-1.8311,134.3384,111.9385,0.9126,,
DATA,A001,9,18,560735,0.2338,0.5411,0.6764,-6.8359,149.4141,113.4033,0.8972,,
DATA,A001,9,19,560745,0.2287,0.4876,0.6361,-8.5449,165.2832,111.6943,0.8335,,
DATA,A001,9,20,560755,0.1737,0.3565,0.5875,-5.8594,184.1431,110.9619,0.7088,,
DATA,A001,9,21,560765,0.1437,0.2960,0.5673,0.3662,191.4062,111.2061,0.6558,,
DATA,A001,9,22,560775,0.0914,0.2383,0.5223,11.7798,191.9556,111.3281,0.5814,,
DATA,A001,9,23,560785,0.0819,0.2139,0.5069,20.9961,190.9180,111.6333,0.5563,,
DATA,A001,9,24,560795,0.0687,0.1758,0.4984,35.9497,188.7817,112.9150,0.5330,,
DATA,A001,9,25,560805,0.0773,0.1531,0.4921,46.6309,189.5142,114.6851,0.5211,,
DATA,A001,9,26,560815,0.0954,0.1395,0.4715,64.6973,194.3970,117.6758,0.5009,,
DATA,A001,9,27,560825,0.1220,0.1451,0.4601,76.7822,202.8198,119.3237,0.4976,,
DATA,A001,9,28,560835,0.1959,0.1548,0.4235,93.9941,223.7549,123.4741,0.4916,,
DATA,A001,9,29,560845,0.2042,0.1885,0.4039,106.3843,247.8638,128.8452,0.4903,,
DATA,A001,9,30,560855,0.2055,0.2493,0.3439,119.3237,292.7246,133.7280,0.4718,,
DATA,A001,9,31,560865,0.1622,0.2911,0.3004,125.0610,324.8901,139.0381,0.4487,,
DATA,A001,9,32,560875,0.0556,0.3616,0.2440,132.2632,367.4316,150.5737,0.4398,,
DATA,A001,9,33,560885,-0.0467,0.4114,0.2323,135.3760,386.8408,159.7290,0.4748,,
DATA,A001,9,34,560895,-0.2303,0.5169,0.2482,140.9302,398.5596,175.2319,0.6179,,
DATA,A001,9,35,560905,-0.4200,0.6258,0.3414,143.7988,390.6860,186.3403,0.8274,,
DATA,A001,9,36,560915,-0.7926,0.8777,0.5192,137.5732,354.5532,198.1812,1.2916,,
DATA,A001,9,37,560925,-1.0270,1.0735,0.6048,124.9390,312.3779,200.1953,1.6041,,
DATA,A001,9,38,560935,-1.3539,1.3235,0.7042,93.8110,211.1816,201.7212,2.0201,,
DATA,A001,9,39,560945,-1.4400,1.3629,0.7318,85.1440,143.7988,185.6079,2.1134,,
DATA,A001,9,40,560955,-1.2972,1.4236,0.6844,89.0503,62.2559,164.2456,2.0440,,
DATA,A001,9,41,560965,-1.1395,1.4627,0.6371,97.1069,24.3530,153.2593,1.9606,,
DATA,A001,9,42,560975,-0.9225,1.5557,0.5673,99.9756,8.4229,140.9912,1.8955,,
DATA,A001,9,43,560985,-0.8282,1.5596,0.5358,92.4072,16.1133,131.5308,1.8454,,
DATA,A001,9,44,560995,-0.7303,1.5142,0.4830,80.9937,42.1143,118.2861,1.7492,,
DATA,A001,9,45,561005,-0.6898,1.4720,0.4630,79.2847,61.5845,114.3188,1.6902,,
DATA,A001,9,46,561015,-0.6432,1.4490,0.4347,81.9702,81.8481,113.8306,1.6439,,
DATA,A001,9,47,561025,-0.5826,1.4351,0.4025,87.3413,115.2954,115.7227,1.6003,,
DATA,A001,9,48,561035,-0.5455,1.4390,0.3807,88.2568,138.7329,117.7368,1.5853,,
DATA,A001,9,49,561045,-0.5179,1.4039,0.3419,82.7026,174.1333,120.8496,1.5349,,
DATA,A001,9,50,561055,-0.5091,1.3555,0.3219,75.3784,196.2280,122.3755,1.4833,,
DATA,A001,9,51,561065,-0.5089,1.2537,0.2931,63.9648,223.3887,124.0234,1.3844,,
DATA,A001,9,52,561075,-0.5043,1.1880,0.2550,58.1055,236.1450,124.8779,1.3156,,
DATA,A001,9,53,561085,-0.5287,1.1487,0.2076,57.6782,247.2534,129.1504,1.2815,,
DATA,A001,9,54,561095,-0.5394,1.1927,0.1720,64.3921,252.3193,133.4839,1.3202,,
DATA,A001,9,55,561105,-0.5260,1.3130,0.1595,69.8853,257.3242,136.7798,1.4234,,
DATA,A001,9,56,561115,-0.5282,1.3475,0.1595,60.1196,258.0566,137.8174,1.4561,,
DATA,A001,9,57,561125,-0.5392,1.2308,0.1659,31.6772,250.4883,136.2915,1.3539,,
DATA,A001,9,58,561135,-0.5423,1.0787,0.1717,13.0005,239.9292,133.1787,1.2195,,
DATA,A001,9,59,561145,-0.5194,0.8497,0.1588,-0.4883,220.6421,129.3945,1.0084,,
DATA,A001,9,60,561155,-0.4967,0.7408,0.1422,0.7935,208.6182,126.8921,0.9031,,
DATA,A001,9,61,561165,-0.4569,0.6937,0.1061,14.7705,194.1528,122.0703,0.8374,,
DATA,A001,9,62,561175,-0.4408,0.7405,0.0929,29.3579,185.1196,118.6523,0.8668,,
DATA,A001,9,63,561185,-0.4274,0.9007,0.1127,46.3257,168.5791,114.3188,1.0033,,
DATA,A001,9,64,561195,-0.4398,1.0027,0.1429,48.7671,154.6631,111.7554,1.1042,,
DATA,A001,9,65,561205,-0.4581,1.0872,0.2015,39.5508,132.1411,108.5205,1.1969,,
DATA,A001,9,66,561215,-0.4767,1.0997,0.2179,31.3110,117.6147,105.8960,1.2182,,
DATA,A001,9,67,561225,-0.4542,1.0970,0.1893,23.3154,100.8301,99.0601,1.2023,,
DATA,A001,9,68,561235,-0.4435,1.0945,0.1493,21.9116,95.1538,92.8345,1.1904,,
DATA,A001,9,69,561245,-0.4264,1.0999,0.1212,19.2871,94.5435,80.5664,1.1859,,
DATA,A001,9,70,561255,-0.4144,1.0836,0.1041,15.0757,95.3369,70.8618,1.1648,,
DATA,A001,9,71,561265,-0.3920,1.0132,0.0902,5.9814,90.5151,56.5796,1.0901,,
DATA,A001,9,72,561275,-0.3805,0.9268,0.1012,0.0610,82.6416,46.2036,1.0070,,
DATA,A001,9,73,561285,-0.3668,0.7772,0.1312,-5.6763,65.0024,28.6255,0.8693,,
DATA,A001,9,74,561295,-0.3453,0.6812,0.1473,-5.6152,50.9644,17.3340,0.7778,,
DATA,A001,9,75,561305,-0.3104,0.5733,0.1786,-1.0376,29.7852,3.0518,0.6760,,
DATA,A001,9,76,561315,-0.2865,0.5250,0.1979,0.2441,17.5781,-6.4087,0.6299,,
DATA,A001,9,77,561325,-0.2504,0.4796,0.2550,2.9907,5.3711,-18.7378,0.5981,,
DATA,A001,9,78,561335,-0.2384,0.4476,0.3216,3.6011,-1.9531,-25.2075,0.6005,,
DATA,A001,9,79,561345,-0.2416,0.4246,0.3707,2.3804,-6.1035,-29.7852,0.6133,,
DATA,A001,9,80,561355,-0.2396,0.3975,0.3849,-6.1035,-10.9253,-36.2549,0.6030,,
DATA,A001,9,81,561365,-0.2276,0.3836,0.3680,-9.0942,-12.6343,-38.3911,0.5783,,
DATA,A001,9,82,561375,-0.1944,0.4068,0.3568,-5.2490,-10.8032,-37.7197,0.5750,,
DATA,A001,9,83,561385,-0.1671,0.4568,0.3661,2.0752,-7.8735,-34.7290,0.6088,,
DATA,A001,9,84,561395,-0.1363,0.5931,0.3478,12.5122,-2.8687,-25.9399,0.7009,,
DATA,A001,9,85,561405,-0.1393,0.7083,0.3680,19.3481,0.6714,-17.2729,0.8103,,
DATA,A001,9,86,561415,-0.1590,0.9185,0.4244,28.2593,10.1318,-2.1362,1.0243,,
DATA,A001,9,87,561425,-0.1781,1.0577,0.4725,29.6021,20.0806,6.2866,1.1720,,
DATA,A001,9,88,561435,-0.1373,1.2359,0.5507,20.0195,49.0112,15.9912,1.3600,,
DATA,A001,9,89,561445,-0.1039,1.3126,0.3754,1.2207,90.3320,19.8975,1.3691,,
DATA,A001,9,90,561455,-0.0126,1.2982,0.1195,-23.6206,179.1382,22.8882,1.3037,,
DATA,A001,9,91,561465,-0.0211,1.2510,0.0067,-29.5410,233.2153,32.9590,1.2512,,
DATA,A001,9,92,561475,-0.2833,1.1880,-0.1198,-23.6816,301.5137,46.5698,1.2272,,
DATA,A001,9,93,561485,-0.5155,1.1732,-0.1244,-13.3667,329.5288,48.2178,1.2874,,
DATA,A001,9,94,561495,-0.7914,1.1778,-0.0167,-0.6104,339.7827,41.0767,1.4191,,
DATA,A001,9,95,561505,-0.8829,1.1595,0.0699,-1.2207,331.3599,32.4707,1.4591,,
DATA,A001,9,96,561515,-0.9144,1.0577,0.1688,-12.0850,303.1006,19.7754,1.4083,,
DATA,A001,9,97,561525,-0.9112,1.0357,0.1698,-17.2119,277.0996,10.3760,1.3899,,
DATA,A001,9,98,561535,-0.9173,1.2728,0.0226,2.8687,229.3091,-7.9346,1.5691,,
DATA,A001,9,99,561545,-0.9681,1.5709,-0.1583,31.2500,178.8330,-21.7285,1.8520,,
DATA,A001,9,100,561555,-1.0724,1.9290,-0.2367,51.1475,83.6792,-34.6069,2.2197,,
DATA,A001,9,101,561565,-1.0777,1.9056,-0.1771,32.7148,14.4043,-43.5181,2.1964,,
DATA,A001,9,102,561575,-0.9684,1.3931,-0.1005,-5.4321,-78.7354,-59.3872,1.6996,,
DATA,A001,9,103,561585,-0.8634,1.0313,-0.1049,-3.8452,-123.8403,-77.2705,1.3491,,
DATA,A001,9,104,561595,-0.6835,0.8228,-0.1322,38.0249,-167.2363,-113.5864,1.0778,,
DATA,A001,9,105,561605,-0.5646,0.8709,-0.1144,67.3218,-182.9834,-133.9111,1.0442,,
DATA,A001,9,106,561615,-0.4115,1.0545,-0.0524,86.4868,-192.3828,-150.5737,1.1332,,
DATA,A001,9,107,561625,-0.3348,1.1373,0.0113,83.1299,-192.0776,-154.0527,1.1856,,
DATA,A001,9,108,561635,-0.2872,1.1605,0.1334,63.4766,-180.9082,-155.7617,1.2029,,
DATA,A001,9,109,561645,-0.2958,1.0975,0.1615,43.2129,-163.7573,-160.2783,1.1480,,
DATA,A001,9,110,561655,-0.3790,0.9346,0.0787,11.2305,-128.2349,-167.7246,1.0116,,
DATA,A001,9,111,561665,-0.4840,0.8140,-0.0294,-1.7700,-106.7505,-168.9453,0.9475,,
DATA,A001,9,112,561675,-0.6693,0.6954,-0.1161,0.3052,-90.6982,-170.2881,0.9721,,
DATA,A001,9,113,561685,-0.7889,0.7003,-0.1019,13.0005,-94.3604,-174.4995,1.0598,,
DATA,A001,9,114,561695,-0.8326,0.7896,-0.0245,29.0527,-104.4312,-183.7769,1.1478,,
DATA,A001,9,115,561705,-0.7630,1.0460,0.0983,40.3442,-127.8687,-197.8149,1.2984,,
DATA,A001,9,116,561715,-0.6319,1.1915,0.0875,29.2358,-144.6533,-204.7119,1.3515,,
DATA,A001,9,117,561725,-0.3807,1.2437,0.0870,-5.4932,-154.4800,-214.1724,1.3036,,
DATA,A001,9,118,561735,-0.2228,1.1841,0.1066,-26.3672,-144.8975,-221.3745,1.2096,,
DATA,A001,9,119,561745,-0.0953,1.0567,0.1114,-43.3960,-114.2578,-235.5957,1.0668,,
DATA,A001,9,120,561755,-0.0704,0.9981,0.1053,-44.0063,-86.9751,-243.8354,1.0061,,
DATA,A001,9,121,561765,-0.1105,0.9879,0.1127,-34.6680,-51.4526,-251.0986,1.0004,,
DATA,A001,9,122,561775,-0.1534,1.0235,0.1251,-27.4658,-35.8276,-253.2959,1.0425,,
DATA,A001,9,123,561785,-0.2008,1.1226,0.1290,-22.2168,-26.2451,-253.4790,1.1477,,
DATA,A001,9,124,561795,-0.2176,1.2032,0.1080,-20.9961,-24.8413,-251.1597,1.2275,,
DATA,A001,9,125,561805,-0.2140,1.3499,0.0592,-16.3574,-21.2402,-241.8823,1.3680,,
DATA,A001,9,126,561815,-0.1988,1.4676,0.0292,-10.4980,-16.9678,-232.1777,1.4813,,
DATA,A001,9,127,561825,-0.1759,1.6287,0.0023,-7.8125,-10.2539,-214.0503,1.6382,,
DATA,A001,9,128,561835,-0.1500,1.6783,-0.0148,-13.1226,-5.6763,-199.7681,1.6850,,
DATA,A001,9,129,561845,-0.0914,1.6382,-0.0245,-30.8838,-3.7231,-174.3774,1.6410,,
DATA,A001,9,130,561855,-0.0382,1.5377,-0.0446,-43.0908,-2.7466,-155.2124,1.5388,,
DATA,A001,9,131,561865,0.0136,1.3709,-0.0590,-51.0864,3.6621,-123.4131,1.3722,,
DATA,A001,9,132,561875,0.0167,1.2837,-0.0651,-49.0112,11.6577,-100.0977,1.2855,,
DATA,A001,9,133,561885,-0.0167,1.1832,-0.0460,-43.7622,26.3062,-65.7349,1.1842,,
DATA,A001,9,134,561895,-0.0699,1.1209,-0.0136,-42.9688,33.7524,-43.3960,1.1232,,
DATA,A001,9,135,561905,-0.1507,1.0372,0.0372,-45.7764,40.3442,-11.9019,1.0487,,
DATA,A001,9,136,561915,-0.1788,0.9759,0.0758,-46.6309,41.7480,6.5918,0.9950,,
DATA,A001,9,137,561925,-0.1827,0.8975,0.1522,-47.3022,42.2363,31.0059,0.9285,,
DATA,A001,9,138,561935,-0.1659,0.8807,0.1446,-47.3633,47.3022,46.8140,0.9078,,
DATA,A001,9,139,561945,-0.1144,0.8668,0.0641,-42.5415,56.8848,64.2700,0.8766,,
DATA,A001,9,140,561955,-0.0863,0.8135,0.0257,-42.1143,64.6973,72.1436,0.8185,,
DATA,A001,9,141,561965,-0.0934,0.6407,0.0262,-48.3398,71.7773,80.9937,0.6480,,
DATA,A001,9,142,561975,-0.1144,0.5193,0.0323,-49.6216,73.5474,86.1816,0.5328,,
DATA,A001,9,143,561985,-0.1495,0.3968,0.0428,-38.3301,71.0449,94.4214,0.4262,,
DATA,A001,9,144,561995,-0.1639,0.3912,0.0372,-21.9116,67.3218,102.9663,0.4258,,
DATA,A001,9,145,562005,-0.1620,0.4920,0.0143,6.8359,62.5000,119.2627,0.5182,,
DATA,A001,9,146,562015,-0.1505,0.6028,0.0077,21.4233,61.4014,130.7373,0.6214,,
DATA,A001,9,147,562025,-0.1434,0.7108,0.0152,28.8696,64.1479,142.2729,0.7252,,
DATA,A001,9,148,562035,-0.1578,0.8401,0.0145,30.2734,71.1060,162.4756,0.8550,,
DATA,A001,9,149,562045,-0.1803,0.9105,0.0240,30.7007,76.2939,178.0396,0.9284,,
DATA,A001,9,150,562055,-0.2213,1.0030,0.0524,34.4849,86.1816,200.8667,1.0284,,
DATA,A001,9,151,562065,-0.2650,1.0650,0.0729,35.8276,93.3838,214.3555,1.0999,,
DATA,A001,9,152,562075,-0.3404,1.1299,0.1195,30.4565,100.8301,231.9336,1.1861,,
DATA,A001,9,153,562085,-0.3929,1.1214,0.1432,21.8506,99.2432,240.9668,1.1968,,
DATA,A001,9,154,562095,-0.4393,1.0296,0.1774,5.0659,86.6089,248.5962,1.1334,,
DATA,A001,9,155,562105,-0.4584,0.9402,0.1979,-4.3335,73.1201,249.5728,1.0646,,
DATA,A001,9,156,562115,-0.4513,0.8123,0.2142,-10.5591,48.5229,245.3613,0.9536,,
DATA,A001,9,157,562125,-0.4366,0.7549,0.2074,-10.5591,34.2407,240.1123,0.8964,,
DATA,A001,9,158,562135,-0.4596,0.7857,0.1341,-4.8218,18.1274,235.5957,0.9201,,
DATA,A001,9,159,562145,-0.5260,0.8838,0.0861,3.8452,17.0288,234.6802,1.0321,,
DATA,A001,9,160,562155,-0.5516,1.0987,0.1219,19.9585,29.9072,230.5298,1.2354,,
DATA,A001,9,161,562165,-0.5067,1.2676,0.2042,22.0947,30.1514,228.8208,1.3803,,
DATA,A001,9,162,562175,-0.4322,1.4346,0.2189,-0.8545,18.4326,225.2197,1.5142,,
DATA,A001,9,163,562185,-0.3309,1.3973,0.1166,-29.6631,18.4326,216.6748,1.4407,,
DATA,A001,9,164,562195,-0.2604,1.1524,-0.1234,-61.6455,47.7295,203.1860,1.1879,,
DATA,A001,9,165,562205,-0.3024,0.9651,-0.2174,-59.3262,91.3086,193.7866,1.0345,,
DATA,A001,9,166,562215,-0.5101,0.7964,-0.1183,-13.4277,169.3115,173.2178,0.9532,,
DATA,A001,9,167,562225,-0.7694,0.8541,0.1283,29.7241,206.6040,154.8462,1.1567,,
DATA,A001,9,168,562235,-1.2150,1.2032,0.4820,69.9463,226.4404,122.3145,1.7765,,
DATA,A001,9,169,562245,-1.4562,1.4608,0.5165,59.9976,206.3599,98.4497,2.1263,,
DATA,A001,9,170,562255,-1.5260,1.5728,0.4059,22.2168,155.1514,69.4580,2.2287,,
DATA,A001,9,171,562265,-1.3973,1.4720,0.2782,3.7842,129.6997,54.1382,2.0486,,
DATA,A001,9,172,562275,-1.2218,1.2352,0.1488,-3.8452,123.9014,38.3911,1.7437,,
DATA,A001,9,173,562285,-1.2110,1.1011,0.0934,0.4272,136.9019,31.1890,1.6395,,
DATA,A001,9,174,562295,-1.3453,0.9752,0.1183,15.3809,154.0527,19.2871,1.6658,,
DATA,A001,9,175,562305,-1.4811,0.9424,0.2140,25.2075,149.6582,8.6060,1.7685,,
DATA,A001,9,176,562315,-1.6332,1.1016,0.1354,36.4990,111.8164,-14.2822,1.9746,,
DATA,A001,9,177,562325,-1.5489,1.2796,-0.0267,44.1895,69.5190,-39.9170,2.0093,,
DATA,A001,9,178,562335,-1.2967,1.4817,-0.1727,44.4336,17.0898,-69.6411,1.9766,,
DATA,A001,9,179,562345,-1.1627,1.4144,-0.1244,24.7803,-4.3945,-81.2378,1.8352,,
DATA,A001,9,180,562355,-1.0680,1.0975,-0.0577,-12.2070,-26.1841,-102.2339,1.5324,,
DATA,A001,9,181,562365,-1.0533,0.9066,-0.0971,-14.0381,-45.1050,-122.8638,1.3931,,
DATA,A001,9,182,562375,-0.9984,0.9044,-0.2028,20.5078,-81.4209,-155.0293,1.3623,,
DATA,A001,9,183,562385,-0.9371,1.0806,-0.2470,43.6401,-104.0039,-171.6919,1.4515,,
DATA,A001,9,184,562395,-0.8524,1.2776,-0.2645,52.7954,-116.9434,-185.1196,1.5585,,
DATA,A001,9,185,562405,-0.7162,1.4774,-0.2621,43.2129,-123.3521,-201.4160,1.6626,,
DATA,A001,9,186,562415,-0.6549,1.5259,-0.2589,33.3252,-123.1689,-210.5103,1.6806,,
DATA,A001,9,187,562425,-0.5526,1.4949,-0.1998,22.6440,-117.3706,-226.3794,1.6063,,
DATA,A001,9,188,562435,-0.4842,1.4322,-0.1422,17.6392,-112.7319,-236.8164,1.5185,,
DATA,A001,9,189,562445,-0.4220,1.2867,-0.0536,11.9629,-106.0791,-252.8687,1.3552,,
DATA,A001,9,190,562455,-0.3988,1.1861,0.0043,11.8408,-100.8301,-263.6108,1.2513,,
DATA,A001,9,191,562465,-0.4027,1.0838,0.0914,16.7847,-95.5200,-278.9307,1.1598,,
DATA,A001,9,192,562475,-0.4161,1.0562,0.1298,21.9116,-95.6421,-286.7432,1.1426,,
DATA,A001,9,193,562485,-0.4620,1.0591,0.1598,28.1372,-103.7598,-296.0815,1.1665,,
DATA,A001,9,194,562495,-0.4664,1.0962,0.1590,31.6162,-112.1216,-302.7344,1.2019,,
DATA,A001,9,195,562505,-0.4659,1.2042,0.1017,37.5366,-125.7935,-312.1338,1.2952,,
DATA,A001,9,196,562515,-0.4383,1.3126,0.0389,40.9546,-132.6294,-317.0776,1.3844,,
DATA,A001,9,197,562525,-0.3783,1.4944,-0.0482,44.2505,-133.3008,-320.7397,1.5423,,
DATA,A001,9,198,562535,-0.3338,1.5938,-0.1124,41.9312,-129.9438,-318.2983,1.6323,,
DATA,A001,9,199,562545,-0.2518,1.7198,-0.1588,38.5742,-123.3521,-308.4717,1.7454,,
DATA,A001,9,200,562555,-0.1886,1.7930,-0.1625,37.3535,-119.6899,-299.6216,1.8102,,
DATA,A001,9,201,562565,-0.0946,1.8426,-0.1251,29.2969,-115.5396,-282.7759,1.8493,,
DATA,A001,9,202,562575,-0.0519,1.8062,-0.0936,16.8457,-111.2061,-268.2495,1.8094,,
DATA,A001,9,203,562585,0.0436,1.6397,-0.0812,-7.3242,-103.5767,-240.9668,1.6423,,
DATA,A001,9,204,562595,0.1334,1.4947,-0.0931,-18.5547,-94.6655,-219.4824,1.5035,,
DATA,A001,9,205,562605,0.2409,1.2747,-0.1281,-27.7100,-73.5474,-187.1338,1.3036,,
DATA,A001,9,206,562615,0.3063,1.1392,-0.1535,-27.8320,-53.7109,-164.0015,1.1896,,
DATA,A001,9,207,562625,0.3988,0.9896,-0.1473,-18.5547,-20.1416,-126.8311,1.0770,,
DATA,A001,9,208,562635,0.4459,0.9275,-0.1422,-9.5215,5.5542,-101.2573,1.0390,,
DATA,A001,9,209,562645,0.4445,0.8726,-0.0868,1.2817,39.6118,-62.1948,0.9831,,
DATA,A001,9,210,562655,0.3805,0.8472,-0.0206,4.3335,55.8472,-36.2549,0.9290,,
DATA,A001,9,211,562665,0.3082,0.7989,0.1056,3.0518,66.5894,-2.0142,0.8628,,
DATA,A001,9,212,562675,0.3351,0.7696,0.2003,-1.0376,64.8193,17.3950,0.8629,,
DATA,A001,9,213,562685,0.4662,0.7850,0.1412,-13.0005,64.1479,48.9502,0.9238,,
DATA,A001,9,214,562695,0.6212,0.7894,-0.0209,-18.2495,73.6084,65.6128,1.0047,,
DATA,A001,9,215,562705,0.7953,0.7584,-0.1347,-15.3198,102.4170,88.9282,1.1071,,
DATA,A001,9,216,562715,0.8222,0.7618,-0.1891,-3.1128,124.0845,109.9854,1.1367,,
DATA,A001,9,217,562725,0.7445,0.7811,-0.2313,12.4512,144.7144,134.3384,1.1036,,
DATA,A001,9,218,562735,0.4689,0.9234,-0.1666,44.8608,160.8887,174.8657,1.0489,,
DATA,A001,9,219,562745,0.2543,1.0792,-0.0592,63.5986,157.5317,201.5381,1.1103,,
DATA,A001,9,220,562755,-0.0177,1.3057,0.0875,69.2139,134.1553,241.7603,1.3088,,
DATA,A001,9,221,562765,-0.1412,1.3941,0.1688,60.8521,107.9102,269.2871,1.4114,,
DATA,A001,9,222,562775,-0.2679,1.4402,0.2357,51.2085,66.4673,307.4341,1.4838,,
DATA,A001,9,223,562785,-0.3441,1.4512,0.2718,54.8096,39.3066,328.1860,1.5160,,
DATA,A001,9,224,562795,-0.4667,1.5057,0.3666,67.9321,4.8828,351.9897,1.6184,,
DATA,A001,9,225,562805,-0.5157,1.5457,0.3314,69.1528,-13.7939,361.5112,1.6628,,
DATA,A001,9,226,562815,-0.5135,1.4820,0.2496,54.8096,-35.9497,367.9810,1.5882,,
DATA,A001,9,227,562825,-0.4237,1.4061,0.2272,44.6777,-34.7290,365.0513,1.4860,,
DATA,A001,9,228,562835,-0.2892,1.2840,0.0482,37.8418,-6.8970,352.2339,1.3170,,
DATA,A001,9,229,562845,-0.2377,1.1946,-0.0790,41.3818,18.7988,346.2524,1.2206,,
DATA,A001,9,230,562855,-0.2692,1.1373,-0.0736,61.4014,44.3726,337.2192,1.1710,,
DATA,A001,9,231,562865,-0.4244,1.2186,-0.0053,77.1484,47.3022,329.1626,1.2904,,
DATA,A001,9,232,562875,-0.7257,1.4026,0.1175,85.9375,23.1323,312.1338,1.5836,,
DATA,A001,9,233,562885,-0.8319,1.4564,0.2137,71.9604,-4.1504,294.6167,1.6908,,
DATA,A001,9,234,562895,-0.7882,1.3289,0.2809,29.1138,-44.4946,259.6436,1.5704,,
DATA,A001,9,235,562905,-0.6393,1.1519,0.2521,4.0894,-59.3872,232.6660,1.3413,,
DATA,A001,9,236,562915,-0.4068,0.9583,0.1412,-4.7607,-42.2974,194.4580,1.0506,,
DATA,A001,9,237,562925,-0.3378,0.9068,0.0172,6.7749,-19.0430,176.1475,0.9678,,
DATA,A001,9,238,562935,-0.4281,0.9866,0.0248,42.6636,30.4565,160.4614,1.0758,,
DATA,A001,9,239,562945,-0.5843,1.1822,0.1161,69.6411,59.9976,149.5361,1.3238,,
DATA,A001,9,240,562955,-0.8883,1.5721,0.2982,89.5386,91.4307,136.3525,1.8301,,
DATA,A001,9,241,562965,-1.0526,1.8177,0.4007,81.9092,94.9707,131.1646,2.1384,,
DATA,A001,9,242,562975,-1.2181,1.9876,0.4547,44.0063,88.8062,122.0093,2.3751,,
DATA,A001,9,243,562985,-1.2030,1.9061,0.4296,11.1084,83.2520,112.7319,2.2945,,
DATA,A001,9,244,562995,-1.1368,1.5584,0.2801,-23.3765,79.7729,101.5015,1.9492,,
DATA,A001,9,245,563005,-1.1273,1.3387,0.2298,-25.2686,87.9517,89.1724,1.7651,,
DATA,A001,9,246,563015,-1.1964,1.1534,0.2667,-5.9814,103.4546,60.9131,1.6831,,
DATA,A001,9,247,563025,-1.2694,1.0787,0.3617,6.8359,107.9102,41.1987,1.7046,,
DATA,A001,9,248,563035,-1.3859,0.9385,0.5323,10.6812,92.8345,10.9253,1.7564,,
DATA,A001,9,249,563045,-1.4327,0.9151,0.5597,7.0801,70.4346,-10.8643,1.7898,,
DATA,A001,9,250,563055,-1.4242,1.0460,0.3341,6.4697,38.6963,-43.6401,1.7983,,
DATA,A001,9,251,563065,-1.2572,1.2486,0.0939,19.7144,-12.0239,-86.9141,1.7744,,
DATA,A001,9,252,563075,-1.1070,1.2745,0.0799,12.3291,-33.7524,-98.8159,1.6900,,
DATA,A001,9,253,563085,-0.9813,1.1214,-0.0050,-30.6396,-54.1992,-114.6851,1.4901,,
DATA,A001,9,254,563095,-0.9503,1.0440,-0.1456,-40.8936,-65.0024,-135.3760,1.4192,,
DATA,A001,9,255,563105,-0.8585,1.1971,-0.2833,-4.6387,-71.7773,-169.2505,1.5001,,
DATA,A001,9,256,563115,-0.7447,1.4825,-0.2658,23.9868,-65.0635,-186.3403,1.6802,,
DATA,A001,9,257,563125,-0.5880,1.9310,-0.2116,25.4517,-46.7529,-206.7261,2.0296,,
DATA,A001,9,258,563135,-0.5277,2.0496,-0.2208,-1.4038,-32.8369,-216.6138,2.1279,,
DATA,A001,9,259,563145,-0.4398,1.8868,-0.2396,-40.8325,-11.6577,-225.7080,1.9521,,
DATA,A001,9,260,563155,-0.3624,1.6819,-0.2462,-48.8892,4.3335,-234.8022,1.7381,,
DATA,A001,9,261,563165,-0.2728,1.4358,-0.1295,-35.4614,40.7104,-253.4180,1.4673,,
DATA,A001,9,262,563175,-0.2613,1.3362,-0.0431,-23.5596,64.8804,-266.8457,1.3622,,
DATA,A001,9,263,563185,-0.2980,1.1998,-0.0067,-13.9160,94.4824,-281.7383,1.2362,,
DATA,A001,9,264,563195,-0.3500,1.0992,0.0428,-7.8125,100.4639,-288.8184,1.1543,,
DATA,A001,9,265,563205,-0.3807,0.9796,0.0712,3.8452,96.3745,-297.8516,1.0533,,
DATA,A001,9,266,563215,-0.3819,0.9105,0.0629,11.0474,88.9893,-303.2837,0.9893,,
DATA,A001,9,267,563225,-0.3995,0.8360,0.0704,23.5596,71.2280,-308.4106,0.9292,,
DATA,A001,9,268,563235,-0.3956,0.8174,0.0519,32.7148,60.8521,-311.0962,0.9096,,
DATA,A001,9,269,563245,-0.3978,0.8138,-0.0082,46.0205,44.7998,-314.2700,0.9058,,
DATA,A001,9,270,563255,-0.4027,0.8309,-0.0678,53.1006,30.3345,-313.9648,0.9258,,
DATA,A001,9,271,563265,-0.3846,0.8946,-0.1083,65.6128,9.9487,-313.0493,0.9798,,
DATA,A001,9,272,563275,-0.3729,0.9871,-0.1185,75.1953,-6.3477,-311.1572,1.0618,,
DATA,A001,9,273,563285,-0.3641,1.1993,-0.1593,88.6230,-24.4141,-305.0537,1.2634,,
DATA,A001,9,274,563295,-0.3651,1.3929,-0.1762,96.1914,-32.4707,-300.2930,1.4507,,
DATA,A001,9,275,563305,-0.3624,1.8150,-0.1766,109.5581,-38.8184,-288.5132,1.8592,,
DATA,A001,9,276,563315,-0.3502,2.1370,-0.1986,111.9385,-44.9219,-277.0386,2.1746,,
DATA,A001,9,277,563325,-0.2687,2.4542,-0.2396,85.0220,-60.0586,-254.8828,2.4804,,
DATA,A001,9,278,563335,-0.1395,2.4505,-0.2135,49.4995,-75.7446,-236.0229,2.4637,,
DATA,A001,9,279,563345,0.1893,2.1683,-0.2142,-5.4932,-91.6138,-203.5522,2.1870,,
DATA,A001,9,280,563355,0.4567,1.9153,-0.2211,-26.4893,-93.6279,-179.8096,1.9814,,
DATA,A001,9,281,563365,0.8070,1.5555,-0.2120,-37.4146,-86.3647,-136.0474,1.7652,,
DATA,A001,9,282,563375,0.9049,1.3428,-0.1913,-39.6118,-74.0356,-104.0649,1.6305,,
DATA,A001,9,283,563385,0.8744,1.0379,-0.1989,-45.1660,-41.2598,-62.8052,1.3716,,
DATA,A001,9,284,563395,0.8229,0.8482,-0.1688,-47.2412,-14.2822,-37.5366,1.1938,,
DATA,A001,9,285,563405,0.7709,0.6363,-0.0753,-40.0391,6.6528,-3.7231,1.0024,,
DATA,A001,9,286,563415,0.8070,0.5584,0.0702,-26.0010,5.5542,17.5781,0.9839,,
DATA,A001,9,287,563425,0.9454,0.6129,0.0641,-8.4229,7.7515,45.0439,1.1285,,
DATA,A001,9,288,563435,1.1134,0.8538,-0.1908,9.8267,17.0898,94.4214,1.4160,,
DATA,A001,9,289,563445,1.1290,0.9539,-0.2404,19.8975,26.6113,120.6055,1.4975,,
DATA,A001,9,290,563455,0.9310,0.9820,-0.2570,20.4468,37.4146,162.9639,1.3774,,
DATA,A001,9,291,563465,0.6686,0.9803,-0.2570,20.2026,36.7432,192.9321,1.2141,,
DATA,A001,9,292,563475,0.3244,1.1153,-0.0983,42.5415,16.7236,234.3140,1.1657,,
DATA,A001,9,293,563485,0.1691,1.3316,0.0416,65.1245,3.7842,261.1694,1.3429,,
DATA,A001,9,294,563495,0.0062,1.6988,0.2252,80.3223,-10.8032,296.3867,1.7137,,
DATA,A001,9,295,563505,-0.0580,1.8768,0.2909,71.5332,-8.7891,313.9648,1.9001,,
DATA,A001,9,296,563515,-0.1359,1.9568,0.2755,41.3818,10.3760,332.3975,1.9808,,
DATA,A001,9,297,563525,-0.1666,1.9185,0.2152,23.6816,25.7568,344.4824,1.9377,,
DATA,A001,9,298,563535,-0.1893,1.8641,0.0680,10.1929,40.4663,365.5396,1.8749,,
DATA,A001,9,299,563545,-0.2203,1.8658,-0.0543,6.3477,41.4429,377.8076,1.8795,,
DATA,A001,9,300,563555,-0.3082,1.8787,-0.1635,-2.3193,41.3818,384.0332,1.9108,,
DATA,A001,9,301,563565,-0.4105,1.8448,-0.1417,-11.1694,48.8892,377.5635,1.8952,,
DATA,A001,9,302,563575,-0.5975,1.6536,0.0270,-24.1699,88.2568,353.4546,1.7585,,
DATA,A001,9,303,563585,-0.7316,1.4642,0.1503,-27.4048,125.7935,333.6792,1.6436,,
DATA,A001,9,304,563595,-0.9310,1.1719,0.2189,-26.6113,178.0396,296.9971,1.5127,,
DATA,A001,9,305,563605,-1.0380,0.9844,0.2277,-23.3154,194.3970,266.2354,1.4485,,
DATA,A001,9,306,563615,-1.1022,0.7935,0.2726,-15.4419,192.1997,220.2148,1.3852,,
DATA,A001,9,307,563625,-1.1615,0.7867,0.3236,-3.6621,163.0859,195.1904,1.4397,,
DATA,A001,9,308,563635,-1.2923,0.9986,0.3297,20.8130,84.4116,167.5415,1.6661,,
DATA,A001,9,309,563645,-1.3656,1.2042,0.3019,30.6396,16.2354,154.4800,1.8455,,
DATA,A001,9,310,563655,-1.3605,1.4097,0.2018,19.6533,-75.1953,133.7280,1.9695,,
DATA,A001,9,311,563665,-1.2933,1.4100,0.1832,2.5635,-106.4453,119.0796,1.9220,,
DATA,A001,9,312,563675,-1.1822,1.2413,0.2054,-20.4468,-97.5952,99.6094,1.7265,,
DATA,A001,9,313,563685,-1.1344,1.0684,0.1947,-31.6772,-65.6738,86.3647,1.5704,,
DATA,A001,9,314,563695,-1.0533,0.8128,0.1097,-42.4194,-11.8408,60.2417,1.3350,,
DATA,A001,9,315,563705,-0.9947,0.6963,0.0375,-38.8184,21.6064,41.9312,1.2148,,
DATA,A001,9,316,563715,-0.9134,0.7210,-0.0299,-9.5215,71.9604,15.1367,1.1641,,
DATA,A001,9,317,563725,-0.9242,0.8746,-0.0746,15.0757,108.5815,-4.5166,1.2746,,
DATA,A001,9,318,563735,-0.9808,1.0694,-0.0848,32.4097,145.1416,-23.9258,1.4536,,
DATA,A001,9,319,563745,-1.1063,1.2808,-0.0861,33.3252,183.6548,-51.0864,1.6946,,
DATA,A001,9,320,563755,-1.2091,1.2950,-0.0956,22.8271,190.9180,-67.3218,1.7743,,
DATA,A001,9,321,563765,-1.3199,1.1336,-0.1312,11.1084,160.8276,-87.0361,1.7448,,
DATA,A001,9,322,563775,-1.3446,0.8970,-0.0328,17.7002,101.1963,-102.8442,1.6167,,
DATA,A001,9,323,563785,-1.3358,0.8834,0.0438,33.4473,53.6499,-115.3564,1.6021,,
DATA,A001,9,324,563795,-1.2916,1.0652,-0.0033,59.8145,8.1177,-133.6060,1.6742,,
DATA,A001,9,325,563805,-1.0841,1.4222,-0.1840,87.4023,-54.2603,-156.1890,1.7977,,
DATA,A001,9,326,563815,-0.9081,1.5135,-0.1935,75.6836,-78.5522,-162.7197,1.7756,,
DATA,A001,9,327,563825,-0.7150,1.3524,-0.1727,33.8135,-99.8535,-167.6025,1.5394,,
DATA,A001,9,328,563835,-0.6993,1.1868,-0.1915,24.5972,-109.3140,-172.2412,1.3908,,
DATA,A001,9,329,563845,-0.7530,1.1858,-0.2015,60.3027,-111.5112,-183.9600,1.4191,,
DATA,A001,9,330,563855,-0.7740,1.4122,-0.1522,93.5059,-105.2246,-193.1763,1.6176,,
DATA,A001,9,331,563865,-0.8148,1.8729,-0.0836,111.6333,-89.4165,-204.2236,2.0441,,
DATA,A001,9,332,563875,-0.8243,2.1075,-0.1268,96.6797,-83.0078,-210.8765,2.2665,,
DATA,A001,9,333,563885,-0.7455,2.1719,-0.1859,53.2227,-77.0264,-218.4448,2.3038,,
DATA,A001,9,334,563895,-0.7042,1.9849,-0.2282,23.4985,-78.6743,-222.9004,2.1185,,
DATA,A001,9,335,563905,-0.7113,1.5567,-0.2113,-1.0986,-82.2144,-232.6050,1.7245,,
DATA,A001,9,336,563915,-0.6935,1.3025,-0.1334,-4.5776,-87.9517,-250.0000,1.4817,,
DATA,A001,9,337,563925,-0.4955,1.1299,-0.1293,13.0615,-108.4595,-278.8086,1.2406,,
DATA,A001,9,338,563935,-0.3822,1.0577,0.1346,6.3477,-85.8154,-285.8887,1.1326,,
DATA,A001,9,339,563945,-0.3478,0.9820,0.1979,9.4604,-34.7900,-298.1567,1.0604,,
DATA,A001,9,340,563955,-0.4703,0.9415,0.2123,21.4844,-17.7612,-303.7109,1.0736,,
DATA,A001,9,341,563965,-0.5692,0.9395,0.2650,31.3110,-10.3760,-311.5845,1.1300,,
DATA,A001,9,342,563975,-0.5697,0.9600,0.2450,28.8086,-19.2871,-319.2139,1.1429,,
DATA,A001,9,343,563985,-0.5118,0.9847,0.1210,17.5781,-45.1050,-320.6177,1.1163,,
DATA,A001,9,344,563995,-0.4127,1.0057,0.0548,13.7329,-54.9927,-318.6035,1.0884,,
DATA,A001,9,345,564005,-0.2860,1.0950,0.0172,18.9209,-49.9878,-314.9414,1.1319,,
DATA,A001,9,346,564015,-0.2313,1.1929,-0.0099,25.2686,-37.5366,-309.4482,1.2152,,
DATA,A001,9,347,564025,-0.2079,1.3265,-0.0048,26.8555,-12.6953,-296.5088,1.3427,,
DATA,A001,9,348,564035,-0.2291,1.3807,0.0160,19.5923,-0.6714,-286.3159,1.3996,,
DATA,A001,9,349,564045,-0.2933,1.4205,0.0077,7.2021,5.4321,-266.9678,1.4505,,
DATA,A001,9,350,564055,-0.3299,1.4376,-0.0033,3.4180,-1.0986,-252.8076,1.4749,,
DATA,A001,9,351,564065,-0.3255,1.4869,0.0018,1.8921,-21.1182,-229.9194,1.5221,,
DATA,A001,9,352,564075,-0.2750,1.5462,0.0162,-0.6104,-35.2173,-212.8906,1.5706,,
DATA,A001,9,353,564085,-0.1866,1.6033,0.0121,-6.8970,-48.1567,-193.6646,1.6142,,
DATA,A001,9,354,564095,0.0624,1.6407,-0.0480,-22.5220,-54.6875,-165.4053,1.6426,,
DATA,A001,9,355,564105,0.2916,1.5848,-0.0783,-33.3862,-52.6123,-144.4702,1.6133,,
DATA,A001,9,356,564115,0.5766,1.3604,-0.1083,-53.2837,-40.4053,-109.8633,1.4815,,
DATA,A001,9,357,564125,0.6881,1.1509,-0.0917,-66.6504,-28.9917,-88.3179,1.3441,,
DATA,A001,9,358,564135,0.7470,0.8406,-0.0429,-77.1484,-7.0801,-60.4858,1.1254,,
DATA,A001,9,359,564145,0.7391,0.6641,-0.0023,-77.1484,9.7656,-43.3960,0.9937,,
DATA,A001,9,360,564155,0.7709,0.5750,0.0528,-63.1104,37.4146,-11.7188,0.9632,,
DATA,A001,9,361,564165,0.7946,0.6861,-0.0241,-46.6919,62.6831,17.5781,1.0501,,
DATA,A001,9,362,564175,0.8185,0.9337,-0.1119,-21.7896,96.5576,55.1147,1.2467,,
DATA,A001,9,363,564185,0.7772,1.0460,-0.0839,-20.6909,111.8774,81.7871,1.3058,,
DATA,A001,9,364,564195,0.5785,1.1221,-0.0819,-41.6260,128.7231,129.0894,1.2651,,
DATA,A001,9,365,564205,0.3981,1.1653,-0.1300,-45.9595,135.4370,161.5601,1.2383,,
DATA,A001,9,366,564215,0.1347,1.3213,-0.1093,-31.6162,134.5825,207.6416,1.3327,,
DATA,A001,9,367,564225,-0.0050,1.4837,-0.0497,-22.7051,127.3193,239.3799,1.4845,,
DATA,A001,9,368,564235,-0.1952,1.7205,-0.0236,-30.6396,106.0181,287.7197,1.7317,,
DATA,A001,9,369,564245,-0.2963,1.8172,-0.0226,-44.3726,84.9609,317.3218,1.8413,,
DATA,A001,9,370,564255,-0.3939,1.8650,-0.0158,-58.9600,55.4810,356.3232,1.9063,,
DATA,A001,9,371,564265,-0.4169,1.8699,0.0131,-61.8286,36.1328,378.7231,1.9159,,
DATA,A001,9,372,564275,-0.4379,1.8570,0.0765,-64.2700,13.1226,409.1187,1.9094,,
DATA,A001,9,373,564285,-0.4540,1.8414,0.1278,-67.1387,-0.5493,424.4995,1.9008,,
DATA,A001,9,374,564295,-0.4842,1.8099,0.1976,-73.1201,-20.9351,439.5142,1.8839,,
DATA,A001,9,375,564305,-0.5167,1.7833,0.2325,-76.9653,-34.0576,444.2749,1.8711,,
DATA,A001,9,376,564315,-0.5482,1.7154,0.2660,-79.9561,-48.2788,440.5518,1.8204,,
DATA,A001,9,377,564325,-0.5292,1.6402,0.2667,-79.4067,-47.9126,432.8613,1.7440,,
DATA,A001,9,378,564335,-0.4305,1.4861,0.2521,-73.9746,-31.0059,416.4429,1.5676,,
DATA,A001,9,379,564345,-0.3336,1.3912,0.1991,-66.5894,-8.6060,404.7852,1.4444,,
DATA,A001,9,380,564355,-0.2213,1.3038,0.0580,-54.9316,41.5039,386.6577,1.3237,,
DATA,A001,9,401,564565,-1.0995,1.9163,0.1166,154.1138,16.3574,-168.7012,2.2124,,
DATA,A001,9,402,564575,-0.9957,1.8755,0.1334,117.6147,-19.2261,-177.9785,2.1277,,
DATA,A001,9,403,564585,-0.8671,1.6033,0.1385,74.3408,-61.3403,-204.9561,1.8280,,
DATA,A001,9,404,564595,-0.7941,1.5535,0.1083,79.7119,-76.5991,-233.6426,1.7481,,
DATA,A001,9,405,564605,-0.6683,1.8611,0.1437,121.3379,-74.4019,-277.8320,1.9827,,
DATA,A001,9,406,564615,-0.6034,2.2335,0.2316,141.7236,-60.7910,-301.2085,2.3251,,
DATA,A001,9,407,564625,-0.5611,2.6558,0.3329,125.9766,-41.0767,-327.0874,2.7348,,
DATA,A001,9,408,564635,-0.5380,2.6739,0.3868,92.7734,-30.0293,-344.3604,2.7548,,
DATA,A001,9,409,564645,-0.5228,2.3907,0.4330,49.7437,-18.8599,-375.3662,2.4852,,
DATA,A001,9,410,564655,-0.5150,2.1490,0.4127,37.1704,-15.8691,-395.0195,2.2480,,
DATA,A001,9,411,564665,-0.5255,1.8860,0.3351,35.2173,-2.3804,-421.6309,1.9864,,
DATA,A001,9,412,564675,-0.5677,1.7767,0.2699,38.5742,15.3809,-438.9648,1.8846,,
DATA,A001,9,413,564685,-0.6525,1.6400,0.1725,48.7671,53.4668,-460.5103,1.7734,,
DATA,A001,9,414,564695,-0.7391,1.5630,0.1224,60.7300,85.4492,-476.6235,1.7333,,
DATA,A001,9,415,564705,-0.8407,1.4791,0.1315,85.8765,128.3569,-500.4272,1.7064,,
DATA,A001,9,416,564715,-0.8883,1.4808,0.1422,104.6753,140.9302,-508.2397,1.7326,,
DATA,A001,9,417,564725,-0.9671,1.5692,0.1759,132.7515,128.5400,-512.6343,1.8516,,
DATA,A001,9,418,564735,-0.9703,1.6629,0.1847,145.8740,99.6094,-512.3901,1.9341,,
DATA,A001,9,419,564745,-0.8993,1.7630,0.1244,144.0430,40.8325,-505.1270,1.9830,,
DATA,A001,9,420,564755,-0.8268,1.7291,0.0541,127.8687,0.6104,-499.0234,1.9173,,
DATA,A001,9,421,564765,-0.7345,1.6209,-0.0038,107.1167,-31.4331,-488.7695,1.7796,,
DATA,A001,9,422,564775,-0.6366,1.4146,-0.0524,84.4727,-65.0024,-467.0410,1.5521,,
DATA,A001,9,423,564785,-0.6232,1.3035,-0.0753,77.1484,-82.2144,-447.8760,1.4468,,
DATA,A001,9,424,564795,-0.5858,1.2110,-0.1154,73.5474,-107.8491,-414.5508,1.3502,,
DATA,A001,9,425,564805,-0.5575,1.2027,-0.1083,72.5098,-131.6528,-387.8784,1.3300,,
DATA,A001,9,426,564815,-0.4515,1.2225,-0.0963,62.1948,-175.5981,-343.9941,1.3067,,
DATA,A001,9,427,564825,-0.2740,1.2071,-0.0868,48.0347,-205.0171,-312.8052,1.2408,,
DATA,A001,9,428,564835,0.0919,1.1324,-0.0521,22.6440,-238.1592,-262.0850,1.1373,,
DATA,A001,9,429,564845,0.3488,1.0525,-0.0509,3.1738,-246.7041,-226.7456,1.1100,,
DATA,A001,9,430,564855,0.6723,0.9036,-0.1041,-23.3765,-231.0181,-173.2178,1.1311,,
DATA,A001,9,431,564865,0.8119,0.8116,-0.1054,-31.9214,-203.7964,-140.0757,1.1528,,
DATA,A001,9,432,564875,0.9435,0.7564,-0.0458,-27.6489,-146.6675,-95.3369,1.2101,,
DATA,A001,9,433,564885,0.9750,0.7762,-0.0101,-20.8740,-100.9521,-65.6128,1.2463,,
DATA,A001,9,434,564895,0.9247,0.8536,0.0297,-20.5078,-37.2925,-21.9727,1.2588,,
DATA,A001,9,435,564905,0.8659,0.8748,0.0360,-31.9824,-1.6479,5.9204,1.2314,,
DATA,A001,9,436,564915,0.7892,0.8316,0.0887,-58.5327,26.1230,49.3774,1.1499,,
DATA,A001,9,437,564925,0.6771,0.7999,0.0143,-79.4067,48.7061,88.1958,1.0481,,
DATA,A001,9,438,564935,0.5311,0.7269,-0.1129,-98.4497,68.6646,145.6909,0.9073,,
DATA,A001,9,439,564945,0.4196,0.7068,-0.1691,-101.2573,83.9844,182.0679,0.8392,,
DATA,A001,9,440,564955,0.2426,0.7347,-0.1049,-98.9380,102.6001,226.9897,0.7808,,
DATA,A001,9,441,564965,0.0822,0.8179,-0.1329,-99.6704,121.8872,255.4321,0.8327,,
DATA,A001,9,442,564975,-0.1720,0.9991,-0.2191,-102.8442,146.4844,294.6167,1.0372,,
DATA,A001,9,443,564985,-0.3055,1.1458,-0.2377,-106.2622,161.3770,321.3501,1.2094,,
DATA,A001,9,444,564995,-0.4921,1.3235,-0.3038,-124.2065,173.7671,360.2905,1.4444,,
DATA,A001,9,445,565005,-0.6134,1.3897,-0.3978,-141.7847,176.3306,385.1929,1.5703,,
DATA,A001,9,446,565015,-0.6803,1.4185,-0.4244,-155.2734,191.5894,415.0391,1.6295,,
DATA,A001,9,447,565025,-0.6359,1.4505,-0.3527,-146.9116,207.8247,434.0820,1.6225,,
DATA,A001,9,448,565035,-0.5865,1.5858,-0.2426,-125.7324,237.6709,458.9233,1.7081,,
DATA,A001,9,449,565045,-0.6337,1.7046,-0.1849,-121.2769,255.8594,470.3979,1.8280,,
DATA,A001,9,450,565055,-0.7721,1.8343,-0.1349,-134.5825,266.4185,482.5439,1.9947,,
DATA,A001,9,451,565065,-0.8683,1.8751,-0.0748,-147.5830,260.1318,488.2202,2.0677,,
DATA,A001,9,452,565075,-0.9505,1.9351,0.0450,-160.9497,239.0137,492.3096,2.1564,,
DATA,A001,9,453,565085,-0.9723,2.0101,0.1132,-167.0532,226.4404,491.2720,2.2357,,
DATA,A001,9,454,565095,-1.0084,2.1761,0.2560,-179.5044,212.9517,478.4546,2.4120,,
DATA,A001,9,455,565105,-1.0321,2.2420,0.2733,-195.8008,210.1440,465.2710,2.4832,,
DATA,A001,9,456,565115,-1.0526,2.2171,0.2142,-219.7876,208.9844,448.0591,2.4636,,
DATA,A001,9,457,565125,-0.9899,2.0543,-0.1244,-259.0332,218.3228,413.9404,2.2837,,
DATA,A001,9,458,565135,-0.8976,1.8892,-0.4113,-276.7944,230.8350,387.0239,2.1316,,
DATA,A001,9,459,565145,-0.7828,1.6080,-0.7426,-278.2593,251.7700,345.0317,1.9364,,
DATA,A001,9,460,565155,-0.7604,1.4344,-0.8065,-264.7705,263.1226,316.8945,1.8128,,
DATA,A001,9,461,565165,-0.8297,1.2674,-0.7194,-233.7036,265.1367,276.1230,1.6770,,
DATA,A001,9,462,565175,-0.8834,1.2508,-0.5990,-212.6465,257.9956,247.3755,1.6443,,
DATA,A001,9,463,565185,-0.9103,1.3836,-0.4440,-184.6313,234.6802,203.6743,1.7147,,
DATA,A001,9,464,565195,-0.9020,1.5225,-0.4100,-172.5464,217.7734,177.3682,1.8165,,
DATA,A001,9,465,565205,-0.8583,1.6902,-0.4672,-167.0532,200.3784,145.7520,1.9524,,
DATA,A001,9,466,565215,-0.8224,1.6988,-0.5548,-169.9219,197.8760,129.8828,1.9672,,
DATA,A001,9,467,565225,-0.7745,1.5174,-0.6381,-170.5933,205.0171,109.4360,1.8192,,
DATA,A001,9,468,565235,-0.7694,1.3311,-0.6500,-157.8369,217.7734,96.0693,1.6692,,
DATA,A001,9,469,565245,-0.7826,1.1324,-0.6039,-121.1548,236.0840,72.6929,1.5031,,
DATA,A001,9,470,565255,-0.7850,1.0694,-0.5507,-92.4072,242.9199,56.6406,1.4363,,
DATA,A001,9,471,565265,-0.7479,1.0569,-0.4535,-48.9502,245.3613,35.4614,1.3719,,
DATA,A001,9,472,565275,-0.7079,1.0760,-0.3805,-24.9023,245.1172,22.8882,1.3430,,
DATA,A001,9,473,565285,-0.6654,1.1517,-0.2943,1.8921,241.6992,6.1035,1.3622,,
DATA,A001,9,474,565295,-0.6881,1.3235,-0.2846,26.0620,236.3281,-1.7090,1.5186,,
DATA,A001,9,475,565305,-0.7462,1.6978,-0.2692,62.6831,208.4961,-11.9629,1.8740,,
DATA,A001,9,476,565315,-0.7853,1.7557,-0.2789,57.7393,177.4902,-14.5874,1.9434,,
DATA,A001,9,477,565325,-0.7689,1.3482,-0.2352,18.9819,125.6104,-17.2729,1.5698,,
DATA,A001,9,478,565335,-0.7113,0.9539,-0.2496,7.6904,90.8203,-26.0010,1.2158,,
DATA,A001,9,479,565345,-0.5939,0.5547,-0.3107,38.5742,47.4854,-53.1616,0.8700,,
DATA,A001,9,480,565355,-0.5079,0.4896,-0.3209,78.5522,23.4985,-73.5474,0.7750,,
DATA,A001,9,481,565365,-0.3912,0.6219,-0.2728,133.7280,2.3193,-104.2480,0.7837,,
DATA,A001,9,482,565375,-0.3400,0.7762,-0.2101,158.8135,-0.4883,-124.5728,0.8730,,
DATA,A001,9,483,565385,-0.3317,1.0042,-0.1298,181.5186,7.5684,-151.1841,1.0655,,
DATA,A001,9,484,565395,-0.3754,1.1304,-0.0851,190.4297,14.3433,-167.0532,1.1942,,
DATA,A001,9,485,565405,-0.4576,1.2867,-0.0368,199.7681,17.3950,-189.0259,1.3661,,
DATA,A001,9,486,565415,-0.4850,1.3970,-0.0250,206.0547,13.5498,-201.8433,1.4790,,
DATA,A001,9,487,565425,-0.4852,1.5694,-0.0199,213.5620,1.9531,-218.1396,1.6428,,
DATA,A001,9,488,565435,-0.4759,1.6663,0.0104,213.6841,-6.8970,-226.1963,1.7330,,
DATA,A001,9,489,565445,-0.4652,1.7217,0.0521,206.4209,-13.6719,-233.0322,1.7842,,
DATA,A001,9,490,565455,-0.4525,1.6744,0.0736,182.9224,-25.0854,-239.9902,1.7360,,
DATA,A001,9,491,565465,-0.4464,1.5616,0.0939,165.8936,-36.6821,-242.3096,1.6268,,
DATA,A001,9,492,565475,-0.4371,1.3733,0.1236,148.9258,-61.0352,-244.0186,1.4465,,
DATA,A001,9,493,565485,-0.4061,1.2872,0.1207,143.3716,-77.3315,-244.7510,1.3551,,
DATA,A001,9,494,565495,-0.3529,1.2188,0.1048,138.1836,-98.9990,-244.1406,1.2732,,
DATA,A001,9,495,565505,-0.3109,1.1902,0.1246,132.6294,-108.5205,-243.2861,1.2365,,
DATA,A001,9,496,565515,-0.2513,1.1190,0.1608,116.6382,-113.0371,-239.2578,1.1580,,
DATA,A001,9,497,565525,-0.2213,1.0355,0.1820,100.5249,-112.1216,-236.3892,1.0744,,
DATA,A001,9,498,565535,-0.1986,0.8492,0.2074,73.6084,-111.4502,-230.9570,0.8964,,
DATA,A001,9,499,565545,-0.1920,0.7090,0.2279,57.6172,-112.1216,-227.2949,0.7691,,
DATA,A001,9,500,565555,-0.1722,0.5088,0.2298,41.0156,-114.0137,-222.9614,0.5843,,
DATA,A001,9,501,565565,-0.1644,0.4144,0.2140,35.0342,-115.4785,-220.4590,0.4945,,
DATA,A001,9,502,565575,-0.1239,0.3270,0.2137,35.5225,-113.4644,-217.3462,0.4098,,
DATA,A001,9,503,565585,-0.0941,0.3162,0.2301,41.5649,-109.0698,-214.7827,0.4022,,
DATA,A001,9,504,565595,-0.0738,0.3406,0.2408,51.5747,-101.0742,-209.2285,0.4237,,
DATA,A001,9,505,565605,-0.0550,0.3795,0.2506,56.3354,-95.5811,-208.0078,0.4581,,
DATA,A001,9,506,565615,-0.0126,0.4842,0.2030,60.7300,-88.1348,-210.9985,0.5252,,
DATA,A001,9,507,565625,0.0324,0.5784,0.1603,64.0869,-82.8857,-213.6230,0.6011,,
DATA,A001,9,508,565635,0.1237,0.7620,0.0870,69.5190,-63.3545,-210.6323,0.7769,,
DATA,A001,9,509,565645,0.1745,0.9293,0.0482,73.4863,-42.6025,-201.7822,0.9467,,
DATA,A001,9,510,565655,0.1979,1.2125,-0.0209,76.9043,3.9062,-179.2603,1.2287,,
DATA,A001,9,511,565665,0.1278,1.3882,-0.1036,71.4111,40.3442,-157.5928,1.3980,,
DATA,A001,9,512,565675,-0.0904,1.5193,-0.0409,49.6826,84.6558,-122.9858,1.5226,,
DATA,A001,9,513,565685,-0.3006,1.5140,0.0333,22.6440,98.8770,-99.1211,1.5439,,
DATA,A001,9,514,565695,-0.6654,1.4478,0.1056,-24.4141,93.8721,-58.1055,1.5969,,
DATA,A001,9,515,565705,-0.8524,1.4774,0.1451,-44.0674,78.4302,-27.4658,1.7118,,
DATA,A001,9,516,565715,-0.9962,1.6424,0.1825,-52.5513,57.9224,14.3433,1.9296,,
DATA,A001,9,517,565725,-1.0436,1.7652,0.1710,-60.3638,53.5889,37.7808,2.0577,,
DATA,A001,9,518,565735,-1.0565,1.8101,0.1434,-98.7549,68.3594,59.8145,2.1008,,
DATA,A001,9,519,565745,-1.0438,1.7015,0.1256,-132.9346,81.3599,64.7583,2.0001,,
DATA,A001,9,520,565755,-1.0355,1.4525,0.1141,-163.7573,90.4541,67.3828,1.7874,,
DATA,A001,9,521,565765,-1.0150,1.3089,0.1217,-167.2363,88.9893,68.5425,1.6608,,
DATA,A001,9,522,565775,-0.9818,1.1619,0.1420,-165.7104,81.2988,71.8384,1.5278,,
DATA,A001,9,523,565785,-0.9645,1.0980,0.1532,-164.3066,80.3223,77.6367,1.4694,,
DATA,A001,9,524,565795,-0.9447,1.0264,0.1625,-167.7856,86.7310,76.6602,1.4044,,
DATA,A001,9,525,565805,-0.9977,0.8856,0.1976,-169.9219,89.9048,94.7876,1.3486,,
DATA,A001,9,526,565815,-0.9845,0.8047,0.2118,-164.0015,84.5337,103.7598,1.2891,,
DATA,A001,9,527,565825,-0.8944,0.7081,0.2372,-156.5552,75.6836,112.0605,1.1651,,
DATA,A001,9,528,565835,-0.8419,0.6568,0.2533,-147.3389,68.7866,119.3848,1.0974,,
DATA,A001,9,529,565845,-0.7225,0.5950,0.2579,-135.8643,63.1714,126.8311,0.9709,,
DATA,A001,9,530,565855,-0.6507,0.5648,0.2462,-134.1553,65.7959,128.0518,0.8961,,
DATA,A001,9,531,565865,-0.5702,0.5445,0.2006,-132.9956,72.8149,126.9531,0.8135,,
DATA,A001,9,532,565875,-0.5389,0.5501,0.1498,-130.7373,78.3691,125.1831,0.7845,,
DATA,A001,9,533,565885,-0.5167,0.5640,0.0653,-129.7607,82.5195,121.3379,0.7677,,
DATA,A001,9,534,565895,-0.4967,0.5486,0.0262,-132.5684,83.7402,117.3706,0.7405,,
DATA,A001,9,535,565905,-0.4703,0.4905,0.0062,-136.5967,80.1392,112.3657,0.6796,,
DATA,A001,9,536,565915,-0.4444,0.4388,-0.0092,-137.4512,77.8809,111.2671,0.6246,,
DATA,A001,9,537,565925,-0.3920,0.3777,0.0001,-133.8501,76.5381,109.3140,0.5444,,
DATA,A001,9,538,565935,-0.3758,0.3946,0.0082,-126.0376,80.0781,111.0229,0.5450,,
DATA,A001,9,539,565945,-0.2511,0.4786,-0.0333,-109.4971,104.4922,113.8916,0.5415,,
DATA,A001,9,540,565955,-0.2748,0.5399,-0.0241,-106.0791,114.5630,112.7930,0.6062,,
DATA,A001,9,541,565965,-0.2587,0.5591,-0.0831,-117.9199,141.4185,112.2437,0.6217,,
DATA,A001,9,542,565975,-0.2787,0.5091,-0.0692,-126.0376,156.6772,114.0137,0.5845,,
DATA,A001,9,543,565985,-0.3695,0.4551,-0.1144,-126.4648,168.3350,115.4785,0.5973,,
DATA,A001,9,544,565995,-0.4230,0.4651,-0.1127,-115.3564,174.6826,117.3096,0.6387,,
DATA,A001,9,545,566005,-0.5672,0.5919,-0.0624,-91.6748,181.5796,116.2720,0.8222,,
DATA,A001,9,546,566015,-0.6546,0.7535,-0.0595,-76.1108,188.9648,113.2202,0.9999,,
DATA,A001,9,547,566025,-0.7980,1.0396,0.0406,-62.0728,191.8945,106.2012,1.3112,,
DATA,A001,9,548,566035,-0.8763,1.2296,0.0773,-63.9038,187.6221,98.9990,1.5119,,
DATA,A001,9,549,566045,-0.9286,1.4178,0.0609,-81.3599,169.3115,86.8530,1.6959,,
DATA,A001,9,550,566055,-0.8946,1.4503,0.0214,-97.4731,151.9165,76.9653,1.7041,,
DATA,A001,9,551,566065,-0.7828,1.3741,-0.0360,-117.6758,131.3477,61.0352,1.5818,,
DATA,A001,9,552,566075,-0.7042,1.2869,-0.0399,-123.2910,128.5400,49.0723,1.4675,,
DATA,A001,9,553,566085,-0.6332,1.1563,0.0026,-119.4458,137.7563,29.9683,1.3183,,
DATA,A001,9,554,566095,-0.6258,1.0706,0.0641,-112.5488,147.2778,17.3950,1.2418,,
DATA,A001,9,555,566105,-0.6600,0.9627,0.1808,-100.9521,158.5693,-0.7324,1.1811,,
DATA,A001,9,556,566115,-0.6861,0.9105,0.2687,-92.8955,161.2549,-10.9863,1.1713,,
DATA,A001,9,557,566125,-0.7059,0.8492,0.3810,-84.6558,157.7759,-23.1934,1.1681,,
DATA,A001,9,558,566135,-0.7215,0.8099,0.4469,-81.2378,154.2969,-28.5645,1.1731,,
DATA,A001,9,559,566145,-0.7228,0.7706,0.4840,-82.5806,150.2686,-34.4849,1.1621,,
DATA,A001,9,560,566155,-0.7193,0.7108,0.4996,-84.1064,143.4326,-41.0156,1.1279,,
DATA,A001,9,561,566165,-0.7157,0.6734,0.4664,-86.0596,136.5356,-42.9688,1.0878,,
DATA,A001,9,562,566175,-0.7154,0.6265,0.4005,-88.7451,124.2065,-44.4946,1.0319,,
DATA,A001,9,563,566185,-0.7228,0.5960,0.3666,-89.2334,115.5396,-45.1660,1.0060,,
DATA,A001,9,564,566195,-0.7381,0.5403,0.3375,-87.5244,101.6846,-47.5464,0.9751,,
DATA,A001,9,565,566205,-0.7325,0.4966,0.3334,-86.9751,91.3086,-49.9878,0.9457,,
DATA,A001,9,566,566215,-0.7384,0.4883,0.3409,-83.1299,75.7446,-48.5840,0.9486,,
DATA,A001,9,567,566225,-0.7264,0.5726,0.3351,-72.6929,69.1528,-43.5791,0.9838,,
DATA,A001,9,568,566235,-0.6888,0.7684,0.3446,-54.0161,67.5659,-37.1704,1.0879,,
DATA,A001,9,569,566245,-0.6495,0.8777,0.3688,-52.8564,72.2046,-34.6680,1.1525,,
DATA,A001,9,570,566255,-0.5773,0.9175,0.3800,-73.3032,83.5571,-35.5835,1.1487,,
DATA,A001,9,571,566265,-0.5360,0.8553,0.3409,-91.8579,92.9565,-38.8184,1.0654,,
DATA,A001,9,572,566275,-0.4869,0.7203,0.2435,-105.5908,111.1450,-42.8467,0.9029,,
DATA,A001,9,573,566285,-0.4742,0.6614,0.1769,-102.1118,125.3662,-44.7388,0.8329,,
DATA,A001,9,574,566295,-0.4586,0.6380,0.1356,-86.7310,148.3154,-48.4619,0.7973,,
DATA,A001,9,575,566305,-0.4449,0.6690,0.1261,-77.8198,160.5835,-51.6357,0.8133,,
DATA,A001,9,576,566315,-0.4337,0.7044,0.1393,-72.6318,167.1753,-55.6641,0.8389,,
DATA,A001,9,577,566325,-0.4315,0.7027,0.1612,-72.9370,164.1235,-55.9692,0.8402,,
DATA,A001,9,578,566335,-0.4425,0.6829,0.1940,-73.9136,151.7334,-51.9409,0.8365,,
DATA,A001,9,579,566345,-0.4535,0.6595,0.2169,-72.2046,142.4561,-47.6074,0.8292,,
DATA,A001,9,580,566355,-0.4642,0.6365,0.2255,-69.8242,130.0049,-39.7339,0.8195,,
DATA,A001,9,581,566365,-0.4579,0.6236,0.2001,-69.9463,121.7651,-33.9966,0.7991,,
DATA,A001,9,582,566375,-0.4264,0.5743,0.1727,-71.2891,112.3657,-25.1465,0.7358,,
DATA,A001,9,583,566385,-0.4015,0.5308,0.1656,-70.9839,108.5815,-18.6768,0.6858,,
DATA,A001,9,584,566395,-0.3719,0.4603,0.1732,-67.7490,109.3140,-10.8032,0.6166,,
DATA,A001,9,585,566405,-0.3771,0.4214,0.1861,-63.9648,112.7930,-6.7749,0.5954,,
DATA,A001,9,586,566415,-0.4108,0.3736,0.2003,-55.2368,118.5913,-0.6714,0.5903,,
DATA,A001,9,587,566425,-0.4518,0.3675,0.2128,-48.0347,119.0186,2.5024,0.6200,,
DATA,A001,9,588,566435,-0.5038,0.4068,0.2089,-36.4990,112.9150,6.0425,0.6804,,
DATA,A001,9,589,566445,-0.5231,0.4647,0.1886,-29.1748,104.3091,7.7515,0.7246,,
DATA,A001,9,590,566455,-0.5404,0.5731,0.1556,-20.0195,90.4541,10.9253,0.8029,,
DATA,A001,9,591,566465,-0.5616,0.6585,0.1307,-16.1743,82.0923,13.8550,0.8753,,
DATA,A001,9,592,566475,-0.5914,0.7454,0.1012,-13.0615,75.4395,17.4561,0.9569,,
DATA,A001,9,593,566485,-0.6446,0.9127,0.0502,-6.3477,65.7349,24.7803,1.1185,,
DATA,A001,9,594,566495,-0.6837,1.0450,0.0216,-0.6104,59.3872,30.4565,1.2490,,
DATA,A001,9,595,566505,-0.7247,1.2464,-0.0167,3.6011,49.6826,38.8184,1.4419,,
DATA,A001,9,596,566515,-0.7381,1.3528,-0.0321,0.1831,42.6636,46.5088,1.5415,,
DATA,A001,9,597,566525,-0.7357,1.4510,-0.0414,-11.4136,32.6538,58.8989,1.6274,,
DATA,A001,9,598,566535,-0.7115,1.4603,-0.0368,-21.3013,29.4189,65.7349,1.6248,,
DATA,A001,9,599,566545,-0.6693,1.3929,-0.0446,-35.4004,32.3486,72.6929,1.5460,,
DATA,A001,9,600,566555,-0.6400,1.3160,-0.0531,-41.4429,38.0859,73.6694,1.4643,,
DATA,A001,9,601,566565,-0.6012,1.2051,-0.0497,-41.3208,46.2036,76.9043,1.3477,,
DATA,A001,9,602,566575,-0.5802,1.1614,-0.0436,-36.4380,49.7437,79.2236,1.2990,,
DATA,A001,9,603,566585,-0.5580,1.1358,-0.0360,-31.2500,50.7812,81.2378,1.2660,,
DATA,A001,9,604,566595,-0.5480,1.1334,-0.0343,-30.9448,49.4995,83.1909,1.2593,,
DATA,A001,9,605,566605,-0.5316,1.1465,-0.0560,-32.4097,46.6919,87.5854,1.2650,,
DATA,A001,9,606,566615,-0.5270,1.1819,-0.0922,-32.1045,46.6919,93.2617,1.2974,,
DATA,A001,9,607,566625,-0.4925,1.3023,-0.1613,-25.8179,52.6733,104.0649,1.4016,,
DATA,A001,9,608,566635,-0.4723,1.3841,-0.1918,-23.6206,59.4482,112.6099,1.4750,,
DATA,A001,9,609,566645,-0.4691,1.4532,-0.2235,-32.6538,72.0825,126.8921,1.5433,,
DATA,A001,9,610,566655,-0.4737,1.4407,-0.2467,-44.3115,81.4819,135.3149,1.5366,,
DATA,A001,9,611,566665,-0.4747,1.3323,-0.2694,-59.5703,96.9238,146.7896,1.4398,,
DATA,A001,9,612,566675,-0.4750,1.2298,-0.2709,-65.1245,107.6660,153.3813,1.3459,,
DATA,A001,9,613,566685,-0.4471,1.0711,-0.2628,-67.8711,124.3286,158.9355,1.1901,,
DATA,A001,9,614,566695,-0.4379,0.9815,-0.2489,-66.8945,134.5215,159.9121,1.1032,,
DATA,A001,9,615,566705,-0.4195,0.8668,-0.2079,-62.1948,146.8506,158.2031,0.9851,,
DATA,A001,9,616,566715,-0.4061,0.8094,-0.1784,-58.1055,152.3438,156.2500,0.9230,,
DATA,A001,9,617,566725,-0.4003,0.7535,-0.1127,-49.4385,156.9214,153.3813,0.8606,,
DATA,A001,9,618,566735,-0.4029,0.7427,-0.0328,-42.4194,156.8604,150.2686,0.8456,,
DATA,A001,9,619,566745,-0.4027,0.7667,0.0702,-34.7290,154.4800,144.2261,0.8688,,
DATA,A001,9,620,566755,-0.4088,0.7996,0.0607,-35.8887,150.2686,139.6484,0.9001,,
DATA,A001,9,621,566765,-0.3832,0.8133,-0.0162,-41.9312,144.3481,132.2632,0.8992,,
DATA,A001,9,622,566775,-0.3468,0.7986,-0.0663,-42.9077,143.4326,127.6245,0.8732,,
DATA,A001,9,623,566785,-0.3138,0.7808,-0.1173,-37.2314,148.7427,121.1548,0.8497,,
DATA,A001,9,624,566795,-0.3204,0.7596,-0.1273,-31.6772,154.4189,116.8213,0.8342,,
DATA,A001,9,625,566805,-0.3739,0.7198,-0.0682,-23.5596,157.9590,110.0464,0.8140,,
DATA,A001,9,626,566815,-0.4198,0.6890,-0.0072,-18.7988,153.5645,104.8584,0.8069,,
DATA,A001,9,627,566825,-0.4557,0.6597,0.0580,-14.5264,144.0430,99.6094,0.8039,,
DATA,A001,9,628,566835,-0.5004,0.6214,0.1442,-9.6436,122.9248,92.2852,0.8107,,
DATA,A001,9,629,566845,-0.5162,0.5984,0.1764,-6.9580,105.4077,88.3179,0.8098,,
DATA,A001,9,630,566855,-0.5253,0.5938,0.2040,-2.8076,73.7915,84.3506,0.8186,,
DATA,A001,9,631,566865,-0.5211,0.6197,0.2001,-0.6714,52.1851,82.8857,0.8340,,
DATA,A001,9,632,566875,-0.5111,0.6976,0.1600,3.9673,23.2544,82.5806,0.8794,,
DATA,A001,9,633,566885,-0.5069,0.7681,0.1254,6.2256,7.5073,83.5571,0.9288,,
DATA,A001,9,634,566895,-0.5172,0.8648,0.0821,9.2163,-8.6060,85.0830,1.0110,,
DATA,A001,9,635,566905,-0.5248,0.9224,0.0651,9.6436,-14.7705,85.0830,1.0632,,
DATA,A001,9,636,566915,-0.5392,0.9798,0.0553,7.6904,-19.9585,83.7402,1.1197,,
DATA,A001,9,637,566925,-0.5475,0.9944,0.0548,4.5166,-23.2544,81.8481,1.1365,,
DATA,A001,9,638,566935,-0.5426,0.9742,0.0760,-0.4272,-27.8320,76.3550,1.1177,,
DATA,A001,9,639,566945,-0.5289,0.9507,0.0985,-2.1362,-29.1138,70.5566,1.0924,,
DATA,A001,9,640,566955,-0.4984,0.9022,0.1244,-2.5635,-26.1841,58.4106,1.0382,,
DATA,A001,9,641,566965,-0.4774,0.8773,0.1415,-0.5493,-21.5454,47.9126,1.0087,,
DATA,A001,9,642,566975,-0.4571,0.8860,0.1422,5.3711,-10.5591,29.5410,1.0071,,
DATA,A001,9,643,566985,-0.4462,0.9310,0.1261,13.0615,-2.5024,16.7236,1.0400,,
DATA,A001,9,644,566995,-0.4413,1.0533,0.1039,26.4893,10.9253,-2.4414,1.1467,,
DATA,A001,9,645,567005,-0.4405,1.1407,0.1024,32.2876,20.0806,-15.1978,1.2271,,
DATA,A001,9,646,567015,-0.4391,1.2337,0.1166,32.9590,32.4707,-34.0576,1.3147,,
DATA,A001,9,647,567025,-0.4437,1.2742,0.1212,29.7852,38.6353,-45.6543,1.3547,,
DATA,A001,9,648,567035,-0.5170,1.3433,0.0480,29.1138,40.2832,-59.8145,1.4402,,
DATA,A001,9,649,567045,-0.5729,1.4861,-0.0429,41.3208,36.8652,-67.0776,1.5933,,
DATA,A001,9,650,567055,-0.5965,1.8453,-0.0758,68.5425,24.9023,-79.5898,1.9408,,
DATA,A001,9,651,567065,-0.6149,2.0391,-0.0497,67.1387,17.0898,-85.4492,2.1304,,
DATA,A001,9,652,567075,-0.6168,1.8917,0.0196,18.8599,2.6245,-89.2944,1.9898,,
DATA,A001,9,653,567085,-0.5902,1.5269,0.0599,-16.7847,-8.6670,-93.3838,1.6381,,
DATA,A001,9,654,567095,-0.5460,0.9930,0.0992,-29.4800,-27.8320,-108.5205,1.1375,,
DATA,A001,9,655,567105,-0.5084,0.7830,0.1134,-13.5498,-41.7480,-123.5352,0.9405,,
DATA,A001,9,656,567115,-0.4664,0.7308,0.1132,19.8975,-61.4624,-143.5547,0.8743,,
DATA,A001,9,657,567125,-0.4330,0.8072,0.1031,35.0342,-72.2656,-151.6113,0.9218,,
DATA,A001,9,658,567135,-0.3961,0.9539,0.0550,40.4663,-82.3975,-159.5459,1.0344,,
DATA,A001,9,659,567145,-0.3878,1.0281,0.0196,37.5977,-86.7310,-162.9639,1.0990,,
DATA,A001,9,660,567155,-0.3736,1.0784,-0.0092,31.9214,-90.8203,-166.3818,1.1414,,
DATA,A001,9,381,564365,-0.1927,1.2967,-0.0582,-50.1099,81.9702,371.0938,1.3122,,
DATA,A001,9,382,564375,-0.2960,1.3663,-0.1893,-46.0205,144.5923,345.9473,1.4107,,
DATA,A001,9,383,564385,-0.4420,1.4407,-0.2057,-43.4570,180.4199,328.6743,1.5210,,
DATA,A001,9,384,564395,-0.7325,1.5543,-0.1495,-44.4336,215.5151,302.0020,1.7247,,
DATA,A001,9,385,564405,-0.9459,1.6026,-0.1190,-51.8188,226.4404,283.0811,1.8647,,
DATA,A001,9,386,564415,-1.2442,1.5396,-0.1547,-71.1670,222.1069,252.4414,1.9856,,
DATA,A001,9,387,564425,-1.3773,1.4139,-0.1654,-80.9326,214.9048,229.5532,1.9808,,
DATA,A001,9,388,564435,-1.4437,1.2850,-0.2191,-82.5195,207.2144,203.2471,1.9451,,
DATA,A001,9,389,564445,-1.5531,1.1605,-0.3378,-65.0635,196.5332,164.6118,1.9680,,
DATA,A001,9,390,564455,-1.6271,1.1605,-0.3847,-41.6260,191.1621,136.2915,2.0352,,
DATA,A001,9,391,564465,-1.6822,1.2117,-0.3590,-8.4229,177.4902,91.4917,2.1041,,
DATA,A001,9,392,564475,-1.6798,1.2010,-0.3004,2.1362,161.0718,64.3921,2.0867,,
DATA,A001,9,393,564485,-1.5724,1.0814,-0.1823,12.7563,122.8638,27.4048,1.9170,,
DATA,A001,9,394,564495,-1.4505,0.9979,-0.1066,27.8931,96.9238,2.2583,1.7639,,
DATA,A001,9,395,564505,-1.2787,0.9358,0.0021,58.1055,74.7070,-32.1045,1.5846,,
DATA,A001,9,396,564515,-1.2132,0.9163,0.0956,74.2798,75.1953,-50.5371,1.5234,,
DATA,A001,9,397,564525,-1.2313,0.8709,0.2118,85.2051,85.8765,-73.3643,1.5230,,
DATA,A001,9,398,564535,-1.2833,0.8863,0.1891,90.8203,87.9517,-89.2334,1.5710,,
DATA,A001,9,399,564545,-1.3055,1.2193,0.0314,128.8452,76.4771,-126.0986,1.7866,,
DATA,A001,9,400,564555,-1.2530,1.5538,0.0260,157.1045,56.2134,-149.2920,1.9962,,
DATA,A001,9,661,567165,-0.3685,1.0840,-0.0216,27.4048,-92.9565,-167.8467,1.1452,,
DATA,A001,9,662,567175,-0.3495,1.0440,-0.0524,17.0288,-95.5200,-169.3726,1.1022,,
DATA,A001,9,663,567185,-0.3441,0.9891,-0.0573,9.9487,-97.8394,-170.6543,1.0488,,
DATA,A001,9,664,567195,-0.3429,0.9368,-0.0631,6.9580,-99.2432,-171.9360,0.9996,,
DATA,A001,9,665,567205,-0.3385,0.9014,-0.0382,11.4746,-102.6611,-173.7671,0.9636,,
DATA,A001,9,666,567215,-0.3248,0.9349,-0.0082,18.1274,-105.0415,-175.4761,0.9897,,
DATA,A001,9,667,567225,-0.2948,1.0320,-0.0031,21.9727,-106.1401,-179.0771,1.0733,,
DATA,A001,9,668,567235,-0.2782,1.0899,-0.0170,18.0664,-104.4922,-181.3354,1.1250,,
DATA,A001,9,669,567245,-0.2286,1.1219,-0.0399,6.0425,-99.5483,-185.6079,1.1456,,
DATA,A001,9,670,567255,-0.1527,1.1143,-0.0570,-0.5493,-94.8486,-188.2324,1.1262,,
DATA,A001,9,671,567265,0.0231,1.0804,-0.1151,-10.0708,-84.5947,-185.5469,1.0867,,
DATA,A001,9,672,567275,0.1588,1.0203,-0.1498,-17.7002,-73.2422,-180.9692,1.0434,,
DATA,A001,9,673,567285,0.3266,0.9368,-0.2045,-22.0947,-46.7529,-169.4336,1.0130,,
DATA,A001,9,674,567295,0.3871,0.9315,-0.2355,-13.1836,-20.3247,-159.1797,1.0358,,
DATA,A001,9,675,567305,0.3666,1.0528,-0.2445,13.2446,20.9961,-141.4185,1.1413,,
DATA,A001,9,676,567315,0.2902,1.2020,-0.2355,28.3203,48.9502,-129.7607,1.2587,,
DATA,A001,9,677,567325,0.1449,1.3917,-0.2489,30.5786,80.5054,-112.4268,1.4212,,
DATA,A001,9,678,567335,0.0814,1.4358,-0.2509,19.8975,90.6982,-100.6470,1.4599,,
DATA,A001,9,679,567345,0.0260,1.3714,-0.2086,-0.6714,87.2803,-79.8340,1.3874,,
DATA,A001,9,680,567355,0.0109,1.2501,-0.1842,-11.2915,77.0264,-65.9790,1.2636,,
DATA,A001,9,681,567365,0.0145,1.0389,-0.1752,-19.0430,60.4248,-45.5933,1.0536,,
DATA,A001,9,682,567375,0.0211,0.9039,-0.1681,-18.9819,49.6216,-32.2266,0.9196,,
DATA,A001,9,683,567385,0.0058,0.7718,-0.1078,-10.4980,36.7432,-12.4512,0.7793,,
DATA,A001,9,684,567395,-0.0326,0.7520,-0.0258,0.0000,29.8462,0.2441,0.7532,,
DATA,A001,9,685,567405,-0.1085,0.7918,0.0497,11.9629,18.5547,16.1133,0.8007,,
DATA,A001,9,686,567415,-0.1686,0.8343,0.0680,12.2070,8.1787,24.9634,0.8539,,
DATA,A001,9,687,567425,-0.2240,0.8541,0.1007,4.1504,-7.2632,32.4707,0.8887,,
DATA,A001,9,688,567435,-0.2167,0.8394,0.0646,-4.2725,-13.4277,36.5601,0.8693,,
DATA,A001,9,689,567445,-0.1810,0.8343,-0.1403,-10.1929,-22.7051,45.9595,0.8651,,
DATA,A001,9,690,567455,-0.1341,0.8372,-0.2557,-1.0986,-24.0479,51.0254,0.8856,,
DATA,A001,9,691,567465,-0.0699,0.8499,-0.2926,18.9209,-21.9116,56.8237,0.9016,,
DATA,A001,9,692,567475,-0.0682,0.8785,-0.2445,27.0996,-20.8740,59.8755,0.9144,,
DATA,A001,9,693,567485,-0.1009,1.0045,-0.1486,41.6260,-17.6392,64.5752,1.0204,,
DATA,A001,9,694,567495,-0.1034,1.1624,-0.0756,56.9458,-13.7939,68.8477,1.1694,,
DATA,A001,9,695,567505,-0.0961,1.4656,-0.0065,72.9370,-2.2583,74.9512,1.4688,,
DATA,A001,9,696,567515,-0.1129,1.6368,0.0060,69.4580,11.2915,78.2471,1.6407,,
DATA,A001,9,697,567525,-0.1503,1.7491,0.0304,56.4575,26.9775,80.4443,1.7558,,
DATA,A001,9,698,567535,-0.2399,1.7820,0.0941,31.8604,47.5464,84.7778,1.8006,,
DATA,A001,9,699,567545,-0.3114,1.6981,0.1359,18.3716,56.2134,88.1958,1.7317,,
DATA,A001,9,700,567555,-0.3546,1.4363,0.1876,0.7324,57.9834,88.8672,1.4913,,
DATA,A001,9,701,567565,-0.3539,1.2205,0.2145,-8.4839,55.7251,84.7168,1.2888,,
DATA,A001,9,702,567575,-0.3575,0.9278,0.2277,-14.0381,46.6309,72.5098,1.0200,,
DATA,A001,9,703,567585,-0.3692,0.7728,0.2313,-13.3667,37.0483,61.7065,0.8871,,
DATA,A001,9,704,567595,-0.3795,0.6082,0.2401,-8.7891,13.1226,44.8608,0.7560,,
DATA,A001,9,705,567605,-0.3697,0.5418,0.2565,-4.2725,-7.4463,35.3394,0.7043,,
DATA,A001,9,706,567615,-0.3285,0.5125,0.2784,2.5024,-34.6680,24.1699,0.6694,,
DATA,A001,9,707,567625,-0.2875,0.5093,0.2853,4.3335,-46.3257,18.1885,0.6507,,
DATA,A001,9,708,567635,-0.2352,0.5098,0.2701,2.0142,-50.0488,11.8408,0.6231,,
DATA,A001,9,709,567645,-0.2167,0.5040,0.2508,-0.9155,-44.5557,9.8267,0.6032,,
DATA,A001,9,710,567655,-0.2345,0.4991,0.2162,-2.1362,-28.5034,10.3149,0.5923,,
DATA,A001,9,711,567665,-0.2550,0.5145,0.1866,-0.5493,-15.2588,12.3901,0.6038,,
DATA,A001,9,712,567675,-0.2899,0.5867,0.1349,4.9438,3.6011,16.8457,0.6682,,
DATA,A001,9,713,567685,-0.3080,0.6651,0.1051,9.7656,15.5640,22.0337,0.7404,,
DATA,A001,9,714,567695,-0.4108,0.8025,0.0257,14.1602,29.2358,32.0435,0.9019,,
DATA,A001,9,715,567705,-0.4901,0.8902,-0.0180,14.2822,32.8369,39.1846,1.0163,,
DATA,A001,9,716,567715,-0.5702,0.9720,-0.0263,11.2305,30.9448,48.8281,1.1272,,
DATA,A001,9,717,567725,-0.6205,0.9866,-0.0077,5.4932,27.7100,53.1006,1.1655,,
DATA,A001,9,718,567735,-0.7001,0.9349,0.0048,-8.6670,27.9541,54.9316,1.1679,,
DATA,A001,9,719,567745,-0.7372,0.8524,0.0204,-14.0991,28.3813,54.3823,1.1271,,
DATA,A001,9,720,567755,-0.7567,0.7410,0.0516,-10.4370,28.7476,50.9033,1.0604,,
DATA,A001,9,721,567765,-0.7623,0.7068,0.0531,-1.7700,30.1514,45.8374,1.0409,,
DATA,A001,9,722,567775,-0.7899,0.7144,0.0619,12.6343,28.4424,35.7666,1.0668,,
DATA,A001,9,723,567785,-0.7909,0.7430,0.0814,20.2026,23.9868,28.9917,1.0882,,
DATA,A001,9,724,567795,-0.8155,0.7942,0.0858,24.1089,9.3384,20.0195,1.1416,,
DATA,A001,9,725,567805,-0.8470,0.8184,0.0199,21.4844,-5.7983,15.5640,1.1780,,
DATA,A001,9,726,567815,-0.8778,0.9468,-0.2379,26.9165,-25.4517,9.6436,1.3129,,
DATA,A001,9,727,567825,-0.8563,1.1614,-0.3610,52.7954,-38.9404,1.5259,1.4874,,
DATA,A001,9,728,567835,-0.7648,1.7457,-0.2694,105.3467,-43.8232,-7.5684,1.9248,,
DATA,A001,9,729,567845,-0.7630,2.1483,-0.2557,106.9946,-48.4009,-10.3149,2.2940,,
DATA,A001,9,730,567855,-0.7997,2.3152,-0.2443,66.7725,-56.7627,-11.5356,2.4616,,
DATA,A001,9,731,567865,-0.7782,1.8829,-0.2216,-22.2778,-73.6084,-10.0708,2.0494,,
DATA,A001,9,732,567875,-0.7403,1.4185,-0.2406,-50.8423,-88.8062,-12.1460,1.6181,,
DATA,A001,9,733,567885,-0.6742,0.9734,-0.2828,-31.8604,-107.9712,-30.3345,1.2174,,
DATA,A001,9,734,567895,-0.6178,0.9068,-0.2885,-1.2817,-114.9902,-46.0205,1.1345,,
DATA,A001,9,735,567905,-0.5641,1.0462,-0.2448,32.7759,-122.7417,-58.3496,1.2135,,
DATA,A001,9,736,567915,-0.5455,1.1529,-0.2186,37.8418,-122.6196,-60.6079,1.2940,,
DATA,A001,9,737,567925,-0.5528,1.1566,-0.1425,21.7896,-122.3755,-62.8052,1.2898,,
DATA,A001,9,738,567935,-0.5040,1.0472,-0.1014,4.8828,-122.7417,-69.6411,1.1666,,
DATA,A001,9,739,567945,-0.4274,0.8240,-0.0668,-11.1694,-117.6147,-81.9092,0.9307,,
DATA,A001,9,740,567955,-0.4213,0.6844,-0.0646,-12.5122,-112.0605,-88.0127,0.8062,,
DATA,A001,9,741,567965,-0.4296,0.5496,-0.0426,-3.7231,-105.3467,-99.8535,0.6989,,
DATA,A001,9,742,567975,-0.4288,0.5059,-0.0238,3.4180,-102.2949,-107.2388,0.6636,,
DATA,A001,9,743,567985,-0.4108,0.4927,0.0038,9.4604,-100.0366,-117.9199,0.6415,,
DATA,A001,9,744,567995,-0.4007,0.4962,0.0033,11.2305,-100.4028,-124.8779,0.6378,,
DATA,A001,9,745,568005,-0.3651,0.5254,-0.0097,13.8550,-102.2949,-134.7046,0.6399,,
DATA,A001,9,746,568015,-0.3378,0.5679,-0.0292,16.2354,-103.7598,-141.5405,0.6614,,
DATA,A001,9,747,568025,-0.2923,0.6754,-0.0365,21.2402,-101.8066,-152.8931,0.7368,,
DATA,A001,9,748,568035,-0.2670,0.7794,-0.0311,24.7803,-98.3276,-160.0952,0.8244,,
DATA,A001,9,749,568045,-0.2379,0.9651,-0.0480,25.8789,-88.4399,-169.7388,0.9952,,
DATA,A001,9,750,568055,-0.2313,1.1016,-0.0765,23.9868,-79.1016,-176.0254,1.1282,,
DATA,A001,9,751,568065,-0.2303,1.3365,-0.1361,20.2026,-60.3027,-184.9976,1.3630,,
DATA,A001,9,752,568075,-0.2230,1.5137,-0.1696,19.0430,-48.4009,-187.7441,1.5394,,
DATA,A001,9,753,568085,-0.1825,1.7906,-0.2348,17.3950,-35.4004,-184.5703,1.8151,,
DATA,A001,9,754,568095,-0.1561,1.9639,-0.2733,13.6719,-31.6162,-178.7109,1.9890,,
DATA,A001,9,755,568105,-0.0931,2.1177,-0.3073,-0.5493,-23.8037,-167.2363,2.1419,,
DATA,A001,9,756,568115,-0.0641,2.1082,-0.2975,-15.8691,-18.7378,-158.2642,2.1301,,
DATA,A001,9,757,568125,-0.0543,1.9014,-0.2499,-37.5366,-9.3994,-144.8975,1.9185,,
DATA,A001,9,758,568135,-0.0599,1.6951,-0.2025,-45.1660,-2.6245,-134.9487,1.7082,,
DATA,A001,9,759,568145,-0.0860,1.4332,-0.0936,-41.6870,4.3335,-119.1406,1.4388,,
DATA,A001,9,760,568155,-0.1100,1.3284,-0.0182,-34.4849,9.1553,-107.5439,1.3331,,
DATA,A001,9,761,568165,-0.1559,1.2486,0.0682,-28.2593,14.8926,-88.6841,1.2601,,
DATA,A001,9,762,568175,-0.1930,1.1910,0.1119,-31.9214,17.3950,-76.0498,1.2117,,
DATA,A001,9,763,568185,-0.2220,1.0640,0.1410,-45.2271,23.7427,-58.7769,1.0960,,
DATA,A001,9,764,568195,-0.1969,0.9830,0.0582,-53.2227,34.2407,-47.9126,1.0042,,
DATA,A001,9,765,568205,-0.1207,0.8531,-0.0165,-51.5747,54.6265,-34.4238,0.8617,,
DATA,A001,9,766,568215,-0.0892,0.7750,-0.0429,-47.1191,73.1812,-24.7803,0.7813,,
DATA,A001,9,767,568225,-0.0851,0.6920,-0.0558,-45.1050,91.0034,-15.2588,0.6994,,
DATA,A001,9,768,568235,-0.1036,0.5342,-0.0480,-47.9126,109.1309,-4.0894,0.5463,,
DATA,A001,9,769,568245,-0.1349,0.4171,-0.0389,-48.2788,112.3047,2.5024,0.4400,,
DATA,A001,9,770,568255,-0.1532,0.3025,-0.0438,-37.4146,105.2246,13.9771,0.3419,,
DATA,A001,9,771,568265,-0.1603,0.2872,-0.0577,-22.3999,95.7031,24.5972,0.3339,,
DATA,A001,9,772,568275,-0.1529,0.3563,-0.0722,3.8452,81.4209,45.4712,0.3944,,
DATA,A001,9,773,568285,-0.1671,0.4295,-0.0724,15.2588,73.7305,60.6689,0.4665,,
DATA,A001,9,774,568295,-0.2345,0.5052,0.0040,20.9351,62.1338,83.9233,0.5570,,
DATA,A001,9,775,568305,-0.3031,0.5286,0.0819,19.5923,52.0630,100.2197,0.6148,,
DATA,A001,9,776,568315,-0.4100,0.5406,0.1556,15.1978,28.9917,125.7935,0.6961,,
DATA,A001,9,777,568325,-0.4493,0.5333,0.1766,11.5356,13.0005,140.3198,0.7193,,
DATA,A001,9,778,568335,-0.4549,0.5362,0.1964,7.4463,-7.1411,157.5928,0.7301,,
DATA,A001,9,779,568345,-0.4232,0.5386,0.1984,6.7749,-15.4419,166.4429,0.7131,,
DATA,A001,9,780,568355,-0.3812,0.5547,0.1918,5.7373,-21.4844,175.7812,0.6999,,
DATA,A001,9,781,568365,-0.3722,0.5577,0.1818,3.4790,-21.4844,179.2603,0.6947,,
DATA,A001,9,782,568375,-0.3797,0.5337,0.1395,-1.9531,-19.1650,177.8564,0.6697,,
DATA,A001,9,783,568385,-0.4332,0.5013,0.0714,-4.4556,-17.9443,174.4385,0.6664,,
DATA,A001,9,784,568395,-0.5257,0.4654,-0.0690,2.1362,-13.6108,165.1001,0.7055,,
DATA,A001,9,785,568405,-0.5643,0.4739,-0.1217,17.6392,-9.7046,155.8838,0.7469,,
DATA,A001,9,786,568415,-0.6131,0.5748,-0.1141,47.1802,-5.3101,143.3105,0.8481,,
DATA,A001,9,787,568425,-0.6556,0.6937,-0.0700,61.1572,-2.5024,136.1694,0.9570,,
DATA,A001,9,788,568435,-0.7445,0.9053,0.0096,65.3687,1.2207,125.1831,1.1722,,
DATA,A001,9,789,568445,-0.7960,1.0237,0.0233,57.9224,4.8828,116.5771,1.2970,,
DATA,A001,9,790,568455,-0.8754,1.1360,-0.0424,40.8325,13.7329,106.2622,1.4348,,
DATA,A001,9,791,568465,-0.9300,1.1519,-0.0931,32.6538,23.3154,100.4639,1.4834,,
DATA,A001,9,792,568475,-1.0243,1.1400,-0.1466,30.4565,39.9780,90.8203,1.5395,,
DATA,A001,9,793,568485,-1.0990,1.1275,-0.1425,33.2642,51.5747,81.7261,1.5809,,
DATA,A001,9,794,568495,-1.1798,1.1089,-0.0831,38.6353,66.7725,62.5610,1.6213,,
DATA,A001,9,795,568505,-1.2150,1.1016,-0.0355,41.7480,72.6318,47.4243,1.6404,,
DATA,A001,9,796,568515,-1.2233,1.0872,-0.0038,45.6543,77.6367,21.5454,1.6366,,
DATA,A001,9,797,568525,-1.2128,1.0523,0.0135,46.9360,79.8340,4.2725,1.6057,,
DATA,A001,9,798,568535,-1.2096,1.0152,0.0294,48.7671,78.9795,-11.5356,1.5794,,
DATA,A001,9,799,568545,-1.2713,0.9393,0.0463,54.9316,71.8994,-31.7993,1.5814,,
DATA,A001,9,800,568555,-1.3790,0.9512,0.0265,63.7207,53.1616,-43.0908,1.6755,,
DATA,A001,9,801,568565,-1.4835,1.2942,-0.0795,102.1118,16.9678,-70.6787,1.9703,,
DATA,A001,9,802,568575,-1.4484,1.8797,-0.1354,140.5029,-25.0854,-100.2197,2.3768,,
DATA,A001,9,803,568585,-1.3426,2.1231,-0.0958,124.7559,-49.1943,-115.6006,2.5138,,
DATA,A001,9,804,568595,-1.1949,2.0394,-0.0502,70.2515,-69.7021,-129.6997,2.3642,,
DATA,A001,9,805,568605,-1.0030,1.4852,-0.0431,-1.3428,-96.8018,-150.0244,1.7927,,
DATA,A001,9,806,568615,-0.9022,1.2078,-0.0743,5.6763,-110.9619,-169.6777,1.5094,,
DATA,A001,9,807,568625,-0.7525,1.2820,-0.0763,71.1060,-118.4082,-203.3691,1.4886,,
DATA,A001,9,808,568635,-0.6705,1.5565,-0.0328,99.3652,-111.9995,-218.0176,1.6951,,
DATA,A001,9,809,568645,-0.6146,1.8423,0.0448,83.2520,-94.4214,-226.0742,1.9427,,
DATA,A001,9,810,568655,-0.5917,1.7955,0.0951,50.2930,-82.1533,-228.9429,1.8928,,
DATA,A001,9,811,568665,-0.5380,1.4774,0.1078,9.4604,-64.2090,-238.0371,1.5759,,
DATA,A001,9,812,568675,-0.4838,1.2403,0.1019,-1.2817,-52.5513,-244.8120,1.3352,,
DATA,A001,9,813,568685,-0.3951,0.9681,0.1151,0.9766,-35.7056,-250.7935,1.0519,,
DATA,A001,9,814,568695,-0.3419,0.8531,0.1322,7.3242,-22.6440,-253.8452,0.9285,,
DATA,A001,9,815,568705,-0.3033,0.7315,0.1634,13.7939,-6.3477,-256.4087,0.8086,,
DATA,A001,9,816,568715,-0.3089,0.6634,0.1766,16.3574,1.5259,-256.1646,0.7528,,
DATA,A001,9,817,568725,-0.3243,0.6111,0.1354,21.3013,4.5776,-252.8076,0.7050,,
DATA,A001,9,818,568735,-0.3343,0.6141,0.0736,29.2358,0.7324,-248.9014,0.7031,,
DATA,A001,9,819,568745,-0.3124,0.6785,0.0257,47.3633,-11.4746,-243.2251,0.7474,,
DATA,A001,9,820,568755,-0.2403,0.7449,0.0690,57.6782,-20.9961,-238.5254,0.7858,,
DATA,A001,9,821,568765,-0.0646,0.8404,0.1107,54.0161,-34.1187,-225.6470,0.8501,,
DATA,A001,9,822,568775,0.0914,0.8077,0.0936,35.2783,-37.8418,-212.6465,0.8182,,
DATA,A001,9,823,568785,0.2409,0.6082,0.0502,-4.2725,-32.4707,-186.2793,0.6561,,
DATA,A001,9,824,568795,0.2460,0.4307,-0.0253,-24.3530,-14.9536,-167.2974,0.4967,,
DATA,A001,9,825,568805,0.1329,0.2225,-0.1344,-24.2310,26.2451,-141.6016,0.2919,,
DATA,A001,9,826,568815,0.0238,0.1942,-0.1513,0.9766,53.4058,-122.9858,0.2473,,
DATA,A001,9,827,568825,-0.1483,0.4271,-0.1154,51.6968,82.9468,-93.2617,0.4666,,
DATA,A001,9,828,568835,-0.2091,0.6895,-0.0973,75.8667,90.5151,-75.3784,0.7271,,
DATA,A001,9,829,568845,-0.2142,1.0928,-0.0490,79.5898,86.3647,-50.1099,1.1147,,
DATA,A001,9,830,568855,-0.1764,1.2816,-0.0504,61.2793,73.9746,-35.0342,1.2946,,
DATA,A001,9,831,568865,-0.1256,1.3729,-0.0590,33.7524,57.4951,-21.3623,1.3799,,
DATA,A001,9,832,568875,-0.0445,1.3253,-0.0612,-2.9297,26.9775,-3.9062,1.3274,,
DATA,A001,9,833,568885,-0.0101,1.2254,-0.0380,-16.4185,7.3242,7.8125,1.2260,,
DATA,A001,9,834,568895,0.0070,1.0650,0.0126,-24.3530,-17.8833,26.9165,1.0651,,
DATA,A001,9,835,568905,-0.0057,0.9708,0.0546,-26.9165,-30.1514,39.6118,0.9723,,
DATA,A001,9,836,568915,-0.0502,0.8692,0.1244,-31.4941,-42.1753,56.8848,0.8795,,
DATA,A001,9,837,568925,-0.0895,0.8172,0.1669,-36.1328,-45.8374,67.6270,0.8388,,
DATA,A001,9,838,568935,-0.1195,0.7562,0.1390,-46.6919,-47.0581,84.4116,0.7781,,
DATA,A001,9,839,568945,-0.0902,0.7530,0.0001,-53.8330,-40.4053,97.7783,0.7584,,
DATA,A001,9,840,568955,0.0175,0.7994,-0.1325,-43.3960,-21.1182,118.3472,0.8105,,
DATA,A001,9,841,568965,0.0917,0.8956,-0.1488,-26.4893,2.1973,133.1177,0.9125,,
DATA,A001,9,842,568975,0.1027,1.0591,-0.1583,-13.7329,41.8091,156.4331,1.0758,,
DATA,A001,9,843,568985,0.0509,1.1480,-0.1442,-15.1367,65.8569,173.4619,1.1581,,
DATA,A001,9,844,568995,-0.0953,1.2701,-0.0968,-17.9443,87.2803,200.6226,1.2773,,
DATA,A001,9,845,569005,-0.1896,1.3782,-0.0192,-13.9771,91.0034,218.2007,1.3913,,
DATA,A001,9,846,569015,-0.2692,1.5953,0.0326,-7.6904,94.9707,243.8965,1.6181,,
DATA,A001,9,847,569025,-0.2906,1.7488,0.1000,-8.3008,92.1021,259.0332,1.7756,,
DATA,A001,9,848,569035,-0.3341,1.9754,0.1639,-17.9443,99.6094,281.2500,2.0101,,
DATA,A001,9,849,569045,-0.3783,2.0687,0.1837,-28.5034,104.6143,292.3584,2.1110,,
DATA,A001,9,850,569055,-0.4393,2.0633,0.1874,-50.5371,113.8916,303.2227,2.1178,,
DATA,A001,9,851,569065,-0.4742,1.9432,0.1920,-68.2983,119.0796,306.3965,2.0094,,
DATA,A001,9,852,569075,-0.5069,1.6873,0.1710,-91.5527,123.0469,305.6641,1.7701,,
DATA,A001,9,853,569085,-0.5226,1.5171,0.1432,-102.7222,120.9717,301.3916,1.6110,,
DATA,A001,9,854,569095,-0.5279,1.2630,0.1012,-112.4268,108.7036,291.2598,1.3726,,
DATA,A001,9,855,569105,-0.5170,1.1085,0.0648,-111.8164,95.9473,284.1187,1.2248,,
DATA,A001,9,856,569115,-0.4537,0.9390,0.0150,-99.4263,73.6084,272.6440,1.0430,,
DATA,A001,9,857,569125,-0.3907,0.8931,0.0065,-85.3271,62.2559,262.6953,0.9749,,
DATA,A001,9,858,569135,-0.2855,0.9087,0.0265,-65.0024,57.2510,243.9575,0.9529,,
DATA,A001,9,859,569145,-0.2423,0.9481,0.0355,-58.2275,63.5376,231.2622,0.9792,,
DATA,A001,9,860,569155,-0.2696,0.9983,0.0113,-61.3403,76.8433,213.2568,1.0342,,
DATA,A001,9,861,569165,-0.3275,1.0135,-0.0380,-65.6128,78.3691,201.4771,1.0658,,
DATA,A001,9,862,569175,-0.4315,1.0562,-0.1259,-62.8662,62.9272,186.4014,1.1479,,
DATA,A001,9,863,569185,-0.4476,1.1231,-0.2040,-55.3589,40.5273,177.6733,1.2261,,
DATA,A001,9,864,569195,-0.4088,1.2596,-0.3141,-42.2974,2.4414,166.3208,1.3610,,
DATA,A001,9,865,569205,-0.3566,1.3626,-0.3634,-33.9966,-13.9160,159.6069,1.4546,,
DATA,A001,9,866,569215,-0.2733,1.5254,-0.3912,-22.7661,-15.1367,153.3813,1.5984,,
DATA,A001,9,867,569225,-0.2611,1.6280,-0.3556,-16.2354,-3.7842,153.4424,1.6867,,
DATA,A001,9,868,569235,-0.2848,1.7015,-0.2733,-12.3291,16.2964,155.5786,1.7467,,
DATA,A001,9,869,569245,-0.4274,1.7298,-0.1083,-13.8550,57.3120,158.7524,1.7851,,
DATA,A001,9,870,569255,-0.5641,1.6810,-0.0109,-18.4326,86.1816,159.6680,1.7731,,
DATA,A001,9,871,569265,-0.7164,1.5567,0.0997,-22.0337,126.0376,159.1797,1.7165,,
DATA,A001,9,872,569275,-0.7545,1.4771,0.1205,-21.3013,149.5361,156.1890,1.6630,,
DATA,A001,9,873,569285,-0.7692,1.3677,0.0826,-22.2778,182.3120,148.8647,1.5713,,
DATA,A001,9,874,569295,-0.7762,1.2918,0.0438,-25.5127,202.0264,143.9209,1.5077,,
DATA,A001,9,875,569305,-0.8321,1.1917,-0.0175,-29.1138,219.6045,134.8877,1.4536,,
DATA,A001,9,876,569315,-0.9352,1.1854,-0.0617,-25.0244,214.3555,129.0283,1.5111,,
DATA,A001,9,877,569325,-1.0907,1.3399,-0.1232,-5.3711,176.5747,116.1499,1.7321,,
DATA,A001,9,878,569335,-1.1498,1.4847,-0.1347,4.2725,132.8735,103.1494,1.8826,,
DATA,A001,9,879,569345,-1.1786,1.4944,-0.1481,-11.8408,55.4810,85.6323,1.9090,,
DATA,A001,9,880,569355,-1.1593,1.3328,-0.1945,-36.7432,3.1738,70.6177,1.7771,,
DATA,A001,9,881,569365,-1.0704,1.0535,-0.3126,-52.1240,-68.3594,36.6821,1.5341,,
DATA,A001,9,882,569375,-1.0004,0.9774,-0.3683,-34.8511,-107.9712,10.3760,1.4462,,
DATA,A001,9,883,569385,-0.8475,1.0882,-0.3446,12.8174,-145.8740,-27.6489,1.4217,,
DATA,A001,9,884,569395,-0.7523,1.2366,-0.2899,34.2407,-157.4707,-51.0864,1.4762,,
DATA,A001,9,885,569405,-0.6271,1.3409,-0.1937,32.1045,-162.4146,-82.1533,1.4929,,
DATA,A001,9,886,569415,-0.5370,1.2613,-0.1339,17.5781,-161.9873,-101.2573,1.3774,,
DATA,A001,9,887,569425,-0.4000,1.0350,-0.0494,2.1973,-157.3486,-129.4556,1.1107,,
DATA,A001,9,888,569435,-0.3087,0.8831,-0.0055,1.4648,-147.9492,-148.0103,0.9355,,
DATA,A001,9,889,569445,-0.2113,0.7137,0.0587,8.4229,-125.5493,-172.7905,0.7466,,
DATA,A001,9,890,569455,-0.1788,0.6385,0.0965,13.9771,-105.7129,-187.2559,0.6700,,
DATA,A001,9,891,569465,-0.1847,0.5670,0.1561,20.0195,-72.6929,-205.5054,0.6164,,
DATA,A001,9,892,569475,-0.2159,0.5377,0.1754,23.2544,-54.2603,-215.4541,0.6054,,
DATA,A001,9,893,569485,-0.2799,0.5152,0.1673,27.9541,-37.7808,-227.9663,0.6097,,
DATA,A001,9,894,569495,-0.3219,0.5154,0.1454,30.2124,-31.3721,-235.7178,0.6248,,
DATA,A001,9,895,569505,-0.3644,0.5394,0.1095,33.6304,-27.1606,-247.4365,0.6600,,
DATA,A001,9,896,569515,-0.3756,0.5772,0.0743,36.9263,-27.8320,-254.2725,0.6927,,
DATA,A001,9,897,569525,-0.3834,0.6824,0.0233,44.9219,-31.8604,-263.3057,0.7831,,
DATA,A001,9,898,569535,-0.3929,0.7776,-0.0072,50.7202,-36.6821,-267.2119,0.8713,,
DATA,A001,9,899,569545,-0.3966,0.9449,-0.0487,54.4434,-49.0723,-270.2026,1.0259,,
DATA,A001,9,900,569555,-0.3963,1.0672,-0.0643,54.5044,-59.7534,-270.3857,1.1402,,
DATA,A001,9,901,569565,-0.3885,1.2046,-0.0946,53.6499,-72.6929,-268.9209,1.2693,,
DATA,A001,9,902,569575,-0.3724,1.4476,-0.1390,51.3306,-90.0269,-264.9536,1.5012,,
DATA,A001,9,903,569585,-0.3497,1.6426,-0.1476,47.6074,-99.7925,-262.2070,1.6859,,
DATA,A001,9,904,569595,-0.3309,1.9803,-0.1823,41.5039,-108.7646,-255.0659,2.0160,,
DATA,A001,9,905,569605,-0.3185,2.2374,-0.2164,35.3394,-112.7319,-249.1455,2.2703,,
DATA,A001,9,906,569615,-0.2367,2.5828,-0.2728,15.8081,-108.9478,-242.3096,2.6080,,
DATA,A001,9,907,569625,-0.1852,2.6888,-0.2929,-7.3242,-100.7080,-241.1499,2.7110,,
DATA,A001,9,908,569635,-0.1029,2.5135,-0.2899,-49.4995,-84.2896,-243.8965,2.5322,,
DATA,A001,9,909,569645,-0.0448,2.2488,-0.2665,-68.4204,-70.1294,-246.2769,2.2650,,
DATA,A001,9,910,569655,0.0236,1.9036,-0.2096,-70.0684,-44.1895,-250.6104,1.9153,,
DATA,A001,9,911,569665,0.0558,1.7579,-0.1366,-60.3638,-24.3530,-254.3335,1.7641,,
DATA,A001,9,912,569675,0.0477,1.6065,-0.0236,-48.7061,7.1411,-257.8735,1.6074,,
DATA,A001,9,913,569685,0.0031,1.5040,0.0741,-45.1660,23.3765,-258.2397,1.5058,,
DATA,A001,9,914,569695,-0.0709,1.4139,0.1097,-39.7339,39.6729,-254.5776,1.4199,,
DATA,A001,9,915,569705,-0.0904,1.4305,0.0541,-28.2593,47.1191,-247.2534,1.4344,,
DATA,A001,9,916,569715,-0.0917,1.5030,-0.0861,-9.3384,51.7578,-232.1777,1.5082,,
DATA,A001,9,917,569725,-0.1066,1.4859,-0.1383,-6.1646,55.4810,-220.2759,1.4961,,
DATA,A001,9,918,569735,-0.1195,1.2884,-0.1710,-16.7847,58.2275,-204.0405,1.3052,,
DATA,A001,9,919,569745,-0.1371,1.0926,-0.1766,-21.2402,57.8003,-194.4580,1.1152,,
DATA,A001,9,920,569755,-0.1466,0.8629,-0.1117,-5.9814,53.8330,-176.5747,0.8823,,
DATA,A001,9,921,569765,-0.1705,0.8089,-0.0438,15.5029,47.9736,-161.0107,0.8278,,
DATA,A001,9,922,569775,-0.2098,0.8631,0.0521,45.1050,30.9448,-137.6953,0.8898,,
DATA,A001,9,923,569785,-0.2079,0.9417,0.0985,52.7954,16.0522,-123.0469,0.9694,,
DATA,A001,9,924,569795,-0.1420,1.0110,0.1459,45.1050,-9.3384,-99.2432,1.0313,,
DATA,A001,9,925,569805,-0.0941,0.9930,0.1647,33.2642,-23.1934,-82.1533,1.0109,,
DATA,A001,9,926,569815,-0.0638,0.8870,0.1986,19.6533,-35.5225,-57.3120,0.9112,,
DATA,A001,9,927,569825,-0.0746,0.8060,0.2235,16.2964,-39.1846,-41.1377,0.8397,,
DATA,A001,9,928,569835,-0.0970,0.7369,0.2318,14.7095,-40.8325,-20.6299,0.7785,,
DATA,A001,9,929,569845,-0.0887,0.6966,0.2172,11.9629,-38.9404,-9.0332,0.7350,,
DATA,A001,9,930,569855,-0.0541,0.6197,0.1683,1.4648,-31.9824,5.3101,0.6444,,
DATA,A001,9,931,569865,-0.0121,0.5479,0.1341,-6.8359,-22.9492,13.7329,0.5642,,
DATA,A001,9,932,569875,0.0424,0.4124,0.0926,-15.8081,-5.2490,25.8179,0.4248,,
DATA,A001,9,933,569885,0.0661,0.3187,0.0680,-17.2729,7.7515,33.6914,0.3325,,
DATA,A001,9,934,569895,0.0768,0.2381,0.0472,-14.8926,20.5078,41.5039,0.2546,,
DATA,A001,9,935,569905,0.0858,0.1446,0.0321,-5.3101,36.8652,54.2603,0.1712,,
DATA,A001,9,936,569915,0.0834,0.1043,0.0382,3.4790,45.0439,64.9414,0.1389,,
DATA,A001,9,937,569925,0.0736,0.0806,0.0629,16.1743,53.4668,84.2285,0.1260,,
DATA,A001,9,938,569935,0.0907,0.0826,0.0931,22.8271,54.9316,99.3652,0.1540,,
DATA,A001,9,939,569945,0.1647,0.1150,0.1500,27.0996,57.1289,128.0518,0.2507,,
DATA,A001,9,940,569955,0.2020,0.1429,0.1876,25.2686,69.0918,149.6582,0.3105,,
DATA,A001,9,941,569965,0.1134,0.2046,0.2308,20.1416,101.9897,181.7017,0.3287,,
DATA,A001,9,942,569975,-0.0670,0.2747,0.2152,18.7988,127.9297,200.8057,0.3553,,
DATA,A001,9,943,569985,-0.4452,0.4488,0.1859,26.4893,148.0103,229.8584,0.6589,,
DATA,A001,9,944,569995,-0.6937,0.6116,0.1676,34.3628,137.7563,247.3145,0.9399,,
DATA,A001,9,945,570005,-0.9610,0.8760,0.1954,41.6870,93.9941,268.4326,1.3150,,
DATA,A001,9,946,570015,-1.0331,1.0462,0.2125,37.2925,53.3447,279.7852,1.4856,,
DATA,A001,9,947,570025,-0.9608,1.2342,0.1486,16.5405,-10.7422,289.2456,1.5711,,
DATA,A001,9,948,570035,-0.8534,1.2650,0.1283,2.0142,-43.1519,288.2080,1.5313,,
DATA,A001,9,949,570045,-0.6820,1.2632,0.1373,-6.5308,-53.4668,278.7476,1.4421,,
DATA,A001,9,950,570055,-0.5921,1.2615,0.1527,-2.8076,-44.6777,271.4233,1.4019,,
DATA,A001,9,951,570065,-0.5267,1.2510,0.1952,5.0659,-24.2920,260.7422,1.3714,,
DATA,A001,9,952,570075,-0.5409,1.2662,0.1871,6.5308,-17.5781,250.9766,1.3895,,
DATA,A001,9,953,570085,-0.5997,1.4097,0.1351,12.5122,-25.3906,239.0747,1.5379,,
DATA,A001,9,954,570095,-0.6022,1.6312,0.1100,26.9165,-36.0718,231.2622,1.7422,,
DATA,A001,9,955,570105,-0.5997,2.0655,0.0587,41.1987,-50.9033,213.4399,2.1516,,
DATA,A001,9,956,570115,-0.6227,2.3282,-0.0004,31.4941,-53.8330,199.7070,2.4100,,
DATA,A001,9,957,570125,-0.6576,2.4449,-0.0477,-5.4932,-44.2505,175.3540,2.5322,,
DATA,A001,9,958,570135,-0.6622,2.2718,-0.0985,-31.4331,-30.4565,157.6538,2.3684,,
DATA,A001,9,959,570145,-0.6412,1.8152,-0.1691,-52.6123,-5.3711,127.2583,1.9326,,
DATA,A001,9,960,570155,-0.6156,1.5457,-0.1923,-51.0864,10.9253,101.8066,1.6749,,
DATA,A001,9,961,570165,-0.5985,1.2913,-0.2020,-30.3345,24.7192,59.3872,1.4375,,
DATA,A001,9,962,570175,-0.5941,1.2315,-0.1686,-10.7422,24.0479,33.9966,1.3777,,
DATA,A001,9,963,570185,-0.5804,1.2579,-0.0787,14.0381,7.9346,4.0283,1.3876,,
DATA,A001,9,964,570195,-0.5709,1.2764,-0.0265,20.5688,-8.6670,-10.7422,1.3985,,
DATA,A001,9,965,570205,-0.5621,1.2195,0.0116,15.8691,-32.8979,-28.0762,1.3429,,
DATA,A001,9,966,570215,-0.5482,1.1219,0.0177,7.9956,-43.2129,-38.5132,1.2488,,
DATA,A001,9,967,570225,-0.5682,0.9371,-0.0399,0.7935,-53.8940,-53.2227,1.0966,,
DATA,A001,9,968,570235,-0.6551,0.8113,-0.0907,3.2349,-64.5752,-60.3638,1.0468,,
DATA,A001,9,969,570245,-0.7552,0.7049,-0.0802,12.4512,-77.2705,-67.5659,1.0362,,
DATA,A001,9,970,570255,-0.9037,0.6116,-0.0314,30.9448,-113.0981,-83.1299,1.0917,,
DATA,A001,9,971,570265,-0.9747,0.6104,0.0636,47.2412,-157.3486,-101.1963,1.1518,,
DATA,A001,9,972,570275,-0.9601,0.6546,0.0965,50.9033,-196.5942,-115.3564,1.1660,,
DATA,A001,9,973,570285,-0.9269,0.7205,0.0929,48.2178,-237.6709,-129.5776,1.1776,,
DATA,A001,9,974,570295,-0.8788,0.7784,0.0279,34.0576,-296.6919,-151.3672,1.1743,,
DATA,A001,9,975,570305,-0.8868,0.8008,-0.0795,23.4985,-339.5996,-164.0625,1.1975,,
DATA,A001,9,976,570315,-0.8797,0.7986,-0.1393,14.7095,-401.6113,-185.4858,1.1963,,
DATA,A001,9,977,570325,-0.9095,0.8609,-0.1642,14.4043,-447.5708,-199.4019,1.2631,,
DATA,A001,9,978,570335,-0.9955,1.0428,-0.2814,11.4136,-530.0293,-217.3462,1.4689,,
DATA,A001,9,979,570345,-1.0138,1.1915,-0.3761,4.6387,-588.1348,-219.3604,1.6090,,
DATA,A001,9,980,570355,-0.8509,1.4957,-0.5565,-14.5874,-679.7485,-226.9897,1.8085,,
DATA,A001,9,981,570365,-0.6754,1.5870,-0.6332,-36.3770,-718.8110,-232.7881,1.8373,,
DATA,A001,9,982,570375,-0.4903,1.6400,-0.5680,-60.9131,-722.9614,-236.5112,1.8035,,
DATA,A001,9,983,570385,-0.4291,1.6700,-0.4608,-79.1626,-700.5005,-237.9761,1.7847,,
DATA,A001,9,984,570395,-0.4806,1.6268,-0.3812,-107.6050,-658.3862,-224.3042,1.7386,,
DATA,A001,9,985,570405,-0.4479,1.5508,-0.2665,-118.6523,-636.4136,-215.9424,1.6361,,
DATA,A001,9,986,570415,-0.3561,1.5235,-0.0155,-127.5635,-609.9243,-202.6367,1.5646,,
DATA,A001,9,987,570425,-0.2862,1.5550,0.1351,-134.0942,-587.8906,-192.5049,1.5869,,
DATA,A001,9,988,570435,-0.1590,1.5821,0.3009,-152.1606,-548.8892,-177.6123,1.6183,,
DATA,A001,9,989,570445,-0.0851,1.5355,0.3451,-164.3066,-511.4136,-168.4570,1.5761,,
DATA,A001,9,990,570455,-0.0389,1.3943,0.3148,-178.6499,-444.8242,-159.3628,1.4300,,
DATA,A001,9,991,570465,-0.0336,1.2974,0.3004,-184.6313,-400.2075,-153.3813,1.3322,,
DATA,A001,9,992,570475,-0.0282,1.1241,0.2296,-190.5518,-335.6934,-141.9678,1.1476,,
DATA,A001,9,993,570485,0.0082,1.0015,0.2057,-188.9038,-301.6968,-131.5308,1.0225,,
DATA,A001,9,994,570495,-0.0275,0.8538,0.2377,-173.1567,-254.3945,-114.3188,0.8867,,
DATA,A001,9,995,570505,-0.0809,0.8423,0.2840,-155.8838,-234.0698,-99.8535,0.8926,,
DATA,A001,9,996,570515,-0.1361,0.8882,0.3448,-132.8125,-213.6841,-78.3081,0.9625,,
DATA,A001,9,997,570525,-0.0997,0.9100,0.3837,-127.6855,-205.8716,-69.3970,0.9926,,
DATA,A001,9,998,570535,0.0726,0.7938,0.3666,-129.4556,-188.0493,-64.4531,0.8773,,
DATA,A001,9,999,570545,0.2128,0.6932,0.3727,-124.8169,-171.3257,-61.1572,0.8153,,
DATA,A001,9,1000,570555,0.3148,0.6226,0.4405,-112.1216,-137.4512,-51.8188,0.8251,,
DATA,A001,9,1001,570565,0.2975,0.6185,0.4508,-104.3701,-108.8867,-45.3491,0.8211,,
DATA,A001,9,1002,570575,0.1771,0.6317,0.4857,-91.6748,-74.6460,-36.9873,0.8163,,
DATA,A001,9,1003,570585,0.0702,0.6304,0.5021,-82.2144,-62.8662,-31.9824,0.8090,,
DATA,A001,9,1004,570595,-0.0204,0.6268,0.5409,-70.9839,-59.8145,-26.4893,0.8281,,
DATA,A001,9,1005,570605,-0.0729,0.6534,0.6664,-52.9175,-65.6128,-15.6250,0.9361,,
DATA,A001,9,1006,570615,-0.0502,0.6810,0.7482,-43.4570,-67.1997,-5.9204,1.0129,,
DATA,A001,9,1007,570625,0.0431,0.7261,0.8199,-33.3252,-59.6924,10.0708,1.0961,,
DATA,A001,9,1008,570635,0.1469,0.7664,0.7789,-29.3579,-46.4478,19.8364,1.1026,,
DATA,A001,9,1009,570645,0.2340,0.9371,0.6493,-26.0620,-14.4043,24.7803,1.1638,,
DATA,A001,9,1010,570655,0.2655,0.9715,0.6012,-31.6772,6.6528,19.2261,1.1729,,
DATA,A001,9,1011,570665,0.2885,0.3860,0.6808,-55.5420,63.2935,95.5811,0.8341,,
DATA,A001,9,1012,570675,0.3549,0.3817,0.5895,-33.7524,78.4302,29.1748,0.7868,,
DATA,A001,9,1013,570685,0.0363,0.6199,0.7355,-38.3301,95.4590,34.7290,0.9626,,
DATA,A001,9,1014,570695,-0.1251,0.5765,0.7286,-59.6924,83.9844,2.8076,0.9375,,
DATA,A001,9,1015,570705,-0.1561,0.5784,0.7220,-68.5425,28.0151,0.3662,0.9382,,
DATA,A001,9,1016,570715,-0.1078,0.8685,0.7159,-60.3027,-7.4463,0.6714,1.1307,,
DATA,A001,9,1017,570725,-0.0160,0.4957,0.7316,-79.2236,-38.8794,-11.8408,0.8838,,
DATA,A001,9,1018,570735,0.0709,0.4881,0.7152,-84.6558,-65.4907,-22.5830,0.8688,,
DATA,A001,9,1019,570745,0.2069,0.0899,0.4982,-89.0503,-84.1675,-25.9399,0.5469,,
DATA,A001,9,1020,570755,0.5397,-0.2065,0.5026,-27.8320,-91.6138,-4.0283,0.7658,,
DATA,A001,9,1021,570765,0.5192,0.2601,0.5712,28.9917,-19.1040,37.9028,0.8145,,
DATA,A001,9,1022,570775,0.4052,0.1802,0.4838,33.3862,23.5596,14.8926,0.6562,,
DATA,A001,9,1023,570785,0.1801,0.1985,0.5997,59.8145,34.4849,-1.9531,0.6569,,
DATA,A001,9,1024,570795,0.0922,0.3443,0.6815,58.5327,26.8555,0.1831,0.7691,,
DATA,A001,9,1025,570805,0.0778,0.4910,0.7252,15.0146,3.4790,-2.3804,0.8793,,
DATA,A001,9,1026,570815,0.0797,0.4564,0.7401,-18.0664,-13.9160,-8.1177,0.8731,,
DATA,A001,9,1027,570825,0.0768,0.2657,0.7443,-25.5127,-44.7388,-30.3955,0.7940,,
DATA,A001,9,1028,570835,0.1696,0.3814,0.7591,-23.0103,-56.7017,-41.8091,0.8663,,
DATA,A001,9,1029,570845,0.1256,0.1963,0.7425,-19.3481,-86.4258,-37.7197,0.7783,,
DATA,A001,9,1030,570855,0.2643,0.2337,0.6940,-15.5640,-104.8584,-45.3491,0.7785,,
DATA,A001,9,1031,570865,0.4494,0.3055,0.7091,-15.1367,-98.9380,-24.1089,0.8933,,
DATA,A001,9,1032,570875,0.4115,0.3350,0.7726,-16.0522,-76.6602,-17.1509,0.9373,,
DATA,A001,9,1033,570885,0.3161,0.3460,0.7008,-37.8418,-60.6079,-24.6582,0.8430,,
DATA,A001,9,1034,570895,0.3698,0.4236,0.7523,-37.6587,-54.9927,-28.8086,0.9392,,
DATA,A001,9,1035,570905,0.3812,0.3343,0.7206,-40.8936,-46.4478,-31.9824,0.8811,,
DATA,A001,9,1036,570915,0.4252,0.4503,0.7406,-38.1470,-38.2080,-38.0249,0.9654,,
DATA,A001,9,1037,570925,0.3947,0.4612,0.8585,-52.1240,-23.8647,-36.4990,1.0514,,
DATA,A001,9,1038,570935,0.3829,0.4627,0.9029,-53.3447,-14.7705,-38.3301,1.0845,,
DATA,A001,9,1039,570945,0.4035,0.3758,0.8417,-47.5464,1.5869,-38.2690,1.0062,,
DATA,A001,9,1040,570955,0.3427,0.4090,0.7406,-32.5928,13.9771,-30.7617,0.9128,,
DATA,A001,9,1041,570965,0.3068,0.4171,0.7484,-29.1748,5.6152,-28.3203,0.9100,,
DATA,A001,9,1042,570975,0.3156,0.3604,0.7718,-12.4512,-2.2583,-21.3013,0.9084,,
DATA,A001,9,1043,570985,0.2953,0.3045,0.8270,-6.0425,-4.3335,-16.7236,0.9295,,
DATA,A001,9,1044,570995,0.3737,0.3631,0.8636,5.3711,3.5400,-8.5449,1.0086,,
DATA,A001,9,1045,571005,0.3268,0.4224,0.9486,7.5073,9.4604,-0.7324,1.0886,,
DATA,A001,9,1046,571015,0.3195,0.5003,0.9506,27.9541,24.0479,-3.9062,1.1207,,
DATA,A001,9,1047,571025,0.3322,0.4822,1.0572,25.5737,23.3154,7.1411,1.2086,,
DATA,A001,9,1048,571035,0.3251,0.4503,1.0975,29.6631,37.5977,5.8594,1.2300,,
DATA,A001,9,1049,571045,0.3512,0.4520,1.1051,31.4331,52.0630,4.9438,1.2445,,
DATA,A001,9,1050,571055,0.2963,0.4507,1.0978,24.7192,62.6831,-0.3662,1.2231,,
DATA,A001,9,1051,571065,0.3075,0.5052,1.0433,22.2778,67.0166,-5.3101,1.1993,,
DATA,A001,9,1052,571075,0.2496,0.4439,0.9816,20.5688,58.5938,-7.4463,1.1058,,
DATA,A001,9,1053,571085,0.2619,0.4246,0.9681,22.3389,48.4009,-5.7373,1.0891,,
DATA,A001,9,1054,571095,0.3351,0.3577,0.9750,29.6631,36.4990,-1.6479,1.0912,,
DATA,A001,9,1055,571105,0.3275,0.3428,0.9808,37.1094,36.0718,-1.7090,1.0894,,
DATA,A001,9,1056,571115,0.3021,0.3443,0.9850,46.5698,34.8511,-4.7607,1.0863,,
DATA,A001,9,1057,571125,0.2875,0.3670,0.9791,52.5513,31.4941,-0.9766,1.0844,,
EVENT,A001,9,,571133,,,,,,,,STOP,1057
EVENT,A001,10,,582256,,,,,,,,START,
DATA,A001,10,1,582279,0.3185,0.2400,0.9115,36.9873,45.5933,29.6021,0.9949,,
DATA,A001,10,2,582289,0.3226,0.3038,0.8712,38.5742,49.1333,21.6064,0.9774,,
DATA,A001,10,3,582299,0.3222,0.3296,0.8041,41.8701,51.7578,18.6768,0.9268,,
DATA,A001,10,4,582309,0.3202,0.3880,0.7325,42.2363,57.7393,20.9351,0.8886,,
DATA,A001,10,5,582319,0.3512,0.4041,0.6854,41.0156,63.6597,26.0620,0.8697,,
DATA,A001,10,6,582329,0.3566,0.4100,0.6183,39.2456,70.8618,32.7759,0.8231,,
DATA,A001,10,7,582339,0.3693,0.4293,0.5746,36.3159,73.9136,42.9688,0.8067,,
DATA,A001,10,8,582349,0.3932,0.4617,0.5277,36.3770,84.2896,56.7017,0.8039,,
DATA,A001,10,9,582359,0.4408,0.3904,0.5304,39.9170,91.1865,66.6504,0.7925,,
DATA,A001,10,10,582369,0.4611,0.3052,0.5279,56.7017,110.4736,84.4116,0.7645,,
DATA,A001,10,11,582379,0.4318,0.2845,0.5011,72.7539,127.5635,95.3369,0.7200,,
DATA,A001,10,12,582389,0.3888,0.2964,0.4178,101.6235,152.3438,112.3657,0.6431,,
DATA,A001,10,13,582399,0.3649,0.3401,0.4393,123.2300,171.5088,121.8872,0.6647,,
DATA,A001,10,14,582409,0.6566,0.6663,0.3776,126.7090,239.5020,161.7432,1.0088,,
DATA,A001,10,15,582419,0.4835,0.5150,0.2872,119.5068,279.6631,162.3535,0.7625,,
DATA,A001,10,16,582429,0.5958,1.2083,0.2120,139.4043,321.5942,287.1704,1.3638,,
DATA,A001,10,17,582439,0.3927,0.8089,0.0978,159.5459,404.3579,267.1509,0.9045,,
DATA,A001,10,18,582449,-0.0206,0.9373,0.1893,108.5205,452.3926,182.6782,0.9565,,
DATA,A001,10,19,582459,-0.1168,0.7842,0.1288,73.9136,446.7163,176.2085,0.8033,,
DATA,A001,10,20,582469,0.0531,0.6238,0.1481,79.5288,440.4297,212.6465,0.6434,,
DATA,A001,10,21,582479,0.1207,0.6209,0.0990,104.9194,448.7305,241.8823,0.6402,,
DATA,A001,10,22,582489,0.2316,0.8104,0.0038,127.3804,503.1128,267.4561,0.8428,,
DATA,A001,10,23,582499,0.1974,0.9324,-0.0697,125.9766,548.0957,277.6489,0.9556,,
DATA,A001,10,24,582509,0.0949,1.1192,-0.2113,111.5723,627.0142,292.3584,1.1429,,
DATA,A001,10,25,582519,-0.0272,1.1854,-0.2931,97.7173,672.9126,303.1616,1.2214,,
DATA,A001,10,26,582529,-0.1932,1.2679,-0.4098,77.0264,729.5532,317.8101,1.3464,,
DATA,A001,10,27,582539,-0.3133,1.3284,-0.4684,63.5986,754.8218,326.4771,1.4430,,
DATA,A001,10,28,582549,-0.4669,1.4156,-0.5487,38.4521,779.9683,340.6372,1.5884,,
DATA,A001,10,29,582559,-0.5411,1.4568,-0.5663,21.0571,791.1987,340.4541,1.6541,,
DATA,A001,10,30,582569,-0.6144,1.4979,-0.5861,0.3662,796.0815,340.5762,1.7218,,
DATA,A001,10,31,582579,-0.7286,1.5203,-0.5949,-33.1421,797.6685,339.2334,1.7878,,
DATA,A001,10,32,582589,-0.7081,1.4688,-0.4708,-55.6641,793.5181,337.4634,1.6972,,
DATA,A001,10,33,582599,-0.4410,1.4568,-0.3434,-75.0732,782.2876,324.9512,1.5604,,
DATA,A001,10,34,582609,-0.8299,1.6060,-0.8810,-111.3281,883.1177,283.4473,2.0110,,
DATA,A001,10,35,582619,-1.8854,1.7349,-0.3854,-132.6904,845.7031,291.7480,2.5910,,
DATA,A001,10,36,582629,-2.8138,2.0005,-0.2489,-174.7437,761.3525,300.4150,3.4615,,
DATA,A001,10,37,582639,-3.1471,1.2083,0.2101,-218.2007,204.1626,312.1948,3.3776,,
DATA,A001,10,38,582649,-2.4293,1.0052,0.0414,-187.2559,-34.2407,311.7676,2.6294,,
DATA,A001,10,39,582659,-1.3783,1.0220,-0.0980,-150.2075,-286.9873,275.7568,1.7187,,
DATA,A001,10,40,582669,-0.9625,1.1067,-0.2291,-104.4922,-332.7026,282.3486,1.4845,,
DATA,A001,10,41,582679,-0.5231,1.3604,-0.0931,-2.8076,-233.8867,273.5596,1.4605,,
DATA,A001,10,42,582689,-0.4139,1.5999,0.0585,44.9219,-117.9199,255.6152,1.6536,,
DATA,A001,10,43,582699,-0.7340,1.8062,0.2396,59.0210,-8.1177,234.3750,1.9643,,
DATA,A001,10,44,582709,-1.0267,1.7581,0.3007,42.6636,32.2266,215.7593,2.0580,,
DATA,A001,10,45,582719,-1.2345,1.4590,0.3370,16.1133,61.5234,184.5703,1.9407,,
DATA,A001,10,46,582729,-1.2867,1.2322,0.3619,10.2539,57.1289,165.2832,1.8180,,
DATA,A001,10,47,582739,-1.3021,0.9664,0.3275,17.9443,24.1699,134.6436,1.6543,,
DATA,A001,10,48,582749,-1.2213,0.8548,0.2970,25.6958,10.0708,109.9854,1.5200,,
DATA,A001,10,49,582759,-1.0614,0.7430,0.2418,31.3110,-2.8687,72.5098,1.3180,,
DATA,A001,10,50,582769,-1.0023,0.6861,0.1896,31.7993,-6.6528,52.6733,1.2293,,
DATA,A001,10,51,582779,-0.9711,0.6097,0.1080,31.1279,-6.5918,27.5879,1.1517,,
DATA,A001,10,52,582789,-1.0326,0.5765,0.0436,33.6914,-10.0708,12.7563,1.1834,,
DATA,A001,10,53,582799,-1.1644,0.6512,-0.0473,49.7437,-15.9912,-11.5967,1.3350,,
DATA,A001,10,54,582809,-1.2049,0.7955,-0.0765,67.1997,-23.6816,-29.7241,1.4459,,
DATA,A001,10,55,582819,-1.1954,1.0789,0.0372,85.2051,-43.2129,-55.5420,1.6107,,
DATA,A001,10,56,582829,-1.1661,1.2408,0.1476,78.4912,-60.0586,-70.8618,1.7091,,
DATA,A001,10,57,582839,-1.0494,1.3143,0.1925,39.5508,-83.0078,-96.3745,1.6928,,
DATA,A001,10,58,582849,-0.9269,1.2513,0.2001,13.0615,-93.5669,-115.2954,1.5700,,
DATA,A001,10,59,582859,-0.6871,1.1199,0.2269,-3.6011,-95.7031,-143.7378,1.3334,,
DATA,A001,10,60,582869,-0.5311,1.0731,0.2665,-0.9766,-85.2051,-162.9028,1.2266,,
DATA,A001,10,61,582879,-0.3612,1.0626,0.3570,2.4414,-56.6406,-192.9932,1.1777,,
DATA,A001,10,62,582889,-0.3163,1.0523,0.4444,-2.5635,-30.8228,-208.8623,1.1853,,
DATA,A001,10,63,582899,-0.3307,1.0264,0.5431,-17.3950,10.1929,-225.2808,1.2074,,
DATA,A001,10,64,582909,-0.3844,0.9981,0.5626,-25.3906,30.7617,-232.7271,1.2085,,
DATA,A001,10,65,582919,-0.4601,0.9691,0.5651,-30.3955,44.5557,-239.5020,1.2124,,
DATA,A001,10,66,582929,-0.5030,0.9842,0.5340,-31.4331,43.6401,-243.0420,1.2276,,
DATA,A001,10,67,582939,-0.5492,0.9991,0.4557,-33.5083,36.2549,-246.8262,1.2278,,
DATA,A001,10,68,582949,-0.5831,1.0150,0.4137,-36.2549,26.1230,-248.5962,1.2415,,
DATA,A001,10,69,582959,-0.5934,1.0372,0.4066,-37.5366,23.2544,-250.1831,1.2622,,
DATA,A001,10,70,582969,-0.6268,1.0611,0.4047,-39.1235,23.9258,-255.0049,1.2971,,
DATA,A001,10,71,582979,-0.6422,1.0721,0.4139,-41.3208,22.6440,-257.4463,1.3165,,
DATA,A001,10,72,582989,-0.6703,1.0899,0.4066,-46.6919,12.2681,-258.8501,1.3426,,
DATA,A001,10,73,582999,-0.6820,1.1021,0.3927,-49.8657,-2.9297,-258.4229,1.3542,,
DATA,A001,10,74,583009,-0.6407,1.1360,0.3546,-53.6499,-31.9214,-255.4932,1.3516,,
DATA,A001,10,75,583019,-0.6039,1.1641,0.3265,-55.5420,-48.4619,-251.8921,1.3515,,
DATA,A001,10,76,583029,-0.5660,1.2051,0.2740,-58.5938,-66.7114,-242.0044,1.3594,,
DATA,A001,10,77,583039,-0.5633,1.2278,0.2501,-59.9365,-74.4019,-232.6050,1.3739,,
DATA,A001,10,78,583049,-0.5609,1.2537,0.2399,-59.9365,-80.5664,-216.0034,1.3943,,
DATA,A001,10,79,583059,-0.5484,1.2664,0.2474,-57.1289,-82.0923,-203.5522,1.4021,,
DATA,A001,10,80,583069,-0.5228,1.2889,0.2491,-53.2227,-81.2988,-185.2417,1.4130,,
DATA,A001,10,81,583079,-0.5021,1.2908,0.2499,-52.6123,-79.0405,-173.8892,1.4074,,
DATA,A001,10,82,583089,-0.4620,1.2693,0.2660,-51.1475,-74.3408,-158.2031,1.3768,,
DATA,A001,10,83,583099,-0.4335,1.2398,0.2784,-49.5605,-71.2891,-148.4985,1.3426,,
DATA,A001,10,84,583109,-0.4044,1.1644,0.2809,-47.4854,-65.7959,-134.9487,1.2642,,
DATA,A001,10,85,583119,-0.3907,1.1299,0.2684,-42.7856,-62.3169,-125.9766,1.2254,,
DATA,A001,10,86,583129,-0.3680,1.1502,0.2621,-28.0151,-55.6030,-111.5112,1.2358,,
DATA,A001,10,87,583139,-0.3690,1.1927,0.2423,-18.0664,-51.7578,-101.6235,1.2718,,
DATA,A001,10,88,583149,-0.3671,1.2188,0.1998,-13.7329,-50.1709,-87.0361,1.2885,,
DATA,A001,10,89,583159,-0.3548,1.1907,0.1715,-15.9912,-50.7812,-77.5757,1.2543,,
DATA,A001,10,90,583169,-0.3214,1.1041,0.1312,-17.1509,-52.0630,-63.2935,1.1574,,
DATA,A001,10,91,583179,-0.2884,1.0435,0.1114,-13.9771,-50.5981,-54.0161,1.0884,,
DATA,A001,10,92,583189,-0.2423,0.9703,0.0914,-8.0566,-44.7388,-39.7339,1.0042,,
DATA,A001,10,93,583199,-0.2225,0.9229,0.0836,-5.6763,-38.8794,-29.1748,0.9530,,
DATA,A001,10,94,583209,-0.1954,0.8653,0.0719,-3.4790,-27.6489,-11.5356,0.8900,,
DATA,A001,10,95,583219,-0.1908,0.8167,0.0690,-2.8687,-20.5078,0.9766,0.8415,,
DATA,A001,10,96,583229,-0.1803,0.7440,0.0721,-4.3335,-9.7046,21.4233,0.7689,,
DATA,A001,10,97,583239,-0.1747,0.7000,0.0331,-5.7983,0.1221,37.9028,0.7222,,
DATA,A001,10,98,583249,-0.1576,0.6629,0.0077,-5.0659,10.8643,53.7109,0.6814,,
DATA,A001,10,99,583259,-0.1376,0.6070,-0.0004,-4.3335,30.5786,75.8057,0.6224,,
DATA,A001,10,100,583269,-0.1371,0.5694,-0.0170,-5.8594,46.6309,90.0879,0.5859,,
DATA,A001,10,101,583279,-0.1444,0.4876,-0.0389,-8.0566,70.4956,107.2998,0.5100,,
DATA,A001,10,102,583289,-0.1407,0.4268,-0.0424,-7.7515,85.9375,116.3940,0.4514,,
DATA,A001,10,103,583299,-0.1344,0.3797,-0.0682,-1.7700,108.0322,129.6387,0.4085,,
DATA,A001,10,104,583309,-0.1239,0.3841,-0.0790,6.2866,122.6196,138.8550,0.4112,,
DATA,A001,10,105,583319,-0.1014,0.4503,-0.0797,21.8506,145.4468,153.2593,0.4684,,
DATA,A001,10,106,583329,-0.1022,0.5179,-0.0680,28.9917,160.4614,162.7197,0.5322,,
DATA,A001,10,107,583339,-0.1378,0.6028,-0.0053,32.0435,178.8940,176.0254,0.6184,,
DATA,A001,10,108,583349,-0.1752,0.6487,0.0543,29.4800,185.6689,185.1196,0.6742,,
DATA,A001,10,109,583359,-0.2306,0.7166,0.0970,22.8271,187.3779,199.5850,0.7590,,
DATA,A001,10,110,583369,-0.2552,0.7491,0.1078,19.1650,184.9976,209.1064,0.7987,,
DATA,A001,10,111,583379,-0.2906,0.7891,0.0990,13.6719,184.0820,221.4355,0.8467,,
DATA,A001,10,112,583389,-0.3124,0.8047,0.0868,8.8501,185.4248,227.2339,0.8676,,
DATA,A001,10,113,583399,-0.3487,0.8050,0.0621,1.1597,186.4014,234.1919,0.8795,,
DATA,A001,10,114,583409,-0.3727,0.8004,0.0428,-2.1973,183.3496,238.0981,0.8839,,
DATA,A001,10,115,583419,-0.3993,0.7891,0.0377,-3.6621,170.8374,242.3706,0.8852,,
DATA,A001,10,116,583429,-0.3988,0.7847,0.0382,-3.2349,159.7290,244.0186,0.8811,,
DATA,A001,10,117,583439,-0.3600,0.7818,0.0306,-0.9766,146.3623,244.3237,0.8612,,
DATA,A001,10,118,583449,-0.3209,0.7942,0.0179,0.7935,143.1274,244.4458,0.8568,,
DATA,A001,10,119,583459,-0.2894,0.8514,-0.0140,7.2021,150.2075,247.0703,0.8993,,
DATA,A001,10,120,583469,-0.2921,0.9100,-0.0424,13.1836,160.4614,249.1455,0.9566,,
DATA,A001,10,121,583479,-0.3600,1.0569,-0.0682,25.1465,182.0068,252.9297,1.1186,,
DATA,A001,10,122,583489,-0.4859,1.1942,-0.0956,32.3486,190.7349,255.6763,1.2928,,
DATA,A001,10,123,583499,-0.8421,1.4385,-0.1444,41.7480,179.9316,261.8408,1.6732,,
DATA,A001,10,124,583509,-1.1171,1.6295,-0.1002,45.7764,158.2642,261.5356,1.9781,,
DATA,A001,10,125,583519,-1.3924,1.9590,0.0299,45.4102,116.2720,237.9761,2.4037,,
DATA,A001,10,126,583529,-1.4342,2.1285,0.0423,35.2173,92.0410,211.9141,2.5669,,
DATA,A001,10,127,583539,-1.3058,2.1375,-0.0717,3.3569,82.3975,161.3770,2.5058,,
DATA,A001,10,128,583549,-1.1627,1.9380,-0.1713,-18.7378,103.0884,117.6758,2.2665,,
DATA,A001,10,129,583559,-0.9857,1.5320,-0.2577,-27.6489,155.4565,54.4434,1.8399,,
DATA,A001,10,130,583569,-0.9469,1.3133,-0.2089,-13.7939,181.6406,15.7471,1.6325,,
DATA,A001,10,131,583579,-1.0004,1.1334,0.0008,23.1934,217.5293,-37.2314,1.5117,,
DATA,A001,10,132,583589,-1.1210,1.1077,0.1346,45.5322,236.2671,-64.6362,1.5817,,
DATA,A001,10,133,583599,-1.2850,1.1202,0.2096,60.3027,245.5444,-83.1909,1.7176,,
DATA,A001,10,134,583609,-1.5211,1.0882,0.3299,68.6035,232.9712,-97.1680,1.8992,,
DATA,A001,10,135,583619,-1.6647,1.1255,0.3551,71.0449,199.8901,-95.7642,2.0406,,
DATA,A001,10,136,583629,-1.7286,1.2742,0.1476,77.9419,124.5728,-96.8018,2.1526,,
DATA,A001,10,137,583639,-1.6737,1.2640,0.0309,74.1577,66.2231,-97.9614,2.0976,,
DATA,A001,10,138,583649,-1.5253,1.0650,0.0067,51.9409,-1.2207,-97.0459,1.8603,,
DATA,A001,10,139,583659,-1.4308,0.8570,0.0196,37.1094,-37.6587,-102.4170,1.6679,,
DATA,A001,10,140,583669,-1.3763,0.5794,0.0272,32.1045,-95.8252,-118.5303,1.4936,,
DATA,A001,10,141,583679,-1.3551,0.4940,0.0011,41.4429,-136.7188,-134.8267,1.4423,,
DATA,A001,10,142,583689,-1.3172,0.6170,-0.0050,69.5801,-203.6743,-163.0859,1.4546,,
DATA,A001,10,143,583699,-1.2140,0.8231,0.0021,83.9844,-242.4316,-182.4341,1.4667,,
DATA,A001,10,144,583709,-1.0047,1.1290,-0.0507,77.3315,-273.8037,-205.8105,1.5122,,
DATA,A001,10,145,583719,-0.8692,1.2354,-0.0944,54.6265,-279.1748,-214.9658,1.5135,,
DATA,A001,10,146,583729,-0.6830,1.2537,-0.1178,17.2729,-263.7329,-225.4028,1.4325,,
DATA,A001,10,147,583739,-0.5909,1.2183,-0.1173,0.1221,-239.3799,-234.1919,1.3591,,
DATA,A001,10,148,583749,-0.5069,1.1761,-0.1078,-9.8877,-191.7725,-247.6196,1.2852,,
DATA,A001,10,149,583759,-0.4794,1.1744,-0.0829,-10.2539,-155.5786,-255.9814,1.2711,,
DATA,A001,10,150,583769,-0.4593,1.2212,-0.0170,-9.9487,-105.7739,-269.5312,1.3049,,
DATA,A001,10,151,583779,-0.4696,1.2635,0.0182,-12.0850,-81.7871,-277.5879,1.3481,,
DATA,A001,10,152,583789,-0.4552,1.3099,0.0460,-17.3950,-61.4624,-286.3159,1.3875,,
DATA,A001,10,153,583799,-0.4134,1.3162,0.0577,-22.1558,-55.4810,-290.0391,1.3808,,
DATA,A001,10,154,583809,-0.3285,1.2759,0.0511,-29.6631,-49.6826,-293.2739,1.3185,,
DATA,A001,10,155,583819,-0.2584,1.2071,0.0433,-34.9121,-43.7012,-294.3726,1.2352,,
DATA,A001,10,156,583829,-0.1766,1.0967,0.0236,-38.4521,-30.7617,-292.6025,1.1111,,
DATA,A001,10,157,583839,-0.1459,1.0518,-0.0028,-35.5835,-19.2871,-288.7573,1.0619,,
DATA,A001,10,158,583849,-0.1268,1.0516,-0.0502,-21.1182,-3.7842,-277.2217,1.0604,,
DATA,A001,10,159,583859,-0.0919,1.0980,-0.0985,-8.9722,4.3945,-265.5640,1.1062,,
DATA,A001,10,160,583869,-0.0416,1.2137,-0.1691,3.8452,14.0381,-240.8447,1.2261,,
DATA,A001,10,161,583879,-0.0138,1.2811,-0.2116,7.9346,19.4092,-221.0693,1.2985,,
DATA,A001,10,162,583889,0.0492,1.3448,-0.2421,9.5215,22.7051,-185.8521,1.3673,,
DATA,A001,10,163,583899,0.0707,1.3431,-0.2348,4.7607,20.3247,-158.1421,1.3653,,
DATA,A001,10,164,583909,0.0343,1.2816,-0.2218,-7.0801,12.0239,-114.8682,1.3011,,
DATA,A001,10,165,583919,0.0028,1.2342,-0.2101,-12.7563,6.7749,-85.3882,1.2519,,
DATA,A001,10,166,583929,-0.0397,1.2017,-0.1940,-10.6812,3.8452,-43.5791,1.2179,,
DATA,A001,10,167,583939,-0.0445,1.1976,-0.1747,-7.5684,6.7749,-19.4092,1.2111,,
DATA,A001,10,168,583949,-0.0333,1.1719,-0.1554,-8.3618,12.6343,2.3193,1.1827,,
DATA,A001,10,169,583959,-0.0192,1.0618,-0.1137,-18.7988,23.9868,31.6772,1.0681,,
DATA,A001,10,170,583969,-0.0121,0.9593,-0.0922,-26.3062,30.3955,50.1099,0.9638,,
DATA,A001,10,171,583979,-0.0094,0.8047,-0.0678,-30.6396,38.8184,75.7446,0.8076,,
DATA,A001,10,172,583989,-0.0309,0.7244,-0.0516,-29.1748,42.0532,91.6748,0.7269,,
DATA,A001,10,173,583999,-0.1000,0.6334,0.0216,-23.8647,40.4663,113.8306,0.6416,,
DATA,A001,10,174,584009,-0.1244,0.6307,0.0660,-19.2261,36.6211,128.9062,0.6462,,
DATA,A001,10,175,584019,-0.1922,0.7337,-0.0116,-12.0850,29.5410,156.1279,0.7586,,
DATA,A001,10,176,584029,-0.2123,0.8067,-0.0797,-7.0801,23.3765,169.1284,0.8380,,
DATA,A001,10,177,584039,-0.2003,0.8462,-0.1202,-9.8877,19.4702,186.9507,0.8779,,
DATA,A001,10,178,584049,-0.1952,0.8299,-0.1276,-17.3950,19.5312,200.2563,0.8620,,
DATA,A001,10,179,584059,-0.2167,0.7752,-0.1395,-21.3623,21.2402,222.2290,0.8169,,
DATA,A001,10,180,584069,-0.2276,0.7840,-0.1481,-12.0239,22.3999,238.0371,0.8297,,
DATA,A001,10,181,584079,-0.2389,0.9002,-0.1796,12.9395,22.7051,262.2681,0.9485,,
DATA,A001,10,182,584089,-0.2176,1.0103,-0.1976,28.1982,25.0854,277.0386,1.0522,,
DATA,A001,10,183,584099,-0.1756,1.1473,-0.1813,38.6353,39.7339,296.3867,1.1747,,
DATA,A001,10,184,584109,-0.1883,1.2100,-0.1334,41.8091,57.3120,308.8989,1.2318,,
DATA,A001,10,185,584119,-0.2381,1.3101,-0.0175,52.9785,87.0972,325.6836,1.3317,,
DATA,A001,10,186,584129,-0.2770,1.4029,0.0653,65.0635,105.0415,334.4116,1.4315,,
DATA,A001,10,187,584139,-0.3338,1.5816,0.1752,80.2002,128.8452,340.3931,1.6259,,
DATA,A001,10,188,584149,-0.3702,1.6878,0.2535,79.7729,143.3105,338.3789,1.7464,,
DATA,A001,10,189,584159,-0.4540,1.7608,0.3685,60.1807,160.6445,326.9043,1.8553,,
DATA,A001,10,190,584169,-0.5318,1.7198,0.4005,39.4897,166.5649,315.6738,1.8442,,
DATA,A001,10,191,584179,-0.5682,1.5401,0.3666,6.1035,159.3628,292.5415,1.6820,,
DATA,A001,10,192,584189,-0.6451,1.3856,0.3033,-12.0850,149.5361,273.3765,1.5582,,
DATA,A001,10,193,584199,-0.6581,1.1619,0.1940,-27.2217,111.5112,247.0703,1.3493,,
DATA,A001,10,194,584209,-0.6315,1.0303,0.1258,-32.4097,89.9658,224.4263,1.2150,,
DATA,A001,10,195,584219,-0.6285,0.8941,0.0362,-30.2734,65.3076,193.0542,1.0935,,
DATA,A001,10,196,584229,-0.6337,0.8460,0.0143,-24.2310,55.7251,174.1943,1.0571,,
DATA,A001,10,197,584239,-0.6903,0.8414,0.0944,-9.0332,49.8047,147.4609,1.0924,,
DATA,A001,10,198,584249,-0.7494,0.9034,0.1805,1.6479,45.6543,131.4087,1.1875,,
DATA,A001,10,199,584259,-0.8182,1.0391,0.2889,7.9956,44.4946,108.5205,1.3538,,
DATA,A001,10,200,584269,-0.8700,1.1221,0.3422,5.6763,48.2788,95.5811,1.4605,,
DATA,A001,10,201,584279,-0.9420,1.2088,0.3761,-2.5024,60.2417,79.7729,1.5780,,
DATA,A001,10,202,584289,-0.9881,1.2508,0.3602,-7.6904,72.8760,70.4346,1.6342,,
DATA,A001,10,203,584299,-1.0477,1.2647,0.3133,-13.1226,85.5713,63.0493,1.6719,,
DATA,A001,10,204,584309,-1.1869,1.2476,0.1920,-21.6675,94.6655,52.8564,1.7327,,
DATA,A001,10,205,584319,-1.2623,1.2183,0.1092,-26.0010,92.8345,43.2739,1.7577,,
DATA,A001,10,206,584329,-1.3197,1.1580,0.0350,-27.5879,78.7354,22.8882,1.7561,,
DATA,A001,10,207,584339,-1.3111,1.1109,0.0196,-25.6348,64.3921,6.7749,1.7186,,
DATA,A001,10,208,584349,-1.2408,1.0399,0.0394,-21.3623,42.9077,-18.2495,1.6194,,
DATA,A001,10,209,584359,-1.1805,0.9966,0.0931,-17.2729,32.5317,-35.5225,1.5478,,
DATA,A001,10,210,584369,-1.2132,0.9852,0.1053,-11.9629,10.6812,-58.1665,1.5664,,
DATA,A001,10,211,584379,-1.2523,1.0892,0.0372,-1.7700,-5.9204,-71.6553,1.6601,,
DATA,A001,10,212,584389,-1.1583,1.3712,-0.0143,20.2026,-32.8979,-103.0884,1.7950,,
DATA,A001,10,213,584399,-1.0475,1.5037,0.0165,20.3247,-39.6118,-122.6807,1.8327,,
DATA,A001,10,214,584409,-0.9366,1.4149,0.0026,-15.6250,-47.1802,-141.9067,1.6968,,
DATA,A001,10,215,584419,-0.9391,1.2667,-0.0807,-38.6353,-58.2886,-152.0386,1.5789,,
DATA,A001,10,216,584429,-0.9049,1.2608,-0.2245,-20.6299,-83.9233,-177.6733,1.5681,,
DATA,A001,10,217,584439,-0.8434,1.4608,-0.2528,14.2212,-100.2808,-193.6646,1.7056,,
DATA,A001,10,218,584449,-0.7596,1.8685,-0.2064,39.1846,-113.8306,-208.8013,2.0275,,
DATA,A001,10,219,584459,-0.7142,2.0118,-0.1832,22.1558,-118.8965,-216.4307,2.1426,,
DATA,A001,10,220,584469,-0.6075,1.8355,-0.1481,-29.4800,-125.5493,-229.5532,1.9391,,
DATA,A001,10,221,584479,-0.5206,1.5840,-0.1329,-53.0396,-125.4883,-241.4551,1.6727,,
DATA,A001,10,222,584489,-0.4173,1.2872,-0.1261,-54.2603,-116.3940,-263.3057,1.3590,,
DATA,A001,10,223,584499,-0.3544,1.2078,-0.0983,-41.4429,-103.2715,-279.0527,1.2626,,
DATA,A001,10,224,584509,-0.2948,1.2291,-0.0482,-22.5220,-76.7212,-299.7437,1.2648,,
DATA,A001,10,225,584519,-0.3072,1.2608,-0.0292,-18.5547,-60.5469,-310.1807,1.2980,,
DATA,A001,10,226,584529,-0.3373,1.2567,-0.0287,-23.3154,-41.0156,-322.5708,1.3014,,
DATA,A001,10,227,584539,-0.3529,1.2149,-0.0267,-26.0010,-32.7148,-329.4678,1.2654,,
DATA,A001,10,228,584549,-0.3822,1.1531,-0.0487,-21.3623,-25.4517,-339.5996,1.2158,,
DATA,A001,10,229,584559,-0.4073,1.1512,-0.0587,-12.0850,-24.0479,-345.8252,1.2225,,
DATA,A001,10,230,584569,-0.3995,1.2247,-0.0787,6.1035,-26.8555,-352.1118,1.2906,,
DATA,A001,10,231,584579,-0.3871,1.3087,-0.0868,15.6860,-30.8228,-354.2480,1.3675,,
DATA,A001,10,232,584589,-0.3607,1.4400,-0.1139,21.4233,-39.6118,-353.2715,1.4889,,
DATA,A001,10,233,584599,-0.3321,1.5220,-0.1337,22.8271,-46.5698,-350.0366,1.5636,,
DATA,A001,10,234,584609,-0.3050,1.5945,-0.1556,24.9634,-53.8940,-344.1162,1.6309,,
DATA,A001,10,235,584619,-0.2682,1.6878,-0.2089,26.4893,-63.2324,-330.7495,1.7217,,
DATA,A001,10,236,584629,-0.1949,1.7549,-0.2506,25.3906,-68.4204,-310.3638,1.7834,,
DATA,A001,10,237,584639,-0.1278,1.7772,-0.2777,23.1323,-67.5049,-292.8467,1.8033,,
DATA,A001,10,238,584649,-0.0580,1.7781,-0.3024,20.3247,-62.8052,-273.4985,1.8046,,
DATA,A001,10,239,584659,0.0424,1.7447,-0.3136,15.3809,-50.1099,-242.2485,1.7732,,
DATA,A001,10,240,584669,0.1102,1.6827,-0.2938,11.1694,-38.7573,-218.9331,1.7117,,
DATA,A001,10,241,584679,0.1876,1.5450,-0.2257,3.2959,-30.0903,-177.2461,1.5726,,
DATA,A001,10,242,584689,0.2262,1.4183,-0.1737,-2.8687,-30.9448,-148.8647,1.4467,,
DATA,A001,10,243,584699,0.2807,1.2137,-0.1085,-8.4229,-31.4331,-109.5581,1.2504,,
DATA,A001,10,244,584709,0.3248,1.0804,-0.0724,-9.7046,-28.3203,-85.3882,1.1305,,
DATA,A001,10,245,584719,0.3820,0.8897,-0.0289,-11.1694,-16.6626,-51.2085,0.9687,,
DATA,A001,10,246,584729,0.4115,0.7781,-0.0067,-11.2305,-4.1504,-29.2969,0.8803,,
DATA,A001,10,247,584739,0.4210,0.6158,0.0470,-9.0942,13.2446,2.8687,0.7474,,
DATA,A001,10,248,584749,0.4303,0.5408,0.1063,-6.1035,21.4233,24.5361,0.6993,,
DATA,A001,10,249,584759,0.3712,0.5359,0.0472,-2.3804,38.9404,64.0869,0.6537,,
DATA,A001,10,250,584769,0.3163,0.5538,-0.0165,1.9531,47.7295,88.4399,0.6379,,
DATA,A001,10,251,584779,0.2308,0.5491,-0.0302,5.5542,59.9976,120.6665,0.5964,,
DATA,A001,10,252,584789,0.1715,0.5157,-0.0118,3.6011,65.6738,141.1743,0.5436,,
DATA,A001,10,253,584799,0.1068,0.4639,0.0043,1.2207,75.2563,170.7153,0.4761,,
DATA,A001,10,254,584809,0.0690,0.4608,-0.0031,5.6763,83.3130,190.4907,0.4659,,
DATA,A001,10,255,584819,-0.0035,0.5562,-0.0233,23.6816,99.3042,223.1445,0.5567,,
DATA,A001,10,256,584829,-0.0499,0.6590,-0.0380,36.6821,110.2295,245.5444,0.6620,,
DATA,A001,10,257,584839,-0.1239,0.8292,-0.0321,46.0815,121.1548,278.9917,0.8390,,
DATA,A001,10,258,584849,-0.1791,0.9278,-0.0292,45.6543,122.6807,302.4292,0.9454,,
DATA,A001,10,259,584859,-0.2655,1.0831,-0.0275,46.0815,118.5913,337.7686,1.1155,,
DATA,A001,10,260,584869,-0.3114,1.2046,-0.0263,51.9409,116.0889,358.4595,1.2445,,
DATA,A001,10,261,584879,-0.3866,1.4507,0.0074,64.8193,122.8638,381.5918,1.5014,,
DATA,A001,10,262,584889,-0.4447,1.6314,0.0497,69.8242,138.5498,388.6108,1.6917,,
DATA,A001,10,263,584899,-0.5599,1.8675,0.1417,62.0728,170.5933,387.6343,1.9548,,
DATA,A001,10,264,584909,-0.6659,1.9449,0.2081,45.5933,179.8096,381.6528,2.0662,,
DATA,A001,10,265,584919,-0.8395,1.8870,0.2496,8.0566,166.5039,362.7319,2.0804,,
DATA,A001,10,266,584929,-0.8856,1.7361,0.2416,-17.4561,138.9160,345.1538,1.9639,,
DATA,A001,10,267,584939,-0.8729,1.4180,0.1974,-42.6636,83.9233,315.9790,1.6768,,
DATA,A001,10,268,584949,-0.8255,1.2181,0.1666,-46.3867,46.0205,294.1895,1.4809,,
DATA,A001,10,269,584959,-0.7618,1.0606,0.1420,-41.6870,16.2964,271.1792,1.3136,,
DATA,A001,10,270,584969,-0.6693,0.9239,0.1456,-22.5830,-6.9580,238.5254,1.1501,,
DATA,A001,10,271,584979,-0.6571,0.8897,0.1539,-7.1411,-12.8174,220.5200,1.1167,,
DATA,A001,10,272,584989,-0.6825,0.8663,0.1647,10.0098,-11.0474,195.8008,1.1150,,
DATA,A001,10,273,584999,-0.7191,0.8502,0.1876,16.6016,-4.8218,179.1992,1.1292,,
DATA,A001,10,274,585009,-0.7926,0.8646,0.2508,25.8789,3.4180,156.3721,1.1994,,
DATA,A001,10,275,585019,-0.8373,0.9141,0.3050,33.4473,7.2021,141.6016,1.2766,,
DATA,A001,10,276,585029,-0.8744,1.0411,0.3461,39.4897,9.6436,121.5820,1.4029,,
DATA,A001,10,277,585039,-0.8780,1.1409,0.3373,37.6587,11.4136,111.6943,1.4787,,
DATA,A001,10,278,585049,-0.8556,1.2669,0.2814,29.6631,19.2871,100.7080,1.5544,,
DATA,A001,10,279,585059,-0.8434,1.3375,0.2081,22.4609,30.3345,93.1396,1.5948,,
DATA,A001,10,280,585069,-0.8505,1.3946,0.0546,10.6201,53.7720,81.1157,1.6344,,
DATA,A001,10,281,585079,-0.8754,1.4134,-0.0389,3.7842,69.9463,74.5239,1.6630,,
DATA,A001,10,282,585089,-0.9173,1.4083,-0.1181,-0.5493,90.5151,65.0635,1.6848,,
DATA,A001,10,283,585099,-0.9357,1.3785,-0.1185,-1.1597,102.1118,57.4341,1.6702,,
DATA,A001,10,284,585109,-0.9484,1.3018,-0.0834,-2.7466,113.8306,43.0298,1.6128,,
DATA,A001,10,285,585119,-0.9991,1.2728,-0.0944,-1.6479,113.5254,34.9121,1.6208,,
DATA,A001,10,286,585129,-1.0748,1.3878,-0.0692,16.5405,100.9521,20.1416,1.7567,,
DATA,A001,10,287,585139,-1.0953,1.5425,-0.0267,30.5786,85.2051,6.1646,1.8921,,
DATA,A001,10,288,585149,-1.1012,1.6412,0.0524,24.4751,57.9834,-13.8550,1.9771,,
DATA,A001,10,289,585159,-1.0995,1.5064,0.0887,1.5869,34.3018,-24.5972,1.8671,,
DATA,A001,10,290,585169,-1.1036,1.1600,0.0895,-22.7661,-12.3291,-41.8701,1.6036,,
DATA,A001,10,291,585179,-1.0887,1.0291,0.0682,-13.4277,-48.7671,-58.2886,1.4997,,
DATA,A001,10,292,585189,-1.0353,1.1695,0.0724,30.2734,-105.7739,-87.5244,1.5636,,
DATA,A001,10,293,585199,-0.9825,1.4332,0.1036,54.6265,-138.7939,-104.7974,1.7407,,
DATA,A001,10,294,585209,-0.9003,1.7220,0.0726,45.2881,-182.3120,-125.9155,1.9445,,
DATA,A001,10,295,585219,-0.8273,1.6949,0.0282,14.8926,-204.2236,-138.9771,1.8862,,
DATA,A001,10,296,585229,-0.6708,1.4332,-0.0453,-23.3154,-224.8535,-162.3535,1.5830,,
DATA,A001,10,297,585239,-0.5636,1.2645,-0.0936,-28.6865,-225.7080,-180.9082,1.3875,,
DATA,A001,10,298,585249,-0.4313,1.1475,-0.1249,-16.7847,-208.6182,-209.1675,1.2322,,
DATA,A001,10,299,585259,-0.3575,1.1470,-0.1044,-9.5215,-188.6597,-226.1353,1.2060,,
DATA,A001,10,300,585269,-0.2933,1.1529,-0.0377,-11.1694,-154.7852,-248.4741,1.1902,,
DATA,A001,10,301,585279,-0.2828,1.1270,0.0008,-18.8599,-133.4839,-260.6812,1.1620,,
DATA,A001,10,302,585289,-0.2840,1.0369,0.0306,-30.2734,-108.7646,-277.3438,1.0756,,
DATA,A001,10,303,585299,-0.2848,0.9837,0.0333,-33.3252,-98.1445,-287.9639,1.0246,,
DATA,A001,10,304,585309,-0.2684,0.9537,0.0204,-32.3486,-89.1113,-298.0347,0.9909,,
DATA,A001,10,305,585319,-0.2433,0.9669,0.0079,-27.1606,-75.9888,-310.7910,0.9970,,
DATA,A001,10,306,585329,-0.2435,1.0272,-0.0060,-22.8882,-68.1152,-317.0776,1.0556,,
DATA,A001,10,307,585339,-0.2469,1.1690,-0.0487,-17.3950,-57.6782,-322.9980,1.1958,,
DATA,A001,10,308,585349,-0.2547,1.2796,-0.0802,-16.6016,-52.7954,-324.9512,1.3072,,
DATA,A001,10,309,585359,-0.2523,1.4759,-0.1561,-16.7236,-47.2412,-326.1719,1.5054,,
DATA,A001,10,310,585369,-0.2479,1.6180,-0.2211,-16.0522,-43.4570,-325.9888,1.6517,,
DATA,A001,10,311,585379,-0.2250,1.8345,-0.3234,-15.1978,-40.9546,-320.6177,1.8763,,
DATA,A001,10,312,585389,-0.2003,1.9615,-0.3702,-17.7612,-40.6494,-312.6831,2.0061,,
DATA,A001,10,313,585399,-0.1395,2.0608,-0.4017,-30.4565,-41.6260,-296.4478,2.1043,,
DATA,A001,10,314,585409,-0.0897,2.0457,-0.3920,-43.7012,-42.0532,-282.5928,2.0849,,
DATA,A001,10,315,585419,0.0043,1.9600,-0.3541,-59.9365,-43.9453,-256.8970,1.9918,,
DATA,A001,10,316,585429,0.0739,1.8746,-0.3497,-65.1855,-44.5557,-236.4502,1.9083,,
DATA,A001,10,317,585439,0.1613,1.6846,-0.3314,-68.5425,-41.8091,-205.1392,1.7245,,
DATA,A001,10,318,585449,0.1928,1.5181,-0.2753,-69.8853,-37.1094,-183.1055,1.5549,,
DATA,A001,10,319,585459,0.2208,1.2737,-0.1456,-68.8477,-24.9634,-149.2920,1.3009,,
DATA,A001,10,320,585469,0.2323,1.1243,-0.0814,-67.8711,-18.3105,-126.7090,1.1510,,
DATA,A001,10,321,585479,0.2348,0.9002,-0.0665,-68.2983,-9.7046,-93.6890,0.9327,,
DATA,A001,10,322,585489,0.2484,0.7508,-0.0604,-67.0776,-4.5166,-73.2422,0.7931,,
DATA,A001,10,323,585499,0.2687,0.5516,-0.0258,-60.2417,2.6855,-44.7998,0.6141,,
DATA,A001,10,324,585509,0.2792,0.4510,0.0463,-52.3682,5.5542,-28.7476,0.5324,,
DATA,A001,10,325,585519,0.3244,0.4275,0.0797,-41.4429,16.2354,-4.5776,0.5425,,
DATA,A001,10,326,585529,0.3297,0.5008,-0.0053,-36.0107,26.0620,15.9302,0.5996,,
DATA,A001,10,327,585539,0.3043,0.6470,-0.1046,-25.2686,45.4712,45.0439,0.7226,,
DATA,A001,10,328,585549,0.2955,0.7186,-0.1361,-20.9351,60.8521,60.6689,0.7888,,
DATA,A001,10,329,585559,0.2318,0.7422,-0.2660,-26.8555,77.8198,86.3037,0.8218,,
DATA,A001,10,330,585569,0.1652,0.7278,-0.3126,-27.2827,82.7637,107.8491,0.8092,,
DATA,A001,10,331,585579,0.1144,0.7525,-0.2531,-8.1177,88.5010,143.9209,0.8021,,
DATA,A001,10,332,585589,0.0614,0.8150,-0.2162,6.6528,91.4307,171.6919,0.8454,,
DATA,A001,10,333,585599,-0.1034,0.9083,-0.1427,18.3105,87.0972,218.1396,0.9252,,
DATA,A001,10,334,585609,-0.2655,0.9822,-0.0421,24.2920,78.1860,246.8262,1.0184,,
DATA,A001,10,335,585619,-0.4542,1.1949,0.1527,43.1519,63.1104,281.4941,1.2874,,
DATA,A001,10,336,585629,-0.5126,1.3846,0.2115,59.0210,50.8423,299.2554,1.4915,,
DATA,A001,10,337,585639,-0.4911,1.5496,0.2648,66.5894,40.1001,309.5703,1.6470,,
DATA,A001,10,338,585649,-0.3370,1.5921,0.2845,41.7480,36.4990,310.9741,1.6521,,
DATA,A001,10,339,585659,-0.2286,1.4332,0.2162,9.3994,46.3257,307.9834,1.4673,,
DATA,A001,10,340,585669,-0.2086,1.0914,0.0673,-24.3530,77.4536,304.3823,1.1132,,
DATA,A001,10,341,585679,-0.2609,0.9249,-0.0150,-26.0010,104.4312,301.5747,0.9611,,
DATA,A001,10,342,585689,-0.3868,0.8140,-0.0773,-4.8828,143.4326,295.4102,0.9046,,
DATA,A001,10,343,585699,-0.4581,0.7967,-0.0438,13.9771,165.8325,289.4287,0.9201,,
DATA,A001,10,344,585709,-0.5577,0.7947,0.0973,33.6304,194.0918,276.8555,0.9758,,
DATA,A001,10,345,585719,-0.5321,0.7647,0.2684,36.9873,210.6323,265.6250,0.9695,,
DATA,A001,10,346,585729,-0.5018,0.6898,0.6356,30.5176,237.6099,232.1777,1.0638,,
DATA,A001,10,347,585739,-1.0492,0.7320,0.7071,26.3672,246.4600,222.1680,1.4617,,
DATA,A001,10,348,585749,-1.1913,0.7850,0.7655,27.7710,179.9316,233.4595,1.6190,,
DATA,A001,10,349,585759,-0.9418,0.8709,0.6608,22.2168,147.6440,213.5620,1.4429,,
DATA,A001,10,350,585769,-0.9090,1.0606,0.4313,3.9062,116.6382,174.6826,1.4619,,
DATA,A001,10,351,585779,-0.9606,1.1661,0.2399,-11.7188,102.0508,161.3770,1.5297,,
DATA,A001,10,352,585789,-0.7858,1.2708,-0.1454,-21.5454,84.9609,141.9678,1.5012,,
DATA,A001,10,353,585799,-0.7455,1.3306,-0.3036,-16.9678,87.1582,131.7139,1.5551,,
DATA,A001,10,354,585809,-0.9559,1.4068,-0.3051,-1.7700,63.4766,124.4507,1.7280,,
DATA,A001,10,355,585819,-1.0194,1.4529,-0.2753,0.7935,45.3491,113.7695,1.7961,,
DATA,A001,10,356,585829,-0.9515,1.4463,-0.1508,-9.8267,34.9731,89.5386,1.7378,,
DATA,A001,10,357,585839,-0.9454,1.4149,-0.1054,-17.5171,32.9590,76.7822,1.7049,,
DATA,A001,10,358,585849,-0.8443,1.3670,-0.1583,-16.7847,48.5840,57.3120,1.6145,,
DATA,A001,10,359,585859,-0.7452,1.3511,-0.1752,-11.0474,76.6602,43.3960,1.5529,,
DATA,A001,10,360,585869,-0.7682,1.3162,-0.0841,0.4272,114.2578,28.4424,1.5263,,
DATA,A001,10,361,585879,-0.8807,1.2986,-0.0153,2.8687,137.0239,20.9961,1.5692,,
DATA,A001,10,362,585889,-1.0887,1.4236,-0.0385,13.7329,147.4609,13.7939,1.7926,,
DATA,A001,10,363,585899,-1.2096,1.6058,-0.0626,29.4800,130.7983,4.3335,2.0113,,
DATA,A001,10,364,585909,-1.2960,1.7571,-0.0487,30.8838,80.3833,-10.2539,2.1839,,
DATA,A001,10,365,585919,-1.2584,1.5713,-0.0140,4.2725,37.8418,-17.7612,2.0132,,
DATA,A001,10,366,585929,-1.1703,1.0748,0.0343,-29.7241,-31.8604,-31.0059,1.5893,,
DATA,A001,10,367,585939,-1.0895,0.8558,0.0016,-24.2920,-73.1201,-45.8984,1.3854,,
DATA,A001,10,368,585949,-0.9422,0.8670,-0.0795,18.9209,-121.3989,-74.0356,1.2829,,
DATA,A001,10,369,585959,-0.8880,1.0779,-0.1005,49.2554,-147.2168,-89.5386,1.4002,,
DATA,A001,10,370,585969,-0.8414,1.4256,-0.1491,61.8896,-180.5420,-107.7271,1.6621,,
DATA,A001,10,371,585979,-0.7838,1.5294,-0.1698,46.8750,-198.5474,-117.9199,1.7269,,
DATA,A001,10,372,585989,-0.6766,1.4385,-0.1937,12.8784,-217.1021,-133.7891,1.6015,,
DATA,A001,10,373,585999,-0.5948,1.2842,-0.2282,-1.7700,-217.1631,-145.4468,1.4336,,
DATA,A001,10,374,586009,-0.5170,1.1360,-0.2413,-6.7749,-209.5337,-158.1421,1.2713,,
DATA,A001,10,375,586019,-0.4088,0.9979,-0.2477,-2.0752,-183.8989,-177.6733,1.1064,,
DATA,A001,10,376,586029,-0.3710,0.9507,-0.2235,2.2583,-162.1094,-189.2090,1.0447,,
DATA,A001,10,377,586039,-0.3531,0.9100,-0.1676,6.1035,-129.0894,-204.7119,0.9904,,
DATA,A001,10,378,586049,-0.3546,0.8890,-0.1322,6.1035,-110.0464,-214.5996,0.9662,,
DATA,A001,10,379,586059,-0.3636,0.8494,-0.0878,5.5542,-90.0879,-229.1260,0.9281,,
DATA,A001,10,380,586069,-0.3605,0.8326,-0.0792,5.8594,-80.7495,-238.5864,0.9107,,
DATA,A001,10,381,586079,-0.3404,0.8543,-0.0824,9.7046,-70.1294,-251.6479,0.9233,,
DATA,A001,10,382,586089,-0.3370,0.9024,-0.0890,14.5874,-63.4155,-258.9111,0.9674,,
DATA,A001,10,383,586099,-0.3385,1.0240,-0.0897,22.5220,-55.4199,-268.7988,1.0822,,
DATA,A001,10,384,586109,-0.3517,1.1338,-0.0873,26.7944,-51.3306,-273.8647,1.1903,,
DATA,A001,10,385,586119,-0.3734,1.3333,-0.1014,32.7759,-50.3540,-279.2358,1.3883,,
DATA,A001,10,386,586129,-0.3768,1.4915,-0.1556,36.4380,-51.6968,-281.7993,1.5462,,
DATA,A001,10,387,586139,-0.3458,1.7562,-0.1723,39.4287,-55.2368,-286.6211,1.7982,,
DATA,A001,10,388,586149,-0.3307,1.9720,-0.1876,41.0156,-58.0444,-286.5601,2.0083,,
DATA,A001,10,389,586159,-0.3111,2.2701,-0.2638,37.3535,-65.9790,-279.9683,2.3064,,
DATA,A001,10,390,586169,-0.2870,2.4056,-0.2741,27.8320,-73.9746,-274.0479,2.4381,,
DATA,A001,10,391,586179,-0.2098,2.4712,-0.2765,9.7656,-89.5996,-260.6201,2.4955,,
DATA,A001,10,392,586189,-0.0978,2.3873,-0.2611,-4.7607,-101.0132,-250.7935,2.4035,,
DATA,A001,10,393,586199,0.1234,2.0884,-0.2350,-28.4424,-110.2905,-234.8022,2.1052,,
DATA,A001,10,394,586209,0.4354,1.8441,-0.1815,-38.3911,-109.9854,-217.5903,1.9034,,
DATA,A001,10,395,586219,1.0704,1.4796,-0.0797,-48.2178,-110.7788,-165.5273,1.8279,,
DATA,A001,10,396,586229,1.2804,1.1800,-0.0663,-63.9648,-104.1260,-127.0752,1.7425,,
DATA,A001,10,397,586239,1.2745,0.5941,-0.2069,-98.8770,-91.1865,-73.3032,1.4213,,
DATA,A001,10,398,586249,0.9555,0.2300,-0.2333,-111.9385,-67.9321,-28.3813,1.0101,,
DATA,A001,10,399,586259,0.4506,-0.0214,-0.3104,-86.8530,-69.8853,25.3296,0.5476,,
DATA,A001,10,400,586269,0.2484,0.0904,-0.1234,-38.1470,-85.5103,64.8804,0.2918,,
DATA,A001,10,401,586279,0.6144,0.7215,0.3817,42.8467,-143.8599,154.8462,1.0216,,
DATA,A001,10,402,586289,0.8764,1.1099,0.2936,49.1333,-169.2505,201.7212,1.4443,,
DATA,A001,10,403,586299,1.1259,1.1795,0.1302,-18.1885,-115.9668,207.0312,1.6358,,
DATA,A001,10,404,586309,1.1862,0.9473,0.0795,-68.7256,-29.7852,203.3691,1.5201,,
DATA,A001,10,405,586319,0.9247,0.5967,-0.0861,-83.9844,125.2441,214.3555,1.1039,,
DATA,A001,10,406,586329,0.5768,0.5450,-0.1720,-54.9927,206.5430,224.7925,0.8120,,
DATA,A001,10,407,586339,0.2785,0.6722,-0.2020,-16.8457,258.2397,237.3047,0.7551,,
DATA,A001,10,408,586349,-0.0101,1.0618,-0.1869,22.8271,294.1284,257.5684,1.0782,,
DATA,A001,10,409,586359,-0.1388,1.3558,-0.1505,32.8369,298.9502,270.6909,1.3711,,
DATA,A001,10,410,586369,-0.1927,1.7884,-0.1368,29.4800,290.3442,292.3584,1.8039,,
DATA,A001,10,411,586379,-0.2067,2.0301,-0.1481,21.1182,278.0151,308.7769,2.0459,,
DATA,A001,10,412,586389,-0.2735,2.2469,-0.1559,-0.3662,250.1831,329.3457,2.2688,,
DATA,A001,10,413,586399,-0.3067,2.3133,-0.1483,-20.2637,230.2246,340.3320,2.3382,,
DATA,A001,10,414,586409,-0.4178,2.2938,-0.1398,-53.0396,194.7632,355.4077,2.3357,,
DATA,A001,10,415,586419,-0.5448,2.1683,-0.1098,-73.2422,160.8887,360.1074,2.2384,,
DATA,A001,10,416,586429,-0.7059,1.8201,-0.0626,-94.4214,102.4170,361.3281,1.9532,,
DATA,A001,10,417,586439,-0.7753,1.5630,-0.0226,-99.3652,61.4014,356.6284,1.7449,,
DATA,A001,10,418,586449,-0.8033,1.2676,0.0255,-93.5059,1.0376,335.8765,1.5010,,
DATA,A001,10,419,586459,-0.7491,1.1348,0.0443,-84.4116,-27.5879,313.3545,1.3605,,
DATA,A001,10,420,586469,-0.6368,0.9634,0.0702,-68.4204,-41.6870,278.8086,1.1570,,
DATA,A001,10,421,586479,-0.5694,0.8817,0.0714,-57.0679,-34.4238,256.7749,1.0520,,
DATA,A001,10,422,586489,-0.5384,0.8111,0.0480,-42.2363,-11.9629,226.7456,0.9747,,
DATA,A001,10,423,586499,-0.5616,0.7942,0.0580,-33.5693,4.8828,208.2520,0.9745,,
DATA,A001,10,424,586509,-0.6600,0.8460,0.0836,-20.8740,19.1650,183.1055,1.0763,,
DATA,A001,10,425,586519,-0.7421,0.9207,0.0934,-13.9771,19.5312,169.8608,1.1862,,
DATA,A001,10,426,586529,-0.8483,1.0269,0.1280,-9.0942,9.9487,153.4424,1.3381,,
DATA,A001,10,427,586539,-0.8968,1.0626,0.1449,-11.2915,-0.4883,143.6768,1.3980,,
DATA,A001,10,428,586549,-0.9300,1.0023,0.1554,-20.0806,-14.8315,129.5166,1.3761,,
DATA,A001,10,429,586559,-0.9178,0.9241,0.1549,-23.0103,-18.9819,118.9575,1.3117,,
DATA,A001,10,430,586569,-0.8778,0.8438,0.1266,-16.2964,-12.8784,100.2808,1.2242,,
DATA,A001,10,431,586579,-0.8451,0.8384,0.1070,-6.6528,-0.7935,85.2051,1.1952,,
DATA,A001,10,432,586589,-0.8297,0.8924,0.0765,8.9111,23.5596,59.6924,1.2209,,
DATA,A001,10,433,586599,-0.8492,0.9412,0.0609,15.1978,36.8652,42.7246,1.2692,,
DATA,A001,10,434,586609,-0.9042,0.9747,0.0419,20.0195,40.8325,18.6157,1.3301,,
DATA,A001,10,435,586619,-0.9347,0.9764,0.0431,24.2310,30.8228,3.7231,1.3523,,
DATA,A001,10,436,586629,-0.9645,1.0274,0.0277,32.5928,-2.8076,-20.1416,1.4094,,
DATA,A001,10,437,586639,-0.9786,1.1375,-0.0170,42.9077,-37.8418,-34.1187,1.5006,,
DATA,A001,10,438,586649,-0.9278,1.3961,-0.1266,58.8989,-90.3931,-59.0820,1.6810,,
DATA,A001,10,439,586659,-0.8634,1.5650,-0.1876,63.4766,-125.7935,-76.1719,1.7972,,
DATA,A001,10,440,586669,-0.7867,1.6668,-0.2057,59.7534,-154.7241,-90.2710,1.8546,,
DATA,A001,10,441,586679,-0.6815,1.6002,-0.1857,38.6353,-189.4531,-108.2153,1.7491,,
DATA,A001,10,442,586689,-0.6088,1.4459,-0.2338,25.3906,-217.7734,-131.4087,1.5861,,
DATA,A001,10,443,586699,-0.5470,1.4556,-0.3090,33.4473,-234.1919,-152.5269,1.5854,,
DATA,A001,10,444,586709,-0.4859,1.5740,-0.3724,51.2695,-247.7417,-172.5464,1.6889,,
DATA,A001,10,445,586719,-0.3863,1.8516,-0.4005,70.1294,-262.1460,-196.7773,1.9334,,
DATA,A001,10,446,586729,-0.3258,1.9700,-0.3807,65.4907,-268.3105,-208.3740,2.0328,,
DATA,A001,10,447,586739,-0.2521,1.9097,-0.3378,38.5742,-274.9023,-224.7314,1.9557,,
DATA,A001,10,448,586749,-0.2106,1.7894,-0.2943,23.7427,-276.3062,-238.3423,1.8256,,
DATA,A001,10,449,586759,-0.1305,1.6607,-0.2413,19.5923,-269.7754,-259.7656,1.6832,,
DATA,A001,10,450,586769,-0.0777,1.6285,-0.2228,22.2778,-256.4697,-271.9116,1.6455,,
DATA,A001,10,451,586779,-0.0448,1.6087,-0.1940,18.9209,-228.9429,-285.1562,1.6210,,
DATA,A001,10,452,586789,-0.0306,1.6063,-0.1857,13.1226,-203.2471,-294.7998,1.6172,,
DATA,A001,10,453,586799,-0.0150,1.5894,-0.2018,10.1929,-158.9966,-309.8755,1.6022,,
DATA,A001,10,454,586809,-0.0314,1.5508,-0.2169,9.7656,-126.0376,-318.9697,1.5663,,
DATA,A001,10,455,586819,-0.0851,1.4769,-0.2250,8.7280,-86.1816,-331.0547,1.4963,,
DATA,A001,10,456,586829,-0.0887,1.4273,-0.2455,11.3525,-63.7817,-339.0503,1.4510,,
DATA,A001,10,457,586839,-0.1063,1.4019,-0.2931,22.5830,-36.2549,-350.7080,1.4362,,
DATA,A001,10,458,586849,-0.1005,1.4383,-0.3366,33.9966,-20.9351,-356.0791,1.4806,,
DATA,A001,10,459,586859,-0.0577,1.5057,-0.3612,48.7671,0.6714,-362.6709,1.5495,,
DATA,A001,10,460,586869,-0.0809,1.5340,-0.3456,54.0161,10.9253,-363.5864,1.5745,,
DATA,A001,10,461,586879,-0.1271,1.5494,-0.3334,58.5938,13.9160,-360.2295,1.5899,,
DATA,A001,10,462,586889,-0.1302,1.5389,-0.3297,61.4624,9.1553,-356.3843,1.5792,,
DATA,A001,10,463,586899,-0.1586,1.5042,-0.3165,63.4766,-8.1787,-346.4966,1.5453,,
DATA,A001,10,464,586909,-0.1573,1.4666,-0.3038,62.8052,-22.8882,-337.5854,1.5060,,
DATA,A001,10,465,586919,-0.1630,1.3885,-0.2533,58.5327,-46.2646,-321.2891,1.4208,,
DATA,A001,10,466,586929,-0.1725,1.3370,-0.2406,53.5889,-62.1338,-308.2886,1.3694,,
DATA,A001,10,467,586939,-0.1427,1.3094,-0.2750,48.5840,-78.3081,-288.0859,1.3455,,
DATA,A001,10,468,586949,-0.1119,1.3416,-0.3026,49.6826,-83.6182,-274.2920,1.3799,,
DATA,A001,10,469,586959,-0.0970,1.3882,-0.3239,46.8750,-83.1909,-251.9531,1.4288,,
DATA,A001,10,470,586969,-0.1005,1.3636,-0.3170,36.4380,-80.7495,-236.6333,1.4036,,
DATA,A001,10,471,586979,-0.1239,1.2332,-0.3051,19.1040,-77.2705,-213.1958,1.2764,,
DATA,A001,10,472,586989,-0.1561,1.1216,-0.2889,12.9395,-77.8198,-198.5474,1.1687,,
DATA,A001,10,473,586999,-0.1793,0.9586,-0.2455,13.6719,-81.8481,-178.4668,1.0056,,
DATA,A001,10,474,587009,-0.1900,0.8675,-0.2001,16.7236,-86.5479,-165.5884,0.9103,,
DATA,A001,10,475,587019,-0.1930,0.7730,-0.1452,19.0430,-93.5059,-152.9541,0.8098,,
DATA,A001,10,476,587029,-0.1564,0.6526,-0.0851,18.7988,-100.5249,-133.7891,0.6765,,
DATA,A001,10,477,587039,-0.1044,0.6067,-0.0863,19.7754,-99.5483,-118.2861,0.6217,,
DATA,A001,10,478,587049,-0.0870,0.5630,-0.1347,25.4517,-86.5479,-90.5151,0.5854,,
DATA,A001,10,479,587059,-0.1398,0.5167,-0.1849,29.9683,-72.9980,-72.3877,0.5663,,
DATA,A001,10,480,587069,-0.2469,0.4061,-0.1596,38.8184,-51.2085,-52.5513,0.5013,,
DATA,A001,10,481,587079,-0.2919,0.3235,-0.1076,46.8750,-42.7856,-42.2363,0.4488,,
DATA,A001,10,482,587089,-0.3343,0.2403,-0.0648,63.1104,-37.2925,-24.2310,0.4168,,
DATA,A001,10,483,587099,-0.3624,0.2430,-0.0336,77.6367,-32.4707,-10.3149,0.4376,,
DATA,A001,10,484,587109,-0.4169,0.3316,-0.0111,98.5718,-15.3198,10.2539,0.5328,,
DATA,A001,10,485,587119,-0.4908,0.4146,-0.0094,107.6050,0.4272,21.7896,0.6426,,
DATA,A001,10,486,587129,-0.6617,0.5196,-0.0023,114.6851,23.9868,34.9121,0.8413,,
DATA,A001,10,487,587139,-0.8019,0.5911,0.0055,119.5679,33.8745,41.3208,0.9962,,
DATA,A001,10,488,587149,-0.9974,0.7317,-0.0101,131.4697,33.7524,50.5371,1.2371,,
DATA,A001,10,489,587159,-1.0946,0.8431,-0.0385,139.5264,21.5454,56.6406,1.3822,,
DATA,A001,10,490,587169,-1.1786,0.9988,-0.0697,143.7988,-5.4321,63.5376,1.5465,,
DATA,A001,10,491,587179,-1.1852,1.0533,-0.0651,139.0381,-26.6724,62.8052,1.5869,,
DATA,A001,10,492,587189,-1.1317,1.0130,-0.0497,124.0234,-56.7627,57.4341,1.5197,,
DATA,A001,10,493,587199,-1.0611,0.9100,-0.0123,115.2344,-74.5850,51.3916,1.3979,,
DATA,A001,10,494,587209,-0.9161,0.7244,0.0983,112.9761,-92.7734,42.2363,1.1721,,
DATA,A001,10,495,587219,-0.8158,0.6160,0.1759,116.7603,-97.5342,36.3770,1.0373,,
DATA,A001,10,496,587229,-0.6986,0.5018,0.2560,124.5117,-95.0317,28.1372,0.8974,,
DATA,A001,10,497,587239,-0.6505,0.4495,0.2706,128.4180,-88.6841,24.1699,0.8357,,
DATA,A001,10,498,587249,-0.6444,0.3785,0.2372,131.5918,-74.9512,21.3623,0.7841,,
DATA,A001,10,499,587259,-0.6593,0.3314,0.1996,131.7139,-67.0776,20.9351,0.7644,,
DATA,A001,10,500,587269,-0.6813,0.2786,0.0992,131.8970,-65.4297,21.7285,0.7427,,
DATA,A001,10,501,587279,-0.6944,0.2520,0.0089,132.6904,-70.1294,23.5596,0.7388,,
DATA,A001,10,502,587289,-0.6869,0.2159,-0.1144,138.6719,-81.5430,28.1372,0.7290,,
DATA,A001,10,503,587299,-0.6713,0.1995,-0.1754,144.7754,-93.0786,31.4331,0.7219,,
DATA,A001,10,504,587309,-0.6507,0.1700,-0.2406,154.1138,-111.1450,36.1328,0.7143,,
DATA,A001,10,505,587319,-0.6481,0.1443,-0.2882,158.2642,-122.4976,37.1094,0.7238,,
DATA,A001,10,506,587329,-0.6285,0.0994,-0.3385,167.4805,-134.8877,35.5835,0.7208,,
DATA,A001,10,507,587339,-0.6192,0.0789,-0.3380,179.4434,-140.7471,33.6914,0.7099,,
DATA,A001,10,508,587349,-0.6561,0.0887,-0.2968,203.4912,-139.6484,29.0527,0.7255,,
DATA,A001,10,509,587359,-0.6922,0.1287,-0.2775,219.7266,-136.2305,25.2075,0.7568,,
DATA,A001,10,510,587369,-0.7152,0.2125,-0.2433,235.9619,-136.4746,20.6909,0.7848,,
DATA,A001,10,511,587379,-0.7289,0.2457,-0.2396,239.4409,-143.0054,18.3716,0.8056,,
DATA,A001,10,512,587389,-0.7650,0.2618,-0.2677,238.1592,-155.3955,18.7988,0.8517,,
DATA,A001,10,513,587399,-0.8500,0.3250,-0.4718,239.9902,-177.8564,28.0151,1.0250,,
DATA,A001,10,514,587409,-0.8815,0.4200,-0.6073,255.4932,-192.9321,37.9028,1.1499,,
DATA,A001,10,515,587419,-1.0914,0.7059,-0.6947,296.9360,-214.7827,52.8564,1.4738,,
DATA,A001,10,516,587429,-1.2281,0.9893,-0.6793,321.1670,-215.6982,53.4668,1.7171,,
DATA,A001,10,517,587439,-1.2960,1.4473,-0.7609,326.2939,-241.3940,69.8853,2.0865,,
DATA,A001,10,518,587449,-1.2694,1.6370,-0.7819,303.4058,-276.4282,84.7778,2.2142,,
DATA,A001,10,519,587459,-1.1234,1.6338,-0.7355,243.4082,-327.9419,88.0127,2.1148,,
DATA,A001,10,520,587469,-0.9752,1.4451,-0.7667,205.8716,-352.6611,76.7822,1.9045,,
DATA,A001,10,521,587479,-0.7684,1.0462,-0.7323,176.7578,-365.8447,52.5513,1.4904,,
DATA,A001,10,522,587489,-0.6559,0.8355,-0.6962,175.6592,-361.5112,37.7808,1.2700,,
DATA,A001,10,523,587499,-0.5289,0.6458,-0.5890,188.1104,-330.8716,13.6719,1.0216,,
DATA,A001,10,524,587509,-0.4789,0.6146,-0.4909,199.4629,-297.4854,-0.0610,0.9208,,
DATA,A001,10,525,587519,-0.4708,0.7308,-0.3590,220.7642,-242.3706,-8.7280,0.9405,,
DATA,A001,10,526,587529,-0.5377,0.8758,-0.2987,233.2153,-206.9702,-6.0425,1.0702,,
DATA,A001,10,527,587539,-0.7054,1.0894,-0.2299,229.3091,-174.1943,6.5308,1.3181,,
DATA,A001,10,528,587549,-0.8180,1.1566,-0.2252,207.9468,-169.3726,16.1743,1.4344,,
DATA,A001,10,529,587559,-0.9471,1.1111,-0.3231,167.0532,-188.8428,27.9541,1.4954,,
DATA,A001,10,530,587569,-0.9872,1.0677,-0.3934,149.2920,-212.7686,33.9966,1.5064,,
DATA,A001,10,531,587579,-0.9149,1.1197,-0.5180,147.3999,-253.6011,38.8794,1.5359,,
DATA,A001,10,532,587589,-0.7987,1.2300,-0.5538,151.8555,-275.6958,41.0767,1.5677,,
DATA,A001,10,533,587599,-0.5846,1.3907,-0.5543,144.1650,-285.0342,44.4946,1.6072,,
DATA,A001,10,534,587609,-0.4598,1.4224,-0.5109,125.9766,-277.1606,46.9360,1.5798,,
DATA,A001,10,535,587619,-0.3307,1.3089,-0.4345,91.0645,-249.1455,48.7061,1.4182,,
DATA,A001,10,536,587629,-0.2858,1.1722,-0.3983,72.9370,-223.3887,49.1333,1.2706,,
DATA,A001,10,537,587639,-0.2704,0.9944,-0.3610,61.5234,-182.9224,47.5464,1.0919,,
DATA,A001,10,538,587649,-0.2897,0.9273,-0.3451,63.2324,-159.5459,45.5933,1.0310,,
DATA,A001,10,539,587659,-0.3426,0.8853,-0.3229,67.1997,-135.0098,43.3960,1.0027,,
DATA,A001,10,540,587669,-0.3573,0.8753,-0.2882,65.7349,-127.0752,41.6870,0.9884,,
DATA,A001,10,541,587679,-0.3378,0.8636,-0.2308,57.8613,-123.9624,37.2925,0.9556,,
DATA,A001,10,542,587689,-0.3031,0.8467,-0.2094,51.6968,-122.4365,33.5083,0.9234,,
DATA,A001,10,543,587699,-0.2716,0.8179,-0.1901,45.4102,-119.0796,29.9683,0.8826,,
DATA,A001,10,544,587709,-0.2438,0.7554,-0.1710,35.8887,-110.2905,25.6958,0.8120,,
DATA,A001,10,545,587719,-0.2489,0.7134,-0.1661,30.6396,-103.8818,23.8647,0.7737,,
DATA,A001,10,546,587729,-0.2875,0.6663,-0.1664,25.7568,-99.2432,23.1323,0.7445,,
DATA,A001,10,547,587739,-0.2992,0.6695,-0.1749,25.2075,-98.8770,24.2920,0.7539,,
DATA,A001,10,548,587749,-0.2840,0.7501,-0.2609,29.0527,-98.0835,27.7710,0.8434,,
DATA,A001,10,549,587759,-0.2601,0.8519,-0.3082,35.2173,-94.4824,31.4941,0.9425,,
DATA,A001,10,550,587769,-0.2533,1.0379,-0.3822,42.9688,-86.7310,41.6870,1.1347,,
DATA,A001,10,551,587779,-0.2770,1.1458,-0.4164,43.5791,-79.4678,52.7344,1.2502,,
DATA,A001,10,552,587789,-0.3136,1.2681,-0.4401,40.8325,-76.0498,72.2046,1.3785,,
DATA,A001,10,553,587799,-0.3487,1.3411,-0.4086,41.0156,-77.0264,86.0596,1.4447,,
DATA,A001,10,554,587809,-0.4020,1.4537,-0.2650,44.0063,-80.4443,106.3843,1.5313,,
DATA,A001,10,555,587819,-0.4569,1.5303,-0.1788,41.3208,-82.8857,117.6147,1.6071,,
DATA,A001,10,556,587829,-0.5477,1.5010,-0.0597,23.3765,-89.3555,127.1362,1.5990,,
DATA,A001,10,557,587839,-0.5858,1.3958,0.0021,6.7749,-95.6421,128.9673,1.5138,,
DATA,A001,10,558,587849,-0.5795,1.1736,0.0052,-9.7656,-104.6753,125.1831,1.3089,,
DATA,A001,10,559,587859,-0.5355,1.0584,-0.0294,-10.9863,-110.7178,118.9575,1.1865,,
DATA,A001,10,560,587869,-0.4339,0.9808,-0.1012,0.3052,-112.9150,106.6895,1.0772,,
DATA,A001,10,561,587879,-0.3653,0.9896,-0.1464,12.2070,-111.7554,96.9849,1.0650,,
DATA,A001,10,562,587889,-0.3329,1.0513,-0.1559,24.9634,-111.0229,81.1768,1.1137,,
DATA,A001,10,563,587899,-0.3524,1.0806,-0.1525,24.2920,-111.3892,69.8242,1.1468,,
DATA,A001,10,564,587909,-0.4086,1.0464,-0.1056,13.5498,-119.6289,52.0020,1.1283,,
DATA,A001,10,565,587919,-0.4359,0.9842,-0.0907,6.9580,-128.6011,38.9404,1.0802,,
DATA,A001,10,566,587929,-0.4369,0.8917,-0.0834,4.4556,-140.2588,17.0288,0.9964,,
DATA,A001,10,567,587939,-0.4112,0.8504,-0.0685,8.0566,-144.7754,1.0376,0.9471,,
DATA,A001,10,568,587949,-0.3541,0.8296,-0.0182,18.1274,-143.3716,-24.2920,0.9022,,
DATA,A001,10,569,587959,-0.3082,0.8213,0.0257,21.0571,-136.7188,-41.3208,0.8777,,
DATA,A001,10,570,587969,-0.2484,0.7750,0.0924,16.9067,-122.3145,-66.8945,0.8190,,
DATA,A001,10,571,587979,-0.2198,0.7205,0.1222,10.5591,-110.5957,-83.1299,0.7632,,
DATA,A001,10,572,587989,-0.1861,0.6317,0.1437,4.6387,-92.4683,-105.7129,0.6740,,
DATA,A001,10,573,587999,-0.1788,0.5972,0.1561,5.9204,-82.2144,-119.3848,0.6427,,
DATA,A001,10,574,588009,-0.1717,0.6172,0.1415,13.1836,-67.9321,-135.3760,0.6561,,
DATA,A001,10,575,588019,-0.1713,0.6717,0.1090,18.9209,-60.4858,-142.5781,0.7017,,
DATA,A001,10,576,588029,-0.1800,0.7806,0.0597,23.0713,-51.2695,-149.2310,0.8033,,
DATA,A001,10,577,588039,-0.1825,0.8470,0.0294,21.5454,-46.2646,-151.5503,0.8669,,
DATA,A001,10,578,588049,-0.1857,0.8919,0.0065,18.6157,-40.9546,-151.6113,0.9110,,
DATA,A001,10,579,588059,-0.2020,0.9620,-0.0140,19.2261,-31.7993,-148.5596,0.9831,,
DATA,A001,10,580,588069,-0.2157,1.0267,-0.0223,24.1089,-25.8179,-144.6533,1.0493,,
DATA,A001,10,581,588079,-0.2452,1.1321,0.0011,29.7241,-19.6533,-135.3760,1.1584,,
DATA,A001,10,582,588089,-0.2574,1.2003,0.0260,25.6348,-19.9585,-123.5962,1.2278,,
DATA,A001,10,583,588099,-0.2579,1.2093,0.0553,18.7988,-22.3389,-115.9058,1.2377,,
DATA,A001,10,584,588109,-0.2411,1.1749,0.0550,10.9253,-23.8037,-108.8867,1.2006,,
DATA,A001,10,585,588119,-0.2010,1.0738,0.0643,7.0190,-19.6533,-98.8159,1.0943,,
DATA,A001,10,586,588129,-0.1725,1.0123,0.0751,11.4746,-10.3149,-93.3838,1.0296,,
DATA,A001,10,587,588139,-0.1532,0.9771,0.0831,25.8179,11.1084,-85.8765,0.9925,,
DATA,A001,10,588,588149,-0.1764,0.9849,0.0868,36.6211,26.7944,-79.9561,1.0043,,
DATA,A001,10,589,588159,-0.2281,1.0206,0.1283,48.8281,44.8608,-70.6177,1.0536,,
DATA,A001,10,590,588169,-0.2667,1.0562,0.1656,52.3071,51.4526,-65.1245,1.1019,,
DATA,A001,10,591,588179,-0.3221,1.1158,0.1988,56.5186,52.7954,-54.5044,1.1783,,
DATA,A001,10,592,588189,-0.3526,1.1656,0.1791,61.5845,49.0112,-45.2271,1.2309,,
DATA,A001,10,593,588199,-0.3707,1.2608,0.1549,70.3125,38.0859,-29.9683,1.3233,,
DATA,A001,10,594,588209,-0.3802,1.3240,0.1258,71.5332,28.3203,-19.3481,1.3833,,
DATA,A001,10,595,588219,-0.4134,1.3856,0.1149,63.8428,11.2305,-5.4932,1.4505,,
DATA,A001,10,596,588229,-0.4422,1.3848,0.1254,55.1758,-3.2349,1.3428,1.4591,,
DATA,A001,10,597,588239,-0.4999,1.3130,0.1747,38.9404,-27.9541,5.9814,1.4158,,
DATA,A001,10,598,588249,-0.5362,1.2088,0.2091,25.9399,-48.1567,3.9673,1.3388,,
DATA,A001,10,599,588259,-0.5394,1.0059,0.2421,8.5449,-77.4536,-6.1035,1.1668,,
DATA,A001,10,600,588269,-0.4955,0.8885,0.2596,1.9531,-94.2383,-17.6392,1.0499,,
DATA,A001,10,601,588279,-0.3922,0.7952,0.2486,1.7090,-107.8491,-39.8560,0.9209,,
DATA,A001,10,602,588289,-0.3148,0.7869,0.2303,3.7231,-107.6660,-56.7017,0.8783,,
DATA,A001,10,603,588299,-0.2196,0.8055,0.2147,3.2349,-94.9707,-81.0547,0.8620,,
DATA,A001,10,604,588309,-0.1749,0.8087,0.1991,-2.2583,-82.5806,-95.6421,0.8510,,
DATA,A001,10,605,588319,-0.1461,0.7806,0.1639,-12.9395,-64.2700,-113.9526,0.8109,,
DATA,A001,10,606,588329,-0.1400,0.7691,0.1434,-16.7236,-52.9175,-122.7417,0.7948,,
DATA,A001,10,607,588339,-0.1415,0.8067,0.1034,-15.5029,-36.6821,-131.3477,0.8255,,
DATA,A001,10,608,588349,-0.1378,0.8531,0.0770,-12.1460,-24.5361,-134.3994,0.8676,,
DATA,A001,10,609,588359,-0.1485,0.9300,0.0387,-10.6201,-5.3101,-134.3384,0.9426,,
DATA,A001,10,610,588369,-0.1608,0.9632,0.0277,-12.0850,5.9814,-131.5918,0.9769,,
DATA,A001,10,611,588379,-0.1759,0.9800,0.0326,-13.7329,16.1133,-126.9531,0.9962,,
DATA,A001,10,612,588389,-0.2005,0.9879,0.0069,-16.1133,28.3813,-118.1641,1.0080,,
DATA,A001,10,613,588399,-0.2142,0.9922,-0.0531,-16.1133,36.6821,-111.4502,1.0165,,
DATA,A001,10,614,588409,-0.1976,1.0325,-0.1649,-6.5918,51.4526,-101.3794,1.0641,,
DATA,A001,10,615,588419,-0.1627,1.0772,-0.1600,4.6997,62.5000,-95.2148,1.1011,,
DATA,A001,10,616,588429,-0.1268,1.1214,-0.1163,14.2822,82.4585,-88.2568,1.1345,,
DATA,A001,10,617,588439,-0.1363,1.0652,-0.1090,8.5449,97.1680,-85.4492,1.0795,,
DATA,A001,10,618,588449,-0.1600,0.8597,-0.0814,-3.6011,112.4268,-80.3833,0.8782,,
DATA,A001,10,619,588459,-0.1844,0.7212,-0.0563,-2.4414,118.3472,-76.3550,0.7466,,
DATA,A001,10,620,588469,-0.2345,0.6072,-0.0197,16.3574,119.6899,-68.8477,0.6512,,
DATA,A001,10,621,588479,-0.2513,0.6038,0.0091,31.9214,114.5020,-62.7441,0.6541,,
DATA,A001,10,622,588489,-0.2557,0.6907,0.0504,47.9736,102.1729,-52.1851,0.7383,,
DATA,A001,10,623,588499,-0.2735,0.7708,0.0909,50.7812,91.8579,-44.3115,0.8229,,
DATA,A001,10,624,588509,-0.3190,0.8817,0.2123,49.6826,73.3032,-32.8979,0.9613,,
DATA,A001,10,625,588519,-0.3382,0.9593,0.2357,45.7764,59.2041,-24.9023,1.0441,,
DATA,A001,10,626,588529,-0.3697,1.0096,0.1647,29.7241,34.6680,-12.6953,1.0877,,
DATA,A001,10,627,588539,-0.3600,1.0159,0.1327,19.1040,18.1885,-3.7842,1.0860,,
DATA,A001,10,628,588549,-0.3224,1.0237,0.0528,10.8643,-2.8076,12.6343,1.0746,,
DATA,A001,10,629,588559,-0.2963,1.0543,0.0265,9.8267,-14.2212,24.8413,1.0954,,
DATA,A001,10,630,588569,-0.2582,1.1299,-0.0094,7.8735,-25.1465,46.0815,1.1591,,
DATA,A001,10,631,588579,-0.2421,1.1880,-0.0038,3.1738,-28.1372,60.2417,1.2125,,
DATA,A001,10,632,588589,-0.2552,1.2567,0.0399,-10.1318,-28.9917,82.7637,1.2829,,
DATA,A001,10,633,588599,-0.2457,1.2674,0.0765,-24.4751,-28.5645,98.3276,1.2933,,
DATA,A001,10,634,588609,-0.2340,1.1714,0.0987,-54.3823,-26.6113,120.1782,1.1987,,
DATA,A001,10,635,588619,-0.1847,1.0738,0.0990,-72.3267,-18.7378,132.0190,1.0940,,
DATA,A001,10,636,588629,-0.0873,1.0108,0.0138,-80.1392,11.4746,150.5127,1.0147,,
DATA,A001,10,637,588639,-0.0289,1.0628,-0.0514,-71.2891,47.7295,159.0576,1.0644,,
DATA,A001,10,638,588649,0.0316,1.2129,-0.1784,-57.3120,116.8213,167.9077,1.2264,,
DATA,A001,10,639,588659,0.0307,1.2837,-0.1652,-51.8799,161.3159,172.1802,1.2947,,
DATA,A001,10,640,588669,-0.0863,1.3101,0.0497,-44.1284,209.5337,182.0679,1.3139,,
DATA,A001,10,641,588679,-0.1886,1.2774,0.2145,-42.3584,228.2715,184.6924,1.3089,,
DATA,A001,10,642,588689,-0.4071,1.2696,0.3502,-37.9639,236.3892,190.6128,1.3785,,
DATA,A001,10,643,588699,-0.4303,1.3399,0.3475,-23.6206,244.2017,193.3594,1.4496,,
DATA,A001,10,644,588709,-0.3172,1.5350,0.2657,-20.9351,263.8550,173.6450,1.5898,,
DATA,A001,10,645,588719,-0.3046,1.5342,0.1268,-45.2271,295.8984,137.6343,1.5693,,
DATA,A001,10,646,588729,-0.4064,1.3135,-0.0743,-80.3223,312.2559,109.1919,1.3770,,
DATA,A001,10,647,588739,-0.5296,1.1868,-0.1281,-69.7632,270.3247,135.4980,1.3059,,
DATA,A001,10,648,588749,-0.4545,1.0394,-0.1759,-63.1714,212.2803,131.9580,1.1479,,
DATA,A001,10,649,588759,-0.5463,0.9305,-0.2157,-63.7817,100.0977,135.8032,1.1003,,
DATA,A001,10,650,588769,-0.3863,0.8275,-0.3258,-78.6743,50.6592,118.7134,0.9696,,
DATA,A001,10,651,588779,-0.2501,0.6392,-0.4254,-92.2852,26.6113,96.6187,0.8076,,
DATA,A001,10,652,588789,-0.2711,0.5445,-0.4374,-82.8247,18.4326,97.7783,0.7492,,
DATA,A001,10,653,588799,-0.2789,0.4664,-0.3568,-52.6123,22.3389,91.6748,0.6501,,
DATA,A001,10,654,588809,-0.2872,0.4649,-0.2614,-35.7056,26.0010,82.0312,0.6058,,
DATA,A001,10,655,588819,-0.3295,0.5323,-0.1293,-20.8130,24.6582,70.9839,0.6392,,
DATA,A001,10,656,588829,-0.3133,0.5704,-0.0560,-18.1885,23.4985,60.7300,0.6532,,
DATA,A001,10,657,588839,-0.2853,0.6009,-0.0128,-20.6299,20.7520,40.8936,0.6653,,
DATA,A001,10,658,588849,-0.1984,0.5982,0.0052,-26.1841,28.3203,31.0059,0.6303,,
DATA,A001,10,659,588859,-0.0663,0.5731,-0.0585,-32.0435,62.5610,15.3809,0.5798,,
DATA,A001,10,660,588869,-0.0084,0.5469,-0.1112,-29.4800,98.1445,5.9204,0.5582,,
DATA,A001,10,661,588879,-0.0287,0.5399,-0.1166,-12.9395,156.1279,-5.4932,0.5530,,
DATA,A001,10,662,588889,-0.1000,0.5723,-0.0907,2.4414,191.0400,-12.7563,0.5880,,
DATA,A001,10,663,588899,-0.2369,0.6758,-0.0155,23.1934,222.9614,-20.5078,0.7163,,
DATA,A001,10,664,588909,-0.3299,0.7718,0.0465,32.8979,227.6001,-21.1182,0.8406,,
DATA,A001,10,665,588919,-0.4322,0.9376,0.1122,40.2832,216.5527,-16.3574,1.0385,,
DATA,A001,10,666,588929,-0.4747,1.0399,0.1168,39.9170,200.2563,-10.7422,1.1490,,
DATA,A001,10,667,588939,-0.5123,1.1436,0.1044,33.4473,173.2788,1.3428,1.2575,,
DATA,A001,10,668,588949,-0.5294,1.1812,0.0917,28.9917,156.3110,12.0239,1.2977,,
DATA,A001,10,669,588959,-0.5668,1.2249,0.0765,26.3672,132.7515,30.2124,1.3518,,
DATA,A001,10,670,588969,-0.5956,1.2671,0.0585,27.4048,116.2109,42.6636,1.4014,,
DATA,A001,10,671,588979,-0.6329,1.3665,0.0426,31.1890,87.9517,58.7769,1.5066,,
DATA,A001,10,672,588989,-0.6444,1.4503,0.0245,32.3486,65.7349,66.0400,1.5872,,
DATA,A001,10,673,588999,-0.6239,1.5081,0.0253,27.0386,31.9214,70.4956,1.6323,,
DATA,A001,10,674,589009,-0.5636,1.4776,0.0516,19.9585,16.3574,68.7866,1.5823,,
DATA,A001,10,675,589019,-0.4867,1.3738,0.0768,12.8174,8.9111,59.4482,1.4595,,
DATA,A001,10,676,589029,-0.4554,1.4004,0.0531,20.6299,16.0522,49.3774,1.4736,,
DATA,A001,10,677,589039,-0.4288,1.5721,0.0365,44.1284,30.3955,26.4893,1.6299,,
DATA,A001,10,678,589049,-0.4398,1.6705,0.0843,51.2085,39.7339,11.5967,1.7295,,
DATA,A001,10,679,589059,-0.4615,1.6089,0.1935,33.5693,50.0488,-8.1787,1.6850,,
DATA,A001,10,680,589069,-0.4488,1.4004,0.2526,11.3525,53.2837,-23.3765,1.4921,,
DATA,A001,10,681,589079,-0.4230,1.1661,0.2670,-2.7466,57.1289,-40.2832,1.2688,,
DATA,A001,10,682,589089,-0.3732,0.9400,0.2235,-0.2441,69.5801,-69.2139,1.0358,,
DATA,A001,10,683,589099,-0.3336,0.9134,0.1678,10.9253,84.1675,-89.6606,0.9868,,
DATA,A001,10,684,589109,-0.3014,1.0416,0.0863,29.3579,116.5771,-114.7461,1.0877,,
DATA,A001,10,685,589119,-0.3207,1.1851,0.0236,37.4756,140.5029,-128.7842,1.2280,,
DATA,A001,10,686,589129,-0.4276,1.3323,-0.0719,36.7432,165.5884,-145.3247,1.4011,,
DATA,A001,10,687,589139,-0.5331,1.3443,-0.1276,29.8462,172.1802,-154.4189,1.4517,,
DATA,A001,10,688,589149,-0.6642,1.2283,-0.2623,18.1885,164.7949,-170.5933,1.4208,,
DATA,A001,10,689,589159,-0.6642,1.1258,-0.3224,13.4277,154.8462,-179.5044,1.3463,,
DATA,A001,10,690,589169,-0.7926,0.9783,-0.4056,25.0244,118.9575,-203.1250,1.3228,,
DATA,A001,10,691,589179,-0.6105,0.9349,-0.5255,40.4663,98.3276,-223.9380,1.2340,,
DATA,A001,10,692,589189,-0.6075,0.9124,-0.3200,71.8994,82.3364,-238.8916,1.1419,,
DATA,A001,10,693,589199,-0.4027,0.8704,-0.3883,94.3604,111.5723,-268.7378,1.0347,,
DATA,A001,10,694,589209,-0.4310,0.9383,-0.2111,115.2954,132.9956,-265.5640,1.0539,,
DATA,A001,10,695,589219,-0.5951,0.9302,-0.1036,120.7275,137.3291,-271.8506,1.1091,,
DATA,A001,10,696,589229,-0.6417,0.9041,-0.1315,129.3335,104.3701,-272.7661,1.1165,,
DATA,A001,10,697,589239,-0.5526,0.8721,-0.1207,130.9814,93.3838,-270.2637,1.0395,,
DATA,A001,10,698,589249,-0.3636,0.7671,-0.1398,129.0283,97.9614,-279.8462,0.8604,,
DATA,A001,10,699,589259,-0.3761,0.7310,-0.1076,141.9067,104.1870,-274.2920,0.8291,,
DATA,A001,10,700,589269,-0.6266,0.7613,-0.0077,167.6025,92.2852,-262.1460,0.9860,,
DATA,A001,10,701,589279,-0.7364,0.8602,0.0463,178.3447,57.7393,-259.2773,1.1333,,
DATA,A001,10,702,589289,-0.5270,1.0123,-0.0306,179.8706,16.7847,-258.8501,1.1416,,
DATA,A001,10,703,589299,-0.4183,1.0594,-0.0075,172.7905,-3.2349,-251.8311,1.1390,,
DATA,A001,10,704,589309,-0.4869,1.0792,-0.0219,152.8931,-30.7617,-237.8540,1.1841,,
DATA,A001,10,705,589319,-0.4706,1.0638,-0.1185,137.2681,-42.6636,-231.0181,1.1692,,
DATA,A001,10,706,589329,-0.3895,1.0489,-0.1974,124.0845,-39.3066,-225.3418,1.1362,,
DATA,A001,10,707,589339,-0.3902,1.0709,-0.2374,121.6431,-36.0718,-217.5293,1.1642,,
DATA,A001,10,708,589349,-0.2919,1.1443,-0.3170,114.1968,-21.0571,-201.7212,1.2228,,
DATA,A001,10,709,589359,-0.1979,1.1973,-0.2782,111.1450,-12.2681,-183.4717,1.2450,,
DATA,A001,10,710,589369,-0.1715,1.2986,-0.2079,100.2808,-10.0098,-149.2920,1.3263,,
DATA,A001,10,711,589379,-0.1576,1.3292,-0.1845,86.2427,-10.6201,-128.0518,1.3511,,
DATA,A001,10,712,589389,-0.1368,1.2830,-0.0883,55.3589,-18.7378,-95.5200,1.2933,,
DATA,A001,10,713,589399,-0.1747,1.2178,-0.0382,33.0811,-32.2266,-73.6084,1.2309,,
DATA,A001,10,714,589409,-0.2030,1.1378,-0.0348,13.4277,-47.0581,-54.1992,1.1562,,
DATA,A001,10,715,589419,-0.1940,1.0276,-0.0543,-8.4839,-64.0869,-29.0527,1.0472,,
DATA,A001,10,716,589429,-0.1891,0.9686,-0.0575,-19.4092,-71.7773,-12.8784,0.9885,,
DATA,A001,10,717,589439,-0.1505,0.9017,-0.0504,-34.0576,-72.9370,10.4980,0.9155,,
DATA,A001,10,718,589449,-0.1214,0.8482,-0.0416,-45.1660,-69.7632,23.9868,0.8579,,
DATA,A001,10,719,589459,-0.1442,0.7496,0.0045,-60.9131,-65.5518,45.6543,0.7633,,
DATA,A001,10,720,589469,-0.1625,0.7068,0.0284,-68.7866,-65.4907,59.6313,0.7258,,
DATA,A001,10,721,589479,-0.1774,0.7388,0.0245,-75.3784,-66.5894,79.8950,0.7602,,
DATA,A001,10,722,589489,-0.1678,0.8240,0.0109,-78.0029,-63.6597,93.8721,0.8410,,
DATA,A001,10,723,589499,-0.1007,0.9385,-0.0680,-91.2476,-48.7061,117.7368,0.9464,,
DATA,A001,10,724,589509,-0.0665,0.9590,-0.1212,-104.4312,-33.1421,136.7188,0.9690,,
DATA,A001,10,725,589519,-0.0909,0.9105,-0.1840,-119.5068,-5.0659,162.6587,0.9333,,
DATA,A001,10,726,589529,-0.1410,0.8685,-0.1964,-120.4834,15.1367,177.1240,0.9015,,
DATA,A001,10,727,589539,-0.2499,0.8856,-0.1666,-109.3140,43.1519,199.0356,0.9351,,
DATA,A001,10,728,589549,-0.3275,0.9593,-0.1154,-99.7314,55.6030,213.9282,1.0202,,
DATA,A001,10,729,589559,-0.4320,1.1133,-0.0324,-94.1162,65.0024,236.4502,1.1947,,
DATA,A001,10,730,589569,-0.4703,1.2025,0.0131,-97.4731,65.6738,249.2676,1.2912,,
DATA,A001,10,731,589579,-0.4864,1.2718,0.0853,-106.8726,61.0352,263.3057,1.3643,,
DATA,A001,10,732,589589,-0.4659,1.2894,0.1339,-113.7085,58.7769,269.0430,1.3775,,
DATA,A001,10,733,589599,-0.4144,1.2806,0.1566,-124.6338,61.3403,273.6816,1.3550,,
DATA,A001,10,734,589609,-0.4003,1.2564,0.1344,-132.5073,68.9697,275.3906,1.3255,,
DATA,A001,10,735,589619,-0.4344,1.2144,0.0936,-144.8975,82.5195,274.3530,1.2932,,
DATA,A001,10,736,589629,-0.4269,1.1858,0.0404,-152.7710,90.5762,271.0571,1.2610,,
DATA,A001,10,737,589639,-0.4547,1.1585,-0.0668,-163.2080,93.5669,262.0850,1.2463,,
DATA,A001,10,738,589649,-0.1903,1.1609,-0.2179,-170.6543,112.1826,259.9487,1.1964,,
DATA,A001,10,739,589659,-0.6805,0.9520,-0.1803,-175.9644,187.5610,249.1455,1.1840,,
DATA,A001,10,740,589669,-0.8627,0.9476,-0.2045,-169.2505,114.6240,212.2803,1.2976,,
DATA,A001,10,741,589679,-0.6549,0.8919,-0.2382,-172.3633,33.7524,221.8628,1.1319,,
DATA,A001,10,742,589689,-0.2794,0.8362,-0.2990,-170.7764,17.8223,208.9844,0.9310,,
DATA,A001,10,743,589699,-0.0001,0.7581,-0.3148,-149.3530,57.5562,185.6689,0.8209,,
DATA,A001,10,744,589709,-0.1534,0.7537,-0.2753,-130.4932,84.9609,179.3823,0.8170,,
DATA,A001,10,745,589719,-0.3446,0.7496,-0.2753,-112.6709,117.7979,160.8276,0.8697,,
DATA,A001,10,746,589729,-0.3639,0.7217,-0.2335,-104.7363,125.1221,142.2729,0.8413,,
DATA,A001,10,747,589739,-0.4991,0.7527,-0.1312,-86.7920,102.5391,122.3755,0.9127,,
DATA,A001,10,748,589749,-0.5328,0.7991,-0.1149,-75.0732,78.3081,111.3892,0.9673,,
DATA,A001,10,749,589759,-0.4130,0.8878,-0.0907,-59.6924,49.5605,91.8579,0.9833,,
DATA,A001,10,750,589769,-0.3878,0.9642,-0.0380,-50.1709,35.4614,83.4961,1.0399,,
DATA,A001,10,751,589779,-0.3888,1.0555,-0.0309,-41.8091,27.7100,78.7964,1.1252,,
DATA,A001,10,752,589789,-0.3512,1.2037,-0.1088,-31.1279,28.3203,70.9229,1.2586,,
DATA,A001,10,753,589799,-0.3719,1.3060,-0.1439,-22.5220,30.7007,67.4438,1.3655,,
DATA,A001,10,754,589809,-0.4491,1.4415,-0.1801,-13.5498,31.6162,64.3921,1.5205,,
DATA,A001,10,755,589819,-0.4757,1.4891,-0.1947,-11.1084,31.3721,62.2559,1.5753,,
DATA,A001,10,756,589829,-0.5336,1.4771,-0.1893,-9.4604,29.5410,59.8755,1.5819,,
DATA,A001,10,757,589839,-0.5665,1.4144,-0.1823,-5.8594,25.8179,57.3120,1.5345,,
DATA,A001,10,758,589849,-0.5428,1.2984,-0.1261,7.6294,24.1699,48.8281,1.4129,,
DATA,A001,10,759,589859,-0.5126,1.2247,-0.0580,19.3481,25.2686,40.4663,1.3289,,
DATA,A001,10,760,589869,-0.4830,1.1309,0.0428,33.8745,30.2124,26.3672,1.2305,,
DATA,A001,10,761,589879,-0.4603,1.1148,0.0809,43.2129,34.0576,15.5029,1.2088,,
DATA,A001,10,762,589889,-0.4911,1.2535,0.0890,65.2466,34.1797,2.9297,1.3492,,
DATA,A001,10,763,589899,-0.5292,1.3892,0.0904,77.2705,28.3203,-2.1362,1.4893,,
DATA,A001,10,764,589909,-0.6080,1.4302,0.1268,72.0215,6.1646,-5.9204,1.5593,,
DATA,A001,10,765,589919,-0.6542,1.3148,0.1554,55.4810,-14.3433,-7.8125,1.4767,,
DATA,A001,10,766,589929,-0.7052,1.0582,0.0851,32.7148,-55.9082,-13.4277,1.2745,,
DATA,A001,10,767,589939,-0.7318,0.9422,-0.0280,30.7007,-86.8530,-19.2871,1.1933,,
DATA,A001,10,768,589949,-0.7264,0.9817,-0.1747,55.9082,-130.9814,-31.9214,1.2337,,
DATA,A001,10,769,589959,-0.6932,1.1683,-0.1859,82.1533,-154.4800,-42.2363,1.3711,,
DATA,A001,10,770,589969,-0.6532,1.4869,-0.1342,98.5107,-175.9033,-54.9316,1.6296,,
DATA,A001,10,771,589979,-0.6400,1.5662,-0.0975,85.1440,-185.6689,-61.7676,1.6947,,
DATA,A001,10,772,589989,-0.5738,1.4056,-0.0663,47.1191,-196.7773,-75.5005,1.5196,,
DATA,A001,10,773,589999,-0.4945,1.2071,-0.0663,28.9307,-201.2329,-88.6841,1.3061,,
DATA,A001,10,774,590009,-0.3255,0.9896,-0.0888,25.5737,-193.0542,-115.3564,1.0455,,
DATA,A001,10,775,590019,-0.2025,0.9134,-0.0941,33.3252,-174.4995,-136.0474,0.9403,,
DATA,A001,10,776,590029,-0.1085,0.8760,-0.0746,44.8608,-127.1362,-166.2598,0.8859,,
DATA,A001,10,777,590039,-0.0987,0.8533,-0.0306,48.3398,-88.1348,-184.5703,0.8596,,
DATA,A001,10,778,590049,-0.1781,0.7686,0.0348,49.6826,-32.8369,-208.9233,0.7897,,
DATA,A001,10,779,590059,-0.2914,0.7230,0.0272,51.8799,-1.3428,-223.0225,0.7799,,
DATA,A001,10,780,590069,-0.4313,0.7127,-0.0353,66.1011,27.0996,-247.8027,0.8338,,
DATA,A001,10,781,590079,-0.4745,0.7642,-0.0831,84.8389,38.1470,-265.3198,0.9034,,
DATA,A001,10,782,590089,-0.6957,0.9483,-0.0538,118.2251,32.7148,-285.0952,1.1773,,
DATA,A001,10,783,590099,-0.6373,1.0743,-0.1847,127.1973,-1.2817,-298.4009,1.2627,,
DATA,A001,10,784,590109,-0.4567,1.1009,-0.2067,124.2065,26.0620,-339.4165,1.2096,,
DATA,A001,10,785,590119,-0.5140,1.2293,-0.0792,138.4277,53.1616,-354.2480,1.3348,,
DATA,A001,10,786,590129,-0.6402,1.2850,-0.0914,151.7944,68.0542,-363.8306,1.4385,,
DATA,A001,10,787,590139,-0.8241,1.3738,-0.0665,165.7104,51.3306,-371.5820,1.6034,,
DATA,A001,10,788,590149,-0.8185,1.4319,-0.0875,168.4570,28.9917,-374.8169,1.6517,,
DATA,A001,10,789,590159,-0.7406,1.4957,-0.1224,166.5649,-12.8784,-369.9341,1.6735,,
DATA,A001,10,790,590169,-0.7206,1.5030,-0.1220,160.0952,-42.9077,-359.6802,1.6712,,
DATA,A001,10,791,590179,-0.6305,1.4578,-0.1483,143.0664,-78.7964,-341.8579,1.5952,,
DATA,A001,10,792,590189,-0.6048,1.4090,-0.1347,131.6528,-94.6655,-328.8574,1.5392,,
DATA,A001,10,793,590199,-0.6322,1.3614,-0.1576,119.4458,-115.6006,-305.9082,1.5093,,
DATA,A001,10,794,590209,-0.5878,1.3580,-0.2025,112.3047,-122.1313,-291.0767,1.4935,,
DATA,A001,10,795,590219,-0.5255,1.3934,-0.2543,102.2949,-124.1455,-267.5171,1.5107,,
DATA,A001,10,796,590229,-0.5143,1.4312,-0.2880,94.6655,-121.2158,-249.1455,1.5478,,
DATA,A001,10,797,590239,-0.4650,1.4615,-0.3099,80.5054,-113.2812,-220.5811,1.5647,,
DATA,A001,10,798,590249,-0.4452,1.4634,-0.2943,69.1528,-109.4360,-201.1108,1.5577,,
DATA,A001,10,799,590259,-0.4012,1.4200,-0.2521,50.0488,-108.0933,-173.2178,1.4970,,
DATA,A001,10,800,590269,-0.3463,1.3426,-0.2243,35.1562,-107.7881,-156.7383,1.4045,,
DATA,A001,10,801,590279,-0.2687,1.1883,-0.1627,14.4043,-107.6660,-135.0098,1.2291,,
DATA,A001,10,802,590289,-0.2110,1.0948,-0.1310,4.1504,-106.6895,-121.2158,1.1226,,
DATA,A001,10,803,590299,-0.0809,1.0477,-0.1869,-1.7700,-91.5527,-96.4355,1.0673,,
DATA,A001,10,804,590309,-0.0118,1.0648,-0.2003,1.2207,-79.2236,-77.8809,1.0835,,
DATA,A001,10,805,590319,0.0350,1.0618,-0.2160,-0.4883,-53.8940,-50.1709,1.0841,,
DATA,A001,10,806,590329,0.0160,1.0054,-0.2013,-9.2773,-37.2925,-32.8979,1.0255,,
DATA,A001,10,807,590339,-0.0665,0.8939,-0.1459,-18.3105,-22.5220,-10.1318,0.9081,,
DATA,A001,10,808,590349,-0.1200,0.8328,-0.0978,-17.6392,-21.5454,2.9907,0.8471,,
DATA,A001,10,809,590359,-0.1713,0.8077,0.0362,-11.2915,-24.1089,23.0713,0.8264,,
DATA,A001,10,810,590369,-0.1761,0.8524,0.1097,-8.6670,-26.7334,37.3535,0.8773,,
DATA,A001,10,811,590379,-0.0887,0.9417,0.1695,-13.5498,-21.1792,59.6313,0.9610,,
DATA,A001,10,812,590389,0.0023,0.9605,0.1886,-24.1699,-14.7705,76.8433,0.9788,,
DATA,A001,10,813,590399,0.0685,0.8904,0.1698,-46.3867,3.2959,104.5532,0.9091,,
DATA,A001,10,814,590409,0.1520,0.8165,0.1803,-55.8472,14.2822,125.1221,0.8498,,
DATA,A001,10,815,590419,0.1893,0.7169,0.2203,-57.8613,22.8882,163.3301,0.7735,,
DATA,A001,10,816,590429,0.1107,0.6822,0.2211,-56.7017,32.0435,184.5093,0.7256,,
DATA,A001,10,817,590439,0.0014,0.7034,0.1642,-54.1992,55.6641,207.3364,0.7223,,
DATA,A001,10,818,590449,-0.0770,0.7547,0.1332,-51.3916,74.8901,220.0317,0.7702,,
DATA,A001,10,819,590459,-0.1586,0.8160,0.1344,-49.0723,94.1772,231.0791,0.8420,,
DATA,A001,10,820,590469,-0.2486,0.8760,0.1322,-55.1147,120.1172,244.1406,0.9202,,
DATA,A001,10,821,590479,-0.2936,0.8638,0.1295,-67.5049,130.1880,250.9155,0.9215,,
DATA,A001,10,822,590489,-0.3295,0.7435,0.0951,-92.8345,129.8828,258.7280,0.8187,,
DATA,A001,10,823,590499,-0.3426,0.6260,0.0797,-107.0557,121.7651,263.6719,0.7181,,
DATA,A001,10,824,590509,-0.3380,0.4634,0.0902,-111.9385,102.2949,272.3999,0.5806,,
DATA,A001,10,825,590519,-0.3334,0.4217,0.1149,-101.7456,86.7920,279.7241,0.5497,,
DATA,A001,10,826,590529,-0.3212,0.5381,0.1344,-73.4863,65.4297,289.4287,0.6409,,
DATA,A001,10,827,590539,-0.3092,0.7376,0.1388,-55.9692,55.5420,293.7622,0.8117,,
DATA,A001,10,828,590549,-0.3426,1.0806,0.1188,-45.7153,58.8379,296.3867,1.1398,,
DATA,A001,10,829,590559,-0.3922,1.2789,0.0892,-50.2930,69.7632,294.4336,1.3406,,
DATA,A001,10,830,590569,-0.4935,1.4608,0.0121,-65.4297,93.9941,284.3018,1.5419,,
DATA,A001,10,831,590579,-0.5597,1.5272,-0.0365,-73.1201,109.9854,274.4751,1.6269,,
DATA,A001,10,832,590589,-0.6156,1.5735,-0.0875,-76.4160,126.7700,255.6152,1.6919,,
DATA,A001,10,833,590599,-0.6202,1.5670,-0.1022,-77.4536,131.5918,241.1499,1.6883,,
DATA,A001,10,834,590609,-0.5650,1.4786,-0.0761,-82.0923,135.3149,217.1021,1.5847,,
DATA,A001,10,835,590619,-0.5143,1.3799,-0.0438,-85.1440,137.5732,200.9277,1.4733,,
DATA,A001,10,836,590629,-0.4586,1.2308,0.0309,-79.3457,142.4561,181.5186,1.3138,,
DATA,A001,10,837,590639,-0.4452,1.1912,0.0970,-66.5894,147.2168,172.3022,1.2754,,
DATA,A001,10,838,590649,-0.4654,1.2779,0.1898,-42.5415,156.0059,161.6821,1.3732,,
DATA,A001,10,839,590659,-0.5201,1.4144,0.2176,-31.7383,161.8042,156.3110,1.5226,,
DATA,A001,10,840,590669,-0.6520,1.6065,0.1984,-31.3721,166.5039,150.2686,1.7451,,
DATA,A001,10,841,590679,-0.7416,1.6597,0.1422,-39.3066,164.9780,146.5454,1.8234,,
DATA,A001,10,842,590689,-0.8353,1.5994,0.0321,-55.3589,158.3862,142.2729,1.8047,,
DATA,A001,10,843,590699,-0.8680,1.4769,-0.0529,-64.3311,152.2827,140.1367,1.7139,,
DATA,A001,10,844,590709,-0.9327,1.2957,-0.2006,-67.3218,138.8550,132.6294,1.6091,,
DATA,A001,10,845,590719,-1.0047,1.3138,-0.2750,-52.3071,125.7935,122.0703,1.6767,,
DATA,A001,10,846,590729,-1.0885,1.5770,-0.3480,-11.1084,92.2241,100.7080,1.9475,,
DATA,A001,10,847,590739,-1.1090,1.7596,-0.3629,3.6621,61.7676,86.9751,2.1113,,
DATA,A001,10,848,590749,-1.0436,1.6690,-0.2887,-14.5264,13.9160,69.0918,1.9895,,
DATA,A001,10,849,590759,-0.9427,1.3670,-0.2040,-35.2783,-14.7095,53.8330,1.6730,,
DATA,A001,10,850,590769,-0.7921,0.9742,-0.1273,-35.8887,-48.3398,22.2168,1.2620,,
DATA,A001,10,851,590779,-0.7045,0.8885,-0.1212,-12.4512,-67.1997,-0.6104,1.1403,,
DATA,A001,10,852,590789,-0.6175,0.9539,-0.1166,19.8975,-83.9233,-21.0571,1.1423,,
DATA,A001,10,853,590799,-0.5135,1.2183,-0.0787,55.6641,-100.2197,-43.7622,1.3245,,
DATA,A001,10,854,590809,-0.4803,1.3450,-0.0563,55.9082,-104.6143,-54.1382,1.4293,,
DATA,A001,10,855,590819,-0.4554,1.3018,-0.0311,31.9824,-104.4312,-67.3218,1.3795,,
DATA,A001,10,856,590829,-0.4525,1.1553,-0.0140,18.6768,-101.1963,-75.9888,1.2409,,
DATA,A001,10,857,590839,-0.4510,0.9234,0.0111,17.4561,-94.5435,-90.5151,1.0277,,
DATA,A001,10,858,590849,-0.4342,0.8116,0.0287,24.3530,-88.1958,-101.1963,0.9209,,
DATA,A001,10,859,590859,-0.4149,0.7271,0.0431,35.2783,-77.5757,-116.6382,0.8383,,
DATA,A001,10,860,590869,-0.4166,0.6971,0.0494,39.6118,-70.3125,-124.8779,0.8136,,
DATA,A001,10,861,590879,-0.4398,0.6519,0.0633,43.0908,-63.1714,-135.9863,0.7889,,
DATA,A001,10,862,590889,-0.4654,0.6258,0.0716,45.2271,-62.2559,-142.3340,0.7832,,
DATA,A001,10,863,590899,-0.4894,0.5899,0.0765,48.7671,-69.4580,-151.0620,0.7703,,
DATA,A001,10,864,590909,-0.5072,0.5784,0.0641,51.2085,-80.2612,-156.9824,0.7720,,
DATA,A001,10,865,590919,-0.5201,0.5804,0.0287,52.8564,-102.9053,-165.7104,0.7799,,
DATA,A001,10,866,590929,-0.5135,0.6048,-0.0097,53.1616,-121.3379,-171.0815,0.7935,,
DATA,A001,10,867,590939,-0.5150,0.6485,-0.0787,53.4668,-150.6348,-179.5044,0.8318,,
DATA,A001,10,868,590949,-0.5489,0.6812,-0.1327,54.3213,-173.5840,-184.1431,0.8849,,
DATA,A001,10,869,590959,-0.5875,0.7586,-0.1686,58.2886,-205.8105,-193.6035,0.9742,,
DATA,A001,10,870,590969,-0.5773,0.8453,-0.2020,62.3779,-229.0649,-200.0122,1.0433,,
DATA,A001,10,871,590979,-0.5646,1.0108,-0.2614,65.2466,-267.8833,-205.1392,1.1869,,
DATA,A001,10,872,590989,-0.5992,1.1324,-0.3334,61.2793,-296.5698,-207.8857,1.3238,,
DATA,A001,10,873,590999,-0.7091,1.2901,-0.4454,52.6123,-350.4028,-210.1440,1.5380,,
DATA,A001,10,874,591009,-0.7945,1.4063,-0.4303,51.3306,-395.2026,-212.2803,1.6716,,
DATA,A001,10,875,591019,-0.8319,1.6587,-0.3939,50.1709,-466.7969,-213.6841,1.8970,,
DATA,A001,10,876,591029,-0.7945,1.8416,-0.3693,44.0063,-510.4980,-211.4258,2.0394,,
DATA,A001,10,877,591039,-0.6659,2.0513,-0.3671,19.4702,-568.5425,-211.1816,2.1877,,
DATA,A001,10,878,591049,-0.5585,2.1009,-0.3771,-6.1646,-594.8486,-214.5386,2.2063,,
DATA,A001,10,879,591059,-0.4706,2.0247,-0.3412,-47.7295,-608.3374,-221.1304,2.1065,,
DATA,A001,10,880,591069,-0.4098,1.9229,-0.2860,-70.9229,-604.7974,-225.8301,1.9868,,
DATA,A001,10,881,591079,-0.4005,1.7801,-0.2472,-96.2524,-598.2666,-228.6377,1.8413,,
DATA,A001,10,882,591089,-0.4127,1.7039,-0.2059,-108.3374,-590.1489,-227.6001,1.7652,,
DATA,A001,10,883,591099,-0.3815,1.5984,-0.1686,-124.6338,-578.7964,-225.3418,1.6520,,
DATA,A001,10,884,591109,-0.3209,1.5067,-0.1400,-134.6436,-562.9883,-224.9146,1.5468,,
DATA,A001,10,885,591119,-0.2474,1.3946,-0.1046,-140.9302,-536.6211,-225.1587,1.4202,,
DATA,A001,10,886,591129,-0.2174,1.2320,-0.0436,-142.5171,-494.9951,-221.4355,1.2518,,
DATA,A001,10,887,591139,-0.2374,1.1683,0.0226,-134.4604,-462.8906,-214.1724,1.1924,,
DATA,A001,10,888,591149,-0.2606,1.1236,0.1617,-115.1733,-412.8418,-204.8340,1.1647,,
DATA,A001,10,889,591159,-0.2892,1.1446,0.2284,-106.6895,-384.5825,-199.3408,1.2024,,
DATA,A001,10,890,591169,-0.2399,1.1446,0.3119,-100.7690,-338.9893,-189.0869,1.2103,,
DATA,A001,10,891,591179,-0.0851,1.0919,0.3707,-98.0835,-302.8564,-184.2651,1.1562,,
DATA,A001,10,892,591189,0.1137,1.0101,0.4510,-97.3511,-240.9058,-178.4058,1.1120,,
DATA,A001,10,893,591199,0.1530,0.9737,0.4427,-100.5859,-197.0215,-174.7437,1.0805,,
DATA,A001,10,894,591209,0.1332,0.8812,0.4432,-98.6938,-135.6812,-168.2129,0.9953,,
DATA,A001,10,895,591219,0.0724,0.8563,0.4518,-89.1724,-109.2529,-164.5508,0.9708,,
DATA,A001,10,896,591229,-0.0746,0.8765,0.4757,-74.0356,-91.5527,-153.9307,1.0001,,
DATA,A001,10,897,591239,-0.1561,0.8653,0.4818,-64.0259,-89.5996,-143.0054,1.0026,,
DATA,A001,10,898,591249,-0.1664,0.7916,0.5536,-51.3306,-102.2949,-129.4556,0.9802,,
DATA,A001,10,899,591259,-0.1224,0.7525,0.6334,-42.3584,-111.5112,-120.6055,0.9912,,
DATA,A001,10,900,591269,-0.0648,0.7598,0.7591,-33.6914,-117.4927,-103.0884,1.0760,,
DATA,A001,10,901,591279,-0.0492,0.7689,0.7762,-32.3486,-111.3892,-92.2852,1.0937,,
DATA,A001,10,902,591289,-0.0216,0.7547,0.7633,-34.1797,-97.1069,-77.9419,1.0736,,
DATA,A001,10,903,591299,0.0192,0.7234,0.7230,-36.7432,-83.6792,-69.6411,1.0230,,
DATA,A001,10,904,591309,0.0758,0.6553,0.6625,-41.5649,-61.8896,-59.2041,0.9349,,
DATA,A001,10,905,591319,0.1185,0.6041,0.6298,-44.6777,-45.9595,-53.4058,0.8806,,
DATA,A001,10,906,591329,0.1696,0.5252,0.5663,-47.9736,-23.0713,-46.8140,0.7907,,
DATA,A001,10,907,591339,0.3026,0.5528,0.3705,-46.9360,-9.0332,-42.4805,0.7310,,
DATA,A001,10,908,591349,0.2540,0.6299,0.4525,-43.3960,12.8174,-44.1284,0.8162,,
DATA,A001,10,909,591359,0.2848,0.3389,0.5655,-52.4292,22.2778,-43.2739,0.7182,,
DATA,A001,10,910,591369,0.3432,1.1287,0.6571,11.6577,69.1528,23.5596,1.3504,,
DATA,A001,10,911,591379,0.1928,-0.1870,0.7987,-88.8672,47.2412,25.9399,0.8426,,
DATA,A001,10,912,591389,0.0077,0.2347,0.7916,-49.3774,66.8335,-63.0493,0.8257,,
DATA,A001,10,913,591399,-0.0694,0.6548,0.8307,-27.0386,54.5044,-35.5225,1.0600,,
DATA,A001,10,914,591409,-0.0814,0.4197,0.8138,-34.9121,16.5405,-8.9111,0.9193,,
DATA,A001,10,915,591419,-0.0216,0.4410,0.8163,-41.5039,2.5635,-32.4707,0.9280,,
DATA,A001,10,916,591429,0.1969,0.2911,0.8902,36.4380,-67.5049,-17.7612,0.9571,,
DATA,A001,10,917,591439,-0.1022,0.3936,0.8021,6.1646,-40.1611,-7.2021,0.8993,,
DATA,A001,10,918,591449,0.0175,0.2691,0.6940,-44.4946,-62.6831,-64.0259,0.7445,,
DATA,A001,10,919,591459,0.0233,0.1182,0.7765,-43.1519,-89.7217,-67.2607,0.7858,,
DATA,A001,10,920,591469,0.1405,0.3362,0.8863,-30.3345,-117.3706,-51.7578,0.9583,,
DATA,A001,10,921,591479,0.2174,0.3089,0.8807,-50.9644,-91.4917,-39.0015,0.9583,,
DATA,A001,10,922,591489,0.2099,0.1692,0.8924,-65.4297,-83.1909,-44.9829,0.9323,,
DATA,A001,10,923,591499,0.1972,0.0933,0.9383,-59.2651,-76.6602,-53.4058,0.9634,,
DATA,A001,10,924,591509,0.2113,0.1097,0.9432,-51.2085,-72.9370,-42.7856,0.9728,,
DATA,A001,10,925,591519,0.1071,0.1006,0.9662,-47.4243,-70.0684,-39.1846,0.9773,,
DATA,A001,10,926,591529,0.1969,0.1985,0.9689,-39.4287,-75.4395,-43.3350,1.0084,,
DATA,A001,10,927,591539,0.1268,0.2410,0.9735,-41.3208,-76.6602,-42.8467,1.0109,,
DATA,A001,10,928,591549,0.0470,0.1685,0.9823,-43.3960,-80.2612,-46.2036,0.9977,,
DATA,A001,10,929,591559,-0.0419,0.0325,1.1063,-21.1792,-89.2334,-37.8418,1.1076,,
DATA,A001,10,930,591569,0.0184,0.1624,1.1412,0.4883,-95.6421,-17.5171,1.1529,,
DATA,A001,10,931,591579,0.1928,0.3621,1.1529,9.5825,-76.2939,14.4653,1.2238,,
DATA,A001,10,932,591589,0.2157,0.5108,1.1302,9.7046,-59.4482,22.8882,1.2589,,
DATA,A001,10,933,591599,0.0297,0.6165,1.1451,-20.0806,-32.1045,3.7842,1.3009,,
DATA,A001,10,934,591609,-0.0721,0.3953,1.0704,-37.7197,-31.5552,-14.5874,1.1434,,
DATA,A001,10,935,591619,-0.1495,0.3543,0.9747,-40.5273,-62.9272,-45.5322,1.0478,,
DATA,A001,10,936,591629,-0.0265,0.4476,0.9000,-44.7388,-80.6885,-60.9131,1.0055,,
DATA,A001,10,937,591639,0.0287,0.2212,0.9491,-40.7715,-95.3369,-53.8330,0.9750,,
DATA,A001,10,938,591649,-0.0033,0.2266,0.9786,-25.9399,-101.4404,-50.2319,1.0045,,
DATA,A001,10,939,591659,0.1027,0.3309,1.0013,-14.0991,-116.3330,-50.5371,1.0596,,
DATA,A001,10,940,591669,0.2013,0.3712,1.0089,-13.1836,-117.6147,-48.8892,1.0937,,
DATA,A001,10,941,591679,0.2365,0.2347,0.9835,-1.8921,-100.2197,-47.3633,1.0384,,
DATA,A001,10,942,591689,0.2872,0.2000,0.9213,23.1934,-76.7212,-41.8701,0.9855,,
DATA,A001,10,943,591699,0.0424,0.1778,0.8934,52.1851,-52.0020,-56.2134,0.9119,,
DATA,A001,10,944,591709,0.1369,0.1419,0.8558,55.6641,-55.3589,-67.9932,0.8782,,
DATA,A001,10,945,591719,0.0641,0.2906,0.8788,51.6357,-48.5840,-61.0352,0.9278,,
DATA,A001,10,946,591729,0.1154,0.2659,0.8927,54.3213,-47.4854,-65.3687,0.9386,,
DATA,A001,10,947,591739,0.1654,0.3455,0.9598,52.5513,-29.8462,-57.1899,1.0334,,
DATA,A001,10,948,591749,0.1710,0.3167,0.9779,45.7153,-15.8691,-51.6968,1.0420,,
DATA,A001,10,949,591759,0.0924,0.4517,1.5990,41.4429,0.7935,-38.1470,1.6641,,
DATA,A001,10,950,591769,0.3605,0.4163,0.9266,31.8604,11.2305,-32.7148,1.0779,,
DATA,A001,10,951,591779,0.3375,0.2728,0.9000,10.5591,28.7476,-39.7949,0.9992,,
DATA,A001,10,952,591789,0.2684,0.2752,0.8177,9.4604,35.0952,-40.1001,0.9036,,
DATA,A001,10,953,591799,0.2262,0.2305,0.7916,8.5449,33.1421,-36.5601,0.8550,,
DATA,A001,10,954,591809,0.2545,0.2723,0.7848,13.1836,31.9824,-35.5225,0.8688,,
DATA,A001,10,955,591819,0.2218,0.3004,0.7877,14.9536,27.4658,-32.2266,0.8717,,
DATA,A001,10,956,591829,0.2318,0.2906,0.8199,14.2822,23.8647,-27.7710,0.9003,,
DATA,A001,10,957,591839,0.3314,0.2916,0.8612,10.1929,25.3296,-17.1509,0.9677,,
EVENT,A001,10,,591841,,,,,,,,STOP,957
