row_type,session_id,record_id,sample_id,device_timestamp_ms,ax,ay,az,gx,gy,gz,acc_norm,event_type,sample_count
EVENT,A002,,,601072,,,,,,,,NEW_SESSION,
EVENT,A002,1,,629887,,,,,,,,START,
DATA,A002,1,1,629910,0.1293,0.1487,1.0094,29.7852,28.8086,-4.3945,1.0284,,
DATA,A002,1,2,629920,0.1454,0.1419,0.9969,30.7007,31.4941,0.4883,1.0174,,
DATA,A002,1,3,629930,0.1713,0.1695,0.9393,29.3579,36.4990,3.9673,0.9697,,
DATA,A002,1,4,629940,0.1913,0.1736,0.8954,33.8745,41.3208,4.8828,0.9319,,
DATA,A002,1,5,629950,0.1842,0.2339,0.9188,33.5693,55.6641,6.5308,0.9659,,
DATA,A002,1,6,629960,0.1808,0.2525,0.9366,31.3721,67.0166,10.5591,0.9868,,
DATA,A002,1,7,629970,0.0917,0.1907,0.9625,29.0527,77.3315,13.4888,0.9855,,
DATA,A002,1,8,629980,0.0255,0.2090,0.9718,28.3203,71.4111,10.9253,0.9943,,
DATA,A002,1,9,629990,0.0199,0.2591,0.9733,25.8789,62.6831,11.2305,1.0074,,
DATA,A002,1,10,630000,0.0763,0.2320,0.9596,19.5923,52.2461,18.0054,0.9902,,
DATA,A002,1,11,630010,0.1024,0.1744,0.9611,17.7612,52.4902,20.7520,0.9821,,
DATA,A002,1,12,630020,0.1351,0.1634,0.9486,21.1182,62.5610,18.1885,0.9720,,
DATA,A002,1,13,630030,0.1613,0.1898,0.9476,22.0947,73.5474,18.9209,0.9798,,
DATA,A002,1,14,630040,0.1571,0.2076,0.9403,20.6299,95.3979,19.4092,0.9757,,
DATA,A002,1,15,630050,0.1049,0.1771,0.9415,18.9819,105.6519,18.1885,0.9637,,
DATA,A002,1,16,630060,0.0077,0.1487,0.9354,17.7612,106.4453,14.5874,0.9472,,
DATA,A002,1,17,630070,-0.0575,0.1729,0.9215,18.9819,97.5342,13.1226,0.9393,,
DATA,A002,1,18,630080,-0.0597,0.1614,0.8827,21.0571,75.5615,17.0288,0.8993,,
DATA,A002,1,19,630090,-0.0563,0.0557,0.8212,23.4985,63.2324,23.3154,0.8250,,
DATA,A002,1,20,630100,0.0211,0.0848,0.7667,33.8745,40.0391,15.9912,0.7717,,
DATA,A002,1,21,630110,0.2123,0.1004,0.7040,38.3911,39.1235,16.7236,0.7421,,
DATA,A002,1,22,630120,0.5343,0.4883,0.5155,55.5420,77.5757,50.9033,0.8887,,
DATA,A002,1,23,630130,0.5470,0.7552,0.4559,67.7490,137.0850,108.8257,1.0380,,
DATA,A002,1,24,630140,0.4425,0.5247,0.6312,60.1807,213.6841,146.0571,0.9325,,
DATA,A002,1,25,630150,0.3375,0.4796,0.5008,39.2456,295.6543,113.4033,0.7712,,
DATA,A002,1,26,630160,0.1442,0.3450,0.2462,18.2495,357.1777,116.1499,0.4477,,
DATA,A002,1,27,630170,0.0221,0.3863,0.1766,34.7290,380.6152,146.6064,0.4253,,
DATA,A002,1,28,630180,-0.0375,0.5638,0.0404,64.3311,419.1284,170.4102,0.5665,,
DATA,A002,1,29,630190,-0.0917,0.6492,-0.0131,68.7256,445.2515,173.7061,0.6558,,
DATA,A002,1,30,630200,-0.1744,0.6485,-0.1222,60.7300,482.5439,178.5889,0.6826,,
DATA,A002,1,31,630210,-0.2186,0.5921,-0.1766,56.1523,508.6670,179.4434,0.6554,,
DATA,A002,1,32,630220,-0.3138,0.4752,-0.2133,62.1338,536.3159,179.7485,0.6081,,
DATA,A002,1,33,630230,-0.3888,0.3870,-0.1818,70.9229,549.8657,176.2695,0.5779,,
DATA,A002,1,34,630240,-0.5792,0.3091,-0.0477,91.3696,566.8335,167.2974,0.6583,,
DATA,A002,1,35,630250,-0.7511,0.3260,0.0336,105.8350,576.5381,157.6538,0.8195,,
DATA,A002,1,36,630260,-1.0126,0.3819,0.1573,127.7466,578.5522,143.6768,1.0936,,
DATA,A002,1,37,630270,-1.1595,0.4188,0.3046,139.7705,560.9741,138.2446,1.2699,,
DATA,A002,1,38,630280,-1.2779,0.4752,0.5807,148.6206,492.7368,123.2300,1.4819,,
DATA,A002,1,39,630290,-1.2425,0.4373,0.6427,141.1743,430.8472,101.6846,1.4657,,
DATA,A002,1,40,630300,-1.1354,0.2698,0.7740,129.5776,321.5942,78.3081,1.4004,,
DATA,A002,1,41,630310,-1.1295,0.1890,0.8761,128.4180,248.2910,70.8008,1.4419,,
DATA,A002,1,42,630320,-1.2716,0.2808,1.0585,132.4463,140.8691,63.7817,1.6781,,
DATA,A002,1,43,630330,-1.4274,0.4949,1.0968,126.4648,67.7490,57.9834,1.8669,,
DATA,A002,1,44,630340,-1.6070,0.7701,1.0311,105.5908,-11.9019,51.5137,2.0588,,
DATA,A002,1,45,630350,-1.9349,1.2046,0.6310,47.4243,-125.7324,27.7100,2.3650,,
DATA,A002,1,46,630360,-2.1432,1.4207,0.2084,0.0610,-181.5796,0.4272,2.5797,,
DATA,A002,1,47,630370,-2.2101,1.6168,-0.2389,-45.4712,-193.2373,-31.5552,2.7487,,
DATA,A002,1,48,630380,-2.0531,1.7415,-0.4716,-53.2227,-176.2695,-22.2168,2.7332,,
DATA,A002,1,49,630390,-1.8168,2.0987,-0.6227,-39.7339,-119.8120,14.5264,2.8448,,
DATA,A002,1,50,630400,-1.7086,2.4171,-0.6198,-42.8467,-67.6880,28.4424,3.0242,,
DATA,A002,1,51,630410,-1.5404,2.7686,-0.4833,-79.2847,28.5034,42.0532,3.2049,,
DATA,A002,1,52,630420,-1.4400,2.7027,-0.3297,-124.0234,97.6562,43.2739,3.0801,,
DATA,A002,1,53,630430,-1.3360,2.2879,0.0116,-189.6362,207.2144,33.2642,2.6495,,
DATA,A002,1,54,630440,-1.2938,2.0384,0.1644,-212.2192,282.7148,22.6440,2.4199,,
DATA,A002,1,55,630450,-1.3561,1.7969,0.1549,-212.0972,386.7798,12.7563,2.2565,,
DATA,A002,1,56,630460,-1.4825,1.6541,0.0321,-209.1064,432.9834,13.0005,2.2215,,
DATA,A002,1,57,630470,-1.6310,1.2713,-0.1300,-223.1445,464.2334,19.2261,2.0720,,
DATA,A002,1,58,630480,-1.7379,0.8680,-0.1713,-239.3188,461.7920,27.5269,1.9501,,
DATA,A002,1,59,630490,-1.9413,0.1085,-0.1259,-251.6479,436.7065,44.9219,1.9484,,
DATA,A002,1,60,630500,-2.0262,-0.4064,-0.0499,-244.3848,407.7759,50.5981,2.0672,,
DATA,A002,1,61,630510,-2.0482,-0.9052,0.1520,-185.7300,313.2935,60.7300,2.2445,,
DATA,A002,1,62,630520,-1.7076,-0.9030,0.2338,-149.2310,243.1641,37.1094,1.9458,,
DATA,A002,1,63,630530,-1.3387,-0.6577,0.3170,-65.6738,171.4478,29.6631,1.5249,,
DATA,A002,1,64,630540,-1.1556,-0.3579,0.4474,-36.1328,115.6006,20.5078,1.2898,,
DATA,A002,1,65,630550,-1.1842,-0.5488,1.4332,18.9819,-75.5615,31.5552,1.9384,,
DATA,A002,1,66,630560,-1.2816,-0.0593,1.2418,65.1855,-83.2520,-27.4048,1.7855,,
DATA,A002,1,67,630570,-0.4176,1.0638,1.0326,37.3535,-6.2866,-102.3560,1.5402,,
DATA,A002,1,68,630580,0.1393,1.1985,0.6905,-101.7456,23.0713,-75.1343,1.3902,,
DATA,A002,1,69,630590,0.1994,0.2171,0.5294,-260.0708,-54.9927,-34.5459,0.6059,,
DATA,A002,1,70,630600,-0.0897,-0.3913,0.0716,-272.5830,-41.0156,-63.2324,0.4078,,
DATA,A002,1,71,630610,-0.3392,-0.9885,-0.5231,-171.2646,-26.0620,-101.5625,1.1687,,
DATA,A002,1,72,630620,-0.2362,-1.0695,-0.4630,-50.8423,-43.0908,-104.6143,1.1891,,
DATA,A002,1,73,630630,-0.0502,-0.6191,-0.2389,87.1582,-82.7637,-86.4868,0.6655,,
DATA,A002,1,74,630640,0.0756,-0.2482,-0.2457,124.0845,-65.0024,-90.3320,0.3574,,
DATA,A002,1,75,630650,0.2304,0.0933,-0.1837,126.2817,-10.9253,-96.8018,0.3091,,
DATA,A002,1,76,630660,0.2228,0.1649,-0.0695,109.4971,31.7383,-92.4683,0.2857,,
DATA,A002,1,77,630670,0.1698,0.1407,-0.0048,87.6465,77.9419,-89.4775,0.2206,,
DATA,A002,1,78,630680,0.0458,-0.0317,0.0336,66.2842,133.7280,-95.4590,0.0650,,
DATA,A002,1,79,630690,-0.0494,-0.1450,0.0741,69.3970,149.9023,-99.9146,0.1701,,
DATA,A002,1,80,630700,-0.1537,-0.2050,0.1278,92.6514,151.0010,-101.1963,0.2863,,
DATA,A002,1,81,630710,-0.1776,-0.1679,0.1495,110.1074,139.4653,-100.2197,0.2865,,
DATA,A002,1,82,630720,-0.2071,-0.0436,0.1947,121.2769,97.5952,-99.1211,0.2876,,
DATA,A002,1,83,630730,-0.2462,0.0455,0.2181,117.1875,55.8472,-97.8394,0.3321,,
DATA,A002,1,84,630740,-0.3346,0.1236,0.1881,95.5200,-15.1978,-96.6797,0.4032,,
DATA,A002,1,85,630750,-0.3895,0.1277,0.1595,79.2847,-63.8428,-98.5107,0.4399,,
DATA,A002,1,86,630760,-0.5111,0.1170,0.1058,60.7300,-130.7373,-103.8208,0.5349,,
DATA,A002,1,87,630770,-0.6146,0.1141,0.0655,52.3071,-163.5742,-110.1685,0.6285,,
DATA,A002,1,88,630780,-0.7313,0.1749,0.0370,50.9644,-184.3262,-129.1504,0.7528,,
DATA,A002,1,89,630790,-0.7943,0.2794,0.0597,57.3120,-180.6030,-145.3247,0.8441,,
DATA,A002,1,90,630800,-1.0050,0.5201,0.1034,69.7632,-157.4707,-165.9546,1.1363,,
DATA,A002,1,91,630810,-1.2023,0.7313,0.1634,77.0874,-137.3291,-175.5981,1.4166,,
DATA,A002,1,92,630820,-1.5257,1.1534,0.2621,77.2095,-126.7700,-177.8564,1.9305,,
DATA,A002,1,93,630830,-1.7992,1.5037,0.3070,66.5283,-135.4980,-163.5132,2.3648,,
DATA,A002,1,94,630840,-1.9879,1.9310,0.3605,22.6440,-148.7427,-117.8589,2.7947,,
DATA,A002,1,95,630850,-1.9584,1.9402,0.3050,-24.4751,-160.6445,-75.9277,2.7736,,
DATA,A002,1,96,630860,-2.3085,1.6592,0.0607,-102.2339,-156.4331,12.2681,2.8435,,
DATA,A002,1,97,630870,-2.5956,1.4879,-0.0138,-127.9297,-110.4126,82.8857,2.9918,,
DATA,A002,1,98,630880,-2.9379,1.3411,-0.1254,-108.6426,5.9204,162.7197,3.2319,,
DATA,A002,1,99,630890,-2.9525,1.2562,-0.1229,-85.2051,90.7593,170.8984,3.2110,,
DATA,A002,1,100,630900,-2.5660,1.0189,-0.0028,-89.7827,145.9351,166.8701,2.7609,,
DATA,A002,1,101,630910,-2.1866,0.7374,0.0719,-109.0698,151.2451,154.8462,2.3087,,
DATA,A002,1,102,630920,-1.6080,0.2357,0.2189,-118.1641,139.2822,146.4233,1.6399,,
DATA,A002,1,103,630930,-1.2818,-0.0715,0.2731,-108.7646,121.0938,145.6299,1.3126,,
DATA,A002,1,104,630940,-0.9615,-0.4448,0.3343,-79.1626,82.2754,130.3711,1.1109,,
DATA,A002,1,105,630950,-0.8548,-0.6079,0.3610,-53.8330,51.6968,106.5063,1.1093,,
DATA,A002,1,106,630960,-0.7311,-0.6481,0.3817,-15.5029,15.4419,60.9741,1.0489,,
DATA,A002,1,107,630970,-0.6112,-0.5610,0.3917,4.6997,-4.0894,35.7056,0.9174,,
DATA,A002,1,108,630980,-0.3800,-0.3727,0.4020,22.7661,-29.2969,14.6484,0.6670,,
DATA,A002,1,109,630990,-0.2413,-0.2702,0.3732,25.4517,-43.8843,8.0566,0.5201,,
DATA,A002,1,110,631000,-0.1232,-0.2260,0.3446,21.3623,-47.4243,0.4883,0.4301,,
DATA,A002,1,111,631010,0.0089,-0.2458,0.2828,9.5215,-33.0811,-14.5874,0.3748,,
DATA,A002,1,112,631020,0.0487,-0.2868,0.2328,3.9062,-16.4795,-23.3154,0.3726,,
DATA,A002,1,113,631030,0.0697,-0.3298,0.1573,7.7515,18.6157,-31.2500,0.3720,,
DATA,A002,1,114,631040,0.0883,-0.3300,0.1175,17.8223,41.4429,-33.6304,0.3613,,
DATA,A002,1,115,631050,0.0846,-0.2433,0.0985,40.2222,69.7632,-30.4565,0.2758,,
DATA,A002,1,116,631060,0.0614,-0.1472,0.1056,51.5137,83.3740,-25.6958,0.1912,,
DATA,A002,1,117,631070,0.0048,-0.0051,0.1354,55.9692,93.6279,-19.1650,0.1355,,
DATA,A002,1,118,631080,-0.0472,0.0577,0.1639,49.4995,92.3462,-15.8691,0.1801,,
DATA,A002,1,119,631090,-0.1122,0.0999,0.1954,31.2500,78.6743,-12.1460,0.2465,,
DATA,A002,1,120,631100,-0.1327,0.0948,0.2098,19.3481,64.2090,-11.6577,0.2657,,
DATA,A002,1,121,631110,-0.1288,0.0579,0.2184,8.1177,41.2598,-13.9160,0.2600,,
DATA,A002,1,122,631120,-0.1090,0.0335,0.2025,4.2114,28.0151,-16.3574,0.2324,,
DATA,A002,1,123,631130,-0.1117,0.0264,0.1727,1.7090,16.0522,-19.5923,0.2074,,
DATA,A002,1,124,631140,-0.1720,0.0494,0.1583,1.0376,11.7798,-20.8740,0.2389,,
DATA,A002,1,125,631150,-0.3712,0.1473,0.1476,4.2725,4.2725,-21.4844,0.4257,,
DATA,A002,1,126,631160,-0.5736,0.2642,0.1681,10.9863,-7.0190,-23.8037,0.6535,,
DATA,A002,1,127,631170,-0.9530,0.5628,0.2150,22.7051,-22.5220,-34.4238,1.1274,,
DATA,A002,1,128,631180,-1.1944,0.8267,0.2562,26.9775,-31.1279,-47.6074,1.4751,,
DATA,A002,1,129,631190,-1.4508,1.2808,0.3385,23.6816,-45.7764,-57.6172,1.9647,,
DATA,A002,1,130,631200,-1.6029,1.5894,0.3812,16.9678,-57.6782,-46.0205,2.2893,,
DATA,A002,1,131,631210,-1.7550,1.9373,0.4257,-1.9531,-68.9087,-9.4604,2.6485,,
DATA,A002,1,132,631220,-1.8678,2.0254,0.4623,-23.0713,-70.5566,17.8833,2.7937,,
DATA,A002,1,133,631230,-2.0206,1.9962,0.4444,-53.9551,-54.9316,62.8052,2.8749,,
DATA,A002,1,134,631240,-2.1949,2.0120,0.4159,-53.7720,-28.1982,100.1587,3.0065,,
DATA,A002,1,135,631250,-2.6522,2.1441,0.4650,-30.2734,34.0576,148.7427,3.4420,,
DATA,A002,1,136,631260,-2.7567,2.1058,0.4803,-25.1465,87.7075,172.9126,3.5021,,
DATA,A002,1,137,631270,-2.4972,1.7220,0.4198,-45.5933,132.5684,186.2793,3.0622,,
DATA,A002,1,138,631280,-2.2157,1.3870,0.3351,-57.1899,140.5029,175.2930,2.6354,,
DATA,A002,1,139,631290,-1.7416,0.9024,0.1686,-63.4155,131.3477,156.7383,1.9687,,
DATA,A002,1,140,631300,-1.4718,0.5826,0.0519,-65.4297,113.5254,149.5972,1.5837,,
DATA,A002,1,141,631310,-1.2086,0.0870,0.0148,-63.1714,64.4531,142.2119,1.2118,,
DATA,A002,1,142,631320,-1.0777,-0.2001,0.0611,-59.0210,19.6533,126.3428,1.0979,,
DATA,A002,1,143,631330,-0.8817,-0.4743,0.1459,-44.6777,-65.6128,78.4912,1.0118,,
DATA,A002,1,144,631340,-0.7345,-0.4953,0.1761,-31.8604,-115.7227,37.1094,0.9032,,
DATA,A002,1,145,631350,-0.3939,-0.3361,0.1793,-15.7471,-169.1895,-6.9580,0.5480,,
DATA,A002,1,146,631360,-0.1307,-0.1950,0.1688,-9.3384,-184.9365,-17.0288,0.2892,,
DATA,A002,1,147,631370,0.0870,-0.0837,0.1786,-7.2021,-182.9224,-18.3716,0.2156,,
DATA,A002,1,148,631380,0.2628,0.0193,0.2091,-12.7563,-152.1606,-18.1274,0.3364,,
DATA,A002,1,149,631390,0.3131,0.0577,0.2093,-19.6533,-116.7603,-19.1650,0.3810,,
DATA,A002,1,150,631400,0.3134,0.0865,0.1446,-25.6348,-63.4766,-18.7988,0.3558,,
DATA,A002,1,151,631410,0.2538,0.1002,0.1207,-21.4844,-35.2783,-16.4185,0.2984,,
DATA,A002,1,152,631420,0.1141,0.1163,0.1776,-6.9580,1.7700,-14.0991,0.2410,,
DATA,A002,1,153,631430,0.0370,0.1421,0.2418,2.5635,27.8931,-15.3198,0.2829,,
DATA,A002,1,154,631440,-0.0404,0.2039,0.3126,11.4746,66.1011,-18.7378,0.3754,,
DATA,A002,1,155,631450,-0.0799,0.2440,0.3280,13.8550,90.2710,-20.3857,0.4165,,
DATA,A002,1,156,631460,-0.0948,0.2215,0.3639,15.6250,118.2861,-23.4375,0.4364,,
DATA,A002,1,157,631470,-0.1097,0.1475,0.3912,16.4185,124.8169,-27.5269,0.4323,,
DATA,A002,1,158,631480,-0.2154,-0.0119,0.3968,18.6157,115.1733,-40.4053,0.4517,,
DATA,A002,1,159,631490,-0.3133,-0.1088,0.3837,23.6816,97.2900,-51.6357,0.5072,,
DATA,A002,1,160,631500,-0.4681,-0.1564,0.3151,39.4897,55.6641,-60.7910,0.5856,,
DATA,A002,1,161,631510,-0.5074,-0.1359,0.2648,52.0630,21.3623,-62.0728,0.5883,,
DATA,A002,1,162,631520,-0.4493,-0.0612,0.2189,65.0024,-28.5034,-63.9648,0.5035,,
DATA,A002,1,163,631530,-0.4376,-0.0043,0.2140,66.9556,-52.1851,-65.8569,0.4871,,
DATA,A002,1,164,631540,-0.5087,0.0569,0.2132,59.1431,-67.9321,-70.8618,0.5545,,
DATA,A002,1,165,631550,-0.6151,0.1070,0.1905,50.3540,-67.9321,-75.1343,0.6528,,
DATA,A002,1,166,631560,-0.8588,0.2117,0.1171,39.3066,-59.0820,-78.4912,0.8922,,
DATA,A002,1,167,631570,-1.0174,0.2921,0.0660,36.3770,-51.1475,-76.1108,1.0606,,
DATA,A002,1,168,631580,-1.2193,0.4503,0.0494,38.0859,-36.8042,-62.3779,1.3008,,
DATA,A002,1,169,631590,-1.3898,0.6067,0.0326,38.4521,-25.3296,-44.6167,1.5168,,
DATA,A002,1,170,631600,-1.7513,0.9654,0.0065,40.4663,-10.8032,0.5493,1.9998,,
DATA,A002,1,171,631610,-2.0853,1.3023,-0.0338,44.9829,-8.8501,36.8652,2.4588,,
DATA,A002,1,172,631620,-2.6827,1.7999,-0.2238,59.9365,-26.0620,72.2046,3.2383,,
DATA,A002,1,173,631630,-2.6778,2.1160,-0.2191,72.9980,-16.7236,67.9932,3.4200,,
DATA,A002,1,174,631640,-2.0201,2.4329,-0.1161,66.7114,7.1411,77.9419,3.1644,,
DATA,A002,1,175,631650,-1.6432,2.2855,-0.0123,30.2734,38.2690,70.8008,2.8149,,
DATA,A002,1,176,631660,-1.4388,1.6158,0.1185,-26.8555,96.1304,44.7998,2.1668,,
DATA,A002,1,177,631670,-1.3661,1.1617,0.1708,-37.5366,133.6060,34.4849,1.8013,,
DATA,A002,1,178,631680,-1.2919,0.8411,0.2018,-24.2920,170.7153,25.3906,1.5547,,
DATA,A002,1,179,631690,-1.2274,0.6629,0.2328,17.2119,188.7817,14.4653,1.4143,,
DATA,A002,1,180,631700,-1.1788,0.6849,0.2533,41.5039,174.9268,13.9160,1.3867,,
DATA,A002,1,181,631710,-1.0445,0.7559,0.2511,47.5464,138.0005,27.6489,1.3136,,
DATA,A002,1,182,631720,-0.8446,0.7005,0.1512,21.5454,101.1963,48.1567,1.1077,,
DATA,A002,1,183,631730,-0.6656,0.5953,0.0445,2.9907,88.5620,58.5327,0.8941,,
DATA,A002,1,184,631740,-0.4740,0.4649,-0.0722,-6.8359,88.3179,63.9648,0.6678,,
DATA,A002,1,185,631750,-0.2403,0.2776,-0.1696,0.7324,97.2290,64.3921,0.4045,,
DATA,A002,1,186,631760,-0.1666,0.1900,-0.0785,17.7002,103.0273,59.6313,0.2646,,
DATA,A002,1,187,631770,-0.1883,0.1182,0.1735,41.8091,110.7788,42.3584,0.2820,,
DATA,A002,1,188,631780,-0.2928,0.0936,0.3375,50.9644,103.7598,28.6255,0.4565,,
DATA,A002,1,189,631790,-0.4984,0.0626,0.5204,49.0112,72.6318,9.6436,0.7233,,
DATA,A002,1,190,631800,-0.5936,0.0704,0.5765,37.1704,41.4429,-4.9438,0.8305,,
DATA,A002,1,191,631810,-0.5831,0.0972,0.5394,15.7471,-17.7002,-24.5972,0.8003,,
DATA,A002,1,192,631820,-0.5008,0.1160,0.4777,5.4932,-53.5278,-32.9590,0.7018,,
DATA,A002,1,193,631830,-0.3265,0.1741,0.3644,1.6479,-86.4258,-38.3301,0.5193,,
DATA,A002,1,194,631840,-0.2330,0.2254,0.2919,3.4180,-94.5435,-39.9170,0.4362,,
DATA,A002,1,195,631850,-0.1461,0.2979,0.1923,-0.1221,-93.0786,-41.9312,0.3835,,
DATA,A002,1,196,631860,-0.1188,0.3231,0.1576,-7.9346,-82.8247,-44.0674,0.3786,,
DATA,A002,1,197,631870,-0.0929,0.3130,0.1605,-23.3765,-57.8003,-48.8281,0.3639,,
DATA,A002,1,198,631880,-0.0914,0.2759,0.1791,-32.8979,-37.1094,-52.4902,0.3414,,
DATA,A002,1,199,631890,-0.1112,0.1995,0.2079,-42.6636,-5.3711,-56.8237,0.3088,,
DATA,A002,1,200,631900,-0.1322,0.1534,0.2279,-44.9829,12.2681,-58.0444,0.3049,,
DATA,A002,1,201,631910,-0.1830,0.1226,0.2862,-42.1753,31.4941,-60.7300,0.3612,,
DATA,A002,1,202,631920,-0.2626,0.1302,0.3009,-38.6353,39.4287,-64.2090,0.4200,,
DATA,A002,1,203,631930,-0.4413,0.1754,0.2587,-33.2031,45.6543,-71.2891,0.5407,,
DATA,A002,1,204,631940,-0.5658,0.2440,0.1876,-27.8931,43.7012,-73.8525,0.6441,,
DATA,A002,1,205,631950,-0.7919,0.4175,0.0279,-10.5591,38.8794,-69.1528,0.8956,,
DATA,A002,1,206,631960,-1.0382,0.6099,-0.0543,10.0098,35.0342,-56.7627,1.2053,,
DATA,A002,1,207,631970,-1.6268,1.1287,-0.0243,51.9409,37.7808,-23.9258,1.9802,,
DATA,A002,1,208,631980,-2.0233,1.6988,0.0516,75.5005,41.2598,0.6714,2.6424,,
DATA,A002,1,209,631990,-2.5782,2.6634,0.0643,66.7725,-1.8311,39.4897,3.7074,,
DATA,A002,1,210,632000,-2.9359,3.1524,-0.0780,36.3770,-57.1899,75.5005,4.3085,,
DATA,A002,1,211,632010,-2.8067,3.5186,-0.1859,-8.9722,-94.9707,101.6846,4.5048,,
DATA,A002,1,212,632020,-2.3797,3.1517,-0.1454,-56.7017,-79.8950,104.6753,3.9519,,
DATA,A002,1,213,632030,-2.0631,2.4507,-0.0543,-105.1025,-49.3164,87.4023,3.2040,,
DATA,A002,1,214,632040,-1.7416,1.6295,0.0819,-122.1924,-1.4038,61.4624,2.3864,,
DATA,A002,1,215,632050,-1.4618,1.3279,0.1612,-106.4453,15.9302,39.9780,1.9815,,
DATA,A002,1,216,632060,-1.1048,1.0401,0.1837,-81.7261,13.9771,15.2588,1.5285,,
DATA,A002,1,217,632070,-1.0055,0.8265,0.1527,-73.4253,-10.4980,13.1836,1.3105,,
DATA,A002,1,218,632080,-0.9906,0.3885,0.1241,-75.0122,-80.9937,19.1650,1.0713,,
DATA,A002,1,219,632090,-0.9317,0.0738,0.0919,-81.8481,-140.9912,20.3247,0.9392,,
DATA,A002,1,220,632100,-0.7621,-0.3105,-0.0162,-89.4165,-229.2480,10.6812,0.8231,,
DATA,A002,1,221,632110,-0.6139,-0.4514,-0.1212,-80.2612,-270.8130,-3.0518,0.7715,,
DATA,A002,1,222,632120,-0.3197,-0.4467,-0.2421,-39.7339,-283.8135,-20.8130,0.6003,,
DATA,A002,1,223,632130,-0.1241,-0.3515,-0.2404,-7.0801,-269.8364,-26.3062,0.4436,,
DATA,A002,1,224,632140,0.0553,-0.1935,-0.1959,23.1934,-223.1445,-31.0669,0.2809,,
DATA,A002,1,225,632150,0.1176,-0.1428,-0.1605,27.4048,-180.9082,-36.9873,0.2449,,
DATA,A002,1,226,632160,0.1525,-0.1948,-0.1105,20.6909,-119.8120,-49.0112,0.2709,,
DATA,A002,1,227,632170,0.1439,-0.2775,-0.0878,19.1650,-87.6465,-57.4341,0.3247,,
DATA,A002,1,228,632180,0.1344,-0.3808,-0.0487,30.0293,-49.6826,-72.0825,0.4068,,
DATA,A002,1,229,632190,0.1290,-0.3840,-0.0094,43.4570,-30.7007,-82.8857,0.4052,,
DATA,A002,1,230,632200,0.1034,-0.2722,0.0497,59.1431,-13.7329,-96.4355,0.2953,,
DATA,A002,1,231,632210,0.1039,-0.1486,0.0907,60.0586,-10.0098,-103.5156,0.2028,,
DATA,A002,1,232,632220,0.1210,0.0130,0.1378,43.7622,-13.9160,-115.6616,0.1838,,
DATA,A002,1,233,632230,0.1539,0.0687,0.1319,24.3530,-16.8457,-124.6338,0.2141,,
DATA,A002,1,234,632240,0.2191,0.0418,0.1066,-6.1646,-20.5688,-137.6343,0.2472,,
DATA,A002,1,235,632250,0.2711,-0.0048,0.0787,-21.5454,-17.6392,-146.1792,0.2824,,
DATA,A002,1,236,632260,0.2890,-0.0607,0.0008,-31.3110,6.2256,-154.7241,0.2953,,
DATA,A002,1,237,632270,0.2511,-0.0563,-0.0328,-28.1982,30.9448,-151.3062,0.2594,,
DATA,A002,1,238,632280,0.1098,0.0753,-0.0534,-9.5825,65.5518,-126.0376,0.1434,,
DATA,A002,1,239,632290,0.0028,0.2669,-0.0751,15.3809,74.0356,-97.1069,0.2773,,
DATA,A002,1,240,632300,-0.4501,0.8030,0.1114,78.0640,84.4727,-29.4189,0.9273,,
DATA,A002,1,241,632310,-0.8619,1.4002,0.2950,118.4082,90.5151,21.6675,1.6705,,
DATA,A002,1,242,632320,-1.4833,2.1314,0.8180,157.4707,57.7393,104.4922,2.7225,,
DATA,A002,1,243,632330,-1.8434,2.4730,1.5423,167.0532,76.5381,142.2119,3.4485,,
DATA,A002,1,244,632340,-2.4103,3.4666,2.3819,169.4336,146.6675,134.7656,4.8477,,
DATA,A002,1,245,632350,-2.3956,3.4879,2.4112,131.0425,171.2646,86.4868,4.8701,,
DATA,A002,1,246,632360,-2.6217,2.6053,1.8590,43.8843,117.2485,20.3247,4.1372,,
DATA,A002,1,247,632370,-2.8702,2.0850,1.4781,18.6768,35.5835,-15.9912,3.8432,,
DATA,A002,1,248,632380,-2.6874,1.6915,1.3343,19.2871,-77.0874,-41.6870,3.4443,,
DATA,A002,1,249,632390,-1.6166,1.2303,1.1949,27.9541,-220.2759,-40.8325,2.3569,,
DATA,A002,1,250,632400,-0.9173,1.1114,1.0814,40.9546,-259.4604,-28.5645,1.8017,,
DATA,A002,1,251,632410,-0.2369,1.0106,0.7906,45.1050,-226.4404,-9.1553,1.3048,,
DATA,A002,1,252,632420,0.0079,0.8353,0.6654,20.6299,-169.7998,7.2021,1.0679,,
DATA,A002,1,253,632430,0.0482,0.3372,0.5716,-40.3442,-40.0391,33.9355,0.6654,,
DATA,A002,1,254,632440,-0.0069,-0.0519,0.5292,-73.6084,66.7725,44.9219,0.5318,,
DATA,A002,1,255,632450,-0.2115,-0.4714,0.4049,-81.1768,199.6460,65.9180,0.6564,,
DATA,A002,1,256,632460,-0.3612,-0.5871,0.2623,-56.3965,248.5962,78.8574,0.7375,,
DATA,A002,1,257,632470,-0.5157,-0.5375,0.0392,-1.8311,247.4976,89.4165,0.7460,,
DATA,A002,1,258,632480,-0.5851,-0.3940,-0.0118,22.1558,208.4351,85.5103,0.7055,,
DATA,A002,1,259,632490,-0.6009,-0.1447,0.0846,17.7002,137.3291,57.0679,0.6239,,
DATA,A002,1,260,632500,-0.5436,-0.0410,0.0912,-7.0801,93.6279,30.0293,0.5527,,
DATA,A002,1,261,632510,-0.3963,-0.1008,0.0409,-43.2129,36.4990,-5.0049,0.4110,,
DATA,A002,1,262,632520,-0.2845,-0.2197,0.0228,-48.8892,5.2490,-18.2495,0.3602,,
DATA,A002,1,263,632530,-0.1468,-0.3173,0.0458,-32.1045,-26.8555,-29.1748,0.3526,,
DATA,A002,1,264,632540,-0.0892,-0.2966,0.0729,-14.2212,-37.4146,-34.9121,0.3182,,
DATA,A002,1,265,632550,-0.0047,-0.1918,0.1310,7.0190,-37.4146,-41.7480,0.2323,,
DATA,A002,1,266,632560,0.0397,-0.1066,0.1820,14.4043,-26.9775,-45.0439,0.2146,,
DATA,A002,1,267,632570,0.0634,0.0003,0.2609,16.4185,-0.2441,-48.4009,0.2684,,
DATA,A002,1,268,632580,0.0617,0.0477,0.3007,13.1836,23.2544,-49.9268,0.3106,,
DATA,A002,1,269,632590,0.0036,0.1168,0.3253,5.7983,59.3872,-52.0020,0.3456,,
DATA,A002,1,270,632600,-0.0802,0.1600,0.3441,-1.6479,80.7495,-51.9409,0.3879,,
DATA,A002,1,271,632610,-0.2530,0.2164,0.4423,-7.9346,97.3511,-53.0396,0.5536,,
DATA,A002,1,272,632620,-0.3966,0.2938,0.5021,-11.2915,95.8252,-56.5796,0.7040,,
DATA,A002,1,273,632630,-0.5553,0.4510,0.5682,-21.7285,79.2236,-65.9790,0.9136,,
DATA,A002,1,274,632640,-0.6073,0.5657,0.5682,-34.3628,64.5752,-72.8760,1.0058,,
DATA,A002,1,275,632650,-0.7709,0.6981,0.6244,-54.9316,39.2456,-83.6792,1.2130,,
DATA,A002,1,276,632660,-0.9989,0.8179,0.7704,-61.0352,29.9683,-88.5620,1.5034,,
DATA,A002,1,277,632670,-1.4950,1.2286,1.0619,-55.7251,20.5688,-80.9326,2.2073,,
DATA,A002,1,278,632680,-1.7823,1.6221,1.2023,-47.2412,3.7231,-67.8101,2.6932,,
DATA,A002,1,279,632690,-1.8331,1.9539,1.1153,-44.3726,-40.4663,-40.7715,2.9021,,
DATA,A002,1,280,632700,-1.7687,1.9788,1.0690,-39.7339,-59.7534,-25.2075,2.8612,,
DATA,A002,1,281,632710,-1.8197,2.0677,1.1163,-33.9355,-63.2324,-13.8550,2.9720,,
DATA,A002,1,282,632720,-2.0284,2.3636,1.2189,-15.3198,-52.6123,7.1411,3.3446,,
DATA,A002,1,283,632730,-1.9637,2.3069,1.2965,-21.0571,-39.7339,17.5171,3.2953,,
DATA,A002,1,284,632740,-1.8512,1.9290,1.2997,-40.1001,-39.6118,13.9771,2.9727,,
DATA,A002,1,285,632750,-1.6669,1.5674,1.2565,-47.0581,-38.0859,6.3477,2.6104,,
DATA,A002,1,286,632760,-1.3341,1.1898,0.9691,-32.1655,-36.1328,-6.2256,2.0333,,
DATA,A002,1,287,632770,-1.1124,0.9659,0.7355,-16.6626,-42.1753,-11.5356,1.6466,,
DATA,A002,1,288,632780,-0.7928,0.6089,0.4393,-4.6997,-62.4390,-6.7749,1.0920,,
DATA,A002,1,289,632790,-0.5577,0.3699,0.2721,-10.0098,-74.0967,1.5869,0.7225,,
DATA,A002,1,290,632800,-0.1705,0.0294,-0.0028,-26.9775,-79.4678,13.4888,0.1730,,
DATA,A002,1,291,632810,0.0963,-0.1657,-0.1703,-33.5693,-64.4531,20.6909,0.2564,,
DATA,A002,1,292,632820,0.3839,-0.4113,-0.3202,-27.4048,-7.5684,26.7334,0.6474,,
DATA,A002,1,293,632830,0.4667,-0.5214,-0.3134,-8.8501,49.3164,24.4751,0.7667,,
DATA,A002,1,294,632840,0.3788,-0.5471,-0.2548,33.1421,133.2397,16.2964,0.7125,,
DATA,A002,1,295,632850,0.2125,-0.4687,-0.2308,55.0537,163.8794,12.5122,0.5640,,
DATA,A002,1,296,632860,0.0011,-0.3605,-0.1359,75.0122,156.6772,11.4746,0.3853,,
DATA,A002,1,297,632870,-0.0370,-0.3171,-0.0338,79.1016,136.9629,10.9863,0.3210,,
DATA,A002,1,298,632880,-0.0589,-0.2983,0.0931,79.5288,123.4131,2.3193,0.3180,,
DATA,A002,1,299,632890,-0.1261,-0.2712,0.1796,85.0220,133.0566,-3.9673,0.3488,,
DATA,A002,1,300,632900,-0.2755,-0.1169,0.3409,103.1494,157.7148,-7.9346,0.4536,,
DATA,A002,1,301,632910,-0.3717,0.0308,0.3839,102.8442,168.2739,-9.4604,0.5352,,
DATA,A002,1,302,632920,-0.4923,0.2049,0.3890,90.1489,159.8511,-12.1460,0.6601,,
DATA,A002,1,303,632930,-0.5655,0.2569,0.3788,72.0825,134.0332,-14.9536,0.7275,,
DATA,A002,1,304,632940,-0.6395,0.2493,0.3758,43.1519,73.4863,-22.8271,0.7826,,
DATA,A002,1,305,632950,-0.6769,0.2271,0.3563,27.5879,28.4424,-32.8369,0.7979,,
DATA,A002,1,306,632960,-0.7359,0.2054,0.3453,12.6953,-35.8887,-52.4902,0.8385,,
DATA,A002,1,307,632970,-0.7438,0.2212,0.3412,5.8594,-71.7773,-67.8101,0.8477,,
DATA,A002,1,308,632980,-0.6879,0.2598,0.3329,-5.2490,-113.9526,-90.5151,0.8071,,
DATA,A002,1,309,632990,-0.6407,0.2908,0.3356,-15.5029,-133.1177,-104.1870,0.7796,,
DATA,A002,1,310,633000,-0.6007,0.3404,0.3602,-31.1279,-147.0337,-121.5210,0.7788,,
DATA,A002,1,311,633010,-0.6041,0.3763,0.3876,-40.1611,-151.4282,-132.0801,0.8104,,
DATA,A002,1,312,633020,-0.7640,0.4578,0.5030,-52.3682,-162.1094,-145.5688,1.0229,,
DATA,A002,1,313,633030,-0.9715,0.5418,0.6151,-60.2417,-175.7202,-152.2217,1.2711,,
DATA,A002,1,314,633040,-1.3736,0.7620,0.8380,-66.0400,-215.5762,-151.1841,1.7804,,
DATA,A002,1,315,633050,-1.6529,0.9988,1.0026,-64.6362,-244.0186,-136.0474,2.1760,,
DATA,A002,1,316,633060,-1.6605,1.1758,1.0843,-58.7769,-254.0894,-110.2295,2.3056,,
DATA,A002,1,317,633070,-1.2240,1.2000,1.2684,-29.6021,-222.0459,-48.5229,2.1324,,
DATA,A002,1,318,633080,-1.3761,1.1910,1.4706,-22.5830,-196.4111,-4.8828,2.3398,,
DATA,A002,1,319,633090,-2.1551,1.3541,1.8270,-26.9165,-153.0762,41.4429,3.1331,,
DATA,A002,1,320,633100,-2.3505,1.5093,1.9239,-9.7046,-130.4932,67.5659,3.3918,,
DATA,A002,1,321,633110,-2.0917,1.4925,1.9042,16.2354,-114.0137,88.9282,3.1982,,
DATA,A002,1,322,633120,-1.9076,1.2725,1.9032,21.8506,-101.8677,85.3271,2.9800,,
DATA,A002,1,323,633130,-1.5743,0.9466,1.6639,37.5977,-62.6221,67.0166,2.4785,,
DATA,A002,1,324,633140,-1.2110,0.8177,1.4330,60.4248,-21.4233,64.3921,2.0466,,
DATA,A002,1,325,633150,-0.6529,0.6541,1.0189,81.0547,33.5083,93.8110,1.3756,,
DATA,A002,1,326,633160,-0.3478,0.4947,0.7289,84.2285,64.6362,111.5723,0.9471,,
DATA,A002,1,327,633170,-0.0013,0.3199,0.3712,90.8203,105.5908,104.3701,0.4900,,
DATA,A002,1,328,633180,0.0729,0.2532,0.2225,85.6934,132.2632,91.1255,0.3449,,
DATA,A002,1,329,633190,-0.0734,0.0892,0.0748,59.2651,199.7681,70.7397,0.1376,,
DATA,A002,1,330,633200,-0.2648,-0.0637,-0.0160,38.0859,246.0938,50.7812,0.2728,,
DATA,A002,1,331,633210,-0.5951,-0.3198,-0.1244,23.5596,287.5366,9.8267,0.6869,,
DATA,A002,1,332,633220,-0.7672,-0.4350,-0.1278,31.6772,271.7896,-10.5591,0.8912,,
DATA,A002,1,333,633230,-0.9317,-0.4418,-0.0929,58.7158,172.7905,-25.3296,1.0354,,
DATA,A002,1,334,633240,-0.9100,-0.3508,0.0248,73.2422,78.5522,-32.4097,0.9756,,
DATA,A002,1,335,633250,-0.6608,-0.1931,0.1571,77.2095,-52.4292,-39.1235,0.7061,,
DATA,A002,1,336,633260,-0.4418,-0.1240,0.2377,74.4019,-109.8633,-43.3350,0.5167,,
DATA,A002,1,337,633270,-0.1776,-0.0175,0.3107,67.4438,-135.6812,-48.8281,0.3583,,
DATA,A002,1,338,633280,-0.1173,0.0350,0.3238,58.1665,-123.1079,-53.1616,0.3462,,
DATA,A002,1,339,633290,-0.1715,0.0938,0.3041,42.7856,-91.3696,-67.2607,0.3615,,
DATA,A002,1,340,633300,-0.2294,0.1299,0.2797,33.5693,-74.8901,-80.1392,0.3843,,
DATA,A002,1,341,633310,-0.2884,0.1365,0.2462,20.2026,-73.9136,-97.9004,0.4031,,
DATA,A002,1,342,633320,-0.2953,0.1417,0.2386,13.4888,-87.7075,-107.2388,0.4052,,
DATA,A002,1,343,633330,-0.2472,0.1287,0.2367,5.3101,-114.9292,-117.6147,0.3656,,
DATA,A002,1,344,633340,-0.1288,0.1287,0.2618,-0.2441,-132.6904,-121.8872,0.3189,,
DATA,A002,1,345,633350,0.0741,0.1512,0.2516,-5.5542,-152.8931,-125.3662,0.3027,,
DATA,A002,1,346,633360,0.0175,0.0794,0.2543,-11.6577,-156.9214,-124.7559,0.2669,,
DATA,A002,1,347,633370,0.0763,0.0652,0.2916,-19.5923,-160.5835,-128.4180,0.3084,,
DATA,A002,1,348,633380,0.1393,0.1060,0.2982,-26.3062,-163.8794,-123.6572,0.3458,,
DATA,A002,1,349,633390,0.6293,0.1155,0.8324,-23.8037,-130.4321,44.0674,1.0499,,
DATA,A002,1,350,633400,0.2047,0.1426,0.4488,-279.4800,-23.9258,0.7324,0.5135,,
DATA,A002,1,351,633410,0.1124,-0.1621,0.2606,-268.1274,15.1978,-76.8433,0.3268,,
DATA,A002,1,352,633420,-0.2015,-0.3569,0.5404,-159.4849,0.8545,-105.4688,0.6782,,
DATA,A002,1,353,633430,-0.5426,-0.2531,0.6110,-97.2900,-29.1748,-119.0186,0.8554,,
DATA,A002,1,354,633440,-0.6713,0.1275,0.8153,-68.2983,-88.9282,-151.0010,1.0637,,
DATA,A002,1,355,633450,-0.7645,0.3665,1.0507,-77.1484,-134.5825,-160.7666,1.3501,,
DATA,A002,1,356,633460,-0.6002,0.5298,1.1222,-108.3374,-178.2837,-151.5503,1.3785,,
DATA,A002,1,357,633470,-0.6163,0.5176,1.1578,-124.3286,-192.0776,-135.9253,1.4101,,
DATA,A002,1,358,633480,-0.6830,0.1985,1.4764,-111.3281,-188.4155,-117.9810,1.6388,,
DATA,A002,1,359,633490,-0.8414,-0.0624,1.7489,-94.7876,-187.3169,-99.3042,1.9418,,
DATA,A002,1,360,633500,-0.9750,-0.0012,1.8229,-39.4897,-148.6206,-88.6230,2.0672,,
DATA,A002,1,361,633510,-0.9227,-0.0602,2.1349,24.6582,-112.9150,-82.1533,2.3265,,
DATA,A002,1,362,633520,-1.2521,0.2464,2.4200,76.9653,-46.7529,-23.6816,2.7359,,
DATA,A002,1,363,633530,-1.5648,0.4459,2.6178,97.5952,-19.6533,-21.8506,3.0822,,
DATA,A002,1,364,633540,-1.8644,0.8311,2.7152,149.1089,-12.6953,-17.0288,3.3969,,
DATA,A002,1,365,633550,-1.8839,1.2115,2.5345,173.2788,-53.8330,17.6392,3.3824,,
DATA,A002,1,366,633560,-1.5480,1.2244,1.9994,160.2783,-141.8457,43.2129,2.8094,,
DATA,A002,1,367,633570,-0.9466,0.8953,1.8846,219.8486,-207.3364,81.4209,2.2912,,
DATA,A002,1,368,633580,-0.7086,1.1451,1.5643,212.7075,-137.7563,101.3184,2.0641,,
DATA,A002,1,369,633590,-0.4361,0.9632,1.4242,168.0908,-84.7168,52.1851,1.7738,,
DATA,A002,1,370,633600,-0.3072,0.6932,1.0299,148.3154,7.2632,12.2681,1.2789,,
DATA,A002,1,371,633610,-0.3253,0.7625,0.9032,140.6860,71.9604,-20.9961,1.2260,,
DATA,A002,1,372,633620,-0.2313,0.6741,0.7247,34.1797,161.8042,-71.8994,1.0165,,
DATA,A002,1,373,633630,-0.1717,0.3235,0.6014,-53.4058,204.2847,-93.3838,0.7042,,
DATA,A002,1,374,633640,0.0407,-0.3410,0.4420,-129.5776,237.4878,-88.6230,0.5597,,
DATA,A002,1,375,633650,0.0224,-0.6176,0.2245,-135.1318,236.8774,-51.8188,0.6575,,
DATA,A002,1,376,633660,-0.0250,-0.5251,0.1070,-81.9702,195.1904,-23.6816,0.5365,,
DATA,A002,1,377,633670,-0.0716,-0.3386,0.1490,-38.1470,143.3716,-36.0107,0.3768,,
DATA,A002,1,378,633680,0.1151,-0.2675,0.1883,-26.7944,74.3408,-49.6826,0.3468,,
DATA,A002,1,379,633690,0.2831,-0.2133,0.2208,-22.4609,30.3345,-28.9917,0.4176,,
DATA,A002,1,380,633700,0.1893,-0.2541,0.2762,-13.6719,12.5122,-12.8784,0.4204,,
DATA,A002,1,381,633710,0.0248,-0.1603,0.3326,-0.7935,19.6533,-38.7573,0.3701,,
DATA,A002,1,382,633720,-0.1730,-0.0956,0.4322,6.5308,-12.0239,-50.3540,0.4753,,
DATA,A002,1,383,633730,-0.1454,-0.1100,0.4781,4.2114,-62.9883,-48.8892,0.5117,,
DATA,A002,1,384,633740,0.0451,-0.1325,0.3768,-2.8076,-113.4644,-55.8472,0.4020,,
DATA,A002,1,385,633750,0.2577,-0.0878,0.2382,-13.9771,-153.5034,-52.0020,0.3617,,
DATA,A002,1,386,633760,0.2799,-0.2246,0.0660,-19.5312,-155.1514,-51.6968,0.3649,,
DATA,A002,1,387,633770,0.2350,-0.3281,0.0704,-2.0752,-148.1934,-16.1743,0.4096,,
DATA,A002,1,388,633780,0.4125,-0.3911,0.2548,30.0903,-116.0889,5.9814,0.6229,,
DATA,A002,1,389,633790,-0.0331,-0.2985,0.7137,0.6104,-77.3926,-19.5923,0.7744,,
DATA,A002,1,390,633800,0.0275,-0.0517,0.8597,-17.6392,-106.9336,-32.2876,0.8617,,
DATA,A002,1,391,633810,-0.0587,-0.1606,0.7548,-40.2832,-118.6523,-52.7954,0.7739,,
DATA,A002,1,392,633820,-0.2093,-0.1794,0.6637,-49.6826,-118.5913,-71.4722,0.7187,,
DATA,A002,1,393,633830,-0.3446,-0.0598,0.6053,-69.2139,-138.1836,-84.5947,0.6991,,
DATA,A002,1,394,633840,-0.3202,-0.0576,0.7093,-74.2798,-160.0342,-85.6934,0.7804,,
DATA,A002,1,395,633850,-0.1334,-0.0642,0.9027,-78.6133,-156.3110,-89.5386,0.9148,,
DATA,A002,1,396,633860,-0.1268,-0.1035,0.9152,-76.1719,-165.0391,-98.2056,0.9297,,
DATA,A002,1,397,633870,-0.0807,-0.0036,0.9557,-57.8003,-202.6367,-116.6992,0.9591,,
DATA,A002,1,398,633880,0.0424,0.1609,0.9891,-42.0532,-215.1489,-124.0234,1.0030,,
DATA,A002,1,399,633890,0.0084,0.2381,1.2010,-35.1562,-155.0293,-111.1450,1.2244,,
DATA,A002,1,400,633900,-0.1786,0.3650,1.3287,-25.8179,-140.1978,-125.9155,1.3895,,
DATA,A002,1,401,633910,-0.4877,0.6763,1.8895,-12.2070,-156.9214,-101.3794,2.0653,,
DATA,A002,1,402,633920,-0.3241,0.8199,2.0008,-18.3716,-163.6353,-66.2231,2.1865,,
DATA,A002,1,403,633930,-0.1468,0.7408,2.2115,-30.3345,-117.4927,-26.5503,2.3369,,
DATA,A002,1,404,633940,-0.1971,0.6136,2.3129,-30.9448,-74.4629,-11.2305,2.4010,,
DATA,A002,1,405,633950,-0.2840,0.3729,2.4889,8.0566,-15.5029,19.6533,2.5326,,
DATA,A002,1,406,633960,-0.3517,0.5545,2.7191,53.5889,30.4565,52.0630,2.7973,,
DATA,A002,1,407,633970,-0.4725,0.9625,2.7360,113.0371,132.2021,73.6084,2.9385,,
DATA,A002,1,408,633980,-0.7323,1.3399,2.5514,130.7373,166.3208,69.0308,2.9734,,
DATA,A002,1,409,633990,-1.1078,0.8770,2.6305,107.6050,164.5508,-226.7456,2.9859,,
DATA,A002,1,410,634000,-0.0287,1.3631,1.8932,74.0356,-14.5264,-54.8096,2.3330,,
DATA,A002,1,411,634010,0.2008,0.3736,1.7062,50.5371,33.9355,41.3818,1.7581,,
DATA,A002,1,412,634020,0.1535,0.1790,1.4603,72.2046,82.3364,42.1753,1.4792,,
DATA,A002,1,413,634030,-0.2740,0.4390,0.9354,69.5801,145.3857,-26.9775,1.0690,,
DATA,A002,1,414,634040,-0.3338,0.5076,0.7230,52.3682,114.0747,-48.1567,0.9444,,
DATA,A002,1,415,634050,-0.0714,0.2742,0.6366,15.1978,56.1523,-61.6455,0.6968,,
DATA,A002,1,416,634060,-0.0177,0.1275,0.6410,-33.0200,9.2773,-80.3833,0.6538,,
DATA,A002,1,417,634070,0.2118,-0.2311,0.5965,-106.6895,-72.0215,-101.2573,0.6739,,
DATA,A002,1,418,634080,0.2313,-0.7397,0.5055,-139.8926,-82.3975,-105.1636,0.9253,,
DATA,A002,1,419,634090,0.4608,-0.9682,0.3087,-115.7227,-46.1426,-93.9941,1.1158,,
DATA,A002,1,420,634100,-0.2731,1.1028,-0.2826,-41.9312,151.6724,-105.4077,1.1708,,
DATA,A002,1,421,634110,0.4274,-1.0720,0.1178,-146.9116,-106.8726,-53.7109,1.1600,,
DATA,A002,1,422,634120,0.6913,-0.6616,0.3453,-95.8252,-63.7817,-28.2593,1.0173,,
DATA,A002,1,423,634130,0.6344,-0.6794,0.3422,-70.1294,25.8179,24.7192,0.9905,,
DATA,A002,1,424,634140,0.2308,-0.2111,0.4017,-55.6641,102.2949,-9.6436,0.5092,,
DATA,A002,1,425,634150,0.0060,-0.0021,0.3981,-60.8521,95.0317,-8.4839,0.3981,,
DATA,A002,1,426,634160,-0.0314,-0.1254,0.3444,-71.1670,40.2832,2.6855,0.3678,,
DATA,A002,1,427,634170,0.0499,-0.0417,0.3458,-67.1997,25.5127,8.9111,0.3519,,
DATA,A002,1,428,634180,-0.1456,-0.0546,0.3256,-58.8379,1.2817,9.4604,0.3608,,
DATA,A002,1,429,634190,-0.1398,0.0538,0.4122,-49.9268,-25.0854,-1.6479,0.4386,,
DATA,A002,1,430,634200,-0.0006,0.1175,0.4261,-75.6836,-66.1011,-24.1699,0.4420,,
DATA,A002,1,431,634210,-0.0255,0.1277,0.4593,-95.5811,-102.5391,-42.3584,0.4775,,
DATA,A002,1,432,634220,-0.0785,0.0889,0.3712,-97.1680,-126.4648,-92.2241,0.3897,,
DATA,A002,1,433,634230,0.0045,0.1426,0.3500,-91.1865,-157.4707,-111.6943,0.3779,,
DATA,A002,1,434,634240,0.0018,0.0613,0.3448,-108.7646,-209.6558,-152.8320,0.3503,,
DATA,A002,1,435,634250,-0.0389,0.0528,0.3422,-88.7451,-228.8818,-145.6909,0.3484,,
DATA,A002,1,436,634260,0.1237,-0.1210,0.3229,-75.8057,-240.4785,-128.9062,0.3663,,
DATA,A002,1,437,634270,0.0116,-0.1076,0.3736,-64.8193,-261.5356,-116.3940,0.3890,,
DATA,A002,1,438,634280,0.0326,0.0779,0.5929,-40.8325,-290.9546,-124.6338,0.5989,,
DATA,A002,1,439,634290,0.1781,-0.0139,0.8478,-40.4663,-289.2456,-109.1919,0.8664,,
DATA,A002,1,440,634300,0.4352,-0.2382,1.2172,-26.8555,-233.0933,-89.4165,1.3144,,
DATA,A002,1,441,634310,0.5585,-0.2338,1.2311,-31.4941,-177.4902,-76.6602,1.3719,,
DATA,A002,1,442,634320,0.4957,-0.2045,1.2101,-34.3018,-103.1494,-66.4062,1.3236,,
DATA,A002,1,443,634330,0.4022,-0.1970,1.1932,-36.4990,-68.2373,-54.9927,1.2745,,
DATA,A002,1,444,634340,0.3278,-0.1342,1.2870,-30.2734,-32.3486,-28.9917,1.3348,,
DATA,A002,1,445,634350,0.3078,-0.0773,1.3583,-25.1465,-12.3291,-15.9302,1.3948,,
DATA,A002,1,446,634360,0.4525,-0.1484,1.4288,-16.7847,12.8174,-2.6245,1.5061,,
DATA,A002,1,447,634370,0.5473,-0.2233,1.5028,0.5493,34.6680,1.5259,1.6149,,
DATA,A002,1,448,634380,0.4823,-0.2653,1.6905,30.0903,70.3735,4.9438,1.7779,,
DATA,A002,1,449,634390,0.3834,-0.1843,1.7672,43.5791,88.5620,5.7373,1.8177,,
DATA,A002,1,450,634400,0.2816,-0.0710,1.7982,42.4194,91.1255,9.3994,1.8215,,
DATA,A002,1,451,634410,0.3236,0.0037,1.7345,31.9824,79.9561,13.6719,1.7644,,
DATA,A002,1,452,634420,0.3656,0.0613,1.6449,21.4233,66.7114,11.7798,1.6861,,
DATA,A002,1,453,634430,0.2809,0.1378,1.5611,4.3335,32.9590,-6.8970,1.5922,,
DATA,A002,1,454,634440,0.2936,0.1216,1.4635,-8.7891,5.1270,-20.5078,1.4976,,
DATA,A002,1,455,634450,0.2785,-0.0446,1.2980,-15.4419,-36.7432,-39.7339,1.3282,,
DATA,A002,1,456,634460,0.3986,-0.1433,1.1092,-7.8735,-56.0913,-62.8662,1.1874,,
DATA,A002,1,457,634470,0.3202,-0.2258,0.8849,-2.3193,-90.9424,-70.2515,0.9677,,
DATA,A002,1,458,634480,0.4584,-0.2853,0.7726,6.2866,-110.1685,-66.3452,0.9426,,
DATA,A002,1,459,634490,0.5968,-0.3537,0.5978,19.8364,-106.9946,-59.8755,0.9158,,
DATA,A002,1,460,634500,0.6559,-0.3188,0.5787,19.2871,-101.1353,-69.7632,0.9310,,
DATA,A002,1,461,634510,0.6544,-0.1589,0.5819,33.0811,-81.1768,-60.7910,0.8900,,
DATA,A002,1,462,634520,0.6149,-0.0722,0.6088,33.9355,-73.9746,-52.3682,0.8683,,
DATA,A002,1,463,634530,0.4728,-0.0202,0.6549,25.5127,-60.4858,-46.4478,0.8080,,
DATA,A002,1,464,634540,0.4269,0.0045,0.6822,20.6909,-48.8892,-42.1143,0.8048,,
DATA,A002,1,465,634550,0.4059,-0.0278,0.7179,13.1836,-26.2451,-28.3813,0.8252,,
DATA,A002,1,466,634560,0.3986,-0.0910,0.7364,12.7563,-21.1182,-18.5547,0.8423,,
DATA,A002,1,467,634570,0.5148,-0.0563,0.7936,14.8315,-7.9346,0.3662,0.9476,,
DATA,A002,1,468,634580,0.4967,-0.0751,0.7926,12.5732,8.8501,14.4653,0.9384,,
DATA,A002,1,469,634590,0.4989,-0.0385,0.8448,15.3198,27.8931,32.5928,0.9819,,
DATA,A002,1,470,634600,0.4879,-0.0275,0.8602,15.9912,38.0249,36.3770,0.9893,,
DATA,A002,1,471,634610,0.4867,-0.0200,0.8873,19.2261,46.5088,31.2500,1.0122,,
DATA,A002,1,472,634620,0.5214,-0.0349,0.9012,22.2778,49.4995,27.6489,1.0418,,
DATA,A002,1,473,634630,0.4787,-0.0305,0.9225,28.7476,44.9219,18.8599,1.0397,,
DATA,A002,1,474,634640,0.4042,-0.0146,0.9354,33.3252,37.9639,11.6577,1.0191,,
DATA,A002,1,475,634650,0.3517,0.0438,0.9679,37.3535,30.3955,4.2114,1.0307,,
DATA,A002,1,476,634660,0.3585,0.0560,0.9679,37.1704,19.5312,1.9531,1.0337,,
DATA,A002,1,477,634670,0.4071,0.0574,0.9574,35.4614,-1.1597,-3.2349,1.0419,,
DATA,A002,1,478,634680,0.4596,0.0267,0.9510,33.5083,-9.8267,-4.0283,1.0566,,
DATA,A002,1,479,634690,0.4467,-0.0058,0.9227,33.5083,-16.6016,-6.6528,1.0252,,
DATA,A002,1,480,634700,0.4603,0.0059,0.9108,33.0811,-20.8130,-7.0190,1.0205,,
DATA,A002,1,481,634710,0.5092,-0.0226,0.9200,30.0293,-26.3672,-3.7231,1.0518,,
DATA,A002,1,482,634720,0.5184,-0.0705,0.8956,29.4800,-26.0010,-4.6387,1.0373,,
DATA,A002,1,483,634730,0.5311,-0.0900,0.8607,31.1279,-20.2026,-3.6011,1.0154,,
DATA,A002,1,484,634740,0.5087,-0.0927,0.8390,32.1655,-17.8223,-5.3101,0.9855,,
DATA,A002,1,485,634750,0.5653,-0.0756,0.8214,33.8135,-11.9629,-0.9155,1.0000,,
DATA,A002,1,486,634760,0.5748,-0.0688,0.8256,33.9966,-7.5073,1.1597,1.0083,,
DATA,A002,1,487,634770,0.5805,-0.0427,0.8324,33.4473,-4.1504,1.4038,1.0157,,
DATA,A002,1,488,634780,0.5841,0.0047,0.8507,31.4941,3.6621,1.5259,1.0319,,
DATA,A002,1,489,634790,0.5609,0.0372,0.8693,29.6021,6.1035,-0.3052,1.0352,,
DATA,A002,1,490,634800,0.5683,0.0252,0.8873,26.3062,10.4980,-0.1221,1.0540,,
DATA,A002,1,491,634810,0.5270,-0.0197,0.9032,23.4375,15.5029,-2.0752,1.0459,,
DATA,A002,1,492,634820,0.4879,-0.0595,0.8693,24.4751,18.3716,-3.9673,0.9986,,
DATA,A002,1,493,634830,0.5165,-0.0588,0.8656,24.9023,14.4043,0.2441,1.0097,,
DATA,A002,1,494,634840,0.5485,-0.0634,0.8602,23.1323,12.2681,4.4556,1.0222,,
DATA,A002,1,495,634850,0.5678,-0.0270,0.8693,21.3013,10.8643,5.6763,1.0386,,
DATA,A002,1,496,634860,0.5512,0.0467,0.8776,19.1650,10.3760,1.5869,1.0373,,
DATA,A002,1,497,634870,0.4603,0.0504,0.8585,16.8457,12.1460,-4.4556,0.9754,,
DATA,A002,1,498,634880,0.5009,-0.0082,0.8592,15.3198,11.2305,-2.3804,0.9946,,
DATA,A002,1,499,634890,0.4879,-0.0485,0.8754,13.8550,13.2446,-1.0376,1.0033,,
DATA,A002,1,500,634900,0.5499,-0.0446,0.8727,12.0239,12.6343,3.3569,1.0325,,
DATA,A002,1,501,634910,0.5734,-0.0441,0.8946,10.7422,9.3384,3.7231,1.0635,,
DATA,A002,1,502,634920,0.6054,-0.0454,0.9098,9.8877,10.9253,0.9155,1.0937,,
DATA,A002,1,503,634930,0.5929,-0.0305,0.9112,8.9111,11.8408,-1.3428,1.0876,,
DATA,A002,1,504,634940,0.5350,-0.0195,0.8683,12.3901,11.8408,-6.9580,1.0201,,
DATA,A002,1,505,634950,0.4808,-0.0773,0.8888,17.3950,13.1226,-5.9814,1.0135,,
DATA,A002,1,506,634960,0.5075,-0.0048,0.9105,11.9629,4.6997,-6.4697,1.0424,,
DATA,A002,1,507,634970,0.5048,0.0162,0.9269,10.8643,11.0474,-7.6294,1.0555,,
DATA,A002,1,508,634980,0.5639,0.0076,0.9291,8.1787,21.0571,-3.8452,1.0868,,
DATA,A002,1,509,634990,0.5231,-0.0097,0.8964,7.2021,26.0620,-6.6528,1.0379,,
DATA,A002,1,510,635000,0.5416,0.0303,0.8854,5.9204,27.2217,-3.9062,1.0383,,
DATA,A002,1,511,635010,0.5477,0.0340,0.8924,5.1880,26.0010,-3.3569,1.0477,,
DATA,A002,1,512,635020,0.5685,0.0228,0.8780,5.4932,25.3296,-4.3945,1.0463,,
DATA,A002,1,513,635030,0.5631,0.0203,0.8702,6.1035,24.4141,-5.6152,1.0367,,
DATA,A002,1,514,635040,0.5595,-0.0112,0.8680,8.6670,22.1558,-4.5776,1.0328,,
DATA,A002,1,515,635050,0.5888,-0.0231,0.8712,11.8408,22.5830,-3.4180,1.0517,,
EVENT,A002,1,,635058,,,,,,,,STOP,515
EVENT,A002,2,,644188,,,,,,,,START,
DATA,A002,2,1,644211,-0.3580,0.0181,0.9105,-10.0708,-25.8789,-1.7090,0.9785,,
DATA,A002,2,2,644221,-0.3424,0.0128,0.8788,-10.0098,-31.0059,3.7842,0.9432,,
DATA,A002,2,3,644231,-0.3712,0.0062,0.8473,-5.6763,-36.0718,8.1787,0.9250,,
DATA,A002,2,4,644241,-0.3385,0.0164,0.7611,8.7891,-40.5884,15.8691,0.8331,,
DATA,A002,2,5,644251,-0.3033,0.0467,0.7589,11.7188,-22.3999,21.9116,0.8186,,
DATA,A002,2,6,644261,-0.3138,0.0418,0.7985,5.4932,-5.8594,19.5312,0.8589,,
DATA,A002,2,7,644271,-0.3631,0.0015,0.8671,0.6104,6.7749,13.7939,0.9400,,
DATA,A002,2,8,644281,-0.3500,-0.0192,0.8968,0.6104,10.2539,13.7939,0.9629,,
DATA,A002,2,9,644291,-0.2821,-0.0607,0.9154,0.2441,17.2729,15.6250,0.9598,,
DATA,A002,2,10,644301,-0.2281,-0.0988,0.9132,-1.5259,26.6113,17.0898,0.9464,,
DATA,A002,2,11,644311,-0.1732,-0.0895,0.8841,-2.0752,40.8936,17.7612,0.9054,,
DATA,A002,2,12,644321,-0.1300,-0.0222,0.8441,1.7700,55.6641,18.9819,0.8543,,
DATA,A002,2,13,644331,-0.0990,0.0792,0.7504,8.0566,76.6602,35.7666,0.7610,,
DATA,A002,2,14,644341,-0.0045,0.1275,0.6395,13.0005,98.3276,49.4995,0.6521,,
DATA,A002,2,15,644351,-0.0211,0.0826,0.5023,-0.1831,108.3984,69.5801,0.5095,,
DATA,A002,2,16,644361,-0.1637,0.0840,0.3295,-3.6011,104.3701,69.0918,0.3774,,
DATA,A002,2,17,644371,-0.2118,0.0555,0.2611,-19.0430,80.0781,87.1582,0.3407,,
DATA,A002,2,18,644381,-0.2501,0.2000,0.2281,-7.3853,57.3730,102.4170,0.3932,,
DATA,A002,2,19,644391,-0.5223,0.1863,0.1290,-19.8364,37.1704,125.1221,0.5694,,
DATA,A002,2,20,644401,0.0978,0.8069,0.1417,-14.0381,29.4800,149.8413,0.8251,,
DATA,A002,2,21,644411,0.1063,0.0692,0.1056,-26.4893,68.0542,253.9062,0.1650,,
DATA,A002,2,22,644421,0.1605,-0.0305,0.1837,4.7607,109.6191,219.7876,0.2459,,
DATA,A002,2,23,644431,0.2577,0.0975,0.0692,50.3540,185.5469,176.3306,0.2841,,
DATA,A002,2,24,644441,0.2528,0.2466,0.0558,69.8242,229.7363,188.3545,0.3576,,
DATA,A002,2,25,644451,0.2208,0.4490,0.0375,76.7212,304.5654,216.4917,0.5018,,
DATA,A002,2,26,644461,0.1752,0.5250,0.0223,67.5659,354.2480,218.9941,0.5539,,
DATA,A002,2,27,644471,0.0629,0.5401,-0.0241,45.7764,417.9077,210.8154,0.5443,,
DATA,A002,2,28,644481,-0.0218,0.5164,-0.0592,33.9355,452.2095,206.7261,0.5203,,
DATA,A002,2,29,644491,-0.1485,0.4717,-0.0841,20.8130,487.1826,205.9326,0.5017,,
DATA,A002,2,30,644501,-0.2501,0.4493,-0.1076,12.7563,498.5352,204.9561,0.5253,,
DATA,A002,2,31,644511,-0.3453,0.4529,-0.1107,4.7607,500.4272,201.5991,0.5802,,
DATA,A002,2,32,644521,-0.4791,0.4608,-0.0966,-11.4746,487.4878,193.7256,0.6717,,
DATA,A002,2,33,644531,-0.6188,0.4737,-0.0761,-20.8130,464.5996,190.1245,0.7830,,
DATA,A002,2,34,644541,-0.9208,0.5206,-0.0458,-36.3770,413.7573,194.9463,1.0587,,
DATA,A002,2,35,644551,-1.1857,0.5648,0.0489,-42.6025,357.9712,190.0024,1.3142,,
DATA,A002,2,36,644561,-1.6525,0.7996,0.1642,-48.0347,263.1226,187.3779,1.8431,,
DATA,A002,2,37,644571,-1.8500,0.9754,0.2279,-61.5234,192.8101,173.4009,2.1037,,
DATA,A002,2,38,644581,-2.0008,1.2029,0.3529,-84.1064,84.4727,164.6729,2.3611,,
DATA,A002,2,39,644591,-2.0565,1.3038,0.4232,-98.3887,26.0620,161.8652,2.4715,,
DATA,A002,2,40,644601,-2.0580,1.4754,0.5399,-103.6987,-24.7803,155.5176,2.5891,,
DATA,A002,2,41,644611,-2.0072,1.6502,0.6327,-97.4731,-34.6680,149.8413,2.6744,,
DATA,A002,2,42,644621,-1.9549,1.9796,0.8124,-95.2759,-26.7944,141.4795,2.8983,,
DATA,A002,2,43,644631,-2.0099,2.1714,0.8846,-104.2480,-12.2681,132.6294,3.0883,,
DATA,A002,2,44,644641,-2.0480,2.2877,0.8912,-117.0654,27.3438,107.6050,3.1972,,
DATA,A002,2,45,644651,-2.0096,2.2376,0.8148,-122.5586,60.9131,88.0737,3.1160,,
DATA,A002,2,46,644661,-1.9100,2.0191,0.6166,-123.7183,110.5957,61.1572,2.8469,,
DATA,A002,2,47,644671,-1.9210,1.8650,0.4808,-117.1875,136.2305,43.4570,2.7203,,
DATA,A002,2,48,644681,-2.0013,1.7142,0.3483,-98.2666,153.5034,17.0898,2.6580,,
DATA,A002,2,49,644691,-2.0314,1.6714,0.3204,-81.3599,150.2075,5.1880,2.6501,,
DATA,A002,2,50,644701,-2.0121,1.6468,0.3148,-56.7017,135.3149,-3.4180,2.6191,,
DATA,A002,2,51,644711,-1.9899,1.6317,0.3277,-46.4478,122.6196,-3.1738,2.5941,,
DATA,A002,2,52,644721,-1.9652,1.5679,0.3424,-43.3960,104.4312,2.6245,2.5372,,
DATA,A002,2,53,644731,-1.9613,1.5074,0.3490,-46.0815,94.3604,7.8735,2.4981,,
DATA,A002,2,54,644741,-1.9505,1.3863,0.3422,-52.0630,83.1909,16.2354,2.4173,,
DATA,A002,2,55,644751,-1.8976,1.2955,0.3114,-56.0303,79.3457,21.1792,2.3186,,
DATA,A002,2,56,644761,-1.7716,1.1312,0.2535,-61.5845,75.6226,25.0244,2.1172,,
DATA,A002,2,57,644771,-1.6803,1.0071,0.2081,-65.6738,72.0825,25.3296,1.9700,,
DATA,A002,2,58,644781,-1.4952,0.8179,0.1473,-74.4629,60.9741,24.2920,1.7107,,
DATA,A002,2,59,644791,-1.3373,0.6788,0.1139,-81.0547,48.1567,22.8882,1.5040,,
DATA,A002,2,60,644801,-1.0577,0.4546,0.0482,-88.3789,14.6484,23.9258,1.1523,,
DATA,A002,2,61,644811,-0.8273,0.2967,0.0074,-90.3931,-7.9346,23.0103,0.8789,,
DATA,A002,2,62,644821,-0.4720,0.0814,-0.0245,-87.8296,-34.8511,16.7847,0.4796,,
DATA,A002,2,63,644831,-0.2584,-0.0417,-0.0431,-82.4585,-43.8232,9.0942,0.2653,,
DATA,A002,2,64,644841,0.0180,-0.1664,-0.0575,-76.0498,-27.8320,-5.8594,0.1770,,
DATA,A002,2,65,644851,0.1515,-0.2138,-0.0802,-70.0684,-3.9673,-14.8926,0.2740,,
DATA,A002,2,66,644861,0.2528,-0.2590,-0.0827,-63.4766,26.9165,-20.0195,0.3712,,
DATA,A002,2,67,644871,0.3344,-0.3046,-0.0946,-52.3682,76.1108,-23.2544,0.4621,,
DATA,A002,2,68,644881,0.3392,-0.3278,-0.1058,-43.0908,106.0791,-24.0479,0.4835,,
DATA,A002,2,69,644891,0.3021,-0.3483,-0.1320,-27.7100,149.7803,-23.6816,0.4796,,
DATA,A002,2,70,644901,0.2777,-0.3593,-0.1288,-16.3574,169.4946,-23.3765,0.4720,,
DATA,A002,2,71,644911,0.2079,-0.3515,-0.1068,4.6997,194.9463,-21.5454,0.4221,,
DATA,A002,2,72,644921,0.1527,-0.3329,-0.0966,18.7378,208.4961,-19.8975,0.3788,,
DATA,A002,2,73,644931,0.0526,-0.2814,-0.0700,37.2314,224.1821,-20.2637,0.2947,,
DATA,A002,2,74,644941,-0.0343,-0.2485,-0.0460,48.5840,229.1870,-20.5078,0.2550,,
DATA,A002,2,75,644951,-0.1586,-0.1884,0.0008,62.8052,221.3135,-20.8130,0.2463,,
DATA,A002,2,76,644961,-0.2325,-0.1457,0.0231,69.7632,211.3647,-23.4375,0.2754,,
DATA,A002,2,77,644971,-0.2831,-0.1039,0.0526,76.5991,187.7441,-26.6724,0.3061,,
DATA,A002,2,78,644981,-0.3160,-0.0881,0.0773,80.7495,168.8843,-29.4189,0.3370,,
DATA,A002,2,79,644991,-0.3666,-0.0725,0.1146,84.7778,128.4790,-38.0249,0.3908,,
DATA,A002,2,80,645001,-0.4147,-0.0729,0.1454,85.0220,93.5059,-42.5415,0.4454,,
DATA,A002,2,81,645011,-0.4366,-0.0642,0.1905,79.3457,32.4097,-56.5186,0.4807,,
DATA,A002,2,82,645021,-0.4562,-0.0661,0.2237,77.1484,-12.6953,-59.6924,0.5124,,
DATA,A002,2,83,645031,-0.4923,-0.0275,0.2838,62.3169,-61.0962,-91.4307,0.5689,,
DATA,A002,2,84,645041,-0.5213,0.0157,0.3031,48.2178,-92.7124,-104.3091,0.6033,,
DATA,A002,2,85,645051,-0.6468,0.0796,0.2269,25.8179,-134.5825,-112.1216,0.6901,,
DATA,A002,2,86,645061,-0.6734,0.1500,0.1998,12.5732,-150.1465,-125.2441,0.7183,,
DATA,A002,2,87,645071,-0.6019,0.3099,0.1319,-8.7891,-168.4570,-155.0903,0.6897,,
DATA,A002,2,88,645081,-0.6317,0.3943,0.0609,-25.0244,-172.0581,-163.3301,0.7472,,
DATA,A002,2,89,645091,-0.6261,0.4427,-0.0304,-54.9927,-147.3999,-181.4575,0.7674,,
DATA,A002,2,90,645101,-0.5140,0.4278,-0.0516,-73.3032,-123.3521,-195.5566,0.6707,,
DATA,A002,2,91,645111,-0.4137,0.3294,-0.0797,-96.4355,-85.6323,-203.4912,0.5348,,
DATA,A002,2,92,645121,-0.4225,0.2415,-0.0988,-104.3701,-51.8188,-204.4678,0.4966,,
DATA,A002,2,93,645131,-0.5262,0.1395,-0.0665,-97.4731,-4.6387,-213.1958,0.5484,,
DATA,A002,2,94,645141,-0.6683,0.1216,0.0026,-83.4351,23.5596,-224.7314,0.6793,,
DATA,A002,2,95,645151,-1.0851,0.1526,0.1503,-62.9272,60.9131,-237.7319,1.1060,,
DATA,A002,2,96,645161,-1.5133,0.1829,0.2245,-57.2510,79.8950,-240.3564,1.5407,,
DATA,A002,2,97,645171,-2.3714,0.2427,0.4166,-57.9224,90.6372,-233.5205,2.4200,,
DATA,A002,2,98,645181,-2.8536,0.3362,0.6149,-57.0068,79.8950,-224.2432,2.9384,,
DATA,A002,2,99,645191,-3.1954,0.5157,0.8160,-49.9878,35.3394,-208.9844,3.3380,,
DATA,A002,2,100,645201,-3.6835,0.9039,0.8033,-46.3257,-101.3794,-165.1611,3.8769,,
DATA,A002,2,101,645211,-3.8507,1.1255,0.9056,-51.6968,-165.7104,-126.8311,4.1128,,
DATA,A002,2,102,645221,-3.5912,1.5020,0.9039,-49.0723,-153.2593,-68.6035,3.9962,,
DATA,A002,2,103,645231,-3.1522,1.7027,0.8153,-35.6445,-95.7031,-25.8789,3.6743,,
DATA,A002,2,104,645241,-2.6361,1.5169,0.7543,-37.7197,5.3101,20.6909,3.1335,,
DATA,A002,2,105,645251,-2.4337,0.9910,0.8016,-55.1147,59.8755,31.7383,2.7473,,
DATA,A002,2,106,645261,-2.0746,0.1905,0.7377,-62.2559,108.2764,24.9023,2.2100,,
DATA,A002,2,107,645271,-1.7982,-0.2021,0.6090,-45.6543,109.4360,24.0479,1.9093,,
DATA,A002,2,108,645281,-1.2460,-0.5244,0.3827,-3.2959,62.8052,26.7334,1.4049,,
DATA,A002,2,109,645291,-0.7389,-0.5568,0.1949,26.3062,18.8599,30.1514,0.9455,,
DATA,A002,2,110,645301,0.0551,-0.4518,-0.0099,57.8613,-49.8047,46.2036,0.4553,,
DATA,A002,2,111,645311,0.4357,-0.3300,-0.0868,68.7866,-87.5854,55.4810,0.5534,,
DATA,A002,2,112,645321,0.6474,-0.1730,-0.1422,66.4673,-60.6689,53.4668,0.6850,,
DATA,A002,2,113,645331,0.6889,-0.1728,-0.1517,53.9551,0.5493,42.7246,0.7262,,
DATA,A002,2,114,645341,0.5897,-0.3166,-0.0739,36.3159,83.7402,43.5181,0.6734,,
DATA,A002,2,115,645351,0.3790,-0.3828,-0.0133,36.8042,112.6709,62.0117,0.5388,,
DATA,A002,2,116,645361,0.0180,-0.3249,0.0746,49.3774,116.2720,87.4634,0.3338,,
DATA,A002,2,117,645371,-0.2115,-0.2055,0.1200,51.3916,101.6235,91.5527,0.3184,,
DATA,A002,2,118,645381,-0.4588,0.0235,0.1786,33.9966,59.9976,84.7778,0.4929,,
DATA,A002,2,119,645391,-0.5296,0.1282,0.1962,14.3433,17.9443,82.6416,0.5792,,
DATA,A002,2,120,645401,-0.4462,0.1822,0.1888,-14.8926,-50.5371,81.3599,0.5176,,
DATA,A002,2,121,645411,-0.3009,0.1507,0.1569,-31.3721,-80.2002,75.4395,0.3713,,
DATA,A002,2,122,645421,-0.0987,0.0726,0.0941,-48.4009,-77.0264,62.5610,0.1545,,
DATA,A002,2,123,645431,-0.0380,0.0233,0.0453,-52.3682,-45.1050,54.8096,0.0635,,
DATA,A002,2,124,645441,-0.0238,-0.0363,-0.0233,-46.8750,23.9868,43.5181,0.0493,,
DATA,A002,2,125,645451,-0.0731,-0.0610,-0.0512,-37.0483,65.6128,36.3159,0.1081,,
DATA,A002,2,126,645461,-0.2020,-0.0510,-0.0541,-20.0195,103.0884,26.9775,0.2152,,
DATA,A002,2,127,645471,-0.2843,-0.0236,-0.0436,-12.0239,110.0464,20.8130,0.2886,,
DATA,A002,2,128,645481,-0.3685,0.0259,-0.0263,-8.6060,99.6704,12.4512,0.3704,,
DATA,A002,2,129,645491,-0.3929,0.0442,-0.0272,-10.7422,86.7310,7.5684,0.3964,,
DATA,A002,2,130,645501,-0.3812,0.0340,-0.0311,-14.7095,70.6177,-0.7324,0.3840,,
DATA,A002,2,131,645511,-0.3656,0.0145,-0.0250,-14.8926,64.6973,-6.4697,0.3667,,
DATA,A002,2,132,645521,-0.3307,0.0047,-0.0106,-9.9487,63.7207,-15.6250,0.3309,,
DATA,A002,2,133,645531,-0.3441,0.0150,0.0021,-4.4556,64.8804,-21.8506,0.3444,,
DATA,A002,2,134,645541,-0.3680,0.0396,0.0294,0.4272,67.3828,-27.7710,0.3713,,
DATA,A002,2,135,645551,-0.4584,0.0926,0.0477,3.5400,67.5049,-38.5132,0.4700,,
DATA,A002,2,136,645561,-0.5753,0.1268,0.0719,3.2349,67.5049,-46.6919,0.5935,,
DATA,A002,2,137,645571,-0.7355,0.1854,0.1061,1.7090,70.7397,-67.8711,0.7658,,
DATA,A002,2,138,645581,-0.7999,0.2339,0.1197,2.9907,76.5381,-84.6558,0.8420,,
DATA,A002,2,139,645591,-1.0443,0.3096,0.0934,4.6387,70.8618,-104.1260,1.0932,,
DATA,A002,2,140,645601,-1.3844,0.3707,0.0904,5.4932,62.0728,-116.6992,1.4360,,
DATA,A002,2,141,645611,-2.1874,0.5555,0.1996,6.5918,37.4146,-145.3857,2.2656,,
DATA,A002,2,142,645621,-2.7689,0.8111,0.3465,3.7842,10.6812,-167.5415,2.9060,,
DATA,A002,2,143,645631,-3.3722,1.3516,0.5062,-24.3530,-56.2744,-180.9082,3.6681,,
DATA,A002,2,144,645641,-3.3815,1.5203,0.4947,-67.7490,-119.7510,-173.6450,3.7404,,
DATA,A002,2,145,645651,-3.1485,1.3509,0.1346,-124.4507,-187.9272,-148.1934,3.4288,,
DATA,A002,2,146,645661,-3.1100,1.2903,0.0624,-140.0757,-156.2500,-122.1924,3.3676,,
DATA,A002,2,147,645671,-2.9071,1.3575,0.0528,-141.9067,1.0376,-77.6978,3.2089,,
DATA,A002,2,148,645681,-2.6568,1.3465,-0.0477,-140.3198,107.2998,-39.8560,2.9790,,
DATA,A002,2,149,645691,-2.5734,0.9017,-0.1412,-158.3252,213.6841,-0.9766,2.7304,,
DATA,A002,2,150,645701,-2.5738,0.3975,-0.1359,-167.9688,254.6997,8.4839,2.6079,,
DATA,A002,2,151,645711,-2.5450,-0.3456,-0.0253,-144.1650,277.0386,16.7236,2.5685,,
DATA,A002,2,152,645721,-2.5248,-0.7421,0.0948,-108.5815,268.3105,19.1040,2.6333,,
DATA,A002,2,153,645731,-2.4542,-1.1171,0.2125,-54.1382,190.1245,21.4844,2.7049,,
DATA,A002,2,154,645741,-2.2801,-1.1772,0.2396,-31.6162,114.2578,15.0757,2.5772,,
DATA,A002,2,155,645751,-1.7347,-1.0727,0.1654,-25.3906,-10.4370,-4.6387,2.0463,,
DATA,A002,2,156,645761,-1.3133,-0.9435,0.1044,-27.2217,-88.6841,-9.3384,1.6205,,
DATA,A002,2,157,645771,-0.6942,-0.7353,0.0133,-20.5688,-173.0347,-5.7373,1.0113,,
DATA,A002,2,158,645781,-0.3019,-0.6174,-0.0526,-14.2212,-193.5425,-5.3101,0.6892,,
DATA,A002,2,159,645791,0.1278,-0.4750,-0.0819,-8.4229,-191.5283,-8.2397,0.4987,,
DATA,A002,2,160,645801,0.2902,-0.4091,-0.0917,-8.0566,-172.9736,-14.3433,0.5099,,
DATA,A002,2,161,645811,0.4293,-0.3713,-0.1076,-10.1318,-120.3613,-27.7100,0.5777,,
DATA,A002,2,162,645821,0.4735,-0.3720,-0.1364,-10.1929,-80.5664,-32.6538,0.6174,,
DATA,A002,2,163,645831,0.4616,-0.3825,-0.2011,-6.3477,-30.3345,-32.0435,0.6323,,
DATA,A002,2,164,645841,0.4423,-0.3947,-0.2142,-0.7324,-5.8594,-30.3955,0.6303,,
DATA,A002,2,165,645851,0.4269,-0.3503,-0.1527,12.2070,23.3765,-27.3438,0.5729,,
DATA,A002,2,166,645861,0.3651,-0.2873,-0.1149,19.4092,40.8936,-23.4375,0.4786,,
DATA,A002,2,167,645871,0.2340,-0.1650,-0.1220,24.5972,64.3311,-17.8223,0.3112,,
DATA,A002,2,168,645881,0.1588,-0.1003,-0.1273,26.0620,76.0498,-16.3574,0.2269,,
DATA,A002,2,169,645891,0.0526,-0.0366,-0.0949,28.2593,85.0830,-14.5874,0.1145,,
DATA,A002,2,170,645901,-0.0167,-0.0019,-0.0736,28.8086,86.8530,-14.0991,0.0755,,
DATA,A002,2,171,645911,-0.0773,0.0269,-0.0282,27.5879,85.5103,-15.3809,0.0865,,
DATA,A002,2,172,645921,-0.1432,0.0565,0.0145,21.9116,75.8057,-17.3950,0.1546,,
DATA,A002,2,173,645931,-0.1722,0.0623,0.0196,15.8081,62.3779,-18.3105,0.1842,,
DATA,A002,2,174,645941,-0.1864,0.0604,0.0321,7.3242,36.2549,-21.4233,0.1985,,
DATA,A002,2,175,645951,-0.1686,0.0467,0.0328,2.5635,20.8130,-24.3530,0.1780,,
DATA,A002,2,176,645961,-0.1192,0.0215,0.0384,-1.1597,5.8594,-28.6865,0.1271,,
DATA,A002,2,177,645971,-0.0817,0.0059,0.0345,-1.5259,3.3569,-30.7617,0.0889,,
DATA,A002,2,178,645981,-0.0484,-0.0200,0.0355,-1.5259,9.6436,-32.4707,0.0633,,
DATA,A002,2,179,645991,-0.0372,-0.0405,0.0211,-0.3662,17.1509,-33.0811,0.0589,,
DATA,A002,2,180,646001,-0.0338,-0.0732,0.0116,3.3569,29.8462,-31.5552,0.0814,,
DATA,A002,2,181,646011,-0.0367,-0.0944,0.0069,7.6294,38.2690,-29.7852,0.1016,,
DATA,A002,2,182,646021,-0.0670,-0.1225,0.0121,15.3809,51.0864,-26.5503,0.1401,,
DATA,A002,2,183,646031,-0.1109,-0.1230,0.0113,21.8506,60.1807,-24.4141,0.1660,,
DATA,A002,2,184,646041,-0.1944,-0.1057,0.0065,34.6069,74.6460,-22.0337,0.2214,,
DATA,A002,2,185,646051,-0.2760,-0.0871,0.0143,44.1284,81.9702,-20.5688,0.2898,,
DATA,A002,2,186,646061,-0.4982,-0.0578,0.0614,55.6030,93.5669,-20.7520,0.5052,,
DATA,A002,2,187,646071,-0.7594,-0.0405,0.0770,58.8989,101.5015,-20.1416,0.7644,,
DATA,A002,2,188,646081,-1.3524,-0.0009,0.0709,59.3262,110.7788,-18.7378,1.3543,,
DATA,A002,2,189,646091,-1.8241,0.0655,0.0992,60.9741,110.4126,-15.6860,1.8280,,
DATA,A002,2,190,646101,-2.5741,0.2425,0.1661,65.7959,81.4819,0.7935,2.5908,,
DATA,A002,2,191,646111,-3.0653,0.3702,0.2006,60.7300,36.6821,12.2681,3.0941,,
DATA,A002,2,192,646121,-3.6998,0.5049,0.1493,39.4287,-56.7627,25.6958,3.7371,,
DATA,A002,2,193,646131,-3.9422,0.5660,0.0238,22.8882,-112.4878,34.7900,3.9827,,
DATA,A002,2,194,646141,-3.7294,0.7828,-0.0399,25.7568,-95.9473,47.2412,3.8108,,
DATA,A002,2,195,646151,-3.4435,0.9412,-0.0487,23.4985,-59.3262,61.6455,3.5701,,
DATA,A002,2,196,646161,-3.1544,0.8780,-0.0473,-8.1177,-7.1411,78.9795,3.2747,,
DATA,A002,2,197,646171,-2.9569,0.6143,-0.0785,-32.6538,17.7612,88.2568,3.0211,,
DATA,A002,2,198,646181,-2.4618,0.1514,-0.1368,-56.8237,56.6406,90.3320,2.4702,,
DATA,A002,2,199,646191,-2.1361,-0.1105,-0.1681,-59.3262,69.8242,93.3228,2.1455,,
DATA,A002,2,200,646201,-1.7108,-0.3181,-0.1967,-34.3628,68.3594,105.0415,1.7512,,
DATA,A002,2,201,646211,-1.4779,-0.3459,-0.1857,-18.7378,43.1519,115.1123,1.5291,,
DATA,A002,2,202,646221,-1.1024,-0.2690,-0.2069,-2.3804,-11.4136,137.2681,1.1535,,
DATA,A002,2,203,646231,-0.8829,-0.1926,-0.2094,3.3569,-41.3818,153.5645,0.9276,,
DATA,A002,2,204,646241,-0.5917,-0.1096,-0.1442,6.5918,-71.8994,171.6919,0.6188,,
DATA,A002,2,205,646251,-0.4215,-0.1059,-0.1054,4.5776,-75.5005,173.0957,0.4472,,
DATA,A002,2,206,646261,-0.2836,-0.1489,-0.0424,4.5776,-70.6177,165.5884,0.3230,,
DATA,A002,2,207,646271,-0.1522,-0.2272,0.0375,14.7705,-57.5562,141.7847,0.2761,,
DATA,A002,2,208,646281,-0.1119,-0.2531,0.0753,26.6113,-48.7671,120.7886,0.2868,,
DATA,A002,2,209,646291,-0.0719,-0.2731,0.1183,41.2598,-40.1001,86.8530,0.3062,,
DATA,A002,2,210,646301,-0.0602,-0.2824,0.1407,46.1426,-41.0156,67.1387,0.3212,,
DATA,A002,2,211,646311,-0.0721,-0.3007,0.1390,47.1802,-53.8330,42.6636,0.3391,,
DATA,A002,2,212,646321,-0.0853,-0.2985,0.1136,46.5088,-66.5894,29.3579,0.3306,,
DATA,A002,2,213,646331,-0.0804,-0.2734,0.0687,45.4712,-85.2661,15.1978,0.2931,,
DATA,A002,2,214,646341,-0.0611,-0.2331,0.0316,45.1050,-90.2710,8.8501,0.2430,,
DATA,A002,2,215,646351,-0.0284,-0.1584,-0.0060,44.1284,-77.5757,0.5493,0.1610,,
DATA,A002,2,216,646361,-0.0238,-0.1259,-0.0253,42.7246,-56.5186,-3.2349,0.1306,,
DATA,A002,2,217,646371,-0.0663,-0.0820,-0.0375,40.7104,-15.6250,-4.8828,0.1119,,
DATA,A002,2,218,646381,-0.1334,-0.0556,-0.0389,40.1611,12.2681,-5.5542,0.1497,,
DATA,A002,2,219,646391,-0.2462,-0.0148,-0.0292,41.9922,43.2739,-8.4229,0.2484,,
DATA,A002,2,220,646401,-0.2911,0.0123,-0.0175,43.6401,51.2085,-11.2305,0.2919,,
DATA,A002,2,221,646411,-0.3158,0.0494,0.0011,43.7622,47.4854,-15.8691,0.3196,,
DATA,A002,2,222,646421,-0.3028,0.0731,0.0284,42.7246,39.7339,-20.2026,0.3128,,
DATA,A002,2,223,646431,-0.2626,0.1038,0.0687,38.7573,32.1045,-28.8696,0.2906,,
DATA,A002,2,224,646441,-0.2533,0.1104,0.0934,35.4614,33.6914,-34.1797,0.2917,,
DATA,A002,2,225,646451,-0.3014,0.1133,0.1427,31.6162,45.6543,-41.8701,0.3522,,
DATA,A002,2,226,646461,-0.3734,0.1273,0.1695,31.0669,55.6641,-47.4243,0.4294,,
DATA,A002,2,227,646471,-0.5028,0.1780,0.2142,31.0059,65.4297,-57.8003,0.5748,,
DATA,A002,2,228,646481,-0.5917,0.2386,0.2360,30.0293,66.0400,-65.6128,0.6802,,
DATA,A002,2,229,646491,-0.8263,0.3494,0.2411,23.9868,62.8662,-81.1157,0.9290,,
DATA,A002,2,230,646501,-1.0765,0.4285,0.2198,18.9819,67.9932,-96.2524,1.1794,,
DATA,A002,2,231,646511,-1.6236,0.5958,0.2198,18.3105,73.1812,-115.5396,1.7434,,
DATA,A002,2,232,646521,-2.0570,0.7879,0.2760,22.6440,69.9463,-120.1782,2.2199,,
DATA,A002,2,233,646531,-2.7272,1.1983,0.4684,23.4375,38.7573,-111.3281,3.0154,,
DATA,A002,2,234,646541,-3.0345,1.4647,0.6163,9.7046,-3.1738,-95.5811,3.4254,,
DATA,A002,2,235,646551,-3.3795,1.6119,0.4173,-22.8271,-104.3701,-54.3213,3.7674,,
DATA,A002,2,236,646561,-3.6041,1.6419,0.2992,-29.3579,-151.0620,-25.0244,3.9718,,
DATA,A002,2,237,646571,-3.6310,1.8362,0.3243,-17.4561,-134.2773,-5.2490,4.0818,,
DATA,A002,2,238,646581,-3.1932,2.1414,0.3561,-12.4512,-57.1899,22.0337,3.8612,,
DATA,A002,2,239,646591,-2.8221,1.9920,0.2941,-47.7295,-11.7798,34.3628,3.4668,,
DATA,A002,2,240,646601,-2.2557,1.2784,0.0848,-104.4922,41.1377,52.7954,2.5942,,
DATA,A002,2,241,646611,-1.8221,0.8218,-0.1300,-116.5161,64.9414,63.2935,2.0031,,
DATA,A002,2,242,646621,-1.2618,0.2571,-0.3883,-99.4263,82.7637,96.1304,1.3450,,
DATA,A002,2,243,646631,-1.0394,-0.0366,-0.4691,-77.2095,73.3643,128.4180,1.1410,,
DATA,A002,2,244,646641,-0.8309,-0.3808,-0.5885,-44.3726,31.7993,170.8984,1.0871,,
DATA,A002,2,245,646651,-0.6981,-0.5605,-0.5949,-22.4609,3.9062,190.8569,1.0749,,
DATA,A002,2,246,646661,-0.4371,-0.7128,-0.4420,23.4985,-50.9033,200.9277,0.9458,,
DATA,A002,2,247,646671,-0.2130,-0.6945,-0.3097,61.2183,-70.5566,188.5376,0.7897,,
DATA,A002,2,248,646681,0.0534,-0.4829,-0.1149,113.7695,-59.2041,170.2881,0.4992,,
DATA,A002,2,249,646691,0.1515,-0.3027,0.0548,136.8408,-37.5977,166.4429,0.3429,,
DATA,A002,2,250,646701,0.0954,-0.0873,0.3126,148.5596,-7.4463,161.3159,0.3383,,
DATA,A002,2,251,646711,-0.0113,-0.0627,0.4105,141.4795,1.2817,156.9214,0.4154,,
DATA,A002,2,252,646721,-0.2984,-0.1852,0.4991,126.8311,-9.3994,142.1509,0.6103,,
DATA,A002,2,253,646731,-0.4281,-0.2802,0.4488,119.4458,-34.0576,132.7515,0.6806,,
DATA,A002,2,254,646741,-0.2162,-0.4440,0.1837,144.5923,-32.8979,174.7437,0.5269,,
DATA,A002,2,255,646751,-0.6337,-0.2243,0.2972,195.7397,7.0190,156.3110,0.7350,,
DATA,A002,2,256,646761,-0.7723,0.1165,0.2218,141.8457,-26.5503,114.0137,0.8119,,
DATA,A002,2,257,646771,-0.7284,0.1846,0.1678,123.4131,-52.3071,101.1353,0.7699,,
DATA,A002,2,258,646781,-0.5682,0.1944,0.0099,88.0127,-85.2661,50.5981,0.6006,,
DATA,A002,2,259,646791,-0.4400,0.1380,-0.0675,91.9800,-94.7876,17.5781,0.4661,,
DATA,A002,2,260,646801,-0.3187,0.2144,-0.0319,104.4312,-83.1909,-29.9072,0.3854,,
DATA,A002,2,261,646811,-0.3548,0.3365,0.0433,96.8018,-70.3735,-55.7861,0.4909,,
DATA,A002,2,262,646821,-0.3734,0.4146,0.1388,72.5708,-56.0913,-82.0923,0.5750,,
DATA,A002,2,263,646831,-0.3517,0.4522,0.2118,60.5469,-48.0957,-102.2339,0.6107,,
DATA,A002,2,264,646841,-0.2787,0.4979,0.2411,41.6260,-37.4146,-119.3848,0.6194,,
DATA,A002,2,265,646851,-0.2255,0.4949,0.1610,24.7803,-26.0620,-128.9673,0.5672,,
DATA,A002,2,266,646861,-0.3556,0.4749,0.1027,3.2959,-28.2593,-138.7939,0.6021,,
DATA,A002,2,267,646871,-0.4259,0.4971,0.0619,-11.3525,-47.4243,-144.1650,0.6575,,
DATA,A002,2,268,646881,-0.3160,0.5049,0.0306,-43.9453,-59.8145,-168.9453,0.5965,,
DATA,A002,2,269,646891,-0.2889,0.5318,0.0106,-63.8428,-46.4478,-170.5933,0.6053,,
DATA,A002,2,270,646901,-0.2652,0.4339,0.0609,-107.8491,-33.2031,-210.3882,0.5122,,
DATA,A002,2,271,646911,-0.2506,0.3401,-0.0131,-89.9658,22.2168,-145.0806,0.4227,,
DATA,A002,2,272,646921,-0.3353,0.3328,0.0182,-79.2236,79.5288,-153.6255,0.4728,,
DATA,A002,2,273,646931,-0.5311,0.3943,0.0463,-56.1523,140.6860,-164.2456,0.6631,,
DATA,A002,2,274,646941,-0.7367,0.4158,0.0904,-61.0352,155.7007,-166.6870,0.8508,,
DATA,A002,2,275,646951,-1.0885,0.4068,0.1478,-58.8989,131.9580,-151.7944,1.1714,,
DATA,A002,2,276,646961,-1.4090,0.4456,0.1869,-56.2744,94.1772,-155.2734,1.4896,,
DATA,A002,2,277,646971,-1.8641,0.5775,0.1859,-54.4434,45.9595,-174.0723,1.9603,,
DATA,A002,2,278,646981,-2.0314,0.6985,0.2274,-52.0630,26.1230,-169.3115,2.1601,,
DATA,A002,2,279,646991,-2.2052,0.8585,0.2340,-49.6216,4.9438,-136.5967,2.3779,,
DATA,A002,2,280,647001,-2.3492,0.9564,0.1686,-41.4429,-3.7231,-105.4077,2.5420,,
DATA,A002,2,281,647011,-2.6793,1.1988,0.0609,-19.4702,-13.1836,-69.0308,2.9359,,
DATA,A002,2,282,647021,-2.8483,1.4297,0.0326,-4.7607,-8.2397,-45.4102,3.1871,,
DATA,A002,2,283,647031,-2.9462,1.7139,0.0917,1.7700,9.0332,-6.3477,3.4097,,
DATA,A002,2,284,647041,-2.8487,1.6924,0.1649,-5.0049,9.3994,14.7095,3.3177,,
DATA,A002,2,285,647051,-2.5423,1.2650,0.2521,-22.2168,11.5356,28.3203,2.8508,,
DATA,A002,2,286,647061,-2.3453,0.9451,0.2714,-24.5361,20.2637,36.9873,2.5431,,
DATA,A002,2,287,647071,-2.0663,0.6429,0.2147,-9.7046,30.1514,52.1851,2.1746,,
DATA,A002,2,288,647081,-1.8365,0.5567,0.1769,4.6387,28.9307,58.4106,1.9272,,
DATA,A002,2,289,647091,-1.4159,0.4966,0.1271,17.2119,20.0806,69.9463,1.5058,,
DATA,A002,2,290,647101,-1.1044,0.4417,0.0909,13.8550,16.9067,80.9937,1.1929,,
DATA,A002,2,291,647111,-0.7496,0.2464,0.0387,-10.9253,20.4468,95.3369,0.7900,,
DATA,A002,2,292,647121,-0.5760,0.0735,0.0319,-17.0898,22.0947,104.3701,0.5816,,
DATA,A002,2,293,647131,-0.3873,-0.1559,0.0450,-11.7798,26.2451,106.9946,0.4200,,
DATA,A002,2,294,647141,-0.2984,-0.2695,0.0624,0.1221,30.0293,104.6143,0.4069,,
DATA,A002,2,295,647151,-0.2306,-0.3474,0.0790,21.3623,29.9072,94.9707,0.4243,,
DATA,A002,2,296,647161,-0.1603,-0.3596,0.1166,33.0200,30.0293,80.6274,0.4106,,
DATA,A002,2,297,647171,-0.1202,-0.3320,0.1932,39.2456,25.8789,61.8286,0.4025,,
DATA,A002,2,298,647181,-0.0741,-0.3046,0.2037,34.2407,21.0571,53.2227,0.3739,,
DATA,A002,2,299,647191,-0.0318,-0.3220,0.1671,19.7144,15.0146,39.4897,0.3641,,
DATA,A002,2,300,647201,-0.0340,-0.3637,0.1095,12.0239,8.4229,31.8604,0.3814,,
DATA,A002,2,301,647211,-0.0157,-0.4260,0.0497,15.5029,-0.6714,23.6206,0.4291,,
DATA,A002,2,302,647221,-0.0455,-0.4579,0.0394,25.7568,-4.5166,18.3716,0.4619,,
DATA,A002,2,303,647231,-0.0790,-0.4245,0.0192,46.0815,-11.7188,15.6860,0.4322,,
DATA,A002,2,304,647241,-0.1146,-0.3989,0.0218,54.9316,-15.0146,11.4746,0.4156,,
DATA,A002,2,305,647251,-0.1202,-0.3864,0.0294,61.4624,-12.0850,5.2490,0.4058,,
DATA,A002,2,306,647261,-0.1688,-0.4084,0.0929,72.5098,-0.4883,-2.7466,0.4516,,
DATA,A002,2,307,647271,-0.3028,-0.4064,0.1669,81.6650,2.6245,-9.1553,0.5336,,
DATA,A002,2,308,647281,-0.2660,-0.4194,0.1398,88.6230,3.4790,-22.3999,0.5159,,
DATA,A002,2,309,647291,-0.2552,-0.4338,0.1893,107.7881,7.6904,-26.3672,0.5377,,
DATA,A002,2,310,647301,-0.3900,-0.3373,0.2013,126.8921,16.8457,-40.0391,0.5535,,
DATA,A002,2,311,647311,-0.5030,-0.2548,0.1874,129.2725,10.8643,-43.7622,0.5942,,
DATA,A002,2,312,647321,-0.5809,-0.1953,0.1268,134.0332,-17.2119,-28.5645,0.6258,,
DATA,A002,2,313,647331,-0.6105,-0.1555,0.0704,155.8228,-34.1797,-11.2305,0.6339,,
DATA,A002,2,314,647341,-0.7040,0.0189,0.0978,145.4468,-53.9551,-66.6504,0.7110,,
DATA,A002,2,315,647351,-0.7164,0.0909,0.0648,118.5303,-75.8057,-78.8574,0.7251,,
DATA,A002,2,316,647361,-0.8424,0.0833,0.0245,98.9990,-114.9902,-54.3213,0.8469,,
DATA,A002,2,317,647371,-0.9054,0.1175,-0.0475,112.0605,-129.9438,-68.0542,0.9142,,
DATA,A002,2,318,647381,-0.9215,0.2869,-0.0407,114.3799,-133.2397,-105.0415,0.9660,,
DATA,A002,2,319,647391,-1.0675,0.4568,-0.0407,100.2197,-122.9248,-114.0137,1.1619,,
DATA,A002,2,320,647401,-1.6703,0.6448,-0.1268,69.3359,-96.8628,-135.4980,1.7949,,
DATA,A002,2,321,647411,-1.7206,0.8580,-0.0204,65.6128,-69.2749,-151.7334,1.9227,,
DATA,A002,2,322,647421,-2.6778,1.1834,0.0663,-26.9775,-69.2139,-199.5850,2.9284,,
DATA,A002,2,323,647431,-2.7257,1.2986,0.0441,69.2749,-96.8018,-86.7310,3.0196,,
DATA,A002,2,324,647441,-2.5201,1.9468,-0.0355,165.6494,-84.2285,-58.6548,3.1847,,
DATA,A002,2,325,647451,-2.6849,2.2493,-0.0734,120.1782,-66.4673,-45.8374,3.5034,,
DATA,A002,2,326,647461,-2.8302,2.1907,-0.1935,23.5596,-6.2256,-23.1323,3.5842,,
DATA,A002,2,327,647471,-2.6737,1.9730,-0.2460,-1.2207,43.2129,-9.5825,3.3319,,
DATA,A002,2,328,647481,-2.5531,1.6138,-0.2528,-5.6152,105.7739,11.3525,3.0309,,
DATA,A002,2,329,647491,-2.5519,1.4251,-0.2355,-6.7749,130.1270,19.8364,2.9323,,
DATA,A002,2,330,647501,-2.4000,1.2391,-0.2321,-1.3428,158.9355,26.4893,2.7109,,
DATA,A002,2,331,647511,-2.2601,1.1595,-0.1945,7.3242,167.1753,31.2500,2.5476,,
DATA,A002,2,332,647521,-1.9254,1.0330,-0.0971,16.6626,146.1792,41.8091,2.1872,,
DATA,A002,2,333,647531,-1.5826,0.9124,-0.0448,12.2681,119.4458,49.7437,1.8274,,
DATA,A002,2,334,647541,-1.0690,0.6685,0.0494,-3.2959,72.0825,64.0869,1.2618,,
DATA,A002,2,335,647551,-0.7745,0.4861,0.0924,-14.7705,33.3862,68.3594,0.9191,,
DATA,A002,2,336,647561,-0.3712,0.1963,0.0944,-23.3154,-13.4888,59.0210,0.4304,,
DATA,A002,2,337,647571,-0.1368,0.0218,0.1151,-19.8364,-34.3628,43.2739,0.1801,,
DATA,A002,2,338,647581,0.0419,-0.1054,0.1427,-10.8643,-48.7671,24.9634,0.1823,,
DATA,A002,2,339,647591,0.2736,-0.2221,0.1727,3.1128,-52.3071,3.6621,0.3924,,
DATA,A002,2,340,647601,0.3998,-0.2785,0.1835,8.6670,-45.5322,-2.8076,0.5206,,
DATA,A002,2,341,647611,0.4547,-0.3142,0.2089,10.6812,-34.1797,-4.5776,0.5908,,
DATA,A002,2,342,647621,0.4738,-0.3642,0.1998,9.2163,-5.6152,-2.8076,0.6301,,
DATA,A002,2,343,647631,0.4047,-0.4016,0.2145,13.1226,11.0474,-2.8076,0.6091,,
DATA,A002,2,344,647641,0.3324,-0.4055,0.2223,18.6157,23.8037,-0.1831,0.5695,,
DATA,A002,2,345,647651,0.2433,-0.3410,0.2081,22.2778,32.5317,6.5918,0.4678,,
DATA,A002,2,346,647661,0.1720,-0.2624,0.1815,19.7144,34.9121,10.7422,0.3625,,
DATA,A002,2,347,647671,0.0949,-0.1577,0.1188,13.0005,34.3628,21.1182,0.2190,,
DATA,A002,2,348,647681,0.0744,-0.1057,0.0455,8.0566,38.1470,26.8555,0.1370,,
DATA,A002,2,349,647691,0.0077,-0.0727,0.0030,6.2256,45.5933,30.2124,0.0732,,
DATA,A002,2,350,647701,-0.0543,-0.0537,-0.0011,7.2021,48.8281,31.7383,0.0763,,
DATA,A002,2,351,647711,-0.1278,-0.0331,0.0140,10.8643,46.8140,38.5132,0.1328,,
DATA,A002,2,352,647721,-0.1505,-0.0195,0.0316,8.9111,46.4478,29.2358,0.1550,,
DATA,A002,2,353,647731,-0.1881,-0.0153,0.0868,3.1128,44.3726,18.8599,0.2077,,
DATA,A002,2,354,647741,-0.2076,-0.0349,0.1229,-3.7231,42.0532,9.5825,0.2438,,
DATA,A002,2,355,647751,-0.2098,-0.0751,0.1735,-9.9487,41.8091,-5.2490,0.2824,,
DATA,A002,2,356,647761,-0.1925,-0.0937,0.1752,-12.2070,49.0112,-16.8457,0.2766,,
DATA,A002,2,357,647771,-0.2140,-0.0895,0.1818,-13.7939,60.1196,-31.7993,0.2947,,
DATA,A002,2,358,647781,-0.2438,-0.0688,0.1798,-13.6719,63.8428,-34.9731,0.3106,,
DATA,A002,2,359,647791,-0.2963,-0.0266,0.1527,-15.5029,63.1714,-41.7480,0.3343,,
DATA,A002,2,360,647801,-0.3155,-0.0031,0.0944,-16.5405,64.0259,-44.2505,0.3294,,
DATA,A002,2,361,647811,-0.4222,0.0247,0.0572,-13.9160,59.4482,-43.8843,0.4268,,
DATA,A002,2,362,647821,-0.4230,0.0362,-0.0221,-16.4795,70.9839,-55.1147,0.4251,,
DATA,A002,2,363,647831,-0.6153,0.0289,0.0040,-13.7939,79.6509,-49.4995,0.6160,,
DATA,A002,2,364,647841,-0.8085,0.0589,-0.0202,-9.7046,75.8667,-48.5229,0.8109,,
DATA,A002,2,365,647851,-1.0831,0.0765,-0.1412,-3.2349,78.3691,-58.8379,1.0950,,
DATA,A002,2,366,647861,-1.4652,0.1177,-0.1320,8.9722,57.1899,-51.8188,1.4758,,
DATA,A002,2,367,647871,-2.1969,0.3348,-0.1022,28.7476,30.3345,-41.7480,2.2246,,
DATA,A002,2,368,647881,-2.6476,0.5975,0.0345,37.9639,15.0757,-45.2881,2.7144,,
DATA,A002,2,369,647891,-3.1005,1.1297,0.0643,43.0908,-37.9028,-22.5830,3.3005,,
DATA,A002,2,370,647901,-3.3421,1.4488,-0.2301,38.1470,-93.9941,2.9907,3.6499,,
DATA,A002,2,371,647911,-3.6720,1.9117,-0.5138,27.8320,-110.9619,11.9629,4.1716,,
DATA,A002,2,372,647921,-3.7843,2.2254,-0.5905,15.4419,-70.6177,6.2866,4.4297,,
DATA,A002,2,373,647931,-3.6149,2.4578,-0.5697,14.8926,-24.5972,16.9067,4.4082,,
DATA,A002,2,374,647941,-3.1756,2.4329,-0.2560,18.3105,14.4653,34.2407,4.0087,,
DATA,A002,2,375,647951,-2.8016,1.9268,-0.1288,-0.5493,36.4990,38.5132,3.4027,,
DATA,A002,2,376,647961,-2.3973,1.0130,0.0367,-2.5635,115.9668,21.7285,2.6028,,
DATA,A002,2,377,647971,-2.4081,0.5775,0.1139,17.7002,142.0288,8.4839,2.4790,,
DATA,A002,2,378,647981,-2.3021,0.2552,0.0470,54.3823,141.7236,-6.1035,2.3167,,
DATA,A002,2,379,647991,-2.2450,0.2054,0.1610,69.1528,96.4355,-31.6162,2.2601,,
DATA,A002,2,380,648001,-1.6041,0.0628,-0.0138,68.6035,-12.8784,-5.9814,1.6054,,
DATA,A002,2,381,648011,-1.0790,0.0552,-0.0475,62.7441,-53.8330,-31.2500,1.0814,,
DATA,A002,2,382,648021,-0.5834,0.0264,0.0018,103.7598,-140.0146,84.7168,0.5840,,
DATA,A002,2,383,648031,-0.3026,0.0003,0.0951,115.4175,-184.2041,95.0317,0.3172,,
DATA,A002,2,384,648041,0.1259,-0.1816,0.0279,80.2002,-163.7573,43.7012,0.2227,,
DATA,A002,2,385,648051,0.3068,-0.3413,-0.0206,66.2231,-157.0435,37.9028,0.4593,,
DATA,A002,2,386,648061,0.4589,-0.4897,-0.0831,79.7729,-127.1362,28.5645,0.6762,,
DATA,A002,2,387,648071,0.5170,-0.4999,-0.0958,98.8159,-102.4170,15.5029,0.7255,,
DATA,A002,2,388,648081,0.5329,-0.3913,-0.0700,116.2109,-68.2983,6.7749,0.6648,,
DATA,A002,2,389,648091,0.4987,-0.3061,-0.0582,112.8540,-40.9546,8.3008,0.5880,,
DATA,A002,2,390,648101,0.2836,-0.2119,-0.0092,89.4165,-26.3062,-7.2021,0.3541,,
DATA,A002,2,391,648111,0.2433,-0.2075,-0.0551,80.5054,-18.9819,2.5635,0.3244,,
DATA,A002,2,392,648121,0.2064,-0.2424,-0.1115,87.8906,-4.0894,8.9111,0.3373,,
DATA,A002,2,393,648131,0.0902,-0.2424,-0.0792,98.9380,2.6245,8.1177,0.2705,,
DATA,A002,2,394,648141,-0.0377,-0.1933,-0.0707,109.7412,2.9907,10.6812,0.2092,,
DATA,A002,2,395,648151,-0.0687,-0.1513,-0.0631,113.9526,2.8687,10.9863,0.1778,,
DATA,A002,2,396,648161,-0.1913,-0.0683,-0.0011,118.7744,-6.5308,9.1553,0.2031,,
DATA,A002,2,397,648171,-0.2401,-0.0102,-0.0043,117.7979,-14.2822,5.1880,0.2404,,
DATA,A002,2,398,648181,-0.2860,0.0320,0.0289,111.1450,-30.8838,-5.7373,0.2892,,
DATA,A002,2,399,648191,-0.3114,0.0491,0.0563,104.6753,-48.3398,-12.3291,0.3202,,
DATA,A002,2,400,648201,-0.2589,0.0325,0.0399,93.0176,-69.2749,-23.7427,0.2640,,
DATA,A002,2,401,648211,-0.2372,0.0047,0.0323,87.4023,-78.4302,-31.2500,0.2394,,
DATA,A002,2,402,648221,-0.2252,-0.0244,-0.0109,84.0454,-79.7729,-40.7104,0.2268,,
DATA,A002,2,403,648231,-0.2184,-0.0366,-0.0429,86.7920,-73.1201,-47.9126,0.2255,,
DATA,A002,2,404,648241,-0.3046,-0.0212,-0.0668,95.9473,-63.0493,-53.9551,0.3125,,
DATA,A002,2,405,648251,-0.3973,0.0106,-0.0868,101.9287,-57.3730,-57.4951,0.4068,,
DATA,A002,2,406,648261,-0.6026,0.0772,-0.1146,108.2153,-51.4526,-66.8945,0.6183,,
DATA,A002,2,407,648271,-0.8126,0.1326,-0.1691,110.7178,-49.3774,-74.5850,0.8405,,
DATA,A002,2,408,648281,-1.0797,0.2022,-0.2477,113.9526,-37.7197,-83.4961,1.1260,,
DATA,A002,2,409,648291,-1.5414,0.3235,-0.3109,126.5869,-27.1606,-93.0176,1.6054,,
DATA,A002,2,410,648301,-1.9303,0.4737,-0.3407,138.6719,-26.5503,-85.7544,2.0165,,
DATA,A002,2,411,648311,-2.5084,0.7945,-0.2980,156.3110,-50.5981,-71.8994,2.6480,,
DATA,A002,2,412,648321,-2.7980,1.0193,-0.2728,160.3394,-88.4399,-59.0210,2.9903,,
DATA,A002,2,413,648331,-3.0953,1.2486,-0.4428,155.8228,-151.1841,-29.9683,3.3669,,
DATA,A002,2,414,648341,-3.1752,1.3970,-0.5490,155.9448,-153.2593,-16.3574,3.5121,,
DATA,A002,2,415,648351,-3.2128,1.7720,-0.6759,165.8936,-102.4170,12.0239,3.7308,,
DATA,A002,2,416,648361,-3.2381,2.0660,-0.7228,171.5088,-65.9790,30.3345,3.9085,,
DATA,A002,2,417,648371,-3.1468,2.1282,-0.6051,158.4473,-16.2964,48.8892,3.8468,,
DATA,A002,2,418,648381,-2.9217,1.8321,-0.4320,143.4326,-10.0708,53.8940,3.4756,,
DATA,A002,2,419,648391,-2.5025,1.3423,-0.1896,143.1885,-20.0195,46.2036,2.8462,,
DATA,A002,2,420,648401,-2.2826,1.1561,-0.0599,157.1655,-35.0342,39.3677,2.5593,,
DATA,A002,2,421,648411,-1.8988,1.0391,0.1105,174.3774,-65.4907,33.1421,2.1673,,
DATA,A002,2,422,648421,-1.5724,1.0030,0.1717,173.2178,-85.0220,32.9590,1.8729,,
DATA,A002,2,423,648431,-1.0360,0.8870,0.1818,154.9072,-118.2861,32.5317,1.3759,,
DATA,A002,2,424,648441,-0.6205,0.7557,0.1590,140.6250,-136.9019,31.7383,0.9906,,
DATA,A002,2,425,648451,0.0055,0.4803,0.1263,127.1362,-146.6064,26.8555,0.4967,,
DATA,A002,2,426,648461,0.2929,0.2569,0.1532,125.4272,-134.8877,19.5923,0.4186,,
DATA,A002,2,427,648471,0.5177,-0.0834,0.2543,137.6953,-81.9092,0.3052,0.5828,,
DATA,A002,2,428,648481,0.5534,-0.2800,0.3558,154.2358,-38.2080,-11.4136,0.7150,,
DATA,A002,2,429,648491,0.4376,-0.4628,0.4969,187.9883,8.4229,-11.5356,0.8079,,
DATA,A002,2,430,648501,0.3436,-0.4787,0.5699,208.1299,24.5361,-7.7515,0.8198,,
DATA,A002,2,431,648511,0.2057,-0.3911,0.5760,217.4072,25.5737,-1.7090,0.7260,,
DATA,A002,2,432,648521,0.1317,-0.3251,0.4901,202.5146,12.6343,4.5776,0.6027,,
DATA,A002,2,433,648531,0.1044,-0.3237,0.2967,166.3818,-7.6904,14.7095,0.4513,,
DATA,A002,2,434,648541,0.0910,-0.3596,0.1205,146.3013,-13.9160,21.4233,0.3900,,
DATA,A002,2,435,648551,-0.0458,-0.4225,-0.1613,133.4839,-17.7612,28.7476,0.4546,,
DATA,A002,2,436,648561,-0.1874,-0.4675,-0.3092,139.4653,-23.0713,34.8511,0.5910,,
DATA,A002,2,437,648571,-0.4186,-0.5053,-0.3851,167.9077,-41.3208,33.4473,0.7608,,
DATA,A002,2,438,648581,-0.5340,-0.4758,-0.3651,190.3687,-60.4248,28.3813,0.8030,,
DATA,A002,2,439,648591,-0.6446,-0.3867,-0.3031,204.4678,-95.1538,19.2261,0.8105,,
DATA,A002,2,440,648601,-0.6207,-0.3788,-0.2611,197.8149,-120.3003,7.2021,0.7727,,
DATA,A002,2,441,648611,-0.5397,-0.4204,-0.2308,184.2651,-141.9067,-7.8735,0.7220,,
DATA,A002,2,442,648621,-0.4144,-0.5217,-0.2311,170.7153,-156.8604,-30.0293,0.7052,,
DATA,A002,2,443,648631,-0.3395,-0.5768,-0.2623,171.2646,-150.7568,-43.4570,0.7189,,
DATA,A002,2,444,648641,-0.3526,-0.5751,-0.3180,180.9692,-125.3052,-59.5703,0.7458,,
DATA,A002,2,445,648651,-0.4264,-0.5073,-0.3622,187.6221,-105.8960,-69.9463,0.7552,,
DATA,A002,2,446,648661,-0.5638,-0.3683,-0.4279,194.0308,-84.5947,-85.3271,0.7979,,
DATA,A002,2,447,648671,-0.6417,-0.2590,-0.4650,197.8760,-78.3691,-96.1304,0.8337,,
DATA,A002,2,448,648681,-0.7618,-0.0913,-0.5009,202.9419,-79.7729,-111.8164,0.9163,,
DATA,A002,2,449,648691,-0.8412,0.0179,-0.4974,203.8574,-84.3506,-121.8872,0.9774,,
DATA,A002,2,450,648701,-1.0167,0.1741,-0.5473,199.2798,-94.3604,-138.3057,1.1677,,
DATA,A002,2,451,648711,-1.1637,0.2391,-0.5521,192.8101,-102.7832,-150.0244,1.3100,,
DATA,A002,2,452,648721,-1.3688,0.2972,-0.4899,182.4341,-110.6567,-169.8608,1.4838,,
DATA,A002,2,453,648731,-1.5109,0.3304,-0.4689,174.4385,-116.3940,-183.5327,1.6161,,
DATA,A002,2,454,648741,-1.7433,0.4131,-0.4777,167.5415,-121.4600,-205.7495,1.8541,,
DATA,A002,2,455,648751,-1.9361,0.4996,-0.4764,169.4946,-119.5679,-221.1914,2.0555,,
DATA,A002,2,456,648761,-2.3609,0.7215,-0.5416,175.0488,-116.0278,-242.7368,2.5274,,
DATA,A002,2,457,648771,-2.6493,0.9122,-0.5599,183.9600,-113.0981,-254.0894,2.8573,,
DATA,A002,2,458,648781,-2.8483,1.2342,-0.5038,200.5005,-113.8916,-257.3242,3.1448,,
DATA,A002,2,459,648791,-2.8502,1.4305,-0.4669,204.2236,-116.3330,-245.7886,3.2230,,
DATA,A002,2,460,648801,-2.7965,1.5721,-0.4181,187.2559,-104.9194,-211.4868,3.2352,,
DATA,A002,2,461,648811,-2.7396,1.5794,-0.4176,172.2412,-71.7773,-180.9692,3.1897,,
DATA,A002,2,462,648821,-2.7413,1.6150,-0.5289,162.3535,-10.4980,-126.5869,3.2254,,
DATA,A002,2,463,648831,-2.7765,1.6465,-0.6112,163.2080,27.6489,-88.8062,3.2853,,
DATA,A002,2,464,648841,-2.7897,1.5704,-0.5416,164.4287,71.5942,-36.1328,3.2468,,
DATA,A002,2,465,648851,-2.7225,1.4886,-0.4159,169.9219,82.1533,-11.5967,3.1307,,
DATA,A002,2,466,648861,-2.5841,1.4964,-0.1212,191.5283,70.8618,19.7754,2.9886,,
DATA,A002,2,467,648871,-2.4830,1.6099,0.1654,202.2705,41.1987,35.9497,2.9639,,
DATA,A002,2,468,648881,-2.2284,1.7400,0.4991,184.3872,-42.8467,52.0630,2.8710,,
DATA,A002,2,469,648891,-1.8995,1.6544,0.5980,152.2217,-117.5537,55.1147,2.5890,,
DATA,A002,2,470,648901,-1.1417,1.2964,0.6014,98.5107,-217.0410,48.7671,1.8292,,
DATA,A002,2,471,648911,-0.5218,1.0211,0.5094,68.4204,-258.7891,37.2925,1.2547,,
DATA,A002,2,472,648921,0.3834,0.5740,0.3400,32.7148,-268.0664,-5.3101,0.7695,,
DATA,A002,2,473,648931,0.7660,0.2667,0.2745,19.0430,-226.9287,-36.7432,0.8563,,
DATA,A002,2,474,648941,0.9935,-0.1474,0.2269,13.3057,-110.7178,-49.3164,1.0297,,
DATA,A002,2,475,648951,1.0038,-0.3725,0.1598,20.6909,-28.1982,-45.2271,1.0825,,
DATA,A002,2,476,648961,0.9203,-0.5356,0.0658,37.9028,45.1050,-39.6729,1.0668,,
DATA,A002,2,477,648971,0.6586,-0.5839,-0.0836,77.5146,102.6001,-18.8599,0.8841,,
DATA,A002,2,478,648981,0.4955,-0.5185,-0.1481,105.0415,111.2061,1.4038,0.7323,,
DATA,A002,2,479,648991,0.3456,-0.3461,-0.0958,138.1836,94.4824,22.5220,0.4984,,
DATA,A002,2,480,649001,0.2687,-0.2209,-0.0338,145.8740,70.9839,32.2266,0.3495,,
DATA,A002,2,481,649011,0.1823,-0.1093,0.0074,131.3477,32.0435,45.8984,0.2127,,
DATA,A002,2,482,649021,0.1000,-0.1218,0.0126,115.3564,7.9346,51.7578,0.1581,,
DATA,A002,2,483,649031,-0.0099,-0.2311,0.0055,101.3184,-23.2544,54.8706,0.2314,,
DATA,A002,2,484,649041,-0.0716,-0.3088,0.0021,105.1636,-39.9170,55.0537,0.3170,,
DATA,A002,2,485,649051,-0.1490,-0.3652,0.0152,121.6431,-66.8335,54.0161,0.3947,,
DATA,A002,2,486,649061,-0.1866,-0.3710,0.0389,131.5308,-88.6230,51.6357,0.4172,,
DATA,A002,2,487,649071,-0.2284,-0.3632,0.0660,141.4795,-125.2441,45.0439,0.4341,,
DATA,A002,2,488,649081,-0.2401,-0.3566,0.0812,146.6064,-148.0103,38.0249,0.4375,,
DATA,A002,2,489,649091,-0.2340,-0.3459,0.1185,154.7852,-170.1660,21.7285,0.4341,,
DATA,A002,2,490,649101,-0.2494,-0.3268,0.1185,160.5225,-169.8608,8.7280,0.4279,,
DATA,A002,2,491,649111,-0.3734,-0.2875,0.0819,169.7388,-149.5972,-11.7798,0.4783,,
DATA,A002,2,492,649121,-0.5401,-0.2609,0.0279,178.4668,-136.2305,-23.6816,0.6005,,
DATA,A002,2,493,649131,-0.8375,-0.2536,0.0023,189.3921,-134.8877,-42.4805,0.8751,,
DATA,A002,2,494,649141,-0.9820,-0.2163,0.0414,197.3877,-153.9307,-60.1196,1.0064,,
DATA,A002,2,495,649151,-1.1036,-0.1032,0.0834,203.4302,-214.4165,-87.0972,1.1116,,
DATA,A002,2,496,649161,-1.1337,-0.0131,0.1061,200.7446,-269.7144,-104.0649,1.1387,,
DATA,A002,2,497,649171,-1.2596,0.1421,0.1202,191.8335,-352.1729,-138.9160,1.2733,,
DATA,A002,2,498,649181,-1.4144,0.2391,0.1244,187.9883,-394.5923,-171.0205,1.4399,,
DATA,A002,2,499,649191,-1.5990,0.3958,0.2101,189.1479,-431.3965,-225.0366,1.6606,,
DATA,A002,2,500,649201,-1.6864,0.5206,0.3776,190.5518,-451.9653,-251.5259,1.8048,,
DATA,A002,2,501,649211,-1.6688,0.7752,0.5807,190.5518,-483.4595,-276.0620,1.9295,,
DATA,A002,2,502,649221,-1.4986,0.9578,0.7103,192.3828,-501.0986,-285.7056,1.9152,,
DATA,A002,2,503,649231,-1.1212,1.2537,0.8133,189.6362,-508.3008,-292.6636,1.8683,,
DATA,A002,2,504,649241,-0.9154,1.3106,0.8973,181.3965,-488.6475,-287.5366,1.8333,,
DATA,A002,2,505,649251,-0.7767,1.2923,1.3453,172.3633,-407.5928,-281.9824,2.0207,,
DATA,A002,2,506,649261,-0.8226,1.3292,1.6505,167.2974,-338.8672,-269.3481,2.2732,,
DATA,A002,2,507,649271,-1.1937,1.6380,2.0712,163.0859,-254.6997,-238.0981,2.8979,,
DATA,A002,2,508,649281,-1.3009,1.8275,2.0467,159.7290,-211.6699,-231.1401,3.0366,,
DATA,A002,2,509,649291,-1.1988,1.8218,1.9264,155.0293,-185.4248,-225.2197,2.9099,,
DATA,A002,2,510,649301,-0.8868,1.5186,1.7333,138.1836,-159.6680,-216.3696,2.4692,,
DATA,A002,2,511,649311,-0.6468,1.3511,1.5538,123.1689,-135.7422,-219.3604,2.1583,,
DATA,A002,2,512,649321,-0.3133,1.1722,1.2147,99.1821,-85.0830,-220.0928,1.7169,,
DATA,A002,2,513,649331,-0.1693,1.0528,0.9999,87.4023,-54.1382,-214.4775,1.4618,,
DATA,A002,2,514,649341,0.0316,0.8658,0.7425,80.0781,-22.7051,-206.2988,1.1410,,
DATA,A002,2,515,649351,0.1078,0.7584,0.6678,79.3457,-14.1602,-203.4302,1.0162,,
DATA,A002,2,516,649361,0.1461,0.6502,0.6473,74.4019,-11.3525,-203.4302,0.9291,,
DATA,A002,2,517,649371,0.1317,0.5855,0.6507,66.5283,-10.1318,-202.9419,0.8852,,
DATA,A002,2,518,649381,0.0543,0.4947,0.6776,53.1006,-11.4136,-199.2188,0.8407,,
DATA,A002,2,519,649391,-0.0008,0.4432,0.6818,45.4102,-15.0757,-195.1294,0.8131,,
DATA,A002,2,520,649401,-0.0104,0.4305,0.6117,34.8511,-28.4424,-186.4624,0.7480,,
DATA,A002,2,521,649411,-0.0746,0.4898,0.5192,29.2969,-39.5508,-184.5703,0.7176,,
DATA,A002,2,522,649421,-0.2020,0.2962,0.6422,27.5879,-88.8062,-197.5098,0.7355,,
DATA,A002,2,523,649431,-0.0521,0.3096,0.7225,26.5503,-110.9619,-171.3257,0.7878,,
DATA,A002,2,524,649441,-0.0614,0.3780,0.7118,16.6626,-118.2861,-148.8037,0.8083,,
DATA,A002,2,525,649451,0.0143,0.4385,0.7162,11.7188,-110.3516,-152.7710,0.8399,,
DATA,A002,2,526,649461,-0.1180,0.6202,0.7775,49.6826,-62.3779,-157.2876,1.0015,,
DATA,A002,2,527,649471,-0.0323,0.2545,0.5770,-20.9351,-97.7173,-142.0898,0.6315,,
DATA,A002,2,528,649481,-0.1463,0.2349,0.5780,-28.8086,-81.9702,-148.2544,0.6408,,
DATA,A002,2,529,649491,-0.1710,0.2830,0.5760,-25.8789,-80.2612,-138.1226,0.6642,,
DATA,A002,2,530,649501,-0.1315,0.3604,0.6053,-17.6392,-76.3550,-117.4316,0.7167,,
DATA,A002,2,531,649511,-0.1297,0.3995,0.6388,-19.8364,-71.1060,-109.1309,0.7645,,
DATA,A002,2,532,649521,-0.1410,0.3707,0.6490,-31.4941,-64.2700,-107.8491,0.7606,,
DATA,A002,2,533,649531,-0.1109,0.3467,0.6634,-37.0483,-60.1196,-108.0322,0.7568,,
DATA,A002,2,534,649541,-0.1461,0.3990,0.7071,-44.7998,-54.2603,-103.7598,0.8250,,
DATA,A002,2,535,649551,-0.1932,0.4112,0.7389,-54.9316,-53.6499,-108.2764,0.8674,,
DATA,A002,2,536,649561,-0.0751,0.4434,0.8307,-72.2656,-64.6362,-113.4644,0.9446,,
DATA,A002,2,537,649571,-0.0287,0.4244,0.8036,-87.1582,-55.5420,-100.2197,0.9092,,
DATA,A002,2,538,649581,0.0294,0.1319,0.8680,-90.3320,-30.2124,-103.9429,0.8785,,
DATA,A002,2,539,649591,-0.1339,0.5059,0.9371,-73.6694,-2.7466,-104.3701,1.0734,,
DATA,A002,2,540,649601,-0.2142,0.0679,0.9764,-47.0581,10.3149,-122.4976,1.0020,,
DATA,A002,2,541,649611,-0.2008,0.2249,1.0665,-26.9775,5.0049,-117.4927,1.1083,,
DATA,A002,2,542,649621,-0.2814,0.2845,1.1300,-15.7471,-7.6294,-95.0928,1.1987,,
DATA,A002,2,543,649631,-0.3395,0.2391,1.1666,-12.2681,-20.1416,-91.3696,1.2383,,
DATA,A002,2,544,649641,-0.3846,0.2742,1.2911,-8.1177,-30.6396,-88.5620,1.3748,,
DATA,A002,2,545,649651,-0.3473,0.1968,1.3778,-8.3618,-37.1094,-80.7495,1.4345,,
DATA,A002,2,546,649661,-0.2738,0.2552,1.4139,2.5024,-16.0522,-79.3457,1.4626,,
DATA,A002,2,547,649671,-0.2728,0.1861,1.3385,6.5308,3.1738,-80.3833,1.3786,,
DATA,A002,2,548,649681,-0.2836,0.1216,1.2137,11.7798,16.7236,-81.9092,1.2523,,
DATA,A002,2,549,649691,-0.3468,0.2249,1.0968,10.8032,25.3296,-95.8862,1.1721,,
DATA,A002,2,550,649701,-0.4510,0.4024,1.1197,2.7466,30.2124,-88.4399,1.2725,,
DATA,A002,2,551,649711,-0.4486,0.2100,0.9342,16.0522,2.0142,-101.8677,1.0574,,
DATA,A002,2,552,649721,-0.4247,0.1924,0.9073,10.6812,-22.5830,-99.6094,1.0201,,
DATA,A002,2,553,649731,-0.2740,0.0679,0.8944,3.7842,-45.1050,-95.0317,0.9379,,
DATA,A002,2,554,649741,-0.1688,0.0391,0.8719,1.1597,-51.3916,-97.7783,0.8890,,
DATA,A002,2,555,649751,-0.1747,0.0938,0.9017,-5.1270,-63.9648,-98.0835,0.9233,,
DATA,A002,2,556,649761,-0.2486,0.0635,0.9447,-12.9395,-75.1953,-103.7598,0.9789,,
DATA,A002,2,557,649771,-0.0909,0.0684,1.0035,-22.1558,-86.9141,-99.7314,1.0100,,
DATA,A002,2,558,649781,-0.0460,-0.0319,1.0292,-27.7100,-76.1719,-95.7031,1.0307,,
DATA,A002,2,559,649791,0.1234,-0.1406,1.0038,-27.0996,-42.1143,-98.9380,1.0211,,
DATA,A002,2,560,649801,0.1796,-0.2079,1.0069,-24.0479,-14.1602,-96.1304,1.0438,,
DATA,A002,2,561,649811,0.0265,-0.1918,1.0104,-15.5640,23.8647,-108.4595,1.0288,,
DATA,A002,2,562,649821,-0.0218,-0.1721,0.9911,-11.4136,38.9404,-113.1592,1.0061,,
DATA,A002,2,563,649831,-0.0118,-0.1367,0.9830,-0.1831,58.0444,-114.9292,0.9925,,
DATA,A002,2,564,649841,-0.1251,-0.1288,0.9955,2.1362,67.9932,-121.0327,1.0115,,
DATA,A002,2,565,649851,-0.0340,-0.2226,1.0292,8.6670,69.7632,-114.4409,1.0535,,
DATA,A002,2,566,649861,-0.0477,-0.1911,1.0309,13.7939,72.5098,-110.5957,1.0495,,
DATA,A002,2,567,649871,-0.2672,-0.0751,1.1410,15.6860,77.7588,-126.8311,1.1743,,
DATA,A002,2,568,649881,-0.2535,0.0137,1.0394,17.5171,70.6177,-120.6665,1.0700,,
DATA,A002,2,569,649891,-0.3590,-0.0458,1.0423,9.5215,43.8843,-109.4971,1.1034,,
DATA,A002,2,570,649901,-0.2611,-0.0947,0.9923,10.2539,24.8413,-102.2949,1.0304,,
DATA,A002,2,571,649911,-0.0602,-0.1098,0.9957,11.6577,24.1089,-94.3604,1.0036,,
DATA,A002,2,572,649921,-0.1039,-0.0764,0.9952,14.1602,30.9448,-97.7173,1.0035,,
DATA,A002,2,573,649931,-0.1739,-0.0234,0.9759,18.7988,31.3110,-103.8208,0.9916,,
DATA,A002,2,574,649941,-0.1859,0.0150,1.0035,19.2871,20.3857,-103.1494,1.0207,,
DATA,A002,2,575,649951,-0.1817,0.0140,1.0465,15.4419,10.9863,-97.9004,1.0623,,
DATA,A002,2,576,649961,-0.1954,0.0196,1.0760,14.0991,6.0425,-96.3745,1.0938,,
DATA,A002,2,577,649971,-0.1959,-0.0148,1.1024,11.1084,-3.4790,-92.7734,1.1198,,
DATA,A002,2,578,649981,-0.1864,-0.0407,1.0944,10.6812,-4.3335,-93.9941,1.1109,,
DATA,A002,2,579,649991,-0.1720,-0.0580,1.0760,12.6343,-5.7983,-93.3838,1.0912,,
EVENT,A002,2,,649997,,,,,,,,STOP,579
EVENT,A002,3,,653244,,,,,,,,START,
DATA,A002,3,1,653267,0.0582,0.1612,0.9742,11.3525,30.4565,-8.6060,0.9892,,
DATA,A002,3,2,653277,0.0316,0.1275,0.9706,13.3057,24.5972,-1.7700,0.9794,,
DATA,A002,3,3,653287,-0.0270,0.0943,0.9440,20.6909,18.0664,1.8311,0.9490,,
DATA,A002,3,4,653297,-0.0094,0.1072,0.9305,25.8789,14.8315,4.2725,0.9367,,
DATA,A002,3,5,653307,-0.0243,0.1026,0.8949,34.6069,13.1836,7.6904,0.9011,,
DATA,A002,3,6,653317,-0.0033,0.1600,0.8885,39.8560,13.3057,7.8735,0.9028,,
DATA,A002,3,7,653327,0.0028,0.2051,0.9025,41.8701,14.4043,9.1553,0.9255,,
DATA,A002,3,8,653337,0.0336,0.2247,0.9012,42.9688,17.5781,12.0239,0.9294,,
DATA,A002,3,9,653347,0.0958,0.2435,0.9037,44.1284,29.1748,18.5547,0.9408,,
DATA,A002,3,10,653357,0.1234,0.2298,0.9010,44.8608,39.8560,22.8882,0.9380,,
DATA,A002,3,11,653367,0.0162,0.1504,0.8817,56.0303,55.1147,20.6909,0.8946,,
DATA,A002,3,12,653377,-0.0130,0.1949,0.8468,64.4531,61.4624,16.0522,0.8690,,
DATA,A002,3,13,653387,0.0067,0.2361,0.8336,68.7256,62.5610,18.5547,0.8664,,
DATA,A002,3,14,653397,0.0136,0.2274,0.8331,66.5283,65.8569,18.6768,0.8637,,
DATA,A002,3,15,653407,-0.0067,0.2430,0.8224,64.5752,69.1528,15.3809,0.8575,,
DATA,A002,3,16,653417,0.0255,0.2115,0.8028,64.0869,64.8193,16.0522,0.8306,,
DATA,A002,3,17,653427,0.0360,0.2083,0.7811,68.5425,60.8521,16.8457,0.8092,,
DATA,A002,3,18,653437,0.0963,0.1295,0.7880,81.7871,65.7349,19.1040,0.8043,,
DATA,A002,3,19,653447,0.0787,0.1981,0.7135,93.2617,55.8472,19.7144,0.7446,,
DATA,A002,3,20,653457,0.2484,0.0120,0.6644,100.2197,56.1523,28.0762,0.7094,,
DATA,A002,3,21,653467,0.6862,1.1353,0.5433,82.8857,144.8364,115.1733,1.4335,,
DATA,A002,3,22,653477,0.5592,0.1851,0.4283,63.9648,251.5869,135.0098,0.7283,,
DATA,A002,3,23,653487,0.5058,0.3668,0.4308,155.7617,274.1089,198.1812,0.7589,,
DATA,A002,3,24,653497,-0.0738,0.7681,0.6547,116.5771,342.0410,137.5122,1.0119,,
DATA,A002,3,25,653507,-0.2057,0.8047,0.5907,76.5381,355.7129,115.6006,1.0192,,
DATA,A002,3,26,653517,-0.3819,0.6517,0.7389,45.8984,327.3315,130.7983,1.0566,,
DATA,A002,3,27,653527,-0.4601,0.6273,0.7997,53.1616,303.2227,146.5454,1.1156,,
DATA,A002,3,28,653537,-0.4513,0.7108,0.7645,64.0869,273.8647,158.2642,1.1372,,
DATA,A002,3,29,653547,-0.4425,0.7427,0.7103,59.6313,254.2725,162.1704,1.1189,,
DATA,A002,3,30,653557,-0.3822,0.7147,0.6200,49.4385,233.5205,161.5601,1.0204,,
DATA,A002,3,31,653567,-0.3395,0.6675,0.5646,46.5088,226.9897,159.4238,0.9379,,
DATA,A002,3,32,653577,-0.3170,0.5982,0.4943,49.1333,225.6470,156.3110,0.8382,,
DATA,A002,3,33,653587,-0.3099,0.5867,0.4684,52.7344,230.2856,154.1138,0.8122,,
DATA,A002,3,34,653597,-0.3204,0.5999,0.4525,55.6641,247.7417,149.9023,0.8169,,
DATA,A002,3,35,653607,-0.3070,0.6026,0.4452,55.6030,263.2446,147.1558,0.8097,,
DATA,A002,3,36,653617,-0.2711,0.5845,0.4166,49.9878,292.1143,141.9067,0.7673,,
DATA,A002,3,37,653627,-0.2635,0.5411,0.3563,42.6025,312.1338,137.1460,0.6994,,
DATA,A002,3,38,653637,-0.3009,0.4307,0.1766,30.3345,344.4824,126.9531,0.5543,,
DATA,A002,3,39,653647,-0.3563,0.3275,0.0008,23.5596,372.9858,119.3237,0.4839,,
DATA,A002,3,40,653657,-0.5192,0.1055,-0.2531,12.9395,429.8096,109.4971,0.5871,,
DATA,A002,3,41,653667,-0.7054,-0.0920,-0.3720,1.8311,475.2808,103.0884,0.8028,,
DATA,A002,3,42,653677,-0.8114,-0.4638,-0.7521,-39.4287,541.7480,92.4683,1.1996,,
DATA,A002,3,43,653687,-1.0455,-0.8342,-0.9274,-61.7065,546.6919,103.1494,1.6276,,
DATA,A002,3,44,653697,-1.2240,-1.3000,-0.7723,-12.5732,518.5547,88.1348,1.9454,,
DATA,A002,3,45,653707,-1.4549,-1.2709,-0.5814,83.9233,469.1162,64.8804,2.0175,,
DATA,A002,3,46,653717,-1.8802,-0.4931,-0.2443,236.4502,385.6201,16.1133,1.9591,,
DATA,A002,3,47,653727,-2.3751,0.1260,0.1456,277.5879,336.6089,-13.0005,2.3829,,
DATA,A002,3,48,653737,-3.0314,1.0567,0.9205,324.2798,217.2241,-18.9209,3.3396,,
DATA,A002,3,49,653747,-3.0135,2.2911,1.3224,182.1899,126.0376,-139.0381,4.0099,,
DATA,A002,3,50,653757,-2.6007,2.6351,1.8832,57.8003,9.8877,-146.7896,4.1537,,
DATA,A002,3,51,653767,-2.6127,2.6868,1.5460,79.8340,-79.9561,-145.2637,4.0540,,
DATA,A002,3,52,653777,-2.5350,2.8707,1.1278,111.3892,-158.3862,-150.0854,3.9924,,
DATA,A002,3,53,653787,-2.3590,3.0701,0.6818,32.6538,-161.5601,-153.5034,3.9313,,
DATA,A002,3,54,653797,-2.2677,2.8138,0.5904,-14.8315,-173.1567,-155.4565,3.6617,,
DATA,A002,3,55,653807,-1.9950,2.4390,0.4274,-32.2876,-179.1992,-144.4702,3.1798,,
DATA,A002,3,56,653817,-1.7782,2.3399,0.3426,-15.1367,-168.6401,-121.4600,2.9588,,
DATA,A002,3,57,653827,-1.3368,2.3856,0.2235,-17.2729,-106.7505,-89.5996,2.7437,,
DATA,A002,3,58,653837,-1.1747,2.3223,0.2062,-46.3867,-36.8652,-62.0728,2.6107,,
DATA,A002,3,59,653847,-1.4491,1.9288,0.1754,-96.9849,67.1997,-21.6675,2.4188,,
DATA,A002,3,60,653857,-1.7291,1.6519,0.1703,-108.0933,97.7173,-3.4180,2.3974,,
DATA,A002,3,61,653867,-1.8624,1.4039,0.0934,-103.6987,102.9053,14.3433,2.3341,,
DATA,A002,3,62,653877,-1.8700,1.2501,0.1254,-101.4404,85.9375,24.4751,2.2528,,
DATA,A002,3,63,653887,-1.7494,0.9026,0.2789,-100.5249,39.7949,34.3018,1.9882,,
DATA,A002,3,64,653897,-1.5741,0.6436,0.3624,-94.4824,10.5591,32.8369,1.7388,,
DATA,A002,3,65,653907,-1.3060,0.3421,0.3292,-79.9561,-27.0386,23.3765,1.3896,,
DATA,A002,3,66,653917,-1.1185,0.2176,0.2279,-67.8711,-55.8472,14.4043,1.1621,,
DATA,A002,3,67,653927,-0.7606,0.1216,0.0712,-47.0581,-92.4072,3.4790,0.7736,,
DATA,A002,3,68,653937,-0.5174,0.0884,0.0094,-33.3862,-113.0371,-2.5024,0.5250,,
DATA,A002,3,69,653947,-0.1998,0.0335,-0.0343,-20.5078,-137.5122,-13.9160,0.2055,,
DATA,A002,3,70,653957,-0.0233,-0.0246,-0.0504,-18.0664,-142.8833,-24.5972,0.0608,,
DATA,A002,3,71,653967,0.1542,-0.1303,-0.0580,-18.0054,-136.8408,-40.4663,0.2100,,
DATA,A002,3,72,653977,0.2250,-0.2104,-0.0807,-16.5405,-121.3989,-47.1802,0.3184,,
DATA,A002,3,73,653987,0.2623,-0.3110,-0.1178,-5.3101,-91.5527,-51.0864,0.4236,,
DATA,A002,3,74,653997,0.2799,-0.3369,-0.1298,8.3618,-69.9463,-50.5981,0.4568,,
DATA,A002,3,75,654007,0.3063,-0.3029,-0.1220,31.3110,-35.8276,-48.6450,0.4477,,
DATA,A002,3,76,654017,0.3229,-0.2387,-0.1105,42.7246,-10.6812,-47.6074,0.4165,,
DATA,A002,3,77,654027,0.3593,-0.1120,-0.1171,50.6592,35.5225,-48.2178,0.3941,,
DATA,A002,3,78,654037,0.3695,-0.0390,-0.1295,50.1709,70.2515,-49.3164,0.3935,,
DATA,A002,3,79,654047,0.3412,0.0071,-0.1862,41.2598,123.2300,-46.8140,0.3887,,
DATA,A002,3,80,654057,0.3102,-0.0141,-0.2479,32.0435,159.1797,-42.4194,0.3974,,
DATA,A002,3,81,654067,0.2118,-0.1162,-0.3375,25.4517,202.3315,-34.3628,0.4151,,
DATA,A002,3,82,654077,0.0880,-0.1813,-0.3937,31.1279,217.8345,-29.1138,0.4423,,
DATA,A002,3,83,654087,-0.1105,-0.2292,-0.3866,53.9551,210.5713,-22.8882,0.4628,,
DATA,A002,3,84,654097,-0.2059,-0.2087,-0.3099,69.0308,186.9507,-21.1792,0.4266,,
DATA,A002,3,85,654107,-0.2547,-0.1332,-0.2037,75.4395,133.4229,-22.1558,0.3524,,
DATA,A002,3,86,654117,-0.2394,-0.0949,-0.1547,66.5283,94.6045,-24.1699,0.3004,,
DATA,A002,3,87,654127,-0.1996,-0.0895,-0.1190,52.5513,57.9224,-26.4893,0.2490,,
DATA,A002,3,88,654137,-0.1151,-0.1279,-0.0980,32.4707,15.8081,-29.1138,0.1980,,
DATA,A002,3,89,654147,-0.0624,-0.1669,-0.0890,24.7192,-0.7935,-30.3955,0.1992,,
DATA,A002,3,90,654157,0.0048,-0.1972,-0.0607,23.9868,-11.4136,-31.4331,0.2064,,
DATA,A002,3,91,654167,0.0353,-0.1904,-0.0348,27.6489,-10.7422,-31.7383,0.1967,,
DATA,A002,3,92,654177,0.0538,-0.1391,-0.0016,30.7617,-4.9438,-31.9214,0.1492,,
DATA,A002,3,93,654187,0.0602,-0.1003,0.0148,28.8696,1.3428,-32.2266,0.1179,,
DATA,A002,3,94,654197,0.0770,-0.0768,0.0287,20.2026,13.3667,-33.3862,0.1125,,
DATA,A002,3,95,654207,0.0997,-0.0776,0.0262,13.0615,23.8647,-34.0576,0.1291,,
DATA,A002,3,96,654217,0.1308,-0.1198,-0.0211,4.6387,44.6167,-34.9121,0.1786,,
DATA,A002,3,97,654227,0.1378,-0.1650,-0.0512,2.9907,59.5703,-34.9121,0.2210,,
DATA,A002,3,98,654237,0.1266,-0.2263,-0.0819,7.6904,80.5054,-33.6304,0.2719,,
DATA,A002,3,99,654247,0.1063,-0.2521,-0.1039,15.6860,93.1396,-32.9590,0.2927,,
DATA,A002,3,100,654257,0.0182,-0.2331,-0.1056,31.5552,105.1636,-33.3252,0.2565,,
DATA,A002,3,101,654267,-0.1022,-0.1923,-0.0819,41.6260,110.4736,-35.1562,0.2327,,
DATA,A002,3,102,654277,-0.4200,-0.1198,-0.0160,50.7812,115.6006,-39.5508,0.4371,,
DATA,A002,3,103,654287,-0.7489,-0.0649,0.0284,53.4668,117.4316,-42.5415,0.7522,,
DATA,A002,3,104,654297,-1.4308,0.0855,0.0270,61.2793,115.1733,-48.3398,1.4336,,
DATA,A002,3,105,654307,-2.0348,0.2540,-0.0216,67.7490,101.0742,-46.6919,2.0507,,
DATA,A002,3,106,654317,-3.2711,0.7813,0.1356,78.2471,57.9224,-37.9028,3.3659,,
DATA,A002,3,107,654327,-4.0951,1.3226,0.3453,79.3457,10.6201,-47.2412,4.3172,,
DATA,A002,3,108,654337,-4.9681,2.1609,0.2025,43.4570,-138.7939,-41.2598,5.4215,,
DATA,A002,3,109,654347,-5.0851,2.5093,0.0048,42.6025,-247.9858,-27.6489,5.6705,,
DATA,A002,3,110,654357,-4.5033,3.3475,0.1351,55.7861,-246.3989,-38.2690,5.6128,,
DATA,A002,3,111,654367,-3.8209,3.5508,0.1918,23.9868,-181.7627,-55.4810,5.2196,,
DATA,A002,3,112,654377,-3.0362,2.8182,0.2548,-54.8096,-61.0352,-82.0312,4.1504,,
DATA,A002,3,113,654387,-2.7711,2.1639,0.2613,-80.0171,15.3198,-97.6562,3.5256,,
DATA,A002,3,114,654397,-2.5658,1.4869,0.1979,-60.0586,106.2012,-109.2529,2.9721,,
DATA,A002,3,115,654407,-2.5216,1.2176,0.1815,-24.2310,140.9912,-98.5718,2.8060,,
DATA,A002,3,116,654417,-2.4803,1.0589,0.2152,13.6108,148.3154,-76.2939,2.7055,,
DATA,A002,3,117,654427,-2.3566,0.9366,0.2406,44.9219,113.4644,-37.4756,2.5472,,
DATA,A002,3,118,654437,-2.1918,0.8309,0.1952,41.5039,71.4111,-17.5781,2.3521,,
DATA,A002,3,119,654447,-1.8700,0.6063,0.0685,16.7847,-0.5493,5.8594,1.9670,,
DATA,A002,3,120,654457,-1.6029,0.4251,-0.0165,-0.1831,-35.7056,18.5547,1.6584,,
DATA,A002,3,121,654467,-1.1813,0.1382,-0.0731,-16.1743,-59.3872,32.3486,1.1916,,
DATA,A002,3,122,654477,-0.9161,-0.0258,-0.0966,-22.5830,-63.9038,38.1470,0.9216,,
DATA,A002,3,123,654487,-0.5548,-0.2307,-0.1193,-26.0010,-63.1714,39.3066,0.6126,,
DATA,A002,3,124,654497,-0.3304,-0.3359,-0.1354,-17.5781,-61.0352,38.6353,0.4902,,
DATA,A002,3,125,654507,0.0011,-0.3903,-0.1193,9.2773,-55.9692,29.7241,0.4081,,
DATA,A002,3,126,654517,0.1969,-0.3693,-0.0753,28.3813,-49.0112,16.9067,0.4253,,
DATA,A002,3,127,654527,0.4042,-0.2675,-0.0150,46.8140,-32.0435,-0.7324,0.4849,,
DATA,A002,3,128,654537,0.5004,-0.2023,0.0179,49.3164,-16.1743,-6.2866,0.5400,,
DATA,A002,3,129,654547,0.5543,-0.1769,0.0790,40.8936,0.8545,-10.3149,0.5872,,
DATA,A002,3,130,654557,0.5580,-0.1935,0.0941,29.9683,3.9673,-11.9019,0.5981,,
DATA,A002,3,131,654567,0.5534,-0.2695,0.0660,12.5732,11.6577,-9.7656,0.6190,,
DATA,A002,3,132,654577,0.5331,-0.3281,0.0450,4.2725,17.0898,-5.6152,0.6276,,
DATA,A002,3,133,654587,0.4960,-0.3771,-0.0155,2.4414,34.2407,3.2959,0.6233,,
DATA,A002,3,134,654597,0.4559,-0.3547,-0.0585,9.0332,57.2510,9.2773,0.5806,,
DATA,A002,3,135,654607,0.3725,-0.2363,-0.0875,26.5503,99.1211,19.2871,0.4497,,
DATA,A002,3,136,654617,0.3046,-0.1140,-0.0973,36.1328,129.6387,25.6958,0.3394,,
DATA,A002,3,137,654627,0.2120,0.0494,-0.1202,36.3770,170.3491,32.2876,0.2487,,
DATA,A002,3,138,654637,0.1654,0.1119,-0.1622,29.1138,189.0869,36.3159,0.2573,,
DATA,A002,3,139,654647,0.0924,0.1353,-0.2162,12.8784,198.6694,48.4009,0.2713,,
DATA,A002,3,140,654657,0.1227,0.0955,-0.3024,-8.3618,201.5381,41.4429,0.3400,,
DATA,A002,3,141,654667,0.1278,-0.0629,-0.3165,-39.0625,188.5376,42.3584,0.3471,,
DATA,A002,3,142,654677,0.1156,-0.1777,-0.3197,-53.2227,171.9360,45.5322,0.3836,,
DATA,A002,3,143,654687,0.1110,-0.3163,-0.3507,-64.3311,162.4756,34.7290,0.4852,,
DATA,A002,3,144,654697,0.1049,-0.3854,-0.3510,-54.3213,148.2544,43.2129,0.5317,,
DATA,A002,3,145,654707,0.0424,-0.3898,-0.2655,-18.1274,141.6626,46.3867,0.4736,,
DATA,A002,3,146,654717,0.0641,-0.3471,-0.2196,-4.3945,140.9302,46.3257,0.4157,,
DATA,A002,3,147,654727,-0.0318,-0.1804,-0.0639,22.3999,134.5215,52.4902,0.1940,,
DATA,A002,3,148,654737,-0.0253,-0.0793,0.0392,38.6963,133.4229,64.6362,0.0920,,
DATA,A002,3,149,654747,-0.1246,0.1856,0.3519,101.8677,154.8462,67.6880,0.4169,,
DATA,A002,3,150,654757,-0.3539,0.5411,0.5245,110.9009,176.2085,46.9971,0.8325,,
DATA,A002,3,151,654767,-0.5047,0.8533,0.4449,83.5571,174.4995,51.7578,1.0867,,
DATA,A002,3,152,654777,-0.8260,0.8455,0.3556,40.7104,136.6577,42.0532,1.2344,,
DATA,A002,3,153,654787,-0.9542,0.6483,0.2569,15.8081,91.7969,28.9307,1.1819,,
DATA,A002,3,154,654797,-1.0135,0.5735,0.0968,40.5884,28.4424,34.9121,1.1686,,
DATA,A002,3,155,654807,-1.0631,0.8826,-0.0348,57.1899,-15.0146,29.6021,1.3822,,
DATA,A002,3,156,654817,-1.1759,1.2569,-0.0939,37.9028,-76.0498,0.5493,1.7237,,
DATA,A002,3,157,654827,-1.3546,1.3663,-0.2177,7.1411,-99.0601,-16.2964,1.9362,,
DATA,A002,3,158,654837,-1.7477,1.3990,-0.4904,-59.1431,-153.4424,-99.7925,2.2917,,
DATA,A002,3,159,654847,-1.8006,1.3643,-0.5805,-111.8774,-168.5791,-134.5825,2.3325,,
DATA,A002,3,160,654857,-1.5731,1.2476,-0.3290,-103.7598,-141.0522,-84.9609,2.0346,,
DATA,A002,3,161,654867,-1.6966,1.2859,-0.0465,-67.5659,-106.2622,-46.0815,2.1294,,
DATA,A002,3,162,654877,-2.1991,1.4100,-0.1998,-67.4438,-48.4619,-39.3677,2.6199,,
DATA,A002,3,163,654887,-2.5433,1.3538,-0.4711,-88.9893,-16.1133,-33.3252,2.9195,,
DATA,A002,3,164,654897,-2.9537,1.1319,-0.6806,-103.6987,46.9971,-26.8555,3.2356,,
DATA,A002,3,165,654907,-3.0629,0.9744,-0.6889,-95.6421,77.9419,-34.7900,3.2871,,
DATA,A002,3,166,654917,-3.0755,0.9044,-0.5595,-64.8193,79.5898,-64.3921,3.2542,,
DATA,A002,3,167,654927,-2.9657,0.9542,-0.4381,-46.6309,45.1050,-92.8955,3.1461,,
DATA,A002,3,168,654937,-2.4625,1.0401,-0.3576,-34.3018,13.6719,-119.5068,2.6970,,
DATA,A002,3,169,654947,-2.1727,0.9742,-0.3307,-50.2319,18.6768,-130.0049,2.4040,,
DATA,A002,3,170,654957,-2.0321,0.7293,-0.2616,-72.6318,19.8364,-126.5869,2.1748,,
DATA,A002,3,171,654967,-1.9613,0.5745,-0.2348,-80.3223,22.4609,-121.4600,2.0571,,
DATA,A002,3,172,654977,-1.8192,0.3970,-0.2094,-86.5479,20.7520,-103.8818,1.8738,,
DATA,A002,3,173,654987,-1.7504,0.3333,-0.1669,-85.2661,18.8599,-89.1724,1.7896,,
DATA,A002,3,174,654997,-1.5765,0.3216,-0.0585,-84.8389,20.4468,-74.5239,1.6101,,
DATA,A002,3,175,655007,-1.4764,0.3235,0.0399,-79.5898,21.3623,-51.6357,1.5120,,
DATA,A002,3,176,655017,-1.3050,0.2930,0.1002,-89.4165,-9.8267,-26.3672,1.3413,,
DATA,A002,3,177,655027,-1.1744,0.2025,0.0777,-100.7690,-39.7949,-6.9580,1.1943,,
DATA,A002,3,178,655037,-0.9071,0.0367,-0.0177,-106.4453,-82.9468,14.7095,0.9080,,
DATA,A002,3,179,655047,-0.7115,-0.0615,-0.0783,-99.5483,-101.5015,26.5503,0.7185,,
DATA,A002,3,180,655057,-0.4391,-0.1396,-0.1190,-73.0591,-111.0229,39.8560,0.4759,,
DATA,A002,3,181,655067,-0.2880,-0.1518,-0.1212,-49.3164,-100.3418,45.1050,0.3474,,
DATA,A002,3,182,655077,-0.1346,-0.1291,-0.0861,-13.3667,-64.6973,49.6216,0.2054,,
DATA,A002,3,183,655087,-0.1019,-0.0910,-0.0556,8.1177,-32.3486,50.7202,0.1475,,
DATA,A002,3,184,655097,-0.0814,-0.0427,0.0048,30.7007,16.4185,46.3867,0.0920,,
DATA,A002,3,185,655107,-0.0987,-0.0195,0.0279,41.5649,42.2363,42.7856,0.1045,,
DATA,A002,3,186,655117,-0.1420,-0.0017,0.0643,51.2695,56.8848,41.8701,0.1559,,
DATA,A002,3,187,655127,-0.1832,0.0152,0.1171,62.1948,58.2275,37.9028,0.2179,,
DATA,A002,3,188,655137,-0.1932,0.0245,0.1368,64.0259,47.7905,29.4800,0.2380,,
DATA,A002,3,189,655147,-0.2027,0.0257,0.1556,56.2134,20.5688,19.5923,0.2569,,
DATA,A002,3,190,655157,-0.1879,0.0054,0.1305,49.3164,1.5869,20.1416,0.2288,,
DATA,A002,3,191,655167,-0.1522,-0.0104,0.0734,44.2505,-22.0947,21.7285,0.1693,,
DATA,A002,3,192,655177,-0.1214,-0.0139,0.0253,43.7622,-31.6162,19.7144,0.1248,,
DATA,A002,3,193,655187,-0.1022,0.0096,-0.0245,45.7153,-37.4756,15.1367,0.1055,,
DATA,A002,3,194,655197,-0.0680,0.0284,-0.0214,45.1050,-38.6353,12.1460,0.0767,,
DATA,A002,3,195,655207,-0.0475,0.0347,-0.0299,39.4897,-26.1230,5.6152,0.0660,,
DATA,A002,3,196,655217,-0.0677,0.0350,0.0008,34.4238,-29.4800,2.3193,0.0762,,
DATA,A002,3,197,655227,-0.0648,0.0394,-0.0180,25.8789,-33.6304,-1.4038,0.0779,,
DATA,A002,3,198,655237,-0.0448,0.0381,-0.0275,19.5923,-32.5928,-5.4932,0.0649,,
DATA,A002,3,199,655247,-0.0074,0.0442,-0.0358,7.1411,-31.0669,-22.5830,0.0574,,
DATA,A002,3,200,655257,0.0534,0.0460,-0.0697,0.1831,-21.4233,-23.8647,0.0991,,
DATA,A002,3,201,655267,0.0753,0.0262,-0.0858,-4.9438,1.4648,-28.0151,0.1172,,
DATA,A002,3,202,655277,0.0558,0.0218,-0.0922,-5.7983,14.8926,-33.0200,0.1099,,
DATA,A002,3,203,655287,0.0375,0.0384,-0.1076,-6.5918,31.3721,-39.9780,0.1202,,
DATA,A002,3,204,655297,-0.0111,0.0638,-0.0751,-7.5684,36.3159,-45.5322,0.0991,,
DATA,A002,3,205,655307,-0.1022,0.1290,-0.0189,-12.3291,42.7246,-52.3682,0.1656,,
DATA,A002,3,206,655317,-0.1847,0.1678,0.0214,-19.8975,47.4243,-56.7017,0.2504,,
DATA,A002,3,207,655327,-0.3915,0.2393,0.0384,-36.9873,57.0068,-61.2793,0.4604,,
DATA,A002,3,208,655337,-0.5843,0.3152,-0.0411,-50.4761,64.5142,-63.0493,0.6652,,
DATA,A002,3,209,655347,-0.9606,0.5081,-0.3082,-66.7114,84.1675,-66.6504,1.1295,,
DATA,A002,3,210,655357,-1.2667,0.6534,-0.4669,-71.4111,97.3511,-71.2280,1.4998,,
DATA,A002,3,211,655367,-1.7191,0.9483,-0.2145,-55.4199,132.2632,-66.7725,1.9750,,
DATA,A002,3,212,655377,-1.9740,1.2708,0.3964,-38.6353,154.7241,-41.0156,2.3809,,
DATA,A002,3,213,655387,-2.5919,1.7828,0.4686,9.8267,103.5767,42.9077,3.1805,,
DATA,A002,3,214,655397,-2.9403,1.8240,0.3378,44.6167,54.9316,63.2324,3.4766,,
DATA,A002,3,215,655407,-2.9195,1.9517,0.3592,53.7109,97.2900,43.2739,3.5302,,
DATA,A002,3,216,655417,-2.6261,1.8460,0.4327,23.0713,100.6470,20.7520,3.2390,,
DATA,A002,3,217,655427,-2.5338,1.3831,0.3932,-33.6304,6.3477,-17.5781,2.9134,,
DATA,A002,3,218,655437,-2.6371,1.0772,0.2535,-48.2178,-68.2983,-35.8276,2.8599,,
DATA,A002,3,219,655447,-2.5650,0.9290,0.1515,-45.8984,-112.9150,-49.1943,2.7323,,
DATA,A002,3,220,655457,-2.3163,0.9332,-0.0082,-46.9971,-116.8213,-57.1899,2.4972,,
DATA,A002,3,221,655467,-2.2335,0.9952,-0.0761,-56.7017,-94.4214,-57.0068,2.4464,,
DATA,A002,3,222,655477,-2.1290,1.0709,-0.1495,-72.8760,-56.3965,-51.4526,2.3878,,
DATA,A002,3,223,655487,-2.0206,1.0452,-0.1566,-83.8013,-37.7197,-44.1895,2.2803,,
DATA,A002,3,224,655497,-1.8307,0.9295,-0.1537,-99.0601,-11.4136,-35.2173,2.0589,,
DATA,A002,3,225,655507,-1.6915,0.8270,-0.1459,-104.5532,5.1880,-32.4097,1.8885,,
DATA,A002,3,226,655517,-1.4425,0.6841,-0.0831,-102.8442,33.0200,-27.9541,1.5987,,
DATA,A002,3,227,655527,-1.3207,0.5728,-0.0514,-100.5859,45.7764,-24.4751,1.4405,,
DATA,A002,3,228,655537,-1.1734,0.3672,-0.0411,-97.9614,55.0537,-22.3999,1.2303,,
DATA,A002,3,229,655547,-1.0441,0.2283,-0.0663,-94.1162,53.6499,-21.7896,1.0708,,
DATA,A002,3,230,655557,-0.7965,0.0325,-0.1149,-85.5713,40.8325,-17.8223,0.8054,,
DATA,A002,3,231,655567,-0.6210,-0.0932,-0.1522,-80.9326,26.8555,-13.6108,0.6461,,
DATA,A002,3,232,655577,-0.3819,-0.2863,-0.2443,-71.5332,12.9395,-7.3242,0.5362,,
DATA,A002,3,233,655587,-0.2442,-0.4182,-0.2782,-58.7158,11.2915,-4.4556,0.5585,,
DATA,A002,3,234,655597,-0.0987,-0.5388,-0.2636,-25.2075,19.3481,-2.6245,0.6078,,
DATA,A002,3,235,655607,-0.0458,-0.5473,-0.2206,1.5259,30.5786,-3.4180,0.5919,,
DATA,A002,3,236,655617,-0.0140,-0.4826,-0.1232,36.3159,46.4478,-4.8218,0.4983,,
DATA,A002,3,237,655627,-0.0099,-0.4201,-0.0277,51.9409,48.9502,-4.6997,0.4211,,
DATA,A002,3,238,655637,-0.0382,-0.3308,0.1141,60.7300,39.9170,-2.7466,0.3520,,
DATA,A002,3,239,655647,-0.0582,-0.2980,0.1788,57.1289,28.5034,-0.1221,0.3524,,
DATA,A002,3,240,655657,-0.0787,-0.2924,0.2284,43.6401,11.8408,3.3569,0.3793,,
DATA,A002,3,241,655667,-0.0799,-0.2912,0.2140,37.3535,3.0518,5.9814,0.3701,,
DATA,A002,3,242,655677,-0.0653,-0.2487,0.1713,43.7622,-2.0142,11.4746,0.3090,,
DATA,A002,3,243,655687,-0.0270,-0.1760,0.1254,54.2603,1.2817,15.4419,0.2177,,
DATA,A002,3,244,655697,0.0224,-0.0349,0.0438,64.2700,12.2070,22.2778,0.0603,,
DATA,A002,3,245,655707,0.0455,0.0704,-0.0387,64.3311,21.2402,29.2969,0.0923,,
DATA,A002,3,246,655717,0.0609,0.2076,-0.1566,59.4482,30.7007,45.4712,0.2671,,
DATA,A002,3,247,655727,0.0692,0.2684,-0.2262,56.4575,35.9497,58.1665,0.3577,,
DATA,A002,3,248,655737,0.0531,0.3416,-0.3637,54.5654,42.9688,75.9277,0.5018,,
DATA,A002,3,249,655747,0.0189,0.3809,-0.4745,56.2744,47.5464,84.5947,0.6088,,
DATA,A002,3,250,655757,-0.0052,0.3731,-0.5197,67.9321,48.4009,89.2334,0.6398,,
DATA,A002,3,251,655767,-0.0204,0.3765,-0.5280,90.2710,49.8657,87.5854,0.6488,,
DATA,A002,3,252,655777,0.0631,0.4839,-0.3173,85.3882,62.4390,60.0586,0.5821,,
DATA,A002,3,253,655787,0.0304,0.3853,-0.2609,85.0220,88.9282,37.6587,0.4663,,
DATA,A002,3,254,655797,-0.0238,0.2816,0.0052,101.8677,78.9795,17.3950,0.2826,,
DATA,A002,3,255,655807,0.0192,0.2496,0.3302,127.9297,72.0215,-36.0718,0.4143,,
DATA,A002,3,256,655817,-0.1026,0.1973,0.4774,143.2495,58.4106,-42.9688,0.5267,,
DATA,A002,3,257,655827,-0.1725,0.2593,0.4745,124.2065,3.2959,-28.0762,0.5676,,
DATA,A002,3,258,655837,-0.1288,0.2459,0.3116,86.9141,-3.2959,-53.2227,0.4173,,
DATA,A002,3,259,655847,-0.0997,0.0518,-0.1205,23.9258,31.4941,-64.6362,0.1648,,
DATA,A002,3,260,655857,-0.3663,-0.1415,-0.4120,18.4326,74.1577,-24.9634,0.5692,,
DATA,A002,3,261,655867,-1.1615,-0.1572,-0.9550,43.2129,129.3945,36.1328,1.5119,,
DATA,A002,3,262,655877,-2.0821,-0.1447,-1.3790,23.1323,147.0337,82.2144,2.5016,,
DATA,A002,3,263,655887,-3.8617,-0.0163,-1.5758,52.0020,75.3784,123.1079,4.1709,,
DATA,A002,3,264,655897,-4.2745,0.6810,-1.0822,181.2744,75.3784,117.3096,4.4617,,
DATA,A002,3,265,655907,-3.9549,2.7066,-0.9674,314.1479,52.2461,126.4038,4.8891,,
DATA,A002,3,266,655917,-3.1649,3.7186,-0.8143,237.9150,27.2827,116.3330,4.9505,,
DATA,A002,3,267,655927,-2.2352,3.0972,-0.5375,0.4272,-65.4907,9.8267,3.8572,,
DATA,A002,3,268,655937,-2.0057,1.9710,-0.1388,-77.5757,-37.1094,-26.7944,2.8155,,
DATA,A002,3,269,655947,-2.1993,0.5950,0.2811,-51.8799,2.1362,-57.5562,2.2957,,
DATA,A002,3,270,655957,-2.0919,0.1761,0.3126,16.2354,-27.9541,-58.2886,2.1225,,
DATA,A002,3,271,655967,-1.4493,0.3250,-0.0289,133.4229,-37.2314,5.6763,1.4856,,
DATA,A002,3,272,655977,-1.2042,0.5901,-0.2020,162.3535,2.9907,28.8086,1.3562,,
DATA,A002,3,273,655987,-1.1617,0.8687,-0.4017,132.9956,34.6069,22.2168,1.5052,,
DATA,A002,3,274,655997,-1.1178,0.9009,-0.4965,86.8530,17.2729,18.6768,1.5191,,
DATA,A002,3,275,656007,-0.9064,0.6790,-0.5160,24.9634,-44.3115,28.1372,1.2445,,
DATA,A002,3,276,656017,-0.6713,0.4918,-0.4818,2.9297,-101.5625,25.8179,0.9615,,
DATA,A002,3,277,656027,-0.3072,0.2701,-0.3768,6.9580,-157.1655,13.2446,0.5562,,
DATA,A002,3,278,656037,-0.1622,0.2254,-0.2929,21.8506,-164.4287,2.1973,0.4036,,
DATA,A002,3,279,656047,0.0121,0.2791,-0.1947,38.8794,-124.8169,-10.1318,0.3405,,
DATA,A002,3,280,656057,0.0809,0.3641,-0.1019,40.5884,-89.8438,-10.3760,0.3866,,
DATA,A002,3,281,656067,0.0568,0.4898,0.0006,23.3765,-49.3164,-5.3101,0.4931,,
DATA,A002,3,282,656077,0.0331,0.5186,0.0414,3.9673,-23.8647,-6.5918,0.5213,,
DATA,A002,3,283,656087,0.0499,0.4781,0.0533,-30.4565,-1.9531,-9.5825,0.4836,,
DATA,A002,3,284,656097,0.0685,0.4109,0.0023,-49.6216,6.5918,-11.2305,0.4166,,
DATA,A002,3,285,656107,0.0868,0.2957,-0.1046,-63.2935,20.0195,-12.1460,0.3255,,
DATA,A002,3,286,656117,0.0924,0.2342,-0.1329,-60.6689,31.1279,-13.5498,0.2847,,
DATA,A002,3,287,656127,0.0917,0.2061,-0.1303,-51.8188,42.7246,-14.5874,0.2605,,
DATA,A002,3,288,656137,0.0648,0.2064,-0.0927,-34.5459,57.4951,-13.1836,0.2353,,
DATA,A002,3,289,656147,0.0302,0.2208,-0.0516,-23.6816,63.4155,-10.0098,0.2287,,
DATA,A002,3,290,656157,-0.0336,0.2222,0.0248,-12.2070,66.7114,-5.6763,0.2261,,
DATA,A002,3,291,656167,-0.0870,0.1985,0.0648,-9.7046,63.8428,-3.4790,0.2263,,
DATA,A002,3,292,656177,-0.1639,0.1312,0.1327,-5.9204,52.4902,1.8921,0.2484,,
DATA,A002,3,293,656187,-0.2313,0.0997,0.1678,1.0986,41.5039,7.0190,0.3027,,
DATA,A002,3,294,656197,-0.3487,0.0945,0.1854,13.9771,29.6021,8.1177,0.4061,,
DATA,A002,3,295,656207,-0.4083,0.1129,0.1639,20.9961,26.5503,5.6152,0.4542,,
DATA,A002,3,296,656217,-0.4750,0.1683,0.1236,28.1372,21.5454,0.5493,0.5188,,
DATA,A002,3,297,656227,-0.5536,0.2147,0.0768,31.3110,13.3057,0.4883,0.5987,,
DATA,A002,3,298,656237,-0.7008,0.2837,0.0111,35.0952,-1.3428,-2.3193,0.7561,,
DATA,A002,3,299,656247,-0.8597,0.3724,-0.0619,37.8418,-13.4277,-6.9580,0.9389,,
DATA,A002,3,300,656257,-1.2584,0.6119,-0.1913,55.9692,-31.5552,-3.4180,1.4123,,
DATA,A002,3,301,656267,-1.5275,0.8814,-0.2035,75.6226,-34.6680,-6.5308,1.7752,,
DATA,A002,3,302,656277,-1.6908,1.4966,-0.2294,89.2334,-38.3911,-21.2402,2.2696,,
DATA,A002,3,303,656287,-1.6549,1.9964,-0.2335,81.3599,-50.4761,-12.6343,2.6036,,
DATA,A002,3,304,656297,-1.6852,2.9019,-0.5892,49.9878,-69.9463,41.2598,3.4071,,
DATA,A002,3,305,656307,-1.7350,3.4522,-0.9496,7.4463,-74.5850,72.5098,3.9786,,
DATA,A002,3,306,656317,-1.8009,3.4061,-1.3661,-118.6523,-72.3877,114.5630,4.0879,,
DATA,A002,3,307,656327,-1.8512,2.6954,-1.4396,-198.6084,-49.7437,140.4419,3.5727,,
DATA,A002,3,308,656337,-1.9462,1.6382,-1.3378,-230.4077,-5.3101,175.9033,2.8742,,
DATA,A002,3,309,656347,-1.9369,1.1946,-1.1432,-202.1484,33.3862,191.6504,2.5467,,
DATA,A002,3,310,656357,-1.8619,0.8509,-0.8378,-139.7705,91.9800,205.8105,2.2119,,
DATA,A002,3,311,656367,-1.9300,0.7349,-0.6471,-101.4404,115.2344,206.6040,2.1642,,
DATA,A002,3,312,656377,-2.0499,0.6253,-0.4193,-57.3730,133.4839,190.0024,2.1838,,
DATA,A002,3,313,656387,-1.9750,0.5308,-0.2660,-42.4805,136.7188,174.3164,2.0623,,
DATA,A002,3,314,656397,-1.7455,0.3336,-0.1630,-38.5132,80.4443,155.7617,1.7845,,
DATA,A002,3,315,656407,-1.6183,0.1295,-0.1757,-41.0156,13.4277,142.3950,1.6329,,
DATA,A002,3,316,656417,-1.4125,-0.2690,-0.2567,-51.0864,-101.2573,112.6709,1.4606,,
DATA,A002,3,317,656427,-1.2643,-0.5725,-0.3327,-55.7861,-175.1709,88.9893,1.4271,,
DATA,A002,3,318,656437,-0.9147,-0.9775,-0.3322,-34.7900,-259.6436,50.9644,1.3793,,
DATA,A002,3,319,656447,-0.6297,-1.1354,-0.2687,1.7090,-300.6592,24.6582,1.3259,,
DATA,A002,3,320,656457,-0.2767,-1.0742,-0.1041,68.6035,-309.4482,-4.1504,1.1141,,
DATA,A002,3,321,656467,-0.1407,-0.8632,-0.1237,93.1396,-276.0620,-20.9351,0.8833,,
DATA,A002,3,322,656477,-0.0880,-0.6066,-0.3580,73.3032,-198.5474,-52.8564,0.7099,,
DATA,A002,3,323,656487,-0.0838,-0.5556,-0.5880,41.2598,-156.3721,-82.7026,0.8133,,
DATA,A002,3,324,656497,-0.0697,-0.5407,-0.7081,18.0664,-128.9062,-107.2998,0.8937,,
DATA,A002,3,325,656507,-0.0658,-0.4106,-0.6964,12.2681,-105.2246,-117.1875,0.8111,,
DATA,A002,3,326,656517,-0.0817,-0.2304,-0.6347,13.9771,-87.4023,-114.1968,0.6801,,
DATA,A002,3,327,656527,-0.0526,0.0860,-0.4652,14.1602,-54.1382,-105.8960,0.4760,,
DATA,A002,3,328,656537,-0.0338,0.2752,-0.3483,10.6812,-23.4375,-101.2573,0.4452,,
DATA,A002,3,329,656547,-0.0516,0.4283,-0.1085,5.8594,22.2778,-105.4077,0.4448,,
DATA,A002,3,330,656557,-0.0865,0.4468,0.0426,9.5215,40.7715,-112.5488,0.4571,,
DATA,A002,3,331,656567,-0.0592,0.4046,0.2565,29.9683,39.9170,-121.5820,0.4827,,
DATA,A002,3,332,656577,-0.0204,0.3692,0.4222,43.4570,20.9351,-123.2910,0.5613,,
DATA,A002,3,333,656587,-0.0973,0.3458,0.5270,52.3071,-26.5503,-113.8916,0.6377,,
DATA,A002,3,334,656597,-0.0367,0.3311,0.5150,51.3916,-49.5605,-112.3047,0.6134,,
DATA,A002,3,335,656607,-0.1078,0.3489,0.3983,50.5371,-45.1050,-100.7080,0.5404,,
DATA,A002,3,336,656617,-0.2970,0.4544,0.3761,61.2793,-29.0527,-89.7827,0.6604,,
DATA,A002,3,337,656627,-0.6295,0.7046,0.5199,74.4019,-0.2441,-87.2192,1.0785,,
DATA,A002,3,338,656637,-0.9161,0.9944,0.6017,91.9189,7.9956,-65.8569,1.4799,,
DATA,A002,3,339,656647,-1.3024,1.5340,0.5660,94.7876,11.6577,-44.9829,2.0904,,
DATA,A002,3,340,656657,-1.4471,1.8751,0.4623,78.6743,6.8359,-37.2925,2.4132,,
DATA,A002,3,341,656667,-1.5953,2.2078,0.3092,54.6875,-23.2544,-29.1748,2.7414,,
DATA,A002,3,342,656677,-1.7001,2.3538,0.2213,47.7295,-41.8091,-24.5361,2.9120,,
DATA,A002,3,343,656687,-1.7972,2.3228,0.2194,33.5693,-53.7720,-21.9727,2.9451,,
DATA,A002,3,344,656697,-1.8248,2.1326,0.3258,21.1792,-46.3257,-24.5972,2.8256,,
DATA,A002,3,345,656707,-1.8597,1.8755,0.5006,15.4419,-21.9727,-33.3862,2.6883,,
DATA,A002,3,346,656717,-1.8566,1.8465,0.5795,20.0806,-15.4419,-36.1328,2.6818,,
DATA,A002,3,347,656727,-1.7860,1.8934,0.6451,19.2261,-27.5269,-28.8086,2.6816,,
DATA,A002,3,348,656737,-1.6241,1.8809,0.6717,10.5591,-46.6309,-16.9678,2.5743,,
DATA,A002,3,349,656747,-1.2445,1.6365,0.6239,-29.2969,-76.4771,-12.6953,2.1485,,
DATA,A002,3,350,656757,-1.0121,1.4173,0.5406,-51.6357,-89.5996,0.8545,1.8235,,
DATA,A002,3,351,656767,-0.7286,1.0320,0.3973,-83.0688,-116.3330,9.0332,1.3243,,
DATA,A002,3,352,656777,-0.4342,0.7772,0.2811,-88.1958,-125.1831,23.9868,0.9336,,
DATA,A002,3,353,656787,-0.0926,0.4412,0.1573,-78.7354,-129.3335,35.4614,0.4775,,
DATA,A002,3,354,656797,0.0907,0.2579,0.1080,-65.0635,-114.3799,36.3159,0.2939,,
DATA,A002,3,355,656807,0.2179,0.0381,0.1039,-38.8794,-71.4722,33.9966,0.2444,,
DATA,A002,3,356,656817,0.2475,-0.0829,0.1073,-23.4985,-42.9688,30.3345,0.2822,,
DATA,A002,3,357,656827,0.2855,-0.1894,0.0992,-9.8267,-20.3857,31.8604,0.3567,,
DATA,A002,3,358,656837,0.2150,-0.2829,0.1178,6.8970,7.0801,32.2266,0.3743,,
DATA,A002,3,359,656847,0.0548,-0.2761,0.1014,5.4932,5.3711,24.4751,0.2992,,
DATA,A002,3,360,656857,0.0353,-0.2536,0.0323,-9.0332,-38.7573,21.4844,0.2581,,
DATA,A002,3,361,656867,0.1957,-0.2631,-0.0551,-10.4980,-40.7104,30.7007,0.3325,,
DATA,A002,3,362,656877,0.3388,-0.2517,-0.1054,11.2915,6.5918,57.0068,0.4350,,
DATA,A002,3,363,656887,0.3197,-0.2126,-0.1095,25.2075,51.7578,65.4907,0.3993,,
DATA,A002,3,364,656897,0.1749,-0.0502,0.0006,35.5225,114.9902,52.0020,0.1820,,
DATA,A002,3,365,656907,0.1337,0.0472,0.0546,1.6479,142.5781,14.0381,0.1519,,
DATA,A002,3,366,656917,-0.0414,0.1400,0.1322,-43.4570,163.5132,-4.8218,0.1969,,
DATA,A002,3,367,656927,-0.1490,0.1424,0.1630,-63.4766,164.5508,-14.0381,0.2628,,
DATA,A002,3,368,656937,-0.2906,0.1268,0.2106,-98.0835,158.2642,-69.2749,0.3806,,
DATA,A002,3,369,656947,-0.4059,0.1038,0.2447,-101.0742,132.5073,-75.6836,0.4852,,
DATA,A002,3,370,656957,-0.3004,0.0928,0.1647,-82.8857,110.5347,-56.0913,0.3549,,
DATA,A002,3,371,656967,-0.2948,0.1348,0.2162,-56.0913,108.6426,-47.7295,0.3896,,
DATA,A002,3,372,656977,-0.6066,0.3233,0.3595,-37.5366,107.4219,-60.2417,0.7757,,
DATA,A002,3,373,656987,-0.8197,0.4776,0.3702,-40.1611,104.3091,-70.1904,1.0184,,
DATA,A002,3,374,656997,-1.2211,0.7222,0.4801,-44.9219,93.6890,-80.2002,1.4977,,
DATA,A002,3,375,657007,-1.4911,0.9266,0.5399,-40.7715,72.6318,-79.9561,1.8367,,
DATA,A002,3,376,657017,-1.6686,1.2601,0.6322,-30.7007,42.4805,-68.9087,2.1844,,
DATA,A002,3,377,657027,-1.7269,1.4420,0.6241,-29.3579,21.4844,-53.5278,2.3347,,
DATA,A002,3,378,657037,-1.8026,1.5411,0.5375,-31.9824,-0.4883,-31.7383,2.4317,,
DATA,A002,3,379,657047,-1.8400,1.5489,0.5648,-28.9917,3.9673,-16.4795,2.4705,,
DATA,A002,3,380,657057,-1.9816,1.5264,0.6605,-22.7661,29.1748,11.3525,2.5870,,
DATA,A002,3,381,657067,-2.1952,1.4581,0.7372,-18.0054,47.4854,25.7568,2.7365,,
DATA,A002,3,382,657077,-2.3334,1.2681,0.8099,-5.6152,67.6270,35.5225,2.7765,,
DATA,A002,3,383,657087,-2.1993,1.1199,0.8131,6.5308,65.3687,37.3535,2.5985,,
DATA,A002,3,384,657097,-1.9335,0.9571,0.8644,23.8037,39.3677,28.3813,2.3241,,
DATA,A002,3,385,657107,-1.7142,0.8589,0.9288,31.4331,20.5688,9.7656,2.1305,,
DATA,A002,3,386,657117,-1.2892,0.7073,1.2628,42.1753,-10.1929,-4.5166,1.9383,,
DATA,A002,3,387,657127,-1.0682,0.6448,1.5631,73.5474,-28.4424,12.1460,2.0000,,
DATA,A002,3,388,657137,-0.8832,0.5855,1.6254,96.9849,-40.9546,27.2827,1.9403,,
DATA,A002,3,389,657147,-0.7711,0.4854,1.2486,84.4116,-34.7290,16.1743,1.5458,,
DATA,A002,3,390,657157,-0.5348,0.1890,0.6861,64.5142,-3.7842,13.7939,0.8902,,
DATA,A002,3,391,657167,-0.4442,-0.0454,0.5328,66.9556,-3.6621,3.9062,0.6952,,
DATA,A002,3,392,657177,-0.5204,-0.1357,0.4708,92.5293,-25.2686,2.9297,0.7147,,
DATA,A002,3,393,657187,-0.5953,0.0921,0.4303,143.2495,-76.5381,-8.7891,0.7403,,
DATA,A002,3,394,657197,-0.4813,0.3702,0.4396,158.1421,-106.5063,-16.6626,0.7496,,
DATA,A002,3,395,657207,-0.2091,0.6404,0.4127,126.2817,-138.0005,-9.7656,0.7901,,
DATA,A002,3,396,657217,-0.1224,0.5828,0.4232,80.1392,-152.4658,-9.3384,0.7306,,
DATA,A002,3,397,657227,-0.0013,0.2549,0.4215,19.4702,-176.0254,-13.2446,0.4926,,
DATA,A002,3,398,657237,0.2179,0.0245,0.3502,-3.6011,-159.7900,-18.7988,0.4132,,
DATA,A002,3,399,657247,0.3956,-0.2316,0.3431,-9.5215,-109.3140,-23.8037,0.5726,,
DATA,A002,3,400,657257,0.3693,-0.3100,0.3290,-1.1597,-78.8574,-24.2920,0.5837,,
DATA,A002,3,401,657267,0.3131,-0.3600,0.2811,13.8550,-3.9673,-36.6211,0.5538,,
DATA,A002,3,402,657277,0.1994,-0.3666,0.3046,19.2871,43.2739,-49.4995,0.5166,,
DATA,A002,3,403,657287,-0.0348,-0.3669,0.3038,12.7563,91.0645,-60.4858,0.4776,,
DATA,A002,3,404,657297,-0.2340,-0.3871,0.2777,1.3428,106.7505,-64.1479,0.5308,,
DATA,A002,3,405,657307,-0.6551,-0.3881,0.3087,-1.8921,107.9102,-73.7915,0.8217,,
DATA,A002,3,406,657317,-0.9591,-0.3117,0.2931,8.6060,95.3979,-86.0596,1.0502,,
DATA,A002,3,407,657327,-1.4166,-0.0917,0.2130,22.0337,46.5088,-116.0278,1.4355,,
DATA,A002,3,408,657337,-1.6732,0.1280,0.1605,24.2310,3.2959,-136.9629,1.6858,,
DATA,A002,3,409,657347,-1.9151,0.4913,0.0721,13.4888,-79.1626,-155.5176,1.9785,,
DATA,A002,3,410,657357,-2.0582,0.7166,0.0419,0.6714,-131.1035,-160.5835,2.1798,,
DATA,A002,3,411,657367,-2.2408,1.0650,0.0636,-11.2305,-168.5181,-157.5317,2.4819,,
DATA,A002,3,412,657377,-2.3329,1.3445,0.0663,-12.0850,-168.4570,-147.1558,2.6934,,
DATA,A002,3,413,657387,-2.3505,1.8431,-0.1368,-8.7891,-154.3579,-123.4741,2.9900,,
DATA,A002,3,414,657397,-2.2413,2.1436,-0.2506,-23.2544,-133.9111,-104.4922,3.1115,,
DATA,A002,3,415,657407,-1.9198,2.2335,-0.3163,-73.5474,-73.3643,-76.0498,2.9621,,
DATA,A002,3,416,657417,-1.7743,1.9639,-0.2538,-110.0464,-22.5830,-68.5425,2.6588,,
DATA,A002,3,417,657427,-1.7501,1.3226,-0.1422,-135.1929,45.1050,-64.2700,2.1982,,
DATA,A002,3,418,657437,-1.7464,0.9612,-0.0724,-124.2676,73.7305,-63.2324,1.9948,,
DATA,A002,3,419,657447,-1.6642,0.6663,0.0321,-86.9141,87.0361,-61.7676,1.7929,,
DATA,A002,3,420,657457,-1.5558,0.6011,0.0992,-62.8662,82.2144,-57.2510,1.6708,,
DATA,A002,3,421,657467,-1.3053,0.5928,0.1883,-39.8560,59.6924,-45.2271,1.4459,,
DATA,A002,3,422,657477,-1.0885,0.5701,0.2269,-36.3159,40.4663,-36.3770,1.2495,,
DATA,A002,3,423,657487,-0.6993,0.4671,0.2298,-45.6543,17.4561,-26.1841,0.8718,,
DATA,A002,3,424,657497,-0.4332,0.3533,0.1952,-56.8848,11.7188,-23.4375,0.5921,,
DATA,A002,3,425,657507,-0.1803,0.1951,0.1454,-67.4438,19.2261,-24.1699,0.3028,,
DATA,A002,3,426,657517,0.0885,-0.0539,0.0890,-71.3501,51.0864,-27.7710,0.1366,,
DATA,A002,3,427,657527,0.1810,-0.2006,0.0738,-65.1245,79.6509,-30.7007,0.2801,,
DATA,A002,3,428,657537,0.1969,-0.3430,0.0377,-43.5791,126.8311,-33.9355,0.3973,,
DATA,A002,3,429,657547,0.1664,-0.3764,0.0299,-20.2026,150.8179,-34.9121,0.4126,,
DATA,A002,3,430,657557,0.1017,-0.3190,0.0787,24.6582,164.7949,-34.3018,0.3440,,
DATA,A002,3,431,657567,0.0565,-0.2180,0.1493,51.8799,160.2783,-34.0576,0.2702,,
DATA,A002,3,432,657577,0.0177,-0.0466,0.2836,72.6318,138.0005,-35.9497,0.2879,,
DATA,A002,3,433,657587,0.0048,0.0464,0.3461,69.4580,117.6758,-39.4287,0.3492,,
DATA,A002,3,434,657597,0.0155,0.0884,0.3795,51.4526,86.4868,-46.3257,0.3900,,
DATA,A002,3,435,657607,0.0211,0.0604,0.3712,40.2832,70.8618,-49.0112,0.3767,,
DATA,A002,3,436,657617,0.0292,0.0098,0.3378,34.7290,59.2651,-49.6216,0.3392,,
DATA,A002,3,437,657627,0.0285,-0.0058,0.3097,35.5835,59.0820,-49.1943,0.3110,,
DATA,A002,3,438,657637,-0.0441,-0.0087,0.2819,37.4756,65.0635,-45.2271,0.2854,,
DATA,A002,3,439,657647,-0.1339,0.0054,0.2833,37.3535,67.5659,-41.1987,0.3134,,
DATA,A002,3,440,657657,-0.2792,0.0340,0.2960,32.5317,64.6973,-39.1235,0.4083,,
DATA,A002,3,441,657667,-0.3573,0.0608,0.3004,28.0762,58.1665,-41.6260,0.4707,,
DATA,A002,3,442,657677,-0.4679,0.0875,0.2958,20.2026,44.7388,-46.9971,0.5604,,
DATA,A002,3,443,657687,-0.5323,0.0962,0.2921,14.2212,33.6914,-50.6592,0.6148,,
DATA,A002,3,444,657697,-0.6380,0.0904,0.2884,4.9438,16.7847,-57.1899,0.7060,,
DATA,A002,3,445,657707,-0.7245,0.0838,0.2765,-0.8545,8.4839,-61.7676,0.7800,,
DATA,A002,3,446,657717,-0.9523,0.0823,0.2301,-3.9673,1.7700,-66.4673,0.9831,,
DATA,A002,3,447,657727,-1.2237,0.1214,0.2103,2.0752,3.3569,-65.8569,1.2476,,
DATA,A002,3,448,657737,-1.7225,0.2623,0.2601,16.9067,13.3057,-66.5283,1.7617,,
DATA,A002,3,449,657747,-2.0946,0.4244,0.3387,26.4893,10.8032,-58.4717,2.1638,,
DATA,A002,3,450,657757,-2.6559,0.7303,0.5145,30.8228,-18.0664,-30.0903,2.8021,,
DATA,A002,3,451,657767,-2.9874,0.9232,0.5758,24.2310,-60.6079,-5.5542,3.1794,,
DATA,A002,3,452,657777,-3.1810,1.1148,0.4886,17.8223,-122.8638,20.6909,3.4059,,
DATA,A002,3,453,657787,-2.9491,1.2469,0.4510,21.9116,-127.7466,30.8838,3.2335,,
DATA,A002,3,454,657797,-2.3121,1.3912,0.3763,9.0332,-93.9331,45.8984,2.7245,,
DATA,A002,3,455,657807,-2.0277,1.3038,0.3038,-18.6157,-60.3638,50.0488,2.4297,,
DATA,A002,3,456,657817,-1.8690,0.8419,0.2364,-64.3921,-16.9067,51.1475,2.0634,,
DATA,A002,3,457,657827,-1.8109,0.4463,0.1998,-82.2754,16.5405,49.9268,1.8758,,
DATA,A002,3,458,657837,-1.7823,0.0779,0.1620,-85.4492,52.6733,49.6216,1.7914,,
DATA,A002,3,459,657847,-1.7435,-0.3107,0.0653,-65.3076,89.2334,53.1006,1.7722,,
DATA,A002,3,460,657857,-1.6722,-0.3989,0.0399,-41.4429,91.9189,55.1147,1.7196,,
DATA,A002,3,461,657867,-1.4689,-0.3024,0.0211,-11.1694,58.4106,53.8330,1.4998,,
DATA,A002,3,462,657877,-1.2311,-0.1616,0.0511,-2.5024,23.9258,53.2227,1.2427,,
DATA,A002,3,463,657887,-0.7901,0.0145,0.0785,-12.9395,-18.7378,48.6450,0.7942,,
DATA,A002,3,464,657897,-0.5233,0.0547,0.0502,-29.9683,-34.0576,40.5884,0.5285,,
DATA,A002,3,465,657907,-0.2093,0.0074,-0.0182,-51.0864,-29.2358,22.0337,0.2103,,
DATA,A002,3,466,657917,-0.0924,-0.0480,-0.0473,-52.0630,-11.4136,8.9111,0.1144,,
DATA,A002,3,467,657927,-0.0182,-0.0842,-0.0370,-34.3018,19.8975,-8.0566,0.0937,,
DATA,A002,3,468,657937,0.0048,-0.0639,-0.0131,-20.0806,38.3301,-17.5171,0.0654,,
DATA,A002,3,469,657947,0.0543,0.0057,0.0319,-9.6436,56.7017,-27.8320,0.0632,,
DATA,A002,3,470,657957,0.0875,0.0457,0.0423,-11.2305,63.9038,-33.6304,0.1075,,
DATA,A002,3,471,657967,0.1522,0.0767,0.0204,-18.1274,77.2095,-42.1753,0.1717,,
DATA,A002,3,472,657977,0.1903,0.0811,-0.0165,-21.9116,89.2944,-46.1426,0.2075,,
DATA,A002,3,473,657987,0.2455,0.0887,-0.0712,-24.4751,112.8540,-48.5229,0.2706,,
DATA,A002,3,474,657997,0.2741,0.0858,-0.1034,-25.4517,131.3477,-48.6450,0.3052,,
DATA,A002,3,475,658007,0.2848,0.0435,-0.1300,-31.2500,160.3394,-46.5698,0.3161,,
DATA,A002,3,476,658017,0.2870,-0.0288,-0.1281,-39.1235,180.2368,-44.0674,0.3156,,
DATA,A002,3,477,658027,0.2255,-0.1921,-0.1141,-46.3257,205.3833,-39.2456,0.3174,,
DATA,A002,3,478,658037,0.1220,-0.3080,-0.0753,-41.3208,218.0176,-35.2783,0.3398,,
DATA,A002,3,479,658047,-0.1080,-0.4326,0.0680,-15.3198,218.9331,-29.0527,0.4510,,
DATA,A002,3,480,658057,-0.2997,-0.4247,0.1991,8.9722,205.0781,-23.9258,0.5566,,
DATA,A002,3,481,658067,-0.5846,-0.2785,0.3246,34.9121,164.5508,-17.7612,0.7243,,
DATA,A002,3,482,658077,-0.7926,-0.1621,0.3693,37.2314,123.1079,-16.5405,0.8893,,
DATA,A002,3,483,658087,-1.1471,-0.0209,0.4545,20.4468,53.5889,-17.8223,1.2340,,
DATA,A002,3,484,658097,-1.3807,0.0491,0.4571,2.6855,11.5967,-23.5596,1.4553,,
DATA,A002,3,485,658107,-1.7345,0.1212,0.3329,-20.5078,-47.6074,-30.8838,1.7703,,
DATA,A002,3,486,658117,-2.0050,0.1761,0.2303,-27.2217,-87.4634,-29.1748,2.0258,,
DATA,A002,3,487,658127,-2.3392,0.3658,0.1652,-18.1885,-133.5449,-26.4893,2.3734,,
DATA,A002,3,488,658137,-2.4449,0.5784,0.1564,-5.7983,-147.8882,-23.4375,2.5173,,
DATA,A002,3,489,658147,-2.4676,0.9083,0.0651,4.6997,-153.0762,-1.5259,2.6303,,
DATA,A002,3,490,658157,-2.4613,1.0574,-0.0346,5.8594,-141.7847,24.7803,2.6790,,
DATA,A002,3,491,658167,-2.3463,1.1343,-0.0829,4.9438,-84.7168,59.2041,2.6074,,
DATA,A002,3,492,658177,-2.1700,1.1507,-0.0751,5.4321,-23.7427,76.6602,2.4574,,
DATA,A002,3,493,658187,-2.0336,1.1014,-0.0509,3.1128,39.3066,88.4399,2.3132,,
DATA,A002,3,494,658197,-1.9994,0.8074,0.0004,-7.1411,107.1777,98.3276,2.1563,,
DATA,A002,3,495,658207,-1.9945,0.5193,0.0162,-9.6436,131.9580,101.5015,2.0611,,
DATA,A002,3,496,658217,-1.8732,0.1358,0.0082,2.9907,141.4185,106.3843,1.8781,,
DATA,A002,3,497,658227,-1.7482,-0.0283,0.0111,18.7378,128.9062,110.6567,1.7484,,
DATA,A002,3,498,658237,-1.5184,-0.1259,0.0084,41.0767,89.2944,116.3940,1.5237,,
DATA,A002,3,499,658247,-1.3548,-0.1196,0.0087,50.9644,60.0586,117.2485,1.3601,,
DATA,A002,3,500,658257,-1.1488,-0.0546,0.0248,58.5327,20.9961,114.1357,1.1504,,
DATA,A002,3,501,658267,-1.0814,0.0101,0.0182,58.5327,0.8545,108.0322,1.0816,,
DATA,A002,3,502,658277,-1.0074,0.1153,0.0211,56.5186,-15.6860,90.3320,1.0142,,
DATA,A002,3,503,658287,-0.9547,0.1863,0.0255,55.3589,-27.0386,78.4302,0.9730,,
DATA,A002,3,504,658297,-0.8844,0.2596,0.0507,49.4995,-52.7954,63.3545,0.9231,,
DATA,A002,3,505,658307,-0.8260,0.2847,0.0817,42.6636,-72.9370,52.7954,0.8775,,
DATA,A002,3,506,658317,-0.6715,0.2947,0.1127,30.5176,-95.9473,34.1797,0.7419,,
DATA,A002,3,507,658327,-0.5299,0.2996,0.1236,24.4751,-102.3560,19.8975,0.6212,,
DATA,A002,3,508,658337,-0.2955,0.3025,0.1295,18.2495,-93.6890,-1.8921,0.4423,,
DATA,A002,3,509,658347,-0.1405,0.3030,0.1278,12.8174,-77.8809,-15.3809,0.3576,,
DATA,A002,3,510,658357,0.0289,0.2850,0.0917,-1.7700,-45.2881,-35.1562,0.3007,,
DATA,A002,3,511,658367,0.0702,0.2588,0.0201,-15.8081,-20.9351,-48.2178,0.2690,,
DATA,A002,3,512,658377,0.0292,0.1475,-0.0092,-35.8887,9.1553,-63.7817,0.1507,,
DATA,A002,3,513,658387,-0.0192,0.0506,-0.0228,-41.5039,17.7002,-72.6929,0.0587,,
DATA,A002,3,514,658397,-0.1034,-0.0866,-0.0026,-38.2690,10.3149,-87.5244,0.1349,,
DATA,A002,3,515,658407,-0.1417,-0.1525,0.0196,-32.8369,-1.6479,-97.3511,0.2091,,
DATA,A002,3,516,658417,-0.1720,-0.1972,0.0763,-22.7661,-24.6582,-110.1074,0.2726,,
DATA,A002,3,517,658427,-0.1949,-0.2067,0.1280,-16.4185,-40.8325,-117.4316,0.3117,,
DATA,A002,3,518,658437,-0.2369,-0.2082,0.1798,-12.6953,-61.5845,-125.9155,0.3631,,
DATA,A002,3,519,658447,-0.2892,-0.2006,0.1910,-12.7563,-73.8525,-129.0894,0.4005,,
DATA,A002,3,520,658457,-0.4584,-0.2023,0.1798,-14.0381,-99.3042,-126.9531,0.5323,,
DATA,A002,3,521,658467,-0.6214,-0.2365,0.2037,-14.8926,-118.4082,-122.9858,0.6954,,
DATA,A002,3,522,658477,-0.8854,-0.3085,0.2152,-14.8926,-146.6064,-123.5962,0.9620,,
DATA,A002,3,523,658487,-1.0814,-0.3937,0.2059,-12.2070,-162.0483,-123.2910,1.1691,,
DATA,A002,3,524,658497,-1.3993,-0.5307,0.2892,8.7891,-187.0728,-109.5581,1.5242,,
DATA,A002,3,525,658507,-1.6590,-0.5656,0.3685,31.9214,-216.5527,-94.8486,1.7911,,
DATA,A002,3,526,658517,-1.9484,-0.5522,0.4508,55.4199,-252.3193,-75.8057,2.0747,,
DATA,A002,3,527,658527,-2.5978,-0.5488,0.5797,78.9185,-354.5532,-44.2505,2.7176,,
DATA,A002,3,528,658537,-3.3028,-0.5527,0.9689,82.2754,-440.5518,-23.8647,3.4861,,
DATA,A002,3,529,658547,-3.8265,-0.4233,0.9105,60.8521,-563.9648,-51.9409,3.9561,,
DATA,A002,3,530,658557,-3.5045,-0.4626,0.6312,83.4351,-650.3296,-60.2417,3.5908,,
DATA,A002,3,531,658567,-2.4120,-0.4357,0.1461,154.6631,-754.3335,-55.8472,2.4554,,
DATA,A002,3,532,658577,-1.6002,-0.2963,-0.1078,201.3550,-767.3340,-63.9648,1.6310,,
DATA,A002,3,533,658587,-0.4271,-0.1257,-0.1989,244.2627,-683.5327,-89.3555,0.4876,,
DATA,A002,3,534,658597,0.3756,-0.0180,0.0321,273.4375,-589.7827,-100.8911,0.3774,,
DATA,A002,3,535,658607,1.0558,0.2991,0.7550,317.6880,-440.6738,-112.4268,1.3320,,
DATA,A002,3,536,658617,0.7179,0.7584,1.1669,335.0220,-289.8560,-144.2871,1.5659,,
DATA,A002,3,537,658627,-0.3236,1.4366,1.1898,296.7529,-67.8711,-225.7080,1.8932,,
DATA,A002,3,538,658637,-0.8456,1.4009,1.1752,243.6523,-13.3057,-242.1265,2.0146,,
DATA,A002,3,539,658647,-1.2945,1.0833,1.2799,221.1914,-55.5420,-216.7358,2.1184,,
DATA,A002,3,540,658657,-1.4198,1.0357,1.3214,221.1914,-135.8032,-186.2793,2.1988,,
DATA,A002,3,541,658667,-1.3592,1.2098,1.1595,182.3730,-245.4224,-151.9165,2.1577,,
DATA,A002,3,542,658677,-1.1192,1.2061,0.9322,142.0288,-294.0674,-134.3994,1.8912,,
DATA,A002,3,543,658687,-0.6422,1.0777,0.5602,89.3555,-322.9980,-124.3286,1.3739,,
DATA,A002,3,544,658697,-0.3299,0.9747,0.3163,57.9224,-308.7769,-125.9766,1.0765,,
DATA,A002,3,545,658707,-0.0375,0.8626,0.0673,13.1226,-267.0288,-128.0518,0.8660,,
DATA,A002,3,546,658717,0.0155,0.8260,-0.0104,-12.6343,-236.0229,-125.6104,0.8262,,
DATA,A002,3,547,658727,0.0180,0.7942,0.0116,-42.2363,-195.6787,-120.9717,0.7945,,
DATA,A002,3,548,658737,0.0553,0.7642,0.0358,-59.9365,-169.6167,-115.2344,0.7671,,
DATA,A002,3,549,658747,0.1832,0.6741,0.0499,-82.0312,-126.2817,-105.3467,0.7004,,
DATA,A002,3,550,658757,0.2931,0.6009,0.0790,-95.0317,-88.3179,-101.5015,0.6732,,
DATA,A002,3,551,658767,0.3441,0.4451,0.0472,-117.2485,-19.6533,-100.0977,0.5646,,
DATA,A002,3,552,658777,0.2687,0.3353,0.0480,-129.0894,19.2871,-101.6235,0.4323,,
DATA,A002,3,553,658787,0.2855,0.2994,0.0084,-127.5635,103.3325,-1.5869,0.4138,,
DATA,A002,3,554,658797,3.1522,1.0005,-1.0704,-182.7393,129.8218,71.9604,3.4761,,
DATA,A002,3,555,658807,-0.0240,-0.0561,0.3070,-160.0342,319.2139,-20.9961,0.3130,,
DATA,A002,3,556,658817,-0.2516,-0.1704,0.3783,-125.7935,239.8071,-126.9531,0.4852,,
DATA,A002,3,557,658827,-0.4454,0.2635,0.5980,-111.3281,53.3447,-93.6279,0.7909,,
DATA,A002,3,558,658837,-0.1354,0.4224,0.6017,-105.2246,-64.3311,-70.5566,0.7475,,
DATA,A002,3,559,658847,0.2924,0.1819,0.5663,-100.9521,-128.4790,-26.4282,0.6628,,
DATA,A002,3,560,658857,0.3776,0.1443,0.7467,-86.1816,-124.0845,-10.9863,0.8491,,
DATA,A002,3,561,658867,0.1535,0.3047,0.9923,-71.6553,-110.7788,3.2959,1.0493,,
DATA,A002,3,562,658877,-0.4689,0.5018,1.2418,-64.2700,-88.6841,-29.8462,1.4190,,
DATA,A002,3,563,658887,-0.4593,0.5640,1.2674,-63.8428,-149.7192,-85.5103,1.4613,,
DATA,A002,3,564,658897,-0.0380,0.7081,1.0865,-55.1758,-201.9653,-47.8516,1.2974,,
DATA,A002,3,565,658907,0.2846,0.7715,1.0065,-39.9170,-214.4165,-18.6157,1.2997,,
DATA,A002,3,566,658917,0.4159,0.7957,1.1881,14.4653,-194.5190,-64.7583,1.4892,,
DATA,A002,3,567,658927,0.6747,0.8516,1.2943,-24.5361,-166.2598,-35.7056,1.6899,,
DATA,A002,3,568,658937,0.6212,0.6321,1.5331,-35.0342,-76.4160,-0.7935,1.7708,,
DATA,A002,3,569,658947,0.4413,0.6321,1.6686,-22.8271,-20.4468,6.4087,1.8381,,
DATA,A002,3,570,658957,0.1576,0.7520,1.8058,-4.6387,18.8599,14.1602,1.9624,,
DATA,A002,3,571,658967,0.0438,0.7938,1.7872,-5.7983,22.3389,12.2681,1.9561,,
DATA,A002,3,572,658977,0.1144,0.8062,1.7206,-6.1035,11.4746,-6.2256,1.9035,,
DATA,A002,3,573,658987,0.1701,0.6795,1.1000,12.2070,-4.3945,-12.3901,1.3041,,
DATA,A002,3,574,658997,0.6632,0.7266,1.6464,42.2974,-13.2446,54.4434,1.9179,,
DATA,A002,3,575,659007,0.4498,0.5565,1.7157,8.3008,28.8696,41.9922,1.8589,,
DATA,A002,3,576,659017,0.3969,0.3624,1.7015,-24.2310,52.4292,-9.9487,1.7844,,
DATA,A002,3,577,659027,0.2929,0.3314,1.6771,3.9062,43.2129,-0.5493,1.7344,,
DATA,A002,3,578,659037,0.3021,0.2982,1.5917,33.3862,30.8838,-0.7324,1.6473,,
DATA,A002,3,579,659047,0.2448,0.1321,1.5211,40.5884,26.3062,-10.8643,1.5463,,
DATA,A002,3,580,659057,0.3200,0.0670,1.3614,75.0732,14.2822,-0.8545,1.4001,,
DATA,A002,3,581,659067,0.3097,0.1744,1.2543,92.5293,24.2920,10.1318,1.3036,,
DATA,A002,3,582,659077,0.2064,0.4014,1.0587,74.4019,40.5884,-5.7373,1.1509,,
DATA,A002,3,583,659087,0.1959,0.3345,0.9452,44.5557,46.5088,-16.4795,1.0216,,
DATA,A002,3,584,659097,0.0753,0.1854,0.8507,17.2729,28.1982,-39.4287,0.8739,,
DATA,A002,3,585,659107,0.0643,0.2789,0.8439,4.1504,1.5869,-52.1851,0.8911,,
DATA,A002,3,586,659117,0.1061,0.0269,0.7584,-29.6631,-34.8511,-50.2930,0.7663,,
DATA,A002,3,587,659127,0.0326,-0.0063,0.7172,-27.8320,-47.9126,-53.7109,0.7179,,
DATA,A002,3,588,659137,0.0880,0.0543,0.6808,-15.1367,-49.3774,-69.3970,0.6886,,
DATA,A002,3,589,659147,0.1444,0.0777,0.7027,-24.8413,-54.5044,-74.8901,0.7216,,
DATA,A002,3,590,659157,0.1735,-0.1054,0.6088,-33.5083,-64.9414,-76.4160,0.6417,,
DATA,A002,3,591,659167,0.2970,0.0362,0.5751,-31.1279,-71.5942,-78.0640,0.6482,,
DATA,A002,3,592,659177,0.2001,-0.0317,0.4908,-42.9688,-79.1016,-80.3833,0.5310,,
DATA,A002,3,593,659187,0.2789,-0.0571,0.4247,-48.4009,-87.1582,-80.5054,0.5113,,
DATA,A002,3,594,659197,0.2797,-0.1279,0.3133,-62.0728,-102.1118,-68.3594,0.4390,,
DATA,A002,3,595,659207,0.2904,-0.1818,0.2833,-61.2793,-115.9058,-69.7021,0.4446,,
DATA,A002,3,596,659217,0.2145,-0.1704,0.1964,-57.1899,-125.6104,-63.6597,0.3370,,
DATA,A002,3,597,659227,-0.1285,0.2198,0.0062,-44.1284,-133.2397,-36.7432,0.2547,,
DATA,A002,3,598,659237,0.2841,-0.1757,0.1266,-23.7427,-182.9224,-4.1504,0.3572,,
DATA,A002,3,599,659247,0.4313,-0.1230,0.1551,-34.2407,-152.5879,8.6670,0.4746,,
DATA,A002,3,600,659257,0.4889,-0.1525,0.1754,-59.1431,-114.6240,-2.7466,0.5414,,
DATA,A002,3,601,659267,0.3021,-0.0495,0.1937,-93.9331,-58.6548,4.9438,0.3623,,
DATA,A002,3,602,659277,0.1405,-0.0134,0.2118,-94.7266,-58.7158,17.3340,0.2545,,
DATA,A002,3,603,659287,-0.0741,0.1009,0.2001,-102.0508,-71.4111,17.1509,0.2360,,
DATA,A002,3,604,659297,-0.0792,0.0491,0.2816,-103.3325,-83.2520,15.9912,0.2966,,
DATA,A002,3,605,659307,0.1630,-0.1489,0.4794,-96.0693,-100.7690,28.0762,0.5277,,
DATA,A002,3,606,659317,0.1513,-0.1064,0.4491,-84.2896,-100.3418,32.8369,0.4857,,
DATA,A002,3,607,659327,0.2394,-0.1765,0.5028,-71.8384,-71.6553,38.0249,0.5842,,
DATA,A002,3,608,659337,0.3641,-0.2163,0.5919,-52.1851,-49.7437,47.0581,0.7278,,
DATA,A002,3,609,659347,0.4506,-0.0722,0.5919,-28.7476,-2.8076,56.6406,0.7474,,
DATA,A002,3,610,659357,0.5321,-0.0119,0.5770,-18.2495,30.3955,65.0635,0.7850,,
DATA,A002,3,611,659367,0.3192,-0.0175,0.6876,1.7090,71.9604,67.6880,0.7583,,
DATA,A002,3,612,659377,0.2059,-0.1149,0.8793,25.7568,88.6841,65.1855,0.9103,,
DATA,A002,3,613,659387,0.2846,0.2464,1.5438,84.8999,113.8916,69.1528,1.5890,,
DATA,A002,3,614,659397,0.2067,0.3445,1.9308,81.1768,141.6626,72.5098,1.9721,,
DATA,A002,3,615,659407,0.2062,0.6785,1.7997,71.6553,161.3159,57.1289,1.9344,,
DATA,A002,3,616,659417,0.2804,0.4271,1.8800,68.1763,154.1138,45.7153,1.9482,,
DATA,A002,3,617,659427,0.4657,0.4747,1.8060,74.1577,139.4653,24.4141,1.9246,,
DATA,A002,3,618,659437,0.4870,0.5250,1.7860,75.2563,122.4365,5.8594,1.9242,,
DATA,A002,3,619,659447,0.4760,0.5638,1.6783,77.8198,85.4492,-15.3198,1.8334,,
DATA,A002,3,620,659457,0.4938,0.5701,1.5907,72.0215,59.9976,-27.2827,1.7604,,
DATA,A002,3,621,659467,0.5446,0.5064,1.4943,56.5796,30.8228,-50.1709,1.6691,,
DATA,A002,3,622,659477,0.5873,0.4361,1.4540,47.6074,17.3340,-61.7676,1.6276,,
DATA,A002,3,623,659487,0.6705,0.3338,1.3744,41.0156,6.9580,-68.7866,1.5652,,
EVENT,A002,3,,659490,,,,,,,,STOP,623
EVENT,A002,4,,665225,,,,,,,,START,
DATA,A002,4,1,665248,0.3209,0.1990,0.8744,19.4702,31.6162,0.7935,0.9524,,
DATA,A002,4,2,665258,0.3165,0.2606,0.8639,28.2593,37.9028,4.3945,0.9562,,
DATA,A002,4,3,665268,0.2186,0.2342,0.8712,28.1372,44.7388,6.7749,0.9283,,
DATA,A002,4,4,665278,0.1681,0.3621,0.8546,31.9824,54.4434,4.0283,0.9433,,
DATA,A002,4,5,665288,0.1969,0.3961,0.8470,31.0669,59.6313,11.2305,0.9556,,
DATA,A002,4,6,665298,0.1828,0.4354,0.8072,27.8931,70.6787,19.5923,0.9352,,
DATA,A002,4,7,665308,0.1771,0.4561,0.8114,21.3013,81.6040,24.8413,0.9475,,
DATA,A002,4,8,665318,0.1654,0.4410,0.8246,10.0708,95.8862,34.3628,0.9496,,
DATA,A002,4,9,665328,0.1813,0.4249,0.8451,5.7373,106.6284,41.5039,0.9631,,
DATA,A002,4,10,665338,0.1786,0.3350,0.8317,1.3428,125.6714,48.1567,0.9142,,
DATA,A002,4,11,665348,0.1422,0.2501,0.8319,4.3335,132.6904,48.7061,0.8802,,
DATA,A002,4,12,665358,0.0861,0.1402,0.8392,13.4277,145.8130,46.2646,0.8552,,
DATA,A002,4,13,665368,0.0248,0.0716,0.8595,26.8555,152.4048,38.8184,0.8628,,
DATA,A002,4,14,665378,-0.0470,0.1021,0.8705,54.7485,153.3813,28.0151,0.8777,,
DATA,A002,4,15,665388,-0.0934,-0.0051,0.8348,88.5620,171.5088,29.3579,0.8401,,
DATA,A002,4,16,665398,0.4332,0.8565,0.3446,170.6543,129.6997,99.8535,1.0198,,
DATA,A002,4,17,665408,0.2997,0.9556,0.7240,128.4180,204.2847,186.0352,1.2358,,
DATA,A002,4,18,665418,0.9879,1.6502,0.0402,168.0908,177.6733,204.1016,1.9237,,
DATA,A002,4,19,665428,0.3781,1.8421,1.1517,172.9736,310.7300,208.7402,2.2052,,
DATA,A002,4,20,665438,0.1259,1.1797,0.3519,-19.0430,407.5928,118.5913,1.2375,,
DATA,A002,4,21,665448,-0.0555,0.7850,0.3431,-51.7578,429.6875,139.2212,0.8585,,
DATA,A002,4,22,665458,-0.3243,0.5560,0.3251,-0.7935,431.1523,202.7588,0.7211,,
DATA,A002,4,23,665468,-0.3639,0.7733,0.3702,51.6968,427.4902,231.9946,0.9313,,
DATA,A002,4,24,665478,-0.4276,1.1727,0.4882,69.3970,420.7153,240.1733,1.3403,,
DATA,A002,4,25,665488,-0.4630,1.2139,0.4720,45.2271,424.1943,232.2998,1.3823,,
DATA,A002,4,26,665498,-0.5360,0.9398,0.4899,16.0522,446.9604,215.6982,1.1876,,
DATA,A002,4,27,665508,-0.7135,0.6976,0.5731,14.0381,463.9282,208.6792,1.1507,,
DATA,A002,4,28,665518,-0.9974,0.4078,0.6757,23.6816,479.9194,201.9653,1.2719,,
DATA,A002,4,29,665528,-1.1893,0.2645,0.6605,33.6914,481.8115,197.0825,1.3859,,
DATA,A002,4,30,665538,-1.3368,0.1849,0.6727,45.9595,460.6323,193.7866,1.5079,,
DATA,A002,4,31,665548,-1.4322,0.1802,0.6398,65.3076,407.2876,189.2700,1.5789,,
DATA,A002,4,32,665558,-1.4332,0.2237,0.6554,78.1250,361.9385,186.0352,1.5918,,
DATA,A002,4,33,665568,-1.3326,0.3240,0.6798,89.4165,301.5137,179.3213,1.5307,,
DATA,A002,4,34,665578,-1.2418,0.3668,0.6578,86.1206,273.0103,173.1567,1.4524,,
DATA,A002,4,35,665588,-1.1254,0.3629,0.5565,72.4487,245.5444,164.3066,1.3068,,
DATA,A002,4,36,665598,-1.0465,0.3333,0.4725,65.9180,232.8491,161.8042,1.1956,,
DATA,A002,4,37,665608,-0.9173,0.2488,0.3375,58.5327,218.5669,156.6162,1.0086,,
DATA,A002,4,38,665618,-0.8116,0.1846,0.2765,54.9316,210.6934,153.5645,0.8771,,
DATA,A002,4,39,665628,-0.6810,0.0860,0.2025,49.9878,205.9326,148.4375,0.7157,,
DATA,A002,4,40,665638,-0.6053,0.0186,0.1869,52.6733,204.2847,140.7471,0.6338,,
DATA,A002,4,41,665648,-0.5187,-0.0710,0.1866,57.9224,205.9326,130.9204,0.5558,,
DATA,A002,4,42,665658,-0.4642,-0.1098,0.1876,57.6172,209.2285,127.4414,0.5126,,
DATA,A002,4,43,665668,-0.3834,-0.1489,0.1781,56.8848,218.0176,118.7134,0.4482,,
DATA,A002,4,44,665678,-0.3456,-0.1647,0.1493,58.2275,226.0742,113.6475,0.4109,,
DATA,A002,4,45,665688,-0.2735,-0.1777,0.1417,63.9648,235.5957,105.2246,0.3556,,
DATA,A002,4,46,665698,-0.2782,-0.1725,0.1393,66.1621,236.3281,99.9756,0.3557,,
DATA,A002,4,47,665708,-0.2716,-0.1625,0.1498,63.6597,234.8633,90.4541,0.3502,,
DATA,A002,4,48,665718,-0.2638,-0.1635,0.1503,58.9600,235.2295,79.4067,0.3448,,
DATA,A002,4,49,665728,-0.2806,-0.1699,0.1664,54.2603,241.0278,61.5845,0.3678,,
DATA,A002,4,50,665738,-0.3378,-0.1765,0.1639,54.0161,242.4927,49.9268,0.4148,,
DATA,A002,4,51,665748,-0.6278,-0.2814,0.2865,65.1245,204.2236,25.1465,0.7453,,
DATA,A002,4,52,665758,-0.7372,-0.2875,0.2538,94.4214,162.1704,-0.5493,0.8310,,
DATA,A002,4,53,665768,-0.6952,-0.1794,0.3412,126.4038,117.9199,-25.0244,0.7949,,
DATA,A002,4,54,665778,-0.6952,-0.0392,0.4132,113.5254,117.0654,-43.5791,0.8097,,
DATA,A002,4,55,665788,-0.8588,0.0687,0.5419,58.3496,122.0093,-65.9790,1.0177,,
DATA,A002,4,56,665798,-1.2086,0.0701,0.6586,25.6348,147.0337,-64.8804,1.3782,,
DATA,A002,4,57,665808,-2.2838,0.0945,1.1971,10.3149,148.9868,-121.7651,2.5803,,
DATA,A002,4,58,665818,-3.5873,0.3731,1.3671,28.9307,118.9575,-148.9258,3.8570,,
DATA,A002,4,59,665828,-5.0401,1.6829,1.7662,250.1221,-45.9595,-214.7217,5.5995,,
DATA,A002,4,60,665838,-5.1698,3.0008,1.3356,216.9800,-191.2231,-294.7388,6.1250,,
DATA,A002,4,61,665848,-4.0267,3.2491,1.0333,-13.9771,-355.1025,-335.5713,5.2762,,
DATA,A002,4,62,665858,-3.6278,2.6880,1.0907,-130.5542,-334.1064,-348.3887,4.6450,,
DATA,A002,4,63,665868,-3.4076,2.5792,1.3241,-213.5010,-214.9048,-411.8042,4.4740,,
DATA,A002,4,64,665878,-4.3102,2.2379,1.2767,-426.0254,-151.6113,-517.1509,5.0215,,
DATA,A002,4,65,665888,-4.1046,0.7801,1.1163,-565.6738,-279.4189,-507.8735,4.3246,,
DATA,A002,4,66,665898,-3.4405,0.7247,1.0445,-107.3608,-347.4731,-413.8184,3.6679,,
DATA,A002,4,67,665908,-2.7772,1.7935,1.0882,33.5083,-335.2661,-488.4644,3.4805,,
DATA,A002,4,68,665918,-2.2936,2.1456,1.0707,-235.8398,-177.8564,-512.2070,3.3182,,
DATA,A002,4,69,665928,-2.6122,1.5230,1.0011,-392.2119,-103.7598,-493.3472,3.1851,,
DATA,A002,4,70,665938,-3.3033,0.6617,1.0116,-337.5244,-99.4263,-523.6816,3.5175,,
DATA,A002,4,71,665948,-3.4728,0.7188,0.9933,-222.4121,-154.7241,-528.1372,3.6828,,
DATA,A002,4,72,665958,-3.3824,1.3641,0.9628,-164.3066,-218.9941,-524.9023,3.7721,,
DATA,A002,4,73,665968,-3.2494,1.5652,0.8448,-198.6694,-254.3945,-520.3247,3.7043,,
DATA,A002,4,74,665978,-2.8624,1.3231,0.6561,-241.8823,-261.5967,-506.6528,3.2209,,
DATA,A002,4,75,665988,-2.6610,1.0335,0.5968,-242.1265,-242.4316,-496.2158,2.9164,,
DATA,A002,4,76,665998,-2.5304,0.6951,0.5426,-220.5200,-223.1445,-483.2153,2.6796,,
DATA,A002,4,77,666008,-2.3470,0.5872,0.4437,-197.6929,-205.3223,-475.5859,2.4597,,
DATA,A002,4,78,666018,-2.0524,0.4964,0.2936,-165.8325,-187.2559,-452.5757,2.1318,,
DATA,A002,4,79,666028,-1.8253,0.4124,0.1937,-151.4893,-181.0303,-430.4199,1.8813,,
DATA,A002,4,80,666038,-1.4239,0.2249,0.0716,-137.6953,-154.9072,-391.1743,1.4434,,
DATA,A002,4,81,666048,-1.1879,0.0709,0.0257,-127.3804,-140.5029,-359.2529,1.1902,,
DATA,A002,4,82,666058,-0.8487,-0.1403,-0.0038,-106.3232,-127.7466,-303.5278,0.8603,,
DATA,A002,4,83,666068,-0.6141,-0.2565,0.0172,-88.5620,-117.0044,-264.3433,0.6658,,
DATA,A002,4,84,666078,-0.3058,-0.3166,0.0746,-56.7627,-104.1260,-204.7119,0.4464,,
DATA,A002,4,85,666088,-0.1688,-0.2792,0.0738,-33.5083,-91.3086,-167.9077,0.3345,,
DATA,A002,4,86,666098,-0.0372,-0.0793,0.0546,5.7373,-53.7720,-126.0986,0.1032,,
DATA,A002,4,87,666108,0.0763,0.1243,0.1556,31.2500,-25.2686,-104.4312,0.2133,,
DATA,A002,4,88,666118,0.3341,0.4173,0.3209,46.4478,2.6245,-72.5098,0.6235,,
DATA,A002,4,89,666128,0.4149,0.4952,0.2574,28.6865,-1.0376,-52.0020,0.6954,,
DATA,A002,4,90,666138,0.4862,0.3123,0.2862,-14.9536,-20.7520,-43.6401,0.6449,,
DATA,A002,4,91,666148,0.4994,0.0941,0.2113,-36.7432,-38.3911,-47.7295,0.5504,,
DATA,A002,4,92,666158,0.3534,-0.2053,0.1251,-43.6401,-60.4248,-57.8613,0.4274,,
DATA,A002,4,93,666168,0.2772,-0.2844,0.1044,-32.4097,-62.5610,-60.5469,0.4106,,
DATA,A002,4,94,666178,0.2257,-0.1508,0.2042,-5.1880,-45.2271,-52.7954,0.3397,,
DATA,A002,4,95,666188,0.1564,0.0721,0.1688,0.9766,-23.1934,-43.7012,0.2411,,
DATA,A002,4,96,666198,0.1300,0.3275,-0.0516,-20.4468,13.5498,-38.4521,0.3561,,
DATA,A002,4,97,666208,0.1527,0.3726,-0.2355,-44.1284,30.2124,-33.0811,0.4665,,
DATA,A002,4,98,666218,0.1674,0.3431,-0.3978,-63.2324,42.1143,-23.0713,0.5514,,
DATA,A002,4,99,666228,0.1588,0.2708,-0.4901,-64.2700,61.5845,-5.2490,0.5821,,
DATA,A002,4,100,666238,0.1373,0.2637,-0.4950,-53.8330,78.9795,-0.4272,0.5774,,
DATA,A002,4,101,666248,0.0856,0.2757,-0.4415,-34.8511,101.7456,2.3804,0.5275,,
DATA,A002,4,102,666258,0.0661,0.2608,-0.3847,-26.4282,107.9712,6.1646,0.4694,,
DATA,A002,4,103,666268,0.0602,0.1712,-0.2240,-19.1040,95.4590,15.0146,0.2883,,
DATA,A002,4,104,666278,0.0866,0.1226,-0.0968,-13.8550,75.8057,20.9961,0.1786,,
DATA,A002,4,105,666288,0.1342,0.0635,0.0406,-5.6763,39.7949,33.9966,0.1539,,
DATA,A002,4,106,666298,0.1759,0.0318,0.1073,-1.9531,14.8315,43.3350,0.2085,,
DATA,A002,4,107,666308,0.2133,0.0003,0.1478,1.7700,-8.9111,52.6733,0.2595,,
DATA,A002,4,108,666318,0.2255,0.0010,0.1381,4.0894,-13.4888,55.8472,0.2644,,
DATA,A002,4,109,666328,0.1818,0.0211,0.0799,6.7749,-13.7939,63.2935,0.1997,,
DATA,A002,4,110,666338,0.1474,0.0242,0.0026,6.8970,-14.7095,68.9697,0.1494,,
DATA,A002,4,111,666348,0.1732,0.0135,-0.0778,7.3242,-18.7378,72.9370,0.1904,,
DATA,A002,4,112,666358,0.2204,0.0115,-0.1420,7.9956,-12.2681,75.8057,0.2624,,
DATA,A002,4,113,666368,0.2506,-0.0288,-0.2301,9.0332,9.2163,78.1250,0.3415,,
DATA,A002,4,114,666378,0.2370,-0.0651,-0.2321,12.2070,27.2827,79.5898,0.3380,,
DATA,A002,4,115,666388,0.1605,-0.0812,-0.2147,21.9727,52.0020,83.0688,0.2801,,
DATA,A002,4,116,666398,0.0846,-0.0602,-0.2357,30.3955,63.3545,85.8154,0.2576,,
DATA,A002,4,117,666408,0.0009,0.0201,-0.2716,44.1895,73.6084,90.0269,0.2724,,
DATA,A002,4,118,666418,-0.0243,0.0862,-0.2660,52.7954,78.2471,92.4072,0.2807,,
DATA,A002,4,119,666428,-0.0287,0.1656,-0.2455,61.5234,82.0923,94.1772,0.2975,,
DATA,A002,4,120,666438,-0.0194,0.1822,-0.2343,63.1714,82.9468,94.1162,0.2974,,
DATA,A002,4,121,666448,0.0097,0.1785,-0.2067,64.2090,80.9326,92.8345,0.2733,,
DATA,A002,4,122,666458,0.0390,0.1771,-0.2033,67.0166,80.6885,92.5903,0.2724,,
DATA,A002,4,123,666468,0.0841,0.1854,-0.2091,73.9136,82.0923,94.2993,0.2918,,
DATA,A002,4,124,666478,0.1161,0.2046,-0.1974,78.7354,85.3882,97.5342,0.3071,,
DATA,A002,4,125,666488,0.1596,0.2501,-0.1835,81.1157,94.2993,105.2856,0.3488,,
DATA,A002,4,126,666498,0.1847,0.2803,-0.1962,80.7495,101.6846,111.3892,0.3888,,
DATA,A002,4,127,666508,0.2186,0.3035,-0.2096,79.5898,117.1265,124.3286,0.4288,,
DATA,A002,4,128,666518,0.2531,0.3326,-0.1727,80.8716,132.7515,133.1177,0.4522,,
DATA,A002,4,129,666528,0.3419,0.4141,-0.1422,86.0596,164.6118,147.0337,0.5556,,
DATA,A002,4,130,666538,0.3947,0.4927,-0.1337,90.6982,189.3921,159.3018,0.6453,,
DATA,A002,4,131,666548,0.4620,0.6402,-0.1051,97.1680,230.5298,177.4902,0.7965,,
DATA,A002,4,132,666558,0.4935,0.7427,-0.0292,101.6235,255.0049,189.8804,0.8922,,
DATA,A002,4,133,666568,0.5429,0.8399,0.1029,101.2573,268.4937,206.0547,1.0053,,
DATA,A002,4,134,666578,0.5016,0.9627,0.2333,86.0596,272.3999,258.9111,1.1103,,
DATA,A002,4,135,666588,0.4169,1.0206,0.2862,66.2842,258.6060,308.6548,1.1390,,
DATA,A002,4,136,666598,0.1828,1.1353,0.3121,41.3818,230.1025,391.9678,1.1915,,
DATA,A002,4,137,666608,-0.0201,1.2408,0.2579,37.5977,210.9985,442.8101,1.2675,,
DATA,A002,4,138,666618,-0.3861,1.4771,0.1136,53.0396,168.3350,514.8315,1.5310,,
DATA,A002,4,139,666628,-0.6798,1.6866,-0.0455,69.3359,145.5078,552.6733,1.8190,,
DATA,A002,4,140,666638,-1.2113,2.1353,-0.0101,90.3931,156.5552,607.1777,2.4550,,
DATA,A002,4,141,666648,-1.6034,2.5667,0.1966,101.9287,169.3726,656.1279,3.0327,,
DATA,A002,4,142,666658,-1.8421,3.5845,0.5043,132.9956,211.4258,711.9141,4.0616,,
DATA,A002,4,143,666668,-1.9025,4.3394,0.5121,141.2964,224.3652,724.6094,4.7657,,
DATA,A002,4,144,666678,-2.8893,4.7999,0.3456,88.6841,190.0635,703.5522,5.6130,,
DATA,A002,4,145,666688,-3.3453,4.8614,0.4069,51.5137,213.2568,654.7241,5.9152,,
DATA,A002,4,146,666698,-3.8038,4.6941,0.4198,-2.0752,240.9668,616.0278,6.0564,,
DATA,A002,4,147,666708,-3.9352,4.3121,0.3871,-30.4565,232.9102,588.9282,5.8506,,
DATA,A002,4,148,666718,-3.5148,3.5921,0.1937,-48.4009,172.1191,552.6123,5.0293,,
DATA,A002,4,149,666728,-3.1825,3.2191,0.0948,-48.2178,117.9810,527.0386,4.5276,,
DATA,A002,4,150,666738,-2.8505,2.8685,0.0001,-42.4194,54.4434,483.2764,4.0439,,
DATA,A002,4,151,666748,-2.6913,2.6795,-0.0121,-41.2598,36.4990,458.6182,3.7977,,
DATA,A002,4,152,666758,-2.5443,2.3680,-0.0499,-43.7012,48.0347,427.8564,3.4761,,
DATA,A002,4,153,666768,-2.4857,2.1478,-0.0863,-42.4194,64.3921,409.6680,3.2862,,
DATA,A002,4,154,666778,-2.4427,1.8953,-0.1744,-32.5928,79.1016,382.6294,3.0967,,
DATA,A002,4,155,666788,-2.4393,1.7862,-0.2330,-27.0386,73.8525,361.2671,3.0323,,
DATA,A002,4,156,666798,-2.3334,1.6553,-0.3046,-22.8882,48.9502,325.8667,2.8771,,
DATA,A002,4,157,666808,-2.1852,1.5630,-0.3256,-21.7285,26.1841,305.4199,2.7063,,
DATA,A002,4,158,666818,-1.9764,1.3675,-0.3573,-22.1558,4.3945,273.1934,2.4298,,
DATA,A002,4,159,666828,-1.8561,1.2003,-0.3302,-21.9116,4.0283,245.3613,2.2349,,
DATA,A002,4,160,666838,-1.7042,0.9122,-0.2455,-17.1509,22.9492,202.8809,1.9485,,
DATA,A002,4,161,666848,-1.6427,0.7344,-0.1664,-9.0942,34.6069,176.8799,1.8071,,
DATA,A002,4,162,666858,-1.5946,0.5154,-0.0599,6.1035,38.4521,138.4888,1.6769,,
DATA,A002,4,163,666868,-1.5484,0.3978,0.0240,12.5732,36.6211,110.7178,1.5989,,
DATA,A002,4,164,666878,-1.4427,0.2691,0.0941,12.3291,21.1792,67.8101,1.4706,,
DATA,A002,4,165,666888,-1.3573,0.1714,0.0902,6.7139,7.8735,39.9780,1.3710,,
DATA,A002,4,166,666898,-1.2235,0.0521,-0.0050,-2.8687,-10.0098,-2.0142,1.2246,,
DATA,A002,4,167,666908,-1.1761,-0.0114,-0.0680,-4.3945,-13.7939,-31.2500,1.1782,,
DATA,A002,4,168,666918,-1.1493,-0.0693,-0.0907,2.3804,-6.5918,-61.8286,1.1549,,
DATA,A002,4,169,666928,-1.1732,-0.0644,-0.0675,29.9072,19.0430,-109.0698,1.1769,,
DATA,A002,4,170,666938,-1.2381,0.0167,-0.0150,53.7109,43.0298,-140.4419,1.2383,,
DATA,A002,4,171,666948,-1.4891,0.2466,-0.0180,82.8247,68.7256,-183.5327,1.5095,,
DATA,A002,4,172,666958,-1.7555,0.4158,-0.0577,97.4731,74.1577,-209.5337,1.8050,,
DATA,A002,4,173,666968,-2.2110,0.6951,-0.0592,114.5630,63.7207,-252.0752,2.3185,,
DATA,A002,4,174,666978,-2.4803,0.9246,-0.0204,128.1128,46.8750,-283.0200,2.6471,,
DATA,A002,4,175,666988,-2.9393,1.3301,0.0897,144.7754,9.9487,-326.2329,3.2275,,
DATA,A002,4,176,666998,-3.1825,1.6285,0.0875,151.1841,-21.7896,-362.3047,3.5760,,
DATA,A002,4,177,667008,-3.6949,2.0587,0.0082,147.9492,-69.4580,-414.6729,4.2297,,
DATA,A002,4,178,667018,-4.0292,2.3753,-0.0409,145.0195,-121.0938,-442.7490,4.6774,,
DATA,A002,4,179,667028,-4.5729,3.0091,-0.0934,122.8638,-180.3589,-507.0801,5.4749,,
DATA,A002,4,180,667038,-4.6219,3.2510,-0.1141,98.0225,-209.7778,-555.7251,5.6519,,
DATA,A002,4,181,667048,-4.4606,3.4239,-0.1242,44.4946,-197.5098,-607.1777,5.6245,,
DATA,A002,4,182,667058,-4.6507,3.2662,-0.2116,-5.0659,-159.2407,-691.5283,5.6870,,
DATA,A002,4,183,667068,-4.8163,2.9883,-0.1930,10.3149,-58.5327,-732.4829,5.6713,,
DATA,A002,4,184,667078,-5.2467,3.1475,-0.1522,46.2646,-45.9595,-777.9541,6.1203,,
DATA,A002,4,185,667088,-5.7494,3.4424,-0.3556,62.1338,-73.5474,-809.9365,6.7106,,
DATA,A002,4,186,667098,-6.0775,3.6006,-0.3578,69.5190,-138.1226,-816.4673,7.0731,,
DATA,A002,4,187,667108,-6.1090,3.9542,-0.4730,68.5425,-249.4507,-817.1387,7.2924,,
DATA,A002,4,188,667118,-5.8771,4.1714,-0.5346,53.8940,-302.1240,-809.8145,7.2268,,
DATA,A002,4,189,667128,-5.3700,4.3174,-0.6278,27.4658,-293.7622,-815.4297,6.9189,,
DATA,A002,4,190,667138,-5.2184,4.4341,-0.7020,23.4985,-257.2021,-814.3311,6.8837,,
DATA,A002,4,191,667148,-4.8441,4.4153,-0.2997,30.0293,-188.8428,-807.4341,6.5613,,
DATA,A002,4,192,667158,-4.0179,3.9783,-0.3966,26.0620,-114.0137,-831.9702,5.6682,,
DATA,A002,4,193,667168,-3.2389,3.2745,0.2020,32.8979,-72.2046,-769.8975,4.6101,,
DATA,A002,4,194,667178,-2.6664,3.5132,1.6127,59.8755,-139.1602,-721.3745,4.6961,,
DATA,A002,4,195,667188,-1.5770,2.8575,-1.3036,28.0762,-403.5645,-584.1064,3.5145,,
DATA,A002,4,196,667198,-0.7057,2.4100,-1.6036,37.2925,-527.3438,-504.2114,2.9795,,
DATA,A002,4,197,667208,0.6366,2.2176,-2.1093,37.5366,-491.2109,-429.6875,3.1260,,
DATA,A002,4,198,667218,0.8900,2.1026,-1.9284,32.7759,-368.7134,-374.8169,2.9886,,
DATA,A002,4,199,667228,1.4391,1.7657,-1.6212,29.2358,-231.1401,-313.7817,2.7959,,
DATA,A002,4,200,667238,1.7013,1.5069,-1.1603,50.1709,-148.3154,-246.5820,2.5518,,
DATA,A002,4,201,667248,1.3444,1.3326,-0.7452,30.6396,-88.6230,-203.9795,2.0343,,
DATA,A002,4,202,667258,0.9313,1.1197,-0.2723,-16.8457,-46.2646,-167.0532,1.4816,,
DATA,A002,4,203,667268,0.6769,0.8260,-0.1708,-64.3921,-71.6553,-130.7373,1.0815,,
DATA,A002,4,204,667278,0.5365,0.5342,-0.5697,-93.6890,-103.6377,-118.1030,0.9475,,
DATA,A002,4,205,667288,0.6090,0.2393,-0.6334,-94.2993,-123.2910,-114.0747,0.9107,,
DATA,A002,4,206,667298,0.9440,0.1517,-0.3598,-39.6118,-99.0601,-119.9951,1.0215,,
DATA,A002,4,207,667308,0.9186,0.2527,-0.3453,-11.5356,-56.2744,-122.0703,1.0134,,
DATA,A002,4,208,667318,0.7125,0.3587,-0.3243,0.8545,6.1646,-126.3428,0.8612,,
DATA,A002,4,209,667328,0.5333,0.3846,-0.2697,1.0376,32.3486,-127.5024,0.7107,,
DATA,A002,4,210,667338,0.2343,0.3902,-0.1896,-1.0376,47.1802,-120.6665,0.4930,,
DATA,A002,4,211,667348,0.1793,0.3936,-0.1837,-5.0049,48.2788,-113.7085,0.4699,,
DATA,A002,4,212,667358,0.1437,0.3189,-0.2404,-21.5454,38.9404,-92.7124,0.4244,,
DATA,A002,4,213,667368,0.1373,0.2481,-0.2550,-29.6021,30.2124,-73.8525,0.3814,,
DATA,A002,4,214,667378,0.2509,0.1634,-0.3405,-28.6255,27.5269,-47.9736,0.4534,,
DATA,A002,4,215,667388,0.3324,0.1072,-0.3151,-20.0195,24.2920,-27.8320,0.4704,,
DATA,A002,4,216,667398,0.3786,0.0599,-0.1742,-3.6011,25.0244,0.0610,0.4210,,
DATA,A002,4,217,667408,0.3764,0.0701,-0.0411,6.3477,30.8838,14.0381,0.3850,,
DATA,A002,4,218,667418,0.1950,0.1006,0.0746,14.8315,37.8418,36.0718,0.2317,,
DATA,A002,4,219,667428,0.0621,0.1282,0.0987,18.9209,43.5181,43.3960,0.1734,,
DATA,A002,4,220,667438,-0.0792,0.1304,0.0343,23.1323,51.8799,48.0347,0.1564,,
DATA,A002,4,221,667448,-0.1371,0.0994,0.0411,24.2920,52.0020,49.0723,0.1743,,
DATA,A002,4,222,667458,-0.1507,0.0699,0.0970,26.2451,55.2979,45.5322,0.1924,,
DATA,A002,4,223,667468,-0.1117,0.0755,0.1061,27.7100,59.2041,41.0767,0.1715,,
DATA,A002,4,224,667478,-0.0328,0.1014,0.1178,29.6631,64.3921,35.5835,0.1588,,
DATA,A002,4,225,667488,-0.0143,0.1155,0.0770,27.6489,67.1997,34.5459,0.1396,,
DATA,A002,4,226,667498,-0.0409,0.1092,0.0072,23.4985,71.6553,28.9917,0.1168,,
DATA,A002,4,227,667508,-0.0043,0.0897,-0.0133,23.3765,81.1157,24.9634,0.0907,,
DATA,A002,4,228,667518,0.0158,0.0667,0.0211,17.8833,71.5942,35.3394,0.0717,,
DATA,A002,4,229,667528,0.0172,0.0572,0.0206,15.0757,57.1289,40.7104,0.0632,,
DATA,A002,4,230,667538,0.0514,0.0447,0.0104,14.6484,41.9922,43.7012,0.0689,,
DATA,A002,4,231,667548,0.1210,0.0425,0.0265,15.2588,37.4146,48.4619,0.1310,,
DATA,A002,4,232,667558,0.1954,0.0650,0.0321,17.0898,37.4146,56.3965,0.2085,,
DATA,A002,4,233,667568,0.2445,0.0906,0.0221,18.6768,44.5557,60.8521,0.2617,,
DATA,A002,4,234,667578,0.2694,0.1099,0.0126,19.7754,56.3965,65.0635,0.2913,,
DATA,A002,4,235,667588,0.2189,0.1336,-0.0150,20.0195,66.1011,71.5942,0.2569,,
DATA,A002,4,236,667598,0.1659,0.1468,-0.0453,18.7378,67.0776,76.4160,0.2261,,
DATA,A002,4,237,667608,0.1237,0.1595,-0.1193,16.5405,58.7769,79.1016,0.2344,,
DATA,A002,4,238,667618,0.1246,0.1766,-0.1820,17.3950,49.4385,78.9185,0.2826,,
DATA,A002,4,239,667628,0.1476,0.2420,-0.3107,22.0337,33.0200,78.9185,0.4206,,
DATA,A002,4,240,667638,0.2025,0.2881,-0.3656,24.8413,26.1230,75.8667,0.5077,,
DATA,A002,4,241,667648,0.3180,0.3336,-0.3798,22.2168,24.2920,69.5190,0.5972,,
DATA,A002,4,242,667658,0.3683,0.3399,-0.4159,12.3291,32.2266,65.6738,0.6513,,
DATA,A002,4,243,667668,0.4274,0.2933,-0.5038,-6.5308,55.3589,60.3638,0.7228,,
DATA,A002,4,244,667678,0.4835,0.2408,-0.5182,-14.6484,76.9043,58.8989,0.7485,,
DATA,A002,4,245,667688,0.5104,0.1597,-0.4464,-18.4326,107.1167,61.2793,0.6966,,
DATA,A002,4,246,667698,0.5424,0.1160,-0.3654,-18.9819,125.6714,67.6880,0.6642,,
DATA,A002,4,247,667708,0.5285,0.0472,-0.2560,-25.0244,147.3389,89.9658,0.5891,,
DATA,A002,4,248,667718,0.5182,-0.0129,-0.0868,-23.9258,151.6113,109.8633,0.5256,,
DATA,A002,4,249,667728,0.4074,-0.0956,0.0824,-17.4561,140.1367,163.0859,0.4265,,
DATA,A002,4,250,667738,0.2504,-0.1686,0.2062,-11.9019,115.4785,215.2100,0.3656,,
DATA,A002,4,251,667748,0.0424,-0.2172,0.5187,7.9956,63.8428,318.2983,0.5639,,
DATA,A002,4,252,667758,-0.0890,-0.0815,0.7718,28.1372,18.3716,393.4937,0.7812,,
DATA,A002,4,253,667768,-0.2455,0.3707,0.9291,60.0586,-27.8320,490.3564,1.0300,,
DATA,A002,4,254,667778,-0.3790,0.7039,0.8527,76.4771,-6.8970,547.3633,1.1688,,
DATA,A002,4,255,667788,-0.3497,1.2410,0.8819,102.4170,79.4678,628.2959,1.5621,,
DATA,A002,4,256,667798,-0.2416,1.6561,0.8348,118.2861,147.6440,694.8853,1.8703,,
DATA,A002,4,257,667808,-0.2589,2.2569,0.4173,127.9907,228.8818,809.8145,2.3097,,
DATA,A002,4,258,667818,-0.4315,2.6509,0.0922,133.9111,266.1133,856.0791,2.6874,,
DATA,A002,4,259,667828,-0.7836,3.6634,-0.0516,155.0293,304.5654,865.9058,3.7466,,
DATA,A002,4,260,667838,-1.4286,4.6338,-0.0433,150.8179,345.0928,854.4312,4.8493,,
DATA,A002,4,261,667848,-2.0270,5.9192,-0.0385,95.2148,470.1538,794.2505,6.2568,,
DATA,A002,4,262,667858,-2.1249,5.9251,-0.0079,0.4272,532.8979,787.0483,6.2946,,
DATA,A002,4,263,667868,-2.3019,5.1544,-0.0836,-129.0894,583.5571,792.8467,5.6456,,
DATA,A002,4,264,667878,-2.3629,5.1839,-0.1759,-160.5225,580.5054,791.4429,5.6997,,
DATA,A002,4,265,667888,-2.1620,5.9720,-0.5477,-206.4819,526.2451,786.8652,6.3749,,
DATA,A002,4,266,667898,-1.9049,6.3724,-0.9921,-259.3384,488.6475,777.9541,6.7246,,
DATA,A002,4,267,667908,-1.2201,6.4959,-1.8441,-298.6450,431.5186,787.4146,6.8619,,
DATA,A002,4,268,667918,-1.0570,6.5037,-1.9325,-293.7012,383.7891,794.1895,6.8666,,
DATA,A002,4,269,667928,-1.1398,6.3526,-1.6163,-297.8516,335.0830,768.9819,6.6534,,
DATA,A002,4,270,667938,-1.3710,5.7161,-1.0702,-305.0537,279.3579,702.6978,5.9749,,
DATA,A002,4,271,667948,-1.5528,5.1129,-0.8668,-325.9277,225.4639,640.0146,5.4133,,
DATA,A002,4,272,667958,-1.5609,4.0074,-0.7120,-348.6938,129.8218,534.3018,4.3592,,
DATA,A002,4,273,667968,-1.3578,3.4500,-0.7824,-336.6699,64.5752,469.9707,3.7892,,
DATA,A002,4,274,667978,-0.9701,2.9734,-0.9977,-272.9492,-10.3149,410.2173,3.2830,,
DATA,A002,4,275,667988,-0.7076,2.8760,-0.9594,-221.6797,-20.1416,382.2632,3.1133,,
DATA,A002,4,276,667998,-0.4149,2.8738,-1.0358,-168.3960,10.0098,343.9331,3.0828,,
DATA,A002,4,277,668008,-0.5069,2.7764,-1.1415,-152.5879,45.7153,322.6318,3.0444,,
DATA,A002,4,278,668018,-0.7914,2.5096,-1.0109,-133.4229,114.1968,281.9824,2.8189,,
DATA,A002,4,279,668028,-1.0426,2.2930,-0.9708,-122.2534,132.6904,261.3525,2.6995,,
DATA,A002,4,280,668038,-1.3856,1.8882,-0.9489,-119.0186,131.5308,245.1172,2.5270,,
DATA,A002,4,281,668048,-1.5001,1.5635,-1.0055,-129.3335,131.1646,232.5439,2.3887,,
DATA,A002,4,282,668058,-1.4698,0.9949,-1.0675,-147.4609,143.3105,206.1768,2.0712,,
DATA,A002,4,283,668068,-1.4452,0.6050,-0.9874,-142.8833,157.6538,183.4717,1.8519,,
DATA,A002,4,284,668078,-1.3802,0.3065,-0.9457,-95.1538,154.6021,146.1182,1.7010,,
DATA,A002,4,285,668088,-1.3942,0.2147,-0.9462,-56.9458,137.6343,126.4648,1.6985,,
DATA,A002,4,286,668098,-1.4537,0.1924,-0.9493,-12.3291,74.2798,93.5059,1.7469,,
DATA,A002,4,287,668108,-1.5096,0.1775,-0.8212,6.8359,29.1748,74.2188,1.7277,,
DATA,A002,4,288,668118,-1.6280,0.1553,-0.6752,25.1465,-32.5317,43.4570,1.7693,,
DATA,A002,4,289,668128,-1.6781,0.0789,-0.6066,29.7852,-65.4907,20.6909,1.7861,,
DATA,A002,4,290,668138,-1.6986,-0.1083,-0.5531,32.7148,-87.8906,-20.8740,1.7897,,
DATA,A002,4,291,668148,-1.6798,-0.2541,-0.5380,41.6260,-89.3555,-48.8892,1.7820,,
DATA,A002,4,292,668158,-1.6644,-0.3708,-0.4308,79.4067,-82.4585,-86.6089,1.7588,,
DATA,A002,4,293,668168,-1.6881,-0.2597,-0.3666,121.7041,-77.6978,-112.3047,1.7469,,
DATA,A002,4,294,668178,-1.7897,0.1170,-0.2853,181.4575,-77.3315,-156.0669,1.8160,,
DATA,A002,4,295,668188,-1.8653,0.4222,-0.2523,205.0171,-74.8291,-194.4580,1.9291,,
DATA,A002,4,296,668198,-2.0333,0.8956,-0.2575,221.8018,-65.5518,-261.5356,2.2367,,
DATA,A002,4,297,668208,-2.2023,1.2337,-0.3327,227.6001,-65.1245,-308.8379,2.5461,,
DATA,A002,4,298,668218,-2.5936,1.8155,-0.4965,238.4033,-78.0640,-380.6152,3.2046,,
DATA,A002,4,299,668228,-2.8512,2.3221,-0.7106,255.0659,-100.5249,-428.1006,3.7452,,
DATA,A002,4,300,668238,-3.1432,3.4246,-1.0028,306.9458,-130.5542,-495.0562,4.7553,,
DATA,A002,4,301,668248,-3.3031,4.6041,-0.9506,331.1157,-165.8936,-530.9448,5.7456,,
DATA,A002,4,302,668258,-3.3834,5.5894,-0.8971,254.3945,-221.4355,-583.4351,6.5950,,
DATA,A002,4,303,668268,-3.2355,4.9949,-0.8370,184.3872,-240.7227,-626.4038,6.0098,,
DATA,A002,4,304,668278,-3.2308,4.7276,-0.7929,171.1426,-247.3755,-673.8281,5.7807,,
DATA,A002,4,305,668288,-3.5470,5.2986,-0.8768,179.9927,-239.1357,-737.3657,6.4363,,
DATA,A002,4,306,668298,-3.8832,5.8087,-1.0595,158.7524,-249.3896,-786.1938,7.0670,,
DATA,A002,4,307,668308,-3.9711,5.8746,-1.2284,138.1226,-259.8267,-807.8613,7.1964,,
DATA,A002,4,308,668318,-4.0621,5.7896,-1.3380,123.3521,-269.6533,-822.3267,7.1980,,
DATA,A002,4,309,668328,-4.2125,5.8807,-1.3619,122.6196,-256.4087,-847.9004,7.3609,,
DATA,A002,4,310,668338,-4.2555,5.9312,-1.3471,119.2627,-228.5767,-860.0464,7.4231,,
DATA,A002,4,311,668348,-4.4376,5.8360,-1.2264,104.8584,-174.3774,-872.8027,7.4334,,
DATA,A002,4,312,668358,-4.5834,5.6995,-1.1239,100.4028,-146.9116,-874.6948,7.3997,,
DATA,A002,4,313,668368,-4.9862,5.4451,-0.8397,91.7358,-151.9165,-865.4175,7.4308,,
DATA,A002,4,314,668378,-5.0956,5.2938,-0.7243,88.3789,-174.5605,-855.6519,7.3833,,
DATA,A002,4,315,668388,-4.9408,5.0181,-0.6098,90.9424,-213.9282,-842.2241,7.0686,,
DATA,A002,4,316,668398,-4.6466,4.8177,-0.5917,85.8765,-237.7319,-833.0078,6.7194,,
DATA,A002,4,317,668408,-4.1376,4.5799,-0.4223,74.3408,-251.4648,-813.1104,6.1865,,
DATA,A002,4,318,668418,-3.7347,4.4776,-0.2780,64.5752,-247.7417,-791.1377,5.8373,,
DATA,A002,4,319,668428,-3.0255,3.9527,-0.1559,34.5459,-239.5020,-744.8120,4.9801,,
DATA,A002,4,320,668438,-2.5646,3.5386,-0.1654,16.1133,-230.2856,-717.1631,4.3734,,
DATA,A002,4,321,668448,-1.8785,3.0150,-0.2343,-3.5400,-211.1816,-678.8330,3.5600,,
DATA,A002,4,322,668458,-1.3993,2.7293,-0.3056,-13.6108,-194.3970,-646.8506,3.0823,,
DATA,A002,4,323,668468,-0.6268,2.4166,-0.4989,-22.3999,-180.9082,-579.8950,2.5459,,
DATA,A002,4,324,668478,-0.1295,2.2845,-0.5868,-24.5361,-174.3164,-516.1743,2.3622,,
DATA,A002,4,325,668488,0.4210,2.1773,-0.7863,-31.3721,-167.3584,-415.7104,2.3529,,
DATA,A002,4,326,668498,0.6273,2.1287,-0.7562,-34.4238,-178.3447,-350.9521,2.3445,,
DATA,A002,4,327,668508,1.0829,2.0950,-0.4769,-48.9502,-183.2275,-241.0889,2.4061,,
DATA,A002,4,328,668518,1.4352,1.9517,-0.3973,-78.6743,-169.1895,-174.4995,2.4550,,
DATA,A002,4,329,668528,1.5390,1.4944,-0.3959,-116.0278,-137.5122,-133.7891,2.1814,,
DATA,A002,4,330,668538,1.5206,1.1819,-0.3766,-112.3657,-95.5811,-139.8315,1.9624,,
DATA,A002,4,331,668548,1.2982,0.8621,-0.3944,-74.8291,-25.9399,-139.4043,1.6076,,
DATA,A002,4,332,668558,1.0685,0.7891,-0.3917,-38.3911,4.4556,-127.6855,1.3849,,
DATA,A002,4,333,668568,0.7758,0.8572,-0.2933,9.9487,21.3623,-97.8394,1.1928,,
DATA,A002,4,334,668578,0.5678,0.9368,-0.1913,26.9165,17.5781,-75.3174,1.1120,,
DATA,A002,4,335,668588,0.3849,1.0237,-0.1566,31.3721,4.3945,-46.0205,1.1049,,
DATA,A002,4,336,668598,0.3624,1.0118,-0.1954,22.5830,-4.8828,-23.1323,1.0924,,
DATA,A002,4,337,668608,0.3912,0.8436,-0.2062,1.6479,-11.7798,5.0659,0.9525,,
DATA,A002,4,338,668618,0.4411,0.6807,-0.1820,-11.2305,-4.9438,14.1602,0.8313,,
DATA,A002,4,339,668628,0.4679,0.4918,-0.1549,-21.5454,13.0005,14.7705,0.6962,,
DATA,A002,4,340,668638,0.4032,0.1978,-0.0936,-27.7710,46.8140,8.1177,0.4588,,
DATA,A002,4,341,668648,0.3231,0.0206,-0.0519,-25.5127,66.8945,8.3008,0.3279,,
DATA,A002,4,342,668658,0.1727,-0.1938,-0.0094,-15.7471,80.5054,20.4468,0.2598,,
DATA,A002,4,343,668668,0.0863,-0.2866,0.0123,-6.1035,76.9653,30.5786,0.2995,,
DATA,A002,4,344,668678,0.0177,-0.3244,0.0426,8.1787,58.5938,42.6025,0.3277,,
DATA,A002,4,345,668688,0.0343,-0.2829,0.0624,18.4326,45.2271,48.6450,0.2917,,
DATA,A002,4,346,668698,0.1222,-0.1235,0.0748,33.1421,34.6069,56.4575,0.1892,,
DATA,A002,4,347,668708,0.1708,0.0059,0.0626,37.3535,38.0859,60.7910,0.1820,,
DATA,A002,4,348,668718,0.2016,0.1492,0.0289,33.5693,52.4902,65.6128,0.2524,,
DATA,A002,4,349,668728,0.1791,0.1866,-0.0153,26.4893,61.7676,70.6787,0.2591,,
DATA,A002,4,350,668738,0.1212,0.1566,-0.0502,18.0664,61.9507,80.9326,0.2043,,
DATA,A002,4,351,668748,0.0868,0.1226,-0.0807,16.3574,51.2695,88.0737,0.1705,,
DATA,A002,4,352,668758,0.0802,0.0975,-0.1115,19.5312,29.9072,100.4639,0.1684,,
DATA,A002,4,353,668768,0.0939,0.1058,-0.1281,24.7192,13.6719,110.6567,0.1908,,
DATA,A002,4,354,668778,0.1039,0.1580,-0.1908,31.4941,-0.8545,124.5728,0.2686,,
DATA,A002,4,355,668788,0.1090,0.1829,-0.2260,33.7524,-3.7231,133.7891,0.3105,,
DATA,A002,4,356,668798,0.1478,0.2020,-0.2318,36.3770,-2.3193,149.6582,0.3412,,
DATA,A002,4,357,668808,0.1508,0.2156,-0.2362,38.9404,0.2441,160.4614,0.3536,,
DATA,A002,4,358,668818,0.1303,0.2469,-0.2377,46.3257,11.2305,172.9736,0.3666,,
DATA,A002,4,359,668828,0.1176,0.2696,-0.2284,52.5513,23.0103,180.1758,0.3724,,
DATA,A002,4,360,668838,0.0651,0.3011,-0.1815,61.8896,34.7290,193.5425,0.3575,,
DATA,A002,4,361,668848,0.0365,0.3304,-0.1791,66.8335,39.3066,201.1108,0.3776,,
DATA,A002,4,362,668858,-0.0130,0.3580,-0.1849,73.3032,40.5884,209.1675,0.4031,,
DATA,A002,4,363,668868,-0.0206,0.3677,-0.1762,76.1108,41.1987,213.2568,0.4083,,
DATA,A002,4,364,668878,0.0331,0.3741,-0.1159,79.5898,42.0532,217.5293,0.3930,,
DATA,A002,4,365,668888,0.0526,0.3946,-0.1046,82.2144,46.5088,220.7642,0.4116,,
DATA,A002,4,366,668898,0.0704,0.4202,-0.0971,86.1206,63.9648,225.3418,0.4370,,
DATA,A002,4,367,668908,0.0468,0.4451,-0.0797,89.5386,72.2656,230.1025,0.4546,,
DATA,A002,4,368,668918,-0.0672,0.4654,-0.0690,91.7969,79.0405,236.9385,0.4753,,
DATA,A002,4,369,668928,-0.1561,0.4693,-0.1105,90.2710,77.0874,239.9292,0.5068,,
DATA,A002,4,370,668938,-0.2491,0.4554,-0.1513,86.5479,72.3267,241.8823,0.5407,,
DATA,A002,4,371,668948,-0.2965,0.4412,-0.1437,85.9375,66.4673,240.1123,0.5507,,
DATA,A002,4,372,668958,-0.3331,0.4354,-0.1329,85.9985,67.3828,235.2905,0.5641,,
DATA,A002,4,373,668968,-0.3934,0.4525,-0.0104,88.1348,76.9043,226.0132,0.5997,,
DATA,A002,4,374,668978,-0.4796,0.4764,0.1615,87.5854,81.5430,219.5435,0.6950,,
DATA,A002,4,375,668988,-0.6691,0.4918,0.3995,75.7446,74.0356,206.7871,0.9215,,
DATA,A002,4,376,668998,-0.8551,0.4346,0.5079,58.8989,68.0542,204.9561,1.0854,,
DATA,A002,4,377,669008,-1.4515,0.2422,0.5358,26.8555,63.4155,214.3555,1.5661,,
DATA,A002,4,378,669018,-2.0011,0.0821,0.5445,4.5166,85.2051,225.8301,2.0755,,
DATA,A002,4,379,669028,-2.6297,-0.2192,0.6725,-12.3901,157.5317,251.2817,2.7232,,
DATA,A002,4,380,669038,-3.0301,-0.3605,0.7076,0.4883,173.1567,278.0151,3.1325,,
DATA,A002,4,381,669048,-4.1075,-0.5417,0.7618,26.1841,45.8374,335.2051,4.2126,,
DATA,A002,4,382,669058,-4.7318,-0.5952,1.1132,48.7061,-34.5459,354.0649,4.8973,,
DATA,A002,4,383,669068,-4.8043,-0.2895,1.4503,80.8105,-76.9653,307.2510,5.0268,,
DATA,A002,4,384,669078,-4.3338,-0.0934,1.5409,90.9424,-144.8364,268.9819,4.6006,,
DATA,A002,4,385,669088,-3.6095,-0.2470,1.6962,91.1255,-268.3105,211.7920,3.9958,,
DATA,A002,4,386,669098,-3.2662,-0.3757,1.8846,104.4922,-309.2041,166.0156,3.7896,,
DATA,A002,4,387,669108,-2.8619,-0.4235,2.0087,122.8027,-310.2417,90.1489,3.5220,,
DATA,A002,4,388,669118,-2.6622,-0.4738,1.9962,125.5493,-285.5835,47.9126,3.3611,,
DATA,A002,4,389,669128,-2.4003,-0.6433,1.8031,130.9814,-252.0142,20.2026,3.0702,,
DATA,A002,4,390,669138,-2.0690,-0.7419,1.7245,135.3149,-216.4307,8.1787,2.7937,,
DATA,A002,4,391,669148,-1.7355,-0.6967,1.7115,149.9634,-186.2183,-6.6528,2.5351,,
DATA,A002,4,392,669158,-1.4347,-0.4702,1.8299,161.8652,-187.1338,-16.6016,2.3724,,
DATA,A002,4,393,669168,-1.0836,-0.0602,1.7831,162.2314,-202.3315,-24.7803,2.0874,,
DATA,A002,4,394,669178,-0.9562,0.1483,1.6896,152.4048,-204.6509,-38.5742,1.9470,,
DATA,A002,4,395,669188,-0.7467,0.2654,1.7023,119.0186,-191.0400,-59.9976,1.8777,,
DATA,A002,4,396,669198,-0.6153,0.2044,1.6881,90.6372,-176.5747,-67.1387,1.8083,,
DATA,A002,4,397,669208,-0.4457,0.0941,1.6166,62.5610,-156.4941,-68.1763,1.6795,,
DATA,A002,4,398,669218,-0.3470,0.0601,1.5350,54.5654,-144.7144,-68.4814,1.5749,,
DATA,A002,4,399,669228,-0.2623,0.0767,1.4073,44.5557,-131.2866,-66.4062,1.4336,,
DATA,A002,4,400,669238,-0.2643,0.0860,1.2674,31.7993,-120.9717,-65.7349,1.2976,,
DATA,A002,4,401,669248,-0.2782,0.0638,1.0367,13.3667,-102.4170,-74.6460,1.0753,,
DATA,A002,4,402,669258,-0.3033,0.0428,0.9105,7.0801,-93.9331,-81.7871,0.9607,,
DATA,A002,4,403,669268,-0.2743,0.0337,0.7767,8.7891,-94.1772,-92.7734,0.8244,,
DATA,A002,4,404,669278,-0.2101,0.0567,0.6813,12.2681,-100.0366,-96.1304,0.7152,,
DATA,A002,4,405,669288,-0.1114,0.1028,0.6224,17.8223,-114.0137,-97.3511,0.6406,,
DATA,A002,4,406,669298,-0.0602,0.1473,0.5934,20.0806,-117.5537,-100.0977,0.6143,,
DATA,A002,4,407,669308,0.0036,0.1880,0.5980,19.8975,-116.9434,-104.2480,0.6269,,
DATA,A002,4,408,669318,0.1000,0.2205,0.6464,13.8550,-108.3374,-103.3936,0.6902,,
DATA,A002,4,409,669328,0.1322,0.2025,0.6454,7.2632,-95.5200,-98.9990,0.6892,,
DATA,A002,4,410,669338,-0.8243,2.3751,-0.9755,26.6724,-83.5571,-90.6372,2.6967,,
DATA,A002,4,411,669348,0.7477,0.0735,1.0997,22.4609,-60.0586,-25.6348,1.3319,,
DATA,A002,4,412,669358,0.0929,-0.0009,0.2220,27.2827,7.9956,-7.2021,0.2407,,
DATA,A002,4,413,669368,-0.0636,0.1221,0.5502,24.3530,40.4663,-40.5273,0.5671,,
DATA,A002,4,414,669378,-0.2865,-0.2211,0.6029,-16.7236,2.0142,-84.1064,0.7032,,
DATA,A002,4,415,669388,-0.2860,-0.1667,0.7191,-8.0566,-35.0952,-65.9790,0.7916,,
DATA,A002,4,416,669398,-0.4308,-0.0178,0.7601,18.6157,-86.1816,-42.5415,0.8739,,
DATA,A002,4,417,669408,-0.3963,0.1729,0.7777,38.3911,-119.0796,-53.2837,0.8898,,
DATA,A002,4,418,669418,-0.1119,0.1822,0.8351,45.1050,-146.4233,-32.4707,0.8620,,
DATA,A002,4,419,669428,-0.0392,0.2056,0.9147,30.0293,-147.2778,-14.2822,0.9383,,
DATA,A002,4,420,669438,-0.1151,-0.0251,0.9657,50.2319,-91.7969,-23.4375,0.9728,,
DATA,A002,4,421,669448,-0.0643,-0.0908,0.8641,104.6753,-114.1357,-30.7007,0.8713,,
DATA,A002,4,422,669458,-0.3985,0.4537,0.8927,74.5239,-110.0464,-0.6714,1.0778,,
DATA,A002,4,423,669468,-0.2008,0.1880,0.9513,12.4512,-111.7554,-33.4473,0.9903,,
DATA,A002,4,424,669478,0.0495,0.4131,0.8990,-16.6016,-96.8628,11.8408,0.9907,,
DATA,A002,4,425,669488,-0.0333,0.3956,0.9581,-26.9165,-60.1196,33.8135,1.0371,,
DATA,A002,4,426,669498,-0.1146,0.1299,0.8736,-19.1650,-27.4048,12.9395,0.8907,,
DATA,A002,4,427,669508,-0.2550,-0.0309,0.7902,1.1597,-26.6113,-14.9536,0.8309,,
DATA,A002,4,428,669518,-0.2064,0.1526,0.8473,27.3438,-37.4146,-15.9912,0.8853,,
DATA,A002,4,429,669528,-0.1883,0.2139,0.9132,32.0435,-29.6021,9.9487,0.9566,,
DATA,A002,4,430,669538,-0.2784,0.2625,0.9225,28.7476,-35.0342,-2.9907,0.9987,,
DATA,A002,4,431,669548,-0.3133,0.2474,0.9005,25.6958,-46.3867,-20.5688,0.9850,,
DATA,A002,4,432,669558,-0.2772,0.1963,0.9413,18.6768,-67.2607,-29.8462,1.0007,,
DATA,A002,4,433,669568,-0.2289,0.1612,0.9642,12.8784,-77.7588,-27.0996,1.0040,,
DATA,A002,4,434,669578,-0.0514,-0.0036,1.0145,31.7383,-86.0596,-16.7236,1.0158,,
DATA,A002,4,435,669588,0.0219,0.1238,1.0470,47.3022,-81.5430,-9.2163,1.0545,,
DATA,A002,4,436,669598,-0.0414,0.2701,1.0416,38.5742,-68.1152,-4.7607,1.0769,,
DATA,A002,4,437,669608,-0.0585,0.2383,1.0836,24.2920,-67.5049,-12.2070,1.1110,,
DATA,A002,4,438,669618,0.0104,0.1021,1.0953,17.7002,-71.4722,-17.5171,1.1001,,
DATA,A002,4,439,669628,0.0011,0.1019,1.0511,25.7568,-76.7212,-18.7378,1.0561,,
DATA,A002,4,440,669638,0.0570,0.1614,1.0026,34.9121,-69.1528,-15.6250,1.0171,,
DATA,A002,4,441,669648,0.1146,0.2095,0.9154,39.9780,-44.4946,-2.3804,0.9460,,
DATA,A002,4,442,669658,-0.0079,0.2474,0.9178,37.4756,-39.3066,1.0376,0.9506,,
DATA,A002,4,443,669668,0.0292,0.2396,0.9850,21.7285,-44.6777,0.0610,1.0141,,
DATA,A002,4,444,669678,0.0985,0.1336,1.0194,22.5220,-35.7056,16.4185,1.0328,,
DATA,A002,4,445,669688,0.0853,0.2501,1.0126,32.5317,-43.5181,17.1509,1.0465,,
DATA,A002,4,446,669698,0.1308,0.3480,1.0311,28.1982,-39.1235,20.5078,1.0961,,
DATA,A002,4,447,669708,0.1266,0.4153,1.0177,6.6528,-26.4282,22.5220,1.1064,,
DATA,A002,4,448,669718,0.1244,0.3777,1.0206,-12.6953,-25.8179,14.4653,1.0954,,
DATA,A002,4,449,669728,0.1796,0.2212,0.9725,-23.5596,-21.9727,6.4697,1.0134,,
DATA,A002,4,450,669738,0.1259,0.1404,0.9232,-21.9116,-13.3057,0.6104,0.9423,,
DATA,A002,4,451,669748,0.1415,0.1114,0.8680,-6.1646,-8.3008,-12.0239,0.8865,,
DATA,A002,4,452,669758,0.1024,0.1385,0.8819,8.1177,-1.3428,-14.5264,0.8986,,
DATA,A002,4,453,669768,0.0892,0.2564,0.9181,22.5830,-2.8076,-14.4043,0.9574,,
DATA,A002,4,454,669778,0.0753,0.3052,0.9415,26.6113,-6.7139,-15.6250,0.9926,,
DATA,A002,4,455,669788,0.1432,0.2960,0.9962,25.0854,-10.1929,-12.7563,1.0491,,
DATA,A002,4,456,669798,0.1740,0.2830,0.9752,27.9541,-8.9722,-12.3901,1.0302,,
DATA,A002,4,457,669808,0.1474,0.2784,0.9242,33.3862,-7.6904,-16.7847,0.9764,,
DATA,A002,4,458,669818,0.1127,0.2935,0.9007,36.1938,-9.8877,-19.2871,0.9540,,
DATA,A002,4,459,669828,0.0121,0.3497,0.8954,36.1328,-19.4092,-22.8271,0.9613,,
DATA,A002,4,460,669838,0.0680,0.3619,0.8998,36.7432,-25.2075,-23.8647,0.9722,,
DATA,A002,4,461,669848,0.1630,0.3238,0.9239,36.0107,-24.4141,-28.1982,0.9925,,
DATA,A002,4,462,669858,0.2287,0.3140,0.9254,35.4614,-19.9585,-30.7007,1.0036,,
DATA,A002,4,463,669868,0.1308,0.3367,0.9469,49.4995,-17.6392,-42.6636,1.0135,,
DATA,A002,4,464,669878,-0.0580,0.3848,0.9950,73.7305,-24.2310,-59.6924,1.0684,,
DATA,A002,4,465,669888,0.3270,0.1773,1.0150,72.5708,-29.0527,-55.6641,1.0810,,
DATA,A002,4,466,669898,0.3312,0.2176,1.0040,55.8472,-25.3296,-39.6118,1.0794,,
DATA,A002,4,467,669908,0.3366,0.3504,1.0050,43.0298,-13.1226,-29.0527,1.1163,,
DATA,A002,4,468,669918,0.3827,0.3516,1.0089,33.8135,-0.2441,-24.9023,1.1349,,
DATA,A002,4,469,669928,0.3309,0.3438,0.9869,24.8413,15.2588,-23.8037,1.0962,,
DATA,A002,4,470,669938,0.2450,0.3736,0.9864,19.4702,17.2729,-25.0244,1.0829,,
DATA,A002,4,471,669948,0.1305,0.3821,0.9813,11.6577,10.6812,-24.9023,1.0611,,
DATA,A002,4,472,669958,0.1434,0.3563,0.9752,10.2539,4.0283,-25.6348,1.0481,,
DATA,A002,4,473,669968,0.2433,0.4236,0.9152,7.3242,3.2959,-16.1133,1.0374,,
DATA,A002,4,474,669978,0.2533,0.3890,0.8898,4.0283,7.4463,-19.1650,1.0036,,
DATA,A002,4,475,669988,0.2548,0.3768,0.8529,5.0049,15.6250,-18.4326,0.9666,,
DATA,A002,4,476,669998,0.2052,0.3428,0.8400,3.2959,21.7285,-19.4092,0.9301,,
DATA,A002,4,477,670008,0.1774,0.3548,0.8690,3.4790,22.1558,-20.8130,0.9553,,
DATA,A002,4,478,670018,0.1681,0.3790,0.9203,2.8687,24.7803,-21.1792,1.0093,,
DATA,A002,4,479,670028,0.1674,0.3736,0.9525,1.4038,27.0996,-21.1182,1.0368,,
DATA,A002,4,480,670038,0.1530,0.3531,0.9618,-0.4883,27.1606,-17.2119,1.0359,,
DATA,A002,4,481,670048,0.1469,0.3633,0.9591,-1.0376,26.5503,-14.2822,1.0361,,
DATA,A002,4,482,670058,0.1471,0.3812,0.9806,-2.5024,24.4141,-10.6201,1.0623,,
DATA,A002,4,483,670068,0.1495,0.3978,0.9708,-3.9673,22.4609,-8.7891,1.0597,,
DATA,A002,4,484,670078,0.1586,0.4041,0.9838,-6.3477,17.4561,-6.4697,1.0753,,
EVENT,A002,4,,670087,,,,,,,,STOP,484
EVENT,A002,5,,675962,,,,,,,,START,
DATA,A002,5,1,675985,-0.0804,0.6717,0.7548,33.6914,-34.6680,-6.1646,1.0136,,
DATA,A002,5,2,675995,-0.1202,0.7742,0.7416,36.7432,-44.1895,-14.4653,1.0788,,
DATA,A002,5,3,676005,-0.0734,0.7918,0.7706,29.6021,-39.5508,-19.9585,1.1073,,
DATA,A002,5,4,676015,-0.0328,0.7596,0.7277,24.1089,-27.4658,-30.8838,1.0524,,
DATA,A002,5,5,676025,0.0695,0.7132,0.6832,22.8271,4.9438,-44.3115,0.9901,,
DATA,A002,5,6,676035,0.1112,0.7379,0.6398,21.9727,25.3296,-46.6919,0.9829,,
DATA,A002,5,7,676045,0.1007,0.7422,0.5807,10.0098,58.4717,-44.9829,0.9478,,
DATA,A002,5,8,676055,0.0402,0.7034,0.6039,8.4839,73.3643,-40.4053,0.9279,,
DATA,A002,5,9,676065,0.0170,0.7884,0.7440,6.6528,105.2246,-32.4097,1.0842,,
DATA,A002,5,10,676075,-0.0582,0.4415,0.7379,25.3296,89.7217,-39.6729,0.8618,,
DATA,A002,5,11,676085,-0.2953,0.5611,0.8964,41.0156,68.9087,-48.2178,1.0979,,
DATA,A002,5,12,676095,-0.3014,0.6107,0.8397,40.2832,38.8794,-64.5142,1.0811,,
DATA,A002,5,13,676105,-0.0270,0.7276,0.8280,31.2500,8.4229,-53.6499,1.1026,,
DATA,A002,5,14,676115,0.0695,0.7110,0.7975,20.4468,6.4697,-46.3867,1.0707,,
DATA,A002,5,15,676125,0.0883,0.6685,0.7225,1.6479,17.7612,-43.8232,0.9883,,
DATA,A002,5,16,676135,0.0409,0.6209,0.7030,-6.6528,22.5220,-41.6260,0.9388,,
DATA,A002,5,17,676145,0.0128,0.5980,0.6334,-4.2114,27.0386,-32.5317,0.8712,,
DATA,A002,5,18,676155,0.0216,0.6048,0.5919,0.6714,28.5034,-23.5596,0.8465,,
DATA,A002,5,19,676165,0.0228,0.6573,0.5570,4.8218,31.0669,-12.0850,0.8619,,
DATA,A002,5,20,676175,0.2211,0.7034,0.4972,1.0986,17.2729,19.7754,0.8893,,
DATA,A002,5,21,676185,0.0839,0.5814,0.5255,20.5688,60.0586,10.9253,0.7881,,
DATA,A002,5,22,676195,0.1264,0.6600,0.5050,30.7617,78.1860,3.2349,0.8406,,
DATA,A002,5,23,676205,0.7391,0.5867,0.4217,43.8232,108.4595,58.5938,1.0337,,
DATA,A002,5,24,676215,0.4577,0.6436,0.4576,43.3960,202.3315,94.1162,0.9128,,
DATA,A002,5,25,676225,0.5038,0.5926,0.2750,44.7388,330.5664,41.8091,0.8250,,
DATA,A002,5,26,676235,0.1630,0.6832,0.3219,12.6953,385.6812,32.8979,0.7726,,
DATA,A002,5,27,676245,-0.0453,0.6641,0.1468,-70.3125,423.1567,3.9673,0.6817,,
DATA,A002,5,28,676255,-0.0380,0.4659,0.0421,-123.1689,427.1851,-11.8408,0.4693,,
DATA,A002,5,29,676265,-0.0201,0.1336,-0.0521,-161.6211,409.0576,-22.7051,0.1448,,
DATA,A002,5,30,676275,0.0380,0.0049,-0.1364,-163.0249,399.7192,-23.1323,0.1416,,
DATA,A002,5,31,676285,0.0260,0.0140,-0.1459,-143.6768,388.0005,-18.3716,0.1488,,
DATA,A002,5,32,676295,0.0092,0.1710,-0.1347,-124.2065,375.6714,-8.7280,0.2178,,
DATA,A002,5,33,676305,-0.0389,0.3978,-0.1281,-105.9570,365.1733,3.7842,0.4197,,
DATA,A002,5,34,676315,-0.2718,0.7508,-0.0194,-87.4023,355.3467,14.7095,0.7987,,
DATA,A002,5,35,676325,-0.4718,0.9598,0.1378,-83.1909,349.1821,14.8315,1.0783,,
DATA,A002,5,36,676335,-1.0189,1.4280,0.4152,-103.8208,328.1250,25.2075,1.8027,,
DATA,A002,5,37,676345,-1.4151,1.7020,0.8019,-126.0986,278.6865,13.9771,2.3542,,
DATA,A002,5,38,676355,-1.7831,1.7703,1.1581,-170.7153,213.8062,0.7324,2.7667,,
DATA,A002,5,39,676365,-1.7701,1.7171,1.5387,-160.0342,148.0103,-13.0615,2.9068,,
DATA,A002,5,40,676375,-1.6068,1.8294,2.1937,-119.6289,50.9644,-25.6958,3.2773,,
DATA,A002,5,41,676385,-1.5062,1.9322,2.4308,-106.9336,16.8457,-37.2314,3.4512,,
DATA,A002,5,42,676395,-1.6305,2.0355,2.2491,-105.8960,-9.4604,-73.4863,3.4439,,
DATA,A002,5,43,676405,-1.8014,2.1785,1.9674,-101.3794,-31.3110,-89.9048,3.4441,,
DATA,A002,5,44,676415,-1.9071,2.4886,1.7081,-72.5098,-57.8613,-80.2612,3.5704,,
DATA,A002,5,45,676425,-1.8475,2.6236,1.6002,-57.8613,-44.0063,-79.9561,3.5857,,
DATA,A002,5,46,676435,-1.8170,2.3897,1.5231,-58.8379,-1.2207,-91.6138,3.3663,,
DATA,A002,5,47,676445,-1.7796,2.0262,1.4857,-55.4199,32.4707,-98.7549,3.0789,,
DATA,A002,5,48,676455,-1.7228,1.5342,1.4523,-34.7290,81.7261,-93.3228,2.7260,,
DATA,A002,5,49,676465,-1.7125,1.2789,1.3402,-27.2217,107.7881,-84.7168,2.5228,,
DATA,A002,5,50,676475,-1.7794,0.8770,1.0563,-33.3862,126.3428,-64.8804,2.2475,,
DATA,A002,5,51,676485,-1.8102,0.5784,0.8216,-36.3159,126.2207,-46.5698,2.0704,,
DATA,A002,5,52,676495,-1.6280,0.1370,0.4032,-44.3726,118.0420,-20.9351,1.6828,,
DATA,A002,5,53,676505,-1.3973,-0.1791,0.1432,-50.9033,109.1919,-2.6245,1.4160,,
DATA,A002,5,54,676515,-1.0023,-0.6713,-0.0761,-57.4341,78.1860,29.1748,1.2088,,
DATA,A002,5,55,676525,-0.7367,-0.9260,-0.1469,-55.3589,54.6875,43.9453,1.1923,,
DATA,A002,5,56,676535,-0.3094,-1.0580,-0.2682,-27.4658,35.2173,52.0630,1.1345,,
DATA,A002,5,57,676545,0.0106,-0.9902,-0.2936,7.8125,43.7012,50.2319,1.0328,,
DATA,A002,5,58,676555,0.4266,-0.7426,-0.2291,53.1616,94.4214,43.2739,0.8866,,
DATA,A002,5,59,676565,0.5868,-0.5541,-0.1791,69.5801,156.3110,27.8931,0.8267,,
DATA,A002,5,60,676575,0.6774,-0.3327,-0.1437,55.4810,261.8408,7.9346,0.7682,,
DATA,A002,5,61,676585,0.5983,-0.3200,-0.1813,27.5879,316.6504,3.2349,0.7023,,
DATA,A002,5,62,676595,0.4476,-0.4323,-0.1513,6.5308,359.4360,-11.4746,0.6404,,
DATA,A002,5,63,676605,0.3248,-0.5070,-0.1293,1.5259,366.8823,-17.5171,0.6159,,
DATA,A002,5,64,676615,0.1452,-0.5622,-0.1088,0.7935,354.6143,-17.2729,0.5907,,
DATA,A002,5,65,676625,0.0350,-0.5500,-0.0922,6.5918,335.9375,-17.4561,0.5588,,
DATA,A002,5,66,676635,-0.1019,-0.4709,-0.0690,20.5688,310.3638,-19.5312,0.4867,,
DATA,A002,5,67,676645,-0.2394,-0.3696,-0.0197,33.3862,285.7056,-17.9443,0.4408,,
DATA,A002,5,68,676655,-0.3617,-0.2541,0.0463,38.5132,268.2495,-23.2544,0.4444,,
DATA,A002,5,69,676665,-0.6056,-0.0246,0.2093,39.0625,224.7925,-24.1089,0.6412,,
DATA,A002,5,70,676675,-0.7482,0.1815,0.2489,35.1562,182.0068,-19.7754,0.8091,,
DATA,A002,5,71,676685,-0.8927,0.5320,0.1898,0.6714,106.2012,-32.1045,1.0564,,
DATA,A002,5,72,676695,-0.9300,0.7357,0.0829,-38.8184,44.4946,-33.9966,1.1887,,
DATA,A002,5,73,676705,-0.7059,0.8035,-0.1193,-111.8774,-53.4668,-44.4336,1.0762,,
DATA,A002,5,74,676715,-0.4816,0.6536,-0.2023,-158.5083,-103.7598,-53.2227,0.8367,,
DATA,A002,5,75,676725,-0.0978,0.2879,-0.2272,-208.0688,-146.0571,-65.6128,0.3795,,
DATA,A002,5,76,676735,0.1276,0.0423,-0.2367,-231.6895,-147.2168,-81.5430,0.2722,,
DATA,A002,5,77,676745,0.4296,-0.2966,-0.3243,-245.4834,-115.1123,-99.4873,0.6146,,
DATA,A002,5,78,676755,0.5880,-0.4772,-0.3695,-235.4736,-73.5474,-105.9570,0.8427,,
DATA,A002,5,79,676765,0.7401,-0.6306,-0.3551,-179.4434,-3.7231,-99.2432,1.0351,,
DATA,A002,5,80,676775,0.7523,-0.6350,-0.3102,-130.7373,41.0156,-95.3979,1.0322,,
DATA,A002,5,81,676785,0.6901,-0.5063,-0.2262,-73.7305,104.7974,-97.0459,0.8853,,
DATA,A002,5,82,676795,0.6120,-0.4394,-0.1825,-61.0352,138.1836,-100.1587,0.7752,,
DATA,A002,5,83,676805,0.4271,-0.4174,-0.1351,-56.1523,168.5791,-103.2104,0.6123,,
DATA,A002,5,84,676815,0.2748,-0.4472,-0.1181,-56.5186,180.0537,-110.2295,0.5380,,
DATA,A002,5,85,676825,-0.1017,-0.4846,-0.0568,-45.4712,199.8291,-112.0605,0.4984,,
DATA,A002,5,86,676835,-0.7220,-0.4106,-0.0162,-14.2822,199.2188,-105.1636,0.8308,,
DATA,A002,5,87,676845,-2.1825,-0.1389,-0.0707,60.1807,181.7017,-97.1680,2.1880,,
DATA,A002,5,88,676855,-3.0192,0.1712,0.1800,127.3804,204.6509,-126.3428,3.0294,,
DATA,A002,5,89,676865,-3.5030,0.8528,0.3329,185.4248,256.5918,-218.3228,3.6207,,
DATA,A002,5,90,676875,-3.1483,1.2173,0.0963,190.7349,184.2651,-254.9438,3.3768,,
DATA,A002,5,91,676885,-2.7030,1.3585,0.0697,127.5024,11.2915,-274.7192,3.0260,,
DATA,A002,5,92,676895,-2.5961,1.2635,0.1722,79.5898,-58.8989,-292.6636,2.8923,,
DATA,A002,5,93,676905,-2.4632,0.9056,0.3827,24.9634,-63.5986,-309.3872,2.6522,,
DATA,A002,5,94,676915,-2.4664,0.6243,0.6178,1.4648,-25.6348,-310.3027,2.6181,,
DATA,A002,5,95,676925,-2.7840,0.1265,0.4801,-35.6445,-4.2725,-260.8032,2.8280,,
DATA,A002,5,96,676935,-3.0514,-0.3310,0.2623,-72.6929,11.4136,-202.8809,3.0805,,
DATA,A002,5,97,676945,-3.5209,-0.9140,-0.1808,-119.2627,62.4390,-134.5215,3.6421,,
DATA,A002,5,98,676955,-3.7618,-1.1113,-0.5275,-107.2998,82.5195,-111.0840,3.9578,,
DATA,A002,5,99,676965,-3.8216,-1.0092,-0.7213,-19.7754,79.2236,-96.0083,4.0179,,
DATA,A002,5,100,676975,-3.5734,-0.7263,-0.6376,37.7808,41.3208,-91.0645,3.7017,,
DATA,A002,5,101,676985,-3.1739,-0.4370,-0.4633,59.4482,-16.9067,-84.2896,3.2372,,
DATA,A002,5,102,676995,-2.5633,-0.3342,-0.1574,35.6445,-91.4307,-66.3452,2.5898,,
DATA,A002,5,103,677005,-2.2255,-0.5214,0.0721,6.7749,-126.6479,-53.7720,2.2869,,
DATA,A002,5,104,677015,-1.7274,-0.8842,0.3190,-16.1133,-157.5317,-49.8657,1.9666,,
DATA,A002,5,105,677025,-1.3917,-1.0073,0.3678,-11.1084,-175.8423,-60.2417,1.7569,,
DATA,A002,5,106,677035,-0.7372,-0.8456,0.3143,42.4194,-195.1904,-64.0869,1.1650,,
DATA,A002,5,107,677045,-0.3265,-0.5881,0.2350,79.4067,-190.8569,-68.4814,0.7125,,
DATA,A002,5,108,677055,0.1127,-0.1555,0.3014,101.6235,-194.8242,-64.8193,0.3573,,
DATA,A002,5,109,677065,0.2821,0.0716,0.1966,73.7305,-196.7163,-60.9741,0.3513,,
DATA,A002,5,110,677075,0.4696,0.2169,-0.0836,25.7568,-176.8188,-44.6167,0.5240,,
DATA,A002,5,111,677085,0.6915,0.2195,-0.2103,8.9111,-151.9775,-32.4097,0.7554,,
DATA,A002,5,112,677095,1.1686,0.1634,-0.3710,14.2212,-89.6606,-12.5122,1.2369,,
DATA,A002,5,113,677105,1.3993,0.1202,-0.4113,24.6582,-50.6592,2.5024,1.4634,,
DATA,A002,5,114,677115,1.5245,0.1014,-0.3378,32.1655,15.6250,29.6631,1.5648,,
DATA,A002,5,115,677125,1.4618,0.0767,-0.2836,23.1934,63.9038,50.2319,1.4910,,
DATA,A002,5,116,677135,1.2379,0.0142,-0.2355,13.1836,135.8032,78.4912,1.2602,,
DATA,A002,5,117,677145,1.0031,-0.0280,-0.1840,20.0806,168.3350,94.9707,1.0202,,
DATA,A002,5,118,677155,0.6207,0.0337,-0.0595,40.8936,185.0586,118.7744,0.6245,,
DATA,A002,5,119,677165,0.3505,0.1238,0.0709,43.4570,180.9692,129.5166,0.3784,,
DATA,A002,5,120,677175,-0.0060,0.2022,0.2179,25.1465,168.6401,144.9585,0.2973,,
DATA,A002,5,121,677185,-0.2462,0.2134,0.2159,4.0283,172.8516,144.6533,0.3909,,
DATA,A002,5,122,677195,-0.7347,0.1566,0.0340,-36.3159,176.7578,121.2769,0.7520,,
DATA,A002,5,123,677205,-0.9383,0.0399,-0.1005,-59.5093,165.5884,91.7969,0.9445,,
DATA,A002,5,124,677215,-1.0279,-0.1281,-0.1539,-59.0210,94.4214,60.8521,1.0473,,
DATA,A002,5,125,677225,-1.1505,-0.1279,-0.1632,-40.7104,4.3945,47.9736,1.1690,,
DATA,A002,5,126,677235,-1.2460,-0.0107,-0.1439,-14.3433,-112.4878,3.2959,1.2543,,
DATA,A002,5,127,677245,-1.0526,0.0384,-0.1093,-17.3950,-156.4941,-35.0952,1.0590,,
DATA,A002,5,128,677255,-0.6422,-0.0019,-0.0714,-48.4009,-176.9409,-68.1763,0.6462,,
DATA,A002,5,129,677265,-0.4061,-0.1064,-0.1051,-71.7773,-160.2173,-78.5522,0.4328,,
DATA,A002,5,130,677275,-0.1476,-0.3207,-0.1774,-92.7734,-90.3320,-86.6089,0.3951,,
DATA,A002,5,131,677285,-0.0567,-0.4191,-0.2235,-89.8438,-30.7617,-89.7827,0.4784,,
DATA,A002,5,132,677295,-0.0333,-0.4284,-0.2789,-59.2041,67.9321,-99.4263,0.5123,,
DATA,A002,5,133,677305,-0.0477,-0.3212,-0.2560,-29.3579,131.7139,-110.5347,0.4135,,
DATA,A002,5,134,677315,-0.1095,-0.0478,-0.1630,9.4604,205.9326,-124.4507,0.2021,,
DATA,A002,5,135,677325,-0.1964,0.1407,-0.0419,26.4893,235.4126,-129.1504,0.2452,,
DATA,A002,5,136,677335,-0.3209,0.3157,0.0714,35.5225,253.7842,-133.3618,0.4558,,
DATA,A002,5,137,677345,-0.5826,0.4835,0.1483,38.9404,260.9863,-142.7002,0.7715,,
DATA,A002,5,138,677355,-0.8175,0.4864,0.2120,35.8887,253.2349,-140.7471,0.9746,,
DATA,A002,5,139,677365,-1.3097,0.3116,0.2772,23.5596,220.3369,-119.0186,1.3745,,
DATA,A002,5,140,677375,-1.8024,0.0616,0.3592,1.7090,188.5376,-87.5854,1.8388,,
DATA,A002,5,141,677385,-2.6661,-0.3857,0.3585,-69.2139,132.9956,-1.7090,2.7176,,
DATA,A002,5,142,677395,-3.5519,-0.7995,-0.0387,-128.2349,54.4434,93.6890,3.6409,,
DATA,A002,5,143,677405,-4.0406,-1.0207,-0.5028,-141.1133,13.3057,157.0435,4.1978,,
DATA,A002,5,144,677415,-4.3649,-1.0915,-1.0065,-113.5864,10.1318,189.3921,4.6105,,
DATA,A002,5,145,677425,-4.4178,-0.9152,-1.1249,-45.2271,44.4336,214.2334,4.6498,,
DATA,A002,5,146,677435,-4.4068,-0.7582,-0.8468,-12.8174,30.8228,228.6377,4.5511,,
DATA,A002,5,147,677445,-4.2308,-0.5485,-0.0016,-28.8696,-83.6182,205.5054,4.2662,,
DATA,A002,5,148,677455,-3.7215,-0.6047,0.1749,-119.0186,-168.9453,144.7144,3.7744,,
DATA,A002,5,149,677465,-2.7552,-1.0685,-0.0490,-112.7930,-226.6846,134.8267,2.9556,,
DATA,A002,5,150,677475,-2.0223,-1.1623,-0.0197,-26.1841,-252.1362,136.4136,2.3326,,
DATA,A002,5,151,677485,-1.0743,-1.0168,-0.1735,-16.0522,-222.1680,90.5151,1.4893,,
DATA,A002,5,152,677495,-0.4728,-1.0004,-0.3807,-32.7759,-140.3198,51.0864,1.1702,,
DATA,A002,5,153,677505,0.1437,-0.9394,-0.2714,10.4370,-51.3306,38.1470,0.9883,,
DATA,A002,5,154,677515,0.2816,-0.6716,-0.0646,43.7012,-37.4146,53.1616,0.7311,,
DATA,A002,5,155,677525,0.1273,-0.2973,-0.1432,84.1064,20.2637,41.6870,0.3537,,
DATA,A002,5,156,677535,0.2213,-0.0339,-0.0773,110.5347,48.7061,18.9819,0.2369,,
DATA,A002,5,157,677545,0.3898,0.2935,0.0489,103.5156,59.0820,2.5635,0.4904,,
DATA,A002,5,158,677555,0.4332,0.3668,0.0485,68.8477,41.9312,10.4370,0.5697,,
DATA,A002,5,159,677565,0.4896,0.2154,0.0133,3.1128,12.3901,9.7046,0.5351,,
DATA,A002,5,160,677575,0.5372,0.0521,-0.0350,-25.8789,2.7466,10.7422,0.5409,,
DATA,A002,5,161,677585,0.5319,-0.1061,-0.1449,-28.1982,18.1885,27.4658,0.5614,,
DATA,A002,5,162,677595,0.4630,-0.1257,-0.1984,-10.5591,44.6167,39.3677,0.5192,,
DATA,A002,5,163,677605,0.1674,-0.0278,-0.1969,20.1416,98.6328,50.1099,0.2599,,
DATA,A002,5,164,677615,-0.0797,0.0840,-0.1818,35.5835,130.2490,53.9551,0.2155,,
DATA,A002,5,165,677625,-0.3944,0.1924,-0.1454,39.6729,138.5498,50.6592,0.4623,,
DATA,A002,5,166,677635,-0.5687,0.1922,-0.0841,35.9497,117.1875,50.0488,0.6062,,
DATA,A002,5,167,677645,-0.6734,0.1556,-0.0118,25.1465,43.3350,46.5698,0.6913,,
DATA,A002,5,168,677655,-0.6520,0.1182,0.0106,19.1650,-19.4092,41.6260,0.6627,,
DATA,A002,5,169,677665,-0.5065,0.0901,0.0067,23.9258,-76.1719,26.9775,0.5145,,
DATA,A002,5,170,677675,-0.3641,0.1009,0.0106,33.4473,-82.5195,14.4653,0.3780,,
DATA,A002,5,171,677685,-0.2506,0.1141,0.0255,41.1377,-68.7866,1.7090,0.2765,,
DATA,A002,5,172,677695,-0.1505,0.0994,0.0489,42.6025,-22.3999,-13.3667,0.1869,,
DATA,A002,5,173,677705,-0.1266,0.0494,0.0485,37.0483,13.9160,-20.1416,0.1442,,
DATA,A002,5,174,677715,-0.1827,-0.0812,0.0387,25.6348,62.1948,-29.8462,0.2037,,
DATA,A002,5,175,677725,-0.2460,-0.1701,0.0294,21.9727,87.0972,-36.8652,0.3005,,
DATA,A002,5,176,677735,-0.3111,-0.2563,0.0023,25.8789,106.3843,-47.6074,0.4031,,
DATA,A002,5,177,677745,-0.3534,-0.2697,-0.0057,32.8369,107.6660,-52.5513,0.4446,,
DATA,A002,5,178,677755,-0.3922,-0.2453,-0.0267,42.2974,102.9053,-58.7769,0.4634,,
DATA,A002,5,179,677765,-0.4269,-0.2016,-0.0316,45.5322,99.7925,-64.2700,0.4731,,
DATA,A002,5,180,677775,-0.5235,-0.1418,0.0087,46.7529,100.2808,-74.4629,0.5425,,
DATA,A002,5,181,677785,-0.6683,-0.1093,0.0143,45.1050,100.0366,-82.3975,0.6774,,
DATA,A002,5,182,677795,-1.0431,-0.0729,0.0004,38.0249,101.4404,-93.6279,1.0456,,
DATA,A002,5,183,677805,-1.4181,-0.0493,-0.0250,30.1514,97.2290,-98.9990,1.4192,,
DATA,A002,5,184,677815,-2.1415,-0.0060,-0.0451,17.1509,79.8340,-97.9004,2.1419,,
DATA,A002,5,185,677825,-2.6681,0.0464,0.0485,9.2773,52.0020,-83.8013,2.6689,,
DATA,A002,5,186,677835,-3.4012,0.2759,0.0758,-0.3662,-12.5732,-40.5273,3.4132,,
DATA,A002,5,187,677845,-3.8744,0.4268,-0.1784,-17.2729,-93.3228,-0.0610,3.9019,,
DATA,A002,5,188,677855,-4.2250,0.5023,-0.5971,-59.2651,-141.4795,53.7109,4.2964,,
DATA,A002,5,189,677865,-4.1957,0.6346,-0.7399,-48.9502,-61.2183,71.5942,4.3074,,
DATA,A002,5,190,677875,-3.8966,1.0892,-0.7225,-2.1973,14.4043,89.6606,4.1100,,
DATA,A002,5,191,677885,-3.6769,1.1949,-0.5668,-25.7568,8.7891,103.2104,3.9075,,
DATA,A002,5,192,677895,-3.3168,0.6575,-0.3302,-88.8672,-25.6348,114.1357,3.3974,,
DATA,A002,5,193,677905,-2.9742,0.1282,-0.2924,-98.8159,-44.1895,104.4312,2.9913,,
DATA,A002,5,194,677915,-2.4647,-0.3493,-0.2052,-66.2842,-72.0825,81.9092,2.4978,,
DATA,A002,5,195,677925,-2.0841,-0.5070,-0.2186,-57.6782,-95.8252,58.3496,2.1560,,
DATA,A002,5,196,677935,-1.4755,-0.5436,-0.2328,-46.2646,-118.0420,43.9453,1.5896,,
DATA,A002,5,197,677945,-1.0668,-0.4760,-0.2272,-25.6958,-136.3525,50.8423,1.1900,,
DATA,A002,5,198,677955,-0.5250,-0.3151,-0.2775,7.2632,-149.9023,55.9082,0.6723,,
DATA,A002,5,199,677965,-0.2906,-0.2756,-0.2736,24.4751,-150.6958,59.8755,0.4850,,
DATA,A002,5,200,677975,0.0109,-0.2104,-0.1864,45.7153,-163.8184,69.4580,0.2813,,
DATA,A002,5,201,677985,0.2611,-0.2016,-0.1222,43.5181,-131.1646,48.9502,0.3518,,
DATA,A002,5,202,677995,0.4044,-0.2111,0.0038,35.2783,-90.9424,19.8975,0.4562,,
DATA,A002,5,203,678005,0.4059,-0.2231,-0.0231,42.1143,-67.2607,22.7051,0.4637,,
DATA,A002,5,204,678015,0.3632,-0.2673,-0.0143,65.6738,-30.3955,22.1558,0.4511,,
DATA,A002,5,205,678025,0.2943,-0.2766,0.0250,77.7588,-20.6909,16.9067,0.4046,,
DATA,A002,5,206,678035,0.2443,-0.2661,0.0406,79.1626,-19.5923,13.1836,0.3635,,
DATA,A002,5,207,678045,0.2289,-0.2451,0.0648,71.2891,-23.0713,13.6719,0.3415,,
DATA,A002,5,208,678055,0.2025,-0.2302,0.0655,66.3452,-28.6865,17.5171,0.3135,,
DATA,A002,5,209,678065,0.1781,-0.1852,0.0690,70.1294,-35.5835,22.5220,0.2661,,
DATA,A002,5,210,678075,0.1735,-0.1408,0.0738,75.4395,-33.5693,23.4375,0.2353,,
DATA,A002,5,211,678085,0.1459,-0.0783,0.0670,73.3032,-20.3247,21.9116,0.1786,,
DATA,A002,5,212,678095,0.1286,-0.0541,0.0445,64.5752,-8.2397,20.0195,0.1464,,
DATA,A002,5,213,678105,0.1107,-0.0519,0.0018,54.6265,12.0239,18.0054,0.1223,,
DATA,A002,5,214,678115,0.1066,-0.0478,-0.0187,53.4668,23.1323,15.8691,0.1183,,
DATA,A002,5,215,678125,0.1225,-0.0266,-0.0314,54.6265,38.0859,9.0332,0.1292,,
DATA,A002,5,216,678135,0.1278,-0.0134,-0.0375,53.0396,45.6543,3.4790,0.1339,,
DATA,A002,5,217,678145,0.1254,-0.0246,-0.0319,44.3726,55.7251,-3.2959,0.1317,,
DATA,A002,5,218,678155,0.1068,-0.0573,-0.0233,38.2080,62.4390,-6.7749,0.1235,,
DATA,A002,5,219,678165,0.0580,-0.1303,-0.0165,31.4331,71.8994,-10.0708,0.1436,,
DATA,A002,5,220,678175,0.0270,-0.1769,-0.0231,31.0669,77.4536,-10.4370,0.1805,,
DATA,A002,5,221,678185,-0.0162,-0.1977,-0.0377,36.6211,85.1440,-5.8594,0.2019,,
DATA,A002,5,222,678195,-0.0441,-0.1567,-0.0582,43.7622,92.6514,1.6479,0.1729,,
DATA,A002,5,223,678205,-0.0975,-0.0017,-0.1264,58.7769,108.6426,16.7847,0.1596,,
DATA,A002,5,224,678215,-0.1532,0.1312,-0.1535,67.1387,119.5679,24.9023,0.2534,,
DATA,A002,5,225,678225,-0.2799,0.3074,-0.1784,67.8711,136.9629,31.3110,0.4524,,
DATA,A002,5,226,678235,-0.4120,0.3797,-0.1832,59.5703,144.6533,34.1187,0.5895,,
DATA,A002,5,227,678245,-0.7062,0.4053,-0.1740,46.0205,138.1836,37.4756,0.8326,,
DATA,A002,5,228,678255,-0.9706,0.4158,-0.1915,38.6963,125.3052,31.8604,1.0731,,
DATA,A002,5,229,678265,-1.3837,0.4317,-0.1840,32.4097,104.7363,9.6436,1.4611,,
DATA,A002,5,230,678275,-1.7213,0.4981,-0.1281,36.5601,86.7920,-4.6997,1.7965,,
DATA,A002,5,231,678285,-2.2792,0.7188,-0.0377,45.3491,64.6973,-27.7100,2.3901,,
DATA,A002,5,232,678295,-2.7052,0.9319,0.0255,43.5791,44.4336,-35.4614,2.8613,,
DATA,A002,5,233,678305,-3.3111,1.2386,0.1034,16.3574,-11.7798,-30.3955,3.5367,,
DATA,A002,5,234,678315,-3.5892,1.3299,0.1449,-9.8267,-53.8330,-25.3296,3.8304,,
DATA,A002,5,235,678325,-3.9396,1.4105,-0.0162,-32.2266,-116.2720,-17.5781,4.1845,,
DATA,A002,5,236,678335,-4.0843,1.5518,-0.1539,-34.1797,-122.9248,-15.9302,4.3719,,
DATA,A002,5,237,678345,-4.0492,1.9695,-0.1578,-21.8506,-68.1152,-17.7002,4.5055,,
DATA,A002,5,238,678355,-3.7208,2.0274,-0.1329,-62.3169,-40.7715,-27.0996,4.2394,,
DATA,A002,5,239,678365,-3.3185,1.7383,-0.0665,-105.3467,-14.3433,-22.0337,3.7468,,
DATA,A002,5,240,678375,-2.9132,1.0482,0.1078,-138.9771,24.1699,-29.3579,3.0979,,
DATA,A002,5,241,678385,-2.6537,0.4063,0.1107,-120.6665,66.8335,-10.2539,2.6869,,
DATA,A002,5,242,678395,-2.6266,0.1932,0.0944,-93.5059,78.1860,-13.3057,2.6354,,
DATA,A002,5,243,678405,-2.4584,0.1107,0.0189,-78.9185,77.5146,-25.4517,2.4609,,
DATA,A002,5,244,678415,-2.1236,-0.0417,-0.0089,-52.5513,20.3857,-4.3945,2.1241,,
DATA,A002,5,245,678425,-1.8573,-0.1179,0.0226,-26.7334,-59.5703,10.1318,1.8612,,
DATA,A002,5,246,678435,-1.2626,-0.2053,0.0326,-2.8687,-211.7310,46.6309,1.2796,,
DATA,A002,5,247,678445,-0.7291,-0.2709,-0.0001,1.8311,-287.5366,61.4014,0.7778,,
DATA,A002,5,248,678455,-0.0187,-0.3874,-0.0680,6.8970,-306.4575,58.2275,0.3938,,
DATA,A002,5,249,678465,0.2816,-0.4130,-0.0936,25.3296,-291.5649,42.4805,0.5086,,
DATA,A002,5,250,678475,0.4982,-0.3232,-0.0504,52.1240,-241.3330,-2.9907,0.5960,,
DATA,A002,5,251,678485,0.5661,-0.2214,-0.0265,52.4292,-206.3599,-18.2495,0.6084,,
DATA,A002,5,252,678495,0.5463,-0.1513,-0.0680,33.6914,-175.8423,-3.9673,0.5709,,
DATA,A002,5,253,678505,0.5402,-0.1704,-0.1144,23.0713,-150.7568,6.5308,0.5778,,
DATA,A002,5,254,678515,0.4340,-0.2468,-0.0809,13.0615,-104.1870,12.3291,0.5057,,
DATA,A002,5,255,678525,0.3043,-0.2753,-0.0370,14.5874,-83.2520,18.7988,0.4121,,
DATA,A002,5,256,678535,0.1798,-0.2477,0.0033,26.4893,-49.3774,31.7993,0.3061,,
DATA,A002,5,257,678545,0.1085,-0.1877,0.0472,36.3159,-34.8511,40.5884,0.2219,,
DATA,A002,5,258,678555,0.0170,-0.0624,0.1085,43.7012,-23.7427,47.7295,0.1263,,
DATA,A002,5,259,678565,0.0031,0.0254,0.1437,43.5181,-16.3574,46.2646,0.1459,,
DATA,A002,5,260,678575,-0.0118,0.1282,0.1910,36.4990,-0.5493,37.4146,0.2304,,
DATA,A002,5,261,678585,-0.0426,0.1566,0.2025,25.6958,12.7563,29.4189,0.2595,,
DATA,A002,5,262,678595,-0.0809,0.1194,0.2086,1.0986,32.9590,16.1133,0.2536,,
DATA,A002,5,263,678605,-0.0931,0.0584,0.2093,-14.2212,43.7012,6.5918,0.2364,,
DATA,A002,5,264,678615,-0.0555,-0.0280,0.1603,-26.1230,60.0586,-5.7983,0.1719,,
DATA,A002,5,265,678625,-0.0043,-0.0642,0.0934,-27.0386,70.0073,-13.9160,0.1134,,
DATA,A002,5,266,678635,0.0487,-0.0695,0.0272,-23.6816,80.3833,-28.8696,0.0891,,
DATA,A002,5,267,678645,0.0612,-0.0561,0.0082,-24.4751,83.7402,-41.6260,0.0834,,
DATA,A002,5,268,678655,0.0441,-0.0383,0.0021,-33.6914,81.9092,-67.7490,0.0584,,
DATA,A002,5,269,678665,0.0233,-0.0407,0.0006,-43.3350,76.2939,-86.6089,0.0469,,
DATA,A002,5,270,678675,0.0338,-0.0624,-0.0431,-57.1289,63.2935,-112.0605,0.0831,,
DATA,A002,5,271,678685,0.0448,-0.0751,-0.0785,-62.0728,53.7109,-124.5728,0.1175,,
DATA,A002,5,272,678695,0.0211,-0.0817,-0.0939,-62.7441,47.9126,-133.7280,0.1263,,
DATA,A002,5,273,678705,-0.0431,-0.0600,-0.1022,-56.0913,53.2227,-148.7427,0.1261,,
DATA,A002,5,274,678715,-0.1171,-0.0307,-0.1107,-47.8516,62.3779,-160.0342,0.1640,,
DATA,A002,5,275,678725,-0.3893,0.0425,-0.0870,-32.5928,72.3267,-172.3633,0.4011,,
DATA,A002,5,276,678735,-0.6561,0.1341,-0.0172,-19.5923,81.2378,-181.7627,0.6699,,
DATA,A002,5,277,678745,-1.0372,0.3450,0.1210,0.4272,93.9331,-198.1812,1.0998,,
DATA,A002,5,278,678755,-1.3370,0.5318,0.2499,5.4321,97.1069,-198.4863,1.4604,,
DATA,A002,5,279,678765,-1.9242,0.9232,0.4620,-14.1602,91.5527,-178.3447,2.1836,,
DATA,A002,5,280,678775,-2.3221,1.2108,0.5768,-48.8892,90.8813,-153.5034,2.6816,,
DATA,A002,5,281,678785,-2.7416,1.3716,0.2674,-133.1787,52.0630,-83.0078,3.0772,,
DATA,A002,5,282,678795,-3.0135,1.1338,-0.2230,-188.2935,5.3101,-21.7285,3.2275,,
DATA,A002,5,283,678805,-3.0985,0.6092,-0.3908,-197.0825,19.7144,38.6963,3.1819,,
DATA,A002,5,284,678815,-2.8819,0.4722,-0.2311,-134.7656,97.5342,62.5000,2.9295,,
DATA,A002,5,285,678825,-2.6427,0.4534,0.3807,-47.7295,172.5464,44.1284,2.7082,,
DATA,A002,5,286,678835,-2.7169,0.3196,0.6373,-21.2402,184.2651,12.8174,2.8089,,
DATA,A002,5,287,678845,-2.8846,-0.0436,0.9759,24.1089,166.9922,-37.2314,3.0456,,
DATA,A002,5,288,678855,-2.9010,-0.1435,1.1849,75.3784,156.8604,-59.9365,3.1369,,
DATA,A002,5,289,678865,-2.9217,0.0818,1.3915,141.8457,131.4087,-63.3545,3.2372,,
DATA,A002,5,290,678875,-2.9164,0.2950,1.3878,140.4419,79.4678,-51.6968,3.2432,,
DATA,A002,5,291,678885,-2.7257,0.3924,1.1280,75.0122,-51.0864,-40.8325,2.9759,,
DATA,A002,5,292,678895,-2.4183,0.3052,0.8341,23.5596,-133.9111,-38.5742,2.5763,,
DATA,A002,5,293,678905,-1.7135,0.1153,0.3675,-21.9727,-226.1963,-21.7285,1.7563,,
DATA,A002,5,294,678915,-1.2147,-0.0258,0.1683,-31.8604,-241.8213,-0.5493,1.2266,,
DATA,A002,5,295,678925,-0.5775,-0.1811,-0.0097,-33.9355,-199.8291,31.3721,0.6053,,
DATA,A002,5,296,678935,-0.2660,-0.2963,-0.0473,-32.4707,-154.4189,51.4526,0.4010,,
DATA,A002,5,297,678945,-0.0001,-0.4846,-0.0136,-30.5786,-76.9653,74.5850,0.4848,,
DATA,A002,5,298,678955,0.0394,-0.5798,0.0116,-20.4468,-23.0713,83.6182,0.5812,,
DATA,A002,5,299,678965,0.0167,-0.5788,-0.0216,12.0239,59.3872,92.0410,0.5794,,
DATA,A002,5,300,678975,0.0182,-0.4946,-0.0431,37.7808,95.5811,99.6094,0.4968,,
DATA,A002,5,301,678985,-0.0001,-0.3205,-0.0512,63.2935,122.1924,115.5396,0.3246,,
DATA,A002,5,302,678995,-0.0282,-0.2277,-0.0409,67.3828,133.7891,121.2769,0.2331,,
DATA,A002,5,303,679005,-0.0597,-0.1606,-0.0138,62.6221,143.6157,116.3330,0.1719,,
DATA,A002,5,304,679015,-0.0863,-0.1301,0.0055,61.4014,141.9678,109.0698,0.1562,,
DATA,A002,5,305,679025,-0.1466,-0.0703,0.0431,66.2231,125.4272,97.5342,0.1682,,
DATA,A002,5,306,679035,-0.1708,-0.0102,0.0629,68.9697,105.7129,89.1113,0.1822,,
DATA,A002,5,307,679045,-0.1847,0.0521,0.0961,66.7725,80.8716,79.7729,0.2146,,
DATA,A002,5,308,679055,-0.1732,0.0999,0.1361,49.7437,40.2222,68.1763,0.2419,,
DATA,A002,5,309,679065,-0.1466,0.0762,0.1549,33.6914,13.0005,62.6831,0.2265,,
DATA,A002,5,310,679075,-0.0826,0.0047,0.1659,16.9678,-15.9302,57.8003,0.1854,,
DATA,A002,5,311,679085,-0.0643,-0.0419,0.1954,14.2822,-22.7051,50.2319,0.2100,,
DATA,A002,5,312,679095,0.0138,-0.0512,0.1944,16.3574,-17.4561,41.8091,0.2016,,
DATA,A002,5,313,679105,0.0502,-0.0395,0.2027,23.1934,0.6104,49.3164,0.2126,,
DATA,A002,5,314,679115,0.0516,-0.0097,0.1569,29.2969,47.3633,47.1191,0.1654,,
DATA,A002,5,315,679125,-0.0817,0.0130,0.1505,34.9731,54.1992,62.0728,0.1717,,
DATA,A002,5,316,679135,-0.1581,0.0323,0.1110,25.0854,48.3398,44.4946,0.1958,,
DATA,A002,5,317,679145,-0.1178,0.0259,0.0758,17.8223,34.5459,38.3301,0.1424,,
DATA,A002,5,318,679155,-0.0550,0.0118,0.0204,5.6152,16.2354,28.6255,0.0599,,
DATA,A002,5,319,679165,-0.0475,-0.0183,0.0118,2.5635,13.6108,22.6440,0.0522,,
DATA,A002,5,320,679175,-0.0257,-0.0407,0.0297,0.6714,8.1177,18.1274,0.0566,,
DATA,A002,5,321,679185,-0.0152,-0.0397,0.0333,-3.1128,14.3433,15.9912,0.0540,,
DATA,A002,5,322,679195,-0.1442,-0.0454,0.0685,-8.1177,41.0156,15.0757,0.1659,,
DATA,A002,5,323,679205,-0.3019,-0.0038,0.1051,-8.8501,57.2510,17.6392,0.3197,,
DATA,A002,5,324,679215,-0.5726,0.0921,0.1747,-11.7798,83.8623,15.4419,0.6057,,
DATA,A002,5,325,679225,-0.9286,0.2335,0.2145,-13.7939,88.4399,20.3857,0.9812,,
DATA,A002,5,326,679235,-1.6935,0.5630,0.1498,-26.7334,86.1816,33.1421,1.7909,,
DATA,A002,5,327,679245,-2.2257,0.8375,0.1378,-34.9121,74.6460,28.0762,2.3820,,
DATA,A002,5,328,679255,-2.7230,1.3514,0.4623,-45.0439,55.5420,12.3901,3.0748,,
DATA,A002,5,329,679265,-2.8480,1.7225,0.7098,-42.0532,32.1655,18.7988,3.4032,,
DATA,A002,5,330,679275,-2.9405,2.0897,0.6263,-38.6963,-41.0156,41.4429,3.6614,,
DATA,A002,5,331,679285,-2.8346,2.0872,0.5814,-43.3350,-48.8892,32.4097,3.5678,,
DATA,A002,5,332,679295,-2.3326,1.7713,0.4830,-74.4019,16.6016,-0.1221,2.9685,,
DATA,A002,5,333,679305,-2.0921,1.4537,0.4750,-95.7031,66.4062,-19.3481,2.5915,,
DATA,A002,5,334,679315,-2.1146,0.9859,0.4877,-111.8164,85.9985,-40.1001,2.3836,,
DATA,A002,5,335,679325,-2.1808,0.7476,0.3854,-108.9478,95.3979,-44.2505,2.3374,,
DATA,A002,5,336,679335,-2.2167,0.5618,0.2093,-88.9282,114.0747,-41.5039,2.2963,,
DATA,A002,5,337,679345,-2.2721,0.5735,0.1432,-74.2798,117.5537,-38.3301,2.3477,,
DATA,A002,5,338,679355,-2.2679,0.7066,0.1224,-63.7817,117.7979,-37.4146,2.3786,,
DATA,A002,5,339,679365,-2.2250,0.8157,0.1324,-68.0542,109.4360,-36.0718,2.3735,,
DATA,A002,5,340,679375,-2.1490,0.8682,0.1083,-82.9468,95.7031,-35.0952,2.3203,,
DATA,A002,5,341,679385,-1.9317,0.7505,0.0819,-113.0981,70.3125,-35.8887,2.0740,,
DATA,A002,5,342,679395,-1.7208,0.5923,0.0890,-126.3428,49.6216,-36.1328,1.8221,,
DATA,A002,5,343,679405,-1.3570,0.3345,0.1205,-129.9438,8.2397,-36.5601,1.4028,,
DATA,A002,5,344,679415,-1.1251,0.1717,0.1219,-125.2441,-26.6113,-35.5225,1.1446,,
DATA,A002,5,345,679425,-0.7555,-0.0312,0.1505,-111.3892,-69.8853,-38.1470,0.7710,,
DATA,A002,5,346,679435,-0.5155,-0.1140,0.1610,-99.1211,-87.1582,-43.5791,0.5519,,
DATA,A002,5,347,679445,-0.2113,-0.1647,0.1200,-73.8525,-83.9844,-52.1240,0.2936,,
DATA,A002,5,348,679455,-0.0619,-0.1686,0.0809,-54.0771,-63.9038,-59.3262,0.1970,,
DATA,A002,5,349,679465,0.0995,-0.1672,0.0287,-25.2686,-24.8413,-66.7725,0.1967,,
DATA,A002,5,350,679475,0.1444,-0.1686,-0.0021,-9.2773,-3.4790,-67.1387,0.2220,,
DATA,A002,5,351,679485,0.1222,-0.1767,-0.0460,9.7656,8.6060,-63.2324,0.2197,,
DATA,A002,5,352,679495,0.0565,-0.1857,-0.0612,21.1182,-0.4272,-61.7676,0.2036,,
DATA,A002,5,353,679505,-0.1012,-0.1642,-0.0475,37.7197,-29.2358,-63.7207,0.1987,,
DATA,A002,5,354,679515,-0.1459,-0.1247,-0.0094,47.7905,-43.0908,-70.1294,0.1921,,
DATA,A002,5,355,679525,-0.2215,-0.0649,0.1571,54.9316,-50.1099,-89.5996,0.2792,,
DATA,A002,5,356,679535,-0.2567,-0.0561,0.3065,50.9033,-35.1562,-107.6050,0.4037,,
DATA,A002,5,357,679545,-0.3234,-0.1157,0.3566,27.9541,0.1221,-128.8452,0.4950,,
DATA,A002,5,358,679555,-0.5101,-0.1874,0.3295,9.0942,11.3525,-133.4229,0.6355,,
DATA,A002,5,359,679565,-0.8939,-0.2600,0.2701,-8.9722,33.0200,-151.1841,0.9693,,
DATA,A002,5,360,679575,-0.9571,-0.2831,0.1854,-7.0801,45.5322,-177.4902,1.0152,,
DATA,A002,5,361,679585,-0.7687,-0.2202,0.1024,15.5029,5.4932,-199.4019,0.8061,,
DATA,A002,5,362,679595,-0.5917,-0.1232,0.0909,29.3579,-40.7104,-206.1768,0.6112,,
DATA,A002,5,363,679605,-0.3155,0.0281,0.0812,27.3438,-95.2759,-221.7407,0.3270,,
DATA,A002,5,364,679615,-0.1246,0.0826,0.0902,11.4136,-112.7319,-233.9478,0.1746,,
DATA,A002,5,365,679625,0.0993,0.0650,0.0843,-16.2964,-107.1167,-246.3989,0.1456,,
DATA,A002,5,366,679635,0.1845,-0.0017,0.0316,-26.6113,-88.6841,-250.3662,0.1872,,
DATA,A002,5,367,679645,0.1725,-0.1296,-0.0162,-21.7285,-51.2085,-252.5024,0.2164,,
DATA,A002,5,368,679655,0.1478,-0.1833,-0.0223,-8.7280,-28.0762,-254.3945,0.2365,,
DATA,A002,5,369,679665,0.0587,-0.1806,-0.0187,11.7188,-5.7983,-251.2817,0.1908,,
DATA,A002,5,370,679675,-0.0099,-0.1725,-0.0250,17.2119,3.6011,-243.1641,0.1746,,
DATA,A002,5,371,679685,-0.1551,-0.2573,-0.0233,12.4512,8.2397,-221.6797,0.3013,,
DATA,A002,5,372,679695,-0.3307,-0.4001,0.0184,2.5635,8.7280,-195.1294,0.5194,,
DATA,A002,5,373,679705,-0.9244,-0.7477,0.0631,-32.2266,7.6294,-121.9482,1.1907,,
DATA,A002,5,374,679715,-1.4066,-0.9829,0.1022,-66.2231,22.4609,-46.9360,1.7190,,
DATA,A002,5,375,679725,-1.8680,-1.0087,-0.0109,-78.6133,37.7808,34.3018,2.1230,,
DATA,A002,5,376,679735,-3.0753,-0.5683,-0.8307,-30.4565,-19.3481,146.6675,3.2358,,
DATA,A002,5,377,679745,-3.7257,-0.1608,-0.9996,44.1895,-59.9976,194.2749,3.8608,,
DATA,A002,5,378,679755,-3.1210,0.9586,-0.3463,180.4810,67.8101,196.1670,3.2832,,
DATA,A002,5,379,679765,-2.5209,1.8087,-0.1058,169.3115,77.0874,194.8853,3.1044,,
DATA,A002,5,380,679775,-1.7975,1.9681,0.1764,1.1597,1.9531,193.2373,2.6712,,
DATA,A002,5,381,679785,-1.5301,1.3797,0.3268,-107.4219,-24.3530,181.9458,2.0861,,
DATA,A002,5,382,679795,-1.1173,0.3785,0.2303,-155.8838,45.6543,160.7666,1.2019,,
DATA,A002,5,383,679805,-1.0192,-0.1318,0.0707,-120.3003,130.0659,160.3394,1.0301,,
DATA,A002,5,384,679815,-1.1268,-0.4294,-0.0758,-31.4331,213.5010,163.6353,1.2082,,
DATA,A002,5,385,679825,-1.2049,-0.3605,-0.0790,13.6719,237.6099,158.9966,1.2602,,
DATA,A002,5,386,679835,-1.2565,-0.0768,-0.0126,37.9639,216.5527,154.6631,1.2589,,
DATA,A002,5,387,679845,-1.1886,0.0950,-0.1159,28.7476,172.4854,153.5034,1.1980,,
DATA,A002,5,388,679855,-0.9361,0.1158,-0.2951,0.1221,111.6333,147.3999,0.9883,,
DATA,A002,5,389,679865,-0.7206,0.0150,-0.3041,-12.8174,91.3086,138.7939,0.7822,,
DATA,A002,5,390,679875,-0.4032,-0.1391,-0.2462,-13.0005,92.7124,122.0703,0.4925,,
DATA,A002,5,391,679885,-0.2796,-0.1948,-0.2045,-4.0894,100.2808,113.0371,0.3974,,
DATA,A002,5,392,679895,-0.2472,-0.1982,-0.0975,14.5874,112.8540,102.4170,0.3315,,
DATA,A002,5,393,679905,-0.2809,-0.1667,-0.0368,23.7427,117.6758,95.7031,0.3287,,
DATA,A002,5,394,679915,-0.3790,-0.1472,0.0248,26.8555,111.1450,86.7920,0.4073,,
DATA,A002,5,395,679925,-0.4393,-0.1518,0.0592,23.3765,99.7925,81.0547,0.4686,,
DATA,A002,5,396,679935,-0.4874,-0.1757,0.0726,19.6533,79.1016,73.2422,0.5232,,
DATA,A002,5,397,679945,-0.4911,-0.1774,0.0543,21.6064,65.7959,68.8477,0.5250,,
DATA,A002,5,398,679955,-0.4545,-0.1484,0.0196,30.5176,48.2178,63.4766,0.4785,,
DATA,A002,5,399,679965,-0.4059,-0.1166,-0.0111,36.4990,39.4897,60.0586,0.4224,,
DATA,A002,5,400,679975,-0.3385,-0.0888,-0.0363,40.7715,31.3110,52.9175,0.3518,,
DATA,A002,5,401,679985,-0.2960,-0.0949,-0.0387,40.1001,30.6396,47.2412,0.3133,,
DATA,A002,5,402,679995,-0.2547,-0.1381,-0.0385,40.1001,39.8560,38.6963,0.2923,,
DATA,A002,5,403,680005,-0.2836,-0.1647,-0.0499,42.2974,48.5840,33.4473,0.3317,,
DATA,A002,5,404,680015,-0.4276,-0.1887,-0.1063,48.2788,70.6787,25.2686,0.4793,,
DATA,A002,5,405,680025,-0.5665,-0.1862,-0.1554,54.6875,86.1206,18.6768,0.6163,,
DATA,A002,5,406,680035,-0.8722,-0.1533,-0.2169,65.6738,101.9287,12.4512,0.9117,,
DATA,A002,5,407,680045,-1.1996,-0.1000,-0.2831,70.9839,111.8774,10.4980,1.2366,,
DATA,A002,5,408,680055,-1.8216,0.0176,-0.4186,82.2144,135.5591,-0.7935,1.8692,,
DATA,A002,5,409,680065,-2.2333,0.1273,-0.4130,97.4731,151.4282,-10.3760,2.2747,,
DATA,A002,5,410,680075,-2.9120,0.4578,-0.4049,116.9434,146.6064,-5.7373,2.9754,,
DATA,A002,5,411,680085,-3.3924,0.7286,-0.4786,116.0278,102.4170,5.0659,3.5027,,
DATA,A002,5,412,680095,-3.7565,0.9886,-0.5639,110.3516,50.9033,11.8408,3.9251,,
DATA,A002,5,413,680105,-3.7970,1.3897,-0.7467,99.9756,-5.4321,10.4980,4.1117,,
DATA,A002,5,414,680115,-3.4584,1.6324,-0.7921,89.2944,-21.7896,3.9062,3.9054,,
DATA,A002,5,415,680125,-2.7076,1.7110,-0.6554,48.8281,-23.0103,2.0142,3.2693,,
DATA,A002,5,416,680135,-2.2804,1.4468,-0.5682,4.7607,-7.5684,3.1128,2.7598,,
DATA,A002,5,417,680145,-1.8968,0.8531,-0.5477,-56.9458,23.3154,-1.2817,2.1508,,
DATA,A002,5,418,680155,-1.7467,0.5008,-0.5673,-73.6694,45.1660,-7.5073,1.9036,,
DATA,A002,5,419,680165,-1.6105,0.2198,-0.5753,-61.8896,58.5938,-2.0752,1.7242,,
DATA,A002,5,420,680175,-1.5961,0.1651,-0.5587,-47.3633,51.3306,10.8032,1.6991,,
DATA,A002,5,421,680185,-1.5602,0.1509,-0.4660,-35.8887,12.4512,27.7710,1.6352,,
DATA,A002,5,422,680195,-1.4381,0.1424,-0.3427,-34.9731,-31.3110,30.2734,1.4852,,
DATA,A002,5,423,680205,-1.1022,0.0838,-0.1744,-40.5884,-107.7881,16.4795,1.1190,,
DATA,A002,5,424,680215,-0.8314,-0.0129,-0.0775,-45.1050,-153.1372,0.5493,0.8351,,
DATA,A002,5,425,680225,-0.4645,-0.2263,0.0309,-44.5557,-198.7915,-30.2124,0.5176,,
DATA,A002,5,426,680235,-0.3031,-0.3642,0.0482,-33.8135,-206.9092,-54.5044,0.4763,,
DATA,A002,5,427,680245,0.0070,-0.4933,0.0402,2.0142,-182.0068,-90.6372,0.4950,,
DATA,A002,5,428,680255,0.1671,-0.4706,0.0692,33.6304,-163.7573,-98.0225,0.5042,,
DATA,A002,5,429,680265,0.2169,-0.2812,0.1105,68.8477,-145.3247,-83.6792,0.3719,,
DATA,A002,5,430,680275,0.1837,-0.1152,0.0348,77.1484,-130.3101,-76.3550,0.2196,,
DATA,A002,5,431,680285,0.2225,0.0689,-0.1351,74.4019,-102.6001,-66.8335,0.2693,,
DATA,A002,5,432,680295,0.3112,0.1282,-0.2079,67.2607,-87.0972,-55.2368,0.3956,,
DATA,A002,5,433,680305,0.5097,0.1678,-0.2880,57.6172,-56.2744,-36.7432,0.6090,,
DATA,A002,5,434,680315,0.6810,0.1819,-0.2997,53.5889,-17.3950,-27.5269,0.7660,,
DATA,A002,5,435,680325,0.8832,0.1846,-0.3014,47.4854,72.2046,-13.4277,0.9513,,
DATA,A002,5,436,680335,0.9279,0.1587,-0.2848,40.1611,139.8315,-2.1973,0.9835,,
DATA,A002,5,437,680345,0.8461,0.0750,-0.1954,23.6206,235.5957,12.6953,0.8716,,
DATA,A002,5,438,680355,0.6981,-0.0104,-0.1151,11.7188,284.1797,21.7285,0.7076,,
DATA,A002,5,439,680365,0.3727,-0.1418,0.0140,-0.7324,312.7441,35.5835,0.3990,,
DATA,A002,5,440,680375,0.1308,-0.2072,0.1044,-2.7466,302.1851,44.1895,0.2663,,
DATA,A002,5,441,680385,-0.2093,-0.2412,0.1976,-0.9766,252.0142,55.8472,0.3755,,
DATA,A002,5,442,680395,-0.3795,-0.2375,0.2198,-1.1597,193.7256,62.5000,0.4988,,
DATA,A002,5,443,680405,-0.5245,-0.2646,0.2816,-2.8687,82.0923,66.1621,0.6515,,
DATA,A002,5,444,680415,-0.5521,-0.2685,0.2865,-1.8921,1.2207,67.0166,0.6775,,
DATA,A002,5,445,680425,-0.5985,-0.2372,0.2062,1.4648,-75.8667,69.1528,0.6760,,
DATA,A002,5,446,680435,-0.7579,-0.1437,-0.0385,8.2397,-177.8564,77.5146,0.7724,,
DATA,A002,5,447,680445,-0.9449,-0.0322,-0.2492,18.9819,-222.9614,82.3975,0.9778,,
DATA,A002,5,448,680455,-1.3968,0.2591,-0.6762,56.3354,-249.4507,87.0972,1.5734,,
DATA,A002,5,449,680465,-1.8741,0.5594,-1.0070,103.3936,-252.5024,100.2197,2.1998,,
DATA,A002,5,450,680475,-2.4252,1.4527,-0.4213,239.5020,-186.3403,98.5107,2.8582,,
DATA,A002,5,451,680485,-2.3512,2.6067,0.0487,318.4814,-156.0669,100.9521,3.5108,,
DATA,A002,5,452,680495,-2.8900,4.0272,-0.3219,269.3481,-198.7915,193.9697,4.9673,,
DATA,A002,5,453,680505,-3.0782,4.0230,0.1271,162.3535,-188.2935,177.6123,5.0672,,
DATA,A002,5,454,680515,-2.9110,2.7618,0.4347,29.9683,-119.2627,122.8638,4.0361,,
DATA,A002,5,455,680525,-2.7152,1.8880,0.4227,17.3340,-77.1484,87.6465,3.3340,,
DATA,A002,5,456,680535,-2.4520,1.3248,0.3641,44.7998,-72.6318,23.9258,2.8107,,
DATA,A002,5,457,680545,-2.1327,1.3506,0.3361,54.8706,-96.9849,-16.6626,2.5467,,
DATA,A002,5,458,680555,-1.5394,1.5975,0.2272,42.9077,-82.7637,-41.3818,2.2301,,
DATA,A002,5,459,680565,-1.3487,1.6299,0.1473,20.9351,-54.0161,-37.1094,2.1207,,
DATA,A002,5,460,680575,-1.2611,1.3646,0.0731,-21.4233,-9.3384,-20.8740,1.8595,,
DATA,A002,5,461,680585,-1.2242,1.0784,0.0651,-48.6450,14.5264,-1.8311,1.6328,,
DATA,A002,5,462,680595,-1.1488,0.6353,0.0948,-75.9277,23.9258,29.1138,1.3162,,
DATA,A002,5,463,680605,-1.0035,0.3768,0.1232,-82.1533,30.5176,41.5649,1.0790,,
DATA,A002,5,464,680615,-0.7203,0.0425,0.1710,-75.6836,51.9409,44.5557,0.7416,,
DATA,A002,5,465,680625,-0.5887,-0.1501,0.2057,-63.7207,64.2700,41.1987,0.6414,,
DATA,A002,5,466,680635,-0.5077,-0.3564,0.1981,-38.1470,78.6133,31.6162,0.6511,,
DATA,A002,5,467,680645,-0.4945,-0.4208,0.1500,-19.7754,87.5244,27.9541,0.6664,,
DATA,A002,5,468,680655,-0.4745,-0.4142,0.1046,10.9253,87.0361,30.5176,0.6385,,
DATA,A002,5,469,680665,-0.4386,-0.3532,0.0585,29.8462,80.2612,33.3862,0.5662,,
DATA,A002,5,470,680675,-0.3216,-0.2072,-0.0177,50.8423,66.8335,30.2734,0.3830,,
DATA,A002,5,471,680685,-0.2250,-0.1198,-0.0553,57.0679,59.2041,23.3154,0.2608,,
DATA,A002,5,472,680695,-0.1249,-0.0358,-0.0848,51.3916,49.4995,9.0332,0.1552,,
DATA,A002,5,473,680705,-0.0812,-0.0082,-0.0997,35.7666,41.5039,-3.7231,0.1289,,
DATA,A002,5,474,680715,-0.1339,-0.0458,-0.0775,-3.1128,13.8550,-43.7622,0.1614,,
DATA,A002,5,475,680725,-0.0450,-0.1225,-0.1840,-14.5264,0.4272,-31.0669,0.2256,,
DATA,A002,5,476,680735,0.1146,-0.2956,-0.1415,-7.6904,2.9907,-30.7617,0.3472,,
DATA,A002,5,477,680745,0.1713,-0.3774,-0.0890,5.4321,9.0332,-38.8184,0.4239,,
DATA,A002,5,478,680755,0.1981,-0.4514,0.0189,18.4326,17.4561,-38.9404,0.4933,,
DATA,A002,5,479,680765,0.0668,-0.5751,0.3202,26.7944,17.1509,-49.9878,0.6616,,
DATA,A002,5,480,680775,-0.0399,-0.6743,0.4606,21.3623,10.0098,-57.8613,0.8175,,
DATA,A002,5,481,680785,-0.1166,-0.8915,0.5829,-0.3662,-16.5405,-67.3218,1.0715,,
DATA,A002,5,482,680795,-0.1459,-1.0778,0.6410,-13.4888,-52.6733,-82.2144,1.2625,,
DATA,A002,5,483,680805,-0.0741,-1.1525,0.5607,-13.1226,-58.5938,-97.5952,1.2838,,
DATA,A002,5,484,680815,-0.0116,-1.1777,0.5892,-9.7656,-65.3687,-115.4175,1.3169,,
DATA,A002,5,485,680825,-0.0594,-1.1274,0.6415,-10.5591,-86.5479,-124.3896,1.2985,,
DATA,A002,5,486,680835,-0.1903,-1.0485,0.4999,-15.8081,-106.6284,-113.9526,1.1771,,
DATA,A002,5,487,680845,-0.5472,-0.8759,0.2455,-23.8037,-137.0850,-109.5581,1.0616,,
DATA,A002,5,488,680855,-0.8600,-0.7260,0.1005,-10.0098,-143.9819,-115.6616,1.1299,,
DATA,A002,5,489,680865,-1.5450,-0.5292,-0.0590,46.5698,-158.3252,-126.8311,1.6342,,
DATA,A002,5,490,680875,-2.1278,-0.4389,0.0094,99.1211,-163.5132,-134.8267,2.1726,,
DATA,A002,5,491,680885,-3.2272,-0.1076,0.6012,166.6260,-155.5786,-155.3955,3.2844,,
DATA,A002,5,492,680895,-4.0216,0.4297,1.0301,170.9595,-172.9736,-168.7622,4.1736,,
DATA,A002,5,493,680905,-5.0650,1.0953,0.8702,102.4170,-395.3857,-136.4746,5.2547,,
DATA,A002,5,494,680915,-5.3019,1.5394,1.0577,105.1636,-517.3340,-99.7314,5.6212,,
DATA,A002,5,495,680925,-4.2040,2.6780,0.8763,136.0474,-590.8203,-95.6421,5.0609,,
DATA,A002,5,496,680935,-2.8756,3.3516,0.6205,171.5088,-525.6958,-71.5332,4.4595,,
DATA,A002,5,497,680945,-1.3790,3.7742,0.4027,110.7788,-285.7666,-31.6162,4.0384,,
DATA,A002,5,498,680955,-0.9379,3.0281,0.2692,-26.2451,-120.2393,-28.1982,3.1814,,
DATA,A002,5,499,680965,-0.8006,1.4710,0.1105,-160.5835,98.6938,-21.7896,1.6784,,
DATA,A002,5,500,680975,-0.9120,0.7410,0.0734,-164.3677,201.6602,-6.8359,1.1774,,
DATA,A002,5,501,680985,-1.2701,0.0525,0.1683,-92.4683,244.2017,4.6387,1.2823,,
DATA,A002,5,502,680995,-1.5145,-0.1223,0.2291,-24.5972,216.9189,10.9253,1.5366,,
DATA,A002,5,503,681005,-1.6703,-0.0239,0.4078,48.7061,93.4448,34.5459,1.7195,,
DATA,A002,5,504,681015,-1.5384,0.1265,0.4608,58.7158,-16.2354,51.5137,1.6109,,
DATA,A002,5,505,681025,-1.0541,0.1973,0.3463,34.5459,-147.2168,56.2134,1.1269,,
DATA,A002,5,506,681035,-0.6625,0.1851,0.2118,18.9819,-188.2935,49.6216,0.7197,,
DATA,A002,5,507,681045,-0.2093,0.1219,0.0741,16.4185,-178.2837,38.8794,0.2533,,
DATA,A002,5,508,681055,-0.0755,0.0921,0.0587,25.8789,-143.2495,32.7759,0.1328,,
DATA,A002,5,509,681065,-0.0484,0.0782,0.0502,38.3301,-76.2939,25.6958,0.1048,,
DATA,A002,5,510,681075,-0.1219,0.0779,0.0140,39.7949,-41.8701,24.1089,0.1454,,
DATA,A002,5,511,681085,-0.2662,0.0818,-0.0580,37.9028,-23.1323,20.9351,0.2845,,
DATA,A002,5,512,681095,-0.2953,0.0840,-0.0695,37.7808,-28.1372,12.8784,0.3148,,
DATA,A002,5,513,681105,-0.2655,0.0945,-0.0370,36.0107,-42.9688,1.4648,0.2842,,
DATA,A002,5,514,681115,-0.1688,0.1036,0.0538,18.8599,-74.0356,-19.6533,0.2052,,
DATA,A002,5,515,681125,-0.0897,0.0677,0.0807,-0.4883,-91.5527,-37.2314,0.1383,,
DATA,A002,5,516,681135,-0.0055,-0.0488,0.0648,-30.3955,-103.7598,-62.8662,0.0813,,
DATA,A002,5,517,681145,0.0350,-0.1223,0.0177,-42.3584,-105.0415,-75.0732,0.1284,,
DATA,A002,5,518,681155,0.0553,-0.2043,-0.0443,-42.6025,-100.8301,-78.1860,0.2162,,
DATA,A002,5,519,681165,0.0419,-0.2077,-0.0602,-33.3862,-103.4546,-75.3174,0.2203,,
DATA,A002,5,520,681175,0.0194,-0.1625,-0.0651,-21.8506,-113.0371,-74.1577,0.1762,,
DATA,A002,5,521,681185,0.0036,-0.1284,-0.0619,-20.5078,-125.0610,-77.4536,0.1425,,
DATA,A002,5,522,681195,-0.0082,-0.1115,-0.0939,-25.2686,-142.8223,-84.9609,0.1460,,
DATA,A002,5,523,681205,-0.0133,-0.1213,-0.1249,-27.0996,-153.1372,-87.1582,0.1746,,
DATA,A002,5,524,681215,-0.0531,-0.1415,-0.0197,-21.1182,-165.5884,-85.3271,0.1524,,
DATA,A002,5,525,681225,-0.1781,-0.1164,0.1901,-13.0615,-177.7954,-86.0596,0.2853,,
DATA,A002,5,526,681235,-0.6815,0.0745,0.9083,-7.8735,-204.0405,-98.9380,1.1380,,
DATA,A002,5,527,681245,-1.2230,0.6065,1.6691,-26.2451,-240.2954,-118.2251,2.1562,,
DATA,A002,5,528,681255,-1.2167,0.9351,1.6005,-125.1831,-290.7104,-167.2363,2.2172,,
DATA,A002,5,529,681265,-0.7423,0.7405,1.6036,-163.0249,-313.1714,-175.7812,1.9160,,
DATA,A002,5,530,681275,-0.1188,0.5818,1.6229,-161.2549,-314.9414,-139.6484,1.7282,,
DATA,A002,5,531,681285,0.2775,0.5670,1.6107,-160.8887,-268.9819,-122.8027,1.7300,,
DATA,A002,5,532,681295,0.8031,0.4778,1.8817,-186.4014,-177.6123,-80.5664,2.1010,,
DATA,A002,5,533,681305,0.8410,0.3690,2.1046,-213.9282,-105.5908,-43.8232,2.2962,,
DATA,A002,5,534,681315,0.5043,0.1920,2.1249,-236.2061,13.5498,-40.7715,2.1923,,
DATA,A002,5,535,681325,0.1549,-0.0378,2.1754,-223.5718,71.9604,-51.3916,2.1812,,
DATA,A002,5,536,681335,-0.1644,-0.2267,2.1644,-172.3633,102.5391,-31.5552,2.1825,,
DATA,A002,5,537,681345,-0.2884,-0.2285,2.2074,-136.8408,92.8345,-10.6812,2.2378,,
DATA,A002,5,538,681355,-0.6498,-0.1601,2.4337,-111.9995,51.5137,-10.6812,2.5240,,
DATA,A002,5,539,681365,-0.8258,-0.1528,2.2994,-114.3799,12.5732,-28.0762,2.4480,,
DATA,A002,5,540,681375,-0.6900,-0.1957,1.9491,-93.7500,-60.6689,-27.6489,2.0769,,
DATA,A002,5,541,681385,-0.4762,-0.1474,1.8319,-61.9507,-102.5391,-7.8735,1.8985,,
DATA,A002,5,542,681395,-0.2887,-0.1152,1.5580,-33.6914,-116.5161,2.3804,1.5887,,
DATA,A002,5,543,681405,-0.3150,-0.1684,1.3441,-31.0669,-104.7974,-3.9673,1.3908,,
DATA,A002,5,544,681415,-0.4090,-0.2954,0.9977,-26.8555,-97.7173,-8.9111,1.1180,,
DATA,A002,5,545,681425,-0.4081,-0.3635,0.8146,-14.3433,-113.3423,-6.1035,0.9809,,
DATA,A002,5,546,681435,-0.3058,-0.3608,0.6869,4.1504,-143.5547,2.0752,0.8339,,
DATA,A002,5,547,681445,0.0184,-0.2492,0.5568,28.1982,-174.4995,17.2119,0.6103,,
DATA,A002,5,548,681455,0.2211,-0.1618,0.4733,34.8511,-166.5649,24.4141,0.5468,,
DATA,A002,5,549,681465,0.3598,-0.1306,0.3185,33.3862,-115.0513,26.9775,0.4979,,
DATA,A002,5,550,681475,0.3451,-0.1906,0.2318,33.5693,-67.6270,25.6958,0.4573,,
DATA,A002,5,551,681485,0.2504,-0.3090,0.1822,44.6167,-8.6670,29.1138,0.4375,,
DATA,A002,5,552,681495,0.2387,-0.2758,0.0814,57.6782,15.6250,38.5742,0.3737,,
DATA,A002,5,553,681505,0.1627,-0.2792,0.4178,80.6274,38.4521,54.8706,0.5282,,
DATA,A002,5,554,681515,-0.0001,-0.2824,0.4090,85.6934,58.0444,58.6548,0.4971,,
DATA,A002,5,555,681525,-0.1720,0.0960,0.3856,85.5103,76.3550,46.5698,0.4330,,
DATA,A002,5,556,681535,-0.1481,0.2264,0.4576,76.8433,83.0688,26.4893,0.5316,,
DATA,A002,5,557,681545,-0.2482,0.1912,0.3446,47.2412,82.2754,18.9209,0.4657,,
DATA,A002,5,558,681555,-0.3087,0.1468,0.2035,32.6538,75.2563,13.3057,0.3978,,
DATA,A002,5,559,681565,-0.2662,0.0206,0.1932,27.9541,68.2373,2.0142,0.3296,,
DATA,A002,5,560,681575,-0.3407,-0.0595,0.1493,26.0620,59.5093,2.7466,0.3767,,
DATA,A002,5,561,681585,-0.3226,-0.0549,0.0880,25.6348,33.8135,1.0376,0.3389,,
DATA,A002,5,562,681595,-0.2301,-0.0414,0.1256,25.5737,16.1743,-2.9907,0.2654,,
DATA,A002,5,563,681605,-0.1546,-0.0078,0.1874,19.8364,-5.9204,-9.4604,0.2431,,
DATA,A002,5,564,681615,-0.0394,0.0198,0.1854,12.5122,-10.7422,-16.3574,0.1906,,
DATA,A002,5,565,681625,0.1022,-0.0153,0.1612,-2.1362,-0.3662,-22.6440,0.1915,,
DATA,A002,5,566,681635,0.1474,-0.0578,0.1381,-10.8032,12.5122,-29.3579,0.2100,,
DATA,A002,5,567,681645,0.2125,-0.1115,0.1227,-19.6533,34.6680,-37.3535,0.2695,,
DATA,A002,5,568,681655,0.2326,-0.1284,0.1368,-24.1089,48.1567,-37.7808,0.2988,,
DATA,A002,5,569,681665,0.1635,-0.1572,0.1935,-33.9355,59.2651,-37.1704,0.2981,,
DATA,A002,5,570,681675,-0.0304,-0.0275,0.2255,-42.2363,62.3169,-42.0532,0.2292,,
DATA,A002,5,571,681685,0.2133,-0.0427,0.5770,-78.1250,49.0723,13.9160,0.6166,,
DATA,A002,5,572,681695,0.1366,0.3472,0.4401,-117.8589,37.2925,34.9731,0.5770,,
DATA,A002,5,573,681705,0.0270,-0.8625,0.7494,-76.1108,87.3413,21.1792,1.1429,,
DATA,A002,5,574,681715,-0.0543,-0.8698,1.0953,-17.2729,110.1685,16.2964,1.3997,,
DATA,A002,5,575,681725,-0.5353,-0.5158,1.2716,63.4766,129.6997,34.3628,1.4729,,
DATA,A002,5,576,681735,-0.8275,-0.2280,1.3671,80.2612,125.6714,19.2261,1.6142,,
DATA,A002,5,577,681745,-1.0616,-0.2451,1.4750,60.3638,67.9321,1.7700,1.8338,,
DATA,A002,5,578,681755,-1.1454,-0.3408,1.6861,69.3970,20.0806,11.8408,2.0667,,
DATA,A002,5,579,681765,-0.6595,-0.5541,1.5575,95.8862,-3.0518,35.4004,1.7798,,
DATA,A002,5,580,681775,-0.5401,0.2759,1.8285,161.1328,78.1860,115.4785,1.9265,,
DATA,A002,5,581,681785,-1.4669,0.5779,1.8070,121.5210,108.9478,55.5420,2.3981,,
DATA,A002,5,582,681795,-1.0826,0.2359,1.7259,86.4868,43.4570,25.4517,2.0510,,
DATA,A002,5,583,681805,-0.5736,-0.1386,1.6849,124.1455,27.0386,59.1431,1.7853,,
DATA,A002,5,584,681815,-0.7606,0.3985,1.6493,144.6533,44.3115,44.0674,1.8594,,
DATA,A002,5,585,681825,-0.8439,0.2479,1.6200,100.8301,21.3623,-3.0518,1.8433,,
DATA,A002,5,586,681835,-0.8575,0.0181,1.7877,78.8574,-16.0522,-58.0444,1.9828,,
DATA,A002,5,587,681845,-0.5177,-0.0659,1.7382,79.3457,-53.5278,-49.4995,1.8148,,
DATA,A002,5,588,681855,-0.3722,-0.0693,1.6605,60.8521,-58.9600,-28.9307,1.7031,,
DATA,A002,5,589,681865,-0.4120,-0.2329,1.5846,59.5093,-72.9370,-47.6074,1.6537,,
DATA,A002,5,590,681875,-0.4469,-0.1977,1.4144,69.0308,-74.7070,-86.0596,1.4965,,
DATA,A002,5,591,681885,-0.4679,-0.1664,1.3651,66.6504,-78.3081,-112.9761,1.4526,,
DATA,A002,5,592,681895,0.1290,-0.1647,1.2269,61.4014,-87.2803,-86.7920,1.2446,,
DATA,A002,5,593,681905,0.1000,-0.2575,1.1783,52.2461,-61.8896,-60.6079,1.2103,,
DATA,A002,5,594,681915,-0.1097,-0.2675,1.0792,46.7529,-12.8784,-84.4727,1.1173,,
DATA,A002,5,595,681925,-0.1285,-0.1708,1.0702,48.0957,-0.9766,-91.7358,1.0913,,
DATA,A002,5,596,681935,-0.3841,-0.1245,1.0709,25.3906,-17.3340,-147.7051,1.1445,,
DATA,A002,5,597,681945,-0.2997,-0.1015,0.9691,23.8647,-64.5142,-140.3198,1.0194,,
DATA,A002,5,598,681955,0.2025,-0.2519,0.8951,46.2646,-103.6377,-97.3511,0.9517,,
DATA,A002,5,599,681965,0.3388,-0.2263,0.8361,60.7300,-88.5620,-66.4673,0.9300,,
DATA,A002,5,600,681975,0.2418,-0.1005,0.7762,73.4253,-15.5640,-55.3589,0.8192,,
DATA,A002,5,601,681985,0.1066,0.0235,0.7294,70.1294,10.8643,-59.0210,0.7375,,
DATA,A002,5,602,681995,-0.1180,0.0867,0.7518,49.6826,15.9302,-60.1807,0.7660,,
DATA,A002,5,603,682005,-0.2135,0.0941,0.7059,40.4663,3.8452,-65.1855,0.7435,,
DATA,A002,5,604,682015,-0.2330,0.1441,0.7936,33.0200,-39.3066,-63.1104,0.8395,,
DATA,A002,5,605,682025,-0.1783,0.1700,0.8822,22.5220,-60.3638,-60.8521,0.9159,,
DATA,A002,5,606,682035,-0.0797,0.1253,0.9542,7.8735,-80.2612,-60.6079,0.9657,,
DATA,A002,5,607,682045,-0.0138,0.0796,0.9847,3.6011,-84.6558,-59.2651,0.9880,,
DATA,A002,5,608,682055,-0.0384,0.0267,1.0284,-0.4272,-84.1064,-61.6455,1.0295,,
DATA,A002,5,609,682065,0.0114,0.0071,0.9950,-5.7373,-80.6274,-59.5093,0.9951,,
DATA,A002,5,610,682075,0.0829,0.0289,0.9244,-8.6670,-61.4624,-45.1050,0.9286,,
DATA,A002,5,611,682085,0.0707,0.0794,0.8846,-5.7983,-41.3818,-42.9688,0.8910,,
DATA,A002,5,612,682095,0.0038,0.1024,0.8663,0.1831,-19.1040,-43.3960,0.8724,,
DATA,A002,5,613,682105,-0.0358,0.1065,0.8837,2.8687,-17.6392,-42.3584,0.8908,,
DATA,A002,5,614,682115,-0.0790,0.1473,0.9828,4.6997,-18.8599,-41.9312,0.9969,,
DATA,A002,5,615,682125,-0.0853,0.1553,1.0016,7.2632,-10.8032,-42.4805,1.0171,,
DATA,A002,5,616,682135,-0.0912,0.1934,1.0311,13.6108,-1.9531,-39.3066,1.0531,,
DATA,A002,5,617,682145,-0.1493,0.1483,1.0734,14.2212,-0.1831,-33.1421,1.0938,,
DATA,A002,5,618,682155,-0.1451,0.1390,1.0792,13.3057,-2.0752,-28.3203,1.0978,,
DATA,A002,5,619,682165,-0.0731,0.1224,1.0929,18.0054,-5.7373,-17.3950,1.1021,,
DATA,A002,5,620,682175,-0.0900,0.0274,1.0685,20.5078,-5.3101,-13.8550,1.0726,,
DATA,A002,5,621,682185,-0.0331,0.0660,1.0887,26.1841,9.6436,-17.5171,1.0912,,
DATA,A002,5,622,682195,-0.0321,0.1260,1.0304,21.0571,14.4653,-13.2446,1.0386,,
DATA,A002,5,623,682205,-0.0558,0.1126,1.0414,15.5029,20.0806,-14.2822,1.0489,,
DATA,A002,5,624,682215,-0.1061,0.1094,1.0463,15.0757,20.2637,-15.3809,1.0573,,
DATA,A002,5,625,682225,-0.0543,0.0948,1.0570,6.7139,7.0190,-5.3711,1.0626,,
DATA,A002,5,626,682235,-0.0465,0.0479,1.0350,3.9673,2.1973,-2.1362,1.0372,,
DATA,A002,5,627,682245,-0.0467,-0.0446,0.9869,5.7983,6.9580,-7.1411,0.9890,,
DATA,A002,5,628,682255,0.0758,-0.0698,0.9506,6.4697,15.6250,-3.7231,0.9561,,
DATA,A002,5,629,682265,0.0297,-0.0263,0.9337,6.0425,23.8037,-0.2441,0.9345,,
DATA,A002,5,630,682275,-0.0065,-0.0046,0.9166,7.2021,27.2827,1.6479,0.9167,,
DATA,A002,5,631,682285,-0.0279,0.1368,0.9923,8.7280,20.2637,7.7515,1.0021,,
DATA,A002,5,632,682295,-0.0292,0.1331,1.0182,2.4414,15.4419,9.3994,1.0273,,
DATA,A002,5,633,682305,-0.0184,0.0630,1.0096,3.9062,16.8457,10.5591,1.0118,,
DATA,A002,5,634,682315,0.0033,0.0191,1.0170,9.1553,21.0571,12.0850,1.0171,,
DATA,A002,5,635,682325,-0.1122,-0.0996,1.0126,11.7188,27.2217,4.3335,1.0236,,
DATA,A002,5,636,682335,-0.0853,-0.0434,1.0184,13.4277,31.1279,-2.1362,1.0229,,
DATA,A002,5,637,682345,-0.1056,-0.0475,1.0377,13.2446,21.7896,2.3193,1.0442,,
DATA,A002,5,638,682355,-0.0863,0.0767,0.9537,27.9541,13.1836,-0.9766,0.9607,,
DATA,A002,5,639,682365,-0.1788,0.0906,1.0560,18.2495,0.6714,-6.1035,1.0749,,
DATA,A002,5,640,682375,-0.1478,0.0914,1.0550,18.7378,-9.0332,-7.7515,1.0693,,
DATA,A002,5,641,682385,-0.1029,0.0645,1.0348,21.9727,-19.2261,-13.4888,1.0419,,
DATA,A002,5,642,682395,-0.0438,0.0240,1.0272,23.2544,-21.8506,-15.1978,1.0284,,
DATA,A002,5,643,682405,-0.0328,0.0401,1.0211,28.4424,-21.6675,-18.3105,1.0224,,
DATA,A002,5,644,682415,-0.0348,0.0838,1.0458,29.4800,-23.4985,-17.7612,1.0497,,
DATA,A002,5,645,682425,0.0492,0.1036,1.0821,30.4565,-22.4609,-8.4839,1.0882,,
DATA,A002,5,646,682435,0.0460,0.1026,1.1122,31.3721,-17.3950,-3.8452,1.1178,,
DATA,A002,5,647,682445,-0.0978,0.0501,1.1144,31.8604,-11.8408,-6.5918,1.1198,,
DATA,A002,5,648,682455,-0.1627,0.0582,1.1244,31.9824,-13.1836,-13.2446,1.1376,,
EVENT,A002,5,,682461,,,,,,,,STOP,648
EVENT,A002,6,,684955,,,,,,,,START,
DATA,A002,6,1,684978,0.2577,0.0379,0.9867,13.1836,57.3730,27.2217,1.0205,,
DATA,A002,6,2,684988,0.2946,0.0245,0.9579,23.8037,84.2896,20.5688,1.0024,,
DATA,A002,6,3,684998,0.2860,0.0469,0.9371,30.4565,104.4922,18.4937,0.9809,,
DATA,A002,6,4,685008,0.1798,0.1185,0.8942,45.9595,122.6196,13.1836,0.9197,,
DATA,A002,6,5,685018,0.1259,0.1827,0.8724,56.5186,122.9248,12.4512,0.9002,,
DATA,A002,6,6,685028,0.0787,0.2381,0.9020,63.3545,118.6523,15.2588,0.9362,,
DATA,A002,6,7,685038,0.0143,0.2774,0.9093,63.5376,106.5063,17.9443,0.9508,,
DATA,A002,6,8,685048,-0.0004,0.2837,0.9313,59.2651,104.6753,16.9067,0.9735,,
DATA,A002,6,9,685058,0.0316,0.2881,0.9501,49.6216,92.9565,23.4985,0.9933,,
DATA,A002,6,10,685068,0.0446,0.2491,0.9642,45.1050,88.5620,26.9165,0.9969,,
DATA,A002,6,11,685078,0.0924,0.2654,0.9388,44.6777,80.9937,32.2266,0.9800,,
DATA,A002,6,12,685088,0.1410,0.2857,0.9112,41.8091,85.3882,34.4238,0.9653,,
DATA,A002,6,13,685098,0.2394,0.2379,0.8114,42.0532,91.8579,32.5928,0.8788,,
DATA,A002,6,14,685108,0.2731,-0.0048,0.8514,56.5186,92.4683,51.0864,0.8942,,
DATA,A002,6,15,685118,0.6657,0.9676,0.6639,87.7686,132.0190,111.7554,1.3491,,
DATA,A002,6,16,685128,0.5993,0.9737,0.7704,114.6851,193.7256,196.5332,1.3786,,
DATA,A002,6,17,685138,0.3380,0.5692,0.7596,56.0913,297.9126,187.7441,1.0076,,
DATA,A002,6,18,685148,0.0614,0.5233,0.7152,21.9727,310.1196,150.6958,0.8883,,
DATA,A002,6,19,685158,-0.3666,0.5921,0.7096,56.1523,287.6587,97.9614,0.9942,,
DATA,A002,6,20,685168,-0.5062,0.7161,0.6764,74.0967,250.3662,73.3032,1.1075,,
DATA,A002,6,21,685178,-0.5321,0.7005,0.6251,54.8096,179.5044,68.1152,1.0792,,
DATA,A002,6,22,685188,-0.4488,0.5320,0.5853,31.6162,136.7188,76.6602,0.9095,,
DATA,A002,6,23,685198,-0.2438,0.3279,0.5282,23.6206,101.7456,84.8389,0.6678,,
DATA,A002,6,24,685208,-0.1383,0.2879,0.4921,29.9683,102.7832,91.9800,0.5866,,
DATA,A002,6,25,685218,-0.0619,0.3323,0.3793,37.5977,127.9297,105.4688,0.5081,,
DATA,A002,6,26,685228,-0.0380,0.3773,0.3404,40.4053,154.4189,109.1919,0.5096,,
DATA,A002,6,27,685238,-0.0585,0.3838,0.3026,38.3301,197.6929,111.6333,0.4923,,
DATA,A002,6,28,685248,-0.0997,0.3257,0.2836,34.9121,224.0601,112.0605,0.4432,,
DATA,A002,6,29,685258,-0.1869,0.2100,0.2831,32.4097,250.5493,109.6191,0.3989,,
DATA,A002,6,30,685268,-0.2462,0.1407,0.2819,33.1421,253.5400,109.2529,0.3998,,
DATA,A002,6,31,685278,-0.2569,0.0831,0.2736,38.5742,241.7603,109.2529,0.3844,,
DATA,A002,6,32,685288,-0.2237,0.0814,0.2621,44.0063,231.0791,108.9478,0.3541,,
DATA,A002,6,33,685298,-0.1573,0.1121,0.2401,50.1099,224.2432,109.6802,0.3082,,
DATA,A002,6,34,685308,-0.1185,0.1341,0.2157,48.6450,231.0791,110.5347,0.2803,,
DATA,A002,6,35,685318,-0.0948,0.1219,0.1822,39.4287,256.2256,110.6567,0.2389,,
DATA,A002,6,36,685328,-0.1129,0.0916,0.1468,33.1421,278.6865,109.8633,0.2066,,
DATA,A002,6,37,685338,-0.1891,0.0501,0.1175,31.1279,307.9224,108.0322,0.2282,,
DATA,A002,6,38,685348,-0.2726,0.0386,0.1180,32.0435,317.9932,109.1309,0.2995,,
DATA,A002,6,39,685358,-0.4540,0.0320,0.1735,33.4473,315.5518,110.7788,0.4870,,
DATA,A002,6,40,685368,-0.6315,0.0335,0.2486,32.6538,297.9126,110.5347,0.6795,,
DATA,A002,6,41,685378,-0.8580,0.0543,0.3551,39.0625,272.4609,111.0840,0.9302,,
DATA,A002,6,42,685388,-1.2533,0.1570,0.6344,48.5229,228.0273,109.4971,1.4134,,
DATA,A002,6,43,685398,-1.5553,0.2735,0.8414,58.4106,192.3828,103.2104,1.7893,,
DATA,A002,6,44,685408,-1.9730,0.6409,1.0465,64.5752,130.5542,81.7871,2.3235,,
DATA,A002,6,45,685418,-2.2350,0.9725,1.2062,59.9976,81.6650,57.1899,2.7195,,
DATA,A002,6,46,685428,-2.5970,1.5359,1.2985,43.3350,10.3760,18.7378,3.2848,,
DATA,A002,6,47,685438,-2.8263,1.9078,1.2316,24.7803,-34.4238,0.0610,3.6255,,
DATA,A002,6,48,685448,-2.8082,2.3316,1.1688,24.7803,-72.6929,-29.4800,3.8326,,
DATA,A002,6,49,685458,-2.5475,2.5298,1.0795,17.4561,-79.5288,-41.5649,3.7490,,
DATA,A002,6,50,685468,-2.0980,2.4493,0.9935,-31.8604,-47.8516,-55.4199,3.3746,,
DATA,A002,6,51,685478,-1.8732,2.1661,0.9235,-67.4438,-4.9438,-60.9131,3.0089,,
DATA,A002,6,52,685488,-1.7157,1.7374,0.8290,-86.6089,66.5283,-69.5190,2.5786,,
DATA,A002,6,53,685498,-1.7220,1.5638,0.7989,-77.9419,109.1309,-78.6743,2.4595,,
DATA,A002,6,54,685508,-1.7735,1.4827,0.7704,-55.4810,152.0996,-85.5103,2.4367,,
DATA,A002,6,55,685518,-1.8097,1.4686,0.7474,-44.3726,164.5508,-85.0220,2.4475,,
DATA,A002,6,56,685528,-1.8641,1.4066,0.7167,-34.0576,160.6445,-79.1016,2.4427,,
DATA,A002,6,57,685538,-1.8590,1.3394,0.6981,-28.0151,144.5923,-74.8291,2.3953,,
DATA,A002,6,58,685548,-1.7906,1.2874,0.6732,-17.6392,114.1357,-69.3359,2.3059,,
DATA,A002,6,59,685558,-1.7303,1.2830,0.6351,-12.6343,95.8252,-66.5283,2.2458,,
DATA,A002,6,60,685568,-1.5965,1.2945,0.5533,-9.8877,70.6787,-64.3921,2.1286,,
DATA,A002,6,61,685578,-1.4552,1.2816,0.5048,-11.3525,57.4951,-63.1104,2.0037,,
DATA,A002,6,62,685588,-1.1891,1.1824,0.4142,-20.0806,38.0249,-61.6455,1.7273,,
DATA,A002,6,63,685598,-0.9957,1.0567,0.3595,-28.9307,24.2310,-59.7534,1.4958,,
DATA,A002,6,64,685608,-0.7106,0.7930,0.2916,-43.0298,1.9531,-55.6030,1.1040,,
DATA,A002,6,65,685618,-0.5194,0.5994,0.2467,-49.0723,-13.1836,-54.8096,0.8306,,
DATA,A002,6,66,685628,-0.2211,0.3275,0.1705,-53.2227,-27.2827,-58.6548,0.4303,,
DATA,A002,6,67,685638,-0.0253,0.1797,0.1097,-52.0630,-24.2310,-62.3779,0.2121,,
DATA,A002,6,68,685648,0.2326,0.0115,-0.0109,-47.0581,0.7935,-66.9556,0.2331,,
DATA,A002,6,69,685658,0.3773,-0.0546,-0.0753,-39.3066,31.2500,-70.7397,0.3886,,
DATA,A002,6,70,685668,0.5516,-0.0695,-0.1669,-16.7236,91.0034,-71.5942,0.5805,,
DATA,A002,6,71,685678,0.6120,-0.0324,-0.1974,-1.0986,137.0850,-71.4111,0.6438,,
DATA,A002,6,72,685688,0.6476,0.0794,-0.2406,15.1367,200.0122,-73.1201,0.6954,,
DATA,A002,6,73,685698,0.6310,0.1587,-0.2338,16.4185,238.9526,-72.9370,0.6914,,
DATA,A002,6,74,685708,0.5924,0.2110,-0.2179,10.9253,267.0898,-72.0215,0.6656,,
DATA,A002,6,75,685718,0.4486,0.2254,-0.1632,-8.7891,295.1050,-67.2607,0.5279,,
DATA,A002,6,76,685728,0.3217,0.1868,-0.1168,-24.9634,305.6030,-62.8052,0.3899,,
DATA,A002,6,77,685738,0.0946,0.1282,-0.0560,-48.0957,313.1714,-58.5327,0.1689,,
DATA,A002,6,78,685748,-0.0821,0.1099,-0.0089,-58.0444,313.2324,-58.1055,0.1375,,
DATA,A002,6,79,685758,-0.3407,0.1187,0.0790,-72.8149,292.1143,-62.7441,0.3693,,
DATA,A002,6,80,685768,-0.4957,0.1295,0.1490,-84.1675,262.8174,-58.4717,0.5336,,
DATA,A002,6,81,685778,-0.9105,0.0811,0.4774,-124.6948,149.5361,-56.5186,1.0313,,
DATA,A002,6,82,685788,-0.9850,0.0599,0.5524,-185.6689,9.5825,-90.2100,1.1309,,
DATA,A002,6,83,685798,-0.4010,-0.0026,0.2250,-227.4170,-111.8774,-41.1987,0.4598,,
DATA,A002,6,84,685808,-0.0953,-0.1218,0.2738,-231.2622,-125.8545,-35.4614,0.3144,,
DATA,A002,6,85,685818,0.0104,-0.2446,0.1503,-205.5054,-132.8125,-20.8130,0.2872,,
DATA,A002,6,86,685828,0.0370,-0.2336,0.1664,-165.4663,-124.1455,-9.7656,0.2892,,
DATA,A002,6,87,685838,0.1420,-0.1923,0.0516,-137.4512,-91.8579,-29.8462,0.2446,,
DATA,A002,6,88,685848,0.1630,-0.1860,-0.0260,-124.8779,-78.0640,-28.4424,0.2486,,
DATA,A002,6,89,685858,0.1674,-0.2504,-0.1327,-117.2485,-50.9033,-31.4941,0.3291,,
DATA,A002,6,90,685868,0.1942,-0.3393,-0.1801,-102.5391,-37.8418,-40.2832,0.4304,,
DATA,A002,6,91,685878,0.2782,-0.4301,-0.2653,-61.1572,-20.3247,-44.0674,0.5769,,
DATA,A002,6,92,685888,0.3143,-0.4306,-0.2887,-34.3018,-14.3433,-43.8232,0.6063,,
DATA,A002,6,93,685898,0.4381,-0.3952,-0.2018,-10.3760,3.6621,-45.5322,0.6236,,
DATA,A002,6,94,685908,0.4950,-0.3742,-0.1600,-5.8594,10.4980,-46.9360,0.6408,,
DATA,A002,6,95,685918,0.5402,-0.4379,-0.0975,-21.2402,52.3682,-50.3540,0.7022,,
DATA,A002,6,96,685928,0.3812,-0.5202,-0.1437,-47.1802,94.9097,-58.4717,0.6608,,
DATA,A002,6,97,685938,-0.0719,-0.8134,-0.2824,-84.8389,170.3491,-78.7964,0.8640,,
DATA,A002,6,98,685948,-0.4034,-1.1100,-0.3749,-85.8154,210.8154,-77.0874,1.2392,,
DATA,A002,6,99,685958,-1.0773,-1.5463,-0.3734,-18.4326,191.2231,5.9814,1.9212,,
DATA,A002,6,100,685968,-1.9999,-1.9594,-0.1935,14.5874,149.7192,16.7847,2.8065,,
DATA,A002,6,101,685978,-3.4830,-2.2385,0.5155,126.6479,35.0342,27.9541,4.1723,,
DATA,A002,6,102,685988,-4.5470,-1.5317,1.0836,266.1133,-39.8560,25.9399,4.9189,,
DATA,A002,6,103,685998,-6.3478,0.8616,2.0111,324.8901,-114.6240,-15.8691,6.7142,,
DATA,A002,6,104,686008,-7.4588,2.8897,1.5697,209.4116,-206.5430,-75.3174,8.1516,,
DATA,A002,6,105,686018,-6.1759,3.0670,0.0536,47.2412,-383.9111,-189.5142,6.8957,,
DATA,A002,6,106,686028,-3.7013,3.1614,-0.0597,104.7974,-407.0435,-217.3462,4.8680,,
DATA,A002,6,107,686038,-1.4415,3.2669,-0.2064,85.1440,-215.0879,-186.8286,3.5768,,
DATA,A002,6,108,686048,-0.6153,2.5516,-0.1168,-21.7896,-46.9360,-164.9780,2.6273,,
DATA,A002,6,109,686058,-0.2457,1.5613,-0.0023,-131.9580,89.1724,-161.5601,1.5806,,
DATA,A002,6,110,686068,-0.2787,0.1229,0.0260,-195.3735,294.1284,-177.7954,0.3057,,
DATA,A002,6,111,686078,-0.6153,-0.5881,0.0257,-163.0859,403.5034,-159.9121,0.8516,,
DATA,A002,6,112,686088,-1.4232,-1.0427,-0.1093,-20.6299,458.2520,-110.5957,1.7677,,
DATA,A002,6,113,686098,-1.8898,-0.8947,-0.0441,99.7314,395.9351,-74.2798,2.0913,,
DATA,A002,6,114,686108,-2.0594,-0.0827,0.2943,206.8481,198.8525,-26.4893,2.0820,,
DATA,A002,6,115,686118,-1.7262,0.4857,0.2872,186.8896,39.4287,-8.7891,1.8161,,
DATA,A002,6,116,686128,-0.9540,0.7798,0.1280,84.2285,-150.3296,10.5591,1.2388,,
DATA,A002,6,117,686138,-0.5013,0.6351,-0.0040,17.7002,-210.5713,25.2075,0.8091,,
DATA,A002,6,118,686148,-0.0619,0.2261,-0.1193,-25.5737,-212.9517,45.4712,0.2630,,
DATA,A002,6,119,686158,0.0619,-0.0090,-0.1434,-20.3247,-183.7158,54.9927,0.1565,,
DATA,A002,6,120,686168,0.0971,-0.1469,-0.1862,14.1602,-122.4976,58.6548,0.2562,,
DATA,A002,6,121,686178,0.0624,-0.0913,-0.1864,41.5039,-82.0312,58.0444,0.2167,,
DATA,A002,6,122,686188,0.0126,0.1214,-0.1730,70.0073,-25.3296,59.8755,0.2117,,
DATA,A002,6,123,686198,-0.0306,0.2635,-0.1574,72.8760,7.0190,62.1338,0.3084,,
DATA,A002,6,124,686208,-0.1058,0.3873,-0.1461,56.7017,38.8794,61.5234,0.4272,,
DATA,A002,6,125,686218,-0.1515,0.4031,-0.1368,40.1611,52.8564,57.8003,0.4519,,
DATA,A002,6,126,686228,-0.1866,0.3453,-0.1093,20.3247,65.6128,50.6592,0.4074,,
DATA,A002,6,127,686238,-0.1876,0.2962,-0.0841,13.0005,69.1528,47.4243,0.3606,,
DATA,A002,6,128,686248,-0.1649,0.2281,-0.0082,6.8970,69.5190,44.2505,0.2816,,
DATA,A002,6,129,686258,-0.1312,0.1922,0.0192,3.2959,70.1294,42.6636,0.2335,,
DATA,A002,6,130,686268,-0.0892,0.1277,0.0231,-1.8921,78.3691,37.7197,0.1575,,
DATA,A002,6,131,686278,-0.0592,0.0699,0.0189,-5.2490,90.5151,33.8135,0.0935,,
DATA,A002,6,132,686288,-0.0387,-0.0427,0.0275,-8.6670,107.7271,28.0762,0.0638,,
DATA,A002,6,133,686298,-0.0609,-0.1293,0.0355,-9.7656,115.4175,24.3530,0.1473,,
DATA,A002,6,134,686308,-0.1029,-0.2575,0.0416,-7.1411,118.1641,18.3105,0.2804,,
DATA,A002,6,135,686318,-0.1310,-0.3308,0.0292,-2.4414,112.6099,14.0381,0.3569,,
DATA,A002,6,136,686328,-0.1549,-0.4194,0.0289,8.1787,95.3979,7.0801,0.4480,,
DATA,A002,6,137,686338,-0.1749,-0.4684,0.0267,15.4419,80.9326,2.6245,0.5008,,
DATA,A002,6,138,686348,-0.2469,-0.5334,0.0165,23.2544,61.1572,-5.3711,0.5880,,
DATA,A002,6,139,686358,-0.2909,-0.5705,0.0140,27.4658,53.7720,-13.5498,0.6405,,
DATA,A002,6,140,686368,-0.3649,-0.6105,0.0152,38.5132,52.8564,-26.6724,0.7114,,
DATA,A002,6,141,686378,-0.4874,-0.6039,0.0236,50.0488,58.2886,-32.3486,0.7765,,
DATA,A002,6,142,686388,-0.9564,-0.5414,0.0236,68.3594,61.6455,-33.7524,1.0993,,
DATA,A002,6,143,686398,-1.4935,-0.4719,-0.0026,78.5522,65.2466,-30.9448,1.5663,,
DATA,A002,6,144,686408,-2.5358,-0.3701,0.0502,97.9004,49.0723,-25.3296,2.5631,,
DATA,A002,6,145,686418,-3.3556,-0.2470,0.2408,108.8257,26.1230,-22.2168,3.3733,,
DATA,A002,6,146,686428,-3.9437,-0.0253,0.6002,119.5068,-4.3335,-37.1094,3.9892,,
DATA,A002,6,147,686438,-4.2945,0.4505,0.4962,116.6382,-121.2769,-50.0488,4.3465,,
DATA,A002,6,148,686448,-4.1058,0.6797,0.4364,103.5767,-202.9419,-50.9033,4.1845,,
DATA,A002,6,149,686458,-3.4056,0.9327,0.3815,77.3315,-239.0137,-91.3696,3.5516,,
DATA,A002,6,150,686468,-2.9618,0.9979,0.3329,57.1899,-226.9287,-106.2622,3.1430,,
DATA,A002,6,151,686478,-2.5878,0.9131,0.2970,35.5835,-170.4712,-104.3091,2.7602,,
DATA,A002,6,152,686488,-2.4164,0.7105,0.2840,32.4097,-124.3896,-100.4639,2.5346,,
DATA,A002,6,153,686498,-2.2364,0.3021,0.3336,48.8892,-39.5508,-92.7734,2.2813,,
DATA,A002,6,154,686508,-2.2704,0.0987,0.4183,73.1201,1.2817,-86.3037,2.3107,,
DATA,A002,6,155,686518,-2.3797,0.0372,0.5553,125.1221,15.5029,-70.5566,2.4440,,
DATA,A002,6,156,686528,-2.3529,0.1600,0.6324,156.4331,-4.2114,-61.7065,2.4417,,
DATA,A002,6,157,686538,-2.0328,0.4151,0.6285,169.7388,-68.1152,-58.2886,2.1679,,
DATA,A002,6,158,686548,-1.6463,0.4837,0.5548,153.0762,-113.9526,-58.0444,1.8034,,
DATA,A002,6,159,686558,-1.0887,0.3838,0.4242,111.3281,-160.2783,-54.8706,1.2299,,
DATA,A002,6,160,686568,-0.8129,0.2586,0.3707,84.5947,-175.9644,-53.1616,0.9301,,
DATA,A002,6,161,686578,-0.5111,0.1214,0.2616,55.9692,-179.3823,-56.9458,0.5868,,
DATA,A002,6,162,686588,-0.3844,0.1207,0.1324,45.4712,-174.9878,-60.9131,0.4241,,
DATA,A002,6,163,686598,-0.3133,0.2488,-0.0695,36.2549,-180.6030,-57.9224,0.4061,,
DATA,A002,6,164,686608,-0.2738,0.3880,-0.1332,29.4800,-189.1479,-54.0771,0.4932,,
DATA,A002,6,165,686618,-0.2113,0.6150,-0.1134,9.1553,-225.5249,-49.1333,0.6601,,
DATA,A002,6,166,686628,-0.1678,0.7342,-0.1066,-18.3105,-256.1646,-45.2881,0.7606,,
DATA,A002,6,167,686638,-0.0358,0.7801,-0.1366,-73.2422,-306.4575,-44.1284,0.7928,,
DATA,A002,6,168,686648,0.0255,0.7261,-0.2262,-106.2012,-330.3833,-46.0205,0.7610,,
DATA,A002,6,169,686658,0.1442,0.6199,-0.4452,-132.5684,-331.2988,-44.1895,0.7767,,
DATA,A002,6,170,686668,0.2858,0.5701,-0.5997,-131.2256,-318.4814,-31.4331,0.8754,,
DATA,A002,6,171,686678,0.5380,0.5538,-0.7365,-116.8213,-270.5078,4.4556,1.0670,,
DATA,A002,6,172,686688,0.7077,0.5474,-0.7828,-108.7646,-231.6284,27.3438,1.1888,,
DATA,A002,6,173,686698,0.7814,0.4686,-0.8407,-106.0181,-160.6445,49.9878,1.2397,,
DATA,A002,6,174,686708,0.6886,0.3592,-0.8451,-104.9805,-108.6426,54.2603,1.1478,,
DATA,A002,6,175,686718,0.4694,0.1680,-0.7902,-95.0928,-31.9824,52.4292,0.9343,,
DATA,A002,6,176,686728,0.3139,0.0665,-0.7208,-82.2754,7.3853,53.3447,0.7890,,
DATA,A002,6,177,686738,0.1906,0.0032,-0.6202,-67.3218,33.2642,54.8706,0.6489,,
DATA,A002,6,178,686748,0.0565,-0.0407,-0.5057,-47.8516,52.0630,61.7676,0.5105,,
DATA,A002,6,179,686758,0.0162,-0.0773,-0.4601,-35.5225,51.4526,62.2559,0.4668,,
DATA,A002,6,180,686768,0.1127,-0.1494,-0.4020,-13.7939,38.6963,64.7583,0.4434,,
DATA,A002,6,181,686778,0.2235,-0.1923,-0.3578,3.3569,38.8184,70.9839,0.4636,,
DATA,A002,6,182,686788,0.3339,-0.1894,-0.2936,28.3813,67.2607,84.4116,0.4833,,
DATA,A002,6,183,686798,0.2997,-0.1281,-0.2489,42.4805,106.0791,98.1445,0.4101,,
DATA,A002,6,184,686808,0.0870,0.0174,-0.0929,60.9741,178.2837,129.3335,0.1285,,
DATA,A002,6,185,686818,-0.2479,0.1387,0.0712,69.3359,228.1494,150.3906,0.2929,,
DATA,A002,6,186,686828,-1.0482,0.3279,0.5433,74.7070,293.1519,177.8564,1.2253,,
DATA,A002,6,187,686838,-1.7306,0.4754,0.9205,71.2891,317.6270,192.6880,2.0170,,
DATA,A002,6,188,686848,-2.7977,0.7171,1.3370,53.4668,309.0820,194.8242,3.1826,,
DATA,A002,6,189,686858,-3.3473,0.7569,1.5238,32.1045,248.4741,182.6782,3.7549,,
DATA,A002,6,190,686868,-3.8561,0.6341,1.6285,19.1040,104.1870,146.1182,4.2336,,
DATA,A002,6,191,686878,-3.7850,0.6011,1.6722,29.9072,28.9307,115.4785,4.1814,,
DATA,A002,6,192,686888,-3.1249,0.6116,1.5824,46.6309,-32.2266,72.0215,3.5557,,
DATA,A002,6,193,686898,-2.6827,0.5528,1.5426,51.8188,-38.8794,45.4712,3.1436,,
DATA,A002,6,194,686908,-2.2069,0.3585,1.6197,61.7676,-12.9395,6.8359,2.7609,,
DATA,A002,6,195,686918,-1.9891,0.2120,1.6737,71.9604,17.0288,-17.8833,2.6082,,
DATA,A002,6,196,686928,-1.8522,0.0948,1.7191,93.5059,57.7393,-43.8843,2.5288,,
DATA,A002,6,197,686938,-1.8224,0.1507,1.7128,108.0933,72.6318,-51.2085,2.5055,,
DATA,A002,6,198,686948,-1.8119,0.3531,1.6534,113.4644,78.3691,-48.0957,2.4782,,
DATA,A002,6,199,686958,-1.8116,0.4573,1.5152,103.3325,71.8384,-44.0063,2.4056,,
DATA,A002,6,200,686968,-1.7130,0.4393,1.2721,73.9746,64.4531,-36.1328,2.1784,,
DATA,A002,6,201,686978,-1.6175,0.3211,1.1525,51.1475,64.5142,-28.3203,2.0119,,
DATA,A002,6,202,686988,-1.5318,0.0919,1.0394,27.0996,50.8423,-23.4985,1.8535,,
DATA,A002,6,203,686998,-1.4532,-0.0204,0.9449,24.6582,32.9590,-24.1089,1.7336,,
DATA,A002,6,204,687008,-1.2242,-0.0793,0.8133,32.2266,-3.6621,-24.1699,1.4719,,
DATA,A002,6,205,687018,-1.0216,-0.0673,0.7303,33.4473,-28.3203,-21.4844,1.2576,,
DATA,A002,6,206,687028,-0.6844,-0.0568,0.6349,25.0244,-51.3916,-19.1650,0.9353,,
DATA,A002,6,207,687038,-0.4764,-0.0705,0.5382,16.2964,-56.9458,-18.4326,0.7222,,
DATA,A002,6,208,687048,-0.2391,-0.1498,0.4564,10.4980,-48.8892,-17.0898,0.5366,,
DATA,A002,6,209,687058,-0.1029,-0.2014,0.4264,13.1836,-37.6587,-17.4561,0.4826,,
DATA,A002,6,210,687068,0.0216,-0.2348,0.3719,22.4609,-24.3530,-17.5781,0.4404,,
DATA,A002,6,211,687078,0.0800,-0.2297,0.3182,27.4048,-23.7427,-18.0054,0.4005,,
DATA,A002,6,212,687088,0.1254,-0.1999,0.2455,30.5176,-29.6631,-20.6299,0.3405,,
DATA,A002,6,213,687098,0.1566,-0.1469,0.0939,30.7007,-50.2319,-26.8555,0.2344,,
DATA,A002,6,214,687108,0.1928,-0.1176,-0.0065,30.7617,-64.3311,-31.6772,0.2259,,
DATA,A002,6,215,687118,0.2946,-0.0903,-0.1137,31.4331,-76.6602,-36.8042,0.3284,,
DATA,A002,6,216,687128,0.3915,-0.0876,-0.1386,31.0669,-75.1953,-37.4146,0.4244,,
DATA,A002,6,217,687138,0.5226,-0.0886,-0.1420,30.4565,-54.8706,-35.5835,0.5487,,
DATA,A002,6,218,687148,0.5543,-0.0871,-0.1420,29.1138,-29.2358,-33.7524,0.5788,,
DATA,A002,6,219,687158,0.5299,-0.0913,-0.1288,27.5269,23.6206,-32.2266,0.5529,,
DATA,A002,6,220,687168,0.4867,-0.1003,-0.1061,28.3203,63.1104,-30.5176,0.5081,,
DATA,A002,6,221,687178,0.4286,-0.1015,-0.0765,29.6021,117.0044,-23.8647,0.4471,,
DATA,A002,6,222,687188,0.3934,-0.0937,-0.0541,29.7852,148.7427,-17.4561,0.4080,,
DATA,A002,6,223,687198,0.3014,-0.0642,-0.0275,29.4800,189.7583,-9.3994,0.3094,,
DATA,A002,6,224,687208,0.2172,-0.0231,-0.0397,31.0059,211.1206,-6.9580,0.2220,,
DATA,A002,6,225,687218,0.0724,0.0257,-0.0460,29.3579,226.3794,-3.2959,0.0896,,
DATA,A002,6,226,687228,-0.0206,0.0501,-0.0514,25.5737,224.9146,-1.9531,0.0747,,
DATA,A002,6,227,687238,-0.1505,0.0782,-0.0553,13.3057,203.7354,-3.5400,0.1784,,
DATA,A002,6,228,687248,-0.2125,0.0789,-0.0441,2.3804,183.5938,-7.3242,0.2309,,
DATA,A002,6,229,687258,-0.2765,0.0618,0.0326,-10.1929,151.9165,-14.1602,0.2852,,
DATA,A002,6,230,687268,-0.3067,0.0506,0.0734,-17.8223,136.0474,-19.5312,0.3194,,
DATA,A002,6,231,687278,-0.3771,0.0423,0.1283,-30.4565,119.7510,-26.4282,0.4005,,
DATA,A002,6,232,687288,-0.4776,0.0518,0.1515,-40.0391,113.8916,-28.0762,0.5038,,
DATA,A002,6,233,687298,-0.8612,0.0945,0.2176,-57.3120,102.7832,-23.9258,0.8933,,
DATA,A002,6,234,687308,-1.3573,0.1819,0.2794,-71.2891,97.3511,-12.2681,1.3976,,
DATA,A002,6,235,687318,-2.4642,0.5303,0.3168,-92.4683,76.7822,23.4985,2.5405,,
DATA,A002,6,236,687328,-3.0729,0.8897,0.4933,-96.1304,59.2041,32.7759,3.2369,,
DATA,A002,6,237,687338,-3.3214,1.4217,0.3900,-100.2197,-2.5024,35.0342,3.6339,,
DATA,A002,6,238,687348,-3.1432,1.5211,0.2428,-99.9756,-74.5239,47.1802,3.5003,,
DATA,A002,6,239,687358,-2.5868,1.5562,0.6820,-38.8794,-64.4531,43.7622,3.0949,,
DATA,A002,6,240,687368,-2.2391,1.7046,1.1888,23.7427,21.7896,26.3062,3.0550,,
DATA,A002,6,241,687378,-2.2855,1.5611,1.5340,59.0210,174.0723,-25.5127,3.1645,,
DATA,A002,6,242,687388,-2.6617,1.1985,1.5611,54.6875,220.6421,-61.7065,3.3104,,
DATA,A002,6,243,687398,-3.1244,0.8162,1.3881,29.7241,176.9409,-76.4771,3.5149,,
DATA,A002,6,244,687408,-3.2045,0.6563,1.1503,-3.7842,87.3413,-69.2749,3.4673,,
DATA,A002,6,245,687418,-2.9379,0.4327,0.6510,-61.9507,-71.9604,-55.4810,3.0401,,
DATA,A002,6,246,687428,-2.5006,0.2850,0.3414,-82.4585,-146.2402,-46.1426,2.5398,,
DATA,A002,6,247,687438,-2.0233,0.1841,0.1241,-84.4727,-178.8940,-33.3862,2.0355,,
DATA,A002,6,248,687448,-1.3646,0.0906,-0.0231,-78.3691,-174.3164,-14.2212,1.3678,,
DATA,A002,6,249,687458,-0.9947,0.0306,-0.0761,-81.7871,-145.3247,-2.0142,0.9981,,
DATA,A002,6,250,687468,-0.6205,-0.1411,-0.1078,-98.1445,-71.4111,17.5781,0.6454,,
DATA,A002,6,251,687478,-0.5047,-0.3032,-0.1046,-103.6377,-15.8691,28.2593,0.5980,,
DATA,A002,6,252,687488,-0.4960,-0.5346,-0.1190,-86.5479,64.2700,39.9780,0.7389,,
DATA,A002,6,253,687498,-0.5270,-0.6418,-0.1234,-59.7534,104.6143,43.4570,0.8395,,
DATA,A002,6,254,687508,-0.4925,-0.6701,-0.0792,-11.2305,124.7559,45.2881,0.8354,,
DATA,A002,6,255,687518,-0.3978,-0.6039,-0.0289,17.9443,122.9858,47.6685,0.7238,,
DATA,A002,6,256,687528,-0.2428,-0.4636,0.0604,47.8516,130.3711,47.5464,0.5268,,
DATA,A002,6,257,687538,-0.1774,-0.3723,0.1515,61.0352,146.4844,44.1895,0.4393,,
DATA,A002,6,258,687548,-0.1459,-0.2216,0.2748,72.2046,174.3164,37.7197,0.3820,,
DATA,A002,6,259,687558,-0.1805,-0.1308,0.3492,74.5239,184.3872,34.1797,0.4143,,
DATA,A002,6,260,687568,-0.2504,-0.0368,0.3861,68.4814,178.1006,29.1748,0.4616,,
DATA,A002,6,261,687578,-0.2767,-0.0056,0.3712,60.1196,162.7197,25.0244,0.4630,,
DATA,A002,6,262,687588,-0.2679,-0.0173,0.3028,50.3540,132.7515,18.5547,0.4047,,
DATA,A002,6,263,687598,-0.2640,-0.0297,0.2335,50.4761,107.6660,13.3057,0.3537,,
DATA,A002,6,264,687608,-0.2787,-0.0309,0.1566,55.7251,61.0352,3.9062,0.3212,,
DATA,A002,6,265,687618,-0.2838,-0.0202,0.1224,59.9365,24.4141,-2.6855,0.3097,,
DATA,A002,6,266,687628,-0.2525,-0.0100,0.0948,61.4014,-26.8555,-13.0005,0.2700,,
DATA,A002,6,267,687638,-0.2045,-0.0151,0.0983,60.1807,-47.7905,-19.5312,0.2273,,
DATA,A002,6,268,687648,-0.1271,-0.0427,0.1261,57.9834,-60.6079,-26.1841,0.1840,,
DATA,A002,6,269,687658,-0.0858,-0.0754,0.1522,56.3354,-57.8613,-26.4893,0.1903,,
DATA,A002,6,270,687668,-0.0558,-0.1022,0.1644,52.9785,-48.4009,-22.0337,0.2015,,
DATA,A002,6,271,687678,-0.0724,-0.0981,0.1454,50.9644,-43.0298,-18.2495,0.1897,,
DATA,A002,6,272,687688,-0.1415,-0.0544,0.1014,47.8516,-36.9263,-17.0288,0.1824,,
DATA,A002,6,273,687698,-0.1959,-0.0019,0.0709,44.9219,-32.0435,-18.8599,0.2084,,
DATA,A002,6,274,687708,-0.3046,0.0574,0.0682,39.3066,-28.0151,-23.9258,0.3173,,
DATA,A002,6,275,687718,-0.4054,0.0906,0.0968,35.2173,-28.3813,-28.9917,0.4265,,
DATA,A002,6,276,687728,-0.5851,0.1483,0.1678,27.7100,-30.2734,-42.0532,0.6265,,
DATA,A002,6,277,687738,-0.7157,0.2064,0.2157,22.7051,-33.8745,-55.2368,0.7754,,
DATA,A002,6,278,687748,-0.9513,0.3091,0.2428,12.3901,-40.4663,-81.4209,1.0293,,
DATA,A002,6,279,687758,-1.1505,0.3775,0.2462,3.2959,-46.3257,-101.6846,1.2356,,
DATA,A002,6,280,687768,-1.4088,0.4383,0.2362,-6.9580,-48.4009,-121.8262,1.4942,,
DATA,A002,6,281,687778,-1.9567,0.5037,0.2342,-22.0337,-51.3916,-147.1558,2.0340,,
DATA,A002,6,282,687788,-2.5397,0.5113,0.3253,-32.4707,-47.6685,-156.4941,2.6110,,
DATA,A002,6,283,687798,-2.8700,0.4883,0.4740,-35.2783,-59.4482,-146.2402,2.9496,,
DATA,A002,6,284,687808,-2.9991,0.4686,0.6078,-29.3579,-82.9468,-138.9771,3.0958,,
DATA,A002,6,285,687818,-3.0880,0.4756,0.4940,-7.4463,-156.3721,-126.0376,3.1632,,
DATA,A002,6,286,687828,-3.0995,0.4698,0.4423,8.7280,-194.2139,-120.7886,3.1659,,
DATA,A002,6,287,687838,-2.8810,0.5479,0.3946,44.4946,-190.3076,-138.9160,2.9590,,
DATA,A002,6,288,687848,-2.6322,0.6749,0.3585,77.9419,-176.6968,-147.2778,2.7409,,
DATA,A002,6,289,687858,-2.2701,0.7999,0.1944,117.1875,-171.6919,-147.9492,2.4148,,
DATA,A002,6,290,687868,-2.0062,0.7225,0.0504,130.3711,-175.5981,-143.0664,2.1329,,
DATA,A002,6,291,687878,-1.6092,0.4476,-0.0414,150.6348,-164.6729,-123.6572,1.6708,,
DATA,A002,6,292,687888,-1.4144,0.2632,-0.0902,177.3071,-157.5928,-104.9805,1.4415,,
DATA,A002,6,293,687898,-1.2225,0.1526,0.0692,247.7417,-169.1284,-69.8242,1.2340,,
DATA,A002,6,294,687908,-1.0411,0.2769,0.2982,294.9829,-186.4014,-37.8418,1.1178,,
DATA,A002,6,295,687918,-0.5751,0.6063,0.5550,319.9463,-222.2290,27.4048,1.0032,,
DATA,A002,6,296,687928,-0.2120,0.7198,0.5992,299.2554,-244.0186,72.6318,0.9603,,
DATA,A002,6,297,687938,0.1395,0.5794,0.5807,244.6899,-258.0566,85.1440,0.8321,,
DATA,A002,6,298,687948,0.2655,0.3592,0.5380,211.3647,-216.6748,70.6177,0.6992,,
DATA,A002,6,299,687958,0.3659,-0.0288,0.4442,177.4292,-112.9761,69.7021,0.5762,,
DATA,A002,6,300,687968,0.4061,-0.2160,0.3983,175.2319,-35.8276,88.2568,0.6085,,
DATA,A002,6,301,687978,0.5348,-0.2258,0.3309,194.9463,76.7822,130.6763,0.6682,,
DATA,A002,6,302,687988,0.6168,-0.0795,0.2486,205.9326,145.4468,155.8838,0.6698,,
DATA,A002,6,303,687998,0.6408,0.2095,0.1127,194.9463,231.2012,194.8853,0.6835,,
DATA,A002,6,304,688008,0.6349,0.3392,0.1241,165.5884,294.9829,208.4961,0.7304,,
DATA,A002,6,305,688018,0.6286,0.4332,-0.0333,102.0508,405.8838,212.4023,0.7641,,
DATA,A002,6,306,688028,0.4445,0.4180,-0.1718,67.7490,467.7734,214.6606,0.6339,,
DATA,A002,6,307,688038,-0.0914,0.4180,-0.2199,47.3633,519.6533,214.7827,0.4811,,
DATA,A002,6,308,688048,-0.5782,0.4693,-0.2120,36.9263,510.6812,205.6274,0.7743,,
DATA,A002,6,309,688058,-1.1678,0.5401,-0.1456,3.4180,414.1235,180.2368,1.2949,,
DATA,A002,6,310,688068,-1.3641,0.5074,-0.1168,-34.1797,313.8428,158.0200,1.4601,,
DATA,A002,6,311,688078,-1.2889,0.3665,-0.0580,-91.0034,136.2915,139.5874,1.3413,,
DATA,A002,6,312,688088,-0.7831,0.2466,-0.0814,-131.8359,61.0352,120.4224,0.8250,,
DATA,A002,6,313,688098,-0.3248,0.1172,-0.2523,-184.2651,-7.1411,112.7930,0.4277,,
DATA,A002,6,314,688108,-0.1437,0.0308,-0.3473,-196.1060,-5.2490,117.9199,0.3771,,
DATA,A002,6,315,688118,-0.0721,-0.0590,-0.4393,-199.2798,4.8828,127.0752,0.4491,,
DATA,A002,6,316,688128,0.0236,-0.0998,-0.3895,-181.0913,64.2090,123.4131,0.4028,,
DATA,A002,6,317,688138,0.0433,-0.0698,-0.2894,-165.2832,121.7041,115.0513,0.3009,,
DATA,A002,6,318,688148,0.1342,0.4327,0.5853,-191.9556,231.7505,99.8535,0.7401,,
DATA,A002,6,319,688158,0.0170,0.2283,0.5560,-331.4819,305.1147,123.2910,0.6013,,
DATA,A002,6,320,688168,-0.9213,-0.5983,0.4520,-314.3921,340.9424,62.5610,1.1879,,
DATA,A002,6,321,688178,-1.0192,-0.4367,0.5104,-195.9839,288.9404,21.3623,1.2206,,
DATA,A002,6,322,688188,-0.5592,-0.0642,0.1620,-165.8325,237.5488,-16.5405,0.5857,,
DATA,A002,6,323,688198,-0.5975,-0.1032,0.0270,-159.3018,216.0645,-13.6719,0.6070,,
DATA,A002,6,324,688208,-1.0069,-0.3225,-0.1498,-77.5757,201.3550,-50.6592,1.0679,,
DATA,A002,6,325,688218,-1.5636,-0.3925,-0.2477,32.2876,187.6221,-67.5049,1.6310,,
DATA,A002,6,326,688228,-2.6874,0.0623,0.4088,143.9209,50.3540,-46.9360,2.7190,,
DATA,A002,6,327,688238,-3.2267,0.5711,0.5294,91.4307,19.1040,-71.5332,3.3193,,
DATA,A002,6,328,688248,-3.3612,1.1036,0.5443,-163.0249,-62.2559,-79.1626,3.5794,,
DATA,A002,6,329,688258,-3.3136,1.2986,0.4386,-228.1494,-61.5845,-79.8950,3.5859,,
DATA,A002,6,330,688268,-3.1688,1.8502,0.1371,-50.7202,-103.3325,-68.7256,3.6720,,
DATA,A002,6,331,688278,-2.7215,2.6649,0.1681,118.1030,-140.1367,-32.0435,3.8127,,
DATA,A002,6,332,688288,-1.8898,3.1409,0.1088,80.9326,-73.1812,-28.5645,3.6672,,
DATA,A002,6,333,688298,-1.4210,2.5274,0.1180,-47.9736,-19.9585,-53.8940,2.9019,,
DATA,A002,6,334,688308,-1.1739,1.2715,0.1337,-127.4414,64.5752,-63.9038,1.7357,,
DATA,A002,6,335,688318,-1.3578,0.5726,0.3512,-99.1211,71.4111,-71.0449,1.5148,,
DATA,A002,6,336,688328,-1.5565,0.0447,0.5797,-5.1880,47.1191,-101.4404,1.6616,,
DATA,A002,6,337,688338,-1.5172,0.0677,0.5785,35.8276,9.3384,-114.1357,1.6252,,
DATA,A002,6,338,688348,-1.2247,0.5460,0.5240,154.1748,-25.7568,-71.0449,1.4397,,
DATA,A002,6,339,688358,-0.9972,0.9691,0.4540,188.1714,-14.0991,-47.7905,1.4627,,
DATA,A002,6,340,688368,-0.8888,1.2225,0.3678,177.9785,31.7993,-23.2544,1.5555,,
DATA,A002,6,341,688378,-1.0795,1.1622,0.3343,153.9307,59.6313,-24.0479,1.6210,,
DATA,A002,6,342,688388,-1.0238,0.8636,0.1935,122.8027,52.6123,-1.4038,1.3533,,
DATA,A002,6,343,688398,-0.7252,0.6624,0.0477,96.6797,54.4434,15.5029,0.9834,,
DATA,A002,6,344,688408,-0.4288,0.4100,-0.0949,65.1245,72.3267,30.1514,0.6008,,
DATA,A002,6,345,688418,-0.3153,0.3170,-0.1351,44.9829,78.1860,25.0244,0.4670,,
DATA,A002,6,346,688428,-0.2823,0.2068,-0.1483,31.4331,61.3403,4.8218,0.3801,,
DATA,A002,6,347,688438,-0.2806,0.1954,-0.1481,37.4756,43.5791,-11.9629,0.3726,,
DATA,A002,6,348,688448,-0.2435,0.2032,-0.1415,48.5229,26.9775,-27.5879,0.3473,,
DATA,A002,6,349,688458,-0.1852,0.2134,-0.0839,59.8145,5.9204,-43.0908,0.2947,,
DATA,A002,6,350,688468,-0.1393,0.1827,-0.0490,58.9600,-5.0049,-48.0957,0.2349,,
DATA,A002,6,351,688478,-0.0560,0.1041,-0.0094,51.4526,-15.0146,-55.8472,0.1186,,
DATA,A002,6,352,688488,0.0004,0.0511,0.0265,41.3208,-20.4468,-60.9131,0.0575,,
DATA,A002,6,353,688498,0.0704,-0.0436,0.0316,25.6348,-27.5879,-66.8945,0.0887,,
DATA,A002,6,354,688508,0.1225,-0.0922,0.0216,21.7896,-28.0151,-69.5190,0.1548,,
DATA,A002,6,355,688518,0.1801,-0.1296,0.0013,24.3530,-22.3999,-70.5566,0.2218,,
DATA,A002,6,356,688528,0.2006,-0.1288,-0.0136,25.3296,-13.3667,-70.3735,0.2388,,
DATA,A002,6,357,688538,0.2101,-0.1384,-0.0202,21.6675,10.6201,-70.4956,0.2524,,
DATA,A002,6,358,688548,0.1903,-0.1474,-0.0241,17.7002,28.2593,-70.7397,0.2419,,
DATA,A002,6,359,688558,0.1417,-0.1740,-0.0133,13.4888,53.8330,-72.3267,0.2248,,
DATA,A002,6,360,688568,0.1027,-0.1838,-0.0109,13.0615,65.1245,-73.9136,0.2108,,
DATA,A002,6,361,688578,0.0245,-0.1987,-0.0043,14.3433,66.6504,-74.1577,0.2002,,
DATA,A002,6,362,688588,-0.0348,-0.2123,-0.0228,12.8174,57.4951,-73.4253,0.2164,,
DATA,A002,6,363,688598,-0.1947,-0.2941,-0.0609,4.5166,22.5220,-68.7256,0.3580,,
DATA,A002,6,364,688608,-0.2997,-0.3898,-0.0707,-4.2725,-9.3384,-63.2935,0.4968,,
DATA,A002,6,365,688618,-0.4405,-0.5568,-0.0956,-21.4233,-61.1572,-52.9785,0.7164,,
DATA,A002,6,366,688628,-0.5648,-0.6767,-0.1154,-31.1890,-95.9473,-47.5464,0.8890,,
DATA,A002,6,367,688638,-0.9945,-0.7858,-0.1100,-28.9917,-107.8491,-36.3770,1.2723,,
DATA,A002,6,368,688648,-1.5245,-0.7424,-0.0324,-5.0659,-75.5005,-23.4375,1.6960,,
DATA,A002,6,369,688658,-2.4354,-0.3061,0.5050,98.2056,35.5225,-23.9868,2.5060,,
DATA,A002,6,370,688668,-3.1424,0.4666,0.9513,184.1431,119.9341,-51.0254,3.3163,,
DATA,A002,6,371,688678,-4.3956,2.0482,0.8060,199.9512,124.2676,-83.8623,4.9159,,
DATA,A002,6,372,688688,-5.2284,2.9612,0.4047,110.8398,20.3247,-89.6606,6.0223,,
DATA,A002,6,373,688698,-4.4420,3.2960,-0.0358,43.7012,-127.0142,-90.7593,5.5314,,
DATA,A002,6,374,688708,-3.1881,3.2452,-0.0665,30.1514,-153.1982,-73.8525,4.5497,,
DATA,A002,6,375,688718,-2.0338,2.3775,-0.0082,-28.8696,-74.3408,-63.6597,3.1287,,
DATA,A002,6,376,688728,-1.6280,1.5955,0.0421,-71.3501,-9.3384,-54.4434,2.2799,,
DATA,A002,6,377,688738,-1.3204,0.6570,0.1620,-100.8301,59.3262,-54.5654,1.4837,,
DATA,A002,6,378,688748,-1.1788,0.1890,0.1981,-99.7925,104.2480,-56.5186,1.2102,,
DATA,A002,6,379,688758,-1.1722,-0.2341,0.2591,-34.3628,160.0342,-43.1519,1.2231,,
DATA,A002,6,380,688768,-1.2150,-0.3237,0.3612,24.9023,166.1987,-32.1045,1.3082,,
DATA,A002,6,381,688778,-1.1705,-0.1772,0.4789,86.7310,123.2910,-23.1323,1.2770,,
DATA,A002,6,382,688788,-0.9962,0.0450,0.4142,95.7642,60.9131,-19.5923,1.0798,,
DATA,A002,6,383,688798,-0.5746,0.3582,0.1866,94.5435,-30.3345,-6.5918,0.7023,,
DATA,A002,6,384,688808,-0.2845,0.4622,0.0475,84.3506,-69.4580,-3.9673,0.5448,,
DATA,A002,6,385,688818,-0.0226,0.4771,-0.0348,63.5376,-89.1113,1.3428,0.4789,,
DATA,A002,6,386,688828,0.3021,0.3199,-0.1229,22.7661,-91.7358,0.8545,0.4569,,
DATA,A002,6,387,688838,0.4537,0.2061,-0.2069,-2.9297,-72.8149,-6.2866,0.5396,,
DATA,A002,6,388,688848,0.6098,0.0692,-0.3366,-29.6631,-17.8223,-2.2583,0.6999,,
DATA,A002,6,389,688858,0.6290,0.0257,-0.3754,-34.4238,24.1089,10.8643,0.7330,,
DATA,A002,6,390,688868,0.5736,0.0892,-0.3739,-26.0010,92.8955,30.9448,0.6905,,
DATA,A002,6,391,688878,0.4774,0.1990,-0.3375,-21.7285,127.1362,41.3818,0.6176,,
DATA,A002,6,392,688888,0.3056,0.3458,-0.2167,-37.2925,145.8130,57.1289,0.5098,,
DATA,A002,6,393,688898,0.2135,0.3799,-0.0870,-63.4155,140.6250,67.4438,0.4444,,
DATA,A002,6,394,688908,0.1173,0.3038,0.1578,-110.9619,117.1875,80.9937,0.3619,,
DATA,A002,6,395,688918,0.0595,0.2313,0.3629,-143.1274,91.4307,87.2192,0.4344,,
DATA,A002,6,396,688928,0.0944,0.1131,0.5201,-182.3730,55.7861,101.0742,0.5406,,
DATA,A002,6,397,688938,0.1012,0.1028,0.4874,-182.4951,39.5508,105.9570,0.5083,,
DATA,A002,6,398,688948,0.0954,0.1497,0.3807,-143.7378,23.5596,114.5020,0.4201,,
DATA,A002,6,399,688958,0.0516,0.1851,0.3077,-116.2109,22.6440,113.8916,0.3628,,
DATA,A002,6,400,688968,-0.0472,0.2220,0.2079,-103.8208,19.5923,118.4082,0.3078,,
DATA,A002,6,401,688978,-0.1163,0.1551,0.1532,-114.5020,16.5405,116.9434,0.2471,,
DATA,A002,6,402,688988,-0.2355,-0.0097,0.1007,-123.5962,10.8643,106.1401,0.2563,,
DATA,A002,6,403,688998,-0.2965,-0.1281,0.0792,-106.0181,10.1318,102.2339,0.3326,,
DATA,A002,6,404,689008,-0.4657,-0.2009,0.0423,-53.0396,21.9116,94.9097,0.5089,,
DATA,A002,6,405,689018,-0.6881,-0.1818,0.0536,-7.3853,37.1094,82.7637,0.7137,,
DATA,A002,6,406,689028,-1.2262,-0.0012,0.2421,44.8608,60.1807,61.2183,1.2498,,
DATA,A002,6,407,689038,-1.6937,0.2400,0.4188,43.7622,63.8428,40.2832,1.7612,,
DATA,A002,6,408,689048,-2.3653,0.6312,0.4879,2.0142,34.9121,36.8652,2.4962,,
DATA,A002,6,409,689058,-2.8011,0.8072,0.5965,-16.4795,-3.5400,44.7388,2.9755,,
DATA,A002,6,410,689068,-3.4120,1.0975,0.6813,-3.2349,-80.5054,41.6260,3.6483,,
DATA,A002,6,411,689078,-3.8651,1.4354,0.5172,22.2168,-147.2778,43.0298,4.1553,,
DATA,A002,6,412,689088,-4.3519,2.2366,0.5004,54.1382,-176.3306,25.5127,4.9185,,
DATA,A002,6,413,689098,-4.2755,2.8008,0.4838,43.6401,-155.5786,13.6719,5.1341,,
DATA,A002,6,414,689108,-3.6066,2.8546,0.4191,-13.6719,-161.7432,-5.3711,4.6186,,
DATA,A002,6,415,689118,-3.1376,2.4214,0.4081,-43.3960,-153.0151,-34.9121,3.9842,,
DATA,A002,6,416,689128,-2.6879,1.9634,0.3876,-57.6782,-122.7417,-65.3076,3.3511,,
DATA,A002,6,417,689138,-2.2086,1.4683,0.3585,-58.3496,-49.0723,-92.5903,2.6763,,
DATA,A002,6,418,689148,-2.0961,1.2432,0.4000,-49.6826,-9.4604,-99.8535,2.4696,,
DATA,A002,6,419,689158,-1.9945,1.0389,0.4462,-32.0435,24.4141,-104.3701,2.2927,,
DATA,A002,6,420,689168,-1.9271,0.9400,0.4642,-25.3906,22.2168,-104.7974,2.1938,,
DATA,A002,6,421,689178,-1.6910,0.7850,0.4755,-27.5269,-19.8975,-103.4546,1.9240,,
DATA,A002,6,422,689188,-1.2596,0.6158,0.4005,-38.6353,-72.9370,-101.9897,1.4582,,
DATA,A002,6,423,689198,-0.9073,0.5110,0.3331,-44.0063,-108.7036,-93.9331,1.0933,,
DATA,A002,6,424,689208,-0.5895,0.4356,0.2782,-45.8984,-146.0571,-82.8247,0.7840,,
DATA,A002,6,425,689218,-0.1634,0.3802,0.2203,-41.3818,-188.7817,-83.2520,0.4688,,
DATA,A002,6,426,689228,0.0700,0.3826,0.1822,-35.7666,-198.0591,-96.8018,0.4295,,
DATA,A002,6,427,689238,0.3136,0.3860,0.1510,-34.3628,-180.2979,-114.3188,0.5198,,
DATA,A002,6,428,689248,0.4162,0.3650,0.1417,-39.9170,-147.6440,-121.3989,0.5714,,
DATA,A002,6,429,689258,0.5150,0.2938,0.1298,-51.3306,-80.5664,-125.3662,0.6069,,
DATA,A002,6,430,689268,0.5455,0.2449,0.0946,-56.7017,-34.2407,-120.7275,0.6054,,
DATA,A002,6,431,689278,0.5653,0.1573,0.0067,-58.1665,24.8413,-108.5205,0.5868,,
DATA,A002,6,432,689288,0.5934,0.0787,-0.0441,-57.7393,56.2744,-99.3042,0.6002,,
DATA,A002,6,433,689298,0.6483,-0.0712,-0.0993,-61.0352,93.5669,-85.7544,0.6597,,
DATA,A002,6,434,689308,0.6635,-0.1892,-0.1422,-65.6738,115.9668,-77.0264,0.7044,,
DATA,A002,6,435,689318,0.6058,-0.4018,-0.2496,-68.3594,140.5640,-66.2842,0.7686,,
DATA,A002,6,436,689328,0.4603,-0.5202,-0.3246,-61.0962,151.4893,-60.0586,0.7667,,
DATA,A002,6,437,689338,0.1657,-0.6330,-0.3080,-30.0293,147.5220,-53.3447,0.7232,,
DATA,A002,6,438,689348,0.0026,-0.6293,-0.1979,1.4038,131.7749,-51.0864,0.6597,,
DATA,A002,6,439,689358,-0.2098,-0.4592,-0.1310,39.3066,86.0596,-46.9971,0.5216,,
DATA,A002,6,440,689368,-0.3109,-0.3244,-0.1234,44.3726,36.3770,-44.7998,0.4660,,
DATA,A002,6,441,689378,-0.2657,-0.2060,-0.0787,26.5503,-60.7300,-50.9033,0.3453,,
DATA,A002,6,442,689388,-0.1429,-0.2072,-0.0897,9.8267,-122.1924,-56.8848,0.2672,,
DATA,A002,6,443,689398,0.0841,-0.2971,-0.1105,-3.2349,-177.2461,-63.7207,0.3279,,
DATA,A002,6,444,689408,0.2262,-0.3434,-0.1076,-1.4648,-182.5562,-67.3828,0.4251,,
DATA,A002,6,445,689418,0.3739,-0.3452,-0.1188,7.3242,-154.1748,-71.1670,0.5225,,
DATA,A002,6,446,689428,0.4237,-0.3120,-0.1871,10.7422,-124.9390,-72.3877,0.5585,,
DATA,A002,6,447,689438,0.4391,-0.2814,-0.2084,10.3149,-77.1484,-73.1812,0.5616,,
DATA,A002,6,448,689448,0.4452,-0.2775,-0.2199,9.8267,-47.6074,-74.4019,0.5688,,
DATA,A002,6,449,689458,0.2872,-0.2853,-0.2284,8.0566,-19.7144,-75.6836,0.4649,,
DATA,A002,6,450,689468,0.0656,-0.2788,-0.1151,9.1553,-4.5776,-79.1626,0.3086,,
DATA,A002,6,451,689478,-0.2084,-0.2285,0.0089,13.6719,12.6343,-87.0361,0.3093,,
DATA,A002,6,452,689488,-0.6390,-0.0778,0.1400,24.6582,45.4102,-98.9380,0.6588,,
DATA,A002,6,453,689498,-0.8680,0.0467,0.2399,29.9072,66.4673,-106.1401,0.9018,,
DATA,A002,6,454,689508,-1.0885,0.2183,0.3299,23.8037,76.7212,-119.2627,1.1582,,
DATA,A002,6,455,689518,-1.1354,0.2603,0.3924,9.5215,71.8994,-133.3008,1.2292,,
DATA,A002,6,456,689528,-1.2247,0.2361,0.5651,-23.2544,54.4434,-147.3389,1.3693,,
DATA,A002,6,457,689538,-1.4918,0.1946,0.6957,-47.4854,49.3774,-146.3013,1.6575,,
DATA,A002,6,458,689548,-2.1937,0.1473,0.8863,-77.5757,73.2422,-126.9531,2.3706,,
DATA,A002,6,459,689558,-2.6371,0.1197,0.9620,-84.3506,103.5767,-108.4595,2.8096,,
DATA,A002,6,460,689568,-3.1139,0.1304,1.0048,-68.1763,112.4878,-90.3320,3.2746,,
DATA,A002,6,461,689578,-3.3680,0.1812,1.0087,-50.4150,76.8433,-67.3218,3.5205,,
DATA,A002,6,462,689588,-3.4291,0.3773,1.1132,-30.2124,40.2222,-34.6680,3.6249,,
DATA,A002,6,463,689598,-3.2704,0.5301,1.2203,-23.4375,51.6357,-32.9590,3.5307,,
DATA,A002,6,464,689608,-3.0216,0.5240,1.3622,-35.4004,70.1904,-30.5176,3.3556,,
DATA,A002,6,465,689618,-2.9503,0.2296,1.4396,-50.5981,76.8433,-19.7754,3.2908,,
DATA,A002,6,466,689628,-2.7796,-0.3449,1.4061,-48.1567,100.2197,-3.5400,3.1341,,
DATA,A002,6,467,689638,-2.6761,-0.6235,1.3407,-22.6440,121.9482,3.6011,3.0574,,
DATA,A002,6,468,689648,-2.5848,-0.7617,1.2726,31.9214,136.8408,12.3901,2.9801,,
DATA,A002,6,469,689658,-2.4796,-0.7077,1.2482,59.8145,131.1646,12.3901,2.8648,,
DATA,A002,6,470,689668,-2.1681,-0.5505,1.2008,83.1299,101.1963,6.5308,2.5388,,
DATA,A002,6,471,689678,-1.8570,-0.4736,1.0753,85.3271,70.5566,-0.6714,2.1975,,
DATA,A002,6,472,689688,-1.3485,-0.4074,0.7750,78.1250,26.3062,-14.4653,1.6078,,
DATA,A002,6,473,689698,-1.0475,-0.3561,0.5712,71.2891,-0.7935,-20.6909,1.2451,,
DATA,A002,6,474,689708,-0.6627,-0.2563,0.2740,67.2607,-27.1606,-28.8696,0.7616,,
DATA,A002,6,475,689718,-0.4317,-0.1706,0.0985,69.9463,-33.7524,-36.0718,0.4746,,
DATA,A002,6,476,689728,-0.1073,-0.0580,-0.0529,76.9653,-31.5552,-54.9316,0.1329,,
DATA,A002,6,477,689738,0.0726,0.0137,-0.1017,85.1440,-29.3579,-71.7163,0.1257,,
DATA,A002,6,478,689748,0.2536,0.0784,-0.1320,95.4590,-18.9209,-93.8721,0.2964,,
DATA,A002,6,479,689758,0.3331,0.0882,-0.1332,96.2524,-6.5918,-103.9429,0.3695,,
DATA,A002,6,480,689768,0.4017,0.0323,-0.0966,87.4023,13.0615,-110.6567,0.4144,,
DATA,A002,6,481,689778,0.4127,-0.0390,-0.0582,79.3457,22.2778,-110.7788,0.4186,,
DATA,A002,6,482,689788,0.3937,-0.1550,-0.0311,72.9370,31.4331,-106.2622,0.4242,,
DATA,A002,6,483,689798,0.3712,-0.2133,-0.0116,73.4863,36.5601,-101.8677,0.4283,,
DATA,A002,6,484,689808,0.3380,-0.2502,0.0231,78.7964,48.4619,-96.6187,0.4212,,
DATA,A002,6,485,689818,0.3407,-0.2416,0.0492,82.7026,64.2700,-92.8955,0.4206,,
DATA,A002,6,486,689828,0.3361,-0.2231,0.0663,86.4868,86.3037,-85.5103,0.4088,,
DATA,A002,6,487,689838,0.2711,-0.2014,0.0568,89.4165,129.0283,-68.6646,0.3425,,
DATA,A002,6,488,689848,0.1933,-0.1713,0.0279,90.6982,157.6538,-57.1289,0.2598,,
DATA,A002,6,489,689858,0.0343,-0.1288,-0.0099,93.9331,186.3403,-44.1895,0.1337,,
DATA,A002,6,490,689868,-0.0614,-0.0893,-0.0265,97.5952,187.3169,-39.7949,0.1116,,
DATA,A002,6,491,689878,-0.1656,-0.0161,-0.0341,102.6001,166.4429,-39.0625,0.1699,,
DATA,A002,6,492,689888,-0.1993,0.0421,-0.0214,102.7222,142.3950,-40.5273,0.2048,,
DATA,A002,6,493,689898,-0.1888,0.1307,0.0289,94.7266,104.0649,-44.2505,0.2314,,
DATA,A002,6,494,689908,-0.1681,0.1920,0.0546,83.5571,80.3223,-48.4619,0.2609,,
DATA,A002,6,495,689918,-0.1639,0.2684,0.0775,59.8145,54.8706,-52.9785,0.3239,,
DATA,A002,6,496,689928,-0.1722,0.3089,0.0804,41.6260,41.7480,-53.5889,0.3627,,
DATA,A002,6,497,689938,-0.2071,0.3668,0.0338,13.3057,21.6064,-51.4526,0.4226,,
DATA,A002,6,498,689948,-0.2286,0.3936,-0.0094,-6.1646,7.2632,-50.0488,0.4553,,
DATA,A002,6,499,689958,-0.2091,0.4146,-0.0443,-33.9355,-9.4604,-49.1943,0.4665,,
DATA,A002,6,500,689968,-0.1703,0.4061,-0.0553,-51.1475,-15.2588,-48.5840,0.4438,,
DATA,A002,6,501,689978,-0.1256,0.3731,-0.1019,-73.5474,-12.9395,-46.1426,0.4067,,
DATA,A002,6,502,689988,-0.1288,0.3172,-0.1093,-84.2896,-5.1270,-42.7856,0.3594,,
DATA,A002,6,503,689998,-0.2821,0.2151,-0.0824,-91.9800,16.0522,-41.0156,0.3642,,
DATA,A002,6,504,690008,-0.4476,0.1524,-0.0560,-93.8110,40.1001,-44.7388,0.4762,,
DATA,A002,6,505,690018,-0.7259,0.0877,0.0016,-93.0176,84.2896,-47.7295,0.7312,,
DATA,A002,6,506,690028,-0.9459,0.0626,0.0345,-93.5669,118.2861,-39.2456,0.9486,,
DATA,A002,6,507,690038,-1.4449,0.0079,-0.1217,-109.7412,170.4102,-5.2490,1.4501,,
DATA,A002,6,508,690048,-1.8844,-0.1384,-0.3219,-134.4604,194.6411,32.4097,1.9167,,
DATA,A002,6,509,690058,-2.7320,-0.5739,-0.6337,-174.6216,187.1338,95.0317,2.8627,,
DATA,A002,6,510,690068,-3.4886,-0.8950,-0.9877,-188.1104,140.6250,144.2261,3.7346,,
DATA,A002,6,511,690078,-4.4667,-1.2231,-1.2013,-116.0889,112.2437,195.2515,4.7844,,
DATA,A002,6,512,690088,-4.7281,-0.9260,-0.9811,4.3335,175.2930,183.3496,4.9168,,
DATA,A002,6,513,690098,-4.4083,-0.1633,-0.6010,82.4585,179.1382,161.9873,4.4521,,
DATA,A002,6,514,690108,-4.0018,0.0635,-0.4630,56.8237,155.5176,149.7192,4.0290,,
DATA,A002,6,515,690118,-3.3932,-0.1611,-0.4852,10.2539,157.4707,115.9668,3.4315,,
DATA,A002,6,516,690128,-3.1363,-0.4299,-0.6012,17.0288,200.2563,94.9707,3.2222,,
DATA,A002,6,517,690138,-2.9342,-0.5707,-0.3768,16.1133,268.4937,26.6113,3.0128,,
DATA,A002,6,518,690148,-2.3207,-0.8371,0.5882,-4.6997,223.9380,38.0859,2.5362,,
DATA,A002,6,519,690158,-2.0626,-1.6594,0.0792,-228.4546,196.3501,91.6138,2.6484,,
DATA,A002,6,520,690168,-1.7215,-1.6599,0.9567,95.5811,287.5366,107.1167,2.5757,,
DATA,A002,6,521,690178,-1.4806,0.4317,0.6603,239.5020,272.4609,45.1660,1.6776,,
DATA,A002,6,522,690188,-1.4086,1.5923,0.1254,129.6387,182.6172,0.3662,2.1296,,
DATA,A002,6,523,690198,-1.2030,0.8939,0.0297,-32.5928,86.5479,-5.1880,1.4990,,
DATA,A002,6,524,690208,-0.7933,-0.3967,-0.1710,-117.9199,-15.1367,-31.0059,0.9033,,
DATA,A002,6,525,690218,-0.5504,-0.8249,-0.2123,-69.5190,-74.5850,-55.3589,1.0141,,
DATA,A002,6,526,690228,-0.2623,-0.8246,-0.2677,47.8516,-178.2227,-59.2041,0.9058,,
DATA,A002,6,527,690238,-0.0729,-0.5595,-0.2504,127.1362,-236.0229,-45.8374,0.6173,,
DATA,A002,6,528,690248,0.1505,-0.2858,-0.2296,190.1855,-265.8081,-42.7856,0.3963,,
DATA,A002,6,529,690258,0.3087,-0.1064,-0.1444,215.0879,-262.0850,-53.2837,0.3571,,
DATA,A002,6,530,690268,0.5600,0.0911,0.0013,181.5796,-222.1680,-74.5850,0.5673,,
DATA,A002,6,531,690278,0.6674,0.1722,0.1119,128.1738,-186.2183,-72.8760,0.6983,,
DATA,A002,6,532,690288,0.6547,0.1182,0.1000,27.5269,-137.2070,-59.6313,0.6727,,
DATA,A002,6,533,690298,0.5910,0.0067,0.0143,-13.0615,-103.1494,-47.1802,0.5912,,
DATA,A002,6,534,690308,0.5302,-0.1296,-0.0951,-14.9536,-34.3628,-32.4707,0.5540,,
DATA,A002,6,535,690318,0.4572,-0.1162,-0.1076,11.9629,-0.1831,-24.7192,0.4838,,
DATA,A002,6,536,690328,0.3615,0.0599,-0.1115,43.1519,30.0903,-10.8032,0.3830,,
DATA,A002,6,537,690338,0.3566,0.1912,-0.1246,42.5415,47.6685,1.6479,0.4234,,
DATA,A002,6,538,690348,0.3932,0.3284,-0.1508,19.2871,66.8945,22.5220,0.5340,,
DATA,A002,6,539,690358,0.5228,0.3763,-0.2308,1.8311,80.6274,35.8276,0.6843,,
DATA,A002,6,540,690368,0.9640,0.4263,-0.3593,-18.0664,103.4546,55.4199,1.1136,,
DATA,A002,6,541,690378,1.3563,0.4844,-0.3812,-16.9678,95.7031,84.3506,1.4899,,
DATA,A002,6,542,690388,1.9689,0.6011,-0.3554,-21.8506,64.2700,136.4136,2.0891,,
DATA,A002,6,543,690398,2.2218,0.6822,-0.4445,-49.2554,66.0400,152.2217,2.3663,,
DATA,A002,6,544,690408,2.2016,0.8179,-0.6217,-114.3799,74.2798,212.4023,2.4295,,
DATA,A002,6,545,690418,2.0341,0.9283,-0.8720,-156.3110,120.6665,243.2861,2.3999,,
DATA,A002,6,546,690428,1.8781,0.9820,0.1832,-155.3345,154.7852,339.2334,2.1272,,
DATA,A002,6,547,690438,1.2306,1.2222,0.8695,-162.7197,121.2158,419.7388,1.9402,,
DATA,A002,6,548,690448,0.0092,1.3123,0.7692,-167.3584,168.2739,475.9521,1.5211,,
DATA,A002,6,549,690458,-0.6434,1.2989,0.4344,-46.0205,282.5317,414.2456,1.5132,,
DATA,A002,6,550,690468,-3.1026,2.3187,0.7672,19.4702,392.2729,326.4160,3.9486,,
DATA,A002,6,551,690478,-4.4667,2.3712,0.5382,-104.8584,373.2910,260.4370,5.0856,,
DATA,A002,6,552,690488,-5.0594,1.1382,-1.0202,-164.1846,161.6211,201.4160,5.2853,,
DATA,A002,6,553,690498,-4.4169,0.4066,-1.5250,-165.2832,-3.9062,109.8633,4.6904,,
DATA,A002,6,554,690508,-3.3490,0.0096,-1.7050,-144.1650,-215.9424,100.2197,3.7580,,
DATA,A002,6,555,690518,-2.2008,0.3633,-1.7887,-18.0664,-274.7192,94.3604,2.8592,,
DATA,A002,6,556,690528,-2.0458,0.9788,-1.5643,23.0713,-206.6040,62.1338,2.7551,,
DATA,A002,6,557,690538,-2.3859,2.0342,-1.3461,3.1738,-78.0640,34.9121,3.4121,,
DATA,A002,6,558,690548,-2.3805,2.3743,-1.4581,-92.1021,31.7383,-34.4238,3.6647,,
DATA,A002,6,559,690558,-2.8971,2.4732,-1.4904,-169.4336,171.9360,-104.0649,4.0904,,
DATA,A002,6,560,690568,-3.4225,2.7598,-1.0519,-130.1880,219.7876,-110.3516,4.5207,,
DATA,A002,6,561,690578,-3.8275,2.8702,-0.5953,-112.2437,198.1201,-115.6006,4.8210,,
DATA,A002,6,562,690588,-3.8246,2.4288,-0.5780,-115.8447,106.8115,-99.4263,4.5673,,
DATA,A002,6,563,690598,-3.1046,1.7486,-0.7672,-98.3276,15.9912,-87.2803,3.6448,,
DATA,A002,6,564,690608,-2.9034,1.4776,-0.8307,-83.4351,-19.7754,-64.7583,3.3620,,
DATA,A002,6,565,690618,-2.5990,1.1212,-0.8707,-73.2422,-73.6084,-59.5703,2.9614,,
DATA,A002,6,566,690628,-2.3497,0.9105,-0.8451,-69.6411,-83.9844,-73.2422,2.6579,,
DATA,A002,6,567,690638,-2.1561,0.6539,-0.6388,-37.2925,-122.0093,-73.7915,2.3419,,
DATA,A002,6,568,690648,-1.8309,0.5399,-0.5497,-5.6763,-170.5933,-64.9414,1.9864,,
DATA,A002,6,569,690658,-1.2848,0.5193,-0.4740,40.8325,-202.0264,-43.7012,1.4646,,
DATA,A002,6,570,690668,-0.9916,0.4578,-0.3707,56.6406,-216.1865,-21.2402,1.1534,,
DATA,A002,6,571,690678,-0.5887,0.2073,-0.3043,35.9497,-203.0640,-63.5376,0.6944,,
DATA,A002,6,572,690688,-0.3168,0.0091,-0.2396,33.2642,-194.2139,-79.4067,0.3973,,
DATA,A002,6,573,690698,-0.0021,-0.2004,-0.1486,50.8423,-158.9355,-111.4502,0.2495,,
DATA,A002,6,574,690708,0.1237,-0.2348,-0.0883,70.6787,-126.0376,-137.5732,0.2797,,
DATA,A002,6,575,690718,0.1622,-0.1157,-0.0629,101.1353,-65.7349,-176.2085,0.2089,,
DATA,A002,6,576,690728,0.1522,0.0211,-0.0553,115.4785,-27.9541,-191.7114,0.1633,,
DATA,A002,6,577,690738,0.1271,0.1690,-0.0382,122.1924,11.2915,-195.6177,0.2149,,
DATA,A002,6,578,690748,0.0868,0.2012,0.0011,114.8071,21.5454,-195.1294,0.2192,,
DATA,A002,6,579,690758,0.0248,0.1761,0.0592,96.5576,22.8271,-191.7725,0.1874,,
DATA,A002,6,580,690768,-0.0055,0.1600,0.0819,88.9893,12.1460,-185.8521,0.1798,,
DATA,A002,6,581,690778,-0.0282,0.1714,0.0621,85.3882,-19.1650,-175.8423,0.1845,,
DATA,A002,6,582,690788,-0.0035,0.1951,0.0250,80.7495,-40.7715,-170.7764,0.1968,,
DATA,A002,6,583,690798,0.0766,0.2205,-0.0238,64.3921,-59.0210,-164.2456,0.2346,,
DATA,A002,6,584,690808,0.1369,0.2117,-0.0516,51.2695,-62.1338,-159.6069,0.2573,,
DATA,A002,6,585,690818,0.1837,0.1671,-0.0795,38.3911,-52.7344,-153.6255,0.2607,,
DATA,A002,6,586,690828,0.1852,0.1253,-0.0785,34.5459,-42.7856,-152.0386,0.2370,,
DATA,A002,6,587,690838,0.1818,0.0867,-0.0690,34.5459,-33.6304,-151.4893,0.2129,,
DATA,A002,6,588,690848,0.1493,0.0469,-0.0402,36.5601,-26.7944,-150.6958,0.1616,,
DATA,A002,6,589,690858,0.1354,0.0335,-0.0233,37.9028,-27.7100,-150.8179,0.1414,,
DATA,A002,6,590,690868,0.1337,0.0286,0.0062,38.5132,-35.4614,-152.7710,0.1369,,
DATA,A002,6,591,690878,0.1461,0.0318,0.0206,37.7808,-42.9688,-153.8696,0.1510,,
DATA,A002,6,592,690888,0.1923,0.0560,0.0409,34.4849,-50.1709,-153.9307,0.2044,,
DATA,A002,6,593,690898,0.2335,0.0677,0.0289,31.0669,-48.2178,-153.3203,0.2449,,
DATA,A002,6,594,690908,0.2684,0.0628,0.0091,26.8555,-42.5415,-151.3062,0.2758,,
DATA,A002,6,595,690918,0.2623,0.0455,0.0099,25.2075,-36.6211,-148.6206,0.2664,,
DATA,A002,6,596,690928,0.1886,-0.0026,0.0148,25.4517,-32.9590,-143.8599,0.1892,,
DATA,A002,6,597,690938,0.1351,-0.0280,0.0301,27.7100,-35.8887,-139.6484,0.1413,,
DATA,A002,6,598,690948,0.0907,-0.0427,0.0675,30.6396,-49.9268,-131.3477,0.1209,,
DATA,A002,6,599,690958,0.0856,-0.0454,0.0861,30.7007,-59.9365,-125.1831,0.1296,,
DATA,A002,6,600,690968,0.1093,-0.0417,0.0914,26.9165,-72.8760,-116.0889,0.1484,,
DATA,A002,6,601,690978,0.1378,-0.0563,0.0875,22.5220,-77.5146,-109.4971,0.1727,,
DATA,A002,6,602,690988,0.1764,-0.1179,0.0716,13.5498,-75.8057,-97.6562,0.2239,,
DATA,A002,6,603,690998,0.1871,-0.1970,0.0748,9.4604,-70.9839,-88.5620,0.2818,,
DATA,A002,6,604,691008,0.1813,-0.3825,0.1075,4.8828,-62.9883,-68.6646,0.4367,,
DATA,A002,6,605,691018,0.1447,-0.5580,0.1427,2.8076,-57.0679,-46.7529,0.5939,,
DATA,A002,6,606,691028,-0.1141,-0.9089,0.2621,0.9155,-46.6919,4.6997,0.9528,,
DATA,A002,6,607,691038,-0.6195,-1.1257,0.3888,0.9155,-31.7383,53.2227,1.3424,,
DATA,A002,6,608,691048,-1.9886,-1.1103,0.4239,23.5596,-21.3623,169.9219,2.3167,,
DATA,A002,6,609,691058,-3.0165,-1.0537,0.6944,57.5562,-28.5645,240.4785,3.2698,,
DATA,A002,6,610,691068,-4.4029,-0.5341,1.2718,140.0757,-79.8950,243.6523,4.6140,,
DATA,A002,6,611,691078,-5.1163,0.2686,1.2660,140.8691,-290.6494,272.6440,5.2775,,
DATA,A002,6,612,691088,-5.0528,1.0914,1.2086,43.0908,-539.6729,263.8550,5.3088,,
DATA,A002,6,613,691098,-4.5428,0.8755,1.0712,7.5684,-664.1235,178.6499,4.7488,,
DATA,A002,6,614,691108,-2.7950,0.7781,1.2237,42.6636,-618.5303,76.1719,3.1488,,
DATA,A002,6,615,691118,-2.1810,0.6050,1.1195,49.0723,-560.6079,71.2280,2.5251,,
DATA,A002,6,616,691128,-2.0380,0.2278,0.8487,40.8325,-502.4414,7.5073,2.2194,,
DATA,A002,6,617,691138,-1.3951,0.2588,1.0619,63.1104,-500.7324,-49.8657,1.7723,,
DATA,A002,6,618,691148,-0.2391,0.1590,1.4298,94.7266,-461.6699,-51.0254,1.4584,,
DATA,A002,6,619,691158,0.2846,0.1107,1.2101,113.6475,-409.1187,-45.7764,1.2480,,
DATA,A002,6,620,691168,1.1871,0.2266,1.3751,132.7515,-268.2495,-46.0815,1.8307,,
DATA,A002,6,621,691178,1.4071,0.2440,1.4510,113.4644,-108.0322,-29.2969,2.0359,,
DATA,A002,6,622,691188,0.7706,0.2615,1.2467,68.8477,128.0518,-82.1533,1.4888,,
DATA,A002,6,623,691198,0.2382,0.2005,1.0277,41.0767,234.6802,-130.3711,1.0738,,
DATA,A002,6,624,691208,-0.2584,0.0645,0.8219,15.3198,288.0859,-143.1274,0.8640,,
DATA,A002,6,625,691218,-0.8529,-0.1599,0.6442,3.0518,273.1323,-127.0752,1.0807,,
DATA,A002,6,626,691228,-1.1168,-0.2907,0.5748,7.6904,200.6226,-115.6006,1.2893,,
DATA,A002,6,627,691238,-1.1573,-0.4118,0.5345,30.9448,16.4185,-106.3232,1.3397,,
DATA,A002,6,628,691248,-0.9679,-0.3918,0.5109,52.4292,-114.4409,-100.4639,1.1624,,
DATA,A002,6,629,691258,-0.5284,-0.2470,0.4852,72.6318,-256.1646,-89.7827,0.7587,,
DATA,A002,6,630,691268,-0.2157,-0.1474,0.5035,74.7070,-298.0347,-86.3647,0.5673,,
DATA,A002,6,631,691278,0.1552,-0.0241,0.5887,64.0259,-289.2456,-92.3462,0.6093,,
DATA,A002,6,632,691288,0.2880,0.0345,0.6617,49.6826,-248.1079,-99.6094,0.7225,,
DATA,A002,6,633,691298,0.3471,0.0911,0.6771,34.0576,-170.4712,-105.9570,0.7663,,
DATA,A002,6,634,691308,0.2865,0.1150,0.6854,31.7993,-130.9204,-101.7456,0.7517,,
DATA,A002,6,635,691318,0.1347,0.1302,0.7274,31.6772,-93.4448,-88.1348,0.7511,,
DATA,A002,6,636,691328,0.0624,0.1534,0.6681,31.3110,-78.7354,-79.5288,0.6883,,
DATA,A002,6,637,691338,-0.1000,0.1334,0.8014,34.9121,-65.1855,-66.8945,0.8185,,
DATA,A002,6,638,691348,-0.2530,0.1651,0.8341,34.2407,-55.9082,-67.7490,0.8871,,
DATA,A002,6,639,691358,-0.3072,0.2606,0.6835,32.1655,-46.6919,-57.3120,0.7934,,
DATA,A002,6,640,691368,-0.2740,0.2740,0.7042,33.6914,-34.9731,-37.4756,0.8038,,
DATA,A002,6,641,691378,-0.2508,0.2376,0.8546,33.9355,-18.1885,-19.4092,0.9218,,
DATA,A002,6,642,691388,-0.2919,0.2486,0.8981,31.8604,-14.2212,-18.0664,0.9765,,
DATA,A002,6,643,691398,-0.2623,0.2313,1.0082,31.0669,-11.8408,-18.6157,1.0671,,
DATA,A002,6,644,691408,-0.2372,0.2034,1.0380,31.5552,-11.4746,-21.3623,1.0840,,
DATA,A002,6,645,691418,-0.3028,0.1067,1.0113,33.3862,-19.0430,-16.6016,1.0611,,
DATA,A002,6,646,691428,-0.3724,0.0337,0.9642,37.2314,-30.7617,3.4790,1.0342,,
DATA,A002,6,647,691438,-0.3148,0.3658,1.0421,4.1504,-42.1143,-18.1274,1.1484,,
DATA,A002,6,648,691448,-0.2259,0.2405,0.9852,-8.3618,-51.5137,-31.2500,1.0390,,
DATA,A002,6,649,691458,-0.0755,-0.2680,0.8644,14.2822,-64.8804,-28.2593,0.9081,,
DATA,A002,6,650,691468,0.0050,-0.3066,0.8837,65.4907,-65.9180,-31.2500,0.9353,,
DATA,A002,6,651,691478,0.1461,0.1387,0.9830,95.7642,-41.0767,-25.8179,1.0035,,
DATA,A002,6,652,691488,0.1339,0.2425,0.9645,72.6929,-13.3057,-17.2119,1.0035,,
DATA,A002,6,653,691498,0.0094,0.2398,0.9737,37.6587,26.0010,-24.1699,1.0029,,
DATA,A002,6,654,691508,-0.0875,0.1685,0.9698,22.9492,41.2598,-31.6162,0.9883,,
DATA,A002,6,655,691518,-0.1947,0.0218,0.9908,19.1040,37.2925,-36.4380,1.0100,,
DATA,A002,6,656,691528,-0.1183,0.0254,0.9549,26.2451,11.9629,-34.3628,0.9626,,
DATA,A002,6,657,691538,0.1220,0.2442,1.0065,38.5742,-21.0571,-34.0576,1.0428,,
DATA,A002,6,658,691548,-0.0780,0.2562,0.7506,24.9023,1.5259,-54.5654,0.7969,,
DATA,A002,6,659,691558,-0.2897,0.2400,1.4520,171.7529,8.1177,-70.3735,1.5000,,
DATA,A002,6,660,691568,0.2142,-0.1159,1.1576,60.9741,-1.6479,4.5776,1.1829,,
DATA,A002,6,661,691578,0.0861,0.0662,1.1114,41.9312,24.9634,-11.5967,1.1167,,
DATA,A002,6,662,691588,-0.1171,0.2459,1.0941,19.7754,48.7061,-30.1514,1.1275,,
DATA,A002,6,663,691598,-0.1891,0.1849,1.1107,24.7192,40.4053,-15.3198,1.1418,,
DATA,A002,6,664,691608,-0.2279,0.2266,1.1200,37.5366,7.8125,-3.2959,1.1652,,
DATA,A002,6,665,691618,-0.1468,0.2759,1.1061,34.6680,-1.7090,2.1362,1.1494,,
DATA,A002,6,666,691628,-0.1363,0.2542,1.0839,21.9116,11.2305,11.7188,1.1216,,
DATA,A002,6,667,691638,-0.2364,0.2151,1.0123,17.5781,12.2070,12.5732,1.0616,,
DATA,A002,6,668,691648,-0.2262,0.2066,0.9928,22.7051,-7.3242,17.8223,1.0390,,
DATA,A002,6,669,691658,-0.1793,0.1793,0.9723,24.8413,-19.5923,20.2637,1.0048,,
DATA,A002,6,670,691668,-0.1039,0.6724,0.8964,14.3433,-20.0195,13.1836,1.1253,,
DATA,A002,6,671,691678,-0.0353,0.2325,0.9584,-16.2354,0.3052,5.9204,0.9868,,
DATA,A002,6,672,691688,-0.0968,0.1607,0.9664,-17.0288,21.8506,-3.9062,0.9845,,
DATA,A002,6,673,691698,-0.1642,0.2134,0.9015,-9.1553,21.2402,-4.1504,0.9408,,
DATA,A002,6,674,691708,-0.1683,0.2828,0.8754,-12.2070,21.8506,-3.8452,0.9352,,
DATA,A002,6,675,691718,-0.1048,0.1981,0.8949,-20.5078,25.5737,-3.9062,0.9225,,
DATA,A002,6,676,691728,-0.0179,0.1353,0.9491,-20.6909,36.4380,-3.4180,0.9589,,
DATA,A002,6,677,691738,-0.0404,0.1734,0.9449,-16.4795,48.5229,0.2441,0.9616,,
DATA,A002,6,678,691748,-0.1119,0.1932,0.9535,-11.7798,57.5562,7.0801,0.9793,,
DATA,A002,6,679,691758,-0.1241,0.1756,0.9708,-11.4136,55.3589,8.4229,0.9943,,
DATA,A002,6,680,691768,-0.0921,0.1417,1.0094,-9.6436,49.5605,6.8359,1.0234,,
DATA,A002,6,681,691778,-0.1417,0.1541,1.0101,-4.4556,48.0957,-1.7700,1.0316,,
DATA,A002,6,682,691788,-0.2333,0.1595,1.0106,-0.6104,39.9780,-7.8735,1.0494,,
DATA,A002,6,683,691798,-0.3111,0.1561,0.9940,4.1504,26.4893,-8.9111,1.0532,,
DATA,A002,6,684,691808,-0.2897,0.1463,0.9796,9.3384,-6.7139,-7.8735,1.0320,,
DATA,A002,6,685,691818,-0.2203,0.1473,0.9513,12.9395,-19.9585,-6.7139,0.9875,,
DATA,A002,6,686,691828,-0.1661,0.1507,0.9269,13.4888,-23.0103,-1.7090,0.9536,,
DATA,A002,6,687,691838,-0.1417,0.1387,0.9186,12.1460,-23.9868,-3.1128,0.9397,,
DATA,A002,6,688,691848,-0.0790,0.1815,0.8712,12.4512,-15.1367,7.9956,0.8934,,
DATA,A002,6,689,691858,-0.0726,0.1858,0.8915,9.9487,-8.1787,8.4839,0.9135,,
DATA,A002,6,690,691868,-0.0421,0.2000,0.9034,6.4697,3.2349,4.5166,0.9263,,
DATA,A002,6,691,691878,-0.0043,0.1954,0.9261,1.8921,20.5078,0.6104,0.9465,,
DATA,A002,6,692,691888,-0.0482,0.2142,0.9286,-1.8311,31.7383,-5.0659,0.9542,,
DATA,A002,6,693,691898,-0.1163,0.2132,0.9337,-6.1035,40.6494,-9.0332,0.9648,,
DATA,A002,6,694,691908,-0.1202,0.2042,0.9195,-6.7749,41.0156,-9.4604,0.9496,,
DATA,A002,6,695,691918,-0.0636,0.1929,0.9127,-5.4321,42.4194,-0.7935,0.9350,,
DATA,A002,6,696,691928,-0.0665,0.1758,0.9222,-5.7373,44.1284,-1.8311,0.9412,,
DATA,A002,6,697,691938,-0.0160,0.1705,0.9203,-3.1128,47.0581,-1.2207,0.9361,,
DATA,A002,6,698,691948,-0.0799,0.1832,0.9401,-1.0986,49.3774,-1.2207,0.9611,,
DATA,A002,6,699,691958,-0.1749,0.2212,1.0133,1.0376,52.6123,-6.3477,1.0518,,
DATA,A002,6,700,691968,-0.1857,0.1710,1.0360,10.4980,50.4150,-7.0190,1.0663,,
DATA,A002,6,701,691978,-0.1976,0.0870,1.0677,10.8032,55.2368,-0.3662,1.0894,,
DATA,A002,6,702,691988,-0.2196,0.1539,1.0760,13.1226,58.5327,2.7466,1.1089,,
DATA,A002,6,703,691998,-0.1979,0.1334,1.0775,8.7280,66.4673,-0.7935,1.1036,,
DATA,A002,6,704,692008,-0.2137,0.1307,1.0799,0.4272,67.6880,-5.9814,1.1086,,
DATA,A002,6,705,692018,-0.2562,0.1536,1.0770,-3.9673,59.4482,-10.1929,1.1177,,
DATA,A002,6,706,692028,-0.2335,0.1600,1.0572,-6.1035,51.8188,-10.1929,1.0945,,
DATA,A002,6,707,692038,-0.2228,0.1995,1.0008,-4.8218,38.7573,-9.3994,1.0446,,
DATA,A002,6,708,692048,-0.2015,0.2059,0.9789,-4.2114,34.1797,-7.6294,1.0204,,
DATA,A002,6,709,692058,-0.2005,0.1968,0.9596,-4.1504,30.3955,-7.7515,0.9999,,
DATA,A002,6,710,692068,-0.1976,0.1858,0.9659,-3.6621,26.3062,-9.0942,1.0033,,
DATA,A002,6,711,692078,-0.2069,0.1756,0.9806,-3.2349,24.3530,-10.9253,1.0174,,
DATA,A002,6,712,692088,-0.2169,0.1780,0.9840,-2.2583,22.7051,-13.4277,1.0232,,
DATA,A002,6,713,692098,-0.2206,0.1773,0.9855,-1.7700,21.2402,-12.9395,1.0253,,
DATA,A002,6,714,692108,-0.1981,0.1883,0.9769,-1.2207,21.9116,-12.4512,1.0144,,
DATA,A002,6,715,692118,-0.1993,0.1832,0.9791,-1.7700,26.1230,-13.2446,1.0158,,
DATA,A002,6,716,692128,-0.2152,0.1876,0.9864,-2.0142,27.4658,-14.2212,1.0269,,
DATA,A002,6,717,692138,-0.2245,0.1878,0.9923,-2.5024,27.4658,-14.5264,1.0346,,
DATA,A002,6,718,692148,-0.2494,0.2007,0.9899,-1.3428,22.4609,-16.7236,1.0403,,
DATA,A002,6,719,692158,-0.2616,0.1937,0.9894,-1.2817,17.7002,-16.0522,1.0415,,
DATA,A002,6,720,692168,-0.2460,0.1697,0.9593,0.7935,15.3809,-15.0757,1.0048,,
DATA,A002,6,721,692178,-0.2130,0.1751,0.9520,0.9766,23.4375,-12.5122,0.9911,,
DATA,A002,6,722,692188,-0.2147,0.1685,0.9567,0.3052,31.1890,-10.9863,0.9948,,
DATA,A002,6,723,692198,-0.2176,0.1600,0.9750,0.4883,37.1704,-9.0942,1.0117,,
DATA,A002,6,724,692208,-0.2440,0.1636,1.0016,0.7324,38.6353,-8.5449,1.0438,,
DATA,A002,6,725,692218,-0.2911,0.1595,1.0004,3.3569,34.3628,-7.1411,1.0540,,
DATA,A002,6,726,692228,-0.3065,0.1790,0.9808,4.2725,28.1372,-6.1035,1.0431,,
DATA,A002,6,727,692238,-0.3114,0.1700,0.9645,4.0283,22.1558,-5.8594,1.0276,,
DATA,A002,6,728,692248,-0.2906,0.1771,0.9547,4.3335,15.5029,-5.0049,1.0135,,
DATA,A002,6,729,692258,-0.2833,0.1714,0.9642,3.4180,13.2446,-4.6997,1.0195,,
DATA,A002,6,730,692268,-0.2616,0.1761,0.9696,2.1973,14.5264,-4.5776,1.0196,,
DATA,A002,6,731,692278,-0.2477,0.1651,0.9715,1.6479,16.7847,-4.0894,1.0161,,
DATA,A002,6,732,692288,-0.2692,0.1688,0.9454,3.2349,17.8833,-4.0283,0.9974,,
DATA,A002,6,733,692298,-0.2740,0.1876,0.9515,2.5024,19.5923,-3.1128,1.0078,,
DATA,A002,6,734,692308,-0.2630,0.1678,0.9357,2.1362,22.0947,-2.1973,0.9863,,
DATA,A002,6,735,692318,-0.2547,0.1807,0.9322,1.7090,25.0244,-2.8687,0.9832,,
DATA,A002,6,736,692328,-0.2442,0.1761,0.9425,0.3052,30.5176,-6.4697,0.9894,,
DATA,A002,6,737,692338,-0.2374,0.1746,0.9425,0.1221,32.5317,-10.0708,0.9875,,
DATA,A002,6,738,692348,-0.2706,0.1844,0.9740,-0.9766,36.8652,-16.7236,1.0276,,
DATA,A002,6,739,692358,-0.2638,-0.0768,1.0494,0.0610,39.4287,-18.8599,1.0848,,
DATA,A002,6,740,692368,-0.3451,0.1668,0.9679,4.2114,30.6396,-14.3433,1.0410,,
DATA,A002,6,741,692378,-0.3356,0.1700,0.9669,5.6152,24.1089,-11.4136,1.0375,,
DATA,A002,6,742,692388,-0.3326,0.1671,0.9640,8.3008,18.1274,-10.1318,1.0333,,
DATA,A002,6,743,692398,-0.3307,0.1744,0.9779,6.1035,17.8223,-10.6201,1.0469,,
DATA,A002,6,744,692408,-0.3302,0.1468,0.9818,8.2397,13.4277,-5.0659,1.0462,,
DATA,A002,6,745,692418,-0.3050,0.1544,0.9703,11.1084,9.0332,-1.0986,1.0288,,
DATA,A002,6,746,692428,-0.2887,0.1617,0.9476,13.1836,4.4556,0.9766,1.0037,,
DATA,A002,6,747,692438,-0.2765,0.1583,0.9481,12.7563,3.9062,0.3052,1.0002,,
DATA,A002,6,748,692448,-0.2623,0.1710,0.9554,12.3901,4.5776,-2.4414,1.0054,,
DATA,A002,6,749,692458,-0.2645,0.1636,0.9686,11.7798,5.4321,-4.3335,1.0173,,
DATA,A002,6,750,692468,-0.2843,0.1812,0.9664,9.9487,5.0049,-6.9580,1.0235,,
DATA,A002,6,751,692478,-0.2721,0.1817,0.9818,7.6294,6.4697,-6.4697,1.0349,,
DATA,A002,6,752,692488,-0.2704,0.1846,0.9977,4.7607,7.8735,-5.3711,1.0500,,
DATA,A002,6,753,692498,-0.2660,0.1710,1.0067,2.0752,9.8877,-4.3335,1.0552,,
DATA,A002,6,754,692508,-0.2591,0.1556,1.0275,-1.4038,9.8877,-4.4556,1.0710,,
EVENT,A002,6,,692509,,,,,,,,STOP,754
EVENT,A002,7,,722088,,,,,,,,START,
DATA,A002,7,1,722111,0.2933,0.0528,0.9967,-6.4087,54.9927,-5.7983,1.0403,,
DATA,A002,7,2,722121,0.2453,0.0303,1.0055,-0.3662,56.2134,-2.0142,1.0354,,
DATA,A002,7,3,722131,0.2533,0.0372,0.9838,-3.2959,53.8940,-0.7324,1.0165,,
DATA,A002,7,4,722141,0.2582,0.0333,1.0021,-4.6387,52.3682,1.2817,1.0353,,
DATA,A002,7,5,722151,0.2350,0.0753,0.8702,-0.5493,54.9316,-4.0283,0.9045,,
DATA,A002,7,6,722161,0.1488,0.1746,0.9398,0.9155,44.9219,-6.5918,0.9674,,
DATA,A002,7,7,722171,0.1166,0.0928,0.9508,-6.3477,31.9824,-8.3008,0.9624,,
DATA,A002,7,8,722181,0.1466,0.0423,0.9654,-8.2397,21.7896,-5.7373,0.9774,,
DATA,A002,7,9,722191,0.1967,0.0174,0.9911,-4.4556,11.2915,-3.7842,1.0106,,
DATA,A002,7,10,722201,0.2133,0.0381,1.0099,-2.6245,9.0332,-3.4790,1.0329,,
DATA,A002,7,11,722211,0.2094,0.0438,1.0138,-1.9531,7.0801,-3.6621,1.0361,,
DATA,A002,7,12,722221,0.2160,0.0435,1.0091,-1.4038,6.1646,-3.9673,1.0329,,
DATA,A002,7,13,722231,0.2177,0.0218,0.9977,-0.3662,5.8594,-4.6997,1.0214,,
DATA,A002,7,14,722241,0.2008,0.0198,0.9835,0.9155,5.0049,-6.4697,1.0040,,
DATA,A002,7,15,722251,0.2211,0.0335,0.9791,3.1128,2.4414,-6.4697,1.0043,,
DATA,A002,7,16,722261,0.2362,0.0313,0.9808,4.5166,2.2583,-6.5918,1.0094,,
DATA,A002,7,17,722271,0.2211,0.0411,0.9769,4.4556,4.9438,-9.8267,1.0025,,
DATA,A002,7,18,722281,0.2123,0.0623,0.9935,2.8076,5.4321,-10.9253,1.0179,,
DATA,A002,7,19,722291,0.2189,0.0440,0.9872,1.9531,5.0049,-11.4136,1.0121,,
DATA,A002,7,20,722301,0.2296,0.0452,0.9925,2.1362,5.4932,-12.0850,1.0198,,
DATA,A002,7,21,722311,0.2435,0.0565,0.9962,1.7700,7.6294,-11.4746,1.0271,,
DATA,A002,7,22,722321,0.2360,0.0401,0.9962,0.6104,9.9487,-10.4980,1.0246,,
DATA,A002,7,23,722331,0.2370,0.0396,0.9943,0.6104,14.2822,-10.3149,1.0229,,
DATA,A002,7,24,722341,0.2379,0.0406,1.0018,-0.1831,16.1743,-9.5825,1.0305,,
DATA,A002,7,25,722351,0.2267,0.0384,0.9928,-0.4272,20.3857,-10.6812,1.0191,,
DATA,A002,7,26,722361,0.2201,0.0462,1.0021,-0.5493,21.6064,-10.3149,1.0270,,
DATA,A002,7,27,722371,0.2089,0.0374,0.9847,-1.0986,22.5830,-10.9253,1.0073,,
DATA,A002,7,28,722381,0.2282,0.0408,0.9838,-0.6714,22.7661,-10.3760,1.0107,,
DATA,A002,7,29,722391,0.2296,0.0254,0.9886,-0.9155,23.3765,-10.1929,1.0153,,
DATA,A002,7,30,722401,0.2228,0.0289,0.9811,0.1221,23.8037,-10.5591,1.0065,,
DATA,A002,7,31,722411,0.2404,0.0269,0.9852,2.5635,22.5220,-8.6060,1.0145,,
DATA,A002,7,32,722421,0.2370,0.0276,0.9757,3.8452,23.3765,-8.3618,1.0044,,
DATA,A002,7,33,722431,0.2272,0.0340,0.9645,6.4087,25.3906,-7.9956,0.9914,,
DATA,A002,7,34,722441,0.2431,0.0267,0.9498,8.4229,25.6958,-6.1035,0.9808,,
DATA,A002,7,35,722451,0.2567,0.0264,0.9325,12.5122,29.7852,-4.3945,0.9675,,
DATA,A002,7,36,722461,0.2775,0.0308,0.9210,15.5640,34.4849,-1.9531,0.9624,,
DATA,A002,7,37,722471,0.3048,0.0350,0.9093,18.8599,41.6870,1.6479,0.9597,,
DATA,A002,7,38,722481,0.3353,0.0259,0.8732,24.4141,55.7251,10.6201,0.9357,,
DATA,A002,7,39,722491,0.3163,0.0301,0.8766,22.7661,71.5942,13.0005,0.9324,,
DATA,A002,7,40,722501,0.2765,0.0259,0.8426,25.8179,88.9282,20.8740,0.8872,,
DATA,A002,7,41,722511,0.2438,0.0425,0.8048,27.7710,98.3887,26.6724,0.8420,,
DATA,A002,7,42,722521,0.2106,0.0775,0.7206,28.6865,109.2529,36.9873,0.7547,,
DATA,A002,7,43,722531,0.2077,0.0704,0.6515,26.2451,115.1733,44.2505,0.6874,,
DATA,A002,7,44,722541,0.1398,0.0276,0.5253,15.3809,122.9248,53.6499,0.5442,,
DATA,A002,7,45,722551,0.1061,0.0511,0.4459,5.3101,138.2446,62.2559,0.4612,,
DATA,A002,7,46,722561,-0.0477,0.1224,0.2076,-22.4609,156.0669,70.6177,0.2457,,
DATA,A002,7,47,722571,-0.1962,0.1036,0.0760,-52.0630,173.0957,63.1714,0.2345,,
DATA,A002,7,48,722581,-0.2579,0.3589,-0.2284,-94.6655,211.8530,63.1714,0.4975,,
DATA,A002,7,49,722591,-0.1405,0.4954,-0.3790,-123.4741,222.8394,97.3511,0.6394,,
DATA,A002,7,50,722601,0.0612,-0.1328,-0.8287,-203.9185,303.1616,136.3525,0.8415,,
DATA,A002,7,51,722611,-0.0211,-0.3967,-0.8868,-227.0508,395.3857,147.8271,0.9717,,
DATA,A002,7,52,722621,-0.1647,-0.4147,-0.9616,-266.1743,459.2285,178.8940,1.0601,,
DATA,A002,7,53,722631,-0.4151,-0.4711,-0.9838,-300.6592,501.7090,213.9282,1.1671,,
DATA,A002,7,54,722641,-0.6820,-0.1547,-0.8302,-237.8540,445.6787,220.5200,1.0855,,
DATA,A002,7,55,722651,-0.6046,-0.2619,-0.5802,-141.5405,380.6152,228.2715,0.8779,,
DATA,A002,7,56,722661,-0.6088,-1.5888,-0.3488,281.1890,237.4878,306.9458,1.7368,,
DATA,A002,7,57,722671,-0.9569,-0.6049,0.8312,347.2900,341.6748,261.0474,1.4044,,
DATA,A002,7,58,722681,-0.9462,1.2772,2.6212,366.3330,350.2808,180.0537,3.0655,,
DATA,A002,7,59,722691,-1.1412,2.4754,3.0980,192.6880,348.0835,192.0166,4.1265,,
DATA,A002,7,60,722701,-1.3273,2.1756,3.0812,24.1699,362.3047,127.4414,3.9986,,
DATA,A002,7,61,722711,-1.4034,1.6529,3.4488,13.0005,292.2974,114.1968,4.0738,,
DATA,A002,7,62,722721,-1.5963,1.2947,3.7726,68.9697,127.4414,114.9292,4.2961,,
DATA,A002,7,63,722731,-1.7501,1.2711,3.6459,72.9370,26.8555,91.7358,4.2392,,
DATA,A002,7,64,722741,-1.7960,1.1431,2.8517,32.3486,-74.8291,57.6782,3.5587,,
DATA,A002,7,65,722751,-1.7894,0.9913,2.3207,15.2588,-98.3276,55.1758,3.0936,,
DATA,A002,7,66,722761,-1.5489,0.8546,1.7511,30.5176,-128.2349,80.3223,2.4891,,
DATA,A002,7,67,722771,-1.3910,0.8697,1.6127,59.4482,-134.6436,93.2617,2.3004,,
DATA,A002,7,68,722781,-1.3292,1.1199,1.8165,96.3745,-102.3560,107.1777,2.5141,,
DATA,A002,7,69,722791,-1.5792,1.2593,1.7579,94.7876,-72.9980,110.9619,2.6777,,
DATA,A002,7,70,722801,-1.8439,1.2645,1.8490,85.8765,-24.9023,116.9434,2.9013,,
DATA,A002,7,71,722811,-1.8326,1.2022,1.8221,75.1343,4.8218,123.5962,2.8503,,
DATA,A002,7,72,722821,-1.8771,1.0936,1.6827,59.6313,36.8042,124.2065,2.7479,,
DATA,A002,7,73,722831,-2.1278,0.9759,1.3287,37.9639,77.3315,119.9951,2.6917,,
DATA,A002,7,74,722841,-2.3326,0.8900,1.1034,25.5127,80.4443,118.3472,2.7296,,
DATA,A002,7,75,722851,-2.4034,0.6595,0.8241,7.1411,54.5654,113.3423,2.6250,,
DATA,A002,7,76,722861,-2.2701,0.4600,0.6832,-0.6714,20.5078,103.8208,2.4149,,
DATA,A002,7,77,722871,-1.8199,0.2095,0.4847,-5.5542,-37.1704,82.3975,1.8950,,
DATA,A002,7,78,722881,-1.4601,0.1121,0.3263,-10.8643,-56.8848,67.9932,1.5003,,
DATA,A002,7,79,722891,-0.9479,-0.0053,0.0956,-29.4800,-63.6597,48.6450,0.9527,,
DATA,A002,7,80,722901,-0.6481,-0.0927,-0.0253,-46.7529,-48.1567,36.3159,0.6551,,
DATA,A002,7,81,722911,-0.2982,-0.2387,-0.1185,-67.5049,-5.8594,15.7471,0.4000,,
DATA,A002,7,82,722921,-0.1576,-0.3063,-0.1093,-71.9604,28.5034,-1.8311,0.3614,,
DATA,A002,7,83,722931,-0.0338,-0.3259,-0.0929,-70.9229,85.2051,-28.7476,0.3405,,
DATA,A002,7,84,722941,0.0082,-0.2951,-0.1137,-71.0449,119.0796,-39.3066,0.3163,,
DATA,A002,7,85,722951,0.0465,-0.2673,-0.1571,-76.0498,158.0811,-44.2505,0.3135,,
DATA,A002,7,86,722961,0.0565,-0.2748,-0.1718,-78.8574,178.2837,-44.0063,0.3290,,
DATA,A002,7,87,722971,0.0372,-0.3000,-0.1525,-76.9043,202.0264,-42.1753,0.3386,,
DATA,A002,7,88,722981,-0.0201,-0.3051,-0.1434,-72.3877,215.5151,-41.4429,0.3378,,
DATA,A002,7,89,722991,-0.1307,-0.2797,-0.1268,-67.0166,232.7271,-46.1426,0.3338,,
DATA,A002,7,90,723001,-0.1859,-0.2617,-0.1266,-66.4673,237.4268,-54.6875,0.3450,,
DATA,A002,7,91,723011,-0.2223,-0.2326,-0.1444,-68.4204,233.1543,-68.7256,0.3527,,
DATA,A002,7,92,723021,-0.2032,-0.2292,-0.1503,-70.4956,227.4170,-77.2705,0.3412,,
DATA,A002,7,93,723031,-0.1444,-0.2167,-0.1608,-69.5801,217.1631,-95.3979,0.3061,,
DATA,A002,7,94,723041,-0.1100,-0.2011,-0.1664,-66.0400,211.1816,-111.1450,0.2832,,
DATA,A002,7,95,723051,-0.0607,-0.1599,-0.1459,-57.9834,198.7305,-135.0708,0.2248,,
DATA,A002,7,96,723061,-0.0387,-0.1235,-0.1307,-52.9175,186.3403,-149.5972,0.1839,,
DATA,A002,7,97,723071,-0.0028,-0.0729,-0.0258,-42.4194,153.9917,-168.1519,0.0774,,
DATA,A002,7,98,723081,0.1024,-0.0698,0.1637,-36.3770,127.3193,-184.0210,0.2053,,
DATA,A002,7,99,723091,0.4528,-0.0480,0.6322,-11.9629,113.8916,-209.1064,0.7791,,
DATA,A002,7,100,723101,0.6815,0.0438,0.9676,12.4512,114.9902,-228.8208,1.1844,,
DATA,A002,7,101,723111,0.7958,0.3043,0.9598,12.6953,59.8755,-226.3794,1.2834,,
DATA,A002,7,102,723121,0.6981,0.3399,0.8417,-25.9399,48.4619,-191.7114,1.1451,,
DATA,A002,7,103,723131,0.4230,0.1163,0.5682,-51.6357,108.2153,-182.4341,0.7179,,
DATA,A002,7,104,723141,0.1840,-0.0598,0.3834,-41.4429,139.7705,-189.5752,0.4294,,
DATA,A002,7,105,723151,0.0177,-0.1674,0.2340,-26.3672,168.9453,-191.5894,0.2883,,
DATA,A002,7,106,723161,-0.1424,-0.2163,0.0802,-4.1504,216.5527,-177.9175,0.2711,,
DATA,A002,7,107,723171,-0.2853,-0.2272,-0.0143,11.5356,229.5532,-159.9121,0.3650,,
DATA,A002,7,108,723181,-0.4996,-0.2419,-0.0873,29.6021,213.6230,-136.1084,0.5619,,
DATA,A002,7,109,723191,-0.6390,-0.3085,-0.0577,31.6772,185.9131,-121.3379,0.7120,,
DATA,A002,7,110,723201,-0.9286,-0.5529,0.0301,11.1084,122.9858,-78.6743,1.0811,,
DATA,A002,7,111,723211,-1.2582,-0.7975,0.1056,-7.6904,76.2939,-45.3491,1.4934,,
DATA,A002,7,112,723221,-2.0797,-1.1386,0.1542,-22.8271,16.6626,2.1973,2.3760,,
DATA,A002,7,113,723231,-2.6778,-1.2836,0.1893,-15.1978,-21.7896,28.1982,2.9756,,
DATA,A002,7,114,723241,-3.4701,-1.3139,0.4672,45.6543,-85.3882,52.3682,3.7398,,
DATA,A002,7,115,723251,-4.0514,-1.2211,0.7831,75.6226,-129.2725,68.2373,4.3033,,
DATA,A002,7,116,723261,-4.3544,-0.7499,1.3881,91.3696,-123.9624,68.6646,4.6314,,
DATA,A002,7,117,723271,-4.4667,-0.2783,1.5333,74.7070,-82.0312,53.5278,4.7307,,
DATA,A002,7,118,723281,-4.6617,0.2581,1.5116,20.3857,-66.5283,47.3022,4.9075,,
DATA,A002,7,119,723291,-4.5323,0.3726,1.3627,-10.1318,-79.0405,42.6025,4.7474,,
DATA,A002,7,120,723301,-3.7450,0.2523,1.1932,-21.7285,-91.2476,20.3857,3.9386,,
DATA,A002,7,121,723311,-2.9903,0.0635,1.1769,-18.1274,-93.4448,5.2490,3.2142,,
DATA,A002,7,122,723321,-1.8915,-0.2609,1.0819,-9.8267,-69.3359,-8.0566,2.1946,,
DATA,A002,7,123,723331,-1.2875,-0.4572,0.9379,-1.0376,-53.6499,-17.4561,1.6572,,
DATA,A002,7,124,723341,-0.6009,-0.6039,0.5682,22.2168,-59.1431,-25.6958,1.0241,,
DATA,A002,7,125,723351,-0.2701,-0.5507,0.2469,43.2129,-81.8481,-18.8599,0.6612,,
DATA,A002,7,126,723361,0.0800,-0.2578,-0.1278,86.9141,-110.5957,5.6152,0.2986,,
DATA,A002,7,127,723371,0.2655,0.0367,-0.2907,107.6050,-107.8491,25.2075,0.3954,,
DATA,A002,7,128,723381,0.5123,0.4153,-0.4911,92.5293,-78.2471,39.8560,0.8223,,
DATA,A002,7,129,723391,0.6422,0.5208,-0.4909,61.7676,-49.2554,45.1660,0.9616,,
DATA,A002,7,130,723401,0.8471,0.4410,-0.4579,12.5122,16.2354,61.1572,1.0591,,
DATA,A002,7,131,723411,0.9013,0.2459,-0.4967,-17.3950,68.1152,70.0684,1.0580,,
DATA,A002,7,132,723421,0.7457,-0.1396,-0.5211,-36.0718,121.8262,72.6929,0.9204,,
DATA,A002,7,133,723431,0.5316,-0.3120,-0.5048,-22.2778,125.6714,78.1250,0.7967,,
DATA,A002,7,134,723441,0.2558,-0.3061,-0.4288,25.9399,90.6982,98.1445,0.5857,,
DATA,A002,7,135,723451,0.2062,-0.1672,-0.3300,56.8848,59.9976,111.4502,0.4235,,
DATA,A002,7,136,723461,0.2724,0.0713,-0.1986,74.7681,36.4990,123.2910,0.3446,,
DATA,A002,7,137,723471,0.3439,0.1541,-0.1293,69.1528,43.8843,121.6431,0.3984,,
DATA,A002,7,138,723481,0.3905,0.1175,-0.0143,50.5371,76.8433,112.6099,0.4081,,
DATA,A002,7,139,723491,0.3510,0.0291,0.0282,39.4897,98.9990,109.0088,0.3533,,
DATA,A002,7,140,723501,0.2780,-0.0488,0.0587,33.1421,116.3330,108.9478,0.2883,,
DATA,A002,7,141,723511,0.1312,-0.0700,0.0719,34.3018,131.0425,119.5679,0.1652,,
DATA,A002,7,142,723521,-0.0455,0.0486,0.0445,40.7104,132.8125,135.8032,0.0801,,
DATA,A002,7,143,723531,-0.1507,0.1609,0.0255,42.8467,128.8452,142.7612,0.2220,,
DATA,A002,7,144,723541,-0.2623,0.2615,0.0292,39.1235,120.7886,147.1558,0.3716,,
DATA,A002,7,145,723551,-0.4501,0.3589,0.0301,25.0854,97.9614,151.1230,0.5765,,
DATA,A002,7,146,723561,-0.5751,0.3682,0.0226,14.8926,73.6694,153.0762,0.6832,,
DATA,A002,7,147,723571,-0.7381,0.3397,0.0699,2.9907,24.2920,150.8179,0.8155,,
DATA,A002,7,148,723581,-0.7845,0.3143,0.1280,-1.0986,-8.1787,143.9819,0.8548,,
DATA,A002,7,149,723591,-0.7159,0.2632,0.2023,-5.3101,-49.8657,131.6528,0.7892,,
DATA,A002,7,150,723601,-0.6219,0.2098,0.2577,-7.4463,-66.7725,123.8403,0.7051,,
DATA,A002,7,151,723611,-0.5267,0.1343,0.3324,-6.4087,-54.2603,108.2764,0.6372,,
DATA,A002,7,152,723621,-0.4923,0.1150,0.3649,-0.4272,-28.5034,96.8018,0.6235,,
DATA,A002,7,153,723631,-0.5209,0.1038,0.3490,12.2070,16.2964,83.8013,0.6355,,
DATA,A002,7,154,723641,-0.6388,0.1016,0.3807,20.1416,42.4194,71.3501,0.7505,,
DATA,A002,7,155,723651,-0.9723,0.1150,0.4869,30.5786,64.1479,44.3726,1.0935,,
DATA,A002,7,156,723661,-1.2233,0.1192,0.5685,38.3911,63.7817,24.7192,1.3541,,
DATA,A002,7,157,723671,-1.6666,0.1338,0.7933,46.9360,40.3442,-9.1553,1.8506,,
DATA,A002,7,158,723681,-1.9984,0.1658,0.9842,51.2695,19.2261,-38.5742,2.2338,,
DATA,A002,7,159,723691,-2.5326,0.2972,1.2191,50.7812,-20.6909,-87.8296,2.8264,,
DATA,A002,7,160,723701,-2.8768,0.4290,1.3509,45.6543,-57.3120,-122.4976,3.2071,,
DATA,A002,7,161,723711,-3.4232,0.7178,1.6444,33.5083,-128.5400,-155.0903,3.8649,,
DATA,A002,7,162,723721,-3.8705,1.0198,1.8475,22.7051,-179.9927,-159.4849,4.4084,,
DATA,A002,7,163,723731,-4.6691,1.5828,1.9471,5.6152,-247.6807,-133.9722,5.3006,,
DATA,A002,7,164,723741,-5.2611,1.9976,1.8944,0.1221,-282.4707,-104.7974,5.9379,,
DATA,A002,7,165,723751,-5.1129,2.7601,1.8275,7.9956,-291.1377,-57.4341,6.0909,,
DATA,A002,7,166,723761,-4.4195,3.0023,1.6139,-13.0615,-295.4102,-31.7383,5.5813,,
DATA,A002,7,167,723771,-2.9425,2.3074,1.3207,-113.5864,-256.9580,-22.9492,3.9657,,
DATA,A002,7,168,723781,-2.1373,1.5513,1.1034,-178.4668,-189.7583,-32.7148,2.8622,,
DATA,A002,7,169,723791,-1.1261,0.6275,0.2494,-243.8965,-106.8726,-49.5605,1.3130,,
DATA,A002,7,170,723801,-0.5126,0.0550,-0.6202,-264.2822,-77.8198,-45.9595,0.8065,,
DATA,A002,7,171,723811,0.1788,-1.0349,-1.6227,-221.8628,-61.4624,-28.3203,1.9329,,
DATA,A002,7,172,723821,0.3441,-1.4443,-1.5914,-107.0557,-38.1470,-9.7656,2.1765,,
DATA,A002,7,173,723831,0.6561,-2.0820,-1.0529,60.3027,-13.7329,9.0942,2.4236,,
DATA,A002,7,174,723841,0.7743,-1.5148,-0.8214,143.7988,-44.9219,43.2739,1.8892,,
DATA,A002,7,175,723851,0.9708,-0.8715,-0.8358,201.2939,-87.5854,98.9380,1.5494,,
DATA,A002,7,176,723861,1.5849,-0.1982,-0.5812,235.8398,-159.7900,115.8447,1.6997,,
DATA,A002,7,177,723871,1.8942,-0.0768,-0.4423,198.9746,-195.1294,131.9580,1.9466,,
DATA,A002,7,178,723881,1.6752,-0.2761,-0.3214,124.2676,-188.9038,166.1987,1.7279,,
DATA,A002,7,179,723891,1.1466,-0.4355,-0.3414,106.7505,-141.0522,173.1567,1.2732,,
DATA,A002,7,180,723901,0.3505,-0.5283,-0.2299,130.2490,-93.9331,181.3354,0.6743,,
DATA,A002,7,181,723911,0.0111,-0.4387,-0.0675,164.8560,-86.2427,187.3779,0.4440,,
DATA,A002,7,182,723921,-0.2047,-0.0483,0.2281,214.4775,-76.8433,191.4062,0.3103,,
DATA,A002,7,183,723931,-0.3004,0.3004,0.4823,229.1260,-60.3638,186.8896,0.6427,,
DATA,A002,7,184,723941,-0.3778,0.8331,0.7123,205.1392,-24.8413,159.8511,1.1593,,
DATA,A002,7,185,723951,-0.5731,1.0638,0.6356,155.5786,-21.1792,138.9771,1.3653,,
DATA,A002,7,186,723961,-0.8932,1.0943,0.5179,73.0591,-30.8228,78.7964,1.5045,,
DATA,A002,7,187,723971,-1.0033,0.9500,0.4576,30.1514,-30.3955,33.2642,1.4555,,
DATA,A002,7,188,723981,-0.8302,0.6126,0.2870,0.6714,-14.5264,-13.0615,1.0709,,
DATA,A002,7,189,723991,-0.6527,0.4454,0.1920,5.1880,6.7749,-34.4849,0.8132,,
DATA,A002,7,190,724001,-0.4371,0.3533,0.1637,26.3062,43.4570,-58.7158,0.5854,,
DATA,A002,7,191,724011,-0.3551,0.3475,0.1993,31.6162,68.0542,-67.5659,0.5353,,
DATA,A002,7,192,724021,-0.3177,0.3170,0.2582,24.7192,95.7642,-83.9233,0.5178,,
DATA,A002,7,193,724031,-0.3231,0.2723,0.3014,16.6016,106.3232,-96.0083,0.5190,,
DATA,A002,7,194,724041,-0.3368,0.1949,0.3429,9.3384,108.2153,-109.0088,0.5186,,
DATA,A002,7,195,724051,-0.3321,0.1688,0.3473,7.6904,103.8208,-112.7930,0.5093,,
DATA,A002,7,196,724061,-0.3107,0.1727,0.3348,5.2490,91.4917,-114.5020,0.4883,,
DATA,A002,7,197,724071,-0.2814,0.1946,0.3129,0.8545,82.1533,-115.3564,0.4636,,
DATA,A002,7,198,724081,-0.2274,0.2298,0.2757,-9.8877,71.3501,-117.0044,0.4249,,
DATA,A002,7,199,724091,-0.1891,0.2422,0.2621,-19.4092,64.6973,-117.2485,0.4039,,
DATA,A002,7,200,724101,-0.1759,0.2452,0.2701,-33.9355,51.6357,-114.4409,0.4050,,
DATA,A002,7,201,724111,-0.1871,0.2557,0.2792,-43.2129,42.2974,-111.7554,0.4223,,
DATA,A002,7,202,724121,-0.1984,0.2952,0.3141,-56.7627,29.2969,-109.0088,0.4745,,
DATA,A002,7,203,724131,-0.2357,0.3358,0.3756,-66.2231,22.5830,-108.2153,0.5562,,
DATA,A002,7,204,724141,-0.3011,0.4302,0.5294,-82.7026,24.0479,-109.6191,0.7457,,
DATA,A002,7,205,724151,-0.3788,0.4986,0.6722,-95.7642,26.6113,-111.2061,0.9187,,
DATA,A002,7,206,724161,-0.6705,0.6216,0.8512,-119.3237,35.7666,-115.2954,1.2492,,
DATA,A002,7,207,724171,-0.9308,0.7427,0.9972,-132.4463,39.6118,-114.5630,1.5532,,
DATA,A002,7,208,724181,-1.3273,0.9066,1.2616,-140.0146,30.6396,-103.6377,2.0433,,
DATA,A002,7,209,724191,-1.8915,1.3614,1.8490,-138.5498,12.7563,-66.5894,2.9749,,
DATA,A002,7,210,724201,-2.0980,1.5970,1.9694,-130.3101,15.0757,-73.9746,3.2909,,
DATA,A002,7,211,724211,-2.2272,1.7896,2.1954,-137.9395,7.3242,-57.9834,3.6032,,
DATA,A002,7,212,724221,-2.4073,1.7630,2.5638,-134.5215,6.1646,-45.1050,3.9340,,
DATA,A002,7,213,724231,-2.5577,1.8106,3.1385,-109.3140,22.0947,-25.1465,4.4352,,
DATA,A002,7,214,724241,-2.7030,1.8111,3.3058,-97.2290,26.8555,-19.4092,4.6384,,
DATA,A002,7,215,724251,-2.8453,1.5003,3.1996,-101.4404,26.4893,-31.3110,4.5370,,
DATA,A002,7,216,724261,-2.8851,1.1932,3.0236,-108.1543,21.7285,-43.2739,4.3462,,
DATA,A002,7,217,724271,-2.8275,0.7142,2.7301,-107.7881,-2.8076,-47.7295,3.9948,,
DATA,A002,7,218,724281,-2.7667,0.4041,2.4769,-98.2666,-30.9448,-38.7573,3.7354,,
DATA,A002,7,219,724291,-2.6166,0.0154,2.0165,-73.5474,-78.3691,-23.0713,3.3035,,
DATA,A002,7,220,724301,-2.3993,-0.1357,1.5729,-56.1523,-109.4971,-16.2354,2.8721,,
DATA,A002,7,221,724311,-1.8661,-0.2585,0.8072,-35.4004,-149.1699,-9.9487,2.0496,,
DATA,A002,7,222,724321,-1.4222,-0.3371,0.3282,-28.2593,-165.7715,-3.2349,1.4980,,
DATA,A002,7,223,724331,-0.7721,-0.5434,-0.2306,-20.3247,-161.9873,2.3804,0.9719,,
DATA,A002,7,224,724341,-0.3780,-0.7058,-0.4816,-12.0850,-137.3291,1.1597,0.9343,,
DATA,A002,7,225,724351,0.0626,-0.9462,-0.7191,16.7847,-60.7300,-12.3291,1.1901,,
DATA,A002,7,226,724361,0.2262,-0.9504,-0.6193,59.2651,-2.0142,-26.1841,1.1567,,
DATA,A002,7,227,724371,0.3212,-0.6347,-0.3075,110.6567,64.0259,-56.8237,0.7750,,
DATA,A002,7,228,724381,0.2846,-0.3276,-0.1766,112.9150,74.8901,-69.0308,0.4685,,
DATA,A002,7,229,724391,0.2736,-0.0546,-0.0038,68.6035,57.7393,-85.9375,0.2790,,
DATA,A002,7,230,724401,0.3021,-0.0703,0.0135,20.3247,21.0571,-91.6748,0.3105,,
DATA,A002,7,231,724411,0.3515,-0.3403,-0.0917,-46.9360,-13.0005,-88.5010,0.4977,,
DATA,A002,7,232,724421,0.3676,-0.5256,-0.1657,-66.0400,-12.2070,-84.1675,0.6624,,
DATA,A002,7,233,724431,0.3058,-0.6201,-0.2426,-51.5137,16.6626,-68.6035,0.7327,,
DATA,A002,7,234,724441,0.2443,-0.5261,-0.2406,-27.2827,42.9688,-53.7720,0.6279,,
DATA,A002,7,235,724451,0.1356,-0.2871,-0.2482,-5.1270,77.9419,-34.1797,0.4030,,
DATA,A002,7,236,724461,0.0543,-0.1669,-0.2806,-6.4697,97.5342,-24.9634,0.3310,,
DATA,A002,7,237,724471,-0.0587,-0.1616,-0.3446,-26.7944,123.7183,-14.8315,0.3851,,
DATA,A002,7,238,724481,-0.1197,-0.2600,-0.4166,-43.5791,145.5688,-7.7515,0.5055,,
DATA,A002,7,239,724491,-0.1976,-0.4445,-0.5265,-56.8848,182.1289,7.5073,0.7168,,
DATA,A002,7,240,724501,-0.2521,-0.5041,-0.5038,-49.3164,198.6694,16.5405,0.7559,,
DATA,A002,7,241,724511,-0.2833,-0.3239,-0.5612,-22.9492,228.2104,31.1890,0.7072,,
DATA,A002,7,242,724521,-0.2867,-0.0790,-0.4909,-3.4180,244.5068,32.8979,0.5739,,
DATA,A002,7,243,724531,-0.2650,0.2029,-0.3790,9.5215,261.7188,28.6255,0.5051,,
DATA,A002,7,244,724541,-0.3111,0.5589,-0.2743,5.9204,263.8550,26.6113,0.6960,,
DATA,A002,7,245,724551,-0.4571,0.7488,-0.1127,-5.1880,244.8730,14.9536,0.8846,,
DATA,A002,7,246,724561,-0.5763,0.8040,0.0856,-12.4512,219.7266,3.5400,0.9929,,
DATA,A002,7,247,724571,-0.6219,0.7955,0.2889,-19.9585,191.4673,-4.0894,1.0503,,
DATA,A002,7,248,724581,-0.5777,0.7212,0.4579,-29.7241,132.2021,-9.5825,1.0313,,
DATA,A002,7,249,724591,-0.4933,0.6827,0.5907,-26.7944,86.6699,-15.0757,1.0287,,
DATA,A002,7,250,724601,-0.3373,0.6993,0.6420,-21.1182,34.9121,-23.9868,1.0074,,
DATA,A002,7,251,724611,-0.2313,0.7122,0.6161,-23.1323,7.7515,-28.5034,0.9697,,
DATA,A002,7,252,724621,-0.1424,0.6666,0.5475,-33.8135,-29.1748,-34.2407,0.8743,,
DATA,A002,7,253,724631,-0.1195,0.5775,0.4733,-43.9453,-49.3164,-39.3677,0.7561,,
DATA,A002,7,254,724641,-0.0980,0.4178,0.3265,-56.4575,-72.2046,-49.5605,0.5392,,
DATA,A002,7,255,724651,-0.0675,0.3043,0.2318,-59.5703,-78.1860,-58.5938,0.3884,,
DATA,A002,7,256,724661,0.0260,0.1761,0.0961,-57.2510,-71.2280,-73.0591,0.2023,,
DATA,A002,7,257,724671,0.0841,0.1121,0.0121,-54.1992,-57.2510,-81.9702,0.1407,,
DATA,A002,7,258,724681,0.1742,0.0323,-0.0438,-52.5513,-26.6113,-92.4683,0.1825,,
DATA,A002,7,259,724691,0.2118,-0.0292,-0.0624,-56.1523,-6.5918,-95.5200,0.2227,,
DATA,A002,7,260,724701,0.1896,-0.1152,-0.1049,-66.4673,21.2402,-93.0176,0.2454,,
DATA,A002,7,261,724711,0.1134,-0.1779,-0.1051,-71.4722,36.8652,-89.4165,0.2357,,
DATA,A002,7,262,724721,-0.0585,-0.2006,-0.0143,-63.7207,63.7817,-82.7637,0.2095,,
DATA,A002,7,263,724731,-0.1876,-0.1267,0.1488,-43.8232,75.6836,-78.2471,0.2709,,
DATA,A002,7,264,724741,-0.5047,0.0984,0.5480,-11.5967,67.0776,-55.9082,0.7515,,
DATA,A002,7,265,724751,-1.0218,0.2850,0.7379,-6.8359,60.7300,-12.6343,1.2922,,
DATA,A002,7,266,724761,-1.8397,0.4483,1.2926,-16.3574,93.5059,84.4116,2.2927,,
DATA,A002,7,267,724771,-2.5624,0.2259,1.5201,-30.0293,104.9194,177.3682,2.9879,,
DATA,A002,7,268,724781,-4.1918,-0.6100,2.0416,17.6392,131.2866,270.8740,4.7023,,
DATA,A002,7,269,724791,-4.5008,-0.2961,2.5077,157.7148,135.9253,246.3989,5.1608,,
DATA,A002,7,270,724801,-4.6630,1.7921,3.0404,295.8374,105.5298,165.2832,5.8480,,
DATA,A002,7,271,724811,-5.1349,2.7176,3.2093,210.8765,73.4863,76.4160,6.6372,,
DATA,A002,7,272,724821,-5.0934,1.5662,3.0958,-48.4009,-20.9961,-54.8706,6.1628,,
DATA,A002,7,273,724831,-4.4982,0.4261,2.7401,-139.2212,-124.3896,-104.6753,5.2842,,
DATA,A002,7,274,724841,-3.1964,-0.5251,1.9613,-197.0825,-276.6724,-169.9829,3.7867,,
DATA,A002,7,275,724851,-2.2555,-0.6183,1.3536,-215.2710,-338.2568,-178.9551,2.7022,,
DATA,A002,7,276,724861,-1.1896,-0.5146,0.6119,-208.2520,-361.0840,-127.1973,1.4333,,
DATA,A002,7,277,724871,-0.6083,-0.4526,0.3114,-187.2559,-330.0171,-85.6934,0.8196,,
DATA,A002,7,278,724881,-0.1715,-0.3815,0.2289,-165.2832,-260.0098,-49.8657,0.4768,,
DATA,A002,7,279,724891,0.1850,-0.2504,0.0834,-147.2778,-119.6289,16.9678,0.3223,,
DATA,A002,7,280,724901,0.1525,-0.2209,0.1510,-140.8691,11.5967,55.8472,0.3080,,
DATA,A002,7,281,724911,-0.1905,-0.2043,0.3441,-115.1123,164.8560,52.3071,0.4432,,
DATA,A002,7,282,724921,-0.5995,-0.1830,0.3758,-100.5249,193.4204,30.7007,0.7308,,
DATA,A002,7,283,724931,-1.0306,-0.2187,0.3849,-85.5713,147.4609,16.4185,1.1217,,
DATA,A002,7,284,724941,-1.0589,-0.2236,0.2887,-76.9043,75.5005,20.7520,1.1201,,
DATA,A002,7,285,724951,-0.7682,-0.1808,-0.0233,-74.8291,-38.7573,30.0293,0.7895,,
DATA,A002,7,286,724961,-0.4654,-0.1601,-0.2399,-78.7354,-92.3462,33.0200,0.5475,,
DATA,A002,7,287,724971,-0.1417,-0.1638,-0.4464,-79.3457,-119.8730,37.5366,0.4962,,
DATA,A002,7,288,724981,0.0116,-0.1967,-0.4701,-75.1343,-111.5112,39.6118,0.5097,,
DATA,A002,7,289,724991,0.1486,-0.2285,-0.4240,-59.8145,-84.1064,44.9219,0.5040,,
DATA,A002,7,290,725001,0.1823,-0.2255,-0.4335,-45.8374,-58.7158,54.1992,0.5215,,
DATA,A002,7,291,725011,0.1918,-0.1882,-0.4083,-21.8506,-14.2822,71.1670,0.4888,,
DATA,A002,7,292,725021,0.1857,-0.1433,-0.3353,-7.3853,18.0054,78.6743,0.4092,,
DATA,A002,7,293,725031,0.1732,-0.0578,-0.1947,4.8218,69.0308,83.8623,0.2670,,
DATA,A002,7,294,725041,0.1412,-0.0124,-0.1329,4.8828,100.2197,85.2051,0.1944,,
DATA,A002,7,295,725051,0.0504,0.0240,-0.0485,-1.4648,133.6670,84.5337,0.0739,,
DATA,A002,7,296,725061,-0.0204,0.0264,-0.0133,-7.0801,147.6440,83.3740,0.0359,,
DATA,A002,7,297,725071,-0.1039,0.0242,0.0082,-13.0615,154.0527,80.5664,0.1070,,
DATA,A002,7,298,725081,-0.1361,0.0213,0.0199,-16.2964,149.0479,79.1016,0.1392,,
DATA,A002,7,299,725091,-0.1571,0.0164,0.0575,-20.3247,131.5918,76.4160,0.1681,,
DATA,A002,7,300,725101,-0.1659,0.0145,0.0731,-22.5220,116.5161,73.0591,0.1819,,
DATA,A002,7,301,725111,-0.1993,0.0103,0.0863,-27.0996,89.3555,66.7725,0.2174,,
DATA,A002,7,302,725121,-0.2245,0.0081,0.1005,-30.6396,70.4346,61.9507,0.2461,,
DATA,A002,7,303,725131,-0.2406,-0.0158,0.1080,-38.5742,42.2363,54.3823,0.2642,,
DATA,A002,7,304,725141,-0.2279,-0.0371,0.0963,-43.5791,24.7803,50.2930,0.2502,,
DATA,A002,7,305,725151,-0.1984,-0.0776,0.0677,-47.7905,1.9531,45.7153,0.2235,,
DATA,A002,7,306,725161,-0.1759,-0.1032,0.0423,-48.2178,-9.6436,44.2505,0.2083,,
DATA,A002,7,307,725171,-0.1366,-0.1379,0.0160,-45.9595,-24.9023,44.5557,0.1947,,
DATA,A002,7,308,725181,-0.1105,-0.1547,0.0152,-43.4570,-32.0435,45.5322,0.1907,,
DATA,A002,7,309,725191,-0.0826,-0.1533,0.0362,-36.0107,-35.5225,47.5464,0.1778,,
DATA,A002,7,310,725201,-0.0817,-0.1484,0.0450,-30.8838,-32.7148,49.3164,0.1752,,
DATA,A002,7,311,725211,-0.1219,-0.1389,0.0926,-25.8789,-25.9399,50.3540,0.2067,,
DATA,A002,7,312,725221,-0.2567,-0.0866,0.2408,-16.6016,-9.5825,47.3022,0.3625,,
DATA,A002,7,313,725231,-0.3841,-0.0363,0.3241,-13.0005,3.2349,45.8374,0.5039,,
DATA,A002,7,314,725241,-0.6749,0.0176,0.4908,-10.9253,28.7476,41.8701,0.8347,,
DATA,A002,7,315,725251,-0.9945,0.0596,0.6451,-8.4229,48.0957,34.1187,1.1869,,
DATA,A002,7,316,725261,-1.5550,0.1378,0.9173,4.2725,64.5752,31.1890,1.8107,,
DATA,A002,7,317,725271,-1.9562,0.2100,1.2394,19.4702,55.6030,36.9873,2.3252,,
DATA,A002,7,318,725281,-2.4554,0.3492,1.9015,79.7119,14.6484,58.4717,3.1252,,
DATA,A002,7,319,725291,-2.8241,0.5604,1.9300,144.5923,2.9297,75.9888,3.4662,,
DATA,A002,7,320,725301,-3.0421,1.2518,1.9364,232.7271,6.8359,81.5430,3.8172,,
DATA,A002,7,321,725311,-2.7941,1.6153,1.8878,225.0366,12.9395,89.4775,3.7389,,
DATA,A002,7,322,725321,-2.5294,1.3660,1.6476,122.0093,90.0879,81.2378,3.3134,,
DATA,A002,7,323,725331,-2.6510,0.9520,1.4454,54.6875,138.7329,57.6172,3.1659,,
DATA,A002,7,324,725341,-2.9703,0.3807,1.2440,9.0942,107.3608,24.4141,3.2427,,
DATA,A002,7,325,725351,-2.9713,0.1224,1.1341,11.0474,52.0630,5.7983,3.1827,,
DATA,A002,7,326,725361,-2.6056,-0.0346,0.9994,18.6157,-30.4565,-22.2168,2.7909,,
DATA,A002,7,327,725371,-2.2213,-0.0283,0.8734,14.5264,-53.3447,-35.9497,2.3870,,
DATA,A002,7,328,725381,-1.6817,-0.0234,0.7408,-0.8545,-48.8892,-39.0625,1.8378,,
DATA,A002,7,329,725391,-1.4093,-0.0497,0.6818,-10.0708,-24.4141,-32.0435,1.5663,,
DATA,A002,7,330,725401,-1.2023,-0.1323,0.6185,-19.5312,28.6865,-17.6392,1.3585,,
DATA,A002,7,331,725411,-1.1603,-0.1977,0.5924,-20.6299,56.8848,-10.2539,1.3177,,
DATA,A002,7,332,725421,-1.1576,-0.2726,0.5853,-16.0522,58.7769,-2.4414,1.3255,,
DATA,A002,7,333,725431,-1.1520,-0.3056,0.5873,-11.9019,35.4614,0.3662,1.3286,,
DATA,A002,7,334,725441,-1.0065,-0.3288,0.5853,-4.3335,-21.9116,-0.4272,1.2098,,
DATA,A002,7,335,725451,-0.8092,-0.3142,0.5802,-0.3052,-63.3545,1.7090,1.0441,,
DATA,A002,7,336,725461,-0.4689,-0.2892,0.5633,2.6855,-89.3555,10.8032,0.7879,,
DATA,A002,7,337,725471,-0.2809,-0.2883,0.5514,6.7749,-79.4678,14.0381,0.6827,,
DATA,A002,7,338,725481,-0.1473,-0.3044,0.5223,18.9209,-43.4570,10.6201,0.6222,,
DATA,A002,7,339,725491,-0.1400,-0.3076,0.4862,28.7476,-18.1274,5.4321,0.5921,,
DATA,A002,7,340,725501,-0.1686,-0.3000,0.3966,38.6963,2.2583,-2.8076,0.5251,,
DATA,A002,7,341,725511,-0.1764,-0.2919,0.3065,43.9453,0.4272,-8.6670,0.4586,,
DATA,A002,7,342,725521,-0.1468,-0.2626,0.1739,56.0303,-23.0103,-20.7520,0.3476,,
DATA,A002,7,343,725531,-0.0931,-0.2206,0.0980,66.7725,-44.7998,-29.7852,0.2588,,
DATA,A002,7,344,725541,0.0026,-0.1193,-0.0172,80.1392,-66.6504,-40.1611,0.1206,,
DATA,A002,7,345,725551,0.0756,-0.0466,-0.0807,86.7310,-72.0825,-46.4478,0.1200,,
DATA,A002,7,346,725561,0.1332,0.0294,-0.1315,94.1162,-69.3970,-54.2603,0.1894,,
DATA,A002,7,347,725571,0.1779,0.1473,-0.1664,102.2949,-53.1006,-70.5566,0.2846,,
DATA,A002,7,348,725581,0.1925,0.2125,-0.1539,103.9429,-37.6587,-81.2378,0.3254,,
DATA,A002,7,349,725591,0.2284,0.2425,-0.0726,95.2148,-14.5264,-93.3228,0.3410,,
DATA,A002,7,350,725601,0.2606,0.2459,0.0084,86.1816,-1.2207,-98.2666,0.3584,,
DATA,A002,7,351,725611,0.3104,0.2532,0.1249,76.3550,16.4795,-97.2290,0.4196,,
DATA,A002,7,352,725621,0.3175,0.2701,0.1940,70.0073,29.1138,-92.4683,0.4598,,
DATA,A002,7,353,725631,0.2704,0.2686,0.2745,51.5747,54.5044,-87.7075,0.4697,,
DATA,A002,7,354,725641,0.2247,0.2386,0.3158,33.6304,75.0122,-85.4492,0.4551,,
DATA,A002,7,355,725651,0.1073,0.1590,0.3917,5.7983,105.2246,-78.2471,0.4362,,
DATA,A002,7,356,725661,-0.0253,0.1221,0.4081,-8.4229,126.8921,-73.1201,0.4267,,
DATA,A002,7,357,725671,-0.2601,0.1380,0.3072,-27.2217,150.6348,-59.5093,0.4256,,
DATA,A002,7,358,725681,-0.4193,0.1573,0.2157,-40.4053,149.0479,-48.6450,0.4971,,
DATA,A002,7,359,725691,-0.6356,0.1624,0.0848,-61.1572,117.1875,-37.6587,0.6615,,
DATA,A002,7,360,725701,-0.7721,0.1617,0.0494,-72.0825,82.1533,-36.6211,0.7904,,
DATA,A002,7,361,725711,-0.9108,0.1688,0.1068,-84.5337,27.6489,-41.9922,0.9324,,
DATA,A002,7,362,725721,-0.9393,0.1646,0.1969,-93.2007,-3.0518,-45.0439,0.9737,,
DATA,A002,7,363,725731,-0.9728,0.1124,0.3873,-108.1543,-23.8037,-36.9873,1.0530,,
DATA,A002,7,364,725741,-1.0821,0.0408,0.5433,-115.2344,-11.4746,-24.3530,1.2116,,
DATA,A002,7,365,725751,-1.2831,-0.0934,0.7955,-112.6099,32.8979,-2.8687,1.5126,,
DATA,A002,7,366,725761,-1.4308,-0.1677,0.9698,-97.0459,46.9971,17.9443,1.7366,,
DATA,A002,7,367,725771,-1.9969,-0.1826,1.2496,-54.0161,34.2407,41.7480,2.3628,,
DATA,A002,7,368,725781,-2.4859,-0.1132,1.5069,-14.8926,5.6152,53.7109,2.9092,,
DATA,A002,7,369,725791,-2.7450,0.2003,1.8509,44.3115,-52.1851,55.1147,3.3168,,
DATA,A002,7,370,725801,-2.5956,0.4058,1.9835,69.9463,-74.0356,34.0576,3.2918,,
DATA,A002,7,371,725811,-2.3966,0.4214,2.0863,57.0679,-61.3403,-1.4038,3.2053,,
DATA,A002,7,372,725821,-2.4503,0.2613,2.1144,28.0151,-48.6450,-14.6484,3.2470,,
DATA,A002,7,373,725831,-2.7286,0.0801,2.0240,2.3193,-49.8657,-34.6680,3.3983,,
DATA,A002,7,374,725841,-2.8624,0.1129,1.9195,2.0752,-62.1948,-50.2930,3.4483,,
DATA,A002,7,375,725851,-2.7650,0.3370,1.6622,-4.2725,-88.6841,-63.5376,3.2437,,
DATA,A002,7,376,725861,-2.4728,0.4500,1.4564,-26.0620,-107.1777,-66.1011,2.9049,,
DATA,A002,7,377,725871,-1.9088,0.4622,1.1488,-76.2939,-111.5112,-66.5283,2.2753,,
DATA,A002,7,378,725881,-1.5506,0.3863,0.9689,-106.3843,-100.1587,-63.9648,1.8688,,
DATA,A002,7,379,725891,-1.2342,0.3091,0.7782,-123.9624,-83.6792,-60.1196,1.4915,,
DATA,A002,7,380,725901,-0.8551,0.2278,0.4657,-132.0190,-56.1523,-53.4058,1.0000,,
DATA,A002,7,381,725911,-0.6615,0.1758,0.2198,-133.6060,-43.8843,-45.2881,0.7189,,
DATA,A002,7,382,725921,-0.4728,0.0643,-0.1049,-132.9346,-31.6162,-28.8696,0.4885,,
DATA,A002,7,383,725931,-0.3302,-0.0148,-0.2767,-126.7700,-21.8506,-23.3154,0.4311,,
DATA,A002,7,384,725941,-0.1239,-0.1008,-0.4054,-98.9990,-9.2163,-15.1978,0.4357,,
DATA,A002,7,385,725951,-0.0419,-0.1359,-0.4113,-75.3174,2.4414,-7.3242,0.4352,,
DATA,A002,7,386,725961,-0.0699,-0.1535,-0.3178,-43.9453,30.1514,-8.2397,0.3598,,
DATA,A002,7,387,725971,-0.2013,-0.1227,-0.2396,-26.6724,53.8940,-17.6392,0.3362,,
DATA,A002,7,388,725981,-0.3526,-0.0490,-0.0028,-12.8174,78.2471,-31.3110,0.3560,,
DATA,A002,7,389,725991,-0.3954,0.0023,0.0441,-14.3433,82.8247,-34.7900,0.3978,,
DATA,A002,7,390,726001,-0.2975,-0.0483,0.1163,-24.1089,73.2422,-34.7290,0.3230,,
DATA,A002,7,391,726011,-0.1517,-0.1100,0.1544,-25.9399,68.1152,-34.1797,0.2428,,
DATA,A002,7,392,726021,0.0621,-0.1608,0.1168,-20.5688,89.7217,-38.8184,0.2083,,
DATA,A002,7,393,726031,0.1669,-0.1655,0.0521,-14.2212,118.2251,-44.6777,0.2407,,
DATA,A002,7,394,726041,0.2238,-0.1379,-0.0775,2.1973,160.0342,-50.5981,0.2740,,
DATA,A002,7,395,726051,0.1818,-0.1169,-0.1535,14.4043,180.4810,-54.2603,0.2651,,
DATA,A002,7,396,726061,0.0870,-0.0869,-0.2015,32.7148,197.2656,-63.5986,0.2361,,
DATA,A002,7,397,726071,0.0487,-0.0507,-0.2028,44.4336,191.8945,-69.8853,0.2146,,
DATA,A002,7,398,726081,0.0250,0.0198,-0.1576,58.1665,167.2974,-75.6836,0.1608,,
DATA,A002,7,399,726091,0.0297,0.0838,-0.1151,63.3545,146.0571,-77.4536,0.1455,,
DATA,A002,7,400,726101,0.0792,0.1749,-0.0641,64.0869,110.1685,-78.1860,0.2024,,
DATA,A002,7,401,726111,0.1371,0.2151,-0.0324,59.3872,86.3037,-77.5146,0.2572,,
DATA,A002,7,402,726121,0.2387,0.2305,0.0199,49.5605,59.3872,-75.8057,0.3324,,
DATA,A002,7,403,726131,0.2999,0.2029,0.0726,42.6636,49.9268,-73.2422,0.3694,,
DATA,A002,7,404,726141,0.3829,0.1441,0.1239,34.1797,49.1943,-65.7349,0.4275,,
DATA,A002,7,405,726151,0.4210,0.0889,0.1227,30.8228,56.2744,-57.0679,0.4475,,
DATA,A002,7,406,726161,0.4513,0.0064,0.1041,31.2500,76.1719,-43.4570,0.4632,,
DATA,A002,7,407,726171,0.4440,-0.0456,0.1483,37.4756,89.6606,-38.3911,0.4703,,
DATA,A002,7,408,726181,0.3671,-0.1164,0.2965,53.2227,118.2861,-35.8887,0.4860,,
DATA,A002,7,409,726191,0.1959,-0.1982,0.5221,62.3779,136.8408,-36.2549,0.5918,,
DATA,A002,7,410,726201,-0.2137,-0.4216,0.8612,63.3545,184.2651,-41.6260,0.9824,,
DATA,A002,7,411,726211,-0.6195,-0.6762,1.1195,57.4341,220.9473,-46.8140,1.4472,,
DATA,A002,7,412,726221,-1.7128,-1.0993,1.1991,58.6548,254.6997,-27.5879,2.3622,,
DATA,A002,7,413,726231,-2.5983,-1.2905,1.0299,54.8096,207.7637,-12.4512,3.0785,,
DATA,A002,7,414,726241,-3.3270,-1.3986,0.8951,63.5986,101.8677,-16.4795,3.7184,,
DATA,A002,7,415,726251,-4.0560,-1.4304,0.8578,80.0781,-104.1870,-46.7529,4.3855,,
DATA,A002,7,416,726261,-4.2731,-1.4067,0.8226,85.2661,-255.7373,-58.8379,4.5732,,
DATA,A002,7,417,726271,-4.0362,-1.3115,0.6483,82.5195,-415.9546,-64.5142,4.2932,,
DATA,A002,7,418,726281,-3.6107,-1.1704,0.5575,82.2754,-447.8149,-70.7397,3.8364,,
DATA,A002,7,419,726291,-2.8905,-0.8984,0.5641,105.0415,-406.5552,-80.3223,3.0790,,
DATA,A002,7,420,726301,-2.4064,-0.6779,0.6654,122.1924,-351.7456,-83.0688,2.5871,,
DATA,A002,7,421,726311,-1.9317,-0.3815,0.8636,132.9956,-239.9902,-83.6182,2.1501,,
DATA,A002,7,422,726321,-1.7775,-0.2348,0.9535,125.7324,-155.5176,-83.6182,2.0307,,
DATA,A002,7,423,726331,-1.6759,-0.1975,0.9017,99.7925,-49.3164,-80.9326,1.9133,,
DATA,A002,7,424,726341,-1.5631,-0.2978,0.8863,83.9233,3.9673,-75.9277,1.8214,,
DATA,A002,7,425,726351,-1.3710,-0.4316,0.7904,77.5757,58.4717,-66.1621,1.6403,,
DATA,A002,7,426,726361,-1.3119,-0.4531,0.6210,82.5806,83.5571,-58.1665,1.5205,,
DATA,A002,7,427,726371,-1.2452,-0.3676,0.4510,98.0225,110.3516,-45.3491,1.3745,,
DATA,A002,7,428,726381,-1.2682,-0.2375,0.4076,106.9336,114.7461,-33.9966,1.3531,,
DATA,A002,7,429,726391,-1.2850,-0.0075,0.3375,107.1167,103.5156,-24.4751,1.3286,,
DATA,A002,7,430,726401,-1.2618,0.1241,0.2770,97.2900,83.4961,-21.5454,1.2978,,
DATA,A002,7,431,726411,-1.1713,0.2667,0.1500,75.8057,43.7012,-20.9961,1.2106,,
DATA,A002,7,432,726421,-1.0492,0.3399,0.0548,61.7065,21.4233,-24.4141,1.1042,,
DATA,A002,7,433,726431,-0.8421,0.4722,-0.0602,43.5181,3.1128,-34.7290,0.9674,,
DATA,A002,7,434,726441,-0.6857,0.5848,-0.1393,29.1138,9.7046,-47.6074,0.9119,,
DATA,A002,7,435,726451,-0.3800,0.7298,-0.2457,-0.4272,42.5415,-62.3779,0.8587,,
DATA,A002,7,436,726461,-0.2396,0.7713,-0.2538,-26.3062,57.3730,-62.3169,0.8466,,
DATA,A002,7,437,726471,-0.1393,0.6531,-0.2233,-73.1812,66.5894,-71.8994,0.7042,,
DATA,A002,7,438,726481,-0.0460,0.4683,-0.2245,-102.6611,59.9365,-80.6274,0.5214,,
DATA,A002,7,439,726491,0.1151,0.1600,-0.1979,-131.2866,30.5786,-81.9702,0.2793,,
DATA,A002,7,440,726501,0.2142,-0.0038,-0.1769,-135.8032,16.4185,-74.1577,0.2779,,
DATA,A002,7,441,726511,0.3097,-0.1623,-0.0853,-123.2910,12.6343,-56.2134,0.3599,,
DATA,A002,7,442,726521,0.3666,-0.1933,0.0028,-111.5112,20.1416,-40.8325,0.4144,,
DATA,A002,7,443,726531,0.4660,-0.2043,0.0694,-102.8442,42.7246,-7.9346,0.5135,,
DATA,A002,7,444,726541,0.5377,-0.2226,0.1085,-99.3652,59.4482,12.8784,0.5920,,
DATA,A002,7,445,726551,0.6442,-0.2433,0.1134,-90.4541,92.6514,40.2222,0.6979,,
DATA,A002,7,446,726561,0.7299,-0.2468,0.0685,-84.4727,119.7510,60.3638,0.7735,,
DATA,A002,7,447,726571,0.8146,-0.2492,-0.0704,-80.5054,147.8882,75.7446,0.8548,,
DATA,A002,7,448,726581,0.7897,-0.2673,-0.2526,-60.3027,183.8379,103.8818,0.8711,,
DATA,A002,7,449,726591,0.6327,-0.2343,-0.1837,-40.1001,200.4395,117.5537,0.6993,,
DATA,A002,7,450,726601,0.3739,-0.1240,-0.1056,-13.7329,222.2900,129.5776,0.4078,,
DATA,A002,7,451,726611,0.2465,-0.0873,-0.0206,-3.2959,230.0415,135.0098,0.2623,,
DATA,A002,7,452,726621,0.2499,-0.0881,0.0226,3.4180,239.9292,138.9771,0.2659,,
DATA,A002,7,453,726631,0.2948,-0.1335,0.0448,8.9722,244.0796,143.0054,0.3267,,
DATA,A002,7,454,726641,0.3600,-0.2536,0.1944,17.1509,251.1597,152.2217,0.4814,,
DATA,A002,7,455,726651,0.3092,-0.3256,0.3290,19.8975,257.2021,161.5601,0.5567,,
DATA,A002,7,456,726661,-0.0174,-0.2597,0.2018,35.3394,251.5869,164.4897,0.3293,,
DATA,A002,7,457,726671,-0.4437,-0.0368,0.1527,69.9463,208.4961,157.8979,0.4707,,
DATA,A002,7,458,726681,-1.2757,0.2435,0.2015,73.9136,136.7188,155.2124,1.3143,,
DATA,A002,7,459,726691,-1.8058,0.1597,0.3465,42.1753,72.3267,150.2686,1.8456,,
DATA,A002,7,460,726701,-2.6595,-0.1691,0.5792,14.6484,-7.0801,144.1040,2.7271,,
DATA,A002,7,461,726711,-3.3038,-0.3034,0.7196,31.4331,-24.9634,135.1929,3.3949,,
DATA,A002,7,462,726721,-4.2496,-0.1220,0.7648,73.2422,-81.7261,123.8403,4.3196,,
DATA,A002,7,463,726731,-4.5201,0.1710,0.6813,85.0220,-117.3096,112.5488,4.5744,,
DATA,A002,7,464,726741,-4.5914,0.6019,0.5248,63.0493,-160.2173,104.0039,4.6603,,
DATA,A002,7,465,726751,-4.5150,0.7252,0.4989,38.5742,-199.4629,101.9287,4.6000,,
DATA,A002,7,466,726761,-3.6241,0.9273,0.4735,40.7715,-189.5142,86.7920,3.7707,,
DATA,A002,7,467,726771,-2.9320,1.0533,0.4291,53.5278,-134.7656,81.7261,3.1449,,
DATA,A002,7,468,726781,-2.2423,0.8807,0.4125,19.4702,-27.9541,77.5757,2.4441,,
DATA,A002,7,469,726791,-1.9513,0.4605,0.3758,-21.4844,32.5928,62.8052,2.0398,,
DATA,A002,7,470,726801,-1.6739,-0.2131,0.2313,-43.6401,74.8901,43.8843,1.7032,,
DATA,A002,7,471,726811,-1.5528,-0.4938,0.1300,-28.5034,75.7446,40.5273,1.6347,,
DATA,A002,7,472,726821,-1.4344,-0.6242,-0.0077,7.8125,53.5889,45.1050,1.5644,,
DATA,A002,7,473,726831,-1.3692,-0.5402,-0.0668,27.3438,25.2075,49.0112,1.4735,,
DATA,A002,7,474,726841,-1.1893,-0.2607,-0.1444,42.3584,-26.1841,50.8423,1.2261,,
DATA,A002,7,475,726851,-1.0289,-0.0695,-0.2025,38.3301,-63.3545,51.8799,1.0510,,
DATA,A002,7,476,726861,-0.7655,0.0945,-0.2775,11.2305,-107.6050,48.8281,0.8197,,
DATA,A002,7,477,726871,-0.5685,0.1143,-0.3446,-11.5967,-123.4131,41.0156,0.6745,,
DATA,A002,7,478,726881,-0.3048,0.0843,-0.3917,-37.6587,-129.4556,28.3813,0.5034,,
DATA,A002,7,479,726891,-0.1622,0.0413,-0.4125,-48.7061,-120.4834,20.6909,0.4452,,
DATA,A002,7,480,726901,0.0018,-0.0217,-0.3988,-56.8848,-91.7358,11.1084,0.3994,,
DATA,A002,7,481,726911,0.0726,-0.0502,-0.3666,-57.3730,-67.8101,7.4463,0.3771,,
DATA,A002,7,482,726921,0.1134,-0.0829,-0.2933,-54.2603,-31.4331,7.9956,0.3253,,
DATA,A002,7,483,726931,0.1034,-0.0939,-0.2445,-51.6968,-8.8501,12.0239,0.2816,,
DATA,A002,7,484,726941,0.0612,-0.1061,-0.1925,-48.3398,20.5078,20.5078,0.2282,,
DATA,A002,7,485,726951,0.0326,-0.1154,-0.1659,-46.4478,36.3770,26.4282,0.2047,,
DATA,A002,7,486,726961,0.0084,-0.1220,-0.1349,-44.6167,49.1943,31.9824,0.1821,,
DATA,A002,7,487,726971,-0.0123,-0.1284,-0.0931,-40.8936,65.2466,39.9780,0.1591,,
DATA,A002,7,488,726981,-0.0250,-0.1205,-0.0712,-37.9639,74.7070,44.9829,0.1422,,
DATA,A002,7,489,726991,-0.0677,-0.0988,-0.0543,-34.1797,86.5479,51.7578,0.1315,,
DATA,A002,7,490,727001,-0.1117,-0.0839,-0.0524,-30.8228,91.3086,55.3589,0.1492,,
DATA,A002,7,491,727011,-0.1710,-0.0556,-0.0277,-24.7192,91.9800,58.4106,0.1819,,
DATA,A002,7,492,727021,-0.1993,-0.0292,-0.0094,-21.4233,89.3555,58.4717,0.2017,,
DATA,A002,7,493,727031,-0.2128,-0.0134,0.0072,-18.1274,83.3740,57.1289,0.2133,,
DATA,A002,7,494,727041,-0.2001,-0.0136,0.0150,-15.8691,79.8950,55.0537,0.2011,,
DATA,A002,7,495,727051,-0.1659,-0.0302,0.0106,-11.6577,75.8667,50.2319,0.1689,,
DATA,A002,7,496,727061,-0.1554,-0.0497,0.0157,-7.9956,74.1577,45.4712,0.1639,,
DATA,A002,7,497,727071,-0.1495,-0.0783,0.0206,-0.5493,74.2798,36.3770,0.1700,,
DATA,A002,7,498,727081,-0.1876,-0.0859,0.0328,7.3853,76.7212,28.9917,0.2089,,
DATA,A002,7,499,727091,-0.3321,-0.0634,0.0677,27.0996,86.2427,14.1602,0.3449,,
DATA,A002,7,500,727101,-0.5028,-0.0109,0.1424,41.0156,96.4966,3.3569,0.5227,,
DATA,A002,7,501,727111,-0.9530,0.0755,0.3351,59.4482,111.5112,-13.8550,1.0130,,
DATA,A002,7,502,727121,-1.5279,0.1663,0.4750,74.0967,116.6992,-17.0288,1.6087,,
DATA,A002,7,503,727131,-2.6490,0.4439,0.8934,114.5020,111.2061,-4.6387,2.8307,,
DATA,A002,7,504,727141,-3.3675,0.8563,1.3365,141.7847,83.6182,-3.8452,3.7229,,
DATA,A002,7,505,727151,-4.3951,1.8631,1.3780,131.7139,-40.5273,13.7329,4.9686,,
DATA,A002,7,506,727161,-4.8771,2.5445,1.2006,108.4595,-146.2402,36.9873,5.6304,,
DATA,A002,7,507,727171,-4.3561,3.4146,0.6495,46.7529,-242.2485,18.0664,5.5729,,
DATA,A002,7,508,727181,-3.5553,3.3924,0.5802,31.8604,-275.9399,59.8755,4.9482,,
DATA,A002,7,509,727191,-2.3556,2.3624,0.3868,-81.0547,-213.2568,73.3643,3.3584,,
DATA,A002,7,510,727201,-1.7335,1.6019,0.3485,-123.9014,-141.9678,70.3735,2.3859,,
DATA,A002,7,511,727211,-1.0253,0.7237,0.2989,-135.8032,-24.4751,54.5044,1.2901,,
DATA,A002,7,512,727221,-0.7335,0.3260,0.2543,-113.9526,46.7529,49.4995,0.8420,,
DATA,A002,7,513,727231,-0.6952,-0.0532,0.1686,-66.1621,134.8877,58.2886,0.7173,,
DATA,A002,7,514,727241,-0.8631,-0.1562,0.0895,-28.1982,167.3584,65.3687,0.8817,,
DATA,A002,7,515,727251,-1.0138,-0.1660,0.0621,5.0659,157.4097,72.1436,1.0292,,
DATA,A002,7,516,727261,-1.0897,-0.0761,-0.0272,28.3813,92.1631,80.1392,1.0927,,
DATA,A002,7,517,727271,-1.0018,-0.0737,-0.0958,23.6206,31.8604,79.0405,1.0091,,
DATA,A002,7,518,727281,-0.7049,-0.2177,-0.1701,6.5308,-65.3076,63.5376,0.7571,,
DATA,A002,7,519,727291,-0.4925,-0.3891,-0.1884,-0.4272,-125.5493,47.2412,0.6553,,
DATA,A002,7,520,727301,-0.0890,-0.6384,-0.0309,7.6904,-174.9268,14.0991,0.6453,,
DATA,A002,7,521,727311,0.1991,-0.7018,0.0658,21.1792,-183.4717,-4.4556,0.7325,,
DATA,A002,7,522,727321,0.4147,-0.6149,0.1149,40.0391,-167.5415,-10.6201,0.7505,,
DATA,A002,7,523,727331,0.4120,-0.4926,0.1529,47.5464,-140.5640,-12.3901,0.6602,,
DATA,A002,7,524,727341,0.2050,-0.3007,0.1803,38.4521,-89.0503,-23.1323,0.4061,,
DATA,A002,7,525,727351,0.0282,-0.2189,0.1566,19.5312,-53.1616,-29.2969,0.2707,,
DATA,A002,7,526,727361,-0.1800,-0.1723,0.0626,-8.3618,-13.1226,-34.3628,0.2570,,
DATA,A002,7,527,727371,-0.2689,-0.1684,-0.0216,-18.4937,-0.1221,-34.8511,0.3180,,
DATA,A002,7,528,727381,-0.3326,-0.1413,-0.1215,-18.6157,-3.4790,-33.8745,0.3813,,
DATA,A002,7,529,727391,-0.3507,-0.1037,-0.1222,-13.1226,-15.3198,-37.1094,0.3856,,
DATA,A002,7,530,727401,-0.3524,0.0135,-0.0582,-2.8687,-31.0059,-49.0112,0.3574,,
DATA,A002,7,531,727411,-0.3050,0.1041,-0.0126,0.5493,-35.4614,-59.0210,0.3225,,
DATA,A002,7,532,727421,-0.1981,0.2149,0.0267,-1.7700,-29.2969,-69.5190,0.2935,,
DATA,A002,7,533,727431,-0.1239,0.2510,0.0570,-6.6528,-17.7612,-73.9746,0.2857,,
DATA,A002,7,534,727441,-0.0443,0.2537,0.0946,-13.9160,4.6387,-77.8809,0.2744,,
DATA,A002,7,535,727451,-0.0213,0.2337,0.1063,-17.8223,21.1792,-78.9185,0.2576,,
DATA,A002,7,536,727461,-0.0004,0.1866,0.1188,-21.6064,40.6494,-81.5430,0.2212,,
DATA,A002,7,537,727471,0.0131,0.1617,0.1295,-22.8271,52.6123,-85.0220,0.2076,,
DATA,A002,7,538,727481,0.0643,0.1265,0.1537,-24.5361,65.7959,-86.1816,0.2092,,
DATA,A002,7,539,727491,0.0829,0.1104,0.1715,-24.2920,75.1343,-81.7871,0.2202,,
DATA,A002,7,540,727501,0.0661,0.1089,0.1886,-22.7661,105.8350,-69.7632,0.2276,,
DATA,A002,7,541,727511,-0.0043,0.1009,0.2247,-20.0195,135.0708,-59.3872,0.2464,,
DATA,A002,7,542,727521,-0.3180,0.1387,0.2980,-3.2349,166.6260,-36.7432,0.4573,,
DATA,A002,7,543,727531,-0.6139,0.1998,0.4840,12.2070,176.1475,-14.3433,0.8069,,
DATA,A002,7,544,727541,-1.0848,0.3104,0.8788,27.3438,144.9585,36.4990,1.4302,,
DATA,A002,7,545,727551,-1.4676,0.3709,1.1136,29.1748,89.2944,73.6084,1.8793,,
DATA,A002,7,546,727561,-2.2125,0.6028,1.3473,47.7295,-9.3384,97.3511,2.6597,,
DATA,A002,7,547,727571,-2.5406,0.9754,1.6837,71.5332,-53.5278,81.4209,3.2002,,
DATA,A002,7,548,727581,-2.5360,1.6229,2.0319,71.5332,-94.3604,42.0532,3.6323,,
DATA,A002,7,549,727591,-2.5792,1.6478,1.9779,36.4990,-117.4316,1.8921,3.6441,,
DATA,A002,7,550,727601,-2.6549,1.3902,1.8129,-3.3569,-124.9390,-25.5737,3.5025,,
DATA,A002,7,551,727611,-2.8878,1.2164,1.4913,-7.2021,-115.9668,-68.4814,3.4703,,
DATA,A002,7,552,727621,-2.8439,1.3289,1.3788,8.2397,-103.5156,-77.3926,3.4285,,
DATA,A002,7,553,727631,-2.7128,1.4813,1.3622,-0.7935,-73.1812,-87.0972,3.3777,,
DATA,A002,7,554,727641,-2.6681,1.5621,1.1988,-12.1460,-64.9414,-98.6938,3.3160,,
DATA,A002,7,555,727651,-2.6754,1.6566,1.0516,-16.0522,-63.6597,-110.0464,3.3178,,
DATA,A002,7,556,727661,-2.6583,1.6514,0.8944,-12.5732,-71.7163,-120.9106,3.2548,,
DATA,A002,7,557,727671,-2.3273,1.4651,0.7660,0.9766,-90.7593,-134.5825,2.8547,,
DATA,A002,7,558,727681,-2.0721,1.2728,0.6981,12.5122,-99.3042,-144.1650,2.5300,,
DATA,A002,7,559,727691,-1.8177,0.9876,0.5585,31.0059,-108.3374,-158.2031,2.1428,,
DATA,A002,7,560,727701,-1.6424,0.8643,0.4891,44.7998,-117.7979,-160.4614,1.9193,,
DATA,A002,7,561,727711,-1.3194,0.7601,0.3321,59.3872,-140.7471,-152.4048,1.5585,,
DATA,A002,7,562,727721,-1.0397,0.6895,0.2557,61.8896,-151.1841,-145.6909,1.2735,,
DATA,A002,7,563,727731,-0.6212,0.5093,0.1586,56.8848,-150.3296,-135.8643,0.8188,,
DATA,A002,7,564,727741,-0.3773,0.3624,0.0890,50.2930,-134.7656,-130.6763,0.5306,,
DATA,A002,7,565,727751,-0.0931,0.1583,-0.0109,40.4663,-93.0786,-124.0845,0.1839,,
DATA,A002,7,566,727761,0.0463,0.0545,-0.0380,34.6069,-61.2183,-115.6616,0.0810,,
DATA,A002,7,567,727771,0.1652,-0.0480,-0.0258,25.6348,-14.1602,-94.9707,0.1739,,
DATA,A002,7,568,727781,0.1937,-0.0812,0.0113,25.0854,11.9019,-79.9561,0.2104,,
DATA,A002,7,569,727791,0.2621,-0.0810,0.1246,34.3628,42.2363,-55.1147,0.3013,,
DATA,A002,7,570,727801,0.2785,-0.0204,0.1363,43.3960,61.6455,-37.0483,0.3107,,
DATA,A002,7,571,727811,0.3026,0.0992,0.1742,50.1709,94.6045,-16.1133,0.3630,,
DATA,A002,7,572,727821,0.3202,0.1585,0.1940,46.4478,117.7979,-4.5776,0.4065,,
DATA,A002,7,573,727831,0.3161,0.1983,0.1698,31.0669,149.9023,14.0381,0.4099,,
DATA,A002,7,574,727841,0.2782,0.1688,0.1354,18.1274,167.6025,26.2451,0.3524,,
DATA,A002,7,575,727851,0.1976,0.0692,0.0880,2.3193,184.3262,39.4897,0.2271,,
DATA,A002,7,576,727861,0.1417,-0.0134,0.0726,-3.4790,186.7676,45.8984,0.1598,,
DATA,A002,7,577,727871,0.0792,-0.1291,0.0726,-4.5776,177.1851,53.1616,0.1680,,
DATA,A002,7,578,727881,0.0534,-0.1811,0.0719,-0.7324,164.0625,56.6406,0.2020,,
DATA,A002,7,579,727891,0.0382,-0.2150,0.0602,8.4839,140.3809,59.0210,0.2265,,
DATA,A002,7,580,727901,0.0436,-0.2099,0.0560,15.1978,125.1831,57.6782,0.2216,,
DATA,A002,7,581,727911,0.0651,-0.1833,0.0621,23.0103,105.5908,50.6592,0.2042,,
DATA,A002,7,582,727921,0.0851,-0.1589,0.0546,24.4141,93.5669,42.9688,0.1883,,
DATA,A002,7,583,727931,0.1102,-0.1445,0.0431,21.7896,74.8291,26.9165,0.1868,,
DATA,A002,7,584,727941,0.1244,-0.1352,0.0502,19.2871,61.4624,13.1836,0.1904,,
DATA,A002,7,585,727951,0.1647,-0.1445,0.0646,16.1133,41.9312,-9.3384,0.2284,,
DATA,A002,7,586,727961,0.1940,-0.1625,0.0873,13.8550,29.7852,-23.6816,0.2677,,
DATA,A002,7,587,727971,0.2245,-0.1913,0.1095,12.0850,18.5547,-36.3159,0.3146,,
DATA,A002,7,588,727981,0.2636,-0.2385,0.1622,9.7656,3.5400,-50.9033,0.3907,,
DATA,A002,7,589,727991,0.2731,-0.2719,0.1832,7.8735,-5.9814,-57.7393,0.4267,,
DATA,A002,7,590,728001,0.2682,-0.3266,0.1639,4.3335,-15.0146,-65.0024,0.4533,,
DATA,A002,7,591,728011,0.2196,-0.3417,0.1637,4.7607,-17.9443,-68.3594,0.4380,,
DATA,A002,7,592,728021,0.0839,-0.3232,0.2106,12.6343,-13.3057,-75.4395,0.3947,,
DATA,A002,7,593,728031,-0.0629,-0.2778,0.2609,20.4468,-5.9204,-79.9561,0.3862,,
DATA,A002,7,594,728041,-0.4679,-0.2031,0.3653,25.5737,2.0142,-83.5571,0.6274,,
DATA,A002,7,595,728051,-0.8375,-0.1621,0.4523,24.9023,3.4790,-90.0879,0.9655,,
DATA,A002,7,596,728061,-1.5077,-0.2797,0.5743,8.9722,-16.1133,-102.0508,1.6374,,
DATA,A002,7,597,728071,-2.1576,-0.6037,0.7411,-13.1226,-58.7769,-90.2710,2.3598,,
DATA,A002,7,598,728081,-3.3277,-1.4499,1.3905,-36.4380,-142.6392,-26.7334,3.8871,,
DATA,A002,7,599,728091,-3.9130,-1.7104,2.1088,17.7002,-189.6973,-3.8452,4.7627,,
DATA,A002,7,600,728101,-5.0863,-0.4553,2.0729,70.1904,-342.8955,34.1187,5.5113,,
DATA,A002,7,601,728111,-5.0333,0.3943,1.3231,67.7490,-454.4067,71.2280,5.2192,,
DATA,A002,7,602,728121,-3.7342,1.3047,0.1283,69.0918,-632.3242,108.3984,3.9577,,
DATA,A002,7,603,728131,-2.7071,1.9888,-0.1202,125.4883,-667.6636,181.1523,3.3613,,
DATA,A002,7,604,728141,-0.8832,3.0157,0.7975,150.5127,-615.5396,188.5986,3.2420,,
DATA,A002,7,605,728151,0.0773,2.7671,1.3092,40.2222,-481.7505,156.7383,3.0622,,
DATA,A002,7,606,728161,0.8949,1.3892,2.1212,-75.3784,-168.8232,108.4595,2.6889,,
DATA,A002,7,607,728171,0.9091,0.5584,2.2560,-52.8564,64.1479,35.8887,2.4955,,
DATA,A002,7,608,728181,-0.0953,-0.0502,1.2486,41.1377,334.5337,-33.1421,1.2533,,
DATA,A002,7,609,728191,-0.7533,-0.1806,0.7211,95.9473,460.3882,-30.2124,1.0583,,
DATA,A002,7,610,728201,-1.4034,-0.0722,0.4654,143.4326,503.4180,-10.9863,1.4804,,
DATA,A002,7,611,728211,-1.6429,0.1099,0.4313,156.7383,460.8154,-11.7188,1.7021,,
DATA,A002,7,612,728221,-1.6048,0.2928,0.3409,149.4751,370.3613,-26.0010,1.6666,,
DATA,A002,7,613,728231,-1.3868,0.3321,0.2504,140.1367,300.5981,-27.0386,1.4478,,
DATA,A002,7,614,728241,-1.0348,0.3065,0.1293,122.8638,218.1396,-15.5640,1.0869,,
DATA,A002,7,615,728251,-0.7728,0.2508,0.0990,114.9292,200.7446,-7.6294,0.8185,,
DATA,A002,7,616,728261,-0.4098,0.1575,0.0785,107.9712,219.0552,-2.6245,0.4460,,
DATA,A002,7,617,728271,-0.2738,0.1111,0.0812,104.4312,247.0093,-4.5166,0.3064,,
DATA,A002,7,618,728281,-0.2713,0.0621,0.0712,101.5625,282.5317,-12.5732,0.2873,,
DATA,A002,7,619,728291,-0.4315,0.0003,0.0787,102.6611,306.8237,-32.2266,0.4386,,
DATA,A002,7,620,728301,-0.5951,-0.0163,0.1031,106.0791,285.3394,-41.3818,0.6042,,
DATA,A002,7,621,728311,-0.7648,0.0142,0.1695,108.2764,203.3081,-46.8140,0.7835,,
DATA,A002,7,622,728321,-0.7936,0.1385,0.2357,98.1445,87.8906,-46.5698,0.8393,,
DATA,A002,7,623,728331,-0.6940,0.2215,0.2491,81.4819,2.8687,-48.2788,0.7699,,
DATA,A002,7,624,728341,-0.5238,0.2679,0.2396,58.5327,-75.6836,-51.0254,0.6352,,
DATA,A002,7,625,728351,-0.2379,0.2518,0.1739,20.9351,-151.3062,-54.1382,0.3876,,
DATA,A002,7,626,728361,-0.0826,0.1927,0.1175,1.0376,-178.2837,-55.9082,0.2404,,
DATA,A002,7,627,728371,0.0717,0.1011,0.0426,-15.8691,-184.5703,-58.4106,0.1311,,
DATA,A002,7,628,728381,0.1308,0.0508,0.0155,-20.9351,-171.1426,-61.0962,0.1411,,
DATA,A002,7,629,728391,0.1364,0.0081,-0.0089,-23.8647,-143.4937,-65.0024,0.1369,,
DATA,A002,7,630,728401,0.1015,0.0091,-0.0216,-24.9023,-124.6948,-66.6504,0.1041,,
DATA,A002,7,631,728411,0.0514,0.0206,-0.0441,-24.9023,-98.9380,-67.1997,0.0708,,
DATA,A002,7,632,728421,0.0392,0.0357,-0.0490,-23.8647,-86.3647,-66.2842,0.0722,,
DATA,A002,7,633,728431,0.0348,0.0630,-0.0497,-22.2778,-72.0825,-63.1714,0.0875,,
DATA,A002,7,634,728441,0.0529,0.0862,-0.0460,-21.4844,-63.5376,-59.8755,0.1111,,
DATA,A002,7,635,728451,0.0787,0.1219,-0.0238,-20.9351,-49.2554,-51.0254,0.1471,,
DATA,A002,7,636,728461,0.0851,0.1382,-0.0172,-21.6675,-36.2549,-43.2129,0.1632,,
DATA,A002,7,637,728471,0.0756,0.1382,-0.0131,-23.8647,-10.6201,-32.5928,0.1581,,
DATA,A002,7,638,728481,0.0372,0.1212,0.0030,-23.8037,9.0332,-26.9165,0.1268,,
DATA,A002,7,639,728491,-0.0736,0.1204,0.0675,-19.9585,43.4570,-21.4844,0.1564,,
DATA,A002,7,640,728501,-0.1957,0.1561,0.1468,-15.1978,67.2607,-19.1650,0.2902,,
DATA,A002,7,641,728511,-0.5443,0.3177,0.3031,-7.5684,94.2383,-16.2354,0.6993,,
DATA,A002,7,642,728521,-0.8746,0.4964,0.5062,-2.1973,110.2905,-15.8691,1.1259,,
DATA,A002,7,643,728531,-1.5377,0.8685,0.8954,-3.6621,117.7979,-13.0615,1.9800,,
DATA,A002,7,644,728541,-1.9957,1.1070,1.2589,-15.8691,112.6099,8.9111,2.6064,,
DATA,A002,7,645,728551,-2.5502,1.3035,1.6754,-44.7998,122.8027,56.3354,3.3181,,
DATA,A002,7,646,728561,-2.9396,1.3719,1.6739,-59.7534,85.6934,55.9692,3.6504,,
DATA,A002,7,647,728571,-3.3727,1.7012,1.7779,-38.8794,14.5264,30.2124,4.1749,,
DATA,A002,7,648,728581,-3.1334,2.2061,1.7687,-1.7700,-15.1978,5.3101,4.2206,,
DATA,A002,7,649,728591,-2.1874,2.9119,1.8380,38.9404,-21.0571,-30.5176,4.0795,,
DATA,A002,7,650,728601,-1.6532,2.9197,1.8119,13.5498,18.7378,-33.9966,3.8132,,
DATA,A002,7,651,728611,-1.3966,1.9285,1.6578,-77.3315,86.1206,-34.9731,2.9014,,
DATA,A002,7,652,728621,-1.5047,1.2310,1.4654,-120.8496,113.9526,-38.8184,2.4346,,
DATA,A002,7,653,728631,-1.6732,0.6756,1.2311,-137.3291,111.6943,-31.9824,2.1844,,
DATA,A002,7,654,728641,-1.8497,0.2093,0.9757,-110.3516,58.1055,2.6245,2.1017,,
DATA,A002,7,655,728651,-1.8317,0.1636,0.8326,-73.5474,13.2446,22.2778,2.0187,,
DATA,A002,7,656,728661,-1.6651,0.3367,0.7567,-33.3862,-41.3818,39.6118,1.8598,,
DATA,A002,7,657,728671,-1.5304,0.4661,0.7277,-30.8838,-66.9556,49.9268,1.7575,,
DATA,A002,7,658,728681,-1.3551,0.4500,0.5768,-56.8237,-103.9429,62.1948,1.5399,,
DATA,A002,7,659,728691,-1.2347,0.2698,0.4271,-79.3457,-125.1831,68.6035,1.3341,,
DATA,A002,7,660,728701,-1.0587,-0.1625,0.2213,-103.6987,-150.0244,78.7964,1.0937,,
DATA,A002,7,661,728711,-0.9479,-0.4684,0.1593,-108.0933,-171.1426,82.7026,1.0692,,
DATA,A002,7,662,728721,-0.7972,-0.8364,0.0785,-97.2290,-199.4629,78.1860,1.1581,,
DATA,A002,7,663,728731,-0.6520,-0.9533,-0.0109,-78.0029,-206.7261,69.7632,1.1550,,
DATA,A002,7,664,728741,-0.3942,-0.9223,-0.1527,-30.6396,-191.4062,57.8613,1.0146,,
DATA,A002,7,665,728751,-0.2220,-0.7961,-0.1935,7.2021,-169.3726,52.1240,0.8488,,
DATA,A002,7,666,728761,-0.0360,-0.5537,-0.1605,51.6968,-129.7607,44.1284,0.5776,,
DATA,A002,7,667,728771,0.0231,-0.4172,-0.1412,61.5845,-104.0649,38.7573,0.4410,,
DATA,A002,7,668,728781,0.0126,-0.3256,-0.1222,57.2510,-77.3315,28.0151,0.3480,,
DATA,A002,7,669,728791,-0.0296,-0.3019,-0.1459,54.1992,-71.1060,21.2402,0.3366,,
DATA,A002,7,670,728801,-0.1141,-0.2929,-0.1093,59.6313,-82.4585,10.1318,0.3328,,
DATA,A002,7,671,728811,-0.1637,-0.2602,-0.0751,69.8242,-93.9331,2.2583,0.3164,,
DATA,A002,7,672,728821,-0.2030,-0.1801,0.0052,84.6558,-109.0088,-10.0708,0.2714,,
DATA,A002,7,673,728831,-0.2284,-0.1240,0.0902,90.6372,-125.9766,-21.0571,0.2751,,
DATA,A002,7,674,728841,-0.2818,-0.0493,0.2399,90.4541,-152.4658,-38.1470,0.3734,,
DATA,A002,7,675,728851,-0.2931,-0.0136,0.3268,84.5337,-175.4761,-49.1333,0.4392,,
DATA,A002,7,676,728861,-0.1737,0.0543,0.3204,69.0308,-203.0640,-60.3638,0.3685,,
DATA,A002,7,677,728871,-0.0004,0.0635,0.2482,62.1338,-219.1162,-69.9463,0.2562,,
DATA,A002,7,678,728881,0.2291,0.0350,0.2674,50.5371,-237.4268,-80.8105,0.3539,,
DATA,A002,7,679,728891,0.2997,0.0135,0.2977,32.5928,-236.6333,-84.5337,0.4227,,
DATA,A002,7,680,728901,0.2829,0.0196,0.2892,13.1836,-228.3936,-107.2998,0.4050,,
DATA,A002,7,681,728911,0.2384,0.0582,0.2838,6.4697,-224.3042,-129.5776,0.3752,,
DATA,A002,7,682,728921,0.1576,0.1524,0.3871,-12.3291,-224.1821,-161.4990,0.4449,,
DATA,A002,7,683,728931,0.1288,0.2210,0.3060,-38.7573,-219.6045,-175.2930,0.3988,,
DATA,A002,7,684,728941,0.1613,0.1954,0.0734,-84.7168,-221.6187,-189.7583,0.2637,,
DATA,A002,7,685,728951,0.2418,0.1150,-0.0053,-104.6143,-227.6611,-195.8618,0.2679,,
DATA,A002,7,686,728961,0.3742,0.0128,-0.0941,-115.1123,-232.8491,-198.6694,0.3860,,
DATA,A002,7,687,728971,0.6481,-0.2507,-0.1205,-122.0093,-245.7275,-183.4106,0.7052,,
DATA,A002,7,688,728981,0.7692,-0.5224,0.1639,-112.9761,-257.5684,-168.4570,0.9441,,
DATA,A002,7,689,728991,0.8124,-0.7580,0.9459,-71.4111,-258.1177,-140.5640,1.4592,,
DATA,A002,7,690,729001,0.6569,-0.6181,1.6710,-26.1841,-231.8726,-98.6328,1.8989,,
DATA,A002,7,691,729011,0.1344,0.2098,2.9056,39.9780,-142.0898,-8.6670,2.9163,,
DATA,A002,7,692,729021,-0.3705,0.9334,3.1378,45.0439,-72.9370,51.9409,3.2946,,
DATA,A002,7,693,729031,-1.0953,1.5623,2.9798,16.7236,16.6626,120.8496,3.5384,,
DATA,A002,7,694,729041,-1.3258,1.6656,2.8231,-15.5029,-15.2588,129.2725,3.5358,,
DATA,A002,7,695,729051,-1.2198,1.7093,2.6444,-61.4014,-40.8325,121.1548,3.3768,,
DATA,A002,7,696,729061,-1.0814,1.4546,2.5416,-102.2949,-59.0820,96.8018,3.1217,,
DATA,A002,7,697,729071,-0.7762,0.8504,2.2753,-119.1406,-65.6738,53.1006,2.5500,,
DATA,A002,7,698,729081,-0.5277,0.5369,2.0624,-100.1587,-45.1660,41.0767,2.1955,,
DATA,A002,7,699,729091,-0.2909,0.2559,1.7767,-82.3975,-0.0610,31.7993,1.8185,,
DATA,A002,7,700,729101,-0.1849,0.1143,1.5724,-83.8013,36.0718,25.0854,1.5873,,
DATA,A002,7,701,729111,-0.3551,-0.1220,1.5074,-82.3975,63.2935,6.2256,1.5535,,
DATA,A002,7,702,729121,-0.4266,-0.1870,1.4010,-71.2891,50.8423,-6.8359,1.4764,,
DATA,A002,7,703,729131,-0.5763,-0.2980,1.2264,-50.1709,2.9297,-24.9634,1.3875,,
DATA,A002,7,704,729141,-0.3661,-0.2929,1.1449,-27.4658,-33.3252,-32.5928,1.2372,,
DATA,A002,7,705,729151,-0.0021,-0.2954,0.9945,-1.9531,-72.9980,-25.8179,1.0374,,
DATA,A002,7,706,729161,0.2113,-0.2267,0.9266,12.3901,-71.1670,-31.0059,0.9771,,
DATA,A002,7,707,729171,0.3610,-0.1347,0.8414,15.6860,-42.8467,-43.5791,0.9254,,
DATA,A002,7,708,729181,0.3622,-0.1281,0.8151,8.1787,-15.4419,-57.6782,0.9011,,
DATA,A002,7,709,729191,0.2509,-0.1491,0.7582,-6.2866,18.3716,-76.9043,0.8124,,
DATA,A002,7,710,729201,0.1237,-0.1723,0.7411,-9.4604,27.8320,-88.5010,0.7708,,
DATA,A002,7,711,729211,-0.0116,-0.1491,0.7611,-2.5635,16.6626,-102.9053,0.7757,,
DATA,A002,7,712,729221,-0.0760,-0.0981,0.7740,2.7466,-1.7700,-108.8257,0.7839,,
DATA,A002,7,713,729231,-0.0841,-0.0053,0.7589,4.8218,-33.3252,-118.5913,0.7636,,
DATA,A002,7,714,729241,-0.0460,0.0267,0.7552,0.4883,-54.2603,-123.0469,0.7571,,
DATA,A002,7,715,729251,0.0404,0.0401,0.7772,-7.9956,-75.7446,-129.9438,0.7793,,
DATA,A002,7,716,729261,0.1012,0.0323,0.7845,-14.3433,-79.4067,-132.3853,0.7917,,
DATA,A002,7,717,729271,0.1544,-0.0187,0.8109,-25.0244,-75.4395,-130.7983,0.8257,,
DATA,A002,7,718,729281,0.1552,-0.0573,0.8299,-30.6396,-69.1528,-129.6997,0.8463,,
DATA,A002,7,719,729291,0.1056,-0.1032,0.8995,-33.2031,-61.8286,-125.9766,0.9116,,
DATA,A002,7,720,729301,0.0587,-0.1137,0.9657,-31.3721,-60.2417,-120.3003,0.9741,,
DATA,A002,7,721,729311,0.0143,-0.1066,1.0345,-28.0762,-62.8052,-113.3423,1.0401,,
DATA,A002,7,722,729321,-0.0155,-0.0720,1.1383,-22.3999,-73.8525,-100.2808,1.1407,,
DATA,A002,7,723,729331,0.0072,-0.0068,1.1976,-17.2729,-86.3647,-83.3130,1.1977,,
DATA,A002,7,724,729341,0.0477,0.0557,1.2084,-14.4653,-90.2710,-71.1670,1.2106,,
DATA,A002,7,725,729351,0.1195,0.1175,1.1771,-13.7939,-87.5244,-60.3027,1.1890,,
DATA,A002,7,726,729361,0.2362,0.1649,1.0941,-20.5078,-69.0918,-46.8750,1.1314,,
DATA,A002,7,727,729371,0.3095,0.1671,1.0467,-26.9775,-49.1943,-42.6025,1.1042,,
DATA,A002,7,728,729381,0.3681,0.1365,0.9884,-35.5835,-10.4980,-41.1987,1.0635,,
DATA,A002,7,729,729391,0.3759,0.0950,0.9574,-39.1235,18.1274,-42.1753,1.0329,,
DATA,A002,7,730,729401,0.3029,0.0350,0.9335,-41.0156,53.4668,-43.2739,0.9820,,
DATA,A002,7,731,729411,0.2308,0.0167,0.9200,-39.3066,66.8335,-44.4336,0.9487,,
DATA,A002,7,732,729421,0.1522,-0.0036,0.8873,-37.2925,66.1011,-45.2271,0.9003,,
DATA,A002,7,733,729431,0.1276,-0.0266,0.8995,-36.3770,55.7861,-48.0957,0.9089,,
DATA,A002,7,734,729441,0.1574,-0.0593,0.9108,-34.9731,36.8652,-55.8472,0.9262,,
DATA,A002,7,735,729451,0.2001,-0.0910,0.9156,-34.5459,25.8789,-59.8145,0.9417,,
DATA,A002,7,736,729461,0.2384,-0.1208,0.9178,-30.4565,16.4795,-64.0869,0.9560,,
DATA,A002,7,737,729471,0.2780,-0.1247,0.8107,-20.6909,5.2490,-64.1479,0.8660,,
DATA,A002,7,738,729481,0.3092,0.0672,0.8419,3.8452,-24.1089,-76.7822,0.8994,,
DATA,A002,7,739,729491,0.3119,0.0975,0.9215,-7.0190,-21.7896,-80.9937,0.9777,,
DATA,A002,7,740,729501,0.2765,-0.1076,0.9999,73.9746,17.8223,-120.9106,1.0430,,
DATA,A002,7,741,729511,0.3932,-0.3569,1.0150,-16.6016,-67.6880,-51.2085,1.1455,,
DATA,A002,7,742,729521,0.4755,-0.2785,0.9452,2.8687,-23.7427,-64.8193,1.0941,,
DATA,A002,7,743,729531,0.4435,-0.1547,1.0609,11.2915,18.9819,-66.9556,1.1602,,
DATA,A002,7,744,729541,0.2152,-0.0705,1.0304,17.4561,13.9160,-51.2085,1.0550,,
DATA,A002,7,745,729551,0.2160,0.0345,1.0436,20.6299,28.9917,-35.5835,1.0662,,
DATA,A002,7,746,729561,0.2333,-0.0866,1.0480,29.4800,37.9028,-23.3154,1.0771,,
DATA,A002,7,747,729571,0.2789,-0.0883,1.0912,39.9170,43.3350,-24.8413,1.1297,,
DATA,A002,7,748,729581,0.1674,-0.0388,1.0692,39.1235,56.7627,-29.3579,1.0829,,
DATA,A002,7,749,729591,0.1066,-0.0515,1.0238,36.4380,61.6455,-38.9404,1.0306,,
DATA,A002,7,750,729601,0.0900,0.0694,1.0238,47.3633,43.0908,-43.8843,1.0301,,
DATA,A002,7,751,729611,0.0954,0.0562,0.9752,46.9360,34.3628,-48.0347,0.9815,,
DATA,A002,7,752,729621,0.1137,0.0823,0.9291,42.9688,26.8555,-47.7295,0.9396,,
DATA,A002,7,753,729631,0.1264,0.1011,0.9549,39.3066,15.2588,-46.6919,0.9686,,
DATA,A002,7,754,729641,0.1666,0.0962,0.9593,32.2876,5.1270,-43.1519,0.9785,,
DATA,A002,7,755,729651,0.1369,0.1072,0.9540,17.4561,5.6152,-40.5884,0.9697,,
DATA,A002,7,756,729661,0.1493,0.1053,0.9755,9.4604,1.9531,-41.0156,0.9924,,
DATA,A002,7,757,729671,0.2169,0.0550,0.9972,-5.3711,-2.3193,-39.1235,1.0220,,
DATA,A002,7,758,729681,0.1972,0.0408,0.9781,-14.7095,-4.2725,-37.3535,0.9986,,
DATA,A002,7,759,729691,0.2714,-0.0048,0.9943,-23.0713,-8.7891,-39.0015,1.0306,,
DATA,A002,7,760,729701,0.2999,-0.0353,1.0023,-25.0854,-7.9956,-33.8745,1.0468,,
DATA,A002,7,761,729711,0.2985,-0.0698,1.0160,-21.2402,-2.8076,-25.3906,1.0612,,
DATA,A002,7,762,729721,0.2941,-0.0549,1.0248,-11.4746,-0.7324,-21.8506,1.0675,,
DATA,A002,7,763,729731,0.1820,-0.0497,1.0362,5.0659,-4.5166,-16.7847,1.0533,,
DATA,A002,7,764,729741,0.1759,-0.0505,1.0382,9.4604,-10.3760,-14.8926,1.0542,,
DATA,A002,7,765,729751,0.1437,0.0030,1.0294,8.6670,-14.3433,-8.7280,1.0394,,
DATA,A002,7,766,729761,0.1647,0.0057,1.0353,6.7749,-15.8691,-6.8359,1.0483,,
DATA,A002,7,767,729771,0.2438,-0.0097,1.0487,7.3242,-19.0430,-6.7139,1.0767,,
DATA,A002,7,768,729781,0.2484,0.0032,1.0248,9.7046,-18.8599,-12.8174,1.0545,,
DATA,A002,7,769,729791,0.2145,0.0208,0.9503,8.4229,-18.9819,-19.1040,0.9744,,
DATA,A002,7,770,729801,0.2279,0.0186,0.9025,6.8970,-20.2026,-19.1650,0.9310,,
DATA,A002,7,771,729811,0.2789,0.0052,0.8798,1.9531,-18.0664,-17.2119,0.9229,,
DATA,A002,7,772,729821,0.3021,-0.0014,0.8834,-3.4790,-13.0615,-18.5547,0.9337,,
DATA,A002,7,773,729831,0.3014,-0.0038,0.9213,-7.7515,-8.1177,-23.2544,0.9693,,
DATA,A002,7,774,729841,0.2797,-0.0038,0.9625,-8.9111,-7.1411,-24.4751,1.0023,,
DATA,A002,7,775,729851,0.2562,-0.0056,0.9642,-6.1646,-9.2773,-25.0244,0.9977,,
DATA,A002,7,776,729861,0.2699,-0.0034,0.9833,-2.1973,-12.0850,-23.1934,1.0196,,
DATA,A002,7,777,729871,0.2626,-0.0107,0.9838,1.5259,-13.8550,-21.1792,1.0183,,
DATA,A002,7,778,729881,0.2982,-0.0165,0.9728,2.8687,-15.1978,-21.6675,1.0176,,
DATA,A002,7,779,729891,0.2929,0.0064,0.9676,6.2256,-15.9302,-23.5596,1.0110,,
DATA,A002,7,780,729901,0.2968,0.0054,0.9645,9.0332,-15.3809,-23.4375,1.0091,,
DATA,A002,7,781,729911,0.3063,0.0301,0.9337,13.6108,-15.2588,-22.8271,0.9831,,
DATA,A002,7,782,729921,0.3139,0.0469,0.9305,13.7939,-12.6953,-19.7144,0.9832,,
DATA,A002,7,783,729931,0.3131,0.0438,0.9437,10.2539,-5.4932,-18.6157,0.9953,,
DATA,A002,7,784,729941,0.2999,0.0618,0.9520,9.0942,-2.6245,-20.0195,1.0001,,
DATA,A002,7,785,729951,0.2924,0.0655,0.9593,5.8594,2.5635,-21.3623,1.0050,,
DATA,A002,7,786,729961,0.2758,0.0499,0.9628,5.9204,2.1973,-22.6440,1.0027,,
DATA,A002,7,787,729971,0.2824,0.0596,0.9696,6.6528,-2.6855,-23.5596,1.0116,,
DATA,A002,7,788,729981,0.3129,0.0650,0.9647,5.8594,-2.5635,-22.1558,1.0163,,
DATA,A002,7,789,729991,0.3078,0.0525,0.9547,6.2256,-1.5869,-21.4233,1.0045,,
DATA,A002,7,790,730001,0.3434,0.2088,0.8939,15.5640,-3.0518,-22.5830,0.9801,,
DATA,A002,7,791,730011,0.3742,0.0630,0.9300,7.1411,4.8218,-22.6440,1.0045,,
DATA,A002,7,792,730021,0.3295,0.0533,0.9535,2.6855,11.4136,-29.2969,1.0102,,
DATA,A002,7,793,730031,0.3007,0.1065,0.9672,3.1128,9.8877,-29.2358,1.0184,,
DATA,A002,7,794,730041,0.2955,0.0887,0.9945,3.0518,6.0425,-29.7852,1.0413,,
DATA,A002,7,795,730051,0.3026,0.0801,0.9943,5.9204,2.0752,-28.1982,1.0424,,
DATA,A002,7,796,730061,0.3151,0.0726,0.9659,9.2773,0.4883,-24.1089,1.0186,,
DATA,A002,7,797,730071,0.3505,0.0928,0.9181,14.2212,1.4038,-20.0806,0.9871,,
DATA,A002,7,798,730081,0.3583,0.1063,0.8968,18.4326,13.7939,0.4883,0.9716,,
DATA,A002,7,799,730091,0.3610,0.1190,0.8788,12.6343,9.3384,-16.5405,0.9574,,
EVENT,A002,7,,730100,,,,,,,,STOP,799
