row_type,session_id,record_id,sample_id,device_timestamp_ms,ax,ay,az,gx,gy,gz,acc_norm,event_type,sample_count
EVENT,A007,,,1285616,,,,,,,,NEW_SESSION,
EVENT,A007,1,,1291505,,,,,,,,START,
DATA,A007,1,1,1291528,-0.1224,0.4805,0.8263,25.8179,19.7144,4.3945,0.9637,,
DATA,A007,1,2,1291538,-0.2042,0.4512,0.8180,40.2832,14.9536,3.1128,0.9562,,
DATA,A007,1,3,1291548,-0.2203,0.4986,0.8395,63.4766,-0.6714,0.4883,1.0009,,
DATA,A007,1,4,1291558,-0.1561,0.5198,0.8375,72.3877,-6.8359,-0.3052,0.9980,,
DATA,A007,1,5,1291568,-0.0831,0.5389,0.8092,76.1108,-8.1177,-3.5400,0.9758,,
DATA,A007,1,6,1291578,-0.0487,0.5928,0.7860,78.4912,-3.5400,-10.5591,0.9857,,
DATA,A007,1,7,1291588,0.0026,0.6390,0.7801,67.4438,4.4556,-17.8223,1.0084,,
DATA,A007,1,8,1291598,0.0370,0.7425,0.7660,46.4478,28.3813,-17.7002,1.0674,,
DATA,A007,1,9,1291608,-0.0174,0.4239,0.7635,46.0205,30.2124,-16.4795,0.8735,,
DATA,A007,1,10,1291618,0.0363,0.5501,0.7001,40.7715,37.5977,-38.3911,0.8911,,
DATA,A007,1,11,1291628,0.0026,0.6048,0.7140,45.5322,46.5698,-19.5312,0.9357,,
DATA,A007,1,12,1291638,0.0319,0.8289,0.6515,28.2593,49.9268,-3.6011,1.0548,,
DATA,A007,1,13,1291648,0.3649,0.8001,0.6212,34.9121,33.6914,53.6499,1.0767,,
DATA,A007,1,14,1291658,0.6049,1.1092,0.2643,17.7002,80.1392,52.5513,1.2907,,
DATA,A007,1,15,1291668,0.4599,0.6016,0.6337,67.3218,196.8384,164.1846,0.9874,,
DATA,A007,1,16,1291678,0.1857,0.6075,0.6432,39.6729,230.4688,107.8491,0.9040,,
DATA,A007,1,17,1291688,-0.1478,0.4544,0.4943,-10.6812,199.8901,62.3779,0.6875,,
DATA,A007,1,18,1291698,-0.2030,0.4656,0.4889,-5.1270,173.5229,87.5244,0.7050,,
DATA,A007,1,19,1291708,-0.1705,0.6343,0.4947,20.2637,117.6147,128.7842,0.8223,,
DATA,A007,1,20,1291718,-0.0213,0.7532,0.4967,29.6631,94.5435,134.7046,0.9025,,
DATA,A007,1,21,1291728,0.0888,0.8577,0.4520,25.1465,97.7173,141.1133,0.9736,,
DATA,A007,1,22,1291738,0.0551,0.8653,0.4278,11.8408,106.3843,150.8789,0.9669,,
DATA,A007,1,23,1291748,0.1000,0.7845,0.4254,10.1318,131.2866,155.2734,0.8980,,
DATA,A007,1,24,1291758,0.1183,0.7432,0.4264,26.7334,155.1514,151.4893,0.8650,,
DATA,A007,1,25,1291768,0.0846,0.7859,0.4371,54.9316,190.7959,144.8364,0.9033,,
DATA,A007,1,26,1291778,0.0241,0.8382,0.4503,64.3921,211.5479,143.1274,0.9518,,
DATA,A007,1,27,1291788,-0.0533,0.8856,0.4486,66.7114,227.0508,140.7471,0.9941,,
DATA,A007,1,28,1291798,-0.1461,0.9119,0.4737,70.9839,235.4736,139.2212,1.0380,,
DATA,A007,1,29,1291808,-0.2067,0.9124,0.4943,74.5239,233.3984,136.7798,1.0581,,
DATA,A007,1,30,1291818,-0.2738,0.9190,0.5140,81.2378,221.0693,127.8687,1.0880,,
DATA,A007,1,31,1291828,-0.2899,0.9227,0.5267,84.4727,209.5337,123.4131,1.1013,,
DATA,A007,1,32,1291838,-0.2555,0.9271,0.5445,92.4683,199.5850,114.6851,1.1051,,
DATA,A007,1,33,1291848,-0.1986,0.9415,0.5536,98.8770,203.7964,108.7036,1.1101,,
DATA,A007,1,34,1291858,-0.1510,0.9791,0.5387,105.3467,228.5156,95.6421,1.1276,,
DATA,A007,1,35,1291868,-0.1183,0.9964,0.5023,107.7881,252.5024,85.9985,1.1221,,
DATA,A007,1,36,1291878,-0.0831,0.9976,0.4073,108.3374,284.7290,78.5522,1.0808,,
DATA,A007,1,37,1291888,-0.0914,0.9986,0.3456,110.2905,299.4385,77.4536,1.0606,,
DATA,A007,1,38,1291898,-0.1180,1.0101,0.2789,111.2671,306.0913,78.1250,1.0545,,
DATA,A007,1,39,1291908,-0.1344,1.0240,0.2616,112.3047,304.5654,76.5991,1.0654,,
DATA,A007,1,40,1291918,-0.2037,1.0867,0.2596,112.0605,300.1709,75.8057,1.1357,,
DATA,A007,1,41,1291928,-0.2518,1.1358,0.2469,107.8491,300.4150,75.0732,1.1893,,
DATA,A007,1,42,1291938,-0.3397,1.1727,0.2569,94.5435,297.6074,74.9512,1.2476,,
DATA,A007,1,43,1291948,-0.4613,1.1768,0.2477,82.7026,286.2549,77.1484,1.2880,,
DATA,A007,1,44,1291958,-0.6236,1.1436,0.2311,63.7207,259.1553,78.3691,1.3229,,
DATA,A007,1,45,1291968,-0.6817,1.0965,0.2206,51.3306,231.5674,75.2563,1.3099,,
DATA,A007,1,46,1291978,-0.6683,1.0403,0.1769,35.8276,184.4482,67.6270,1.2491,,
DATA,A007,1,47,1291988,-0.6190,1.0132,0.1490,29.1138,157.5317,63.0493,1.1967,,
DATA,A007,1,48,1291998,-0.5409,0.9918,0.1266,23.2544,128.2959,58.0444,1.1367,,
DATA,A007,1,49,1292008,-0.4960,0.9857,0.1285,20.3247,114.5020,55.6641,1.1109,,
DATA,A007,1,50,1292018,-0.4471,0.9666,0.1346,16.5405,100.4028,51.7578,1.0735,,
DATA,A007,1,51,1292028,-0.4432,0.9537,0.1510,15.3198,92.2852,49.0112,1.0624,,
DATA,A007,1,52,1292038,-0.4464,0.9402,0.1827,14.6484,79.7729,44.2505,1.0567,,
DATA,A007,1,53,1292048,-0.4386,0.9371,0.1927,14.4653,70.9229,40.5273,1.0524,,
DATA,A007,1,54,1292058,-0.4029,0.9398,0.2020,14.2822,59.0820,35.2173,1.0423,,
DATA,A007,1,55,1292068,-0.3671,0.9485,0.1998,14.5264,54.5044,32.1045,1.0365,,
DATA,A007,1,56,1292078,-0.3063,0.9588,0.1913,14.7095,55.0537,27.5269,1.0245,,
DATA,A007,1,57,1292088,-0.2792,0.9634,0.1793,14.5264,59.5093,25.4517,1.0190,,
DATA,A007,1,58,1292098,-0.2672,0.9720,0.1673,15.6860,69.1528,22.3999,1.0218,,
DATA,A007,1,59,1292108,-0.2735,0.9725,0.1649,16.5405,76.3550,20.2026,1.0236,,
DATA,A007,1,60,1292118,-0.2923,0.9786,0.1676,17.4561,86.6089,15.3809,1.0350,,
DATA,A007,1,61,1292128,-0.3158,0.9754,0.1681,18.1274,90.1489,12.6953,1.0389,,
DATA,A007,1,62,1292138,-0.3409,0.9659,0.1747,19.1650,89.1724,7.5684,1.0391,,
DATA,A007,1,63,1292148,-0.3475,0.9651,0.1825,19.8364,84.5947,4.3945,1.0419,,
DATA,A007,1,64,1292158,-0.3402,0.9676,0.2030,20.2637,78.4302,1.4648,1.0455,,
DATA,A007,1,65,1292168,-0.3131,0.9847,0.2225,18.6768,68.1152,-3.1738,1.0569,,
DATA,A007,1,66,1292178,-0.3006,0.9922,0.2093,15.5029,62.0117,-6.5918,1.0577,,
DATA,A007,1,67,1292188,-0.2855,0.9942,0.1805,12.0239,54.6875,-11.8408,1.0500,,
DATA,A007,1,68,1292198,-0.2818,0.9815,0.1588,11.6577,50.2319,-15.1978,1.0334,,
DATA,A007,1,69,1292208,-0.2721,0.9576,0.1678,13.3057,43.3960,-20.0806,1.0095,,
DATA,A007,1,70,1292218,-0.2718,0.9498,0.2150,15.4419,35.8276,-22.1558,1.0110,,
DATA,A007,1,71,1292228,-0.2809,0.9683,0.2535,15.9912,23.8037,-23.6816,1.0396,,
DATA,A007,1,72,1292238,-0.2775,0.9725,0.2667,13.4277,14.0381,-24.6582,1.0459,,
DATA,A007,1,73,1292248,-0.2359,0.9666,0.2711,8.4839,0.0000,-24.7192,1.0313,,
DATA,A007,1,74,1292258,-0.2042,0.9522,0.2618,6.2866,-4.6387,-24.0479,1.0084,,
DATA,A007,1,75,1292268,-0.1634,0.9373,0.2538,5.4932,-3.1738,-21.8506,0.9847,,
DATA,A007,1,76,1292278,-0.1571,0.9358,0.2508,6.2256,1.8311,-19.8975,0.9815,,
DATA,A007,1,77,1292288,-0.1625,0.9534,0.2548,7.8735,11.9629,-16.1743,1.0002,,
DATA,A007,1,78,1292298,-0.1683,0.9595,0.2543,8.0566,18.0054,-13.7939,1.0068,,
DATA,A007,1,79,1292308,-0.1578,0.9639,0.2606,6.1035,25.3906,-11.1084,1.0109,,
DATA,A007,1,80,1292318,-0.1429,0.9503,0.2635,4.5166,29.7241,-9.1553,0.9964,,
DATA,A007,1,81,1292328,-0.1346,0.9305,0.2567,4.0283,37.9639,-6.5308,0.9746,,
DATA,A007,1,82,1292338,-0.1493,0.9295,0.2469,5.9204,42.9688,-4.8828,0.9733,,
DATA,A007,1,83,1292348,-0.1930,0.9295,0.2355,8.6060,45.4712,-3.1128,0.9781,,
DATA,A007,1,84,1292358,-0.2215,0.9307,0.2281,9.7656,42.5415,-2.3193,0.9836,,
DATA,A007,1,85,1292368,-0.2521,0.9327,0.2159,11.6577,31.3721,-1.9531,0.9900,,
DATA,A007,1,86,1292378,-0.2623,0.9424,0.2162,13.8550,21.0571,-1.1597,1.0019,,
DATA,A007,1,87,1292388,-0.2545,0.9671,0.2262,16.7236,5.9814,0.0610,1.0253,,
DATA,A007,1,88,1292398,-0.2457,0.9857,0.2303,17.4561,-1.2817,0.3052,1.0416,,
DATA,A007,1,89,1292408,-0.2345,1.0010,0.2338,15.4419,-10.0098,0.3662,1.0544,,
DATA,A007,1,90,1292418,-0.2262,1.0037,0.2140,13.0005,-12.8784,0.1831,1.0509,,
DATA,A007,1,91,1292428,-0.2052,0.9842,0.1896,8.8501,-12.5732,-0.2441,1.0231,,
DATA,A007,1,92,1292438,-0.1998,0.9698,0.1727,7.8735,-10.0708,-0.3052,1.0051,,
DATA,A007,1,93,1292448,-0.2001,0.9539,0.1517,8.3618,-3.3569,-1.7090,0.9864,,
DATA,A007,1,94,1292458,-0.1969,0.9542,0.1354,9.0942,3.8452,-3.4180,0.9836,,
DATA,A007,1,95,1292468,-0.2118,0.9534,0.1163,9.0332,15.2588,-5.9204,0.9836,,
DATA,A007,1,96,1292478,-0.2179,0.9485,0.1078,8.4229,20.6299,-7.2632,0.9792,,
DATA,A007,1,97,1292488,-0.2291,0.9449,0.1044,8.3618,21.7285,-8.1177,0.9778,,
DATA,A007,1,98,1292498,-0.2474,0.9378,0.1036,9.3994,17.5781,-9.3384,0.9754,,
DATA,A007,1,99,1292508,-0.2621,0.9405,0.1083,10.3149,12.1460,-10.2539,0.9823,,
DATA,A007,1,100,1292518,-0.2472,0.9493,0.1105,12.0239,2.7466,-11.7188,0.9871,,
DATA,A007,1,101,1292528,-0.2347,0.9564,0.1107,12.9395,-3.9062,-12.6343,0.9909,,
DATA,A007,1,102,1292538,-0.2240,0.9612,0.1156,13.4888,-6.8359,-13.4277,0.9937,,
DATA,A007,1,103,1292548,-0.2230,0.9671,0.1149,14.0381,-8.3008,-14.7095,0.9991,,
DATA,A007,1,104,1292558,-0.2274,0.9654,0.1232,13.8550,-12.3901,-16.4185,0.9994,,
DATA,A007,1,105,1292568,-0.2291,0.9693,0.1337,14.4653,-16.6016,-17.5171,1.0049,,
DATA,A007,1,106,1292578,-0.2184,0.9737,0.1412,14.8926,-24.5361,-19.5312,1.0078,,
DATA,A007,1,107,1292588,-0.2159,0.9734,0.1483,15.3198,-29.2358,-20.6299,1.0081,,
DATA,A007,1,108,1292598,-0.1959,0.9871,0.1705,15.8691,-38.2690,-23.1323,1.0207,,
DATA,A007,1,109,1292608,-0.1830,0.9918,0.1849,15.3198,-44.0674,-23.7427,1.0253,,
DATA,A007,1,110,1292618,-0.1691,1.0054,0.2123,15.9912,-54.3213,-24.9634,1.0414,,
DATA,A007,1,111,1292628,-0.1586,1.0140,0.2255,15.8691,-63.2324,-26.2451,1.0508,,
DATA,A007,1,112,1292638,-0.0914,1.0206,0.2350,14.2822,-75.5615,-25.7568,1.0512,,
DATA,A007,1,113,1292648,-0.0419,1.0193,0.2274,12.2070,-78.8574,-24.9634,1.0452,,
DATA,A007,1,114,1292658,0.0094,1.0123,0.2186,10.3760,-75.2563,-22.9492,1.0356,,
DATA,A007,1,115,1292668,0.0448,1.0035,0.2086,7.7515,-68.2983,-20.9961,1.0259,,
DATA,A007,1,116,1292678,0.0441,1.0013,0.1942,5.2490,-52.7954,-16.6626,1.0209,,
DATA,A007,1,117,1292688,0.0394,0.9932,0.1876,4.2725,-40.1611,-13.9771,1.0116,,
DATA,A007,1,118,1292698,-0.0082,0.9849,0.1686,3.1128,-20.9961,-10.3760,0.9993,,
DATA,A007,1,119,1292708,-0.0528,0.9800,0.1588,2.5635,-12.2070,-8.6060,0.9942,,
DATA,A007,1,120,1292718,-0.0770,0.9673,0.1534,3.3569,-1.8921,-7.2632,0.9825,,
DATA,A007,1,121,1292728,-0.0890,0.9649,0.1439,3.5400,3.9673,-6.0425,0.9796,,
DATA,A007,1,122,1292738,-0.1083,0.9637,0.1378,4.6387,10.9863,-4.2114,0.9795,,
DATA,A007,1,123,1292748,-0.1305,0.9688,0.1254,4.4556,15.5640,-4.0894,0.9856,,
DATA,A007,1,124,1292758,-0.1525,0.9615,0.1166,4.9438,20.6299,-2.8076,0.9804,,
DATA,A007,1,125,1292768,-0.1559,0.9647,0.1083,5.3711,23.1934,-2.3804,0.9831,,
DATA,A007,1,126,1292778,-0.1678,0.9634,0.1022,5.3101,26.7334,-2.1973,0.9833,,
DATA,A007,1,127,1292788,-0.1786,0.9573,0.1027,6.0425,28.7476,-1.8921,0.9792,,
DATA,A007,1,128,1292798,-0.1935,0.9561,0.1007,7.0801,31.4331,-2.2583,0.9807,,
DATA,A007,1,129,1292808,-0.2047,0.9559,0.0983,7.6294,31.3721,-2.9297,0.9825,,
DATA,A007,1,130,1292818,-0.2110,0.9610,0.1044,8.4839,30.1514,-3.5400,0.9894,,
DATA,A007,1,131,1292828,-0.2084,0.9669,0.1139,8.9111,27.5879,-4.6997,0.9956,,
DATA,A007,1,132,1292838,-0.2013,0.9693,0.1195,8.7280,26.4282,-5.1880,0.9972,,
DATA,A007,1,133,1292848,-0.1915,0.9715,0.1329,8.3618,26.3062,-5.9204,0.9991,,
DATA,A007,1,134,1292858,-0.1844,0.9717,0.1388,8.1787,26.4282,-6.2866,0.9988,,
DATA,A007,1,135,1292868,-0.1783,0.9705,0.1566,7.5073,26.5503,-6.6528,0.9991,,
DATA,A007,1,136,1292878,-0.1713,0.9732,0.1669,7.0190,26.6113,-6.8970,1.0021,,
DATA,A007,1,137,1292888,-0.1639,0.9708,0.1847,6.2866,26.1841,-7.2632,1.0017,,
DATA,A007,1,138,1292898,-0.1608,0.9666,0.1952,5.9814,25.5737,-7.5073,0.9991,,
DATA,A007,1,139,1292908,-0.1537,0.9717,0.2040,5.3711,24.6582,-7.7515,1.0047,,
DATA,A007,1,140,1292918,-0.1505,0.9739,0.2054,5.2490,23.8037,-7.8735,1.0067,,
DATA,A007,1,141,1292928,-0.1505,0.9742,0.2030,4.8828,21.9116,-7.8735,1.0064,,
DATA,A007,1,142,1292938,-0.1542,0.9803,0.2032,4.8828,20.5078,-7.6904,1.0129,,
DATA,A007,1,143,1292948,-0.1546,0.9788,0.1913,4.0894,17.6392,-7.3242,1.0093,,
DATA,A007,1,144,1292958,-0.1590,0.9730,0.1859,3.8452,16.0522,-7.0801,1.0032,,
DATA,A007,1,145,1292968,-0.1630,0.9708,0.1725,4.0283,14.8315,-6.5308,0.9993,,
DATA,A007,1,146,1292978,-0.1686,0.9688,0.1671,4.2114,13.9771,-6.2866,0.9975,,
DATA,A007,1,147,1292988,-0.1776,0.9693,0.1581,3.8452,12.5122,-6.2256,0.9980,,
DATA,A007,1,148,1292998,-0.1730,0.9651,0.1537,4.1504,11.7798,-6.0425,0.9925,,
DATA,A007,1,149,1293008,-0.1720,0.9617,0.1454,4.4556,11.9019,-6.2866,0.9877,,
DATA,A007,1,150,1293018,-0.1752,0.9610,0.1442,5.1270,12.5122,-6.5918,0.9874,,
DATA,A007,1,151,1293028,-0.1771,0.9730,0.1432,5.4932,13.3057,-6.5308,0.9993,,
DATA,A007,1,152,1293038,-0.1769,0.9764,0.1449,5.3101,14.2822,-6.4087,1.0028,,
DATA,A007,1,153,1293048,-0.1815,0.9725,0.1420,4.5166,15.1978,-6.4697,0.9994,,
DATA,A007,1,154,1293058,-0.1815,0.9671,0.1402,4.4556,15.5029,-6.3477,0.9939,,
DATA,A007,1,155,1293068,-0.1835,0.9568,0.1361,4.4556,14.9536,-6.5308,0.9837,,
DATA,A007,1,156,1293078,-0.1861,0.9522,0.1439,4.9438,13.9771,-6.6528,0.9808,,
DATA,A007,1,157,1293088,-0.1708,0.9498,0.1466,5.9814,13.1836,-7.2021,0.9761,,
DATA,A007,1,158,1293098,-0.1627,0.9522,0.1451,6.5918,13.4277,-7.6294,0.9768,,
DATA,A007,1,159,1293108,-0.1605,0.9586,0.1525,7.0190,14.8926,-8.2397,0.9838,,
DATA,A007,1,160,1293118,-0.1615,0.9617,0.1517,6.8970,16.0522,-8.4839,0.9869,,
DATA,A007,1,161,1293128,-0.1647,0.9664,0.1571,6.7749,17.6392,-8.9111,0.9928,,
DATA,A007,1,162,1293138,-0.1644,0.9766,0.1590,6.6528,18.0054,-9.2773,1.0031,,
DATA,A007,1,163,1293148,-0.1664,0.9800,0.1603,6.4697,18.6157,-9.5215,1.0069,,
DATA,A007,1,164,1293158,-0.1642,0.9835,0.1644,5.9814,18.3716,-9.6436,1.0105,,
DATA,A007,1,165,1293168,-0.1620,0.9859,0.1661,4.8828,18.1885,-9.6436,1.0128,,
DATA,A007,1,166,1293178,-0.1581,0.9815,0.1659,4.3945,17.8833,-9.5825,1.0079,,
DATA,A007,1,167,1293188,-0.1603,0.9815,0.1661,4.0283,17.8833,-9.6436,1.0083,,
DATA,A007,1,168,1293198,-0.1564,0.9847,0.1676,3.4180,18.0664,-9.5825,1.0110,,
DATA,A007,1,169,1293208,-0.1566,0.9830,0.1634,3.0518,18.3105,-9.3994,1.0087,,
DATA,A007,1,170,1293218,-0.1615,0.9776,0.1630,2.4414,18.9209,-9.0332,1.0042,,
DATA,A007,1,171,1293228,-0.1610,0.9749,0.1581,2.0752,19.3481,-9.0332,1.0007,,
DATA,A007,1,172,1293238,-0.1673,0.9661,0.1529,2.0142,19.7144,-9.1553,0.9924,,
DATA,A007,1,173,1293248,-0.1700,0.9615,0.1478,2.5024,19.9585,-9.2773,0.9875,,
DATA,A007,1,174,1293258,-0.1727,0.9590,0.1490,3.2959,19.7754,-9.5825,0.9858,,
DATA,A007,1,175,1293268,-0.1710,0.9576,0.1510,3.7231,19.3481,-9.7046,0.9844,,
DATA,A007,1,176,1293278,-0.1727,0.9610,0.1481,3.9673,18.4326,-9.6436,0.9876,,
DATA,A007,1,177,1293288,-0.1683,0.9642,0.1507,3.8452,18.0054,-9.5825,0.9903,,
DATA,A007,1,178,1293298,-0.1693,0.9671,0.1481,3.4790,18.1274,-9.4604,0.9929,,
DATA,A007,1,179,1293308,-0.1669,0.9659,0.1478,3.7231,18.3105,-9.4604,0.9913,,
DATA,A007,1,180,1293318,-0.1713,0.9678,0.1495,4.0894,19.1040,-9.2773,0.9942,,
DATA,A007,1,181,1293328,-0.1708,0.9722,0.1537,4.5166,19.1040,-9.0942,0.9990,,
DATA,A007,1,182,1293338,-0.1720,0.9705,0.1627,4.5776,18.5547,-9.1553,0.9990,,
DATA,A007,1,183,1293348,-0.1698,0.9722,0.1652,4.6387,17.7612,-8.9722,1.0007,,
DATA,A007,1,184,1293358,-0.1695,0.9683,0.1683,4.8218,16.1743,-8.9111,0.9974,,
DATA,A007,1,185,1293368,-0.1661,0.9725,0.1647,4.9438,15.6860,-9.0942,1.0002,,
DATA,A007,1,186,1293378,-0.1656,0.9744,0.1627,4.9438,15.8691,-9.0942,1.0017,,
DATA,A007,1,187,1293388,-0.1669,0.9803,0.1637,4.4556,16.1743,-8.9722,1.0078,,
DATA,A007,1,188,1293398,-0.1698,0.9786,0.1603,3.7842,16.4185,-8.8501,1.0060,,
DATA,A007,1,189,1293408,-0.1749,0.9693,0.1617,3.5400,16.2964,-8.6670,0.9981,,
DATA,A007,1,190,1293418,-0.1766,0.9681,0.1639,3.4790,15.3198,-8.6060,0.9976,,
DATA,A007,1,191,1293428,-0.1771,0.9673,0.1610,3.5400,14.4653,-8.6670,0.9965,,
DATA,A007,1,192,1293438,-0.1754,0.9649,0.1632,3.5400,13.3667,-8.5449,0.9942,,
DATA,A007,1,193,1293448,-0.1734,0.9651,0.1615,3.5400,12.5732,-8.6670,0.9938,,
DATA,A007,1,194,1293458,-0.1691,0.9656,0.1578,3.4790,11.9019,-8.9111,0.9929,,
DATA,A007,1,195,1293468,-0.1693,0.9659,0.1549,3.6621,11.6577,-8.9722,0.9928,,
DATA,A007,1,196,1293478,-0.1647,0.9666,0.1566,3.8452,11.2915,-9.0942,0.9930,,
DATA,A007,1,197,1293488,-0.1639,0.9691,0.1551,4.0283,11.4746,-8.9722,0.9950,,
DATA,A007,1,198,1293498,-0.1664,0.9715,0.1547,4.1504,11.2915,-8.9111,0.9977,,
DATA,A007,1,199,1293508,-0.1691,0.9739,0.1561,4.3335,11.4136,-8.6670,1.0008,,
DATA,A007,1,200,1293518,-0.1644,0.9744,0.1554,4.4556,11.6577,-8.4229,1.0003,,
DATA,A007,1,201,1293528,-0.1698,0.9715,0.1554,4.5166,11.2305,-8.1787,0.9984,,
DATA,A007,1,202,1293538,-0.1693,0.9659,0.1544,4.6997,11.0474,-8.0566,0.9927,,
DATA,A007,1,203,1293548,-0.1666,0.9637,0.1549,5.3711,10.6201,-8.1787,0.9902,,
DATA,A007,1,204,1293558,-0.1673,0.9669,0.1561,5.9204,10.3149,-8.2397,0.9936,,
DATA,A007,1,205,1293568,-0.1644,0.9676,0.1598,6.2866,10.1929,-8.3618,0.9944,,
DATA,A007,1,206,1293578,-0.1627,0.9725,0.1556,5.9814,10.0098,-8.4229,0.9982,,
DATA,A007,1,207,1293588,-0.1627,0.9700,0.1583,5.6152,10.0708,-8.3008,0.9962,,
DATA,A007,1,208,1293598,-0.1615,0.9669,0.1617,5.6763,9.9487,-8.2397,0.9935,,
DATA,A007,1,209,1293608,-0.1612,0.9647,0.1578,5.6763,10.0098,-8.1177,0.9907,,
DATA,A007,1,210,1293618,-0.1620,0.9678,0.1566,5.6763,10.3149,-8.1177,0.9937,,
DATA,A007,1,211,1293628,-0.1620,0.9683,0.1561,5.6152,10.7422,-8.0566,0.9941,,
DATA,A007,1,212,1293638,-0.1581,0.9722,0.1556,5.5542,11.1084,-7.9956,0.9972,,
DATA,A007,1,213,1293648,-0.1586,0.9725,0.1603,5.4932,11.5967,-7.9956,0.9983,,
DATA,A007,1,214,1293658,-0.1620,0.9700,0.1564,5.5542,12.0239,-7.9956,0.9958,,
DATA,A007,1,215,1293668,-0.1678,0.9703,0.1569,5.4321,12.0850,-7.9346,0.9971,,
DATA,A007,1,216,1293678,-0.1669,0.9693,0.1561,5.3711,12.0850,-7.9956,0.9959,,
DATA,A007,1,217,1293688,-0.1630,0.9700,0.1537,5.3711,12.4512,-8.1177,0.9956,,
DATA,A007,1,218,1293698,-0.1649,0.9681,0.1551,5.5542,12.5122,-8.1787,0.9942,,
DATA,A007,1,219,1293708,-0.1673,0.9695,0.1556,5.4932,12.5732,-8.3618,0.9961,,
DATA,A007,1,220,1293718,-0.1686,0.9712,0.1573,5.6152,12.8174,-8.4839,0.9982,,
DATA,A007,1,221,1293728,-0.1695,0.9661,0.1600,5.4932,12.6953,-8.6670,0.9939,,
DATA,A007,1,222,1293738,-0.1647,0.9683,0.1559,5.4932,12.5732,-8.6670,0.9945,,
DATA,A007,1,223,1293748,-0.1688,0.9678,0.1586,5.7373,12.4512,-8.8501,0.9952,,
DATA,A007,1,224,1293758,-0.1673,0.9647,0.1586,5.6763,12.5122,-8.9722,0.9918,,
DATA,A007,1,225,1293768,-0.1683,0.9708,0.1588,5.7373,12.3901,-9.0942,0.9980,,
DATA,A007,1,226,1293778,-0.1669,0.9725,0.1595,5.7373,12.0239,-9.1553,0.9995,,
DATA,A007,1,227,1293788,-0.1683,0.9712,0.1583,5.3711,11.9019,-9.0942,0.9984,,
DATA,A007,1,228,1293798,-0.1642,0.9720,0.1578,5.1270,11.6577,-9.1553,0.9983,,
DATA,A007,1,229,1293808,-0.1627,0.9695,0.1549,5.1270,11.5356,-9.1553,0.9952,,
DATA,A007,1,230,1293818,-0.1651,0.9681,0.1554,5.1880,11.4136,-9.0942,0.9943,,
DATA,A007,1,231,1293828,-0.1605,0.9698,0.1583,5.2490,11.7188,-9.2163,0.9956,,
DATA,A007,1,232,1293838,-0.1603,0.9673,0.1600,5.4321,12.0850,-9.2163,0.9935,,
DATA,A007,1,233,1293848,-0.1644,0.9722,0.1566,5.3711,12.3291,-9.3384,0.9984,,
DATA,A007,1,234,1293858,-0.1617,0.9712,0.1532,5.3101,12.6953,-9.2773,0.9965,,
DATA,A007,1,235,1293868,-0.1630,0.9693,0.1527,5.1270,13.1226,-9.2773,0.9947,,
DATA,A007,1,236,1293878,-0.1600,0.9700,0.1466,5.1880,13.6108,-9.3384,0.9940,,
DATA,A007,1,237,1293888,-0.1610,0.9651,0.1464,5.6152,14.0381,-9.3994,0.9894,,
DATA,A007,1,238,1293898,-0.1603,0.9666,0.1503,6.1646,14.5264,-9.6436,0.9913,,
DATA,A007,1,239,1293908,-0.1578,0.9676,0.1529,6.3477,14.5874,-9.7656,0.9922,,
DATA,A007,1,240,1293918,-0.1608,0.9617,0.1569,6.7139,14.4653,-9.9487,0.9876,,
DATA,A007,1,241,1293928,-0.1622,0.9627,0.1566,6.8970,14.1602,-10.1318,0.9888,,
DATA,A007,1,242,1293938,-0.1625,0.9642,0.1534,7.0801,14.0381,-10.3149,0.9897,,
DATA,A007,1,243,1293948,-0.1600,0.9649,0.1522,6.9580,14.4043,-10.3760,0.9899,,
DATA,A007,1,244,1293958,-0.1588,0.9654,0.1525,6.5308,14.6484,-10.2539,0.9902,,
DATA,A007,1,245,1293968,-0.1642,0.9625,0.1507,6.2866,14.7705,-10.2539,0.9879,,
DATA,A007,1,246,1293978,-0.1659,0.9676,0.1537,7.3853,15.0757,-10.2539,0.9937,,
DATA,A007,1,247,1293988,-0.1717,0.9725,0.1537,7.6294,14.9536,-9.8267,0.9994,,
DATA,A007,1,248,1293998,-0.1732,0.9788,0.1556,6.9580,14.2822,-9.4604,1.0061,,
DATA,A007,1,249,1294008,-0.1737,0.9813,0.1573,6.6528,13.7329,-9.0332,1.0089,,
DATA,A007,1,250,1294018,-0.1708,0.9825,0.1547,6.7749,13.7939,-8.8501,1.0091,,
DATA,A007,1,251,1294028,-0.1695,0.9813,0.1505,5.9204,14.2822,-8.7280,1.0071,,
DATA,A007,1,252,1294038,-0.1722,0.9715,0.1500,5.6763,14.9536,-8.7280,0.9980,,
DATA,A007,1,253,1294048,-0.1715,0.9691,0.1510,5.6763,15.1367,-8.6670,0.9956,,
DATA,A007,1,254,1294058,-0.1732,0.9683,0.1517,5.9204,14.8926,-8.4839,0.9953,,
DATA,A007,1,255,1294068,-0.1766,0.9688,0.1532,6.1646,14.5874,-8.4839,0.9966,,
DATA,A007,1,256,1294078,-0.1749,0.9712,0.1512,5.8594,13.9160,-8.6060,0.9984,,
DATA,A007,1,257,1294088,-0.1781,0.9717,0.1507,5.7373,13.4277,-8.4229,0.9994,,
DATA,A007,1,258,1294098,-0.1739,0.9712,0.1495,5.7983,12.9395,-8.3008,0.9980,,
DATA,A007,1,259,1294108,-0.1727,0.9703,0.1512,5.6763,12.8174,-8.2397,0.9971,,
DATA,A007,1,260,1294118,-0.1700,0.9717,0.1507,5.6152,12.3291,-8.3618,0.9980,,
DATA,A007,1,261,1294128,-0.1688,0.9705,0.1515,5.7373,12.2681,-8.3618,0.9967,,
DATA,A007,1,262,1294138,-0.1683,0.9756,0.1527,5.5542,11.9019,-8.1787,1.0018,,
DATA,A007,1,263,1294148,-0.1678,0.9766,0.1532,5.3101,11.5967,-8.1177,1.0027,,
DATA,A007,1,264,1294158,-0.1688,0.9764,0.1539,5.2490,11.6577,-8.1177,1.0027,,
DATA,A007,1,265,1294168,-0.1678,0.9761,0.1529,5.3101,11.4136,-7.9956,1.0022,,
DATA,A007,1,266,1294178,-0.1695,0.9803,0.1473,5.3101,11.4136,-7.7515,1.0057,,
DATA,A007,1,267,1294188,-0.1691,0.9815,0.1505,4.8828,10.8643,-7.5073,1.0073,,
DATA,A007,1,268,1294198,-0.1691,0.9883,0.1498,4.8218,10.7422,-7.0190,1.0138,,
DATA,A007,1,269,1294208,-0.1659,0.9888,0.1537,4.1504,10.3149,-6.1035,1.0144,,
DATA,A007,1,270,1294218,-0.1683,0.9839,0.1569,3.6621,9.8267,-5.6763,1.0105,,
DATA,A007,1,271,1294228,-0.1656,0.9805,0.1559,3.4180,8.7891,-5.3101,1.0066,,
DATA,A007,1,272,1294238,-0.1656,0.9678,0.1583,3.6011,8.6670,-5.1270,0.9946,,
DATA,A007,1,273,1294248,-0.1642,0.9642,0.1608,4.2114,7.8735,-5.2490,0.9912,,
DATA,A007,1,274,1294258,-0.1647,0.9649,0.1608,4.9438,8.0566,-4.9438,0.9920,,
DATA,A007,1,275,1294268,-0.1644,0.9749,0.1593,5.2490,8.1177,-4.4556,1.0014,,
DATA,A007,1,276,1294278,-0.1669,0.9793,0.1600,4.9438,8.3008,-4.0894,1.0062,,
DATA,A007,1,277,1294288,-0.1639,0.9759,0.1610,5.0049,8.8501,-3.9673,1.0026,,
DATA,A007,1,278,1294298,-0.1713,0.9705,0.1590,4.3335,8.7280,-3.3569,0.9983,,
DATA,A007,1,279,1294308,-0.1686,0.9644,0.1617,4.7607,7.9346,-3.6621,0.9923,,
DATA,A007,1,280,1294318,-0.1666,0.9669,0.1634,5.1270,7.4463,-3.4790,0.9946,,
DATA,A007,1,281,1294328,-0.1695,0.9661,0.1625,5.7373,6.7139,-3.5400,0.9942,,
DATA,A007,1,282,1294338,-0.1639,0.9632,0.1627,5.3101,5.7373,-3.6621,0.9905,,
DATA,A007,1,283,1294348,-0.1630,0.9664,0.1627,5.3101,4.4556,-4.5776,0.9934,,
DATA,A007,1,284,1294358,-0.1625,0.9644,0.1634,5.3711,3.4180,-4.6997,0.9916,,
DATA,A007,1,285,1294368,-0.1590,0.9608,0.1710,5.4932,2.3193,-5.0049,0.9887,,
DATA,A007,1,286,1294378,-0.1610,0.9527,0.1825,5.8594,0.9766,-5.3101,0.9833,,
DATA,A007,1,287,1294388,-0.1710,0.9507,0.2010,6.9580,-2.2583,-5.7983,0.9867,,
DATA,A007,1,288,1294398,-0.1776,0.9559,0.2020,7.5684,-4.7607,-6.5308,0.9930,,
DATA,A007,1,289,1294408,-0.1866,0.9705,0.1969,8.4229,-8.4229,-7.6904,1.0077,,
DATA,A007,1,290,1294418,-0.1813,0.9893,0.1901,7.7515,-10.6812,-7.5684,1.0236,,
DATA,A007,1,291,1294428,-0.1739,0.9952,0.1808,5.4321,-12.3291,-8.9722,1.0263,,
DATA,A007,1,292,1294438,-0.1654,0.9954,0.1708,3.6621,-12.6343,-9.3384,1.0234,,
DATA,A007,1,293,1294448,-0.1461,0.9805,0.1561,1.2207,-10.8032,-10.1929,1.0036,,
DATA,A007,1,294,1294458,-0.1466,0.9732,0.1446,0.5493,-7.9956,-10.0708,0.9948,,
DATA,A007,1,295,1294468,-0.1546,0.9666,0.1327,0.6714,-4.1504,-11.3525,0.9879,,
DATA,A007,1,296,1294478,-0.1520,0.9671,0.1236,0.7324,-3.1128,-10.8643,0.9867,,
DATA,A007,1,297,1294488,-0.1581,0.9590,0.1378,2.1362,-3.1128,-11.1084,0.9817,,
DATA,A007,1,298,1294498,-0.1744,0.9529,0.1544,3.4180,-4.8218,-11.4746,0.9810,,
DATA,A007,1,299,1294508,-0.1932,0.9488,0.1783,4.2114,-10.3760,-12.0850,0.9846,,
DATA,A007,1,300,1294518,-0.1988,0.9534,0.1993,5.0049,-15.4419,-13.1836,0.9941,,
DATA,A007,1,301,1294528,-0.2047,0.9837,0.2286,5.5542,-18.9209,-15.2588,1.0305,,
DATA,A007,1,302,1294538,-0.2152,1.0137,0.2201,3.5400,-18.3105,-16.9067,1.0594,,
DATA,A007,1,303,1294548,-0.2298,1.0242,0.2108,0.6714,-19.1650,-18.0664,1.0707,,
DATA,A007,1,304,1294558,-0.2425,1.0220,0.2174,-2.7466,-20.5688,-19.5312,1.0727,,
DATA,A007,1,305,1294568,-0.2545,1.0069,0.2247,-4.2114,-21.4844,-21.3623,1.0626,,
DATA,A007,1,306,1294578,-0.2587,0.9881,0.2364,-5.0659,-22.2778,-24.3530,1.0484,,
DATA,A007,1,307,1294588,-0.2670,0.9820,0.2565,-4.6997,-23.1323,-25.8179,1.0494,,
DATA,A007,1,308,1294598,-0.3082,0.9891,0.2960,-4.8218,-26.1230,-31.0669,1.0774,,
DATA,A007,1,309,1294608,-0.3380,0.9996,0.3082,-7.2632,-30.2124,-35.5835,1.0993,,
DATA,A007,1,310,1294618,-0.4029,1.0023,0.3478,-14.4653,-42.7246,-42.2363,1.1348,,
DATA,A007,1,311,1294628,-0.4615,0.9854,0.3522,-17.2729,-56.6406,-47.1191,1.1437,,
DATA,A007,1,312,1294638,-0.5216,0.9925,0.3736,-16.6626,-81.4819,-55.0537,1.1818,,
DATA,A007,1,313,1294648,-0.5384,1.0171,0.3939,-18.1274,-100.8301,-60.7910,1.2164,,
DATA,A007,1,314,1294658,-0.5292,1.0425,0.3944,-25.5737,-125.0000,-69.7632,1.2339,,
DATA,A007,1,315,1294668,-0.5038,1.0479,0.3822,-30.7617,-138.5498,-76.2939,1.2239,,
DATA,A007,1,316,1294678,-0.4921,1.0479,0.3568,-36.3159,-155.7617,-81.7871,1.2114,,
DATA,A007,1,317,1294688,-0.5047,1.0577,0.3622,-38.8184,-167.8467,-86.4868,1.2266,,
DATA,A007,1,318,1294698,-0.5438,1.0906,0.3649,-43.6401,-190.0024,-93.9941,1.2721,,
DATA,A007,1,319,1294708,-0.5834,1.1150,0.3710,-46.9360,-205.9937,-99.4873,1.3120,,
DATA,A007,1,320,1294718,-0.5753,1.1619,0.3907,-53.7109,-232.1167,-109.1309,1.3541,,
DATA,A007,1,321,1294728,-0.5536,1.1780,0.3956,-60.8521,-248.3521,-114.9292,1.3604,,
DATA,A007,1,322,1294738,-0.5306,1.1793,0.3861,-70.6177,-267.5781,-120.7275,1.3495,,
DATA,A007,1,323,1294748,-0.4396,1.1885,0.4127,-74.4629,-280.0293,-124.3896,1.3327,,
DATA,A007,1,324,1294758,-0.3590,1.1888,0.4252,-86.6089,-280.7007,-127.3804,1.3126,,
DATA,A007,1,325,1294768,-0.3097,1.1844,0.4462,-91.4917,-277.4048,-129.3335,1.3030,,
DATA,A007,1,326,1294778,-0.2909,1.1910,0.4547,-99.9146,-263.9771,-131.4087,1.3076,,
DATA,A007,1,327,1294788,-0.3070,1.1907,0.4830,-105.6519,-255.3711,-133.7280,1.3211,,
DATA,A007,1,328,1294798,-0.3446,1.1685,0.5216,-114.2578,-240.3564,-140.6860,1.3252,,
DATA,A007,1,329,1294808,-0.3685,1.1573,0.5409,-119.0796,-229.4312,-143.7988,1.3295,,
DATA,A007,1,330,1294818,-0.3832,1.1309,0.5509,-123.2300,-218.1396,-147.0337,1.3150,,
DATA,A007,1,331,1294828,-0.3866,1.1182,0.5641,-125.8545,-213.3179,-146.5454,1.3107,,
DATA,A007,1,332,1294838,-0.3651,1.0867,0.5861,-130.0049,-212.2803,-145.7520,1.2875,,
DATA,A007,1,333,1294848,-0.3219,1.0499,0.5841,-133.9111,-211.6699,-145.1416,1.2438,,
DATA,A007,1,334,1294858,-0.2684,1.0118,0.5782,-137.4512,-209.7168,-144.2261,1.1959,,
DATA,A007,1,335,1294868,-0.1896,0.9412,0.5687,-141.5405,-200.4395,-140.6860,1.1159,,
DATA,A007,1,336,1294878,-0.1581,0.9007,0.5792,-142.7002,-190.4297,-137.4512,1.0825,,
DATA,A007,1,337,1294888,-0.1603,0.8599,0.6014,-143.2495,-171.3867,-135.6201,1.0615,,
DATA,A007,1,338,1294898,-0.1756,0.8367,0.6024,-143.7988,-159.3628,-134.0332,1.0459,,
DATA,A007,1,339,1294908,-0.1869,0.7938,0.5892,-142.7002,-143.3716,-130.3711,1.0061,,
DATA,A007,1,340,1294918,-0.1708,0.7537,0.5897,-140.6250,-135.0708,-127.7466,0.9721,,
DATA,A007,1,341,1294928,-0.1359,0.7000,0.5980,-137.2681,-124.0845,-123.3521,0.9306,,
DATA,A007,1,342,1294938,-0.0995,0.6600,0.5804,-134.9487,-115.2344,-120.5444,0.8845,,
DATA,A007,1,343,1294948,-0.0917,0.6041,0.6129,-130.5542,-103.4546,-118.3472,0.8654,,
DATA,A007,1,344,1294958,-0.1256,0.5836,0.6332,-127.4414,-95.0928,-118.8965,0.8702,,
DATA,A007,1,345,1294968,-0.1564,0.5638,0.6295,-122.4976,-90.3931,-115.7227,0.8594,,
DATA,A007,1,346,1294978,-0.1776,0.5467,0.6551,-118.9575,-94.2383,-113.8306,0.8716,,
DATA,A007,1,347,1294988,-0.1962,0.5323,0.6576,-114.5020,-99.2432,-114.5630,0.8685,,
DATA,A007,1,348,1294998,-0.1498,0.4991,0.6481,-111.3892,-102.7832,-114.3188,0.8316,,
DATA,A007,1,349,1295008,-0.0980,0.4471,0.6610,-104.6143,-103.6377,-111.7554,0.8040,,
DATA,A007,1,350,1295018,-0.0548,0.4188,0.6542,-99.7925,-98.4497,-109.9243,0.7786,,
DATA,A007,1,351,1295028,0.0048,0.3904,0.6620,-93.0176,-91.5527,-105.2246,0.7686,,
DATA,A007,1,352,1295038,0.0263,0.3770,0.6507,-88.6841,-85.6323,-101.9287,0.7525,,
DATA,A007,1,353,1295048,0.0360,0.3431,0.6859,-81.9702,-79.5898,-98.6328,0.7678,,
DATA,A007,1,354,1295058,0.0326,0.3321,0.7137,-77.0874,-73.8525,-97.9614,0.7879,,
DATA,A007,1,355,1295068,0.0419,0.3245,0.7338,-70.3735,-66.2842,-94.1162,0.8034,,
DATA,A007,1,356,1295078,0.0502,0.3216,0.7479,-66.7114,-60.9131,-90.4541,0.8157,,
DATA,A007,1,357,1295088,0.0714,0.3077,0.7518,-62.6831,-50.4150,-86.2427,0.8155,,
DATA,A007,1,358,1295098,0.0739,0.2906,0.7652,-60.1196,-43.4570,-83.4961,0.8219,,
DATA,A007,1,359,1295108,0.0739,0.2708,0.7770,-55.3589,-32.9590,-78.6743,0.8261,,
DATA,A007,1,360,1295118,0.0753,0.2574,0.7821,-51.5747,-27.9541,-75.6226,0.8268,,
DATA,A007,1,361,1295128,0.0902,0.2557,0.7804,-45.7764,-18.9209,-71.7163,0.8261,,
DATA,A007,1,362,1295138,0.0870,0.2474,0.8094,-42.5415,-13.7329,-68.5425,0.8509,,
DATA,A007,1,363,1295148,0.0412,0.2535,0.8334,-39.1235,-4.5166,-66.0400,0.8720,,
DATA,A007,1,364,1295158,0.0165,0.2564,0.8468,-37.7197,-3.1128,-63.4155,0.8849,,
DATA,A007,1,365,1295168,-0.0016,0.2466,0.8690,-35.4614,-6.4087,-58.6548,0.9033,,
DATA,A007,1,366,1295178,0.0551,0.0613,0.8382,-31.9214,-21.3623,-49.3774,0.8423,,
DATA,A007,1,367,1295188,0.0372,0.2100,0.9217,-8.6670,-18.5547,-37.7808,0.9461,,
DATA,A007,1,368,1295198,0.0453,0.3443,0.9296,-11.9019,-11.3525,-44.0674,0.9923,,
DATA,A007,1,369,1295208,0.0558,0.3685,0.9310,-25.6958,-11.3525,-46.8140,1.0028,,
DATA,A007,1,370,1295218,0.0939,0.2515,0.9081,-40.0391,-2.0142,-47.9126,0.9469,,
DATA,A007,1,371,1295228,0.1102,0.1631,0.9090,-38.9404,4.7607,-47.7905,0.9301,,
DATA,A007,1,372,1295238,0.0790,0.1097,0.9115,-31.3110,14.4043,-45.1660,0.9215,,
DATA,A007,1,373,1295248,0.0477,0.1419,0.9137,-26.9165,18.7988,-45.1660,0.9259,,
DATA,A007,1,374,1295258,0.0158,0.1295,0.9462,-23.9868,17.3950,-41.0156,0.9551,,
DATA,A007,1,375,1295268,-0.0030,0.1275,0.9708,-21.2402,13.9771,-38.5132,0.9792,,
DATA,A007,1,376,1295278,-0.0419,0.1060,1.0289,-15.9302,4.6997,-34.9121,1.0352,,
DATA,A007,1,377,1295288,-0.0567,0.1397,1.0421,-11.5967,-2.5024,-33.3252,1.0530,,
DATA,A007,1,378,1295298,0.0158,0.1685,1.0138,-9.4604,-13.0615,-28.5034,1.0278,,
DATA,A007,1,379,1295308,0.0910,0.1763,0.9903,-11.9019,-11.6577,-24.7192,1.0100,,
DATA,A007,1,380,1295318,0.1727,0.1473,0.9567,-20.9351,1.0376,-23.4375,0.9832,,
DATA,A007,1,381,1295328,0.1876,0.1102,0.9637,-25.3296,12.5122,-22.0337,0.9880,,
DATA,A007,1,382,1295338,0.1378,0.0955,0.9823,-25.8179,24.3530,-21.3013,0.9965,,
DATA,A007,1,383,1295348,0.0680,0.1197,0.9632,-24.8413,26.9165,-23.0713,0.9730,,
DATA,A007,1,384,1295358,0.0036,0.1800,1.0050,-1.7700,13.9160,-30.4565,1.0210,,
DATA,A007,1,385,1295368,0.0282,0.1810,0.9950,-13.6108,-6.7749,-25.6348,1.0117,,
DATA,A007,1,386,1295378,0.0819,0.1033,0.9640,-22.2778,-11.4136,-24.4141,0.9730,,
DATA,A007,1,387,1295388,0.0895,0.0674,0.9564,-17.4561,-10.3149,-27.9541,0.9630,,
DATA,A007,1,388,1295398,0.0956,0.0826,0.9852,-5.3711,-19.2871,-27.4658,0.9933,,
DATA,A007,1,389,1295408,0.0895,0.0928,0.9996,-6.4087,-24.4141,-23.9258,1.0079,,
DATA,A007,1,390,1295418,0.1127,0.1168,1.0162,-9.0942,-19.7144,-23.4375,1.0291,,
DATA,A007,1,391,1295428,0.1422,0.1141,1.0179,-11.0474,-12.5122,-19.7754,1.0341,,
DATA,A007,1,392,1295438,0.1107,0.0755,1.0084,-11.9019,-0.5493,-16.4185,1.0173,,
DATA,A007,1,393,1295448,0.0761,0.0540,1.0006,-9.1553,5.5542,-18.4937,1.0049,,
DATA,A007,1,394,1295458,0.0590,0.0587,1.0104,-2.0752,7.6904,-22.3389,1.0138,,
DATA,A007,1,395,1295468,0.0761,0.0814,1.0257,1.0376,9.1553,-22.6440,1.0318,,
DATA,A007,1,396,1295478,0.0839,0.0899,1.0240,6.3477,17.5171,-22.4609,1.0314,,
DATA,A007,1,397,1295488,0.0834,0.1085,1.0240,14.4653,22.6440,-20.0806,1.0331,,
DATA,A007,1,398,1295498,0.0651,0.1099,1.0065,8.5449,34.0576,-18.4937,1.0145,,
DATA,A007,1,399,1295508,0.0536,0.0914,0.9745,8.2397,38.0249,-18.7378,0.9802,,
DATA,A007,1,400,1295518,0.0316,0.1380,0.9818,6.3477,37.2314,-21.4844,0.9920,,
DATA,A007,1,401,1295528,0.0372,0.1085,0.9720,0.6714,35.2783,-23.9868,0.9788,,
DATA,A007,1,402,1295538,0.0497,0.1307,0.9696,0.0000,31.6162,-26.0620,0.9796,,
DATA,A007,1,403,1295548,0.0412,0.1248,0.9532,-2.0142,30.5786,-27.2827,0.9623,,
DATA,A007,1,404,1295558,0.0421,0.1192,0.9606,-1.6479,27.6489,-28.7476,0.9688,,
DATA,A007,1,405,1295568,0.0387,0.0992,0.9737,-5.2490,23.1323,-34.6069,0.9795,,
DATA,A007,1,406,1295578,0.0294,0.1041,0.9715,-6.3477,17.2119,-39.5508,0.9775,,
DATA,A007,1,407,1295588,-0.0023,0.1277,0.9852,-8.7280,4.8218,-39.0625,0.9935,,
DATA,A007,1,408,1295598,-0.0218,0.1097,0.9828,-7.0801,0.1221,-37.9028,0.9891,,
DATA,A007,1,409,1295608,0.0228,0.1019,0.9842,6.5308,-9.8877,-31.3721,0.9898,,
DATA,A007,1,410,1295618,0.0692,0.0679,0.9672,14.5264,-12.3901,-19.8975,0.9720,,
DATA,A007,1,411,1295628,0.1286,0.0897,0.9589,27.5879,-17.1509,-8.2397,0.9716,,
DATA,A007,1,412,1295638,0.1991,0.1443,0.9447,26.9775,-17.7612,-6.9580,0.9762,,
DATA,A007,1,413,1295648,0.1090,0.0950,0.9779,17.6392,-7.1411,-15.3809,0.9885,,
DATA,A007,1,414,1295658,0.0573,0.1024,0.9811,13.3057,-0.0610,-19.4702,0.9881,,
DATA,A007,1,415,1295668,0.0243,0.1324,0.9835,11.5356,0.7935,-19.0430,0.9927,,
DATA,A007,1,416,1295678,0.0141,0.1671,0.9884,10.2539,-0.1221,-16.9678,1.0025,,
DATA,A007,1,417,1295688,0.0209,0.1898,1.0045,8.3008,1.7090,-11.0474,1.0225,,
DATA,A007,1,418,1295698,0.0160,0.1924,1.0299,8.3618,9.4604,-12.8784,1.0478,,
DATA,A007,1,419,1295708,-0.0353,0.2044,1.0944,2.8687,10.9863,-17.5781,1.1138,,
DATA,A007,1,420,1295718,0.0585,0.1104,1.0507,-1.4038,12.3291,-23.0103,1.0581,,
DATA,A007,1,421,1295728,0.1278,0.1058,1.0091,4.2725,11.0474,-21.1182,1.0227,,
DATA,A007,1,422,1295738,0.0416,0.1363,1.0406,7.2021,9.8267,-33.0811,1.0504,,
DATA,A007,1,423,1295748,0.0780,0.0608,1.0074,15.8691,7.5684,-39.0625,1.0123,,
DATA,A007,1,424,1295758,0.2064,0.0821,0.9193,27.4658,0.7935,-27.5269,0.9458,,
DATA,A007,1,425,1295768,0.1644,0.0464,1.0135,11.4136,6.2866,-38.4521,1.0278,,
DATA,A007,1,426,1295778,0.1600,0.0403,1.0113,6.9580,8.3618,-37.2925,1.0247,,
DATA,A007,1,427,1295788,0.0988,0.0743,1.0184,8.9111,4.3335,-29.4189,1.0259,,
DATA,A007,1,428,1295798,0.0778,0.0662,0.9903,13.1836,-0.4883,-24.7803,0.9956,,
DATA,A007,1,429,1295808,0.0963,0.1021,0.9720,18.1885,-7.8735,-21.2402,0.9821,,
DATA,A007,1,430,1295818,0.1102,0.1124,0.9637,17.3950,-7.4463,-22.0337,0.9765,,
DATA,A007,1,431,1295828,0.1002,0.1290,0.9784,15.6250,-5.4321,-25.2075,0.9919,,
DATA,A007,1,432,1295838,0.0922,0.1392,0.9840,14.1602,-3.1738,-25.9399,0.9981,,
DATA,A007,1,433,1295848,0.0895,0.1417,1.0065,12.5732,2.5024,-27.3438,1.0203,,
DATA,A007,1,434,1295858,0.0863,0.1356,1.0179,12.2681,5.4321,-27.1606,1.0305,,
DATA,A007,1,435,1295868,0.0861,0.1395,1.0045,14.5264,5.0659,-24.9023,1.0178,,
DATA,A007,1,436,1295878,0.0807,0.1451,1.0079,14.7705,3.8452,-25.2075,1.0215,,
DATA,A007,1,437,1295888,0.0919,0.1480,1.0199,15.1367,4.6997,-24.4141,1.0347,,
DATA,A007,1,438,1295898,0.1161,0.1590,1.0060,15.0146,5.8594,-23.6206,1.0251,,
DATA,A007,1,439,1295908,0.1178,0.1583,1.0152,14.4653,8.7280,-22.1558,1.0342,,
DATA,A007,1,440,1295918,0.1029,0.1473,1.0304,14.0381,10.7422,-19.8364,1.0459,,
DATA,A007,1,441,1295928,0.0846,0.1421,1.0421,14.7705,8.6670,-17.7002,1.0552,,
DATA,A007,1,442,1295938,0.0856,0.1487,1.0499,15.2588,4.2725,-14.5264,1.0638,,
DATA,A007,1,443,1295948,0.0944,0.1575,1.0480,14.6484,0.9155,-13.0005,1.0639,,
DATA,A007,1,444,1295958,0.0775,0.1629,1.0463,13.0615,-2.7466,-11.3525,1.0617,,
DATA,A007,1,445,1295968,0.0861,0.1548,1.0428,12.3901,-4.5776,-10.6812,1.0578,,
DATA,A007,1,446,1295978,0.1161,0.1600,1.0199,10.5591,-3.9062,-9.7656,1.0389,,
DATA,A007,1,447,1295988,0.1110,0.1319,1.0123,10.2539,-1.6479,-10.0098,1.0269,,
DATA,A007,1,448,1295998,0.1205,0.1614,1.0008,9.8267,0.6104,-11.7798,1.0209,,
DATA,A007,1,449,1296008,0.1100,0.1597,0.9908,8.3618,3.7842,-13.0005,1.0096,,
DATA,A007,1,450,1296018,0.1198,0.1734,0.9591,7.9956,7.5684,-13.9771,0.9820,,
DATA,A007,1,451,1296028,0.1190,0.1785,0.9537,6.1646,10.9253,-13.4277,0.9776,,
DATA,A007,1,452,1296038,0.1325,0.1734,0.9735,5.4321,16.7847,-13.1226,0.9977,,
DATA,A007,1,453,1296048,0.1359,0.1627,0.9960,5.1270,20.2026,-13.1226,1.0183,,
DATA,A007,1,454,1296058,0.1129,0.1448,1.0243,6.9580,23.6206,-12.0239,1.0406,,
DATA,A007,1,455,1296068,0.0961,0.1258,1.0306,8.8501,23.6816,-10.6201,1.0427,,
DATA,A007,1,456,1296078,0.0866,0.1480,1.0062,11.3525,22.5830,-8.1177,1.0207,,
DATA,A007,1,457,1296088,0.0592,0.1387,1.0038,12.2681,21.0571,-6.4697,1.0150,,
DATA,A007,1,458,1296098,0.0712,0.1651,1.0065,13.0005,14.7095,-4.6387,1.0224,,
DATA,A007,1,459,1296108,0.0844,0.1590,1.0104,13.3667,12.0239,-4.0283,1.0263,,
DATA,A007,1,460,1296118,0.1320,0.1585,1.0167,11.7188,11.5967,-5.1880,1.0374,,
DATA,A007,1,461,1296128,0.1723,0.1617,1.0023,10.8032,14.6484,-5.9814,1.0298,,
DATA,A007,1,462,1296138,0.1871,0.1504,0.9852,6.8359,22.5830,-8.0566,1.0141,,
DATA,A007,1,463,1296148,0.1840,0.1539,0.9676,4.2114,28.7476,-10.8032,0.9969,,
DATA,A007,1,464,1296158,0.1068,0.1583,0.9662,1.2817,34.5459,-11.7188,0.9849,,
DATA,A007,1,465,1296168,0.0905,0.1724,0.9784,2.0752,33.7524,-10.6201,0.9976,,
DATA,A007,1,466,1296178,0.1046,0.1922,1.0145,1.0986,34.7900,-8.7280,1.0378,,
DATA,A007,1,467,1296188,0.0851,0.1902,1.0284,0.6714,35.7666,-8.0566,1.0493,,
DATA,A007,1,468,1296198,0.0995,0.1868,1.0143,0.6714,40.1611,-4.2114,1.0361,,
DATA,A007,1,469,1296208,0.1246,0.1934,1.0089,-1.0986,48.9502,-1.1597,1.0348,,
DATA,A007,1,470,1296218,0.1776,0.1751,1.0206,-6.1035,63.1104,1.1597,1.0507,,
DATA,A007,1,471,1296228,0.1620,0.1717,1.0641,-16.9678,91.7358,2.5024,1.0899,,
DATA,A007,1,472,1296238,0.1769,0.1685,1.1669,-27.0996,114.1357,-3.5400,1.1922,,
DATA,A007,1,473,1296248,0.1010,0.0975,1.2340,-43.8843,143.2495,-17.3340,1.2420,,
DATA,A007,1,474,1296258,0.0089,0.0516,1.1796,-49.8047,148.3765,-23.4985,1.1807,,
DATA,A007,1,475,1296268,-0.0900,0.0687,1.0768,-51.5747,132.6904,-18.0054,1.0827,,
DATA,A007,1,476,1296278,-0.0531,0.0447,1.0704,-51.1475,118.4692,-11.6577,1.0727,,
DATA,A007,1,477,1296288,-0.1520,0.0862,1.0775,-47.4243,89.1113,-10.8032,1.0916,,
DATA,A007,1,478,1296298,-0.2262,0.0665,1.1078,-42.4194,63.5986,-7.5684,1.1326,,
DATA,A007,1,479,1296308,-0.4628,0.2286,1.0240,-29.7852,7.8125,-7.2021,1.1468,,
DATA,A007,1,480,1296318,-0.2713,0.0704,1.0470,-20.1416,-27.0996,13.7939,1.0839,,
DATA,A007,1,481,1296328,-0.1918,0.0582,1.0233,-10.0098,-66.2842,2.6245,1.0427,,
DATA,A007,1,482,1296338,-0.0829,0.0455,0.9767,-2.8687,-81.9092,-2.1973,0.9812,,
DATA,A007,1,483,1296348,0.0350,0.1639,0.8131,18.3716,-98.5107,10.6201,0.8302,,
DATA,A007,1,484,1296358,0.1134,0.0679,0.8387,21.3013,-89.9658,26.7334,0.8491,,
DATA,A007,1,485,1296368,0.1310,0.0799,0.8912,14.7705,-62.0117,17.5171,0.9043,,
DATA,A007,1,486,1296378,0.1132,0.1204,0.9342,10.6201,-44.3115,7.4463,0.9487,,
DATA,A007,1,487,1296388,0.1452,0.1053,1.0968,0.9155,-22.7051,5.7373,1.1114,,
DATA,A007,1,488,1296398,0.1078,-0.0056,1.0033,-1.3428,-3.9673,-12.9395,1.0091,,
DATA,A007,1,489,1296408,0.0614,0.0594,1.0492,8.4839,-6.2256,-18.4937,1.0527,,
DATA,A007,1,490,1296418,0.0817,0.0850,1.0467,6.2256,-4.8218,-19.5312,1.0534,,
DATA,A007,1,491,1296428,0.0927,0.1199,0.9632,6.7139,-6.4087,-10.1929,0.9751,,
DATA,A007,1,492,1296438,0.0944,0.0689,0.8434,19.1040,-2.9907,-8.1177,0.8514,,
DATA,A007,1,493,1296448,0.0956,0.0899,0.9142,27.2827,6.7749,-8.7891,0.9235,,
DATA,A007,1,494,1296458,0.1417,0.0980,0.9325,11.9019,17.5171,-20.2637,0.9483,,
DATA,A007,1,495,1296468,0.0880,0.1014,1.0096,-0.3052,27.4048,-31.9214,1.0185,,
DATA,A007,1,496,1296478,0.0067,0.1102,1.0494,1.0376,31.0669,-31.6772,1.0552,,
DATA,A007,1,497,1296488,-0.0133,0.0943,1.0831,2.5635,28.0151,-27.7710,1.0873,,
DATA,A007,1,498,1296498,0.0028,0.0735,1.0692,2.9297,28.9917,-24.2310,1.0717,,
DATA,A007,1,499,1296508,-0.0038,0.0723,1.0106,5.6152,26.2451,-22.0337,1.0132,,
DATA,A007,1,500,1296518,0.0004,0.1002,0.9899,7.8125,24.2310,-20.7520,0.9949,,
DATA,A007,1,501,1296528,0.0255,0.0921,1.0011,6.9580,20.4468,-19.4702,1.0056,,
DATA,A007,1,502,1296538,0.0248,0.0909,0.9869,10.2539,16.7236,-18.4326,0.9914,,
DATA,A007,1,503,1296548,0.0219,0.0816,1.0082,10.5591,14.4653,-18.9819,1.0117,,
DATA,A007,1,504,1296558,-0.0257,0.0574,1.0143,10.2539,9.2163,-22.7051,1.0162,,
DATA,A007,1,505,1296568,-0.0267,0.0630,1.0184,13.0005,-0.1831,-27.9541,1.0207,,
DATA,A007,1,506,1296578,0.0477,0.0482,1.0492,11.7188,-6.4697,-27.9541,1.0514,,
DATA,A007,1,507,1296588,0.1090,0.0867,1.0560,8.8501,-3.5400,-20.6299,1.0652,,
DATA,A007,1,508,1296598,0.1466,0.1121,1.0467,5.9814,-2.1362,-23.7427,1.0629,,
DATA,A007,1,509,1296608,0.0917,0.0599,1.0304,6.4697,-3.7842,-23.4375,1.0362,,
DATA,A007,1,510,1296618,0.0741,0.1334,0.9630,13.6719,-18.6768,-19.2261,0.9750,,
DATA,A007,1,511,1296628,0.1044,0.0823,0.9589,13.3057,-18.6768,-15.8081,0.9680,,
DATA,A007,1,512,1296638,0.0956,0.0618,0.9474,16.1133,-17.1509,-17.0288,0.9542,,
DATA,A007,1,513,1296648,0.0917,0.1075,0.9701,18.3105,-14.5264,-18.2495,0.9803,,
DATA,A007,1,514,1296658,0.0421,0.1238,1.0096,17.1509,-5.1880,-18.2495,1.0181,,
DATA,A007,1,515,1296668,0.0480,0.1258,1.0262,17.0288,-1.3428,-16.6626,1.0350,,
DATA,A007,1,516,1296678,0.0641,0.0831,1.0365,15.1978,7.8125,-18.2495,1.0418,,
DATA,A007,1,517,1296688,0.0443,0.0814,0.9999,17.1509,8.7280,-20.0806,1.0042,,
DATA,A007,1,518,1296698,0.0993,0.1312,0.9989,18.7378,11.1694,-20.9351,1.0123,,
DATA,A007,1,519,1296708,0.1344,0.1202,1.0104,16.2354,15.8691,-20.3247,1.0263,,
DATA,A007,1,520,1296718,0.0812,0.1365,1.0028,14.7705,19.9585,-21.3623,1.0153,,
DATA,A007,1,521,1296728,0.0780,0.1185,1.0148,13.8550,17.4561,-17.9443,1.0246,,
DATA,A007,1,522,1296738,0.1120,0.1273,0.9938,14.4653,12.0850,-10.9253,1.0081,,
DATA,A007,1,523,1296748,0.0932,0.1595,0.9894,14.0381,10.0708,-9.2773,1.0065,,
DATA,A007,1,524,1296758,0.1141,0.1236,0.9816,13.3667,8.7280,-8.1177,0.9959,,
DATA,A007,1,525,1296768,0.0802,0.1465,0.9506,12.9395,10.7422,-9.9487,0.9651,,
DATA,A007,1,526,1296778,0.0355,0.1629,0.9872,10.9253,13.9771,-10.1929,1.0012,,
DATA,A007,1,527,1296788,0.0470,0.1497,1.0331,9.8877,14.8315,-9.8877,1.0449,,
DATA,A007,1,528,1296798,0.0263,0.1253,1.0812,6.1035,21.7285,-11.2915,1.0887,,
DATA,A007,1,529,1296808,-0.0109,0.0989,1.0714,6.0425,22.2778,-11.7188,1.0760,,
DATA,A007,1,530,1296818,0.0421,0.1182,1.0189,8.4229,18.4937,-9.6436,1.0266,,
DATA,A007,1,531,1296828,0.0883,0.1138,1.0023,8.0566,18.4326,-7.8125,1.0126,,
DATA,A007,1,532,1296838,0.1327,0.1214,0.9884,7.6904,21.3623,-8.5449,1.0046,,
DATA,A007,1,533,1296848,0.1378,0.1321,1.0069,5.6152,26.6113,-9.8267,1.0249,,
DATA,A007,1,534,1296858,0.1547,0.1285,1.0687,0.3052,36.4380,-10.6201,1.0875,,
DATA,A007,1,535,1296868,0.2033,0.1116,1.1061,-4.6997,46.3257,-12.2681,1.1301,,
DATA,A007,1,536,1296878,0.2101,0.1067,1.2015,-17.0898,71.2280,-16.1743,1.2244,,
DATA,A007,1,537,1296888,0.1923,0.1116,1.2743,-28.3203,93.2007,-18.9209,1.2935,,
DATA,A007,1,538,1296898,0.1308,0.1192,1.3263,-40.7104,117.4316,-22.2168,1.3380,,
DATA,A007,1,539,1296908,-0.1085,0.1160,1.2325,-54.1992,128.4180,-16.7847,1.2427,,
DATA,A007,1,540,1296918,-0.1354,0.0560,1.1461,-52.4292,111.0840,-8.1177,1.1554,,
DATA,A007,1,541,1296928,-0.2728,0.1495,0.9845,-43.8843,75.4395,-3.4180,1.0325,,
DATA,A007,1,542,1296938,-0.1971,0.0721,0.9364,-46.8140,64.2090,13.9771,0.9596,,
DATA,A007,1,543,1296948,0.0480,-0.0309,0.8024,-42.9688,54.3213,26.2451,0.8044,,
DATA,A007,1,544,1296958,-0.0441,-0.1010,0.7201,-31.4941,22.5220,13.4888,0.7285,,
DATA,A007,1,545,1296968,-0.3346,0.1180,0.7140,-9.0942,-53.5278,-9.5825,0.7973,,
DATA,A007,1,546,1296978,-0.2428,0.1951,0.7972,10.6201,-101.0132,-7.1411,0.8559,,
DATA,A007,1,547,1296988,0.0607,0.1082,0.9874,20.4468,-99.1211,4.7607,0.9952,,
DATA,A007,1,548,1296998,0.1034,0.0909,1.0648,15.8691,-72.5098,1.4038,1.0737,,
DATA,A007,1,549,1297008,0.0951,0.0423,1.1239,10.4370,-33.8745,0.2441,1.1287,,
DATA,A007,1,550,1297018,0.0936,0.0364,1.1251,8.2397,-13.9771,0.6714,1.1296,,
DATA,A007,1,551,1297028,0.1474,0.0494,1.0619,5.6152,5.9814,1.2817,1.0732,,
DATA,A007,1,552,1297038,0.0831,0.0284,1.0048,6.4087,18.7988,0.0610,1.0086,,
DATA,A007,1,553,1297048,0.0880,0.0972,0.9430,11.1084,19.4092,-0.8545,0.9521,,
DATA,A007,1,554,1297058,0.0927,0.0552,0.9632,3.0518,28.6865,-7.2632,0.9693,,
DATA,A007,1,555,1297068,0.0370,0.0945,0.9984,-6.5918,33.8745,-13.9771,1.0036,,
DATA,A007,1,556,1297078,0.0087,0.0562,1.0348,-10.6201,32.7759,-15.5640,1.0363,,
DATA,A007,1,557,1297088,-0.0514,0.0601,1.0257,-9.0942,20.7520,-10.3760,1.0288,,
DATA,A007,1,558,1297098,-0.0382,0.0489,0.9913,-7.2021,10.0098,-5.6152,0.9933,,
DATA,A007,1,559,1297108,0.0060,-0.0207,0.9322,-2.0752,-4.9438,-4.3945,0.9325,,
DATA,A007,1,560,1297118,0.0553,0.0560,0.9051,4.5166,-11.7798,-0.8545,0.9086,,
DATA,A007,1,561,1297128,0.1383,0.0450,0.9047,4.8218,-5.7373,-3.4790,0.9163,,
DATA,A007,1,562,1297138,0.0905,0.0496,0.9330,4.7607,0.4883,-8.7280,0.9387,,
DATA,A007,1,563,1297148,0.0153,0.0606,1.0140,4.0283,4.2725,-10.1318,1.0160,,
DATA,A007,1,564,1297158,-0.0380,0.0608,1.0550,4.1504,2.9907,-10.6201,1.0575,,
DATA,A007,1,565,1297168,-0.0292,0.0489,1.1451,4.2114,-5.6152,-9.7046,1.1465,,
DATA,A007,1,566,1297178,-0.0109,0.0355,1.1236,5.3711,-8.7280,-6.6528,1.1243,,
DATA,A007,1,567,1297188,-0.0011,0.0648,1.1090,3.3569,-17.7612,-7.4463,1.1109,,
DATA,A007,1,568,1297198,0.0458,0.0320,1.0907,2.8076,-22.3999,-8.0566,1.0921,,
DATA,A007,1,569,1297208,0.1303,0.0772,0.9967,8.4839,-28.3203,-9.3994,1.0081,,
DATA,A007,1,570,1297218,0.1391,0.0640,1.0069,3.1128,-24.5361,-12.0239,1.0185,,
DATA,A007,1,571,1297228,0.1674,0.0579,0.9452,5.4321,-18.3105,-11.1084,0.9616,,
DATA,A007,1,572,1297238,0.2096,0.0601,0.9332,6.1646,-8.2397,-9.2773,0.9584,,
DATA,A007,1,573,1297248,0.1112,0.0516,0.9669,7.0801,-1.4038,-11.7188,0.9747,,
DATA,A007,1,574,1297258,0.0914,0.0630,0.9947,7.6904,0.9155,-8.8501,1.0009,,
DATA,A007,1,575,1297268,0.0902,0.0667,1.0326,6.4697,3.6621,-7.5073,1.0387,,
DATA,A007,1,576,1297278,0.1168,0.0789,1.0763,2.9297,7.7515,-8.2397,1.0855,,
DATA,A007,1,577,1297288,0.1771,0.0670,1.0904,-1.5259,15.1978,-7.8125,1.1068,,
DATA,A007,1,578,1297298,0.2025,0.0608,1.1224,-10.3149,35.4614,-10.1318,1.1422,,
DATA,A007,1,579,1297308,0.1554,0.0633,1.1368,-16.7236,49.7437,-13.7939,1.1491,,
DATA,A007,1,580,1297318,0.0709,0.0806,1.1612,-24.5972,67.1997,-24.6582,1.1662,,
DATA,A007,1,581,1297328,0.0233,0.0679,1.1525,-30.7617,71.2891,-35.5835,1.1547,,
EVENT,A007,1,,1297337,,,,,,,,STOP,581
EVENT,A007,2,,1304450,,,,,,,,START,
DATA,A007,2,1,1304473,-0.0787,0.4732,0.7467,66.5283,87.5854,28.8696,0.8875,,
DATA,A007,2,2,1304483,-0.1810,0.5118,0.6385,77.4536,84.8999,44.9219,0.8381,,
DATA,A007,2,3,1304493,-0.2504,0.5267,0.5831,74.3408,65.4907,53.4058,0.8247,,
DATA,A007,2,4,1304503,-0.2528,0.5113,0.5384,60.5469,24.2310,63.1714,0.7844,,
DATA,A007,2,5,1304513,-0.1581,0.7906,0.5243,47.1191,11.5356,72.8760,0.9617,,
DATA,A007,2,6,1304523,-0.0380,0.5464,0.5572,43.7012,3.3569,83.8623,0.7814,,
DATA,A007,2,7,1304533,0.0480,0.5469,0.6212,39.1235,15.6250,89.9048,0.8291,,
DATA,A007,2,8,1304543,0.4420,0.6717,0.4310,39.7949,65.3076,102.6611,0.9123,,
DATA,A007,2,9,1304553,0.4694,0.7410,0.4913,55.1758,122.1924,180.8472,1.0054,,
DATA,A007,2,10,1304563,1.1237,0.4959,0.4139,119.1406,178.4668,233.0322,1.2961,,
DATA,A007,2,11,1304573,0.2216,0.7076,0.4669,68.2983,345.6421,134.7656,0.8762,,
DATA,A007,2,12,1304583,-0.0177,0.6141,0.4930,28.5034,373.4131,102.2339,0.7877,,
DATA,A007,2,13,1304593,0.0412,0.5250,0.4110,39.0015,374.0234,100.8301,0.6680,,
DATA,A007,2,14,1304603,0.0543,0.5733,0.4342,74.7681,368.7134,111.5723,0.7212,,
DATA,A007,2,15,1304613,-0.0585,0.8148,0.4669,96.8018,367.4316,117.7368,0.9409,,
DATA,A007,2,16,1304623,-0.2687,0.9009,0.4684,84.4116,360.8398,118.4082,1.0504,,
DATA,A007,2,17,1304633,-0.5504,0.9031,0.4142,65.7959,325.3784,118.1641,1.1358,,
DATA,A007,2,18,1304643,-0.6603,0.8699,0.4003,69.3970,283.2642,116.3330,1.1632,,
DATA,A007,2,19,1304653,-0.6669,0.8597,0.3905,84.6558,221.4966,116.2109,1.1560,,
DATA,A007,2,20,1304663,-0.5814,0.8592,0.3739,91.8579,185.4248,119.5679,1.1027,,
DATA,A007,2,21,1304673,-0.4413,0.8682,0.3866,99.1211,156.3110,124.3286,1.0478,,
DATA,A007,2,22,1304683,-0.3954,0.8956,0.3885,102.1118,148.9258,123.0469,1.0532,,
DATA,A007,2,23,1304693,-0.4012,0.9529,0.3905,103.5156,147.8271,119.7510,1.1052,,
DATA,A007,2,24,1304703,-0.4232,0.9893,0.3946,102.0508,145.0195,118.8965,1.1461,,
DATA,A007,2,25,1304713,-0.4891,1.0289,0.4100,98.6938,132.5684,118.0420,1.2108,,
DATA,A007,2,26,1304723,-0.5001,1.0406,0.4237,95.2759,121.1548,117.6758,1.2298,,
DATA,A007,2,27,1304733,-0.4471,1.0311,0.4401,88.3789,103.3325,117.3096,1.2069,,
DATA,A007,2,28,1304743,-0.3722,1.0201,0.4383,83.8623,97.9614,118.2861,1.1710,,
DATA,A007,2,29,1304753,-0.3109,1.0215,0.4232,77.2705,101.3184,118.6523,1.1486,,
DATA,A007,2,30,1304763,-0.3004,1.0372,0.4266,72.7539,111.5723,116.9434,1.1610,,
DATA,A007,2,31,1304773,-0.3236,1.0560,0.3876,63.0493,127.0752,113.1592,1.1705,,
DATA,A007,2,32,1304783,-0.3585,1.0552,0.3561,55.9082,133.3008,110.0464,1.1700,,
DATA,A007,2,33,1304793,-0.3839,1.0364,0.3119,46.7529,134.5825,103.0273,1.1484,,
DATA,A007,2,34,1304803,-0.3802,1.0311,0.2672,42.8467,130.4321,98.2666,1.1310,,
DATA,A007,2,35,1304813,-0.3678,1.0367,0.2242,39.7949,122.8027,91.3696,1.1226,,
DATA,A007,2,36,1304823,-0.3639,1.0508,0.2118,40.1001,118.2251,87.0972,1.1320,,
DATA,A007,2,37,1304833,-0.3763,1.0914,0.2140,40.1001,112.3657,80.1392,1.1741,,
DATA,A007,2,38,1304843,-0.3963,1.1063,0.2345,38.6353,108.4595,75.0732,1.1983,,
DATA,A007,2,39,1304853,-0.4068,1.1048,0.2777,33.5693,100.5859,67.1997,1.2096,,
DATA,A007,2,40,1304863,-0.4156,1.0770,0.2980,29.4800,93.1396,61.0962,1.1922,,
DATA,A007,2,41,1304873,-0.4264,1.0479,0.2955,23.6206,80.0781,50.4761,1.1693,,
DATA,A007,2,42,1304883,-0.4232,1.0308,0.2811,22.3999,70.3125,43.7622,1.1492,,
DATA,A007,2,43,1304893,-0.4078,1.0228,0.2811,22.7051,60.2417,36.9873,1.1364,,
DATA,A007,2,44,1304903,-0.3778,1.0357,0.2718,23.9258,47.1802,27.4658,1.1355,,
DATA,A007,2,45,1304913,-0.3358,1.0452,0.2787,23.0103,36.6821,19.2261,1.1327,,
DATA,A007,2,46,1304923,-0.3143,1.0413,0.2828,22.3389,31.7383,14.5264,1.1239,,
DATA,A007,2,47,1304933,-0.2884,1.0257,0.2989,20.1416,28.3813,8.1177,1.1066,,
DATA,A007,2,48,1304943,-0.2894,1.0142,0.2992,18.0664,27.2827,5.1270,1.0963,,
DATA,A007,2,49,1304953,-0.2811,1.0015,0.3092,17.1509,26.3062,1.6479,1.0852,,
DATA,A007,2,50,1304963,-0.2958,0.9898,0.3068,15.3809,22.2778,-2.1362,1.0776,,
DATA,A007,2,51,1304973,-0.3138,0.9881,0.2982,13.9771,15.8081,-4.3945,1.0788,,
DATA,A007,2,52,1304983,-0.3849,0.9964,0.2948,11.1694,-6.5308,-6.7139,1.1081,,
DATA,A007,2,53,1304993,-0.4205,1.0132,0.3116,8.8501,-25.6348,-6.8359,1.1404,,
DATA,A007,2,54,1305003,-0.3890,1.0530,0.3031,-1.7700,-55.2368,-7.8735,1.1628,,
DATA,A007,2,55,1305013,-0.3067,1.0499,0.2679,-12.4512,-69.0918,-8.7280,1.1261,,
DATA,A007,2,56,1305023,-0.1564,1.0132,0.1857,-25.5737,-68.6646,-9.2773,1.0419,,
DATA,A007,2,57,1305033,-0.0763,0.9810,0.1630,-30.5176,-52.3071,-9.8267,0.9974,,
DATA,A007,2,58,1305043,-0.0231,0.9358,0.1434,-35.2783,-11.7188,-7.6294,0.9471,,
DATA,A007,2,59,1305053,-0.0209,0.8980,0.1307,-35.7666,17.2729,-4.7607,0.9077,,
DATA,A007,2,60,1305063,-0.0716,0.8455,0.1422,-30.2124,52.2461,0.0000,0.8604,,
DATA,A007,2,61,1305073,-0.1080,0.8328,0.1366,-23.1323,66.1011,2.9907,0.8508,,
DATA,A007,2,62,1305083,-0.1061,0.8316,0.1632,-11.9629,75.0122,6.4697,0.8541,,
DATA,A007,2,63,1305093,-0.0787,0.8394,0.1891,-6.8359,79.2236,9.1553,0.8640,,
DATA,A007,2,64,1305103,-0.0399,0.8492,0.2035,-1.0986,88.6841,14.4653,0.8741,,
DATA,A007,2,65,1305113,-0.0260,0.8499,0.2064,2.1362,100.0366,16.6016,0.8750,,
DATA,A007,2,66,1305123,-0.0531,0.8480,0.2152,8.3618,123.7793,17.3950,0.8764,,
DATA,A007,2,67,1305133,-0.1031,0.8614,0.2208,12.7563,138.8550,17.3340,0.8952,,
DATA,A007,2,68,1305143,-0.1796,0.8968,0.2384,18.3105,153.3813,16.6626,0.9451,,
DATA,A007,2,69,1305153,-0.2123,0.9236,0.2574,20.8740,155.8228,16.7847,0.9821,,
DATA,A007,2,70,1305163,-0.2010,0.9632,0.2657,24.2310,156.3721,14.1602,1.0192,,
DATA,A007,2,71,1305173,-0.1820,0.9798,0.2650,24.8413,156.3721,13.0005,1.0312,,
DATA,A007,2,72,1305183,-0.1564,0.9942,0.2711,25.2686,159.8511,11.2305,1.0423,,
DATA,A007,2,73,1305193,-0.1612,1.0091,0.2604,24.1699,162.1094,10.8032,1.0545,,
DATA,A007,2,74,1305203,-0.1888,1.0132,0.2416,23.9868,161.7432,7.6294,1.0586,,
DATA,A007,2,75,1305213,-0.2128,1.0074,0.2308,24.2920,157.6538,6.0425,1.0552,,
DATA,A007,2,76,1305223,-0.2418,1.0025,0.2211,24.4751,145.8130,4.3945,1.0547,,
DATA,A007,2,77,1305233,-0.2472,0.9971,0.2176,25.0244,136.3525,3.2959,1.0501,,
DATA,A007,2,78,1305243,-0.2362,0.9827,0.2203,26.0010,126.4648,1.8311,1.0344,,
DATA,A007,2,79,1305253,-0.2179,0.9742,0.2306,28.5034,115.7837,-1.8311,1.0245,,
DATA,A007,2,80,1305263,-0.1981,0.9778,0.2445,28.9917,111.3892,-3.2959,1.0272,,
DATA,A007,2,81,1305273,-0.1669,0.9781,0.2760,28.3203,109.9854,-5.6152,1.0299,,
DATA,A007,2,82,1305283,-0.1261,0.9842,0.3050,26.6724,116.2109,-7.9956,1.0381,,
DATA,A007,2,83,1305293,-0.1102,0.9881,0.3119,24.2310,123.7183,-8.6060,1.0420,,
DATA,A007,2,84,1305303,-0.1051,0.9910,0.3109,21.0571,132.5684,-9.4604,1.0440,,
DATA,A007,2,85,1305313,-0.1341,0.9898,0.3131,17.2729,139.9536,-9.4604,1.0468,,
DATA,A007,2,86,1305323,-0.1673,0.9842,0.3160,14.8315,138.7329,-9.0942,1.0471,,
DATA,A007,2,87,1305333,-0.2306,0.9837,0.3075,11.2915,128.1128,-10.3149,1.0561,,
DATA,A007,2,88,1305343,-0.2652,0.9803,0.2980,9.3384,114.8682,-11.2915,1.0583,,
DATA,A007,2,89,1305353,-0.2948,0.9810,0.2784,7.5684,90.2710,-11.1084,1.0615,,
DATA,A007,2,90,1305363,-0.2977,0.9820,0.2613,6.5308,73.0591,-11.1084,1.0589,,
DATA,A007,2,91,1305373,-0.3041,0.9827,0.2377,4.3335,49.9878,-10.8643,1.0558,,
DATA,A007,2,92,1305383,-0.3109,0.9796,0.2213,3.5400,36.2549,-11.2915,1.0513,,
DATA,A007,2,93,1305393,-0.3016,0.9827,0.2269,2.9907,15.6250,-11.5967,1.0527,,
DATA,A007,2,94,1305403,-0.2809,0.9876,0.2308,1.7700,3.6621,-11.7188,1.0524,,
DATA,A007,2,95,1305413,-0.2257,0.9932,0.2296,-3.4790,-6.6528,-11.7188,1.0441,,
DATA,A007,2,96,1305423,-0.1854,0.9910,0.2057,-9.2163,-7.3242,-11.4136,1.0290,,
DATA,A007,2,97,1305433,-0.1278,0.9717,0.1525,-16.4795,3.9673,-11.9629,0.9919,,
DATA,A007,2,98,1305443,-0.0978,0.9625,0.1178,-17.7612,18.9209,-12.3291,0.9746,,
DATA,A007,2,99,1305453,-0.0882,0.9490,0.0873,-15.6860,47.4243,-13.1836,0.9571,,
DATA,A007,2,100,1305463,-0.1109,0.9444,0.0826,-13.7939,66.3452,-13.6108,0.9545,,
DATA,A007,2,101,1305473,-0.1835,0.9415,0.0929,-11.4746,85.3271,-14.0381,0.9637,,
DATA,A007,2,102,1305483,-0.2296,0.9402,0.1068,-10.6201,88.0737,-14.2212,0.9737,,
DATA,A007,2,103,1305493,-0.2796,0.9485,0.1227,-6.9580,80.3223,-16.6016,0.9965,,
DATA,A007,2,104,1305503,-0.2889,0.9537,0.1373,-5.5542,70.3735,-17.3340,1.0059,,
DATA,A007,2,105,1305513,-0.2674,0.9654,0.1600,-3.8452,55.3589,-18.6157,1.0145,,
DATA,A007,2,106,1305523,-0.2401,0.9717,0.1708,-3.4790,48.0957,-19.2871,1.0154,,
DATA,A007,2,107,1305533,-0.2103,0.9849,0.1876,-3.6621,42.9077,-20.5688,1.0245,,
DATA,A007,2,108,1305543,-0.2037,0.9879,0.1805,-5.6763,43.0298,-20.8130,1.0247,,
DATA,A007,2,109,1305553,-0.2079,0.9642,0.1576,-7.6904,45.0439,-22.6440,0.9988,,
DATA,A007,2,110,1305563,-0.2181,0.9537,0.1515,-7.0801,46.0815,-23.0103,0.9900,,
DATA,A007,2,111,1305573,-0.2301,0.9439,0.1461,-5.8594,45.6543,-22.8271,0.9825,,
DATA,A007,2,112,1305583,-0.2499,0.9446,0.1449,-1.8311,42.1753,-23.7427,0.9878,,
DATA,A007,2,113,1305593,-0.2628,0.9456,0.1449,-0.5493,37.1704,-23.6206,0.9921,,
DATA,A007,2,114,1305603,-0.2784,0.9456,0.1483,0.0610,24.3530,-21.7285,0.9968,,
DATA,A007,2,115,1305613,-0.2709,0.9410,0.1493,0.7324,14.4653,-21.3623,0.9905,,
DATA,A007,2,116,1305623,-0.2418,0.9415,0.1412,2.2583,3.1128,-20.6909,0.9822,,
DATA,A007,2,117,1305633,-0.2242,0.9451,0.1427,3.6011,-0.9766,-20.0195,0.9818,,
DATA,A007,2,118,1305643,-0.2086,0.9549,0.1478,4.3335,-2.1362,-18.2495,0.9885,,
DATA,A007,2,119,1305653,-0.2086,0.9561,0.1454,4.1504,-1.4038,-17.6392,0.9893,,
DATA,A007,2,120,1305663,-0.2071,0.9566,0.1381,3.7231,0.4272,-16.9678,0.9885,,
DATA,A007,2,121,1305673,-0.2088,0.9532,0.1356,4.2725,1.5259,-16.6016,0.9852,,
DATA,A007,2,122,1305683,-0.2076,0.9539,0.1376,5.0049,2.8687,-15.2588,0.9859,,
DATA,A007,2,123,1305693,-0.2008,0.9525,0.1359,5.1880,4.0894,-14.9536,0.9828,,
DATA,A007,2,124,1305703,-0.2018,0.9525,0.1356,6.1646,5.4932,-14.0991,0.9830,,
DATA,A007,2,125,1305713,-0.2032,0.9505,0.1349,6.9580,6.5918,-13.6108,0.9813,,
DATA,A007,2,126,1305723,-0.2037,0.9542,0.1390,8.0566,8.0566,-12.5732,0.9855,,
DATA,A007,2,127,1305733,-0.2071,0.9515,0.1439,8.7891,8.6060,-12.0239,0.9843,,
DATA,A007,2,128,1305743,-0.2179,0.9507,0.1527,10.0098,9.3384,-11.4136,0.9873,,
DATA,A007,2,129,1305753,-0.2237,0.9488,0.1539,10.4370,9.3384,-10.7422,0.9869,,
DATA,A007,2,130,1305763,-0.2294,0.9485,0.1578,10.9863,8.1177,-9.8877,0.9886,,
DATA,A007,2,131,1305773,-0.2313,0.9473,0.1559,11.2915,6.9580,-9.6436,0.9875,,
DATA,A007,2,132,1305783,-0.2364,0.9471,0.1578,12.9395,4.2114,-9.3994,0.9888,,
DATA,A007,2,133,1305793,-0.2335,0.9463,0.1578,13.3057,2.2583,-9.0942,0.9874,,
DATA,A007,2,134,1305803,-0.2401,0.9466,0.1539,14.0381,-0.4883,-9.2773,0.9886,,
DATA,A007,2,135,1305813,-0.2452,0.9437,0.1544,14.8926,-2.0752,-9.0942,0.9872,,
DATA,A007,2,136,1305823,-0.2438,0.9449,0.1561,16.3574,-4.1504,-9.2773,0.9882,,
DATA,A007,2,137,1305833,-0.2491,0.9483,0.1586,17.3340,-5.4932,-9.4604,0.9932,,
DATA,A007,2,138,1305843,-0.2616,0.9512,0.1608,18.3105,-8.1787,-9.0942,0.9996,,
DATA,A007,2,139,1305853,-0.2623,0.9525,0.1622,18.2495,-10.6201,-9.0942,1.0011,,
DATA,A007,2,140,1305863,-0.2525,0.9576,0.1639,18.5547,-13.3057,-9.2773,1.0038,,
DATA,A007,2,141,1305873,-0.2511,0.9568,0.1652,18.4326,-14.2212,-9.3994,1.0029,,
DATA,A007,2,142,1305883,-0.2567,0.9522,0.1630,18.1274,-15.2588,-9.2773,0.9996,,
DATA,A007,2,143,1305893,-0.2574,0.9576,0.1642,17.5171,-15.6860,-9.6436,1.0051,,
DATA,A007,2,144,1305903,-0.2472,0.9544,0.1649,16.9067,-15.6250,-10.2539,0.9996,,
DATA,A007,2,145,1305913,-0.2474,0.9512,0.1652,16.6626,-14.8926,-10.1318,0.9967,,
DATA,A007,2,146,1305923,-0.2452,0.9588,0.1673,15.9912,-13.7329,-10.1929,1.0037,,
DATA,A007,2,147,1305933,-0.2411,0.9566,0.1695,14.3433,-12.2681,-10.5591,1.0010,,
DATA,A007,2,148,1305943,-0.2352,0.9554,0.1717,13.1836,-10.6201,-10.4980,0.9988,,
DATA,A007,2,149,1305953,-0.2330,0.9534,0.1781,12.1460,-7.9346,-11.0474,0.9975,,
DATA,A007,2,150,1305963,-0.2342,0.9532,0.1764,11.2305,-5.6152,-11.4136,0.9973,,
DATA,A007,2,151,1305973,-0.2433,0.9522,0.1837,11.2305,-4.3945,-11.5967,0.9998,,
DATA,A007,2,152,1305983,-0.2396,0.9578,0.1876,11.2915,-5.2490,-11.9019,1.0050,,
DATA,A007,2,153,1305993,-0.2316,0.9632,0.1893,10.1318,-6.0425,-12.2070,1.0086,,
DATA,A007,2,154,1306003,-0.2242,0.9688,0.1901,8.9722,-5.9204,-12.0850,1.0124,,
DATA,A007,2,155,1306013,-0.2215,0.9691,0.1866,6.9580,-4.6387,-11.9019,1.0114,,
DATA,A007,2,156,1306023,-0.2164,0.9673,0.1844,5.8594,-3.8452,-11.7188,1.0083,,
DATA,A007,2,157,1306033,-0.2132,0.9620,0.1786,4.5166,-2.6245,-11.2305,1.0014,,
DATA,A007,2,158,1306043,-0.2137,0.9564,0.1749,3.9673,-1.2817,-11.0474,0.9954,,
DATA,A007,2,159,1306053,-0.2120,0.9542,0.1732,3.8452,0.0610,-10.7422,0.9927,,
DATA,A007,2,160,1306063,-0.2096,0.9586,0.1691,3.5400,1.1597,-10.8032,0.9957,,
DATA,A007,2,161,1306073,-0.2086,0.9583,0.1703,3.1128,2.9297,-10.7422,0.9954,,
DATA,A007,2,162,1306083,-0.2150,0.9605,0.1661,2.8076,4.2114,-10.6201,0.9982,,
DATA,A007,2,163,1306093,-0.2103,0.9578,0.1590,2.9297,6.2256,-11.1694,0.9935,,
DATA,A007,2,164,1306103,-0.2132,0.9647,0.1549,2.1973,7.3242,-10.4370,1.0000,,
DATA,A007,2,165,1306113,-0.2196,0.9605,0.1522,2.1362,9.2773,-10.4370,0.9970,,
DATA,A007,2,166,1306123,-0.2167,0.9620,0.1444,2.0752,10.3760,-10.4370,0.9966,,
DATA,A007,2,167,1306133,-0.2235,0.9595,0.1427,1.7700,12.2681,-10.0708,0.9955,,
DATA,A007,2,168,1306143,-0.2269,0.9610,0.1385,1.8311,12.7563,-9.9487,0.9971,,
DATA,A007,2,169,1306153,-0.2269,0.9595,0.1393,1.9531,13.2446,-9.8877,0.9958,,
DATA,A007,2,170,1306163,-0.2281,0.9561,0.1442,1.9531,13.3057,-9.7046,0.9935,,
DATA,A007,2,171,1306173,-0.2279,0.9559,0.1407,2.2583,13.6108,-9.9487,0.9927,,
DATA,A007,2,172,1306183,-0.2255,0.9564,0.1400,2.5024,13.7329,-9.8877,0.9925,,
DATA,A007,2,173,1306193,-0.2242,0.9576,0.1437,2.9297,14.4043,-10.0098,0.9939,,
DATA,A007,2,174,1306203,-0.2230,0.9610,0.1420,3.2959,15.0146,-10.0708,0.9967,,
DATA,A007,2,175,1306213,-0.2240,0.9568,0.1424,3.2959,15.9302,-9.9487,0.9930,,
DATA,A007,2,176,1306223,-0.2252,0.9551,0.1446,3.2959,16.4795,-9.9487,0.9919,,
DATA,A007,2,177,1306233,-0.2237,0.9537,0.1446,3.4790,17.5171,-9.3384,0.9902,,
DATA,A007,2,178,1306243,-0.2218,0.9525,0.1478,3.7231,17.7002,-9.3384,0.9890,,
DATA,A007,2,179,1306253,-0.2286,0.9507,0.1517,4.0283,18.0054,-9.2773,0.9895,,
DATA,A007,2,180,1306263,-0.2289,0.9498,0.1515,4.5166,18.1885,-8.9722,0.9886,,
DATA,A007,2,181,1306273,-0.2269,0.9490,0.1566,4.5776,18.2495,-8.8501,0.9883,,
DATA,A007,2,182,1306283,-0.2313,0.9495,0.1583,4.9438,18.0664,-8.7891,0.9900,,
DATA,A007,2,183,1306293,-0.2296,0.9478,0.1569,5.1270,17.9443,-8.6060,0.9878,,
DATA,A007,2,184,1306303,-0.2320,0.9510,0.1612,5.4321,17.4561,-8.6060,0.9921,,
DATA,A007,2,185,1306313,-0.2372,0.9551,0.1617,5.6152,17.2729,-8.4839,0.9973,,
DATA,A007,2,186,1306323,-0.2367,0.9581,0.1622,5.6763,16.4795,-8.2397,1.0001,,
DATA,A007,2,187,1306333,-0.2411,0.9559,0.1615,5.6152,16.2964,-8.1787,0.9989,,
DATA,A007,2,188,1306343,-0.2367,0.9593,0.1608,5.4321,15.8081,-8.2397,1.0010,,
DATA,A007,2,189,1306353,-0.2340,0.9554,0.1615,5.4321,15.6860,-8.1177,0.9968,,
DATA,A007,2,190,1306363,-0.2342,0.9573,0.1627,5.2490,15.9912,-8.1787,0.9989,,
DATA,A007,2,191,1306373,-0.2340,0.9568,0.1598,5.1880,16.2354,-8.1787,0.9979,,
DATA,A007,2,192,1306383,-0.2379,0.9586,0.1561,5.1270,16.6016,-8.1787,0.9999,,
DATA,A007,2,193,1306393,-0.2450,0.9551,0.1605,5.0049,16.5405,-8.3008,0.9990,,
DATA,A007,2,194,1306403,-0.2401,0.9517,0.1588,4.8218,16.2964,-8.4229,0.9943,,
DATA,A007,2,195,1306413,-0.2411,0.9507,0.1583,4.8218,16.1743,-8.4229,0.9935,,
DATA,A007,2,196,1306423,-0.2430,0.9498,0.1569,4.6997,15.8691,-8.5449,0.9928,,
DATA,A007,2,197,1306433,-0.2423,0.9520,0.1549,4.8218,15.4419,-8.3008,0.9945,,
DATA,A007,2,198,1306443,-0.2408,0.9488,0.1566,5.1270,14.7705,-8.4229,0.9913,,
DATA,A007,2,199,1306453,-0.2438,0.9507,0.1610,5.4932,14.2822,-8.5449,0.9946,,
DATA,A007,2,200,1306463,-0.2457,0.9556,0.1586,5.8594,13.3667,-8.7280,0.9994,,
DATA,A007,2,201,1306473,-0.2411,0.9588,0.1586,5.9204,12.6953,-8.7891,1.0013,,
DATA,A007,2,202,1306483,-0.2408,0.9551,0.1566,5.7983,12.3901,-8.5449,0.9974,,
DATA,A007,2,203,1306493,-0.2401,0.9559,0.1551,5.8594,12.2070,-8.3618,0.9977,,
DATA,A007,2,204,1306503,-0.2364,0.9561,0.1527,5.3711,12.0239,-8.3008,0.9967,,
DATA,A007,2,205,1306513,-0.2394,0.9556,0.1539,5.5542,11.9019,-8.2397,0.9971,,
DATA,A007,2,206,1306523,-0.2374,0.9498,0.1556,5.6152,11.7798,-8.5449,0.9913,,
DATA,A007,2,207,1306533,-0.2352,0.9512,0.1620,5.7983,11.4746,-8.6670,0.9932,,
DATA,A007,2,208,1306543,-0.2362,0.9529,0.1564,6.2256,11.2305,-9.0332,0.9941,,
DATA,A007,2,209,1306553,-0.2328,0.9586,0.1561,6.2866,11.3525,-9.0332,0.9987,,
DATA,A007,2,210,1306563,-0.2298,0.9612,0.1525,5.8594,11.5967,-8.9111,1.0000,,
DATA,A007,2,211,1306573,-0.2294,0.9590,0.1517,5.3711,11.9019,-8.7280,0.9977,,
DATA,A007,2,212,1306583,-0.2311,0.9539,0.1527,5.1270,12.4512,-8.4229,0.9933,,
DATA,A007,2,213,1306593,-0.2303,0.9544,0.1542,5.1270,12.8174,-8.3008,0.9938,,
DATA,A007,2,214,1306603,-0.2357,0.9559,0.1554,5.3101,13.1226,-8.3008,0.9967,,
DATA,A007,2,215,1306613,-0.2355,0.9566,0.1566,5.6152,12.5122,-8.2397,0.9975,,
DATA,A007,2,216,1306623,-0.2367,0.9581,0.1554,5.4321,12.2070,-8.2397,0.9990,,
DATA,A007,2,217,1306633,-0.2335,0.9598,0.1532,5.0049,11.9629,-8.4229,0.9996,,
DATA,A007,2,218,1306643,-0.2308,0.9605,0.1498,4.9438,11.9019,-8.4839,0.9991,,
DATA,A007,2,219,1306653,-0.2272,0.9583,0.1488,4.5776,11.6577,-8.7280,0.9960,,
DATA,A007,2,220,1306663,-0.2242,0.9612,0.1483,4.6997,12.0239,-8.7280,0.9981,,
DATA,A007,2,221,1306673,-0.2220,0.9615,0.1534,4.6387,12.5122,-8.7280,0.9986,,
DATA,A007,2,222,1306683,-0.2213,0.9588,0.1510,4.6997,13.2446,-8.8501,0.9955,,
DATA,A007,2,223,1306693,-0.2220,0.9581,0.1537,4.6387,14.4653,-8.7891,0.9954,,
DATA,A007,2,224,1306703,-0.2223,0.9590,0.1481,4.5166,15.1367,-8.5449,0.9955,,
DATA,A007,2,225,1306713,-0.2255,0.9608,0.1498,4.2725,16.2354,-8.3618,0.9981,,
DATA,A007,2,226,1306723,-0.2235,0.9590,0.1483,4.2114,16.7236,-8.3618,0.9958,,
DATA,A007,2,227,1306733,-0.2276,0.9568,0.1473,4.2725,16.9678,-8.3618,0.9945,,
DATA,A007,2,228,1306743,-0.2274,0.9625,0.1510,4.5776,17.1509,-8.4839,1.0004,,
DATA,A007,2,229,1306753,-0.2320,0.9703,0.1556,4.9438,16.6626,-8.3008,1.0097,,
DATA,A007,2,230,1306763,-0.2308,0.9715,0.1561,4.4556,16.2354,-8.1787,1.0107,,
DATA,A007,2,231,1306773,-0.2316,0.9649,0.1583,2.8687,15.5029,-8.1787,1.0048,,
DATA,A007,2,232,1306783,-0.2250,0.9544,0.1532,2.2583,15.2588,-8.1787,0.9925,,
DATA,A007,2,233,1306793,-0.2189,0.9481,0.1449,2.0142,15.8691,-8.6060,0.9837,,
DATA,A007,2,234,1306803,-0.2164,0.9505,0.1429,2.1973,16.4795,-8.9111,0.9852,,
DATA,A007,2,235,1306813,-0.2098,0.9590,0.1363,2.0142,18.0054,-9.1553,0.9912,,
DATA,A007,2,236,1306823,-0.2091,0.9634,0.1332,1.5869,18.9209,-9.0332,0.9948,,
DATA,A007,2,237,1306833,-0.2125,0.9634,0.1376,1.7090,19.8975,-9.0332,0.9961,,
DATA,A007,2,238,1306843,-0.2118,0.9647,0.1427,1.7700,20.3247,-8.9111,0.9979,,
DATA,A007,2,239,1306853,-0.2115,0.9654,0.1442,1.8311,21.2402,-8.4229,0.9988,,
DATA,A007,2,240,1306863,-0.2135,0.9688,0.1476,1.5869,21.9116,-7.9346,1.0030,,
DATA,A007,2,241,1306873,-0.2147,0.9671,0.1439,1.3428,23.1934,-7.3853,1.0010,,
DATA,A007,2,242,1306883,-0.2159,0.9676,0.1449,1.7090,23.6816,-7.1411,1.0019,,
DATA,A007,2,243,1306893,-0.2198,0.9683,0.1444,2.1973,23.3154,-6.1646,1.0034,,
DATA,A007,2,244,1306903,-0.2228,0.9693,0.1471,2.3804,22.4609,-5.7983,1.0054,,
DATA,A007,2,245,1306913,-0.2169,0.9732,0.1468,2.3804,21.5454,-5.5542,1.0078,,
DATA,A007,2,246,1306923,-0.2093,0.9749,0.1493,1.7700,21.2402,-5.4932,1.0082,,
DATA,A007,2,247,1306933,-0.2030,0.9708,0.1532,1.5869,22.2168,-5.6152,1.0035,,
DATA,A007,2,248,1306943,-0.2001,0.9666,0.1588,1.6479,24.4141,-5.7373,0.9998,,
DATA,A007,2,249,1306953,-0.2025,0.9620,0.1564,1.5869,25.7568,-6.1035,0.9954,,
DATA,A007,2,250,1306963,-0.2015,0.9605,0.1559,1.1597,27.4048,-6.2866,0.9937,,
DATA,A007,2,251,1306973,-0.2062,0.9612,0.1544,1.0986,28.5034,-6.1646,0.9952,,
DATA,A007,2,252,1306983,-0.2071,0.9627,0.1505,1.2207,29.9683,-6.2256,0.9962,,
DATA,A007,2,253,1306993,-0.2088,0.9590,0.1525,0.1831,30.9448,-5.1880,0.9933,,
DATA,A007,2,254,1307003,-0.2108,0.9571,0.1529,-0.6714,32.7148,-4.7607,0.9919,,
DATA,A007,2,255,1307013,-0.2120,0.9551,0.1551,-0.6714,33.8135,-4.6387,0.9906,,
DATA,A007,2,256,1307023,-0.2233,0.9529,0.1566,-1.0376,35.1562,-4.4556,0.9912,,
DATA,A007,2,257,1307033,-0.2235,0.9515,0.1581,-1.1597,36.0718,-4.6387,0.9901,,
DATA,A007,2,258,1307043,-0.2215,0.9554,0.1542,-1.5869,37.5366,-5.0659,0.9928,,
DATA,A007,2,259,1307053,-0.2262,0.9620,0.1529,-2.0142,38.6353,-5.3101,1.0000,,
DATA,A007,2,260,1307063,-0.2308,0.9588,0.1512,-2.8687,39.9170,-5.6763,0.9977,,
DATA,A007,2,261,1307073,-0.2325,0.9588,0.1520,-2.9907,40.1001,-6.2256,0.9982,,
DATA,A007,2,262,1307083,-0.2355,0.9710,0.1581,-2.6855,39.1846,-6.7749,1.0116,,
DATA,A007,2,263,1307093,-0.2345,0.9693,0.1561,-3.4180,38.7573,-7.2632,1.0094,,
DATA,A007,2,264,1307103,-0.2291,0.9642,0.1507,-4.1504,38.6963,-8.0566,1.0024,,
DATA,A007,2,265,1307113,-0.2230,0.9612,0.1549,-4.0894,39.1235,-8.5449,0.9989,,
DATA,A007,2,266,1307123,-0.2259,0.9610,0.1527,-4.4556,40.1001,-8.7891,0.9989,,
DATA,A007,2,267,1307133,-0.2298,0.9568,0.1473,-4.9438,40.7715,-9.2163,0.9950,,
DATA,A007,2,268,1307143,-0.2230,0.9520,0.1451,-5.4932,41.3818,-9.4604,0.9884,,
DATA,A007,2,269,1307153,-0.2262,0.9471,0.1420,-5.4321,42.0532,-9.2163,0.9840,,
DATA,A007,2,270,1307163,-0.2255,0.9476,0.1429,-5.0659,43.5791,-8.6670,0.9845,,
DATA,A007,2,271,1307173,-0.2264,0.9446,0.1512,-4.6997,44.0674,-8.2397,0.9831,,
DATA,A007,2,272,1307183,-0.2272,0.9483,0.1588,-3.4180,44.3726,-7.5684,0.9880,,
DATA,A007,2,273,1307193,-0.2330,0.9490,0.1608,-2.9297,44.1895,-7.2021,0.9904,,
DATA,A007,2,274,1307203,-0.2338,0.9542,0.1637,-2.8076,42.8467,-6.5918,0.9959,,
DATA,A007,2,275,1307213,-0.2338,0.9520,0.1617,-2.6855,41.3208,-6.2256,0.9935,,
DATA,A007,2,276,1307223,-0.2303,0.9578,0.1595,-2.4414,39.6118,-5.6763,0.9980,,
DATA,A007,2,277,1307233,-0.2272,0.9598,0.1569,-1.8921,38.8794,-5.4932,0.9987,,
DATA,A007,2,278,1307243,-0.2220,0.9678,0.1595,-2.0752,38.4521,-5.1880,1.0057,,
DATA,A007,2,279,1307253,-0.2230,0.9693,0.1603,-2.2583,38.3911,-5.0049,1.0074,,
DATA,A007,2,280,1307263,-0.2242,0.9725,0.1625,-3.2349,38.7573,-4.5776,1.0111,,
DATA,A007,2,281,1307273,-0.2220,0.9742,0.1625,-3.9062,38.8184,-4.3945,1.0123,,
DATA,A007,2,282,1307283,-0.2225,0.9671,0.1625,-4.3945,39.3066,-4.1504,1.0056,,
DATA,A007,2,283,1307293,-0.2220,0.9656,0.1581,-4.5166,39.6729,-4.0894,1.0034,,
DATA,A007,2,284,1307303,-0.2235,0.9625,0.1573,-4.6997,40.4053,-3.8452,1.0005,,
DATA,A007,2,285,1307313,-0.2233,0.9566,0.1559,-4.6387,41.4429,-3.7842,0.9946,,
DATA,A007,2,286,1307323,-0.2281,0.9583,0.1556,-4.8218,42.1753,-3.7231,0.9973,,
DATA,A007,2,287,1307333,-0.2272,0.9505,0.1544,-4.6387,43.2129,-3.8452,0.9894,,
DATA,A007,2,288,1307343,-0.2276,0.9442,0.1569,-4.5166,44.2505,-3.7231,0.9838,,
DATA,A007,2,289,1307353,-0.2286,0.9415,0.1576,-3.8452,46.0815,-3.7842,0.9816,,
DATA,A007,2,290,1307363,-0.2355,0.9388,0.1561,-3.2349,47.8516,-3.9062,0.9804,,
DATA,A007,2,291,1307373,-0.2442,0.9410,0.1576,-2.3193,49.4995,-3.3569,0.9848,,
DATA,A007,2,292,1307383,-0.2518,0.9407,0.1600,-2.0752,50.8423,-3.5400,0.9869,,
DATA,A007,2,293,1307393,-0.2640,0.9495,0.1612,-0.5493,51.0864,-4.0894,0.9986,,
DATA,A007,2,294,1307403,-0.2689,0.9444,0.1610,-0.5493,50.2319,-3.6621,0.9950,,
DATA,A007,2,295,1307413,-0.2689,0.9512,0.1612,0.8545,48.7671,-3.9062,1.0016,,
DATA,A007,2,296,1307423,-0.2767,0.9481,0.1649,0.3662,47.9736,-4.2725,1.0013,,
DATA,A007,2,297,1307433,-0.2792,0.9434,0.1713,0.7935,44.4946,-4.1504,0.9986,,
DATA,A007,2,298,1307443,-0.2687,0.9405,0.1664,-0.2441,43.3960,-5.6763,0.9922,,
DATA,A007,2,299,1307453,-0.2740,0.9329,0.1710,-0.6714,42.2974,-5.6763,0.9873,,
DATA,A007,2,300,1307463,-0.2748,0.9288,0.1698,-0.4883,41.2598,-5.9814,0.9833,,
DATA,A007,2,301,1307473,-0.2740,0.9322,0.1742,-0.1831,40.4663,-6.4697,0.9871,,
DATA,A007,2,302,1307483,-0.2745,0.9373,0.1781,0.4272,39.7949,-7.0190,0.9928,,
DATA,A007,2,303,1307493,-0.2760,0.9485,0.1830,0.6104,38.5132,-7.5073,1.0047,,
DATA,A007,2,304,1307503,-0.2755,0.9517,0.1866,0.4272,37.5366,-7.5073,1.0082,,
DATA,A007,2,305,1307513,-0.2735,0.9534,0.1837,-0.3662,35.1562,-7.6904,1.0088,,
DATA,A007,2,306,1307523,-0.2713,0.9498,0.1825,-0.9155,33.8745,-7.8735,1.0045,,
DATA,A007,2,307,1307533,-0.2726,0.9517,0.1805,-1.0376,31.9824,-7.9956,1.0063,,
DATA,A007,2,308,1307543,-0.2721,0.9478,0.1803,-1.2817,30.7617,-8.0566,1.0024,,
DATA,A007,2,309,1307553,-0.2694,0.9466,0.1778,-1.1597,28.9917,-8.1787,1.0001,,
DATA,A007,2,310,1307563,-0.2711,0.9500,0.1781,-1.2817,27.8931,-8.1787,1.0039,,
DATA,A007,2,311,1307573,-0.2694,0.9483,0.1737,-1.4648,26.5503,-8.1787,1.0010,,
DATA,A007,2,312,1307583,-0.2716,0.9427,0.1708,-1.8311,25.8179,-8.1787,0.9958,,
DATA,A007,2,313,1307593,-0.2755,0.9400,0.1695,-1.4648,24.7803,-8.1177,0.9941,,
DATA,A007,2,314,1307603,-0.2706,0.9388,0.1720,-1.0376,23.5596,-8.3008,0.9920,,
DATA,A007,2,315,1307613,-0.2682,0.9398,0.1742,-0.7935,22.8882,-8.6670,0.9927,,
DATA,A007,2,316,1307623,-0.2635,0.9437,0.1705,-0.3052,22.9492,-8.9111,0.9945,,
DATA,A007,2,317,1307633,-0.2682,0.9429,0.1676,-0.2441,23.0103,-8.9111,0.9945,,
DATA,A007,2,318,1307643,-0.2689,0.9456,0.1676,-0.3662,22.8271,-8.9722,0.9973,,
DATA,A007,2,319,1307653,-0.2652,0.9420,0.1647,-0.6714,22.7661,-9.2163,0.9923,,
DATA,A007,2,320,1307663,-0.2704,0.9422,0.1654,0.2441,22.4609,-9.5825,0.9941,,
DATA,A007,2,321,1307673,-0.2655,0.9432,0.1715,0.3662,21.7285,-10.0098,0.9947,,
DATA,A007,2,322,1307683,-0.2674,0.9420,0.1757,1.0376,21.3623,-10.3149,0.9948,,
DATA,A007,2,323,1307693,-0.2692,0.9459,0.1766,1.1597,20.8130,-10.4980,0.9991,,
DATA,A007,2,324,1307703,-0.2726,0.9471,0.1759,1.3428,19.3481,-10.6201,1.0011,,
DATA,A007,2,325,1307713,-0.2716,0.9468,0.1774,1.0986,18.5547,-10.4370,1.0009,,
DATA,A007,2,326,1307723,-0.2670,0.9466,0.1722,0.5493,17.5781,-10.2539,0.9985,,
DATA,A007,2,327,1307733,-0.2706,0.9468,0.1754,0.3052,17.0288,-10.2539,1.0002,,
DATA,A007,2,328,1307743,-0.2743,0.9412,0.1781,0.9766,15.7471,-9.8877,0.9964,,
DATA,A007,2,329,1307753,-0.2745,0.9398,0.1796,1.2817,14.2822,-9.7656,0.9954,,
DATA,A007,2,330,1307763,-0.2692,0.9378,0.1827,1.6479,12.7563,-9.3994,0.9926,,
DATA,A007,2,331,1307773,-0.2757,0.9407,0.1808,1.7700,11.7188,-9.4604,0.9968,,
DATA,A007,2,332,1307783,-0.2760,0.9424,0.1754,2.1973,9.6436,-9.7046,0.9976,,
DATA,A007,2,333,1307793,-0.2713,0.9449,0.1730,2.5635,8.1177,-9.7046,0.9982,,
DATA,A007,2,334,1307803,-0.2706,0.9459,0.1703,2.5635,6.7749,-9.8877,0.9984,,
DATA,A007,2,335,1307813,-0.2692,0.9488,0.1691,2.5635,5.7983,-9.7046,1.0006,,
DATA,A007,2,336,1307823,-0.2643,0.9517,0.1739,2.3804,4.7607,-9.7656,1.0029,,
DATA,A007,2,337,1307833,-0.2645,0.9471,0.1742,2.5024,4.2114,-9.5215,0.9986,,
DATA,A007,2,338,1307843,-0.2613,0.9434,0.1725,2.5635,3.6621,-9.7656,0.9940,,
DATA,A007,2,339,1307853,-0.2562,0.9356,0.1710,3.0518,3.6011,-9.9487,0.9850,,
DATA,A007,2,340,1307863,-0.2525,0.9378,0.1695,3.7842,3.6621,-10.0708,0.9859,,
DATA,A007,2,341,1307873,-0.2501,0.9378,0.1681,4.3945,3.6621,-10.2539,0.9850,,
DATA,A007,2,342,1307883,-0.2440,0.9300,0.1671,5.1270,4.2114,-10.6201,0.9759,,
DATA,A007,2,343,1307893,-0.2438,0.9271,0.1708,5.7373,4.7607,-10.8643,0.9737,,
DATA,A007,2,344,1307903,-0.2411,0.9354,0.1700,7.0190,6.0425,-10.9863,0.9808,,
DATA,A007,2,345,1307913,-0.2411,0.9405,0.1708,7.1411,6.6528,-10.9863,0.9858,,
DATA,A007,2,346,1307923,-0.2411,0.9495,0.1759,7.2021,8.3008,-10.6812,0.9953,,
DATA,A007,2,347,1307933,-0.2455,0.9515,0.1778,7.2021,9.3384,-10.2539,0.9986,,
DATA,A007,2,348,1307943,-0.2469,0.9549,0.1791,6.6528,10.6201,-9.5825,1.0024,,
DATA,A007,2,349,1307953,-0.2565,0.9525,0.1793,6.4697,10.9253,-9.2163,1.0025,,
DATA,A007,2,350,1307963,-0.2616,0.9522,0.1869,6.1035,10.9253,-8.9722,1.0050,,
DATA,A007,2,351,1307973,-0.2672,0.9520,0.1854,5.9814,10.1929,-8.6670,1.0060,,
DATA,A007,2,352,1307983,-0.2652,0.9505,0.1861,5.6763,9.5825,-8.4229,1.0042,,
DATA,A007,2,353,1307993,-0.2628,0.9476,0.1847,5.6152,8.3618,-8.4839,1.0005,,
DATA,A007,2,354,1308003,-0.2718,0.9478,0.1852,5.6763,7.3853,-8.4229,1.0033,,
DATA,A007,2,355,1308013,-0.2648,0.9471,0.1854,5.4321,6.2256,-8.6670,1.0007,,
DATA,A007,2,356,1308023,-0.2662,0.9454,0.1852,5.3711,5.6152,-8.7891,0.9994,,
DATA,A007,2,357,1308033,-0.2616,0.9461,0.1854,5.2490,5.1270,-9.2773,0.9990,,
DATA,A007,2,358,1308043,-0.2594,0.9429,0.1832,5.1880,4.5166,-9.5215,0.9950,,
DATA,A007,2,359,1308053,-0.2635,0.9383,0.1800,5.2490,4.3335,-10.0708,0.9911,,
DATA,A007,2,360,1308063,-0.2609,0.9380,0.1788,5.3101,3.9673,-10.3149,0.9899,,
DATA,A007,2,361,1308073,-0.2569,0.9442,0.1778,5.8594,3.6011,-10.5591,0.9945,,
DATA,A007,2,362,1308083,-0.2530,0.9437,0.1793,6.2256,3.6621,-10.7422,0.9933,,
DATA,A007,2,363,1308093,-0.2521,0.9476,0.1800,6.2256,3.7842,-10.9253,0.9969,,
DATA,A007,2,364,1308103,-0.2516,0.9485,0.1808,6.2256,3.9673,-11.1084,0.9979,,
DATA,A007,2,365,1308113,-0.2501,0.9481,0.1776,6.2866,4.2114,-11.2915,0.9964,,
DATA,A007,2,366,1308123,-0.2518,0.9500,0.1774,6.1646,4.3945,-11.2915,0.9987,,
DATA,A007,2,367,1308133,-0.2518,0.9566,0.1820,5.6763,4.5166,-11.2915,1.0058,,
DATA,A007,2,368,1308143,-0.2494,0.9532,0.1822,5.0659,4.7607,-11.2915,1.0020,,
DATA,A007,2,369,1308153,-0.2445,0.9517,0.1837,4.3335,5.3101,-11.2305,0.9996,,
DATA,A007,2,370,1308163,-0.2425,0.9439,0.1827,4.2114,5.7983,-11.3525,0.9916,,
DATA,A007,2,371,1308173,-0.2396,0.9398,0.1805,4.2114,6.3477,-11.7188,0.9865,,
DATA,A007,2,372,1308183,-0.2357,0.9385,0.1820,4.1504,7.6294,-11.9019,0.9846,,
DATA,A007,2,373,1308193,-0.2235,0.9334,0.1796,4.3335,10.0708,-12.6343,0.9764,,
DATA,A007,2,374,1308203,-0.2167,0.9376,0.1778,4.5166,12.6953,-13.0615,0.9786,,
DATA,A007,2,375,1308213,-0.2162,0.9427,0.1757,4.6997,17.8833,-13.6719,0.9830,,
DATA,A007,2,376,1308223,-0.2208,0.9493,0.1739,4.3335,21.8506,-13.6719,0.9900,,
DATA,A007,2,377,1308233,-0.2306,0.9559,0.1700,3.2349,27.7710,-13.9771,0.9979,,
DATA,A007,2,378,1308243,-0.2433,0.9695,0.1659,2.1973,31.1890,-14.0991,1.0133,,
DATA,A007,2,379,1308253,-0.2853,0.9920,0.1654,0.2441,33.8745,-13.8550,1.0454,,
DATA,A007,2,380,1308263,-0.3187,1.0081,0.1725,-1.8921,33.4473,-13.5498,1.0713,,
DATA,A007,2,381,1308273,-0.3771,1.0135,0.1852,-7.3853,27.8320,-13.1836,1.0971,,
DATA,A007,2,382,1308283,-0.3746,0.9952,0.1988,-10.8032,21.6675,-14.4653,1.0818,,
DATA,A007,2,383,1308293,-0.3768,0.9537,0.1905,-13.1226,15.5029,-16.4795,1.0430,,
DATA,A007,2,384,1308303,-0.3678,0.9439,0.1771,-12.3291,11.6577,-19.6533,1.0284,,
DATA,A007,2,385,1308313,-0.3732,0.9578,0.1695,-13.0615,8.3618,-23.3154,1.0418,,
DATA,A007,2,386,1308323,-0.3773,0.9708,0.1705,-12.2070,3.0518,-27.8320,1.0554,,
DATA,A007,2,387,1308333,-0.3902,0.9654,0.1859,-13.7329,-4.3945,-30.2124,1.0577,,
DATA,A007,2,388,1308343,-0.3812,0.9612,0.1981,-15.1978,-18.3716,-33.3252,1.0529,,
DATA,A007,2,389,1308353,-0.3871,0.9505,0.2001,-17.2729,-27.5879,-35.1562,1.0456,,
DATA,A007,2,390,1308363,-0.3697,0.9310,0.1886,-20.3247,-39.2456,-37.8418,1.0193,,
DATA,A007,2,391,1308373,-0.3453,0.9271,0.1866,-19.8975,-44.1284,-39.2456,1.0067,,
DATA,A007,2,392,1308383,-0.3107,0.9261,0.1869,-19.4092,-48.0347,-41.9922,0.9945,,
DATA,A007,2,393,1308393,-0.2867,0.9073,0.1781,-23.0713,-48.8281,-39.8560,0.9680,,
DATA,A007,2,394,1308403,-0.2523,0.8917,0.1683,-18.6768,-47.9126,-43.2739,0.9418,,
DATA,A007,2,395,1308413,-0.2377,0.8834,0.1644,-15.8081,-45.8984,-42.3584,0.9294,,
DATA,A007,2,396,1308423,-0.2450,0.8802,0.1678,-9.5825,-43.0908,-41.1377,0.9289,,
DATA,A007,2,397,1308433,-0.2645,0.8892,0.1920,-5.3101,-41.9312,-39.4287,0.9474,,
DATA,A007,2,398,1308443,-0.2887,0.9026,0.2167,-1.0986,-44.6777,-38.2690,0.9721,,
DATA,A007,2,399,1308453,-0.3202,0.9029,0.2296,0.3052,-48.5229,-35.5835,0.9851,,
DATA,A007,2,400,1308463,-0.3500,0.9144,0.2533,2.5635,-56.0303,-35.5225,1.0113,,
DATA,A007,2,401,1308473,-0.3385,0.9175,0.2601,3.6011,-61.2183,-34.2407,1.0120,,
DATA,A007,2,402,1308483,-0.3006,0.9234,0.2775,4.6387,-64.1479,-31.3721,1.0100,,
DATA,A007,2,403,1308493,-0.2779,0.9178,0.2848,3.1128,-65.3687,-30.7007,1.0003,,
DATA,A007,2,404,1308503,-0.2425,0.8992,0.2753,2.3804,-62.6221,-29.2969,0.9712,,
DATA,A007,2,405,1308513,-0.2442,0.8953,0.2757,3.4180,-59.5093,-27.7710,0.9681,,
DATA,A007,2,406,1308523,-0.2950,0.8963,0.2809,4.3335,-60.1196,-25.6958,0.9845,,
DATA,A007,2,407,1308533,-0.3382,0.8990,0.3038,4.3945,-62.9272,-23.9868,1.0074,,
DATA,A007,2,408,1308543,-0.3653,0.8975,0.3404,4.6387,-67.6880,-22.8271,1.0271,,
DATA,A007,2,409,1308553,-0.3736,0.8948,0.3426,4.6387,-71.6553,-23.5596,1.0285,,
DATA,A007,2,410,1308563,-0.3817,0.8907,0.3385,4.6387,-79.1016,-24.7192,1.0264,,
DATA,A007,2,411,1308573,-0.3683,0.8875,0.3402,4.8218,-83.4351,-25.4517,1.0193,,
DATA,A007,2,412,1308583,-0.3473,0.8760,0.3319,4.9438,-87.1582,-25.6348,0.9991,,
DATA,A007,2,413,1308593,-0.3329,0.8719,0.3446,6.3477,-90.8813,-26.3062,0.9949,,
DATA,A007,2,414,1308603,-0.3136,0.8829,0.3690,5.8594,-95.1538,-27.1606,1.0070,,
DATA,A007,2,415,1308613,-0.2967,0.8841,0.3763,4.4556,-96.3745,-27.9541,1.0056,,
DATA,A007,2,416,1308623,-0.2767,0.8870,0.3697,3.6011,-94.1772,-28.6865,1.0000,,
DATA,A007,2,417,1308633,-0.2870,0.8880,0.3614,2.3804,-93.8110,-29.8462,1.0008,,
DATA,A007,2,418,1308643,-0.2826,0.8912,0.3585,2.4414,-93.9331,-29.8462,1.0013,,
DATA,A007,2,419,1308653,-0.2704,0.8934,0.3732,0.9155,-94.9097,-30.1514,1.0052,,
DATA,A007,2,420,1308663,-0.2645,0.8951,0.3863,0.0610,-95.5811,-30.2734,1.0101,,
DATA,A007,2,421,1308673,-0.2428,0.9158,0.4056,-1.5259,-93.3228,-30.2734,1.0306,,
DATA,A007,2,422,1308683,-0.2223,0.9109,0.4042,-5.3101,-89.4165,-29.7241,1.0211,,
DATA,A007,2,423,1308693,-0.2201,0.9078,0.3959,-7.2632,-87.3413,-29.1748,1.0145,,
DATA,A007,2,424,1308703,-0.2220,0.8929,0.3954,-9.7046,-84.9609,-29.7852,1.0014,,
DATA,A007,2,425,1308713,-0.2228,0.8721,0.3995,-9.5215,-82.0312,-28.6865,0.9848,,
DATA,A007,2,426,1308723,-0.2235,0.8731,0.4095,-8.2397,-80.4443,-29.1748,0.9899,,
DATA,A007,2,427,1308733,-0.1974,0.8687,0.4232,-6.3477,-76.6602,-29.1748,0.9863,,
DATA,A007,2,428,1308743,-0.1693,0.8746,0.4281,-5.3711,-72.5098,-28.5645,0.9883,,
DATA,A007,2,429,1308753,-0.1505,0.8704,0.4276,-4.8218,-66.4062,-27.0996,0.9814,,
DATA,A007,2,430,1308763,-0.1490,0.8709,0.4239,-5.3101,-62.3779,-27.4048,0.9800,,
DATA,A007,2,431,1308773,0.0924,1.3462,-0.1054,39.9170,-23.9868,2.4414,1.3535,,
DATA,A007,2,432,1308783,0.0407,0.6541,0.7994,80.8716,7.8735,96.6797,1.0337,,
DATA,A007,2,433,1308793,-0.1529,0.8792,0.5062,-14.5264,-0.3662,-1.2207,1.0260,,
DATA,A007,2,434,1308803,-0.1639,0.6441,0.2970,-14.3433,8.1177,-13.7329,0.7280,,
DATA,A007,2,435,1308813,-0.1534,0.6263,0.4427,36.1328,13.4888,-32.1655,0.7822,,
DATA,A007,2,436,1308823,-0.1954,0.9974,0.4642,42.7246,14.4043,-33.8745,1.1173,,
DATA,A007,2,437,1308833,-0.2948,1.1722,0.5228,9.7046,9.8877,-22.9492,1.3169,,
DATA,A007,2,438,1308843,-0.2838,1.0753,0.5043,-11.5967,-0.7935,-13.0005,1.2211,,
DATA,A007,2,439,1308853,-0.2701,0.9127,0.5057,-24.9023,-8.7280,-10.8032,1.0778,,
DATA,A007,2,440,1308863,-0.2291,0.8609,0.5030,-30.7617,-17.7612,-11.9019,1.0231,,
DATA,A007,2,441,1308873,-0.2064,0.7476,0.4986,-24.7192,-4.9438,-9.5215,0.9221,,
DATA,A007,2,442,1308883,-0.2340,0.7764,0.4549,-19.9585,-5.0049,-17.4561,0.9298,,
DATA,A007,2,443,1308893,-0.1947,0.8467,0.4552,-11.3525,-4.0894,-17.2119,0.9809,,
DATA,A007,2,444,1308903,-0.1930,0.8277,0.4515,-12.5732,0.9155,-18.6157,0.9624,,
DATA,A007,2,445,1308913,-0.1734,0.8233,0.4408,-13.9771,6.8359,-22.3389,0.9498,,
DATA,A007,2,446,1308923,-0.2565,0.8973,0.4784,-17.0288,9.9487,-26.9165,1.0487,,
DATA,A007,2,447,1308933,-0.3876,0.9466,0.4957,-48.6450,9.3384,-36.1938,1.1367,,
DATA,A007,2,448,1308943,-0.3194,0.8990,0.5262,-48.0347,4.9438,-35.5835,1.0896,,
DATA,A007,2,449,1308953,-0.3075,0.7552,0.5094,-37.2314,-4.5776,-23.3154,0.9614,,
DATA,A007,2,450,1308963,-0.2660,0.7686,0.4896,-23.4375,-12.2681,-15.8081,0.9493,,
DATA,A007,2,451,1308973,-0.2201,0.8436,0.5016,-15.1367,-17.1509,-7.3853,1.0058,,
DATA,A007,2,452,1308983,-0.1815,0.7869,0.4713,-9.0942,-16.5405,-1.6479,0.9351,,
DATA,A007,2,453,1308993,-0.1661,0.7252,0.4147,-3.7231,-9.1553,-6.5918,0.8517,,
DATA,A007,2,454,1309003,-0.1427,0.7708,0.4237,15.0146,9.4604,-17.3340,0.8911,,
DATA,A007,2,455,1309013,-0.1495,0.8004,0.4420,17.1509,16.3574,-18.3716,0.9264,,
DATA,A007,2,456,1309023,-0.1415,0.8106,0.4349,20.6299,26.3672,-21.6064,0.9307,,
DATA,A007,2,457,1309033,-0.1922,0.9109,0.4720,17.3950,37.1094,-23.5596,1.0438,,
DATA,A007,2,458,1309043,-0.2152,0.9410,0.4679,-0.7324,48.2788,-28.9917,1.0727,,
DATA,A007,2,459,1309053,-0.1864,0.8716,0.4994,-9.0942,55.4199,-26.1230,1.0217,,
DATA,A007,2,460,1309063,-0.2289,0.9056,0.5082,-22.6440,57.8613,-25.2686,1.0633,,
DATA,A007,2,461,1309073,-0.2345,0.7379,0.5104,-23.6816,55.7861,-23.8647,0.9273,,
DATA,A007,2,462,1309083,-0.3365,0.7403,0.4713,-15.6250,57.3730,-27.8931,0.9399,,
DATA,A007,2,463,1309093,-0.3326,0.8196,0.4657,-7.9956,48.5229,-32.8369,0.9997,,
DATA,A007,2,464,1309103,-0.3172,0.9434,0.5082,-8.9111,35.3394,-26.3062,1.1176,,
DATA,A007,2,465,1309113,-0.3526,1.0040,0.5282,-18.2495,23.3154,-22.5220,1.1880,,
DATA,A007,2,466,1309123,-0.3058,0.8973,0.5118,-28.3203,12.0239,-15.5029,1.0773,,
DATA,A007,2,467,1309133,-0.3126,0.7982,0.5226,-26.7944,5.1270,-13.1226,1.0039,,
DATA,A007,2,468,1309143,-0.2853,0.7015,0.4986,-24.6582,0.7324,-15.7471,0.9067,,
DATA,A007,2,469,1309153,-0.2408,0.6668,0.5048,-17.8223,3.2349,-17.2119,0.8703,,
DATA,A007,2,470,1309163,-0.2416,0.8133,0.5358,-13.3667,3.1128,-18.4937,1.0034,,
DATA,A007,2,471,1309173,-0.2779,0.8731,0.5082,-13.1836,1.7090,-21.9727,1.0478,,
DATA,A007,2,472,1309183,-0.1798,0.6675,0.6212,16.7236,14.2822,-13.0615,0.9294,,
DATA,A007,2,473,1309193,-0.3094,0.6619,0.4628,12.5122,4.9438,-20.5688,0.8649,,
DATA,A007,2,474,1309203,-0.3114,0.7037,0.4896,23.3765,1.8921,-32.2266,0.9121,,
DATA,A007,2,475,1309213,-0.1739,0.6841,0.3334,29.4800,9.5215,-31.4331,0.7807,,
DATA,A007,2,476,1309223,-0.2665,0.8658,0.5445,32.8369,12.6343,-28.6865,1.0569,,
DATA,A007,2,477,1309233,-0.2589,0.9166,0.5770,25.0854,13.4888,-25.3906,1.1136,,
DATA,A007,2,478,1309243,-0.2162,0.8961,0.6232,12.5732,13.2446,-13.2446,1.1126,,
DATA,A007,2,479,1309253,-0.2948,0.8792,0.6078,1.4648,12.9395,-11.0474,1.1087,,
DATA,A007,2,480,1309263,-0.2921,0.8060,0.5331,-3.3569,17.3340,-9.7046,1.0095,,
DATA,A007,2,481,1309273,-0.2838,0.7828,0.5221,-4.9438,17.5781,-9.0942,0.9828,,
DATA,A007,2,482,1309283,-0.3038,0.7767,0.4901,-1.3428,18.0054,-12.3901,0.9673,,
DATA,A007,2,483,1309293,-0.2601,0.7982,0.5074,2.5024,17.2119,-12.0850,0.9809,,
DATA,A007,2,484,1309303,-0.1903,0.7896,0.5507,4.8828,16.1743,-6.8970,0.9813,,
DATA,A007,2,485,1309313,-0.1927,0.8104,0.5602,6.7139,16.3574,-2.8076,1.0038,,
DATA,A007,2,486,1309323,-0.2235,0.8074,0.5738,7.8735,14.2212,-0.3052,1.0155,,
DATA,A007,2,487,1309333,-0.1471,0.8050,0.5619,13.7329,16.4185,9.3994,0.9926,,
DATA,A007,2,488,1309343,-0.2955,0.6973,0.5814,18.5547,10.4980,11.6577,0.9548,,
EVENT,A007,2,,1309348,,,,,,,,STOP,488
EVENT,A007,3,,1313876,,,,,,,,START,
DATA,A007,3,1,1313899,0.5092,0.1463,0.4342,156.6162,67.3218,70.0073,0.6850,,
DATA,A007,3,2,1313909,0.5700,0.0760,0.4935,160.4614,164.2456,47.3022,0.7578,,
DATA,A007,3,3,1313919,0.6049,0.0274,0.4657,158.7524,302.3682,19.8975,0.7639,,
DATA,A007,3,4,1313929,0.3659,0.5254,0.4054,120.4224,345.1538,30.6396,0.7578,,
DATA,A007,3,5,1313939,1.1227,0.9200,0.0541,209.7168,358.5815,163.2080,1.4525,,
DATA,A007,3,6,1313949,0.6095,0.9722,-0.1022,202.8809,380.0049,269.6533,1.1520,,
DATA,A007,3,7,1313959,0.0900,1.5276,0.5775,252.3804,487.1216,240.2344,1.6356,,
DATA,A007,3,8,1313969,-0.0509,1.4070,0.2806,140.2588,548.2788,138.9160,1.4357,,
DATA,A007,3,9,1313979,-0.3299,0.7366,0.2855,48.5229,529.4800,117.7979,0.8562,,
DATA,A007,3,10,1313989,-0.1866,0.5142,0.3282,72.2656,502.7466,152.7710,0.6380,,
DATA,A007,3,11,1313999,-0.0192,0.7361,0.4379,138.4277,478.8818,201.1719,0.8567,,
DATA,A007,3,12,1314009,-0.0399,1.1138,0.5782,148.6816,491.2720,215.0879,1.2556,,
DATA,A007,3,13,1314019,-0.3514,1.6143,0.6581,103.3936,522.1558,209.5337,1.7784,,
DATA,A007,3,14,1314029,-0.6644,1.7230,0.7252,55.6030,527.4048,200.1343,1.9839,,
DATA,A007,3,15,1314039,-1.1981,1.6905,0.6869,3.2349,495.9717,185.2417,2.1829,,
DATA,A007,3,16,1314049,-1.3326,1.5494,0.6007,-17.4561,453.9795,175.4761,2.1301,,
DATA,A007,3,17,1314059,-1.1874,1.2996,0.4664,-29.0527,352.2949,164.9780,1.8211,,
DATA,A007,3,18,1314069,-1.0040,1.1519,0.3893,-34.0576,273.3154,160.0952,1.5769,,
DATA,A007,3,19,1314079,-0.8583,1.0811,0.3160,-35.5225,203.5522,153.3813,1.4161,,
DATA,A007,3,20,1314089,-0.7286,1.0494,0.2235,-30.3345,129.5776,140.1367,1.2969,,
DATA,A007,3,21,1314099,-0.6996,1.0438,0.1944,-21.2402,96.0083,137.0850,1.2715,,
DATA,A007,3,22,1314109,-0.6737,1.0408,0.1864,-5.0049,67.3828,139.9536,1.2538,,
DATA,A007,3,23,1314119,-0.6578,1.0264,0.1984,4.4556,60.1196,141.7847,1.2352,,
DATA,A007,3,24,1314129,-0.6429,0.9832,0.2421,17.0288,63.6597,140.1978,1.1994,,
DATA,A007,3,25,1314139,-0.6219,0.9405,0.2889,25.4517,71.5942,137.9395,1.1640,,
DATA,A007,3,26,1314149,-0.5848,0.8782,0.3534,38.5742,88.9893,140.1367,1.1127,,
DATA,A007,3,27,1314159,-0.5443,0.8462,0.4073,46.5698,106.5674,141.7236,1.0855,,
DATA,A007,3,28,1314169,-0.5079,0.8338,0.4884,52.9175,143.3105,139.7705,1.0917,,
DATA,A007,3,29,1314179,-0.5152,0.8379,0.5194,52.7954,174.6826,133.7280,1.1124,,
DATA,A007,3,30,1314189,-0.5607,0.8470,0.5016,49.9268,217.9565,119.6899,1.1328,,
DATA,A007,3,31,1314199,-0.5973,0.8680,0.4879,48.2788,234.7412,111.9385,1.1611,,
DATA,A007,3,32,1314209,-0.6329,0.8836,0.4342,40.4663,237.1216,103.2715,1.1704,,
DATA,A007,3,33,1314219,-0.6354,0.8653,0.3851,33.0200,224.6094,98.3276,1.1405,,
DATA,A007,3,34,1314229,-0.6063,0.8275,0.3075,27.4048,193.0542,92.8345,1.0709,,
DATA,A007,3,35,1314239,-0.5709,0.8155,0.2504,28.0151,170.4712,90.6372,1.0265,,
DATA,A007,3,36,1314249,-0.5218,0.8231,0.1896,32.4707,141.2354,88.3179,0.9928,,
DATA,A007,3,37,1314259,-0.5023,0.8492,0.1849,35.8276,125.0000,87.0361,1.0038,,
DATA,A007,3,38,1314269,-0.5121,0.9017,0.1527,38.9404,104.1260,85.8765,1.0481,,
DATA,A007,3,39,1314279,-0.5143,0.9256,0.1346,39.7949,91.6748,84.7168,1.0674,,
DATA,A007,3,40,1314289,-0.4798,0.9546,0.1608,41.6870,71.0449,84.4116,1.0805,,
DATA,A007,3,41,1314299,-0.4698,0.9854,0.1742,43.0298,59.4482,85.6323,1.1055,,
DATA,A007,3,42,1314309,-0.4313,1.0416,0.1888,43.9453,50.3540,85.4492,1.1430,,
DATA,A007,3,43,1314319,-0.4020,1.0816,0.2047,44.0674,49.6826,84.6558,1.1719,,
DATA,A007,3,44,1314329,-0.3773,1.1273,0.2125,40.9546,55.3589,83.1299,1.2076,,
DATA,A007,3,45,1314339,-0.3834,1.1409,0.2106,37.5366,61.8286,80.8716,1.2219,,
DATA,A007,3,46,1314349,-0.4010,1.1336,0.2142,32.5317,70.5566,76.4160,1.2214,,
DATA,A007,3,47,1314359,-0.4125,1.1216,0.2237,30.5176,73.8525,73.1201,1.2158,,
DATA,A007,3,48,1314369,-0.4115,1.1033,0.2333,28.0151,72.5708,66.6504,1.2004,,
DATA,A007,3,49,1314379,-0.3893,1.0958,0.2626,26.7334,67.7490,61.4624,1.1921,,
DATA,A007,3,50,1314389,-0.3588,1.0899,0.2823,21.8506,59.3872,51.2085,1.1817,,
DATA,A007,3,51,1314399,-0.3229,1.0740,0.2865,16.3574,56.4575,42.2363,1.1575,,
DATA,A007,3,52,1314409,-0.2655,1.0259,0.2645,8.3618,58.4717,28.9307,1.0922,,
DATA,A007,3,53,1314419,-0.2494,0.9813,0.2335,4.9438,63.2935,20.3247,1.0390,,
DATA,A007,3,54,1314429,-0.2482,0.9525,0.2106,3.6011,69.7632,11.1694,1.0065,,
DATA,A007,3,55,1314439,-0.2609,0.9202,0.1971,3.9062,78.6133,-2.1362,0.9766,,
DATA,A007,3,56,1314449,-0.2889,0.9097,0.1932,4.0283,80.9937,-13.7329,0.9739,,
DATA,A007,3,57,1314459,-0.2982,0.9149,0.2015,3.3569,77.2705,-20.2026,0.9831,,
DATA,A007,3,58,1314469,-0.3011,0.9280,0.2086,2.1973,71.1060,-25.8179,0.9977,,
DATA,A007,3,59,1314479,-0.2992,0.9324,0.2023,-1.1597,59.3262,-32.9590,0.9999,,
DATA,A007,3,60,1314489,-0.2892,0.9376,0.2008,-2.9297,51.3306,-36.5601,1.0015,,
DATA,A007,3,61,1314499,-0.2662,0.9498,0.1959,-3.6621,42.0532,-39.8560,1.0056,,
DATA,A007,3,62,1314509,-0.2557,0.9510,0.2103,-3.8452,37.8418,-41.0767,1.0070,,
DATA,A007,3,63,1314519,-0.2384,0.9468,0.2450,-5.2490,33.8135,-40.8325,1.0067,,
DATA,A007,3,64,1314529,-0.2311,0.9412,0.2530,-6.7749,33.0200,-39.8560,1.0017,,
DATA,A007,3,65,1314539,-0.2215,0.9224,0.2430,-8.5449,32.5317,-38.3301,0.9793,,
DATA,A007,3,66,1314549,-0.2071,0.9068,0.2374,-8.6670,33.5083,-36.6211,0.9600,,
DATA,A007,3,67,1314559,-0.2023,0.8983,0.2347,-6.7139,35.8276,-33.5693,0.9502,,
DATA,A007,3,68,1314569,-0.2064,0.9075,0.2440,-3.5400,38.1470,-31.7993,0.9622,,
DATA,A007,3,69,1314579,-0.2386,0.9373,0.2745,0.9155,40.1611,-29.6021,1.0054,,
DATA,A007,3,70,1314589,-0.2667,0.9610,0.2875,2.4414,38.9404,-28.8086,1.0379,,
DATA,A007,3,71,1314599,-0.2972,0.9835,0.2985,2.1362,31.6772,-28.9307,1.0699,,
DATA,A007,3,72,1314609,-0.2999,0.9839,0.3048,1.8921,24.6582,-29.7852,1.0728,,
DATA,A007,3,73,1314619,-0.2782,0.9722,0.3133,0.4883,13.2446,-31.4941,1.0587,,
DATA,A007,3,74,1314629,-0.2545,0.9605,0.3026,-0.6104,7.1411,-32.8979,1.0387,,
DATA,A007,3,75,1314639,-0.2286,0.9439,0.2889,-1.3428,1.7700,-35.0342,1.0133,,
DATA,A007,3,76,1314649,-0.2213,0.9427,0.2706,-1.2207,-0.5493,-36.5601,1.0054,,
DATA,A007,3,77,1314659,-0.2140,0.9556,0.2455,-0.8545,-3.4180,-39.1235,1.0096,,
DATA,A007,3,78,1314669,-0.1998,0.9647,0.2286,-0.8545,-5.3711,-40.2832,1.0113,,
DATA,A007,3,79,1314679,-0.1927,0.9664,0.2115,-0.9155,-7.3853,-41.0767,1.0078,,
DATA,A007,3,80,1314689,-0.1957,0.9712,0.2010,-0.7935,-8.3618,-41.1987,1.0110,,
DATA,A007,3,81,1314699,-0.2035,0.9700,0.1915,-0.6104,-9.8267,-40.5884,1.0095,,
DATA,A007,3,82,1314709,-0.2106,0.9603,0.1901,-0.6104,-11.8408,-40.0391,1.0013,,
DATA,A007,3,83,1314719,-0.2096,0.9568,0.2040,0.3052,-15.9912,-38.4521,1.0005,,
DATA,A007,3,84,1314729,-0.2025,0.9608,0.2067,0.6104,-18.3716,-37.4146,1.0034,,
DATA,A007,3,85,1314739,-0.1888,0.9612,0.2045,-0.2441,-19.2871,-35.8276,1.0007,,
DATA,A007,3,86,1314749,-0.1788,0.9603,0.2018,-0.9155,-18.0054,-34.9121,0.9974,,
DATA,A007,3,87,1314759,-0.1698,0.9554,0.1959,-1.4038,-15.5640,-33.9355,0.9899,,
DATA,A007,3,88,1314769,-0.1637,0.9437,0.1944,-1.2207,-10.1929,-32.3486,0.9773,,
DATA,A007,3,89,1314779,-0.1664,0.9442,0.1969,-1.0986,-6.7749,-31.2500,0.9787,,
DATA,A007,3,90,1314789,-0.1817,0.9400,0.2025,-0.4272,-2.8076,-29.2358,0.9786,,
DATA,A007,3,91,1314799,-0.1896,0.9454,0.2010,0.1831,-1.6479,-27.8320,0.9849,,
DATA,A007,3,92,1314809,-0.1947,0.9512,0.2045,0.9155,-2.2583,-25.8789,0.9922,,
DATA,A007,3,93,1314819,-0.1979,0.9546,0.2049,1.1597,-2.8076,-24.4141,0.9962,,
DATA,A007,3,94,1314829,-0.1915,0.9534,0.2037,1.5259,-4.0283,-22.2778,0.9936,,
DATA,A007,3,95,1314839,-0.1910,0.9527,0.2049,1.9531,-4.3945,-20.9961,0.9930,,
DATA,A007,3,96,1314849,-0.1847,0.9517,0.2169,3.1128,-4.2725,-18.5547,0.9934,,
DATA,A007,3,97,1314859,-0.1788,0.9561,0.2267,3.2959,-3.4790,-17.2729,0.9988,,
DATA,A007,3,98,1314869,-0.1681,0.9627,0.2306,2.5024,-0.6714,-15.1367,1.0041,,
DATA,A007,3,99,1314879,-0.1612,0.9598,0.2250,1.4648,2.9907,-13.9160,0.9989,,
DATA,A007,3,100,1314889,-0.1608,0.9517,0.2137,0.4272,10.0098,-12.2070,0.9886,,
DATA,A007,3,101,1314899,-0.1661,0.9427,0.2057,0.7324,14.6484,-10.8032,0.9791,,
DATA,A007,3,102,1314909,-0.1778,0.9393,0.1993,1.4648,20.8740,-8.9111,0.9765,,
DATA,A007,3,103,1314919,-0.1888,0.9388,0.1976,2.2583,23.6206,-7.5684,0.9778,,
DATA,A007,3,104,1314929,-0.2076,0.9383,0.2006,3.6011,25.3906,-5.4321,0.9817,,
DATA,A007,3,105,1314939,-0.2147,0.9361,0.2049,4.3945,25.2686,-4.2114,0.9820,,
DATA,A007,3,106,1314949,-0.2189,0.9329,0.2049,5.3101,23.8647,-2.4414,0.9799,,
DATA,A007,3,107,1314959,-0.2167,0.9339,0.2142,6.1035,22.5220,-1.2817,0.9823,,
DATA,A007,3,108,1314969,-0.2140,0.9341,0.2235,7.6904,20.7520,0.6104,0.9841,,
DATA,A007,3,109,1314979,-0.2184,0.9412,0.2298,8.6670,19.9585,1.7700,0.9932,,
DATA,A007,3,110,1314989,-0.2174,0.9437,0.2313,8.7891,19.7144,3.1128,0.9956,,
DATA,A007,3,111,1314999,-0.2218,0.9468,0.2330,8.7891,20.2026,3.8452,1.0000,,
DATA,A007,3,112,1315009,-0.2196,0.9495,0.2328,9.7046,21.3623,4.8828,1.0020,,
DATA,A007,3,113,1315019,-0.2169,0.9651,0.2350,10.4980,22.7051,5.3101,1.0167,,
DATA,A007,3,114,1315029,-0.2106,0.9930,0.2318,10.6201,25.1465,5.9204,1.0412,,
DATA,A007,3,115,1315039,-0.2020,0.9905,0.2369,8.7280,27.1606,5.8594,1.0383,,
DATA,A007,3,116,1315049,-0.1896,0.9532,0.2508,4.7607,30.4565,5.3101,1.0037,,
DATA,A007,3,117,1315059,-0.1927,0.9178,0.2472,3.0518,33.2031,5.0049,0.9698,,
DATA,A007,3,118,1315069,-0.1947,0.8860,0.2408,3.9673,37.1094,4.8218,0.9386,,
DATA,A007,3,119,1315079,-0.2064,0.8965,0.2379,6.5918,39.6118,5.1270,0.9503,,
DATA,A007,3,120,1315089,-0.2147,0.9542,0.2423,9.7046,42.4194,5.6152,1.0076,,
DATA,A007,3,121,1315099,-0.2208,0.9998,0.2435,9.3994,43.5791,5.7983,1.0525,,
DATA,A007,3,122,1315109,-0.2179,1.0455,0.2394,5.4932,45.5933,5.3101,1.0944,,
DATA,A007,3,123,1315119,-0.2152,1.0411,0.2386,1.1597,47.3022,4.7607,1.0895,,
DATA,A007,3,124,1315129,-0.2169,1.0069,0.2352,-2.9907,49.2554,3.9062,1.0565,,
DATA,A007,3,125,1315139,-0.2242,0.9398,0.2245,-5.8594,51.1475,2.5635,0.9919,,
DATA,A007,3,126,1315149,-0.2333,0.9124,0.2255,-4.2725,50.9033,1.9531,0.9684,,
DATA,A007,3,127,1315159,-0.2421,0.9061,0.2308,-0.7935,49.1943,1.2207,0.9658,,
DATA,A007,3,128,1315169,-0.2477,0.9168,0.2355,0.6104,46.9971,0.7324,0.9784,,
DATA,A007,3,129,1315179,-0.2516,0.9388,0.2352,0.2441,43.2739,0.5493,1.0000,,
DATA,A007,3,130,1315189,-0.2450,0.9424,0.2333,0.0610,41.1987,0.3662,1.0013,,
DATA,A007,3,131,1315199,-0.2406,0.9356,0.2323,-0.3052,39.6729,0.6714,0.9936,,
DATA,A007,3,132,1315209,-0.2408,0.9212,0.2303,-0.1221,39.5508,1.0376,0.9796,,
DATA,A007,3,133,1315219,-0.2484,0.9075,0.2399,0.5493,40.1001,1.5869,0.9710,,
DATA,A007,3,134,1315229,-0.2525,0.9114,0.2360,1.6479,40.5273,1.8311,0.9748,,
DATA,A007,3,135,1315239,-0.2679,0.9205,0.2345,3.6621,40.1001,2.4414,0.9869,,
DATA,A007,3,136,1315249,-0.2679,0.9410,0.2340,4.4556,38.6963,2.6245,1.0060,,
DATA,A007,3,137,1315259,-0.2738,0.9678,0.2279,4.2114,36.1328,3.0518,1.0313,,
DATA,A007,3,138,1315269,-0.2731,0.9712,0.2211,3.1128,33.9966,3.0518,1.0328,,
DATA,A007,3,139,1315279,-0.2665,0.9549,0.2162,0.9766,31.3721,2.6245,1.0147,,
DATA,A007,3,140,1315289,-0.2660,0.9390,0.2140,0.6104,30.4565,2.3804,0.9991,,
DATA,A007,3,141,1315299,-0.2599,0.9227,0.2108,1.5869,30.4565,1.9531,0.9815,,
DATA,A007,3,142,1315309,-0.2528,0.9246,0.2140,2.1973,30.7007,1.5259,0.9821,,
DATA,A007,3,143,1315319,-0.2609,0.9275,0.2142,2.8687,31.6162,0.6714,0.9871,,
DATA,A007,3,144,1315329,-0.2621,0.9327,0.2154,2.7466,31.8604,-0.2441,0.9925,,
DATA,A007,3,145,1315339,-0.2589,0.9410,0.2250,2.8076,32.3486,-1.6479,1.0015,,
DATA,A007,3,146,1315349,-0.2601,0.9407,0.2250,2.6855,32.5928,-2.6245,1.0016,,
DATA,A007,3,147,1315359,-0.2579,0.9390,0.2201,1.8311,33.0811,-4.2725,0.9984,,
DATA,A007,3,148,1315369,-0.2601,0.9358,0.2218,1.5259,33.3862,-5.4321,0.9963,,
DATA,A007,3,149,1315379,-0.2618,0.9268,0.2137,1.3428,33.6304,-6.8359,0.9865,,
DATA,A007,3,150,1315389,-0.2667,0.9293,0.2096,1.5869,33.3252,-7.5073,0.9892,,
DATA,A007,3,151,1315399,-0.2716,0.9249,0.2027,2.1362,31.4941,-8.3618,0.9850,,
DATA,A007,3,152,1315409,-0.2728,0.9293,0.1964,2.6245,29.6021,-8.6060,0.9882,,
DATA,A007,3,153,1315419,-0.2750,0.9283,0.1988,3.4180,25.9399,-8.9722,0.9884,,
DATA,A007,3,154,1315429,-0.2692,0.9378,0.1966,4.4556,23.6816,-9.2163,0.9953,,
DATA,A007,3,155,1315439,-0.2701,0.9449,0.1976,5.2490,21.9116,-9.3384,1.0024,,
DATA,A007,3,156,1315449,-0.2621,0.9561,0.1969,6.1035,20.0806,-9.4604,1.0107,,
DATA,A007,3,157,1315459,-0.2594,0.9539,0.1959,6.1035,19.5923,-9.6436,1.0078,,
DATA,A007,3,158,1315469,-0.2599,0.9449,0.1932,6.2866,19.1040,-9.7656,0.9988,,
DATA,A007,3,159,1315479,-0.2579,0.9383,0.1866,6.9580,19.0430,-9.7046,0.9908,,
DATA,A007,3,160,1315489,-0.2652,0.9227,0.1691,8.9111,19.1040,-9.3384,0.9748,,
DATA,A007,3,161,1315499,-0.2721,0.9131,0.1566,10.1318,19.4092,-9.0942,0.9656,,
DATA,A007,3,162,1315509,-0.2770,0.8934,0.1390,13.4277,19.5312,-8.0566,0.9456,,
DATA,A007,3,163,1315519,-0.2799,0.8782,0.1363,15.9302,19.1650,-7.3853,0.9318,,
DATA,A007,3,164,1315529,-0.2784,0.8624,0.1402,20.1416,18.0664,-6.2866,0.9170,,
DATA,A007,3,165,1315539,-0.2748,0.8602,0.1515,23.1934,17.4561,-5.4932,0.9156,,
DATA,A007,3,166,1315549,-0.2628,0.8629,0.1771,26.4893,16.4185,-4.3335,0.9192,,
DATA,A007,3,167,1315559,-0.2628,0.8699,0.1886,29.4800,16.2354,-4.0894,0.9281,,
DATA,A007,3,168,1315569,-0.2482,0.8904,0.2294,35.2783,16.0522,-3.4180,0.9524,,
DATA,A007,3,169,1315579,-0.2381,0.9188,0.2477,36.8652,17.1509,-2.0142,0.9809,,
DATA,A007,3,170,1315589,-0.2403,0.9612,0.2831,38.2080,19.2261,-0.4883,1.0305,,
DATA,A007,3,171,1315599,-0.2447,0.9849,0.3019,36.3770,19.4702,0.6104,1.0588,,
DATA,A007,3,172,1315609,-0.2596,1.0062,0.3121,31.3110,17.5781,1.8311,1.0850,,
DATA,A007,3,173,1315619,-0.2762,1.0037,0.3063,30.1514,12.2681,1.5259,1.0852,,
DATA,A007,3,174,1315629,-0.2491,1.0179,0.3182,24.7803,2.0142,1.8311,1.0952,,
DATA,A007,3,175,1315639,-0.2228,1.0091,0.2945,16.4185,-3.3569,1.4038,1.0745,,
DATA,A007,3,176,1315649,-0.2076,0.9910,0.2704,12.0850,-6.8359,-3.9673,1.0480,,
DATA,A007,3,177,1315659,-0.2096,0.9905,0.2574,8.8501,-8.6670,-3.4790,1.0447,,
DATA,A007,3,178,1315669,-0.2193,0.9893,0.2262,2.9907,-11.1694,-6.7749,1.0383,,
DATA,A007,3,179,1315679,-0.2120,0.9813,0.1988,-0.5493,-11.9019,-11.4136,1.0234,,
DATA,A007,3,180,1315689,-0.2237,0.9742,0.1654,0.6714,-12.0239,-13.9160,1.0131,,
DATA,A007,3,181,1315699,-0.2281,0.9869,0.1593,3.7231,-14.0991,-16.1133,1.0253,,
DATA,A007,3,182,1315709,-0.2264,0.9835,0.1505,-0.6714,-18.6157,-17.7002,1.0203,,
DATA,A007,3,183,1315719,-0.2355,0.9671,0.1407,1.8311,-21.5454,-21.7896,1.0053,,
DATA,A007,3,184,1315729,-0.2213,0.9793,0.1324,2.9907,-25.3296,-21.0571,1.0127,,
DATA,A007,3,185,1315739,-0.2076,0.9922,0.1354,3.2349,-24.9634,-20.7520,1.0227,,
DATA,A007,3,186,1315749,-0.2054,0.9786,0.1212,2.5635,-23.9868,-21.4844,1.0072,,
DATA,A007,3,187,1315759,-0.1922,0.9695,0.1283,1.7700,-21.9116,-19.8975,0.9967,,
DATA,A007,3,188,1315769,-0.2018,0.9537,0.1217,3.7231,-18.2495,-19.1040,0.9823,,
DATA,A007,3,189,1315779,-0.2013,0.9503,0.1249,5.1270,-17.4561,-17.0288,0.9793,,
DATA,A007,3,190,1315789,-0.1949,0.9505,0.1222,6.2256,-16.6016,-15.5640,0.9779,,
DATA,A007,3,191,1315799,-0.1752,0.9568,0.1332,8.1787,-14.5874,-14.2822,0.9818,,
DATA,A007,3,192,1315809,-0.1542,0.9595,0.1383,8.7891,-10.9253,-12.3291,0.9816,,
DATA,A007,3,193,1315819,-0.1471,0.9683,0.1593,9.3384,-2.5024,-9.6436,0.9923,,
DATA,A007,3,194,1315829,-0.1539,0.9683,0.1715,8.9722,3.1738,-8.1177,0.9954,,
DATA,A007,3,195,1315839,-0.1610,0.9610,0.1896,8.7280,10.4370,-6.7749,0.9927,,
DATA,A007,3,196,1315849,-0.1669,0.9598,0.1915,8.6060,14.3433,-5.9814,0.9928,,
DATA,A007,3,197,1315859,-0.1725,0.9564,0.1949,8.7891,19.2871,-5.3711,0.9911,,
DATA,A007,3,198,1315869,-0.1783,0.9573,0.1954,8.9111,22.0947,-5.1880,0.9932,,
DATA,A007,3,199,1315879,-0.1913,0.9603,0.1937,8.9111,25.6348,-5.3101,0.9981,,
DATA,A007,3,200,1315889,-0.1991,0.9632,0.1918,8.4839,27.2217,-5.6152,1.0021,,
DATA,A007,3,201,1315899,-0.2171,0.9656,0.1905,7.8735,27.5879,-6.0425,1.0079,,
DATA,A007,3,202,1315909,-0.2240,0.9651,0.1908,7.0190,26.9775,-6.1035,1.0090,,
DATA,A007,3,203,1315919,-0.2355,0.9639,0.1918,6.1035,25.2075,-6.7139,1.0106,,
DATA,A007,3,204,1315929,-0.2394,0.9527,0.1913,5.4321,23.6206,-7.1411,1.0008,,
DATA,A007,3,205,1315939,-0.2418,0.9507,0.1859,5.1880,20.3857,-7.9346,0.9985,,
DATA,A007,3,206,1315949,-0.2469,0.9517,0.1822,5.7373,18.2495,-8.3618,1.0000,,
DATA,A007,3,207,1315959,-0.2477,0.9512,0.1764,6.2256,15.3809,-9.2773,0.9986,,
DATA,A007,3,208,1315969,-0.2450,0.9510,0.1727,6.4087,13.9771,-9.7656,0.9971,,
DATA,A007,3,209,1315979,-0.2460,0.9542,0.1703,6.0425,11.9629,-10.1318,1.0000,,
DATA,A007,3,210,1315989,-0.2491,0.9503,0.1681,6.1646,11.1694,-10.3760,0.9966,,
DATA,A007,3,211,1315999,-0.2482,0.9532,0.1649,6.4697,9.7046,-10.5591,0.9987,,
DATA,A007,3,212,1316009,-0.2516,0.9556,0.1664,6.3477,8.8501,-10.4370,1.0021,,
DATA,A007,3,213,1316019,-0.2479,0.9598,0.1717,6.2256,7.5073,-10.3149,1.0060,,
DATA,A007,3,214,1316029,-0.2438,0.9610,0.1703,5.6763,6.5308,-10.2539,1.0059,,
DATA,A007,3,215,1316039,-0.2457,0.9612,0.1722,5.0049,5.0049,-10.4370,1.0070,,
DATA,A007,3,216,1316049,-0.2391,0.9590,0.1695,5.0659,4.0894,-10.4980,1.0028,,
DATA,A007,3,217,1316059,-0.2350,0.9600,0.1730,5.0049,2.8687,-10.6201,1.0034,,
DATA,A007,3,218,1316069,-0.2308,0.9654,0.1752,4.8828,1.8921,-10.6812,1.0079,,
DATA,A007,3,219,1316079,-0.2272,0.9603,0.1786,4.3335,0.3662,-10.6812,1.0028,,
DATA,A007,3,220,1316089,-0.2145,0.9610,0.1781,3.7231,-0.4272,-10.6812,1.0006,,
DATA,A007,3,221,1316099,-0.2052,0.9473,0.1774,3.8452,-0.7324,-10.5591,0.9854,,
DATA,A007,3,222,1316109,-0.2032,0.9490,0.1771,4.4556,-0.5493,-10.4980,0.9866,,
DATA,A007,3,223,1316119,-0.1993,0.9488,0.1803,5.3711,0.3662,-10.4370,0.9861,,
DATA,A007,3,224,1316129,-0.1944,0.9481,0.1805,5.7983,1.1597,-10.1929,0.9845,,
DATA,A007,3,225,1316139,-0.1918,0.9566,0.1793,6.1646,2.9297,-9.7046,0.9920,,
DATA,A007,3,226,1316149,-0.1908,0.9537,0.1810,6.2256,4.4556,-9.3994,0.9893,,
DATA,A007,3,227,1316159,-0.1974,0.9537,0.1783,6.5308,5.6152,-9.1553,0.9901,,
DATA,A007,3,228,1316169,-0.2067,0.9542,0.1813,6.9580,7.3853,-8.8501,0.9930,,
DATA,A007,3,229,1316179,-0.2140,0.9576,0.1730,7.0801,8.0566,-8.7280,0.9963,,
DATA,A007,3,230,1316189,-0.2169,0.9588,0.1744,7.0190,8.6670,-8.4229,0.9984,,
DATA,A007,3,231,1316199,-0.2218,0.9576,0.1735,6.5918,8.6060,-8.3618,0.9981,,
DATA,A007,3,232,1316209,-0.2252,0.9507,0.1752,6.5308,8.0566,-8.3008,0.9926,,
DATA,A007,3,233,1316219,-0.2272,0.9498,0.1749,6.5918,7.5073,-8.3618,0.9921,,
DATA,A007,3,234,1316229,-0.2296,0.9517,0.1749,6.9580,6.4697,-8.6060,0.9945,,
DATA,A007,3,235,1316239,-0.2311,0.9512,0.1766,7.0801,5.8594,-8.7891,0.9947,,
DATA,A007,3,236,1316249,-0.2294,0.9507,0.1776,7.5073,4.6387,-9.2773,0.9940,,
DATA,A007,3,237,1316259,-0.2269,0.9520,0.1788,7.6294,3.7231,-9.2773,0.9948,,
DATA,A007,3,238,1316269,-0.2242,0.9510,0.1810,8.1787,2.5635,-9.5215,0.9937,,
DATA,A007,3,239,1316279,-0.2267,0.9554,0.1769,8.6060,1.5869,-9.5825,0.9977,,
DATA,A007,3,240,1316289,-0.2250,0.9608,0.1788,8.9111,0.4883,-9.3384,1.0028,,
DATA,A007,3,241,1316299,-0.2208,0.9627,0.1805,8.4839,-0.3662,-9.2163,1.0041,,
DATA,A007,3,242,1316309,-0.2125,0.9622,0.1798,7.7515,-1.3428,-9.2163,1.0017,,
DATA,A007,3,243,1316319,-0.2118,0.9566,0.1837,7.8735,-1.6479,-9.1553,0.9968,,
DATA,A007,3,244,1316329,-0.2040,0.9488,0.1864,7.8125,-1.3428,-9.2773,0.9882,,
DATA,A007,3,245,1316339,-0.2018,0.9495,0.1866,7.9956,-0.7324,-9.5825,0.9885,,
DATA,A007,3,246,1316349,-0.1981,0.9463,0.1876,8.8501,0.1221,-9.8267,0.9849,,
DATA,A007,3,247,1316359,-0.1988,0.9473,0.1905,8.9722,1.0376,-10.0098,0.9865,,
DATA,A007,3,248,1316369,-0.1981,0.9471,0.1891,9.4604,2.3804,-10.2539,0.9859,,
DATA,A007,3,249,1316379,-0.1998,0.9473,0.1886,9.9487,3.3569,-10.4370,0.9864,,
DATA,A007,3,250,1316389,-0.2110,0.9571,0.1825,9.9487,4.9438,-10.3149,0.9969,,
DATA,A007,3,251,1316399,-0.2130,0.9605,0.1786,9.4604,5.1270,-10.2539,0.9999,,
DATA,A007,3,252,1316409,-0.2125,0.9647,0.1717,8.1177,5.9814,-9.9487,1.0026,,
DATA,A007,3,253,1316419,-0.2142,0.9654,0.1666,6.8970,6.5308,-9.5825,1.0028,,
DATA,A007,3,254,1316429,-0.2198,0.9610,0.1627,6.2866,7.5684,-8.9111,0.9992,,
DATA,A007,3,255,1316439,-0.2296,0.9595,0.1622,6.5918,7.3242,-9.4604,0.9999,,
DATA,A007,3,256,1316449,-0.2294,0.9590,0.1642,6.7749,5.9814,-9.2773,0.9997,,
DATA,A007,3,257,1316459,-0.2294,0.9605,0.1639,6.9580,4.6997,-9.8267,1.0010,,
DATA,A007,3,258,1316469,-0.2215,0.9612,0.1617,6.8359,3.0518,-9.7046,0.9996,,
DATA,A007,3,259,1316479,-0.2101,0.9664,0.1622,6.9580,2.5024,-9.8267,1.0022,,
DATA,A007,3,260,1316489,-0.2037,0.9629,0.1620,6.9580,2.8687,-9.6436,0.9975,,
DATA,A007,3,261,1316499,-0.1957,0.9586,0.1649,6.1035,4.8828,-9.2163,0.9921,,
DATA,A007,3,262,1316509,-0.2052,0.9568,0.1649,7.2021,5.8594,-9.5215,0.9924,,
DATA,A007,3,263,1316519,-0.2023,0.9581,0.1710,7.7515,5.4932,-9.7656,0.9940,,
DATA,A007,3,264,1316529,-0.1964,0.9566,0.1725,7.5073,5.5542,-9.6436,0.9917,,
DATA,A007,3,265,1316539,-0.1920,0.9595,0.1747,7.3242,6.4087,-9.4604,0.9940,,
DATA,A007,3,266,1316549,-0.1910,0.9644,0.1778,7.8125,7.2021,-9.3384,0.9991,,
DATA,A007,3,267,1316559,-0.1857,0.9698,0.1757,7.3242,8.7280,-8.9722,1.0029,,
DATA,A007,3,268,1316569,-0.1832,0.9688,0.1737,6.7139,10.1318,-9.0942,1.0012,,
DATA,A007,3,269,1316579,-0.1913,0.9632,0.1769,6.3477,11.7188,-9.0332,0.9978,,
DATA,A007,3,270,1316589,-0.1915,0.9627,0.1752,6.6528,12.6343,-9.3384,0.9971,,
DATA,A007,3,271,1316599,-0.1900,0.9620,0.1771,6.7139,13.9771,-9.1553,0.9964,,
DATA,A007,3,272,1316609,-0.1879,0.9639,0.1778,6.3477,15.3198,-9.1553,0.9980,,
DATA,A007,3,273,1316619,-0.1979,0.9649,0.1744,5.5542,17.2729,-9.2773,1.0003,,
DATA,A007,3,274,1316629,-0.2023,0.9617,0.1713,5.3101,18.0664,-9.0942,0.9976,,
DATA,A007,3,275,1316639,-0.2057,0.9608,0.1730,5.0049,18.7988,-9.0332,0.9976,,
DATA,A007,3,276,1316649,-0.2093,0.9564,0.1742,4.9438,19.2261,-9.0942,0.9944,,
DATA,A007,3,277,1316659,-0.2113,0.9561,0.1757,5.1880,19.5312,-9.0942,0.9948,,
DATA,A007,3,278,1316669,-0.2152,0.9576,0.1749,5.1880,19.5923,-8.9722,0.9969,,
DATA,A007,3,279,1316679,-0.2164,0.9642,0.1754,5.1270,19.5312,-8.8501,1.0036,,
DATA,A007,3,280,1316689,-0.2211,0.9688,0.1739,5.0049,19.5312,-8.7891,1.0088,,
DATA,A007,3,281,1316699,-0.2230,0.9703,0.1735,4.1504,18.6157,-8.4839,1.0106,,
DATA,A007,3,282,1316709,-0.2252,0.9649,0.1703,3.6621,17.8833,-8.1787,1.0054,,
DATA,A007,3,283,1316719,-0.2281,0.9661,0.1742,3.1738,16.6626,-7.9346,1.0079,,
DATA,A007,3,284,1316729,-0.2220,0.9627,0.1715,2.8076,16.4185,-7.8125,1.0028,,
DATA,A007,3,285,1316739,-0.2169,0.9637,0.1700,2.8687,16.0522,-7.6294,1.0023,,
DATA,A007,3,286,1316749,-0.2176,0.9656,0.1710,2.4414,16.1133,-7.5073,1.0045,,
DATA,A007,3,287,1316759,-0.2145,0.9654,0.1749,2.2583,15.9912,-7.2021,1.0043,,
DATA,A007,3,288,1316769,-0.2137,0.9627,0.1747,2.0752,16.1743,-6.9580,1.0015,,
DATA,A007,3,289,1316779,-0.2123,0.9566,0.1803,1.9531,16.2964,-6.8359,0.9963,,
DATA,A007,3,290,1316789,-0.2164,0.9559,0.1788,2.1973,16.2354,-6.7749,0.9962,,
DATA,A007,3,291,1316799,-0.2150,0.9554,0.1822,2.3193,16.2354,-6.7139,0.9961,,
DATA,A007,3,292,1316809,-0.2184,0.9527,0.1800,2.7466,15.8691,-6.5918,0.9938,,
DATA,A007,3,293,1316819,-0.2150,0.9493,0.1808,2.6245,15.6250,-6.6528,0.9900,,
DATA,A007,3,294,1316829,-0.2196,0.9459,0.1808,3.1128,15.0146,-7.1411,0.9877,,
DATA,A007,3,295,1316839,-0.2164,0.9476,0.1798,3.2349,14.6484,-7.2632,0.9885,,
DATA,A007,3,296,1316849,-0.2191,0.9517,0.1793,3.9062,13.9771,-7.5684,0.9929,,
DATA,A007,3,297,1316859,-0.2193,0.9493,0.1805,4.2725,13.6719,-7.8125,0.9909,,
DATA,A007,3,298,1316869,-0.2181,0.9537,0.1815,4.2114,13.0005,-7.8735,0.9950,,
DATA,A007,3,299,1316879,-0.2206,0.9527,0.1825,4.2114,12.4512,-7.8735,0.9948,,
DATA,A007,3,300,1316889,-0.2213,0.9544,0.1798,4.2725,11.4136,-7.9346,0.9961,,
DATA,A007,3,301,1316899,-0.2211,0.9512,0.1813,4.2725,10.7422,-7.8125,0.9933,,
DATA,A007,3,302,1316909,-0.2193,0.9559,0.1808,4.8828,9.8877,-7.7515,0.9972,,
DATA,A007,3,303,1316919,-0.2184,0.9583,0.1800,4.9438,9.5215,-7.6904,0.9992,,
DATA,A007,3,304,1316929,-0.2145,0.9598,0.1791,4.5776,9.3994,-7.6294,0.9996,,
DATA,A007,3,305,1316939,-0.2128,0.9608,0.1788,4.3945,9.3384,-7.5684,1.0001,,
DATA,A007,3,306,1316949,-0.2164,0.9622,0.1783,4.1504,9.0332,-7.6904,1.0022,,
DATA,A007,3,307,1316959,-0.2142,0.9639,0.1793,4.2114,8.8501,-7.6904,1.0036,,
DATA,A007,3,308,1316969,-0.2115,0.9656,0.1808,4.0283,8.1177,-7.8125,1.0049,,
DATA,A007,3,309,1316979,-0.2093,0.9629,0.1837,4.0283,8.2397,-7.8125,1.0024,,
DATA,A007,3,310,1316989,-0.2069,0.9642,0.1805,3.5400,8.7280,-7.8125,1.0025,,
DATA,A007,3,311,1316999,-0.2042,0.9617,0.1769,2.8076,8.9111,-7.6904,0.9990,,
DATA,A007,3,312,1317009,-0.1952,0.9576,0.1744,2.6245,10.1318,-7.7515,0.9927,,
DATA,A007,3,313,1317019,-0.1964,0.9551,0.1710,2.6855,11.2915,-8.0566,0.9900,,
DATA,A007,3,314,1317029,-0.1952,0.9532,0.1761,3.0518,13.2446,-7.9956,0.9888,,
DATA,A007,3,315,1317039,-0.1913,0.9517,0.1764,3.1128,14.0991,-8.3008,0.9866,,
DATA,A007,3,316,1317049,-0.2008,0.9515,0.1854,2.8687,15.1978,-8.3008,0.9899,,
DATA,A007,3,317,1317059,-0.2005,0.9520,0.1844,2.9907,15.5640,-8.7891,0.9902,,
DATA,A007,3,318,1317069,-0.1971,0.9534,0.1861,3.1738,16.2964,-8.9722,0.9912,,
DATA,A007,3,319,1317079,-0.1974,0.9617,0.1871,3.1128,16.7847,-9.1553,0.9994,,
DATA,A007,3,320,1317089,-0.1927,0.9559,0.1883,2.9297,18.1274,-9.5215,0.9931,,
DATA,A007,3,321,1317099,-0.1979,0.9556,0.1849,2.3804,18.9209,-9.3384,0.9933,,
DATA,A007,3,322,1317109,-0.2057,0.9424,0.1861,2.8687,20.5078,-9.9487,0.9824,,
DATA,A007,3,323,1317119,-0.2088,0.9466,0.1859,3.7231,20.9351,-9.9487,0.9870,,
DATA,A007,3,324,1317129,-0.2167,0.9534,0.1879,3.1128,21.6064,-9.7046,0.9956,,
DATA,A007,3,325,1317139,-0.2181,0.9593,0.1888,3.1128,21.9116,-10.0708,1.0017,,
DATA,A007,3,326,1317149,-0.2218,0.9676,0.1901,2.8076,21.7285,-9.9487,1.0107,,
DATA,A007,3,327,1317159,-0.2240,0.9754,0.1888,1.6479,21.1182,-10.4370,1.0184,,
DATA,A007,3,328,1317169,-0.2264,0.9791,0.1893,0.7935,20.4468,-10.1318,1.0226,,
DATA,A007,3,329,1317179,-0.2220,0.9793,0.1905,-1.0376,19.5312,-10.0098,1.0221,,
DATA,A007,3,330,1317189,-0.2286,0.9732,0.1891,-1.7700,19.1040,-10.9253,1.0174,,
DATA,A007,3,331,1317199,-0.2259,0.9671,0.1888,-1.2207,17.5171,-10.4980,1.0109,,
DATA,A007,3,332,1317209,-0.2257,0.9700,0.1944,-0.7324,16.6016,-10.2539,1.0147,,
DATA,A007,3,333,1317219,-0.2272,0.9666,0.1866,-0.9766,15.0146,-10.8032,1.0103,,
DATA,A007,3,334,1317229,-0.2193,0.9698,0.1898,-1.3428,14.0381,-10.1318,1.0122,,
DATA,A007,3,335,1317239,-0.2174,0.9610,0.1913,-2.4414,13.2446,-9.4604,1.0037,,
DATA,A007,3,336,1317249,-0.2162,0.9483,0.1893,-1.9531,12.2070,-9.0942,0.9909,,
DATA,A007,3,337,1317259,-0.2208,0.9466,0.1923,0.9155,10.0708,-10.1318,0.9908,,
DATA,A007,3,338,1317269,-0.2132,0.9522,0.2006,1.4038,8.3008,-8.7891,0.9962,,
DATA,A007,3,339,1317279,-0.2147,0.9439,0.1937,0.0000,6.3477,-8.5449,0.9872,,
DATA,A007,3,340,1317289,-0.2079,0.9346,0.1898,2.4414,5.3711,-8.7891,0.9761,,
DATA,A007,3,341,1317299,-0.2054,0.9461,0.1905,4.0283,3.9062,-7.6294,0.9867,,
DATA,A007,3,342,1317309,-0.2032,0.9444,0.1852,4.2725,3.3569,-7.6294,0.9836,,
DATA,A007,3,343,1317319,-0.1981,0.9427,0.1837,3.7231,2.6245,-7.3242,0.9806,,
DATA,A007,3,344,1317329,-0.1964,0.9446,0.1881,4.5166,2.6245,-7.1411,0.9830,,
DATA,A007,3,345,1317339,-0.1869,0.9498,0.1857,5.1270,3.7842,-6.8359,0.9856,,
DATA,A007,3,346,1317349,-0.1820,0.9532,0.1898,5.2490,5.1880,-6.7749,0.9888,,
DATA,A007,3,347,1317359,-0.1869,0.9581,0.1866,5.2490,7.9956,-6.5918,0.9938,,
DATA,A007,3,348,1317369,-0.1871,0.9593,0.1866,4.9438,9.9487,-6.5918,0.9950,,
DATA,A007,3,349,1317379,-0.1891,0.9578,0.1898,4.3335,12.6343,-6.4697,0.9946,,
DATA,A007,3,350,1317389,-0.1927,0.9520,0.1901,4.0894,14.4043,-6.5308,0.9897,,
DATA,A007,3,351,1317399,-0.1964,0.9551,0.1874,3.8452,16.9067,-6.3477,0.9930,,
DATA,A007,3,352,1317409,-0.1993,0.9546,0.1876,4.0283,18.4937,-6.5918,0.9931,,
DATA,A007,3,353,1317419,-0.2040,0.9539,0.1893,3.4790,20.5688,-6.7749,0.9937,,
DATA,A007,3,354,1317429,-0.2123,0.9556,0.1918,3.8452,21.3623,-7.0190,0.9975,,
DATA,A007,3,355,1317439,-0.2208,0.9561,0.1966,4.2114,21.8506,-7.5684,1.0008,,
DATA,A007,3,356,1317449,-0.2215,0.9503,0.1974,2.9297,21.4844,-7.6294,0.9955,,
DATA,A007,3,357,1317459,-0.2203,0.9444,0.1976,2.6245,21.1792,-7.8125,0.9897,,
DATA,A007,3,358,1317469,-0.2245,0.9473,0.2020,2.7466,20.5078,-7.9956,0.9943,,
DATA,A007,3,359,1317479,-0.2274,0.9454,0.2027,3.0518,19.5923,-8.4229,0.9933,,
DATA,A007,3,360,1317489,-0.2281,0.9471,0.2064,3.5400,17.9443,-9.0942,0.9958,,
DATA,A007,3,361,1317499,-0.2291,0.9481,0.2067,3.3569,16.9067,-9.0332,0.9970,,
DATA,A007,3,362,1317509,-0.2245,0.9515,0.2115,3.2959,15.4419,-9.0942,1.0002,,
DATA,A007,3,363,1317519,-0.2218,0.9493,0.2084,2.8076,14.7095,-9.2773,0.9969,,
DATA,A007,3,364,1317529,-0.2228,0.9471,0.2074,3.3569,13.3667,-9.3384,0.9948,,
DATA,A007,3,365,1317539,-0.2193,0.9522,0.2096,3.4790,12.5122,-9.5825,0.9994,,
DATA,A007,3,366,1317549,-0.2157,0.9515,0.2045,3.5400,11.7798,-9.6436,0.9968,,
DATA,A007,3,367,1317559,-0.2123,0.9493,0.2037,3.4790,11.5967,-9.8877,0.9938,,
DATA,A007,3,368,1317569,-0.2101,0.9539,0.1991,3.4180,11.1084,-10.1929,0.9969,,
DATA,A007,3,369,1317579,-0.2098,0.9525,0.2018,3.6011,10.8643,-10.4370,0.9959,,
DATA,A007,3,370,1317589,-0.2062,0.9581,0.2010,3.9062,10.4370,-10.4980,1.0004,,
DATA,A007,3,371,1317599,-0.2054,0.9603,0.2025,3.7231,10.3760,-10.3149,1.0027,,
DATA,A007,3,372,1317609,-0.2071,0.9661,0.1979,3.6621,10.3149,-9.7656,1.0077,,
DATA,A007,3,373,1317619,-0.2045,0.9642,0.1954,2.8687,10.5591,-9.2773,1.0048,,
DATA,A007,3,374,1317629,-0.2076,0.9576,0.1920,2.5024,11.3525,-8.4839,0.9985,,
DATA,A007,3,375,1317639,-0.2047,0.9546,0.1920,2.5024,11.9019,-8.0566,0.9950,,
DATA,A007,3,376,1317649,-0.2108,0.9532,0.1959,3.4790,12.5122,-7.5684,0.9957,,
DATA,A007,3,377,1317659,-0.2154,0.9510,0.2003,3.9062,12.3901,-7.2632,0.9954,,
DATA,A007,3,378,1317669,-0.2196,0.9466,0.2089,4.7607,10.9863,-6.9580,0.9939,,
DATA,A007,3,379,1317679,-0.2223,0.9434,0.2091,4.9438,9.9487,-7.0190,0.9915,,
DATA,A007,3,380,1317689,-0.2211,0.9478,0.2137,5.8594,8.6060,-7.0801,0.9964,,
DATA,A007,3,381,1317699,-0.2176,0.9442,0.2103,6.2866,8.0566,-7.0801,0.9915,,
DATA,A007,3,382,1317709,-0.2164,0.9432,0.2096,6.1035,7.6294,-7.2632,0.9901,,
DATA,A007,3,383,1317719,-0.2135,0.9434,0.2052,6.1646,7.3853,-7.4463,0.9888,,
DATA,A007,3,384,1317729,-0.2132,0.9402,0.2032,6.2256,7.5073,-7.9346,0.9853,,
DATA,A007,3,385,1317739,-0.2142,0.9395,0.2059,6.4087,7.5684,-8.1787,0.9854,,
DATA,A007,3,386,1317749,-0.2118,0.9437,0.2054,6.8359,7.3853,-8.7891,0.9887,,
DATA,A007,3,387,1317759,-0.2125,0.9451,0.2045,7.2021,7.5684,-9.0332,0.9901,,
DATA,A007,3,388,1317769,-0.2108,0.9490,0.2013,7.3853,7.6294,-9.5215,0.9928,,
DATA,A007,3,389,1317779,-0.2091,0.9488,0.2001,7.4463,7.7515,-9.8267,0.9919,,
DATA,A007,3,390,1317789,-0.2067,0.9473,0.1964,7.6904,8.3008,-10.2539,0.9893,,
DATA,A007,3,391,1317799,-0.2047,0.9481,0.1979,7.8125,8.5449,-10.4980,0.9899,,
DATA,A007,3,392,1317809,-0.2020,0.9476,0.1969,8.1177,9.5825,-10.6812,0.9887,,
DATA,A007,3,393,1317819,-0.2042,0.9527,0.1954,8.1787,10.2539,-10.4980,0.9937,,
DATA,A007,3,394,1317829,-0.2086,0.9534,0.1959,8.1787,11.1694,-10.3760,0.9955,,
DATA,A007,3,395,1317839,-0.2110,0.9515,0.1986,8.1787,11.7188,-10.3760,0.9946,,
DATA,A007,3,396,1317849,-0.2142,0.9532,0.2003,8.1177,11.7188,-10.2539,0.9973,,
DATA,A007,3,397,1317859,-0.2123,0.9556,0.1991,8.3618,11.2915,-10.3149,0.9990,,
DATA,A007,3,398,1317869,-0.2128,0.9493,0.2013,8.3618,10.8643,-10.2539,0.9934,,
DATA,A007,3,399,1317879,-0.2140,0.9493,0.2054,8.5449,9.9487,-10.4370,0.9945,,
DATA,A007,3,400,1317889,-0.2093,0.9481,0.2035,8.7891,9.2163,-10.6201,0.9920,,
DATA,A007,3,401,1317899,-0.2125,0.9510,0.2023,9.0942,8.4839,-10.7422,0.9952,,
DATA,A007,3,402,1317909,-0.2130,0.9559,0.2020,9.0942,7.9956,-10.6201,0.9999,,
DATA,A007,3,403,1317919,-0.2093,0.9610,0.2027,8.9111,7.6294,-10.4370,1.0042,,
DATA,A007,3,404,1317929,-0.2098,0.9593,0.1991,8.7891,7.6294,-10.1929,1.0019,,
DATA,A007,3,405,1317939,-0.2086,0.9564,0.1993,8.4229,7.7515,-9.8267,0.9989,,
DATA,A007,3,406,1317949,-0.2079,0.9593,0.1998,8.1787,7.6294,-9.7046,1.0017,,
DATA,A007,3,407,1317959,-0.2120,0.9571,0.1954,7.9956,7.5684,-9.2773,0.9996,,
DATA,A007,3,408,1317969,-0.2123,0.9603,0.1971,7.6904,7.3853,-9.0942,1.0030,,
DATA,A007,3,409,1317979,-0.2115,0.9625,0.1927,7.1411,6.5918,-8.8501,1.0041,,
DATA,A007,3,410,1317989,-0.2132,0.9610,0.1908,6.8359,6.1035,-8.7280,1.0027,,
DATA,A007,3,411,1317999,-0.2152,0.9620,0.1937,6.2866,5.3101,-8.7280,1.0046,,
DATA,A007,3,412,1318009,-0.2128,0.9649,0.1942,6.1646,4.8218,-8.6670,1.0070,,
DATA,A007,3,413,1318019,-0.2062,0.9654,0.1923,5.4932,4.2114,-8.7891,1.0057,,
DATA,A007,3,414,1318029,-0.2045,0.9693,0.1925,5.1270,4.0283,-8.7280,1.0092,,
DATA,A007,3,415,1318039,-0.2005,0.9634,0.1940,4.5166,3.7842,-8.6670,1.0030,,
DATA,A007,3,416,1318049,-0.1998,0.9647,0.1940,4.2725,4.0283,-8.6670,1.0040,,
DATA,A007,3,417,1318059,-0.2001,0.9622,0.1981,3.9062,4.0894,-8.3618,1.0026,,
DATA,A007,3,418,1318069,-0.1964,0.9625,0.1952,4.0283,4.1504,-8.0566,1.0015,,
DATA,A007,3,419,1318079,-0.1927,0.9637,0.1971,3.8452,4.6387,-7.6904,1.0023,,
DATA,A007,3,420,1318089,-0.1893,0.9649,0.1979,3.9062,5.0659,-7.5684,1.0030,,
DATA,A007,3,421,1318099,-0.1903,0.9512,0.1971,4.1504,5.5542,-7.0190,0.9899,,
DATA,A007,3,422,1318109,-0.1918,0.9527,0.1979,4.8218,5.7373,-6.7139,0.9917,,
DATA,A007,3,423,1318119,-0.1893,0.9559,0.1952,5.7983,6.1035,-6.4087,0.9938,,
DATA,A007,3,424,1318129,-0.1920,0.9551,0.1915,6.2256,5.9814,-6.2256,0.9929,,
DATA,A007,3,425,1318139,-0.1910,0.9551,0.1932,6.8359,5.9204,-6.0425,0.9930,,
DATA,A007,3,426,1318149,-0.1900,0.9556,0.1903,7.1411,5.7373,-6.2256,0.9927,,
DATA,A007,3,427,1318159,-0.1861,0.9549,0.1937,7.5684,5.7983,-6.2256,0.9920,,
DATA,A007,3,428,1318169,-0.1849,0.9564,0.1920,7.3853,6.2256,-6.0425,0.9928,,
DATA,A007,3,429,1318179,-0.1835,0.9578,0.1891,7.5073,6.8359,-6.2256,0.9934,,
DATA,A007,3,430,1318189,-0.1876,0.9549,0.1910,7.5073,7.5073,-6.0425,0.9917,,
DATA,A007,3,431,1318199,-0.1817,0.9568,0.1925,7.3853,7.5073,-5.9814,0.9928,,
DATA,A007,3,432,1318209,-0.1857,0.9559,0.1923,7.7515,8.9111,-6.4087,0.9925,,
DATA,A007,3,433,1318219,-0.1886,0.9605,0.1893,7.5073,9.0332,-6.4087,0.9970,,
DATA,A007,3,434,1318229,-0.1820,0.9671,0.1871,7.3853,9.9487,-6.2866,1.0017,,
DATA,A007,3,435,1318239,-0.1796,0.9649,0.1901,7.1411,10.8032,-6.3477,0.9997,,
DATA,A007,3,436,1318249,-0.1769,0.9659,0.1879,6.8359,13.1226,-6.2256,0.9997,,
DATA,A007,3,437,1318259,-0.1835,0.9605,0.1918,6.7139,14.8926,-6.4087,0.9965,,
DATA,A007,3,438,1318269,-0.1891,0.9534,0.1986,6.2256,16.7236,-6.5308,0.9921,,
DATA,A007,3,439,1318279,-0.2008,0.9549,0.1964,5.9814,17.0288,-6.8970,0.9953,,
DATA,A007,3,440,1318289,-0.2145,0.9693,0.1866,5.7983,15.6250,-6.8970,1.0101,,
DATA,A007,3,441,1318299,-0.2357,0.9942,0.1654,5.1270,13.5498,-6.3477,1.0351,,
DATA,A007,3,442,1318309,-0.2657,1.0257,0.1710,2.3804,7.3242,-3.9062,1.0733,,
DATA,A007,3,443,1318319,-0.2779,1.0301,0.1844,0.4883,0.9766,-1.1597,1.0828,,
DATA,A007,3,444,1318329,-0.2992,0.9827,0.2208,-2.8687,-11.6577,1.2207,1.0507,,
DATA,A007,3,445,1318339,-0.3006,0.9405,0.2418,-2.9297,-21.2402,1.8311,1.0166,,
DATA,A007,3,446,1318349,-0.2816,0.9087,0.2552,1.9531,-33.5083,0.6104,0.9850,,
DATA,A007,3,447,1318359,-0.2621,0.9034,0.2596,4.2725,-40.2222,-0.3052,0.9758,,
DATA,A007,3,448,1318369,-0.2521,0.9212,0.2655,5.3711,-49.6216,-3.4790,0.9913,,
DATA,A007,3,449,1318379,-0.2433,0.9222,0.2687,6.1035,-54.1992,-5.6152,0.9908,,
DATA,A007,3,450,1318389,-0.2596,0.9158,0.2767,7.6904,-66.8945,-9.3384,0.9913,,
DATA,A007,3,451,1318399,-0.2516,0.9141,0.2919,9.9487,-74.2798,-12.5122,0.9920,,
DATA,A007,3,452,1318409,-0.2672,0.9327,0.2994,11.1084,-87.0972,-16.7236,1.0154,,
DATA,A007,3,453,1318419,-0.2933,0.9483,0.3031,12.4512,-96.1914,-21.1182,1.0379,,
DATA,A007,3,454,1318429,-0.3754,0.9881,0.3119,12.6343,-114.6851,-25.0244,1.1020,,
DATA,A007,3,455,1318439,-0.4469,1.0191,0.3434,10.3149,-132.5073,-27.9541,1.1646,,
DATA,A007,3,456,1318449,-0.5065,1.0467,0.3966,1.9531,-160.5835,-33.0200,1.2286,,
DATA,A007,3,457,1318459,-0.5362,1.0626,0.4278,-2.5635,-181.4575,-36.9873,1.2648,,
DATA,A007,3,458,1318469,-0.5936,1.0853,0.4723,-8.6060,-211.6089,-47.0581,1.3241,,
DATA,A007,3,459,1318479,-0.5848,1.1063,0.4969,-14.0991,-235.5347,-53.0396,1.3464,,
DATA,A007,3,460,1318489,-0.5963,1.1448,0.5045,-22.8882,-271.7285,-62.1948,1.3859,,
DATA,A007,3,461,1318499,-0.5846,1.1600,0.5209,-32.4097,-298.5840,-69.3970,1.3995,,
DATA,A007,3,462,1318509,-0.6102,1.1744,0.4962,-49.0112,-348.9990,-81.9092,1.4134,,
DATA,A007,3,463,1318519,-0.6149,1.2003,0.4650,-59.8145,-381.4697,-88.8062,1.4265,,
DATA,A007,3,464,1318529,-0.5995,1.2308,0.4559,-69.3359,-409.6680,-97.2900,1.4429,,
DATA,A007,3,465,1318539,-0.5694,1.3113,0.4112,-83.0688,-441.1011,-111.3892,1.4876,,
DATA,A007,3,466,1318549,-0.4762,1.3753,0.4117,-93.6279,-451.5991,-118.4082,1.5125,,
DATA,A007,3,467,1318559,-0.3216,1.4180,0.4213,-111.5723,-451.9043,-124.9390,1.5138,,
DATA,A007,3,468,1318569,-0.2816,1.4158,0.4195,-126.2207,-446.5332,-127.1973,1.5033,,
DATA,A007,3,469,1318579,-0.2171,1.3611,0.4308,-143.2495,-421.9971,-128.9673,1.4441,,
DATA,A007,3,470,1318589,-0.1734,1.3367,0.4276,-151.0620,-405.3955,-131.9580,1.4141,,
DATA,A007,3,471,1318599,-0.0973,1.2725,0.4274,-159.7900,-371.1548,-133.3008,1.3459,,
DATA,A007,3,472,1318609,-0.0255,1.2322,0.4549,-163.3301,-348.1445,-130.2490,1.3138,,
DATA,A007,3,473,1318619,0.0614,1.1546,0.4452,-169.8608,-306.7017,-126.6479,1.2390,,
DATA,A007,3,474,1318629,0.1027,1.0950,0.4464,-172.7295,-277.5269,-124.2065,1.1870,,
DATA,A007,3,475,1318639,0.1217,0.9871,0.4781,-173.4619,-232.7881,-121.7041,1.1036,,
DATA,A007,3,476,1318649,0.1019,0.9241,0.4713,-171.4478,-206.3599,-119.6899,1.0424,,
DATA,A007,3,477,1318659,0.0556,0.8441,0.4320,-166.7480,-176.6968,-115.9058,0.9498,,
DATA,A007,3,478,1318669,0.0192,0.7874,0.4259,-161.3159,-164.0625,-113.7695,0.8954,,
DATA,A007,3,479,1318679,0.0067,0.7303,0.4142,-151.4893,-152.4658,-110.1074,0.8396,,
DATA,A007,3,480,1318689,0.0370,0.6851,0.4098,-145.4468,-149.8413,-104.3091,0.7992,,
DATA,A007,3,481,1318699,0.0910,0.6126,0.4183,-136.1084,-147.3389,-96.1304,0.7474,,
DATA,A007,3,482,1318709,0.1259,0.5696,0.4359,-129.4556,-142.7002,-91.4307,0.7282,,
DATA,A007,3,483,1318719,0.1698,0.5145,0.4684,-119.9951,-132.8125,-83.9233,0.7162,,
DATA,A007,3,484,1318729,0.1850,0.4944,0.4908,-113.7695,-122.4365,-79.1016,0.7208,,
DATA,A007,3,485,1318739,0.2096,0.4742,0.5023,-104.7974,-104.1260,-72.8760,0.7219,,
DATA,A007,3,486,1318749,0.2001,0.4622,0.5275,-98.8770,-91.0034,-68.1763,0.7293,,
DATA,A007,3,487,1318759,0.1600,0.4566,0.5558,-91.0034,-71.2891,-63.5986,0.7369,,
DATA,A007,3,488,1318769,0.1210,0.4608,0.5548,-85.8154,-60.1807,-61.2793,0.7313,,
DATA,A007,3,489,1318779,0.0910,0.4505,0.5453,-76.9043,-51.0864,-57.1289,0.7131,,
DATA,A007,3,490,1318789,0.0831,0.4446,0.5458,-70.6787,-50.4761,-54.3213,0.7089,,
DATA,A007,3,491,1318799,0.0619,0.5836,0.3136,-61.7065,-51.2085,-53.3447,0.6654,,
DATA,A007,3,492,1318809,0.0939,0.5330,0.2704,-56.4575,-56.5186,-57.3120,0.6050,,
DATA,A007,3,493,1318819,0.2809,0.4122,0.5748,-44.0063,-60.3027,-41.7480,0.7611,,
DATA,A007,3,494,1318829,0.2953,0.4134,0.6368,-39.0625,-46.4478,-31.7993,0.8146,,
DATA,A007,3,495,1318839,0.2308,0.4583,0.6761,-34.0576,-30.2734,-37.8418,0.8488,,
DATA,A007,3,496,1318849,0.1120,0.5562,0.7606,-28.4424,-13.8550,-44.6777,0.9489,,
DATA,A007,3,497,1318859,0.0543,0.5198,0.7587,-29.7241,-11.9629,-39.7949,0.9213,,
DATA,A007,3,498,1318869,-0.0116,0.4346,0.8170,-28.0762,-18.1885,-35.5835,0.9255,,
DATA,A007,3,499,1318879,-0.0323,0.4434,0.8456,-25.3906,-25.6348,-39.6729,0.9553,,
DATA,A007,3,500,1318889,-0.0961,0.8714,0.7723,-33.9966,-39.3066,-45.3491,1.1684,,
DATA,A007,3,501,1318899,0.2069,0.4500,0.7750,-37.7808,-47.7295,-35.2173,0.9198,,
DATA,A007,3,502,1318909,0.2721,0.4903,0.7877,-40.3442,-38.5132,-13.9160,0.9669,,
DATA,A007,3,503,1318919,0.3070,0.3819,0.7760,-43.4570,-15.5029,-26.7944,0.9178,,
DATA,A007,3,504,1318929,0.2506,0.4468,0.7965,-41.8701,-1.1597,-33.6304,0.9470,,
DATA,A007,3,505,1318939,0.1976,0.4271,0.8004,-40.8936,5.2490,-35.8887,0.9285,,
DATA,A007,3,506,1318949,0.1122,0.4141,0.7955,-40.5273,-3.3569,-36.6821,0.9038,,
DATA,A007,3,507,1318959,0.2824,0.3614,0.7667,-23.6206,-29.4189,-23.4375,0.8934,,
DATA,A007,3,508,1318969,0.4425,0.6612,0.8986,-29.6021,-14.8926,8.8501,1.2002,,
DATA,A007,3,509,1318979,0.3844,0.4551,0.8026,-46.3867,17.8223,-1.1597,0.9995,,
DATA,A007,3,510,1318989,0.2921,0.2476,0.7604,-31.6772,57.4341,-13.8550,0.8514,,
DATA,A007,3,511,1318999,0.2067,0.2220,0.8153,3.4790,77.7588,-26.8555,0.8699,,
DATA,A007,3,512,1319009,0.0263,0.3348,0.8771,32.4097,60.0586,-23.2544,0.9392,,
DATA,A007,3,513,1319019,-0.0150,0.4786,0.9029,31.3721,24.1089,-12.7563,1.0220,,
DATA,A007,3,514,1319029,0.0329,0.5560,0.9098,17.8833,-12.8174,-4.9438,1.0667,,
DATA,A007,3,515,1319039,0.0849,0.5552,0.9025,7.9346,-26.2451,-7.3242,1.0630,,
DATA,A007,3,516,1319049,0.1962,0.5421,0.9093,-5.4321,-37.1094,-7.7515,1.0766,,
DATA,A007,3,517,1319059,0.2650,0.5489,0.9200,-18.3716,-33.6304,-3.7842,1.1036,,
DATA,A007,3,518,1319069,0.2892,0.3924,0.9254,-23.7427,-13.7939,-11.0474,1.0459,,
DATA,A007,3,519,1319079,0.2367,0.4151,0.9352,-16.2964,-5.9204,-14.5264,1.0502,,
DATA,A007,3,520,1319089,0.2391,0.4688,0.9034,-5.4321,0.8545,-19.2261,1.0455,,
DATA,A007,3,521,1319099,0.2623,0.4532,0.8978,-3.6621,-0.3052,-18.6157,1.0394,,
DATA,A007,3,522,1319109,0.2365,0.3948,0.8531,-2.5024,1.8311,-24.3530,0.9694,,
DATA,A007,3,523,1319119,0.2577,0.4346,0.8331,9.0332,1.5869,-28.1372,0.9744,,
DATA,A007,3,524,1319129,0.2218,0.4957,0.8273,-2.7466,3.2349,-24.9634,0.9896,,
DATA,A007,3,525,1319139,0.1266,0.4778,0.8495,-10.3149,4.7607,-33.9966,0.9828,,
DATA,A007,3,526,1319149,0.1058,0.4825,0.8805,-11.4136,-10.8032,-32.7148,1.0096,,
DATA,A007,3,527,1319159,0.1417,0.5088,0.9181,-17.5781,-17.9443,-25.6958,1.0592,,
DATA,A007,3,528,1319169,0.2069,0.4629,0.9542,-26.2451,-21.1182,-19.7754,1.0806,,
DATA,A007,3,529,1319179,0.2694,0.4283,0.9554,-26.8555,-20.3247,-16.0522,1.0811,,
DATA,A007,3,530,1319189,0.2870,0.4097,0.9601,-32.8979,-11.5356,-17.3950,1.0826,,
DATA,A007,3,531,1319199,0.2860,0.3091,0.9108,-33.5693,-0.4272,-18.3716,1.0034,,
DATA,A007,3,532,1319209,0.2850,0.3238,0.8561,-27.5879,4.0283,-16.9067,0.9586,,
DATA,A007,3,533,1319219,0.1930,0.3604,0.8295,-19.5923,7.9346,-18.9819,0.9247,,
DATA,A007,3,534,1319229,0.1852,0.3592,0.8314,-13.1836,5.1270,-13.4277,0.9244,,
DATA,A007,3,535,1319239,0.1850,0.3946,0.8500,-13.9771,-2.8076,-10.6812,0.9552,,
DATA,A007,3,536,1319249,0.2140,0.3792,0.8778,-12.3901,-4.6997,-8.9722,0.9799,,
DATA,A007,3,537,1319259,0.2223,0.4080,0.8888,-11.2305,-6.0425,-7.4463,1.0029,,
DATA,A007,3,538,1319269,0.2330,0.4261,0.8995,-14.5264,-4.6387,-8.8501,1.0223,,
DATA,A007,3,539,1319279,0.2250,0.3599,0.8536,-13.6719,2.5635,-12.2681,0.9533,,
DATA,A007,3,540,1319289,0.3004,0.3218,0.9147,-7.6904,-0.7324,-10.3760,1.0151,,
DATA,A007,3,541,1319299,0.1781,0.4737,0.8141,-3.6621,10.5591,-16.2964,0.9586,,
DATA,A007,3,542,1319309,0.2133,0.3792,0.8719,-7.8125,13.9771,-14.1602,0.9745,,
DATA,A007,3,543,1319319,0.2416,0.3741,0.8944,-8.2397,16.0522,-13.1226,0.9991,,
DATA,A007,3,544,1319329,0.2684,0.3980,0.8942,-7.6904,15.9302,-12.4512,1.0149,,
DATA,A007,3,545,1319339,0.2609,0.3890,0.9171,-8.9111,28.8086,-11.5356,1.0298,,
DATA,A007,3,546,1319349,0.2550,0.3904,0.9213,-8.7891,31.7383,-10.0708,1.0326,,
DATA,A007,3,547,1319359,0.2448,0.4048,0.9296,-6.2866,36.4380,-9.7656,1.0430,,
DATA,A007,3,548,1319369,0.2633,0.3965,0.9386,-3.1738,38.5742,-7.6904,1.0524,,
DATA,A007,3,549,1319379,0.2689,0.4066,0.9496,2.8076,40.3442,-4.6997,1.0674,,
DATA,A007,3,550,1319389,0.2721,0.4070,0.9647,7.2021,40.4663,-1.9531,1.0818,,
DATA,A007,3,551,1319399,0.1940,0.3411,0.9889,11.3525,33.6914,-0.1221,1.0639,,
DATA,A007,3,552,1319409,0.1564,0.3353,0.9860,10.9863,29.1138,-5.6763,1.0531,,
EVENT,A007,3,,1319413,,,,,,,,STOP,552
EVENT,A007,4,,1325179,,,,,,,,START,
DATA,A007,4,1,1325202,0.1852,0.4349,0.8548,44.0674,38.2080,74.4629,0.9768,,
DATA,A007,4,2,1325212,0.1268,0.4012,0.8131,31.4331,62.8662,54.1992,0.9155,,
DATA,A007,4,3,1325222,0.0243,0.4039,0.8185,27.7100,81.3599,18.5547,0.9130,,
DATA,A007,4,4,1325232,-0.0148,0.4529,0.8077,28.8086,83.9233,-1.7090,0.9262,,
DATA,A007,4,5,1325242,-0.0292,0.5171,0.8378,30.0293,79.8340,-11.9629,0.9850,,
DATA,A007,4,6,1325252,0.0026,0.5738,0.8546,25.2686,70.8008,-1.0376,1.0294,,
DATA,A007,4,7,1325262,0.2355,1.0936,0.8881,82.3975,42.5415,94.1162,1.4283,,
DATA,A007,4,8,1325272,-0.0013,0.7698,0.8724,49.6216,68.2983,86.9751,1.1635,,
DATA,A007,4,9,1325282,-0.0460,0.5650,0.8414,7.6904,43.8843,-10.0708,1.0146,,
DATA,A007,4,10,1325292,0.0380,0.3826,0.7291,-11.6577,25.3296,17.2729,0.8243,,
DATA,A007,4,11,1325302,0.1786,0.3719,0.6503,19.8975,27.9541,42.9077,0.7701,,
DATA,A007,4,12,1325312,0.2189,0.5408,0.6744,42.4805,44.0063,44.7998,0.8918,,
DATA,A007,4,13,1325322,0.1830,0.6744,0.6615,36.9263,73.6694,41.1987,0.9622,,
DATA,A007,4,14,1325332,0.1400,0.6522,0.6500,28.2593,92.5293,40.5884,0.9314,,
DATA,A007,4,15,1325342,0.0499,0.5289,0.6376,29.3579,105.7739,39.6118,0.8299,,
DATA,A007,4,16,1325352,-0.0082,0.4959,0.6388,37.7808,103.0884,42.9688,0.8087,,
DATA,A007,4,17,1325362,-0.0563,0.5350,0.6625,51.1475,90.5151,47.8516,0.8534,,
DATA,A007,4,18,1325372,-0.0560,0.5787,0.6713,55.7251,80.2612,50.7202,0.8880,,
DATA,A007,4,19,1325382,-0.0170,0.6121,0.6715,58.1055,72.5098,53.4668,0.9088,,
DATA,A007,4,20,1325392,0.0155,0.6028,0.6637,58.9600,73.2422,54.8096,0.8967,,
DATA,A007,4,21,1325402,0.0492,0.5684,0.6420,62.3779,82.0923,57.9224,0.8589,,
DATA,A007,4,22,1325412,0.0524,0.5552,0.6197,66.4673,89.5996,60.4248,0.8337,,
DATA,A007,4,23,1325422,0.0519,0.5613,0.5929,73.7305,101.5015,65.3076,0.8181,,
DATA,A007,4,24,1325432,0.0446,0.5718,0.5668,78.9185,108.8257,69.0918,0.8064,,
DATA,A007,4,25,1325442,0.0431,0.5840,0.5402,86.0596,121.5820,74.4019,0.7967,,
DATA,A007,4,26,1325452,0.0314,0.5936,0.5196,90.7593,130.1880,77.4536,0.7895,,
DATA,A007,4,27,1325462,0.0016,0.6204,0.5077,98.0835,144.5923,82.9468,0.8017,,
DATA,A007,4,28,1325472,-0.0030,0.6419,0.5111,103.4546,154.1138,86.6089,0.8205,,
DATA,A007,4,29,1325482,0.0050,0.6744,0.5055,108.5205,167.1143,89.5386,0.8428,,
DATA,A007,4,30,1325492,0.0226,0.7200,0.4872,114.9292,193.3594,93.2617,0.8696,,
DATA,A007,4,31,1325502,-0.0089,0.7728,0.4615,119.6289,223.3887,95.8862,0.9001,,
DATA,A007,4,32,1325512,-0.0428,0.8057,0.4410,122.1924,243.7134,97.3511,0.9195,,
DATA,A007,4,33,1325522,-0.0814,0.8379,0.4335,124.1455,261.1084,99.4263,0.9469,,
DATA,A007,4,34,1325532,-0.1434,0.8924,0.4110,125.8545,282.4707,103.5767,0.9929,,
DATA,A007,4,35,1325542,-0.1625,0.9293,0.3922,126.5869,294.0063,106.2012,1.0216,,
DATA,A007,4,36,1325552,-0.1703,0.9676,0.3702,127.4414,310.6689,110.0464,1.0499,,
DATA,A007,4,37,1325562,-0.1947,0.9915,0.3551,127.2583,322.8149,110.9619,1.0710,,
DATA,A007,4,38,1325572,-0.2250,1.0377,0.3256,126.0986,339.7827,112.2437,1.1106,,
DATA,A007,4,39,1325582,-0.2648,1.0706,0.3058,124.9390,349.3652,113.2812,1.1445,,
DATA,A007,4,40,1325592,-0.3248,1.1329,0.2794,122.0703,358.4595,114.9292,1.2112,,
DATA,A007,4,41,1325602,-0.3746,1.1649,0.2740,118.4692,358.2153,116.3940,1.2539,,
DATA,A007,4,42,1325612,-0.4513,1.2081,0.2843,110.2905,347.3511,117.4927,1.3206,,
DATA,A007,4,43,1325622,-0.4923,1.2283,0.3046,104.1870,332.7637,116.8823,1.3579,,
DATA,A007,4,44,1325632,-0.5389,1.2310,0.3470,93.5059,301.0254,115.2344,1.3879,,
DATA,A007,4,45,1325642,-0.5541,1.2256,0.3819,85.6934,276.9165,112.9761,1.3982,,
DATA,A007,4,46,1325652,-0.5336,1.2191,0.4337,74.0356,239.6240,109.3750,1.3996,,
DATA,A007,4,47,1325662,-0.5245,1.2039,0.4210,64.6362,217.2241,106.6284,1.3791,,
DATA,A007,4,48,1325672,-0.5116,1.1785,0.3812,52.7954,183.8989,100.8301,1.3401,,
DATA,A007,4,49,1325682,-0.5057,1.1685,0.3646,48.4009,161.0718,96.6797,1.3244,,
DATA,A007,4,50,1325692,-0.5111,1.1754,0.3661,43.5181,127.1973,87.3413,1.3329,,
DATA,A007,4,51,1325702,-0.5096,1.1690,0.3763,38.5132,106.3843,78.9795,1.3296,,
DATA,A007,4,52,1325712,-0.5013,1.1160,0.3954,28.8696,79.1626,66.5283,1.2858,,
DATA,A007,4,53,1325722,-0.4835,1.0696,0.4000,23.5596,63.6597,58.4106,1.2401,,
DATA,A007,4,54,1325732,-0.4466,1.0135,0.3920,18.9819,45.4712,45.7153,1.1749,,
DATA,A007,4,55,1325742,-0.4115,0.9949,0.3812,16.9678,36.3770,37.2925,1.1422,,
DATA,A007,4,56,1325752,-0.3627,0.9903,0.3478,12.5122,26.1841,24.9023,1.1105,,
DATA,A007,4,57,1325762,-0.3285,0.9959,0.3226,9.5215,22.3389,16.8457,1.0972,,
DATA,A007,4,58,1325772,-0.2777,1.0020,0.2877,5.3711,21.2402,5.4321,1.0789,,
DATA,A007,4,59,1325782,-0.2467,1.0018,0.2645,2.2583,23.4375,-1.1597,1.0651,,
DATA,A007,4,60,1325792,-0.2191,0.9925,0.2186,-2.4414,30.7617,-10.4980,1.0396,,
DATA,A007,4,61,1325802,-0.2020,0.9891,0.1944,-4.2114,37.7808,-16.0522,1.0280,,
DATA,A007,4,62,1325812,-0.1864,0.9800,0.1715,-4.8828,48.3398,-22.5830,1.0122,,
DATA,A007,4,63,1325822,-0.1857,0.9766,0.1652,-4.9438,55.3589,-26.3062,1.0077,,
DATA,A007,4,64,1325832,-0.1839,0.9649,0.1571,-5.7983,61.5845,-29.5410,0.9948,,
DATA,A007,4,65,1325842,-0.1969,0.9427,0.1569,-5.6763,68.1152,-33.0811,0.9757,,
DATA,A007,4,66,1325852,-0.2059,0.9385,0.1556,-4.8828,71.7163,-35.0952,0.9734,,
DATA,A007,4,67,1325862,-0.2040,0.9356,0.1659,-3.3569,74.7681,-37.3535,0.9718,,
DATA,A007,4,68,1325872,-0.2069,0.9439,0.1730,-2.5024,75.9888,-38.0249,0.9817,,
DATA,A007,4,69,1325882,-0.2152,0.9564,0.1778,-3.1128,78.3691,-38.8184,0.9963,,
DATA,A007,4,70,1325892,-0.2220,0.9576,0.1752,-3.7842,79.0405,-39.4287,0.9985,,
DATA,A007,4,71,1325902,-0.2255,0.9525,0.1805,-4.0894,78.4302,-39.8560,0.9953,,
DATA,A007,4,72,1325912,-0.2255,0.9512,0.1896,-4.1504,76.2939,-39.6118,0.9958,,
DATA,A007,4,73,1325922,-0.2350,0.9554,0.1791,-4.3945,72.8760,-38.8794,1.0000,,
DATA,A007,4,74,1325932,-0.2411,0.9561,0.1764,-4.5776,69.7021,-38.5742,1.0017,,
DATA,A007,4,75,1325942,-0.2565,0.9442,0.1786,-3.2959,62.6831,-37.8418,0.9945,,
DATA,A007,4,76,1325952,-0.2635,0.9361,0.1808,-2.3804,56.8237,-37.2925,0.9891,,
DATA,A007,4,77,1325962,-0.2630,0.9175,0.1901,-0.8545,46.4478,-36.5601,0.9732,,
DATA,A007,4,78,1325972,-0.2628,0.9168,0.1901,0.6714,39.4897,-35.6445,0.9725,,
DATA,A007,4,79,1325982,-0.2511,0.9163,0.1966,3.9062,29.7852,-33.6304,0.9702,,
DATA,A007,4,80,1325992,-0.2369,0.9122,0.2079,6.2256,23.8647,-32.0435,0.9651,,
DATA,A007,4,81,1326002,-0.2276,0.9024,0.2184,7.6294,17.0898,-28.7476,0.9559,,
DATA,A007,4,82,1326012,-0.2198,0.8843,0.2201,8.6060,13.9160,-26.4282,0.9375,,
DATA,A007,4,83,1326022,-0.2137,0.8646,0.2335,12.3901,10.5591,-22.2168,0.9207,,
DATA,A007,4,84,1326032,-0.2228,0.8677,0.2357,16.5405,9.8877,-19.0430,0.9264,,
DATA,A007,4,85,1326042,-0.2203,0.8775,0.2457,21.4233,9.8877,-14.4653,0.9375,,
DATA,A007,4,86,1326052,-0.2284,0.8902,0.2482,23.5596,9.5825,-11.3525,0.9519,,
DATA,A007,4,87,1326062,-0.2447,0.8975,0.2565,26.3062,7.3853,-7.4463,0.9650,,
DATA,A007,4,88,1326072,-0.2521,0.9087,0.2548,28.1982,4.4556,-5.0659,0.9769,,
DATA,A007,4,89,1326082,-0.2589,0.9217,0.2577,30.0293,-2.8687,-1.7700,0.9914,,
DATA,A007,4,90,1326092,-0.2577,0.9344,0.2526,30.0903,-8.4229,0.0000,1.0016,,
DATA,A007,4,91,1326102,-0.2543,0.9493,0.2386,29.3579,-15.9302,1.6479,1.0113,,
DATA,A007,4,92,1326112,-0.2406,0.9517,0.2281,29.3579,-19.7754,2.1362,1.0078,,
DATA,A007,4,93,1326122,-0.2350,0.9549,0.2237,29.3579,-22.8271,2.5024,1.0085,,
DATA,A007,4,94,1326132,-0.2318,0.9671,0.2250,29.4800,-23.9868,2.5024,1.0196,,
DATA,A007,4,95,1326142,-0.2303,0.9827,0.2360,28.9917,-25.4517,2.0142,1.0366,,
DATA,A007,4,96,1326152,-0.2272,1.0008,0.2411,27.5269,-26.7334,1.0986,1.0542,,
DATA,A007,4,97,1326162,-0.2272,1.0054,0.2333,25.3296,-27.8931,-0.1831,1.0568,,
DATA,A007,4,98,1326172,-0.2093,1.0030,0.2223,21.1792,-27.8320,-2.9297,1.0484,,
DATA,A007,4,99,1326182,-0.1981,0.9976,0.2215,19.5312,-26.3672,-5.0049,1.0409,,
DATA,A007,4,100,1326192,-0.1898,0.9905,0.2206,17.2729,-22.1558,-8.5449,1.0324,,
DATA,A007,4,101,1326202,-0.1803,0.9915,0.2186,15.2588,-18.0054,-10.9863,1.0312,,
DATA,A007,4,102,1326212,-0.1835,0.9905,0.2150,11.5356,-11.7188,-14.8926,1.0301,,
DATA,A007,4,103,1326222,-0.1871,0.9871,0.2049,9.7046,-8.1787,-17.3340,1.0254,,
DATA,A007,4,104,1326232,-0.1984,0.9788,0.1930,7.1411,-4.5776,-20.5688,1.0172,,
DATA,A007,4,105,1326242,-0.2032,0.9769,0.1852,5.9204,-3.6011,-22.3389,1.0148,,
DATA,A007,4,106,1326252,-0.1971,0.9683,0.1800,4.5776,-3.2959,-24.3530,1.0044,,
DATA,A007,4,107,1326262,-0.1922,0.9678,0.1808,4.2725,-3.2349,-25.3906,1.0032,,
DATA,A007,4,108,1326272,-0.1835,0.9691,0.1930,3.8452,-2.3193,-26.4893,1.0050,,
DATA,A007,4,109,1326282,-0.1810,0.9695,0.1927,3.4180,-1.0376,-27.0386,1.0050,,
DATA,A007,4,110,1326292,-0.1776,0.9712,0.1930,2.5635,1.5869,-27.1606,1.0060,,
DATA,A007,4,111,1326302,-0.1766,0.9766,0.1927,2.1362,3.9673,-26.7334,1.0110,,
DATA,A007,4,112,1326312,-0.1778,0.9798,0.1852,1.6479,8.1177,-25.6348,1.0129,,
DATA,A007,4,113,1326322,-0.1803,0.9756,0.1793,1.2207,11.2305,-24.7803,1.0082,,
DATA,A007,4,114,1326332,-0.1866,0.9669,0.1744,0.3052,15.6860,-23.3154,1.0000,,
DATA,A007,4,115,1326342,-0.1974,0.9583,0.1691,0.6104,18.2495,-22.7051,0.9929,,
DATA,A007,4,116,1326352,-0.2059,0.9515,0.1644,2.0142,20.7520,-21.2402,0.9873,,
DATA,A007,4,117,1326362,-0.2142,0.9437,0.1656,3.1738,21.1792,-20.2637,0.9817,,
DATA,A007,4,118,1326372,-0.2186,0.9280,0.1612,4.1504,19.8975,-19.4092,0.9670,,
DATA,A007,4,119,1326382,-0.2237,0.9151,0.1664,4.8218,18.1885,-18.7988,0.9566,,
DATA,A007,4,120,1326392,-0.2250,0.9022,0.1664,6.1035,13.6108,-17.0898,0.9446,,
DATA,A007,4,121,1326402,-0.2252,0.8943,0.1678,8.2397,10.6201,-16.8457,0.9374,,
DATA,A007,4,122,1326412,-0.2255,0.9048,0.1700,11.2305,6.5918,-15.5029,0.9479,,
DATA,A007,4,123,1326422,-0.2281,0.9127,0.1766,12.5732,4.3335,-13.6108,0.9572,,
DATA,A007,4,124,1326432,-0.2345,0.9190,0.1808,13.5498,1.1597,-11.5967,0.9655,,
DATA,A007,4,125,1326442,-0.2423,0.9275,0.1820,14.3433,-0.6714,-10.4370,0.9758,,
DATA,A007,4,126,1326452,-0.2435,0.9471,0.1881,14.9536,-2.6855,-8.6670,0.9958,,
DATA,A007,4,127,1326462,-0.2403,0.9539,0.1830,15.0146,-3.8452,-7.1411,1.0006,,
DATA,A007,4,128,1326472,-0.2381,0.9598,0.1747,14.7705,-4.4556,-5.0049,1.0042,,
DATA,A007,4,129,1326482,-0.2308,0.9605,0.1713,14.2822,-4.0283,-4.7607,1.0026,,
DATA,A007,4,130,1326492,-0.2294,0.9615,0.1637,13.8550,-3.7842,-4.4556,1.0019,,
DATA,A007,4,131,1326502,-0.2259,0.9603,0.1593,13.8550,-2.5635,-3.8452,0.9993,,
DATA,A007,4,132,1326512,-0.2250,0.9593,0.1559,14.0381,-1.0986,-4.0283,0.9976,,
DATA,A007,4,133,1326522,-0.2298,0.9661,0.1559,14.0991,1.3428,-4.9438,1.0052,,
DATA,A007,4,134,1326532,-0.2274,0.9651,0.1507,13.9771,2.3193,-5.1880,1.0030,,
DATA,A007,4,135,1326542,-0.2269,0.9608,0.1551,13.7939,3.9062,-4.8218,0.9993,,
DATA,A007,4,136,1326552,-0.2276,0.9571,0.1476,13.7939,4.7607,-5.1880,0.9948,,
DATA,A007,4,137,1326562,-0.2316,0.9503,0.1422,13.9771,6.5918,-5.6763,0.9883,,
DATA,A007,4,138,1326572,-0.2377,0.9390,0.1359,14.4653,7.8735,-5.7983,0.9781,,
DATA,A007,4,139,1326582,-0.2482,0.9288,0.1293,15.2588,9.6436,-5.8594,0.9700,,
DATA,A007,4,140,1326592,-0.2562,0.9263,0.1268,16.2964,10.1929,-6.1035,0.9694,,
DATA,A007,4,141,1326602,-0.2648,0.9180,0.1263,18.1274,9.7656,-5.7373,0.9638,,
DATA,A007,4,142,1326612,-0.2667,0.9171,0.1368,19.7754,8.5449,-5.6152,0.9648,,
DATA,A007,4,143,1326622,-0.2738,0.9251,0.1490,20.8740,5.3711,-4.9438,0.9762,,
DATA,A007,4,144,1326632,-0.2684,0.9295,0.1520,20.9961,3.2959,-4.4556,0.9793,,
DATA,A007,4,145,1326642,-0.2447,0.9332,0.1527,20.9351,3.2349,-3.8452,0.9767,,
DATA,A007,4,146,1326652,-0.2213,0.9351,0.1476,21.1182,7.2632,-4.0894,0.9722,,
DATA,A007,4,147,1326662,-0.2086,0.9429,0.1473,22.7051,17.0288,-4.8218,0.9769,,
DATA,A007,4,148,1326672,-0.2215,0.9532,0.1456,23.7427,23.0103,-4.8828,0.9894,,
DATA,A007,4,149,1326682,-0.2628,0.9725,0.1449,24.7192,26.4893,-5.7983,1.0177,,
DATA,A007,4,150,1326692,-0.2860,0.9839,0.1490,23.6206,24.9634,-6.2256,1.0354,,
DATA,A007,4,151,1326702,-0.3067,0.9864,0.1468,21.1792,17.0898,-7.7515,1.0434,,
DATA,A007,4,152,1326712,-0.3133,0.9883,0.1493,20.6299,9.4604,-9.3994,1.0475,,
DATA,A007,4,153,1326722,-0.3011,0.9971,0.1483,18.7988,-1.8921,-11.5967,1.0521,,
DATA,A007,4,154,1326732,-0.2975,0.9974,0.1566,17.6392,-8.7280,-13.3057,1.0525,,
DATA,A007,4,155,1326742,-0.2965,1.0015,0.1703,17.6392,-19.9585,-15.9912,1.0583,,
DATA,A007,4,156,1326752,-0.2972,1.0074,0.1803,16.6016,-28.8086,-18.0054,1.0657,,
DATA,A007,4,157,1326762,-0.2716,1.0057,0.1901,14.7705,-41.8091,-20.7520,1.0589,,
DATA,A007,4,158,1326772,-0.2540,1.0015,0.1908,13.4888,-49.3774,-21.7896,1.0507,,
DATA,A007,4,159,1326782,-0.2154,0.9886,0.1954,11.7798,-58.0444,-23.1323,1.0305,,
DATA,A007,4,160,1326792,-0.1918,0.9810,0.1949,10.3760,-60.3027,-23.7427,1.0184,,
DATA,A007,4,161,1326802,-0.1752,0.9759,0.1791,8.8501,-60.1807,-23.6206,1.0075,,
DATA,A007,4,162,1326812,-0.1683,0.9730,0.1705,8.4839,-58.5327,-22.8271,1.0020,,
DATA,A007,4,163,1326822,-0.1600,0.9693,0.1544,7.6294,-54.1992,-21.4233,0.9945,,
DATA,A007,4,164,1326832,-0.1520,0.9644,0.1481,7.4463,-49.9878,-20.1416,0.9875,,
DATA,A007,4,165,1326842,-0.1493,0.9490,0.1407,7.5073,-42.2974,-18.4326,0.9710,,
DATA,A007,4,166,1326852,-0.1517,0.9432,0.1359,7.7515,-36.5601,-16.6626,0.9649,,
DATA,A007,4,167,1326862,-0.1498,0.9454,0.1337,8.6670,-31.3721,-15.0757,0.9664,,
DATA,A007,4,168,1326872,-0.1505,0.9437,0.1256,9.8267,-21.5454,-13.4888,0.9638,,
DATA,A007,4,169,1326882,-0.1608,0.9483,0.1219,10.3760,-15.5029,-11.8408,0.9695,,
DATA,A007,4,170,1326892,-0.1713,0.9617,0.1175,10.3149,-7.4463,-10.3760,0.9839,,
DATA,A007,4,171,1326902,-0.1798,0.9583,0.1153,9.7656,-2.5635,-9.8267,0.9818,,
DATA,A007,4,172,1326912,-0.1861,0.9515,0.1083,9.2773,4.3945,-8.3618,0.9755,,
DATA,A007,4,173,1326922,-0.1957,0.9481,0.1080,9.0332,8.6060,-7.9956,0.9740,,
DATA,A007,4,174,1326932,-0.2215,0.9420,0.1017,9.7656,12.0239,-7.6294,0.9730,,
DATA,A007,4,175,1326942,-0.2313,0.9466,0.1046,11.2915,12.5732,-7.2021,0.9800,,
DATA,A007,4,176,1326952,-0.2396,0.9615,0.1029,12.7563,12.6343,-7.1411,0.9962,,
DATA,A007,4,177,1326962,-0.2364,0.9673,0.1056,13.1836,12.3291,-6.8970,1.0014,,
DATA,A007,4,178,1326972,-0.2396,0.9739,0.1151,13.0615,12.5732,-6.6528,1.0096,,
DATA,A007,4,179,1326982,-0.2469,0.9725,0.1166,13.3057,12.2070,-6.7139,1.0101,,
DATA,A007,4,180,1326992,-0.2538,0.9754,0.1219,13.6108,10.1318,-7.0190,1.0152,,
DATA,A007,4,181,1327002,-0.2530,0.9712,0.1266,13.5498,8.4229,-7.4463,1.0116,,
DATA,A007,4,182,1327012,-0.2513,0.9715,0.1317,13.7939,5.6152,-7.9346,1.0121,,
DATA,A007,4,183,1327022,-0.2464,0.9644,0.1346,13.5498,3.7842,-8.4229,1.0045,,
DATA,A007,4,184,1327032,-0.2394,0.9603,0.1383,12.9395,1.9531,-9.0942,0.9993,,
DATA,A007,4,185,1327042,-0.2333,0.9644,0.1400,12.2070,1.3428,-9.5215,1.0021,,
DATA,A007,4,186,1327052,-0.2306,0.9522,0.1459,11.2305,0.7324,-10.2539,0.9905,,
DATA,A007,4,187,1327062,-0.2193,0.9522,0.1459,10.9253,0.7935,-10.6812,0.9880,,
DATA,A007,4,188,1327072,-0.2203,0.9537,0.1478,11.0474,1.2817,-10.8643,0.9899,,
DATA,A007,4,189,1327082,-0.2123,0.9593,0.1456,10.9863,1.7090,-11.1694,0.9932,,
DATA,A007,4,190,1327092,-0.2091,0.9700,0.1483,10.1929,2.6855,-10.8643,1.0033,,
DATA,A007,4,191,1327102,-0.2096,0.9698,0.1486,9.5215,3.7842,-10.4980,1.0032,,
DATA,A007,4,192,1327112,-0.2035,0.9703,0.1420,8.4839,5.2490,-9.8877,1.0015,,
DATA,A007,4,193,1327122,-0.2067,0.9681,0.1405,7.9346,6.5918,-9.4604,0.9998,,
DATA,A007,4,194,1327132,-0.2076,0.9698,0.1310,7.5073,8.3008,-8.9111,1.0004,,
DATA,A007,4,195,1327142,-0.2093,0.9691,0.1288,7.4463,9.9487,-8.4229,0.9997,,
DATA,A007,4,196,1327152,-0.2147,0.9686,0.1222,6.9580,12.4512,-8.0566,0.9996,,
DATA,A007,4,197,1327162,-0.2220,0.9666,0.1212,6.5918,13.3667,-7.6294,0.9992,,
DATA,A007,4,198,1327172,-0.2296,0.9654,0.1193,6.6528,13.5498,-7.5073,0.9995,,
DATA,A007,4,199,1327182,-0.2362,0.9632,0.1168,6.8970,12.6343,-7.4463,0.9986,,
DATA,A007,4,200,1327192,-0.2338,0.9659,0.1161,7.2021,11.8408,-7.6294,1.0005,,
DATA,A007,4,201,1327202,-0.2338,0.9639,0.1183,7.5073,11.6577,-7.8125,0.9989,,
DATA,A007,4,202,1327212,-0.2418,0.9617,0.1205,7.8125,10.8643,-7.6294,0.9990,,
DATA,A007,4,203,1327222,-0.2384,0.9612,0.1224,8.4839,9.3384,-7.5684,0.9979,,
DATA,A007,4,204,1327232,-0.2301,0.9659,0.1254,8.4229,9.1553,-7.2021,1.0008,,
DATA,A007,4,205,1327242,-0.2240,0.9710,0.1327,8.4839,9.0942,-7.3853,1.0053,,
DATA,A007,4,206,1327252,-0.2228,0.9730,0.1356,7.5684,9.7656,-7.2021,1.0073,,
DATA,A007,4,207,1327262,-0.2154,0.9625,0.1385,6.8970,11.0474,-7.1411,0.9960,,
DATA,A007,4,208,1327272,-0.2088,0.9568,0.1368,6.2256,12.5122,-7.1411,0.9889,,
DATA,A007,4,209,1327282,-0.2154,0.9471,0.1388,5.4932,16.4795,-7.6904,0.9811,,
DATA,A007,4,210,1327292,-0.2181,0.9503,0.1410,6.0425,17.8223,-7.8735,0.9851,,
DATA,A007,4,211,1327302,-0.2242,0.9525,0.1427,5.3711,19.7144,-8.4229,0.9888,,
DATA,A007,4,212,1327312,-0.2223,0.9598,0.1434,4.5776,20.4468,-8.6060,0.9956,,
DATA,A007,4,213,1327322,-0.2303,0.9561,0.1420,2.3193,21.2402,-8.3008,0.9937,,
DATA,A007,4,214,1327332,-0.2345,0.9542,0.1429,2.0752,20.5078,-8.1787,0.9929,,
DATA,A007,4,215,1327342,-0.2438,0.9546,0.1315,1.8311,18.8599,-7.9956,0.9940,,
DATA,A007,4,216,1327352,-0.2394,0.9544,0.1276,2.3193,16.7847,-7.8125,0.9922,,
DATA,A007,4,217,1327362,-0.2318,0.9605,0.1261,2.9297,14.8315,-7.6904,0.9961,,
DATA,A007,4,218,1327372,-0.2252,0.9610,0.1229,3.2349,14.4043,-7.9956,0.9947,,
DATA,A007,4,219,1327382,-0.2298,0.9568,0.1163,3.1738,14.6484,-7.9346,0.9909,,
DATA,A007,4,220,1327392,-0.2328,0.9549,0.1134,3.7842,14.7705,-7.6294,0.9894,,
DATA,A007,4,221,1327402,-0.2435,0.9576,0.1195,5.3101,12.1460,-7.4463,0.9953,,
DATA,A007,4,222,1327412,-0.2396,0.9632,0.1193,5.7373,10.0098,-7.5684,0.9997,,
DATA,A007,4,223,1327422,-0.2313,0.9691,0.1212,6.5308,6.7749,-7.5684,1.0036,,
DATA,A007,4,224,1327432,-0.2179,0.9717,0.1258,6.5308,5.9814,-7.2021,1.0038,,
DATA,A007,4,225,1327442,-0.2164,0.9715,0.1232,6.2256,6.4087,-7.2021,1.0029,,
DATA,A007,4,226,1327452,-0.2108,0.9730,0.1239,6.4087,6.8970,-7.3242,1.0032,,
DATA,A007,4,227,1327462,-0.2086,0.9671,0.1246,6.2866,8.9111,-7.4463,0.9972,,
DATA,A007,4,228,1327472,-0.2059,0.9647,0.1307,6.1035,10.2539,-7.3242,0.9950,,
DATA,A007,4,229,1327482,-0.2113,0.9586,0.1356,5.8594,11.8408,-7.5073,0.9909,,
DATA,A007,4,230,1327492,-0.2130,0.9568,0.1349,5.4932,12.6343,-7.8125,0.9895,,
DATA,A007,4,231,1327502,-0.2145,0.9571,0.1398,5.4932,13.7939,-8.9722,0.9907,,
DATA,A007,4,232,1327512,-0.2135,0.9629,0.1420,5.0659,14.4043,-9.1553,0.9965,,
DATA,A007,4,233,1327522,-0.2137,0.9627,0.1356,4.3335,15.3809,-9.4604,0.9954,,
DATA,A007,4,234,1327532,-0.2020,0.9605,0.1319,2.9297,17.6392,-10.0098,0.9904,,
DATA,A007,4,235,1327542,-0.2042,0.9525,0.1285,1.9531,20.1416,-9.9487,0.9825,,
DATA,A007,4,236,1327552,-0.2140,0.9500,0.1266,2.0752,22.1558,-10.1318,0.9820,,
DATA,A007,4,237,1327562,-0.2186,0.9490,0.1251,2.2583,22.9492,-10.2539,0.9819,,
DATA,A007,4,238,1327572,-0.2213,0.9537,0.1241,3.3569,23.6816,-10.2539,0.9868,,
DATA,A007,4,239,1327582,-0.2279,0.9564,0.1239,3.3569,24.0479,-10.1318,0.9909,,
DATA,A007,4,240,1327592,-0.2296,0.9600,0.1200,3.2349,24.6582,-10.0708,0.9944,,
DATA,A007,4,241,1327602,-0.2291,0.9625,0.1151,3.2959,24.7192,-9.8877,0.9960,,
DATA,A007,4,242,1327612,-0.2340,0.9627,0.1136,3.3569,24.7192,-9.8877,0.9972,,
DATA,A007,4,243,1327622,-0.2350,0.9673,0.1129,3.1128,24.5972,-9.7656,1.0019,,
DATA,A007,4,244,1327632,-0.2369,0.9683,0.1173,3.5400,24.0479,-9.7046,1.0038,,
DATA,A007,4,245,1327642,-0.2372,0.9661,0.1207,3.3569,23.3765,-9.5215,1.0021,,
DATA,A007,4,246,1327652,-0.2374,0.9664,0.1258,2.8076,22.0337,-9.3384,1.0030,,
DATA,A007,4,247,1327662,-0.2394,0.9644,0.1249,2.6855,20.9961,-9.2773,1.0015,,
DATA,A007,4,248,1327672,-0.2298,0.9642,0.1285,2.7466,19.7754,-9.0332,0.9995,,
DATA,A007,4,249,1327682,-0.2296,0.9678,0.1278,2.6855,19.1040,-9.1553,1.0029,,
DATA,A007,4,250,1327692,-0.2215,0.9637,0.1344,2.9907,18.2495,-9.2163,0.9979,,
DATA,A007,4,251,1327702,-0.2191,0.9688,0.1334,2.8076,18.3105,-9.2773,1.0022,,
DATA,A007,4,252,1327712,-0.2211,0.9644,0.1388,2.5635,18.8599,-9.1553,0.9991,,
DATA,A007,4,253,1327722,-0.2184,0.9610,0.1361,2.4414,19.2871,-9.0942,0.9948,,
DATA,A007,4,254,1327732,-0.2233,0.9595,0.1329,2.3804,19.7144,-9.0942,0.9941,,
DATA,A007,4,255,1327742,-0.2259,0.9605,0.1283,2.5024,19.7144,-8.9722,0.9950,,
DATA,A007,4,256,1327752,-0.2333,0.9595,0.1246,2.5635,19.8364,-8.6670,0.9953,,
DATA,A007,4,257,1327762,-0.2381,0.9586,0.1224,2.6245,19.4702,-8.6670,0.9953,,
DATA,A007,4,258,1327772,-0.2442,0.9603,0.1195,2.8687,18.4937,-8.4229,0.9980,,
DATA,A007,4,259,1327782,-0.2430,0.9600,0.1178,3.0518,17.7002,-8.3008,0.9973,,
DATA,A007,4,260,1327792,-0.2425,0.9564,0.1185,3.1738,16.2964,-8.1177,0.9937,,
DATA,A007,4,261,1327802,-0.2413,0.9610,0.1153,3.4180,15.0757,-8.1177,0.9975,,
DATA,A007,4,262,1327812,-0.2352,0.9583,0.1156,3.7231,13.6108,-8.1787,0.9935,,
DATA,A007,4,263,1327822,-0.2313,0.9527,0.1151,3.7231,12.6343,-8.1787,0.9871,,
DATA,A007,4,264,1327832,-0.2230,0.9522,0.1149,4.3945,12.4512,-8.4229,0.9847,,
DATA,A007,4,265,1327842,-0.2193,0.9549,0.1136,4.8218,12.8174,-8.4229,0.9863,,
DATA,A007,4,266,1327852,-0.2174,0.9534,0.1102,4.9438,13.2446,-8.4839,0.9841,,
DATA,A007,4,267,1327862,-0.2101,0.9571,0.1146,5.5542,14.4043,-8.6060,0.9866,,
DATA,A007,4,268,1327872,-0.2128,0.9546,0.1144,5.9204,15.3809,-8.4839,0.9847,,
DATA,A007,4,269,1327882,-0.2150,0.9566,0.1163,6.4697,16.7847,-8.1177,0.9873,,
DATA,A007,4,270,1327892,-0.2162,0.9556,0.1168,6.5308,17.4561,-7.8735,0.9867,,
DATA,A007,4,271,1327902,-0.2203,0.9539,0.1205,7.1411,18.3716,-7.3242,0.9864,,
DATA,A007,4,272,1327912,-0.2213,0.9490,0.1205,7.3853,18.7378,-6.9580,0.9819,,
DATA,A007,4,273,1327922,-0.2228,0.9542,0.1234,8.3008,19.0430,-6.7749,0.9876,,
DATA,A007,4,274,1327932,-0.2242,0.9537,0.1256,8.4229,19.3481,-6.3477,0.9877,,
DATA,A007,4,275,1327942,-0.2340,0.9605,0.1273,8.4229,19.3481,-5.7373,0.9968,,
DATA,A007,4,276,1327952,-0.2355,0.9622,0.1290,7.6294,18.9209,-5.3101,0.9990,,
DATA,A007,4,277,1327962,-0.2428,0.9695,0.1290,7.4463,18.0054,-5.4321,1.0078,,
DATA,A007,4,278,1327972,-0.2355,0.9730,0.1310,7.0190,17.3950,-5.0659,1.0096,,
DATA,A007,4,279,1327982,-0.2357,0.9698,0.1258,4.3335,17.5781,-4.8828,1.0059,,
DATA,A007,4,280,1327992,-0.2374,0.9712,0.1307,4.1504,17.7002,-5.3101,1.0084,,
DATA,A007,4,281,1328002,-0.2389,0.9732,0.1283,4.2114,17.1509,-5.8594,1.0103,,
DATA,A007,4,282,1328012,-0.2435,0.9695,0.1254,3.0518,16.7236,-6.1646,1.0075,,
DATA,A007,4,283,1328022,-0.2335,0.9554,0.1188,1.9531,15.7471,-6.7749,0.9906,,
DATA,A007,4,284,1328032,-0.2333,0.9512,0.1175,2.3804,15.5640,-7.0801,0.9864,,
DATA,A007,4,285,1328042,-0.2311,0.9625,0.1202,3.6621,15.4419,-7.9346,0.9971,,
DATA,A007,4,286,1328052,-0.2211,0.9783,0.1173,3.6621,15.9302,-8.4839,1.0098,,
DATA,A007,4,287,1328062,-0.2123,0.9888,0.1146,2.0752,18.2495,-8.7280,1.0178,,
DATA,A007,4,288,1328072,-0.2076,0.9891,0.1095,0.9155,19.7754,-8.3008,1.0165,,
DATA,A007,4,289,1328082,-0.1940,0.9647,0.1119,-1.4648,22.7051,-8.3618,0.9903,,
DATA,A007,4,290,1328092,-0.1925,0.9498,0.1095,-2.0142,25.3906,-8.7891,0.9752,,
DATA,A007,4,291,1328102,-0.1913,0.9361,0.1180,-0.2441,29.7852,-9.3384,0.9627,,
DATA,A007,4,292,1328112,-0.1964,0.9439,0.1239,1.2207,32.1655,-9.6436,0.9720,,
DATA,A007,4,293,1328122,-0.2079,0.9512,0.1305,2.1973,34.8511,-9.8267,0.9824,,
DATA,A007,4,294,1328132,-0.2150,0.9573,0.1324,2.1362,35.9497,-10.0708,0.9901,,
DATA,A007,4,295,1328142,-0.2218,0.9573,0.1285,1.9531,37.1094,-9.7656,0.9911,,
DATA,A007,4,296,1328152,-0.2303,0.9600,0.1293,1.7700,37.3535,-9.4604,0.9957,,
DATA,A007,4,297,1328162,-0.2433,0.9534,0.1261,1.8311,37.0483,-8.9722,0.9920,,
DATA,A007,4,298,1328172,-0.2501,0.9542,0.1288,1.9531,35.7666,-8.7280,0.9948,,
DATA,A007,4,299,1328182,-0.2648,0.9485,0.1305,2.3804,33.1421,-8.6670,0.9934,,
DATA,A007,4,300,1328192,-0.2674,0.9520,0.1317,2.8076,30.7007,-8.5449,0.9975,,
DATA,A007,4,301,1328202,-0.2650,0.9554,0.1322,3.2349,27.9541,-8.6670,1.0002,,
DATA,A007,4,302,1328212,-0.2672,0.9571,0.1319,4.0894,23.8647,-8.6670,1.0024,,
DATA,A007,4,303,1328222,-0.2606,0.9593,0.1300,4.2725,21.5454,-8.7280,1.0025,,
DATA,A007,4,304,1328232,-0.2572,0.9610,0.1254,4.3335,18.6768,-8.9722,1.0027,,
DATA,A007,4,305,1328242,-0.2589,0.9627,0.1197,4.5166,17.5171,-8.9111,1.0041,,
DATA,A007,4,306,1328252,-0.2523,0.9615,0.1212,4.5166,16.1743,-9.1553,1.0014,,
DATA,A007,4,307,1328262,-0.2538,0.9593,0.1263,4.3945,15.2588,-8.9722,1.0003,,
DATA,A007,4,308,1328272,-0.2494,0.9561,0.1236,4.2114,14.3433,-9.0332,0.9958,,
DATA,A007,4,309,1328282,-0.2482,0.9559,0.1229,4.1504,14.0381,-8.8501,0.9952,,
DATA,A007,4,310,1328292,-0.2482,0.9578,0.1222,4.3945,13.4277,-8.6060,0.9970,,
DATA,A007,4,311,1328302,-0.2479,0.9583,0.1183,4.2114,13.0005,-8.6060,0.9969,,
DATA,A007,4,312,1328312,-0.2440,0.9546,0.1202,4.2114,12.2681,-8.6060,0.9926,,
DATA,A007,4,313,1328322,-0.2399,0.9605,0.1232,4.0894,12.3291,-8.7891,0.9976,,
DATA,A007,4,314,1328332,-0.2264,0.9608,0.1195,4.2725,13.2446,-9.1553,0.9943,,
DATA,A007,4,315,1328342,-0.2247,0.9627,0.1180,4.3335,14.6484,-8.9111,0.9956,,
DATA,A007,4,316,1328352,-0.2421,0.9608,0.1271,4.3335,16.3574,-8.6060,0.9989,,
DATA,A007,4,317,1328362,-0.2428,0.9656,0.1280,4.1504,16.5405,-8.4839,1.0039,,
DATA,A007,4,318,1328372,-0.2333,0.9608,0.1285,2.8687,16.6626,-8.1787,0.9970,,
DATA,A007,4,319,1328382,-0.2320,0.9542,0.1305,2.1973,17.3340,-8.0566,0.9906,,
DATA,A007,4,320,1328392,-0.2357,0.9417,0.1334,2.5635,18.7378,-7.9346,0.9799,,
DATA,A007,4,321,1328402,-0.2425,0.9358,0.1337,3.5400,19.1040,-8.1177,0.9760,,
DATA,A007,4,322,1328412,-0.2528,0.9373,0.1317,4.3335,19.2261,-8.3618,0.9797,,
DATA,A007,4,323,1328422,-0.2525,0.9422,0.1349,4.9438,18.9209,-8.5449,0.9847,,
DATA,A007,4,324,1328432,-0.2684,0.9437,0.1383,5.9204,17.9443,-8.3618,0.9908,,
DATA,A007,4,325,1328442,-0.2760,0.9385,0.1459,6.1646,16.7236,-8.6060,0.9891,,
DATA,A007,4,326,1328452,-0.2809,0.9383,0.1476,7.1411,14.7705,-9.0942,0.9905,,
DATA,A007,4,327,1328462,-0.2882,0.9371,0.1461,7.8735,13.0005,-9.3384,0.9912,,
DATA,A007,4,328,1328472,-0.2982,0.9442,0.1459,9.5215,9.8877,-9.8267,1.0008,,
DATA,A007,4,329,1328482,-0.3102,0.9463,0.1454,10.3149,6.1035,-10.1929,1.0064,,
DATA,A007,4,330,1328492,-0.3129,0.9529,0.1407,10.9863,-2.0142,-10.1929,1.0128,,
DATA,A007,4,331,1328502,-0.3053,0.9554,0.1346,10.8643,-7.2021,-10.1318,1.0120,,
DATA,A007,4,332,1328512,-0.2933,0.9610,0.1302,10.4980,-13.9771,-10.5591,1.0132,,
DATA,A007,4,333,1328522,-0.2821,0.9610,0.1258,9.7656,-17.8833,-10.8643,1.0094,,
DATA,A007,4,334,1328532,-0.2709,0.9617,0.1261,9.2163,-20.8740,-11.2305,1.0071,,
DATA,A007,4,335,1328542,-0.2523,0.9710,0.1197,7.6904,-24.2310,-12.0239,1.0104,,
DATA,A007,4,336,1328552,-0.2379,0.9730,0.1219,6.4697,-25.3906,-12.0239,1.0090,,
DATA,A007,4,337,1328562,-0.2369,0.9681,0.0970,5.9814,-25.7568,-13.0615,1.0014,,
DATA,A007,4,338,1328572,-0.2294,0.9669,0.1073,7.6294,-25.4517,-13.2446,0.9995,,
DATA,A007,4,339,1328582,-0.1942,0.9756,0.1051,5.1880,-23.4375,-13.7939,1.0003,,
DATA,A007,4,340,1328592,-0.1871,0.9693,0.1012,3.2959,-19.8364,-14.0991,0.9924,,
DATA,A007,4,341,1328602,-0.1993,0.9732,0.1056,5.0659,-13.3667,-14.0991,0.9990,,
DATA,A007,4,342,1328612,-0.1913,0.9942,0.1066,5.6763,-11.0474,-14.3433,1.0180,,
DATA,A007,4,343,1328622,-0.1915,1.0042,0.0965,2.6855,-7.3242,-13.8550,1.0269,,
DATA,A007,4,344,1328632,-0.1908,0.9988,0.1031,1.5869,-5.7373,-14.2212,1.0221,,
DATA,A007,4,345,1328642,-0.1813,0.9659,0.1097,-0.8545,-3.9062,-15.0146,0.9888,,
DATA,A007,4,346,1328652,-0.1903,0.9481,0.1134,-0.1221,-3.4790,-14.3433,0.9736,,
DATA,A007,4,347,1328662,-0.1813,0.9417,0.1241,2.5024,-3.3569,-13.7939,0.9670,,
DATA,A007,4,348,1328672,-0.1854,0.9566,0.1288,3.2349,-2.0752,-13.7329,0.9829,,
DATA,A007,4,349,1328682,-0.2430,0.9742,0.1359,3.1738,-2.8076,-13.0615,1.0132,,
DATA,A007,4,350,1328692,-0.2928,0.9810,0.1505,2.5635,-5.8594,-13.6719,1.0348,,
DATA,A007,4,351,1328702,-0.3998,0.9930,0.1798,0.6104,-17.4561,-15.5640,1.0854,,
DATA,A007,4,352,1328712,-0.5209,1.0079,0.2030,-0.6104,-33.9355,-19.3481,1.1525,,
DATA,A007,4,353,1328722,-0.7328,1.0652,0.3094,-3.9673,-64.1479,-32.1045,1.3295,,
DATA,A007,4,354,1328732,-0.8407,1.1324,0.3768,-9.2163,-90.6372,-46.5088,1.4598,,
DATA,A007,4,355,1328742,-0.8905,1.2361,0.4613,-16.6016,-133.4839,-73.7305,1.5918,,
DATA,A007,4,356,1328752,-0.8595,1.2977,0.5170,-20.3857,-161.1938,-86.9141,1.6401,,
DATA,A007,4,357,1328762,-0.8795,1.4175,0.5968,-20.6909,-191.0400,-119.6899,1.7718,,
DATA,A007,4,358,1328772,-0.9151,1.5267,0.6837,-31.1279,-206.9702,-143.7988,1.9067,,
DATA,A007,4,359,1328782,-1.0321,1.6653,0.7662,-66.5283,-229.1260,-176.0254,2.1037,,
DATA,A007,4,360,1328792,-1.0848,1.7212,0.7826,-94.4214,-244.0796,-197.2046,2.1799,,
DATA,A007,4,361,1328802,-1.2904,1.7562,0.6886,-133.8501,-275.2075,-224.6704,2.2855,,
DATA,A007,4,362,1328812,-1.4300,1.7625,0.5738,-150.5127,-300.2319,-241.2109,2.3411,,
DATA,A007,4,363,1328822,-1.3939,1.6824,0.4003,-164.0625,-351.3184,-259.2163,2.2212,,
DATA,A007,4,364,1328832,-1.2391,1.5960,0.3143,-164.5508,-380.6763,-266.1133,2.0449,,
DATA,A007,4,365,1328842,-0.8924,1.4861,0.3036,-159.8511,-406.7383,-266.6626,1.7599,,
DATA,A007,4,366,1328852,-0.6676,1.4383,0.3473,-162.7808,-411.0718,-260.2539,1.6233,,
DATA,A007,4,367,1328862,-0.4315,1.3326,0.4195,-180.2368,-395.8740,-249.2676,1.4622,,
DATA,A007,4,368,1328872,-0.3580,1.2010,0.4349,-193.2373,-375.6104,-244.0796,1.3265,,
DATA,A007,4,369,1328882,-0.3119,1.0457,0.4098,-203.3691,-355.8350,-244.0796,1.1656,,
DATA,A007,4,370,1328892,-0.2574,0.8409,0.3837,-205.2612,-331.4819,-246.0327,0.9594,,
DATA,A007,4,371,1328902,-0.2303,0.7488,0.3539,-200.0122,-313.4766,-239.6240,0.8597,,
DATA,A007,4,372,1328912,-0.2179,0.6605,0.3614,-187.8662,-291.0156,-224.7314,0.7838,,
DATA,A007,4,373,1328922,-0.1981,0.6304,0.4044,-179.7485,-275.6348,-216.4307,0.7747,,
DATA,A007,4,374,1328932,-0.1522,0.5923,0.3881,-169.1284,-250.0610,-205.8105,0.7243,,
DATA,A007,4,375,1328942,-0.1129,0.5560,0.3873,-161.0107,-236.8774,-197.9980,0.6869,,
DATA,A007,4,376,1328952,-0.0326,0.4996,0.3629,-148.1934,-219.5435,-185.4248,0.6183,,
DATA,A007,4,377,1328962,0.0177,0.4432,0.3566,-141.1133,-208.7402,-176.5747,0.5691,,
DATA,A007,4,378,1328972,-0.0050,0.3660,0.4816,-130.4321,-193.1152,-165.7104,0.6049,,
DATA,A007,4,379,1328982,-0.0253,0.3475,0.4391,-124.3286,-174.1333,-161.1938,0.5605,,
DATA,A007,4,380,1328992,0.0031,0.2830,0.4427,-112.0605,-158.5693,-149.5361,0.5255,,
DATA,A007,4,381,1329002,-0.0057,0.2645,0.4777,-101.7456,-148.3765,-140.8081,0.5460,,
DATA,A007,4,382,1329012,0.0087,0.2398,0.4813,-91.9189,-134.1553,-129.1504,0.5378,,
DATA,A007,4,383,1329022,0.0143,0.2068,0.5402,-86.8530,-130.1270,-119.8730,0.5786,,
DATA,A007,4,384,1329032,0.0233,0.1895,0.5807,-77.2705,-123.2300,-105.7129,0.6113,,
DATA,A007,4,385,1329042,0.0590,0.1900,0.5714,-71.6553,-120.2393,-96.6187,0.6050,,
DATA,A007,4,386,1329052,0.1012,0.2051,0.6092,-64.1479,-115.9058,-81.3599,0.6508,,
DATA,A007,4,387,1329062,0.1281,0.2322,0.6017,-62.0117,-108.8867,-70.9839,0.6575,,
DATA,A007,4,388,1329072,0.1662,0.2418,0.5599,-61.4624,-94.7266,-56.8237,0.6321,,
DATA,A007,4,389,1329082,0.1657,0.2317,0.5909,-59.5703,-84.6558,-48.9502,0.6560,,
DATA,A007,4,390,1329092,0.1425,0.2278,0.6251,-55.2368,-68.0542,-39.3677,0.6804,,
DATA,A007,4,391,1329102,0.1420,0.2169,0.6542,-52.3682,-61.7676,-32.9590,0.7036,,
DATA,A007,4,392,1329112,0.1317,0.2098,0.7093,-47.6685,-56.5796,-24.2920,0.7513,,
DATA,A007,4,393,1329122,0.1249,0.2054,0.7269,-46.6309,-55.2368,-20.1416,0.7656,,
DATA,A007,4,394,1329132,0.1286,0.1678,0.7723,-45.0439,-54.6875,-15.8081,0.8007,,
DATA,A007,4,395,1329142,0.2011,0.1441,0.7172,-41.2598,-49.3164,-10.9253,0.7586,,
DATA,A007,4,396,1329152,0.0695,0.2191,0.0445,54.7485,-46.5088,-10.0708,0.2341,,
DATA,A007,4,397,1329162,0.4542,0.6653,1.0802,71.2280,-2.2583,-15.1978,1.3475,,
DATA,A007,4,398,1329172,0.0365,0.0635,0.9181,-83.1909,2.8076,11.9629,0.9210,,
DATA,A007,4,399,1329182,-0.0423,-0.2443,0.8387,-102.1729,6.3477,-18.6768,0.8746,,
DATA,A007,4,400,1329192,-0.1861,-0.2409,0.8924,-26.4282,-25.8789,-25.0854,0.9429,,
DATA,A007,4,401,1329202,-0.0218,0.0079,0.9449,18.2495,-60.4858,-19.4092,0.9452,,
DATA,A007,4,402,1329212,0.1818,0.2447,0.9967,12.0850,-78.3691,0.3052,1.0423,,
DATA,A007,4,403,1329222,0.2594,0.1697,0.9686,-6.2866,-67.5049,6.5308,1.0170,,
DATA,A007,4,404,1329232,0.4464,-0.0949,0.8690,23.2544,-27.0996,14.5874,0.9816,,
DATA,A007,4,405,1329242,0.1950,0.2176,0.9908,42.7246,-9.5215,7.2021,1.0330,,
DATA,A007,4,406,1329252,0.0883,0.2198,0.9674,25.5737,-13.1226,-5.7373,0.9960,,
DATA,A007,4,407,1329262,0.2086,0.0462,0.8964,28.6255,-39.8560,5.9814,0.9215,,
DATA,A007,4,408,1329272,0.2558,0.0877,0.9327,53.5889,-50.9033,13.7939,0.9711,,
DATA,A007,4,409,1329282,0.2936,0.0828,0.9720,55.1758,-45.8984,6.3477,1.0188,,
DATA,A007,4,410,1329292,0.2606,0.1172,0.9786,44.3115,-38.8794,-3.2959,1.0195,,
DATA,A007,4,411,1329302,0.2760,0.0506,0.9825,31.4331,-35.5835,-7.0190,1.0218,,
DATA,A007,4,412,1329312,0.2904,0.0494,0.9840,33.8745,-29.9683,-5.6152,1.0271,,
DATA,A007,4,413,1329322,0.0714,-0.0585,1.0206,32.0435,-24.9634,-8.3008,1.0248,,
DATA,A007,4,414,1329332,0.2230,0.3194,1.0072,24.7803,-25.9399,-8.8501,1.0799,,
DATA,A007,4,415,1329342,0.1786,0.2510,1.0135,-0.7935,-29.6021,-1.0986,1.0593,,
DATA,A007,4,416,1329352,0.2069,0.2020,0.9901,-17.2119,-30.5176,-4.8218,1.0315,,
DATA,A007,4,417,1329362,0.6195,0.3328,0.9300,-28.3203,-30.2734,4.8828,1.1660,,
DATA,A007,4,418,1329372,0.4061,0.1944,0.9554,-45.2881,-4.6387,17.0288,1.0562,,
DATA,A007,4,419,1329382,0.2623,0.0535,0.9615,-59.6313,20.0806,-2.0752,0.9981,,
DATA,A007,4,420,1329392,0.2435,-0.0512,0.9542,-52.4292,17.6392,-4.3335,0.9861,,
DATA,A007,4,421,1329402,0.1642,-0.1362,0.9440,-19.1040,2.4414,-0.0610,0.9678,,
DATA,A007,4,422,1329412,0.2089,-0.1100,0.9581,-1.0376,-16.3574,-0.7935,0.9868,,
DATA,A007,4,423,1329422,0.3439,-0.0063,0.9576,13.5498,-29.2358,7.6294,1.0175,,
DATA,A007,4,424,1329432,0.4118,-0.0136,0.9396,15.6250,-24.5361,2.5024,1.0259,,
DATA,A007,4,425,1329442,0.3639,0.0838,0.9090,28.9917,-14.0991,1.0986,0.9828,,
DATA,A007,4,426,1329452,0.3153,0.1353,0.9293,31.3110,-8.3008,-2.6245,0.9906,,
DATA,A007,4,427,1329462,0.3712,0.0628,0.9159,25.2075,-11.2305,-9.3994,0.9903,,
DATA,A007,4,428,1329472,0.3468,0.1087,0.9335,31.1279,-9.7656,-2.0142,1.0017,,
DATA,A007,4,429,1329482,0.3485,0.1595,0.9791,24.7192,-7.0801,-7.2632,1.0515,,
DATA,A007,4,430,1329492,0.3170,0.1458,1.0099,15.0146,-7.9956,-10.5591,1.0685,,
DATA,A007,4,431,1329502,0.2826,0.1111,0.9779,25.9399,-20.7520,-15.1367,1.0240,,
DATA,A007,4,432,1329512,0.3297,0.0867,0.9676,33.8745,-29.7852,-11.4746,1.0259,,
DATA,A007,4,433,1329522,0.3539,0.0023,0.9152,47.4243,-42.9077,-11.7798,0.9812,,
DATA,A007,4,434,1329532,0.3580,0.0386,0.9144,67.0776,-46.5088,-14.8315,0.9828,,
DATA,A007,4,435,1329542,0.3312,0.3289,0.9798,74.7070,-37.0483,-18.8599,1.0853,,
DATA,A007,4,436,1329552,0.2758,0.3360,0.9586,61.8286,-42.8467,-15.9912,1.0526,,
DATA,A007,4,437,1329562,0.2641,0.2933,0.9842,56.4575,-46.2646,-23.1323,1.0604,,
DATA,A007,4,438,1329572,0.3014,0.1778,0.9391,53.1616,-48.3398,-19.0430,1.0022,,
DATA,A007,4,439,1329582,0.3544,0.1600,0.9230,47.5464,-47.9736,-20.8130,1.0015,,
DATA,A007,4,440,1329592,0.4660,0.1129,0.9210,37.2314,-33.8745,-20.6909,1.0383,,
DATA,A007,4,441,1329602,0.5416,0.1287,0.9298,34.1797,-22.5830,-21.7896,1.0837,,
DATA,A007,4,442,1329612,0.5226,0.1683,0.9178,29.3579,-5.0659,-21.9116,1.0695,,
DATA,A007,4,443,1329622,0.5055,0.1656,0.9195,24.7192,2.6245,-24.7803,1.0623,,
DATA,A007,4,444,1329632,0.4794,0.1568,0.8807,20.1416,11.5356,-26.6724,1.0149,,
DATA,A007,4,445,1329642,0.4840,0.1458,0.8773,17.2729,16.6626,-28.2593,1.0125,,
DATA,A007,4,446,1329652,0.5123,0.1727,0.8675,13.3057,27.0386,-23.9868,1.0222,,
DATA,A007,4,447,1329662,0.5287,0.1751,0.8639,11.9019,34.7290,-21.1792,1.0279,,
DATA,A007,4,448,1329672,0.5177,0.2003,0.8685,11.3525,42.2974,-18.7988,1.0308,,
DATA,A007,4,449,1329682,0.4479,0.1775,0.8761,11.2305,43.2739,-19.8364,0.9998,,
DATA,A007,4,450,1329692,0.3593,0.1895,0.8763,12.8174,38.3911,-18.8599,0.9659,,
DATA,A007,4,451,1329702,0.3475,0.1985,0.8837,12.6343,32.4707,-16.4795,0.9701,,
DATA,A007,4,452,1329712,0.3864,0.2071,0.8683,14.0381,26.3062,-12.6953,0.9727,,
DATA,A007,4,453,1329722,0.3583,0.1927,0.8719,15.6250,23.5596,-13.9771,0.9622,,
DATA,A007,4,454,1329732,0.3598,0.2144,0.8585,17.7612,18.1274,-15.8691,0.9552,,
DATA,A007,4,455,1329742,0.3610,0.2178,0.8539,17.0288,15.3809,-15.9302,0.9523,,
DATA,A007,4,456,1329752,0.3571,0.1888,0.8751,16.9067,11.9019,-16.2964,0.9638,,
DATA,A007,4,457,1329762,0.4198,0.3172,0.9015,20.7520,8.4229,-16.1133,1.0438,,
DATA,A007,4,458,1329772,0.3881,0.2166,0.9051,21.6064,10.8643,-15.7471,1.0084,,
DATA,A007,4,459,1329782,0.3917,0.2032,0.9015,23.7427,12.5122,-18.5547,1.0037,,
DATA,A007,4,460,1329792,0.4125,0.2503,0.9383,23.2544,19.7754,-20.6909,1.0551,,
DATA,A007,4,461,1329802,0.4188,0.2464,0.9752,19.1040,25.7568,-21.5454,1.0896,,
DATA,A007,4,462,1329812,0.4337,0.2076,0.9967,10.6812,31.0669,-23.4375,1.1066,,
DATA,A007,4,463,1329822,0.4415,0.2129,0.9911,7.3853,36.4380,-19.4702,1.1057,,
DATA,A007,4,464,1329832,0.4437,0.2361,0.9977,-0.4883,39.2456,-15.9302,1.1171,,
DATA,A007,4,465,1329842,0.4533,0.2466,1.0111,-5.5542,40.5273,-12.1460,1.1352,,
DATA,A007,4,466,1329852,0.4662,0.2501,1.0182,-12.0850,42.5415,-9.3384,1.1474,,
DATA,A007,4,467,1329862,0.4711,0.2125,0.9923,-15.2588,44.1284,-9.2773,1.1188,,
DATA,A007,4,468,1329872,0.4845,0.1758,0.9173,-14.6484,45.7153,-9.5215,1.0522,,
DATA,A007,4,469,1329882,0.4472,0.1783,0.8885,-14.2822,46.0205,-8.4229,1.0106,,
DATA,A007,4,470,1329892,0.4183,0.1902,0.8358,-13.3667,46.0205,-5.9204,0.9538,,
EVENT,A007,4,,1329893,,,,,,,,STOP,470
EVENT,A007,5,,1337026,,,,,,,,START,
DATA,A007,5,1,1337049,0.2118,0.1631,0.9005,12.7563,150.9399,-10.8032,0.9394,,
DATA,A007,5,2,1337059,0.1239,0.1260,0.8722,23.4375,161.0718,-5.2490,0.8899,,
DATA,A007,5,3,1337069,0.0148,0.1414,0.8138,37.6587,154.3579,-1.2207,0.8262,,
DATA,A007,5,4,1337079,-0.0663,0.1868,0.7460,49.9878,124.1455,0.3662,0.7719,,
DATA,A007,5,5,1337089,-0.0235,0.2332,0.7194,52.1851,105.8350,1.6479,0.7566,,
DATA,A007,5,6,1337099,0.0609,0.2557,0.6852,47.2412,97.7173,-1.7700,0.7339,,
DATA,A007,5,7,1337109,0.0844,0.2110,0.6710,41.1377,100.7080,-0.3052,0.7084,,
DATA,A007,5,8,1337119,0.1049,0.1590,0.6500,43.5181,102.5391,-3.3569,0.6773,,
DATA,A007,5,9,1337129,0.0265,0.0875,0.5782,55.1758,99.3652,-5.6763,0.5854,,
DATA,A007,5,10,1337139,0.3002,0.1942,0.5514,109.6802,75.3174,8.9111,0.6571,,
DATA,A007,5,11,1337149,0.2045,0.3472,0.4962,118.0420,87.4023,45.8374,0.6392,,
DATA,A007,5,12,1337159,0.3148,0.5379,0.4899,115.1733,129.1504,67.1387,0.7927,,
DATA,A007,5,13,1337169,0.1945,0.4273,0.5018,103.5767,149.4141,52.7954,0.6872,,
DATA,A007,5,14,1337179,0.0307,0.4864,0.4615,84.2896,146.4233,29.6631,0.6712,,
DATA,A007,5,15,1337189,-0.0338,0.3558,0.4423,80.5054,128.8452,32.1655,0.5686,,
DATA,A007,5,16,1337199,-0.0619,0.2305,0.4664,94.3604,102.0508,46.3257,0.5239,,
DATA,A007,5,17,1337209,-0.0524,0.3150,0.4884,125.3662,65.8569,68.1152,0.5835,,
DATA,A007,5,18,1337219,-0.0011,0.4395,0.5218,138.1836,50.3540,73.6084,0.6823,,
DATA,A007,5,19,1337229,0.0497,0.5809,0.5458,142.2729,45.1050,81.2378,0.7986,,
DATA,A007,5,20,1337239,0.0819,0.6085,0.5587,143.3716,52.7344,82.5195,0.8301,,
DATA,A007,5,21,1337249,0.1483,0.5855,0.5492,147.6440,68.7866,84.4116,0.8163,,
DATA,A007,5,22,1337259,0.1976,0.5660,0.5394,153.6865,82.3975,87.6465,0.8065,,
DATA,A007,5,23,1337269,0.2684,0.5687,0.5260,165.2832,112.4268,95.0317,0.8198,,
DATA,A007,5,24,1337279,0.2785,0.6109,0.5463,172.8516,134.6436,99.1821,0.8655,,
DATA,A007,5,25,1337289,0.1933,0.7122,0.5636,180.6641,174.9878,102.1729,0.9286,,
DATA,A007,5,26,1337299,0.1476,0.7798,0.5365,181.6406,201.9043,103.9429,0.9580,,
DATA,A007,5,27,1337309,0.0651,0.8448,0.5057,182.4951,236.1450,107.7881,0.9867,,
DATA,A007,5,28,1337319,0.0014,0.8758,0.4703,184.7534,255.7983,111.5112,0.9941,,
DATA,A007,5,29,1337329,-0.0719,0.9388,0.4313,190.3687,275.4517,120.6055,1.0356,,
DATA,A007,5,30,1337339,-0.1354,1.0096,0.4857,194.1528,281.1279,127.1973,1.1285,,
DATA,A007,5,31,1337349,-0.2784,1.1885,0.5214,192.4438,289.4287,140.0757,1.3274,,
DATA,A007,5,32,1337359,-0.3055,1.1768,0.5467,186.4624,295.2271,137.3901,1.3331,,
DATA,A007,5,33,1337369,-0.4376,1.5233,0.5319,188.0493,292.1143,128.8452,1.6717,,
DATA,A007,5,34,1337379,-0.4855,1.5789,0.5150,166.8091,292.8467,124.5117,1.7303,,
DATA,A007,5,35,1337389,-0.5084,1.4988,0.4430,136.5967,288.3911,116.8823,1.6435,,
DATA,A007,5,36,1337399,-0.5172,1.4168,0.4017,127.3193,279.6021,111.6943,1.5608,,
DATA,A007,5,37,1337409,-0.5397,1.3694,0.3678,122.8638,259.9487,108.2153,1.5172,,
DATA,A007,5,38,1337419,-0.5521,1.3675,0.3634,120.3613,241.9434,106.2622,1.5189,,
DATA,A007,5,39,1337429,-0.5509,1.3936,0.3741,114.1357,210.8765,101.0132,1.5445,,
DATA,A007,5,40,1337439,-0.5377,1.3961,0.3956,108.2153,191.5283,97.2290,1.5475,,
DATA,A007,5,41,1337449,-0.5431,1.3621,0.4200,96.6797,169.2505,90.5762,1.5254,,
DATA,A007,5,42,1337459,-0.5624,1.3296,0.4281,88.9893,157.7148,85.8765,1.5058,,
DATA,A007,5,43,1337469,-0.6070,1.2686,0.4176,79.5898,136.6577,80.0171,1.4671,,
DATA,A007,5,44,1337479,-0.6398,1.2188,0.4117,73.6694,117.5537,74.0967,1.4368,,
DATA,A007,5,45,1337489,-0.6256,1.1314,0.4247,64.0259,83.8623,62.6831,1.3608,,
DATA,A007,5,46,1337499,-0.5814,1.0831,0.4430,58.4106,62.0117,52.4292,1.3066,,
DATA,A007,5,47,1337509,-0.4879,1.0301,0.4291,51.5137,39.2456,38.1470,1.2179,,
DATA,A007,5,48,1337519,-0.4027,1.0267,0.3995,49.9878,32.4097,28.0151,1.1730,,
DATA,A007,5,49,1337529,-0.2679,1.0320,0.3478,40.9546,43.7012,11.8408,1.1215,,
DATA,A007,5,50,1337539,-0.1500,1.0154,0.3319,31.0059,65.9790,0.8545,1.0788,,
DATA,A007,5,51,1337549,-0.0897,0.9798,0.2738,22.5220,98.8159,-8.3618,1.0213,,
DATA,A007,5,52,1337559,-0.1056,0.9285,0.2340,18.4326,149.7192,-19.4092,0.9634,,
DATA,A007,5,53,1337569,-0.1788,0.9146,0.2154,19.1650,175.9033,-25.8789,0.9565,,
DATA,A007,5,54,1337579,-0.3400,0.9036,0.2189,17.0288,191.7114,-28.3203,0.9900,,
DATA,A007,5,55,1337589,-0.4181,0.9063,0.2379,19.2261,182.1289,-31.7993,1.0261,,
DATA,A007,5,56,1337599,-0.4410,0.9285,0.2435,15.3198,151.3672,-30.3955,1.0564,,
DATA,A007,5,57,1337609,-0.4308,0.9271,0.2469,11.4136,126.4038,-29.5410,1.0517,,
DATA,A007,5,58,1337619,-0.3922,0.9078,0.2377,7.7515,90.9424,-28.2593,1.0170,,
DATA,A007,5,59,1337629,-0.3597,0.8917,0.2328,5.4932,69.5190,-24.3530,0.9893,,
DATA,A007,5,60,1337639,-0.3107,0.8726,0.2460,3.1738,41.0156,-19.3481,0.9584,,
DATA,A007,5,61,1337649,-0.2557,0.8672,0.2657,5.0659,27.0996,-18.2495,0.9424,,
DATA,A007,5,62,1337659,-0.1788,0.8919,0.2816,9.5215,16.7847,-16.7847,0.9522,,
DATA,A007,5,63,1337669,-0.1327,0.9100,0.2814,11.1694,15.5029,-15.6860,0.9617,,
DATA,A007,5,64,1337679,-0.0902,0.9268,0.2809,11.7188,18.7988,-14.4043,0.9726,,
DATA,A007,5,65,1337689,-0.0814,0.9327,0.2740,12.1460,22.5830,-14.2212,0.9755,,
DATA,A007,5,66,1337699,-0.0926,0.9454,0.2538,13.0615,27.0996,-14.1602,0.9832,,
DATA,A007,5,67,1337709,-0.0939,0.9564,0.2504,13.5498,29.1748,-14.6484,0.9930,,
DATA,A007,5,68,1337719,-0.0880,0.9734,0.2340,11.1694,34.3018,-12.8784,1.0050,,
DATA,A007,5,69,1337729,-0.0738,0.9798,0.2259,8.7280,40.1611,-12.6343,1.0082,,
DATA,A007,5,70,1337739,-0.0655,0.9893,0.2067,-0.3052,51.6968,-9.9487,1.0128,,
DATA,A007,5,71,1337749,-0.1117,0.9571,0.1669,-11.4136,62.3779,-5.9204,0.9779,,
DATA,A007,5,72,1337759,-0.1434,0.9622,0.1556,-11.8408,72.4487,-6.2866,0.9852,,
DATA,A007,5,73,1337769,-0.1671,0.9656,0.1324,-14.9536,76.7212,-3.8452,0.9889,,
DATA,A007,5,74,1337779,-0.1996,0.9778,0.1295,-10.3149,77.3926,-6.8359,1.0064,,
DATA,A007,5,75,1337789,-0.2225,0.9874,0.1056,-13.2446,76.2939,-2.9297,1.0176,,
DATA,A007,5,76,1337799,-0.2633,0.9954,0.1114,-2.5635,69.5190,-7.8125,1.0357,,
DATA,A007,5,77,1337809,-0.2626,1.0137,0.1229,-2.3193,62.3169,-5.0659,1.0544,,
DATA,A007,5,78,1337819,-0.2499,0.9993,0.1234,1.8311,52.9785,-8.0566,1.0375,,
DATA,A007,5,79,1337829,-0.2372,0.9940,0.1298,3.9673,47.7295,-7.6294,1.0301,,
DATA,A007,5,80,1337839,-0.2081,0.9976,0.1537,4.5776,43.8843,-7.8735,1.0306,,
DATA,A007,5,81,1337849,-0.1935,0.9918,0.1598,2.0752,44.4946,-7.3853,1.0230,,
DATA,A007,5,82,1337859,-0.1974,0.9803,0.1722,1.2817,46.4478,-7.2021,1.0147,,
DATA,A007,5,83,1337869,-0.2054,0.9747,0.1810,1.1597,46.5088,-7.4463,1.0124,,
DATA,A007,5,84,1337879,-0.2052,0.9737,0.1925,1.0376,45.7764,-7.8735,1.0135,,
DATA,A007,5,85,1337889,-0.2003,0.9712,0.2084,0.4272,43.7012,-8.4839,1.0133,,
DATA,A007,5,86,1337899,-0.1954,0.9686,0.2196,-0.1831,42.9688,-8.9111,1.0122,,
DATA,A007,5,87,1337909,-0.1979,0.9661,0.2215,-0.9155,42.3584,-8.9722,1.0108,,
DATA,A007,5,88,1337919,-0.1988,0.9632,0.2174,-1.5869,41.7480,-8.9111,1.0072,,
DATA,A007,5,89,1337929,-0.2032,0.9534,0.2147,-1.9531,40.5884,-9.0942,0.9982,,
DATA,A007,5,90,1337939,-0.2088,0.9461,0.2118,-1.5259,39.8560,-9.0942,0.9918,,
DATA,A007,5,91,1337949,-0.2181,0.9405,0.2008,-0.6714,38.6353,-8.9722,0.9861,,
DATA,A007,5,92,1337959,-0.2228,0.9324,0.1962,0.5493,37.5977,-8.7891,0.9785,,
DATA,A007,5,93,1337969,-0.2335,0.9329,0.1874,2.6855,35.3394,-8.3618,0.9798,,
DATA,A007,5,94,1337979,-0.2445,0.9305,0.1825,4.0894,33.3862,-8.0566,0.9792,,
DATA,A007,5,95,1337989,-0.2545,0.9346,0.1749,5.9204,29.6631,-7.1411,0.9843,,
DATA,A007,5,96,1337999,-0.2672,0.9356,0.1735,7.0801,26.6724,-6.6528,0.9884,,
DATA,A007,5,97,1338009,-0.2796,0.9459,0.1669,7.9346,20.9351,-5.9204,1.0003,,
DATA,A007,5,98,1338019,-0.2809,0.9468,0.1656,8.4229,16.6626,-5.7983,1.0014,,
DATA,A007,5,99,1338029,-0.2684,0.9539,0.1705,9.3384,11.5356,-5.8594,1.0055,,
DATA,A007,5,100,1338039,-0.2770,0.9595,0.1722,10.3149,9.2163,-5.9204,1.0134,,
DATA,A007,5,101,1338049,-0.2821,0.9693,0.1783,10.8643,4.8218,-7.3853,1.0251,,
DATA,A007,5,102,1338059,-0.2862,0.9712,0.1735,10.3760,1.0376,-8.0566,1.0273,,
DATA,A007,5,103,1338069,-0.2792,0.9781,0.1752,8.2397,-6.1035,-9.2773,1.0321,,
DATA,A007,5,104,1338079,-0.2682,0.9744,0.1727,7.0801,-10.5591,-9.8877,1.0253,,
DATA,A007,5,105,1338089,-0.2482,0.9705,0.1732,5.6763,-15.8081,-11.0474,1.0166,,
DATA,A007,5,106,1338099,-0.2303,0.9676,0.1742,4.5166,-18.4326,-11.7798,1.0098,,
DATA,A007,5,107,1338109,-0.2120,0.9676,0.1764,3.2959,-21.3013,-12.8174,1.0061,,
DATA,A007,5,108,1338119,-0.1971,0.9747,0.1715,2.5024,-21.9727,-13.3057,1.0091,,
DATA,A007,5,109,1338129,-0.1754,0.9742,0.1695,1.0376,-21.4233,-13.7329,1.0043,,
DATA,A007,5,110,1338139,-0.1637,0.9766,0.1647,0.2441,-20.0195,-13.4888,1.0038,,
DATA,A007,5,111,1338149,-0.1473,0.9666,0.1615,-0.9766,-16.2964,-13.0005,0.9910,,
DATA,A007,5,112,1338159,-0.1454,0.9620,0.1605,-1.4038,-12.8174,-12.5732,0.9860,,
DATA,A007,5,113,1338169,-0.1485,0.9532,0.1642,-0.8545,-7.2632,-11.9629,0.9786,,
DATA,A007,5,114,1338179,-0.1561,0.9532,0.1632,-0.4883,-3.9673,-11.5967,0.9796,,
DATA,A007,5,115,1338189,-0.1578,0.9539,0.1673,0.3052,0.3662,-10.8643,0.9813,,
DATA,A007,5,116,1338199,-0.1578,0.9590,0.1642,0.7935,2.9907,-10.3760,0.9857,,
DATA,A007,5,117,1338209,-0.1561,0.9595,0.1693,1.5259,6.7139,-9.5825,0.9868,,
DATA,A007,5,118,1338219,-0.1544,0.9564,0.1688,2.0752,9.3994,-9.2773,0.9833,,
DATA,A007,5,119,1338229,-0.1510,0.9566,0.1671,2.4414,12.0239,-9.0942,0.9828,,
DATA,A007,5,120,1338239,-0.1627,0.9566,0.1710,3.2349,15.7471,-8.8501,0.9853,,
DATA,A007,5,121,1338249,-0.1676,0.9573,0.1708,3.4790,18.0664,-8.7280,0.9868,,
DATA,A007,5,122,1338259,-0.1754,0.9578,0.1737,3.9673,20.0806,-8.3618,0.9891,,
DATA,A007,5,123,1338269,-0.1820,0.9642,0.1722,3.9673,21.0571,-8.3008,0.9962,,
DATA,A007,5,124,1338279,-0.1822,0.9671,0.1735,3.8452,22.4609,-7.9956,0.9993,,
DATA,A007,5,125,1338289,-0.1857,0.9722,0.1737,3.7842,23.0713,-7.8125,1.0049,,
DATA,A007,5,126,1338299,-0.1815,0.9742,0.1781,3.1738,24.2310,-7.2021,1.0068,,
DATA,A007,5,127,1338309,-0.1839,0.9766,0.1837,2.3193,24.7803,-6.8970,1.0106,,
DATA,A007,5,128,1338319,-0.1866,0.9776,0.1871,1.2207,25.5737,-6.2256,1.0127,,
DATA,A007,5,129,1338329,-0.1859,0.9766,0.1905,0.4883,25.8179,-6.1646,1.0123,,
DATA,A007,5,130,1338339,-0.1874,0.9686,0.1947,-0.7935,26.4893,-5.8594,1.0055,,
DATA,A007,5,131,1338349,-0.1903,0.9644,0.1966,-1.3428,26.7334,-5.7373,1.0025,,
DATA,A007,5,132,1338359,-0.1952,0.9615,0.1976,-1.6479,26.9775,-5.7983,1.0008,,
DATA,A007,5,133,1338369,-0.1959,0.9593,0.1957,-1.4648,26.7334,-5.7983,0.9984,,
DATA,A007,5,134,1338379,-0.1981,0.9629,0.1930,-1.7700,25.8789,-5.8594,1.0019,,
DATA,A007,5,135,1338389,-0.2003,0.9637,0.1915,-2.0142,25.3296,-5.7983,1.0027,,
DATA,A007,5,136,1338399,-0.2020,0.9669,0.1910,-1.8311,24.9634,-5.6763,1.0060,,
DATA,A007,5,137,1338409,-0.2035,0.9654,0.1881,-1.9531,24.4141,-5.6152,1.0044,,
DATA,A007,5,138,1338419,-0.2118,0.9603,0.1864,-1.8921,22.5220,-5.4321,1.0008,,
DATA,A007,5,139,1338429,-0.2130,0.9566,0.1818,-1.7700,20.7520,-5.3711,0.9967,,
DATA,A007,5,140,1338439,-0.2054,0.9549,0.1822,-1.2207,18.4326,-5.1270,0.9936,,
DATA,A007,5,141,1338449,-0.2030,0.9512,0.1808,-0.6714,17.4561,-5.0049,0.9893,,
DATA,A007,5,142,1338459,-0.1949,0.9546,0.1822,0.0610,16.0522,-4.8218,0.9912,,
DATA,A007,5,143,1338469,-0.1937,0.9520,0.1822,0.4883,15.7471,-4.4556,0.9884,,
DATA,A007,5,144,1338479,-0.1913,0.9410,0.1813,1.1597,15.3809,-4.3945,0.9772,,
DATA,A007,5,145,1338489,-0.1905,0.9432,0.1825,1.9531,15.3198,-4.2725,0.9794,,
DATA,A007,5,146,1338499,-0.1900,0.9427,0.1847,3.2349,15.3809,-4.0894,0.9792,,
DATA,A007,5,147,1338509,-0.1898,0.9390,0.1891,4.0894,15.7471,-3.9673,0.9765,,
DATA,A007,5,148,1338519,-0.1854,0.9463,0.1896,5.1270,16.3574,-3.7842,0.9828,,
DATA,A007,5,149,1338529,-0.1883,0.9461,0.1915,5.7373,16.5405,-3.7231,0.9835,,
DATA,A007,5,150,1338539,-0.1927,0.9468,0.1962,6.3477,17.1509,-3.6011,0.9860,,
DATA,A007,5,151,1338549,-0.1940,0.9495,0.2001,6.7749,17.3950,-3.6621,0.9896,,
DATA,A007,5,152,1338559,-0.1957,0.9549,0.2010,7.1411,17.7002,-3.6011,0.9952,,
DATA,A007,5,153,1338569,-0.1979,0.9561,0.1984,7.3853,18.3716,-3.8452,0.9963,,
DATA,A007,5,154,1338579,-0.1993,0.9598,0.1971,7.2021,18.3716,-4.0894,0.9999,,
DATA,A007,5,155,1338589,-0.2018,0.9620,0.1998,7.0190,18.4326,-4.6387,1.0030,,
DATA,A007,5,156,1338599,-0.2076,0.9608,0.1998,6.8359,18.1274,-5.2490,1.0030,,
DATA,A007,5,157,1338609,-0.2108,0.9627,0.1979,6.2866,17.5781,-5.9204,1.0052,,
DATA,A007,5,158,1338619,-0.2084,0.9634,0.1964,5.7983,17.1509,-6.4697,1.0051,,
DATA,A007,5,159,1338629,-0.2062,0.9632,0.1959,4.5776,16.9678,-7.2021,1.0043,,
DATA,A007,5,160,1338639,-0.2047,0.9583,0.1920,3.7231,17.0898,-7.6294,0.9986,,
DATA,A007,5,161,1338649,-0.2013,0.9549,0.1920,3.2349,17.8223,-8.1177,0.9946,,
DATA,A007,5,162,1338659,-0.1984,0.9600,0.1944,2.8076,18.3105,-8.4839,0.9994,,
DATA,A007,5,163,1338669,-0.2032,0.9561,0.1979,2.5024,18.6157,-8.8501,0.9973,,
DATA,A007,5,164,1338679,-0.1974,0.9495,0.2018,2.5635,18.4326,-9.0942,0.9906,,
DATA,A007,5,165,1338689,-0.1969,0.9529,0.2037,2.7466,18.4326,-9.4604,0.9942,,
DATA,A007,5,166,1338699,-0.1984,0.9537,0.1991,3.0518,18.3105,-9.5825,0.9942,,
DATA,A007,5,167,1338709,-0.1962,0.9520,0.1986,3.1738,18.3716,-9.5825,0.9920,,
DATA,A007,5,168,1338719,-0.1949,0.9568,0.1984,3.1738,18.6157,-9.6436,0.9964,,
DATA,A007,5,169,1338729,-0.2010,0.9505,0.2006,3.6621,18.7378,-9.3994,0.9920,,
DATA,A007,5,170,1338739,-0.2069,0.9556,0.1991,4.0283,18.0664,-9.2773,0.9978,,
DATA,A007,5,171,1338749,-0.2103,0.9583,0.2008,4.2725,16.4185,-9.1553,1.0015,,
DATA,A007,5,172,1338759,-0.2076,0.9620,0.2018,4.3945,15.5029,-8.9722,1.0046,,
DATA,A007,5,173,1338769,-0.2091,0.9669,0.1949,3.8452,13.8550,-9.2773,1.0082,,
DATA,A007,5,174,1338779,-0.2023,0.9683,0.1913,3.4790,12.8784,-9.3994,1.0075,,
DATA,A007,5,175,1338789,-0.1984,0.9622,0.1896,2.8687,11.7188,-9.4604,1.0006,,
DATA,A007,5,176,1338799,-0.1942,0.9642,0.1886,2.6245,11.2305,-9.7046,1.0015,,
DATA,A007,5,177,1338809,-0.1927,0.9595,0.1866,2.3193,11.0474,-10.0098,0.9963,,
DATA,A007,5,178,1338819,-0.1918,0.9620,0.1886,2.3804,11.1694,-10.0098,0.9989,,
DATA,A007,5,179,1338829,-0.1844,0.9534,0.1857,2.5635,11.5356,-9.9487,0.9887,,
DATA,A007,5,180,1338839,-0.1783,0.9534,0.1783,2.8076,12.0850,-9.8267,0.9862,,
DATA,A007,5,181,1338849,-0.1747,0.9546,0.1800,3.6011,13.9160,-9.6436,0.9871,,
DATA,A007,5,182,1338859,-0.1781,0.9542,0.1781,3.8452,15.0146,-9.5215,0.9868,,
DATA,A007,5,183,1338869,-0.1817,0.9493,0.1766,4.2725,16.4185,-9.3994,0.9825,,
DATA,A007,5,184,1338879,-0.1832,0.9542,0.1822,4.3945,17.3950,-9.3994,0.9885,,
DATA,A007,5,185,1338889,-0.1837,0.9578,0.1861,5.1880,18.6768,-9.3994,0.9929,,
DATA,A007,5,186,1338899,-0.1879,0.9610,0.1866,5.4321,19.2871,-9.4604,0.9968,,
DATA,A007,5,187,1338909,-0.1886,0.9605,0.1842,5.3101,19.8975,-9.3994,0.9960,,
DATA,A007,5,188,1338919,-0.1915,0.9639,0.1888,5.0659,20.2637,-9.2773,1.0007,,
DATA,A007,5,189,1338929,-0.1962,0.9644,0.1930,4.9438,20.1416,-9.2163,1.0029,,
DATA,A007,5,190,1338939,-0.2003,0.9608,0.1881,4.8218,19.7754,-9.1553,0.9993,,
DATA,A007,5,191,1338949,-0.2005,0.9620,0.1891,4.8828,19.5312,-9.2163,1.0007,,
DATA,A007,5,192,1338959,-0.2013,0.9603,0.1913,4.8828,18.5547,-9.2773,0.9996,,
DATA,A007,5,193,1338969,-0.2047,0.9603,0.1918,5.1880,17.9443,-9.3384,1.0004,,
DATA,A007,5,194,1338979,-0.2047,0.9586,0.1861,5.0659,16.4185,-9.4604,0.9977,,
DATA,A007,5,195,1338989,-0.2057,0.9603,0.1876,5.2490,15.2588,-9.7046,0.9998,,
DATA,A007,5,196,1338999,-0.2030,0.9546,0.1837,5.6763,13.6719,-9.7656,0.9931,,
DATA,A007,5,197,1339009,-0.2027,0.9564,0.1791,5.9814,12.7563,-9.8877,0.9939,,
DATA,A007,5,198,1339019,-0.1976,0.9576,0.1810,6.4697,11.6577,-9.9487,0.9944,,
DATA,A007,5,199,1339029,-0.1922,0.9593,0.1798,6.9580,11.1694,-9.9487,0.9947,,
DATA,A007,5,200,1339039,-0.1944,0.9586,0.1803,7.2632,10.6201,-9.9487,0.9946,,
DATA,A007,5,201,1339049,-0.1844,0.9588,0.1783,7.3853,10.8643,-9.9487,0.9925,,
DATA,A007,5,202,1339059,-0.1859,0.9617,0.1781,7.6294,11.2305,-9.8877,0.9956,,
DATA,A007,5,203,1339069,-0.1830,0.9588,0.1776,7.7515,11.9019,-9.7656,0.9921,,
DATA,A007,5,204,1339079,-0.1788,0.9576,0.1774,7.5073,13.1226,-9.7656,0.9901,,
DATA,A007,5,205,1339089,-0.1764,0.9505,0.1776,7.9346,14.3433,-9.8877,0.9829,,
DATA,A007,5,206,1339099,-0.1742,0.9520,0.1796,8.7280,16.6016,-9.8877,0.9843,,
DATA,A007,5,207,1339109,-0.1800,0.9598,0.1786,8.9111,18.1885,-9.8267,0.9927,,
DATA,A007,5,208,1339119,-0.1869,0.9664,0.1820,9.3384,20.0195,-9.6436,1.0010,,
DATA,A007,5,209,1339129,-0.1874,0.9712,0.1786,9.2163,20.6299,-9.3994,1.0051,,
DATA,A007,5,210,1339139,-0.1988,0.9659,0.1776,8.6670,21.2402,-8.7280,1.0020,,
DATA,A007,5,211,1339149,-0.1981,0.9661,0.1786,8.3618,21.4844,-8.3618,1.0023,,
DATA,A007,5,212,1339159,-0.1996,0.9654,0.1805,7.8735,21.2402,-7.9346,1.0022,,
DATA,A007,5,213,1339169,-0.2008,0.9651,0.1791,7.7515,21.2402,-7.6904,1.0019,,
DATA,A007,5,214,1339179,-0.2071,0.9676,0.1793,7.1411,21.2402,-7.5684,1.0056,,
DATA,A007,5,215,1339189,-0.2052,0.9683,0.1771,6.2866,21.1792,-7.6294,1.0055,,
DATA,A007,5,216,1339199,-0.2088,0.9649,0.1744,5.4932,21.1182,-7.9956,1.0025,,
DATA,A007,5,217,1339209,-0.2113,0.9637,0.1732,4.8828,20.6909,-8.1177,1.0017,,
DATA,A007,5,218,1339219,-0.2096,0.9568,0.1710,4.6387,20.5688,-8.6060,0.9943,,
DATA,A007,5,219,1339229,-0.2049,0.9593,0.1744,4.6997,20.3247,-8.8501,0.9963,,
DATA,A007,5,220,1339239,-0.2067,0.9537,0.1727,4.5776,20.2026,-9.3384,0.9910,,
DATA,A007,5,221,1339249,-0.2071,0.9476,0.1749,5.0049,19.8975,-10.0098,0.9856,,
DATA,A007,5,222,1339259,-0.2059,0.9481,0.1713,5.6763,19.9585,-10.4370,0.9852,,
DATA,A007,5,223,1339269,-0.2015,0.9578,0.1659,6.0425,19.9585,-10.4370,0.9928,,
DATA,A007,5,224,1339279,-0.2057,0.9669,0.1615,5.8594,19.8364,-10.2539,1.0016,,
DATA,A007,5,225,1339289,-0.2059,0.9715,0.1642,5.5542,20.0806,-9.7046,1.0066,,
DATA,A007,5,226,1339299,-0.2062,0.9683,0.1693,5.1880,20.2026,-9.2163,1.0044,,
DATA,A007,5,227,1339309,-0.2035,0.9586,0.1786,5.1270,20.3857,-8.7280,0.9961,,
DATA,A007,5,228,1339319,-0.2045,0.9578,0.1857,5.4932,20.7520,-8.5449,0.9968,,
DATA,A007,5,229,1339329,-0.2071,0.9576,0.1915,6.4697,21.1792,-8.6670,0.9983,,
DATA,A007,5,230,1339339,-0.2096,0.9608,0.1971,6.5918,21.6675,-8.6670,1.0029,,
DATA,A007,5,231,1339349,-0.2184,0.9583,0.2008,5.2490,22.5830,-9.3994,1.0032,,
DATA,A007,5,232,1339359,-0.2255,0.9488,0.1988,5.0049,21.9727,-9.6436,0.9953,,
DATA,A007,5,233,1339369,-0.2142,0.9400,0.1891,5.3711,20.5688,-9.4604,0.9825,,
DATA,A007,5,234,1339379,-0.2091,0.9405,0.1927,6.3477,20.4468,-10.0098,0.9825,,
DATA,A007,5,235,1339389,-0.2120,0.9505,0.1903,6.5308,20.5688,-9.7046,0.9923,,
DATA,A007,5,236,1339399,-0.2211,0.9534,0.1935,6.4697,20.8130,-9.5825,0.9977,,
DATA,A007,5,237,1339409,-0.2384,0.9527,0.1954,5.3101,20.8740,-10.1318,1.0013,,
DATA,A007,5,238,1339419,-0.2440,0.9422,0.1864,4.6387,20.1416,-10.6812,0.9910,,
DATA,A007,5,239,1339429,-0.2435,0.9429,0.1827,5.2490,16.7847,-11.4136,0.9909,,
DATA,A007,5,240,1339439,-0.2340,0.9542,0.1822,5.9204,15.3198,-12.0850,0.9992,,
DATA,A007,5,241,1339449,-0.2438,0.9593,0.1783,5.6763,14.2822,-12.5732,1.0057,,
DATA,A007,5,242,1339459,-0.2391,0.9568,0.1652,5.9814,12.8174,-13.4888,1.0000,,
DATA,A007,5,243,1339469,-0.2240,0.9610,0.1537,7.0801,13.2446,-13.7939,0.9986,,
DATA,A007,5,244,1339479,-0.2215,0.9603,0.1322,7.6294,13.8550,-13.7329,0.9943,,
DATA,A007,5,245,1339489,-0.2191,0.9625,0.1276,6.7749,15.5029,-13.0005,0.9953,,
DATA,A007,5,246,1339499,-0.2255,0.9603,0.1378,6.0425,15.9302,-12.4512,0.9960,,
DATA,A007,5,247,1339509,-0.2399,0.9595,0.1732,5.0659,14.8315,-12.2070,1.0041,,
DATA,A007,5,248,1339519,-0.2350,0.9595,0.1927,4.6387,12.3901,-12.2681,1.0065,,
DATA,A007,5,249,1339529,-0.2030,0.9656,0.2010,4.2725,10.8643,-12.8174,1.0070,,
DATA,A007,5,250,1339539,-0.1886,0.9632,0.2008,3.4790,11.2915,-12.5732,1.0018,,
DATA,A007,5,251,1339549,-0.1786,0.9588,0.2008,3.2349,13.8550,-12.2070,0.9957,,
DATA,A007,5,252,1339559,-0.1844,0.9564,0.2032,3.5400,15.6250,-12.2070,0.9950,,
DATA,A007,5,253,1339569,-0.1993,0.9556,0.1981,3.9673,17.6392,-12.8174,0.9961,,
DATA,A007,5,254,1339579,-0.2189,0.9522,0.1935,4.4556,17.7002,-12.8784,0.9960,,
DATA,A007,5,255,1339589,-0.2247,0.9534,0.1918,4.7607,16.9678,-12.6343,0.9981,,
DATA,A007,5,256,1339599,-0.2294,0.9532,0.1842,5.3711,14.8926,-12.0850,0.9975,,
DATA,A007,5,257,1339609,-0.2252,0.9559,0.1788,5.5542,13.7939,-11.6577,0.9982,,
DATA,A007,5,258,1339619,-0.2242,0.9549,0.1703,5.7983,12.6953,-10.9863,0.9955,,
DATA,A007,5,259,1339629,-0.2250,0.9507,0.1642,5.7373,12.7563,-10.4370,0.9907,,
DATA,A007,5,260,1339639,-0.2301,0.9493,0.1512,6.1035,12.7563,-10.1929,0.9884,,
DATA,A007,5,261,1339649,-0.2296,0.9527,0.1488,6.6528,12.8784,-10.5591,0.9912,,
DATA,A007,5,262,1339659,-0.2325,0.9527,0.1481,7.2632,12.6953,-10.5591,0.9918,,
DATA,A007,5,263,1339669,-0.2298,0.9539,0.1517,7.3853,12.3901,-10.8032,0.9929,,
DATA,A007,5,264,1339679,-0.2255,0.9568,0.1620,7.2632,12.0239,-10.9253,0.9963,,
DATA,A007,5,265,1339689,-0.2218,0.9622,0.1678,6.9580,11.7798,-11.0474,1.0016,,
DATA,A007,5,266,1339699,-0.2193,0.9637,0.1757,6.2866,11.3525,-11.2915,1.0038,,
DATA,A007,5,267,1339709,-0.2162,0.9654,0.1783,5.9204,10.7422,-11.2915,1.0052,,
DATA,A007,5,268,1339719,-0.2154,0.9617,0.1796,5.1880,9.6436,-11.4746,1.0018,,
DATA,A007,5,269,1339729,-0.2128,0.9576,0.1815,5.3711,9.1553,-11.5967,0.9976,,
DATA,A007,5,270,1339739,-0.2096,0.9620,0.1822,5.7983,8.4839,-11.5356,1.0013,,
DATA,A007,5,271,1339749,-0.2086,0.9578,0.1742,5.7373,8.3008,-11.4746,0.9956,,
DATA,A007,5,272,1339759,-0.2064,0.9586,0.1664,5.4932,8.6670,-11.0474,0.9945,,
DATA,A007,5,273,1339769,-0.2047,0.9598,0.1600,5.0049,9.2773,-10.6812,0.9943,,
DATA,A007,5,274,1339779,-0.2040,0.9549,0.1539,4.8218,11.1694,-10.1929,0.9885,,
DATA,A007,5,275,1339789,-0.2086,0.9534,0.1527,5.0659,12.4512,-9.7046,0.9879,,
DATA,A007,5,276,1339799,-0.2145,0.9551,0.1525,5.6763,14.5874,-9.6436,0.9907,,
DATA,A007,5,277,1339809,-0.2135,0.9561,0.1576,5.8594,15.8691,-9.5215,0.9923,,
DATA,A007,5,278,1339819,-0.2193,0.9586,0.1608,5.4932,16.8457,-9.4604,0.9964,,
DATA,A007,5,279,1339829,-0.2181,0.9620,0.1612,5.2490,17.8223,-9.5825,0.9995,,
DATA,A007,5,280,1339839,-0.2237,0.9617,0.1561,4.4556,19.4092,-9.5215,0.9997,,
DATA,A007,5,281,1339849,-0.2262,0.9627,0.1588,4.0283,20.3857,-9.5215,1.0016,,
DATA,A007,5,282,1339859,-0.2320,0.9634,0.1603,3.7842,21.3623,-9.3994,1.0039,,
DATA,A007,5,283,1339869,-0.2377,0.9678,0.1617,3.6011,21.2402,-9.2773,1.0096,,
DATA,A007,5,284,1339879,-0.2445,0.9708,0.1700,3.0518,19.8975,-8.9111,1.0154,,
DATA,A007,5,285,1339889,-0.2467,0.9725,0.1757,2.7466,18.1274,-8.3618,1.0185,,
DATA,A007,5,286,1339899,-0.2416,0.9725,0.1844,1.6479,15.0757,-8.0566,1.0189,,
DATA,A007,5,287,1339909,-0.2374,0.9656,0.1825,1.1597,12.8784,-7.9346,1.0110,,
DATA,A007,5,288,1339919,-0.2384,0.9622,0.1830,0.9766,11.0474,-7.7515,1.0081,,
DATA,A007,5,289,1339929,-0.2328,0.9566,0.1832,0.7324,8.4229,-7.6294,1.0014,,
DATA,A007,5,290,1339939,-0.2298,0.9522,0.1818,0.8545,7.0190,-7.6294,0.9963,,
DATA,A007,5,291,1339949,-0.2306,0.9468,0.1837,1.7090,5.0659,-7.7515,0.9917,,
DATA,A007,5,292,1339959,-0.2228,0.9395,0.1796,2.5024,4.3945,-7.7515,0.9821,,
DATA,A007,5,293,1339969,-0.2242,0.9383,0.1781,3.8452,3.3569,-7.8735,0.9810,,
DATA,A007,5,294,1339979,-0.2233,0.9407,0.1749,4.7607,3.0518,-7.6904,0.9826,,
DATA,A007,5,295,1339989,-0.2255,0.9442,0.1727,5.8594,2.4414,-7.6904,0.9859,,
DATA,A007,5,296,1339999,-0.2242,0.9471,0.1691,6.4087,2.3804,-7.5073,0.9878,,
DATA,A007,5,297,1340009,-0.2257,0.9466,0.1671,7.5073,2.4414,-7.7515,0.9874,,
DATA,A007,5,298,1340019,-0.2225,0.9471,0.1666,7.9956,2.6855,-7.9956,0.9870,,
DATA,A007,5,299,1340029,-0.2225,0.9542,0.1630,8.8501,3.4180,-8.3618,0.9932,,
DATA,A007,5,300,1340039,-0.2215,0.9588,0.1647,8.8501,3.7842,-8.4229,0.9977,,
DATA,A007,5,301,1340049,-0.2235,0.9561,0.1634,8.5449,4.8218,-8.7280,0.9954,,
DATA,A007,5,302,1340059,-0.2213,0.9615,0.1622,8.3008,5.1880,-8.9111,0.9999,,
DATA,A007,5,303,1340069,-0.2220,0.9581,0.1590,7.8735,5.9814,-9.0332,0.9962,,
DATA,A007,5,304,1340079,-0.2203,0.9568,0.1615,7.5684,6.4697,-9.2163,0.9951,,
DATA,A007,5,305,1340089,-0.2128,0.9576,0.1622,7.1411,7.6904,-9.4604,0.9943,,
DATA,A007,5,306,1340099,-0.2120,0.9581,0.1622,6.9580,8.6060,-9.5215,0.9946,,
DATA,A007,5,307,1340109,-0.2054,0.9598,0.1664,6.3477,10.4370,-9.5825,0.9955,,
DATA,A007,5,308,1340119,-0.2079,0.9605,0.1693,6.2256,11.4136,-9.4604,0.9972,,
DATA,A007,5,309,1340129,-0.2108,0.9571,0.1732,6.0425,12.8784,-9.3384,0.9952,,
DATA,A007,5,310,1340139,-0.2096,0.9549,0.1752,6.1646,13.7329,-9.1553,0.9932,,
DATA,A007,5,311,1340149,-0.2228,0.9525,0.1747,5.9204,14.0991,-8.6060,0.9936,,
DATA,A007,5,312,1340159,-0.2269,0.9510,0.1771,6.1035,13.5498,-8.6060,0.9936,,
DATA,A007,5,313,1340169,-0.2323,0.9500,0.1796,6.5918,12.0850,-8.1177,0.9943,,
DATA,A007,5,314,1340179,-0.2399,0.9568,0.1766,6.8970,10.5591,-7.8735,1.0021,,
DATA,A007,5,315,1340189,-0.2350,0.9615,0.1715,6.8970,8.6670,-7.4463,1.0045,,
DATA,A007,5,316,1340199,-0.2374,0.9625,0.1666,6.4087,7.8735,-7.5684,1.0052,,
DATA,A007,5,317,1340209,-0.2338,0.9610,0.1605,5.4321,7.5684,-7.6904,1.0020,,
DATA,A007,5,318,1340219,-0.2303,0.9571,0.1564,5.3101,7.5073,-7.9956,0.9968,,
DATA,A007,5,319,1340229,-0.2269,0.9581,0.1564,5.2490,7.9346,-8.3618,0.9969,,
DATA,A007,5,320,1340239,-0.2257,0.9571,0.1610,5.4321,8.1787,-8.7891,0.9964,,
DATA,A007,5,321,1340249,-0.2228,0.9573,0.1634,6.1646,8.3008,-9.2163,0.9964,,
DATA,A007,5,322,1340259,-0.2220,0.9549,0.1671,6.2256,8.0566,-9.5825,0.9945,,
DATA,A007,5,323,1340269,-0.2272,0.9490,0.1664,7.2021,7.6294,-9.6436,0.9899,,
DATA,A007,5,324,1340279,-0.2220,0.9503,0.1698,8.1177,6.4697,-10.0098,0.9905,,
DATA,A007,5,325,1340289,-0.2181,0.9442,0.1732,8.8501,5.8594,-10.0708,0.9844,,
DATA,A007,5,326,1340299,-0.2137,0.9498,0.1703,9.1553,5.1270,-10.0708,0.9883,,
DATA,A007,5,327,1340309,-0.2088,0.9549,0.1647,9.0942,5.4932,-9.8877,0.9912,,
DATA,A007,5,328,1340319,-0.2069,0.9595,0.1590,8.6060,6.7139,-9.5825,0.9944,,
DATA,A007,5,329,1340329,-0.2101,0.9639,0.1593,7.9346,7.6294,-9.3384,0.9993,,
DATA,A007,5,330,1340339,-0.2047,0.9600,0.1576,7.0190,9.3384,-9.2773,0.9942,,
DATA,A007,5,331,1340349,-0.2013,0.9676,0.1593,6.5918,10.9253,-9.0942,1.0011,,
DATA,A007,5,332,1340359,-0.1957,0.9666,0.1661,6.1646,13.3667,-9.0942,1.0001,,
DATA,A007,5,333,1340369,-0.1925,0.9666,0.1722,5.6763,15.1367,-9.2773,1.0005,,
DATA,A007,5,334,1340379,-0.1959,0.9717,0.1759,4.6387,18.0664,-9.3994,1.0068,,
DATA,A007,5,335,1340389,-0.1957,0.9759,0.1742,3.7842,20.1416,-9.3994,1.0104,,
DATA,A007,5,336,1340399,-0.1927,0.9681,0.1715,1.8921,23.4375,-9.1553,1.0019,,
DATA,A007,5,337,1340409,-0.1947,0.9669,0.1686,0.9766,25.5127,-8.9722,1.0006,,
DATA,A007,5,338,1340419,-0.2047,0.9651,0.1627,0.1221,28.3813,-8.8501,0.9999,,
DATA,A007,5,339,1340429,-0.2120,0.9605,0.1652,0.0000,29.8462,-8.7280,0.9974,,
DATA,A007,5,340,1340439,-0.2225,0.9622,0.1683,-0.0610,30.8228,-8.5449,1.0019,,
DATA,A007,5,341,1340449,-0.2311,0.9651,0.1705,-0.0610,30.9448,-8.3008,1.0070,,
DATA,A007,5,342,1340459,-0.2452,0.9661,0.1700,-0.4272,29.2358,-7.9956,1.0112,,
DATA,A007,5,343,1340469,-0.2506,0.9659,0.1754,-0.4272,27.1606,-7.7515,1.0132,,
DATA,A007,5,344,1340479,-0.2599,0.9578,0.1744,-0.3052,23.4985,-7.2021,1.0077,,
DATA,A007,5,345,1340489,-0.2567,0.9571,0.1752,-0.3662,21.1792,-7.0801,1.0063,,
DATA,A007,5,346,1340499,-0.2547,0.9583,0.1786,-0.3052,17.7612,-6.4697,1.0075,,
DATA,A007,5,347,1340509,-0.2557,0.9610,0.1783,-0.3662,15.6250,-5.9204,1.0103,,
DATA,A007,5,348,1340519,-0.2535,0.9629,0.1854,-0.3052,12.6953,-5.3711,1.0129,,
DATA,A007,5,349,1340529,-0.2523,0.9634,0.1859,-0.7324,10.8032,-5.3101,1.0131,,
DATA,A007,5,350,1340539,-0.2504,0.9507,0.1847,-0.9766,8.4229,-5.4321,1.0003,,
DATA,A007,5,351,1340549,-0.2452,0.9488,0.1852,-0.8545,6.9580,-5.8594,0.9973,,
DATA,A007,5,352,1340559,-0.2413,0.9415,0.1869,-0.4272,5.0659,-6.6528,0.9897,,
DATA,A007,5,353,1340569,-0.2357,0.9354,0.1888,0.1831,4.2114,-7.3242,0.9829,,
DATA,A007,5,354,1340579,-0.2306,0.9344,0.1866,1.7700,3.7842,-8.3008,0.9803,,
DATA,A007,5,355,1340589,-0.2298,0.9383,0.1832,2.6245,3.6621,-8.8501,0.9833,,
DATA,A007,5,356,1340599,-0.2320,0.9500,0.1803,2.9907,3.4790,-9.3384,0.9944,,
DATA,A007,5,357,1340609,-0.2362,0.9593,0.1730,2.4414,3.0518,-9.7656,1.0030,,
DATA,A007,5,358,1340619,-0.2330,0.9590,0.1656,1.5869,2.6245,-9.8877,1.0007,,
DATA,A007,5,359,1340629,-0.2318,0.9590,0.1612,0.4272,1.7700,-10.1929,0.9997,,
DATA,A007,5,360,1340639,-0.2250,0.9598,0.1649,-0.0610,1.3428,-10.3149,0.9995,,
DATA,A007,5,361,1340649,-0.2164,0.9488,0.1686,-0.3052,1.1597,-11.1694,0.9876,,
DATA,A007,5,362,1340659,-0.2067,0.9390,0.1700,-0.1221,1.4648,-11.9629,0.9764,,
DATA,A007,5,363,1340669,-0.1979,0.9376,0.1664,1.4038,2.9907,-13.1226,0.9725,,
DATA,A007,5,364,1340679,-0.1905,0.9429,0.1691,2.3193,4.5166,-13.7939,0.9767,,
DATA,A007,5,365,1340689,-0.1847,0.9544,0.1713,3.2959,7.3242,-14.2822,0.9871,,
DATA,A007,5,366,1340699,-0.1788,0.9576,0.1749,2.8687,9.6436,-14.2822,0.9897,,
DATA,A007,5,367,1340709,-0.1727,0.9620,0.1771,2.1973,13.6108,-13.9771,0.9933,,
DATA,A007,5,368,1340719,-0.1957,0.9551,0.1586,1.4038,14.3433,-13.4277,0.9878,,
DATA,A007,5,369,1340729,-0.2599,0.9363,0.1437,2.2583,9.2773,-12.8174,0.9823,,
DATA,A007,5,370,1340739,-0.3102,0.9280,0.1466,4.3335,0.5493,-12.9395,0.9894,,
DATA,A007,5,371,1340749,-0.3605,0.9275,0.2128,10.0708,-16.2354,-12.8784,1.0176,,
DATA,A007,5,372,1340759,-0.3700,0.9446,0.2579,10.9863,-27.5879,-13.7939,1.0468,,
DATA,A007,5,373,1340769,-0.3651,0.9710,0.3143,11.5967,-42.5415,-13.8550,1.0839,,
DATA,A007,5,374,1340779,-0.3475,0.9822,0.3253,9.8267,-52.4902,-13.2446,1.0915,,
DATA,A007,5,375,1340789,-0.3229,0.9793,0.3024,6.2866,-65.0024,-12.8174,1.0746,,
DATA,A007,5,376,1340799,-0.3080,0.9669,0.2699,3.9062,-71.5332,-13.5498,1.0500,,
DATA,A007,5,377,1340809,-0.2862,0.9495,0.2225,1.7090,-78.1860,-15.2588,1.0164,,
DATA,A007,5,378,1340819,-0.2667,0.9427,0.1981,1.2817,-80.5664,-16.1743,0.9995,,
DATA,A007,5,379,1340829,-0.2320,0.9429,0.1874,0.8545,-81.4819,-18.0664,0.9890,,
DATA,A007,5,380,1340839,-0.2079,0.9417,0.1849,0.5493,-79.4678,-19.2261,0.9819,,
DATA,A007,5,381,1340849,-0.1534,0.9432,0.1813,0.1831,-72.1436,-20.4468,0.9726,,
DATA,A007,5,382,1340859,-0.1288,0.9368,0.1820,-0.6714,-65.0024,-20.7520,0.9630,,
DATA,A007,5,383,1340869,-0.0980,0.9300,0.1720,-0.3052,-50.0488,-19.8975,0.9508,,
DATA,A007,5,384,1340879,-0.0853,0.9285,0.1673,0.4272,-37.8418,-19.2261,0.9473,,
DATA,A007,5,385,1340889,-0.0697,0.9202,0.1671,2.1973,-16.9067,-18.8599,0.9379,,
DATA,A007,5,386,1340899,-0.0799,0.9173,0.1595,3.8452,-3.4790,-17.4561,0.9345,,
DATA,A007,5,387,1340909,-0.0919,0.9195,0.1620,7.5073,12.1460,-17.0898,0.9382,,
DATA,A007,5,388,1340919,-0.0934,0.9092,0.1625,9.7046,21.1792,-16.6016,0.9283,,
DATA,A007,5,389,1340929,-0.1022,0.9190,0.1776,14.3433,29.7852,-14.5874,0.9416,,
DATA,A007,5,390,1340939,-0.0985,0.9295,0.1891,16.4795,35.5225,-14.3433,0.9536,,
DATA,A007,5,391,1340949,-0.0887,0.9390,0.1969,17.7612,42.1143,-14.1602,0.9635,,
DATA,A007,5,392,1340959,-0.0743,0.9568,0.2030,17.4561,56.2744,-13.9160,0.9810,,
DATA,A007,5,393,1340969,-0.0838,0.9566,0.2027,16.8457,66.8945,-12.8174,0.9814,,
DATA,A007,5,394,1340979,-0.1039,0.9603,0.2003,16.1133,80.8716,-11.2305,0.9864,,
DATA,A007,5,395,1340989,-0.1200,0.9608,0.2037,15.5640,88.5620,-10.2539,0.9894,,
DATA,A007,5,396,1340999,-0.1468,0.9676,0.2115,14.4653,98.3887,-8.4229,1.0013,,
DATA,A007,5,397,1341009,-0.1625,0.9715,0.2137,13.6108,103.6377,-7.0190,1.0079,,
DATA,A007,5,398,1341019,-0.2001,0.9810,0.2150,11.8408,107.7271,-5.9204,1.0240,,
DATA,A007,5,399,1341029,-0.2279,0.9847,0.2179,10.1318,108.1543,-4.7607,1.0339,,
DATA,A007,5,400,1341039,-0.2738,0.9791,0.2164,6.7749,103.8818,-3.5400,1.0394,,
DATA,A007,5,401,1341049,-0.3065,0.9764,0.2125,5.0659,98.3887,-2.8687,1.0452,,
DATA,A007,5,402,1341059,-0.3331,0.9700,0.2064,2.1973,87.3413,-2.0752,1.0462,,
DATA,A007,5,403,1341069,-0.3566,0.9615,0.1998,0.0610,78.3081,-1.7700,1.0448,,
DATA,A007,5,404,1341079,-0.3588,0.9549,0.1964,-1.5259,63.1714,-2.5024,1.0388,,
DATA,A007,5,405,1341089,-0.3334,0.9485,0.1927,-3.1738,54.3213,-3.3569,1.0237,,
DATA,A007,5,406,1341099,-0.3077,0.9437,0.1805,-0.9766,49.1333,-6.0425,1.0089,,
DATA,A007,5,407,1341109,-0.3505,0.9481,0.1759,-1.6479,44.4946,-4.0894,1.0259,,
DATA,A007,5,408,1341119,-0.3524,0.9449,0.1847,-3.1128,29.9072,-6.8359,1.0252,,
DATA,A007,5,409,1341129,-0.3246,0.9378,0.1844,-1.4648,27.4048,-10.7422,1.0094,,
DATA,A007,5,410,1341139,-0.3609,0.9456,0.1908,0.7324,25.4517,-11.6577,1.0300,,
DATA,A007,5,411,1341149,-0.4405,0.9632,0.2030,0.4883,18.4326,-13.4888,1.0784,,
DATA,A007,5,412,1341159,-0.5226,0.9800,0.2369,-0.3052,-2.9297,-15.3809,1.1356,,
DATA,A007,5,413,1341169,-0.5279,1.0169,0.2565,-3.4790,-21.7896,-19.3481,1.1741,,
DATA,A007,5,414,1341179,-0.5087,1.0394,0.3151,-13.0005,-51.3306,-26.2451,1.1993,,
DATA,A007,5,415,1341189,-0.5023,1.0340,0.3190,-19.2261,-69.3970,-28.1982,1.1930,,
DATA,A007,5,416,1341199,-0.5082,1.0284,0.3343,-26.8555,-95.1538,-34.6680,1.1948,,
DATA,A007,5,417,1341209,-0.5021,1.0350,0.3358,-32.1655,-113.7085,-40.2832,1.1983,,
DATA,A007,5,418,1341219,-0.4911,1.0533,0.3339,-40.2832,-142.0288,-49.6216,1.2091,,
DATA,A007,5,419,1341229,-0.4798,1.0533,0.3160,-44.3726,-160.0952,-53.4668,1.1998,,
DATA,A007,5,420,1341239,-0.4713,1.0479,0.3190,-46.5698,-182.9834,-59.8145,1.1925,,
DATA,A007,5,421,1341249,-0.4679,1.0543,0.3199,-45.6543,-195.3125,-64.7583,1.1970,,
DATA,A007,5,422,1341259,-0.4469,1.0655,0.3602,-46.3867,-208.2520,-69.3970,1.2103,,
DATA,A007,5,423,1341269,-0.4010,1.0709,0.3929,-44.7388,-209.8389,-76.9043,1.2091,,
DATA,A007,5,424,1341279,-0.3346,1.0760,0.4325,-53.4668,-200.9888,-81.6040,1.2070,,
DATA,A007,5,425,1341289,-0.3177,1.0843,0.4464,-58.9600,-188.2935,-86.4868,1.2149,,
DATA,A007,5,426,1341299,-0.2909,1.0560,0.4579,-71.5332,-165.9546,-89.4165,1.1872,,
DATA,A007,5,427,1341309,-0.2674,1.0381,0.4620,-75.8667,-148.1323,-92.5903,1.1674,,
DATA,A007,5,428,1341319,-0.2713,1.0267,0.4618,-77.5146,-127.3193,-95.7642,1.1580,,
DATA,A007,5,429,1341329,-0.3075,1.0103,0.4601,-85.9985,-101.8677,-95.8252,1.1519,,
DATA,A007,5,430,1341339,-0.3710,0.9918,0.4672,-93.0176,-94.9707,-96.4966,1.1573,,
DATA,A007,5,431,1341349,-0.4281,0.9390,0.4435,-94.7876,-91.0645,-97.0459,1.1233,,
DATA,A007,5,432,1341359,-0.4120,0.9036,0.4457,-92.3462,-95.2759,-98.4497,1.0885,,
DATA,A007,5,433,1341369,-0.3924,0.8814,0.4447,-88.9893,-99.7314,-99.5483,1.0624,,
DATA,A007,5,434,1341379,-0.3788,0.8724,0.4691,-86.3647,-99.7314,-100.2808,1.0605,,
DATA,A007,5,435,1341389,-0.4222,0.8795,0.5006,-84.9609,-104.1260,-104.9805,1.0965,,
DATA,A007,5,436,1341399,-0.4676,0.8809,0.5204,-85.6934,-110.0464,-107.7271,1.1249,,
DATA,A007,5,437,1341409,-0.4857,0.8553,0.5414,-85.8765,-124.0234,-110.1685,1.1227,,
DATA,A007,5,438,1341419,-0.4708,0.8419,0.5580,-84.1675,-137.3901,-112.9150,1.1143,,
DATA,A007,5,439,1341429,-0.4044,0.8196,0.5863,-83.1909,-152.0386,-114.9902,1.0859,,
DATA,A007,5,440,1341439,-0.3675,0.8028,0.6095,-84.0454,-156.9214,-115.9058,1.0729,,
DATA,A007,5,441,1341449,-0.3241,0.7723,0.6310,-85.5713,-155.9448,-117.4927,1.0486,,
DATA,A007,5,442,1341459,-0.3133,0.7567,0.6324,-86.2427,-152.9541,-117.8589,1.0347,,
DATA,A007,5,443,1341469,-0.3063,0.7325,0.6554,-87.0972,-149.1089,-117.4316,1.0295,,
DATA,A007,5,444,1341479,-0.2980,0.7215,0.6822,-86.9751,-148.2544,-117.7368,1.0367,,
DATA,A007,5,445,1341489,-0.2572,0.7205,0.6981,-87.1582,-143.3105,-118.8965,1.0357,,
DATA,A007,5,446,1341499,-0.2054,0.7122,0.7023,-86.4258,-138.1226,-117.8589,1.0211,,
DATA,A007,5,447,1341509,-0.1639,0.6985,0.7089,-86.6089,-123.9624,-115.4175,1.0086,,
DATA,A007,5,448,1341519,-0.1586,0.6812,0.7167,-87.8906,-112.7319,-115.3564,1.0014,,
DATA,A007,5,449,1341529,-0.1861,0.6478,0.7382,-88.8672,-98.3887,-117.4316,0.9996,,
DATA,A007,5,450,1341539,-0.1979,0.6226,0.7264,-87.8296,-89.7217,-118.7744,0.9770,,
DATA,A007,5,451,1341549,-0.1935,0.5870,0.7308,-84.2285,-82.0312,-117.1875,0.9571,,
DATA,A007,5,452,1341559,-0.1944,0.5726,0.7277,-82.1533,-77.0264,-115.1123,0.9461,,
DATA,A007,5,453,1341569,-0.1612,0.5369,0.7172,-79.6509,-72.2656,-111.3892,0.9103,,
DATA,A007,5,454,1341579,-0.1500,0.5240,0.7477,-77.2705,-70.0073,-107.9712,0.9252,,
DATA,A007,5,455,1341589,-0.1346,0.5128,0.7367,-74.6460,-63.5376,-105.7739,0.9076,,
DATA,A007,5,456,1341599,-0.1048,0.4993,0.7272,-72.9980,-59.9365,-103.4546,0.8883,,
DATA,A007,5,457,1341609,-0.0670,0.4603,0.7201,-70.0684,-51.2085,-98.2056,0.8572,,
DATA,A007,5,458,1341619,-0.0641,0.4383,0.7201,-67.8711,-44.7388,-96.2524,0.8454,,
DATA,A007,5,459,1341629,-0.0726,0.4171,0.7049,-65.1245,-36.9873,-94.7266,0.8223,,
DATA,A007,5,460,1341639,-0.1061,0.3882,0.7269,-59.2651,-27.4658,-91.7969,0.8309,,
DATA,A007,5,461,1341649,-0.1349,0.3773,0.7320,-55.6030,-21.4844,-89.1113,0.8345,,
DATA,A007,5,462,1341659,-0.2025,0.3587,0.7633,-51.2695,-21.5454,-83.8623,0.8673,,
DATA,A007,5,463,1341669,-0.2135,0.3484,0.7523,-47.8516,-25.4517,-80.0781,0.8561,,
DATA,A007,5,464,1341679,-0.1991,0.3223,0.7743,-42.3584,-37.7197,-73.0591,0.8620,,
DATA,A007,5,465,1341689,-0.2091,0.3204,0.8031,-39.6729,-44.4336,-69.0918,0.8896,,
DATA,A007,5,466,1341699,-0.1949,0.3270,0.8368,-38.2690,-50.1709,-66.0400,0.9193,,
DATA,A007,5,467,1341709,-0.2137,0.3199,0.8414,-37.4146,-56.2134,-63.0493,0.9252,,
DATA,A007,5,468,1341719,-0.1900,0.3182,0.8072,-34.1187,-69.7632,-58.9600,0.8883,,
DATA,A007,5,469,1341729,-0.1363,0.3099,0.8346,-32.2266,-81.9092,-54.2603,0.9006,,
DATA,A007,5,470,1341739,-0.0729,0.3812,0.8007,-24.2920,-82.6416,-50.2319,0.8897,,
DATA,A007,5,471,1341749,-0.1781,0.4791,0.8053,-10.0708,-72.1436,-54.5654,0.9538,,
DATA,A007,5,472,1341759,0.1161,0.4559,0.8639,-18.6768,-100.6470,-30.5176,0.9837,,
DATA,A007,5,473,1341769,0.1005,0.3682,0.8409,-34.7290,-100.1587,-18.6157,0.9235,,
DATA,A007,5,474,1341779,0.1286,0.2508,0.8756,-37.5977,-61.3403,-28.3813,0.9198,,
DATA,A007,5,475,1341789,0.0304,0.0645,0.9603,-9.2773,-53.8940,-28.1372,0.9630,,
DATA,A007,5,476,1341799,0.1022,-0.0163,0.8705,-20.5078,-38.9404,-22.9492,0.8766,,
DATA,A007,5,477,1341809,0.0939,0.1016,0.9647,6.3477,-28.0762,-19.4702,0.9746,,
DATA,A007,5,478,1341819,-0.0206,0.3065,0.9257,13.5498,-8.3008,-8.6060,0.9753,,
DATA,A007,5,479,1341829,-0.1205,0.3079,0.9254,15.8691,-4.1504,-9.0332,0.9827,,
DATA,A007,5,480,1341839,-0.0755,0.3367,0.9217,19.4702,-5.1270,-5.4321,0.9842,,
DATA,A007,5,481,1341849,-0.0511,0.2855,0.8927,20.0195,-3.4180,-2.8076,0.9386,,
DATA,A007,5,482,1341859,-0.0997,0.3062,0.8885,27.1606,3.8452,-7.3242,0.9451,,
DATA,A007,5,483,1341869,-0.1359,0.3008,0.8959,31.7383,2.8687,-9.0332,0.9547,,
DATA,A007,5,484,1341879,-0.1315,0.3614,0.9037,39.5508,-15.3198,-10.4370,0.9821,,
DATA,A007,5,485,1341889,-0.0890,0.4349,0.9278,33.0200,-21.2402,-7.0801,1.0286,,
DATA,A007,5,486,1341899,-0.0292,0.3677,0.9747,9.7046,-15.8081,-10.8032,1.0422,,
DATA,A007,5,487,1341909,-0.0304,0.3345,0.9977,5.4932,-14.9536,-16.6016,1.0527,,
DATA,A007,5,488,1341919,-0.0038,0.3074,0.9925,7.3853,-15.8081,-17.7612,1.0391,,
DATA,A007,5,489,1341929,0.0070,0.2169,0.9928,12.2681,-18.3716,-16.8457,1.0162,,
DATA,A007,5,490,1341939,0.0541,0.2523,0.9999,21.3623,-29.1138,-16.1133,1.0326,,
DATA,A007,5,491,1341949,0.0856,0.2598,1.0099,21.0571,-28.0762,-16.1133,1.0463,,
DATA,A007,5,492,1341959,0.1171,0.2720,0.9982,20.2026,-20.2637,-16.0522,1.0412,,
DATA,A007,5,493,1341969,0.0578,0.2335,1.0091,26.0620,-7.6294,-12.6343,1.0374,,
DATA,A007,5,494,1341979,0.0946,0.2523,0.9254,33.6914,-2.1362,-10.1318,0.9638,,
DATA,A007,5,495,1341989,0.0370,0.2513,0.9156,35.5225,-0.4883,-10.2539,0.9502,,
DATA,A007,5,496,1341999,0.0563,0.3360,0.8863,36.0107,-5.3711,-8.9111,0.9496,,
DATA,A007,5,497,1342009,-0.0306,0.3455,0.9076,22.3999,-0.1221,-13.0615,0.9716,,
DATA,A007,5,498,1342019,-0.0697,0.3267,0.9215,18.4326,-3.9673,-14.4653,0.9802,,
DATA,A007,5,499,1342029,-0.0404,0.3221,0.9569,17.7612,-9.7046,-9.8267,1.0105,,
DATA,A007,5,500,1342039,-0.0372,0.2850,0.9606,19.1040,-11.7188,-8.2397,1.0026,,
DATA,A007,5,501,1342049,0.0263,0.3546,0.9432,20.6909,-12.1460,-8.6670,1.0080,,
DATA,A007,5,502,1342059,0.0267,0.3538,0.9335,17.2119,-7.2021,-7.5073,0.9986,,
DATA,A007,5,503,1342069,0.0216,0.3851,0.9357,11.5967,-1.7090,-9.2163,1.0120,,
DATA,A007,5,504,1342079,0.0353,0.3746,0.9571,7.5073,3.6621,-6.4697,1.0284,,
DATA,A007,5,505,1342089,0.0646,0.3538,0.9838,4.8828,7.8735,-3.4180,1.0474,,
DATA,A007,5,506,1342099,0.1000,0.3336,1.0221,3.6011,10.3149,-3.7231,1.0798,,
DATA,A007,5,507,1342109,0.1034,0.3152,1.0233,2.6855,11.5967,-0.6104,1.0757,,
DATA,A007,5,508,1342119,0.1383,0.2840,1.0458,3.9673,10.2539,2.3804,1.0924,,
DATA,A007,5,509,1342129,0.0697,0.3199,1.0111,-1.5259,10.4370,-6.9580,1.0628,,
DATA,A007,5,510,1342139,0.0507,0.3062,0.9715,-1.5259,8.2397,-5.1270,1.0199,,
DATA,A007,5,511,1342149,0.0990,0.3270,0.8895,5.5542,5.2490,-2.6245,0.9529,,
DATA,A007,5,512,1342159,0.1185,0.3406,0.8761,6.1035,8.1787,-2.3804,0.9474,,
DATA,A007,5,513,1342169,0.0819,0.3494,0.8727,6.5308,13.3057,-3.8452,0.9436,,
DATA,A007,5,514,1342179,0.0949,0.3565,0.9090,5.6763,17.5171,-4.6997,0.9811,,
DATA,A007,5,515,1342189,0.0563,0.3301,0.9388,2.5635,24.5361,-5.9814,0.9968,,
DATA,A007,5,516,1342199,0.0294,0.3245,0.9305,4.2725,25.8179,-6.2256,0.9859,,
DATA,A007,5,517,1342209,0.0316,0.3296,0.9269,6.6528,24.8413,-5.9814,0.9843,,
DATA,A007,5,518,1342219,0.0182,0.3441,0.9237,7.8735,23.2544,-6.7749,0.9859,,
DATA,A007,5,519,1342229,0.0070,0.3670,0.9545,8.1177,21.4233,-6.3477,1.0226,,
DATA,A007,5,520,1342239,0.0109,0.3316,0.9950,6.0425,22.7051,-6.5308,1.0488,,
DATA,A007,5,521,1342249,0.0363,0.3338,1.0121,6.1646,20.5078,-7.1411,1.0663,,
DATA,A007,5,522,1342259,0.0543,0.3433,1.0040,6.1035,20.9961,-6.3477,1.0625,,
DATA,A007,5,523,1342269,0.0314,0.3187,0.9755,8.6670,21.9727,-6.6528,1.0267,,
DATA,A007,5,524,1342279,0.0556,0.3404,0.9593,11.0474,21.4844,-5.3711,1.0195,,
DATA,A007,5,525,1342289,0.0255,0.3174,0.9549,9.8267,22.0947,-5.2490,1.0066,,
DATA,A007,5,526,1342299,0.0079,0.3365,0.9545,10.1929,18.3716,-6.4087,1.0121,,
DATA,A007,5,527,1342309,0.0526,0.0320,1.0030,8.2397,16.8457,-7.0190,1.0049,,
DATA,A007,5,528,1342319,0.0165,0.3548,0.9979,5.5542,11.1694,-6.9580,1.0592,,
DATA,A007,5,529,1342329,0.0414,0.3787,1.0143,3.2349,9.5215,-5.6152,1.0835,,
DATA,A007,5,530,1342339,0.0204,0.3804,1.0011,1.3428,8.2397,-3.1128,1.0711,,
DATA,A007,5,531,1342349,0.0602,0.3773,0.9664,2.5024,9.5215,-2.6855,1.0392,,
DATA,A007,5,532,1342359,0.1310,0.3416,0.9247,3.6621,18.1274,-2.8687,0.9944,,
DATA,A007,5,533,1342369,0.1229,0.3299,0.9154,2.9907,27.0996,-5.9204,0.9808,,
DATA,A007,5,534,1342379,0.1273,0.3067,0.9337,0.1221,40.7715,-9.5825,0.9910,,
DATA,A007,5,535,1342389,0.1361,0.2957,0.9506,-2.9907,49.7437,-11.8408,1.0048,,
DATA,A007,5,536,1342399,0.0541,0.3455,0.9879,-9.8877,59.9976,-18.5547,1.0480,,
DATA,A007,5,537,1342409,-0.0279,0.3533,1.0443,-15.6250,60.2417,-23.6816,1.1028,,
EVENT,A007,5,,1342417,,,,,,,,STOP,537
EVENT,A007,6,,1350333,,,,,,,,START,
DATA,A007,6,1,1350356,0.1591,0.1136,1.0861,-20.9351,62.0728,-14.7095,1.1035,,
DATA,A007,6,2,1350366,0.1735,0.1024,1.0428,-15.8081,81.9702,-17.7002,1.0621,,
DATA,A007,6,3,1350376,0.1495,0.1360,1.0038,-8.6670,97.4731,-19.1650,1.0239,,
DATA,A007,6,4,1350386,0.0927,0.1793,0.9447,2.4414,103.5156,-14.1602,0.9660,,
DATA,A007,6,5,1350396,0.0419,0.1558,0.9313,5.7373,98.5107,-10.3760,0.9451,,
DATA,A007,6,6,1350406,0.0150,0.2020,0.9042,16.0522,78.3691,-3.9062,0.9266,,
DATA,A007,6,7,1350416,0.0375,0.2215,0.8949,23.5596,62.5000,1.5869,0.9227,,
DATA,A007,6,8,1350426,0.0214,0.2205,0.9081,30.8228,49.5605,6.4697,0.9347,,
DATA,A007,6,9,1350436,0.0162,0.2725,0.9095,28.9917,45.5933,6.1035,0.9496,,
DATA,A007,6,10,1350446,0.0392,0.2950,0.9156,20.0195,47.5464,5.3101,0.9628,,
DATA,A007,6,11,1350456,0.0358,0.2884,0.9078,15.6860,50.9644,8.2397,0.9532,,
DATA,A007,6,12,1350466,0.0746,0.2564,0.9056,12.3291,56.9458,6.2256,0.9442,,
DATA,A007,6,13,1350476,0.0827,0.2086,0.9044,11.6577,67.0776,11.4136,0.9318,,
DATA,A007,6,14,1350486,0.2450,0.2733,0.8800,17.8833,79.4067,19.4702,0.9535,,
DATA,A007,6,15,1350496,0.1608,0.1951,0.8597,20.9351,89.9048,46.7529,0.8961,,
DATA,A007,6,16,1350506,0.0382,0.1483,0.8588,26.6113,119.7510,30.3955,0.8723,,
DATA,A007,6,17,1350516,0.0018,0.1573,0.7967,24.6582,120.7886,18.4937,0.8121,,
DATA,A007,6,18,1350526,0.0470,0.2545,0.6896,36.7432,105.7129,10.0098,0.7365,,
DATA,A007,6,19,1350536,0.0980,0.3887,0.5846,56.2744,104.9194,35.5225,0.7088,,
DATA,A007,6,20,1350546,0.0827,0.4105,0.6034,54.5654,131.3477,89.1113,0.7344,,
DATA,A007,6,21,1350556,0.0028,0.2745,0.5528,50.1709,132.2632,75.8667,0.6172,,
DATA,A007,6,22,1350566,-0.0858,0.0726,0.5309,49.3164,95.9473,71.3501,0.5426,,
DATA,A007,6,23,1350576,0.0377,0.3531,0.5245,71.2891,70.6787,83.0078,0.6334,,
DATA,A007,6,24,1350586,0.0739,0.2972,0.5568,71.2280,73.4253,96.2524,0.6354,,
DATA,A007,6,25,1350596,0.1222,0.2330,0.5687,72.6929,80.8105,104.6753,0.6266,,
DATA,A007,6,26,1350606,0.2370,0.2315,0.6007,90.0269,107.4219,115.1733,0.6860,,
DATA,A007,6,27,1350616,0.2675,0.2921,0.5953,103.0273,142.8833,122.7417,0.7150,,
DATA,A007,6,28,1350626,0.2555,0.3814,0.6027,112.2437,175.4761,127.5635,0.7576,,
DATA,A007,6,29,1350636,0.1449,0.4949,0.6424,117.6758,218.0786,132.6904,0.8238,,
DATA,A007,6,30,1350646,0.0001,0.5362,0.6415,117.2485,239.7461,135.9253,0.8361,,
DATA,A007,6,31,1350656,-0.2757,0.5543,0.5848,118.2251,247.9248,143.0054,0.8516,,
DATA,A007,6,32,1350666,-0.4166,0.5601,0.5419,121.5820,234.7412,149.5361,0.8837,,
DATA,A007,6,33,1350676,-0.5179,0.5655,0.4947,134.6436,193.1152,161.1328,0.9126,,
DATA,A007,6,34,1350686,-0.4759,0.5799,0.4720,145.0195,161.7432,162.1704,0.8863,,
DATA,A007,6,35,1350696,-0.3378,0.6194,0.4855,160.1562,129.8218,167.9077,0.8564,,
DATA,A007,6,36,1350706,-0.2506,0.6861,0.5069,169.4336,128.8452,170.0439,0.8891,,
DATA,A007,6,37,1350716,-0.1869,0.8243,0.5524,178.3447,151.4282,169.5557,1.0097,,
DATA,A007,6,38,1350726,-0.2704,0.9337,0.5851,178.1006,168.5791,167.8467,1.1345,,
DATA,A007,6,39,1350736,-0.5292,1.0775,0.5980,169.0063,190.4297,166.6260,1.3411,,
DATA,A007,6,40,1350746,-0.5995,1.1011,0.6002,160.7666,184.1431,164.4287,1.3900,,
DATA,A007,6,41,1350756,-0.5931,1.0941,0.5851,156.4941,170.6543,157.5317,1.3752,,
DATA,A007,6,42,1350766,-0.5028,1.0889,0.5526,159.1187,169.5557,150.3296,1.3206,,
DATA,A007,6,43,1350776,-0.3292,1.0892,0.5016,163.1470,183.4106,146.4233,1.2435,,
DATA,A007,6,44,1350786,-0.2494,1.1043,0.4545,165.3442,206.2378,143.3105,1.2199,,
DATA,A007,6,45,1350796,-0.2577,1.1697,0.4210,166.3208,239.0747,134.9487,1.2696,,
DATA,A007,6,46,1350806,-0.4081,1.2505,0.4022,162.2314,245.5444,131.4697,1.3756,,
DATA,A007,6,47,1350816,-0.6466,1.3140,0.4027,148.4985,223.2666,131.1035,1.5189,,
DATA,A007,6,48,1350826,-0.7010,1.2899,0.4078,141.2354,191.2231,127.3193,1.5236,,
DATA,A007,6,49,1350836,-0.6275,1.2315,0.4076,139.2212,146.6064,118.1641,1.4410,,
DATA,A007,6,50,1350846,-0.5077,1.2139,0.4029,138.6719,129.8828,112.7319,1.3761,,
DATA,A007,6,51,1350856,-0.3304,1.2259,0.3790,133.3618,138.1226,104.2480,1.3250,,
DATA,A007,6,52,1350866,-0.2574,1.2386,0.3636,126.2817,156.8604,97.6562,1.3163,,
DATA,A007,6,53,1350876,-0.2340,1.2418,0.3221,111.3281,193.0542,88.5010,1.3040,,
DATA,A007,6,54,1350886,-0.2565,1.2354,0.3231,98.8159,218.0176,82.5195,1.3025,,
DATA,A007,6,55,1350896,-0.3998,1.2112,0.2889,73.1812,242.9810,75.1953,1.3078,,
DATA,A007,6,56,1350906,-0.5460,1.1624,0.2604,60.7300,248.1079,69.1528,1.3104,,
DATA,A007,6,57,1350916,-0.5797,1.1202,0.2162,48.7671,239.1357,53.3447,1.2797,,
DATA,A007,6,58,1350926,-0.4794,1.1102,0.1944,41.1987,241.1499,44.2505,1.2248,,
DATA,A007,6,59,1350936,-0.4230,1.0948,0.1903,26.8555,265.5029,33.5693,1.1890,,
DATA,A007,6,60,1350946,-0.4720,1.0777,0.1825,16.7847,284.7290,23.6816,1.1906,,
DATA,A007,6,61,1350956,-0.5809,1.0591,0.1700,8.2397,293.5181,13.4888,1.2199,,
DATA,A007,6,62,1350966,-0.7320,0.9952,0.1590,-2.9297,276.0620,2.6245,1.2456,,
DATA,A007,6,63,1350976,-0.7801,0.9485,0.1566,-5.9204,245.0562,-1.5259,1.2381,,
DATA,A007,6,64,1350986,-0.7496,0.9239,0.1615,-3.6011,187.0117,-8.3008,1.2007,,
DATA,A007,6,65,1350996,-0.6866,0.9151,0.1625,-6.0425,152.1606,-11.8408,1.1555,,
DATA,A007,6,66,1351006,-0.5702,0.8943,0.1730,-6.5918,114.1357,-14.4043,1.0746,,
DATA,A007,6,67,1351016,-0.4974,0.8973,0.1815,-4.5166,96.7407,-14.7705,1.0419,,
DATA,A007,6,68,1351026,-0.3978,0.9105,0.1927,-5.0049,81.4819,-15.5029,1.0121,,
DATA,A007,6,69,1351036,-0.3719,0.9095,0.1957,-6.7749,77.4536,-14.5874,1.0019,,
DATA,A007,6,70,1351046,-0.3800,0.9100,0.2123,-8.7280,70.6787,-12.1460,1.0087,,
DATA,A007,6,71,1351056,-0.4015,0.8997,0.2113,-10.8643,62.1338,-9.5215,1.0076,,
DATA,A007,6,72,1351066,-0.4171,0.8731,0.2101,-5.8594,45.0439,-8.6060,0.9902,,
DATA,A007,6,73,1351076,-0.4130,0.8650,0.2067,-0.0610,32.3486,-7.6904,0.9806,,
DATA,A007,6,74,1351086,-0.4039,0.8641,0.2057,8.9722,12.6953,-6.2256,0.9757,,
DATA,A007,6,75,1351096,-0.3985,0.8658,0.2115,14.4043,-0.9766,-4.5776,0.9763,,
DATA,A007,6,76,1351106,-0.3817,0.8819,0.2230,21.3013,-20.6299,-2.4414,0.9865,,
DATA,A007,6,77,1351116,-0.3702,0.8975,0.2286,24.3530,-32.4707,-0.9766,0.9974,,
DATA,A007,6,78,1351126,-0.3390,0.9178,0.2338,26.7334,-48.5840,0.9766,1.0059,,
DATA,A007,6,79,1351136,-0.3312,0.9280,0.2338,27.0386,-56.8848,0.5493,1.0127,,
DATA,A007,6,80,1351146,-0.3187,0.9490,0.2323,26.3062,-68.3594,-0.1831,1.0277,,
DATA,A007,6,81,1351156,-0.3046,0.9578,0.2252,24.8413,-75.0732,-1.2817,1.0300,,
DATA,A007,6,82,1351166,-0.2982,0.9754,0.2118,18.7378,-82.7637,-2.6245,1.0417,,
DATA,A007,6,83,1351176,-0.2850,0.9952,0.2020,12.7563,-86.7310,-4.5166,1.0547,,
DATA,A007,6,84,1351186,-0.2565,1.0069,0.1898,1.5259,-86.9141,-8.5449,1.0562,,
DATA,A007,6,85,1351196,-0.2596,1.0128,0.1715,-7.0190,-83.3740,-10.1929,1.0595,,
DATA,A007,6,86,1351206,-0.2713,1.0059,0.1293,-15.1367,-79.6509,-14.1602,1.0499,,
DATA,A007,6,87,1351216,-0.2919,1.0042,0.1063,-17.5781,-78.9795,-16.4795,1.0512,,
DATA,A007,6,88,1351226,-0.2953,1.0318,0.0926,-9.3384,-80.5664,-26.9165,1.0772,,
DATA,A007,6,89,1351236,-0.2804,1.0689,0.0653,-9.0942,-85.2051,-30.7007,1.1070,,
DATA,A007,6,90,1351246,-0.2296,1.0967,0.0438,-18.2495,-89.2944,-33.1421,1.1214,,
DATA,A007,6,91,1351256,-0.2010,1.0882,0.0292,-22.2168,-88.2568,-35.7666,1.1070,,
DATA,A007,6,92,1351266,-0.1456,1.0721,0.0297,-24.7803,-80.8716,-37.9639,1.0823,,
DATA,A007,6,93,1351276,-0.1183,1.0638,0.0331,-25.2075,-71.0449,-39.3066,1.0708,,
DATA,A007,6,94,1351286,-0.0812,1.0486,0.0526,-25.5737,-52.9785,-40.4663,1.0531,,
DATA,A007,6,95,1351296,-0.0614,1.0323,0.0673,-26.7944,-36.0718,-42.1753,1.0363,,
DATA,A007,6,96,1351306,-0.0782,1.0198,0.0878,-28.5645,-19.6533,-42.6636,1.0266,,
DATA,A007,6,97,1351316,-0.0707,0.9805,0.1295,-28.8086,4.0283,-44.6167,0.9916,,
DATA,A007,6,98,1351326,-0.0948,0.9559,0.1505,-29.5410,15.9912,-44.9219,0.9723,,
DATA,A007,6,99,1351336,-0.1263,0.9263,0.1744,-28.4424,24.7192,-45.0439,0.9510,,
DATA,A007,6,100,1351346,-0.1202,0.9202,0.1930,-26.7334,27.1606,-44.9219,0.9479,,
DATA,A007,6,101,1351356,-0.1371,0.9117,0.1947,-24.6582,27.0386,-40.9546,0.9423,,
DATA,A007,6,102,1351366,-0.0904,0.9019,0.2132,-24.3530,26.3062,-39.5508,0.9312,,
DATA,A007,6,103,1351376,-0.0870,0.9063,0.2206,-24.1699,30.6396,-37.1094,0.9368,,
DATA,A007,6,104,1351386,-0.0817,0.8909,0.2191,-23.4985,32.5928,-32.2876,0.9211,,
DATA,A007,6,105,1351396,-0.0404,0.8934,0.2264,-18.3716,36.9873,-22.8271,0.9225,,
DATA,A007,6,106,1351406,-0.0655,0.9039,0.2242,-15.5640,43.2129,-17.5171,0.9336,,
DATA,A007,6,107,1351416,-0.0726,0.9166,0.2255,-12.9395,53.6499,-8.7891,0.9467,,
DATA,A007,6,108,1351426,-0.0658,0.9127,0.2154,-11.9019,63.1714,-3.1738,0.9400,,
DATA,A007,6,109,1351436,-0.0973,0.9068,0.2013,-9.3994,81.6040,1.8921,0.9339,,
DATA,A007,6,110,1351446,-0.1229,0.9002,0.2013,-7.3853,91.9800,5.5542,0.9306,,
DATA,A007,6,111,1351456,-0.1329,0.9000,0.1952,-4.3945,106.7505,10.8032,0.9304,,
DATA,A007,6,112,1351466,-0.1315,0.9034,0.1971,-2.4414,116.8213,13.7939,0.9339,,
DATA,A007,6,113,1351476,-0.1481,0.9219,0.1966,-0.5493,132.0801,17.6392,0.9542,,
DATA,A007,6,114,1351486,-0.1688,0.9346,0.1962,-0.3052,141.5405,19.8975,0.9698,,
DATA,A007,6,115,1351496,-0.1996,0.9454,0.1898,-0.4272,152.7100,22.1558,0.9847,,
DATA,A007,6,116,1351506,-0.2247,0.9463,0.1871,-1.0376,158.7524,22.9492,0.9905,,
DATA,A007,6,117,1351516,-0.2738,0.9451,0.1818,-1.7700,164.6729,22.7051,1.0006,,
DATA,A007,6,118,1351526,-0.3114,0.9434,0.1744,-2.3193,165.5273,21.8506,1.0087,,
DATA,A007,6,119,1351536,-0.3617,0.9434,0.1700,-2.0752,161.4380,19.2871,1.0246,,
DATA,A007,6,120,1351546,-0.4003,0.9468,0.1649,-1.9531,153.5034,18.1885,1.0411,,
DATA,A007,6,121,1351556,-0.4559,0.9683,0.1652,-1.6479,132.8125,16.7236,1.0830,,
DATA,A007,6,122,1351566,-0.4857,0.9739,0.1583,-0.8545,114.9902,15.6860,1.0998,,
DATA,A007,6,123,1351576,-0.4881,0.9805,0.1693,-1.0986,86.5479,12.8174,1.1083,,
DATA,A007,6,124,1351586,-0.4733,0.9749,0.1649,-3.3569,70.0073,12.6343,1.0962,,
DATA,A007,6,125,1351596,-0.4432,0.9529,0.1654,-4.2725,49.7437,9.2163,1.0639,,
DATA,A007,6,126,1351606,-0.4230,0.9385,0.1610,-3.7842,39.1846,7.3242,1.0420,,
DATA,A007,6,127,1351616,-0.3817,0.9239,0.1769,-2.1973,26.7334,5.9814,1.0152,,
DATA,A007,6,128,1351626,-0.3524,0.9234,0.1703,-1.4648,22.2778,4.6387,1.0029,,
DATA,A007,6,129,1351636,-0.3175,0.9175,0.1842,-1.7700,20.2637,2.7466,0.9882,,
DATA,A007,6,130,1351646,-0.2860,0.9136,0.1998,0.7935,26.4893,-0.3052,0.9780,,
DATA,A007,6,131,1351656,-0.3192,0.8919,0.1857,-0.6714,31.6772,0.0000,0.9653,,
DATA,A007,6,132,1351666,-0.3016,0.9014,0.2128,3.1128,37.9028,-1.0376,0.9741,,
DATA,A007,6,133,1351676,-0.3165,0.8956,0.2113,2.6855,43.7622,-2.2583,0.9731,,
DATA,A007,6,134,1351686,-0.3065,0.9051,0.2330,3.1738,51.0864,-0.9155,0.9836,,
DATA,A007,6,135,1351696,-0.3058,0.8983,0.2228,0.8545,57.6172,-2.0752,0.9747,,
DATA,A007,6,136,1351706,-0.3634,0.8939,0.2308,-0.9155,64.8804,-2.8687,0.9921,,
DATA,A007,6,137,1351716,-0.3983,0.8926,0.2284,-1.2817,63.5986,-2.2583,1.0038,,
DATA,A007,6,138,1351726,-0.4225,0.9034,0.2298,-1.2817,55.6641,-3.4180,1.0234,,
DATA,A007,6,139,1351736,-0.4291,0.9056,0.2264,-0.0610,46.8750,-5.0659,1.0273,,
DATA,A007,6,140,1351746,-0.4134,0.9197,0.2218,2.3193,32.1045,-4.8218,1.0325,,
DATA,A007,6,141,1351756,-0.3939,0.9234,0.2125,3.2349,23.0103,-4.7607,1.0262,,
DATA,A007,6,142,1351766,-0.3653,0.9207,0.2013,3.7231,11.2915,-4.6387,1.0108,,
DATA,A007,6,143,1351776,-0.3495,0.9210,0.1935,4.3945,5.1270,-4.8218,1.0039,,
DATA,A007,6,144,1351786,-0.3258,0.9266,0.1837,5.1270,-1.5869,-5.4321,0.9992,,
DATA,A007,6,145,1351796,-0.3114,0.9249,0.1793,5.8594,-4.6997,-5.9204,0.9922,,
DATA,A007,6,146,1351806,-0.2958,0.9317,0.1759,6.1646,-7.3242,-7.0801,0.9932,,
DATA,A007,6,147,1351816,-0.2860,0.9371,0.1722,6.1646,-8.4229,-7.9956,0.9948,,
DATA,A007,6,148,1351826,-0.2826,0.9503,0.1798,5.6152,-9.1553,-8.9111,1.0076,,
DATA,A007,6,149,1351836,-0.2711,0.9610,0.1827,4.6387,-9.0942,-9.0942,1.0151,,
DATA,A007,6,150,1351846,-0.2567,0.9632,0.1901,2.9907,-7.6294,-9.3994,1.0148,,
DATA,A007,6,151,1351856,-0.2435,0.9651,0.1966,1.4038,-5.6152,-9.3994,1.0146,,
DATA,A007,6,152,1351866,-0.2386,0.9583,0.2015,-0.4883,-1.6479,-9.1553,1.0079,,
DATA,A007,6,153,1351876,-0.2374,0.9525,0.2018,-0.9766,1.5869,-8.8501,1.0021,,
DATA,A007,6,154,1351886,-0.2342,0.9437,0.1993,-1.4648,6.5918,-8.9111,0.9925,,
DATA,A007,6,155,1351896,-0.2355,0.9366,0.1993,-1.3428,9.7656,-8.6060,0.9861,,
DATA,A007,6,156,1351906,-0.2450,0.9322,0.1903,-1.0376,13.8550,-7.9346,0.9824,,
DATA,A007,6,157,1351916,-0.2508,0.9302,0.1908,-0.4883,15.9912,-7.5684,0.9822,,
DATA,A007,6,158,1351926,-0.2635,0.9280,0.1876,0.0610,18.1885,-7.1411,0.9828,,
DATA,A007,6,159,1351936,-0.2701,0.9275,0.1818,0.6714,18.5547,-7.1411,0.9830,,
DATA,A007,6,160,1351946,-0.2775,0.9258,0.1800,1.8921,18.3716,-6.7749,0.9831,,
DATA,A007,6,161,1351956,-0.2838,0.9312,0.1815,2.5024,17.8223,-6.8970,0.9903,,
DATA,A007,6,162,1351966,-0.2853,0.9307,0.1796,3.3569,15.9302,-7.5684,0.9899,,
DATA,A007,6,163,1351976,-0.2853,0.9332,0.1818,4.0894,14.4653,-7.8735,0.9926,,
DATA,A007,6,164,1351986,-0.2855,0.9346,0.1864,4.3945,12.6953,-8.4839,0.9949,,
DATA,A007,6,165,1351996,-0.2855,0.9354,0.1908,4.5776,9.3994,-8.4839,0.9964,,
DATA,A007,6,166,1352006,-0.2848,0.9356,0.1898,5.0049,7.4463,-8.4229,0.9962,,
DATA,A007,6,167,1352016,-0.2796,0.9358,0.1974,4.7607,4.8828,-8.7891,0.9965,,
DATA,A007,6,168,1352026,-0.2689,0.9395,0.1998,5.1880,3.5400,-8.7280,0.9975,,
DATA,A007,6,169,1352036,-0.2652,0.9476,0.2064,5.5542,2.3193,-8.5449,1.0054,,
DATA,A007,6,170,1352046,-0.2621,0.9485,0.2084,5.4932,1.8921,-8.6060,1.0059,,
DATA,A007,6,171,1352056,-0.2582,0.9539,0.2108,5.2490,1.5869,-8.2397,1.0105,,
DATA,A007,6,172,1352066,-0.2528,0.9583,0.2108,4.6997,1.5259,-7.7515,1.0133,,
DATA,A007,6,173,1352076,-0.2484,0.9503,0.2035,3.8452,2.1973,-6.9580,1.0030,,
DATA,A007,6,174,1352086,-0.2452,0.9483,0.2052,3.6011,2.9297,-6.4087,1.0008,,
DATA,A007,6,175,1352096,-0.2460,0.9361,0.2027,3.0518,4.2725,-6.5308,0.9889,,
DATA,A007,6,176,1352106,-0.2440,0.9312,0.1993,3.1738,5.2490,-6.4087,0.9831,,
DATA,A007,6,177,1352116,-0.2474,0.9351,0.2015,3.7231,6.7139,-6.7749,0.9881,,
DATA,A007,6,178,1352126,-0.2484,0.9383,0.2027,3.2959,7.3853,-7.2021,0.9916,,
DATA,A007,6,179,1352136,-0.2496,0.9427,0.1988,2.7466,8.6060,-7.5073,0.9952,,
DATA,A007,6,180,1352146,-0.2555,0.9456,0.1952,1.8921,9.3994,-7.5684,0.9988,,
DATA,A007,6,181,1352156,-0.2513,0.9473,0.1898,1.4038,10.3760,-7.5684,0.9983,,
DATA,A007,6,182,1352166,-0.2513,0.9459,0.1913,0.6104,10.9253,-7.9956,0.9972,,
DATA,A007,6,183,1352176,-0.2501,0.9446,0.2010,0.4883,12.0850,-7.9956,0.9977,,
DATA,A007,6,184,1352186,-0.2484,0.9505,0.2035,0.7324,12.9395,-7.9956,1.0033,,
DATA,A007,6,185,1352196,-0.2460,0.9454,0.2069,0.2441,13.9160,-8.3618,0.9985,,
DATA,A007,6,186,1352206,-0.2428,0.9442,0.2096,0.0610,14.5874,-8.4839,0.9971,,
DATA,A007,6,187,1352216,-0.2413,0.9402,0.2076,-0.4883,15.8081,-8.7280,0.9927,,
DATA,A007,6,188,1352226,-0.2440,0.9417,0.2067,-0.3052,17.2119,-8.9111,0.9945,,
DATA,A007,6,189,1352236,-0.2425,0.9422,0.2027,0.1831,18.6157,-9.1553,0.9938,,
DATA,A007,6,190,1352246,-0.2467,0.9368,0.2020,0.3662,19.2261,-9.2773,0.9896,,
DATA,A007,6,191,1352256,-0.2508,0.9395,0.2020,0.9766,19.8975,-9.3384,0.9932,,
DATA,A007,6,192,1352266,-0.2565,0.9378,0.2020,1.1597,19.7754,-9.3994,0.9930,,
DATA,A007,6,193,1352276,-0.2582,0.9380,0.2006,1.4648,19.7754,-9.2773,0.9934,,
DATA,A007,6,194,1352286,-0.2652,0.9437,0.2023,1.3428,19.1040,-9.2773,1.0009,,
DATA,A007,6,195,1352296,-0.2643,0.9446,0.2042,0.9766,17.8833,-9.0942,1.0019,,
DATA,A007,6,196,1352306,-0.2557,0.9393,0.2013,0.7324,17.2119,-9.0332,0.9940,,
DATA,A007,6,197,1352316,-0.2528,0.9378,0.2037,0.9766,17.0288,-8.9111,0.9924,,
DATA,A007,6,198,1352326,-0.2545,0.9417,0.2042,1.2207,16.9678,-8.9722,0.9966,,
DATA,A007,6,199,1352336,-0.2604,0.9427,0.2052,1.4038,16.6016,-9.0332,0.9993,,
DATA,A007,6,200,1352346,-0.2562,0.9454,0.2049,1.5869,15.9912,-8.9111,1.0007,,
DATA,A007,6,201,1352356,-0.2645,0.9507,0.2062,1.5259,15.3198,-8.7891,1.0082,,
DATA,A007,6,202,1352366,-0.2613,0.9500,0.2093,1.0986,14.5264,-8.4229,1.0073,,
DATA,A007,6,203,1352376,-0.2633,0.9515,0.2106,0.9155,13.7939,-8.0566,1.0094,,
DATA,A007,6,204,1352386,-0.2594,0.9493,0.2103,0.7935,12.6953,-7.3853,1.0063,,
DATA,A007,6,205,1352396,-0.2569,0.9515,0.2098,0.8545,12.5732,-7.1411,1.0076,,
DATA,A007,6,206,1352406,-0.2555,0.9410,0.2106,0.7324,12.2070,-6.8359,0.9975,,
DATA,A007,6,207,1352416,-0.2582,0.9412,0.2132,1.7700,12.3291,-6.5308,0.9990,,
DATA,A007,6,208,1352426,-0.2596,0.9351,0.2132,1.0986,11.7188,-6.1035,0.9936,,
DATA,A007,6,209,1352436,-0.2518,0.9300,0.2103,1.7700,11.7798,-6.7139,0.9862,,
DATA,A007,6,210,1352446,-0.2508,0.9449,0.2176,4.2114,11.7188,-5.7373,1.0015,,
DATA,A007,6,211,1352456,-0.2496,0.9344,0.2164,2.4414,11.6577,-6.0425,0.9911,,
DATA,A007,6,212,1352466,-0.2430,0.9266,0.2074,6.2256,12.8784,-7.3853,0.9801,,
DATA,A007,6,213,1352476,-0.2538,0.9376,0.2118,7.3853,13.3667,-6.5918,0.9941,,
DATA,A007,6,214,1352486,-0.2582,0.9442,0.2128,4.6997,13.3057,-6.5918,1.0017,,
DATA,A007,6,215,1352496,-0.2518,0.9380,0.2076,3.4180,13.1836,-7.3242,0.9932,,
DATA,A007,6,216,1352506,-0.2511,0.9385,0.2067,4.5776,13.9160,-6.8970,0.9933,,
DATA,A007,6,217,1352516,-0.2496,0.9380,0.2042,4.2114,14.5874,-6.5918,0.9919,,
DATA,A007,6,218,1352526,-0.2533,0.9481,0.2040,2.1973,15.7471,-6.5918,1.0023,,
DATA,A007,6,219,1352536,-0.2496,0.9420,0.2067,2.4414,16.3574,-7.3242,0.9961,,
DATA,A007,6,220,1352546,-0.2501,0.9427,0.2057,3.6011,17.9443,-7.3853,0.9968,,
DATA,A007,6,221,1352556,-0.2479,0.9429,0.2079,2.9297,18.6768,-7.3242,0.9969,,
DATA,A007,6,222,1352566,-0.2447,0.9400,0.2111,3.1128,20.0195,-7.4463,0.9940,,
DATA,A007,6,223,1352576,-0.2425,0.9349,0.2101,2.9907,20.6909,-7.6294,0.9884,,
DATA,A007,6,224,1352586,-0.2516,0.9417,0.2132,3.6011,21.8506,-7.4463,0.9978,,
DATA,A007,6,225,1352596,-0.2572,0.9332,0.2159,2.3804,22.2778,-7.8735,0.9917,,
DATA,A007,6,226,1352606,-0.2582,0.9319,0.2132,4.5166,22.7661,-8.1177,0.9903,,
DATA,A007,6,227,1352616,-0.2591,0.9312,0.2176,3.8452,22.7661,-7.2021,0.9908,,
DATA,A007,6,228,1352626,-0.2657,0.9241,0.2194,3.9673,22.7661,-7.8735,0.9863,,
DATA,A007,6,229,1352636,-0.2772,0.9168,0.2128,4.6997,21.6064,-7.8125,0.9811,,
DATA,A007,6,230,1352646,-0.2877,0.9322,0.2198,9.2773,19.5312,-8.7891,1.0000,,
DATA,A007,6,231,1352656,-0.2887,0.9305,0.2164,7.8125,18.0054,-7.5684,0.9980,,
DATA,A007,6,232,1352666,-0.2899,0.9322,0.2218,6.4087,16.7847,-8.3008,1.0011,,
DATA,A007,6,233,1352676,-0.2980,0.9300,0.2218,6.7749,15.2588,-8.4839,1.0014,,
DATA,A007,6,234,1352686,-0.2987,0.9278,0.2206,6.4087,13.6108,-8.5449,0.9993,,
DATA,A007,6,235,1352696,-0.2975,0.9268,0.2218,7.0801,11.4746,-8.6060,0.9983,,
DATA,A007,6,236,1352706,-0.2970,0.9224,0.2203,7.6294,9.8877,-9.2163,0.9938,,
DATA,A007,6,237,1352716,-0.2933,0.9295,0.2257,8.1787,7.5073,-9.3994,1.0005,,
DATA,A007,6,238,1352726,-0.2945,0.9293,0.2259,7.5073,6.1035,-9.2773,1.0007,,
DATA,A007,6,239,1352736,-0.2960,0.9351,0.2225,7.5684,3.6621,-9.5825,1.0058,,
DATA,A007,6,240,1352746,-0.3019,0.9368,0.2196,7.5073,1.4648,-9.5825,1.0085,,
DATA,A007,6,241,1352756,-0.2967,0.9312,0.2247,7.2021,-1.7090,-9.8267,1.0028,,
DATA,A007,6,242,1352766,-0.2958,0.9302,0.2259,7.4463,-3.5400,-9.8267,1.0019,,
DATA,A007,6,243,1352776,-0.2909,0.9227,0.2267,7.5684,-6.1035,-10.3149,0.9936,,
DATA,A007,6,244,1352786,-0.2858,0.9197,0.2274,8.4229,-7.6294,-10.8032,0.9896,,
DATA,A007,6,245,1352796,-0.2865,0.9251,0.2235,9.1553,-9.5215,-11.5356,0.9939,,
DATA,A007,6,246,1352806,-0.2748,0.9266,0.2162,9.5215,-10.5591,-11.9629,0.9903,,
DATA,A007,6,247,1352816,-0.2589,0.9278,0.2069,10.0708,-10.4980,-12.6343,0.9852,,
DATA,A007,6,248,1352826,-0.2565,0.9354,0.2023,10.1318,-9.8877,-13.0615,0.9907,,
DATA,A007,6,249,1352836,-0.2518,0.9410,0.2027,9.8877,-8.8501,-13.5498,0.9950,,
DATA,A007,6,250,1352846,-0.2477,0.9449,0.2020,9.5215,-8.1177,-13.6108,0.9975,,
DATA,A007,6,251,1352856,-0.2455,0.9446,0.2037,9.0942,-6.6528,-13.3667,0.9970,,
DATA,A007,6,252,1352866,-0.2379,0.9456,0.2025,8.5449,-5.2490,-13.2446,0.9959,,
DATA,A007,6,253,1352876,-0.2338,0.9449,0.2030,8.5449,-2.8687,-12.8174,0.9943,,
DATA,A007,6,254,1352886,-0.2333,0.9434,0.2042,8.6060,-1.4648,-12.6953,0.9931,,
DATA,A007,6,255,1352896,-0.2333,0.9444,0.2025,9.0332,0.7324,-12.5122,0.9936,,
DATA,A007,6,256,1352906,-0.2311,0.9344,0.2042,8.7891,1.8311,-12.3901,0.9840,,
DATA,A007,6,257,1352916,-0.2269,0.9388,0.2042,9.4604,3.8452,-12.1460,0.9872,,
DATA,A007,6,258,1352926,-0.2255,0.9422,0.2049,9.8877,5.3101,-12.0239,0.9902,,
DATA,A007,6,259,1352936,-0.2298,0.9456,0.2035,10.0098,7.3242,-11.8408,0.9942,,
DATA,A007,6,260,1352946,-0.2357,0.9466,0.2006,9.8877,8.4229,-11.7188,0.9959,,
DATA,A007,6,261,1352956,-0.2389,0.9434,0.2013,9.8877,9.3384,-11.2305,0.9938,,
DATA,A007,6,262,1352966,-0.2457,0.9412,0.2030,10.0098,9.7046,-10.9253,0.9937,,
DATA,A007,6,263,1352976,-0.2457,0.9427,0.2023,10.3760,9.6436,-10.5591,0.9950,,
DATA,A007,6,264,1352986,-0.2474,0.9422,0.1991,10.7422,9.4604,-10.4370,0.9943,,
DATA,A007,6,265,1352996,-0.2489,0.9454,0.2040,10.9863,9.3384,-10.0098,0.9986,,
DATA,A007,6,266,1353006,-0.2482,0.9437,0.2064,11.1084,9.3994,-9.8267,0.9973,,
DATA,A007,6,267,1353016,-0.2496,0.9459,0.2081,11.2305,9.2773,-9.6436,1.0001,,
DATA,A007,6,268,1353026,-0.2516,0.9468,0.2035,11.2915,9.0332,-9.3994,1.0006,,
DATA,A007,6,269,1353036,-0.2528,0.9493,0.2037,11.1694,8.4839,-9.3384,1.0033,,
DATA,A007,6,270,1353046,-0.2533,0.9449,0.2052,10.8032,7.8125,-9.1553,0.9995,,
DATA,A007,6,271,1353056,-0.2499,0.9427,0.2045,10.6201,7.3853,-9.0942,0.9964,,
DATA,A007,6,272,1353066,-0.2472,0.9432,0.2035,10.3149,7.1411,-9.0942,0.9960,,
DATA,A007,6,273,1353076,-0.2501,0.9439,0.1998,10.4980,7.3853,-9.0332,0.9967,,
DATA,A007,6,274,1353086,-0.2482,0.9481,0.2006,10.3149,7.9346,-9.0332,1.0003,,
DATA,A007,6,275,1353096,-0.2477,0.9510,0.1993,10.3149,8.2397,-8.9722,1.0027,,
DATA,A007,6,276,1353106,-0.2499,0.9503,0.2023,9.8877,8.9111,-9.0332,1.0032,,
DATA,A007,6,277,1353116,-0.2486,0.9476,0.2027,9.7046,9.2773,-8.9111,1.0004,,
DATA,A007,6,278,1353126,-0.2472,0.9483,0.2076,9.0942,9.7656,-8.9111,1.0017,,
DATA,A007,6,279,1353136,-0.2486,0.9500,0.2096,8.7280,10.0708,-8.9722,1.0041,,
DATA,A007,6,280,1353146,-0.2511,0.9454,0.2150,7.8125,10.1318,-8.8501,1.0015,,
DATA,A007,6,281,1353156,-0.2533,0.9444,0.2176,7.2632,9.4604,-8.9111,1.0017,,
DATA,A007,6,282,1353166,-0.2442,0.9476,0.2101,6.7749,7.6294,-8.7280,1.0008,,
DATA,A007,6,283,1353176,-0.2418,0.9432,0.2111,6.8970,7.3242,-8.6670,0.9963,,
DATA,A007,6,284,1353186,-0.2406,0.9490,0.2071,6.5918,7.7515,-8.4839,1.0007,,
DATA,A007,6,285,1353196,-0.2394,0.9546,0.2045,6.8359,7.9346,-8.3008,1.0052,,
DATA,A007,6,286,1353206,-0.2389,0.9564,0.1952,5.9814,7.9956,-8.0566,1.0049,,
DATA,A007,6,287,1353216,-0.2352,0.9517,0.1925,5.1880,8.6060,-7.8735,0.9991,,
DATA,A007,6,288,1353226,-0.2318,0.9503,0.1930,4.2114,10.0098,-7.6904,0.9970,,
DATA,A007,6,289,1353236,-0.2328,0.9493,0.1920,3.7231,11.1084,-7.5073,0.9961,,
DATA,A007,6,290,1353246,-0.2313,0.9522,0.1925,3.2349,12.7563,-7.4463,0.9986,,
DATA,A007,6,291,1353256,-0.2352,0.9515,0.1903,2.8687,14.0991,-7.3242,0.9984,,
DATA,A007,6,292,1353266,-0.2355,0.9478,0.1861,2.2583,15.8691,-7.1411,0.9942,,
DATA,A007,6,293,1353276,-0.2372,0.9503,0.1879,2.2583,16.7847,-7.0190,0.9973,,
DATA,A007,6,294,1353286,-0.2377,0.9395,0.1923,2.4414,17.5781,-6.8970,0.9880,,
DATA,A007,6,295,1353296,-0.2359,0.9444,0.1986,2.6855,17.5171,-6.8359,0.9935,,
DATA,A007,6,296,1353306,-0.2359,0.9410,0.2032,3.1128,17.9443,-6.8970,0.9912,,
DATA,A007,6,297,1353316,-0.2350,0.9420,0.2042,3.1128,18.4326,-6.8970,0.9921,,
DATA,A007,6,298,1353326,-0.2340,0.9427,0.2042,3.0518,20.1416,-6.7749,0.9925,,
DATA,A007,6,299,1353336,-0.2301,0.9451,0.2023,2.8687,21.5454,-6.6528,0.9935,,
DATA,A007,6,300,1353346,-0.2399,0.9449,0.2018,2.7466,23.0103,-6.6528,0.9955,,
DATA,A007,6,301,1353356,-0.2504,0.9410,0.2008,2.9297,24.2310,-6.5918,0.9942,,
DATA,A007,6,302,1353366,-0.2577,0.9410,0.2037,2.8687,24.6582,-6.6528,0.9967,,
DATA,A007,6,303,1353376,-0.2589,0.9483,0.2074,3.3569,24.2920,-6.8359,1.0046,,
DATA,A007,6,304,1353386,-0.2633,0.9510,0.2071,3.1738,23.9258,-6.8359,1.0083,,
DATA,A007,6,305,1353396,-0.2665,0.9507,0.2045,2.6245,23.2544,-6.8970,1.0083,,
DATA,A007,6,306,1353406,-0.2672,0.9512,0.2049,1.8311,22.3999,-6.8970,1.0091,,
DATA,A007,6,307,1353416,-0.2704,0.9439,0.2040,1.2817,21.2402,-6.8970,1.0028,,
DATA,A007,6,308,1353426,-0.2670,0.9439,0.2040,0.9766,20.3247,-6.8970,1.0019,,
DATA,A007,6,309,1353436,-0.2638,0.9461,0.2030,0.8545,19.1040,-6.8970,1.0029,,
DATA,A007,6,310,1353446,-0.2611,0.9463,0.2064,0.6104,18.2495,-6.7749,1.0032,,
DATA,A007,6,311,1353456,-0.2628,0.9493,0.2059,0.4272,16.9678,-6.5918,1.0063,,
DATA,A007,6,312,1353466,-0.2577,0.9481,0.2037,0.3662,16.1743,-6.4697,1.0034,,
DATA,A007,6,313,1353476,-0.2482,0.9427,0.1991,0.4883,15.3198,-6.5308,0.9949,,
DATA,A007,6,314,1353486,-0.2452,0.9337,0.1930,0.7324,15.3198,-6.6528,0.9844,,
DATA,A007,6,315,1353496,-0.2359,0.9192,0.1871,2.1362,16.1743,-7.3242,0.9673,,
DATA,A007,6,316,1353506,-0.2303,0.9163,0.1876,3.6011,17.2119,-7.8735,0.9633,,
DATA,A007,6,317,1353516,-0.2281,0.9241,0.1876,5.6152,19.3481,-8.2397,0.9702,,
DATA,A007,6,318,1353526,-0.2255,0.9346,0.1932,6.3477,21.0571,-8.5449,0.9807,,
DATA,A007,6,319,1353536,-0.2272,0.9312,0.1998,6.3477,23.8647,-8.3008,0.9791,,
DATA,A007,6,320,1353546,-0.2289,0.9244,0.2003,6.7139,25.6958,-7.9956,0.9731,,
DATA,A007,6,321,1353556,-0.2347,0.9219,0.2015,7.4463,28.8086,-7.9956,0.9725,,
DATA,A007,6,322,1353566,-0.2379,0.9219,0.2042,8.7891,30.7007,-8.1177,0.9738,,
DATA,A007,6,323,1353576,-0.2477,0.9346,0.2047,9.8267,33.0811,-8.3618,0.9883,,
DATA,A007,6,324,1353586,-0.2577,0.9371,0.1998,9.8267,34.3018,-8.4839,0.9922,,
DATA,A007,6,325,1353596,-0.2652,0.9405,0.1981,9.0942,35.5835,-8.7280,0.9971,,
DATA,A007,6,326,1353606,-0.2738,0.9429,0.1959,8.4229,36.6821,-8.8501,1.0012,,
DATA,A007,6,327,1353616,-0.2801,0.9471,0.1986,7.5684,37.3535,-9.1553,1.0074,,
DATA,A007,6,328,1353626,-0.2809,0.9466,0.1993,6.9580,37.7808,-9.3994,1.0073,,
DATA,A007,6,329,1353636,-0.2933,0.9551,0.2035,5.9814,37.0483,-9.5215,1.0197,,
DATA,A007,6,330,1353646,-0.2999,0.9561,0.2096,5.1880,35.6445,-9.5215,1.0237,,
DATA,A007,6,331,1353656,-0.3097,0.9512,0.2128,4.7607,32.3486,-9.3384,1.0227,,
DATA,A007,6,332,1353666,-0.3153,0.9420,0.2157,4.3945,29.5410,-9.0942,1.0165,,
DATA,A007,6,333,1353676,-0.3194,0.9380,0.2140,4.6997,26.0620,-8.9111,1.0138,,
DATA,A007,6,334,1353686,-0.3236,0.9285,0.2103,6.0425,20.2637,-8.6060,1.0055,,
DATA,A007,6,335,1353696,-0.3253,0.9251,0.2128,7.0801,16.0522,-8.4839,1.0035,,
DATA,A007,6,336,1353706,-0.3248,0.9219,0.2128,8.7891,9.6436,-8.4839,1.0004,,
DATA,A007,6,337,1353716,-0.3273,0.9190,0.2103,9.7656,5.1880,-8.6670,0.9979,,
DATA,A007,6,338,1353726,-0.3238,0.9207,0.2069,11.2305,-0.9766,-8.8501,0.9977,,
DATA,A007,6,339,1353736,-0.3185,0.9261,0.2032,12.0850,-4.2114,-8.9722,1.0002,,
DATA,A007,6,340,1353746,-0.3065,0.9324,0.1949,12.7563,-9.0332,-9.1553,1.0007,,
DATA,A007,6,341,1353756,-0.3006,0.9337,0.1891,12.6953,-11.2915,-9.3994,0.9989,,
DATA,A007,6,342,1353766,-0.2880,0.9363,0.1861,12.9395,-13.9160,-9.7046,0.9971,,
DATA,A007,6,343,1353776,-0.2821,0.9446,0.1830,12.8784,-15.1978,-10.0708,1.0027,,
DATA,A007,6,344,1353786,-0.2687,0.9493,0.1815,12.2070,-16.0522,-10.1929,1.0031,,
DATA,A007,6,345,1353796,-0.2606,0.9537,0.1835,11.7188,-16.1133,-10.3760,1.0055,,
DATA,A007,6,346,1353806,-0.2528,0.9503,0.1837,10.8032,-15.8691,-10.3760,1.0003,,
DATA,A007,6,347,1353816,-0.2474,0.9507,0.1844,10.3149,-15.1367,-10.6201,0.9996,,
DATA,A007,6,348,1353826,-0.2401,0.9517,0.1813,10.3149,-13.2446,-10.8643,0.9981,,
DATA,A007,6,349,1353836,-0.2345,0.9534,0.1808,10.3760,-11.7798,-11.1084,0.9983,,
DATA,A007,6,350,1353846,-0.2318,0.9576,0.1788,9.5825,-8.6670,-11.0474,1.0013,,
DATA,A007,6,351,1353856,-0.2267,0.9544,0.1747,8.6670,-6.4087,-10.9253,0.9964,,
DATA,A007,6,352,1353866,-0.2198,0.9546,0.1759,7.6294,-3.1128,-10.6812,0.9953,,
DATA,A007,6,353,1353876,-0.2242,0.9495,0.1835,7.4463,-1.0986,-10.3760,0.9927,,
DATA,A007,6,354,1353886,-0.2284,0.9434,0.1920,7.5073,1.0986,-10.1929,0.9895,,
DATA,A007,6,355,1353896,-0.2274,0.9456,0.1918,7.6294,2.3804,-10.0098,0.9913,,
DATA,A007,6,356,1353906,-0.2342,0.9463,0.1901,7.7515,4.0894,-9.6436,0.9933,,
DATA,A007,6,357,1353916,-0.2374,0.9422,0.1935,7.8125,5.0049,-9.3994,0.9907,,
DATA,A007,6,358,1353926,-0.2775,0.9363,0.1888,8.4229,3.6621,-9.0942,0.9947,,
DATA,A007,6,359,1353936,-0.3229,0.9300,0.1981,9.2773,-0.8545,-9.2163,1.0042,,
DATA,A007,6,360,1353946,-0.4239,0.9371,0.2323,11.2305,-15.3809,-9.7046,1.0544,,
DATA,A007,6,361,1353956,-0.5067,0.9622,0.2616,11.7188,-28.2593,-10.6201,1.1185,,
DATA,A007,6,362,1353966,-0.6310,1.0106,0.3043,9.8267,-58.5938,-14.4653,1.2296,,
DATA,A007,6,363,1353976,-0.6969,1.0337,0.3368,6.2866,-86.2427,-17.2119,1.2914,,
DATA,A007,6,364,1353986,-0.8014,1.0159,0.4007,0.8545,-135.5591,-24.2310,1.3546,,
DATA,A007,6,365,1353996,-0.8590,0.9957,0.4286,2.0752,-171.8140,-33.3862,1.3831,,
DATA,A007,6,366,1354006,-0.8927,1.0423,0.5043,12.5122,-213.4399,-54.0161,1.4620,,
DATA,A007,6,367,1354016,-0.8863,1.0999,0.5294,17.2119,-232.4219,-71.3501,1.5085,,
DATA,A007,6,368,1354026,-0.8788,1.1495,0.5223,6.6528,-250.6714,-82.7637,1.5383,,
DATA,A007,6,369,1354036,-0.7762,1.1343,0.5170,-21.1792,-273.9258,-98.2666,1.4685,,
DATA,A007,6,370,1354046,-0.6952,1.1204,0.5182,-35.7666,-282.2266,-106.6895,1.4167,,
DATA,A007,6,371,1354056,-0.6122,1.1111,0.4962,-51.3916,-283.9355,-120.6665,1.3622,,
DATA,A007,6,372,1354066,-0.6219,1.1275,0.4513,-60.2417,-277.2217,-131.9580,1.3644,,
DATA,A007,6,373,1354076,-0.7225,1.1400,0.3588,-73.7305,-269.5923,-145.5078,1.3965,,
DATA,A007,6,374,1354086,-0.8202,1.1321,0.2718,-77.5146,-269.8975,-153.8696,1.4242,,
DATA,A007,6,375,1354096,-0.9125,1.1507,0.1947,-70.0684,-291.5039,-165.2832,1.4814,,
DATA,A007,6,376,1354106,-0.8954,1.1898,0.1918,-61.4014,-319.5190,-170.0439,1.5013,,
DATA,A007,6,377,1354116,-0.7067,1.2745,0.2298,-55.4810,-364.6240,-170.5322,1.4753,,
DATA,A007,6,378,1354126,-0.5065,1.2977,0.2621,-61.5234,-386.7798,-169.5557,1.4174,,
DATA,A007,6,379,1354136,-0.2086,1.2679,0.2860,-80.3223,-391.3574,-167.7856,1.3164,,
DATA,A007,6,380,1354146,-0.0731,1.2042,0.3099,-94.0552,-376.1597,-164.6729,1.2456,,
DATA,A007,6,381,1354156,0.0180,1.0843,0.3253,-110.4736,-334.8999,-161.8042,1.1322,,
DATA,A007,6,382,1354166,0.0079,1.0042,0.3470,-117.3096,-304.8706,-160.5835,1.0625,,
DATA,A007,6,383,1354176,-0.0912,0.9251,0.3819,-122.0093,-261.0474,-156.3721,1.0050,,
DATA,A007,6,384,1354186,-0.1444,0.8895,0.3871,-122.9858,-236.7554,-152.7100,0.9807,,
DATA,A007,6,385,1354196,-0.1571,0.8399,0.3959,-123.4741,-206.7871,-145.8740,0.9417,,
DATA,A007,6,386,1354206,-0.1434,0.8004,0.4081,-123.4131,-187.9883,-140.3198,0.9098,,
DATA,A007,6,387,1354216,-0.1359,0.7591,0.4525,-121.1548,-161.0718,-133.0566,0.8941,,
DATA,A007,6,388,1354226,-0.1354,0.7430,0.4672,-119.1406,-144.5923,-129.5166,0.8880,,
DATA,A007,6,389,1354236,-0.1341,0.7325,0.4872,-114.6851,-127.4414,-123.5962,0.8899,,
DATA,A007,6,390,1354246,-0.1300,0.7210,0.4857,-112.4878,-119.9951,-119.0796,0.8790,,
DATA,A007,6,391,1354256,-0.1131,0.6663,0.4960,-110.0464,-112.5488,-112.8540,0.8383,,
DATA,A007,6,392,1354266,-0.0787,0.6229,0.5192,-107.5439,-107.2998,-109.0088,0.8147,,
DATA,A007,6,393,1354276,-0.0482,0.5674,0.5311,-102.2949,-96.3745,-103.0884,0.7787,,
DATA,A007,6,394,1354286,-0.0482,0.5391,0.5428,-98.0835,-87.7686,-99.5483,0.7666,,
DATA,A007,6,395,1354296,-0.0660,0.5069,0.5841,-91.4307,-75.0122,-95.5811,0.7762,,
DATA,A007,6,396,1354306,-0.0729,0.4964,0.5831,-87.0361,-66.6504,-92.4072,0.7693,,
DATA,A007,6,397,1354316,-0.0694,0.4683,0.6146,-79.1626,-57.1899,-86.3647,0.7758,,
DATA,A007,6,398,1354326,-0.0734,0.4688,0.6315,-73.6084,-50.3540,-82.3975,0.7899,,
DATA,A007,6,399,1354336,-0.0707,0.4754,0.6205,-67.3828,-42.9077,-77.0264,0.7848,,
DATA,A007,6,400,1354346,-0.0702,0.4603,0.6251,-63.5986,-39.7339,-73.0591,0.7794,,
DATA,A007,6,401,1354356,0.4457,0.5330,-0.0392,-27.5269,-1.5259,-54.3823,0.6959,,
DATA,A007,6,402,1354366,0.2570,0.7679,0.7223,-62.7441,56.0913,23.8647,1.0851,,
DATA,A007,6,403,1354376,-0.2335,0.5218,0.5836,-113.8916,63.7817,-51.6968,0.8169,,
DATA,A007,6,404,1354386,-0.2059,0.3304,0.6388,-102.7832,61.7065,-73.2422,0.7481,,
DATA,A007,6,405,1354396,-0.2655,0.3629,0.6673,-65.3076,26.7944,-39.0625,0.8047,,
DATA,A007,6,406,1354406,-0.2547,0.3282,0.7628,-35.3394,-10.0098,-21.2402,0.8686,,
DATA,A007,6,407,1354416,-0.4886,0.1212,0.8424,-42.3584,-45.2881,-66.8945,0.9814,,
DATA,A007,6,408,1354426,-0.2650,0.2410,0.8229,-12.7563,-101.5625,-96.8628,0.8975,,
DATA,A007,6,409,1354436,-0.1493,0.3113,0.8500,4.6997,-116.8823,-71.4722,0.9174,,
DATA,A007,6,410,1354446,0.0289,0.2203,0.8417,37.4756,-119.3848,-89.1724,0.8705,,
DATA,A007,6,411,1354456,0.3283,0.8084,0.9567,45.8984,-90.5762,-71.8994,1.2948,,
DATA,A007,6,412,1354466,0.2675,0.7798,0.8280,-31.1279,-31.1279,-37.5977,1.1684,,
DATA,A007,6,413,1354476,0.0934,0.4305,0.8700,-49.0723,8.3618,-44.0674,0.9751,,
DATA,A007,6,414,1354486,-0.0550,0.1807,0.8475,-26.0620,30.9448,-48.4619,0.8683,,
DATA,A007,6,415,1354496,-0.0983,0.2239,0.8568,-6.2256,19.1040,-45.0439,0.8910,,
DATA,A007,6,416,1354506,-0.0834,0.1780,0.6944,4.6997,11.9019,-34.7900,0.7217,,
DATA,A007,6,417,1354516,-0.2821,0.2837,0.9112,99.3042,44.9219,-38.2690,0.9952,,
DATA,A007,6,418,1354526,-0.0648,0.5211,0.9984,43.0298,10.2539,-15.0757,1.1281,,
DATA,A007,6,419,1354536,-0.1871,0.3423,0.9257,0.7935,-0.4883,-8.4229,1.0045,,
DATA,A007,6,420,1354546,-0.1410,0.4556,0.9325,-0.5493,19.1650,-33.9966,1.0474,,
DATA,A007,6,421,1354556,-0.1647,0.3629,0.9296,16.5405,10.3760,-28.0151,1.0114,,
DATA,A007,6,422,1354566,-0.1205,0.4263,0.9703,28.9917,-0.6714,-31.1890,1.0667,,
DATA,A007,6,423,1354576,-0.1097,0.4915,0.9672,20.9961,1.2817,-39.3066,1.0904,,
DATA,A007,6,424,1354586,-0.1117,0.5745,0.9689,8.0566,10.4370,-40.1611,1.1319,,
DATA,A007,6,425,1354596,-0.1422,0.4471,0.9547,6.3477,11.9629,-41.1987,1.0637,,
DATA,A007,6,426,1354606,-0.1427,0.4149,0.9371,5.5542,9.8267,-39.9780,1.0347,,
DATA,A007,6,427,1354616,-0.1817,0.4273,0.9127,5.1270,6.4087,-40.4663,1.0240,,
DATA,A007,6,428,1354626,-0.1590,0.4678,0.9100,4.1504,4.6387,-42.7856,1.0355,,
DATA,A007,6,429,1354636,-0.1051,0.4166,0.9286,-2.9297,8.7280,-41.6260,1.0231,,
DATA,A007,6,430,1354646,-0.0743,0.3536,0.9503,-6.9580,21.2402,-44.9829,1.0167,,
DATA,A007,6,431,1354656,-0.0807,0.3438,0.9493,-8.9722,31.3721,-44.3726,1.0129,,
DATA,A007,6,432,1354666,-0.1041,0.2840,0.9208,-5.9204,40.4663,-41.0156,0.9692,,
DATA,A007,6,433,1354676,-0.0946,0.3296,0.9095,0.3052,40.1611,-39.4287,0.9720,,
DATA,A007,6,434,1354686,-0.0633,0.2837,0.9137,-3.1738,41.1377,-34.4238,0.9588,,
DATA,A007,6,435,1354696,-0.0570,0.2776,0.9137,-1.3428,38.5132,-32.8369,0.9566,,
DATA,A007,6,436,1354706,-0.0787,0.3084,0.9095,0.8545,33.2031,-37.1094,0.9636,,
DATA,A007,6,437,1354716,-0.1005,0.3223,0.8905,1.5259,25.9399,-42.6025,0.9523,,
DATA,A007,6,438,1354726,-0.1280,0.3209,0.8736,3.5400,17.6392,-51.1475,0.9395,,
DATA,A007,6,439,1354736,-0.1229,0.3668,0.8885,5.2490,-1.7700,-65.8569,0.9691,,
DATA,A007,6,440,1354746,-0.1312,0.3506,0.8807,2.0142,-6.5308,-68.9087,0.9570,,
DATA,A007,6,441,1354756,-0.1234,0.3111,0.9183,4.4556,-11.5967,-53.3447,0.9774,,
DATA,A007,6,442,1354766,-0.1058,0.3167,0.9401,4.2114,-15.1978,-51.6968,0.9976,,
DATA,A007,6,443,1354776,-0.1280,0.2830,0.9952,-1.7700,-8.9111,-44.4336,1.0426,,
DATA,A007,6,444,1354786,-0.1551,0.3192,0.9872,0.5493,-14.0991,-38.7573,1.0490,,
DATA,A007,6,445,1354796,-0.1832,0.3206,0.9825,-1.5869,-12.6953,-36.0718,1.0496,,
DATA,A007,6,446,1354806,-0.1957,0.3577,0.9557,-0.8545,-13.4888,-32.1045,1.0390,,
DATA,A007,6,447,1354816,-0.1952,0.3614,0.9313,-2.0752,-11.9019,-26.6113,1.0178,,
DATA,A007,6,448,1354826,-0.1637,0.3492,0.9371,-3.5400,-7.6904,-23.6816,1.0134,,
DATA,A007,6,449,1354836,-0.1700,0.3882,0.9144,-4.7607,0.4272,-20.9961,1.0079,,
DATA,A007,6,450,1354846,-0.1590,0.3946,0.9308,-8.2397,9.0942,-19.4702,1.0234,,
DATA,A007,6,451,1354856,-0.1376,0.3860,0.9596,-11.2305,19.2871,-16.6016,1.0434,,
DATA,A007,6,452,1354866,-0.1000,0.4442,0.9674,-11.4136,26.2451,-18.9819,1.0692,,
DATA,A007,6,453,1354876,-0.1761,0.3577,0.9618,-13.0615,33.8745,-15.3198,1.0412,,
DATA,A007,6,454,1354886,-0.1791,0.3546,0.9676,-12.8784,36.3159,-19.5312,1.0460,,
DATA,A007,6,455,1354896,-0.1844,0.3526,0.9540,-11.6577,39.0625,-22.9492,1.0336,,
DATA,A007,6,456,1354906,-0.1566,0.3360,0.9584,-11.1694,39.6729,-24.0479,1.0276,,
DATA,A007,6,457,1354916,-0.1666,0.3096,0.9354,-11.3525,41.5649,-25.5737,0.9993,,
DATA,A007,6,458,1354926,-0.1676,0.3235,0.9171,-9.6436,41.9312,-25.6958,0.9868,,
DATA,A007,6,459,1354936,-0.1581,0.3157,0.9213,-8.6670,44.9219,-21.1792,0.9866,,
DATA,A007,6,460,1354946,-0.1498,0.3123,0.9352,-9.1553,45.6543,-19.6533,0.9973,,
DATA,A007,6,461,1354956,-0.1793,0.1671,0.6420,-6.5308,51.2085,-21.4844,0.6871,,
DATA,A007,6,462,1354966,-0.1900,0.3475,0.8756,-5.6763,54.9316,-19.1650,0.9610,,
DATA,A007,6,463,1354976,-0.1681,0.3155,0.8964,-6.1646,59.0210,-18.7378,0.9650,,
DATA,A007,6,464,1354986,-0.2054,0.3111,0.9247,-6.7749,61.5845,-18.3716,0.9970,,
DATA,A007,6,465,1354996,-0.2377,0.3055,0.9554,-5.1270,58.9600,-18.7988,1.0309,,
DATA,A007,6,466,1355006,-0.2211,0.2999,0.9742,-2.9297,57.5562,-16.8457,1.0430,,
DATA,A007,6,467,1355016,-0.2291,0.2791,0.9838,-2.3193,57.7393,-17.0898,1.0479,,
DATA,A007,6,468,1355026,-0.2433,0.2693,0.9860,-1.3428,56.2744,-15.0146,1.0506,,
DATA,A007,6,469,1355036,-0.2606,0.2691,0.9899,0.1221,52.3071,-15.1367,1.0584,,
DATA,A007,6,470,1355046,-0.2731,0.2864,1.0026,2.6245,42.4805,-15.7471,1.0778,,
DATA,A007,6,471,1355056,-0.3041,0.2940,1.0094,2.8076,33.6304,-15.1978,1.0944,,
EVENT,A007,6,,1355063,,,,,,,,STOP,471
