row_type,session_id,record_id,sample_id,device_timestamp_ms,ax,ay,az,gx,gy,gz,acc_norm,event_type,sample_count
EVENT,A004,,,892373,,,,,,,,NEW_SESSION,
EVENT,A004,1,,916449,,,,,,,,START,
DATA,A004,1,1,916472,-0.0629,-0.0007,0.9908,0.7324,-53.2227,-1.7090,0.9928,,
DATA,A004,1,2,916482,-0.0138,0.0235,0.9952,8.9111,-50.2930,0.1831,0.9956,,
DATA,A004,1,3,916492,0.0194,-0.0187,0.9767,11.7798,-47.0581,1.0376,0.9770,,
DATA,A004,1,4,916502,0.0512,-0.0014,0.9957,14.7095,-37.4756,2.8687,0.9970,,
DATA,A004,1,5,916512,0.0661,-0.0136,0.9974,14.7095,-31.3110,5.4321,0.9997,,
DATA,A004,1,6,916522,0.0585,-0.0258,1.0192,13.8550,-22.5830,6.6528,1.0212,,
DATA,A004,1,7,916532,0.0580,-0.0314,1.0399,12.2681,-18.5547,7.8125,1.0420,,
DATA,A004,1,8,916542,0.0551,-0.0339,1.0096,12.5122,-18.1885,14.2212,1.0117,,
DATA,A004,1,9,916552,0.0448,-0.0353,1.0194,13.0615,-13.4277,13.8550,1.0210,,
DATA,A004,1,10,916562,0.0377,0.0108,1.0074,17.2729,-5.5542,13.1226,1.0082,,
DATA,A004,1,11,916572,0.0302,0.0162,0.9913,17.0898,-0.4272,12.6343,0.9919,,
DATA,A004,1,12,916582,0.0250,0.0294,0.9547,17.3340,8.6670,14.8926,0.9555,,
DATA,A004,1,13,916592,0.0272,0.0762,0.9515,17.7002,14.4653,17.7002,0.9550,,
DATA,A004,1,14,916602,0.0524,0.0784,0.9376,14.7705,22.6440,21.6064,0.9423,,
DATA,A004,1,15,916612,0.0678,0.0796,0.9357,10.6201,24.8413,24.8413,0.9415,,
DATA,A004,1,16,916622,0.0836,0.0645,0.9195,2.9907,24.8413,29.7241,0.9256,,
DATA,A004,1,17,916632,0.0438,0.1089,0.8551,-2.8687,20.9961,31.3110,0.8631,,
DATA,A004,1,18,916642,0.1662,0.0394,0.8546,0.7324,27.0386,46.3257,0.8715,,
DATA,A004,1,19,916652,0.1525,0.0433,0.8087,-3.3569,25.8789,51.3306,0.8241,,
DATA,A004,1,20,916662,0.1481,0.0784,0.6979,-0.4883,38.1470,56.2134,0.7177,,
DATA,A004,1,21,916672,0.1359,0.1729,0.7013,-3.1128,46.3257,73.7915,0.7350,,
DATA,A004,1,22,916682,0.2904,0.0591,0.2362,13.1836,79.1626,106.0791,0.3790,,
DATA,A004,1,23,916692,0.1293,-0.0058,0.3932,43.5791,81.5430,115.3564,0.4139,,
DATA,A004,1,24,916702,-0.1278,0.1915,0.4733,65.6738,40.4053,77.6367,0.5263,,
DATA,A004,1,25,916712,-0.0428,0.1683,0.4259,46.0815,21.2402,91.6138,0.4599,,
DATA,A004,1,26,916722,0.0741,0.1666,0.4313,41.8701,0.0610,111.5112,0.4682,,
DATA,A004,1,27,916732,0.1349,0.7159,0.2743,46.3867,1.2817,125.9155,0.7784,,
DATA,A004,1,28,916742,0.0993,0.3167,0.6246,19.6533,19.2261,107.9102,0.7073,,
DATA,A004,1,29,916752,0.1056,-0.0346,0.6937,24.1699,48.2788,145.2026,0.7026,,
DATA,A004,1,30,916762,0.1373,-0.0756,0.7740,47.5464,61.2183,156.6772,0.7898,,
DATA,A004,1,31,916772,0.1881,0.1827,0.8617,77.5146,99.9146,164.4287,0.9007,,
DATA,A004,1,32,916782,0.1867,0.3748,0.8724,76.1108,124.6338,170.3491,0.9677,,
DATA,A004,1,33,916792,0.1373,0.4869,0.8514,55.2368,161.9873,171.4478,0.9904,,
DATA,A004,1,34,916802,0.0702,0.4808,0.8187,42.7246,183.0444,170.7764,0.9520,,
DATA,A004,1,35,916812,-0.0602,0.4341,0.7736,29.2358,211.4258,170.5933,0.8891,,
DATA,A004,1,36,916822,-0.1261,0.3973,0.7218,21.3623,230.7129,166.3208,0.8335,,
DATA,A004,1,37,916832,-0.1402,0.3404,0.6149,10.1318,258.9111,155.4565,0.7166,,
DATA,A004,1,38,916842,-0.1463,0.3006,0.5402,5.1270,277.4658,146.7285,0.6352,,
DATA,A004,1,39,916852,-0.2875,0.2632,0.5013,1.5869,316.5894,127.1362,0.6350,,
DATA,A004,1,40,916862,-0.4044,0.2374,0.5494,1.0986,349.3042,112.5488,0.7223,,
DATA,A004,1,41,916872,-0.6798,0.2674,0.5482,-1.4648,392.0288,86.5479,0.9133,,
DATA,A004,1,42,916882,-0.8566,0.2422,0.5104,-7.8125,415.8325,62.4390,1.0261,,
DATA,A004,1,43,916892,-0.9794,0.2086,0.3868,-16.7236,437.8662,26.2451,1.0734,,
DATA,A004,1,44,916902,-0.9864,0.1407,0.2228,-22.5220,439.7583,5.4321,1.0210,,
DATA,A004,1,45,916912,-0.8641,0.0540,0.1083,-16.8457,446.3501,-21.6675,0.8726,,
DATA,A004,1,46,916922,-0.7355,0.0113,0.0323,-8.8501,456.9702,-37.7808,0.7363,,
DATA,A004,1,47,916932,-0.6122,-0.0200,0.2045,5.3101,486.0840,-66.8945,0.6457,,
DATA,A004,1,48,916942,-0.6437,0.0091,0.1954,10.3760,490.6006,-80.5054,0.6727,,
DATA,A004,1,49,916952,-0.6612,0.0489,0.1693,2.6245,457.4585,-92.4683,0.6843,,
DATA,A004,1,50,916962,-0.5528,0.0787,0.1754,-3.6621,412.4756,-97.2900,0.5853,,
DATA,A004,1,51,916972,-0.3749,0.0889,0.0423,-17.9443,336.0596,-99.6704,0.3876,,
DATA,A004,1,52,916982,-0.3002,0.0301,0.0138,-27.2217,271.5454,-95.7642,0.3020,,
DATA,A004,1,53,916992,-0.3050,-0.0566,0.0458,-32.3486,165.3442,-76.5991,0.3136,,
DATA,A004,1,54,917002,-0.3629,-0.0663,0.1302,-30.9448,96.2524,-64.8193,0.3912,,
DATA,A004,1,55,917012,-0.4994,0.0157,0.2035,-33.2031,3.3569,-48.3398,0.5395,,
DATA,A004,1,56,917022,-0.5433,0.0818,0.1713,-40.1001,-47.6685,-43.3350,0.5755,,
DATA,A004,1,57,917032,-0.5170,0.0916,0.2211,-51.1475,-87.4023,-41.5649,0.5697,,
DATA,A004,1,58,917042,-0.4266,0.0257,0.2936,-69.3970,-120.0562,-37.2314,0.5185,,
DATA,A004,1,59,917052,-0.5184,-0.0632,0.2460,-77.2705,-122.1924,-33.1421,0.5773,,
DATA,A004,1,60,917062,-0.5140,-0.1882,0.2757,-68.7866,-89.8438,-36.3159,0.6129,,
DATA,A004,1,61,917072,-0.4835,-0.2473,0.2997,-54.6265,-61.5845,-33.7524,0.6203,,
DATA,A004,1,62,917082,-0.5753,-0.2656,0.4147,-26.5503,3.0518,-24.5972,0.7573,,
DATA,A004,1,63,917092,-0.7836,-0.2204,0.5319,-7.3853,45.0439,-18.2495,0.9723,,
DATA,A004,1,64,917102,-1.1713,-0.0776,0.6048,13.6108,80.9326,-11.6577,1.3205,,
DATA,A004,1,65,917112,-1.3653,0.0369,0.6134,19.8364,77.6367,-11.4746,1.4973,,
DATA,A004,1,66,917122,-1.4833,0.1590,0.6034,14.8315,47.3022,-9.6436,1.6092,,
DATA,A004,1,67,917132,-1.4789,0.1714,0.5655,3.4180,17.5781,-9.7656,1.5926,,
DATA,A004,1,68,917142,-1.4950,0.1060,0.5206,-10.4980,-17.3950,-12.7563,1.5866,,
DATA,A004,1,69,917152,-1.5546,0.0364,0.5646,-15.1978,-27.4048,-17.0898,1.6543,,
DATA,A004,1,70,917162,-1.7850,0.0018,0.6258,-18.2495,-59.3872,-15.6860,1.8916,,
DATA,A004,1,71,917172,-1.9198,-0.0009,0.6051,-23.0713,-87.6465,-17.3950,2.0129,,
DATA,A004,1,72,917182,-1.9569,-0.0327,0.7049,-29.0527,-129.0283,-20.3247,2.0803,,
DATA,A004,1,73,917192,-1.8819,-0.0637,0.7989,-37.3535,-165.9546,-16.0522,2.0455,,
DATA,A004,1,74,917202,-1.8089,-0.1010,0.9012,-55.8472,-210.6934,4.5776,2.0235,,
DATA,A004,1,75,917212,-1.5873,-0.0869,0.9786,-52.1240,-189.6973,16.6016,1.8667,,
DATA,A004,1,76,917222,-1.2784,0.2274,1.1708,-17.7612,-73.4863,25.5127,1.7484,,
DATA,A004,1,77,917232,-1.3407,0.6087,0.9991,-6.4697,20.0195,30.9448,1.7794,,
DATA,A004,1,78,917242,-1.2272,0.7679,0.3934,-26.6724,88.3179,25.3296,1.5001,,
DATA,A004,1,79,917252,-1.2543,0.3401,0.2394,-48.5229,81.6040,16.9067,1.3214,,
DATA,A004,1,80,917262,-1.0099,-0.2709,0.1207,-43.7012,60.9131,-16.2964,1.0525,,
DATA,A004,1,81,917272,-0.6908,-0.3600,0.1952,-3.7842,91.8579,-46.0815,0.8031,,
DATA,A004,1,82,917282,-0.6896,-0.0229,0.2460,56.2744,165.4053,-57.2510,0.7325,,
DATA,A004,1,83,917292,-1.1171,0.1534,0.2740,66.7114,198.1201,-72.2046,1.1604,,
DATA,A004,1,84,917302,-1.9357,0.2256,0.3065,47.1802,162.1094,-93.6279,1.9727,,
DATA,A004,1,85,917312,-2.1710,0.1866,0.3390,26.3672,109.9243,-123.4131,2.2052,,
DATA,A004,1,86,917322,-1.9708,-0.0666,0.4405,2.8076,-24.4751,-144.4702,2.0205,,
DATA,A004,1,87,917332,-2.0043,-0.1623,0.3702,-29.9072,-121.1548,-123.3521,2.0446,,
DATA,A004,1,88,917342,-1.3297,-0.2795,0.5819,-50.6592,-240.1123,-102.1729,1.4781,,
DATA,A004,1,89,917352,-0.7877,-0.2263,0.8260,-39.7339,-217.3462,-89.1724,1.1636,,
DATA,A004,1,90,917362,-0.5079,-0.2582,1.3776,-52.0630,-141.7847,-74.3408,1.4907,,
DATA,A004,1,91,917372,-0.7897,-0.5576,1.6266,-81.1768,-91.2476,-61.9507,1.8921,,
DATA,A004,1,92,917382,-1.0682,-0.7853,1.5875,-86.3647,-36.1938,-51.4526,2.0683,,
DATA,A004,1,93,917392,-1.5926,-0.8630,1.5699,-68.4204,28.9917,-42.6636,2.3971,,
DATA,A004,1,94,917402,-1.3680,-0.7055,1.3915,-59.8145,75.3784,-39.3066,2.0750,,
DATA,A004,1,95,917412,-1.2423,-0.5236,0.9752,-68.9087,170.1050,5.8594,1.6639,,
DATA,A004,1,96,917422,-1.4278,-0.5888,0.5316,-82.9468,245.3003,16.3574,1.6334,,
DATA,A004,1,97,917432,-1.6295,-0.8249,0.0062,-64.7583,256.2256,10.0098,1.8264,,
DATA,A004,1,98,917442,-1.4215,-0.8598,-0.1044,-32.2266,190.3687,23.0713,1.6646,,
DATA,A004,1,99,917452,-0.9554,-0.6220,0.0489,14.7095,124.0845,28.1372,1.1411,,
DATA,A004,1,100,917462,-0.7787,-0.5373,0.1883,32.6538,111.6943,38.9404,0.9646,,
DATA,A004,1,101,917472,-0.7579,-0.4721,0.3829,55.6030,118.6523,56.2134,0.9716,,
DATA,A004,1,102,917482,-0.7613,-0.4228,0.3944,69.3359,125.7935,69.8853,0.9560,,
DATA,A004,1,103,917492,-0.7333,-0.3378,0.3473,89.7217,146.6675,90.2100,0.8789,,
DATA,A004,1,104,917502,-0.6752,-0.2238,0.3177,104.7974,172.6074,115.4175,0.7790,,
DATA,A004,1,105,917512,-0.7792,-0.1010,0.2523,118.2861,200.5615,144.8364,0.8252,,
DATA,A004,1,106,917522,-0.8556,0.0120,0.1754,123.4131,209.2285,160.8887,0.8735,,
DATA,A004,1,107,917532,-0.8707,0.1766,-0.0304,121.0327,201.9043,180.4810,0.8890,,
DATA,A004,1,108,917542,-1.0016,0.2664,-0.0524,115.4785,174.4385,189.2700,1.0377,,
DATA,A004,1,109,917552,-0.9947,0.3851,0.1205,102.5391,115.6616,192.0166,1.0734,,
DATA,A004,1,110,917562,-0.8597,0.5030,0.1466,89.5386,74.8291,200.6226,1.0068,,
DATA,A004,1,111,917572,-0.7889,0.5626,0.1200,78.8574,56.3965,212.8296,0.9764,,
DATA,A004,1,112,917582,-1.1625,0.5528,0.0487,74.7070,54.9927,213.5010,1.2881,,
DATA,A004,1,113,917592,-2.0399,0.2615,-0.0184,66.6504,23.7427,202.3926,2.0567,,
DATA,A004,1,114,917602,-2.3219,0.5242,-0.0929,86.9751,-40.5884,196.7163,2.3821,,
DATA,A004,1,115,917612,-2.4769,1.0223,-0.0487,94.9097,-165.4053,184.8755,2.6800,,
DATA,A004,1,116,917622,-2.5460,1.2112,0.1576,88.1958,-231.3843,168.5791,2.8238,,
DATA,A004,1,117,917632,-2.5172,1.3025,0.5223,64.6973,-294.5557,120.4224,2.8820,,
DATA,A004,1,118,917642,-2.4325,1.3733,0.6896,46.5698,-304.5654,102.7832,2.8772,,
DATA,A004,1,119,917652,-2.5433,1.4925,0.5673,17.6392,-298.5229,92.4683,3.0030,,
DATA,A004,1,120,917662,-2.0665,1.6194,0.5983,31.9214,-214.7827,57.4951,2.6928,,
DATA,A004,1,121,917672,-1.4440,1.8184,0.2982,34.0576,-18.7378,-31.0059,2.3411,,
DATA,A004,1,122,917682,-1.5948,1.7508,0.2386,4.8218,40.7715,-51.6968,2.3803,,
DATA,A004,1,123,917692,-1.7923,1.2620,0.3519,-45.5322,112.5488,-83.9844,2.2201,,
DATA,A004,1,124,917702,-1.9996,0.9031,0.5045,-61.9507,96.0693,-101.0132,2.2514,,
DATA,A004,1,125,917712,-2.0343,0.4703,0.4989,-77.5146,17.0288,-118.7134,2.1467,,
DATA,A004,1,126,917722,-1.8373,0.2535,0.5089,-79.8950,-52.6123,-135.0708,1.9232,,
DATA,A004,1,127,917732,-1.5380,0.1942,0.4244,-76.2939,-120.0562,-142.6392,1.6072,,
DATA,A004,1,128,917742,-0.9122,0.3013,0.3317,-59.1431,-149.0479,-150.6348,1.0163,,
DATA,A004,1,129,917752,-0.6366,0.4288,0.3202,-51.5747,-161.1938,-143.2495,0.8316,,
DATA,A004,1,130,917762,-0.4437,0.5079,0.3431,-63.3545,-151.3062,-128.5400,0.7567,,
DATA,A004,1,131,917772,-0.5218,0.4437,0.2416,-80.9326,-143.1274,-121.8262,0.7263,,
DATA,A004,1,132,917782,-0.4928,0.1934,0.1691,-94.2383,-128.4180,-122.3145,0.5557,,
DATA,A004,1,133,917792,-0.4134,0.0479,0.2106,-91.4307,-118.1030,-121.3379,0.4664,,
DATA,A004,1,134,917802,-0.2731,-0.0790,0.2523,-84.8389,-82.7026,-116.2109,0.3801,,
DATA,A004,1,135,917812,-0.2152,-0.1381,0.2572,-78.7354,-53.5889,-111.0840,0.3627,,
DATA,A004,1,136,917822,-0.2325,-0.1704,0.2328,-69.2749,-28.3203,-95.6421,0.3705,,
DATA,A004,1,137,917832,-0.2814,-0.1594,0.1874,-63.3545,-19.5923,-91.4917,0.3737,,
DATA,A004,1,138,917842,-0.3453,-0.1481,0.2128,-56.3354,-16.1743,-91.5527,0.4318,,
DATA,A004,1,139,917852,-0.3307,-0.1362,0.2750,-52.3071,-20.6909,-91.4307,0.4511,,
DATA,A004,1,140,917862,-0.2860,-0.1074,0.3068,-52.9785,-38.0859,-85.6934,0.4329,,
DATA,A004,1,141,917872,-0.2523,-0.0983,0.3168,-54.7485,-48.9502,-83.6182,0.4167,,
DATA,A004,1,142,917882,-0.2040,-0.0681,0.3326,-57.0679,-57.3730,-85.1440,0.3961,,
DATA,A004,1,143,917892,-0.1664,-0.0422,0.3185,-58.7158,-60.6689,-85.0830,0.3618,,
DATA,A004,1,144,917902,-0.1166,-0.0117,0.3185,-63.9038,-66.1621,-83.9844,0.3393,,
DATA,A004,1,145,917912,-0.1066,0.0040,0.3055,-70.0684,-71.6553,-84.8999,0.3236,,
DATA,A004,1,146,917922,-0.1429,0.0130,0.3121,-80.4443,-89.5996,-87.5854,0.3435,,
DATA,A004,1,147,917932,-0.1041,0.0320,0.2772,-86.3037,-104.5532,-88.8672,0.2978,,
DATA,A004,1,148,917942,0.0739,0.0350,0.1859,-95.9473,-123.1689,-88.1958,0.2031,,
DATA,A004,1,149,917952,0.1544,-0.0063,0.1402,-104.7974,-127.6855,-88.0737,0.2087,,
DATA,A004,1,150,917962,0.2304,-0.0598,0.1715,-107.6660,-109.8022,-90.1489,0.2933,,
DATA,A004,1,151,917972,0.2767,-0.0600,0.1283,-104.0039,-84.5947,-89.3555,0.3109,,
DATA,A004,1,152,917982,0.2355,-0.0610,0.0746,-100.7080,-54.5044,-85.6323,0.2544,,
DATA,A004,1,153,917992,0.1766,-0.0541,0.0980,-97.2290,-35.4614,-85.8765,0.2091,,
DATA,A004,1,154,918002,0.0646,-0.0934,0.1156,-94.7876,-20.6909,-83.8623,0.1621,,
DATA,A004,1,155,918012,-0.0128,-0.1435,0.1207,-92.5293,-27.4658,-81.8481,0.1880,,
DATA,A004,1,156,918022,-0.1048,-0.1845,0.0851,-82.9468,-50.5981,-81.2378,0.2286,,
DATA,A004,1,157,918032,-0.1385,-0.1718,0.0248,-73.4253,-66.8945,-82.8247,0.2221,,
DATA,A004,1,158,918042,-0.1236,-0.2067,-0.0419,-59.6924,-90.2100,-84.2896,0.2445,,
DATA,A004,1,159,918052,-0.0995,-0.3168,-0.0016,-53.2837,-99.4263,-81.2378,0.3321,,
DATA,A004,1,160,918062,-0.0902,-0.5095,0.1041,-46.7529,-102.8442,-74.2188,0.5278,,
DATA,A004,1,161,918072,-0.1385,-0.7329,0.3280,-22.1558,-95.7031,-54.0161,0.8148,,
DATA,A004,1,162,918082,-0.1893,-0.6472,0.5631,21.6064,-82.2144,-16.8457,0.8785,,
DATA,A004,1,163,918092,-0.1991,-0.4238,0.6984,46.8140,-60.4248,6.8359,0.8408,,
DATA,A004,1,164,918102,-0.2211,-0.1904,0.7091,54.8096,-27.9541,26.0010,0.7668,,
DATA,A004,1,165,918112,-0.2269,-0.0515,0.5538,38.3301,20.0195,45.7153,0.6007,,
DATA,A004,1,166,918122,-0.2091,-0.1013,0.4012,26.9165,41.1377,57.1289,0.4636,,
DATA,A004,1,167,918132,-0.1415,-0.2106,0.2989,31.3721,63.5986,75.6226,0.3921,,
DATA,A004,1,168,918142,-0.1398,-0.2121,0.2574,42.6636,78.4302,87.5244,0.3617,,
DATA,A004,1,169,918152,-0.2379,-0.1245,0.2274,53.7720,111.0840,100.7690,0.3519,,
DATA,A004,1,170,918162,-0.3397,-0.0812,0.2108,57.9224,135.8032,102.1118,0.4080,,
DATA,A004,1,171,918172,-0.5167,-0.0063,0.2408,63.5376,149.4751,105.4077,0.5701,,
DATA,A004,1,172,918182,-0.6410,0.0567,0.2855,63.7817,134.7046,107.6660,0.7040,,
DATA,A004,1,173,918192,-0.6778,0.1187,0.3268,56.0303,98.2666,99.6704,0.7618,,
DATA,A004,1,174,918202,-0.5690,0.0980,0.2985,45.1050,68.9697,90.7593,0.6499,,
DATA,A004,1,175,918212,-0.3573,-0.0114,0.1720,31.6772,31.1890,82.4585,0.3967,,
DATA,A004,1,176,918222,-0.2438,-0.0712,0.0741,31.2500,21.2402,77.0874,0.2645,,
DATA,A004,1,177,918232,-0.1249,-0.1030,0.0043,41.1987,31.4331,66.7725,0.1619,,
DATA,A004,1,178,918242,-0.0758,-0.0768,-0.0084,50.1099,50.0488,61.0962,0.1083,,
DATA,A004,1,179,918252,-0.0631,0.0137,0.0170,58.1055,79.4678,56.6406,0.0668,,
DATA,A004,1,180,918262,-0.0753,0.0806,0.0402,59.8145,93.1396,55.8472,0.1174,,
DATA,A004,1,181,918272,-0.1354,0.1580,0.0511,57.8613,104.0039,56.1523,0.2143,,
DATA,A004,1,182,918282,-0.1490,0.1924,0.0428,57.1289,108.3374,55.6030,0.2471,,
DATA,A004,1,183,918292,-0.1703,0.2291,-0.0297,53.7720,100.5249,57.6172,0.2870,,
DATA,A004,1,184,918302,-0.1927,0.2491,0.0006,49.9878,90.2100,57.8003,0.3149,,
DATA,A004,1,185,918312,-0.2445,0.2776,0.0453,43.1519,77.6978,56.1523,0.3727,,
DATA,A004,1,186,918322,-0.2665,0.2820,0.0587,38.6353,70.3125,55.9082,0.3924,,
DATA,A004,1,187,918332,-0.2994,0.2784,0.0912,33.9966,64.7583,56.5796,0.4189,,
DATA,A004,1,188,918342,-0.3456,0.2691,0.1134,32.7148,66.1011,57.1289,0.4524,,
DATA,A004,1,189,918352,-0.4068,0.2520,0.1649,31.3721,69.0308,55.7861,0.5062,,
DATA,A004,1,190,918362,-0.4317,0.2220,0.1913,29.7241,71.9604,54.9316,0.5218,,
DATA,A004,1,191,918372,-0.5226,0.1424,0.2518,26.7944,76.7822,53.2837,0.5973,,
DATA,A004,1,192,918382,-0.6144,0.0628,0.3114,25.4517,82.3975,50.3540,0.6916,,
DATA,A004,1,193,918392,-0.8458,-0.0974,0.4386,26.0010,91.4307,48.0347,0.9577,,
DATA,A004,1,194,918402,-1.0780,-0.2062,0.5931,29.1138,93.8721,44.7388,1.2476,,
DATA,A004,1,195,918412,-1.3524,-0.2470,0.7963,37.2314,90.0269,37.9639,1.5887,,
DATA,A004,1,196,918422,-1.7010,-0.1247,1.0538,48.0347,70.3125,22.0947,2.0049,,
DATA,A004,1,197,918432,-1.8385,-0.0007,1.0770,42.7856,42.6636,9.4604,2.1307,,
DATA,A004,1,198,918442,-1.8092,0.1158,0.9747,20.0806,-9.7656,-11.7798,2.0583,,
DATA,A004,1,199,918452,-1.6163,0.1224,0.8597,2.8076,-42.3584,-25.6958,1.8348,,
DATA,A004,1,200,918462,-1.3421,0.0740,0.7718,-11.4746,-52.1240,-38.5742,1.5500,,
DATA,A004,1,201,918472,-1.2052,0.0674,0.7723,-10.1929,-27.2217,-44.9219,1.4330,,
DATA,A004,1,202,918482,-1.1566,0.1226,0.8153,0.8545,30.0293,-52.4292,1.4204,,
DATA,A004,1,203,918492,-1.2613,0.1917,0.8763,7.3242,71.2891,-56.3965,1.5478,,
DATA,A004,1,204,918502,-1.4977,0.2974,0.9327,6.3477,119.2017,-66.6504,1.7893,,
DATA,A004,1,205,918512,-1.5802,0.3072,0.9388,-4.7607,123.3521,-73.9746,1.8635,,
DATA,A004,1,206,918522,-1.5616,0.1338,1.1217,-20.1416,88.9282,-79.2847,1.9274,,
DATA,A004,1,207,918532,-1.6063,-0.0146,1.3065,-16.5405,53.8940,-83.6792,2.0706,,
DATA,A004,1,208,918542,-1.7460,0.0115,1.5433,29.4800,-3.7231,-81.9702,2.3303,,
DATA,A004,1,209,918552,-1.7071,0.2615,1.6368,70.3125,-27.2217,-71.8384,2.3795,,
DATA,A004,1,210,918562,-1.3011,0.6727,1.3829,83.5571,-6.3477,-62.9272,2.0144,,
DATA,A004,1,211,918572,-0.9764,0.6190,1.0882,59.5703,33.3862,-87.1582,1.5877,,
DATA,A004,1,212,918582,-0.6998,0.1065,0.6507,-15.8081,85.6934,-150.8789,0.9615,,
DATA,A004,1,213,918592,-0.2064,-0.3991,0.4164,-89.5996,174.7437,-243.1641,0.6126,,
DATA,A004,1,214,918602,-0.9706,-1.1584,0.0511,-127.7466,449.1577,-248.3521,1.5121,,
DATA,A004,1,215,918612,-2.2259,-1.5317,-0.4252,-47.7295,382.4463,-169.4336,2.7353,,
DATA,A004,1,216,918622,-2.7643,-1.1769,-0.0880,132.5073,176.2695,-164.6729,3.0057,,
DATA,A004,1,217,918632,-2.4767,-0.4345,0.1656,179.3213,52.6123,-149.1699,2.5199,,
DATA,A004,1,218,918642,-1.9386,0.2813,0.3092,121.5820,-78.2471,-104.6753,1.9831,,
DATA,A004,1,219,918652,-1.7338,0.3421,0.3246,65.9790,-108.1543,-108.0933,1.7967,,
DATA,A004,1,220,918662,-1.3631,0.1971,0.3812,24.3530,-136.3525,-124.6338,1.4291,,
DATA,A004,1,221,918672,-1.0218,0.0333,0.3829,11.5967,-137.9395,-126.9531,1.0917,,
DATA,A004,1,222,918682,-0.5394,-0.2717,0.3138,-7.1411,-83.0688,-101.8677,0.6806,,
DATA,A004,1,223,918692,-0.2909,-0.4907,0.3180,-9.2163,-47.8516,-72.3877,0.6531,,
DATA,A004,1,224,918702,-0.3280,-0.6901,0.5751,15.0146,21.9727,-39.1846,0.9563,,
DATA,A004,1,225,918712,-0.7609,-0.7158,0.8712,37.2314,34.4238,-45.2881,1.3602,,
DATA,A004,1,226,918722,-1.4798,-0.7331,1.1698,40.3442,35.0952,-39.9170,2.0238,,
DATA,A004,1,227,918732,-1.5885,-0.8569,1.1656,21.6064,-5.0049,-29.6021,2.1485,,
DATA,A004,1,228,918742,-1.4215,-1.1433,1.0694,-24.5361,-82.2754,-47.1191,2.1146,,
DATA,A004,1,229,918752,-0.7535,-1.2624,0.8470,-33.5693,-69.0918,-67.0166,1.6967,,
DATA,A004,1,230,918762,-0.1466,-1.2800,0.6966,-13.6108,6.1035,-35.0952,1.4646,,
DATA,A004,1,231,918772,-0.3041,-1.0519,0.6002,17.0898,166.4429,15.8691,1.2487,,
DATA,A004,1,232,918782,-0.8509,-0.8232,0.5052,23.1934,228.3936,50.4150,1.2872,,
DATA,A004,1,233,918792,-1.3160,-0.5087,0.4630,16.2964,251.4038,81.0547,1.4850,,
DATA,A004,1,234,918802,-1.3859,-0.4128,0.3380,1.5259,243.5913,95.3369,1.4850,,
DATA,A004,1,235,918812,-1.2836,-0.4472,0.1664,-12.8174,234.4360,99.7925,1.3694,,
DATA,A004,1,236,918822,-1.2235,-0.4719,0.0961,-8.4839,218.8110,114.0137,1.3148,,
DATA,A004,1,237,918832,-1.1898,-0.3635,0.0826,2.0752,187.3169,145.5688,1.2468,,
DATA,A004,1,238,918842,-1.1837,-0.2631,0.1056,9.2773,166.9922,173.4619,1.2172,,
DATA,A004,1,239,918852,-1.2052,-0.1039,0.1713,15.4419,136.3525,191.8945,1.2217,,
DATA,A004,1,240,918862,-1.1478,-0.0173,0.1825,17.0288,120.7886,198.6694,1.1624,,
DATA,A004,1,241,918872,-1.1127,0.0579,0.1742,11.3525,96.8018,209.2285,1.1277,,
DATA,A004,1,242,918882,-1.1991,0.0792,0.1219,3.4790,74.2188,207.1533,1.2079,,
DATA,A004,1,243,918892,-1.5099,0.1749,-0.0150,-12.0850,29.4800,192.0166,1.5200,,
DATA,A004,1,244,918902,-1.7464,0.2864,-0.1288,-13.6719,-0.6104,205.9326,1.7745,,
DATA,A004,1,245,918912,-2.2425,0.6295,-0.2194,32.6538,-19.0430,239.3799,2.3395,,
DATA,A004,1,246,918922,-2.5421,0.9754,-0.1085,66.7725,-17.8223,217.5293,2.7250,,
DATA,A004,1,247,918932,-2.8338,1.3968,0.1612,67.2607,-13.1836,164.3066,3.1635,,
DATA,A004,1,248,918942,-2.8519,1.5445,0.3143,40.2222,-14.8315,111.5112,3.2585,,
DATA,A004,1,249,918952,-2.5355,1.4915,0.3448,-4.5776,-29.2969,55.5420,2.9618,,
DATA,A004,1,250,918962,-2.2003,1.3594,0.2208,-20.8130,-36.2549,42.2363,2.5958,,
DATA,A004,1,251,918972,-1.6136,1.1414,0.2347,-30.0293,-33.6304,39.9170,1.9904,,
DATA,A004,1,252,918982,-1.2743,0.9771,0.2467,-39.5508,-1.3428,37.5366,1.6246,,
DATA,A004,1,253,918992,-0.9691,0.6775,0.3697,-52.0020,50.1099,11.6577,1.2389,,
DATA,A004,1,254,919002,-0.9193,0.5486,0.4596,-51.2085,82.0312,-4.8828,1.1650,,
DATA,A004,1,255,919012,-1.0045,0.4957,0.4237,-44.4336,127.0142,-15.5029,1.1976,,
DATA,A004,1,256,919022,-1.0660,0.5096,0.3358,-43.2739,143.3716,-15.2588,1.2284,,
DATA,A004,1,257,919032,-1.0841,0.5035,0.2325,-52.2461,140.0146,-5.9814,1.2177,,
DATA,A004,1,258,919042,-1.0406,0.4583,0.1473,-64.5142,124.2065,2.8687,1.1466,,
DATA,A004,1,259,919052,-0.9840,0.3318,0.0348,-81.1768,98.5107,14.3433,1.0390,,
DATA,A004,1,260,919062,-0.9027,0.2296,-0.0353,-84.7168,90.6982,17.7612,0.9321,,
DATA,A004,1,261,919072,-0.7757,0.1058,-0.1349,-74.8291,82.4585,23.8647,0.7945,,
DATA,A004,1,262,919082,-0.6883,0.0704,-0.1339,-59.3872,84.2896,28.1982,0.7048,,
DATA,A004,1,263,919092,-0.6068,0.0792,-0.1183,-43.4570,93.2007,33.2031,0.6233,,
DATA,A004,1,264,919102,-0.5426,0.1170,-0.0983,-26.0620,110.2905,40.5884,0.5637,,
DATA,A004,1,265,919112,-0.5499,0.1338,-0.0770,-21.0571,122.1924,44.3726,0.5712,,
DATA,A004,1,266,919122,-0.5755,0.1321,-0.0341,-20.0195,132.5073,47.6685,0.5915,,
DATA,A004,1,267,919132,-0.5912,0.1070,-0.0121,-21.2402,129.2114,49.4995,0.6009,,
DATA,A004,1,268,919142,-0.6161,0.0850,0.0116,-22.5830,109.5581,54.3823,0.6220,,
DATA,A004,1,269,919152,-0.6390,0.0887,0.0272,-23.3154,87.7075,58.2886,0.6457,,
DATA,A004,1,270,919162,-0.6485,0.1107,0.0470,-27.5879,50.1099,60.6079,0.6596,,
DATA,A004,1,271,919172,-0.6195,0.1226,0.0594,-31.4941,22.9492,62.3169,0.6343,,
DATA,A004,1,272,919182,-0.5419,0.1380,0.0489,-38.5742,-15.1367,66.4062,0.5613,,
DATA,A004,1,273,919192,-0.4857,0.1280,0.0467,-43.9453,-34.9121,68.2373,0.5045,,
DATA,A004,1,274,919202,-0.4305,0.0657,0.0240,-50.2319,-55.3589,69.8242,0.4362,,
DATA,A004,1,275,919212,-0.4032,0.0191,0.0084,-48.9502,-62.1948,68.1152,0.4037,,
DATA,A004,1,276,919222,-0.3775,-0.0065,0.0206,-40.7715,-69.7632,63.7207,0.3782,,
DATA,A004,1,277,919232,-0.3671,-0.0058,0.0450,-35.4614,-74.4629,61.3403,0.3698,,
DATA,A004,1,278,919242,-0.3588,0.0081,0.0826,-32.2266,-80.3223,56.2744,0.3682,,
DATA,A004,1,279,919252,-0.3456,-0.0004,0.1051,-32.1045,-83.9844,51.1475,0.3612,,
DATA,A004,1,280,919262,-0.3231,-0.0244,0.1429,-34.3018,-87.5854,43.3350,0.3541,,
DATA,A004,1,281,919272,-0.2887,-0.0410,0.1478,-38.0859,-89.4775,37.9028,0.3269,,
DATA,A004,1,282,919282,-0.2645,-0.0869,0.1503,-37.8418,-87.9517,30.9448,0.3164,,
DATA,A004,1,283,919292,-0.2572,-0.0998,0.1632,-32.2266,-86.3647,26.7334,0.3205,,
DATA,A004,1,284,919302,-0.2799,-0.0900,0.1735,-25.6958,-81.2988,20.6909,0.3414,,
DATA,A004,1,285,919312,-0.3089,-0.0644,0.1918,-23.9868,-77.5146,14.8926,0.3693,,
DATA,A004,1,286,919322,-0.3592,-0.0410,0.1586,-25.0244,-70.6787,5.9814,0.3948,,
DATA,A004,1,287,919332,-0.3993,-0.0312,0.1534,-22.3389,-69.3359,-2.7466,0.4289,,
DATA,A004,1,288,919342,-0.4105,0.0057,0.1678,-17.9443,-73.6084,-15.5029,0.4435,,
DATA,A004,1,289,919352,-0.4090,0.0306,0.1759,-17.8223,-76.5991,-22.5220,0.4463,,
DATA,A004,1,290,919362,-0.4327,0.0364,0.1769,-23.9258,-70.4346,-35.4004,0.4689,,
DATA,A004,1,291,919372,-0.4396,0.0193,0.1595,-27.3438,-63.0493,-46.2036,0.4680,,
DATA,A004,1,292,919382,-0.4598,-0.0378,0.1573,-27.9541,-56.0303,-57.0068,0.4875,,
DATA,A004,1,293,919392,-0.4942,-0.0878,0.1622,-28.9917,-50.2319,-59.9365,0.5276,,
DATA,A004,1,294,919402,-0.6251,-0.1830,0.1092,-31.6772,-34.3628,-60.1196,0.6605,,
DATA,A004,1,295,919412,-0.7472,-0.2746,0.0731,-29.0527,-17.4561,-59.0820,0.7994,,
DATA,A004,1,296,919422,-0.9264,-0.4045,0.0162,-13.3057,7.5684,-51.2695,1.0110,,
DATA,A004,1,297,919432,-1.0870,-0.4484,0.0121,5.6763,15.1367,-38.9404,1.1759,,
DATA,A004,1,298,919442,-1.3053,-0.4145,0.0553,30.6396,13.1226,-25.6958,1.3706,,
DATA,A004,1,299,919452,-1.6285,-0.1635,0.1659,74.2188,2.5635,-18.0664,1.6451,,
DATA,A004,1,300,919462,-1.7208,0.0777,0.2123,96.2524,-8.5449,-21.1182,1.7356,,
DATA,A004,1,301,919472,-1.6693,0.3987,0.2594,103.8818,-30.1514,-18.1274,1.7358,,
DATA,A004,1,302,919482,-1.5870,0.5372,0.2731,91.8579,-46.0815,-12.9395,1.6976,,
DATA,A004,1,303,919492,-1.4298,0.6065,0.2440,62.8662,-67.2607,-19.8975,1.5722,,
DATA,A004,1,304,919502,-1.3265,0.5704,0.2196,44.4336,-81.6040,-33.0200,1.4606,,
DATA,A004,1,305,919512,-1.1549,0.4434,0.1918,25.8179,-106.3843,-55.2368,1.2519,,
DATA,A004,1,306,919522,-1.0062,0.3465,0.1456,19.7754,-118.3472,-67.7490,1.0741,,
DATA,A004,1,307,919532,-0.7716,0.2066,0.0919,18.9209,-124.9390,-81.8481,0.8040,,
DATA,A004,1,308,919542,-0.6022,0.1419,0.0643,23.3154,-115.2344,-89.2334,0.6220,,
DATA,A004,1,309,919552,-0.3683,0.0779,0.0104,35.7666,-85.2661,-98.0835,0.3766,,
DATA,A004,1,310,919562,-0.2643,0.0569,-0.0436,45.4102,-57.0679,-100.7080,0.2738,,
DATA,A004,1,311,919572,-0.1976,0.0523,-0.1151,62.1338,-13.6108,-104.0649,0.2346,,
DATA,A004,1,312,919582,-0.2098,0.0731,-0.1427,73.1201,14.1602,-108.5205,0.2641,,
DATA,A004,1,313,919592,-0.2577,0.1426,-0.1586,82.3975,38.1470,-118.7134,0.3345,,
DATA,A004,1,314,919602,-0.3080,0.1890,-0.1727,81.4819,37.9028,-124.5117,0.4005,,
DATA,A004,1,315,919612,-0.3129,0.2352,-0.1871,73.8525,29.7241,-132.5073,0.4338,,
DATA,A004,1,316,919622,-0.2670,0.2527,-0.1891,64.5752,18.8599,-137.2681,0.4134,,
DATA,A004,1,317,919632,-0.1417,0.2244,-0.1737,49.4995,2.6855,-140.6250,0.3172,,
DATA,A004,1,318,919642,-0.0394,0.1771,-0.1454,40.7715,-1.4038,-137.7563,0.2325,,
DATA,A004,1,319,919652,0.0680,0.0772,-0.0963,33.9966,7.2021,-129.2114,0.1409,,
DATA,A004,1,320,919662,0.0975,0.0079,-0.0702,36.1938,20.5688,-122.6807,0.1204,,
DATA,A004,1,321,919672,0.0651,-0.0458,-0.0170,50.5371,41.7480,-113.3423,0.0814,,
DATA,A004,1,322,919682,0.0282,-0.0275,0.0045,62.8662,56.6406,-108.8867,0.0397,,
DATA,A004,1,323,919692,-0.0397,0.0296,0.0436,69.3970,72.2046,-100.5859,0.0659,,
DATA,A004,1,324,919702,-0.0909,0.0599,0.0426,69.6411,75.4395,-95.5200,0.1169,,
DATA,A004,1,325,919712,-0.1752,0.0953,0.0184,64.3921,68.6646,-85.6934,0.2002,,
DATA,A004,1,326,919722,-0.2093,0.1219,0.0199,54.6875,55.7861,-73.0591,0.2430,,
DATA,A004,1,327,919732,-0.2442,0.1490,0.0045,52.3682,44.0674,-68.8477,0.2861,,
DATA,A004,1,328,919742,-0.2069,0.2000,-0.0018,54.0771,31.6162,-65.5518,0.2878,,
DATA,A004,1,329,919752,-0.1825,0.2576,0.0179,43.3350,20.0806,-49.8657,0.3162,,
DATA,A004,1,330,919762,-0.2076,0.2794,0.0616,35.8276,25.3906,-42.9688,0.3535,,
DATA,A004,1,331,919772,-0.2721,0.3421,0.1305,32.4707,44.2505,-37.8418,0.4562,,
DATA,A004,1,332,919782,-0.3395,0.4029,0.1632,31.4941,63.7817,-33.6914,0.5515,,
DATA,A004,1,333,919792,-0.4247,0.4393,0.1935,26.6113,82.2754,-26.7334,0.6409,,
DATA,A004,1,334,919802,-0.6334,0.4542,0.2726,16.1743,101.6235,-12.5122,0.8257,,
DATA,A004,1,335,919812,-0.8119,0.4571,0.3268,11.1084,108.1543,-3.6011,0.9873,,
DATA,A004,1,336,919822,-1.0902,0.4815,0.4313,10.6201,105.8350,1.7090,1.2674,,
DATA,A004,1,337,919832,-1.3019,0.5340,0.5218,12.0239,96.2524,3.6621,1.5008,,
DATA,A004,1,338,919842,-1.5082,0.6326,0.6153,7.9956,84.3506,1.8311,1.7474,,
DATA,A004,1,339,919852,-1.5602,0.6634,0.5829,-0.5493,73.6694,0.3662,1.7927,,
DATA,A004,1,340,919862,-1.6000,0.6312,0.5043,-15.6860,53.1616,-1.4648,1.7924,,
DATA,A004,1,341,919872,-1.7181,0.5501,0.6029,-20.6909,42.1143,-9.5215,1.9021,,
DATA,A004,1,342,919882,-2.2928,0.6077,0.9847,-2.3193,29.0527,-35.1562,2.5683,,
DATA,A004,1,343,919892,-2.2540,0.5713,0.2709,14.8315,68.9087,-36.1328,2.3410,,
DATA,A004,1,344,919902,-2.3678,0.7403,0.4903,61.7676,19.2261,-21.5454,2.5288,,
DATA,A004,1,345,919912,-2.1268,0.8900,0.2523,70.7397,21.6675,-17.9443,2.3193,,
DATA,A004,1,346,919922,-1.4999,0.7842,0.2394,55.2979,70.6787,4.6387,1.7094,,
DATA,A004,1,347,919932,-1.3341,0.6038,0.2323,30.3345,99.7925,-3.9062,1.4827,,
DATA,A004,1,348,919942,-1.3795,-0.0119,0.0196,-39.4897,140.4419,-20.2637,1.3797,,
DATA,A004,1,349,919952,-1.5809,-0.5202,-0.0646,-78.2471,160.1562,-28.5645,1.6656,,
DATA,A004,1,350,919962,-1.8946,-1.0878,-0.1552,-78.1860,132.6904,-43.6401,2.1902,,
DATA,A004,1,351,919972,-2.0113,-1.2150,-0.0763,-40.6494,77.2095,-41.6870,2.3511,,
DATA,A004,1,352,919982,-1.9462,-0.9260,0.1288,-7.9346,-21.7896,-67.9321,2.1591,,
DATA,A004,1,353,919992,-1.8243,-0.6491,0.3085,-23.9868,-99.7925,-90.1489,1.9608,,
DATA,A004,1,354,920002,-1.6302,-0.4057,0.4779,-73.6694,-161.3770,-129.6997,1.7466,,
DATA,A004,1,355,920012,-1.4757,-0.3547,0.6078,-74.7681,-156.2500,-125.3662,1.6349,,
DATA,A004,1,356,920022,-1.2684,-0.2890,0.6210,-15.5640,-100.1587,-143.0054,1.4415,,
DATA,A004,1,357,920032,-1.2237,-0.1342,0.6471,48.5229,-50.1709,-138.0005,1.3908,,
DATA,A004,1,358,920042,-1.4464,0.1649,0.6498,98.2056,33.3252,-118.5303,1.5942,,
DATA,A004,1,359,920052,-1.6903,0.2049,0.5145,77.8809,65.3076,-93.1396,1.7787,,
DATA,A004,1,360,920062,-2.0001,-0.0637,0.3426,33.3252,66.4673,-34.2407,2.0302,,
DATA,A004,1,361,920072,-2.2037,-0.2687,0.2489,26.3672,63.4155,-20.8740,2.2340,,
DATA,A004,1,362,920082,-2.3924,-0.3788,0.2013,47.4243,37.9639,-15.5640,2.4306,,
DATA,A004,1,363,920092,-2.3673,-0.3159,0.2455,54.8706,8.6670,-9.2773,2.4009,,
DATA,A004,1,364,920102,-2.3092,-0.2197,0.3876,37.2314,-30.8228,5.9814,2.3518,,
DATA,A004,1,365,920112,-2.3722,-0.1833,0.4430,21.1792,-48.5229,11.9019,2.4201,,
DATA,A004,1,366,920122,-2.5228,-0.0768,0.4159,15.2588,-74.2188,10.1318,2.5580,,
DATA,A004,1,367,920132,-2.4635,0.0132,0.4017,21.9116,-80.4443,0.1831,2.4961,,
DATA,A004,1,368,920142,-2.1485,0.1570,0.4139,29.7852,-111.8774,-14.0381,2.1937,,
DATA,A004,1,369,920152,-1.8199,0.1727,0.3727,26.0620,-118.3472,-27.1606,1.8657,,
DATA,A004,1,370,920162,-1.4901,0.1292,0.3121,19.6533,-119.5068,-38.0249,1.5279,,
DATA,A004,1,371,920172,-1.1048,0.0337,0.2723,16.6626,-107.7271,-48.8892,1.1384,,
DATA,A004,1,372,920182,-0.9623,-0.0239,0.2738,21.6675,-88.5620,-55.7861,1.0007,,
DATA,A004,1,373,920192,-0.8763,-0.0671,0.2941,32.3486,-39.7949,-74.4629,0.9268,,
DATA,A004,1,374,920202,-0.9171,-0.0646,0.3092,37.9028,-14.1602,-86.3037,0.9700,,
DATA,A004,1,375,920212,-1.1151,-0.0939,0.3502,38.3301,9.3384,-93.2007,1.1726,,
DATA,A004,1,376,920222,-1.2569,-0.1491,0.3544,34.1187,17.3340,-90.0269,1.3144,,
DATA,A004,1,377,920232,-1.4093,-0.2570,0.3561,32.2266,6.3477,-76.1719,1.4761,,
DATA,A004,1,378,920242,-1.4120,-0.2590,0.3361,43.6401,-10.1929,-62.1948,1.4743,,
DATA,A004,1,379,920252,-1.2941,-0.0878,0.3270,70.1294,-43.0908,-43.3960,1.3376,,
DATA,A004,1,380,920262,-1.1940,0.0662,0.3251,79.4678,-60.7910,-31.1890,1.2392,,
DATA,A004,1,381,920272,-1.1092,0.2476,0.3644,69.8242,-70.8618,-5.3711,1.1935,,
DATA,A004,1,382,920282,-1.0897,0.2913,0.3656,54.1382,-65.7959,9.5215,1.1857,,
DATA,A004,1,383,920292,-1.1722,0.2896,0.3873,36.9873,-49.0112,23.9258,1.2681,,
DATA,A004,1,384,920302,-1.1634,0.2779,0.3553,33.2031,-34.5459,30.4565,1.2478,,
DATA,A004,1,385,920312,-1.0621,0.2764,0.3060,31.7383,-26.7334,45.8374,1.1394,,
DATA,A004,1,386,920322,-0.9576,0.2791,0.2579,27.8931,-25.9399,54.5654,1.0303,,
DATA,A004,1,387,920332,-0.7821,0.2928,0.1280,15.9302,-21.7896,63.9648,0.8449,,
DATA,A004,1,388,920342,-0.6686,0.3101,0.0279,10.0098,-15.9912,70.9229,0.7375,,
DATA,A004,1,389,920352,-0.5433,0.3641,-0.0714,8.4839,1.7090,83.3130,0.6579,,
DATA,A004,1,390,920362,-0.5126,0.4249,-0.1044,7.6294,21.6064,91.6748,0.6739,,
DATA,A004,1,391,920372,-0.5768,0.5191,-0.0963,-0.0610,59.2651,101.6846,0.7819,,
DATA,A004,1,392,920382,-0.6700,0.5706,-0.0736,-10.5591,84.7778,109.1309,0.8832,,
DATA,A004,1,393,920392,-0.8675,0.6407,-0.0409,-28.3203,104.1260,126.5259,1.0792,,
DATA,A004,1,394,920402,-1.0109,0.7112,0.0521,-38.4521,104.6753,137.5732,1.2371,,
DATA,A004,1,395,920412,-1.1627,0.8275,0.1337,-60.2417,93.6279,151.1841,1.4333,,
DATA,A004,1,396,920422,-1.1796,0.8621,0.1927,-81.1768,77.3926,160.7056,1.4737,,
DATA,A004,1,397,920432,-1.1180,0.8377,0.2440,-118.7744,44.3115,174.8657,1.4182,,
DATA,A004,1,398,920442,-1.0011,0.7464,0.2423,-142.9443,29.9683,176.5747,1.2720,,
DATA,A004,1,399,920452,-0.7701,0.5440,0.1808,-166.8701,30.2124,178.8330,0.9601,,
DATA,A004,1,400,920462,-0.6432,0.3958,0.1031,-172.9736,43.5181,179.9316,0.7622,,
DATA,A004,1,401,920472,-0.5458,0.2452,0.0331,-171.9971,62.7441,178.8330,0.5992,,
DATA,A004,1,402,920482,-0.4916,0.0316,0.0018,-155.8838,96.6797,176.6968,0.4926,,
DATA,A004,1,403,920492,-0.4947,-0.0749,0.0226,-139.8926,120.7886,176.1475,0.5009,,
DATA,A004,1,404,920502,-0.5719,-0.2053,0.0594,-115.4785,154.0527,176.3306,0.6105,,
DATA,A004,1,405,920512,-0.6971,-0.2653,0.0807,-100.5859,170.4102,179.1992,0.7503,,
DATA,A004,1,406,920522,-0.9469,-0.3137,0.1078,-81.1768,180.5420,182.8613,1.0033,,
DATA,A004,1,407,920532,-1.0980,-0.3195,0.1344,-68.3594,174.2554,184.0210,1.1514,,
DATA,A004,1,408,920542,-1.2538,-0.2975,0.1800,-52.4292,149.5361,184.5703,1.3011,,
DATA,A004,1,409,920552,-1.2562,-0.2800,0.2006,-46.4478,122.9858,186.0962,1.3026,,
DATA,A004,1,410,920562,-1.1376,-0.2568,0.2152,-40.9546,74.8291,189.6362,1.1859,,
DATA,A004,1,411,920572,-0.9767,-0.2350,0.2145,-37.3535,52.7954,189.2090,1.0272,,
DATA,A004,1,412,920582,-0.6986,-0.2033,0.1935,-29.9072,43.9453,182.8613,0.7529,,
DATA,A004,1,413,920592,-0.5580,-0.1806,0.1764,-23.4375,53.1616,178.1616,0.6124,,
DATA,A004,1,414,920602,-0.4064,-0.1506,0.1998,-16.7847,78.6133,169.1895,0.4772,,
DATA,A004,1,415,920612,-0.3956,-0.1440,0.2162,-14.2822,102.6611,160.1562,0.4733,,
DATA,A004,1,416,920622,-0.2106,-0.1342,0.5350,-10.5591,134.2773,149.5972,0.5904,,
DATA,A004,1,417,920632,-0.1910,-0.1096,0.6666,-58.4717,151.7944,149.6582,0.7020,,
DATA,A004,1,418,920642,-0.4794,-0.3000,0.3194,-98.8770,198.0591,115.9668,0.6495,,
DATA,A004,1,419,920652,-1.0702,-0.3344,0.4842,-16.3574,180.6030,86.5479,1.2213,,
DATA,A004,1,420,920662,-0.5965,0.0384,0.4493,13.3057,107.4219,66.5283,0.7478,,
DATA,A004,1,421,920672,-0.7401,-0.1315,0.1927,-14.9536,56.0913,72.6318,0.7760,,
DATA,A004,1,422,920682,-0.7123,-0.3159,0.0936,-3.9673,-23.3154,50.4150,0.7848,,
DATA,A004,1,423,920692,-0.7782,-0.3520,-0.0031,43.7012,-98.6328,44.9829,0.8541,,
DATA,A004,1,424,920702,-0.5245,-0.2287,0.0714,66.6504,-146.4233,27.5269,0.5767,,
DATA,A004,1,425,920712,-0.4659,-0.2138,0.1151,52.6123,-156.6772,1.4038,0.5254,,
DATA,A004,1,426,920722,-0.4195,-0.2141,0.0897,38.3301,-180.0537,-20.6299,0.4795,,
DATA,A004,1,427,920732,-0.4274,-0.1818,0.1280,35.5225,-188.3545,-18.7988,0.4818,,
DATA,A004,1,428,920742,-0.3497,-0.0976,0.1044,35.5835,-176.7578,-34.9121,0.3778,,
DATA,A004,1,429,920752,-0.3863,-0.0146,-0.0097,33.7524,-160.2173,-42.6025,0.3867,,
DATA,A004,1,430,920762,-0.5834,0.1312,-0.0429,44.2505,-121.2158,-46.4478,0.5995,,
DATA,A004,1,431,920772,-0.7286,0.3367,0.0477,57.7393,-96.3135,-53.7720,0.8041,,
DATA,A004,1,432,920782,-0.9874,0.8018,0.1881,62.5610,-61.4624,-50.1709,1.2858,,
DATA,A004,1,433,920792,-1.1195,1.1480,0.1722,39.0015,-52.3682,-28.8086,1.6127,,
DATA,A004,1,434,920802,-1.2062,1.3731,-0.0060,-1.0376,-62.3779,-3.9673,1.8276,,
DATA,A004,1,435,920812,-1.1529,1.3992,-0.0575,-13.9771,-71.2280,28.9307,1.8140,,
DATA,A004,1,436,920822,-1.0458,1.3787,-0.0321,-23.3154,-67.3828,57.2510,1.7308,,
DATA,A004,1,437,920832,-0.9213,1.1846,-0.0487,-65.7959,-31.1279,94.6045,1.5015,,
DATA,A004,1,438,920842,-0.8539,0.9544,0.0409,-64.0259,2.4414,94.8486,1.2813,,
DATA,A004,1,439,920852,-0.8002,0.6844,0.1449,-28.7476,49.7437,80.2002,1.0628,,
DATA,A004,1,440,920862,-0.7723,0.5577,0.2037,-16.1743,71.1670,67.1387,0.9742,,
DATA,A004,1,441,920872,-0.7784,0.3221,0.2015,-20.7520,85.9375,45.5933,0.8662,,
DATA,A004,1,442,920882,-0.8060,0.1675,0.1959,-16.2354,78.6133,33.0811,0.8462,,
DATA,A004,1,443,920892,-0.8314,0.1006,0.2369,10.4370,51.5747,19.7754,0.8703,,
DATA,A004,1,444,920902,-0.8353,0.1749,0.2555,28.6255,27.9541,11.1084,0.8908,,
DATA,A004,1,445,920912,-0.7826,0.3282,0.2611,43.5791,-4.2114,-3.4790,0.8879,,
DATA,A004,1,446,920922,-0.7084,0.3951,0.2423,45.4712,-21.9116,-13.1836,0.8465,,
DATA,A004,1,447,920932,-0.5817,0.4100,0.1786,43.5791,-46.2646,-25.4517,0.7337,,
DATA,A004,1,448,920942,-0.4632,0.3755,0.1263,41.1377,-61.6455,-35.1562,0.6096,,
DATA,A004,1,449,920952,-0.3048,0.2833,0.0726,34.6069,-75.5005,-52.9175,0.4224,,
DATA,A004,1,450,920962,-0.2279,0.2305,0.0460,36.1938,-78.1860,-65.2466,0.3274,,
DATA,A004,1,451,920972,-0.1549,0.1924,0.0001,44.3115,-72.8149,-82.7026,0.2470,,
DATA,A004,1,452,920982,-0.1410,0.1898,0.0016,48.8892,-66.5283,-93.3838,0.2364,,
DATA,A004,1,453,920992,-0.1529,0.2056,0.0284,51.9409,-56.8848,-108.6426,0.2578,,
DATA,A004,1,454,921002,-0.1542,0.2144,0.0502,51.6357,-52.0630,-119.7510,0.2688,,
DATA,A004,1,455,921012,-0.1210,0.2261,0.0692,46.8750,-45.1660,-136.2915,0.2656,,
DATA,A004,1,456,921022,-0.0978,0.2212,0.0714,40.7104,-41.9312,-146.3013,0.2522,,
DATA,A004,1,457,921032,-0.0919,0.1944,0.0604,30.2734,-34.4849,-155.2124,0.2234,,
DATA,A004,1,458,921042,-0.0975,0.1834,0.0504,25.0854,-28.8086,-158.5693,0.2138,,
DATA,A004,1,459,921052,-0.1290,0.1790,0.0199,21.8506,-17.0288,-162.3535,0.2216,,
DATA,A004,1,460,921062,-0.1608,0.1900,-0.0001,21.6675,-7.9346,-161.6211,0.2489,,
DATA,A004,1,461,921072,-0.2152,0.2342,0.0013,24.7192,2.9297,-157.3486,0.3180,,
DATA,A004,1,462,921082,-0.2716,0.2737,0.0340,26.6113,7.4463,-153.7476,0.3871,,
DATA,A004,1,463,921092,-0.3627,0.3433,0.1356,26.9165,8.3618,-149.2920,0.5175,,
DATA,A004,1,464,921102,-0.3790,0.3956,0.1727,24.1089,4.0894,-149.0479,0.5744,,
DATA,A004,1,465,921112,-0.4003,0.4427,0.2355,11.4746,-10.6201,-144.8364,0.6416,,
DATA,A004,1,466,921122,-0.4025,0.4556,0.2662,-1.5259,-19.9585,-142.7002,0.6637,,
DATA,A004,1,467,921132,-0.3666,0.4222,0.3080,-21.7896,-23.3765,-144.4092,0.6383,,
DATA,A004,1,468,921142,-0.4173,0.4000,0.3639,-31.4941,-15.7471,-144.7144,0.6830,,
DATA,A004,1,469,921152,-0.4864,0.4124,0.3881,-35.4004,4.3335,-147.2778,0.7465,,
DATA,A004,1,470,921162,-0.6334,0.4642,0.3573,-34.1797,36.0718,-145.9351,0.8627,,
DATA,A004,1,471,921172,-0.8129,0.5130,0.3697,-35.5835,45.4712,-136.6577,1.0299,,
DATA,A004,1,472,921182,-1.0868,0.6102,0.4049,-41.2598,48.8281,-125.7935,1.3105,,
DATA,A004,1,473,921192,-1.2635,0.6790,0.4222,-48.6450,38.8794,-121.5820,1.4953,,
DATA,A004,1,474,921202,-1.4366,0.7618,0.3898,-66.5283,22.3999,-108.5205,1.6722,,
DATA,A004,1,475,921212,-1.4930,0.7855,0.3553,-76.8433,18.9819,-98.3276,1.7240,,
DATA,A004,1,476,921222,-1.4864,0.7767,0.3080,-87.6465,36.8652,-91.7969,1.7052,,
DATA,A004,1,477,921232,-1.4303,0.7425,0.2494,-92.3462,65.3687,-89.3555,1.6307,,
DATA,A004,1,478,921242,-1.5152,0.6561,0.1393,-101.9897,114.4409,-88.9282,1.6570,,
DATA,A004,1,479,921252,-1.5792,0.5655,0.1046,-110.6567,155.8228,-95.4590,1.6807,,
DATA,A004,1,480,921262,-1.5702,0.3392,0.0113,-127.3193,206.1768,-112.9150,1.6064,,
DATA,A004,1,481,921272,-1.6466,0.1119,-0.0468,-137.9395,218.5669,-116.0889,1.6511,,
DATA,A004,1,482,921282,-1.7015,-0.2155,-0.0372,-136.5356,224.9756,-134.5825,1.7155,,
DATA,A004,1,483,921292,-1.6034,-0.3088,-0.1005,-120.4834,220.7642,-150.5737,1.6359,,
DATA,A004,1,484,921302,-1.3817,-0.2263,-0.1967,-78.4302,184.6313,-162.1094,1.4138,,
DATA,A004,1,485,921312,-1.2103,-0.0988,-0.2489,-53.3447,182.6782,-165.1001,1.2396,,
DATA,A004,1,486,921322,-1.1402,0.2188,-0.0975,-18.1274,162.9028,-161.9263,1.1651,,
DATA,A004,1,487,921332,-1.2462,0.3116,0.1837,8.0566,142.1509,-151.3062,1.2976,,
DATA,A004,1,488,921342,-1.4215,0.3729,0.6517,91.8579,46.5698,-138.3057,1.6076,,
DATA,A004,1,489,921352,-1.3170,0.4666,1.2428,135.6201,-24.5361,-136.0474,1.8700,,
DATA,A004,1,490,921362,-1.2262,0.9900,1.7670,140.0146,-180.4810,-87.4023,2.3677,,
DATA,A004,1,491,921372,-1.0755,1.0484,1.5326,80.7495,-212.3413,-91.2476,2.1459,,
DATA,A004,1,492,921382,-0.9225,0.2637,0.9711,-17.2119,-33.9355,-157.5317,1.3651,,
DATA,A004,1,493,921392,-1.3390,-0.3788,0.2880,-43.5791,140.7471,-157.0435,1.4210,,
DATA,A004,1,494,921402,-2.0970,-1.0463,-0.2680,-16.9067,238.4033,-71.5942,2.3588,,
DATA,A004,1,495,921412,-2.9532,-1.3232,-0.2921,32.5928,139.6484,-0.3052,3.2493,,
DATA,A004,1,496,921422,-3.2330,-1.1347,0.1798,49.7437,-48.6450,8.8501,3.4311,,
DATA,A004,1,497,921432,-2.8363,-0.7829,0.3287,23.8647,-147.1558,5.0659,2.9607,,
DATA,A004,1,498,921442,-2.2301,-0.2751,0.4225,13.3667,-208.3740,97.3511,2.2864,,
DATA,A004,1,499,921452,-1.9850,-0.0600,0.5279,6.0425,-174.1333,128.9062,2.0549,,
DATA,A004,1,500,921462,-1.8478,-0.0524,0.6525,-29.9072,-49.3164,109.3750,1.9603,,
DATA,A004,1,501,921472,-1.7865,-0.0891,0.5526,-45.1660,23.4985,125.4883,1.8721,,
DATA,A004,1,502,921482,-1.6588,-0.2165,0.3815,-52.4292,104.6753,134.0332,1.7158,,
DATA,A004,1,503,921492,-1.5846,-0.2316,0.3400,-36.2549,135.2539,120.3613,1.6371,,
DATA,A004,1,504,921502,-1.3756,-0.0817,0.2113,-4.2725,142.5781,96.9238,1.3941,,
DATA,A004,1,505,921512,-1.2955,0.0753,0.2277,11.7188,123.3521,98.5107,1.3175,,
DATA,A004,1,506,921522,-1.3192,0.2015,0.3082,17.0898,88.9282,99.4873,1.3696,,
DATA,A004,1,507,921532,-1.2513,0.2681,0.3680,8.6670,23.7427,98.0225,1.3316,,
DATA,A004,1,508,921542,-1.2626,0.2286,0.3866,2.1973,-20.5078,95.5811,1.3401,,
DATA,A004,1,509,921552,-1.2403,0.1009,0.3898,0.4883,-79.1626,109.9854,1.3040,,
DATA,A004,1,510,921562,-1.1876,0.0235,0.3841,2.5635,-108.6426,122.3755,1.2484,,
DATA,A004,1,511,921572,-1.1307,-0.0756,0.3627,8.7280,-138.3667,124.6338,1.1899,,
DATA,A004,1,512,921582,-1.1415,-0.0705,0.3531,22.9492,-136.7188,121.4600,1.1969,,
DATA,A004,1,513,921592,-1.6852,0.0399,0.5133,45.7153,-128.7842,107.1167,1.7621,,
DATA,A004,1,514,921602,-2.2132,0.2483,0.6744,62.6221,-115.6616,84.7168,2.3270,,
DATA,A004,1,515,921612,-2.3197,0.6063,0.5155,77.7588,-44.3115,42.6636,2.4524,,
DATA,A004,1,516,921622,-2.0704,0.7542,0.3368,71.1670,-6.0425,24.6582,2.2291,,
DATA,A004,1,517,921632,-1.6586,0.8248,0.1361,23.7427,-0.9155,-16.2964,1.8573,,
DATA,A004,1,518,921642,-1.4942,0.7413,-0.0314,-8.0566,6.1646,-26.9165,1.6683,,
DATA,A004,1,519,921652,-1.3846,0.5276,-0.2504,-24.7803,13.2446,1.5869,1.5028,,
DATA,A004,1,520,921662,-1.3290,0.4390,-0.2772,-14.5874,1.4038,27.1606,1.4268,,
DATA,A004,1,521,921672,-1.3385,0.3929,-0.1884,0.3662,-28.2593,43.6401,1.4076,,
DATA,A004,1,522,921682,-1.3898,0.3560,-0.1476,3.5400,-44.4946,44.9219,1.4422,,
DATA,A004,1,523,921692,-1.3473,0.3326,-0.0336,15.3198,-51.4526,42.1143,1.3881,,
DATA,A004,1,524,921702,-1.1966,0.4087,0.0375,28.9307,-39.7949,39.3677,1.2651,,
DATA,A004,1,525,921712,-0.9454,0.5496,0.1566,37.6587,0.2441,34.2407,1.1047,,
DATA,A004,1,526,921722,-0.8241,0.5682,0.2135,28.9917,44.0674,26.7944,1.0235,,
DATA,A004,1,527,921732,-0.7928,0.4349,0.2252,13.6719,112.0605,15.1978,0.9319,,
DATA,A004,1,528,921742,-0.8644,0.3199,0.2345,13.0615,136.1084,8.3008,0.9510,,
DATA,A004,1,529,921752,-1.0226,0.2122,0.2611,20.8740,128.1128,0.9766,1.0765,,
DATA,A004,1,530,921762,-1.0948,0.1797,0.2904,23.3765,96.8628,-2.3193,1.1469,,
DATA,A004,1,531,921772,-1.0660,0.1463,0.3199,17.7002,33.9355,-7.3853,1.1226,,
DATA,A004,1,532,921782,-0.9864,0.1243,0.3248,12.9395,-6.1646,-10.0708,1.0460,,
DATA,A004,1,533,921792,-0.8854,0.0980,0.3348,10.0708,-48.4619,-11.5967,0.9516,,
DATA,A004,1,534,921802,-0.8207,0.0894,0.3346,10.9253,-64.8804,-12.8784,0.8907,,
DATA,A004,1,535,921812,-0.7335,0.0928,0.3187,13.8550,-78.9795,-13.6108,0.8051,,
DATA,A004,1,536,921822,-0.6813,0.1150,0.3055,16.4795,-83.8013,-13.4277,0.7554,,
DATA,A004,1,537,921832,-0.5841,0.1407,0.2718,17.5781,-88.9893,-12.8174,0.6594,,
DATA,A004,1,538,921842,-0.4986,0.1382,0.2357,16.6626,-91.9800,-12.2681,0.5686,,
DATA,A004,1,539,921852,-0.4071,0.1221,0.1910,15.5640,-94.8486,-11.4136,0.4660,,
DATA,A004,1,540,921862,-0.2789,0.0682,0.1588,16.3574,-90.0879,-12.5122,0.3281,,
DATA,A004,1,541,921872,-0.2018,0.0306,0.1510,19.4702,-83.0688,-14.1602,0.2539,,
DATA,A004,1,542,921882,-0.1161,0.0049,0.1361,27.0386,-64.3311,-16.9678,0.1789,,
DATA,A004,1,543,921892,-0.0565,0.0257,0.1075,31.2500,-45.4102,-22.2168,0.1242,,
DATA,A004,1,544,921902,0.0380,0.0701,0.0152,34.0576,-12.1460,-35.0342,0.0812,,
DATA,A004,1,545,921912,0.1166,0.0611,-0.0138,29.9072,10.2539,-41.8091,0.1323,,
DATA,A004,1,546,921922,0.2106,-0.0580,-0.0956,11.7798,50.9033,-41.1987,0.2384,,
DATA,A004,1,547,921932,0.2396,-0.2224,-0.1349,-3.2349,76.5991,-34.5459,0.3536,,
DATA,A004,1,548,921942,0.1439,-0.5534,-0.1588,-17.0898,106.6284,-20.3247,0.5935,,
DATA,A004,1,549,921952,0.0206,-0.7407,-0.1681,-15.1978,124.2065,-12.1460,0.7598,,
DATA,A004,1,550,921962,-0.2015,-0.8400,-0.1591,12.5732,129.8828,-7.5684,0.8784,,
DATA,A004,1,551,921972,-0.3287,-0.7348,-0.1027,42.7856,123.2910,-8.7891,0.8115,,
DATA,A004,1,552,921982,-0.4381,-0.3806,0.0331,80.6274,107.1167,-14.3433,0.5812,,
DATA,A004,1,553,921992,-0.4881,-0.1513,0.1168,91.4307,94.8486,-18.9819,0.5242,,
DATA,A004,1,554,922002,-0.5646,0.1539,0.2821,93.9331,74.3408,-28.5034,0.6496,,
DATA,A004,1,555,922012,-0.6398,0.2908,0.3824,82.0312,50.7202,-33.8745,0.8001,,
DATA,A004,1,556,922022,-0.7508,0.4293,0.4894,62.1338,12.2681,-46.8140,0.9937,,
DATA,A004,1,557,922032,-0.7782,0.4861,0.5148,50.2319,-18.6768,-58.0444,1.0521,,
DATA,A004,1,558,922042,-0.7428,0.4969,0.5294,30.6396,-73.1201,-69.8853,1.0387,,
DATA,A004,1,559,922052,-0.6930,0.4510,0.5091,19.4092,-103.0273,-74.8291,0.9710,,
DATA,A004,1,560,922062,-0.6002,0.3592,0.4530,13.3057,-128.6011,-80.7495,0.8333,,
DATA,A004,1,561,922072,-0.5797,0.3201,0.4264,16.2354,-131.8970,-83.4351,0.7876,,
DATA,A004,1,562,922082,-0.6534,0.2957,0.3636,24.2920,-115.5396,-83.3130,0.8041,,
DATA,A004,1,563,922092,-0.7464,0.3118,0.3282,32.3486,-93.3228,-79.1626,0.8730,,
DATA,A004,1,564,922102,-0.8963,0.4002,0.2757,46.8140,-56.3965,-63.9648,1.0196,,
DATA,A004,1,565,922112,-0.9889,0.4691,0.2633,52.6123,-37.5977,-46.6919,1.1257,,
DATA,A004,1,566,922122,-1.0985,0.5059,0.2501,47.6685,-21.3623,-17.1509,1.2350,,
DATA,A004,1,567,922132,-1.1517,0.4691,0.2425,36.3159,-16.1133,1.0986,1.2670,,
DATA,A004,1,568,922142,-1.1581,0.3858,0.2284,24.2920,-12.6953,21.7896,1.2418,,
DATA,A004,1,569,922152,-1.0970,0.3431,0.2257,23.4985,-12.9395,30.3955,1.1714,,
DATA,A004,1,570,922162,-0.9303,0.3377,0.2272,27.8931,-11.3525,40.7715,1.0154,,
DATA,A004,1,571,922172,-0.8031,0.3484,0.2081,27.1606,-6.8359,46.9971,0.8998,,
DATA,A004,1,572,922182,-0.6737,0.3304,0.2069,20.9961,1.2817,52.4292,0.7783,,
DATA,A004,1,573,922192,-0.5282,0.2137,0.2020,6.5308,19.4702,56.6406,0.6045,,
DATA,A004,1,574,922202,-0.4601,0.1089,0.1942,-0.5493,33.4473,57.5562,0.5111,,
DATA,A004,1,575,922212,-0.4066,-0.0261,0.1383,-1.8921,50.5981,59.3262,0.4303,,
DATA,A004,1,576,922222,-0.4093,-0.0842,0.1119,3.1738,56.7017,61.1572,0.4326,,
DATA,A004,1,577,922232,-0.4249,-0.1010,0.0934,11.7188,52.7954,64.0259,0.4466,,
DATA,A004,1,578,922242,-0.4254,-0.0795,0.0912,15.5640,42.3584,66.7114,0.4423,,
DATA,A004,1,579,922252,-0.3995,-0.0161,0.0814,14.5264,17.5781,71.9604,0.4080,,
DATA,A004,1,580,922262,-0.3653,0.0128,0.0687,10.0098,0.2441,75.0122,0.3720,,
DATA,A004,1,581,922272,-0.2872,0.0213,0.0802,1.1597,-21.2402,75.9888,0.2990,,
DATA,A004,1,582,922282,-0.2284,0.0191,0.0858,-4.4556,-30.9448,75.3174,0.2447,,
DATA,A004,1,583,922292,-0.1612,-0.0009,0.0926,-10.6812,-36.6211,71.8384,0.1860,,
DATA,A004,1,584,922302,-0.1256,-0.0109,0.0870,-13.7939,-35.7056,68.2373,0.1532,,
DATA,A004,1,585,922312,-0.1046,-0.0207,0.0875,-16.8457,-29.9072,61.9507,0.1379,,
DATA,A004,1,586,922322,-0.1017,-0.0256,0.0931,-18.0054,-25.2686,57.0679,0.1402,,
DATA,A004,1,587,922332,-0.1063,-0.0226,0.0978,-20.2637,-22.0947,47.1802,0.1462,,
DATA,A004,1,588,922342,-0.1048,-0.0253,0.1100,-22.0337,-21.7896,40.0391,0.1540,,
DATA,A004,1,589,922352,-0.1048,-0.0131,0.1127,-22.8882,-22.6440,30.5176,0.1545,,
DATA,A004,1,590,922362,-0.1402,0.0179,0.1222,-21.9116,-22.1558,26.1841,0.1869,,
DATA,A004,1,591,922372,-0.2672,0.0992,0.1830,-17.2729,-20.6909,19.9585,0.3387,,
DATA,A004,1,592,922382,-0.3592,0.1819,0.2233,-16.4185,-19.2261,13.4888,0.4604,,
DATA,A004,1,593,922392,-0.4691,0.3069,0.3002,-23.0713,-23.2544,2.3193,0.6359,,
DATA,A004,1,594,922402,-0.5128,0.3817,0.3483,-32.2266,-27.7100,-6.6528,0.7279,,
DATA,A004,1,595,922412,-0.5221,0.4673,0.3556,-49.4385,-29.9072,-22.9492,0.7858,,
DATA,A004,1,596,922422,-0.5253,0.4817,0.3087,-61.1572,-28.1982,-36.5601,0.7767,,
DATA,A004,1,597,922432,-0.6495,0.4752,0.3014,-71.2280,-14.0381,-59.0210,0.8594,,
DATA,A004,1,598,922442,-0.7445,0.4507,0.3334,-75.0122,-1.9531,-75.3784,0.9320,,
DATA,A004,1,599,922452,-0.8297,0.3585,0.3341,-79.0405,9.0332,-92.1021,0.9636,,
DATA,A004,1,600,922462,-0.8507,0.2669,0.3431,-77.9419,8.1177,-96.9238,0.9553,,
DATA,A004,1,601,922472,-0.8458,0.1592,0.3348,-65.4907,4.8828,-101.4404,0.9235,,
DATA,A004,1,602,922482,-0.8326,0.1426,0.3817,-49.9878,8.9111,-106.0791,0.9270,,
DATA,A004,1,603,922492,-0.9007,0.1871,0.4684,-31.4941,22.6440,-108.8867,1.0323,,
DATA,A004,1,604,922502,-0.9835,0.2344,0.5631,-29.6021,24.3530,-107.7271,1.1573,,
DATA,A004,1,605,922512,-1.0502,0.3238,0.7628,-33.0811,18.6768,-97.4121,1.3377,,
DATA,A004,1,606,922522,-1.1278,0.3807,0.8551,-39.7339,2.2583,-87.8906,1.4656,,
DATA,A004,1,607,922532,-1.2345,0.4285,0.9567,-49.6216,-19.8975,-77.8809,1.6195,,
DATA,A004,1,608,922542,-1.3209,0.5013,0.9725,-65.9790,-38.8184,-71.8384,1.7152,,
DATA,A004,1,609,922552,-1.2999,0.5071,0.8939,-77.9419,-39.1846,-69.8242,1.6571,,
DATA,A004,1,610,922562,-1.3297,0.4424,0.7303,-91.7969,-26.6724,-68.2983,1.5803,,
DATA,A004,1,611,922572,-1.2965,0.3436,0.5690,-96.8628,-7.9346,-74.5239,1.4569,,
DATA,A004,1,612,922582,-1.1542,0.1636,0.4425,-93.5059,32.8369,-89.3555,1.2469,,
DATA,A004,1,613,922592,-1.0504,0.1067,0.4405,-84.8999,60.7910,-95.1538,1.1440,,
DATA,A004,1,614,922602,-1.0602,0.1006,0.6776,-63.6597,100.4028,-102.2949,1.2622,,
DATA,A004,1,615,922612,-1.6173,0.2064,1.0360,-44.3115,101.1963,-104.1870,1.9317,,
DATA,A004,1,616,922622,-2.4596,0.5799,1.5521,-24.4751,78.8574,-118.2861,2.9656,,
DATA,A004,1,617,922632,-2.6918,0.9100,1.5575,-33.2642,102.3560,-122.1313,3.2403,,
DATA,A004,1,618,922642,-2.2467,0.7842,0.9640,-76.3550,63.2935,-142.4561,2.5675,,
DATA,A004,1,619,922652,-1.6669,0.4378,0.5675,-101.9287,-9.5215,-148.0713,1.8144,,
DATA,A004,1,620,922662,-0.8968,-0.1100,0.2511,-150.9399,-73.5474,-152.0996,0.9378,,
DATA,A004,1,621,922672,-0.2045,-0.5690,0.0980,-192.6270,-42.6636,-212.5244,0.6125,,
DATA,A004,1,622,922682,0.2179,-1.0578,0.0897,-176.6968,145.6909,-357.6660,1.0837,,
DATA,A004,1,623,922692,-0.4811,-1.2394,0.2333,-118.0420,206.1768,-283.6914,1.3498,,
DATA,A004,1,624,922702,-0.9225,-1.1852,0.5780,-35.3394,225.3418,-207.8857,1.6093,,
DATA,A004,1,625,922712,-0.9689,-1.1179,0.8412,-10.0098,161.1938,-193.4204,1.7017,,
DATA,A004,1,626,922722,-1.6520,-0.8615,1.1888,7.7515,155.1514,-147.5830,2.2101,,
DATA,A004,1,627,922732,-1.9720,-0.6303,1.3177,25.0244,93.6890,-144.2871,2.4541,,
DATA,A004,1,628,922742,-2.3641,-0.5725,1.0626,-1.7700,-10.1929,-137.7563,2.6544,,
DATA,A004,1,629,922752,-2.3439,-0.8998,0.8358,-23.8647,-68.6035,-114.0747,2.6461,,
DATA,A004,1,630,922762,-1.9449,-1.2685,0.6295,-1.4648,-119.3848,-80.8716,2.4059,,
DATA,A004,1,631,922772,-1.5333,-1.2509,0.6373,26.3062,-128.7231,-51.2085,2.0789,,
DATA,A004,1,632,922782,-0.7757,-1.0971,0.6412,44.8608,-52.7344,27.4048,1.4888,,
DATA,A004,1,633,922792,-0.6522,-0.9460,0.6173,41.3208,26.0620,86.3037,1.3043,,
DATA,A004,1,634,922802,-0.9835,-0.6984,0.5875,67.6880,96.4966,148.8037,1.3417,,
DATA,A004,1,635,922812,-1.2237,-0.4421,0.5648,92.2241,96.8018,170.8984,1.4184,,
DATA,A004,1,636,922822,-1.0980,-0.0829,0.5861,89.8438,95.9473,178.7109,1.2474,,
DATA,A004,1,637,922832,-0.8810,0.0152,0.5494,73.1812,99.8535,169.0063,1.0384,,
DATA,A004,1,638,922842,-0.6756,-0.0454,0.4896,54.0771,130.0049,146.9116,0.8356,,
DATA,A004,1,639,922852,-0.6656,-0.1328,0.4437,48.6450,151.4282,137.4512,0.8109,,
DATA,A004,1,640,922862,-0.7633,-0.2653,0.3802,46.8750,164.3066,138.5498,0.8931,,
DATA,A004,1,641,922872,-0.8321,-0.3173,0.3539,48.7671,165.1611,141.7847,0.9583,,
DATA,A004,1,642,922882,-1.0563,-0.3327,0.3356,56.6406,166.9312,148.3154,1.1571,,
DATA,A004,1,643,922892,-1.2396,-0.2861,0.3966,62.6221,161.0107,148.0103,1.3326,,
DATA,A004,1,644,922902,-1.3863,-0.2565,0.3268,65.0635,150.7568,146.6064,1.4472,,
DATA,A004,1,645,922912,-1.3031,-0.2639,0.3212,67.0166,122.0703,135.3149,1.3678,,
DATA,A004,1,646,922922,-1.1495,-0.2858,0.1857,69.7021,101.3184,143.3105,1.1990,,
DATA,A004,1,647,922932,-0.8307,-0.2553,0.1136,86.6699,104.1260,158.4473,0.8764,,
DATA,A004,1,648,922942,-0.7633,-0.1711,0.0858,100.7080,115.2344,171.0815,0.7869,,
DATA,A004,1,649,922952,-0.7684,-0.0217,0.0514,112.2437,131.6528,185.6689,0.7704,,
DATA,A004,1,650,922962,-1.0697,0.0894,0.0563,116.5771,131.3477,191.9556,1.0749,,
DATA,A004,1,651,922972,-1.9442,0.3680,0.1837,124.8169,95.7642,175.0488,1.9872,,
DATA,A004,1,652,922982,-2.8734,0.6326,0.2992,115.2954,16.3574,118.1641,2.9574,,
DATA,A004,1,653,922992,-3.4147,1.1429,0.4999,65.1855,-135.0098,11.9019,3.6354,,
DATA,A004,1,654,923002,-3.2836,1.1978,0.5692,5.5542,-245.6055,-38.0859,3.5413,,
DATA,A004,1,655,923012,-3.0350,0.9483,0.3361,-56.2134,-522.6440,-5.0049,3.1974,,
DATA,A004,1,656,923022,-2.7438,0.7078,0.2613,-68.4204,-661.3159,-5.9814,2.8456,,
DATA,A004,1,657,923032,-2.2894,0.3472,0.1075,-82.8247,-841.3696,-23.1934,2.3181,,
DATA,A004,1,658,923042,-1.8426,0.2188,0.0406,-83.4961,-862.5488,-34.6680,1.8560,,
DATA,A004,1,659,923052,-0.9999,0.1775,0.1466,-70.5566,-832.9468,-42.7856,1.0260,,
DATA,A004,1,660,923062,-0.4237,0.1077,0.3392,-61.4624,-776.6724,-52.9785,0.5533,,
DATA,A004,1,661,923072,0.3434,-0.0432,0.6993,-40.5273,-620.9717,-45.4712,0.7803,,
DATA,A004,1,662,923082,0.7321,-0.0910,0.8871,-18.5547,-463.5010,-31.7383,1.1537,,
DATA,A004,1,663,923092,1.0033,-0.0231,1.1998,33.9355,-172.9736,-35.5225,1.5642,,
DATA,A004,1,664,923102,0.9125,0.2054,1.3612,65.9180,18.8599,-53.2837,1.6516,,
DATA,A004,1,665,923112,0.2824,0.5694,1.1808,66.4673,223.9380,-75.9277,1.3410,,
DATA,A004,1,666,923122,-0.2880,0.6297,0.9452,45.5322,292.9688,-88.6230,1.1717,,
DATA,A004,1,667,923132,-1.0104,0.4952,0.7206,32.2266,269.7144,-110.5957,1.3361,,
DATA,A004,1,668,923142,-1.2323,0.3814,0.6432,39.4287,186.8896,-119.5679,1.4414,,
DATA,A004,1,669,923152,-1.2289,0.2315,0.5607,44.8608,13.2446,-117.9810,1.3704,,
DATA,A004,1,670,923162,-1.0458,0.1544,0.4979,41.8701,-105.8960,-112.4268,1.1685,,
DATA,A004,1,671,923172,-0.7123,0.1148,0.4784,39.7949,-228.8208,-113.7695,0.8657,,
DATA,A004,1,672,923182,-0.4742,0.1287,0.4901,38.5742,-265.4419,-119.6899,0.6940,,
DATA,A004,1,673,923192,-0.1717,0.1373,0.4955,32.1045,-277.4048,-125.6714,0.5421,,
DATA,A004,1,674,923202,-0.0126,0.1055,0.5348,26.9775,-261.7798,-125.6714,0.5452,,
DATA,A004,1,675,923212,0.1022,0.0535,0.5804,24.6582,-232.3608,-121.4600,0.5918,,
DATA,A004,1,676,923222,0.1893,-0.0248,0.6119,25.8179,-163.6353,-111.8774,0.6410,,
DATA,A004,1,677,923232,0.1815,-0.0637,0.6317,30.2124,-106.9336,-106.2012,0.6603,,
DATA,A004,1,678,923242,0.0719,-0.0600,0.6647,39.4897,-20.5688,-100.8911,0.6712,,
DATA,A004,1,679,923252,-0.0480,-0.0466,0.6688,43.0908,23.5596,-100.0366,0.6721,,
DATA,A004,1,680,923262,-0.2594,-0.0585,0.6991,42.2363,55.3589,-102.2339,0.7480,,
DATA,A004,1,681,923272,-0.3707,-0.0656,0.7052,39.1846,56.0913,-104.6753,0.7994,,
DATA,A004,1,682,923282,-0.4720,-0.0629,0.6778,33.9966,33.5083,-108.2153,0.8284,,
DATA,A004,1,683,923292,-0.4903,-0.0454,0.6639,32.4707,10.1318,-109.6802,0.8266,,
DATA,A004,1,684,923302,-0.4659,0.0276,0.6622,27.6489,-26.9165,-111.9995,0.8102,,
DATA,A004,1,685,923312,-0.4193,0.0845,0.6659,20.8740,-48.8892,-114.6240,0.7914,,
DATA,A004,1,686,923322,-0.3143,0.1270,0.6102,4.2725,-74.4629,-119.7510,0.6981,,
DATA,A004,1,687,923332,-0.2401,0.1048,0.5614,-6.1646,-86.2427,-122.4976,0.6195,,
DATA,A004,1,688,923342,-0.1444,0.0474,0.5228,-15.3198,-93.2007,-125.6104,0.5445,,
DATA,A004,1,689,923352,-0.1117,0.0128,0.5157,-17.1509,-89.9048,-127.3193,0.5278,,
DATA,A004,1,690,923362,-0.0880,0.0179,0.5177,-17.6392,-77.6978,-128.9062,0.5254,,
DATA,A004,1,691,923372,-0.0970,0.0364,0.5123,-17.6392,-68.7256,-128.8452,0.5227,,
DATA,A004,1,692,923382,-0.1180,0.0596,0.4974,-19.2871,-61.2183,-128.6011,0.5147,,
DATA,A004,1,693,923392,-0.1239,0.0711,0.4999,-19.1650,-60.6079,-128.6011,0.5199,,
DATA,A004,1,694,923402,-0.1300,0.0960,0.5160,-19.8364,-64.2700,-129.2725,0.5407,,
DATA,A004,1,695,923412,-0.1254,0.1031,0.5189,-21.0571,-67.4438,-128.7842,0.5437,,
DATA,A004,1,696,923422,-0.1207,0.1092,0.5519,-21.9727,-72.5098,-126.0376,0.5754,,
DATA,A004,1,697,923432,-0.1024,0.1309,0.5646,-22.4609,-75.5615,-123.1689,0.5885,,
DATA,A004,1,698,923442,-0.0475,0.1675,0.5646,-24.4751,-83.1299,-117.5537,0.5908,,
DATA,A004,1,699,923452,-0.0126,0.1780,0.5770,-26.3672,-87.9517,-113.5254,0.6040,,
DATA,A004,1,700,923462,0.0553,0.1631,0.6029,-29.5410,-92.2852,-107.5439,0.6270,,
DATA,A004,1,701,923472,0.3873,0.0225,0.5541,-28.7476,-94.7266,-98.1445,0.6764,,
DATA,A004,1,702,923482,0.9828,0.5569,0.7167,-33.0200,-9.8877,47.6685,1.3378,,
DATA,A004,1,703,923492,0.3483,-0.0595,0.6622,-62.0728,97.1069,22.8882,0.7506,,
DATA,A004,1,704,923502,-0.0880,-0.2380,0.7667,-10.6812,165.7715,-62.3169,0.8076,,
DATA,A004,1,705,923512,-0.2919,-0.0060,0.8502,5.9814,135.7422,-60.4858,0.8989,,
DATA,A004,1,706,923522,-0.6366,0.3672,0.5712,16.1133,66.5894,-69.5801,0.9308,,
DATA,A004,1,707,923532,-0.2923,0.3668,0.9523,1.7090,6.3477,-78.4912,1.0615,,
DATA,A004,1,708,923542,-0.3819,0.0784,0.9169,-43.2129,-131.5308,-45.8984,0.9963,,
DATA,A004,1,709,923552,-0.1649,0.0511,0.9076,-62.4390,-145.9351,-54.7485,0.9239,,
DATA,A004,1,710,923562,-0.0758,-0.0722,0.8986,-76.2329,-148.3154,-60.3027,0.9046,,
DATA,A004,1,711,923572,0.1056,-0.1367,0.9208,-91.0034,-163.5742,-45.6543,0.9368,,
DATA,A004,1,712,923582,0.1935,-0.3093,0.9318,-87.0972,-143.0054,-49.1943,1.0006,,
DATA,A004,1,713,923592,0.2450,-0.1887,0.8776,-46.9360,-94.3604,-49.8047,0.9304,,
DATA,A004,1,714,923602,0.1923,-0.0693,0.9166,-27.3438,-73.2422,-58.6548,0.9391,,
DATA,A004,1,715,923612,0.2191,-0.2446,0.9161,-3.3569,-65.1245,-49.0723,0.9732,,
DATA,A004,1,716,923622,0.2396,-0.0646,0.9081,16.4185,-55.6030,-37.7808,0.9414,,
DATA,A004,1,717,923632,0.2855,-0.0388,0.9222,17.9443,-56.6406,-21.3623,0.9662,,
DATA,A004,1,718,923642,0.2987,-0.0612,0.8861,17.6392,-52.0630,-10.7422,0.9371,,
DATA,A004,1,719,923652,0.2728,-0.1052,0.8995,23.3765,-38.3911,3.7231,0.9459,,
DATA,A004,1,720,923662,0.2538,-0.2216,0.8436,32.8369,-30.6396,7.9346,0.9084,,
DATA,A004,1,721,923672,0.1754,-0.0822,0.9086,65.6128,-23.3765,2.7466,0.9290,,
DATA,A004,1,722,923682,0.1674,0.0193,0.9379,51.0864,-15.7471,2.1973,0.9529,,
DATA,A004,1,723,923692,0.1432,-0.0917,0.8964,24.6582,-14.9536,3.8452,0.9123,,
DATA,A004,1,724,923702,0.1847,-0.0344,0.9261,22.5830,-15.8691,1.0376,0.9450,,
DATA,A004,1,725,923712,0.2108,0.0047,0.9313,17.3950,-18.0054,-2.1362,0.9548,,
DATA,A004,1,726,923722,0.1923,-0.0104,0.9332,15.6250,-21.3013,-1.0986,0.9529,,
DATA,A004,1,727,923732,0.2162,0.0272,0.9986,-3.1738,-20.6909,0.2441,1.0221,,
DATA,A004,1,728,923742,0.1796,-0.0551,0.9845,-16.2354,-18.7378,-3.2959,1.0022,,
DATA,A004,1,729,923752,0.1674,-0.0739,0.9860,-23.6816,-25.3906,-12.1460,1.0028,,
DATA,A004,1,730,923762,0.2003,-0.1550,0.9501,-27.1606,-33.2031,-14.5264,0.9832,,
DATA,A004,1,731,923772,0.3085,0.3763,0.7838,27.0386,-34.2407,-7.6294,0.9225,,
DATA,A004,1,732,923782,0.2167,-0.0642,0.9408,-13.1836,-30.2124,-1.9531,0.9675,,
DATA,A004,1,733,923792,0.2504,-0.1569,0.8920,-8.0566,-25.8179,-7.4463,0.9396,,
DATA,A004,1,734,923802,0.3329,-0.1789,0.9437,-5.6152,-26.5503,-5.6152,1.0166,,
DATA,A004,1,735,923812,0.4015,-0.2473,0.9213,5.1270,-9.6436,-3.4180,1.0349,,
DATA,A004,1,736,923822,0.3891,-0.1528,0.9630,20.9961,3.5400,-3.2959,1.0498,,
DATA,A004,1,737,923832,0.3190,-0.0737,0.9676,31.7993,12.5732,-2.7466,1.0215,,
DATA,A004,1,738,923842,0.2894,-0.0214,0.9867,33.6304,15.8081,2.4414,1.0285,,
DATA,A004,1,739,923852,0.2714,-0.0705,0.9891,25.6958,27.5879,8.9722,1.0281,,
DATA,A004,1,740,923862,0.2565,-0.1015,0.9825,19.8975,33.8745,6.1646,1.0205,,
DATA,A004,1,741,923872,0.1950,-0.1052,0.9713,15.1367,41.8091,4.0283,0.9962,,
DATA,A004,1,742,923882,0.1854,-0.1154,0.9567,15.6860,43.7012,5.0049,0.9813,,
DATA,A004,1,743,923892,0.2057,-0.0544,0.9825,22.8882,39.6118,8.4229,1.0053,,
DATA,A004,1,744,923902,0.1745,-0.0776,0.9637,28.0762,37.4146,9.0332,0.9825,,
DATA,A004,1,745,923912,0.1696,-0.0375,0.9867,33.6914,27.1606,6.5308,1.0019,,
DATA,A004,1,746,923922,0.1779,-0.0661,0.9813,32.8369,22.7051,6.8970,0.9995,,
DATA,A004,1,747,923932,0.1720,-0.1242,0.9391,37.9028,19.8364,6.2866,0.9627,,
DATA,A004,1,748,923942,0.1644,-0.0473,0.8712,44.6777,17.0898,5.6152,0.8879,,
DATA,A004,1,749,923952,0.1666,-0.0300,0.8551,42.6025,19.5312,4.9438,0.8717,,
DATA,A004,1,750,923962,0.1439,-0.0627,0.8658,41.5039,9.0942,1.4038,0.8800,,
DATA,A004,1,751,923972,0.1456,-0.0808,0.9086,39.5508,-4.8218,-2.7466,0.9237,,
DATA,A004,1,752,923982,0.2128,-0.1030,1.0045,38.5742,-24.1699,-3.4180,1.0319,,
DATA,A004,1,753,923992,0.2848,-0.0700,1.0380,42.1753,-33.9966,0.6714,1.0786,,
DATA,A004,1,754,924002,0.4196,0.0103,1.0333,45.5933,-21.7285,8.9111,1.1153,,
DATA,A004,1,755,924012,0.4203,-0.0024,1.0250,46.2036,1.4648,10.6201,1.1078,,
DATA,A004,1,756,924022,0.3234,-0.0029,1.0277,39.5508,33.0811,7.5073,1.0774,,
DATA,A004,1,757,924032,0.2382,0.0218,1.0443,31.6772,43.3350,2.6245,1.0713,,
DATA,A004,1,758,924042,0.1862,-0.0058,1.0345,23.9258,44.8608,1.2207,1.0512,,
DATA,A004,1,759,924052,0.1959,-0.0117,1.0106,21.3013,45.4712,6.4087,1.0295,,
DATA,A004,1,760,924062,0.1920,0.0355,0.9899,17.8833,46.2036,8.8501,1.0089,,
DATA,A004,1,761,924072,0.1930,0.0289,0.9623,16.5405,49.1333,9.1553,0.9819,,
DATA,A004,1,762,924082,0.2147,0.1468,0.9010,22.1558,56.2134,6.4087,0.9378,,
DATA,A004,1,763,924092,0.1537,0.0118,0.9718,12.5732,63.6597,3.4790,0.9839,,
DATA,A004,1,764,924102,0.1361,0.0176,0.9972,10.0708,62.1948,-1.5259,1.0066,,
DATA,A004,1,765,924112,0.1198,0.0267,1.0084,9.1553,55.9692,-2.1362,1.0159,,
DATA,A004,1,766,924122,0.1171,0.0242,1.0128,9.3994,41.4429,-3.4790,1.0198,,
DATA,A004,1,767,924132,0.1298,0.0162,1.0345,8.4229,32.5317,-3.9673,1.0428,,
DATA,A004,1,768,924142,0.1967,-0.0146,1.0663,5.6763,27.8931,-4.7607,1.0844,,
DATA,A004,1,769,924152,0.2135,-0.0317,1.0992,3.9673,28.7476,-5.1270,1.1202,,
DATA,A004,1,770,924162,0.2225,-0.0288,1.1312,0.4883,34.8511,-1.3428,1.1533,,
DATA,A004,1,771,924172,0.2204,-0.0388,1.1293,-2.0142,39.9170,1.6479,1.1512,,
DATA,A004,1,772,924182,0.2277,-0.0588,1.1276,-6.4087,50.6592,5.8594,1.1518,,
DATA,A004,1,773,924192,0.2611,-0.0573,1.1266,-9.8877,61.8286,8.1177,1.1579,,
EVENT,A004,1,,924198,,,,,,,,STOP,773
EVENT,A004,2,,927944,,,,,,,,START,
DATA,A004,2,1,927967,0.3966,0.1773,0.9606,-15.1978,-4.6387,-10.3149,1.0542,,
DATA,A004,2,2,927977,0.3998,0.1487,0.9469,-19.6533,1.5259,-11.7188,1.0385,,
DATA,A004,2,3,927987,0.4291,0.1475,0.8976,-23.4985,8.8501,-13.2446,1.0057,,
DATA,A004,2,4,927997,0.4025,0.1583,0.8204,-32.1045,27.5269,-20.4468,0.9274,,
DATA,A004,2,5,928007,0.2606,0.0525,0.7689,-39.8560,51.9409,-41.0767,0.8136,,
DATA,A004,2,6,928017,0.4435,0.3567,0.8226,-49.6826,61.4624,-31.7993,1.0003,,
DATA,A004,2,7,928027,0.4816,-0.0742,0.8085,-52.1851,76.7822,-30.6396,0.9439,,
DATA,A004,2,8,928037,0.3500,-0.0278,0.8055,-56.4575,104.1870,-37.8418,0.8787,,
DATA,A004,2,9,928047,0.3068,-0.0549,0.7967,-43.0908,106.9946,-36.1938,0.8555,,
DATA,A004,2,10,928057,0.2745,-0.0046,0.8280,-23.1323,106.3232,-21.3623,0.8723,,
DATA,A004,2,11,928067,0.2763,0.0318,0.8607,-16.1133,104.2480,-15.1367,0.9045,,
DATA,A004,2,12,928077,0.2829,0.0501,0.8785,-13.9771,102.1729,-8.8501,0.9243,,
DATA,A004,2,13,928087,0.2736,0.0254,0.8595,-11.8408,106.6895,-7.0801,0.9023,,
DATA,A004,2,14,928097,0.2448,0.0328,0.7914,-6.8359,112.4878,-8.1787,0.8290,,
DATA,A004,2,15,928107,0.1749,0.0184,0.7718,-2.6855,111.8164,-12.8174,0.7916,,
DATA,A004,2,16,928117,0.0646,0.1607,0.8109,13.4277,97.6562,-5.0049,0.8292,,
DATA,A004,2,17,928127,0.0431,0.2220,0.7550,11.5967,93.4448,4.2114,0.7881,,
DATA,A004,2,18,928137,0.0512,0.2349,0.6793,5.9814,100.5859,0.1831,0.7206,,
DATA,A004,2,19,928147,0.0221,0.2806,0.6407,-0.6714,98.9380,-4.6387,0.6998,,
DATA,A004,2,20,928157,0.0521,0.2337,0.6544,4.2114,108.9478,-6.4697,0.6968,,
DATA,A004,2,21,928167,0.1049,0.2056,0.6400,7.8125,112.6709,7.6904,0.6804,,
DATA,A004,2,22,928177,0.1510,0.1165,0.6151,5.1880,123.7183,15.7471,0.6440,,
DATA,A004,2,23,928187,0.1376,0.0560,0.5658,1.4648,127.1362,18.6768,0.5850,,
DATA,A004,2,24,928197,0.1610,0.0384,0.5004,-0.4883,129.3945,31.1890,0.5270,,
DATA,A004,2,25,928207,0.1400,0.0059,0.4850,-6.5308,138.3667,43.7012,0.5048,,
DATA,A004,2,26,928217,-0.1925,-0.4081,0.4586,-8.8501,134.2163,46.0205,0.6434,,
DATA,A004,2,27,928227,-0.0072,-0.0671,0.3207,29.9683,107.4829,52.7344,0.3277,,
DATA,A004,2,28,928237,-0.0179,0.0728,0.3111,36.8652,95.1538,72.6929,0.3201,,
DATA,A004,2,29,928247,-0.0880,0.2147,0.1544,19.7144,89.3555,79.1016,0.2787,,
DATA,A004,2,30,928257,0.0358,-0.0109,-0.2431,24.5361,94.4214,73.7305,0.2459,,
DATA,A004,2,31,928267,-0.0167,0.1353,-0.0167,60.9741,122.3755,91.5527,0.1374,,
DATA,A004,2,32,928277,-0.0863,0.1878,-0.0702,39.2456,139.8926,109.0088,0.2183,,
DATA,A004,2,33,928287,-0.1752,0.1055,-0.2452,-8.0566,155.6396,123.5352,0.3193,,
DATA,A004,2,34,928297,-0.2384,0.0169,-0.3468,-20.5688,164.3066,131.8359,0.4212,,
DATA,A004,2,35,928307,-0.2914,-0.0512,-0.4652,-14.6484,176.6968,154.9683,0.5513,,
DATA,A004,2,36,928317,-0.3094,-0.0710,-0.4877,-6.2256,185.9741,174.3774,0.5819,,
DATA,A004,2,37,928327,-0.2682,-0.0808,-0.5038,3.4180,203.9795,202.9419,0.5764,,
DATA,A004,2,38,928337,-0.2093,-0.0788,-0.4848,12.3901,217.7124,219.6655,0.5339,,
DATA,A004,2,39,928347,-0.0860,-0.0136,-0.3778,39.7949,240.5396,237.4878,0.3877,,
DATA,A004,2,40,928357,-0.0099,0.0860,-0.1932,65.9790,258.7280,242.9199,0.2117,,
DATA,A004,2,41,928367,0.0604,0.3116,0.3143,100.0977,288.0249,233.0933,0.4467,,
DATA,A004,2,42,928377,-0.0663,0.5150,0.7247,109.7412,304.7485,216.2476,0.8915,,
DATA,A004,2,43,928387,-0.3041,0.9432,1.2736,98.0225,331.0547,187.3779,1.6137,,
DATA,A004,2,44,928397,-0.3739,1.2510,1.5553,77.5146,346.0083,162.7197,2.0307,,
DATA,A004,2,45,928407,-0.5450,1.4498,1.6534,29.6021,357.7881,119.5679,2.2656,,
DATA,A004,2,46,928417,-0.7174,1.3475,1.6984,2.1362,347.1680,98.5718,2.2836,,
DATA,A004,2,47,928427,-0.7792,1.0525,1.6075,-22.7051,325.3784,84.5337,2.0734,,
DATA,A004,2,48,928437,-0.8668,0.8372,1.4310,-33.6304,295.8984,74.4019,1.8709,,
DATA,A004,2,49,928447,-1.0875,0.6793,1.2916,-47.0581,254.8218,47.5464,1.8200,,
DATA,A004,2,50,928457,-1.1783,0.6094,1.2269,-57.0068,229.7974,29.4800,1.8070,,
DATA,A004,2,51,928467,-1.2818,0.5052,1.1190,-66.2231,198.6084,10.8032,1.7750,,
DATA,A004,2,52,928477,-1.3368,0.4629,1.0853,-69.2749,185.4248,-3.4790,1.7830,,
DATA,A004,2,53,928487,-1.3998,0.4095,1.1424,-76.4771,172.8516,-24.8413,1.8526,,
DATA,A004,2,54,928497,-1.4347,0.3763,1.1444,-84.6558,161.2549,-37.9639,1.8734,,
DATA,A004,2,55,928507,-1.4391,0.3162,1.0069,-96.8018,141.4185,-59.2651,1.7846,,
DATA,A004,2,56,928517,-1.3575,0.2776,0.8358,-99.6704,130.9814,-69.9463,1.6182,,
DATA,A004,2,57,928527,-1.1717,0.2200,0.6464,-99.7314,122.7417,-83.1909,1.3562,,
DATA,A004,2,58,928537,-1.0873,0.2208,0.5841,-99.3652,122.8638,-88.1348,1.2538,,
DATA,A004,2,59,928547,-1.1442,0.2110,0.6153,-93.4448,111.5112,-83.5571,1.3162,,
DATA,A004,2,60,928557,-1.1124,0.2332,0.7086,-92.3462,74.8901,-80.3833,1.3394,,
DATA,A004,2,61,928567,-1.1830,0.3240,0.8199,-83.8623,51.0864,-90.8203,1.4754,,
DATA,A004,2,62,928577,-1.3214,0.6302,1.0172,-69.2749,-8.7891,-86.1816,1.7827,,
DATA,A004,2,63,928587,-1.4496,0.8875,1.0963,-69.7021,-38.1470,-86.8530,2.0226,,
DATA,A004,2,64,928597,-1.3075,1.0311,0.9708,-98.9990,-43.5181,-97.4731,1.9275,,
DATA,A004,2,65,928607,-1.2262,0.6653,0.8544,-118.6523,-34.0576,-103.7598,1.6359,,
DATA,A004,2,66,928617,-1.1905,0.0152,0.6273,-121.7651,-8.7280,-141.8457,1.3458,,
DATA,A004,2,67,928627,-1.1410,-0.2934,0.5538,-101.1963,-0.6714,-158.5083,1.3018,,
DATA,A004,2,68,928637,-0.9755,-0.4433,0.7504,-10.8032,60.9741,-226.9287,1.3081,,
DATA,A004,2,69,928647,-0.9518,-0.2419,0.6056,43.2129,109.3750,-270.2026,1.1537,,
DATA,A004,2,70,928657,-0.7921,0.2010,0.8766,100.4639,188.2935,-295.4712,1.1984,,
DATA,A004,2,71,928667,-0.8326,0.6024,1.0306,94.4214,211.5479,-280.2734,1.4554,,
DATA,A004,2,72,928677,-0.9479,0.6619,0.7963,19.7754,197.8149,-239.9292,1.4038,,
DATA,A004,2,73,928687,-0.5541,0.4095,0.5929,-25.8789,186.0352,-229.1870,0.9089,,
DATA,A004,2,74,928697,-0.0196,-0.8222,0.4706,-66.4673,236.0229,-190.7959,0.9475,,
DATA,A004,2,75,928707,-0.3605,-0.8454,-0.1974,-91.5527,172.6685,-161.4380,0.9400,,
DATA,A004,2,76,928717,-0.3514,-1.1928,0.3754,-41.6260,68.2373,-160.8887,1.2989,,
DATA,A004,2,77,928727,-0.2757,-0.9616,0.4667,34.5459,110.7788,-124.5117,1.1039,,
DATA,A004,2,78,928737,-0.9928,-0.2587,0.9073,58.7769,199.3408,-52.7344,1.3696,,
DATA,A004,2,79,928747,-1.7294,-0.2614,1.1661,-1.5259,235.7178,-33.2031,2.1021,,
DATA,A004,2,80,928757,-2.4691,-0.5832,1.2914,-53.7109,176.8188,-17.1509,2.8468,,
DATA,A004,2,81,928767,-2.4823,-0.6303,1.1551,-50.9033,131.4697,-12.2070,2.8095,,
DATA,A004,2,82,928777,-2.1246,-0.5727,0.7545,-45.7764,100.5859,-13.4277,2.3262,,
DATA,A004,2,83,928787,-1.8859,-0.5297,0.4442,-41.8701,99.7314,-5.1880,2.0086,,
DATA,A004,2,84,928797,-1.8551,-0.4909,0.0851,-25.8179,101.9897,18.8599,1.9208,,
DATA,A004,2,85,928807,-1.9178,-0.4482,-0.0097,-8.6060,91.8579,48.4619,1.9695,,
DATA,A004,2,86,928817,-1.9508,-0.3557,0.1395,27.0996,51.1475,84.8999,1.9878,,
DATA,A004,2,87,928827,-1.8226,-0.2548,0.2582,40.8936,13.6719,104.7363,1.8584,,
DATA,A004,2,88,928837,-1.6991,-0.1428,0.2748,41.6260,-60.2417,116.8213,1.7271,,
DATA,A004,2,89,928847,-1.5470,-0.1652,0.2435,36.3159,-120.0562,113.9526,1.5747,,
DATA,A004,2,90,928857,-1.2914,-0.1911,0.2633,35.7666,-183.5938,100.0977,1.3317,,
DATA,A004,2,91,928867,-1.1000,-0.1887,0.2833,30.6396,-199.2188,96.0083,1.1514,,
DATA,A004,2,92,928877,-0.8436,-0.1784,0.3490,30.3955,-188.8428,99.7925,0.9302,,
DATA,A004,2,93,928887,-0.7362,-0.1359,0.4462,41.6870,-169.6777,98.7549,0.8715,,
DATA,A004,2,94,928897,-0.6537,-0.0173,0.5680,53.5278,-137.5122,97.0459,0.8661,,
DATA,A004,2,95,928907,-0.6737,0.1099,0.6486,54.9927,-86.3037,98.9380,0.9416,,
DATA,A004,2,96,928917,-0.6734,0.1209,0.7162,51.8188,-57.6172,96.8018,0.9905,,
DATA,A004,2,97,928927,-0.6495,0.0806,0.8031,47.1191,-10.5591,91.1255,1.0360,,
DATA,A004,2,98,928937,-0.6754,0.0254,0.8434,50.5981,17.4561,90.7593,1.0808,,
DATA,A004,2,99,928947,-0.6371,-0.0156,0.9244,55.2979,60.5469,86.7920,1.1228,,
DATA,A004,2,100,928957,-0.5997,-0.0405,0.9276,52.4292,96.1914,84.8999,1.1053,,
DATA,A004,2,101,928967,-0.4950,-0.0910,0.8619,48.8892,163.7573,89.5386,0.9981,,
DATA,A004,2,102,928977,-0.4584,-0.0983,0.7516,48.5229,210.6323,88.9893,0.8858,,
DATA,A004,2,103,928987,-0.5777,-0.0207,0.6315,45.2271,294.1284,94.9097,0.8561,,
DATA,A004,2,104,928997,-0.7931,0.0286,0.6302,36.1938,365.6006,105.9570,1.0134,,
DATA,A004,2,105,929007,-1.0758,0.1285,0.4759,19.0430,498.7183,92.8345,1.1834,,
DATA,A004,2,106,929017,-1.0992,0.1192,0.2225,6.2256,595.1538,73.4863,1.1278,,
DATA,A004,2,107,929027,-1.0660,0.1343,-0.2286,-5.9204,711.3037,33.5693,1.0985,,
DATA,A004,2,108,929037,-0.9947,0.1758,-0.4957,-14.8926,765.6250,-2.1362,1.1252,,
DATA,A004,2,109,929047,-0.9588,0.2940,-0.8722,-13.0615,846.0083,-23.3154,1.3291,,
DATA,A004,2,110,929057,-1.2027,0.3475,-0.9215,5.3101,775.6348,-56.4575,1.5545,,
DATA,A004,2,111,929067,-1.8089,0.6241,-0.8222,32.2876,557.3730,-37.3535,2.0827,,
DATA,A004,2,112,929077,-1.9859,0.9185,-0.3920,31.6162,328.7354,5.3711,2.2229,,
DATA,A004,2,113,929087,-1.9671,1.3023,-0.4950,-57.0679,-87.1582,92.1021,2.4105,,
DATA,A004,2,114,929097,-1.6803,1.1251,-0.6515,-150.8789,-320.8008,133.4839,2.1245,,
DATA,A004,2,115,929107,-1.5780,0.6607,-0.9276,-234.5581,-519.1650,180.9082,1.9460,,
DATA,A004,2,116,929117,-1.5133,0.4759,-1.0353,-217.7124,-543.2129,178.8330,1.8943,,
DATA,A004,2,117,929127,-1.2794,0.6668,-0.7745,-108.4595,-450.3174,151.1230,1.6375,,
DATA,A004,2,118,929137,-1.1444,1.0169,-0.5299,-47.9126,-359.3140,136.9629,1.6200,,
DATA,A004,2,119,929147,-1.0712,1.3731,-0.2282,-35.5835,-234.8633,127.8687,1.7564,,
DATA,A004,2,120,929157,-1.1107,1.3553,-0.1376,-64.6973,-188.4155,126.9531,1.7577,,
DATA,A004,2,121,929167,-1.1136,1.0550,-0.0609,-108.8867,-178.2227,121.5210,1.5352,,
DATA,A004,2,122,929177,-1.0336,0.7891,-0.0492,-121.6431,-193.0542,117.3706,1.3013,,
DATA,A004,2,123,929187,-0.7594,0.4454,-0.0458,-116.5161,-217.1631,109.3140,0.8815,,
DATA,A004,2,124,929197,-0.5362,0.2945,-0.0809,-102.5391,-220.2148,107.9712,0.6171,,
DATA,A004,2,125,929207,-0.2425,0.1578,-0.1022,-71.3501,-191.5283,109.1309,0.3069,,
DATA,A004,2,126,929217,-0.1175,0.1209,-0.1090,-46.9360,-158.6304,112.4878,0.2008,,
DATA,A004,2,127,929227,-0.0541,0.1373,-0.1007,-22.2778,-122.9858,117.9810,0.1786,,
DATA,A004,2,128,929237,-0.0514,0.2476,-0.0761,10.8643,-67.3218,128.6011,0.2641,,
DATA,A004,2,129,929247,-0.0714,0.3599,-0.0743,27.6489,-33.8745,137.5122,0.3744,,
DATA,A004,2,130,929257,-0.1285,0.5198,-0.0678,39.8560,0.3052,153.1372,0.5398,,
DATA,A004,2,131,929267,-0.1678,0.5970,-0.0160,40.3442,11.3525,165.5884,0.6203,,
DATA,A004,2,132,929277,-0.2460,0.6998,0.0189,34.0576,16.7236,185.7910,0.7420,,
DATA,A004,2,133,929287,-0.2911,0.7325,0.0074,25.4517,15.6860,196.4722,0.7882,,
DATA,A004,2,134,929297,-0.3121,0.7012,-0.0004,10.4980,11.5967,205.9326,0.7676,,
DATA,A004,2,135,929307,-0.3082,0.6409,0.0023,2.3193,9.7656,209.5947,0.7112,,
DATA,A004,2,136,929317,-0.2792,0.5242,0.0096,-3.9673,12.3291,212.5854,0.5940,,
DATA,A004,2,137,929327,-0.2626,0.4629,0.0101,-3.6621,16.2354,213.6230,0.5323,,
DATA,A004,2,138,929337,-0.2401,0.4190,-0.0109,1.0986,22.8271,215.4541,0.4830,,
DATA,A004,2,139,929347,-0.2423,0.3929,-0.0165,5.3711,25.4517,216.1255,0.4619,,
DATA,A004,2,140,929357,-0.2635,0.4007,-0.0306,13.8550,23.0103,218.3838,0.4806,,
DATA,A004,2,141,929367,-0.2860,0.4180,-0.0238,18.9209,16.2964,218.9331,0.5071,,
DATA,A004,2,142,929377,-0.3107,0.4510,0.0138,23.0103,-0.1831,219.7876,0.5478,,
DATA,A004,2,143,929387,-0.3097,0.4671,0.0365,23.3154,-13.6719,220.3979,0.5616,,
DATA,A004,2,144,929397,-0.2831,0.4910,0.0673,21.7896,-31.9824,221.4355,0.5707,,
DATA,A004,2,145,929407,-0.2613,0.5025,0.0824,22.2778,-38.6353,221.1914,0.5724,,
DATA,A004,2,146,929417,-0.2223,0.5167,0.1056,24.9634,-38.8184,217.4683,0.5723,,
DATA,A004,2,147,929427,-0.2008,0.5281,0.1153,27.2827,-32.3486,213.0737,0.5767,,
DATA,A004,2,148,929437,-0.1886,0.5328,0.1210,29.9072,-14.9536,203.3691,0.5780,,
DATA,A004,2,149,929447,-0.1864,0.5301,0.1175,30.8228,-1.7090,194.9463,0.5741,,
DATA,A004,2,150,929457,-0.2147,0.5108,0.1158,31.9214,17.0288,180.1147,0.5661,,
DATA,A004,2,151,929467,-0.2457,0.4957,0.1151,32.9590,24.1089,169.7388,0.5651,,
DATA,A004,2,152,929477,-0.3002,0.4573,0.1217,31.3721,29.1138,151.3672,0.5604,,
DATA,A004,2,153,929487,-0.3336,0.4451,0.1153,29.4800,31.3721,135.9863,0.5681,,
DATA,A004,2,154,929497,-0.3822,0.4229,0.0936,27.1606,26.6724,111.3892,0.5777,,
DATA,A004,2,155,929507,-0.4142,0.4075,0.0663,25.5127,21.4233,97.4121,0.5848,,
DATA,A004,2,156,929517,-0.4320,0.3995,0.0238,26.1230,9.5215,80.2002,0.5889,,
DATA,A004,2,157,929527,-0.4452,0.4251,0.0052,31.8604,2.1973,72.0825,0.6156,,
DATA,A004,2,158,929537,-0.4706,0.5596,-0.0162,49.7437,-2.9907,63.4155,0.7314,,
DATA,A004,2,159,929547,-0.4813,0.7169,-0.0094,65.9180,-3.9673,60.2417,0.8635,,
DATA,A004,2,160,929557,-0.5453,1.0408,0.0360,89.8438,-7.1411,59.8755,1.1756,,
DATA,A004,2,161,929567,-0.6102,1.3091,0.0765,101.2573,-9.8267,60.0586,1.4464,,
DATA,A004,2,162,929577,-0.7020,1.7515,0.1310,101.9287,-19.1650,58.5938,1.8915,,
DATA,A004,2,163,929587,-0.7733,2.0125,0.1559,89.1113,-30.4565,55.8472,2.1616,,
DATA,A004,2,164,929597,-0.8146,2.1517,0.1774,65.0024,-38.5742,52.1240,2.3075,,
DATA,A004,2,165,929607,-0.7984,1.9805,0.1652,15.3809,-51.5747,40.6494,2.1418,,
DATA,A004,2,166,929617,-0.7257,1.6451,0.1283,-16.4185,-58.3496,23.1323,1.8026,,
DATA,A004,2,167,929627,-0.5519,1.1358,0.0673,-38.3911,-61.4624,-20.2637,1.2646,,
DATA,A004,2,168,929637,-0.4317,0.9173,0.0431,-33.0811,-57.8003,-51.5747,1.0147,,
DATA,A004,2,169,929647,-0.3031,0.7911,0.0587,-9.5215,-47.9736,-89.8438,0.8492,,
DATA,A004,2,170,929657,-0.2726,0.8043,0.0934,4.6997,-38.6963,-106.8726,0.8543,,
DATA,A004,2,171,929667,-0.3087,0.8482,0.1378,13.6719,-21.1792,-125.4883,0.9131,,
DATA,A004,2,172,929677,-0.3732,0.8506,0.1507,12.0850,-11.6577,-135.8032,0.9410,,
DATA,A004,2,173,929687,-0.4877,0.8096,0.1656,7.5684,-5.8594,-149.5972,0.9596,,
DATA,A004,2,174,929697,-0.5484,0.7813,0.1566,7.1411,-10.1318,-157.6538,0.9673,,
DATA,A004,2,175,929707,-0.5819,0.7789,0.1236,9.3994,-25.8179,-166.8701,0.9801,,
DATA,A004,2,176,929717,-0.5650,0.7984,0.0902,10.6812,-39.0625,-171.4478,0.9823,,
DATA,A004,2,177,929727,-0.5045,0.8294,0.0555,8.7280,-59.4482,-176.5137,0.9724,,
DATA,A004,2,178,929737,-0.4630,0.8467,0.0453,5.0049,-70.1904,-179.5654,0.9661,,
DATA,A004,2,179,929747,-0.4144,0.8362,0.0336,-3.3569,-79.7119,-183.4717,0.9339,,
DATA,A004,2,180,929757,-0.4054,0.8133,0.0321,-8.4229,-84.4727,-184.7534,0.9093,,
DATA,A004,2,181,929767,-0.4090,0.7784,0.0362,-15.1367,-91.0645,-184.9365,0.8801,,
DATA,A004,2,182,929777,-0.4098,0.7532,0.0309,-18.7378,-96.3135,-184.1431,0.8580,,
DATA,A004,2,183,929787,-0.3868,0.7225,0.0306,-25.0854,-104.1260,-181.1523,0.8201,,
DATA,A004,2,184,929797,-0.3617,0.6959,0.0289,-29.7852,-107.3608,-178.7720,0.7848,,
DATA,A004,2,185,929807,-0.3019,0.6412,0.0162,-37.4146,-108.0322,-176.1475,0.7089,,
DATA,A004,2,186,929817,-0.2613,0.5953,0.0050,-42.2974,-103.8818,-176.0864,0.6501,,
DATA,A004,2,187,929827,-0.1810,0.5140,-0.0138,-49.4385,-90.3320,-180.1147,0.5451,,
DATA,A004,2,188,929837,-0.1324,0.4571,-0.0324,-52.8564,-79.2847,-185.6079,0.4770,,
DATA,A004,2,189,929847,-0.0726,0.3890,-0.0690,-54.8096,-60.8521,-195.6787,0.4017,,
DATA,A004,2,190,929857,-0.0470,0.3775,-0.0695,-53.2837,-46.0815,-205.0171,0.3867,,
DATA,A004,2,191,929867,-0.0143,0.3919,-0.0675,-51.9409,-22.1558,-223.8159,0.3979,,
DATA,A004,2,192,929877,-0.0077,0.4022,-0.0751,-51.6968,-5.0659,-238.3423,0.4092,,
DATA,A004,2,193,929887,-0.0104,0.3914,-0.0946,-48.2178,12.6343,-260.2539,0.4028,,
DATA,A004,2,194,929897,-0.0401,0.3826,-0.0651,-43.5181,15.9302,-271.0571,0.3902,,
DATA,A004,2,195,929907,-0.1119,0.3953,0.0072,-37.1704,12.2070,-282.7148,0.4109,,
DATA,A004,2,196,929917,-0.1695,0.4246,0.0033,-34.1797,5.1270,-291.0156,0.4572,,
DATA,A004,2,197,929927,-0.2193,0.4776,0.0148,-30.7617,-4.0283,-300.2930,0.5258,,
DATA,A004,2,198,929937,-0.3133,0.5945,0.0843,-27.3438,-21.7285,-310.3027,0.6773,,
DATA,A004,2,199,929947,-0.3895,0.6949,0.0707,-28.5034,-28.4424,-315.1855,0.7997,,
DATA,A004,2,200,929957,-0.4552,0.8377,0.0475,-28.6865,-34.6069,-323.9136,0.9546,,
DATA,A004,2,201,929967,-0.4618,0.9334,0.0631,-24.7803,-38.6963,-322.4487,1.0433,,
DATA,A004,2,202,929977,-0.4935,1.0640,0.0221,-23.9258,-46.6919,-310.3027,1.1731,,
DATA,A004,2,203,929987,-0.4708,1.0987,0.0697,-27.2217,-48.0957,-302.9175,1.1973,,
DATA,A004,2,204,929997,-0.4142,1.0733,0.1300,-39.0015,-45.0439,-285.7056,1.1578,,
DATA,A004,2,205,930007,-0.4003,0.9910,0.1861,-49.4995,-41.0156,-271.7285,1.0849,,
DATA,A004,2,206,930017,-0.4405,0.8108,0.2779,-59.6313,-26.8555,-250.1831,0.9637,,
DATA,A004,2,207,930027,-0.5358,0.6988,0.2806,-58.8379,-17.8223,-234.7412,0.9242,,
DATA,A004,2,208,930037,-0.7804,0.6004,0.3578,-44.8608,-9.8267,-213.1348,1.0476,,
DATA,A004,2,209,930047,-0.9083,0.6019,0.4259,-33.3252,-7.2021,-203.1250,1.1699,,
DATA,A004,2,210,930057,-1.0055,0.5911,0.4784,-27.7100,-20.4468,-187.0728,1.2607,,
DATA,A004,2,211,930067,-1.0094,0.5347,0.5006,-30.8838,-37.7197,-173.5840,1.2472,,
DATA,A004,2,212,930077,-1.0629,0.4036,0.5333,-37.7197,-65.5518,-160.1562,1.2558,,
DATA,A004,2,213,930087,-1.1442,0.3382,0.5653,-38.6963,-70.9229,-158.3862,1.3202,,
DATA,A004,2,214,930097,-1.2186,0.2806,0.6190,-33.4473,-49.2554,-164.7949,1.3953,,
DATA,A004,2,215,930107,-1.1725,0.2278,0.5829,-29.6631,-28.0151,-168.0908,1.3290,,
DATA,A004,2,216,930117,-1.1344,0.0970,0.5485,-27.3438,-6.1035,-152.0386,1.2637,,
DATA,A004,2,217,930127,-1.1424,-0.0151,0.5423,-28.9917,-3.5400,-139.2212,1.2647,,
DATA,A004,2,218,930137,-1.2496,-0.1794,0.8866,-19.8364,-20.8130,-115.9058,1.5426,,
DATA,A004,2,219,930147,-1.6317,-0.2101,0.9796,-3.4180,-42.3584,-96.4355,1.9147,,
DATA,A004,2,220,930157,-2.6232,-0.1760,1.9235,31.9824,-133.0566,-92.0410,3.2575,,
DATA,A004,2,221,930167,-2.6461,0.2625,2.3302,60.6079,-99.9756,-81.1768,3.5356,,
DATA,A004,2,222,930177,-1.4652,0.9254,0.9325,92.4072,-15.0146,-84.2285,1.9679,,
DATA,A004,2,223,930187,-0.8241,0.7315,0.3451,97.9004,-64.7583,-87.0972,1.1547,,
DATA,A004,2,224,930197,-0.7928,0.2449,0.1075,49.6216,-178.8330,-103.8818,0.8367,,
DATA,A004,2,225,930207,-0.8270,-0.1225,0.1859,-17.0898,-200.8057,-126.2207,0.8565,,
DATA,A004,2,226,930217,-0.9220,-1.0034,0.4049,-59.2651,-102.2949,-151.6113,1.4215,,
DATA,A004,2,227,930227,-1.1268,-1.3415,0.5170,2.1362,-30.6396,-147.8271,1.8266,,
DATA,A004,2,228,930237,-1.2164,-0.7929,0.7770,102.1729,2.2583,-111.3892,1.6468,,
DATA,A004,2,229,930247,-0.8780,-0.2270,0.7521,86.2427,-16.2964,-107.9712,1.1782,,
DATA,A004,2,230,930257,-0.6566,-0.0764,0.6439,27.3438,-2.3193,-92.2852,0.9228,,
DATA,A004,2,231,930267,-0.5121,-0.5234,0.6454,-49.9878,26.6724,-95.5811,0.9760,,
DATA,A004,2,232,930277,-0.6952,-0.8317,0.7591,-63.3545,32.0435,-84.5947,1.3234,,
DATA,A004,2,233,930287,-0.9335,-0.9592,0.7235,-45.9595,35.5835,-49.6216,1.5214,,
DATA,A004,2,234,930297,-1.1280,-0.8859,0.7096,-34.0576,1.2817,-24.5972,1.6003,,
DATA,A004,2,235,930307,-1.2294,-0.7641,0.7379,-36.2549,-65.9790,7.0801,1.6247,,
DATA,A004,2,236,930317,-1.1866,-0.7343,0.8116,-44.3726,-109.4971,22.2778,1.6143,,
DATA,A004,2,237,930327,-0.8839,-0.7294,0.9037,-48.4619,-134.4604,49.0112,1.4594,,
DATA,A004,2,238,930337,-0.6693,-0.7070,0.9244,-39.7339,-128.2349,69.5190,1.3425,,
DATA,A004,2,239,930347,-0.4271,-0.5666,0.9386,-13.8550,-78.0640,96.3745,1.1766,,
DATA,A004,2,240,930357,-0.3104,-0.4262,0.8758,1.5259,-27.0996,110.0464,1.0223,,
DATA,A004,2,241,930367,-0.2672,-0.2966,0.7323,9.9487,55.1758,123.7183,0.8340,,
DATA,A004,2,242,930377,-0.3443,-0.2663,0.6561,12.9395,106.2622,129.6997,0.7874,,
DATA,A004,2,243,930387,-0.6005,-0.2248,0.6117,22.3389,158.9355,138.6719,0.8861,,
DATA,A004,2,244,930397,-0.8321,-0.1638,0.6168,28.5645,175.1099,145.6299,1.0487,,
DATA,A004,2,245,930407,-1.1337,-0.0429,0.6537,35.1562,170.5322,154.6631,1.3093,,
DATA,A004,2,246,930417,-1.3385,0.0611,0.6661,37.0483,158.7524,166.5649,1.4963,,
DATA,A004,2,247,930427,-1.5143,0.2012,0.5777,42.5415,129.3945,183.2886,1.6332,,
DATA,A004,2,248,930437,-1.4498,0.2339,0.5292,50.2319,120.1782,194.6411,1.5610,,
DATA,A004,2,249,930447,-1.4532,0.3465,0.3448,68.0542,137.3901,231.2012,1.5333,,
DATA,A004,2,250,930457,-1.4823,0.4927,0.2955,81.9702,156.9214,246.8262,1.5897,,
DATA,A004,2,251,930467,-1.4410,0.8028,0.3444,95.8252,170.3491,244.5068,1.6851,,
DATA,A004,2,252,930477,-1.4283,0.9522,0.4869,90.3931,155.2734,244.0796,1.7844,,
DATA,A004,2,253,930487,-1.4537,1.0721,0.7938,60.4858,106.8726,246.6431,1.9730,,
DATA,A004,2,254,930497,-1.3895,1.1109,0.8268,36.9263,78.1250,239.1357,1.9617,,
DATA,A004,2,255,930507,-1.3009,1.0506,0.5609,1.6479,23.6206,252.1362,1.7637,,
DATA,A004,2,256,930517,-1.2823,1.0088,0.4935,-4.5166,3.2349,262.2681,1.7046,,
DATA,A004,2,257,930527,-1.1798,1.0884,0.4557,14.4653,13.9160,249.2065,1.6686,,
DATA,A004,2,258,930537,-1.2630,1.1712,0.4405,23.7427,25.0244,241.5771,1.7779,,
DATA,A004,2,259,930547,-1.4039,1.2701,0.5087,26.0620,53.7109,211.0596,1.9603,,
DATA,A004,2,260,930557,-1.4073,1.3226,0.4833,27.4658,65.6128,191.2231,1.9908,,
DATA,A004,2,261,930567,-1.3712,1.4041,0.4784,36.9873,54.2603,177.4292,2.0200,,
DATA,A004,2,262,930577,-1.2955,1.4857,0.5143,47.6074,42.9077,161.1328,2.0372,,
DATA,A004,2,263,930587,-1.1664,1.5777,0.5428,55.6641,31.4331,138.5498,2.0357,,
DATA,A004,2,264,930597,-1.0734,1.5679,0.5829,49.8047,33.0200,129.1504,1.9875,,
DATA,A004,2,265,930607,-0.9374,1.3939,0.5660,27.4658,36.1328,119.6899,1.7725,,
DATA,A004,2,266,930617,-0.8539,1.2037,0.5121,14.4043,33.8135,117.1265,1.5621,,
DATA,A004,2,267,930627,-0.7713,1.0084,0.4508,7.9956,31.5552,114.8071,1.3472,,
DATA,A004,2,268,930637,-0.6586,0.7696,0.3758,9.3994,26.5503,111.5112,1.0804,,
DATA,A004,2,269,930647,-0.5848,0.6509,0.3185,12.9395,27.9541,111.4502,0.9312,,
DATA,A004,2,270,930657,-0.5240,0.5164,0.2247,18.9819,31.1890,114.0747,0.7693,,
DATA,A004,2,271,930667,-0.5138,0.4583,0.1683,24.7192,33.1421,115.6616,0.7088,,
DATA,A004,2,272,930677,-0.5316,0.4451,0.1434,38.4521,30.7007,117.0044,0.7080,,
DATA,A004,2,273,930687,-0.5365,0.4896,0.1608,49.0112,26.9775,118.1641,0.7439,,
DATA,A004,2,274,930697,-0.5572,0.5853,0.1979,57.7393,16.6626,120.6665,0.8320,,
DATA,A004,2,275,930707,-0.5533,0.6326,0.2462,55.2979,10.0708,120.3613,0.8758,,
DATA,A004,2,276,930717,-0.5336,0.6653,0.2872,42.8467,-1.3428,117.4316,0.8999,,
DATA,A004,2,277,930727,-0.5196,0.6409,0.2794,31.5552,-7.8735,114.7461,0.8711,,
DATA,A004,2,278,930737,-0.4960,0.5574,0.2472,16.8457,-10.9253,109.4360,0.7860,,
DATA,A004,2,279,930747,-0.4679,0.4952,0.2213,11.1084,-7.6904,104.0649,0.7163,,
DATA,A004,2,280,930757,-0.4127,0.4097,0.1908,8.2397,3.6011,94.9097,0.6120,,
DATA,A004,2,281,930767,-0.3641,0.3655,0.2194,8.7280,12.7563,89.2944,0.5606,,
DATA,A004,2,282,930777,-0.3043,0.3277,0.2826,9.5215,24.4141,82.5806,0.5290,,
DATA,A004,2,283,930787,-0.2701,0.3123,0.2748,5.3101,28.5034,81.3599,0.4960,,
DATA,A004,2,284,930797,-0.2535,0.2750,0.2362,-6.6528,25.0854,81.7871,0.4423,,
DATA,A004,2,285,930807,-0.2628,0.2542,0.2330,-15.0146,19.1040,81.8481,0.4336,,
DATA,A004,2,286,930817,-0.2914,0.2376,0.2218,-24.7192,11.3525,78.0640,0.4365,,
DATA,A004,2,287,930827,-0.2955,0.2320,0.1962,-30.4565,7.6904,74.2188,0.4238,,
DATA,A004,2,288,930837,-0.3041,0.2108,0.1720,-39.7339,2.6245,68.9697,0.4080,,
DATA,A004,2,289,930847,-0.2975,0.1878,0.1510,-46.3867,2.0752,66.6504,0.3828,,
DATA,A004,2,290,930857,-0.2474,0.1290,0.1105,-55.3589,8.4839,59.5093,0.3001,,
DATA,A004,2,291,930867,-0.1952,0.0809,0.0878,-58.3496,18.8599,53.1006,0.2288,,
DATA,A004,2,292,930877,-0.1188,-0.0004,0.0680,-58.4106,42.2974,42.4194,0.1368,,
DATA,A004,2,293,930887,-0.0865,-0.0373,0.0777,-55.8472,62.5000,35.2783,0.1222,,
DATA,A004,2,294,930897,-0.0897,-0.0715,0.1051,-50.7202,94.9097,23.6816,0.1556,,
DATA,A004,2,295,930907,-0.1520,-0.0761,0.1422,-47.4243,115.1123,16.1743,0.2216,,
DATA,A004,2,296,930917,-0.2660,-0.0317,0.2294,-41.5649,138.7329,1.8311,0.3526,,
DATA,A004,2,297,930927,-0.3334,0.0206,0.2880,-39.4897,145.0195,-9.2773,0.4410,,
DATA,A004,2,298,930937,-0.4049,0.0689,0.3285,-42.9688,142.6392,-17.8833,0.5259,,
DATA,A004,2,299,930947,-0.5172,0.1153,0.3702,-56.1523,127.7466,-29.0527,0.6464,,
DATA,A004,2,300,930957,-0.6214,0.1390,0.3505,-69.7632,104.3091,-41.4429,0.7269,,
DATA,A004,2,301,930967,-0.6900,0.1395,0.3168,-74.3408,87.2803,-46.8140,0.7720,,
DATA,A004,2,302,930977,-0.7950,0.1768,0.2775,-68.4814,68.9087,-46.6919,0.8604,,
DATA,A004,2,303,930987,-0.8797,0.2603,0.2372,-54.1382,64.5752,-41.7480,0.9476,,
DATA,A004,2,304,930997,-0.9562,0.3860,0.1981,-32.1045,67.8101,-33.9355,1.0500,,
DATA,A004,2,305,931007,-1.0121,0.6400,0.2789,10.0098,80.7495,-21.4233,1.2295,,
DATA,A004,2,306,931017,-0.9984,0.8511,0.4493,34.7900,85.9985,-9.2773,1.3868,,
DATA,A004,2,307,931027,-1.1271,1.1631,0.5040,35.9497,79.4678,23.3765,1.6962,,
DATA,A004,2,308,931037,-1.2779,1.1971,0.3712,10.4980,71.5332,42.3584,1.7900,,
DATA,A004,2,309,931047,-1.4960,0.9297,0.0880,-28.5034,55.5420,45.7764,1.7635,,
DATA,A004,2,310,931057,-1.5069,0.6448,-0.0272,-38.2690,38.9404,34.2407,1.6393,,
DATA,A004,2,311,931067,-1.2552,0.1700,-0.0741,-30.5176,7.1411,-5.8594,1.2689,,
DATA,A004,2,312,931077,-1.0106,-0.0952,-0.0214,-17.9443,-15.0757,-49.8047,1.0153,,
DATA,A004,2,313,931087,-0.7162,-0.2214,-0.0783,10.3149,-10.8643,-117.0654,0.7537,,
DATA,A004,2,314,931097,-0.6232,-0.0978,-0.1259,42.3584,10.7422,-136.4746,0.6432,,
DATA,A004,2,315,931107,-0.6595,0.3577,0.0028,113.7085,35.4004,-138.3667,0.7503,,
DATA,A004,2,316,931117,-0.7218,0.7369,0.1132,149.2310,45.1050,-138.3667,1.0377,,
DATA,A004,2,317,931127,-0.8058,1.1873,0.1913,148.5596,32.5928,-129.2725,1.4476,,
DATA,A004,2,318,931137,-0.8544,1.3184,0.1581,121.7651,13.8550,-116.7603,1.5790,,
DATA,A004,2,319,931147,-0.8539,1.2379,0.0160,87.2192,-14.4653,-107.7881,1.5039,,
DATA,A004,2,320,931157,-0.8094,1.1317,-0.0184,84.7168,-33.3862,-109.7412,1.3915,,
DATA,A004,2,321,931167,-0.7257,1.0718,0.0179,97.4121,-57.3120,-113.8306,1.2945,,
DATA,A004,2,322,931177,-0.6590,1.0616,0.0467,101.3184,-66.1621,-117.4927,1.2504,,
DATA,A004,2,323,931187,-0.5792,0.9808,0.0555,96.4966,-65.0024,-126.7090,1.1404,,
DATA,A004,2,324,931197,-0.5328,0.8858,0.0546,93.2007,-59.0210,-134.5215,1.0351,,
DATA,A004,2,325,931207,-0.4728,0.7469,0.0702,93.4448,-45.5933,-143.3716,0.8867,,
DATA,A004,2,326,931217,-0.4549,0.6846,0.0922,96.6797,-35.1562,-148.0103,0.8272,,
DATA,A004,2,327,931227,-0.4496,0.6172,0.1600,98.9380,-24.4751,-156.1279,0.7802,,
DATA,A004,2,328,931237,-0.5079,0.5904,0.2147,96.6797,-23.3154,-161.1938,0.8079,,
DATA,A004,2,329,931247,-0.5304,0.5767,0.2662,90.8813,-23.9868,-176.0254,0.8275,,
DATA,A004,2,330,931257,-0.5155,0.5994,0.2342,84.7778,-28.9917,-187.3169,0.8246,,
DATA,A004,2,331,931267,-0.4425,0.6207,0.2125,68.5425,-36.2549,-204.2236,0.7913,,
DATA,A004,2,332,931277,-0.3773,0.6519,0.2032,56.2134,-38.0859,-218.7500,0.7802,,
DATA,A004,2,333,931287,-0.3487,0.6885,0.1783,42.2974,-39.6729,-231.0181,0.7922,,
DATA,A004,2,334,931297,-0.3050,0.7195,0.1085,16.7236,-39.9780,-247.4976,0.7890,,
DATA,A004,2,335,931307,-0.2665,0.7054,0.0760,0.7935,-42.3584,-255.9814,0.7579,,
DATA,A004,2,336,931317,-0.1964,0.6775,-0.0192,-20.0806,-63.4766,-259.3994,0.7057,,
DATA,A004,2,337,931327,-0.2733,0.7598,0.2609,-25.7568,-65.0024,-256.2866,0.8486,,
DATA,A004,2,338,931337,0.1215,0.8099,0.1986,-41.0156,-83.6792,-255.4932,0.8427,,
DATA,A004,2,339,931347,0.2655,0.6917,0.2584,-70.0684,-116.4551,-225.7690,0.7847,,
DATA,A004,2,340,931357,0.4962,0.5491,0.6290,-108.2153,-139.4653,-199.5850,0.9713,,
DATA,A004,2,341,931367,0.4572,0.5018,0.5392,-133.1177,-137.5732,-186.2793,0.8669,,
DATA,A004,2,342,931377,0.3165,0.3543,0.3068,-159.3018,-101.7456,-168.7012,0.5655,,
DATA,A004,2,343,931387,0.2277,0.2613,0.2540,-153.5645,-80.8716,-161.9263,0.4297,,
DATA,A004,2,344,931397,0.1007,0.2388,0.2162,-130.8594,-61.8896,-141.9067,0.3375,,
DATA,A004,2,345,931407,-0.0182,0.2794,0.2069,-118.6523,-52.9785,-129.6387,0.3481,,
DATA,A004,2,346,931417,-0.1192,0.3338,0.1456,-107.1167,-23.9868,-125.1831,0.3832,,
DATA,A004,2,347,931427,-0.0936,0.3069,0.1056,-98.0225,-2.2583,-120.6665,0.3378,,
DATA,A004,2,348,931437,-0.0326,0.1824,0.1100,-76.0498,33.0200,-97.3511,0.2155,,
DATA,A004,2,349,931447,-0.1466,0.0794,0.1739,-56.5796,59.3262,-78.8574,0.2409,,
DATA,A004,2,350,931457,-0.5157,-0.0432,0.3829,-24.4751,125.3662,-63.3545,0.6438,,
DATA,A004,2,351,931467,-0.8336,-0.0639,0.5367,-4.6997,159.1187,-59.8755,0.9935,,
DATA,A004,2,352,931477,-1.3277,0.0154,0.7689,15.1367,177.7954,-51.8799,1.5344,,
DATA,A004,2,353,931487,-1.5926,0.1221,0.8512,18.1274,167.9077,-45.6543,1.8100,,
DATA,A004,2,354,931497,-1.7601,0.2271,0.7123,6.5308,136.1694,-39.5508,1.9123,,
DATA,A004,2,355,931507,-1.7836,0.2022,0.5804,-6.7749,100.2808,-34.1187,1.8865,,
DATA,A004,2,356,931517,-1.8810,0.0811,0.4674,-22.6440,39.8560,-27.6489,1.9399,,
DATA,A004,2,357,931527,-1.9200,0.0323,0.4440,-27.3438,13.9160,-30.5176,1.9710,,
DATA,A004,2,358,931537,-1.9042,-0.0148,0.4332,-25.3296,-31.7993,-36.8652,1.9529,,
DATA,A004,2,359,931547,-1.9247,0.0281,0.5011,-15.8081,-66.1621,-36.9873,1.9890,,
DATA,A004,2,360,931557,-1.8595,0.3035,0.5240,13.0005,-95.8252,-35.2783,1.9556,,
DATA,A004,2,361,931567,-1.7338,0.4473,0.5702,37.1704,-95.8252,-35.4004,1.8791,,
DATA,A004,2,362,931577,-1.5016,0.6714,0.6996,69.2749,-56.0913,-27.4048,1.7874,,
DATA,A004,2,363,931587,-1.3749,0.7320,0.7931,72.8760,-7.4463,-13.1226,1.7479,,
DATA,A004,2,364,931597,-1.3185,0.4744,0.7240,46.7529,72.5098,0.6714,1.5772,,
DATA,A004,2,365,931607,-1.3783,0.1180,0.5946,26.1230,96.0083,-3.6011,1.5057,,
DATA,A004,2,366,931617,-1.2379,-0.3886,0.1534,-6.8970,84.4116,-11.4136,1.3065,,
DATA,A004,2,367,931627,-1.2103,-0.6828,-0.0971,-32.4707,49.8047,-2.5024,1.3930,,
DATA,A004,2,368,931637,-1.2565,-0.9540,-0.1058,-42.3584,40.2222,-1.3428,1.5812,,
DATA,A004,2,369,931647,-1.5023,-1.0397,0.0587,-7.0801,33.1421,-29.1138,1.8280,,
DATA,A004,2,370,931657,-1.7052,-0.8317,0.1883,21.6064,11.2915,-44.0674,1.9065,,
DATA,A004,2,371,931667,-1.8207,-0.4540,0.4564,33.0811,-41.8091,-55.7251,1.9311,,
DATA,A004,2,372,931677,-1.7489,-0.2966,0.5751,17.9443,-79.5288,-56.5796,1.8647,,
DATA,A004,2,373,931687,-1.4418,-0.2329,0.7130,4.0283,-103.4546,-57.9224,1.6252,,
DATA,A004,2,374,931697,-1.0336,-0.2477,0.7779,9.6436,-93.5059,-70.6787,1.3171,,
DATA,A004,2,375,931707,-0.6857,-0.1984,0.9383,27.2827,-44.7388,-70.3125,1.1790,,
DATA,A004,2,376,931717,-0.7455,-0.1118,0.9386,34.9121,-8.0566,-64.1479,1.2038,,
DATA,A004,2,377,931727,-1.1263,-0.0720,0.8531,39.6118,57.5562,-59.8145,1.4148,,
DATA,A004,2,378,931737,-1.3790,-0.0983,0.7484,38.2690,83.6182,-59.0820,1.5721,,
DATA,A004,2,379,931747,-1.6451,-0.2058,0.5568,34.3018,82.3975,-49.3164,1.7489,,
DATA,A004,2,380,931757,-1.6515,-0.3112,0.4630,32.5928,57.8003,-46.5698,1.7432,,
DATA,A004,2,381,931767,-1.5113,-0.4208,0.3512,37.1704,17.7002,-41.7480,1.6077,,
DATA,A004,2,382,931777,-1.3224,-0.4501,0.3495,47.8516,-8.7891,-31.4331,1.4399,,
DATA,A004,2,383,931787,-0.8707,-0.4313,0.3636,55.1147,-54.3823,2.0752,1.0375,,
DATA,A004,2,384,931797,-0.6144,-0.3876,0.3754,49.0112,-52.2461,19.5312,0.8177,,
DATA,A004,2,385,931807,-0.4488,-0.3000,0.2430,36.7432,-15.3198,42.7856,0.5920,,
DATA,A004,2,386,931817,-0.4859,-0.3027,0.1759,31.9214,26.4893,66.8335,0.5989,,
DATA,A004,2,387,931827,-0.7096,-0.2028,0.1693,44.0063,57.4951,107.6660,0.7572,,
DATA,A004,2,388,931837,-0.8236,-0.0522,0.2269,60.3027,48.2788,132.2632,0.8559,,
DATA,A004,2,389,931847,-0.8790,0.2454,0.3407,77.0264,2.3804,171.3867,0.9741,,
DATA,A004,2,390,931857,-0.8058,0.4097,0.4481,79.1626,-27.4658,184.2651,1.0089,,
DATA,A004,2,391,931867,-0.5262,0.5743,0.6302,76.1719,-40.1611,189.6973,1.0020,,
DATA,A004,2,392,931877,-0.4100,0.5753,0.6525,68.6646,-6.3477,193.9697,0.9616,,
DATA,A004,2,393,931887,-0.4076,0.3799,0.6117,57.1289,78.3691,217.0410,0.8274,,
DATA,A004,2,394,931897,-0.4408,0.2840,0.4713,52.0630,129.6997,213.8062,0.7050,,
DATA,A004,2,395,931907,-0.4999,0.2095,0.0472,52.4902,196.7773,247.0093,0.5441,,
DATA,A004,2,396,931917,-0.6334,0.2886,-0.1608,64.8193,208.7402,273.7427,0.7144,,
DATA,A004,2,397,931927,-0.8854,0.5088,-0.3014,89.1113,185.1196,310.4858,1.0647,,
DATA,A004,2,398,931937,-1.0111,0.7305,-0.3771,98.3887,142.8833,316.7725,1.3031,,
DATA,A004,2,399,931947,-1.5719,1.2149,-0.1349,126.8311,72.8149,308.5938,1.9912,,
DATA,A004,2,400,931957,-1.5074,1.2310,0.1063,139.5264,55.1758,275.2075,1.9491,,
DATA,A004,2,401,931967,-1.8890,1.3875,0.5829,165.5273,38.6353,201.3550,2.4152,,
DATA,A004,2,402,931977,-1.7640,2.1800,0.8451,182.5562,48.8281,187.5610,2.9289,,
DATA,A004,2,403,931987,-1.7953,4.1385,0.8329,152.2827,67.5049,193.6646,4.5873,,
DATA,A004,2,404,931997,-2.1837,3.8641,0.7865,-22.2778,15.8691,200.9888,4.5076,,
DATA,A004,2,405,932007,-1.9562,2.5291,0.9122,-120.6055,29.3579,163.3911,3.3249,,
DATA,A004,2,406,932017,-1.7667,1.9087,0.7694,-167.9688,25.6348,78.5522,2.7123,,
DATA,A004,2,407,932027,-1.2955,1.4293,0.5643,-176.6968,50.9644,52.1240,2.0099,,
DATA,A004,2,408,932037,-0.2067,1.1085,0.2172,-98.3276,136.6577,159.1797,1.1483,,
DATA,A004,2,409,932047,-0.7814,1.2647,0.1881,17.3340,174.3164,259.5215,1.4985,,
DATA,A004,2,410,932057,-0.6061,1.3873,0.2164,-34.5459,211.7310,57.9224,1.5293,,
DATA,A004,2,411,932067,-0.2643,1.1973,0.0126,-107.7881,239.8071,39.6729,1.2262,,
DATA,A004,2,412,932077,-0.5465,0.8804,0.0416,-113.2202,221.6797,85.5713,1.0371,,
DATA,A004,2,413,932087,-0.5487,0.8108,-0.0807,-74.2188,189.6362,90.6372,0.9824,,
DATA,A004,2,414,932097,-0.4440,0.8567,0.0182,-28.9917,150.2075,83.1299,0.9651,,
DATA,A004,2,415,932107,-0.3863,0.9334,-0.0797,-28.0151,96.0693,92.5293,1.0133,,
DATA,A004,2,416,932117,-0.2296,0.8773,-0.0975,-40.4663,61.8896,100.7080,0.9120,,
DATA,A004,2,417,932127,-0.1356,0.8079,-0.0765,-40.5273,32.7759,100.0977,0.8228,,
DATA,A004,2,418,932137,-0.0387,0.7271,0.0741,-32.2266,24.3530,102.2339,0.7319,,
DATA,A004,2,419,932147,-0.0021,0.7176,0.1122,-30.5176,20.7520,105.1025,0.7263,,
DATA,A004,2,420,932157,0.0260,0.7039,0.0909,-38.0859,34.3628,108.9478,0.7102,,
DATA,A004,2,421,932167,0.0038,0.6832,0.0516,-44.1895,40.5273,113.9526,0.6851,,
DATA,A004,2,422,932177,-0.0458,0.6373,-0.0099,-48.9502,60.4248,117.9810,0.6390,,
DATA,A004,2,423,932187,-0.0926,0.5975,-0.0370,-49.9878,70.6177,119.1406,0.6057,,
DATA,A004,2,424,932197,-0.1612,0.5247,-0.0502,-50.7812,79.1626,119.0186,0.5512,,
DATA,A004,2,425,932207,-0.1913,0.4783,-0.0743,-53.6499,77.6367,119.6899,0.5205,,
DATA,A004,2,426,932217,-0.2484,0.3951,-0.0722,-56.8237,65.7349,125.9155,0.4722,,
DATA,A004,2,427,932227,-0.2855,0.3426,-0.0670,-55.7251,56.7627,128.2349,0.4510,,
DATA,A004,2,428,932237,-0.3175,0.2935,-0.0451,-49.0112,41.6260,128.4180,0.4347,,
DATA,A004,2,429,932247,-0.3202,0.2808,-0.0202,-43.3960,33.2642,127.3804,0.4264,,
DATA,A004,2,430,932257,-0.3226,0.2664,0.0287,-36.2549,22.5830,124.3896,0.4194,,
DATA,A004,2,431,932267,-0.3175,0.2645,0.0655,-33.6304,16.9678,122.0093,0.4184,,
DATA,A004,2,432,932277,-0.3236,0.2315,0.1197,-33.0811,7.6294,118.0420,0.4155,,
DATA,A004,2,433,932287,-0.3158,0.2086,0.1466,-34.6069,0.9155,114.9902,0.4058,,
DATA,A004,2,434,932297,-0.2958,0.1666,0.1783,-36.8652,-10.4980,110.3516,0.3834,,
DATA,A004,2,435,932307,-0.2782,0.1463,0.1937,-37.6587,-18.3716,107.6050,0.3692,,
DATA,A004,2,436,932317,-0.2638,0.1297,0.2172,-37.1704,-25.6348,104.7974,0.3655,,
DATA,A004,2,437,932327,-0.2582,0.1402,0.2391,-36.2549,-35.9497,101.5015,0.3788,,
DATA,A004,2,438,932337,-0.2650,0.1522,0.2438,-36.8652,-42.7856,99.2432,0.3909,,
DATA,A004,2,439,932347,-0.3319,0.1590,0.2792,-39.6118,-57.0068,94.1772,0.4619,,
DATA,A004,2,440,932357,-0.3746,0.1671,0.3126,-43.3960,-65.2466,87.9517,0.5157,,
DATA,A004,2,441,932367,-0.3910,0.1822,0.3209,-52.3071,-72.8760,75.9888,0.5376,,
DATA,A004,2,442,932377,-0.3661,0.2042,0.2716,-63.5986,-75.3784,68.4814,0.4995,,
DATA,A004,2,443,932387,-0.3390,0.2212,0.2111,-68.1152,-69.1528,66.3452,0.4565,,
DATA,A004,2,444,932397,-0.3067,0.2591,0.1066,-68.1152,-57.7393,67.2607,0.4154,,
DATA,A004,2,445,932407,-0.2684,0.3585,-0.0429,-53.4668,-27.8931,79.6509,0.4499,,
DATA,A004,2,446,932417,-0.2728,0.4669,-0.1102,-33.0200,-0.6714,90.8813,0.5518,,
DATA,A004,2,447,932427,-0.3832,0.6968,-0.1913,4.5776,45.7153,104.4312,0.8179,,
DATA,A004,2,448,932437,-0.4928,0.8646,-0.2084,26.1230,77.5757,110.3516,1.0167,,
DATA,A004,2,449,932447,-0.7071,1.1390,-0.1742,47.3022,107.0557,122.6196,1.3519,,
DATA,A004,2,450,932457,-0.8978,1.3431,-0.1195,52.3071,113.4644,132.6904,1.6199,,
DATA,A004,2,451,932467,-1.1146,1.6094,-0.0011,48.9502,106.0791,142.0898,1.9577,,
DATA,A004,2,452,932477,-1.1239,1.7286,0.1005,40.1001,101.1963,138.9160,2.0643,,
DATA,A004,2,453,932487,-1.0126,1.6407,0.2118,8.9111,94.9707,105.4077,1.9396,,
DATA,A004,2,454,932497,-0.9149,1.4061,0.2518,-14.7705,91.6138,66.3452,1.6963,,
DATA,A004,2,455,932507,-0.7723,1.0191,0.2472,-30.2124,99.2432,-0.1221,1.3024,,
DATA,A004,2,456,932517,-0.7255,0.8416,0.1896,-25.0854,102.7832,-39.1235,1.1272,,
DATA,A004,2,457,932527,-0.7338,0.7222,0.1019,-5.9204,99.1821,-87.2803,1.0346,,
DATA,A004,2,458,932537,-0.7499,0.7078,0.0704,8.1177,84.9609,-113.8916,1.0336,,
DATA,A004,2,459,932547,-0.7587,0.7330,0.0050,19.7754,47.8516,-142.3340,1.0549,,
DATA,A004,2,460,932557,-0.7301,0.7305,-0.0280,20.6299,22.4609,-155.5176,1.0332,,
DATA,A004,2,461,932567,-0.6713,0.6895,-0.0675,22.8271,-7.6904,-171.0205,0.9647,,
DATA,A004,2,462,932577,-0.6256,0.6663,-0.0805,28.6255,-19.8975,-179.5654,0.9175,,
DATA,A004,2,463,932587,-0.5362,0.6761,-0.0870,43.0908,-29.4800,-188.6597,0.8673,,
DATA,A004,2,464,932597,-0.5001,0.6981,-0.0651,52.0020,-32.5317,-191.1011,0.8612,,
DATA,A004,2,465,932607,-0.4706,0.7327,-0.0458,58.2275,-31.1279,-193.8477,0.8720,,
DATA,A004,2,466,932617,-0.4696,0.7315,-0.0324,58.5327,-28.2593,-197.2046,0.8699,,
DATA,A004,2,467,932627,-0.5030,0.6998,-0.0199,58.5938,-27.7710,-202.6367,0.8620,,
DATA,A004,2,468,932637,-0.5423,0.6697,-0.0140,59.2651,-34.2407,-207.8247,0.8619,,
DATA,A004,2,469,932647,-0.5323,0.6356,0.0052,62.8052,-57.3120,-218.3838,0.8291,,
DATA,A004,2,470,932657,-0.4940,0.6368,-0.0226,62.0728,-80.7495,-224.4873,0.8062,,
DATA,A004,2,471,932667,-0.4264,0.6233,-0.0670,57.8613,-104.7363,-231.7505,0.7582,,
DATA,A004,2,472,932677,-0.3050,0.5640,-0.0878,48.5229,-133.4229,-247.0093,0.6472,,
DATA,A004,2,473,932687,-0.2367,0.5264,-0.1205,41.6260,-141.2964,-259.2163,0.5896,,
DATA,A004,2,474,932697,-0.1324,0.4542,-0.1288,35.2783,-130.1270,-285.7056,0.4903,,
DATA,A004,2,475,932707,-0.1048,0.4212,-0.1054,35.6445,-113.6475,-303.3447,0.4467,,
DATA,A004,2,476,932717,-0.0743,0.4500,-0.1271,42.6636,-83.2520,-325.2563,0.4735,,
DATA,A004,2,477,932727,-0.0668,0.5064,-0.1412,48.8281,-68.2983,-335.0220,0.5300,,
DATA,A004,2,478,932737,-0.0572,0.5794,-0.1444,55.3589,-46.8140,-341.3086,0.5999,,
DATA,A004,2,479,932747,-0.0848,0.6002,-0.1478,55.6641,-35.4004,-342.8345,0.6239,,
DATA,A004,2,480,932757,-0.2008,0.5984,-0.0651,56.8848,-20.0806,-344.1772,0.6346,,
DATA,A004,2,481,932767,-0.2616,0.6070,0.0143,60.1196,-13.6108,-345.7642,0.6611,,
DATA,A004,2,482,932777,-0.3588,0.6673,0.1312,64.0259,-25.0244,-341.0645,0.7689,,
DATA,A004,2,483,932787,-0.4266,0.7322,0.2623,62.6221,-47.4854,-332.3364,0.8871,,
DATA,A004,2,484,932797,-0.5113,0.8621,0.4664,49.0723,-97.7783,-316.1011,1.1056,,
DATA,A004,2,485,932807,-0.5450,0.9678,0.4991,30.2734,-139.3433,-303.5889,1.2177,,
DATA,A004,2,486,932817,-0.4022,1.0479,0.4235,-8.2397,-196.9604,-285.0952,1.1997,,
DATA,A004,2,487,932827,-0.2474,1.0501,0.3473,-33.3862,-229.6753,-270.0195,1.1334,,
DATA,A004,2,488,932837,-0.0433,1.0340,0.3729,-56.8848,-236.5112,-250.6714,1.1000,,
DATA,A004,2,489,932847,0.1679,1.0674,0.4000,-62.3779,-208.5571,-244.1406,1.1522,,
DATA,A004,2,490,932857,0.1120,1.2115,0.5394,-63.9648,-126.5869,-226.0742,1.3309,,
DATA,A004,2,491,932867,0.1847,1.1524,0.5770,-61.5234,-35.8276,-219.7876,1.3020,,
DATA,A004,2,492,932877,0.0536,1.0718,0.9835,-55.7861,66.8945,-189.1479,1.4557,,
DATA,A004,2,493,932887,-0.2867,1.0745,1.2128,-59.8145,132.4463,-183.0444,1.6455,,
DATA,A004,2,494,932897,-0.7777,0.9410,1.1573,-83.8623,185.3638,-179.6875,1.6822,,
DATA,A004,2,495,932907,-1.1207,0.7120,0.8788,-95.8252,183.1055,-164.8560,1.5922,,
DATA,A004,2,496,932917,-1.4779,0.3795,0.5870,-85.3882,142.3950,-148.6816,1.6349,,
DATA,A004,2,497,932927,-1.6564,0.1988,0.4911,-72.0215,98.1445,-142.7612,1.7390,,
DATA,A004,2,498,932937,-1.6332,-0.0185,0.3995,-56.4575,42.6025,-139.2822,1.6814,,
DATA,A004,2,499,932947,-1.4908,-0.1181,0.3153,-41.1987,2.8687,-136.4136,1.5284,,
DATA,A004,2,500,932957,-1.3483,-0.1957,0.2743,-13.0005,-55.0537,-130.6763,1.3897,,
DATA,A004,2,501,932967,-1.2599,-0.1975,0.2648,9.2163,-75.5615,-130.6763,1.3024,,
DATA,A004,2,502,932977,-1.0201,-0.1254,0.4374,45.7153,-89.1724,-133.1177,1.1170,,
DATA,A004,2,503,932987,-0.9733,0.0386,0.6583,70.3125,-100.2197,-115.6006,1.1756,,
DATA,A004,2,504,932997,-1.2477,0.3489,0.8885,82.3364,-83.1299,-72.0215,1.5710,,
DATA,A004,2,505,933007,-1.5475,0.2984,1.1698,58.8379,-47.4243,-70.4346,1.9627,,
DATA,A004,2,506,933017,-2.0675,-0.0141,1.3973,29.6021,74.8291,-112.9150,2.4954,,
DATA,A004,2,507,933027,-2.4625,-0.2253,0.9852,53.3447,166.4429,-172.1191,2.6618,,
DATA,A004,2,508,933037,-2.4188,-0.3383,0.3290,49.2554,120.7275,-223.9990,2.4644,,
DATA,A004,2,509,933047,-1.6341,-0.5571,-0.1766,33.9355,-5.2490,-212.7075,1.7355,,
DATA,A004,2,510,933057,-1.2997,-0.6794,-0.1871,36.5601,-21.9116,-214.1724,1.4784,,
DATA,A004,2,511,933067,-1.6339,-0.6425,0.1835,88.3789,-64.8193,-182.8613,1.7653,,
DATA,A004,2,512,933077,-1.4103,-0.4628,0.4386,95.5811,-102.8442,-150.7568,1.5477,,
DATA,A004,2,513,933087,-0.6937,-0.2836,0.7533,70.3125,-69.7021,-53.3447,1.0626,,
DATA,A004,2,514,933097,-0.6078,-0.3459,0.9413,35.7056,-40.7104,-25.4517,1.1726,,
DATA,A004,2,515,933107,-0.5660,-0.5529,1.0519,-19.0430,32.2876,-86.9141,1.3163,,
DATA,A004,2,516,933117,-0.7460,-0.6525,1.1573,-40.4053,26.7944,-96.2524,1.5237,,
DATA,A004,2,517,933127,-1.1100,-0.7116,1.2101,-33.9966,9.3994,-23.2544,1.7896,,
DATA,A004,2,518,933137,-1.3126,-0.5895,1.2631,-22.5830,-28.0762,0.0610,1.9146,,
DATA,A004,2,519,933147,-1.2247,-0.4374,1.0138,-33.4473,-86.7310,25.0244,1.6490,,
DATA,A004,2,520,933157,-0.9540,-0.5014,0.7616,-45.3491,-111.2061,44.3726,1.3196,,
DATA,A004,2,521,933167,-0.4491,-0.7206,0.5504,-38.6963,-54.6875,56.7017,1.0119,,
DATA,A004,2,522,933177,0.2743,-0.7473,0.3819,-14.4653,43.2739,59.0820,0.8829,,
DATA,A004,2,523,933187,0.1813,-0.6252,0.2482,-11.2915,409.6069,36.3159,0.6966,,
DATA,A004,2,524,933197,-1.1503,-0.5082,0.0460,6.2866,452.8809,103.7598,1.2584,,
DATA,A004,2,525,933207,-1.7530,-0.3376,-0.0292,11.4136,367.3706,125.5493,1.7855,,
DATA,A004,2,526,933217,-1.5631,-0.3669,-0.0033,-3.7842,287.0483,136.5967,1.6056,,
DATA,A004,2,527,933227,-1.1942,-0.5666,0.1529,-15.0757,194.6411,162.2925,1.3306,,
DATA,A004,2,528,933237,-1.0743,-0.5698,0.2203,-4.3335,150.2686,190.7959,1.2359,,
DATA,A004,2,529,933247,-1.2132,-0.1596,0.3993,17.4561,100.4639,229.0649,1.2872,,
DATA,A004,2,530,933257,-1.1903,0.3113,0.4674,17.0898,33.0200,203.5522,1.3161,,
DATA,A004,2,531,933267,-0.2201,0.8111,0.4310,-6.1035,17.9443,226.3794,0.9445,,
DATA,A004,2,532,933277,-0.2572,0.8416,0.3202,-31.7993,68.6035,260.6201,0.9365,,
DATA,A004,2,533,933287,-0.7103,0.5540,0.1542,-36.3770,158.3252,308.2886,0.9139,,
DATA,A004,2,534,933297,-0.4877,0.5765,-0.0272,-31.7383,170.8374,318.1763,0.7556,,
DATA,A004,2,535,933307,-0.1695,0.6861,-0.0687,-14.1602,236.9385,339.5996,0.7101,,
DATA,A004,2,536,933317,-0.4859,0.8379,-0.1332,-4.6997,280.5786,361.5112,0.9778,,
DATA,A004,2,537,933327,-1.0160,0.6888,-0.1151,-29.0527,270.1416,364.9902,1.2328,,
DATA,A004,2,538,933337,-1.2862,0.5941,-0.1661,-35.0342,213.1348,361.3892,1.4265,,
DATA,A004,2,539,933347,-1.9662,0.9254,-0.0509,-26.4282,125.7935,381.2256,2.1736,,
DATA,A004,2,540,933357,-2.0687,2.1065,0.2674,-11.2915,-9.2773,345.2148,2.9645,,
DATA,A004,2,541,933367,-1.1857,2.8580,0.3849,-35.7666,-19.7144,273.1323,3.1180,,
DATA,A004,2,542,933377,-1.3002,2.8873,0.2508,-60.1807,29.4189,233.9478,3.1764,,
DATA,A004,2,543,933387,-1.8692,2.5184,0.3133,-86.4868,60.9741,190.6738,3.1519,,
DATA,A004,2,544,933397,-1.6600,2.1287,0.3739,-103.8208,48.5229,128.5400,2.7252,,
DATA,A004,2,545,933407,-1.1476,2.2393,0.4025,-78.2471,97.1680,185.1196,2.5482,,
DATA,A004,2,546,933417,-1.5033,1.9976,0.4667,-68.2983,154.6021,187.7441,2.5432,,
DATA,A004,2,547,933427,-1.4718,1.7418,0.4278,-89.4775,133.1177,175.3540,2.3201,,
DATA,A004,2,548,933437,-0.8617,1.4332,0.4547,-121.2158,64.3311,70.2515,1.7330,,
DATA,A004,2,549,933447,-0.5047,1.4542,0.4457,-118.9575,67.1997,124.8169,1.6025,,
DATA,A004,2,550,933457,-1.2381,1.4520,0.3456,-62.4390,-10.3760,360.5957,1.9392,,
DATA,A004,2,551,933467,-0.6000,1.2830,0.3524,-137.0239,-33.8135,76.6602,1.4595,,
DATA,A004,2,552,933477,-0.9557,0.9410,0.1918,-138.2446,-57.0068,203.9795,1.3548,,
DATA,A004,2,553,933487,-0.8334,0.8707,0.0699,-119.5679,-150.0244,215.3931,1.2072,,
DATA,A004,2,554,933497,-0.2318,0.7969,-0.0944,-93.2007,-83.6792,111.4502,0.8353,,
DATA,A004,2,555,933507,-0.1554,0.8716,-0.0565,-65.7959,-74.2798,119.0186,0.8872,,
DATA,A004,2,556,933517,-0.0489,0.9688,-0.1639,-44.9219,-43.1519,147.5830,0.9838,,
DATA,A004,2,557,933527,-0.0748,0.9537,-0.1339,-37.0483,1.2207,141.5405,0.9659,,
DATA,A004,2,558,933537,-0.1388,0.8753,-0.1600,-30.5176,47.3633,130.1270,0.9006,,
DATA,A004,2,559,933547,-0.1817,0.8023,-0.1366,-25.2075,63.7207,126.7090,0.8339,,
DATA,A004,2,560,933557,-0.2513,0.7032,-0.1073,-15.6860,65.4297,125.9155,0.7544,,
DATA,A004,2,561,933567,-0.2997,0.6695,-0.0675,-9.2163,54.1382,126.1597,0.7366,,
DATA,A004,2,562,933577,-0.3453,0.6824,0.0091,0.5493,23.2544,126.9531,0.7649,,
DATA,A004,2,563,933587,-0.3568,0.7408,0.0743,5.3101,-4.3945,127.5635,0.8256,,
DATA,A004,2,564,933597,-0.3321,0.8499,0.1205,3.8452,-46.5088,129.5776,0.9204,,
DATA,A004,2,565,933607,-0.2994,0.8680,0.1239,-6.4087,-71.0449,131.0425,0.9265,,
DATA,A004,2,566,933617,-0.2233,0.7598,0.1036,-28.8086,-93.5669,132.0190,0.7987,,
DATA,A004,2,567,933627,-0.1954,0.6400,0.0919,-39.8560,-101.6846,133.8501,0.6754,,
DATA,A004,2,568,933637,-0.1866,0.4703,0.2994,-39.6729,-113.7085,133.6060,0.5879,,
DATA,A004,2,569,933647,-0.1659,0.4837,0.5360,-32.2876,-122.9248,131.7749,0.7408,,
DATA,A004,2,570,933657,-0.0170,0.6722,0.5143,-49.9268,-127.3193,143.0054,0.8465,,
DATA,A004,2,571,933667,0.1342,0.7115,0.3707,-89.8438,-117.0654,154.9072,0.8134,,
DATA,A004,2,572,933677,0.3263,0.5970,0.0360,-149.7192,-46.6919,168.3960,0.6813,,
DATA,A004,2,573,933687,0.4655,0.4390,-0.1361,-167.7856,24.5972,174.0723,0.6542,,
DATA,A004,2,574,933697,0.6090,0.3289,-0.2533,-160.5225,111.9995,175.0488,0.7371,,
DATA,A004,2,575,933707,0.6781,0.2813,-0.5475,-134.8267,251.8311,186.8896,0.9158,,
DATA,A004,2,576,933717,0.5880,0.2659,-0.6947,-118.5303,346.4355,193.5425,0.9482,,
DATA,A004,2,577,933727,0.2391,0.2215,-0.7638,-98.1445,449.4629,188.2324,0.8304,,
DATA,A004,2,578,933737,-0.1012,0.1873,-0.7362,-89.6606,474.1211,178.1006,0.7664,,
DATA,A004,2,579,933747,-0.5865,0.0889,-0.5458,-83.7402,455.6885,155.3955,0.8061,,
DATA,A004,2,580,933757,-0.8307,0.0396,-0.2965,-79.2847,412.6587,135.3760,0.8829,,
DATA,A004,2,581,933767,-1.0814,0.0726,0.0746,-77.0874,323.0591,107.7881,1.0864,,
DATA,A004,2,582,933777,-1.1544,0.1807,0.1449,-80.6274,253.2349,95.3979,1.1774,,
DATA,A004,2,583,933787,-1.1034,0.2969,0.0704,-88.9893,144.6533,77.8198,1.1448,,
DATA,A004,2,584,933797,-1.0148,0.3582,-0.0331,-86.4868,83.6792,66.8945,1.0766,,
DATA,A004,2,585,933807,-0.9269,0.4839,-0.2252,-70.6177,19.5312,54.0771,1.0696,,
DATA,A004,2,586,933817,-0.8783,0.5953,-0.2831,-53.5889,-5.9814,46.5698,1.0981,,
DATA,A004,2,587,933827,-0.7919,0.8462,-0.2911,-18.9819,-29.7852,37.5366,1.1950,,
DATA,A004,2,588,933837,-0.7079,1.0618,-0.2924,7.2021,-35.1562,33.5083,1.3092,,
DATA,A004,2,589,933847,-0.5807,1.3846,-0.2868,39.9170,-25.6348,27.6489,1.5286,,
DATA,A004,2,590,933857,-0.4576,1.5709,-0.1124,49.7437,-10.3760,23.0103,1.6400,,
DATA,A004,2,591,933867,-0.4740,1.7347,0.0004,32.6538,7.3242,24.0479,1.7983,,
DATA,A004,2,592,933877,-0.5753,1.5911,-0.0075,10.4980,18.8599,22.0337,1.6920,,
DATA,A004,2,593,933887,-0.6139,1.0982,0.0853,-1.0376,18.9209,5.0659,1.2610,,
DATA,A004,2,594,933897,-0.5638,0.7903,0.1205,4.3335,13.8550,-11.7798,0.9783,,
DATA,A004,2,595,933907,-0.4305,0.4515,0.1019,14.3433,17.3340,-41.4429,0.6321,,
DATA,A004,2,596,933917,-0.3524,0.3182,0.0931,25.2075,28.7476,-59.8145,0.4838,,
DATA,A004,2,597,933927,-0.3255,0.3267,0.0392,48.8281,55.7251,-79.6509,0.4629,,
DATA,A004,2,598,933937,-0.3944,0.4053,0.0033,63.1104,70.4956,-89.2334,0.5656,,
DATA,A004,2,599,933947,-0.5487,0.5460,-0.0465,73.3643,71.8994,-102.5391,0.7754,,
DATA,A004,2,600,933957,-0.6791,0.6172,-0.0910,73.7305,56.7627,-109.3750,0.9222,,
DATA,A004,2,601,933967,-0.8309,0.6949,-0.1395,76.2939,11.3525,-119.2017,1.0921,,
DATA,A004,2,602,933977,-0.8741,0.7657,-0.1513,82.4585,-28.9917,-126.5869,1.1719,,
DATA,A004,2,603,933987,-0.7794,0.9156,-0.0609,93.5669,-96.0693,-137.5122,1.2039,,
DATA,A004,2,604,933997,-0.6688,1.0372,-0.0070,93.8721,-138.4888,-141.0522,1.2341,,
DATA,A004,2,605,934007,-0.4569,1.1317,0.0179,78.8574,-181.2134,-145.4468,1.2205,,
DATA,A004,2,606,934017,-0.3234,1.0994,0.0367,66.5894,-190.7349,-151.9165,1.1466,,
DATA,A004,2,607,934027,-0.2001,0.9517,0.0675,56.5796,-183.2275,-165.5884,0.9749,,
DATA,A004,2,608,934037,-0.1896,0.8116,0.0697,54.5044,-167.0532,-176.3306,0.8363,,
DATA,A004,2,609,934047,-0.2064,0.6612,0.0839,56.2134,-147.6440,-189.9414,0.6977,,
DATA,A004,2,610,934057,-0.2213,0.4564,0.2013,67.6270,-127.0142,-215.2710,0.5457,,
DATA,A004,2,611,934067,-0.2340,0.4092,0.2533,75.9888,-123.9014,-228.7598,0.5351,,
DATA,A004,2,612,934077,-0.2386,0.3875,0.1949,72.1436,-132.6294,-243.8965,0.4951,,
DATA,A004,2,613,934087,-0.1937,0.3497,0.1376,62.2559,-139.2212,-258.6670,0.4227,,
DATA,A004,2,614,934097,-0.1117,0.2884,0.0267,50.9644,-142.0898,-282.7148,0.3104,,
DATA,A004,2,615,934107,-0.0502,0.2723,-0.0494,49.7437,-135.0098,-296.5698,0.2812,,
DATA,A004,2,616,934117,0.0101,0.3043,-0.1388,61.2183,-108.6426,-315.1855,0.3346,,
DATA,A004,2,617,934127,0.0258,0.3633,-0.1532,75.8057,-84.1064,-324.6460,0.3952,,
DATA,A004,2,618,934137,-0.0069,0.5071,-0.0853,100.2197,-50.5981,-333.0688,0.5143,,
DATA,A004,2,619,934147,-0.0599,0.6273,0.0072,111.5723,-34.7290,-332.5806,0.6302,,
DATA,A004,2,620,934157,-0.1505,0.7877,0.2108,113.0981,-26.8555,-325.5615,0.8292,,
DATA,A004,2,621,934167,-0.2313,0.8802,0.3102,102.0508,-32.9590,-317.0166,0.9615,,
DATA,A004,2,622,934177,-0.3463,0.9219,0.3160,70.4346,-56.6406,-302.6733,1.0343,,
DATA,A004,2,623,934187,-0.3671,0.8658,0.2760,49.8047,-76.5991,-296.4478,0.9800,,
DATA,A004,2,624,934197,-0.3937,0.7488,0.2125,35.7056,-100.3418,-290.9546,0.8723,,
DATA,A004,2,625,934207,-0.4100,0.7339,0.2003,38.5742,-99.8535,-293.4570,0.8642,,
DATA,A004,2,626,934217,-0.3788,0.8067,0.3314,53.7109,-74.8901,-304.9316,0.9508,,
DATA,A004,2,627,934227,-0.4361,0.8787,0.5016,60.4248,-49.9878,-308.8989,1.1018,,
DATA,A004,2,628,934237,-0.6356,0.9324,0.6559,50.4150,-9.5825,-311.7065,1.3052,,
DATA,A004,2,629,934247,-0.8302,0.8834,0.7286,38.0859,0.2441,-312.3169,1.4144,,
DATA,A004,2,630,934257,-1.1122,0.8028,0.8561,33.5083,-13.3667,-309.9365,1.6169,,
DATA,A004,2,631,934267,-1.2154,0.8050,0.8793,40.9546,-32.7148,-308.5327,1.7025,,
DATA,A004,2,632,934277,-1.2076,0.9078,0.8812,61.3403,-73.9746,-308.2275,1.7490,,
DATA,A004,2,633,934287,-1.1153,1.0062,0.9171,72.5708,-98.6328,-307.9224,1.7600,,
DATA,A004,2,634,934297,-0.9960,1.0789,1.0787,73.7915,-120.7275,-303.4058,1.8220,,
DATA,A004,2,635,934307,-1.0045,1.0591,1.1471,63.8428,-131.1035,-298.7671,1.8565,,
DATA,A004,2,636,934317,-0.9960,0.8919,1.1605,44.6777,-150.6348,-294.1895,1.7704,,
DATA,A004,2,637,934327,-1.0018,0.7408,1.0880,38.2080,-170.4712,-289.4897,1.6541,,
DATA,A004,2,638,934337,-0.9449,0.5381,0.9745,41.1987,-197.6929,-284.9731,1.4602,,
DATA,A004,2,639,934347,-0.8924,0.4073,0.9322,45.5322,-218.3838,-279.9683,1.3533,,
DATA,A004,2,640,934357,-0.8456,0.2388,0.9698,45.0439,-246.7041,-267.3950,1.3087,,
DATA,A004,2,641,934367,-0.7755,0.1566,1.0602,44.4946,-251.0986,-257.8735,1.3228,,
DATA,A004,2,642,934377,-0.6932,0.0826,1.3622,46.8140,-250.0000,-233.6426,1.5307,,
DATA,A004,2,643,934387,-0.6273,0.2054,1.5311,50.4150,-233.0322,-201.1719,1.6673,,
DATA,A004,2,644,934397,-0.6217,0.2166,1.4186,33.1421,-196.0449,-175.7202,1.5639,,
DATA,A004,2,645,934407,-0.1195,-0.2238,1.4596,-11.6577,-11.9629,-188.4155,1.4815,,
DATA,A004,2,646,934417,-0.3739,-0.4484,0.8683,2.2583,230.2246,-210.3882,1.0463,,
DATA,A004,2,647,934427,-1.4779,-0.4399,0.2277,59.9365,254.0283,-156.4331,1.5587,,
DATA,A004,2,648,934437,-2.0101,-0.2687,0.2816,92.1021,65.9790,-113.7695,2.0475,,
DATA,A004,2,649,934447,-2.0016,0.0377,0.4845,47.9736,-241.0278,-96.9238,2.0597,,
DATA,A004,2,650,934457,-1.7801,0.0272,0.4979,-13.2446,-394.4092,-67.8101,1.8487,,
DATA,A004,2,651,934467,-1.4794,-0.2267,0.3402,-72.0215,-523.1323,-15.4419,1.5348,,
DATA,A004,2,652,934477,-1.2599,-0.4035,0.3932,-74.7070,-500.8545,-10.3149,1.3801,,
DATA,A004,2,653,934487,-0.6127,-0.3801,0.7447,-32.8979,-358.7646,-20.8130,1.0366,,
DATA,A004,2,654,934497,-0.2533,-0.1642,1.0157,4.9438,-214.4165,-25.0244,1.0596,,
DATA,A004,2,655,934507,0.0204,0.1893,1.1224,25.6348,1.8311,-23.3154,1.1385,,
DATA,A004,2,656,934517,-0.1349,0.2735,1.0062,20.5688,130.0049,-13.0005,1.0514,,
DATA,A004,2,657,934527,-0.4449,0.1961,0.8949,27.4048,279.2969,-8.2397,1.0185,,
DATA,A004,2,658,934537,-0.7630,0.1060,0.8365,48.0957,317.9932,0.4272,1.1372,,
DATA,A004,2,659,934547,-1.4003,0.1126,0.9532,84.2285,327.2705,45.8984,1.6977,,
DATA,A004,2,660,934557,-1.7848,0.2393,1.0765,97.6562,289.3677,70.6787,2.0980,,
DATA,A004,2,661,934567,-1.9969,0.4122,1.1031,70.1294,170.2271,89.1724,2.3183,,
DATA,A004,2,662,934577,-1.8199,0.3441,1.0526,30.5176,75.6836,96.7407,2.1304,,
DATA,A004,2,663,934587,-1.2921,0.0850,1.0121,-5.2490,-9.2773,118.1030,1.6435,,
DATA,A004,2,664,934597,-0.9418,-0.0058,0.8993,-1.5869,-21.9116,134.5825,1.3022,,
DATA,A004,2,665,934607,-0.5006,0.0582,0.8146,31.1279,21.7896,151.6113,0.9579,,
DATA,A004,2,666,934617,-0.3360,0.2249,0.8946,59.0210,87.2803,156.7383,0.9818,,
DATA,A004,2,667,934627,-0.4759,0.5657,0.8102,77.3926,200.6836,168.1519,1.0968,,
DATA,A004,2,668,934637,-0.7211,0.7086,0.7316,68.9087,253.6621,175.0488,1.2479,,
DATA,A004,2,669,934647,-1.1734,0.8558,0.7621,52.3682,270.0195,180.6641,1.6401,,
DATA,A004,2,670,934657,-1.3944,0.9634,0.7323,41.0767,246.7651,184.4482,1.8463,,
DATA,A004,2,671,934667,-1.3614,1.0806,0.7164,23.7427,173.8892,190.7959,1.8800,,
DATA,A004,2,672,934677,-1.1498,1.1065,0.7389,11.0474,116.7603,201.1719,1.7585,,
DATA,A004,2,673,934687,-0.7389,1.0589,0.8180,-9.0942,63.1104,218.2617,1.5285,,
DATA,A004,2,674,934697,-0.4989,0.9842,0.7757,-21.1182,54.1382,235.3516,1.3488,,
DATA,A004,2,675,934707,-0.3234,0.8629,0.6676,-26.7334,65.1855,266.7236,1.1379,,
DATA,A004,2,676,934717,-0.3934,0.8209,0.5323,-20.4468,76.5991,291.1987,1.0545,,
DATA,A004,2,677,934727,-0.6507,0.8502,0.4525,-5.8594,89.6606,313.9648,1.1623,,
DATA,A004,2,678,934737,-0.9413,1.0516,0.4498,27.7100,108.6426,322.2656,1.4813,,
DATA,A004,2,679,934747,-1.1564,1.2293,0.4906,46.2036,112.4268,323.5474,1.7576,,
DATA,A004,2,680,934757,-1.3522,1.5013,0.7123,63.1714,141.2964,311.8896,2.1423,,
DATA,A004,2,681,934767,-1.3893,1.6605,0.7479,65.6128,173.5840,298.8892,2.2905,,
DATA,A004,2,682,934777,-1.3895,1.7086,0.6171,49.7437,197.8760,289.1846,2.2871,,
DATA,A004,2,683,934787,-1.3641,1.6165,0.5475,32.5928,198.6694,282.5317,2.1849,,
DATA,A004,2,684,934797,-1.3365,1.3860,0.4750,8.1177,173.2788,265.6860,1.9832,,
DATA,A004,2,685,934807,-1.3788,1.2435,0.4657,-0.6104,140.7471,254.2725,1.9142,,
DATA,A004,2,686,934817,-1.4274,1.1207,0.4432,-1.5259,96.9849,233.8867,1.8681,,
DATA,A004,2,687,934827,-1.4142,1.0677,0.4288,-0.2441,72.9370,216.0034,1.8231,,
DATA,A004,2,688,934837,-1.4484,0.9996,0.4725,-0.4883,48.3398,185.4858,1.8221,,
DATA,A004,2,689,934847,-1.4322,0.9495,0.4864,-2.5635,43.8232,161.5601,1.7859,,
DATA,A004,2,690,934857,-1.3539,0.8692,0.4794,-2.5024,39.0015,133.1787,1.6788,,
DATA,A004,2,691,934867,-1.2836,0.8253,0.4391,-0.1221,27.5879,121.4600,1.5879,,
DATA,A004,2,692,934877,-1.1407,0.7740,0.3793,5.0659,6.3477,105.6519,1.4297,,
DATA,A004,2,693,934887,-1.0192,0.7547,0.3409,7.2632,-8.3008,93.7500,1.3132,,
DATA,A004,2,694,934897,-0.8317,0.7076,0.2853,6.1035,-18.1885,78.1860,1.1286,,
DATA,A004,2,695,934907,-0.7340,0.6627,0.2687,4.8828,-14.7095,68.9087,1.0247,,
DATA,A004,2,696,934917,-0.6178,0.5677,0.2594,3.9673,7.5684,54.1382,0.8782,,
DATA,A004,2,697,934927,-0.5731,0.4920,0.2762,5.3101,26.1230,45.6543,0.8043,,
DATA,A004,2,698,934937,-0.5777,0.3729,0.3297,8.6670,47.9736,37.7197,0.7626,,
DATA,A004,2,699,934947,-0.6039,0.3123,0.3490,10.3760,56.0303,33.4473,0.7642,,
DATA,A004,2,700,934957,-0.6461,0.2415,0.3426,13.3667,59.6924,28.5034,0.7702,,
DATA,A004,2,701,934967,-0.6595,0.2203,0.3304,17.7002,56.2744,25.7568,0.7699,,
DATA,A004,2,702,934977,-0.6395,0.2286,0.2884,26.9775,49.8047,22.6440,0.7378,,
DATA,A004,2,703,934987,-0.6105,0.2364,0.2667,32.5317,48.4009,20.0195,0.7069,,
DATA,A004,2,704,934997,-0.5311,0.2618,0.2809,40.1001,47.7295,15.9302,0.6554,,
DATA,A004,2,705,935007,-0.5023,0.2654,0.3026,42.2363,48.0347,14.5264,0.6437,,
DATA,A004,2,706,935017,-0.4911,0.2671,0.3321,39.4897,48.4009,11.4136,0.6503,,
DATA,A004,2,707,935027,-0.5038,0.2559,0.3487,34.9731,45.2271,8.1177,0.6640,,
DATA,A004,2,708,935037,-0.5116,0.2276,0.3536,27.0996,32.9590,1.2817,0.6622,,
DATA,A004,2,709,935047,-0.4986,0.2034,0.3588,21.6675,22.1558,-4.5776,0.6471,,
DATA,A004,2,710,935057,-0.4686,0.1834,0.3529,15.5640,11.5356,-10.5591,0.6146,,
DATA,A004,2,711,935067,-0.3907,0.1326,0.3915,6.9580,-3.5400,-19.6533,0.5688,,
DATA,A004,2,712,935077,-0.3382,0.1087,0.4444,2.3193,-12.6953,-25.1465,0.5690,,
DATA,A004,2,713,935087,-0.3019,0.1177,0.5614,-9.3994,-26.3062,-30.0903,0.6482,,
DATA,A004,2,714,935097,-0.2662,0.1321,0.6525,-21.5454,-38.5132,-33.8745,0.7170,,
DATA,A004,2,715,935107,-0.2267,0.1688,0.5861,-52.6733,-55.8472,-33.6304,0.6506,,
DATA,A004,2,716,935117,-0.1798,0.1275,0.4425,-80.6274,-59.3872,-32.9590,0.4944,,
DATA,A004,2,717,935127,-0.0817,-0.0121,0.2128,-112.9761,-45.1660,-35.1562,0.2282,,
DATA,A004,2,718,935137,-0.0321,-0.1447,0.0736,-122.4976,-20.0195,-37.7197,0.1655,,
DATA,A004,2,719,935147,0.0568,-0.3300,-0.0827,-114.6851,26.6113,-48.4009,0.3449,,
DATA,A004,2,720,935157,0.0424,-0.4079,-0.1312,-99.2432,51.5747,-54.6265,0.4306,,
DATA,A004,2,721,935167,-0.0931,-0.4230,-0.0739,-62.0117,76.2329,-66.5283,0.4394,,
DATA,A004,2,722,935177,-0.2269,-0.3496,-0.0045,-38.2690,80.0781,-76.1719,0.4168,,
DATA,A004,2,723,935187,-0.4872,-0.2082,0.1390,-13.0615,58.2886,-94.8486,0.5477,,
DATA,A004,2,724,935197,-0.6500,-0.1186,0.2836,-5.1880,22.7051,-103.1494,0.7190,,
DATA,A004,2,725,935207,-0.8756,-0.0065,0.5287,-4.0283,-42.6025,-117.6147,1.0228,,
DATA,A004,2,726,935217,-1.0226,0.0621,0.6925,-9.8267,-91.9800,-125.1831,1.2365,,
DATA,A004,2,727,935227,-1.2811,0.1902,0.9305,-17.9443,-168.3350,-132.9956,1.5948,,
DATA,A004,2,728,935237,-1.4007,0.3729,1.0841,-14.5874,-219.8486,-142.7002,1.8101,,
DATA,A004,2,729,935247,-1.4645,0.7664,1.2291,-18.7378,-303.2227,-148.7427,2.0598,,
DATA,A004,2,730,935257,-1.4269,0.9686,1.1830,-35.5225,-360.9009,-146.3623,2.0913,,
DATA,A004,2,731,935267,-1.2799,1.0792,1.1590,-59.2651,-424.6826,-141.8457,2.0362,,
DATA,A004,2,732,935277,-1.1114,1.1436,1.1713,-58.0444,-441.8335,-147.0947,1.9786,,
DATA,A004,2,733,935287,-0.7933,1.2396,1.1512,-61.4624,-420.5322,-145.9351,1.8685,,
DATA,A004,2,734,935297,-0.5755,1.2325,1.0861,-77.6367,-376.0376,-139.8926,1.7406,,
DATA,A004,2,735,935307,-0.2806,1.1407,0.9613,-94.9707,-278.0762,-147.0947,1.5179,,
DATA,A004,2,736,935317,-0.1683,1.0579,0.8700,-93.4448,-203.4912,-161.6821,1.3800,,
DATA,A004,2,737,935327,-0.1920,0.9327,0.7782,-88.0127,-100.4639,-181.0913,1.2298,,
DATA,A004,2,738,935337,-0.2994,0.8509,0.7298,-84.2285,-52.3682,-196.2891,1.1603,,
DATA,A004,2,739,935347,-0.4757,0.7767,0.7042,-71.7773,-33.9355,-213.5620,1.1513,,
DATA,A004,2,740,935357,-0.5428,0.7447,0.6781,-61.6455,-50.7202,-220.7642,1.1441,,
DATA,A004,2,741,935367,-0.5382,0.7003,0.6822,-48.3398,-97.2290,-226.5015,1.1160,,
DATA,A004,2,742,935377,-0.4930,0.6898,0.6891,-44.3115,-128.7231,-229.3701,1.0926,,
DATA,A004,2,743,935387,-0.3783,0.6578,0.6835,-45.4712,-163.3911,-232.6660,1.0212,,
DATA,A004,2,744,935397,-0.3397,0.6431,0.7228,-47.4854,-175.3540,-234.3140,1.0254,,
DATA,A004,2,745,935407,-0.3290,0.6431,0.8036,-50.7812,-178.0396,-235.7178,1.0805,,
DATA,A004,2,746,935417,-0.3024,0.6072,0.7994,-61.8896,-169.7388,-232.7271,1.0484,,
DATA,A004,2,747,935427,-0.3002,0.5416,0.7633,-66.7114,-163.8794,-228.8208,0.9829,,
DATA,A004,2,748,935437,-0.2948,0.4512,0.7584,-62.3779,-155.7617,-221.0083,0.9304,,
DATA,A004,2,749,935447,-0.2997,0.4256,0.7418,-55.9082,-151.7334,-212.3413,0.9062,,
DATA,A004,2,750,935457,-0.3226,0.4256,0.7755,-45.9595,-146.6675,-197.7539,0.9416,,
DATA,A004,2,751,935467,-0.3155,0.4608,0.7855,-41.8701,-140.0146,-187.8052,0.9638,,
DATA,A004,2,752,935477,-0.2757,0.4781,0.7626,-41.8701,-129.4556,-171.1426,0.9413,,
DATA,A004,2,753,935487,-0.2401,0.4681,0.7565,-41.8701,-120.1172,-160.9497,0.9214,,
DATA,A004,2,754,935497,-0.1764,0.4339,0.7508,-41.5649,-102.9663,-144.8975,0.8850,,
DATA,A004,2,755,935507,-0.1556,0.4146,0.7430,-41.0156,-90.2100,-132.9956,0.8650,,
DATA,A004,2,756,935517,-0.1788,0.4014,0.7643,-38.5132,-70.9839,-118.2251,0.8816,,
DATA,A004,2,757,935527,-0.2020,0.4109,0.7806,-37.3535,-60.4248,-111.7554,0.9050,,
DATA,A004,2,758,935537,-0.1966,0.4114,0.7648,-37.6587,-53.8940,-103.6987,0.8904,,
DATA,A004,2,759,935547,-0.1612,0.3858,0.7757,-37.2925,-53.3447,-98.5718,0.8813,,
DATA,A004,2,760,935557,-0.0895,0.3348,0.7943,-36.1328,-51.9409,-90.0879,0.8666,,
DATA,A004,2,761,935567,-0.0499,0.2972,0.8092,-35.2783,-48.1567,-84.5947,0.8635,,
DATA,A004,2,762,935577,-0.0111,0.2603,0.8202,-33.5083,-38.5132,-76.7212,0.8606,,
DATA,A004,2,763,935587,-0.0148,0.2396,0.8251,-32.4707,-31.5552,-71.1670,0.8593,,
DATA,A004,2,764,935597,-0.0482,0.2322,0.8329,-29.2969,-22.0947,-63.2324,0.8660,,
DATA,A004,2,765,935607,-0.0575,0.2413,0.8392,-26.8555,-17.5171,-58.0444,0.8751,,
DATA,A004,2,766,935617,-0.0472,0.2332,0.8502,-25.2075,-15.6250,-49.6216,0.8829,,
DATA,A004,2,767,935627,-0.5069,-0.0515,0.2535,-17.8223,-18.0664,-48.8892,0.5691,,
DATA,A004,2,768,935637,-0.3038,0.4903,0.7728,43.7012,-73.2422,-80.2002,0.9643,,
DATA,A004,2,769,935647,-0.2728,0.3069,0.8116,24.1699,-98.8770,-62.0117,0.9096,,
DATA,A004,2,770,935657,0.0570,0.0186,0.9574,1.8921,-106.7505,-47.2412,0.9593,,
DATA,A004,2,771,935667,0.3317,0.2418,1.0631,-22.0337,-62.2559,-28.1372,1.1396,,
DATA,A004,2,772,935677,0.2853,0.2681,0.9835,-65.3076,1.5869,-21.8506,1.0586,,
DATA,A004,2,773,935687,0.1517,-0.3329,0.9271,-55.2368,48.3398,-39.6118,0.9967,,
DATA,A004,2,774,935697,0.1203,0.0294,0.9547,-73.1201,78.7964,-44.0674,0.9627,,
DATA,A004,2,775,935707,0.1093,0.0267,0.9276,-54.4434,83.3740,-39.1846,0.9344,,
DATA,A004,2,776,935717,0.0199,0.1424,0.9720,-36.1938,95.3369,-34.3628,0.9826,,
DATA,A004,2,777,935727,-0.0968,0.0943,0.9838,-32.8369,92.6514,-34.9731,0.9930,,
DATA,A004,2,778,935737,-0.2711,0.0464,0.9659,-29.9072,66.7725,-25.5737,1.0043,,
DATA,A004,2,779,935747,-0.2096,0.0049,0.9620,-15.8081,39.1846,-16.3574,0.9846,,
DATA,A004,2,780,935757,-0.0909,-0.0766,0.9481,-12.2681,18.9209,-20.6299,0.9555,,
DATA,A004,2,781,935767,-0.0128,-0.0978,0.9076,22.7661,13.4277,-23.0103,0.9129,,
DATA,A004,2,782,935777,-0.0445,-0.0151,0.9095,33.8745,14.2822,-19.1040,0.9108,,
DATA,A004,2,783,935787,-0.0768,0.0179,0.9491,34.4238,7.5073,-12.0239,0.9524,,
DATA,A004,2,784,935797,-0.1119,0.0667,0.9784,27.5269,-1.0376,-5.0659,0.9870,,
DATA,A004,2,785,935807,-0.1026,0.1194,0.9889,18.3105,-17.7612,1.4038,1.0013,,
DATA,A004,2,786,935817,-0.0812,0.1150,1.0087,10.2539,-28.8086,-6.1035,1.0184,,
DATA,A004,2,787,935827,-0.0892,0.1060,1.0262,-5.2490,-35.9497,-21.7285,1.0355,,
DATA,A004,2,788,935837,-0.0812,0.0215,1.0282,-10.6812,-41.3818,-30.3955,1.0316,,
DATA,A004,2,789,935847,-0.0257,0.0621,1.0797,-13.6108,-47.6685,-38.0859,1.0818,,
DATA,A004,2,790,935857,0.0128,0.0601,1.0919,-19.5312,-43.1519,-37.2314,1.0936,,
DATA,A004,2,791,935867,0.0704,0.0574,1.1022,-23.9258,-28.9917,-36.3159,1.1059,,
DATA,A004,2,792,935877,0.2477,-0.4797,1.0941,-12.4512,-5.9204,-30.5176,1.2200,,
DATA,A004,2,793,935887,-0.0499,0.3096,0.9618,-0.0610,16.2964,-33.3252,1.0116,,
DATA,A004,2,794,935897,-0.0436,0.0562,0.9850,-6.2256,7.6904,-33.2031,0.9875,,
DATA,A004,2,795,935907,-0.0360,-0.0248,0.9767,11.4136,0.1221,-21.9116,0.9777,,
DATA,A004,2,796,935917,0.0468,0.0806,1.0084,14.2212,-1.5869,-18.0664,1.0127,,
DATA,A004,2,797,935927,0.0265,0.0037,0.9598,13.1836,12.3291,-10.4980,0.9602,,
DATA,A004,2,798,935937,0.0094,0.0162,0.9711,26.7334,11.4136,-9.8877,0.9712,,
DATA,A004,2,799,935947,0.0050,0.1075,1.0030,32.2266,17.9443,-10.8643,1.0088,,
DATA,A004,2,800,935957,0.0048,0.1241,1.0665,24.9023,23.6206,-14.0991,1.0737,,
DATA,A004,2,801,935967,-0.0577,0.1187,1.0780,11.5967,34.4238,-15.8691,1.0860,,
DATA,A004,2,802,935977,-0.1232,0.0787,1.0526,8.5449,31.7993,-19.4092,1.0627,,
DATA,A004,2,803,935987,-0.1654,0.0814,1.0045,9.7046,14.1602,-16.7236,1.0213,,
DATA,A004,2,804,935997,-0.0836,0.0648,0.9581,10.4370,2.1362,-11.7798,0.9639,,
DATA,A004,2,805,936007,0.0172,0.0652,0.9540,9.4604,2.2583,-15.4419,0.9564,,
DATA,A004,2,806,936017,0.0424,0.0943,0.9674,8.9111,9.1553,-18.3716,0.9729,,
DATA,A004,2,807,936027,0.0463,0.0574,0.9611,5.1270,22.9492,-19.0430,0.9639,,
DATA,A004,2,808,936037,0.0331,0.0560,0.9481,6.4087,28.4424,-17.9443,0.9503,,
DATA,A004,2,809,936047,0.0275,0.1038,0.9496,11.7188,30.9448,-17.6392,0.9556,,
DATA,A004,2,810,936057,0.0414,0.0728,0.9606,13.1836,31.6772,-16.9678,0.9642,,
DATA,A004,2,811,936067,0.0314,0.0242,0.9891,24.7803,23.1323,-11.1084,0.9899,,
DATA,A004,2,812,936077,0.0241,0.0652,1.0116,31.7383,14.3433,-6.2866,1.0140,,
DATA,A004,2,813,936087,0.0182,0.0665,1.0463,34.1797,10.9253,7.2632,1.0485,,
DATA,A004,2,814,936097,0.0172,0.0367,1.0499,39.7339,14.7095,15.3809,1.0507,,
DATA,A004,2,815,936107,-0.0455,0.1185,1.0348,25.2686,21.2402,14.2212,1.0425,,
DATA,A004,2,816,936117,-0.0853,0.0762,1.0204,20.3857,24.9634,13.0005,1.0268,,
DATA,A004,2,817,936127,-0.0929,0.0176,1.0221,26.5503,16.3574,12.5122,1.0264,,
DATA,A004,2,818,936137,-0.0904,0.2711,1.0643,19.1650,15.0146,8.0566,1.1020,,
DATA,A004,2,819,936147,-0.0548,0.0792,1.0375,9.9487,24.3530,1.1597,1.0419,,
DATA,A004,2,820,936157,-0.0653,0.0838,0.9933,13.7939,26.4893,-2.2583,0.9989,,
DATA,A004,2,821,936167,-0.0729,0.1114,0.9618,14.2212,30.1514,-5.0659,0.9709,,
DATA,A004,2,822,936177,-0.0782,0.1046,0.9056,16.1133,31.8604,-12.2681,0.9150,,
DATA,A004,2,823,936187,-0.0489,0.1165,0.9112,15.6860,34.6069,-16.2964,0.9200,,
DATA,A004,2,824,936197,-0.0694,0.1773,0.9444,14.0991,37.4756,-22.9492,0.9635,,
DATA,A004,2,825,936207,-0.1302,0.0889,0.6459,14.7705,34.5459,-26.9775,0.6648,,
DATA,A004,2,826,936217,-0.0856,0.1046,1.0206,16.1743,23.5596,-23.0713,1.0295,,
DATA,A004,2,827,936227,-0.0846,0.1646,1.0411,15.6860,22.7661,-19.4092,1.0574,,
DATA,A004,2,828,936237,-0.1146,0.1434,1.0658,13.7939,21.4844,-18.2495,1.0815,,
DATA,A004,2,829,936247,-0.1324,0.1495,1.0604,13.1836,17.6392,-16.9678,1.0791,,
DATA,A004,2,830,936257,-0.0853,0.1192,1.0526,11.2305,13.1836,-13.0005,1.0628,,
DATA,A004,2,831,936267,-0.0594,0.1129,1.0560,10.3149,11.2305,-11.3525,1.0637,,
DATA,A004,2,832,936277,0.0202,0.1053,1.0839,7.6904,14.5874,-8.6060,1.0891,,
DATA,A004,2,833,936287,0.0729,0.0838,1.0992,4.2114,24.7192,-8.4839,1.1048,,
DATA,A004,2,834,936297,0.1095,0.0606,1.1254,-0.9766,47.2412,-8.4839,1.1323,,
DATA,A004,2,835,936307,0.1366,0.0591,1.1566,-6.1646,65.9180,-6.9580,1.1661,,
DATA,A004,2,836,936317,0.1259,0.1524,1.1847,-17.7612,101.8677,-9.2163,1.2011,,
DATA,A004,2,837,936327,-0.0077,0.1646,1.1327,-26.8555,121.4600,-12.8174,1.1446,,
EVENT,A004,2,,936328,,,,,,,,STOP,837
EVENT,A004,3,,940352,,,,,,,,START,
DATA,A004,3,1,940375,0.2221,0.3819,0.9774,2.4414,12.0239,-13.9771,1.0726,,
DATA,A004,3,2,940385,0.2284,0.3533,0.9581,-4.0283,7.1411,-8.2397,1.0464,,
DATA,A004,3,3,940395,0.2191,0.3448,0.9408,-8.7891,5.0659,-4.3335,1.0257,,
DATA,A004,3,4,940405,0.2116,0.2357,0.9269,-10.8643,9.4604,-3.2959,0.9795,,
DATA,A004,3,5,940415,0.2589,0.2325,0.8685,-4.0283,19.2261,-4.4556,0.9356,,
DATA,A004,3,6,940425,0.2604,0.3087,0.8429,4.8218,29.2969,-7.3242,0.9346,,
DATA,A004,3,7,940435,0.2228,0.3423,0.8788,8.2397,34.5459,-9.0332,0.9691,,
DATA,A004,3,8,940445,0.2509,0.3404,0.8944,11.5967,39.2456,-9.0942,0.9893,,
DATA,A004,3,9,940455,0.2714,0.3326,0.8951,13.6719,41.6870,-10.1929,0.9927,,
DATA,A004,3,10,940465,0.3019,0.2925,0.9010,20.6909,48.0347,-14.8315,0.9942,,
DATA,A004,3,11,940475,0.2489,0.2344,0.9296,22.8882,47.7295,-18.0054,0.9905,,
DATA,A004,3,12,940485,0.1871,0.2742,0.9183,21.3623,35.2783,-27.1606,0.9765,,
DATA,A004,3,13,940495,0.1981,0.3089,0.9213,22.3999,28.8086,-31.8604,0.9917,,
DATA,A004,3,14,940505,0.2494,0.3033,0.9283,25.3296,22.3999,-30.4565,1.0080,,
DATA,A004,3,15,940515,0.2816,0.3096,0.9393,26.0010,23.2544,-28.5645,1.0284,,
DATA,A004,3,16,940525,0.3344,0.3458,0.9432,23.5596,33.3862,-24.3530,1.0588,,
DATA,A004,3,17,940535,0.3649,0.3758,0.9396,20.3247,44.8608,-20.2637,1.0757,,
DATA,A004,3,18,940545,0.3417,0.3638,0.9332,13.8550,61.5845,-15.8691,1.0583,,
DATA,A004,3,19,940555,0.3236,0.3553,0.9291,9.4604,70.7397,-14.5874,1.0460,,
DATA,A004,3,20,940565,0.3048,0.3509,0.8917,6.1035,77.6367,-12.6953,1.0056,,
DATA,A004,3,21,940575,0.2750,0.3345,0.8778,3.0518,87.2192,-9.0942,0.9788,,
DATA,A004,3,22,940585,0.2943,0.2789,0.8412,2.1973,98.9990,1.7700,0.9338,,
DATA,A004,3,23,940595,0.2733,0.2618,0.8280,2.9297,108.3984,9.0942,0.9104,,
DATA,A004,3,24,940605,0.2560,0.2794,0.7941,1.5869,119.3848,15.2588,0.8798,,
DATA,A004,3,25,940615,0.2279,0.2098,0.7523,1.6479,134.1553,13.9771,0.8136,,
DATA,A004,3,26,940625,0.2160,0.5687,0.7484,7.5684,132.5073,-15.4419,0.9644,,
DATA,A004,3,27,940635,0.0372,-0.0395,0.7032,5.4932,120.1782,25.8789,0.7053,,
DATA,A004,3,28,940645,0.2755,0.1036,0.6803,50.2319,112.7319,60.3638,0.7412,,
DATA,A004,3,29,940655,0.4096,0.8504,0.7406,96.0083,156.5552,151.7944,1.1997,,
DATA,A004,3,30,940665,0.2619,0.9451,0.7184,49.9878,188.4766,114.1357,1.2157,,
DATA,A004,3,31,940675,0.2633,0.4715,0.5538,-15.6860,214.2944,62.5000,0.7735,,
DATA,A004,3,32,940685,0.2516,0.2645,0.5389,-19.5312,224.9146,85.6934,0.6509,,
DATA,A004,3,33,940695,0.2147,0.2037,0.4674,15.5029,238.1592,126.3428,0.5532,,
DATA,A004,3,34,940705,0.2050,0.3033,0.4642,38.6353,246.2158,138.9160,0.5912,,
DATA,A004,3,35,940715,0.1969,0.4449,0.4801,48.4009,260.4370,152.3438,0.6835,,
DATA,A004,3,36,940725,0.1784,0.4525,0.4664,41.4429,271.4233,164.3677,0.6738,,
DATA,A004,3,37,940735,0.1471,0.4205,0.4469,37.5977,295.8374,180.5420,0.6310,,
DATA,A004,3,38,940745,0.0585,0.4144,0.4567,41.8701,320.0684,188.1104,0.6194,,
DATA,A004,3,39,940755,-0.2250,0.4634,0.5248,47.4854,371.7651,190.3076,0.7354,,
DATA,A004,3,40,940765,-0.4913,0.4983,0.4847,45.0439,408.6304,183.6548,0.8513,,
DATA,A004,3,41,940775,-0.9435,0.4112,0.4733,29.1748,453.2471,166.4429,1.1328,,
DATA,A004,3,42,940785,-1.2296,0.3006,0.3885,13.1836,461.1816,151.1230,1.3241,,
DATA,A004,3,43,940795,-1.4449,0.0316,0.3209,-5.7983,415.5273,115.1123,1.4805,,
DATA,A004,3,44,940805,-1.4298,-0.1288,0.3392,-12.5122,349.4873,97.2900,1.4751,,
DATA,A004,3,45,940815,-1.1297,-0.1957,0.4628,-15.1978,219.5435,69.0308,1.2364,,
DATA,A004,3,46,940825,-0.8429,-0.1100,0.5013,-18.0664,141.7236,45.8374,0.9869,,
DATA,A004,3,47,940835,-0.4254,0.0411,0.4530,-40.5273,75.3174,13.8550,0.6228,,
DATA,A004,3,48,940845,-0.2008,0.0836,0.4095,-63.8428,66.7114,-1.7700,0.4637,,
DATA,A004,3,49,940855,-0.0165,0.0635,0.3053,-98.2666,89.6606,-17.0898,0.3123,,
DATA,A004,3,50,940865,0.0248,0.0074,0.2316,-114.5020,125.4272,-25.0244,0.2330,,
DATA,A004,3,51,940875,0.0412,-0.0737,0.1366,-122.8638,187.9272,-37.5977,0.1606,,
DATA,A004,3,52,940885,-0.0109,-0.0820,0.0856,-118.3472,221.6797,-45.3491,0.1190,,
DATA,A004,3,53,940895,-0.0614,-0.0090,0.0480,-106.2622,258.4229,-57.7393,0.0784,,
DATA,A004,3,54,940905,-0.0672,0.0833,-0.0126,-102.7222,256.5918,-66.4673,0.1078,,
DATA,A004,3,55,940915,-0.2237,0.1419,-0.0636,-100.5249,246.0327,-69.1528,0.2725,,
DATA,A004,3,56,940925,-0.3575,0.1226,-0.0397,-100.8911,238.2202,-90.8203,0.3800,,
DATA,A004,3,57,940935,-0.3585,0.0848,-0.0746,-100.3418,225.3418,-110.7178,0.3759,,
DATA,A004,3,58,940945,-0.5758,0.0291,-0.1605,-89.5386,202.0264,-124.8779,0.5985,,
DATA,A004,3,59,940955,-0.6520,-0.0490,0.0192,-69.7632,197.3267,-138.1836,0.6541,,
DATA,A004,3,60,940965,-0.6656,-0.0082,0.4518,-29.7852,172.6074,-154.9072,0.8045,,
DATA,A004,3,61,940975,-0.7023,0.1343,0.5853,-16.7236,134.7656,-150.8179,0.9240,,
DATA,A004,3,62,940985,-0.7833,0.3384,0.5753,-22.6440,84.3506,-145.2637,1.0291,,
DATA,A004,3,63,940995,-0.7821,0.4070,0.5170,-26.0010,63.4155,-145.6299,1.0221,,
DATA,A004,3,64,941005,-0.8119,0.4608,0.4957,-20.2026,54.7485,-137.9395,1.0570,,
DATA,A004,3,65,941015,-0.9542,0.4825,0.4725,-16.0522,56.4575,-131.7749,1.1690,,
DATA,A004,3,66,941025,-1.1466,0.4869,0.4679,-10.9253,77.3315,-133.4839,1.3307,,
DATA,A004,3,67,941035,-1.3038,0.4922,0.4073,-5.4321,90.4541,-136.7188,1.4520,,
DATA,A004,3,68,941045,-1.5741,0.5723,0.3644,12.3291,117.4316,-143.4937,1.7141,,
DATA,A004,3,69,941055,-1.6363,0.6221,0.3524,27.7710,133.7280,-151.7334,1.7857,,
DATA,A004,3,70,941065,-1.7433,0.7376,0.3490,36.8042,132.8125,-155.3345,1.9248,,
DATA,A004,3,71,941075,-1.8016,0.6717,0.4847,28.9307,121.8872,-151.0010,1.9829,,
DATA,A004,3,72,941085,-1.8431,0.5152,0.6171,12.7563,107.1167,-150.2075,2.0108,,
DATA,A004,3,73,941095,-1.8807,0.3953,0.6202,8.7891,99.0601,-150.7568,2.0194,,
DATA,A004,3,74,941105,-1.8519,0.3121,0.5953,13.6108,102.5391,-153.2593,1.9701,,
DATA,A004,3,75,941115,-1.7274,0.3096,0.4874,13.3667,112.9150,-153.0151,1.8214,,
DATA,A004,3,76,941125,-1.4198,0.2811,0.3292,-0.5493,141.4185,-143.6768,1.4843,,
DATA,A004,3,77,941135,-1.1473,0.2239,0.1681,-16.6016,153.4424,-131.8359,1.1810,,
DATA,A004,3,78,941145,-0.9591,0.1351,0.0760,-34.3628,149.3530,-105.7129,0.9715,,
DATA,A004,3,79,941155,-0.8453,0.1273,0.1161,-37.3535,155.4565,-98.6938,0.8627,,
DATA,A004,3,80,941165,-0.6832,0.1146,0.2252,-41.9312,142.6392,-81.2988,0.7284,,
DATA,A004,3,81,941175,-0.6908,0.0125,0.2850,-53.4058,118.5913,-69.8242,0.7474,,
DATA,A004,3,82,941185,-0.7711,-0.2980,0.3924,-78.1860,83.2520,-55.6030,0.9151,,
DATA,A004,3,83,941195,-0.8766,-0.5927,0.4977,-84.7168,60.1807,-45.7153,1.1693,,
DATA,A004,3,84,941205,-1.0724,-0.9511,0.6410,-68.7256,32.7148,-26.2451,1.5702,,
DATA,A004,3,85,941215,-1.3221,-0.9907,0.6713,-37.4756,-1.4038,-16.9678,1.7833,,
DATA,A004,3,86,941225,-1.6454,-0.7055,0.7330,10.0098,-44.3726,-13.0005,1.9345,,
DATA,A004,3,87,941235,-1.8478,-0.3937,0.8727,36.7432,-67.6270,-13.3057,2.0811,,
DATA,A004,3,88,941245,-1.8439,-0.1237,0.8253,36.5601,-74.6460,-7.3853,2.0239,,
DATA,A004,3,89,941255,-1.7015,-0.1650,0.5206,6.8359,-1.7090,-9.3384,1.7870,,
DATA,A004,3,90,941265,-1.8951,-0.4453,0.2936,-13.9160,69.0918,-2.8687,1.9687,,
DATA,A004,3,91,941275,-2.5370,-0.8610,0.1227,-10.4370,168.4570,31.3110,2.6819,,
DATA,A004,3,92,941285,-3.0008,-1.0473,0.1317,27.2827,158.0811,86.5479,3.1811,,
DATA,A004,3,93,941295,-3.0416,-1.0280,0.2457,12.1460,108.1543,71.7163,3.2200,,
DATA,A004,3,94,941305,-2.4266,-0.8654,0.2797,37.5977,79.8950,75.0732,2.5915,,
DATA,A004,3,95,941315,-1.8202,-0.5976,0.4623,28.8086,40.0391,85.9985,1.9708,,
DATA,A004,3,96,941325,-1.6029,-0.4567,0.4791,-2.0142,28.1982,96.5576,1.7342,,
DATA,A004,3,97,941335,-1.4742,-0.3774,0.3641,-34.8511,0.6714,103.1494,1.5647,,
DATA,A004,3,98,941345,-1.4906,-0.3276,0.2936,-34.4849,-32.9590,95.3979,1.5541,,
DATA,A004,3,99,941355,-1.3705,-0.2536,0.2582,-14.7095,-83.3130,67.8711,1.4174,,
DATA,A004,3,100,941365,-1.1944,-0.2238,0.2279,-6.4087,-119.3848,54.6875,1.2364,,
DATA,A004,3,101,941375,-0.9298,-0.2834,0.4330,-3.3569,-144.2871,56.3354,1.0641,,
DATA,A004,3,102,941385,-0.6288,-0.2570,0.4017,3.4790,-141.2964,47.4854,0.7892,,
DATA,A004,3,103,941395,-0.5729,-0.2668,0.3990,12.6343,-155.0903,68.1152,0.7474,,
DATA,A004,3,104,941405,-0.4381,-0.1816,0.3856,33.8135,-144.8364,88.7451,0.6112,,
DATA,A004,3,105,941415,-0.3419,-0.0651,0.3763,51.6968,-102.5391,111.0229,0.5126,,
DATA,A004,3,106,941425,-0.1996,-0.0165,0.4007,51.3306,-74.3408,121.2158,0.4480,,
DATA,A004,3,107,941435,-0.1866,0.0555,0.4347,56.1523,-12.2681,130.6152,0.4763,,
DATA,A004,3,108,941445,-0.2220,0.0560,0.3475,54.2603,32.8369,137.3291,0.4162,,
DATA,A004,3,109,941455,-0.4066,-0.0529,0.2591,54.8096,72.0215,157.0435,0.4851,,
DATA,A004,3,110,941465,-0.4801,-0.1376,0.2767,51.5747,75.8057,169.4336,0.5710,,
DATA,A004,3,111,941475,-0.4554,-0.2172,0.3729,51.4526,53.4668,199.3408,0.6274,,
DATA,A004,3,112,941485,-0.4960,-0.1635,0.4589,58.0444,41.7480,217.2852,0.6952,,
DATA,A004,3,113,941495,-0.4620,0.1400,0.4005,58.0444,33.5693,251.5259,0.6273,,
DATA,A004,3,114,941505,-0.5929,0.4376,0.3458,53.5889,41.7480,258.8501,0.8140,,
DATA,A004,3,115,941515,-0.8534,0.6710,0.4542,7.6294,37.5366,259.5825,1.1768,,
DATA,A004,3,116,941525,-0.8946,0.7916,0.2931,-4.9438,8.6060,283.9966,1.2300,,
DATA,A004,3,117,941535,-1.0741,1.1763,0.0890,18.3716,0.6714,317.9932,1.5954,,
DATA,A004,3,118,941545,-1.4933,1.5728,-0.1410,34.2407,42.7246,317.0776,2.1734,,
DATA,A004,3,119,941555,-2.5890,2.3760,-0.1112,41.5039,55.4199,269.2871,3.5158,,
DATA,A004,3,120,941565,-3.1551,2.9307,-0.1283,31.9214,-1.9531,225.8301,4.3082,,
DATA,A004,3,121,941575,-3.2335,3.0252,-0.0870,-8.1787,-154.3579,189.6362,4.4289,,
DATA,A004,3,122,941585,-2.5113,2.5816,0.0531,-21.1792,-212.0361,164.1846,3.6020,,
DATA,A004,3,123,941595,-1.9891,2.2483,0.1786,11.9019,-210.3882,101.9897,3.0073,,
DATA,A004,3,124,941605,-1.3365,1.9451,0.1676,-69.3970,-124.6338,-24.4141,2.3660,,
DATA,A004,3,125,941615,-0.9117,1.5528,0.2733,-36.6211,-63.6597,15.9302,1.8213,,
DATA,A004,3,126,941625,-1.3807,1.5633,0.3475,211.3647,-12.9395,129.8828,2.1145,,
DATA,A004,3,127,941635,-1.1451,1.6981,0.4034,129.3945,24.4751,-59.3872,2.0875,,
DATA,A004,3,128,941645,-0.5484,1.1868,0.3346,-19.1650,73.7305,-91.6748,1.3496,,
DATA,A004,3,129,941655,-0.7086,0.8082,0.5182,-31.5552,94.6655,-69.3359,1.1932,,
DATA,A004,3,130,941665,-0.6842,0.5150,0.4645,12.6953,55.4199,-68.6646,0.9742,,
DATA,A004,3,131,941675,-0.4496,0.4393,0.5306,35.0342,65.9180,-78.4302,0.8226,,
DATA,A004,3,132,941685,-0.3404,0.4971,0.4857,31.9214,18.6768,-72.5098,0.7739,,
DATA,A004,3,133,941695,-0.1429,0.4869,0.3966,8.6060,28.1372,-61.5234,0.6440,,
DATA,A004,3,134,941705,-0.0353,0.4332,0.3036,-16.3574,20.7520,-48.7061,0.5301,,
DATA,A004,3,135,941715,0.0580,0.3802,0.1925,-23.3154,39.1235,-39.9170,0.4301,,
DATA,A004,3,136,941725,0.0875,0.3077,0.1239,-15.7471,55.9082,-30.9448,0.3430,,
DATA,A004,3,137,941735,0.0812,0.2830,0.1005,-7.6904,73.1201,-26.7944,0.3111,,
DATA,A004,3,138,941745,-0.0025,0.2850,0.1163,0.9766,83.4961,-20.6909,0.3078,,
DATA,A004,3,139,941755,-0.0487,0.3089,0.1212,2.0142,87.3413,-15.5640,0.3354,,
DATA,A004,3,140,941765,-0.0973,0.3524,0.1000,-3.1738,79.5288,-3.2959,0.3790,,
DATA,A004,3,141,941775,-0.0987,0.3650,0.0941,-8.8501,70.9229,6.6528,0.3897,,
DATA,A004,3,142,941785,-0.1014,0.3633,0.0907,-18.3716,56.1523,20.1416,0.3880,,
DATA,A004,3,143,941795,-0.0968,0.3231,0.0738,-26.8555,48.5229,27.1606,0.3452,,
DATA,A004,3,144,941805,-0.1100,0.2537,0.0572,-38.0859,38.8184,36.4990,0.2824,,
DATA,A004,3,145,941815,-0.1283,0.2081,0.0475,-42.7246,33.6914,42.4194,0.2490,,
DATA,A004,3,146,941825,-0.1551,0.1983,0.0008,-43.0908,30.2734,51.3916,0.2518,,
DATA,A004,3,147,941835,-0.1625,0.2359,-0.0372,-39.9780,31.9824,56.2744,0.2888,,
DATA,A004,3,148,941845,-0.1463,0.3502,-0.0890,-36.7432,43.9453,59.3262,0.3898,,
DATA,A004,3,149,941855,-0.1327,0.4300,-0.1161,-40.1001,58.4106,59.0820,0.4647,,
DATA,A004,3,150,941865,-0.1109,0.4825,-0.1066,-55.1758,83.0078,59.4482,0.5064,,
DATA,A004,3,151,941875,-0.1080,0.4542,-0.0985,-71.0449,97.4731,60.7300,0.4771,,
DATA,A004,3,152,941885,-0.1366,0.3052,-0.0739,-95.2759,114.0137,60.6689,0.3425,,
DATA,A004,3,153,941895,-0.1822,0.1780,-0.0409,-105.5908,119.5068,57.9834,0.2580,,
DATA,A004,3,154,941905,-0.2635,0.0320,0.0223,-109.1309,117.6758,51.2085,0.2664,,
DATA,A004,3,155,941915,-0.3490,-0.0317,0.0826,-104.9805,109.2529,45.9595,0.3600,,
DATA,A004,3,156,941925,-0.4567,-0.0505,0.1407,-99.9756,95.7642,39.9780,0.4805,,
DATA,A004,3,157,941935,-0.6163,-0.0141,0.2235,-94.7876,67.9321,26.9165,0.6557,,
DATA,A004,3,158,941945,-0.6835,0.0469,0.2623,-94.9097,42.4194,16.0522,0.7336,,
DATA,A004,3,159,941955,-0.6630,0.1619,0.2662,-104.7974,-2.1362,-0.5493,0.7325,,
DATA,A004,3,160,941965,-0.5724,0.2125,0.2521,-116.2109,-31.4941,-9.6436,0.6605,,
DATA,A004,3,161,941975,-0.4322,0.2088,0.1810,-133.3008,-58.8989,-18.9209,0.5130,,
DATA,A004,3,162,941985,-0.3656,0.1649,0.1749,-137.9395,-59.9365,-21.6675,0.4375,,
DATA,A004,3,163,941995,-0.3622,0.0933,0.2042,-135.9863,-39.7949,-22.8271,0.4261,,
DATA,A004,3,164,942005,-0.4501,0.0572,0.2194,-131.6528,-13.8550,-21.7285,0.5039,,
DATA,A004,3,165,942015,-0.7394,0.0608,0.2618,-115.5396,39.6118,-17.3950,0.7867,,
DATA,A004,3,166,942025,-0.9740,0.1248,0.2992,-98.2666,71.7773,-12.1460,1.0265,,
DATA,A004,3,167,942035,-1.2352,0.3025,0.3224,-69.0918,102.3560,2.9297,1.3120,,
DATA,A004,3,168,942045,-1.3524,0.4244,0.3441,-55.0537,101.6235,21.9116,1.4586,,
DATA,A004,3,169,942055,-1.5267,0.5726,0.3961,-47.7295,80.2002,47.2412,1.6780,,
DATA,A004,3,170,942065,-1.6166,0.6439,0.4300,-49.2554,65.4907,52.0630,1.7924,,
DATA,A004,3,171,942075,-1.6451,0.7103,0.4823,-47.7295,60.7300,44.3726,1.8557,,
DATA,A004,3,172,942085,-1.5936,0.7339,0.4901,-43.3350,65.8569,31.9824,1.8217,,
DATA,A004,3,173,942095,-1.4630,0.6902,0.4974,-39.9780,65.4297,5.8594,1.6924,,
DATA,A004,3,174,942105,-1.3695,0.5909,0.5165,-42.5415,57.4951,-14.8926,1.5784,,
DATA,A004,3,175,942115,-1.2484,0.4022,0.5145,-44.1895,38.1470,-48.7061,1.4089,,
DATA,A004,3,176,942125,-1.1927,0.3079,0.5050,-37.6587,23.5596,-70.6177,1.3313,,
DATA,A004,3,177,942135,-1.1861,0.2664,0.5333,-17.9443,6.2256,-98.9990,1.3275,,
DATA,A004,3,178,942145,-1.2098,0.3145,0.5338,-4.8828,-3.3569,-115.2344,1.3592,,
DATA,A004,3,179,942155,-1.2450,0.4290,0.5152,2.5024,-25.1465,-135.0098,1.4140,,
DATA,A004,3,180,942165,-1.2003,0.4815,0.4745,-0.4883,-45.4102,-146.4233,1.3776,,
DATA,A004,3,181,942175,-1.0340,0.4700,0.3915,-11.3525,-79.9561,-157.8979,1.2014,,
DATA,A004,3,182,942185,-0.9664,0.4293,0.3841,-18.2495,-99.7925,-164.2456,1.1251,,
DATA,A004,3,183,942195,-0.8441,0.3782,0.3490,-24.6582,-104.2480,-180.9692,0.9886,,
DATA,A004,3,184,942205,-0.7125,0.3416,0.2845,-25.1465,-98.4497,-190.4907,0.8398,,
DATA,A004,3,185,942215,-0.5152,0.2947,0.2281,-22.9492,-89.7217,-197.3267,0.6359,,
DATA,A004,3,186,942225,-0.4003,0.2664,0.2032,-22.3389,-77.8809,-201.9653,0.5220,,
DATA,A004,3,187,942235,-0.2128,0.2051,0.1319,-26.4893,-52.6123,-209.9609,0.3237,,
DATA,A004,3,188,942245,-0.0902,0.1634,0.0648,-30.5786,-33.6304,-215.3931,0.1976,,
DATA,A004,3,189,942255,0.0829,0.1019,-0.0580,-35.3394,-0.3052,-227.4780,0.1436,,
DATA,A004,3,190,942265,0.1654,0.0723,-0.1273,-36.3159,22.7051,-238.8916,0.2209,,
DATA,A004,3,191,942275,0.1964,0.0594,-0.1639,-34.4849,39.3066,-252.5024,0.2627,,
DATA,A004,3,192,942285,0.0868,0.0313,-0.1742,-25.2075,41.9922,-271.0571,0.1971,,
DATA,A004,3,193,942295,0.0153,0.0281,-0.1723,-12.5122,31.0669,-282.7148,0.1752,,
DATA,A004,3,194,942305,0.0570,0.0782,-0.1774,-1.0376,-8.3008,-295.5322,0.2021,,
DATA,A004,3,195,942315,0.1325,0.0828,-0.1979,-6.7749,-41.6260,-297.1802,0.2521,,
DATA,A004,3,196,942325,0.2296,0.0120,-0.2506,-28.2593,-90.8203,-293.7012,0.3401,,
DATA,A004,3,197,942335,0.2719,-0.0837,-0.2479,-43.7622,-117.9199,-291.6260,0.3773,,
DATA,A004,3,198,942345,0.3580,-0.2863,-0.1947,-61.2183,-138.0005,-283.5693,0.4981,,
DATA,A004,3,199,942355,0.4137,-0.4284,-0.1566,-62.3169,-133.1177,-269.6533,0.6158,,
DATA,A004,3,200,942365,0.4650,-0.5580,-0.1390,-47.8516,-89.4165,-243.9575,0.7396,,
DATA,A004,3,201,942375,0.4201,-0.5576,-0.1537,-32.1045,-41.3208,-227.6001,0.7148,,
DATA,A004,3,202,942385,0.2277,-0.4738,-0.1708,-9.7656,42.7246,-204.8950,0.5527,,
DATA,A004,3,203,942395,0.0639,-0.4011,-0.1652,1.7700,80.5054,-188.1714,0.4384,,
DATA,A004,3,204,942405,-0.1686,-0.3178,-0.1271,16.9067,95.2759,-159.4849,0.3815,,
DATA,A004,3,205,942415,-0.2648,-0.2617,-0.0585,28.0762,84.2285,-140.0146,0.3768,,
DATA,A004,3,206,942425,-0.3566,-0.1203,0.0360,46.9360,54.8096,-112.8540,0.3780,,
DATA,A004,3,207,942435,-0.3822,-0.0109,0.1061,56.6406,41.5649,-96.4355,0.3968,,
DATA,A004,3,208,942445,-0.4335,0.0926,0.2760,63.7817,42.7246,-73.8525,0.5221,,
DATA,A004,3,209,942455,-0.4796,0.0975,0.4508,66.8335,61.8896,-60.6079,0.6654,,
DATA,A004,3,210,942465,-0.5904,0.0125,0.7831,73.3643,98.5718,-44.8608,0.9808,,
DATA,A004,3,211,942475,-0.7840,-0.0607,1.0250,80.0781,116.2109,-34.1797,1.2919,,
DATA,A004,3,212,942485,-1.2186,-0.1022,1.2711,85.8765,126.2207,-24.1089,1.7639,,
DATA,A004,3,213,942495,-1.5760,-0.0634,1.3632,80.1392,117.4316,-23.9868,2.0847,,
DATA,A004,3,214,942505,-2.0367,0.0516,1.4454,64.8804,85.9985,-36.6211,2.4980,,
DATA,A004,3,215,942515,-2.1847,0.1209,1.4042,51.3306,58.1055,-51.2085,2.5998,,
DATA,A004,3,216,942525,-2.2611,0.1280,1.2889,30.7007,1.2817,-67.9932,2.6058,,
DATA,A004,3,217,942535,-2.1898,0.0914,1.1442,17.8833,-33.3252,-79.9561,2.4724,,
DATA,A004,3,218,942545,-2.0067,-0.0461,0.9552,-0.1221,-56.8848,-101.9897,2.2229,,
DATA,A004,3,219,942555,-1.9371,-0.1752,0.8568,-10.8643,-49.6826,-114.6851,2.1254,,
DATA,A004,3,220,942565,-1.8382,-0.4421,0.7689,-24.9023,-12.5732,-128.7842,2.0410,,
DATA,A004,3,221,942575,-1.7565,-0.6491,0.7096,-30.5786,15.4419,-140.3198,2.0025,,
DATA,A004,3,222,942585,-1.5450,-0.9301,0.7113,-20.8130,40.9546,-164.4287,1.9386,,
DATA,A004,3,223,942595,-1.3800,-1.0436,0.7494,-3.0518,42.4194,-182.0679,1.8855,,
DATA,A004,3,224,942605,-1.1608,-1.0932,1.0084,27.3438,29.3579,-201.5381,1.8866,,
DATA,A004,3,225,942615,-1.0970,-1.0668,1.2948,47.2412,20.8130,-208.6792,2.0045,,
DATA,A004,3,226,942625,-1.1271,-0.9401,1.4850,66.1621,17.4561,-210.4492,2.0879,,
DATA,A004,3,227,942635,-1.1764,-0.7299,1.4820,79.4678,29.4800,-201.8433,2.0281,,
DATA,A004,3,228,942645,-1.0907,-0.6140,1.3251,86.3647,45.4102,-187.1338,1.8227,,
DATA,A004,3,229,942655,-0.8517,-0.5563,1.0189,96.0693,102.1729,-159.1187,1.4398,,
DATA,A004,3,230,942665,-0.7345,-0.7175,0.8146,93.7500,164.0625,-163.2080,1.3106,,
DATA,A004,3,231,942675,-1.1092,-1.1789,0.6566,69.7632,187.6221,-168.2129,1.7468,,
DATA,A004,3,232,942685,-1.4486,-1.4233,0.6598,57.9224,111.2671,-144.1650,2.1353,,
DATA,A004,3,233,942695,-1.6654,-1.5156,0.6158,50.6592,-43.0908,-108.3374,2.3345,,
DATA,A004,3,234,942705,-1.5428,-1.4396,0.6334,37.5977,-126.6479,-114.5630,2.2032,,
DATA,A004,3,235,942715,-0.9864,-1.2851,0.6832,21.0571,-178.8940,-127.6245,1.7582,,
DATA,A004,3,236,942725,-0.5248,-1.1948,0.7657,19.8364,-167.1753,-118.1030,1.5130,,
DATA,A004,3,237,942735,-0.0589,-1.0266,0.8324,14.2212,-103.8208,-82.8857,1.3229,,
DATA,A004,3,238,942745,0.0138,-0.9338,0.8470,-4.4556,-37.0483,-51.6968,1.2608,,
DATA,A004,3,239,942755,-0.2047,-0.8532,0.7987,-36.1938,91.9800,-9.5215,1.1865,,
DATA,A004,3,240,942765,-0.4628,-0.8308,0.7208,-42.1143,163.2690,12.1460,1.1933,,
DATA,A004,3,241,942775,-0.8944,-0.7597,0.6000,-24.8413,215.8203,41.3818,1.3180,,
DATA,A004,3,242,942785,-1.1095,-0.6806,0.5699,-6.8359,216.9800,56.1523,1.4209,,
DATA,A004,3,243,942795,-1.2735,-0.5295,0.6547,10.6201,169.9829,77.5146,1.5267,,
DATA,A004,3,244,942805,-1.3163,-0.4308,0.7511,10.8032,120.7886,96.3745,1.5755,,
DATA,A004,3,245,942815,-1.2125,-0.3234,0.8663,4.5776,62.4390,118.1641,1.5249,,
DATA,A004,3,246,942825,-1.0736,-0.2756,0.9037,1.8921,37.1094,127.9297,1.4301,,
DATA,A004,3,247,942835,-1.0697,-0.2036,0.9676,1.8921,28.3813,142.9443,1.4567,,
DATA,A004,3,248,942845,-1.0853,-0.1235,0.9789,5.3101,48.0957,146.1792,1.4667,,
DATA,A004,3,249,942855,-1.0860,-0.0073,0.8514,9.6436,70.9229,148.6816,1.3800,,
DATA,A004,3,250,942865,-1.1334,0.0215,0.7413,8.1177,76.5991,154.9072,1.3545,,
DATA,A004,3,251,942875,-1.0694,-0.0485,0.7191,1.2207,78.0640,160.5835,1.2896,,
DATA,A004,3,252,942885,-0.9691,-0.1010,0.7064,-0.6714,69.8242,165.7715,1.2035,,
DATA,A004,3,253,942895,-0.8849,-0.1411,0.6581,2.3193,48.5840,181.7017,1.1117,,
DATA,A004,3,254,942905,-0.8605,-0.1249,0.6229,8.4229,36.3159,191.5894,1.0696,,
DATA,A004,3,255,942915,-0.8900,-0.0263,0.5858,17.5781,33.3252,203.1860,1.0658,,
DATA,A004,3,256,942925,-0.9164,0.0643,0.5836,22.3389,51.0254,205.4443,1.0883,,
DATA,A004,3,257,942935,-0.8876,0.1868,0.5389,26.4893,87.4634,206.1157,1.0550,,
DATA,A004,3,258,942945,-0.8619,0.2410,0.4999,24.2920,104.1870,212.4023,1.0251,,
DATA,A004,3,259,942955,-0.9005,0.2576,0.4337,13.1226,116.9434,225.2808,1.0322,,
DATA,A004,3,260,942965,-1.0140,0.2491,0.4178,5.5542,122.6807,231.0181,1.1247,,
DATA,A004,3,261,942975,-1.1771,0.2593,0.4083,2.9297,131.5308,233.8867,1.2726,,
DATA,A004,3,262,942985,-1.3038,0.3028,0.3805,4.4556,129.6997,236.3281,1.3915,,
DATA,A004,3,263,942995,-1.4276,0.3858,0.3287,2.9297,116.5161,240.2344,1.5149,,
DATA,A004,3,264,943005,-1.4010,0.4254,0.3170,0.3662,100.9521,242.6758,1.4981,,
DATA,A004,3,265,943015,-1.3060,0.4549,0.3038,-4.2114,77.3926,248.0469,1.4160,,
DATA,A004,3,266,943025,-1.1046,0.4463,0.2704,-16.0522,37.5366,260.8032,1.2217,,
DATA,A004,3,267,943035,-0.9757,0.3961,0.2462,-24.2310,16.2354,272.2778,1.0814,,
DATA,A004,3,268,943045,-0.8251,0.3284,0.2303,-28.2593,-3.7231,290.1611,0.9174,,
DATA,A004,3,269,943055,-0.7726,0.3213,0.2030,-23.0713,-10.8032,303.5278,0.8610,,
DATA,A004,3,270,943065,-0.7191,0.3836,0.1429,-9.0942,-19.0430,325.3784,0.8275,,
DATA,A004,3,271,943075,-0.6739,0.4686,0.1725,2.9297,-18.3716,336.1206,0.8387,,
DATA,A004,3,272,943085,-0.5560,0.6429,0.2062,19.7144,-11.2915,346.8628,0.8746,,
DATA,A004,3,273,943095,-0.4852,0.7593,0.2064,26.7334,-3.7231,356.1401,0.9245,,
DATA,A004,3,274,943105,-0.4310,0.9053,0.2235,29.7241,9.4604,368.8354,1.0273,,
DATA,A004,3,275,943115,-0.3819,0.9620,0.2213,29.4189,19.7754,376.6479,1.0584,,
DATA,A004,3,276,943125,-0.4132,1.0291,0.1578,26.7944,31.7993,389.0991,1.1201,,
DATA,A004,3,277,943135,-0.4293,1.0848,0.1334,27.3438,41.3818,389.5874,1.1742,,
DATA,A004,3,278,943145,-0.5463,1.1968,-0.0084,26.0620,50.1709,387.4512,1.3156,,
DATA,A004,3,279,943155,-0.6459,1.3074,0.0582,31.4941,59.4482,378.9062,1.4594,,
DATA,A004,3,280,943165,-0.6651,1.5399,0.1769,41.4429,92.1021,337.2803,1.6867,,
DATA,A004,3,281,943175,-0.6576,1.6214,0.2164,31.4331,109.1309,313.2324,1.7630,,
DATA,A004,3,282,943185,-0.6527,1.4815,0.2782,-10.9253,131.2256,287.6587,1.6426,,
DATA,A004,3,283,943195,-0.6561,1.2650,0.2572,-39.3066,143.5547,272.3389,1.4480,,
DATA,A004,3,284,943205,-0.6112,0.9471,0.2086,-58.1665,158.1421,252.9907,1.1463,,
DATA,A004,3,285,943215,-0.5653,0.8057,0.1732,-56.4575,164.4287,245.3003,0.9994,,
DATA,A004,3,286,943225,-0.4772,0.6924,0.1068,-48.0347,171.6309,240.7227,0.8477,,
DATA,A004,3,287,943235,-0.4420,0.6544,0.0673,-44.4336,175.8423,240.9668,0.7925,,
DATA,A004,3,288,943245,-0.4313,0.6246,-0.0033,-42.7856,188.4155,242.2485,0.7590,,
DATA,A004,3,289,943255,-0.4457,0.6182,-0.1190,-42.2363,208.0688,240.1733,0.7714,,
DATA,A004,3,290,943265,-0.5213,0.6050,-0.2230,-36.6211,255.5542,219.2993,0.8292,,
DATA,A004,3,291,943275,-0.5841,0.6036,-0.2015,-24.5361,295.7153,195.2515,0.8638,,
DATA,A004,3,292,943285,-0.8143,0.5921,-0.0880,-6.4697,327.5146,154.4189,1.0107,,
DATA,A004,3,293,943295,-1.0741,0.5826,0.0760,2.1973,316.8335,129.0283,1.2243,,
DATA,A004,3,294,943305,-1.3226,0.5823,0.2218,4.4556,280.0293,102.6611,1.4621,,
DATA,A004,3,295,943315,-1.6051,0.5208,0.2819,-6.7749,186.8286,61.8286,1.7108,,
DATA,A004,3,296,943325,-1.6937,0.4256,0.2770,-19.8364,113.1592,34.1187,1.7682,,
DATA,A004,3,297,943335,-1.6537,0.2881,0.2421,-31.8604,3.8452,-9.4604,1.6960,,
DATA,A004,3,298,943345,-1.5167,0.2327,0.2362,-32.5317,-55.0537,-38.1470,1.5525,,
DATA,A004,3,299,943355,-1.2084,0.2046,0.2338,-30.3345,-105.0415,-73.0591,1.2477,,
DATA,A004,3,300,943365,-1.0401,0.2034,0.2123,-35.4004,-122.0703,-89.4165,1.0809,,
DATA,A004,3,301,943375,-0.8751,0.1651,0.1356,-52.1240,-120.8496,-110.1074,0.9008,,
DATA,A004,3,302,943385,-0.7999,0.1282,0.0563,-59.5703,-109.6191,-124.0234,0.8121,,
DATA,A004,3,303,943395,-0.7301,0.1121,-0.0665,-54.0161,-87.8906,-142.2119,0.7416,,
DATA,A004,3,304,943405,-0.7071,0.1446,-0.1107,-42.8467,-72.5098,-151.4282,0.7302,,
DATA,A004,3,305,943415,-0.7091,0.2515,-0.0966,-25.8789,-47.3633,-160.0952,0.7586,,
DATA,A004,3,306,943425,-0.7413,0.3238,-0.0726,-20.0806,-30.5176,-163.6353,0.8122,,
DATA,A004,3,307,943435,-0.7867,0.3958,-0.0641,-17.1509,-9.3994,-169.3115,0.8830,,
DATA,A004,3,308,943445,-0.8295,0.4254,-0.0485,-12.8784,-4.3335,-172.1191,0.9334,,
DATA,A004,3,309,943455,-0.8888,0.4888,0.0182,-3.7842,-8.4839,-172.4854,1.0145,,
DATA,A004,3,310,943465,-0.9154,0.5604,0.0638,2.8076,-12.2070,-170.4102,1.0752,,
DATA,A004,3,311,943475,-0.9747,0.7012,0.0746,7.7515,-16.5405,-165.6494,1.2031,,
DATA,A004,3,312,943485,-1.0235,0.7757,0.0367,8.2397,-19.9585,-164.7949,1.2848,,
DATA,A004,3,313,943495,-1.0790,0.8472,-0.0172,10.0708,-25.2075,-167.2974,1.3720,,
DATA,A004,3,314,943505,-1.0560,0.8856,-0.0468,13.3667,-30.9448,-170.7153,1.3790,,
DATA,A004,3,315,943515,-0.9735,0.9275,-0.0951,17.6392,-42.2974,-174.8657,1.3480,,
DATA,A004,3,316,943525,-0.8954,0.9337,-0.1061,19.4702,-46.7529,-179.0161,1.2979,,
DATA,A004,3,317,943535,-0.7762,0.8926,-0.1027,21.6675,-42.7246,-189.2090,1.1874,,
DATA,A004,3,318,943545,-0.7064,0.8318,-0.0980,24.0479,-33.3252,-195.3125,1.0957,,
DATA,A004,3,319,943555,-0.6283,0.7095,-0.0971,29.7852,-17.0288,-202.5146,0.9527,,
DATA,A004,3,320,943565,-0.5795,0.6348,-0.1058,35.8887,-7.3853,-206.6650,0.8660,,
DATA,A004,3,321,943575,-0.5104,0.5389,-0.1359,46.6919,3.1738,-211.1816,0.7545,,
DATA,A004,3,322,943585,-0.4623,0.4888,-0.1578,54.1382,5.7373,-212.9517,0.6911,,
DATA,A004,3,323,943595,-0.3910,0.4205,-0.1740,64.8804,2.6245,-216.0034,0.5999,,
DATA,A004,3,324,943605,-0.3793,0.3897,-0.1747,71.0449,-7.0190,-219.4824,0.5712,,
DATA,A004,3,325,943615,-0.4147,0.3372,-0.1818,79.4678,-31.5552,-226.1353,0.5645,,
DATA,A004,3,326,943625,-0.4266,0.3157,-0.1954,85.2051,-56.5796,-233.1543,0.5656,,
DATA,A004,3,327,943635,-0.3595,0.3328,-0.2452,89.1113,-95.9473,-255.0049,0.5479,,
DATA,A004,3,328,943645,-0.2521,0.3499,-0.1891,87.3413,-115.5396,-275.3296,0.4709,,
DATA,A004,3,329,943655,-0.0697,0.4046,-0.1032,81.5430,-122.3755,-300.8423,0.4233,,
DATA,A004,3,330,943665,0.0211,0.4515,-0.0729,74.1577,-116.8823,-311.7676,0.4578,,
DATA,A004,3,331,943675,0.0780,0.4661,-0.0443,65.4297,-108.1543,-318.2983,0.4747,,
DATA,A004,3,332,943685,0.0839,0.4405,-0.0223,51.6357,-94.0552,-318.8477,0.4490,,
DATA,A004,3,333,943695,0.0123,0.4185,-0.0104,44.3726,-85.3882,-314.6362,0.4188,,
DATA,A004,3,334,943705,-0.1012,0.4139,0.0658,37.6587,-68.2373,-309.5703,0.4311,,
DATA,A004,3,335,943715,-0.2347,0.4512,0.1175,35.2173,-56.2134,-306.0303,0.5220,,
DATA,A004,3,336,943725,-0.4667,0.5611,0.1046,28.0762,-42.0532,-301.0254,0.7373,,
DATA,A004,3,337,943735,-0.5702,0.6204,0.0670,21.7285,-38.5742,-299.4995,0.8453,,
DATA,A004,3,338,943745,-0.6068,0.6856,0.0856,12.3291,-37.3535,-298.0957,0.9196,,
DATA,A004,3,339,943755,-0.5550,0.6810,0.1859,6.5308,-33.6914,-299.5605,0.8980,,
DATA,A004,3,340,943765,-0.4737,0.6053,0.3627,1.3428,-6.9580,-300.1709,0.8499,,
DATA,A004,3,341,943775,-0.4862,0.5123,0.4574,-0.8545,14.3433,-300.4761,0.8414,,
DATA,A004,3,342,943785,-0.5384,0.3260,0.7008,2.7466,31.8604,-302.7954,0.9420,,
DATA,A004,3,343,943795,-0.6388,0.2501,0.8695,10.4370,22.5830,-301.4526,1.1075,,
DATA,A004,3,344,943805,-0.8295,0.2642,0.9486,12.5732,-13.9160,-293.7622,1.2875,,
DATA,A004,3,345,943815,-0.9034,0.2928,0.9300,4.4556,-48.6450,-287.4756,1.3292,,
DATA,A004,3,346,943825,-0.9164,0.2786,0.7989,-18.2495,-102.5391,-271.0571,1.2473,,
DATA,A004,3,347,943835,-0.8419,0.2005,0.6881,-34.5459,-131.1035,-258.2397,1.1057,,
DATA,A004,3,348,943845,-0.6949,-0.0019,0.6022,-47.6685,-141.9067,-234.1919,0.9195,,
DATA,A004,3,349,943855,-0.6166,-0.1325,0.5990,-46.0205,-130.0049,-215.0269,0.8698,,
DATA,A004,3,350,943865,-0.5563,-0.2385,0.5480,-31.2500,-102.1118,-185.3638,0.8164,,
DATA,A004,3,351,943875,-0.5546,-0.2670,0.7347,-14.0991,-50.9033,-170.2271,0.9585,,
DATA,A004,3,352,943885,-0.4281,-0.1545,1.0875,14.2822,43.3960,-162.8418,1.1789,,
DATA,A004,3,353,943895,-0.6334,-0.0615,1.0370,8.4229,82.1533,-140.5640,1.2167,,
DATA,A004,3,354,943905,-0.8666,-0.0920,1.0538,-9.2773,102.8442,-116.3940,1.3675,,
DATA,A004,3,355,943915,-0.9405,-0.1621,0.9857,-15.8081,78.7964,-108.7646,1.3720,,
DATA,A004,3,356,943925,-1.0375,-0.3657,0.7892,-26.0010,18.3105,-94.6655,1.3538,,
DATA,A004,3,357,943935,-1.0621,-0.5187,0.7342,-24.7192,-18.6157,-92.0410,1.3915,,
DATA,A004,3,358,943945,-1.0401,-0.6513,0.7372,-3.7842,-55.2368,-90.6372,1.4316,,
DATA,A004,3,359,943955,-0.9852,-0.6469,0.7828,20.0806,-61.7065,-87.5854,1.4149,,
DATA,A004,3,360,943965,-0.9388,-0.5388,0.8749,52.6123,-49.9268,-81.8481,1.3918,,
DATA,A004,3,361,943975,-0.9711,-0.4575,0.9376,64.5142,-40.3442,-76.4771,1.4253,,
DATA,A004,3,362,943985,-0.9979,-0.4355,1.0150,63.4766,-36.9873,-70.8618,1.4885,,
DATA,A004,3,363,943995,-0.9979,-0.5305,1.0780,55.3589,-46.8750,-67.7490,1.5618,,
DATA,A004,3,364,944005,-0.9813,-0.6818,1.1056,48.1567,-61.8286,-65.2466,1.6279,,
DATA,A004,3,365,944015,-0.9186,-0.8879,1.0633,43.9453,-89.5996,-60.1196,1.6622,,
DATA,A004,3,366,944025,-0.8624,-0.9758,1.0245,45.8374,-99.3652,-53.4668,1.6570,,
DATA,A004,3,367,944035,-0.7750,-0.9882,0.9137,54.2603,-85.6934,-41.5649,1.5531,,
DATA,A004,3,368,944045,-0.7994,-0.9228,0.8512,65.9790,-56.0913,-33.3252,1.4883,,
DATA,A004,3,369,944055,-0.9535,-0.8110,0.8470,81.1768,24.9634,-36.4380,1.5114,,
DATA,A004,3,370,944065,-1.1410,-0.7822,0.8824,80.0171,76.9043,-48.5840,1.6408,,
DATA,A004,3,371,944075,-1.4764,-0.8154,0.8973,59.2041,70.1294,-51.5747,1.9105,,
DATA,A004,3,372,944085,-1.5765,-0.8305,0.8658,45.5933,-0.4883,-40.2832,1.9811,,
DATA,A004,3,373,944095,-1.3421,-0.8154,0.7408,23.9258,-120.3003,-26.6724,1.7364,,
DATA,A004,3,374,944105,-1.0550,-0.8195,0.6891,8.9722,-160.2783,-25.5737,1.5032,,
DATA,A004,3,375,944115,-0.6673,-0.8723,0.6417,-9.5825,-146.4233,-22.3999,1.2720,,
DATA,A004,3,376,944125,-0.5096,-0.9252,0.6861,-13.4277,-98.6328,-17.1509,1.2596,,
DATA,A004,3,377,944135,-0.5135,-0.8871,0.7333,-1.4038,7.4463,-2.6245,1.2603,,
DATA,A004,3,378,944145,-0.6481,-0.8178,0.7562,10.2539,85.9985,5.1880,1.2887,,
DATA,A004,3,379,944155,-0.9100,-0.7575,0.8668,23.9868,175.8423,18.0664,1.4674,,
DATA,A004,3,380,944165,-1.0838,-0.7509,0.9696,26.6113,203.6133,32.5317,1.6367,,
DATA,A004,3,381,944175,-1.2867,-0.7429,1.0421,21.6675,202.8198,52.2461,1.8148,,
DATA,A004,3,382,944185,-1.3087,-0.7348,1.0360,19.3481,179.3823,60.6079,1.8237,,
DATA,A004,3,383,944195,-1.1673,-0.6967,0.9918,20.5688,135.1929,74.2188,1.6828,,
DATA,A004,3,384,944205,-1.0248,-0.6872,1.0094,21.9116,114.9292,82.9468,1.5941,,
DATA,A004,3,385,944215,-0.9122,-0.7055,1.0423,22.0947,109.5581,92.5293,1.5545,,
DATA,A004,3,386,944225,-0.9025,-0.7060,1.0985,25.0854,114.9292,99.3652,1.5873,,
DATA,A004,3,387,944235,-0.9991,-0.5829,1.1586,35.5835,114.9902,111.2671,1.6372,,
DATA,A004,3,388,944245,-1.0746,-0.4282,1.1620,40.2222,104.6143,119.4458,1.6396,,
DATA,A004,3,389,944255,-1.1239,-0.1970,1.0104,33.2642,74.1577,130.7373,1.5241,,
DATA,A004,3,390,944265,-1.0782,-0.1086,0.8851,22.5220,50.1709,137.2681,1.3992,,
DATA,A004,3,391,944275,-0.8834,-0.0436,0.7120,12.3291,18.2495,142.3950,1.1355,,
DATA,A004,3,392,944285,-0.7462,-0.0261,0.6266,12.0239,9.4604,145.5688,0.9747,,
DATA,A004,3,393,944295,-0.5890,0.0086,0.5658,17.6392,21.6064,154.8462,0.8168,,
DATA,A004,3,394,944305,-0.5345,0.0574,0.5367,23.3765,37.0483,164.3677,0.7597,,
DATA,A004,3,395,944315,-0.5594,0.1514,0.4962,31.6772,61.1572,183.8989,0.7630,,
DATA,A004,3,396,944325,-0.6466,0.2225,0.4752,35.6445,74.2798,198.0591,0.8327,,
DATA,A004,3,397,944335,-0.7303,0.3018,0.4889,39.1235,86.2427,210.2051,0.9292,,
DATA,A004,3,398,944345,-0.7733,0.4273,0.5663,45.0439,97.4731,223.0225,1.0494,,
DATA,A004,3,399,944355,-0.7806,0.5096,0.5756,44.9829,96.8018,232.5439,1.0956,,
DATA,A004,3,400,944365,-0.7901,0.5626,0.5648,37.2314,81.9702,253.7231,1.1224,,
DATA,A004,3,401,944375,-0.7796,0.5611,0.5626,32.0435,68.9087,268.5547,1.1132,,
DATA,A004,3,402,944385,-0.7262,0.5626,0.4828,35.5225,56.8848,285.2173,1.0377,,
DATA,A004,3,403,944395,-0.7772,0.6065,0.4139,44.7998,54.4434,295.4712,1.0692,,
DATA,A004,3,404,944405,-0.8204,0.7786,0.4027,70.8618,72.1436,299.2554,1.2006,,
DATA,A004,3,405,944415,-0.8385,0.9534,0.4259,89.0503,86.1206,296.1426,1.3392,,
DATA,A004,3,406,944425,-0.8534,1.1944,0.4415,99.3652,100.0366,297.4243,1.5329,,
DATA,A004,3,407,944435,-0.8458,1.2820,0.4620,94.4214,103.7598,301.8799,1.6039,,
DATA,A004,3,408,944445,-0.8067,1.3030,0.5052,82.3364,105.2246,305.5420,1.6137,,
DATA,A004,3,409,944455,-0.7723,1.2820,0.5133,73.5474,103.8208,313.0493,1.5823,,
DATA,A004,3,410,944465,-0.7318,1.2347,0.4423,62.1338,95.9473,334.3506,1.5018,,
DATA,A004,3,411,944475,-0.6927,1.2188,0.3243,58.4106,88.6841,348.8770,1.4389,,
DATA,A004,3,412,944485,-0.7323,1.2938,0.1105,63.7207,85.3271,366.2720,1.4907,,
DATA,A004,3,413,944495,-0.7208,1.4239,0.0709,80.2612,93.5059,363.0371,1.5975,,
DATA,A004,3,414,944505,-0.6959,1.6851,0.1036,100.7690,111.4502,347.2900,1.8261,,
DATA,A004,3,415,944515,-0.6879,1.8040,0.1810,97.0459,127.8687,340.5762,1.9392,,
DATA,A004,3,416,944525,-0.7477,1.7886,0.2526,69.8242,152.7710,331.4819,1.9550,,
DATA,A004,3,417,944535,-0.7731,1.6551,0.2389,49.2554,163.6353,324.7681,1.8423,,
DATA,A004,3,418,944545,-0.8053,1.4166,0.2081,32.5317,157.3486,317.8101,1.6427,,
DATA,A004,3,419,944555,-0.7391,1.2938,0.1622,29.1138,144.7144,313.9648,1.4988,,
DATA,A004,3,420,944565,-0.5157,1.1446,-0.0900,28.0151,114.8682,314.1479,1.2586,,
DATA,A004,3,421,944575,-0.4335,1.0662,-0.1491,30.3955,95.2148,309.8755,1.1606,,
DATA,A004,3,422,944585,-0.3756,1.0711,-0.0895,45.2881,90.7593,292.0532,1.1386,,
DATA,A004,3,423,944595,-0.3917,1.1229,-0.0109,52.5513,95.9473,279.6021,1.1893,,
DATA,A004,3,424,944605,-0.5165,1.1629,0.0773,46.7529,101.9897,262.2070,1.2748,,
DATA,A004,3,425,944615,-0.6109,1.1265,0.1102,36.9873,95.0928,250.3662,1.2863,,
DATA,A004,3,426,944625,-0.6676,1.0115,0.1232,24.6582,65.5518,233.3374,1.2182,,
DATA,A004,3,427,944635,-0.6236,0.9205,0.0892,19.4092,37.8418,222.9004,1.1154,,
DATA,A004,3,428,944645,-0.5016,0.7847,0.0638,17.4561,1.4038,207.0923,0.9335,,
DATA,A004,3,429,944655,-0.4078,0.7186,0.0594,20.8130,-9.7656,195.7397,0.8284,,
DATA,A004,3,430,944665,-0.3126,0.6683,0.0648,27.5879,-7.9956,178.5278,0.7406,,
DATA,A004,3,431,944675,-0.2980,0.6556,0.0592,31.1890,4.1504,167.3584,0.7225,,
DATA,A004,3,432,944685,-0.3060,0.6395,0.0502,32.5928,19.4092,156.0669,0.7107,,
DATA,A004,3,433,944695,-0.3551,0.6185,0.0663,33.5693,37.4756,140.0146,0.7162,,
DATA,A004,3,434,944705,-0.3893,0.6002,0.0714,33.8745,43.7012,131.1035,0.7189,,
DATA,A004,3,435,944715,-0.4200,0.5557,0.0817,31.0059,42.8467,118.2251,0.7014,,
DATA,A004,3,436,944725,-0.4183,0.5118,0.0917,28.0151,38.8794,109.8633,0.6673,,
DATA,A004,3,437,944735,-0.3793,0.4346,0.1000,23.9868,31.7993,99.2432,0.5854,,
DATA,A004,3,438,944745,-0.3395,0.3829,0.0936,22.1558,26.6724,93.1396,0.5202,,
DATA,A004,3,439,944755,-0.2892,0.3035,0.0802,19.8975,16.2354,85.2051,0.4268,,
DATA,A004,3,440,944765,-0.2840,0.2562,0.1119,18.1885,8.7891,80.3833,0.3985,,
DATA,A004,3,441,944775,-0.3136,0.2212,0.1698,13.7939,1.1597,69.5190,0.4197,,
DATA,A004,3,442,944785,-0.3509,0.2022,0.1876,7.6904,-3.4790,61.3403,0.4464,,
DATA,A004,3,443,944795,-0.4127,0.1663,0.2779,-1.8921,-11.9019,46.2646,0.5246,,
DATA,A004,3,444,944805,-0.4491,0.1573,0.3194,-9.3384,-14.8315,35.5225,0.5731,,
DATA,A004,3,445,944815,-0.4752,0.1671,0.3199,-23.6206,-12.5732,19.4702,0.5967,,
DATA,A004,3,446,944825,-0.4586,0.1976,0.2955,-28.3813,-3.7842,7.8735,0.5802,,
DATA,A004,3,447,944835,-0.3790,0.3060,0.2257,-26.9165,24.5972,-7.1411,0.5368,,
DATA,A004,3,448,944845,-0.3309,0.4031,0.1695,-22.2168,55.1147,-15.6860,0.5484,,
DATA,A004,3,449,944855,-0.3392,0.5638,0.1268,-11.8408,107.3608,-20.9351,0.6701,,
DATA,A004,3,450,944865,-0.4137,0.7090,0.1368,-0.6714,143.7378,-18.2495,0.8322,,
DATA,A004,3,451,944875,-0.5773,0.9461,0.1319,12.2681,185.4248,-11.9019,1.1161,,
DATA,A004,3,452,944885,-0.7008,1.0804,0.1319,11.2915,200.9277,-5.3101,1.2945,,
DATA,A004,3,453,944895,-0.9054,1.1888,0.0997,-4.7607,198.3032,11.2305,1.4976,,
DATA,A004,3,454,944905,-1.0477,1.2154,0.0948,-15.9912,179.3213,22.3389,1.6074,,
DATA,A004,3,455,944915,-1.1935,1.2122,0.1085,-26.0010,139.4043,25.8179,1.7046,,
DATA,A004,3,456,944925,-1.1998,1.1824,0.1276,-27.7100,110.2295,17.7612,1.6894,,
DATA,A004,3,457,944935,-1.0633,1.1348,0.1417,-26.7334,69.6411,-6.8970,1.5616,,
DATA,A004,3,458,944945,-0.9215,1.0938,0.1385,-24.6582,47.8516,-30.5786,1.4369,,
DATA,A004,3,459,944955,-0.7098,1.0047,0.1232,-19.2871,35.7056,-72.0215,1.2363,,
DATA,A004,3,460,944965,-0.6180,0.9288,0.1166,-13.6108,35.6445,-98.8770,1.1217,,
DATA,A004,3,461,944975,-0.5653,0.8282,0.1227,-2.1362,37.5977,-135.4370,1.0102,,
DATA,A004,3,462,944985,-0.5768,0.7938,0.1171,6.2256,36.0107,-156.7993,0.9881,,
DATA,A004,3,463,944995,-0.6036,0.8094,0.0914,19.1040,24.6582,-183.5327,1.0138,,
DATA,A004,3,464,945005,-0.6095,0.8519,0.0821,26.9775,10.3760,-198.1201,1.0507,,
DATA,A004,3,465,945015,-0.5638,0.9595,0.0629,34.9731,-15.3809,-216.0034,1.1147,,
DATA,A004,3,466,945025,-0.5160,1.0423,0.0270,37.5977,-31.0059,-225.9521,1.1633,,
DATA,A004,3,467,945035,-0.4476,1.1075,-0.0233,36.2549,-44.0674,-235.2905,1.1947,,
DATA,A004,3,468,945045,-0.3483,1.1207,-0.0934,27.2217,-57.1289,-247.6196,1.1772,,
DATA,A004,3,469,945055,-0.2872,1.0811,-0.1371,19.2871,-59.9976,-254.8218,1.1270,,
DATA,A004,3,470,945065,-0.2132,0.9583,-0.1637,13.0615,-58.2275,-265.0757,0.9953,,
DATA,A004,3,471,945075,-0.1739,0.8616,-0.1483,14.2822,-53.8940,-271.8506,0.8914,,
DATA,A004,3,472,945085,-0.1525,0.7254,-0.1181,19.7754,-47.3022,-284.1797,0.7506,,
DATA,A004,3,473,945095,-0.1583,0.6382,-0.1212,21.1792,-44.9219,-293.6401,0.6687,,
DATA,A004,3,474,945105,-0.1642,0.5171,-0.1244,23.2544,-46.3867,-310.7910,0.5567,,
DATA,A004,3,475,945115,-0.1444,0.4595,-0.1127,28.5645,-49.6826,-322.5098,0.4947,,
DATA,A004,3,476,945125,-0.0804,0.4503,-0.0768,36.3159,-53.0396,-338.3789,0.4638,,
DATA,A004,3,477,945135,-0.0572,0.4708,-0.0595,39.1846,-52.4902,-343.5059,0.4779,,
DATA,A004,3,478,945145,-0.1078,0.5171,-0.0167,42.0532,-50.5981,-344.7266,0.5285,,
DATA,A004,3,479,945155,-0.1835,0.5611,-0.0028,43.5791,-54.1992,-344.6655,0.5903,,
DATA,A004,3,480,945165,-0.3219,0.6246,-0.0465,38.9404,-75.2563,-338.8672,0.7042,,
DATA,A004,3,481,945175,-0.4244,0.6487,-0.0731,35.1562,-99.0601,-333.1909,0.7787,,
DATA,A004,3,482,945185,-0.4930,0.7034,-0.0565,33.7524,-138.2446,-326.9043,0.8609,,
DATA,A004,3,483,945195,-0.4591,0.7498,0.0077,31.8604,-164.0015,-324.4629,0.8792,,
DATA,A004,3,484,945205,-0.3255,0.7916,0.0716,15.6250,-190.4297,-319.6411,0.8589,,
DATA,A004,3,485,945215,-0.2557,0.7840,0.1476,-1.0376,-189.3311,-317.2607,0.8377,,
DATA,A004,3,486,945225,-0.1922,0.7901,0.2289,-19.2261,-154.7241,-317.9321,0.8447,,
DATA,A004,3,487,945235,-0.2145,0.8011,0.1898,-25.6958,-118.4692,-317.7490,0.8507,,
DATA,A004,3,488,945245,-0.3595,0.8196,0.2418,-31.8604,-63.2935,-314.1479,0.9271,,
DATA,A004,3,489,945255,-0.4886,0.8567,0.3170,-33.0811,-30.7617,-311.4014,1.0360,,
DATA,A004,3,490,945265,-0.6510,0.9534,0.4337,-33.3252,-6.1646,-303.2227,1.2333,,
DATA,A004,3,491,945275,-0.7745,1.0191,0.5155,-34.7290,-8.9722,-295.3491,1.3799,,
DATA,A004,3,492,945285,-0.9010,1.0980,0.5848,-37.5366,-25.5127,-284.2407,1.5360,,
DATA,A004,3,493,945295,-1.0094,1.1412,0.5992,-40.5884,-45.0439,-277.0996,1.6371,,
DATA,A004,3,494,945305,-1.0846,1.1893,0.6070,-46.0815,-69.5801,-272.5830,1.7202,,
DATA,A004,3,495,945315,-1.0648,1.1922,0.6161,-50.4761,-85.0830,-268.0054,1.7131,,
DATA,A004,3,496,945325,-1.0277,1.1143,0.6932,-63.2324,-107.7271,-256.4697,1.6669,,
DATA,A004,3,497,945335,-0.9896,1.0054,0.7335,-75.0732,-114.1357,-251.4648,1.5900,,
DATA,A004,3,498,945345,-0.9300,0.7703,0.6988,-82.8247,-112.9150,-245.5444,1.3953,,
DATA,A004,3,499,945355,-0.8827,0.6231,0.6678,-77.7588,-105.2856,-246.0327,1.2702,,
DATA,A004,3,500,945365,-0.7801,0.5067,0.5631,-68.6646,-91.0034,-247.6196,1.0874,,
DATA,A004,3,501,945375,-0.6798,0.3421,0.5304,-51.9409,-69.5190,-242.9199,0.9276,,
DATA,A004,3,502,945385,-0.6070,0.1710,0.5687,-36.0107,-50.8423,-235.9619,0.8492,,
DATA,A004,3,503,945395,-0.6273,0.0306,0.5917,-28.5645,-54.5654,-224.9756,0.8629,,
DATA,A004,3,504,945405,-0.6891,-0.1164,0.6468,-19.7144,-73.3643,-211.1816,0.9522,,
DATA,A004,3,505,945415,-0.6752,-0.2736,0.7335,-0.8545,-122.6807,-188.2935,1.0338,,
DATA,A004,3,506,945425,-0.6415,-0.2878,0.8065,14.8315,-161.3159,-166.6260,1.0699,,
DATA,A004,3,507,945435,-0.5753,-0.1630,0.8321,35.5225,-202.5146,-130.3101,1.0247,,
DATA,A004,3,508,945445,-0.5458,-0.0776,0.8629,40.5273,-214.2334,-111.2671,1.0240,,
DATA,A004,3,509,945455,-0.5216,-0.0434,0.9471,36.6211,-203.7354,-90.8203,1.0821,,
DATA,A004,3,510,945465,-0.5697,-0.1042,0.9681,28.8696,-182.8003,-79.8950,1.1281,,
DATA,A004,3,511,945475,-0.7049,-0.2778,0.9559,22.7051,-148.6816,-67.9932,1.2198,,
DATA,A004,3,512,945485,-0.8104,-0.3813,1.0096,27.7710,-126.7090,-61.7065,1.3496,,
DATA,A004,3,513,945495,-1.0043,-0.3708,1.0819,43.0298,-96.9238,-55.1758,1.5220,,
DATA,A004,3,514,945505,-1.1693,-0.3110,1.0909,48.2788,-76.5381,-51.2085,1.6291,,
DATA,A004,3,515,945515,-1.3002,-0.2675,1.1676,45.4712,-56.9458,-51.0864,1.7678,,
DATA,A004,3,516,945525,-1.3622,-0.2888,1.1522,34.9731,-50.6592,-50.7202,1.8073,,
DATA,A004,3,517,945535,-1.3551,-0.4335,1.1876,18.8599,-46.6309,-52.9175,1.8533,,
DATA,A004,3,518,945545,-1.3170,-0.5112,1.2328,14.4653,-44.4336,-51.7578,1.8750,,
DATA,A004,3,519,945555,-1.2648,-0.5695,1.2804,12.3291,-44.3115,-47.8516,1.8877,,
DATA,A004,3,520,945565,-1.2250,-0.5883,1.2909,8.4839,-49.9268,-45.1660,1.8743,,
DATA,A004,3,521,945575,-1.1153,-0.6506,1.3060,1.2817,-59.3872,-37.7808,1.8366,,
DATA,A004,3,522,945585,-1.0101,-0.6889,1.3050,-0.0610,-58.7158,-31.3721,1.7883,,
DATA,A004,3,523,945595,-0.8622,-0.7136,1.2591,2.6245,-35.4614,-21.5454,1.6846,,
DATA,A004,3,524,945605,-0.7884,-0.7363,1.2447,6.7749,-4.8218,-16.2354,1.6472,,
DATA,A004,3,525,945615,-0.7025,-0.7507,1.3126,18.0664,51.3306,-8.2397,1.6673,,
DATA,A004,3,526,945625,-0.6437,-0.7414,1.3136,23.3154,90.1489,-1.9531,1.6400,,
DATA,A004,3,527,945635,-0.6119,-0.7556,1.3458,25.7568,139.8315,10.4980,1.6603,,
DATA,A004,3,528,945645,-0.6554,-0.7607,1.3756,27.9541,163.1470,19.7754,1.7031,,
DATA,A004,3,529,945655,-0.7967,-0.6850,1.3007,33.3862,176.3306,39.4287,1.6720,,
DATA,A004,3,530,945665,-0.8905,-0.5937,1.1896,35.7056,170.3491,54.1992,1.6002,,
DATA,A004,3,531,945675,-0.9149,-0.4294,0.9940,36.2549,147.7661,77.2095,1.4176,,
DATA,A004,3,532,945685,-0.8951,-0.3076,0.8297,37.1094,127.9297,95.2759,1.2587,,
DATA,A004,3,533,945695,-0.7911,-0.1225,0.6871,44.1284,109.6802,118.0420,1.0550,,
DATA,A004,3,534,945705,-0.7218,0.0171,0.6070,49.6216,105.9570,131.5308,0.9433,,
DATA,A004,3,535,945715,-0.6915,0.1378,0.5499,51.3916,104.7363,146.3013,0.8942,,
DATA,A004,3,536,945725,-0.6832,0.2982,0.5448,48.4619,98.2666,166.4429,0.9233,,
DATA,A004,3,537,945735,-0.6910,0.3731,0.5067,42.5415,88.1348,179.3213,0.9346,,
DATA,A004,3,538,945745,-0.6183,0.4046,0.4520,34.9731,69.3359,197.3267,0.8662,,
DATA,A004,3,539,945755,-0.5340,0.4261,0.4095,33.6914,59.0820,209.5947,0.7965,,
DATA,A004,3,540,945765,-0.3893,0.4512,0.3048,36.0718,53.6499,233.5815,0.6694,,
DATA,A004,3,541,945775,-0.3126,0.4593,0.2237,41.8701,55.9082,250.8545,0.5989,,
DATA,A004,3,542,945785,-0.1893,0.5150,0.1171,62.5610,72.0825,272.8271,0.5610,,
DATA,A004,3,543,945795,-0.0780,0.5875,0.1410,80.5054,96.3135,284.3018,0.6092,,
DATA,A004,3,544,945805,-0.0047,0.7344,0.1527,99.6704,144.7754,302.3682,0.7502,,
DATA,A004,3,545,945815,-0.0614,0.8382,0.1390,107.6050,178.4668,315.0635,0.8519,,
DATA,A004,3,546,945825,-0.2140,0.9996,0.0939,119.7510,203.8574,333.9233,1.0265,,
DATA,A004,3,547,945835,-0.3089,1.1202,0.0702,128.3569,198.3032,350.1587,1.1641,,
DATA,A004,3,548,945845,-0.3180,1.3284,0.0785,138.3667,170.1660,376.1597,1.3682,,
DATA,A004,3,549,945855,-0.2740,1.4759,0.0785,142.7002,148.2544,394.8364,1.5032,,
DATA,A004,3,550,945865,-0.1918,1.7056,0.0619,147.8271,128.0518,422.4243,1.7175,,
DATA,A004,3,551,945875,-0.1573,1.8858,0.0402,152.5879,125.1221,440.1245,1.8928,,
DATA,A004,3,552,945885,-0.1261,2.1968,-0.0536,162.1704,132.0801,464.9658,2.2011,,
DATA,A004,3,553,945895,-0.1312,2.4258,-0.1244,166.5649,144.1040,476.9897,2.4326,,
DATA,A004,3,554,945905,-0.1517,2.7754,-0.1444,169.4336,166.5649,485.7788,2.7833,,
DATA,A004,3,555,945915,-0.1947,2.9700,-0.1266,162.4756,184.9976,489.2578,2.9791,,
DATA,A004,3,556,945925,-0.2926,3.1036,-0.1036,139.1602,211.9751,488.1592,3.1191,,
DATA,A004,3,557,945935,-0.3663,3.0657,-0.0907,120.3613,224.2432,477.6001,3.0889,,
DATA,A004,3,558,945945,-0.6254,3.0521,0.1134,100.7690,235.0464,468.6279,3.1175,,
DATA,A004,3,559,945955,-0.3785,3.0257,0.2816,72.4487,384.8267,385.9863,3.0623,,
DATA,A004,3,560,945965,-0.1976,2.8524,0.1070,25.0854,455.1392,393.7378,2.8612,,
DATA,A004,3,561,945975,-0.5126,2.7300,-0.2858,6.6528,426.2695,397.4609,2.7924,,
DATA,A004,3,562,945985,-0.7792,2.3624,-0.0873,-10.5591,338.8672,369.7510,2.4891,,
DATA,A004,3,563,945995,-0.7438,2.2181,0.0301,-28.9917,269.7144,340.2710,2.3396,,
DATA,A004,3,564,946005,-0.3182,1.8963,-0.1051,-60.7300,187.3169,303.2227,1.9257,,
DATA,A004,3,565,946015,-0.1637,1.7315,-0.1539,-53.8330,161.3159,295.6543,1.7460,,
DATA,A004,3,566,946025,-0.2159,1.6363,-0.2067,-23.1323,151.2451,280.5786,1.6634,,
DATA,A004,3,567,946035,-0.2814,1.6102,-0.1884,-9.7046,147.6440,263.0005,1.6454,,
DATA,A004,3,568,946045,-0.3295,1.5872,-0.1422,-5.3101,145.1416,241.7603,1.6273,,
DATA,A004,3,569,946055,-0.4095,1.5394,-0.1212,-5.4321,150.8179,212.0361,1.5975,,
DATA,A004,3,570,946065,-0.4474,1.5027,-0.1227,-5.0049,155.2124,194.8853,1.5727,,
DATA,A004,3,571,946075,-0.4498,1.4446,-0.1290,-2.3804,160.8887,174.3164,1.5185,,
DATA,A004,3,572,946085,-0.4357,1.3765,-0.1139,-2.2583,163.2080,161.9873,1.4483,,
DATA,A004,3,573,946095,-0.4046,1.2405,-0.1132,-3.3569,168.7622,146.0571,1.3098,,
DATA,A004,3,574,946105,-0.4039,1.1275,-0.1244,-5.4932,168.3350,137.6343,1.2041,,
DATA,A004,3,575,946115,-0.4379,0.9529,-0.0968,-4.4556,153.8696,128.8452,1.0532,,
DATA,A004,3,576,946125,-0.4838,0.8580,-0.0702,-2.1973,135.6812,125.3662,0.9874,,
DATA,A004,3,577,946135,-0.5343,0.7361,0.0292,-1.2817,96.9238,119.1406,0.9101,,
DATA,A004,3,578,946145,-0.5243,0.6739,0.1571,-3.1128,72.2656,111.6333,0.8681,,
DATA,A004,3,579,946155,-0.4403,0.6519,0.1666,-16.8457,39.1846,101.3794,0.8041,,
DATA,A004,3,580,946165,-0.3641,0.5970,0.0109,-37.0483,28.9917,100.7690,0.6993,,
DATA,A004,3,581,946175,-0.2858,0.3592,-0.1889,-59.3872,23.9258,102.0508,0.4963,,
DATA,A004,3,582,946185,-0.3165,0.1780,-0.1886,-50.5371,21.4844,99.6704,0.4092,,
DATA,A004,3,583,946195,-0.4305,0.0731,-0.0082,-9.8877,20.9351,93.8110,0.4368,,
DATA,A004,3,584,946205,-0.5177,0.1299,0.1415,15.0757,21.1792,92.7734,0.5522,,
DATA,A004,3,585,946215,-0.5716,0.2811,0.2340,9.1553,22.3389,90.0879,0.6786,,
DATA,A004,3,586,946225,-0.5516,0.2962,0.0878,-18.3716,21.4233,86.0596,0.6322,,
DATA,A004,3,587,946235,-0.6334,0.0970,-0.3095,-56.8848,6.5308,83.6182,0.7116,,
DATA,A004,3,588,946245,-0.6966,-0.1371,-0.3534,-52.1240,-8.4229,78.7354,0.7931,,
DATA,A004,3,589,946255,-0.6598,-0.2993,-0.0980,2.0752,-40.2832,64.9414,0.7311,,
DATA,A004,3,590,946265,-0.5599,-0.1899,0.1112,37.7197,-53.8330,61.8896,0.6016,,
DATA,A004,3,591,946275,-0.4093,0.0933,0.2955,49.0723,-53.1006,68.4204,0.5134,,
DATA,A004,3,592,946285,-0.3729,0.2086,0.2565,26.1230,-33.8745,74.8901,0.4983,,
DATA,A004,3,593,946295,-0.5077,0.1307,0.0753,-14.6484,3.7842,85.5103,0.5296,,
DATA,A004,3,594,946305,-0.6854,0.0394,-0.0028,-16.7236,30.3345,90.6372,0.6865,,
DATA,A004,3,595,946315,-0.9200,0.0997,0.0604,24.1089,57.3730,84.1064,0.9274,,
DATA,A004,3,596,946325,-0.9982,0.3135,0.1395,55.2979,62.1948,71.5332,1.0555,,
DATA,A004,3,597,946335,-0.9942,0.6851,0.2674,65.3076,54.0161,44.6777,1.2367,,
DATA,A004,3,598,946345,-0.9215,0.8467,0.3170,47.6685,41.8701,21.4844,1.2910,,
DATA,A004,3,599,946355,-0.7726,0.8890,0.2838,11.0474,19.5312,-16.9678,1.2115,,
DATA,A004,3,600,946365,-0.6383,0.8140,0.2516,-3.7842,8.9722,-43.8232,1.0646,,
DATA,A004,3,601,946375,-0.4239,0.7269,0.1932,-2.1362,7.8125,-82.5806,0.8634,,
DATA,A004,3,602,946385,-0.3260,0.7283,0.1544,6.2866,16.7847,-106.2622,0.8128,,
DATA,A004,3,603,946395,-0.2796,0.7762,0.1422,15.2588,30.3345,-129.2114,0.8372,,
DATA,A004,3,604,946405,-0.3155,0.8878,0.1239,26.0620,49.7437,-161.3770,0.9503,,
DATA,A004,3,605,946415,-0.3863,0.9774,0.0831,28.4424,56.6406,-180.5420,1.0542,,
DATA,A004,3,606,946425,-0.4838,1.1019,-0.0238,28.8086,54.6265,-209.5337,1.2036,,
DATA,A004,3,607,946435,-0.5211,1.1880,-0.1027,30.8838,45.8984,-229.7974,1.3014,,
DATA,A004,3,608,946445,-0.5072,1.3355,-0.2321,38.3301,29.9072,-258.1177,1.4473,,
DATA,A004,3,609,946455,-0.4806,1.4534,-0.2968,45.6543,20.0195,-273.9258,1.5593,,
DATA,A004,3,610,946465,-0.4286,1.6175,-0.3534,56.4575,10.0708,-293.0908,1.7102,,
DATA,A004,3,611,946475,-0.3907,1.7137,-0.3649,62.5610,6.9580,-302.2461,1.7951,,
DATA,A004,3,612,946485,-0.3365,1.8104,-0.3346,69.2139,4.1504,-310.6689,1.8715,,
DATA,A004,3,613,946495,-0.3065,1.8177,-0.2902,70.9839,4.0283,-314.3921,1.8660,,
DATA,A004,3,614,946505,-0.2704,1.7344,-0.1989,73.1812,3.8452,-319.9463,1.7666,,
DATA,A004,3,615,946515,-0.2569,1.6504,-0.1100,75.2563,0.3662,-324.0356,1.6739,,
DATA,A004,3,616,946525,-0.2877,1.5252,0.0653,80.9326,-15.5640,-332.4585,1.5535,,
DATA,A004,3,617,946535,-0.3080,1.5174,0.1874,85.5103,-31.6772,-342.8955,1.5596,,
DATA,A004,3,618,946545,-0.2760,1.5879,0.1507,83.6792,-56.4575,-354.8584,1.6188,,
DATA,A004,3,619,946555,-0.2230,1.5579,0.0541,71.0449,-75.0122,-360.7788,1.5747,,
DATA,A004,3,620,946565,-0.1517,1.3751,-0.0494,53.0396,-96.9238,-373.5962,1.3843,,
DATA,A004,3,621,946575,-0.1290,1.2352,-0.1014,51.2085,-105.9570,-384.2773,1.2460,,
DATA,A004,3,622,946585,-0.0997,1.0784,-0.0573,67.3218,-114.6851,-402.7100,1.0845,,
DATA,A004,3,623,946595,-0.1041,1.0679,-0.0253,83.6182,-121.6431,-414.0625,1.0733,,
DATA,A004,3,624,946605,-0.1244,1.1290,0.0040,93.5669,-133.4229,-422.6685,1.1358,,
DATA,A004,3,625,946615,-0.1383,1.1646,0.0204,89.5386,-142.6392,-427.5513,1.1730,,
DATA,A004,3,626,946625,-0.1476,1.1790,0.0404,77.0874,-154.1138,-433.1055,1.1889,,
DATA,A004,3,627,946635,-0.1737,1.1634,0.0248,67.9932,-163.3911,-433.5327,1.1765,,
DATA,A004,3,628,946645,-0.2291,1.1092,-0.0848,54.5044,-176.5137,-429.8706,1.1358,,
DATA,A004,3,629,946655,-0.2601,1.0735,-0.1469,48.7061,-182.6172,-427.9785,1.1143,,
DATA,A004,3,630,946665,-0.2660,1.1107,-0.1447,52.2461,-185.3027,-427.1240,1.1512,,
DATA,A004,3,631,946675,-0.2479,1.1868,-0.0741,60.2417,-177.6123,-426.2695,1.2147,,
DATA,A004,3,632,946685,-0.1966,1.3091,0.0856,64.0259,-159.9731,-419.9829,1.3266,,
DATA,A004,3,633,946695,-0.2103,1.3484,0.1600,57.9834,-150.1465,-412.4146,1.3741,,
DATA,A004,3,634,946705,-0.2110,1.3333,0.2443,41.5039,-132.8735,-404.7241,1.3718,,
DATA,A004,3,635,946715,-0.2269,1.2713,0.2518,32.3486,-123.5352,-399.9634,1.3157,,
DATA,A004,3,636,946725,-0.3104,1.1387,0.2806,21.8506,-108.1543,-391.3574,1.2132,,
DATA,A004,3,637,946735,-0.4093,1.0611,0.2513,17.9443,-99.1821,-383.4839,1.1647,,
DATA,A004,3,638,946745,-0.5223,1.0091,0.2008,15.6250,-93.4448,-376.2207,1.1539,,
DATA,A004,3,639,946755,-0.6234,0.9864,0.1603,16.4185,-94.6655,-364.0747,1.1778,,
DATA,A004,3,640,946765,-0.6112,1.0032,0.1822,19.3481,-101.1353,-351.7456,1.1888,,
DATA,A004,3,641,946775,-0.5177,1.0162,0.2850,16.1133,-109.4360,-330.2612,1.1755,,
DATA,A004,3,642,946785,-0.4564,0.9275,0.2753,2.2583,-99.7925,-312.6221,1.0698,,
DATA,A004,3,643,946795,-0.4342,0.8189,0.2679,-4.3945,-86.9751,-302.1851,0.9648,,
DATA,A004,3,644,946805,-0.4493,0.7003,0.2589,-3.4790,-74.7681,-289.3066,0.8714,,
DATA,A004,3,645,946815,-0.5277,0.5914,0.2096,6.6528,-68.6035,-265.8691,0.8198,,
DATA,A004,3,646,946825,-0.7609,0.5748,0.1180,20.4468,-66.7725,-244.9341,0.9608,,
DATA,A004,3,647,946835,-0.7462,0.5826,0.5128,45.9595,-50.3540,-230.8960,1.0767,,
DATA,A004,3,648,946845,-0.8238,0.5677,0.6634,47.3022,-62.0728,-206.3599,1.2005,,
DATA,A004,3,649,946855,-1.0492,0.4561,0.6102,40.7104,-113.5254,-176.7578,1.2966,,
DATA,A004,3,650,946865,-1.1676,0.3047,0.6903,43.5181,-158.8135,-168.6401,1.3902,,
DATA,A004,3,651,946875,-1.1463,0.0264,0.7611,38.5132,-208.7402,-166.2598,1.3763,,
DATA,A004,3,652,946885,-1.0421,-0.2131,1.0287,27.8931,-215.5151,-170.2881,1.4797,,
DATA,A004,3,653,946895,-0.9344,-0.4731,1.2970,18.2495,-173.6450,-175.6592,1.6671,,
DATA,A004,3,654,946905,-0.9264,-0.6267,1.1434,13.7329,-136.0474,-174.8047,1.5995,,
DATA,A004,3,655,946915,-0.9650,-0.9260,1.0323,16.1743,-91.8579,-171.2036,1.6895,,
DATA,A004,3,656,946925,-0.9452,-1.0058,1.0511,31.1279,-77.4536,-171.7529,1.7349,,
DATA,A004,3,657,946935,-0.9259,-0.9914,0.9501,44.9219,-75.0122,-161.9263,1.6561,,
DATA,A004,3,658,946945,-0.8978,-0.9907,0.9239,48.7671,-83.1299,-154.7852,1.6252,,
DATA,A004,3,659,946955,-0.9374,-0.9555,0.9479,58.4717,-98.0225,-144.2261,1.6402,,
DATA,A004,3,660,946965,-0.9188,-0.9326,0.9354,66.5283,-97.2290,-140.3198,1.6090,,
DATA,A004,3,661,946975,-0.7196,-0.8671,1.2809,84.7778,-64.7583,-137.8174,1.7060,,
DATA,A004,3,662,946985,-0.4772,-0.7343,1.6166,99.7314,-15.5640,-130.9204,1.8385,,
DATA,A004,3,663,946995,-0.3883,-0.3583,1.7220,106.9946,78.7354,-99.5483,1.8013,,
DATA,A004,3,664,947005,-0.7338,-0.2665,1.4274,94.1772,140.3809,-76.3550,1.6269,,
DATA,A004,3,665,947015,-1.5277,-0.4387,1.1000,78.8574,144.7144,-46.6919,1.9329,,
DATA,A004,3,666,947025,-1.8937,-0.6057,0.9882,64.8193,62.0117,-30.8228,2.2202,,
DATA,A004,3,667,947035,-1.7941,-0.7050,0.8265,20.1416,-146.1792,-22.2168,2.0973,,
DATA,A004,3,668,947045,-1.4137,-0.7272,0.6666,-2.6855,-262.0850,-0.0610,1.7239,,
DATA,A004,3,669,947055,-0.6478,-0.8393,0.6300,9.7046,-312.3169,27.1606,1.2333,,
DATA,A004,3,670,947065,-0.1285,-0.8994,0.6986,38.4521,-259.1553,31.9214,1.1460,,
DATA,A004,3,671,947075,0.4457,-0.8356,0.9462,90.0879,-88.9893,44.2505,1.3387,,
DATA,A004,3,672,947085,0.4818,-0.6176,1.1095,114.8682,35.2783,65.6738,1.3581,,
DATA,A004,3,673,947095,0.2638,-0.4103,1.0917,118.4082,148.9868,82.8857,1.1957,,
DATA,A004,3,674,947105,-0.1117,-0.2692,0.9459,112.3657,249.1455,96.7407,0.9898,,
DATA,A004,3,675,947115,-0.2777,-0.1921,0.9210,117.9810,269.8364,111.3281,0.9810,,
DATA,A004,3,676,947125,-0.4134,0.0608,0.9449,131.7749,266.7236,151.1230,1.0332,,
DATA,A004,3,677,947135,-0.4252,0.2923,0.9933,132.9956,250.9155,185.1807,1.1193,,
DATA,A004,3,678,947145,-0.3668,0.6238,1.0060,116.6992,214.7827,241.3940,1.2392,,
DATA,A004,3,679,947155,-0.3649,0.8184,0.9798,100.0366,194.0918,282.1655,1.3278,,
DATA,A004,3,680,947165,-0.3888,1.0987,0.9454,78.6133,183.8989,330.6274,1.5007,,
DATA,A004,3,681,947175,-0.4432,1.2657,0.8666,65.3076,185.5469,349.1821,1.5967,,
DATA,A004,3,682,947185,-0.5460,1.4256,0.7382,38.6353,201.9653,360.9009,1.6957,,
DATA,A004,3,683,947195,-0.6356,1.4373,0.5880,15.0757,215.8813,368.1641,1.6780,,
DATA,A004,3,684,947205,-0.6222,1.3323,0.3068,-18.1274,231.1401,385.3149,1.5021,,
DATA,A004,3,685,947215,-0.5279,1.2144,0.1254,-31.0059,230.2246,403.8696,1.3301,,
DATA,A004,3,686,947225,-0.3221,1.1028,-0.1036,-28.0151,221.8628,434.4482,1.1536,,
DATA,A004,3,687,947235,-0.2020,1.1241,-0.2247,-13.1226,217.4683,452.7588,1.1640,,
DATA,A004,3,688,947245,-0.0716,1.3174,-0.3168,22.3999,216.0034,475.4028,1.3569,,
DATA,A004,3,689,947255,-0.0296,1.5445,-0.3471,44.5557,218.8110,489.6851,1.5833,,
DATA,A004,3,690,947265,0.0021,1.9503,-0.3668,67.6880,227.2949,513.5498,1.9845,,
DATA,A004,3,691,947275,-0.0050,2.2325,-0.3700,76.2939,230.0415,531.0669,2.2629,,
DATA,A004,3,692,947285,-0.0609,2.6338,-0.3309,79.8950,232.0557,554.2603,2.6553,,
DATA,A004,3,693,947295,-0.1166,2.8575,-0.2636,76.4771,234.3750,565.4297,2.8720,,
DATA,A004,3,694,947305,-0.2770,3.1048,-0.1569,62.8052,232.0557,575.8057,3.1211,,
DATA,A004,3,695,947315,-0.3795,3.2349,-0.0853,53.1006,226.4404,577.0264,3.2582,,
DATA,A004,3,696,947325,-0.4945,3.3943,-0.0101,44.3726,210.4492,569.9463,3.4302,,
DATA,A004,3,697,947335,-0.5406,3.4315,0.0060,36.5601,199.1577,558.5938,3.4738,,
DATA,A004,3,698,947345,-0.5829,3.2850,-0.0016,13.6719,190.5518,529.4800,3.3363,,
DATA,A004,3,699,947355,-0.5934,3.0621,-0.0158,-3.2959,187.1948,503.9673,3.1191,,
DATA,A004,3,700,947365,-0.5170,2.6094,-0.1173,-16.7236,190.6128,459.5947,2.6627,,
DATA,A004,3,701,947375,-0.4388,2.3206,-0.1876,-14.0991,189.6362,428.5278,2.3692,,
DATA,A004,3,702,947385,-0.3944,1.9998,-0.2406,1.7700,189.1479,378.9062,2.0525,,
DATA,A004,3,703,947395,-0.4195,1.8690,-0.2006,16.4795,181.9458,343.9941,1.9259,,
DATA,A004,3,704,947405,-0.5170,1.7720,-0.1163,37.5977,153.1372,293.2739,1.8496,,
DATA,A004,3,705,947415,-0.5900,1.7215,-0.0536,45.8374,121.1548,262.2681,1.8206,,
DATA,A004,3,706,947425,-0.6698,1.5831,-0.0321,43.4570,59.1431,220.1538,1.7192,,
DATA,A004,3,707,947435,-0.6788,1.4112,-0.0663,34.8511,10.9253,192.7490,1.5674,,
DATA,A004,3,708,947445,-0.6612,1.1373,-0.1422,29.1748,-66.7114,153.3813,1.3232,,
DATA,A004,3,709,947455,-0.6073,1.0113,-0.2201,32.9590,-114.1968,132.0190,1.2000,,
DATA,A004,3,710,947465,-0.5365,0.9175,-0.2838,40.4663,-153.8696,111.9995,1.1001,,
DATA,A004,3,711,947475,-0.3890,0.8616,-0.3429,56.2134,-188.4766,83.4961,1.0056,,
DATA,A004,3,712,947485,-0.2911,0.8516,-0.3410,70.3125,-190.1245,66.2231,0.9624,,
DATA,A004,3,713,947495,-0.1405,0.8856,-0.2333,92.9565,-158.0200,37.2925,0.9265,,
DATA,A004,3,714,947505,-0.0638,0.9302,-0.1368,103.0273,-125.3052,19.5923,0.9424,,
DATA,A004,3,715,947515,-0.0187,0.9705,0.0177,105.1025,-65.3076,7.6294,0.9709,,
DATA,A004,3,716,947525,-0.0209,0.9400,0.1151,98.5718,-22.5830,4.5776,0.9473,,
DATA,A004,3,717,947535,-0.0702,0.8255,0.2194,85.8765,39.7339,3.2959,0.8570,,
DATA,A004,3,718,947545,-0.1307,0.7208,0.2342,77.1484,80.4443,4.0283,0.7691,,
DATA,A004,3,719,947555,-0.2027,0.5555,0.1888,66.0400,135.8032,2.4414,0.6207,,
DATA,A004,3,720,947565,-0.2706,0.4483,0.1344,62.8662,162.7197,1.6479,0.5406,,
DATA,A004,3,721,947575,-0.3402,0.2874,0.1940,67.9932,188.3545,0.1221,0.4858,,
DATA,A004,3,722,947585,-0.3614,0.2039,0.3400,78.0029,187.9883,-0.7935,0.5365,,
DATA,A004,3,723,947595,-0.4073,0.2064,0.4425,74.7681,160.8887,5.2490,0.6359,,
DATA,A004,3,724,947605,-0.4332,0.2042,0.4103,52.4292,134.7046,14.9536,0.6306,,
DATA,A004,3,725,947615,-0.4269,0.1307,0.3133,15.7471,93.0786,19.7754,0.5454,,
DATA,A004,3,726,947625,-0.3961,0.0840,0.2235,2.5635,70.3125,17.3340,0.4625,,
DATA,A004,3,727,947635,-0.3336,0.0472,0.1434,6.2256,59.2651,11.5356,0.3662,,
DATA,A004,3,728,947645,-0.3158,0.0572,0.1449,16.3574,67.5049,5.9204,0.3521,,
DATA,A004,3,729,947655,-0.3358,0.1185,0.1920,28.5645,92.0410,-4.0894,0.4046,,
DATA,A004,3,730,947665,-0.3695,0.1641,0.2294,30.8228,107.3608,-10.6201,0.4648,,
DATA,A004,3,731,947675,-0.4222,0.2225,0.2696,26.0620,117.9199,-20.8130,0.5482,,
DATA,A004,3,732,947685,-0.4400,0.2435,0.2574,18.3105,116.0889,-27.0996,0.5650,,
DATA,A004,3,733,947695,-0.4584,0.2415,0.2025,7.8735,104.9194,-35.7666,0.5563,,
DATA,A004,3,734,947705,-0.4847,0.2459,0.1595,7.6294,93.5059,-40.8936,0.5665,,
DATA,A004,3,735,947715,-0.5575,0.3113,0.1080,21.1182,69.3970,-47.6074,0.6476,,
DATA,A004,3,736,947725,-0.6156,0.4129,0.1031,36.9873,48.2788,-53.1006,0.7484,,
DATA,A004,3,737,947735,-0.7045,0.6378,0.1503,61.4014,9.7046,-61.8896,0.9621,,
DATA,A004,3,738,947745,-0.7425,0.8328,0.2335,70.6787,-19.7144,-69.5190,1.1399,,
DATA,A004,3,739,947755,-0.7350,1.1197,0.3209,62.5000,-70.5566,-78.8574,1.3773,,
DATA,A004,3,740,947765,-0.6886,1.2471,0.3429,42.8467,-109.4971,-82.3364,1.4653,,
DATA,A004,3,741,947775,-0.6156,1.2957,0.3688,18.7988,-147.7051,-86.2427,1.4812,,
DATA,A004,3,742,947785,-0.4513,1.2960,0.4349,-12.0239,-187.8662,-96.0083,1.4396,,
DATA,A004,3,743,947795,-0.3307,1.2869,0.4344,-28.8086,-198.4253,-104.6143,1.3979,,
DATA,A004,3,744,947805,-0.1559,1.2608,0.3902,-50.7812,-189.9414,-122.2534,1.3290,,
DATA,A004,3,745,947815,-0.0563,1.2501,0.2985,-68.4204,-148.3154,-145.4468,1.2864,,
DATA,A004,3,746,947825,-0.0445,1.2813,0.2408,-77.2705,-113.0371,-163.5742,1.3045,,
DATA,A004,3,747,947835,-0.0807,1.3287,0.1969,-81.2988,-73.7305,-182.6172,1.3456,,
DATA,A004,3,748,947845,-0.2259,1.4522,0.0812,-79.6509,-34.0576,-208.0688,1.4719,,
DATA,A004,3,749,947855,-0.3602,1.5281,0.0638,-79.5288,-35.4614,-221.3745,1.5713,,
DATA,A004,3,750,947865,-0.5873,1.6509,0.0572,-82.0312,-86.3037,-239.0747,1.7532,,
DATA,A004,3,751,947875,-0.6842,1.7330,0.0631,-86.0596,-137.0850,-249.6948,1.8642,,
DATA,A004,3,752,947885,-0.6583,1.8087,0.0499,-101.8677,-223.3887,-262.2070,1.9254,,
DATA,A004,3,753,947895,-0.5702,1.7972,-0.0001,-116.3940,-277.5879,-268.2495,1.8855,,
DATA,A004,3,754,947905,-0.3627,1.7488,0.0109,-136.4746,-331.6650,-274.0479,1.7861,,
DATA,A004,3,755,947915,-0.2872,1.7337,0.0441,-148.8037,-349.4263,-274.3530,1.7579,,
DATA,A004,3,756,947925,-0.2521,1.7305,0.0975,-166.9922,-349.1211,-274.4751,1.7515,,
DATA,A004,3,757,947935,-0.2591,1.7349,0.1266,-176.4526,-343.5669,-275.7568,1.7587,,
DATA,A004,3,758,947945,-0.3268,1.7515,0.1146,-187.9883,-342.4072,-273.1934,1.7854,,
DATA,A004,3,759,947955,-0.3153,1.7212,0.1119,-195.9229,-345.0317,-270.2026,1.7535,,
DATA,A004,3,760,947965,-0.2215,1.6270,0.1612,-205.5054,-345.7031,-267.1509,1.6499,,
DATA,A004,3,761,947975,-0.1656,1.5745,0.2318,-210.2051,-339.5386,-265.9302,1.6001,,
DATA,A004,3,762,947985,-0.1676,1.5333,0.2740,-215.2710,-318.6035,-263.1836,1.5665,,
DATA,A004,3,763,947995,-0.1842,1.4969,0.1942,-217.1021,-303.9551,-258.9722,1.5206,,
DATA,A004,3,764,948005,-0.2001,1.4146,0.2142,-214.0503,-293.8232,-252.6245,1.4447,,
DATA,A004,3,765,948015,-0.1903,1.3516,0.1822,-212.7686,-289.0015,-248.4131,1.3771,,
DATA,A004,3,766,948025,-0.1192,1.2374,0.1688,-207.2754,-274.6582,-242.3096,1.2545,,
DATA,A004,3,767,948035,-0.0270,1.1717,0.2255,-201.1719,-256.6528,-237.1826,1.1935,,
DATA,A004,3,768,948045,-0.0184,1.0733,0.2840,-191.5894,-215.4541,-227.1118,1.1104,,
DATA,A004,3,769,948055,-0.0370,1.0367,0.3258,-182.4951,-186.8286,-220.7031,1.0873,,
DATA,A004,3,770,948065,-0.0853,0.9971,0.2958,-169.7998,-155.7617,-210.2051,1.0436,,
DATA,A004,3,771,948075,-0.1437,0.9500,0.3546,-162.2925,-143.3105,-204.4678,1.0242,,
DATA,A004,3,772,948085,-0.1649,0.8951,0.3946,-153.7476,-123.4131,-199.4629,0.9920,,
DATA,A004,3,773,948095,-0.1422,0.8130,0.3624,-149.7803,-111.1450,-193.7866,0.9014,,
DATA,A004,3,774,948105,-0.1410,0.7252,0.3934,-142.2119,-97.9614,-185.9131,0.8370,,
DATA,A004,3,775,948115,-0.1622,0.6793,0.4325,-124.5728,-78.7354,-173.0347,0.8214,,
DATA,A004,3,776,948125,-0.2086,0.6883,0.4012,-113.0371,-70.3735,-164.3066,0.8236,,
DATA,A004,3,777,948135,-0.2955,0.7247,0.3878,-95.7642,-68.5425,-156.0669,0.8734,,
DATA,A004,3,778,948145,-0.3224,0.7342,0.3509,-87.2192,-70.4346,-151.4893,0.8753,,
DATA,A004,3,779,948155,-0.3102,0.6827,0.3053,-77.2705,-76.4160,-144.1650,0.8096,,
DATA,A004,3,780,948165,-0.2733,0.6336,0.2953,-70.8618,-76.4160,-135.4370,0.7506,,
DATA,A004,3,781,948175,-0.2108,0.5782,0.3253,-59.3872,-69.2139,-113.9526,0.6961,,
DATA,A004,3,782,948185,-0.1874,0.5540,0.3295,-50.5371,-58.8989,-99.1821,0.6713,,
DATA,A004,3,783,948195,-0.1898,0.5252,0.4066,-37.5366,-41.1377,-79.3457,0.6908,,
DATA,A004,3,784,948205,-0.2110,0.5140,0.4933,-32.6538,-29.9683,-69.7632,0.7430,,
DATA,A004,3,785,948215,-0.2255,0.4415,0.5587,-32.2266,-13.0005,-61.2793,0.7469,,
DATA,A004,3,786,948225,-0.2447,0.3741,0.6149,-31.0669,-2.5635,-59.0210,0.7602,,
DATA,A004,3,787,948235,-0.2274,0.3106,0.6092,-25.9399,15.9302,-58.5327,0.7207,,
DATA,A004,3,788,948245,-0.2076,0.2867,0.5817,-21.1792,26.4893,-57.2510,0.6809,,
DATA,A004,3,789,948255,-0.1095,0.1688,0.5680,-13.5498,36.8042,-54.9316,0.6026,,
DATA,A004,3,790,948265,0.1163,-0.0873,0.5480,35.8276,38.8184,-16.4795,0.5669,,
DATA,A004,3,791,948275,-0.0765,0.3267,0.8234,55.9082,94.5435,-9.5825,0.8891,,
DATA,A004,3,792,948285,-0.2792,0.3360,0.8365,29.9072,105.6519,-27.6489,0.9437,,
DATA,A004,3,793,948295,-0.4308,0.3619,0.8419,0.1221,86.8530,-41.1987,1.0126,,
DATA,A004,3,794,948305,-0.4051,0.3992,0.8729,-8.9111,78.0640,-41.6260,1.0419,,
DATA,A004,3,795,948315,-0.2904,0.4134,0.9044,-16.2964,77.1484,-30.2124,1.0359,,
DATA,A004,3,796,948325,-0.2491,0.3714,0.9112,-24.4751,84.2896,-30.3345,1.0151,,
DATA,A004,3,797,948335,-0.2362,0.2967,0.8920,-33.0811,97.3511,-28.2593,0.9692,,
DATA,A004,3,798,948345,-0.2648,0.2310,0.9076,-28.8086,100.5859,-24.2920,0.9732,,
DATA,A004,3,799,948355,-0.2169,0.7542,1.2215,5.8594,149.1089,-9.0942,1.4519,,
DATA,A004,3,800,948365,-0.1713,0.3580,1.1371,-6.0425,120.3613,-65.3687,1.2043,,
DATA,A004,3,801,948375,-0.1610,0.1810,1.2648,-10.8643,122.4976,-57.9834,1.2877,,
DATA,A004,3,802,948385,-0.0082,0.1888,1.1966,-9.0332,98.9380,-70.1904,1.2115,,
DATA,A004,3,803,948395,-0.0795,0.3128,1.1490,-4.3335,11.4136,-80.6274,1.1935,,
DATA,A004,3,804,948405,-0.2186,0.4009,1.0350,29.7241,-65.3076,-68.6646,1.1313,,
DATA,A004,3,805,948415,-0.4022,0.3929,1.0782,28.4424,-41.6870,-55.9692,1.2160,,
DATA,A004,3,806,948425,-0.4195,0.1819,1.0514,25.2075,-58.5327,-67.4438,1.1465,,
DATA,A004,3,807,948435,-0.2977,0.2205,0.9567,50.6592,-99.3042,-66.7114,1.0259,,
DATA,A004,3,808,948445,-0.2811,0.2986,0.9618,67.5659,-95.8252,-59.9976,1.0456,,
DATA,A004,3,809,948455,-0.3976,0.3267,0.9606,75.7446,-95.3369,-54.0161,1.0897,,
DATA,A004,3,810,948465,-0.4447,0.3499,0.9767,68.2373,-101.6846,-48.0347,1.1288,,
DATA,A004,3,811,948475,-0.4147,0.3128,0.9374,50.1099,-104.0649,-37.9028,1.0717,,
DATA,A004,3,812,948485,-0.3724,0.3028,0.8517,40.6494,-96.8018,-27.1606,0.9776,,
DATA,A004,3,813,948495,-0.3170,0.3436,0.8143,38.5132,-88.2568,-24.4141,0.9390,,
DATA,A004,3,814,948505,-0.1883,0.2833,0.7611,31.9824,-61.7065,-7.9346,0.8337,,
DATA,A004,3,815,948515,-0.1625,0.3138,0.7635,42.1753,-52.7954,-12.2681,0.8413,,
DATA,A004,3,816,948525,-0.1461,0.4395,0.8487,25.6348,-28.8086,-18.9819,0.9669,,
DATA,A004,3,817,948535,-0.1512,0.3536,0.8854,6.7749,-8.7891,-26.9165,0.9653,,
DATA,A004,3,818,948545,-0.1986,0.3209,0.9469,4.3335,-0.4272,-30.7617,1.0193,,
DATA,A004,3,819,948555,-0.2267,0.2869,0.9630,4.6387,0.6104,-23.9868,1.0301,,
DATA,A004,3,820,948565,-0.2323,0.2918,0.9220,14.9536,-0.8545,-21.6675,0.9946,,
DATA,A004,3,821,948575,-0.2320,0.2867,0.8932,20.0806,2.1362,-20.9961,0.9663,,
DATA,A004,3,822,948585,-0.3129,0.2618,0.9476,21.9116,5.5542,-22.0337,1.0317,,
DATA,A004,3,823,948595,-0.3570,0.2823,0.9611,26.3062,-4.7607,-21.7285,1.0634,,
DATA,A004,3,824,948605,-0.3954,0.3331,0.9474,31.1890,-25.3906,-18.9209,1.0792,,
DATA,A004,3,825,948615,-0.3900,0.3565,0.9081,34.9731,-37.5366,-16.6016,1.0506,,
DATA,A004,3,826,948625,-0.2897,0.3150,0.8998,40.4053,-45.4102,-14.6484,0.9964,,
DATA,A004,3,827,948635,-0.1732,0.2632,0.9357,38.3911,-41.2598,-17.6392,0.9873,,
DATA,A004,3,828,948645,-0.0943,0.2352,0.9554,27.7710,-32.7759,-23.0103,0.9885,,
DATA,A004,3,829,948655,-0.0748,0.2659,0.9620,21.6064,-26.7334,-25.5127,1.0009,,
DATA,A004,3,830,948665,-0.1034,0.3221,0.9278,14.7705,-14.8926,-29.9072,0.9876,,
DATA,A004,3,831,948675,-0.1029,0.3150,0.9308,13.4277,-7.7515,-30.5176,0.9880,,
DATA,A004,3,832,948685,-0.0846,0.3235,0.9152,10.9253,0.1831,-32.1655,0.9743,,
DATA,A004,3,833,948695,-0.0799,0.3231,0.9164,10.0098,4.8218,-32.7759,0.9749,,
DATA,A004,3,834,948705,-0.0926,0.3270,0.9313,7.6294,8.0566,-32.7759,0.9913,,
DATA,A004,3,835,948715,-0.1114,0.3602,0.9330,6.8359,8.4839,-32.0435,1.0063,,
DATA,A004,3,836,948725,-0.1444,0.3743,0.9415,3.3569,7.9346,-29.9683,1.0234,,
DATA,A004,3,837,948735,-0.1500,0.3680,0.9374,2.1362,7.2632,-27.7710,1.0181,,
DATA,A004,3,838,948745,-0.1915,0.3829,0.9037,0.0000,5.3101,-25.4517,1.0000,,
DATA,A004,3,839,948755,-0.2037,0.3511,0.8883,0.1221,2.5635,-24.3530,0.9767,,
DATA,A004,3,840,948765,-0.1827,0.3428,0.8881,2.8687,-3.6621,-23.4375,0.9693,,
DATA,A004,3,841,948775,-0.1451,0.3143,0.8807,5.7373,-4.0283,-21.1792,0.9463,,
DATA,A004,3,842,948785,-0.0970,0.2991,0.8771,11.5356,2.9907,-17.7612,0.9317,,
DATA,A004,3,843,948795,-0.1183,0.3194,0.8663,15.8691,10.0098,-15.9912,0.9309,,
DATA,A004,3,844,948805,-0.1473,0.3655,0.9034,18.3716,17.7002,-16.4795,0.9857,,
DATA,A004,3,845,948815,-0.1925,0.4180,0.9379,16.3574,23.0103,-17.1509,1.0447,,
DATA,A004,3,846,948825,-0.1930,0.3721,0.9708,14.4653,26.6113,-15.9302,1.0575,,
DATA,A004,3,847,948835,-0.2379,0.3792,0.9613,11.9629,28.5034,-14.5874,1.0604,,
DATA,A004,3,848,948845,-0.2179,0.3834,0.9198,11.2915,27.4048,-12.8174,1.0200,,
DATA,A004,3,849,948855,-0.1695,0.3641,0.8998,11.2305,26.0010,-10.1318,0.9853,,
DATA,A004,3,850,948865,-0.1454,0.3401,0.8898,12.0239,31.0669,-7.2632,0.9636,,
DATA,A004,3,851,948875,-0.1815,0.3248,0.8978,16.8457,33.8135,-6.5918,0.9719,,
DATA,A004,3,852,948885,-0.1891,0.3379,0.9300,16.9067,39.1846,-5.7983,1.0074,,
DATA,A004,3,853,948895,-0.2076,0.3607,0.9313,16.1743,43.8232,-5.7983,1.0200,,
DATA,A004,3,854,948905,-0.2091,0.3963,0.9454,14.0991,46.7529,-4.2725,1.0462,,
DATA,A004,3,855,948915,-0.2611,0.4207,0.9454,9.2163,47.1802,-3.8452,1.0672,,
DATA,A004,3,856,948925,-0.3038,0.4114,0.9615,7.8125,42.2363,-4.1504,1.0891,,
DATA,A004,3,857,948935,-0.2599,0.3958,0.9708,5.9814,36.8042,-3.3569,1.0801,,
DATA,A004,3,858,948945,-0.2467,0.3582,0.9547,5.4932,36.2549,-1.8921,1.0491,,
DATA,A004,3,859,948955,-0.2445,0.3277,0.9462,5.7983,35.8276,-0.6104,1.0307,,
DATA,A004,3,860,948965,-0.2320,0.3204,0.9103,7.2632,33.2031,0.6714,0.9925,,
DATA,A004,3,861,948975,-0.2403,0.3111,0.8966,10.5591,28.4424,0.8545,0.9790,,
DATA,A004,3,862,948985,-0.2120,0.3406,0.8983,11.7188,29.1138,1.0376,0.9838,,
DATA,A004,3,863,948995,-0.2560,0.3509,0.9264,12.3901,31.4331,-3.6621,1.0231,,
DATA,A004,3,864,949005,-0.2672,0.3519,0.9645,11.7798,32.4707,-7.0801,1.0609,,
DATA,A004,3,865,949015,-0.2704,0.3528,0.9711,11.7798,32.0435,-8.7280,1.0680,,
DATA,A004,3,866,949025,-0.2694,0.3541,0.9486,10.1929,31.1279,-10.2539,1.0477,,
DATA,A004,3,867,949035,-0.3060,0.3231,0.9032,12.0850,21.8506,-11.8408,1.0069,,
DATA,A004,3,868,949045,-0.3063,0.3213,0.8656,13.3057,15.0146,-12.1460,0.9728,,
DATA,A004,3,869,949055,-0.2731,0.3272,0.8353,15.8081,5.1880,-11.9019,0.9378,,
DATA,A004,3,870,949065,-0.2416,0.3213,0.8646,15.6860,5.2490,-11.2915,0.9535,,
DATA,A004,3,871,949075,-0.2689,0.3362,0.9171,13.7939,15.1978,-11.4136,1.0131,,
DATA,A004,3,872,949085,-0.2462,0.3878,0.9376,13.8550,14.0991,-12.7563,1.0441,,
DATA,A004,3,873,949095,-0.2875,0.3892,0.9554,10.5591,17.5171,-12.7563,1.0710,,
DATA,A004,3,874,949105,-0.3009,0.3797,0.9122,10.6812,14.7095,-13.3667,1.0329,,
DATA,A004,3,875,949115,-0.2601,0.3616,0.9208,10.1318,12.3901,-13.7939,1.0229,,
DATA,A004,3,876,949125,-0.2557,0.3546,0.9335,10.3149,14.5874,-14.2822,1.0308,,
DATA,A004,3,877,949135,-0.2569,0.3792,0.9576,8.1177,19.3481,-14.8926,1.0615,,
DATA,A004,3,878,949145,-0.2069,0.3797,0.9361,8.8501,18.6157,-13.3667,1.0312,,
DATA,A004,3,879,949155,-0.2145,0.3758,0.9017,10.6812,18.8599,-12.4512,1.0002,,
DATA,A004,3,880,949165,-0.2521,0.3943,0.8810,12.5122,19.8364,-12.7563,0.9976,,
DATA,A004,3,881,949175,-0.2591,0.4117,0.8783,13.2446,19.0430,-12.1460,1.0040,,
DATA,A004,3,882,949185,-0.2633,0.3868,0.9005,12.9395,16.9678,-10.0098,1.0148,,
DATA,A004,3,883,949195,-0.2521,0.4212,0.8871,12.6953,20.3247,-7.8735,1.0138,,
DATA,A004,3,884,949205,-0.2430,0.3919,0.9044,9.9487,23.3765,-7.1411,1.0152,,
DATA,A004,3,885,949215,-0.2599,0.4056,0.9000,10.5591,23.9868,-6.5308,1.0208,,
DATA,A004,3,886,949225,-0.2884,0.4068,0.8878,10.3760,22.2168,-6.9580,1.0183,,
DATA,A004,3,887,949235,-0.2696,0.3907,0.9132,9.9487,22.0947,-6.5918,1.0292,,
DATA,A004,3,888,949245,-0.2806,0.3624,0.8951,11.4746,22.5220,-6.3477,1.0056,,
DATA,A004,3,889,949255,-0.2523,0.3626,0.9054,10.7422,23.6206,-7.0801,1.0074,,
DATA,A004,3,890,949265,-0.2279,0.3453,0.9188,10.1318,29.6021,-6.3477,1.0077,,
DATA,A004,3,891,949275,-0.2516,0.3348,0.8932,11.5967,31.3110,-6.5918,0.9865,,
DATA,A004,3,892,949285,-0.2860,0.3860,0.8871,11.2305,31.6162,-8.4229,1.0088,,
DATA,A004,3,893,949295,-0.2213,0.4681,0.7914,12.7563,26.3062,-7.3853,0.9457,,
DATA,A004,3,894,949305,-0.3099,0.3597,0.8400,10.6812,29.4800,-8.4839,0.9649,,
DATA,A004,3,895,949315,-0.3224,0.3629,0.8636,10.3760,33.2642,-8.7280,0.9907,,
DATA,A004,3,896,949325,-0.3119,0.3533,0.9186,11.1084,40.0391,-11.2305,1.0324,,
DATA,A004,3,897,949335,-0.3187,0.3694,0.9501,11.1084,43.5791,-13.0615,1.0680,,
DATA,A004,3,898,949345,-0.2784,0.3887,0.9593,9.9487,43.2129,-14.5264,1.0719,,
DATA,A004,3,899,949355,-0.2660,0.3384,0.9601,9.0332,46.4478,-14.0381,1.0522,,
DATA,A004,3,900,949365,-0.1756,0.3084,0.9711,9.3384,51.7578,-12.5122,1.0339,,
DATA,A004,3,901,949375,-0.2408,0.3414,0.9623,7.8735,54.2603,-10.4370,1.0490,,
DATA,A004,3,902,949385,-0.2977,0.3643,0.9559,5.3711,50.6592,-8.2397,1.0654,,
DATA,A004,3,903,949395,-0.3038,0.3992,0.9957,1.3428,41.5039,-6.3477,1.1150,,
DATA,A004,3,904,949405,-0.4361,0.4776,0.9322,-9.0942,22.6440,-2.2583,1.1346,,
EVENT,A004,3,,949413,,,,,,,,STOP,904
EVENT,A004,4,,956138,,,,,,,,START,
DATA,A004,4,1,956161,0.5580,0.0594,0.9466,-7.2021,69.4580,-11.7188,1.1005,,
DATA,A004,4,2,956172,0.3778,-0.0219,0.8859,-8.8501,78.1860,-14.1602,0.9633,,
DATA,A004,4,3,956182,0.1903,0.0599,0.7850,0.0000,65.6128,-18.9209,0.8100,,
DATA,A004,4,4,956192,0.2018,0.1880,0.8058,2.6855,37.9639,-12.0850,0.8517,,
DATA,A004,4,5,956202,0.3258,0.1824,0.8580,1.3428,14.0991,-6.2256,0.9358,,
DATA,A004,4,6,956212,0.3580,0.1270,0.8805,1.5869,10.6812,-8.0566,0.9589,,
DATA,A004,4,7,956222,0.4015,0.1126,0.9271,3.7842,15.3809,-8.4229,1.0166,,
DATA,A004,4,8,956232,0.4271,0.1067,0.9310,6.3477,20.6909,-7.3853,1.0299,,
DATA,A004,4,9,956242,0.4415,0.0738,0.9632,11.7798,30.1514,-5.0049,1.0622,,
DATA,A004,4,10,956252,0.3847,0.0687,0.9620,13.3667,33.0811,-7.4463,1.0384,,
DATA,A004,4,11,956262,0.3805,0.1116,0.9574,12.1460,33.6304,-10.1929,1.0363,,
DATA,A004,4,12,956272,0.3986,0.1033,0.9535,12.8784,32.5928,-9.3994,1.0386,,
DATA,A004,4,13,956282,0.3942,0.1075,0.9474,13.6108,35.7056,-13.1836,1.0317,,
DATA,A004,4,14,956292,0.3893,0.1153,0.9459,14.0991,37.4756,-14.5264,1.0294,,
DATA,A004,4,15,956302,0.3978,0.1395,0.9581,14.5264,40.8936,-13.8550,1.0468,,
DATA,A004,4,16,956312,0.4164,0.1524,0.9686,13.9771,46.3867,-11.9629,1.0653,,
DATA,A004,4,17,956322,0.4015,0.1150,1.0026,11.9629,58.0444,-8.7280,1.0861,,
DATA,A004,4,18,956332,0.3505,0.1048,1.0135,13.1836,61.8286,-9.5825,1.0775,,
DATA,A004,4,19,956342,0.3065,0.1292,1.0221,15.1367,61.5234,-8.4229,1.0749,,
DATA,A004,4,20,956352,0.2941,0.1407,1.0240,17.3950,59.4482,-7.7515,1.0747,,
DATA,A004,4,21,956362,0.3131,0.1702,1.0231,19.3481,56.6406,-7.9956,1.0834,,
DATA,A004,4,22,956372,0.3341,0.1714,1.0211,18.7378,56.7627,-7.7515,1.0880,,
DATA,A004,4,23,956382,0.3444,0.1546,0.9884,16.9067,60.3027,-10.4980,1.0580,,
DATA,A004,4,24,956392,0.3788,0.1646,0.9601,17.2119,66.7114,-12.2681,1.0451,,
DATA,A004,4,25,956402,0.4181,0.1924,0.9112,11.2915,77.0264,-14.9536,1.0209,,
DATA,A004,4,26,956412,0.4091,0.2068,0.9047,4.6997,85.5103,-11.8408,1.0142,,
DATA,A004,4,27,956422,0.3727,0.1888,0.8790,-4.5776,98.5718,-13.6719,0.9732,,
DATA,A004,4,28,956432,0.3510,0.1702,0.8414,-3.7842,107.3608,-9.4604,0.9274,,
DATA,A004,4,29,956442,0.3046,0.1448,0.8007,8.5449,118.3472,6.4087,0.8688,,
DATA,A004,4,30,956452,0.2308,0.1583,0.7757,19.5312,120.9106,22.3999,0.8247,,
DATA,A004,4,31,956462,0.2601,0.0086,0.7650,18.3716,123.7793,36.2549,0.8081,,
DATA,A004,4,32,956472,0.2423,0.2794,0.7186,16.6016,128.4180,34.5459,0.8082,,
DATA,A004,4,33,956482,0.2101,0.3511,0.6334,19.4092,136.2305,41.1377,0.7541,,
DATA,A004,4,34,956492,0.1913,0.4078,0.7040,8.3008,149.7803,64.7583,0.8357,,
DATA,A004,4,35,956502,0.4027,0.4637,0.3473,20.3857,153.5034,71.6553,0.7055,,
DATA,A004,4,36,956512,0.3141,0.3904,0.4491,81.7261,143.4326,78.3691,0.6729,,
DATA,A004,4,37,956522,0.1305,0.4371,0.8927,112.7930,166.9312,74.1577,1.0025,,
DATA,A004,4,38,956532,0.1796,0.2801,0.6547,8.1177,203.9795,55.5420,0.7343,,
DATA,A004,4,39,956542,0.1334,0.0201,0.6280,-26.6724,203.7354,62.1338,0.6424,,
DATA,A004,4,40,956552,0.0827,-0.0742,0.5389,2.9297,205.9326,82.1533,0.5503,,
DATA,A004,4,41,956562,0.0375,0.0845,0.5306,45.8374,205.8716,94.7266,0.5386,,
DATA,A004,4,42,956572,0.0329,0.4141,0.5719,72.5098,211.0596,106.8726,0.7068,,
DATA,A004,4,43,956582,-0.0052,0.5391,0.5782,59.5093,217.2241,108.7036,0.7906,,
DATA,A004,4,44,956592,0.0006,0.5281,0.5143,26.6113,237.6709,102.9663,0.7372,,
DATA,A004,4,45,956602,0.0031,0.4503,0.4581,11.4746,255.6152,98.2666,0.6423,,
DATA,A004,4,46,956612,-0.0289,0.3296,0.3143,2.0142,285.6445,98.1445,0.4564,,
DATA,A004,4,47,956622,-0.0829,0.2798,0.2218,3.8452,308.1055,100.7690,0.3666,,
DATA,A004,4,48,956632,-0.1664,0.2322,0.1263,15.0146,340.8203,103.5156,0.3124,,
DATA,A004,4,49,956642,-0.2464,0.2288,0.1141,25.5737,359.9854,107.2388,0.3551,,
DATA,A004,4,50,956652,-0.3656,0.2466,0.1510,38.1470,377.6245,115.9668,0.4661,,
DATA,A004,4,51,956662,-0.4791,0.2557,0.2093,43.3960,375.7324,123.8403,0.5820,,
DATA,A004,4,52,956672,-0.5973,0.2576,0.3343,43.4570,361.9385,135.9253,0.7314,,
DATA,A004,4,53,956682,-0.6036,0.2503,0.4298,43.0298,346.4966,141.6016,0.7821,,
DATA,A004,4,54,956692,-0.5790,0.2564,0.5089,44.7998,330.5054,152.0386,0.8124,,
DATA,A004,4,55,956702,-0.5668,0.2864,0.5118,44.4336,329.8340,161.3770,0.8156,,
DATA,A004,4,56,956712,-0.6007,0.3336,0.4242,37.2314,330.7495,171.8750,0.8075,,
DATA,A004,4,57,956722,-0.6940,0.3455,0.3253,26.9775,321.7773,176.0254,0.8407,,
DATA,A004,4,58,956732,-0.8321,0.3043,0.2086,7.0190,292.2363,174.3774,0.9102,,
DATA,A004,4,59,956742,-0.8763,0.2088,0.1722,-4.5166,264.9536,168.5181,0.9172,,
DATA,A004,4,60,956752,-0.8802,0.0298,0.1981,-14.3433,214.1724,155.7007,0.9027,,
DATA,A004,4,61,956762,-0.8553,-0.0825,0.2977,-15.1367,177.6733,146.3013,0.9094,,
DATA,A004,4,62,956772,-0.8212,-0.1559,0.4615,-14.4653,126.5259,129.8828,0.9548,,
DATA,A004,4,63,956782,-0.8229,-0.1516,0.5328,-14.5874,101.4404,117.5537,0.9920,,
DATA,A004,4,64,956792,-0.8749,-0.0671,0.6359,-13.5498,78.1860,97.7783,1.0836,,
DATA,A004,4,65,956802,-0.9315,0.0301,0.6781,-13.3057,70.1294,83.4961,1.1526,,
DATA,A004,4,66,956812,-1.0470,0.1939,0.6935,-19.8975,59.4482,60.1807,1.2707,,
DATA,A004,4,67,956822,-1.0851,0.2952,0.6446,-29.2358,50.6592,41.1987,1.2962,,
DATA,A004,4,68,956832,-1.0555,0.3570,0.5470,-46.5088,35.6445,6.7139,1.2413,,
DATA,A004,4,69,956842,-0.9776,0.3279,0.5109,-58.2886,27.2217,-15.1367,1.1508,,
DATA,A004,4,70,956852,-0.8634,0.2300,0.4608,-69.8853,27.0996,-42.1143,1.0053,,
DATA,A004,4,71,956862,-0.7965,0.1609,0.4349,-71.7773,33.6304,-59.5093,0.9217,,
DATA,A004,4,72,956872,-0.7377,0.1026,0.4440,-68.1152,41.0767,-75.8057,0.8670,,
DATA,A004,4,73,956882,-0.7174,0.0496,0.5245,-56.3354,43.5791,-95.6421,0.8901,,
DATA,A004,4,74,956892,-0.7618,0.0743,0.6407,-46.6919,41.0156,-106.4453,0.9982,,
DATA,A004,4,75,956902,-0.8214,0.2017,0.7159,-39.7339,25.9399,-124.1455,1.1081,,
DATA,A004,4,76,956912,-0.8295,0.2601,0.6879,-44.3726,5.9814,-133.7280,1.1085,,
DATA,A004,4,77,956922,-0.8097,0.2264,0.6132,-59.3872,-36.3159,-142.1509,1.0406,,
DATA,A004,4,78,956932,-0.8033,0.1539,0.5384,-68.4814,-64.3311,-145.0195,0.9793,,
DATA,A004,4,79,956942,-0.9242,0.0416,0.5521,-69.4580,-90.0879,-147.8271,1.0773,,
DATA,A004,4,80,956952,-1.0011,0.0704,0.6324,-56.9458,-91.5527,-154.1138,1.1862,,
DATA,A004,4,81,956962,-1.0118,0.2339,0.6627,-38.7573,-87.4634,-165.4663,1.2320,,
DATA,A004,4,82,956972,-0.9984,0.2923,0.6569,-38.7573,-85.7544,-167.7856,1.2303,,
DATA,A004,4,83,956982,-0.9108,0.2376,0.6276,-46.2036,-78.6133,-174.5605,1.1313,,
DATA,A004,4,84,956992,-0.8561,0.1463,0.5704,-48.3398,-75.5005,-178.0396,1.0391,,
DATA,A004,4,85,957002,-0.7941,-0.0554,0.5607,-37.3535,-69.9463,-184.7534,0.9736,,
DATA,A004,4,86,957012,-0.7880,-0.1513,0.6044,-20.9961,-65.0635,-191.5894,1.0045,,
DATA,A004,4,87,957022,-0.8495,-0.1833,0.6359,3.9062,-60.3027,-198.4253,1.0768,,
DATA,A004,4,88,957032,-0.9068,-0.1787,0.6525,17.2119,-59.8755,-199.2188,1.1314,,
DATA,A004,4,89,957042,-0.9513,-0.1398,0.6625,34.3018,-66.6504,-193.7866,1.1676,,
DATA,A004,4,90,957052,-0.9276,-0.1166,0.6507,45.1050,-70.9839,-186.4624,1.1391,,
DATA,A004,4,91,957062,-0.8536,-0.1035,0.6385,62.1948,-62.1338,-173.5840,1.0710,,
DATA,A004,4,92,957072,-0.8141,-0.1022,0.6376,71.1060,-58.8989,-164.6118,1.0391,,
DATA,A004,4,93,957082,-0.8214,-0.0878,0.6417,81.4819,-53.4058,-146.9116,1.0460,,
DATA,A004,4,94,957092,-0.8312,-0.0588,0.6573,89.9658,-44.1284,-137.4512,1.0613,,
DATA,A004,4,95,957102,-0.8702,0.0340,0.7257,105.7739,-29.8462,-123.5352,1.1336,,
DATA,A004,4,96,957112,-0.9310,0.1075,0.8002,114.7461,-25.4517,-114.8682,1.2323,,
DATA,A004,4,97,957122,-1.0350,0.2171,0.9354,116.7603,-29.2969,-105.2246,1.4119,,
DATA,A004,4,98,957132,-1.0692,0.2581,0.9938,109.3140,-37.7197,-101.1353,1.4824,,
DATA,A004,4,99,957142,-1.0956,0.2496,1.0485,92.4072,-54.0771,-93.6279,1.5368,,
DATA,A004,4,100,957152,-1.1219,0.2166,1.0502,81.6650,-64.2700,-86.1816,1.5519,,
DATA,A004,4,101,957162,-1.1744,0.1937,1.0748,73.5474,-80.2612,-73.4253,1.6038,,
DATA,A004,4,102,957172,-1.2320,0.2361,1.1110,72.2656,-91.5527,-63.1714,1.6757,,
DATA,A004,4,103,957182,-1.3675,0.3565,1.1659,66.0400,-111.9995,-45.0439,1.8321,,
DATA,A004,4,104,957192,-1.4198,0.4537,1.2591,58.4106,-125.7935,-35.5225,1.9512,,
DATA,A004,4,105,957202,-1.4344,0.6055,1.4139,41.0156,-141.6626,-23.8037,2.1032,,
DATA,A004,4,106,957212,-1.3751,0.6695,1.4813,23.0713,-148.9868,-7.6294,2.1292,,
DATA,A004,4,107,957222,-1.3732,0.7691,1.4523,5.9814,-142.9443,-2.8687,2.1415,,
DATA,A004,4,108,957232,-1.2525,0.8104,1.4906,-15.0146,-103.6377,-1.3428,2.1089,,
DATA,A004,4,109,957242,-1.2003,0.8170,1.5184,-23.1934,-61.2793,6.2866,2.1009,,
DATA,A004,4,110,957252,-1.1356,0.7957,1.6132,-26.3062,20.3247,18.3105,2.1272,,
DATA,A004,4,111,957262,-1.0604,0.7776,1.7206,-19.8975,77.8809,24.5361,2.1655,,
DATA,A004,4,112,957272,-0.9752,0.7735,1.8888,-3.2959,146.1792,34.7290,2.2620,,
DATA,A004,4,113,957282,-0.9249,0.7523,2.0030,5.1880,173.8281,37.5977,2.3310,,
DATA,A004,4,114,957292,-0.8636,0.5919,2.0724,4.7607,181.8848,39.7339,2.3218,,
DATA,A004,4,115,957302,-0.8451,0.4190,2.0306,0.4883,169.9219,44.1284,2.2390,,
DATA,A004,4,116,957312,-0.8692,0.1927,1.8373,-1.7700,133.9111,54.6265,2.0416,,
DATA,A004,4,117,957322,-0.8966,0.1104,1.6744,3.6011,104.6753,64.0869,1.9026,,
DATA,A004,4,118,957332,-0.8678,0.1114,1.4840,24.5972,64.2700,74.7070,1.7227,,
DATA,A004,4,119,957342,-0.8114,0.1585,1.3727,38.6963,44.0063,79.2847,1.6024,,
DATA,A004,4,120,957352,-0.7565,0.2064,1.1905,47.5464,33.1421,88.6841,1.4256,,
DATA,A004,4,121,957362,-0.7589,0.2147,1.1129,52.1851,36.0107,95.3369,1.3640,,
DATA,A004,4,122,957372,-0.8048,0.2671,1.0775,67.3218,51.8799,102.1118,1.3712,,
DATA,A004,4,123,957382,-0.8644,0.3189,1.0406,72.6318,63.0493,104.6753,1.3899,,
DATA,A004,4,124,957392,-0.8961,0.3441,1.0018,72.2046,74.8901,104.9805,1.3875,,
DATA,A004,4,125,957402,-0.9308,0.3558,0.9598,69.7632,76.4160,106.1401,1.3835,,
DATA,A004,4,126,957412,-0.9530,0.4153,0.9064,68.6646,73.4863,103.2104,1.3792,,
DATA,A004,4,127,957422,-0.9698,0.4678,0.8798,69.2749,64.3311,100.4028,1.3905,,
DATA,A004,4,128,957432,-0.9664,0.5267,0.8351,66.8945,38.0249,96.1304,1.3816,,
DATA,A004,4,129,957442,-0.9488,0.5257,0.7931,61.9507,13.3667,94.2383,1.3437,,
DATA,A004,4,130,957452,-0.9156,0.4937,0.6832,55.2979,-25.9399,96.4355,1.2446,,
DATA,A004,4,131,957462,-0.8671,0.4886,0.5785,56.8848,-44.3726,96.7407,1.1511,,
DATA,A004,4,132,957472,-0.7528,0.5069,0.4191,70.0073,-43.9453,91.0034,0.9996,,
DATA,A004,4,133,957482,-0.6661,0.5320,0.3380,81.1157,-25.8789,85.1440,0.9171,,
DATA,A004,4,134,957492,-0.5582,0.5665,0.2794,94.6045,22.5830,74.8901,0.8429,,
DATA,A004,4,135,957502,-0.5118,0.5870,0.2677,99.9756,58.2275,71.2891,0.8235,,
DATA,A004,4,136,957512,-0.5174,0.6265,0.3009,105.7739,107.1167,69.2749,0.8665,,
DATA,A004,4,137,957522,-0.5609,0.6746,0.3458,110.1074,127.9907,70.4956,0.9430,,
DATA,A004,4,138,957532,-0.6471,0.7686,0.3956,108.8257,130.7983,76.6602,1.0798,,
DATA,A004,4,139,957542,-0.6817,0.8108,0.4117,100.9521,117.9810,82.1533,1.1366,,
DATA,A004,4,140,957552,-0.6881,0.8211,0.4169,90.5762,98.6938,87.7686,1.1495,,
DATA,A004,4,141,957562,-0.6546,0.8243,0.4728,76.9043,68.5425,94.7876,1.1539,,
DATA,A004,4,142,957572,-0.6417,0.8487,0.4982,64.8193,48.1567,103.6377,1.1748,,
DATA,A004,4,143,957582,-0.6359,0.8592,0.4598,56.2134,40.8936,107.5439,1.1636,,
DATA,A004,4,144,957592,-0.6222,0.8497,0.3544,48.2788,36.6821,110.5347,1.1111,,
DATA,A004,4,145,957602,-0.6007,0.7767,0.1185,41.0156,27.4658,116.6992,0.9890,,
DATA,A004,4,146,957612,-0.5921,0.7215,0.0074,45.8984,20.8130,117.7368,0.9334,,
DATA,A004,4,147,957622,-0.5284,0.7039,0.0074,68.0542,22.2778,112.7319,0.8802,,
DATA,A004,4,148,957632,-0.4637,0.7501,0.0851,83.4961,34.9731,109.9854,0.8859,,
DATA,A004,4,149,957642,-0.3898,0.8355,0.1871,94.9097,68.5425,111.5723,0.9407,,
DATA,A004,4,150,957652,-0.3524,0.8631,0.2230,94.4824,97.7783,113.0371,0.9586,,
DATA,A004,4,151,957662,-0.3531,0.8336,0.2281,88.4399,140.1367,117.1875,0.9336,,
DATA,A004,4,152,957672,-0.3873,0.7801,0.2325,83.0688,160.7666,122.2534,0.9015,,
DATA,A004,4,153,957682,-0.4579,0.7161,0.2604,75.5615,177.7344,128.1738,0.8890,,
DATA,A004,4,154,957692,-0.4989,0.6968,0.3014,69.7632,179.4434,130.4932,0.9085,,
DATA,A004,4,155,957702,-0.5594,0.6763,0.3785,54.1992,167.4194,135.1929,0.9559,,
DATA,A004,4,156,957712,-0.5946,0.6404,0.4059,37.4146,151.6113,139.1602,0.9636,,
DATA,A004,4,157,957722,-0.6053,0.5552,0.4049,8.8501,123.4741,144.1650,0.9158,,
DATA,A004,4,158,957732,-0.5841,0.4734,0.3812,-6.8970,106.4453,145.8740,0.8430,,
DATA,A004,4,159,957742,-0.5189,0.3467,0.3236,-19.7754,98.2056,144.9585,0.7030,,
DATA,A004,4,160,957752,-0.4676,0.2784,0.3221,-19.2871,110.1685,137.0239,0.6324,,
DATA,A004,4,161,957762,-0.4332,0.2173,0.3253,-11.6577,147.3389,116.1499,0.5837,,
DATA,A004,4,162,957772,-0.4623,0.2061,0.3541,-8.7891,174.9878,102.1118,0.6177,,
DATA,A004,4,163,957782,-0.5406,0.2303,0.4330,-7.2632,208.3130,84.1064,0.7299,,
DATA,A004,4,164,957792,-0.6083,0.2662,0.4777,-8.8501,215.2100,74.4629,0.8179,,
DATA,A004,4,165,957802,-0.6564,0.2645,0.5712,-20.1416,203.0029,61.2793,0.9094,,
DATA,A004,4,166,957812,-0.6507,0.1854,0.6005,-34.8511,187.3779,50.0488,0.9046,,
DATA,A004,4,167,957822,-0.5777,-0.0236,0.6107,-56.2134,159.3628,27.3438,0.8410,,
DATA,A004,4,168,957832,-0.5233,-0.1530,0.6041,-63.1104,143.7378,12.6343,0.8138,,
DATA,A004,4,169,957842,-0.4772,-0.2246,0.5482,-61.2183,126.2817,-3.4790,0.7607,,
DATA,A004,4,170,957852,-0.4881,-0.1977,0.5187,-55.1147,115.1733,-11.4746,0.7392,,
DATA,A004,4,171,957862,-0.5541,-0.0727,0.4869,-45.1050,95.1538,-22.9492,0.7412,,
DATA,A004,4,172,957872,-0.6097,0.0142,0.4593,-45.2271,75.8667,-31.4941,0.7635,,
DATA,A004,4,173,957882,-0.6703,0.0853,0.4039,-54.6875,41.4429,-45.0439,0.7872,,
DATA,A004,4,174,957892,-0.6705,0.1024,0.3487,-60.6079,19.6533,-54.2603,0.7627,,
DATA,A004,4,175,957902,-0.6412,0.1028,0.3046,-62.3169,4.0894,-63.5986,0.7173,,
DATA,A004,4,176,957912,-0.5724,0.1202,0.3133,-56.2744,-1.5869,-75.5005,0.6635,,
DATA,A004,4,177,957922,-0.5243,0.1563,0.3448,-49.7437,7.6294,-83.4351,0.6467,,
DATA,A004,4,178,957932,-0.4967,0.2420,0.3649,-44.1284,30.1514,-95.5200,0.6621,,
DATA,A004,4,179,957942,-0.5099,0.2869,0.3632,-42.8467,46.8750,-103.6377,0.6886,,
DATA,A004,4,180,957952,-0.5336,0.3306,0.3553,-40.6494,69.0308,-115.2954,0.7213,,
DATA,A004,4,181,957962,-0.5826,0.3560,0.3324,-38.1470,79.4678,-119.0186,0.7594,,
DATA,A004,4,182,957972,-0.7308,0.3878,0.3251,-30.3955,86.3647,-118.1030,0.8889,,
DATA,A004,4,183,957982,-0.8871,0.4317,0.3290,-20.0195,85.3271,-113.7085,1.0399,,
DATA,A004,4,184,957992,-1.1879,0.5850,0.4154,6.0425,74.4019,-101.1353,1.3877,,
DATA,A004,4,185,958002,-1.3639,0.7886,0.4789,27.8931,59.8755,-92.8345,1.6466,,
DATA,A004,4,186,958012,-1.4549,1.1609,0.5109,51.7578,27.5879,-80.8716,1.9302,,
DATA,A004,4,187,958022,-1.3934,1.3921,0.4789,58.5327,4.6387,-73.5474,2.0271,,
DATA,A004,4,188,958032,-1.1896,1.6385,0.3890,58.8989,-15.3809,-68.1763,2.0618,,
DATA,A004,4,189,958042,-1.0155,1.6959,0.3417,52.6733,-15.1367,-70.1904,2.0060,,
DATA,A004,4,190,958052,-0.7799,1.5696,0.2833,34.3018,3.7231,-77.3315,1.7755,,
DATA,A004,4,191,958062,-0.6481,1.3296,0.2435,22.8271,21.6064,-84.1675,1.4991,,
DATA,A004,4,192,958072,-0.4977,0.8948,0.1730,21.1182,43.4570,-97.2900,1.0384,,
DATA,A004,4,193,958082,-0.4237,0.6277,0.1566,32.4707,51.3916,-107.5439,0.7734,,
DATA,A004,4,194,958092,-0.3375,0.3382,0.2406,61.2183,49.6216,-121.2769,0.5350,,
DATA,A004,4,195,958102,-0.2926,0.2259,0.2755,78.9795,37.9639,-124.4507,0.4610,,
DATA,A004,4,196,958112,-0.2037,0.0699,0.3026,92.7734,-0.7935,-120.3613,0.3714,,
DATA,A004,4,197,958122,-0.1554,-0.0441,0.2582,89.9658,-35.0952,-112.9150,0.3045,,
DATA,A004,4,198,958132,-0.0731,-0.3151,0.1605,66.4673,-86.9141,-100.7080,0.3611,,
DATA,A004,4,199,958142,-0.0270,-0.4899,0.1127,49.4385,-115.7227,-93.4448,0.5034,,
DATA,A004,4,200,958152,0.0702,-0.6650,-0.0285,36.8652,-141.2964,-83.1909,0.6693,,
DATA,A004,4,201,958162,0.1344,-0.6833,-0.0768,42.1753,-140.6860,-82.3364,0.7006,,
DATA,A004,4,202,958172,0.2164,-0.5554,-0.0778,54.9927,-121.7041,-86.1816,0.6011,,
DATA,A004,4,203,958182,0.2528,-0.4221,-0.0448,52.4292,-99.3652,-90.0269,0.4940,,
DATA,A004,4,204,958192,0.2453,-0.3032,-0.0404,28.2593,-56.2744,-96.9849,0.3920,,
DATA,A004,4,205,958202,0.1679,-0.3012,-0.0670,8.7891,-28.8086,-102.2339,0.3513,,
DATA,A004,4,206,958212,-0.0113,-0.3264,-0.0746,-7.4463,-7.5073,-110.4126,0.3350,,
DATA,A004,4,207,958222,-0.1732,-0.2922,-0.0458,-6.7749,-5.0659,-112.3047,0.3427,,
DATA,A004,4,208,958232,-0.4115,-0.1259,0.0172,2.7466,-7.3242,-118.4692,0.4307,,
DATA,A004,4,209,958242,-0.5362,0.0394,0.0987,9.4604,-10.9863,-127.4414,0.5467,,
DATA,A004,4,210,958252,-0.6217,0.2129,0.2062,12.5732,-16.0522,-138.0615,0.6887,,
DATA,A004,4,211,958262,-0.7225,0.4493,0.4066,4.8828,-29.3579,-148.2544,0.9430,,
DATA,A004,4,212,958272,-0.7801,0.5606,0.4728,-8.5449,-38.5132,-152.0996,1.0707,,
DATA,A004,4,213,958282,-0.8683,0.6009,0.5284,-33.1421,-56.0303,-156.4941,1.1808,,
DATA,A004,4,214,958292,-0.9410,0.5604,0.5289,-47.3633,-70.0073,-158.1421,1.2163,,
DATA,A004,4,215,958302,-0.9708,0.4639,0.4940,-61.0962,-86.8530,-162.5977,1.1840,,
DATA,A004,4,216,958312,-0.9464,0.4009,0.4703,-62.8662,-94.9097,-166.5039,1.1303,,
DATA,A004,4,217,958322,-0.8917,0.3609,0.4608,-58.5327,-93.6890,-170.8984,1.0666,,
DATA,A004,4,218,958332,-0.8849,0.3580,0.4962,-53.4058,-84.1064,-172.8516,1.0758,,
DATA,A004,4,219,958342,-0.9339,0.3963,0.5804,-45.5322,-59.2651,-175.4150,1.1689,,
DATA,A004,4,220,958352,-0.9718,0.4407,0.6356,-39.9780,-41.7480,-177.5513,1.2420,,
DATA,A004,4,221,958362,-1.0946,0.5003,0.7081,-34.9731,-30.0903,-174.1333,1.3964,,
DATA,A004,4,222,958372,-1.1761,0.5154,0.7443,-34.9121,-29.2358,-171.8750,1.4842,,
DATA,A004,4,223,958382,-1.1864,0.5279,0.7526,-35.7666,-37.5977,-170.1660,1.5008,,
DATA,A004,4,224,958392,-1.1774,0.5242,0.7462,-36.6211,-49.7437,-166.9922,1.4892,,
DATA,A004,4,225,958402,-1.1505,0.4896,0.7255,-40.6494,-65.9790,-163.8794,1.4455,,
DATA,A004,4,226,958412,-1.0970,0.4285,0.7633,-43.0908,-71.7163,-165.5884,1.4035,,
DATA,A004,4,227,958422,-1.0387,0.3079,0.7919,-44.9219,-81.4209,-167.5415,1.3419,,
DATA,A004,4,228,958432,-1.0121,0.2193,0.7670,-43.1519,-90.4541,-168.3960,1.2886,,
DATA,A004,4,229,958442,-0.9369,0.0767,0.7743,-33.9966,-102.0508,-171.3867,1.2178,,
DATA,A004,4,230,958452,-0.8732,0.0069,0.8268,-23.8647,-108.6426,-172.1802,1.2025,,
DATA,A004,4,231,958462,-0.8448,-0.0886,0.9122,-10.8032,-117.6147,-170.4102,1.2465,,
DATA,A004,4,232,958472,-0.8580,-0.1826,0.9518,-6.7139,-124.6338,-169.3115,1.2944,,
DATA,A004,4,233,958482,-0.7860,-0.3984,1.1097,5.6763,-138.5498,-171.8750,1.4170,,
DATA,A004,4,234,958492,-0.7088,-0.5173,1.1173,20.6909,-152.0386,-168.7012,1.4207,,
DATA,A004,4,235,958502,-0.6793,-0.5739,1.0953,51.1475,-166.2598,-148.3765,1.4109,,
DATA,A004,4,236,958512,-0.7093,-0.4782,1.1075,78.9795,-160.7666,-132.3853,1.3995,,
DATA,A004,4,237,958522,-0.8553,-0.1696,1.1136,120.0562,-140.3198,-109.2529,1.4144,,
DATA,A004,4,238,958532,-0.9686,0.0316,1.1031,135.7422,-126.7700,-96.8628,1.4684,,
DATA,A004,4,239,958542,-1.0499,0.2193,1.0726,136.5967,-114.5630,-83.6182,1.5169,,
DATA,A004,4,240,958552,-1.0443,0.2562,1.0328,127.4414,-106.1401,-74.5850,1.4909,,
DATA,A004,4,241,958562,-1.0089,0.2371,0.9210,113.5254,-82.3975,-57.1899,1.3865,,
DATA,A004,4,242,958572,-1.0682,0.2068,0.8539,108.2153,-63.2935,-45.4102,1.3831,,
DATA,A004,4,243,958582,-1.2001,0.2108,0.7826,102.0508,-43.6401,-36.4990,1.4481,,
DATA,A004,4,244,958592,-1.3468,0.2327,0.7201,91.0034,-18.2495,-38.1470,1.5448,,
DATA,A004,4,245,958602,-1.3702,0.2689,0.6976,84.7778,-11.7188,-41.3208,1.5609,,
DATA,A004,4,246,958612,-1.3089,0.2960,0.8028,70.0073,-17.0898,-42.6025,1.5638,,
DATA,A004,4,247,958622,-1.2421,0.2806,0.9498,56.3965,-22.4609,-42.6025,1.5886,,
DATA,A004,4,248,958632,-1.1781,0.2176,1.1341,30.4565,-27.8320,-39.7949,1.6497,,
DATA,A004,4,249,958642,-1.1459,0.1287,1.2569,13.4277,-28.9917,-36.7432,1.7057,,
DATA,A004,4,250,958652,-1.0856,-0.0029,1.4173,-2.7466,-28.1372,-29.7241,1.7853,,
DATA,A004,4,251,958662,-0.9977,-0.0768,1.4598,-8.2397,-24.9634,-23.2544,1.7698,,
DATA,A004,4,252,958672,-0.8158,-0.2119,1.5111,-10.4980,-14.9536,-12.8784,1.7303,,
DATA,A004,4,253,958682,-0.6874,-0.2912,1.5370,-6.0425,-0.7324,-6.1646,1.7087,,
DATA,A004,4,254,958692,-0.5343,-0.3569,1.4774,12.9395,30.0903,4.9438,1.6111,,
DATA,A004,4,255,958702,-0.4698,-0.3537,1.4305,33.8745,57.2510,12.7563,1.5467,,
DATA,A004,4,256,958712,-0.4169,-0.2526,1.3766,69.9463,101.7456,26.5503,1.4603,,
DATA,A004,4,257,958722,-0.4276,-0.1403,1.3192,88.0127,130.4932,39.8560,1.3939,,
DATA,A004,4,258,958732,-0.4928,0.0230,1.1915,104.2480,161.2549,64.5142,1.2896,,
DATA,A004,4,259,958742,-0.5294,0.1150,1.1222,111.9995,170.0439,82.5195,1.2461,,
DATA,A004,4,260,958752,-0.5472,0.2642,1.0109,118.4692,170.1050,110.7178,1.1794,,
DATA,A004,4,261,958762,-0.5384,0.3636,0.9322,116.8823,166.4429,129.5776,1.1363,,
DATA,A004,4,262,958772,-0.5753,0.4905,0.7320,104.9194,151.4893,158.6914,1.0524,,
DATA,A004,4,263,958782,-0.6251,0.5616,0.6254,93.0176,137.5122,174.6216,1.0475,,
DATA,A004,4,264,958792,-0.6681,0.6710,0.6039,79.4678,118.8965,188.2324,1.1230,,
DATA,A004,4,265,958802,-0.6725,0.7703,0.6212,70.9839,109.5581,195.1904,1.1965,,
DATA,A004,4,266,958812,-0.6239,0.9070,0.7084,50.5981,104.3701,201.6602,1.3091,,
DATA,A004,4,267,958822,-0.5533,0.9698,0.7696,31.9824,108.2764,204.8340,1.3561,,
DATA,A004,4,268,958832,-0.4459,1.0208,0.7999,3.1738,124.0234,213.7451,1.3714,,
DATA,A004,4,269,958842,-0.3746,1.0171,0.7377,-15.6860,137.2070,221.8628,1.3111,,
DATA,A004,4,270,958852,-0.3351,0.9525,0.4330,-40.1001,149.5972,236.9995,1.0986,,
DATA,A004,4,271,958862,-0.3373,0.8729,0.0953,-50.1709,147.0337,247.6196,0.9406,,
DATA,A004,4,272,958872,-0.3426,0.8133,-0.1998,-34.3018,141.7847,255.7373,0.9049,,
DATA,A004,4,273,958882,-0.3341,0.8870,-0.2423,-9.2163,148.3765,254.0894,0.9783,,
DATA,A004,4,274,958892,-0.3378,1.1624,-0.1185,26.8555,184.5093,250.4883,1.2163,,
DATA,A004,4,275,958902,-0.3653,1.4007,-0.0238,39.1846,215.8813,250.4883,1.4478,,
DATA,A004,4,276,958912,-0.4740,1.8021,0.1222,41.6870,261.2915,259.3994,1.8674,,
DATA,A004,4,277,958922,-0.5372,2.0721,0.1361,36.1938,286.1938,264.2212,2.1449,,
DATA,A004,4,278,958932,-0.5926,2.2657,0.0956,24.5972,301.2085,270.6299,2.3439,,
DATA,A004,4,279,958942,-0.6529,2.3060,0.0416,-1.3428,309.4482,284.5459,2.3970,,
DATA,A004,4,280,958952,-0.6625,2.1600,0.0162,-23.1323,309.9365,294.6167,2.2593,,
DATA,A004,4,281,958962,-0.6197,1.8475,-0.0126,-45.1050,314.1479,310.0586,1.9487,,
DATA,A004,4,282,958972,-0.5621,1.6724,-0.0541,-46.7529,323.9136,319.2749,1.7652,,
DATA,A004,4,283,958982,-0.4845,1.5213,-0.1115,-37.5977,349.6094,329.0405,1.6005,,
DATA,A004,4,284,958992,-0.4513,1.4910,-0.1373,-31.4331,372.0703,333.0688,1.5639,,
DATA,A004,4,285,959002,-0.4469,1.5596,-0.1786,-22.8882,398.6816,336.9141,1.6322,,
DATA,A004,4,286,959012,-0.4689,1.6766,-0.2079,-17.7002,406.0669,339.2334,1.7533,,
DATA,A004,4,287,959022,-0.5106,1.8763,-0.2526,-17.0288,395.6299,342.7124,1.9609,,
DATA,A004,4,288,959032,-0.5367,1.9629,-0.3007,-23.2544,374.6948,345.9473,2.0571,,
DATA,A004,4,289,959042,-0.6168,1.9515,-0.2953,-37.7197,321.0449,350.5249,2.0678,,
DATA,A004,4,290,959052,-0.6713,1.8641,-0.2460,-42.0532,272.7661,349.7925,1.9965,,
DATA,A004,4,291,959062,-0.7379,1.7293,-0.1290,-36.4380,189.4531,345.1538,1.8846,,
DATA,A004,4,292,959072,-0.7291,1.6817,-0.0680,-28.8696,136.9019,339.8438,1.8342,,
DATA,A004,4,293,959082,-0.6666,1.6336,0.0045,-18.7988,56.2134,328.6743,1.7644,,
DATA,A004,4,294,959092,-0.6195,1.6207,0.0013,-10.7422,6.5308,322.8760,1.7350,,
DATA,A004,4,295,959102,-0.5528,1.5836,0.0008,3.7842,-51.2695,311.5234,1.6773,,
DATA,A004,4,296,959112,-0.5428,1.5555,0.0018,14.5874,-77.3926,301.8799,1.6475,,
DATA,A004,4,297,959122,-0.5458,1.4681,-0.0280,27.4658,-106.2622,286.2549,1.5665,,
DATA,A004,4,298,959132,-0.5406,1.3887,-0.0409,35.5835,-117.6147,274.4751,1.4908,,
DATA,A004,4,299,959142,-0.4576,1.2877,-0.0429,47.3633,-113.7085,254.6387,1.3672,,
DATA,A004,4,300,959152,-0.3614,1.2330,-0.0299,54.2603,-91.4917,237.8540,1.2852,,
DATA,A004,4,301,959162,-0.2093,1.1504,0.0043,61.4014,-32.4097,210.5713,1.1693,,
DATA,A004,4,302,959172,-0.1593,1.0879,0.0250,62.5000,11.9019,196.0449,1.0998,,
DATA,A004,4,303,959182,-0.2203,0.9537,0.0524,55.0537,65.0024,180.6641,0.9802,,
DATA,A004,4,304,959192,-0.2894,0.8067,0.1359,45.1050,97.4731,169.0674,0.8677,,
DATA,A004,4,305,959202,-0.2709,0.5286,0.3361,24.5361,162.5366,147.0337,0.6824,,
DATA,A004,4,306,959212,-0.1949,0.3421,0.3346,0.2441,222.0459,135.0098,0.5167,,
DATA,A004,4,307,959222,-0.1549,0.0479,0.0201,-42.0532,293.0908,131.1035,0.1634,,
DATA,A004,4,308,959232,-0.2164,-0.0844,-0.2333,-43.5791,325.6836,134.3384,0.3292,,
DATA,A004,4,309,959242,-0.4484,0.0320,-0.4335,3.1738,386.3525,129.2114,0.6245,,
DATA,A004,4,310,959252,-0.6659,0.2820,-0.4586,34.3018,423.0347,115.3564,0.8563,,
DATA,A004,4,311,959262,-1.0192,0.5726,-0.4447,41.0767,447.3877,85.3882,1.2507,,
DATA,A004,4,312,959272,-1.1971,0.6197,-0.4166,28.3813,442.3218,61.5234,1.4109,,
DATA,A004,4,313,959282,-1.2860,0.5821,-0.3798,15.6250,419.7998,36.9263,1.4618,,
DATA,A004,4,314,959292,-1.2482,0.4615,-0.3436,1.1597,364.8682,3.0518,1.3744,,
DATA,A004,4,315,959302,-1.1019,0.3565,-0.2965,-2.1973,320.2515,-18.0054,1.1955,,
DATA,A004,4,316,959312,-0.8409,0.2513,-0.2086,2.7466,262.0239,-38.6963,0.9021,,
DATA,A004,4,317,959322,-0.7110,0.2181,-0.1430,11.1084,236.6943,-47.8516,0.7573,,
DATA,A004,4,318,959332,-0.6466,0.2481,-0.0587,25.6958,212.7075,-59.9365,0.6950,,
DATA,A004,4,319,959342,-0.6739,0.2830,-0.0145,31.4331,202.5757,-66.7725,0.7311,,
DATA,A004,4,320,959352,-0.7540,0.3035,0.0502,35.4614,181.4575,-75.6836,0.8144,,
DATA,A004,4,321,959362,-0.8121,0.3133,0.0773,36.9263,154.6631,-79.9561,0.8739,,
DATA,A004,4,322,959372,-0.8522,0.3499,0.0941,40.1611,96.4355,-85.0220,0.9260,,
DATA,A004,4,323,959382,-0.8241,0.4004,0.0839,43.7012,50.2930,-87.8296,0.9201,,
DATA,A004,4,324,959392,-0.7157,0.5276,0.0519,50.2319,-20.2026,-90.8203,0.8907,,
DATA,A004,4,325,959402,-0.6463,0.6336,0.0248,54.6265,-61.7676,-91.4917,0.9054,,
DATA,A004,4,326,959412,-0.5665,0.8052,-0.0292,60.2417,-112.9150,-90.8813,0.9850,,
DATA,A004,4,327,959422,-0.5502,0.9373,-0.0807,64.0869,-143.6157,-90.5762,1.0898,,
DATA,A004,4,328,959432,-0.5521,1.1524,-0.1605,71.5942,-183.7158,-91.9189,1.2879,,
DATA,A004,4,329,959442,-0.5575,1.3111,-0.1881,76.8433,-209.8999,-96.1304,1.4371,,
DATA,A004,4,330,959452,-0.5387,1.5777,-0.2330,84.4727,-242.0044,-110.2295,1.6833,,
DATA,A004,4,331,959462,-0.4708,1.7330,-0.2733,86.1816,-256.1035,-123.3521,1.8165,,
DATA,A004,4,332,959472,-0.3751,1.9053,-0.3927,81.6040,-266.5405,-141.2964,1.9812,,
DATA,A004,4,333,959482,-0.2591,1.9107,-0.4799,77.5146,-267.8223,-156.8604,1.9870,,
DATA,A004,4,334,959492,-0.1053,1.8758,-0.5460,93.9331,-275.0854,-186.0352,1.9565,,
DATA,A004,4,335,959502,-0.0455,1.9087,-0.4994,111.9385,-276.3672,-207.3364,1.9735,,
DATA,A004,4,336,959512,-0.0160,1.9295,-0.2470,117.7368,-268.7378,-250.3662,1.9453,,
DATA,A004,4,337,959522,-0.0460,1.9046,-0.0516,107.4829,-257.7515,-282.1655,1.9059,,
DATA,A004,4,338,959532,-0.0785,1.8594,0.0704,89.5996,-227.8442,-322.5098,1.8624,,
DATA,A004,4,339,959542,-0.1017,1.8448,0.0592,80.5664,-209.0454,-343.3228,1.8485,,
DATA,A004,4,340,959552,-0.2062,1.8204,-0.0258,70.6787,-185.9131,-362.1216,1.8322,,
DATA,A004,4,341,959562,-0.2716,1.7642,-0.1095,63.9648,-177.2461,-368.7134,1.7884,,
DATA,A004,4,342,959572,-0.1969,1.5745,-0.1403,54.8706,-176.3916,-370.2393,1.5930,,
DATA,A004,4,343,959582,-0.1131,1.4144,-0.0851,52.6733,-183.7158,-361.3892,1.4214,,
DATA,A004,4,344,959592,-0.0834,1.2481,0.0851,50.1099,-192.2607,-345.7031,1.2538,,
DATA,A004,4,345,959602,-0.0734,1.1780,0.1324,42.6636,-191.3452,-340.0879,1.1877,,
DATA,A004,4,346,959612,0.0084,1.1111,0.1224,31.7993,-187.8662,-338.6841,1.1179,,
DATA,A004,4,347,959622,0.1691,0.9776,0.0045,12.3901,-182.6172,-328.1250,0.9921,,
DATA,A004,4,348,959632,0.2843,0.8143,-0.0819,-3.6621,-170.5322,-319.0918,0.8664,,
DATA,A004,4,349,959642,0.4411,0.4983,-0.1730,-20.0806,-140.3198,-310.6079,0.6876,,
DATA,A004,4,350,959652,0.4674,0.2974,-0.2235,-19.9585,-119.2017,-301.0254,0.5974,,
DATA,A004,4,351,959662,0.3756,0.0775,-0.2597,-7.4463,-94.3604,-279.3579,0.4632,,
DATA,A004,4,352,959672,0.3180,0.0164,-0.2838,4.5776,-81.6650,-265.5029,0.4266,,
DATA,A004,4,353,959682,0.2760,0.0147,-0.3038,20.8130,-80.0171,-245.4834,0.4108,,
DATA,A004,4,354,959692,0.2655,0.0486,-0.3187,28.1372,-79.1626,-228.2715,0.4177,,
DATA,A004,4,355,959702,0.2252,0.1058,-0.2868,37.1704,-73.6084,-208.1299,0.3797,,
DATA,A004,4,356,959712,0.1715,0.1551,-0.2318,44.1895,-69.0918,-198.6694,0.3274,,
DATA,A004,4,357,959722,0.0538,0.2230,-0.1491,51.6357,-65.7349,-185.9741,0.2735,,
DATA,A004,4,358,959732,-0.0055,0.2508,-0.1190,53.1006,-69.1528,-179.3823,0.2777,,
DATA,A004,4,359,959742,-0.0416,0.2593,-0.0663,52.7954,-76.1719,-171.0205,0.2709,,
DATA,A004,4,360,959752,-0.0355,0.2418,-0.0473,52.3071,-83.6792,-166.1377,0.2489,,
DATA,A004,4,361,959762,-0.0411,0.2034,0.0192,52.0020,-89.7217,-162.9028,0.2084,,
DATA,A004,4,362,959772,-0.0567,0.1971,0.1222,53.0396,-89.8438,-162.9639,0.2387,,
DATA,A004,4,363,959782,-0.1310,0.2137,0.2067,49.3774,-81.5430,-159.9731,0.3248,,
DATA,A004,4,364,959792,-0.2345,0.2293,0.2364,43.8843,-74.3408,-159.8511,0.4043,,
DATA,A004,4,365,959802,-0.4176,0.2615,0.2760,40.6494,-68.6646,-165.5884,0.5648,,
DATA,A004,4,366,959812,-0.5267,0.2823,0.3465,39.0625,-69.4580,-174.5605,0.6908,,
DATA,A004,4,367,959822,-0.6305,0.3209,0.5026,38.4521,-70.0684,-190.1245,0.8678,,
DATA,A004,4,368,959832,-0.6581,0.3336,0.5756,33.6914,-69.8853,-201.2329,0.9357,,
DATA,A004,4,369,959842,-0.7049,0.2850,0.6659,21.3623,-67.0776,-213.8062,1.0107,,
DATA,A004,4,370,959852,-0.7750,0.2212,0.6566,13.3667,-60.6689,-220.2759,1.0396,,
DATA,A004,4,371,959862,-0.8863,0.1043,0.6686,8.1787,-53.9551,-233.2153,1.1151,,
DATA,A004,4,372,959872,-0.9842,0.0713,0.7101,13.6719,-57.2510,-237.7319,1.2157,,
DATA,A004,4,373,959882,-1.1295,0.1404,0.7469,25.7568,-72.0825,-239.5630,1.3614,,
DATA,A004,4,374,959892,-1.2159,0.2159,0.7963,31.0059,-85.3271,-238.6475,1.4694,,
DATA,A004,4,375,959902,-1.2413,0.3604,0.8815,28.0762,-99.4873,-236.0840,1.5645,,
DATA,A004,4,376,959912,-1.1879,0.4402,0.8602,19.8975,-109.8633,-231.9946,1.5313,,
DATA,A004,4,377,959922,-1.1400,0.4678,0.8094,3.6011,-120.4224,-224.5483,1.4743,,
DATA,A004,4,378,959932,-1.1398,0.4424,0.7538,-4.7607,-116.4551,-218.9941,1.4363,,
DATA,A004,4,379,959942,-1.1984,0.3753,0.7157,-8.1177,-103.5156,-205.7495,1.4454,,
DATA,A004,4,380,959952,-1.2377,0.3555,0.7611,-5.2490,-96.8628,-195.3735,1.4958,,
DATA,A004,4,381,959962,-1.2796,0.3858,0.8212,-4.7607,-98.0225,-180.4810,1.5686,,
DATA,A004,4,382,959972,-1.3312,0.5211,0.7858,-13.6719,-113.0371,-153.8086,1.6312,,
DATA,A004,4,383,959982,-1.2604,0.5955,0.7814,-29.1748,-136.9019,-134.0942,1.5980,,
DATA,A004,4,384,959992,-1.2054,0.5875,0.8756,-45.8374,-160.7056,-117.7368,1.6015,,
DATA,A004,4,385,960002,-1.1791,0.5401,0.9698,-69.5801,-185.9741,-97.0459,1.6194,,
DATA,A004,4,386,960012,-1.1754,0.4044,1.0084,-109.5581,-213.1958,-72.5708,1.6006,,
DATA,A004,4,387,960022,-1.1361,0.3436,0.9908,-132.6294,-216.0034,-61.4624,1.5461,,
DATA,A004,4,388,960032,-1.0787,0.3157,0.8173,-162.5366,-203.3691,-40.1001,1.3897,,
DATA,A004,4,389,960042,-1.0921,0.2718,0.6351,-177.1851,-188.7207,-28.6255,1.2923,,
DATA,A004,4,390,960052,-0.9991,0.0704,0.5643,-182.6782,-148.3154,-28.3203,1.1496,,
DATA,A004,4,391,960062,-0.8993,-0.0981,0.7169,-163.8184,-115.1733,-34.8511,1.1542,,
DATA,A004,4,392,960072,-0.9850,-0.2753,1.3417,-80.2002,-53.2227,-50.2930,1.6870,,
DATA,A004,4,393,960082,-1.0023,-0.3532,1.6688,-18.4937,5.4932,-77.3926,1.9785,,
DATA,A004,4,394,960092,-0.9161,-0.2473,1.7745,35.0952,96.1914,-94.7266,2.0123,,
DATA,A004,4,395,960102,-0.8942,-0.2407,1.5409,29.9072,202.8809,-98.0225,1.7977,,
DATA,A004,4,396,960112,-1.2862,-0.5883,1.1024,-0.5493,309.9365,-136.4746,1.7933,,
DATA,A004,4,397,960122,-1.6800,-0.7917,0.8934,1.4038,245.1782,-136.9019,2.0609,,
DATA,A004,4,398,960132,-2.0126,-0.8820,0.8077,21.5454,50.5371,-93.7500,2.3411,,
DATA,A004,4,399,960142,-1.9667,-0.8791,0.8519,11.6577,-92.0410,-65.4297,2.3165,,
DATA,A004,4,400,960152,-1.5724,-0.8478,0.8148,-23.8037,-262.4512,-38.1470,1.9634,,
DATA,A004,4,401,960162,-1.3026,-0.8266,0.7945,-34.9121,-329.9561,-21.4233,1.7353,,
DATA,A004,4,402,960172,-0.7587,-0.8359,0.7145,-61.8896,-358.0322,-2.9907,1.3359,,
DATA,A004,4,403,960182,-0.2447,-0.9765,0.6923,-86.6089,-315.4907,7.5684,1.2217,,
DATA,A004,4,404,960192,0.5392,-1.2333,0.7674,-70.3735,-177.6733,39.9170,1.5495,,
DATA,A004,4,405,960202,0.7977,-1.1818,0.8605,-20.1416,-38.2080,68.5425,1.6654,,
DATA,A004,4,406,960212,0.6151,-0.7360,0.8844,44.8608,199.9512,95.0928,1.3047,,
DATA,A004,4,407,960222,0.2391,-0.5012,0.8024,54.9316,327.0264,103.7598,0.9758,,
DATA,A004,4,408,960232,-0.3695,-0.3979,0.7027,47.6074,400.5127,122.4976,0.8881,,
DATA,A004,4,409,960242,-0.7086,-0.3740,0.6769,45.5933,378.3569,143.4937,1.0489,,
DATA,A004,4,410,960252,-1.0135,-0.2458,0.6988,56.7017,269.9585,177.5513,1.2554,,
DATA,A004,4,411,960262,-1.0399,-0.0461,0.7416,67.4438,178.4668,198.0591,1.2781,,
DATA,A004,4,412,960272,-0.8492,0.2562,0.7850,73.2422,67.8101,219.8486,1.1845,,
DATA,A004,4,413,960282,-0.6871,0.4180,0.8024,72.3877,24.5361,231.6895,1.1361,,
DATA,A004,4,414,960292,-0.4662,0.6143,0.7943,77.0264,13.6108,244.1406,1.1071,,
DATA,A004,4,415,960302,-0.3973,0.7440,0.8251,86.9751,29.8462,248.4131,1.1799,,
DATA,A004,4,416,960312,-0.4007,0.8885,0.8280,94.5435,55.9082,251.1597,1.2789,,
DATA,A004,4,417,960322,-0.4618,1.0643,0.7662,88.7451,95.6421,253.2959,1.3903,,
DATA,A004,4,418,960332,-0.5082,1.1202,0.7223,77.0264,117.4927,247.6807,1.4264,,
DATA,A004,4,419,960342,-0.6302,1.1168,0.6534,55.4199,141.4795,247.9248,1.4392,,
DATA,A004,4,420,960352,-0.7020,1.0753,0.6075,45.8374,156.6772,257.3853,1.4206,,
DATA,A004,4,421,960362,-0.7860,1.0904,0.5443,51.3916,176.0254,266.5405,1.4502,,
DATA,A004,4,422,960372,-0.8546,1.1863,0.4720,60.7300,187.4390,276.7944,1.5364,,
DATA,A004,4,423,960382,-0.9933,1.4012,0.4469,65.2466,203.2471,297.3022,1.7747,,
DATA,A004,4,424,960392,-1.0443,1.5640,0.4391,63.2324,219.1772,298.8892,1.9312,,
DATA,A004,4,425,960402,-1.0729,1.7337,0.3507,48.5229,241.3330,292.9688,2.0688,,
DATA,A004,4,426,960412,-1.0355,1.7513,0.2726,31.0059,257.1411,289.6118,2.0527,,
DATA,A004,4,427,960422,-1.0013,1.6341,0.1534,-0.1221,274.9023,287.2925,1.9226,,
DATA,A004,4,428,960432,-1.0160,1.5106,0.1019,-17.5781,281.4941,285.0342,1.8233,,
DATA,A004,4,429,960442,-1.0826,1.3680,0.0687,-33.6304,269.1040,280.2124,1.7459,,
DATA,A004,4,430,960452,-1.1734,1.3130,0.0675,-41.0156,247.4976,282.7148,1.7623,,
DATA,A004,4,431,960462,-1.1844,1.2945,0.1034,-47.3022,204.4678,277.9541,1.7576,,
DATA,A004,4,432,960472,-1.1156,1.3021,0.0856,-51.3306,179.5654,271.9727,1.7167,,
DATA,A004,4,433,960482,-0.9620,1.2896,0.0128,-62.7441,170.2271,264.2822,1.6090,,
DATA,A004,4,434,960492,-0.8512,1.2713,-0.0389,-66.9556,189.5752,253.7842,1.5304,,
DATA,A004,4,435,960502,-0.6888,1.2825,-0.1176,-60.4248,237.4878,231.5674,1.4605,,
DATA,A004,4,436,960512,-0.6471,1.3287,-0.1425,-53.7720,261.7188,223.5718,1.4847,,
DATA,A004,4,437,960522,-0.7201,1.4131,-0.1539,-52.8564,281.2500,216.1255,1.5935,,
DATA,A004,4,438,960532,-0.8036,1.4319,-0.1476,-59.8145,280.2734,212.0361,1.6486,,
DATA,A004,4,439,960542,-0.9025,1.4117,-0.1342,-73.2422,248.6572,211.4258,1.6809,,
DATA,A004,4,440,960552,-0.9181,1.3956,-0.1344,-80.9937,210.6934,215.6372,1.6759,,
DATA,A004,4,441,960562,-0.8548,1.3660,-0.0907,-87.6465,142.4561,228.8818,1.6140,,
DATA,A004,4,442,960572,-0.8168,1.3607,-0.1054,-90.5151,94.5435,241.8213,1.5905,,
DATA,A004,4,443,960582,-0.8319,1.3099,-0.1647,-90.4541,19.7754,262.7563,1.5604,,
DATA,A004,4,444,960592,-0.8522,1.2581,-0.1942,-85.2661,-28.3813,274.7803,1.5319,,
DATA,A004,4,445,960602,-0.8329,1.1705,-0.2675,-75.2563,-86.3647,288.1470,1.4612,,
DATA,A004,4,446,960612,-0.7623,1.0865,-0.2997,-67.0166,-107.7881,290.8936,1.3607,,
DATA,A004,4,447,960622,-0.6451,0.9258,-0.3016,-47.7295,-113.7085,286.7432,1.1681,,
DATA,A004,4,448,960632,-0.5870,0.8216,-0.2623,-28.5034,-103.0884,279.9072,1.0433,,
DATA,A004,4,449,960642,-0.5524,0.7430,-0.1991,-5.4321,-86.7310,271.1182,0.9470,,
DATA,A004,4,450,960652,-0.5340,0.7029,-0.1068,26.9165,-63.8428,256.2866,0.8892,,
DATA,A004,4,451,960662,-0.5309,0.7110,-0.0665,41.6260,-53.8940,246.0938,0.8898,,
DATA,A004,4,452,960672,-0.5338,0.7332,-0.0551,51.8188,-53.6499,232.2388,0.9086,,
DATA,A004,4,453,960682,-0.5213,0.7342,-0.0556,54.4434,-58.2275,223.7549,0.9022,,
DATA,A004,4,454,960692,-0.4921,0.7093,-0.0411,56.5186,-71.1670,210.3882,0.8642,,
DATA,A004,4,455,960702,-0.4669,0.6834,-0.0128,58.4106,-74.3408,201.4160,0.8278,,
DATA,A004,4,456,960712,-0.4213,0.6312,0.0453,55.6030,-67.3218,184.6924,0.7602,,
DATA,A004,4,457,960722,-0.4315,0.5816,0.0663,51.8188,-68.4814,171.9360,0.7272,,
DATA,A004,4,458,960732,-0.4947,0.4708,0.0458,45.5322,-71.9604,155.6396,0.6845,,
DATA,A004,4,459,960742,-0.5243,0.3946,0.0467,42.9077,-77.0264,142.0898,0.6578,,
DATA,A004,4,460,960752,-0.5213,0.3038,0.0397,41.9922,-86.6089,120.8496,0.6047,,
DATA,A004,4,461,960762,-0.4813,0.2596,0.0482,41.6260,-88.7451,107.2388,0.5490,,
DATA,A004,4,462,960772,-0.3805,0.2147,0.1000,41.3818,-74.6460,87.7686,0.4481,,
DATA,A004,4,463,960782,-0.3131,0.1880,0.1381,39.7949,-58.3496,74.4629,0.3904,,
DATA,A004,4,464,960792,-0.2606,0.1390,0.2035,37.1704,-25.7568,58.9600,0.3587,,
DATA,A004,4,465,960802,-0.2587,0.0960,0.2623,34.9121,-1.0376,49.3164,0.3807,,
DATA,A004,4,466,960812,-0.3060,0.0364,0.3602,32.2876,35.0342,35.4614,0.4741,,
DATA,A004,4,467,960822,-0.3653,0.0008,0.4283,29.0527,56.9458,27.4048,0.5630,,
DATA,A004,4,468,960832,-0.4554,-0.0410,0.5282,22.2778,81.8481,16.3574,0.6986,,
DATA,A004,4,469,960842,-0.5152,-0.0507,0.5326,15.1978,91.0034,10.7422,0.7428,,
DATA,A004,4,470,960852,-0.6007,-0.0124,0.4200,3.3569,91.7358,7.3853,0.7331,,
DATA,A004,4,471,960862,-0.6630,0.0662,0.2865,0.1221,85.5713,8.7891,0.7252,,
DATA,A004,4,472,960872,-0.7435,0.2857,0.1349,8.6670,69.0308,9.2773,0.8079,,
DATA,A004,4,473,960882,-0.7948,0.4827,0.0834,21.2402,51.9409,6.2866,0.9336,,
DATA,A004,4,474,960892,-0.8707,0.8294,0.0475,33.2031,19.8975,1.3428,1.2035,,
DATA,A004,4,475,960902,-0.9081,1.0462,0.0450,29.9683,-7.2632,-0.8545,1.3861,,
DATA,A004,4,476,960912,-0.9093,1.3148,0.0121,7.2632,-57.4341,-1.9531,1.5986,,
DATA,A004,4,477,960922,-0.8636,1.4715,-0.0643,-12.1460,-91.1865,-1.8921,1.7074,,
DATA,A004,4,478,960932,-0.7706,1.7452,-0.1701,-28.9917,-130.0049,-8.7280,1.9153,,
DATA,A004,4,479,960942,-0.6905,1.9471,-0.1759,-30.3345,-140.9302,-19.3481,2.0734,,
DATA,A004,4,480,960952,-0.5326,2.1119,-0.1298,-35.7056,-137.0850,-45.7764,2.1819,,
DATA,A004,4,481,960962,-0.3868,2.0428,-0.1044,-50.9033,-127.4414,-71.1060,2.0817,,
DATA,A004,4,482,960972,-0.1588,1.7225,-0.0795,-76.5381,-96.7407,-116.5771,1.7316,,
DATA,A004,4,483,960982,-0.0162,1.4991,-0.0797,-86.5479,-60.7910,-154.2969,1.5013,,
DATA,A004,4,484,960992,0.1046,1.3087,-0.0665,-85.6323,-12.9395,-194.9463,1.3145,,
DATA,A004,4,485,961002,0.1461,1.1341,-0.0116,-63.6597,63.4155,-248.5962,1.1435,,
DATA,A004,4,486,961012,0.0663,1.1055,0.0319,-42.3584,105.5908,-273.9868,1.1080,,
DATA,A004,4,487,961022,-0.1400,1.1307,0.0858,-17.5171,143.5547,-301.6357,1.1425,,
DATA,A004,4,488,961032,-0.3031,1.1507,0.0951,-9.8877,146.9727,-317.0166,1.1937,,
DATA,A004,4,489,961042,-0.5184,1.1519,0.0985,-4.7607,122.6807,-336.5479,1.2670,,
DATA,A004,4,490,961052,-0.6246,1.1622,0.0843,-0.6104,93.6279,-347.9004,1.3221,,
DATA,A004,4,491,961062,-0.7040,1.1981,0.0375,6.2256,38.6963,-362.3657,1.3901,,
DATA,A004,4,492,961072,-0.6778,1.2371,-0.0219,8.4839,2.9297,-370.9106,1.4108,,
DATA,A004,4,493,961082,-0.5538,1.2347,-0.0988,0.3052,-48.4619,-382.5684,1.3568,,
DATA,A004,4,494,961092,-0.4415,1.1622,-0.1337,-11.8408,-75.2563,-390.8691,1.2504,,
DATA,A004,4,495,961102,-0.2894,0.9515,-0.1537,-26.1841,-103.0273,-404.6021,1.0063,,
DATA,A004,4,496,961112,-0.2098,0.8126,-0.1461,-28.1982,-116.8213,-412.5366,0.8518,,
DATA,A004,4,497,961122,-0.1117,0.6497,-0.1017,-24.5972,-130.4321,-422.6074,0.6670,,
DATA,A004,4,498,961132,-0.0587,0.5840,-0.0651,-22.3999,-132.5073,-430.2368,0.5906,,
DATA,A004,4,499,961142,0.0128,0.5418,-0.0499,-23.8037,-125.1831,-441.5894,0.5443,,
DATA,A004,4,500,961152,0.0289,0.5460,-0.0751,-24.5972,-114.9902,-445.6787,0.5519,,
DATA,A004,4,501,961162,0.0228,0.5897,-0.1495,-19.7144,-93.7500,-455.5664,0.6088,,
DATA,A004,4,502,961172,-0.0038,0.6314,-0.1715,-11.1084,-83.8013,-462.7686,0.6543,,
DATA,A004,4,503,961182,-0.0365,0.7086,-0.1771,-0.9155,-69.5801,-464.2944,0.7313,,
DATA,A004,4,504,961192,-0.0582,0.7337,-0.1759,-0.0610,-66.8335,-461.4258,0.7567,,
DATA,A004,4,505,961202,-0.1456,0.7271,-0.1845,0.9766,-73.3643,-453.4302,0.7641,,
DATA,A004,4,506,961212,-0.1688,0.7286,-0.1664,4.0283,-81.2988,-443.1763,0.7662,,
DATA,A004,4,507,961222,-0.1937,0.7825,-0.1542,9.1553,-97.4121,-421.0815,0.8208,,
DATA,A004,4,508,961232,-0.1937,0.8067,-0.1495,10.0708,-106.3843,-406.2500,0.8430,,
DATA,A004,4,509,961242,-0.1771,0.8216,-0.1857,7.4463,-115.7227,-383.1787,0.8607,,
DATA,A004,4,510,961252,-0.1490,0.7964,-0.2025,1.4038,-121.5210,-366.8213,0.8352,,
DATA,A004,4,511,961262,-0.0770,0.6802,-0.1784,-8.0566,-116.2109,-344.9707,0.7074,,
DATA,A004,4,512,961272,-0.0074,0.5652,-0.1378,-11.4136,-100.6470,-330.8716,0.5819,,
DATA,A004,4,513,961282,0.0883,0.3758,0.0030,-5.4932,-68.9697,-310.7300,0.3860,,
DATA,A004,4,514,961292,0.0433,0.2610,0.0968,0.9766,-46.7529,-292.1143,0.2818,,
DATA,A004,4,515,961302,-0.1647,0.1097,0.2819,10.3760,-14.2212,-260.8032,0.3444,,
DATA,A004,4,516,961312,-0.3234,0.0562,0.4354,18.1274,-7.5073,-243.1030,0.5453,,
DATA,A004,4,517,961322,-0.6002,0.0667,0.6197,25.5127,-23.0103,-211.5479,0.8653,,
DATA,A004,4,518,961332,-0.7225,0.1255,0.6837,21.9116,-47.1191,-189.0869,1.0026,,
DATA,A004,4,519,961342,-0.7406,0.1932,0.6905,14.0381,-74.3408,-170.3491,1.0308,,
DATA,A004,4,520,961352,-0.6742,0.2869,0.5482,-5.3101,-119.0796,-142.7612,0.9151,,
DATA,A004,4,521,961362,-0.6026,0.3167,0.4591,-17.8223,-130.8594,-125.2441,0.8211,,
DATA,A004,4,522,961372,-0.5050,0.2947,0.3612,-16.1743,-116.0278,-101.7456,0.6873,,
DATA,A004,4,523,961382,-0.4545,0.2877,0.4874,-1.4038,-93.9941,-82.8247,0.7258,,
DATA,A004,4,524,961392,-0.4415,0.3462,0.7743,20.9351,-58.4717,-41.0767,0.9562,,
DATA,A004,4,525,961402,-0.6122,0.4229,0.9337,24.7192,-42.1143,-5.9204,1.1939,,
DATA,A004,4,526,961412,-1.0331,0.5335,1.1212,21.3623,-29.3579,36.7432,1.6152,,
DATA,A004,4,527,961422,-1.2228,0.5711,1.1959,18.6768,-30.2734,51.2085,1.8032,,
DATA,A004,4,528,961432,-1.2967,0.4239,1.2538,7.1411,-56.3965,60.4858,1.8529,,
DATA,A004,4,529,961442,-1.3031,0.2029,1.2591,-6.1646,-76.2329,62.7441,1.8234,,
DATA,A004,4,530,961452,-1.3180,-0.2853,1.0150,-24.0479,-77.4536,47.4854,1.6878,,
DATA,A004,4,531,961462,-1.3524,-0.7587,1.0719,-17.8223,-72.6929,25.4517,1.8851,,
DATA,A004,4,532,961472,-1.5101,-1.1987,1.2423,28.5034,-29.7852,-2.1973,2.2936,,
DATA,A004,4,533,961482,-1.6407,-1.1398,1.1151,54.6265,14.0381,-12.5732,2.2879,,
DATA,A004,4,534,961492,-1.9581,-0.8727,0.9271,73.1201,50.6592,-27.0386,2.3357,,
DATA,A004,4,535,961502,-2.0401,-0.6596,0.9247,88.6841,54.8706,-41.7480,2.3350,,
DATA,A004,4,536,961512,-2.0858,-0.3842,0.9037,92.9565,24.4141,-53.4668,2.3054,,
DATA,A004,4,537,961522,-2.1915,-0.4694,0.8927,68.6646,-12.6953,-52.1240,2.4125,,
DATA,A004,4,538,961532,-2.1793,-0.8054,1.0109,48.6450,-81.7261,-52.4902,2.5337,,
DATA,A004,4,539,961542,-1.9552,-0.8669,1.0511,51.5747,-122.3755,-52.7954,2.3831,,
DATA,A004,4,540,961552,-1.5694,-0.7177,1.0597,61.4624,-133.0566,-48.4619,2.0251,,
DATA,A004,4,541,961562,-1.3946,-0.5229,1.0777,71.7773,-97.9004,-49.9878,1.8385,,
DATA,A004,4,542,961572,-1.1183,-0.2311,1.2755,96.1304,3.4790,-56.1523,1.7120,,
DATA,A004,4,543,961582,-1.0235,-0.0422,1.4369,114.0137,74.0356,-50.4150,1.7647,,
DATA,A004,4,544,961592,-1.1109,0.2010,1.4405,122.6807,173.1567,-27.5879,1.8302,,
DATA,A004,4,545,961602,-1.2338,0.2847,1.4706,113.6475,216.1255,-9.2773,1.9406,,
DATA,A004,4,546,961612,-1.4706,0.3775,1.4291,83.9844,194.3359,26.2451,2.0850,,
DATA,A004,4,547,961622,-1.5560,0.3990,1.3722,54.1992,141.2964,51.4526,2.1126,,
DATA,A004,4,548,961632,-1.3143,0.2596,1.1920,-3.7231,40.1611,72.0825,1.7932,,
DATA,A004,4,549,961642,-1.0680,0.1138,0.9903,-36.6211,-7.2021,90.0269,1.4609,,
DATA,A004,4,550,961652,-0.8065,-0.0275,0.7504,-50.9644,-17.0288,122.9248,1.1019,,
DATA,A004,4,551,961662,-0.6796,-0.0312,0.6068,-39.2456,2.6245,141.8457,0.9116,,
DATA,A004,4,552,961672,-0.5375,0.0191,0.5665,-22.2778,47.4854,160.8887,0.7811,,
DATA,A004,4,553,961682,-0.2894,0.1575,0.3519,-2.5635,114.2578,192.3218,0.4821,,
DATA,A004,4,554,961692,-0.1815,0.2691,0.2203,10.8032,153.0762,219.2383,0.3923,,
DATA,A004,4,555,961702,-0.2196,0.4275,-0.0192,32.7148,196.4111,266.5405,0.4810,,
DATA,A004,4,556,961712,-0.4064,0.5372,-0.0538,52.1851,193.0542,292.7856,0.6757,,
DATA,A004,4,557,961722,-0.7394,0.8138,0.0780,79.8950,140.5640,319.7632,1.1023,,
DATA,A004,4,558,961732,-0.8880,1.0440,0.1676,87.7686,86.7310,336.0596,1.3808,,
DATA,A004,4,559,961742,-0.9484,1.3565,0.2821,82.0312,29.2358,353.2104,1.6790,,
DATA,A004,4,560,961752,-0.8578,1.4761,0.3522,71.4111,18.4326,354.7974,1.7432,,
DATA,A004,4,561,961762,-0.6996,1.4783,0.3400,54.4434,36.4990,352.5391,1.6705,,
DATA,A004,4,562,961772,-0.6910,1.4200,0.2860,47.9736,66.8945,351.6846,1.6049,,
DATA,A004,4,563,961782,-0.7787,1.4014,0.2032,51.4526,129.3335,336.5479,1.6161,,
DATA,A004,4,564,961792,-0.8519,1.4278,0.0861,55.1147,167.9688,325.5005,1.6649,,
DATA,A004,4,565,961802,-0.9403,1.4859,-0.0026,56.0913,214.1113,308.7158,1.7584,,
DATA,A004,4,566,961812,-0.9474,1.4998,-0.0621,53.8940,237.6099,296.3257,1.7751,,
DATA,A004,4,567,961822,-1.0123,1.4485,-0.0333,51.8799,259.7046,280.5176,1.7675,,
DATA,A004,4,568,961832,-1.0812,1.3853,0.0658,52.0020,256.2256,271.1182,1.7585,,
DATA,A004,4,569,961842,-1.1402,1.2908,0.2638,50.6592,232.6660,257.5684,1.7424,,
DATA,A004,4,570,961852,-1.1683,1.2713,0.3563,46.3867,204.5898,252.8687,1.7630,,
DATA,A004,4,571,961862,-1.1918,1.3160,0.3861,36.0107,151.6724,250.6714,1.8169,,
DATA,A004,4,572,961872,-1.1568,1.3853,0.3634,31.1279,113.1592,245.8496,1.8410,,
DATA,A004,4,573,961882,-1.0365,1.4857,0.2164,20.9351,59.3262,236.6333,1.8244,,
DATA,A004,4,574,961892,-1.0023,1.4988,0.1471,10.6201,28.3813,233.3984,1.8091,,
DATA,A004,4,575,961902,-1.0663,1.5015,0.0756,0.1221,-8.8501,225.8911,1.8432,,
DATA,A004,4,576,961912,-1.1153,1.5237,0.0587,0.8545,-26.0010,216.1255,1.8892,,
DATA,A004,4,577,961922,-1.1329,1.5792,0.0760,7.6294,-38.3301,200.9888,1.9450,,
DATA,A004,4,578,961932,-1.0992,1.6016,0.0880,9.4604,-39.0015,191.5894,1.9445,,
DATA,A004,4,579,961942,-0.9906,1.5291,0.0660,6.3477,-23.1934,177.1240,1.8231,,
DATA,A004,4,580,961952,-0.9071,1.4124,0.0265,4.0283,-0.2441,165.9546,1.6788,,
DATA,A004,4,581,961962,-0.7760,1.2044,-0.0140,9.7656,44.7998,147.0337,1.4328,,
DATA,A004,4,582,961972,-0.6976,1.0906,0.0116,18.9209,81.4209,134.5215,1.2947,,
DATA,A004,4,583,961982,-0.6493,0.9705,0.0753,31.2500,134.3384,115.0513,1.1701,,
DATA,A004,4,584,961992,-0.6710,0.9107,0.1188,37.4756,164.1235,103.8818,1.1374,,
DATA,A004,4,585,962002,-0.7076,0.8550,0.1798,41.5039,187.1948,88.9282,1.1243,,
DATA,A004,4,586,962012,-0.7223,0.8021,0.2301,37.4146,185.7300,80.6274,1.1036,,
DATA,A004,4,587,962022,-0.7142,0.7335,0.2945,29.6021,173.0347,73.3032,1.0653,,
DATA,A004,4,588,962032,-0.6940,0.6202,0.3275,11.7188,139.6484,66.3452,0.9866,,
DATA,A004,4,589,962042,-0.6786,0.5323,0.3234,-0.1221,112.8540,61.9507,0.9211,,
DATA,A004,4,590,962052,-0.6173,0.3995,0.2853,-12.9395,77.3926,56.7017,0.7887,,
DATA,A004,4,591,962062,-0.5546,0.3160,0.2367,-17.4561,60.5469,53.4058,0.6807,,
DATA,A004,4,592,962072,-0.4591,0.1988,0.1190,-18.6157,45.3491,48.2178,0.5142,,
DATA,A004,4,593,962082,-0.4188,0.1375,0.0714,-15.6250,40.5884,44.1895,0.4466,,
DATA,A004,4,594,962092,-0.4186,0.0911,0.0472,-6.5308,41.9312,35.0952,0.4310,,
DATA,A004,4,595,962102,-0.4440,0.0689,0.0231,-2.4414,45.2881,27.2217,0.4499,,
DATA,A004,4,596,962112,-0.4496,0.0396,0.0892,4.1504,49.0723,14.0381,0.4600,,
DATA,A004,4,597,962122,-0.4586,-0.0075,0.0643,5.3101,51.2695,4.8218,0.4632,,
DATA,A004,4,598,962132,-0.4901,-0.0876,0.0358,14.4043,48.0347,-9.7656,0.4991,,
DATA,A004,4,599,962142,-0.5538,-0.1401,0.0482,21.9727,29.6021,-18.2495,0.5733,,
DATA,A004,4,600,962152,-0.6871,-0.1484,0.1752,40.4663,-29.7852,-26.6113,0.7245,,
DATA,A004,4,601,962162,-0.7298,-0.0793,0.2369,50.6592,-96.0083,-30.0903,0.7714,,
DATA,A004,4,602,962172,-0.7333,0.0753,0.3258,52.7344,-212.2192,-37.4756,0.8059,,
DATA,A004,4,603,962182,-0.6620,0.1944,0.3790,44.1895,-287.9028,-42.2363,0.7872,,
DATA,A004,4,604,962192,-0.4947,0.3394,0.3905,16.4795,-367.1265,-60.7910,0.7159,,
DATA,A004,4,605,962202,-0.3238,0.3550,0.3920,-5.7373,-372.3145,-80.5664,0.6201,,
DATA,A004,4,606,962212,-0.0328,0.3257,0.5370,-27.1606,-316.2231,-115.7837,0.6289,,
DATA,A004,4,607,962222,0.0941,0.3502,0.6144,-38.3301,-255.4321,-125.6714,0.7134,,
DATA,A004,4,608,962232,0.2831,0.4139,0.8380,-67.3218,-149.1699,-119.0796,0.9766,,
DATA,A004,4,609,962242,0.4066,0.4275,0.7775,-101.5625,-90.3931,-107.0557,0.9760,,
DATA,A004,4,610,962252,0.5658,0.3580,0.4244,-147.7661,5.9204,-94.2383,0.7927,,
DATA,A004,4,611,962262,0.5963,0.3260,0.2435,-154.6631,76.9043,-87.9517,0.7219,,
DATA,A004,4,612,962272,0.1857,0.3262,0.1039,-153.1372,173.3398,-74.9512,0.3895,,
DATA,A004,4,613,962282,-0.1734,0.3150,0.0077,-143.4326,216.2476,-80.6274,0.3597,,
DATA,A004,4,614,962292,-0.5472,0.3077,0.0289,-104.6143,239.6240,-97.9614,0.6285,,
DATA,A004,4,615,962302,-0.7040,0.3714,0.1769,-71.5942,225.8301,-101.5625,0.8153,,
DATA,A004,4,616,962312,-0.8622,0.5911,0.3951,-31.7993,150.8789,-81.2988,1.1175,,
DATA,A004,4,617,962322,-0.9169,0.7462,0.4596,-20.6909,83.9844,-53.0396,1.2683,,
DATA,A004,4,618,962332,-0.9442,0.8602,0.5177,-16.0522,-17.1509,-13.9160,1.3782,,
DATA,A004,4,619,962342,-0.9476,0.8748,0.5370,-15.6860,-67.4438,9.5825,1.3970,,
DATA,A004,4,620,962352,-0.9674,0.9039,0.5804,-1.6479,-106.2622,29.9683,1.4456,,
DATA,A004,4,621,962362,-0.9918,1.0018,0.6036,15.9912,-106.8115,30.8838,1.5335,,
DATA,A004,4,622,962372,-0.9623,1.2208,0.5387,36.3770,-83.9844,16.3574,1.6451,,
DATA,A004,4,623,962382,-0.9127,1.3035,0.4484,37.0483,-64.5752,0.3052,1.6532,,
DATA,A004,4,624,962392,-0.8343,1.2842,0.2967,23.5596,-37.3535,-32.5317,1.5599,,
DATA,A004,4,625,962402,-0.7955,1.2017,0.2150,15.0757,-23.8037,-55.5420,1.4571,,
DATA,A004,4,626,962412,-0.7626,1.1141,0.1669,11.6577,-13.1226,-77.7588,1.3603,,
DATA,A004,4,627,962422,-0.7037,1.0118,0.1578,16.2964,2.0752,-108.7646,1.2425,,
DATA,A004,4,628,962432,-0.6481,0.9561,0.1737,20.9961,14.7705,-126.3428,1.1680,,
DATA,A004,4,629,962442,-0.5643,0.8873,0.2086,25.1465,34.9121,-145.8740,1.0720,,
DATA,A004,4,630,962452,-0.5052,0.8401,0.2257,27.7710,44.7388,-153.8086,1.0060,,
DATA,A004,4,631,962462,-0.4188,0.7535,0.1981,30.2124,47.0581,-158.0811,0.8845,,
DATA,A004,4,632,962472,-0.3795,0.6927,0.1879,30.7007,39.0015,-156.7993,0.8119,,
DATA,A004,4,633,962482,-0.3673,0.6190,0.1903,31.9824,14.5874,-150.2075,0.7445,,
DATA,A004,4,634,962492,-0.3856,0.5814,0.1730,33.0200,-7.7515,-143.0664,0.7187,,
DATA,A004,4,635,962502,-0.4137,0.5406,0.1066,31.0059,-50.6592,-133.6060,0.6890,,
DATA,A004,4,636,962512,-0.4144,0.5179,0.0824,27.5879,-80.5664,-130.5542,0.6684,,
DATA,A004,4,637,962522,-0.3529,0.4732,0.0316,17.4561,-122.1313,-133.6670,0.5911,,
DATA,A004,4,638,962532,-0.3107,0.4141,-0.0331,6.1646,-145.5688,-143.0664,0.5187,,
DATA,A004,4,639,962542,-0.2240,0.2835,-0.0612,-13.4277,-164.6729,-171.8750,0.3665,,
DATA,A004,4,640,962552,-0.1446,0.2054,-0.0702,-28.8696,-162.4146,-201.5991,0.2608,,
DATA,A004,4,641,962562,0.0004,0.1483,-0.0458,-44.7388,-116.7603,-242.2485,0.1552,,
DATA,A004,4,642,962572,0.0888,0.1551,-0.0665,-43.5791,-61.7676,-265.3198,0.1907,,
DATA,A004,4,643,962582,0.0958,0.1609,-0.1307,-38.3911,17.3340,-286.6211,0.2284,,
DATA,A004,4,644,962592,0.0233,0.1014,-0.0973,-34.5459,56.3354,-292.5415,0.1424,,
DATA,A004,4,645,962602,-0.0912,-0.0475,0.0524,-23.0103,84.0454,-295.0439,0.1154,,
DATA,A004,4,646,962612,-0.2255,-0.0942,0.2037,-9.3994,80.5054,-286.3159,0.3181,,
DATA,A004,4,647,962622,-0.4518,0.0416,0.3548,13.0005,56.0303,-270.3857,0.5760,,
DATA,A004,4,648,962632,-0.5865,0.1834,0.4193,22.3389,25.9399,-265.3198,0.7440,,
DATA,A004,4,649,962642,-0.7391,0.3924,0.4913,15.4419,-35.8276,-257.5684,0.9704,,
DATA,A004,4,650,962652,-0.7997,0.5037,0.4173,-2.1362,-78.3081,-256.8359,1.0331,,
DATA,A004,4,651,962662,-0.8024,0.5345,0.2709,-35.0342,-143.4326,-254.6997,1.0014,,
DATA,A004,4,652,962672,-0.7836,0.4996,0.2306,-51.7578,-181.3965,-252.3193,0.9574,,
DATA,A004,4,653,962682,-0.7088,0.4778,0.2389,-62.5610,-214.5996,-255.7983,0.8876,,
DATA,A004,4,654,962692,-0.6295,0.4913,0.2633,-67.3828,-221.4355,-258.3008,0.8408,,
DATA,A004,4,655,962702,-0.5067,0.5135,0.3165,-75.7446,-216.3086,-258.1787,0.7878,,
DATA,A004,4,656,962712,-0.4767,0.5025,0.2325,-81.4209,-209.4727,-255.1270,0.7306,,
DATA,A004,4,657,962722,-0.3868,0.4991,0.2472,-84.1675,-165.2832,-257.8125,0.6781,,
DATA,A004,4,658,962732,0.2186,0.5140,0.8417,-74.4019,-9.0942,-281.4331,1.0101,,
DATA,A004,4,659,962742,0.1466,0.4962,1.1673,-87.8296,58.3496,-255.7983,1.2769,,
DATA,A004,4,660,962752,-0.3409,0.3106,1.0917,-110.2905,125.6714,-238.8306,1.1851,,
DATA,A004,4,661,962762,-0.6542,0.2049,1.1486,-101.6235,118.8965,-228.8818,1.3376,,
DATA,A004,4,662,962772,-1.2113,0.2388,0.8922,-84.5947,29.5410,-199.0967,1.5232,,
DATA,A004,4,663,962782,-1.3976,0.2322,0.7223,-84.7168,-43.6401,-185.8521,1.5902,,
DATA,A004,4,664,962792,-1.4271,0.1800,0.4752,-81.6650,-159.2407,-173.4619,1.5149,,
DATA,A004,4,665,962802,-1.3197,0.1287,0.3868,-73.9136,-231.4453,-160.4614,1.3812,,
DATA,A004,4,666,962812,-1.0936,0.0919,0.4674,-52.9175,-287.5366,-146.6064,1.1928,,
DATA,A004,4,667,962822,-0.9288,0.0899,0.5426,-38.2080,-286.6821,-143.7988,1.0794,,
DATA,A004,4,668,962832,-0.7482,0.0831,0.5524,-15.3809,-247.9248,-140.0757,0.9337,,
DATA,A004,4,669,962842,-0.5765,0.0030,0.5304,2.0752,-203.5522,-145.1416,0.7834,,
DATA,A004,4,670,962852,-0.5648,-0.1457,0.7181,23.9258,-151.0620,-150.3906,0.9252,,
DATA,A004,4,671,962862,-0.4652,-0.2675,0.8461,38.8184,-113.0371,-157.1045,1.0019,,
DATA,A004,4,672,962872,-0.4852,-0.3813,1.0917,61.0352,-88.6841,-151.0010,1.2540,,
DATA,A004,4,673,962882,-0.6005,-0.3718,1.2518,70.9839,-76.7822,-145.8130,1.4373,,
DATA,A004,4,674,962892,-0.7220,-0.3491,1.3683,74.0967,-69.2749,-142.5781,1.5860,,
DATA,A004,4,675,962902,-0.7247,-0.3644,1.3851,68.0542,-71.0449,-137.0239,1.6052,,
DATA,A004,4,676,962912,-0.6639,-0.4313,1.3182,56.3965,-82.1533,-121.2769,1.5377,,
DATA,A004,4,677,962922,-0.6134,-0.4660,1.2565,53.7720,-86.6699,-108.0933,1.4738,,
DATA,A004,4,678,962932,-0.5067,-0.4494,1.0970,54.4434,-86.9141,-83.0688,1.2893,,
DATA,A004,4,679,962942,-0.4527,-0.4760,1.0829,54.0161,-90.6982,-59.4482,1.2666,,
DATA,A004,4,680,962952,-0.4601,-0.5314,1.2428,62.4390,-115.4785,-13.0005,1.4278,,
DATA,A004,4,681,962962,-0.5423,-0.4858,1.4518,78.7354,-144.4702,30.2734,1.6241,,
DATA,A004,4,682,962972,-0.7084,-0.1752,2.0152,123.2300,-167.4194,87.4023,2.1433,,
DATA,A004,4,683,962982,-0.7731,0.1421,2.4520,152.8320,-150.6348,108.7646,2.5749,,
DATA,A004,4,684,962992,-0.6681,0.6761,2.9567,182.6172,-72.3877,112.6709,3.1057,,
DATA,A004,4,685,963002,-0.5052,0.9803,3.0985,180.7861,3.9062,96.5576,3.2889,,
DATA,A004,4,686,963012,-0.4850,0.8338,2.7728,120.9106,105.1636,81.5430,2.9358,,
DATA,A004,4,687,963022,-0.8602,0.2801,2.3202,61.3403,115.4175,99.8535,2.4903,,
DATA,A004,4,688,963032,-1.5909,-0.7497,1.8190,4.6997,12.6953,139.9536,2.5302,,
DATA,A004,4,689,963042,-1.5348,-1.0991,1.6815,21.0571,-101.0132,139.2822,2.5280,,
DATA,A004,4,690,963052,-0.9935,-0.9455,1.5121,79.0405,-171.4478,117.7368,2.0414,,
DATA,A004,4,691,963062,-0.3902,-0.1147,1.4357,158.4473,-88.5620,126.2817,1.4922,,
DATA,A004,4,692,963072,-0.3224,0.4080,1.3009,168.2129,67.5049,120.0562,1.4010,,
DATA,A004,4,693,963082,-0.7179,0.4420,0.9132,109.8633,294.0674,69.0918,1.2428,,
DATA,A004,4,694,963092,-1.2086,0.1207,0.7443,66.9556,359.3140,55.7251,1.4245,,
DATA,A004,4,695,963102,-1.9825,-0.2109,0.7201,85.6934,300.8423,83.5571,2.1198,,
DATA,A004,4,696,963112,-2.1993,-0.0712,0.9327,133.1787,158.9966,109.6802,2.3900,,
DATA,A004,4,697,963122,-1.9696,0.3670,1.1149,142.4561,-76.5381,140.1367,2.2928,,
DATA,A004,4,698,963132,-1.6263,0.4581,1.2042,103.6377,-196.8994,141.1743,2.0748,,
DATA,A004,4,699,963142,-1.1603,0.4171,1.3329,57.6172,-261.1694,118.4692,1.8157,,
DATA,A004,4,700,963152,-0.8390,0.3702,1.1444,47.3022,-252.7466,102.7222,1.4665,,
DATA,A004,4,701,963162,-0.1163,0.3880,1.0069,48.4619,-178.8330,83.2520,1.0854,,
DATA,A004,4,702,963172,0.4245,0.4720,1.1398,48.9502,-95.0317,69.3970,1.3046,,
DATA,A004,4,703,963182,0.7406,0.6363,1.3458,33.8135,57.3120,74.2188,1.6627,,
DATA,A004,4,704,963192,0.4350,0.6453,1.1893,10.0098,165.8325,69.1528,1.4213,,
DATA,A004,4,705,963202,-0.4513,0.4168,0.9103,-25.7568,257.6294,46.5698,1.0982,,
DATA,A004,4,706,963212,-1.0245,0.2034,0.7865,-33.4473,256.6528,38.6353,1.3075,,
DATA,A004,4,707,963222,-1.5580,0.0157,0.8683,-14.8926,165.0391,42.1143,1.7837,,
DATA,A004,4,708,963232,-1.6053,0.0189,0.9069,0.8545,55.6030,48.4619,1.8439,,
DATA,A004,4,709,963242,-1.2516,0.0843,0.7728,8.6060,-135.1929,57.3120,1.4734,,
DATA,A004,4,710,963252,-0.8697,0.0855,0.6937,12.0239,-239.7461,66.1011,1.1158,,
DATA,A004,4,711,963262,-0.4803,0.0762,0.6832,23.5596,-331.1768,74.6460,0.8386,,
DATA,A004,4,712,963272,-0.3649,0.0513,0.7418,32.3486,-340.3320,69.5190,0.8283,,
DATA,A004,4,713,963282,-0.1996,0.0123,0.9466,49.6216,-279.6631,39.7339,0.9675,,
DATA,A004,4,714,963292,-0.1046,0.0125,1.1007,59.3872,-201.4771,15.5029,1.1057,,
DATA,A004,4,715,963302,-0.0099,0.0753,1.3021,72.4487,-60.1807,-22.5220,1.3043,,
DATA,A004,4,716,963312,-0.0118,0.1817,1.3832,79.1626,17.5171,-46.8140,1.3951,,
DATA,A004,4,717,963322,-0.1273,0.3970,1.2504,82.8247,84.6558,-79.7119,1.3180,,
DATA,A004,4,718,963332,-0.1483,0.4844,1.0936,80.5664,90.5762,-99.0601,1.2053,,
DATA,A004,4,719,963342,-0.1031,0.4549,1.0582,60.7300,62.3779,-117.3096,1.1565,,
DATA,A004,4,720,963352,-0.0751,0.4129,1.1009,42.6636,38.6353,-126.9531,1.1782,,
DATA,A004,4,721,963362,0.0272,0.3123,0.9488,15.3809,29.9072,-144.8364,0.9993,,
DATA,A004,4,722,963372,0.0795,0.2261,0.7418,5.3711,37.6587,-147.0947,0.7796,,
DATA,A004,4,723,963382,0.1078,0.1641,0.5912,16.0522,56.0913,-136.5356,0.6229,,
DATA,A004,4,724,963392,0.0990,0.2242,0.6232,30.5786,65.5518,-125.5493,0.6696,,
DATA,A004,4,725,963402,0.0570,0.3482,0.8194,42.1753,66.3452,-111.3892,0.8922,,
DATA,A004,4,726,963412,-0.0223,0.3609,0.9098,36.7432,56.3965,-105.9570,0.9790,,
DATA,A004,4,727,963422,-0.0570,0.3116,0.9518,27.8320,41.6260,-100.7690,1.0031,,
DATA,A004,4,728,963432,-0.0094,0.1888,1.0218,20.9961,11.4136,-94.2383,1.0392,,
DATA,A004,4,729,963442,0.0849,0.0999,1.0550,14.9536,0.3662,-90.4541,1.0632,,
DATA,A004,4,730,963452,0.2611,-0.0141,0.9777,-2.3804,7.2021,-87.9517,1.0120,,
DATA,A004,4,731,963462,0.2904,-0.0605,0.9044,-5.8594,22.9492,-94.8486,0.9518,,
DATA,A004,4,732,963472,0.1708,-0.1035,0.8622,-0.6714,52.2461,-106.9336,0.8850,,
DATA,A004,4,733,963482,0.0490,-0.1135,0.8507,0.0610,62.3779,-112.0605,0.8596,,
DATA,A004,4,734,963492,-0.0426,-0.0368,0.7621,2.6245,51.2695,-116.9434,0.7642,,
DATA,A004,4,735,963502,-0.0040,0.0176,0.7030,2.5635,25.5737,-114.1968,0.7032,,
DATA,A004,4,736,963512,0.1049,0.0677,0.6149,-1.3428,-20.0195,-110.7788,0.6274,,
DATA,A004,4,737,963522,0.1801,0.0992,0.6090,-3.4180,-39.6729,-109.5581,0.6428,,
DATA,A004,4,738,963532,0.2001,0.1153,0.6095,-16.4795,-42.0532,-108.3374,0.6518,,
DATA,A004,4,739,963542,0.1696,0.1077,0.6180,-25.1465,-30.3345,-108.8867,0.6499,,
DATA,A004,4,740,963552,0.1154,0.0877,0.6261,-32.8979,-13.1836,-107.7271,0.6426,,
DATA,A004,4,741,963562,0.0941,0.0775,0.6341,-36.0718,-10.0098,-104.6143,0.6458,,
DATA,A004,4,742,963572,0.0065,0.0818,0.6600,-40.4663,-18.9819,-96.3745,0.6651,,
DATA,A004,4,743,963582,-0.0841,0.1212,0.6600,-41.9312,-26.7334,-95.9473,0.6763,,
DATA,A004,4,744,963592,-0.1796,0.1641,0.6759,-43.0298,-31.6162,-101.3794,0.7183,,
DATA,A004,4,745,963602,-0.2113,0.1754,0.6930,-45.5933,-32.5317,-103.1494,0.7454,,
DATA,A004,4,746,963612,-0.2189,0.1597,0.7736,-48.8892,-30.8228,-101.4404,0.8196,,
DATA,A004,4,747,963622,-0.1979,0.1666,0.8580,-50.1709,-28.1982,-98.9380,0.8962,,
DATA,A004,4,748,963632,-0.0372,0.1949,0.8646,-57.9834,-33.4473,-90.0269,0.8871,,
DATA,A004,4,749,963642,0.1161,0.2122,0.8612,-64.0259,-41.1377,-78.2471,0.8945,,
DATA,A004,4,750,963652,0.3080,0.2713,0.7530,-69.8853,-43.8843,-59.6313,0.8576,,
DATA,A004,4,751,963662,0.3810,0.2928,0.5870,-74.7070,-43.4570,-53.5889,0.7586,,
DATA,A004,4,752,963672,0.0841,0.1429,0.5245,-40.4053,-72.6929,-72.8760,0.5501,,
DATA,A004,4,753,963682,0.2379,0.1177,0.7657,-55.8472,-106.9946,-55.9082,0.8104,,
DATA,A004,4,754,963692,0.2240,0.0796,0.5875,-79.1016,-94.1162,-13.6719,0.6338,,
DATA,A004,4,755,963702,-0.0677,0.0374,0.8292,-77.2095,-41.5039,-30.8838,0.8328,,
DATA,A004,4,756,963712,-0.5907,-0.0866,0.8395,-63.1714,-29.2969,-75.0122,1.0301,,
DATA,A004,4,757,963722,-0.7953,-0.1074,0.9608,-47.0581,-62.2559,-81.5430,1.2519,,
DATA,A004,4,758,963732,-0.7643,-0.1000,0.9469,-40.5273,-111.8164,-74.9512,1.2209,,
DATA,A004,4,759,963742,-0.3863,-0.0427,0.9669,-40.8325,-163.0249,-39.9170,1.0421,,
DATA,A004,4,760,963752,-0.1214,-0.0605,0.9567,-42.5415,-149.6582,-24.4751,0.9662,,
DATA,A004,4,761,963762,0.1613,-0.1071,0.9352,-28.9917,-88.5620,-20.9961,0.9550,,
DATA,A004,4,762,963772,0.0988,0.0101,0.9139,-6.5308,-5.3711,-26.6724,0.9193,,
DATA,A004,4,763,963782,-0.0211,0.1509,0.9061,-1.5259,38.4521,-29.7852,0.9188,,
DATA,A004,4,764,963792,-0.4090,0.2869,0.9235,-15.2588,58.4717,-42.5415,1.0500,,
DATA,A004,4,765,963802,-0.3920,0.1378,0.8773,-48.7671,23.8037,-79.6509,0.9707,,
DATA,A004,4,766,963812,-0.1883,0.0120,0.8219,-47.4243,-11.3525,-64.2090,0.8433,,
DATA,A004,4,767,963822,-0.0575,0.1976,0.8978,-34.6069,-27.6489,-59.0820,0.9211,,
DATA,A004,4,768,963832,0.2169,0.2811,0.8343,-55.2979,-18.9819,-75.6836,0.9067,,
DATA,A004,4,769,963842,0.1898,0.1016,0.7377,-80.6885,27.6489,-41.6870,0.7684,,
DATA,A004,4,770,963852,0.0216,-0.8249,0.8712,-19.7754,45.1050,-41.9312,1.2000,,
DATA,A004,4,771,963862,0.0429,-0.1555,0.9000,-27.5879,34.3018,-64.9414,0.9143,,
DATA,A004,4,772,963872,0.0653,-0.1118,0.9049,-24.4141,15.9912,-50.1099,0.9141,,
DATA,A004,4,773,963882,0.0704,-0.2241,0.8788,-14.6484,-5.4321,-31.9214,0.9096,,
DATA,A004,4,774,963892,0.1022,-0.0996,0.9523,10.1318,-6.3477,-22.3389,0.9629,,
DATA,A004,4,775,963902,0.0551,-0.1884,0.9618,41.7480,-0.6104,-20.0806,0.9816,,
DATA,A004,4,776,963912,0.0551,-0.1633,0.9857,55.6030,10.2539,-10.6812,1.0007,,
DATA,A004,4,777,963922,-0.0699,-0.1108,1.0470,56.2134,32.1045,0.8545,1.0552,,
DATA,A004,4,778,963932,-0.1710,-0.0937,1.0616,39.6118,27.4048,0.4883,1.0794,,
DATA,A004,4,779,963942,-0.2694,-0.1083,1.0648,28.9917,-0.1831,-3.0518,1.1037,,
DATA,A004,4,780,963952,-0.2511,-0.0312,1.0660,31.7993,-22.8271,-6.4697,1.0956,,
DATA,A004,4,781,963962,-0.1212,-0.0424,1.0204,30.0293,-48.2178,-6.4697,1.0284,,
DATA,A004,4,782,963972,-0.0594,-0.0820,1.0060,32.2266,-50.2319,-6.0425,1.0111,,
DATA,A004,4,783,963982,-0.0785,0.0281,0.9769,13.4277,-61.6455,-18.6768,0.9805,,
DATA,A004,4,784,963992,0.0407,-0.0676,0.9347,6.8359,-58.2275,-13.8550,0.9380,,
DATA,A004,4,785,964002,0.1044,-0.0388,0.8885,17.8223,-35.7056,-2.6245,0.8955,,
DATA,A004,4,786,964012,0.1439,-0.1164,0.8370,23.6816,-18.0664,-7.5073,0.8573,,
DATA,A004,4,787,964022,0.1117,-0.0121,0.8302,31.3721,1.7700,-13.6108,0.8378,,
DATA,A004,4,788,964032,0.2706,-0.1340,0.8634,41.1987,19.9585,-12.0850,0.9147,,
DATA,A004,4,789,964042,0.0687,0.0035,0.9335,26.7334,36.6821,-17.9443,0.9360,,
DATA,A004,4,790,964052,0.0253,0.0049,1.0077,19.3481,40.0391,-26.4282,1.0080,,
DATA,A004,4,791,964062,0.0092,-0.0104,1.0563,20.2026,44.7998,-17.3340,1.0564,,
DATA,A004,4,792,964072,-0.0878,-0.0388,1.0987,23.4985,45.2271,-7.8125,1.1029,,
DATA,A004,4,793,964082,-0.1134,-0.0378,1.1319,27.1606,38.0249,-0.8545,1.1382,,
DATA,A004,4,794,964092,-0.1424,-0.0827,1.1517,36.6211,14.6484,4.9438,1.1634,,
DATA,A004,4,795,964102,-0.1774,-0.0839,1.1092,43.7012,-12.8784,-0.3662,1.1265,,
DATA,A004,4,796,964112,-0.1532,-0.0605,1.0516,49.4995,-51.2085,-10.9863,1.0644,,
DATA,A004,4,797,964122,-0.0296,-0.0974,1.0319,46.2036,-64.3311,-10.6812,1.0369,,
DATA,A004,4,798,964132,0.0421,-0.0624,0.9454,46.3257,-71.2280,-2.6245,0.9484,,
DATA,A004,4,799,964142,0.0863,-0.0244,0.9051,45.1050,-70.8618,-4.2114,0.9096,,
DATA,A004,4,800,964152,0.1947,-0.0510,0.9017,44.3726,-65.2466,-3.2959,0.9239,,
DATA,A004,4,801,964162,0.2540,-0.0688,0.9010,43.2739,-51.6357,-3.5400,0.9386,,
DATA,A004,4,802,964172,0.2606,-0.0458,0.9061,35.5225,-25.4517,-6.5308,0.9440,,
DATA,A004,4,803,964182,0.2155,-0.0331,0.9549,28.9307,-11.2915,-6.4087,0.9795,,
DATA,A004,4,804,964192,0.0971,0.0464,1.0543,22.7661,-1.8311,-9.2163,1.0598,,
DATA,A004,4,805,964202,0.0797,0.0386,1.1166,18.0054,1.5259,-12.6343,1.1201,,
DATA,A004,4,806,964212,0.0665,0.0316,1.1315,10.1929,6.4087,-15.8691,1.1339,,
DATA,A004,4,807,964222,0.0653,0.0181,1.1200,6.0425,4.0894,-17.8223,1.1220,,
DATA,A004,4,808,964232,0.1203,0.0040,1.0795,1.4648,0.7324,-19.0430,1.0861,,
DATA,A004,4,809,964242,0.1478,-0.0148,1.0465,-1.2817,0.1221,-21.4233,1.0570,,
DATA,A004,4,810,964252,0.1864,-0.0021,0.9884,-1.5259,-0.0610,-22.2168,1.0058,,
DATA,A004,4,811,964262,0.1669,0.0030,0.9457,0.9155,0.3052,-21.9727,0.9603,,
DATA,A004,4,812,964272,0.1793,0.0213,0.9547,3.1738,3.7842,-25.1465,0.9716,,
DATA,A004,4,813,964282,0.1813,0.0254,0.9440,3.9062,8.2397,-22.5830,0.9615,,
DATA,A004,4,814,964292,0.1600,0.0142,0.9435,5.0659,15.5029,-16.0522,0.9571,,
DATA,A004,4,815,964302,0.1630,0.0237,0.9510,5.7983,19.5312,-13.9160,0.9652,,
DATA,A004,4,816,964312,0.0834,0.0108,0.9857,10.7422,19.7144,-11.2305,0.9893,,
DATA,A004,4,817,964322,0.0487,0.0257,1.0067,13.9771,15.6250,-12.1460,1.0082,,
DATA,A004,4,818,964332,0.0526,0.0557,1.0287,18.1274,8.3618,-11.2915,1.0315,,
DATA,A004,4,819,964342,0.0802,0.0784,1.0152,18.6157,6.7139,-10.4370,1.0214,,
DATA,A004,4,820,964352,0.1649,0.0567,1.0128,16.1133,11.8408,-7.8735,1.0277,,
DATA,A004,4,821,964362,0.1906,0.0555,1.0023,13.8550,19.4092,-6.2256,1.0218,,
DATA,A004,4,822,964372,0.1425,0.0613,1.0084,10.4370,29.1138,-5.1270,1.0203,,
DATA,A004,4,823,964382,0.1444,0.0652,1.0174,10.3760,31.3721,-4.2725,1.0297,,
DATA,A004,4,824,964392,0.1232,0.0533,1.0199,9.8267,32.8369,-2.0752,1.0287,,
DATA,A004,4,825,964402,0.1105,0.0491,1.0148,10.8032,30.5786,-1.1597,1.0219,,
DATA,A004,4,826,964412,0.1193,0.0421,1.0184,11.4746,26.5503,-3.1738,1.0262,,
DATA,A004,4,827,964422,0.1198,0.0667,1.0148,11.2915,23.9258,-6.1646,1.0240,,
DATA,A004,4,828,964432,0.1579,0.0962,1.0409,7.9956,24.3530,-6.9580,1.0572,,
DATA,A004,4,829,964442,0.1083,0.0606,1.0887,3.8452,24.9023,-6.6528,1.0958,,
DATA,A004,4,830,964452,0.0968,0.0760,1.0914,3.2959,19.7754,-6.8970,1.0983,,
DATA,A004,4,831,964462,0.1005,0.0477,1.0648,2.8687,14.0991,-6.1035,1.0706,,
DATA,A004,4,832,964472,0.1120,0.0428,1.0292,4.6387,9.7046,-4.8828,1.0361,,
DATA,A004,4,833,964482,0.1088,0.0594,0.9835,6.1646,8.7891,-7.3242,0.9913,,
DATA,A004,4,834,964492,0.0968,0.0550,0.9650,7.8735,11.9019,-6.8970,0.9714,,
DATA,A004,4,835,964502,0.0673,0.0533,0.9706,8.7891,18.0664,-5.0659,0.9744,,
DATA,A004,4,836,964512,0.0783,0.0665,0.9886,9.0942,20.0195,-4.5166,0.9940,,
DATA,A004,4,837,964522,0.0685,0.0416,1.0297,8.1177,24.7192,-3.6621,1.0328,,
DATA,A004,4,838,964532,0.0419,0.0394,1.0128,9.8877,23.8647,-4.1504,1.0144,,
DATA,A004,4,839,964542,0.0397,0.0601,0.9986,10.9863,19.8364,-6.9580,1.0012,,
DATA,A004,4,840,964552,0.0160,0.0562,0.9840,11.9629,15.6860,-9.5215,0.9857,,
DATA,A004,4,841,964562,0.0856,0.0421,1.0016,14.0381,8.6670,-11.7188,1.0061,,
DATA,A004,4,842,964572,0.1107,0.0462,1.0174,13.0005,9.7656,-13.3667,1.0245,,
DATA,A004,4,843,964582,0.1420,0.0567,1.0284,10.3149,15.9912,-14.4653,1.0397,,
DATA,A004,4,844,964592,0.1334,0.0579,1.0277,7.6294,20.0195,-15.1978,1.0379,,
DATA,A004,4,845,964602,0.0951,0.0606,0.9845,7.0801,19.7754,-16.7236,0.9909,,
DATA,A004,4,846,964612,0.0797,0.0525,0.9855,7.9956,16.1133,-17.9443,0.9901,,
DATA,A004,4,847,964622,0.0653,0.0479,1.0043,9.2163,13.6108,-18.0664,1.0075,,
DATA,A004,4,848,964632,0.1000,0.1732,0.9635,11.1084,6.9580,-18.9819,0.9840,,
DATA,A004,4,849,964642,0.0809,0.0870,1.0482,5.4932,19.9585,-18.3716,1.0549,,
DATA,A004,4,850,964652,0.0729,0.0833,1.0353,3.9673,23.0103,-17.0898,1.0412,,
DATA,A004,4,851,964662,0.1063,0.0706,0.9935,3.1738,28.3203,-13.4277,1.0017,,
DATA,A004,4,852,964672,0.0792,0.0401,0.9820,2.8076,33.4473,-12.7563,0.9861,,
DATA,A004,4,853,964682,0.0656,0.0555,0.9791,5.1880,35.0342,-15.6250,0.9829,,
DATA,A004,4,854,964692,0.0785,0.0667,0.9884,5.7373,38.5132,-14.8315,0.9937,,
DATA,A004,4,855,964702,0.0595,0.0648,1.0321,4.6997,45.8984,-10.6812,1.0358,,
DATA,A004,4,856,964712,0.0961,0.0875,1.0626,2.5635,49.3164,-7.3853,1.0705,,
DATA,A004,4,857,964722,0.0529,0.1028,1.0990,-1.4038,53.4058,-3.4790,1.1051,,
DATA,A004,4,858,964732,0.0263,0.1285,1.0946,-4.7607,49.3164,-0.9766,1.1024,,
DATA,A004,4,859,964742,-0.0836,0.1338,1.0568,-7.1411,35.4004,2.8076,1.0685,,
EVENT,A004,4,,964744,,,,,,,,STOP,859
EVENT,A004,5,,968143,,,,,,,,START,
DATA,A004,5,1,968166,0.2084,0.3184,0.9620,10.7422,15.7471,-15.0757,1.0346,,
DATA,A004,5,2,968176,0.2377,0.2740,0.9535,6.9580,16.1133,-12.5122,1.0201,,
DATA,A004,5,3,968186,0.2933,0.2811,0.9393,3.4180,16.4795,-9.3384,1.0234,,
DATA,A004,5,4,968196,0.3200,0.2808,0.9398,-0.0610,15.6860,-4.0894,1.0317,,
DATA,A004,5,5,968206,0.3478,0.2984,0.9300,-1.5259,17.6392,1.4648,1.0368,,
DATA,A004,5,6,968216,0.3143,0.2266,0.9217,5.1880,30.0293,11.1694,0.9999,,
DATA,A004,5,7,968226,0.2631,0.2303,0.9371,24.0479,30.0903,17.6392,1.0002,,
DATA,A004,5,8,968236,0.2103,0.2000,0.9513,32.6538,30.2124,18.2495,0.9946,,
DATA,A004,5,9,968246,0.1994,0.2557,0.9247,37.6587,24.7803,13.0005,0.9799,,
DATA,A004,5,10,968256,0.3461,0.3714,0.9567,42.2974,19.4702,9.3994,1.0830,,
DATA,A004,5,11,968266,0.2904,0.3296,0.9083,45.1050,25.0244,10.2539,1.0090,,
DATA,A004,5,12,968276,0.3341,0.3760,0.8907,47.9126,36.8042,17.3950,1.0230,,
DATA,A004,5,13,968286,0.3717,0.4493,0.8844,43.5791,49.3164,25.0244,1.0593,,
DATA,A004,5,14,968296,0.3266,0.4278,0.8461,30.2124,59.7534,32.7148,1.0027,,
DATA,A004,5,15,968306,0.2721,0.4056,0.8407,25.9399,59.8145,36.3159,0.9723,,
DATA,A004,5,16,968316,0.2660,0.3868,0.8353,25.5737,51.9409,40.2222,0.9582,,
DATA,A004,5,17,968326,0.3341,0.3177,0.7736,27.5269,39.6729,29.6631,0.9005,,
DATA,A004,5,18,968336,0.3266,0.3980,0.7858,27.5269,31.3721,42.7856,0.9394,,
DATA,A004,5,19,968346,0.3373,0.3438,0.7526,20.8740,29.9072,45.5322,0.8935,,
DATA,A004,5,20,968356,0.4650,0.5506,0.6498,30.2734,26.7334,48.9502,0.9703,,
DATA,A004,5,21,968366,0.7328,0.8531,0.1998,33.7524,25.0854,71.9604,1.1422,,
DATA,A004,5,22,968376,0.7716,0.3096,0.5961,94.8486,97.4731,121.5210,1.0230,,
DATA,A004,5,23,968386,0.5910,0.3687,0.6476,63.8428,137.6343,101.9897,0.9511,,
DATA,A004,5,24,968396,0.4227,0.2945,0.5511,21.8506,165.0391,86.3647,0.7544,,
DATA,A004,5,25,968406,0.2872,0.2493,0.4882,16.1743,159.6069,98.3887,0.6188,,
DATA,A004,5,26,968416,0.1967,0.3179,0.4364,43.5181,141.3574,119.6899,0.5746,,
DATA,A004,5,27,968426,0.1640,0.3856,0.4303,58.5938,126.4038,128.2959,0.6006,,
DATA,A004,5,28,968436,0.1788,0.4173,0.4481,60.3638,115.6006,133.6060,0.6379,,
DATA,A004,5,29,968446,0.1903,0.3882,0.4613,62.0728,117.1875,137.2681,0.6323,,
DATA,A004,5,30,968456,0.1881,0.3226,0.4801,78.0640,136.4746,146.4844,0.6082,,
DATA,A004,5,31,968466,0.1554,0.3072,0.5402,97.7173,156.1279,154.7852,0.6405,,
DATA,A004,5,32,968476,0.0983,0.3831,0.6908,124.9390,194.7632,166.6870,0.7960,,
DATA,A004,5,33,968486,0.0387,0.5057,0.8038,137.8174,224.9756,173.8892,0.9504,,
DATA,A004,5,34,968496,-0.1283,0.7139,0.9271,145.2637,262.3291,180.2979,1.1772,,
DATA,A004,5,35,968506,-0.2547,0.8455,0.9823,142.7002,281.2500,184.5703,1.3209,,
DATA,A004,5,36,968516,-0.3854,0.9454,0.9921,125.7324,287.7808,183.9600,1.4235,,
DATA,A004,5,37,968526,-0.4698,0.9449,0.9752,112.6709,286.2549,176.0864,1.4369,,
DATA,A004,5,38,968536,-0.5482,0.8985,0.9266,99.1211,290.2222,164.7339,1.4023,,
DATA,A004,5,39,968546,-0.7064,0.7523,0.7579,81.5430,298.0347,144.0430,1.2804,,
DATA,A004,5,40,968556,-0.8683,0.6263,0.6166,73.4863,302.8564,127.1362,1.2354,,
DATA,A004,5,41,968566,-1.0182,0.3765,0.4725,64.3921,305.9692,100.4639,1.1839,,
DATA,A004,5,42,968576,-1.0404,0.1951,0.4186,60.3027,300.2319,81.4209,1.1383,,
DATA,A004,5,43,968586,-1.0878,-0.0580,0.3927,53.5278,283.8135,50.1709,1.1579,,
DATA,A004,5,44,968596,-1.1349,-0.1826,0.4415,53.6499,268.1885,31.1890,1.2313,,
DATA,A004,5,45,968606,-1.0948,-0.2487,0.4708,49.4995,228.6987,9.5215,1.2175,,
DATA,A004,5,46,968616,-0.9527,-0.2189,0.4574,49.3164,201.7822,-1.8921,1.0793,,
DATA,A004,5,47,968626,-0.6695,-0.1257,0.3680,43.7622,186.2793,-14.3433,0.7743,,
DATA,A004,5,48,968636,-0.4823,-0.0629,0.3380,37.9639,201.5381,-23.3154,0.5923,,
DATA,A004,5,49,968646,-0.2171,-0.0117,0.3646,31.4941,249.3286,-36.8042,0.4245,,
DATA,A004,5,50,968656,-0.1258,0.0211,0.3536,31.3110,295.9595,-42.1753,0.3759,,
DATA,A004,5,51,968666,-0.1000,0.0567,0.1847,31.7383,378.5400,-56.5186,0.2175,,
DATA,A004,5,52,968676,-0.0992,-0.0058,-0.0521,26.2451,421.9971,-73.2422,0.1122,,
DATA,A004,5,53,968686,-0.1183,-0.3349,-0.1642,20.1416,453.5522,-90.0269,0.3913,,
DATA,A004,5,54,968696,-0.1302,-0.4963,-0.1195,35.4614,450.3174,-89.2944,0.5268,,
DATA,A004,5,55,968706,-0.2408,-0.4201,-0.0485,70.1904,405.6396,-70.1904,0.4867,,
DATA,A004,5,56,968716,-0.4110,-0.2053,0.1649,89.1724,350.8301,-47.3633,0.4881,,
DATA,A004,5,57,968726,-0.6900,0.1956,0.3439,83.9844,239.2578,-14.8315,0.7954,,
DATA,A004,5,58,968736,-0.7701,0.3409,0.2870,61.3403,146.7285,2.0142,0.8897,,
DATA,A004,5,59,968746,-0.6837,0.4163,0.2382,38.8794,17.7612,24.6582,0.8352,,
DATA,A004,5,60,968756,-0.5253,0.4637,0.2833,40.7715,-40.4053,33.6304,0.7558,,
DATA,A004,5,61,968766,-0.2604,0.5455,0.3231,46.0205,-62.1338,37.2314,0.6854,,
DATA,A004,5,62,968776,-0.2115,0.5948,0.3155,46.2646,-45.0439,31.1279,0.7057,,
DATA,A004,5,63,968786,-0.4017,0.7073,0.3854,48.0347,-1.2207,11.7188,0.9001,,
DATA,A004,5,64,968796,-0.6007,0.8326,0.4593,50.4761,24.9634,-6.0425,1.1247,,
DATA,A004,5,65,968806,-0.8187,1.0313,0.5646,48.2788,44.0063,-33.6304,1.4327,,
DATA,A004,5,66,968816,-0.9178,1.1055,0.6171,40.8936,42.4194,-50.2930,1.5638,,
DATA,A004,5,67,968826,-1.0541,1.0767,0.6139,22.4609,21.5454,-68.0542,1.6270,,
DATA,A004,5,68,968836,-1.1031,1.0347,0.6134,10.2539,3.4180,-69.6411,1.6321,,
DATA,A004,5,69,968846,-1.0277,0.9588,0.6036,10.3149,-22.8882,-93.3838,1.5296,,
DATA,A004,5,70,968856,-0.9374,0.9495,0.5797,11.1084,-36.1328,-100.2808,1.4547,,
DATA,A004,5,71,968866,-0.8312,0.8946,0.6363,9.5215,-44.6167,-115.1733,1.3770,,
DATA,A004,5,72,968876,-0.8473,0.8345,0.6571,6.4087,-44.1284,-126.5259,1.3587,,
DATA,A004,5,73,968886,-0.9247,0.7674,0.6815,4.8218,-43.1519,-136.4746,1.3814,,
DATA,A004,5,74,968896,-1.1266,0.7759,0.7377,16.2964,-44.5557,-153.2593,1.5542,,
DATA,A004,5,75,968906,-1.2005,0.8553,0.7555,26.7944,-53.4668,-163.5132,1.6564,,
DATA,A004,5,76,968916,-1.2120,0.9610,0.8275,33.9966,-75.0122,-174.3164,1.7542,,
DATA,A004,5,77,968926,-1.2345,0.9949,0.8529,30.4565,-87.9517,-179.9927,1.8004,,
DATA,A004,5,78,968936,-1.2853,0.9595,0.7958,19.4092,-103.2104,-188.2324,1.7905,,
DATA,A004,5,79,968946,-1.2709,0.8895,0.7716,16.6626,-113.9526,-192.4438,1.7325,,
DATA,A004,5,80,968956,-1.1590,0.7886,0.7467,18.2495,-134.7656,-192.9932,1.5884,,
DATA,A004,5,81,968966,-1.0411,0.7256,0.7855,16.7847,-148.7427,-190.1245,1.4925,,
DATA,A004,5,82,968976,-0.9322,0.6387,0.7648,7.6904,-163.5132,-182.8613,1.3645,,
DATA,A004,5,83,968986,-0.9381,0.5828,0.7010,-0.6714,-166.5649,-176.0254,1.3081,,
DATA,A004,5,84,968996,-1.0045,0.4925,0.6686,-6.5308,-159.2407,-164.8560,1.3033,,
DATA,A004,5,85,969006,-1.0106,0.4644,0.6234,-5.9814,-152.2217,-159.2407,1.2750,,
DATA,A004,5,86,969016,-0.9676,0.3887,0.6510,-4.2114,-150.1465,-145.4468,1.2293,,
DATA,A004,5,87,969026,-0.9454,0.3441,0.7069,-4.0283,-155.3345,-133.0566,1.2296,,
DATA,A004,5,88,969036,-0.9640,0.3104,0.6920,-9.5215,-162.9639,-112.4268,1.2266,,
DATA,A004,5,89,969046,-0.9713,0.2940,0.6971,-15.2588,-168.6401,-101.3184,1.2312,,
DATA,A004,5,90,969056,-1.0279,0.3231,0.6254,-21.9116,-176.8188,-82.1533,1.2458,,
DATA,A004,5,91,969066,-1.0472,0.3699,0.5697,-23.5596,-179.6875,-71.5332,1.2482,,
DATA,A004,5,92,969076,-1.0016,0.4283,0.4759,-27.4048,-179.1992,-62.6831,1.1887,,
DATA,A004,5,93,969086,-0.9444,0.3985,0.4269,-33.3862,-174.8657,-56.2744,1.1104,,
DATA,A004,5,94,969096,-0.8827,0.2850,0.4242,-39.1235,-154.6021,-47.0581,1.0199,,
DATA,A004,5,95,969106,-0.8656,0.2357,0.4620,-34.7290,-131.3477,-42.1753,1.0091,,
DATA,A004,5,96,969116,-0.8727,0.2747,0.5804,-21.1182,-88.8672,-35.8887,1.0835,,
DATA,A004,5,97,969126,-0.8685,0.3741,0.6315,-15.2588,-62.2559,-32.5317,1.1371,,
DATA,A004,5,98,969136,-0.8385,0.4886,0.7059,-23.0713,-28.6255,-25.0854,1.2000,,
DATA,A004,5,99,969146,-0.8168,0.5132,0.7301,-34.4238,-7.3242,-19.4092,1.2098,,
DATA,A004,5,100,969156,-0.8282,0.4891,0.6190,-51.0254,19.4702,-7.0190,1.1438,,
DATA,A004,5,101,969166,-0.8566,0.4493,0.5206,-57.2510,33.8135,3.1738,1.0984,,
DATA,A004,5,102,969176,-0.9051,0.4134,0.4154,-56.3354,51.0254,19.1650,1.0783,,
DATA,A004,5,103,969186,-0.8995,0.4275,0.4510,-52.3682,62.3169,29.9683,1.0933,,
DATA,A004,5,104,969196,-0.8863,0.5154,0.5436,-50.6592,81.6040,56.3354,1.1605,,
DATA,A004,5,105,969206,-0.9149,0.5818,0.5619,-50.6592,96.7407,77.8198,1.2212,,
DATA,A004,5,106,969216,-1.1088,0.6688,0.6639,-35.8276,136.2915,103.5156,1.4551,,
DATA,A004,5,107,969226,-1.2521,0.7503,0.8854,-4.8218,175.5981,107.6660,1.7072,,
DATA,A004,5,108,969236,-1.2867,0.8868,1.2247,45.2271,208.7402,105.2246,1.9854,,
DATA,A004,5,109,969246,-1.3317,1.2527,1.7889,106.9336,221.7407,111.0840,2.5579,,
DATA,A004,5,110,969256,-1.4322,1.3961,1.9635,97.8394,208.6182,118.8965,2.8028,,
DATA,A004,5,111,969266,-1.6737,1.0850,1.9061,27.7100,165.1001,124.6338,2.7589,,
DATA,A004,5,112,969276,-1.7999,0.7234,1.6017,-17.8833,126.5259,128.1738,2.5156,,
DATA,A004,5,113,969286,-1.8304,0.3055,1.0377,-46.9971,38.2690,128.9062,2.1262,,
DATA,A004,5,114,969296,-1.6539,0.2151,0.7338,-38.2080,-15.2588,128.2349,1.8221,,
DATA,A004,5,115,969306,-1.2379,0.3043,0.5438,-1.4648,-38.8184,118.0420,1.3859,,
DATA,A004,5,116,969316,-1.0316,0.4510,0.5267,25.4517,-12.2681,112.3657,1.2430,,
DATA,A004,5,117,969326,-0.9598,0.7015,0.5946,51.9409,72.2656,104.4312,1.3292,,
DATA,A004,5,118,969336,-1.0592,0.8213,0.6271,53.5278,129.2114,98.1445,1.4798,,
DATA,A004,5,119,969346,-1.3446,0.8538,0.6058,37.6587,185.7300,92.6514,1.7041,,
DATA,A004,5,120,969356,-1.4938,0.8201,0.5785,27.5879,197.0215,87.8906,1.7996,,
DATA,A004,5,121,969366,-1.5165,0.7786,0.5609,18.3716,187.1948,76.1108,1.7946,,
DATA,A004,5,122,969376,-1.4515,0.7776,0.5694,11.2305,176.3306,69.0918,1.7424,,
DATA,A004,5,123,969386,-1.3392,0.7847,0.5863,-6.3477,172.3022,59.5093,1.6592,,
DATA,A004,5,124,969396,-1.3085,0.7759,0.5848,-20.3857,170.1660,55.7251,1.6298,,
DATA,A004,5,125,969406,-1.3780,0.7327,0.5377,-40.5884,151.0620,54.9316,1.6508,,
DATA,A004,5,126,969416,-1.4303,0.6944,0.5138,-51.6968,123.9624,55.2979,1.6709,,
DATA,A004,5,127,969426,-1.3253,0.6085,0.4828,-63.2324,77.2705,56.8237,1.5361,,
DATA,A004,5,128,969436,-1.1752,0.5501,0.4386,-67.8101,59.0210,61.0352,1.3697,,
DATA,A004,5,129,969446,-0.9764,0.4625,0.3771,-67.1997,56.5186,63.5376,1.1443,,
DATA,A004,5,130,969456,-0.9003,0.4139,0.3373,-61.0962,67.2607,64.9414,1.0467,,
DATA,A004,5,131,969466,-0.8917,0.3851,0.3163,-50.7812,92.1631,70.2515,1.0215,,
DATA,A004,5,132,969476,-0.9029,0.3824,0.2945,-44.0063,114.7461,70.8008,1.0239,,
DATA,A004,5,133,969486,-0.8922,0.4022,0.2709,-34.3628,148.6206,67.9932,1.0154,,
DATA,A004,5,134,969496,-0.8900,0.4100,0.2430,-30.7617,166.8701,67.8711,1.0096,,
DATA,A004,5,135,969506,-0.9105,0.3834,0.2079,-27.2827,192.6270,68.6035,1.0096,,
DATA,A004,5,136,969516,-0.9269,0.3460,0.1842,-23.7427,207.2144,67.3828,1.0063,,
DATA,A004,5,137,969526,-0.9850,0.2830,0.2025,-13.4888,215.9424,64.3921,1.0446,,
DATA,A004,5,138,969536,-1.0255,0.2650,0.2403,-5.9814,215.3320,62.1338,1.0861,,
DATA,A004,5,139,969546,-1.0582,0.2650,0.2928,0.3662,199.5850,58.4106,1.1295,,
DATA,A004,5,140,969556,-1.0719,0.2679,0.3304,0.9155,180.9692,57.4341,1.1532,,
DATA,A004,5,141,969566,-1.0753,0.2628,0.3732,-3.1738,148.1323,54.4434,1.1681,,
DATA,A004,5,142,969576,-1.0660,0.2479,0.3893,-8.7891,125.2441,51.3306,1.1616,,
DATA,A004,5,143,969586,-1.0226,0.2198,0.3893,-15.4419,95.0317,47.4243,1.1160,,
DATA,A004,5,144,969596,-0.9935,0.2088,0.3807,-16.4795,77.2705,44.9219,1.0843,,
DATA,A004,5,145,969606,-0.9171,0.2015,0.3700,-15.7471,55.4810,43.3350,1.0092,,
DATA,A004,5,146,969616,-0.8702,0.1978,0.3529,-16.7847,42.4805,43.0908,0.9597,,
DATA,A004,5,147,969626,-0.8263,0.1880,0.3229,-18.8599,32.1655,43.0908,0.9068,,
DATA,A004,5,148,969636,-0.7655,0.1439,0.2967,-21.0571,20.9351,40.8325,0.8335,,
DATA,A004,5,149,969646,-0.7372,0.1182,0.2736,-19.1040,15.6250,39.0625,0.7951,,
DATA,A004,5,150,969656,-0.6932,0.0958,0.2325,-13.0615,11.4136,35.4004,0.7374,,
DATA,A004,5,151,969666,-0.6622,0.0836,0.2130,-7.8735,11.5967,31.6772,0.7006,,
DATA,A004,5,152,969676,-0.6175,0.0711,0.1996,2.5635,16.4795,23.0103,0.6529,,
DATA,A004,5,153,969686,-0.5729,0.0777,0.2286,12.4512,21.8506,15.2588,0.6217,,
DATA,A004,5,154,969696,-0.5279,0.1158,0.2650,22.7661,28.6255,3.1738,0.6020,,
DATA,A004,5,155,969706,-0.5065,0.1197,0.2931,29.1748,33.8135,-6.7749,0.5973,,
DATA,A004,5,156,969716,-0.5074,0.1336,0.3754,36.8042,33.9355,-20.1416,0.6452,,
DATA,A004,5,157,969726,-0.5360,0.1546,0.4017,39.0015,25.2686,-28.0762,0.6874,,
DATA,A004,5,158,969736,-0.5548,0.1751,0.4405,37.2925,0.4272,-39.2456,0.7298,,
DATA,A004,5,159,969746,-0.5130,0.1856,0.4840,32.2876,-20.9351,-45.7764,0.7293,,
DATA,A004,5,160,969756,-0.4415,0.1946,0.5035,23.1323,-55.0537,-53.4668,0.6974,,
DATA,A004,5,161,969766,-0.4015,0.1976,0.5272,19.6533,-71.4111,-58.1055,0.6915,,
DATA,A004,5,162,969776,-0.4667,0.2244,0.4715,17.0288,-80.3223,-65.4907,0.7004,,
DATA,A004,5,163,969786,-0.5865,0.2415,0.3859,15.2588,-81.9702,-72.5098,0.7425,,
DATA,A004,5,164,969796,-0.7543,0.2403,0.3065,14.0381,-105.4077,-87.2192,0.8489,,
DATA,A004,5,165,969806,-0.7504,0.2347,0.3177,15.5640,-131.5308,-94.7876,0.8480,,
DATA,A004,5,166,969816,-0.6617,0.2298,0.2233,15.2588,-177.7344,-103.6377,0.7352,,
DATA,A004,5,167,969826,-0.5765,0.2264,0.1923,14.4653,-212.7686,-108.7036,0.6485,,
DATA,A004,5,168,969836,-0.4532,0.2625,0.2311,13.0615,-251.0376,-115.6616,0.5725,,
DATA,A004,5,169,969846,-0.4239,0.2962,0.1903,8.9722,-261.7188,-118.4082,0.5511,,
DATA,A004,5,170,969856,-0.3932,0.2950,0.1551,3.8452,-267.3340,-124.5728,0.5154,,
DATA,A004,5,171,969866,-0.3485,0.2850,0.1612,3.0518,-267.6392,-130.2490,0.4782,,
DATA,A004,5,172,969876,-0.2880,0.2891,0.2284,3.9062,-253.5400,-135.4370,0.4676,,
DATA,A004,5,173,969886,-0.2574,0.2830,0.2225,0.7935,-240.7837,-138.5498,0.4426,,
DATA,A004,5,174,969896,-0.2135,0.2457,0.2233,-2.5024,-213.9282,-141.4795,0.3947,,
DATA,A004,5,175,969906,-0.1998,0.2217,0.2240,-1.9531,-192.6880,-140.6860,0.3732,,
DATA,A004,5,176,969916,-0.2103,0.1937,0.2452,-0.3052,-170.4102,-137.7563,0.3767,,
DATA,A004,5,177,969926,-0.2306,0.1732,0.2999,3.9062,-135.0098,-132.1411,0.4161,,
DATA,A004,5,178,969936,-0.2711,0.1636,0.3080,6.8970,-115.0513,-126.7090,0.4417,,
DATA,A004,5,179,969946,-0.3321,0.1487,0.3173,12.3291,-88.3789,-117.9810,0.4828,,
DATA,A004,5,180,969956,-0.3924,0.1368,0.3444,16.7847,-75.6836,-109.5581,0.5397,,
DATA,A004,5,181,969966,-0.5394,0.1351,0.3656,26.2451,-61.9507,-89.1724,0.6655,,
DATA,A004,5,182,969976,-0.6251,0.1292,0.4288,35.1562,-56.2134,-70.4346,0.7690,,
DATA,A004,5,183,969986,-0.8631,0.1793,0.5926,51.7578,-49.0723,-31.2500,1.0623,,
DATA,A004,5,184,969996,-1.0433,0.3311,0.7484,65.9180,-41.3818,-3.5400,1.3260,,
DATA,A004,5,185,970006,-1.1651,0.6275,0.8138,73.1812,-42.3584,25.4517,1.5536,,
DATA,A004,5,186,970016,-1.1444,0.7474,0.7386,63.1104,-50.7812,36.8652,1.5536,,
DATA,A004,5,187,970026,-0.9911,0.7608,0.6046,40.7104,-57.9224,38.6963,1.3880,,
DATA,A004,5,188,970036,-0.8417,0.7310,0.5292,29.2969,-51.2085,30.7007,1.2340,,
DATA,A004,5,189,970046,-0.6500,0.6087,0.4549,14.8926,-15.6250,13.6719,1.0000,,
DATA,A004,5,190,970056,-0.5826,0.4859,0.4315,8.6670,19.0430,1.9531,0.8728,,
DATA,A004,5,191,970066,-0.5680,0.3204,0.4506,9.4604,67.7490,-12.9395,0.7926,,
DATA,A004,5,192,970076,-0.5856,0.2503,0.4921,15.9302,89.6606,-18.4326,0.8048,,
DATA,A004,5,193,970086,-0.6007,0.2020,0.5260,26.7944,100.7080,-20.5688,0.8236,,
DATA,A004,5,194,970096,-0.5912,0.1966,0.5299,30.4565,92.4683,-19.4702,0.8179,,
DATA,A004,5,195,970106,-0.5870,0.1907,0.4818,26.3062,67.7490,-14.2822,0.7830,,
DATA,A004,5,196,970116,-0.5426,0.1671,0.4291,22.2778,49.1943,-11.5356,0.7116,,
DATA,A004,5,197,970126,-0.4657,0.1270,0.3605,19.1040,20.5688,-6.7749,0.6024,,
DATA,A004,5,198,970136,-0.4562,0.1063,0.3214,18.2495,1.3428,-1.0986,0.5680,,
DATA,A004,5,199,970146,-0.4335,0.0748,0.3099,20.2026,-31.1890,7.9346,0.5381,,
DATA,A004,5,200,970156,-0.3832,0.0728,0.3243,23.4985,-52.9785,15.4419,0.5073,,
DATA,A004,5,201,970166,-0.2992,0.0877,0.3570,25.8179,-69.9463,28.3813,0.4740,,
DATA,A004,5,202,970176,-0.2301,0.1021,0.3185,24.7192,-63.3545,36.1938,0.4059,,
DATA,A004,5,203,970186,-0.1192,0.0718,0.2623,21.1792,-34.5459,42.3584,0.2970,,
DATA,A004,5,204,970196,-0.0240,0.0621,0.2765,17.1509,-5.7373,40.6494,0.2844,,
DATA,A004,5,205,970206,0.0907,0.0311,0.2838,0.1831,42.7856,28.7476,0.2996,,
DATA,A004,5,206,970216,0.1427,-0.0429,0.2445,-16.9678,76.0498,13.6719,0.2863,,
DATA,A004,5,207,970226,0.1574,-0.2275,0.2262,-37.7197,120.4834,-14.5264,0.3573,,
DATA,A004,5,208,970236,0.0995,-0.3090,0.2748,-41.4429,146.9727,-29.9072,0.4253,,
DATA,A004,5,209,970246,-0.1044,-0.2592,0.4156,-33.3862,172.3022,-40.7104,0.5008,,
DATA,A004,5,210,970256,-0.3060,-0.1279,0.5184,-27.7710,169.6167,-40.7715,0.6154,,
DATA,A004,5,211,970266,-0.5050,0.0132,0.6007,-27.1606,149.3530,-39.7949,0.7849,,
DATA,A004,5,212,970276,-0.6171,0.1824,0.7401,-39.3066,92.1631,-43.4570,0.9807,,
DATA,A004,5,213,970286,-0.6114,0.2444,0.7281,-56.2134,51.2695,-46.2036,0.9817,,
DATA,A004,5,214,970296,-0.4833,0.2178,0.6695,-82.7026,5.3101,-56.1523,0.8540,,
DATA,A004,5,215,970306,-0.3666,0.1551,0.6520,-92.1631,-5.9204,-67.6270,0.7639,,
DATA,A004,5,216,970316,-0.2416,0.0484,0.6490,-96.0083,4.6387,-86.8530,0.6942,,
DATA,A004,5,217,970326,-0.2184,-0.0410,0.6610,-94.1772,21.5454,-99.9756,0.6973,,
DATA,A004,5,218,970336,-0.3111,-0.1581,0.6976,-85.2661,46.5088,-116.3940,0.7801,,
DATA,A004,5,219,970346,-0.4115,-0.1752,0.7264,-73.7305,58.2275,-123.7183,0.8531,,
DATA,A004,5,220,970356,-0.5663,-0.1103,0.7001,-56.0913,53.4668,-126.3428,0.9071,,
DATA,A004,5,221,970366,-0.6988,-0.0244,0.7123,-47.8516,31.9824,-120.9106,0.9981,,
DATA,A004,5,222,970376,-0.8424,0.1400,0.7469,-39.5508,-0.3052,-114.5020,1.1345,,
DATA,A004,5,223,970386,-0.8624,0.2532,0.7823,-42.2363,-24.7192,-113.2812,1.1916,,
DATA,A004,5,224,970396,-0.8458,0.3096,0.8470,-58.7769,-57.5562,-109.6191,1.2364,,
DATA,A004,5,225,970406,-0.7945,0.2921,0.8568,-72.5708,-66.2842,-111.5112,1.2045,,
DATA,A004,5,226,970416,-0.7359,0.1927,0.6825,-81.1157,-58.7769,-112.1216,1.0220,,
DATA,A004,5,227,970426,-0.8087,0.1282,0.7259,-73.4863,-40.7104,-106.5674,1.0943,,
DATA,A004,5,228,970436,-1.0355,0.1404,0.6661,-51.2085,-1.5869,-103.2104,1.2392,,
DATA,A004,5,229,970446,-1.2484,0.1832,0.7074,-37.2925,13.3667,-96.8018,1.4465,,
DATA,A004,5,230,970456,-1.4803,0.2840,0.8146,-18.7988,2.6245,-91.5527,1.7133,,
DATA,A004,5,231,970466,-1.4462,0.3589,0.8697,-12.8784,-20.5688,-91.0645,1.7253,,
DATA,A004,5,232,970476,-1.3099,0.3599,0.7716,-17.6392,-51.7578,-91.2476,1.5623,,
DATA,A004,5,233,970486,-1.2181,0.3047,0.7257,-19.1650,-43.5181,-94.5435,1.4503,,
DATA,A004,5,234,970496,-1.2381,0.2459,0.6769,-8.1787,-11.9629,-99.7314,1.4324,,
DATA,A004,5,235,970506,-1.3194,0.2662,0.7120,7.7515,4.3945,-99.1211,1.5227,,
DATA,A004,5,236,970516,-1.4474,0.4715,0.8180,26.6113,-0.8545,-95.7031,1.7281,,
DATA,A004,5,237,970526,-1.5348,0.6790,0.9222,21.5454,-25.6958,-87.2192,1.9150,,
DATA,A004,5,238,970536,-1.4418,0.8177,0.9918,-7.0190,-61.7065,-78.4302,1.9316,,
DATA,A004,5,239,970546,-1.2911,0.7754,0.9215,-24.7803,-79.0405,-72.3267,1.7656,,
DATA,A004,5,240,970556,-0.9889,0.4979,0.6786,-46.5088,-91.9189,-63.2324,1.2985,,
DATA,A004,5,241,970566,-0.7728,0.2625,0.6464,-52.1851,-91.1865,-61.9507,1.0411,,
DATA,A004,5,242,970576,-0.5504,-0.0034,0.6949,-45.9595,-72.7539,-60.4248,0.8865,,
DATA,A004,5,243,970586,-0.4911,-0.1039,0.8749,-34.3018,-58.3496,-59.7534,1.0086,,
DATA,A004,5,244,970596,-0.4698,-0.1743,1.2360,-25.5127,-48.5229,-60.2417,1.3337,,
DATA,A004,5,245,970606,-0.4640,-0.3464,1.8519,-52.9785,-40.4053,-61.6455,1.9403,,
DATA,A004,5,246,970616,-0.5118,-0.5190,2.1315,-85.5103,-16.6626,-65.2466,2.2527,,
DATA,A004,5,247,970626,-0.6190,-0.7831,1.8173,-417.0532,44.0063,14.7705,2.0734,,
DATA,A004,5,248,970636,-1.5411,-1.2690,1.0402,-268.7988,90.1489,-81.8481,2.2511,,
DATA,A004,5,249,970646,-1.7362,-0.3215,0.9757,-25.9399,-19.5312,-89.1113,2.0173,,
DATA,A004,5,250,970656,-1.6354,-0.1147,0.7755,71.2891,-111.8774,-67.0166,1.8136,,
DATA,A004,5,251,970666,-1.0106,-0.5112,0.8951,10.6201,-148.4375,-53.9551,1.4436,,
DATA,A004,5,252,970676,-0.9794,-1.3447,1.2460,-96.4966,-110.1685,-79.0405,2.0784,,
DATA,A004,5,253,970686,-0.7386,-2.1979,1.1249,-84.7168,-76.8433,-136.1084,2.5772,,
DATA,A004,5,254,970696,-0.6412,-2.1806,1.4606,3.0518,-22.6440,-88.6841,2.7017,,
DATA,A004,5,255,970706,-0.7933,-1.3342,1.1910,30.8228,57.4341,-48.1567,1.9565,,
DATA,A004,5,256,970716,-0.9684,-0.9555,1.2416,51.2085,98.7549,-45.4102,1.8418,,
DATA,A004,5,257,970726,-1.1412,-0.7241,1.2892,52.8564,119.9951,-37.2314,1.8678,,
DATA,A004,5,258,970736,-1.1852,-0.7160,1.3365,52.0020,109.1309,-30.8228,1.9245,,
DATA,A004,5,259,970746,-0.9979,-0.7053,1.4650,66.5283,99.4873,-22.5220,1.9077,,
DATA,A004,5,260,970756,-0.8404,-0.6247,1.4840,77.5146,104.9194,-17.0288,1.8163,,
DATA,A004,5,261,970766,-0.7389,-0.5461,1.5292,77.3926,149.1699,-13.0615,1.7840,,
DATA,A004,5,262,970776,-0.8934,-0.5353,1.4227,71.9604,181.0303,-11.0474,1.7632,,
DATA,A004,5,263,970786,-1.4310,-0.6064,1.0504,66.0400,179.6265,-9.7046,1.8759,,
DATA,A004,5,264,970796,-1.7645,-0.5937,0.8771,76.5381,143.1885,-16.4795,2.0580,,
DATA,A004,5,265,970806,-1.9264,-0.3583,0.6080,96.1914,58.8379,-30.9448,2.0516,,
DATA,A004,5,266,970816,-1.7616,-0.1630,0.4559,102.4170,-14.8926,-43.2129,1.8269,,
DATA,A004,5,267,970826,-1.2389,0.0684,0.2963,106.0181,-105.1025,-57.9834,1.2756,,
DATA,A004,5,268,970836,-0.7894,0.1746,0.2333,109.4360,-123.7793,-62.3169,0.8415,,
DATA,A004,5,269,970846,-0.2528,0.2215,0.2765,115.2344,-101.0742,-54.9927,0.4352,,
DATA,A004,5,270,970856,-0.2103,0.2728,0.1527,117.6758,-53.3447,-46.0815,0.3768,,
DATA,A004,5,271,970866,-0.2120,0.2972,0.0152,130.4932,22.6440,-49.6216,0.3654,,
DATA,A004,5,272,970876,-0.1793,0.3616,0.0231,150.8179,64.2700,-41.9312,0.4043,,
DATA,A004,5,273,970886,-0.1832,0.5643,0.0824,174.0723,111.8164,-15.5640,0.5990,,
DATA,A004,5,274,970896,-0.2040,0.6216,0.1371,172.3633,144.3481,3.4180,0.6685,,
DATA,A004,5,275,970906,-0.2994,0.6038,0.3976,161.1938,182.3730,37.1704,0.7825,,
DATA,A004,5,276,970916,-0.4181,0.6148,0.5272,153.6255,198.0591,59.2651,0.9114,,
DATA,A004,5,277,970926,-0.5748,0.6104,0.5597,136.5967,211.9751,86.6089,1.0081,,
DATA,A004,5,278,970936,-0.6217,0.5809,0.5658,125.0610,216.2476,102.6611,1.0218,,
DATA,A004,5,279,970946,-0.6456,0.5628,0.5582,115.8447,220.4590,116.3330,1.0223,,
DATA,A004,5,280,970956,-0.7162,0.5801,0.5057,105.1025,228.8208,130.3711,1.0513,,
DATA,A004,5,281,970966,-0.7482,0.6048,0.4991,97.4731,240.3564,135.8643,1.0838,,
DATA,A004,5,282,970976,-0.7897,0.6324,0.4276,79.0405,250.6714,149.7803,1.0983,,
DATA,A004,5,283,970986,-0.8641,0.6348,0.3712,65.0635,247.1313,165.8325,1.1347,,
DATA,A004,5,284,970996,-1.0145,0.6246,0.3473,51.4526,223.6328,195.0684,1.2409,,
DATA,A004,5,285,971006,-1.1107,0.6358,0.3461,45.8984,195.9229,217.0410,1.3258,,
DATA,A004,5,286,971016,-1.2694,0.6497,0.3417,35.5835,139.5264,246.3989,1.4664,,
DATA,A004,5,287,971026,-1.3270,0.6617,0.3590,29.0527,109.7412,263.1836,1.5257,,
DATA,A004,5,288,971036,-1.2606,0.7105,0.3741,25.6958,82.2144,280.0903,1.4946,,
DATA,A004,5,289,971046,-1.1525,0.7735,0.3573,28.7476,73.2422,291.5039,1.4332,,
DATA,A004,5,290,971056,-0.9076,0.8758,0.3368,33.2031,75.8667,308.3496,1.3054,,
DATA,A004,5,291,971066,-0.7728,0.9415,0.3146,33.0811,84.0454,315.7959,1.2580,,
DATA,A004,5,292,971076,-0.6319,0.9918,0.2738,25.5737,99.6094,327.0264,1.2074,,
DATA,A004,5,293,971086,-0.6044,0.9922,0.2335,19.8364,109.2529,333.8623,1.1850,,
DATA,A004,5,294,971096,-0.6637,0.9793,0.2081,15.3198,118.4692,341.8579,1.2012,,
DATA,A004,5,295,971106,-0.6852,0.9883,0.2352,15.1367,123.3521,341.0645,1.2254,,
DATA,A004,5,296,971116,-0.6888,1.0430,0.2884,13.4277,129.3945,339.0503,1.2828,,
DATA,A004,5,297,971126,-0.6586,1.0777,0.3263,9.3994,135.7422,337.8296,1.3044,,
DATA,A004,5,298,971136,-0.5961,1.0938,0.3382,-2.3804,146.7896,333.9233,1.2908,,
DATA,A004,5,299,971146,-0.5494,1.0731,0.3234,-12.2070,156.4941,330.5664,1.2481,,
DATA,A004,5,300,971156,-0.4706,1.0074,0.2831,-27.4658,171.4478,325.8057,1.1473,,
DATA,A004,5,301,971166,-0.4191,0.9463,0.2445,-36.6211,182.4951,322.3877,1.0635,,
DATA,A004,5,302,971176,-0.3168,0.8616,0.1202,-46.3867,200.2563,317.0166,0.9259,,
DATA,A004,5,303,971186,-0.2574,0.8121,0.0260,-50.2319,208.9844,314.0259,0.8523,,
DATA,A004,5,304,971196,-0.1586,0.7671,-0.1105,-51.0864,224.9146,307.4951,0.7911,,
DATA,A004,5,305,971206,-0.1063,0.7481,-0.2243,-50.7202,232.1167,301.0864,0.7882,,
DATA,A004,5,306,971216,-0.1417,0.7576,-0.2582,-45.0439,243.7744,289.7949,0.8129,,
DATA,A004,5,307,971226,-0.2154,0.8062,-0.2372,-40.0391,259.9487,274.5972,0.8676,,
DATA,A004,5,308,971236,-0.3382,0.8565,-0.2123,-39.9170,298.5229,242.5537,0.9450,,
DATA,A004,5,309,971246,-0.4545,0.8682,-0.1749,-44.5557,325.9888,221.0693,0.9955,,
DATA,A004,5,310,971256,-0.6698,0.8482,-0.1044,-51.5747,361.2671,187.9883,1.0858,,
DATA,A004,5,311,971266,-0.7999,0.8467,-0.0536,-54.1382,368.3472,168.2739,1.1661,,
DATA,A004,5,312,971276,-0.9125,0.8599,0.0150,-57.1289,344.8486,148.9868,1.2539,,
DATA,A004,5,313,971286,-0.9073,0.8775,0.0309,-58.8989,314.2700,142.2729,1.2626,,
DATA,A004,5,314,971296,-0.8077,0.8572,0.0621,-63.0493,268.0054,137.5732,1.1795,,
DATA,A004,5,315,971306,-0.7230,0.8011,0.1158,-67.2607,244.1406,134.7046,1.0853,,
DATA,A004,5,316,971316,-0.6691,0.7198,0.1324,-75.3784,228.0273,130.7983,0.9916,,
DATA,A004,5,317,971326,-0.6402,0.5582,0.1246,-88.0127,215.8203,119.3237,0.8585,,
DATA,A004,5,318,971336,-0.6573,0.4485,0.0936,-91.0645,207.0923,109.3140,0.8013,,
DATA,A004,5,319,971346,-0.6788,0.3174,0.0824,-86.8530,190.0635,92.2852,0.7539,,
DATA,A004,5,320,971356,-0.6649,0.2757,0.0848,-81.1768,179.1992,78.0029,0.7248,,
DATA,A004,5,321,971366,-0.6307,0.2359,0.1061,-74.5239,164.3677,55.1147,0.6817,,
DATA,A004,5,322,971376,-0.6005,0.2066,0.1324,-71.1060,158.8745,40.1611,0.6487,,
DATA,A004,5,323,971386,-0.5856,0.1649,0.1478,-67.1387,154.2358,19.8975,0.6260,,
DATA,A004,5,324,971396,-0.6227,0.1500,0.1442,-62.6831,148.9868,8.1177,0.6565,,
DATA,A004,5,325,971406,-0.6942,0.1597,0.1266,-50.2930,130.5542,-6.2866,0.7235,,
DATA,A004,5,326,971416,-0.7301,0.1893,0.1031,-42.9077,110.5347,-14.1602,0.7612,,
DATA,A004,5,327,971426,-0.7447,0.2569,0.0253,-33.0200,76.2329,-20.8130,0.7882,,
DATA,A004,5,328,971436,-0.7464,0.3419,-0.0719,-22.5830,53.2227,-18.9819,0.8241,,
DATA,A004,5,329,971446,-0.7413,0.5655,-0.1747,6.3477,25.5127,-10.4370,0.9486,,
DATA,A004,5,330,971456,-0.7306,0.7813,-0.1859,31.4941,12.0850,-4.0283,1.0857,,
DATA,A004,5,331,971466,-0.7193,1.1736,-0.1613,65.4907,-3.6621,5.5542,1.3860,,
DATA,A004,5,332,971476,-0.7189,1.1646,-0.0919,75.6836,-10.8032,15.6860,1.3717,,
DATA,A004,5,333,971486,-0.7381,1.7430,-0.0494,99.6704,-23.3154,6.1035,1.8935,,
DATA,A004,5,334,971496,-0.7369,1.8318,0.0394,84.5337,-28.1982,6.8359,1.9749,,
DATA,A004,5,335,971506,-0.7582,1.6492,0.0575,54.9927,-38.2080,-16.4185,1.8161,,
DATA,A004,5,336,971516,-0.7096,1.3638,0.0973,46.8140,-43.9453,-42.1143,1.5405,,
DATA,A004,5,337,971526,-0.6339,1.0335,0.1278,56.7627,-45.1660,-83.0688,1.2191,,
DATA,A004,5,338,971536,-0.6105,0.9422,0.1263,70.1294,-36.8652,-113.2202,1.1298,,
DATA,A004,5,339,971546,-0.6205,0.9734,0.1048,90.5762,-15.1367,-160.8887,1.1591,,
DATA,A004,5,340,971556,-0.6517,1.0330,0.0663,100.2808,-3.9062,-189.6973,1.2232,,
DATA,A004,5,341,971566,-0.7298,1.0967,0.0228,107.8491,-4.5166,-224.7925,1.3176,,
DATA,A004,5,342,971576,-0.7801,1.1131,0.0006,109.2529,-19.1650,-243.7134,1.3593,,
DATA,A004,5,343,971586,-0.7987,1.1326,-0.0221,111.6943,-54.3823,-268.5547,1.3861,,
DATA,A004,5,344,971596,-0.7372,1.1407,-0.0389,111.1450,-80.2612,-283.3252,1.3587,,
DATA,A004,5,345,971606,-0.5777,1.0926,-0.0922,102.4780,-109.8022,-302.4292,1.2394,,
DATA,A004,5,346,971616,-0.4798,1.0086,-0.1481,93.8110,-119.0186,-313.9648,1.1267,,
DATA,A004,5,347,971626,-0.3304,0.8067,-0.1930,86.9751,-125.0610,-335.8765,0.8929,,
DATA,A004,5,348,971636,-0.2372,0.6641,-0.1945,87.6465,-126.2817,-349.9756,0.7315,,
DATA,A004,5,349,971646,-0.1542,0.5518,-0.1723,90.1489,-128.7231,-362.3657,0.5983,,
DATA,A004,5,350,971656,-0.0804,0.4339,-0.1749,91.0034,-133.8501,-373.9014,0.4747,,
DATA,A004,5,351,971666,-0.0487,0.3480,-0.1569,89.9048,-132.8125,-382.6904,0.3848,,
DATA,A004,5,352,971676,-0.0724,0.2503,-0.1627,91.6138,-129.4556,-394.5923,0.3072,,
DATA,A004,5,353,971686,-0.1573,0.2254,-0.1332,97.4731,-126.5869,-400.9399,0.3054,,
DATA,A004,5,354,971696,-0.2262,0.2776,-0.0438,114.3188,-129.0894,-412.2314,0.3608,,
DATA,A004,5,355,971706,-0.2237,0.3677,-0.0097,124.1455,-141.6626,-416.1987,0.4306,,
DATA,A004,5,356,971716,-0.1639,0.4942,0.0880,120.7886,-171.3257,-412.6587,0.5281,,
DATA,A004,5,357,971726,-0.0875,0.5391,0.1586,107.6050,-185.6689,-411.0718,0.5687,,
DATA,A004,5,358,971736,0.0099,0.5225,0.2152,77.6367,-191.7114,-407.4707,0.5652,,
DATA,A004,5,359,971746,0.0028,0.4478,0.2330,58.4717,-185.6689,-405.0293,0.5048,,
DATA,A004,5,360,971756,-0.0189,0.3707,0.2482,44.6167,-168.7622,-401.7944,0.4465,,
DATA,A004,5,361,971766,-0.0567,0.3780,0.2250,42.4805,-159.1797,-396.4844,0.4435,,
DATA,A004,5,362,971776,-0.0990,0.4239,0.2833,37.1704,-151.0620,-387.5732,0.5194,,
DATA,A004,5,363,971786,-0.1163,0.4734,0.3612,30.8838,-149.5361,-382.3853,0.6067,,
DATA,A004,5,364,971796,-0.1424,0.5425,0.4562,14.5264,-146.1182,-372.6196,0.7230,,
DATA,A004,5,365,971806,-0.1783,0.5462,0.4506,0.1221,-138.8550,-367.7368,0.7302,,
DATA,A004,5,366,971816,-0.1730,0.4669,0.3617,-11.6577,-119.8730,-361.5112,0.6154,,
DATA,A004,5,367,971826,-0.2027,0.3782,0.3219,-8.5449,-107.6050,-351.9287,0.5364,,
DATA,A004,5,368,971836,-0.3282,0.2418,0.4044,8.1787,-80.6274,-334.1675,0.5742,,
DATA,A004,5,369,971846,-0.4339,0.1868,0.4879,22.2168,-61.3403,-322.0825,0.6792,,
DATA,A004,5,370,971856,-0.5809,0.1402,0.5856,41.5649,-54.9316,-298.6450,0.8367,,
DATA,A004,5,371,971866,-0.7125,0.1536,0.6112,52.3682,-79.1626,-278.4424,0.9512,,
DATA,A004,5,372,971876,-1.0008,0.2344,0.9850,57.9224,-84.1675,-255.8594,1.4237,,
DATA,A004,5,373,971886,-0.9459,0.3336,1.2079,53.4668,-60.9741,-261.5356,1.5700,,
DATA,A004,5,374,971896,-0.8270,0.3509,1.1051,38.6963,-67.8711,-224.2432,1.4242,,
DATA,A004,5,375,971906,-0.7958,0.2440,1.0441,35.4614,-90.3320,-189.7583,1.3352,,
DATA,A004,5,376,971916,-0.6788,0.0560,0.9105,31.0059,-123.4741,-162.6587,1.1371,,
DATA,A004,5,377,971926,-0.5616,-0.1306,0.9112,21.2402,-138.2446,-146.7285,1.0784,,
DATA,A004,5,378,971936,-0.5401,-0.4308,0.9171,11.4136,-146.9116,-117.9199,1.1482,,
DATA,A004,5,379,971946,-0.5736,-0.6000,0.9293,12.1460,-147.7051,-100.2808,1.2461,,
DATA,A004,5,380,971956,-0.7140,-0.7602,1.0585,25.1465,-142.3340,-74.4629,1.4859,,
DATA,A004,5,381,971966,-0.8724,-0.7404,1.0641,34.7290,-132.9346,-60.0586,1.5626,,
DATA,A004,5,382,971976,-1.0961,-0.6896,0.8939,35.8887,-115.1123,-49.4995,1.5735,,
DATA,A004,5,383,971986,-1.2081,-0.7177,0.7704,27.5269,-105.3467,-46.9971,1.6025,,
DATA,A004,5,384,971996,-1.2928,-0.8220,0.7633,13.0005,-94.6655,-47.6074,1.7116,,
DATA,A004,5,385,972006,-1.3431,-1.0002,0.9235,-12.5122,-72.3877,-58.5327,1.9124,,
DATA,A004,5,386,972016,-1.4313,-1.0849,1.0089,-30.8228,-55.9082,-65.5518,2.0600,,
DATA,A004,5,387,972026,-1.5812,-1.1520,1.2069,-58.6548,-27.8931,-77.1484,2.2987,,
DATA,A004,5,388,972036,-1.6158,-1.1330,1.2482,-72.2656,-15.3198,-91.8579,2.3351,,
DATA,A004,5,389,972046,-1.4828,-1.1948,1.2069,-68.6646,-14.5264,-108.9478,2.2545,,
DATA,A004,5,390,972056,-1.3155,-1.2397,1.0397,-33.7524,-11.4746,-113.4033,2.0853,,
DATA,A004,5,391,972066,-0.8207,-1.2040,1.1549,95.0928,9.6436,-115.1733,1.8593,,
DATA,A004,5,392,972076,-0.6361,-0.7858,1.4449,187.5000,15.0757,-105.8350,1.7635,,
DATA,A004,5,393,972086,-1.0602,-0.1623,2.1517,194.4580,20.0806,-75.1343,2.4042,,
DATA,A004,5,394,972096,-1.7003,-0.0659,2.4642,111.8164,15.0757,-43.5181,2.9946,,
DATA,A004,5,395,972106,-2.1586,-0.2543,2.2816,-8.5449,-27.5269,-60.1807,3.1512,,
DATA,A004,5,396,972116,-1.7836,-0.3832,1.9994,-51.6968,-105.5908,-80.6274,2.7066,,
DATA,A004,5,397,972126,-0.8727,-0.5414,1.4989,-101.0742,-191.5894,-56.8237,1.8170,,
DATA,A004,5,398,972136,-0.3483,-0.7067,1.1786,-130.0049,-193.6646,-37.6587,1.4177,,
DATA,A004,5,399,972146,0.0983,-0.9746,0.7806,-152.4048,-102.9663,-12.8174,1.2525,,
DATA,A004,5,400,972156,0.1632,-1.0893,0.6564,-145.5688,-9.4604,4.4556,1.2822,,
DATA,A004,5,401,972166,-0.0404,-1.1052,0.4720,-124.8169,122.7417,25.9399,1.2024,,
DATA,A004,5,402,972176,-0.2499,-1.0656,0.3548,-108.0322,193.4814,36.8652,1.1506,,
DATA,A004,5,403,972186,-0.5055,-1.0038,0.3441,-68.7866,249.0234,44.2505,1.1754,,
DATA,A004,5,404,972196,-0.5978,-0.9477,0.4227,-39.7949,257.8735,45.7153,1.1976,,
DATA,A004,5,405,972206,-0.6507,-0.8525,0.5675,-8.5449,240.2954,53.4668,1.2134,,
DATA,A004,5,406,972216,-0.6632,-0.7824,0.6486,4.1504,211.0596,61.2793,1.2135,,
DATA,A004,5,407,972226,-0.6293,-0.6645,0.6827,17.2729,140.2588,83.1909,1.1418,,
DATA,A004,5,408,972236,-0.5885,-0.5871,0.6363,23.6206,79.8340,104.3701,1.0469,,
DATA,A004,5,409,972246,-0.5419,-0.5053,0.5655,40.8325,-11.1084,137.8174,0.9321,,
DATA,A004,5,410,972256,-0.4662,-0.4164,0.5250,56.4575,-54.2603,160.1562,0.8163,,
DATA,A004,5,411,972266,-0.3141,-0.2360,0.6483,82.7637,-74.1577,190.1245,0.7581,,
DATA,A004,5,412,972276,-0.2618,-0.0046,0.8507,101.7456,-47.5464,208.1909,0.8901,,
DATA,A004,5,413,972286,-0.3292,0.4742,1.0641,117.0044,35.2173,230.4077,1.2106,,
DATA,A004,5,414,972296,-0.4361,0.7725,1.0751,113.0981,97.5342,233.3984,1.3938,,
DATA,A004,5,415,972306,-0.4847,1.0113,1.0829,85.2661,165.7715,232.2998,1.5589,,
DATA,A004,5,416,972316,-0.5460,0.9881,0.9752,60.6079,194.6411,247.7417,1.4918,,
DATA,A004,5,417,972326,-0.6090,0.8785,0.8751,37.0483,213.1958,265.5640,1.3815,,
DATA,A004,5,418,972336,-0.7525,0.7317,0.8546,17.6392,204.7119,285.8276,1.3536,,
DATA,A004,5,419,972346,-0.9029,0.7425,0.7911,16.1133,189.6973,299.6826,1.4116,,
DATA,A004,5,420,972356,-1.0277,0.8736,0.7277,26.0010,174.4995,303.3447,1.5326,,
DATA,A004,5,421,972366,-1.0851,0.9568,0.6532,24.6582,166.4429,306.5796,1.5873,,
DATA,A004,5,422,972376,-1.1127,0.9483,0.5084,6.4087,159.9731,311.5234,1.5478,,
DATA,A004,5,423,972386,-1.0463,0.8609,0.4603,-3.5400,155.8228,311.0962,1.4310,,
DATA,A004,5,424,972396,-0.8895,0.7183,0.4086,-8.4229,149.8413,316.2842,1.2141,,
DATA,A004,5,425,972406,-0.7870,0.6641,0.3729,-6.4697,146.9116,323.7305,1.0952,,
DATA,A004,5,426,972416,-0.7098,0.6456,0.2821,-1.5259,138.3057,341.1255,1.0001,,
DATA,A004,5,427,972426,-0.7040,0.6514,0.1874,1.1597,132.5684,356.3843,0.9773,,
DATA,A004,5,428,972436,-0.7345,0.6783,0.0777,5.9204,131.2866,370.4224,1.0028,,
DATA,A004,5,429,972446,-0.7486,0.7283,0.0580,12.7563,144.2261,373.6572,1.0461,,
DATA,A004,5,430,972456,-0.8680,0.8712,-0.0336,24.7192,179.8096,377.8076,1.2302,,
DATA,A004,5,431,972466,-0.9320,1.0025,-0.0978,34.9731,213.9893,368.7744,1.3723,,
DATA,A004,5,432,972476,-0.9427,1.1956,-0.1063,47.9126,256.5308,351.6235,1.5263,,
DATA,A004,5,433,972486,-0.9518,1.2796,-0.0817,47.9736,262.7563,351.6846,1.5968,,
DATA,A004,5,434,972496,-1.0448,1.3138,0.0516,36.0718,219.4824,364.1968,1.6794,,
DATA,A004,5,435,972506,-1.0753,1.3152,0.1529,25.6958,163.6963,372.4976,1.7057,,
DATA,A004,5,436,972516,-1.0484,1.2535,0.1617,7.1411,72.7539,388.4888,1.6421,,
DATA,A004,5,437,972526,-0.9520,1.1649,0.0670,-1.8311,12.5122,398.0713,1.5059,,
DATA,A004,5,438,972536,-0.7550,1.0289,0.0028,4.3945,-61.6455,404.5410,1.2762,,
DATA,A004,5,439,972546,-0.6271,0.9857,-0.0236,20.9351,-90.2710,408.2031,1.1684,,
DATA,A004,5,440,972556,-0.5257,1.0120,-0.0170,55.6641,-108.5815,409.9731,1.1406,,
DATA,A004,5,441,972566,-0.5746,1.0762,-0.0228,80.9326,-133.1787,408.7524,1.2202,,
DATA,A004,5,442,972576,-0.7789,1.2212,0.0731,118.2861,-188.6597,406.7383,1.4503,,
DATA,A004,5,443,972586,-0.9130,1.3199,0.1302,134.1553,-253.1128,404.5410,1.6101,,
DATA,A004,5,444,972596,-1.0362,1.4471,0.1193,145.2637,-353.0273,393.7988,1.7838,,
DATA,A004,5,445,972606,-0.9852,1.4332,0.0570,148.6206,-417.1143,376.9531,1.7401,,
DATA,A004,5,446,972616,-0.7286,1.2823,-0.0275,165.4663,-507.8735,335.5713,1.4751,,
DATA,A004,5,447,972626,-0.5633,1.2039,-0.0148,189.0259,-550.3540,302.9175,1.3293,,
DATA,A004,5,448,972636,-0.3768,1.2198,0.1156,220.8862,-577.3315,241.7603,1.2819,,
DATA,A004,5,449,972646,-0.2333,1.2674,0.2828,226.1963,-561.5845,192.7490,1.3194,,
DATA,A004,5,450,972656,-0.0926,1.2962,0.4303,211.9751,-524.5361,145.9351,1.3689,,
DATA,A004,5,451,972666,-0.0204,1.1905,0.4601,160.7666,-435.9131,83.9233,1.2765,,
DATA,A004,5,452,972676,0.0018,1.0587,0.3448,127.1973,-357.2998,48.2788,1.1134,,
DATA,A004,5,453,972686,0.1788,0.8389,0.1227,99.0601,-222.7783,5.7983,0.8665,,
DATA,A004,5,454,972696,0.3620,0.7349,0.0582,98.9380,-121.1548,-10.8032,0.8213,,
DATA,A004,5,455,972706,0.5997,0.7183,0.1232,107.1777,43.4570,-15.0757,0.9438,,
DATA,A004,5,456,972716,0.6483,0.7330,0.1583,102.3560,152.5269,-11.7798,0.9913,,
DATA,A004,5,457,972726,0.5858,0.6966,0.1212,80.1392,294.0674,-7.7515,0.9182,,
DATA,A004,5,458,972736,0.4852,0.6119,0.0797,66.8335,359.6191,-7.1411,0.7850,,
DATA,A004,5,459,972746,0.2970,0.4847,0.0301,58.1055,415.8936,-6.3477,0.5692,,
DATA,A004,5,460,972756,0.2062,0.3970,0.0729,55.1147,435.9131,-7.0190,0.4533,,
DATA,A004,5,461,972766,0.0407,0.2925,0.1122,52.3682,445.0684,-7.2632,0.3159,,
DATA,A004,5,462,972776,-0.0431,0.2396,0.1034,49.6826,441.8335,-8.2397,0.2644,,
DATA,A004,5,463,972786,-0.1900,0.2112,0.1212,46.5088,421.4478,-12.2070,0.3089,,
DATA,A004,5,464,972796,-0.3287,0.2242,0.1566,42.2974,399.7192,-15.8691,0.4276,,
DATA,A004,5,465,972806,-0.4950,0.2581,0.1918,36.1328,358.3374,-25.5737,0.5903,,
DATA,A004,5,466,972816,-0.5589,0.2845,0.2015,32.9590,326.2329,-33.7524,0.6588,,
DATA,A004,5,467,972826,-0.5865,0.3431,0.2198,30.2734,274.4141,-43.2129,0.7142,,
DATA,A004,5,468,972836,-0.5926,0.3904,0.2237,29.0527,240.4175,-46.6309,0.7441,,
DATA,A004,5,469,972846,-0.5912,0.4681,0.2284,26.3062,191.0400,-50.1099,0.7879,,
DATA,A004,5,470,972856,-0.5768,0.5196,0.2240,23.5596,158.0200,-50.5371,0.8080,,
DATA,A004,5,471,972866,-0.5575,0.5965,0.2347,20.6909,109.9243,-44.8608,0.8495,,
DATA,A004,5,472,972876,-0.5350,0.6468,0.2377,18.7378,79.5288,-38.0249,0.8724,,
DATA,A004,5,473,972886,-0.4994,0.7083,0.2391,13.8550,37.9639,-24.2920,0.8990,,
DATA,A004,5,474,972896,-0.4715,0.7352,0.2357,10.1318,13.3057,-13.1836,0.9046,,
DATA,A004,5,475,972906,-0.4510,0.7994,0.2452,7.1411,-15.4419,4.3335,0.9500,,
DATA,A004,5,476,972916,-0.4237,0.8546,0.2591,6.2866,-27.6489,13.5498,0.9884,,
DATA,A004,5,477,972926,-0.3844,0.9522,0.2677,2.5024,-35.5225,22.5220,1.0612,,
DATA,A004,5,478,972936,-0.3624,1.0098,0.2748,-1.8921,-33.9355,24.7803,1.1075,,
DATA,A004,5,479,972946,-0.3295,1.0723,0.2867,-10.8643,-21.9727,21.1182,1.1579,,
DATA,A004,5,480,972956,-0.2989,1.0801,0.2789,-17.5781,-11.3525,14.8315,1.1549,,
DATA,A004,5,481,972966,-0.2726,1.0406,0.2425,-28.8086,4.6997,1.5869,1.1027,,
DATA,A004,5,482,972976,-0.2516,0.9737,0.2111,-36.3770,13.1836,-9.2773,1.0276,,
DATA,A004,5,483,972986,-0.2228,0.8419,0.1569,-43.9453,21.3623,-26.4282,0.8848,,
DATA,A004,5,484,972996,-0.2128,0.7642,0.1402,-44.9829,23.4375,-38.6353,0.8056,,
DATA,A004,5,485,973006,-0.2145,0.7073,0.1395,-44.0063,24.0479,-51.2695,0.7522,,
DATA,A004,5,486,973016,-0.2198,0.6368,0.2306,-41.5649,19.4702,-71.1060,0.7120,,
DATA,A004,5,487,973026,-0.2318,0.6175,0.3019,-43.0908,10.1318,-82.5806,0.7254,,
DATA,A004,5,488,973036,-0.2279,0.5972,0.3404,-59.5703,-10.2539,-99.4263,0.7242,,
DATA,A004,5,489,973046,-0.2626,0.5504,0.1959,-83.0078,-26.5503,-108.3984,0.6405,,
DATA,A004,5,490,973056,-0.2919,0.2818,-0.1198,-120.9717,-48.9502,-130.4932,0.4230,,
DATA,A004,5,491,973066,-0.3036,-0.0102,-0.2348,-137.2681,-66.9556,-152.4658,0.3839,,
DATA,A004,5,492,973076,-0.3348,-0.6083,-0.2313,-154.2969,-96.8628,-192.1997,0.7319,,
DATA,A004,5,493,973086,-0.3400,-0.9650,-0.0680,-152.4048,-109.5581,-222.7783,1.0254,,
DATA,A004,5,494,973096,-0.2130,-0.7780,0.0272,-102.8442,-107.7271,-246.8262,0.8071,,
DATA,A004,5,495,973106,-0.1263,-0.2849,0.0372,-63.7207,-89.7217,-244.5068,0.3138,,
DATA,A004,5,496,973116,-0.1293,0.3685,0.2164,-53.7720,-43.0298,-254.9438,0.4464,,
DATA,A004,5,497,973126,-0.2049,0.6539,0.3072,-78.1250,-10.9863,-269.0430,0.7510,,
DATA,A004,5,498,973136,-0.4105,0.9009,0.3563,-113.7085,16.3574,-284.3018,1.0522,,
DATA,A004,5,499,973146,-0.5074,1.0406,0.3453,-119.6899,25.6348,-294.2505,1.2081,,
DATA,A004,5,500,973156,-0.5323,1.2686,0.2626,-116.2109,28.3813,-306.7627,1.4006,,
DATA,A004,5,501,973166,-0.4728,1.3641,0.1857,-117.6758,32.7759,-310.2417,1.4556,,
DATA,A004,5,502,973176,-0.3688,1.3858,0.0426,-126.0986,40.3442,-309.5703,1.4347,,
DATA,A004,5,503,973186,-0.3075,1.3179,-0.1586,-128.4790,52.9175,-307.3730,1.3626,,
DATA,A004,5,504,973196,-0.0860,1.0574,-0.4728,-110.5957,91.6748,-306.9458,1.1615,,
DATA,A004,5,505,973206,0.1212,0.8470,-0.5399,-73.8525,130.5542,-301.3916,1.0117,,
DATA,A004,5,506,973216,0.2340,0.6673,-0.3834,8.5449,189.8193,-275.3906,0.8044,,
DATA,A004,5,507,973226,0.1425,0.6185,-0.2572,54.8096,224.1821,-257.6904,0.6848,,
DATA,A004,5,508,973236,-0.2865,0.5176,-0.1889,97.9614,247.1924,-233.0322,0.6210,,
DATA,A004,5,509,973246,-0.6363,0.4688,-0.1078,123.4741,233.7646,-216.2476,0.7977,,
DATA,A004,5,510,973256,-1.0978,0.5967,-0.0336,168.0908,162.8418,-192.6270,1.2499,,
DATA,A004,5,511,973266,-1.2342,0.8272,-0.0692,193.4204,88.3789,-177.9175,1.4874,,
DATA,A004,5,512,973276,-1.3297,1.2525,-0.0878,201.7822,-46.2646,-156.1279,1.8288,,
DATA,A004,5,513,973286,-1.3793,1.5140,-0.1276,185.3638,-122.2534,-148.5596,2.0520,,
DATA,A004,5,514,973296,-1.4628,1.7317,-0.1984,144.8975,-201.5991,-156.0059,2.2755,,
DATA,A004,5,515,973306,-1.4156,1.8074,-0.1251,126.0986,-221.1914,-174.5605,2.2992,,
DATA,A004,5,516,973316,-1.2963,1.8516,-0.0614,94.9707,-206.1768,-203.8574,2.2611,,
DATA,A004,5,517,973326,-1.2884,1.7239,-0.0792,72.0825,-189.7583,-216.2476,2.1537,,
DATA,A004,5,518,973336,-1.3512,1.3834,0.0443,52.7344,-175.9644,-230.7129,1.9343,,
DATA,A004,5,519,973346,-1.3697,1.1866,0.1654,50.5371,-178.9551,-235.3516,1.8198,,
DATA,A004,5,520,973356,-1.3490,1.0450,0.2486,47.0581,-191.2842,-238.8916,1.7244,,
DATA,A004,5,521,973366,-1.3319,0.9293,0.3788,42.7856,-215.2100,-246.9482,1.6676,,
DATA,A004,5,522,973376,-1.3343,0.9551,0.4103,41.6870,-236.1450,-251.4648,1.6915,,
DATA,A004,5,523,973386,-1.3114,0.9925,0.3734,54.0161,-247.2534,-258.4229,1.6865,,
DATA,A004,5,524,973396,-1.3204,1.0440,0.5006,16.6016,-260.6812,-246.3379,1.7561,,
DATA,A004,5,525,973406,-1.1488,0.8433,0.5082,-19.4702,-280.2734,-252.4414,1.5130,,
DATA,A004,5,526,973416,-1.0318,0.6692,0.5472,-26.6113,-278.5645,-247.3145,1.3461,,
DATA,A004,5,527,973426,-1.0685,0.4656,0.5758,-33.5083,-255.4932,-232.9712,1.3000,,
DATA,A004,5,528,973436,-1.1844,0.3768,0.5848,-37.4146,-228.8208,-223.9990,1.3736,,
DATA,A004,5,529,973446,-1.3534,0.3895,0.7247,-28.3203,-182.2510,-213.3789,1.5838,,
DATA,A004,5,530,973456,-1.5001,0.5311,0.6735,-18.4937,-142.5171,-205.5664,1.7280,,
DATA,A004,5,531,973466,-1.6722,0.6351,0.6778,-10.2539,-77.5757,-199.4019,1.9129,,
DATA,A004,5,532,973476,-1.7504,0.6024,0.7350,-6.4697,-38.4521,-194.8853,1.9917,,
DATA,A004,5,533,973486,-1.8304,0.5430,0.8331,12.9395,7.7515,-191.9556,2.0831,,
DATA,A004,5,534,973496,-1.9022,0.6463,0.8624,46.5088,31.3110,-186.2183,2.1863,,
DATA,A004,5,535,973506,-1.8692,1.0953,0.9349,121.5820,42.7856,-168.8232,2.3596,,
DATA,A004,5,536,973516,-1.6720,1.5025,0.9735,165.3442,14.4653,-139.9536,2.4496,,
DATA,A004,5,537,973526,-1.5746,1.7903,1.0382,151.3062,-50.7812,-81.4819,2.6005,,
DATA,A004,5,538,973536,-1.3885,1.4153,1.0861,91.3086,-78.6743,-70.3125,2.2607,,
DATA,A004,5,539,973546,-1.1029,0.5923,1.1007,14.0381,-80.2002,-62.0728,1.6670,,
DATA,A004,5,540,973556,-0.8292,0.1302,1.1027,-4.0894,-53.4058,-56.2134,1.3858,,
DATA,A004,5,541,973566,-0.5211,-0.1579,1.1988,1.8311,-15.3198,-28.2593,1.3167,,
DATA,A004,5,542,973576,-0.4498,-0.1093,1.1349,1.9531,9.3384,-0.0610,1.2257,,
DATA,A004,5,543,973586,-0.4708,0.0599,0.9698,-9.2163,39.0015,36.5601,1.0797,,
DATA,A004,5,544,973596,-0.5316,0.1539,0.7748,-18.0664,53.8940,56.9458,0.9521,,
DATA,A004,5,545,973606,-0.6236,0.2083,0.5577,-25.8179,73.3643,83.6182,0.8622,,
DATA,A004,5,546,973616,-0.6805,0.2466,0.4376,-23.8647,85.0830,99.3042,0.8458,,
DATA,A004,5,547,973626,-0.7611,0.3611,0.3505,-10.6201,102.2949,119.8120,0.9124,,
DATA,A004,5,548,973636,-0.7884,0.4661,0.3329,-3.1738,114.0747,130.0659,0.9745,,
DATA,A004,5,549,973646,-0.8053,0.6053,0.2982,-1.9531,124.0234,144.2871,1.0506,,
DATA,A004,5,550,973656,-0.7543,0.6390,0.2599,-8.7891,126.7700,152.0996,1.0221,,
DATA,A004,5,551,973666,-0.6764,0.5950,0.2247,-21.7285,123.2910,165.8936,0.9285,,
DATA,A004,5,552,973676,-0.6283,0.5408,0.1959,-26.9165,122.6196,176.2085,0.8518,,
DATA,A004,5,553,973686,-0.6009,0.5067,0.1456,-26.6724,119.9341,188.2935,0.7994,,
DATA,A004,5,554,973696,-0.5980,0.5399,0.0211,-20.5688,121.0938,205.5054,0.8059,,
DATA,A004,5,555,973706,-0.6400,0.6072,-0.1410,-15.8691,123.3521,214.8438,0.8934,,
DATA,A004,5,556,973716,-0.7406,0.7444,-0.2062,-2.1362,130.2490,219.4824,1.0701,,
DATA,A004,5,557,973726,-0.8468,0.8948,-0.2101,8.3618,131.5918,215.7593,1.2498,,
DATA,A004,5,558,973736,-1.1129,1.1382,-0.2726,13.1836,115.7227,211.8530,1.6151,,
DATA,A004,5,559,973746,-1.2418,1.2774,-0.2199,15.3809,100.5859,204.7729,1.7950,,
DATA,A004,5,560,973756,-1.3243,1.4603,-0.1288,14.8315,66.4062,193.7256,1.9756,,
DATA,A004,5,561,973766,-1.3861,1.5296,-0.0927,6.4087,39.0625,189.5142,2.0663,,
DATA,A004,5,562,973776,-1.3673,1.5196,0.0304,-8.3008,19.6533,169.7998,2.0444,,
DATA,A004,5,563,973786,-1.3053,1.4764,0.0621,-12.7563,26.0010,150.6958,1.9716,,
DATA,A004,5,564,973796,-1.1376,1.3961,0.1136,-10.0098,71.7163,115.2954,1.8044,,
DATA,A004,5,565,973806,-0.9986,1.3553,0.1190,-4.6997,113.4033,96.0693,1.6877,,
DATA,A004,5,566,973816,-0.9027,1.2874,0.1122,-4.1504,167.8467,77.2095,1.5763,,
DATA,A004,5,567,973826,-0.9161,1.2098,0.1334,-11.8408,194.2139,69.9463,1.5234,,
DATA,A004,5,568,973836,-0.9945,1.0601,0.1251,-26.7334,211.7310,66.1011,1.4589,,
DATA,A004,5,569,973846,-1.1163,0.9622,0.1175,-33.3252,204.4678,67.3828,1.4785,,
DATA,A004,5,570,973856,-1.2193,0.8624,0.1456,-38.0859,184.2651,69.0918,1.5006,,
DATA,A004,5,571,973866,-1.2264,0.8309,0.1569,-40.8936,164.3677,70.5566,1.4897,,
DATA,A004,5,572,973876,-1.1730,0.7940,0.1451,-49.9268,136.9629,76.6602,1.4238,,
DATA,A004,5,573,973886,-1.1188,0.7664,0.1327,-56.8848,127.2583,79.1016,1.3626,,
DATA,A004,5,574,973896,-1.0240,0.7061,0.1244,-65.2466,128.3569,77.6978,1.2501,,
DATA,A004,5,575,973906,-0.9759,0.6590,0.1512,-68.2983,136.5356,77.2705,1.1873,,
DATA,A004,5,576,973916,-0.9291,0.5809,0.1569,-72.9980,149.5972,78.1250,1.1069,,
DATA,A004,5,577,973926,-0.9252,0.5208,0.1456,-77.6367,154.0527,79.1626,1.0716,,
DATA,A004,5,578,973936,-0.9347,0.4463,0.1280,-83.4351,158.7524,81.4209,1.0437,,
DATA,A004,5,579,973946,-0.9181,0.4080,0.1146,-85.4492,161.7432,82.9468,1.0112,,
DATA,A004,5,580,973956,-0.8722,0.3799,0.0775,-86.6089,167.1143,87.3413,0.9545,,
DATA,A004,5,581,973966,-0.8463,0.3665,0.0651,-85.9375,171.6309,91.5527,0.9245,,
DATA,A004,5,582,973976,-0.8368,0.3646,0.0519,-85.1440,176.1475,98.1445,0.9142,,
DATA,A004,5,583,973986,-0.8495,0.3602,0.0531,-85.8765,174.9268,102.5391,0.9242,,
DATA,A004,5,584,973996,-0.8771,0.3419,0.0555,-86.9751,165.1001,109.8022,0.9430,,
DATA,A004,5,585,974006,-0.8861,0.3174,0.0721,-89.9048,153.6865,112.5488,0.9440,,
DATA,A004,5,586,974016,-0.8736,0.2708,0.1337,-90.8813,134.9487,115.6616,0.9244,,
DATA,A004,5,587,974026,-0.8675,0.2576,0.2345,-89.4165,122.6196,117.1265,0.9349,,
DATA,A004,5,588,974036,-0.8568,0.2774,0.3610,-87.3413,113.7085,117.5537,0.9702,,
DATA,A004,5,589,974046,-0.8775,0.3687,0.5062,-90.9424,94.9707,116.6992,1.0781,,
DATA,A004,5,590,974056,-0.9332,0.4573,0.5404,-102.3560,77.5146,117.0654,1.1714,,
DATA,A004,5,591,974066,-0.9745,0.5237,0.4698,-132.1411,42.5415,112.9150,1.2019,,
DATA,A004,5,592,974076,-0.9840,0.4900,0.3400,-154.9072,10.4980,109.8633,1.1506,,
DATA,A004,5,593,974086,-0.9396,0.2962,0.1593,-179.8096,-38.0249,102.2339,0.9979,,
DATA,A004,5,594,974096,-0.8885,0.1216,0.0975,-180.6030,-64.2700,94.2383,0.9021,,
DATA,A004,5,595,974106,-0.8089,-0.0895,0.1224,-158.9355,-87.2192,74.8291,0.8230,,
DATA,A004,5,596,974116,-0.7274,-0.1696,0.2452,-134.2773,-89.6606,56.4575,0.7861,,
DATA,A004,5,597,974126,-0.5831,-0.2177,0.4513,-95.5811,-80.5664,22.4609,0.7688,,
DATA,A004,5,598,974136,-0.4921,-0.2062,0.5616,-75.3784,-68.2983,0.8545,0.7747,,
DATA,A004,5,599,974146,-0.3702,-0.1513,0.6432,-52.0630,-42.9688,-28.0762,0.7574,,
DATA,A004,5,600,974156,-0.3060,-0.1003,0.6390,-39.6118,-20.0195,-47.9736,0.7156,,
DATA,A004,5,601,974166,-0.2440,-0.0087,0.6051,-26.4893,20.6909,-76.6602,0.6525,,
DATA,A004,5,602,974176,-0.2208,0.0623,0.5660,-22.1558,48.3398,-92.7124,0.6108,,
DATA,A004,5,603,974186,-0.2184,0.1224,0.4630,-23.6206,77.8809,-111.2061,0.5263,,
DATA,A004,5,604,974196,-0.2711,0.1426,0.4269,-26.6113,79.9561,-118.7134,0.5254,,
DATA,A004,5,605,974206,-0.3607,0.1741,0.4022,-27.8320,62.0117,-125.7324,0.5676,,
DATA,A004,5,606,974216,-0.4593,0.2222,0.3756,-32.4097,41.9922,-129.0894,0.6336,,
DATA,A004,5,607,974226,-0.4872,0.2537,0.3146,-51.9409,7.2021,-138.9771,0.6330,,
DATA,A004,5,608,974236,-0.4720,0.2310,0.2335,-63.1714,-16.6626,-143.6157,0.5751,,
DATA,A004,5,609,974246,-0.4234,0.1309,0.1468,-63.2935,-48.6450,-146.1182,0.4669,,
DATA,A004,5,610,974256,-0.3893,0.1119,0.1210,-56.3354,-67.0776,-149.7192,0.4227,,
DATA,A004,5,611,974266,-0.3131,0.1497,0.1439,-50.9033,-75.1953,-149.8413,0.3757,,
DATA,A004,5,612,974276,-0.3075,0.1837,0.1332,-49.9878,-66.4673,-148.1323,0.3821,,
DATA,A004,5,613,974286,-0.4169,0.2357,0.0929,-40.8325,-42.5415,-143.9819,0.4878,,
DATA,A004,5,614,974296,-0.4962,0.2742,0.0587,-24.7803,-21.3623,-144.4092,0.5700,,
DATA,A004,5,615,974306,-0.6119,0.3455,0.0868,3.9673,9.8877,-128.1128,0.7081,,
DATA,A004,5,616,974316,-0.7189,0.4173,0.1737,29.6021,29.3579,-110.9619,0.8492,,
DATA,A004,5,617,974326,-0.9613,0.6358,0.4193,70.9229,46.5088,-82.3364,1.2264,,
DATA,A004,5,618,974336,-1.1407,0.8309,0.5382,83.2520,47.2412,-62.3779,1.5104,,
DATA,A004,5,619,974346,-1.2826,1.0350,0.5375,77.6367,31.6162,-38.5132,1.7335,,
DATA,A004,5,620,974356,-1.2750,1.0682,0.5021,68.4814,17.4561,-26.6724,1.7374,,
DATA,A004,5,621,974366,-1.1654,1.0030,0.4100,55.2979,-1.9531,-21.3623,1.5913,,
DATA,A004,5,622,974376,-1.0494,0.8892,0.3404,45.3491,-16.9067,-26.3672,1.4170,,
DATA,A004,5,623,974386,-0.9164,0.7247,0.2848,35.8887,-31.6162,-33.4473,1.2025,,
DATA,A004,5,624,974396,-0.7701,0.4688,0.1822,32.0435,-47.3633,-43.9453,0.9198,,
DATA,A004,5,625,974406,-0.7040,0.3445,0.1332,39.3066,-53.4058,-51.6968,0.7950,,
DATA,A004,5,626,974416,-0.6161,0.2374,0.1158,59.2041,-52.2461,-63.7817,0.6703,,
DATA,A004,5,627,974426,-0.5563,0.2112,0.1351,72.0825,-47.4243,-69.8853,0.6102,,
DATA,A004,5,628,974436,-0.4796,0.2025,0.1622,83.8013,-36.2549,-75.2563,0.5453,,
DATA,A004,5,629,974446,-0.4462,0.1932,0.1659,87.8906,-27.7710,-77.2095,0.5137,,
DATA,A004,5,630,974456,-0.4200,0.1712,0.1698,91.0034,-18.2495,-78.4912,0.4843,,
DATA,A004,5,631,974466,-0.3956,0.1487,0.1710,92.7734,-15.6250,-79.3457,0.4559,,
DATA,A004,5,632,974476,-0.3485,0.1197,0.1459,93.2617,-14.4043,-81.7261,0.3963,,
DATA,A004,5,633,974486,-0.3065,0.1009,0.1283,92.3462,-14.4043,-82.8857,0.3472,,
DATA,A004,5,634,974496,-0.2257,0.0538,0.1278,92.1631,-13.1836,-85.6323,0.2649,,
DATA,A004,5,635,974506,-0.1798,0.0203,0.1461,93.5059,-12.0850,-88.3789,0.2326,,
DATA,A004,5,636,974516,-0.1561,-0.0256,0.2006,93.0176,-12.5732,-93.9941,0.2554,,
DATA,A004,5,637,974526,-0.1598,-0.0583,0.2052,88.9282,-16.4795,-99.7314,0.2665,,
DATA,A004,5,638,974536,-0.1888,-0.0866,0.1913,79.9561,-32.1045,-110.5347,0.2824,,
DATA,A004,5,639,974546,-0.2076,-0.0805,0.1710,75.0122,-46.6919,-116.9434,0.2808,,
DATA,A004,5,640,974556,-0.2186,-0.0400,0.1175,70.4346,-67.5659,-123.8403,0.2514,,
DATA,A004,5,641,974566,-0.2125,-0.0034,0.0978,68.4814,-77.2095,-127.1362,0.2339,,
DATA,A004,5,642,974576,-0.2325,0.0489,0.0900,66.4673,-83.1909,-130.9814,0.2541,,
DATA,A004,5,643,974586,-0.2350,0.0775,0.1100,64.9414,-83.4351,-134.6436,0.2707,,
DATA,A004,5,644,974596,-0.2296,0.1168,0.1666,61.7676,-80.8716,-137.6953,0.3068,,
DATA,A004,5,645,974606,-0.2171,0.1346,0.2057,57.1289,-76.0498,-136.1084,0.3280,,
DATA,A004,5,646,974616,-0.2057,0.1541,0.2555,49.3774,-58.7769,-134.2163,0.3624,,
DATA,A004,5,647,974626,-0.2601,0.1719,0.2845,46.8140,-43.8232,-132.6294,0.4221,,
DATA,A004,5,648,974636,-0.4171,0.2396,0.3382,46.1426,-15.9302,-130.0659,0.5880,,
DATA,A004,5,649,974646,-0.5607,0.3077,0.3490,45.7764,-6.2256,-130.5542,0.7286,,
DATA,A004,5,650,974656,-0.8722,0.4358,0.4437,40.2832,-15.4419,-132.3853,1.0712,,
DATA,A004,5,651,974666,-1.0091,0.5379,0.5238,33.3862,-27.8320,-141.9067,1.2578,,
DATA,A004,5,652,974676,-1.0531,0.6544,0.4896,13.0615,-61.6455,-157.8979,1.3330,,
DATA,A004,5,653,974686,-1.0731,0.6573,0.4825,-7.3242,-93.0786,-161.3770,1.3477,,
DATA,A004,5,654,974696,-0.9872,0.5721,0.5253,-35.4004,-120.0562,-175.5371,1.2561,,
DATA,A004,5,655,974706,-0.9298,0.5045,0.5653,-47.1802,-127.6855,-185.9131,1.1994,,
DATA,A004,5,656,974716,-0.8741,0.4459,0.6085,-53.8330,-129.4556,-194.5190,1.1546,,
DATA,A004,5,657,974726,-0.8307,0.3318,0.6334,-61.7065,-123.1689,-203.4302,1.0961,,
DATA,A004,5,658,974736,-0.8832,0.2112,0.7308,-64.3311,-122.9248,-205.2002,1.1656,,
DATA,A004,5,659,974746,-0.9420,0.1160,0.8180,-57.6172,-124.2676,-209.8389,1.2530,,
DATA,A004,5,660,974756,-0.9476,0.0899,0.8451,-52.7954,-139.7095,-212.1582,1.2729,,
DATA,A004,5,661,974766,-1.0079,0.0904,0.9518,-49.1333,-172.6685,-210.0220,1.3892,,
DATA,A004,5,662,974776,-0.9972,0.1329,1.0509,-61.4624,-191.2231,-214.1113,1.4548,,
DATA,A004,5,663,974786,-0.9540,0.1287,1.2150,-75.6226,-191.7114,-213.9893,1.5501,,
DATA,A004,5,664,974796,-0.8519,0.1490,1.2914,-85.3882,-184.9365,-210.3271,1.5542,,
DATA,A004,5,665,974806,-0.8392,0.0628,1.2037,-101.9287,-178.0396,-190.9180,1.4687,,
DATA,A004,5,666,974816,-0.8314,-0.0375,1.1578,-107.1777,-169.7998,-184.8755,1.4259,,
DATA,A004,5,667,974826,-0.8209,-0.1472,1.1007,-101.9897,-150.5127,-179.1382,1.3810,,
DATA,A004,5,668,974836,-0.8514,-0.2114,1.0831,-96.0693,-135.9863,-172.5464,1.3938,,
DATA,A004,5,669,974846,-0.8588,-0.3217,1.0841,-87.0972,-121.8872,-165.5273,1.4199,,
DATA,A004,5,670,974856,-0.8519,-0.3283,1.1134,-74.4629,-118.0420,-159.6069,1.4399,,
DATA,A004,5,671,974866,-0.7911,-0.2438,1.1058,-55.4810,-121.2769,-147.9492,1.3814,,
DATA,A004,5,672,974876,-0.7662,-0.1838,1.1027,-49.1333,-127.3193,-138.0005,1.3553,,
DATA,A004,5,673,974886,-0.7618,-0.1350,1.0148,-43.0298,-135.9253,-127.9907,1.2761,,
DATA,A004,5,674,974896,-0.7496,-0.1804,0.9359,-44.1284,-141.8457,-120.4224,1.2126,,
DATA,A004,5,675,974906,-0.6297,-0.3889,0.9386,-41.1377,-151.9775,-107.2388,1.1953,,
DATA,A004,5,676,974916,-0.5399,-0.4980,0.9801,-27.4658,-150.8179,-100.2197,1.2248,,
DATA,A004,5,677,974926,-0.4388,-0.5927,1.0875,0.1221,-132.9346,-89.1724,1.3140,,
DATA,A004,5,678,974936,-0.4274,-0.6711,1.2213,16.3574,-115.1123,-77.3926,1.4576,,
DATA,A004,5,679,974946,-0.5663,-0.6818,1.4620,50.8423,-84.3506,-57.0679,1.7097,,
DATA,A004,5,680,974956,-0.7176,-0.5478,1.6207,80.5054,-64.0869,-46.0815,1.8552,,
DATA,A004,5,681,974966,-0.8495,-0.2177,1.8771,120.7275,-42.1143,-36.1328,2.0718,,
DATA,A004,5,682,974976,-0.8375,-0.0356,1.9903,134.5825,-33.9355,-31.9214,2.1597,,
DATA,A004,5,683,974986,-0.6891,0.0298,2.1705,130.3711,-20.4468,-33.6914,2.2775,,
DATA,A004,5,684,974996,-0.5680,-0.0417,2.2101,114.2578,-3.1128,-35.9497,2.2823,,
DATA,A004,5,685,975006,-0.3993,-0.1625,2.2674,91.0034,31.6772,-29.9683,2.3081,,
DATA,A004,5,686,975016,-0.3534,-0.2062,2.2277,72.5708,47.1191,-20.4468,2.2649,,
DATA,A004,5,687,975026,-0.3595,-0.2797,2.1263,31.1890,47.7905,-2.0142,2.1746,,
DATA,A004,5,688,975036,-0.4142,-0.3561,1.9576,1.8311,37.2314,12.4512,2.0324,,
DATA,A004,5,689,975046,-0.4471,-0.4684,1.5968,-24.4751,24.4141,27.7710,1.7231,,
DATA,A004,5,690,975056,-0.4249,-0.5163,1.4108,-25.2686,29.9683,32.5928,1.5612,,
DATA,A004,5,691,975066,-0.4173,-0.5361,1.2887,-17.5781,46.9360,33.5693,1.4568,,
DATA,A004,5,692,975076,-0.4632,-0.5014,1.1798,-0.9155,83.1299,28.2593,1.3631,,
DATA,A004,5,693,975086,-0.5697,-0.4558,1.0880,8.0566,101.5625,22.5830,1.3100,,
DATA,A004,5,694,975096,-0.7303,-0.3718,1.0538,22.5830,118.5303,11.1694,1.3350,,
DATA,A004,5,695,975106,-0.7999,-0.3168,1.0560,33.6304,117.8589,6.7139,1.3621,,
DATA,A004,5,696,975116,-0.7987,-0.2119,1.0812,46.8140,86.1206,8.6670,1.3608,,
DATA,A004,5,697,975126,-0.7159,-0.1359,1.0641,50.7812,52.7954,13.4277,1.2897,,
DATA,A004,5,698,975136,-0.4996,-0.0903,1.0470,47.1191,10.6812,24.4141,1.1636,,
DATA,A004,5,699,975146,-0.3304,-0.0817,1.0516,43.0908,-3.5400,33.1421,1.1053,,
DATA,A004,5,700,975156,-0.1346,-0.0417,1.0709,41.6870,3.8452,49.0723,1.0801,,
DATA,A004,5,701,975166,-0.1300,0.0115,1.0582,42.7856,18.1885,62.9883,1.0662,,
DATA,A004,5,702,975176,-0.2872,0.0779,1.0507,41.6260,41.9312,74.9512,1.0920,,
DATA,A004,5,703,975186,-0.4371,0.0789,1.0587,38.5742,52.6123,76.6602,1.1481,,
DATA,A004,5,704,975196,-0.6991,-0.0009,1.1112,32.5928,49.8657,78.9795,1.3128,,
DATA,A004,5,705,975206,-0.8304,-0.0556,1.0968,33.9355,39.7339,76.5991,1.3768,,
DATA,A004,5,706,975216,-0.7745,-0.1254,0.9545,45.3491,21.6675,65.6128,1.2356,,
DATA,A004,5,707,975226,-0.7765,-0.2385,0.6854,41.9312,16.4795,65.6128,1.0628,,
DATA,A004,5,708,975236,-0.5409,-0.4592,0.7718,53.7109,17.7002,38.9404,1.0484,,
DATA,A004,5,709,975246,-0.4740,-0.4572,0.9293,72.0215,26.7334,25.8789,1.1390,,
DATA,A004,5,710,975256,-0.7584,-0.2551,1.0992,92.8345,23.1934,18.5547,1.3596,,
DATA,A004,5,711,975266,-1.0353,-0.0698,1.1976,97.7783,0.4272,4.7607,1.5846,,
DATA,A004,5,712,975276,-1.3075,0.1343,1.2867,82.0923,-50.5981,-26.1841,1.8394,,
DATA,A004,5,713,975286,-1.2433,0.1697,1.3243,60.8521,-85.3882,-45.0439,1.8244,,
DATA,A004,5,714,975296,-0.7213,0.0992,1.3019,28.8696,-132.9956,-57.5562,1.4916,,
DATA,A004,5,715,975306,-0.2987,0.0284,1.3243,18.7378,-140.5029,-56.2134,1.3579,,
DATA,A004,5,716,975316,0.1574,-0.0361,1.3009,12.5122,-103.4546,-42.3584,1.3109,,
DATA,A004,5,717,975326,0.3068,-0.0839,1.1669,8.4229,-64.6362,-31.5552,1.2094,,
DATA,A004,5,718,975336,0.2477,-0.2009,0.9620,11.8408,7.4463,-15.4419,1.0135,,
DATA,A004,5,719,975346,0.1449,-0.2648,0.7040,24.7192,50.2319,-9.0942,0.7660,,
DATA,A004,5,720,975356,-0.1429,-0.3315,0.5587,52.7344,59.2041,-12.0850,0.6652,,
DATA,A004,5,721,975366,-0.3871,-0.2463,0.7482,78.7354,38.1470,-20.9351,0.8776,,
DATA,A004,5,722,975376,-0.6932,0.0823,1.1195,101.0742,-5.5542,-41.6260,1.3193,,
DATA,A004,5,723,975386,-0.7640,0.2523,1.2274,91.4307,-40.0391,-58.4717,1.4676,,
DATA,A004,5,724,975396,-0.6500,0.2435,1.3292,62.5610,-94.6045,-83.0688,1.4995,,
DATA,A004,5,725,975406,-0.5665,0.1497,1.2269,49.8047,-126.0986,-93.2007,1.3597,,
DATA,A004,5,726,975416,-0.5470,0.0308,1.1075,44.6777,-146.3623,-99.7314,1.2356,,
DATA,A004,5,727,975426,-0.3268,-0.0510,1.0216,50.2930,-149.4751,-109.6802,1.0738,,
DATA,A004,5,728,975436,-0.1210,-0.0395,1.0106,52.1851,-143.5547,-105.5298,1.0186,,
DATA,A004,5,729,975446,0.0590,0.0584,1.0199,49.1333,-116.8213,-91.9189,1.0233,,
DATA,A004,5,730,975456,0.1037,0.1414,1.0179,42.6636,-88.8672,-90.0269,1.0329,,
DATA,A004,5,731,975466,0.1029,0.2022,0.9664,27.5879,-37.3535,-94.4214,0.9927,,
DATA,A004,5,732,975476,0.0560,0.1754,0.8964,18.4326,-5.0659,-94.6655,0.9151,,
DATA,A004,5,733,975486,-0.0399,0.1060,0.8280,15.9912,24.2310,-91.8579,0.8357,,
DATA,A004,5,734,975496,-0.0848,0.0853,0.7877,21.3013,32.0435,-88.1958,0.7968,,
DATA,A004,5,735,975506,-0.1073,0.1004,0.7220,28.9917,26.9165,-81.2988,0.7368,,
DATA,A004,5,736,975516,-0.0939,0.1270,0.6830,30.8838,12.2070,-78.4912,0.7010,,
DATA,A004,5,737,975526,-0.0990,0.1663,0.6437,30.1514,-17.2729,-78.9185,0.6721,,
DATA,A004,5,738,975536,-0.1017,0.1827,0.6361,29.1138,-33.7524,-82.3975,0.6696,,
DATA,A004,5,739,975546,-0.0487,0.1724,0.6434,28.1372,-47.8516,-88.7451,0.6679,,
DATA,A004,5,740,975556,0.0001,0.1524,0.6581,28.0762,-50.1709,-90.6372,0.6755,,
DATA,A004,5,741,975566,0.0656,0.1312,0.7357,29.4189,-47.8516,-90.3931,0.7502,,
DATA,A004,5,742,975576,0.0807,0.1304,0.7631,28.1982,-46.9971,-88.9893,0.7783,,
DATA,A004,5,743,975586,0.0858,0.1109,0.7921,23.5596,-48.8281,-86.9141,0.8044,,
DATA,A004,5,744,975596,0.1640,0.1666,0.8361,19.7754,-47.3022,-84.5947,0.8681,,
DATA,A004,5,745,975606,0.4696,0.4446,0.8404,-21.6064,-8.1177,-66.4673,1.0605,,
DATA,A004,5,746,975616,0.2545,0.2303,0.8155,-51.4526,35.7666,-67.0776,0.8848,,
DATA,A004,5,747,975626,-0.0345,-0.0913,0.7443,-43.0298,65.2466,-89.9658,0.7506,,
DATA,A004,5,748,975636,-0.0865,-0.1301,0.7311,-19.4702,48.2178,-85.9375,0.7476,,
DATA,A004,5,749,975646,-0.4147,-0.5246,0.9371,40.6494,14.6484,-58.1665,1.1512,,
DATA,A004,5,750,975656,0.0292,0.4617,0.7999,61.7676,-49.1333,-59.6313,0.9241,,
DATA,A004,5,751,975666,-0.0484,0.4639,0.7701,-6.5918,-74.9512,-73.7305,0.9004,,
DATA,A004,5,752,975676,-0.0702,0.0015,0.7118,-23.9868,-78.4912,-68.3594,0.7152,,
DATA,A004,5,753,975686,0.1085,-0.2675,0.3859,35.6445,-96.2524,-48.4009,0.4819,,
DATA,A004,5,754,975696,0.3419,-0.0544,0.7215,115.9058,-77.2095,-40.2222,0.8003,,
DATA,A004,5,755,975706,0.2880,0.1690,0.8216,69.9463,-71.7163,-10.3760,0.8869,,
DATA,A004,5,756,975716,-0.0165,0.1981,0.6798,31.7993,-40.5273,-6.7749,0.7083,,
DATA,A004,5,757,975726,0.0343,0.1885,0.6849,27.0386,-54.2603,-49.3164,0.7112,,
DATA,A004,5,758,975736,-0.0079,0.4791,0.6847,20.3247,-75.7446,-19.1650,0.8357,,
DATA,A004,5,759,975746,0.1515,0.3880,0.6620,-1.1597,-92.1631,2.4414,0.7821,,
DATA,A004,5,760,975756,0.1815,0.0540,0.6654,1.4648,-107.8491,-19.9585,0.6918,,
DATA,A004,5,761,975766,0.2155,-0.0422,0.6778,15.9302,-96.4355,-27.2827,0.7125,,
DATA,A004,5,762,975776,0.1727,-0.1274,0.6661,40.3442,-83.8013,-18.0664,0.6999,,
DATA,A004,5,763,975786,0.0419,0.1692,0.7809,55.2368,-75.9277,-21.4233,0.8001,,
DATA,A004,5,764,975796,0.0368,0.2498,0.7572,29.4800,-75.7446,-17.0898,0.7982,,
DATA,A004,5,765,975806,0.0934,0.1778,0.7406,16.1743,-77.3315,-16.1743,0.7673,,
DATA,A004,5,766,975816,0.2079,0.1634,0.7718,18.1274,-69.0918,-13.3667,0.8159,,
DATA,A004,5,767,975826,0.2543,0.1248,0.7963,11.8408,-56.3354,-11.7188,0.8451,,
DATA,A004,5,768,975836,0.2323,0.0955,0.8370,3.2959,-31.4941,-17.3950,0.8739,,
DATA,A004,5,769,975846,0.2550,0.1019,0.8622,-4.0283,-18.8599,-20.3857,0.9049,,
DATA,A004,5,770,975856,0.2963,0.1568,0.9188,-13.3667,2.6855,-19.4702,0.9781,,
DATA,A004,5,771,975866,0.2445,0.1431,0.9195,-17.5781,18.6768,-20.3857,0.9622,,
DATA,A004,5,772,975876,0.1281,0.1907,0.8717,-9.8267,26.1841,-19.6533,0.9015,,
DATA,A004,5,773,975886,0.1261,0.1822,0.9076,-8.3618,27.8320,-17.3950,0.9342,,
DATA,A004,5,774,975896,0.1486,0.0655,0.8810,-4.4556,21.2402,-9.1553,0.8958,,
DATA,A004,5,775,975906,0.1288,0.0926,0.9044,1.9531,11.2305,-5.3101,0.9182,,
DATA,A004,5,776,975916,0.0665,0.0430,0.9403,-3.4180,0.0610,-4.3945,0.9436,,
DATA,A004,5,777,975926,0.0285,0.0767,0.9569,-1.2817,-18.1885,-3.2959,0.9604,,
DATA,A004,5,778,975936,0.0233,0.1441,0.9752,6.3477,-47.7905,2.6855,0.9861,,
DATA,A004,5,779,975946,0.1163,0.1556,0.9574,9.0942,-60.6079,9.4604,0.9769,,
DATA,A004,5,780,975956,0.1517,0.1097,0.9254,10.8643,-70.8618,11.0474,0.9442,,
DATA,A004,5,781,975966,0.1918,0.1072,0.9210,14.7705,-77.7588,8.3618,0.9469,,
DATA,A004,5,782,975976,0.2682,0.1177,0.9000,19.0430,-79.0405,-1.5869,0.9465,,
DATA,A004,5,783,975986,0.2609,0.1680,0.8927,20.0806,-77.5757,-8.1787,0.9451,,
DATA,A004,5,784,975996,0.2880,0.1439,0.8986,20.8130,-74.7681,-5.6763,0.9545,,
DATA,A004,5,785,976006,0.3041,0.1500,0.8959,20.6299,-70.3735,-2.7466,0.9579,,
DATA,A004,5,786,976016,0.3129,0.1119,0.9308,21.6064,-62.7441,0.3662,0.9883,,
DATA,A004,5,787,976026,0.3532,0.0919,0.9425,23.6816,-58.1055,7.5073,1.0107,,
DATA,A004,5,788,976036,0.3805,0.0775,0.9672,22.6440,-48.2178,13.3667,1.0422,,
DATA,A004,5,789,976046,0.3995,0.1046,0.9674,19.4092,-38.8794,12.3291,1.0519,,
DATA,A004,5,790,976056,0.3937,0.1111,0.9437,15.5029,-26.1841,13.8550,1.0286,,
DATA,A004,5,791,976066,0.4057,0.0994,0.9427,12.2070,-20.4468,11.5356,1.0311,,
DATA,A004,5,792,976076,0.3927,0.1026,0.9305,8.3618,-11.4136,6.4697,1.0152,,
DATA,A004,5,793,976086,0.3578,0.0982,0.9239,8.4839,-7.9956,3.1738,0.9957,,
DATA,A004,5,794,976096,0.3556,0.0975,0.9147,9.0942,-6.5918,1.8311,0.9862,,
DATA,A004,5,795,976106,0.3012,0.0237,0.4344,9.1553,-6.5918,3.7842,0.5291,,
DATA,A004,5,796,976116,0.3361,0.0853,0.8632,8.2397,-14.7095,5.0049,0.9302,,
DATA,A004,5,797,976126,0.3751,0.1214,0.9103,5.4321,-22.2778,1.2817,0.9920,,
DATA,A004,5,798,976136,0.3737,0.1219,0.9088,4.3335,-25.4517,-0.2441,0.9902,,
DATA,A004,5,799,976146,0.4108,0.1385,0.8863,5.1880,-27.8320,1.0376,0.9867,,
DATA,A004,5,800,976156,0.4411,0.1158,0.8951,6.1035,-25.1465,4.9438,1.0046,,
DATA,A004,5,801,976166,0.4642,0.1319,0.8993,4.6997,-14.8315,13.1226,1.0206,,
DATA,A004,5,802,976176,0.4664,0.1046,0.8912,4.5166,-7.3242,17.4561,1.0113,,
DATA,A004,5,803,976186,0.4808,0.1033,0.9112,3.4180,3.0518,20.8740,1.0355,,
DATA,A004,5,804,976196,0.4860,0.1109,0.9071,-0.6714,12.9395,22.1558,1.0350,,
DATA,A004,5,805,976206,0.4557,0.0975,0.8785,-6.7749,28.9917,24.0479,0.9945,,
DATA,A004,5,806,976216,0.4694,0.1033,0.8802,-12.0239,39.1846,25.8789,1.0029,,
EVENT,A004,5,,976225,,,,,,,,STOP,806
