row_type,session_id,record_id,sample_id,device_timestamp_ms,ax,ay,az,gx,gy,gz,acc_norm,event_type,sample_count
EVENT,A001,,,19778,,,,,,,,NEW_SESSION,
EVENT,A001,,,22755,,,,,,,,NEW_SESSION,
EVENT,A001,1,,67390,,,,,,,,START,
DATA,A001,1,1,67413,0.1925,0.3190,1.0459,5.3711,0.6104,15.2588,1.1103,,
DATA,A001,1,2,67424,0.2284,0.3137,1.0047,5.5542,1.3428,19.3481,1.0770,,
DATA,A001,1,3,67434,0.2518,0.2917,0.9510,4.0283,5.5542,19.5923,1.0261,,
DATA,A001,1,4,67444,0.3016,0.2741,0.8794,7.2021,15.4419,19.1650,0.9693,,
DATA,A001,1,5,67454,0.3163,0.3102,0.8396,6.6528,22.6440,21.1792,0.9493,,
DATA,A001,1,6,67464,0.3311,0.3557,0.7950,8.5449,39.9170,22.0337,0.9317,,
DATA,A001,1,7,67474,0.3905,0.2331,0.7168,11.6577,45.2271,25.6958,0.8489,,
DATA,A001,1,8,67484,0.1449,0.2770,0.8616,37.7197,36.6211,25.2075,0.9166,,
DATA,A001,1,9,67494,0.1390,0.3210,0.8811,36.3159,40.0391,23.5596,0.9480,,
DATA,A001,1,10,67504,0.1436,0.3139,0.9290,29.7241,34.9121,28.1372,0.9911,,
DATA,A001,1,11,67514,0.1275,0.2995,0.9336,24.4141,31.1279,23.0103,0.9888,,
DATA,A001,1,12,67524,0.1444,0.2839,0.9305,22.5830,21.7285,18.3716,0.9835,,
DATA,A001,1,13,67534,0.1961,0.2822,0.9212,23.6206,19.8975,20.0195,0.9832,,
DATA,A001,1,14,67544,0.2401,0.2932,0.9349,25.1465,25.3296,20.8740,1.0087,,
DATA,A001,1,15,67554,0.2198,0.3251,0.9363,20.3857,33.8135,20.0806,1.0152,,
DATA,A001,1,16,67564,0.2027,0.3222,0.9395,17.2729,37.9639,19.8364,1.0137,,
DATA,A001,1,17,67574,0.1351,0.2824,0.9214,20.2637,38.0249,17.0288,0.9732,,
DATA,A001,1,18,67584,0.1175,0.2883,0.9092,25.4517,32.1045,17.6392,0.9610,,
DATA,A001,1,19,67594,0.1456,0.3312,0.8963,32.3486,21.9727,22.1558,0.9666,,
DATA,A001,1,20,67604,0.1759,0.3561,0.8848,32.4097,18.8599,24.7803,0.9699,,
DATA,A001,1,21,67614,0.1725,0.3452,0.8592,31.7383,20.8740,21.6064,0.9418,,
DATA,A001,1,22,67624,0.1759,0.3491,0.8523,31.0669,23.2544,22.5830,0.9377,,
DATA,A001,1,23,67634,0.1839,0.3708,0.8262,28.9917,29.2358,25.6348,0.9241,,
DATA,A001,1,24,67644,0.1649,0.3849,0.8059,28.2593,33.9966,25.5127,0.9083,,
DATA,A001,1,25,67654,0.1515,0.3776,0.7583,25.6348,41.6260,25.7568,0.8606,,
DATA,A001,1,26,67664,0.1295,0.3405,0.7320,28.4424,46.4478,27.2827,0.8176,,
DATA,A001,1,27,67674,0.3206,0.4785,0.6917,38.0249,56.3354,37.2314,0.9001,,
DATA,A001,1,28,67684,0.6617,0.3232,0.6050,69.6411,66.3452,105.7129,0.9531,,
DATA,A001,1,29,67694,0.1720,0.5361,0.6766,63.9648,144.8364,67.1997,0.8802,,
DATA,A001,1,30,67704,0.0172,0.6411,0.5926,40.7715,159.1187,36.6821,0.8731,,
DATA,A001,1,31,67714,-0.0668,0.4223,0.5516,21.8506,153.4424,34.1797,0.6979,,
DATA,A001,1,32,67724,0.0138,0.3664,0.5218,35.5835,145.0806,47.6685,0.6377,,
DATA,A001,1,33,67734,0.0797,0.4177,0.4981,60.1196,148.0103,59.6313,0.6549,,
DATA,A001,1,34,67744,0.1197,0.4753,0.4659,66.3452,162.0483,64.6362,0.6762,,
DATA,A001,1,35,67754,0.1278,0.5095,0.4246,68.3594,198.0591,70.5566,0.6754,,
DATA,A001,1,36,67764,0.0999,0.5141,0.4002,71.5332,223.8770,72.6318,0.6591,,
DATA,A001,1,37,67774,0.0670,0.5178,0.3907,79.2847,261.1694,77.2095,0.6521,,
DATA,A001,1,38,67784,0.0025,0.5331,0.3975,84.5947,284.2407,79.9561,0.6650,,
DATA,A001,1,39,67794,-0.0404,0.5671,0.3794,93.9941,310.9741,85.5713,0.6835,,
DATA,A001,1,40,67804,-0.0605,0.5829,0.3636,101.3184,326.2329,91.3696,0.6897,,
DATA,A001,1,41,67814,-0.0915,0.6298,0.3401,111.2061,345.7642,100.9521,0.7216,,
DATA,A001,1,42,67824,-0.1005,0.6447,0.3348,113.8916,357.6660,109.5581,0.7334,,
DATA,A001,1,43,67834,-0.1303,0.6481,0.3301,116.8213,371.8872,124.5117,0.7389,,
DATA,A001,1,44,67844,-0.1833,0.7014,0.3404,121.2769,381.4087,134.1553,0.8008,,
DATA,A001,1,45,67854,-0.2882,0.8005,0.3670,120.6055,391.7236,153.0762,0.9266,,
DATA,A001,1,46,67864,-0.4652,0.8857,0.3746,114.3188,394.1650,166.9312,1.0683,,
DATA,A001,1,47,67874,-0.6278,0.9863,0.3990,107.4829,386.9629,168.4570,1.2353,,
DATA,A001,1,48,67884,-0.6449,1.0161,0.4004,104.3701,381.5918,166.8091,1.2683,,
DATA,A001,1,49,67894,-0.6430,1.0517,0.3953,101.8066,376.0986,168.2129,1.2945,,
DATA,A001,1,50,67904,-0.6200,1.0893,0.3687,94.4824,372.4365,169.6167,1.3065,,
DATA,A001,1,51,67914,-0.6110,1.1049,0.3636,87.8296,370.8496,168.2129,1.3139,,
DATA,A001,1,52,67924,-0.6122,1.1152,0.3584,81.4209,366.3330,166.1377,1.3217,,
DATA,A001,1,53,67934,-0.6320,1.1652,0.3641,74.7070,357.6660,166.4429,1.3747,,
DATA,A001,1,54,67944,-0.6774,1.1774,0.3484,56.8848,338.5620,165.1611,1.4024,,
DATA,A001,1,55,67954,-0.6762,1.1464,0.3291,44.9219,321.5942,164.6118,1.3711,,
DATA,A001,1,56,67964,-0.6525,1.0900,0.2876,33.2031,298.2788,165.7104,1.3026,,
DATA,A001,1,57,67974,-0.6313,1.0297,0.2564,29.5410,285.6445,166.3818,1.2347,,
DATA,A001,1,58,67984,-0.6222,1.0878,0.2229,29.3579,273.6206,168.8232,1.2729,,
DATA,A001,1,59,67994,-0.6242,1.1198,0.2029,23.6816,266.7236,170.5933,1.2980,,
DATA,A001,1,60,68004,-0.6210,1.1281,0.1670,11.2305,254.6387,171.3257,1.2985,,
DATA,A001,1,61,68014,-0.6276,1.1296,0.1560,5.1880,246.5820,170.6543,1.3016,,
DATA,A001,1,62,68024,-0.6278,1.1030,0.1267,0.4272,235.6567,168.4570,1.2755,,
DATA,A001,1,63,68034,-0.6391,1.1401,0.1172,0.7324,228.0884,166.7480,1.3122,,
DATA,A001,1,64,68044,-0.6571,1.1874,0.1324,-3.6011,211.6089,162.5366,1.3636,,
DATA,A001,1,65,68054,-0.6689,1.2014,0.1355,-9.7046,198.1812,158.3252,1.3817,,
DATA,A001,1,66,68064,-0.6886,1.1945,0.1485,-17.6392,172.8516,149.1699,1.3868,,
DATA,A001,1,67,68074,-0.6896,1.1794,0.1509,-21.1792,154.1748,141.8457,1.3745,,
DATA,A001,1,68,68084,-0.6659,1.1586,0.1387,-23.8037,126.8921,129.6387,1.3435,,
DATA,A001,1,69,68094,-0.6422,1.1389,0.1197,-24.9634,111.6333,120.8496,1.3129,,
DATA,A001,1,70,68104,-0.5978,1.1098,0.1016,-25.4517,93.2617,106.3232,1.2647,,
DATA,A001,1,71,68114,-0.5663,1.0820,0.0928,-25.0854,84.0454,96.8628,1.2247,,
DATA,A001,1,72,68124,-0.5390,1.0490,0.0804,-23.7427,73.3643,81.6040,1.1821,,
DATA,A001,1,73,68134,-0.5182,1.0209,0.0857,-21.6064,67.0166,71.0449,1.1481,,
DATA,A001,1,74,68144,-0.5033,0.9802,0.0855,-15.7471,58.2275,56.8237,1.1052,,
DATA,A001,1,75,68154,-0.4892,1.0139,0.0913,-11.4746,52.9785,47.6074,1.1294,,
DATA,A001,1,76,68164,-0.4582,1.0043,0.1155,-12.5122,44.0674,35.3394,1.1099,,
DATA,A001,1,77,68174,-0.4379,0.9853,0.1072,-14.3433,40.1611,26.5503,1.0835,,
DATA,A001,1,78,68184,-0.4079,0.9538,0.1014,-13.9160,37.5366,14.6484,1.0423,,
DATA,A001,1,79,68194,-0.3932,0.9494,0.1001,-12.1460,37.9028,7.7515,1.0325,,
DATA,A001,1,80,68204,-0.3822,0.9511,0.0884,-10.9863,39.1846,1.0376,1.0289,,
DATA,A001,1,81,68214,-0.3683,0.9506,0.0679,-11.0474,42.3584,-8.1787,1.0217,,
DATA,A001,1,82,68224,-0.3593,0.9487,0.0581,-11.3525,45.1050,-13.3057,1.0161,,
DATA,A001,1,83,68234,-0.3669,0.9396,0.0501,-11.2305,47.4243,-19.5923,1.0100,,
DATA,A001,1,84,68244,-0.3727,0.9330,0.0562,-10.2539,47.4243,-23.0103,1.0063,,
DATA,A001,1,85,68254,-0.3720,0.9404,0.0684,-8.2397,44.6777,-27.5879,1.0136,,
DATA,A001,1,86,68264,-0.3700,0.9621,0.0760,-7.3853,41.9922,-30.3345,1.0336,,
DATA,A001,1,87,68274,-0.3581,0.9736,0.0811,-7.5684,37.9028,-34.4849,1.0405,,
DATA,A001,1,88,68284,-0.3485,0.9687,0.0823,-8.9111,35.4614,-37.2925,1.0328,,
DATA,A001,1,89,68294,-0.3398,0.9518,0.0843,-10.3760,32.6538,-41.1987,1.0142,,
DATA,A001,1,90,68304,-0.3317,0.9362,0.0916,-9.9487,30.2124,-43.3350,0.9975,,
DATA,A001,1,91,68314,-0.3227,0.9277,0.0989,-8.4229,26.7944,-45.9595,0.9872,,
DATA,A001,1,92,68324,-0.3214,0.9238,0.1084,-7.3853,24.4141,-47.3633,0.9841,,
DATA,A001,1,93,68334,-0.3131,0.9294,0.1216,-6.5308,20.0806,-48.5229,0.9882,,
DATA,A001,1,94,68344,-0.3068,0.9306,0.1206,-6.5918,17.5171,-49.1943,0.9873,,
DATA,A001,1,95,68354,-0.2885,0.9287,0.1148,-6.5918,14.8315,-49.4995,0.9792,,
DATA,A001,1,96,68364,-0.2748,0.9269,0.1126,-6.2866,14.6484,-49.2554,0.9734,,
DATA,A001,1,97,68374,-0.2660,0.9243,0.1048,-5.2490,15.5640,-48.4619,0.9675,,
DATA,A001,1,98,68384,-0.2665,0.9221,0.1023,-4.0894,16.6016,-47.3633,0.9652,,
DATA,A001,1,99,68394,-0.2704,0.9203,0.1028,-2.2583,16.8457,-44.9219,0.9647,,
DATA,A001,1,100,68404,-0.2724,0.9203,0.1075,-0.9155,15.5640,-42.9688,0.9658,,
DATA,A001,1,101,68414,-0.2738,0.9240,0.1165,0.5493,12.0239,-39.5508,0.9707,,
DATA,A001,1,102,68424,-0.2743,0.9184,0.1197,1.3428,8.9111,-37.2925,0.9659,,
DATA,A001,1,103,68434,-0.2648,0.9135,0.1275,2.5635,4.6387,-33.6304,0.9596,,
DATA,A001,1,104,68444,-0.2650,0.9147,0.1321,3.6011,2.3804,-31.1279,0.9615,,
DATA,A001,1,105,68454,-0.2631,0.9177,0.1375,5.2490,-0.4272,-27.2217,0.9645,,
DATA,A001,1,106,68464,-0.2663,0.9135,0.1399,5.8594,-2.6855,-24.7803,0.9618,,
DATA,A001,1,107,68474,-0.2685,0.9186,0.1429,6.5918,-6.5308,-21.1792,0.9677,,
DATA,A001,1,108,68484,-0.2663,0.9147,0.1436,7.3853,-9.3994,-18.6157,0.9635,,
DATA,A001,1,109,68494,-0.2611,0.9240,0.1416,8.7280,-13.5498,-14.8926,0.9706,,
DATA,A001,1,110,68504,-0.2558,0.9296,0.1412,9.6436,-16.2964,-12.6953,0.9744,,
DATA,A001,1,111,68514,-0.2575,0.9387,0.1429,10.3149,-19.9585,-9.7046,0.9838,,
DATA,A001,1,112,68524,-0.2543,0.9391,0.1470,10.4370,-22.2168,-7.8125,0.9840,,
DATA,A001,1,113,68534,-0.2555,0.9391,0.1534,10.1929,-25.0854,-5.8594,0.9853,,
DATA,A001,1,114,68544,-0.2524,0.9391,0.1570,9.8877,-29.4189,-2.9907,0.9851,,
DATA,A001,1,115,68554,-0.2487,0.9435,0.1570,9.3994,-32.0435,-1.3428,0.9883,,
DATA,A001,1,116,68564,-0.2355,0.9409,0.1529,8.2397,-34.4849,0.8545,0.9819,,
DATA,A001,1,117,68574,-0.2301,0.9423,0.1531,7.5073,-34.7290,2.2583,0.9820,,
DATA,A001,1,118,68584,-0.2233,0.9433,0.1487,6.8359,-33.3862,4.0283,0.9807,,
DATA,A001,1,119,68594,-0.2253,0.9435,0.1463,6.6528,-31.8604,5.1270,0.9810,,
DATA,A001,1,120,68604,-0.2204,0.9462,0.1465,6.2256,-28.6255,6.5918,0.9825,,
DATA,A001,1,121,68614,-0.2199,0.9487,0.1487,5.8594,-25.8789,7.4463,0.9851,,
DATA,A001,1,122,68624,-0.2199,0.9465,0.1490,4.9438,-20.9961,8.6060,0.9830,,
DATA,A001,1,123,68634,-0.2191,0.9518,0.1468,4.3335,-17.6392,9.2163,0.9877,,
DATA,A001,1,124,68644,-0.2216,0.9521,0.1455,4.1504,-12.3901,10.3149,0.9883,,
DATA,A001,1,125,68654,-0.2240,0.9550,0.1441,3.4790,-9.0332,10.8643,0.9915,,
DATA,A001,1,126,68664,-0.2292,0.9536,0.1404,2.6855,-4.3335,11.6577,0.9907,,
DATA,A001,1,127,68674,-0.2355,0.9521,0.1431,2.1362,-1.3428,12.3291,0.9912,,
DATA,A001,1,128,68684,-0.2433,0.9460,0.1438,1.5259,1.9531,13.1226,0.9873,,
DATA,A001,1,129,68694,-0.2489,0.9438,0.1394,1.1597,3.6011,13.6108,0.9860,,
DATA,A001,1,130,68704,-0.2555,0.9482,0.1375,0.8545,5.3711,14.2822,0.9916,,
DATA,A001,1,131,68714,-0.2604,0.9443,0.1370,0.4883,5.9204,14.7705,0.9891,,
DATA,A001,1,132,68724,-0.2658,0.9487,0.1370,-0.1831,6.4697,15.3809,0.9947,,
DATA,A001,1,133,68734,-0.2702,0.9440,0.1350,-0.8545,6.1035,15.5029,0.9912,,
DATA,A001,1,134,68744,-0.2692,0.9384,0.1277,-1.0376,5.7373,15.9912,0.9846,,
DATA,A001,1,135,68754,-0.2724,0.9355,0.1253,-1.2817,5.3711,16.2354,0.9824,,
DATA,A001,1,136,68764,-0.2702,0.9387,0.1221,-0.7935,5.4321,16.5405,0.9844,,
DATA,A001,1,137,68774,-0.2709,0.9377,0.1206,-0.7324,5.4932,16.7847,0.9835,,
DATA,A001,1,138,68784,-0.2726,0.9423,0.1194,-0.7324,6.1646,16.9067,0.9882,,
DATA,A001,1,139,68794,-0.2733,0.9413,0.1211,-1.0376,6.5918,16.9678,0.9877,,
DATA,A001,1,140,68804,-0.2775,0.9404,0.1172,-0.9155,7.3853,16.9678,0.9874,,
DATA,A001,1,141,68814,-0.2746,0.9406,0.1180,-0.5493,7.6294,17.0288,0.9869,,
DATA,A001,1,142,68824,-0.2787,0.9455,0.1187,0.0000,7.9346,16.9678,0.9928,,
DATA,A001,1,143,68834,-0.2804,0.9457,0.1184,0.0610,7.8735,16.8457,0.9935,,
DATA,A001,1,144,68844,-0.2809,0.9465,0.1143,-0.1221,8.1177,16.4185,0.9939,,
DATA,A001,1,145,68854,-0.2834,0.9431,0.1111,0.1831,8.1177,16.0522,0.9910,,
DATA,A001,1,146,68864,-0.2858,0.9428,0.1089,0.7324,7.8125,15.8081,0.9912,,
DATA,A001,1,147,68874,-0.2836,0.9462,0.1119,0.9766,7.3853,15.0146,0.9941,,
DATA,A001,1,148,68884,-0.2851,0.9428,0.1136,0.9155,7.2021,14.4043,0.9915,,
DATA,A001,1,149,68894,-0.2816,0.9413,0.1136,0.7935,7.0190,13.1836,0.9891,,
DATA,A001,1,150,68904,-0.2804,0.9413,0.1155,1.1597,7.2632,12.5732,0.9890,,
DATA,A001,1,151,68914,-0.2819,0.9394,0.1123,1.5869,7.3853,11.2915,0.9872,,
DATA,A001,1,152,68924,-0.2804,0.9409,0.1150,1.8311,7.3242,10.4370,0.9885,,
DATA,A001,1,153,68934,-0.2795,0.9384,0.1180,1.7090,7.2632,9.2163,0.9862,,
DATA,A001,1,154,68944,-0.2780,0.9404,0.1182,1.8311,7.1411,8.4839,0.9877,,
DATA,A001,1,155,68954,-0.2787,0.9428,0.1177,1.7700,7.6904,7.2632,0.9902,,
DATA,A001,1,156,68964,-0.2768,0.9467,0.1128,1.7700,8.1177,6.5918,0.9928,,
DATA,A001,1,157,68974,-0.2731,0.9511,0.1082,1.2817,9.6436,5.6763,0.9954,,
DATA,A001,1,158,68984,-0.2753,0.9428,0.1048,0.8545,10.2539,4.9438,0.9878,,
DATA,A001,1,159,68994,-0.2738,0.9426,0.1036,1.0986,11.5967,4.0894,0.9870,,
DATA,A001,1,160,69004,-0.2775,0.9399,0.1116,1.2817,11.5967,3.5400,0.9863,,
DATA,A001,1,161,69014,-0.2770,0.9387,0.1165,1.4648,11.1694,2.6245,0.9856,,
DATA,A001,1,162,69024,-0.2755,0.9323,0.1167,1.6479,10.4980,2.0142,0.9792,,
DATA,A001,1,163,69034,-0.2775,0.9374,0.1150,2.4414,9.5825,1.3428,0.9844,,
DATA,A001,1,164,69044,-0.2785,0.9406,0.1197,3.6011,9.2163,0.9766,0.9882,,
DATA,A001,1,165,69054,-0.2746,0.9443,0.1228,3.7842,8.4839,0.6714,0.9910,,
DATA,A001,1,166,69064,-0.2768,0.9460,0.1226,4.0283,8.1787,0.3662,0.9932,,
DATA,A001,1,167,69074,-0.2765,0.9494,0.1216,3.9062,7.5073,0.3052,0.9963,,
DATA,A001,1,168,69084,-0.2729,0.9489,0.1189,3.8452,6.8359,0.2441,0.9945,,
DATA,A001,1,169,69094,-0.2731,0.9487,0.1182,3.7842,6.4697,0.1831,0.9942,,
DATA,A001,1,170,69104,-0.2702,0.9482,0.1211,3.8452,6.1646,-0.2441,0.9933,,
DATA,A001,1,171,69114,-0.2675,0.9443,0.1236,3.7842,5.8594,-0.7935,0.9892,,
DATA,A001,1,172,69124,-0.2650,0.9445,0.1253,3.6011,5.6763,-1.2817,0.9890,,
DATA,A001,1,173,69134,-0.2607,0.9413,0.1255,3.6621,5.6152,-1.9531,0.9848,,
DATA,A001,1,174,69144,-0.2636,0.9394,0.1287,3.3569,6.0425,-2.4414,0.9841,,
DATA,A001,1,175,69154,-0.2648,0.9428,0.1272,3.1738,6.2866,-2.9907,0.9875,,
DATA,A001,1,176,69164,-0.2621,0.9384,0.1263,2.8687,6.4697,-3.1738,0.9825,,
DATA,A001,1,177,69174,-0.2643,0.9406,0.1255,2.5635,6.3477,-3.4180,0.9851,,
DATA,A001,1,178,69184,-0.2643,0.9379,0.1255,2.5024,6.2256,-3.3569,0.9825,,
DATA,A001,1,179,69194,-0.2619,0.9396,0.1275,2.1362,6.4697,-3.3569,0.9837,,
DATA,A001,1,180,69204,-0.2638,0.9362,0.1329,1.8311,6.5918,-2.9907,0.9817,,
DATA,A001,1,181,69214,-0.2707,0.9352,0.1407,1.4648,6.7139,-2.7466,0.9837,,
DATA,A001,1,182,69224,-0.2699,0.9287,0.1529,0.9766,6.7749,-1.8311,0.9791,,
DATA,A001,1,183,69234,-0.2785,0.9277,0.1541,0.8545,6.3477,-1.2207,0.9808,,
DATA,A001,1,184,69244,-0.2826,0.9323,0.1541,1.0376,5.3711,0.1221,0.9863,,
DATA,A001,1,185,69254,-0.2829,0.9399,0.1582,1.0986,4.3335,0.8545,0.9942,,
DATA,A001,1,186,69264,-0.2824,0.9582,0.1548,0.6104,2.3193,2.2583,1.0109,,
DATA,A001,1,187,69274,-0.2804,0.9736,0.1473,0.0610,1.5259,2.9297,1.0238,,
DATA,A001,1,188,69284,-0.2758,0.9985,0.1399,-0.9155,0.9766,4.2114,1.0453,,
DATA,A001,1,189,69294,-0.2736,1.0222,0.1333,-1.4038,1.2207,5.0659,1.0665,,
DATA,A001,1,190,69304,-0.2712,1.0529,0.1289,-2.5024,2.2583,6.2256,1.0949,,
DATA,A001,1,191,69314,-0.2714,1.0595,0.1282,-3.8452,3.4790,6.3477,1.1012,,
DATA,A001,1,192,69324,-0.2624,1.0580,0.1319,-7.3242,5.7983,5.7983,1.0980,,
DATA,A001,1,193,69334,-0.2619,1.0424,0.1343,-9.7046,7.6294,4.7607,1.0832,,
DATA,A001,1,194,69344,-0.2565,1.0026,0.1455,-12.1460,10.0708,2.5024,1.0451,,
DATA,A001,1,195,69354,-0.2509,0.9677,0.1524,-13.4277,11.6577,0.6714,1.0113,,
DATA,A001,1,196,69364,-0.2470,0.9238,0.1590,-15.1978,13.3057,-2.1973,0.9693,,
DATA,A001,1,197,69374,-0.2524,0.9057,0.1580,-15.6860,13.6719,-3.9062,0.9534,,
DATA,A001,1,198,69384,-0.2497,0.8925,0.1626,-15.5640,12.6343,-5.3101,0.9409,,
DATA,A001,1,199,69394,-0.2472,0.9042,0.1614,-15.6860,11.4136,-5.2490,0.9512,,
DATA,A001,1,200,69404,-0.2340,0.9438,0.1543,-17.8833,10.1929,-4.0283,0.9845,,
DATA,A001,1,201,69414,-0.2250,0.9636,0.1497,-21.1792,10.9253,-2.6855,1.0007,,
DATA,A001,1,202,69424,-0.2150,0.9826,0.1329,-27.5269,15.0757,-0.4883,1.0146,,
DATA,A001,1,203,69434,-0.2113,0.9936,0.1148,-31.7993,19.3481,0.7935,1.0223,,
DATA,A001,1,204,69444,-0.2006,0.9933,0.0913,-38.0859,27.0996,2.0752,1.0175,,
DATA,A001,1,205,69454,-0.1911,0.9897,0.0789,-41.8091,33.4473,2.5024,1.0110,,
DATA,A001,1,206,69464,-0.1798,0.9633,0.0642,-46.5698,43.6401,1.5869,0.9821,,
DATA,A001,1,207,69474,-0.1701,0.9455,0.0606,-48.8892,50.4761,-0.0610,0.9626,,
DATA,A001,1,208,69484,-0.1649,0.9289,0.0672,-49.6216,60.3638,-3.6621,0.9458,,
DATA,A001,1,209,69494,-0.1652,0.9245,0.0721,-48.5840,66.8335,-6.1035,0.9419,,
DATA,A001,1,210,69504,-0.1642,0.9352,0.0721,-46.6919,72.9980,-8.1177,0.9523,,
DATA,A001,1,211,69514,-0.1718,0.9636,0.0647,-42.7246,81.2378,-9.7656,0.9809,,
DATA,A001,1,212,69524,-0.1835,0.9865,0.0647,-39.8560,86.0596,-10.1318,1.0055,,
DATA,A001,1,213,69534,-0.1982,1.0190,0.0750,-35.5835,91.8579,-9.6436,1.0408,,
DATA,A001,1,214,69544,-0.2118,1.0344,0.0843,-33.0200,94.9707,-8.3618,1.0592,,
DATA,A001,1,215,69554,-0.2382,1.0373,0.1038,-29.7241,96.9238,-6.4087,1.0693,,
DATA,A001,1,216,69564,-0.2548,1.0180,0.1206,-28.5645,96.3135,-4.8828,1.0563,,
DATA,A001,1,217,69574,-0.2716,0.9604,0.1429,-27.0996,93.1396,-2.6855,1.0082,,
DATA,A001,1,218,69584,-0.2733,0.9157,0.1499,-25.3906,89.4165,-0.7324,0.9673,,
DATA,A001,1,219,69594,-0.2758,0.8574,0.1565,-20.0806,82.9468,2.7466,0.9141,,
DATA,A001,1,220,69604,-0.2777,0.8325,0.1580,-15.4419,78.0640,5.8594,0.8917,,
DATA,A001,1,221,69614,-0.2907,0.8071,0.1726,-8.3618,69.6411,11.4746,0.8750,,
DATA,A001,1,222,69624,-0.3022,0.7983,0.1822,-4.0283,63.4766,15.7471,0.8728,,
DATA,A001,1,223,69634,-0.3161,0.7936,0.1912,2.3804,52.9175,22.6440,0.8754,,
DATA,A001,1,224,69644,-0.3205,0.7890,0.2000,5.9814,45.3491,27.2827,0.8748,,
DATA,A001,1,225,69654,-0.3195,0.7922,0.2181,10.1318,34.7290,33.5083,0.8816,,
DATA,A001,1,226,69664,-0.3153,0.7888,0.2264,12.0850,28.9307,37.1094,0.8791,,
DATA,A001,1,227,69674,-0.3048,0.7968,0.2286,14.3433,23.1934,41.6260,0.8832,,
DATA,A001,1,228,69684,-0.2885,0.8088,0.2234,15.9912,22.0337,44.3115,0.8873,,
DATA,A001,1,229,69694,-0.2650,0.8329,0.2061,17.6392,24.0479,46.8750,0.8981,,
DATA,A001,1,230,69704,-0.2580,0.8430,0.1929,17.4561,28.1372,47.4243,0.9024,,
DATA,A001,1,231,69714,-0.2543,0.8474,0.1665,16.2354,35.5835,46.9971,0.9002,,
DATA,A001,1,232,69724,-0.2509,0.8400,0.1519,15.4419,40.7715,45.7153,0.8898,,
DATA,A001,1,233,69734,-0.2387,0.8159,0.1309,15.0146,48.1567,43.3960,0.8601,,
DATA,A001,1,234,69744,-0.2445,0.8093,0.1209,16.0522,52.4902,41.8701,0.8540,,
DATA,A001,1,235,69754,-0.2526,0.8090,0.1255,19.4702,58.7769,38.9404,0.8568,,
DATA,A001,1,236,69764,-0.2714,0.8361,0.1202,21.7285,62.8662,36.9873,0.8872,,
DATA,A001,1,237,69774,-0.3073,0.8752,0.1038,23.3765,67.6880,32.4707,0.9334,,
DATA,A001,1,238,69784,-0.3192,0.8864,0.0996,23.5596,69.8853,28.5645,0.9474,,
DATA,A001,1,239,69794,-0.3441,0.8640,0.0928,21.7285,72.7539,21.1792,0.9346,,
DATA,A001,1,240,69804,-0.3581,0.8171,0.0955,20.5078,74.3408,15.6860,0.8972,,
DATA,A001,1,241,69814,-0.3688,0.7241,0.1250,20.6299,74.7681,8.4839,0.8221,,
DATA,A001,1,242,69824,-0.4084,0.6733,0.1634,22.4609,72.2656,4.8218,0.8042,,
DATA,A001,1,243,69834,-0.4635,0.6364,0.2200,24.3530,63.7817,-0.1831,0.8175,,
DATA,A001,1,244,69844,-0.4689,0.6218,0.2703,22.7051,53.2837,-4.0283,0.8243,,
DATA,A001,1,245,69854,-0.4704,0.6164,0.2649,17.5781,42.7246,-8.3618,0.8194,,
DATA,A001,1,246,69864,-0.4215,0.6220,0.1438,7.0190,29.7241,-16.9067,0.7650,,
DATA,A001,1,247,69874,-0.3654,0.6342,0.0433,3.0518,28.6255,-21.7896,0.7332,,
DATA,A001,1,248,69884,-0.3034,0.6669,-0.0598,4.0894,38.6963,-28.5034,0.7351,,
DATA,A001,1,249,69894,-0.2921,0.6611,-0.0925,4.6387,48.8892,-32.7148,0.7286,,
DATA,A001,1,250,69904,-0.2973,0.6420,-0.0686,5.4932,62.5000,-38.4521,0.7108,,
DATA,A001,1,251,69914,-0.3327,0.6537,-0.0256,10.3149,66.9556,-41.3818,0.7340,,
DATA,A001,1,252,69924,-0.4259,0.7048,0.0459,20.8130,65.1245,-48.8281,0.8248,,
DATA,A001,1,253,69934,-0.4811,0.7565,0.0787,24.9634,58.5327,-55.9082,0.9000,,
DATA,A001,1,254,69944,-0.5177,0.9006,0.1121,29.3579,38.6353,-65.9180,1.0448,,
DATA,A001,1,255,69954,-0.4980,1.0871,0.1372,35.6445,21.4233,-71.8994,1.2036,,
DATA,A001,1,256,69964,-0.5104,1.5075,0.1297,44.3726,0.6104,-81.4819,1.5968,,
DATA,A001,1,257,69974,-0.5876,1.7204,0.0996,40.8325,-10.0098,-87.4023,1.8207,,
DATA,A001,1,258,69984,-0.6630,2.2368,-0.0229,27.5879,-22.5220,-104.2480,2.3331,,
DATA,A001,1,259,69994,-0.7597,2.4362,-0.1223,8.6670,-28.9917,-108.2153,2.5548,,
DATA,A001,1,260,70004,-0.8026,2.5754,-0.2087,-20.3857,-35.8276,-121.5820,2.7056,,
DATA,A001,1,261,70014,-0.7826,2.5610,-0.2502,-37.4756,-34.0576,-117.1265,2.6896,,
DATA,A001,1,262,70024,-0.7314,2.4269,-0.2492,-53.5889,-21.4233,-101.5015,2.5470,,
DATA,A001,1,263,70034,-0.7167,2.2934,-0.2216,-58.2275,-7.2632,-90.6372,2.4130,,
DATA,A001,1,264,70044,-0.7209,2.1057,-0.1674,-57.4951,20.9961,-75.5005,2.2319,,
DATA,A001,1,265,70054,-0.7475,2.0041,-0.1181,-53.2227,41.9922,-67.0776,2.1422,,
DATA,A001,1,266,70064,-0.8180,1.8776,-0.0346,-42.2363,68.7866,-54.1382,2.0484,,
DATA,A001,1,267,70074,-0.8703,1.8227,0.0171,-34.0576,82.9468,-45.4712,2.0199,,
DATA,A001,1,268,70084,-0.9355,1.7165,0.0081,-25.8789,100.6470,-35.5225,1.9549,,
DATA,A001,1,269,70094,-0.9330,1.6086,-0.0078,-22.1558,110.4126,-30.0903,1.8596,,
DATA,A001,1,270,70104,-0.8815,1.4089,-0.0332,-19.5923,120.5444,-20.5688,1.6623,,
DATA,A001,1,271,70114,-0.8739,1.2477,-0.0703,-22.0947,123.7183,-15.5640,1.5250,,
DATA,A001,1,272,70124,-0.9174,0.9255,-0.1079,-31.3110,115.2954,-10.5591,1.3076,,
DATA,A001,1,273,70134,-0.9308,0.6970,-0.1350,-34.5459,102.7832,-6.9580,1.1706,,
DATA,A001,1,274,70144,-0.8600,0.4111,-0.1506,-26.2451,78.0029,0.7935,0.9650,,
DATA,A001,1,275,70154,-0.7775,0.3098,-0.1640,-12.3901,58.2275,6.2866,0.8529,,
DATA,A001,1,276,70164,-0.6781,0.2590,-0.1626,3.6011,40.1611,9.5825,0.7439,,
DATA,A001,1,277,70174,-0.5456,0.2326,-0.1115,22.5220,17.2119,11.5356,0.6035,,
DATA,A001,1,278,70184,-0.4943,0.2180,-0.0622,29.4800,4.0283,9.9487,0.5438,,
DATA,A001,1,279,70194,-0.4760,0.1618,0.0354,43.7622,-19.5312,25.2075,0.5040,,
DATA,A001,1,280,70204,-0.3969,0.1061,0.1099,59.5703,-36.5601,35.8887,0.4253,,
DATA,A001,1,281,70214,-0.6991,0.1755,0.3514,100.2808,-85.2051,30.6396,0.8019,,
DATA,A001,1,282,70224,-0.6784,0.3002,0.4378,76.4160,-150.3296,-1.4038,0.8614,,
DATA,A001,1,283,70234,-0.7441,0.2116,0.3799,4.0283,-249.6338,-22.0337,0.8618,,
DATA,A001,1,284,70244,-0.4840,0.0773,0.1434,-14.4043,-312.0728,-20.3247,0.5107,,
DATA,A001,1,285,70254,0.1053,-0.2764,0.0706,-32.3486,-296.9971,-65.5518,0.3041,,
DATA,A001,1,286,70264,0.3165,-0.3536,0.0777,-31.8604,-268.0664,-92.7734,0.4809,,
DATA,A001,1,287,70274,0.3001,-0.2298,0.1040,-15.9302,-191.3452,-86.7920,0.3921,,
DATA,A001,1,288,70284,0.1578,-0.1761,0.0865,-9.4604,-133.9111,-109.3750,0.2518,,
DATA,A001,1,289,70294,0.0057,-0.0706,0.0811,13.9771,-85.5713,-106.8726,0.1077,,
DATA,A001,1,290,70304,-0.0461,-0.0499,0.0940,25.6348,-73.2422,-97.2290,0.1160,,
DATA,A001,1,291,70314,-0.0468,-0.0338,0.1109,31.9824,-65.3076,-92.3462,0.1250,,
DATA,A001,1,292,70324,-0.0212,-0.0237,0.1277,29.1748,-60.3027,-94.7266,0.1316,,
DATA,A001,1,293,70334,0.0680,-0.0150,0.1138,24.0479,-43.2129,-96.1304,0.1334,,
DATA,A001,1,294,70344,0.0953,-0.0142,0.1104,23.8037,-25.7568,-92.9565,0.1465,,
DATA,A001,1,295,70354,0.0609,-0.0069,0.1089,26.3062,1.2207,-87.7686,0.1250,,
DATA,A001,1,296,70364,0.0291,0.0019,0.0916,26.1230,17.2729,-85.3271,0.0961,,
DATA,A001,1,297,70374,-0.0353,0.0082,0.0835,22.7051,35.0342,-83.0078,0.0911,,
DATA,A001,1,298,70384,-0.0863,0.0051,0.0843,21.6064,41.9922,-82.1533,0.1208,,
DATA,A001,1,299,70394,-0.1454,0.0056,0.0804,23.1323,45.4102,-81.5430,0.1662,,
DATA,A001,1,300,70404,-0.1762,0.0117,0.0787,26.0010,42.8467,-80.8716,0.1933,,
DATA,A001,1,301,70414,-0.2123,0.0290,0.0845,30.1514,32.4097,-79.8950,0.2303,,
DATA,A001,1,302,70424,-0.2231,0.0541,0.0892,32.0435,24.4751,-79.4678,0.2462,,
DATA,A001,1,303,70434,-0.2309,0.0837,0.0943,32.7148,13.3057,-79.8950,0.2630,,
DATA,A001,1,304,70444,-0.2218,0.0995,0.0923,35.0342,9.2163,-79.8950,0.2601,,
DATA,A001,1,305,70454,-0.2936,0.1205,0.0769,39.7339,5.9814,-80.6274,0.3266,,
DATA,A001,1,306,70464,-0.4088,0.1513,0.0550,45.4712,3.4180,-80.4443,0.4394,,
DATA,A001,1,307,70474,-0.6845,0.3098,0.0787,69.3970,-10.8032,-74.1577,0.7554,,
DATA,A001,1,308,70484,-1.0177,0.5637,0.1287,92.7734,-27.5269,-63.7207,1.1705,,
DATA,A001,1,309,70494,-1.4884,1.0175,0.1831,116.3940,-40.3442,-53.7720,1.8123,,
DATA,A001,1,310,70504,-2.2538,2.0356,0.0904,139.6484,-67.5049,-60.4858,3.0383,,
DATA,A001,1,311,70514,-2.5378,2.8437,0.0550,151.6113,-87.7686,-75.7446,3.8118,,
DATA,A001,1,312,70524,-2.6166,4.0095,-0.2182,121.0938,-113.4644,-87.9517,4.7927,,
DATA,A001,1,313,70534,-2.5670,4.5827,-0.3171,40.5884,-129.7607,-91.3696,5.2623,,
DATA,A001,1,314,70544,-2.2934,4.1594,-0.4733,-74.7070,-110.4736,-66.2231,4.7732,,
DATA,A001,1,315,70554,-2.1176,3.4506,-0.5034,-111.8774,-57.1289,-56.7017,4.0798,,
DATA,A001,1,316,70564,-1.8742,2.8832,-0.3842,-108.6426,51.2085,-69.8853,3.4602,,
DATA,A001,1,317,70574,-1.7983,2.6725,-0.2060,-100.4028,119.2017,-69.2139,3.2278,,
DATA,A001,1,318,70584,-1.7963,2.2473,-0.0913,-107.8491,179.8706,-54.1992,2.8784,,
DATA,A001,1,319,70594,-1.8075,1.9118,-0.0922,-114.0747,195.9229,-40.2832,2.6326,,
DATA,A001,1,320,70604,-1.7748,1.4257,-0.1120,-115.9668,184.4482,-14.0991,2.2793,,
DATA,A001,1,321,70614,-1.6745,1.1125,-0.1279,-118.5303,156.6162,4.2114,2.0144,,
DATA,A001,1,322,70624,-1.3612,0.6008,-0.1582,-121.3379,112.6099,30.2734,1.4963,,
DATA,A001,1,323,70634,-1.0573,0.2702,-0.1814,-122.9858,76.9653,46.2036,1.1062,,
DATA,A001,1,324,70644,-0.6537,-0.1776,-0.1457,-127.0142,24.7192,69.8853,0.6929,,
DATA,A001,1,325,70654,-0.4567,-0.4083,-0.1411,-132.7515,-7.6294,75.0122,0.6286,,
DATA,A001,1,326,70664,-0.1247,-0.6961,-0.2192,-112.7319,-38.1470,91.9800,0.7404,,
DATA,A001,1,327,70674,0.0262,-0.8050,-0.2131,-81.6650,-49.1333,100.0977,0.8331,,
DATA,A001,1,328,70684,0.1063,-0.7105,-0.2021,-14.4653,-47.7905,115.0513,0.7463,,
DATA,A001,1,329,70694,0.1312,-0.5345,-0.1316,25.5737,-35.2783,118.5913,0.5659,,
DATA,A001,1,330,70704,0.1268,-0.3038,-0.0664,54.7485,-17.1509,130.2490,0.3358,,
DATA,A001,1,331,70714,0.1161,-0.2425,0.0108,51.5747,-10.9253,125.3052,0.2690,,
DATA,A001,1,332,70724,0.1165,-0.3223,0.0660,30.3345,-17.5171,113.0981,0.3490,,
DATA,A001,1,333,70734,0.1305,-0.4473,0.0674,23.2544,-28.3813,104.7974,0.4708,,
DATA,A001,1,334,70744,0.1566,-0.5479,0.0494,38.0249,-44.9829,96.6797,0.5720,,
DATA,A001,1,335,70754,0.1566,-0.5430,0.0257,56.3965,-53.5889,91.6748,0.5657,,
DATA,A001,1,336,70764,0.1378,-0.4197,0.0623,81.4819,-59.7534,88.8062,0.4461,,
DATA,A001,1,337,70774,0.1131,-0.3130,0.1165,88.6841,-55.9692,85.1440,0.3527,,
DATA,A001,1,338,70784,0.0313,-0.1883,0.1809,85.8154,-50.4150,75.0732,0.2630,,
DATA,A001,1,339,70794,-0.0524,-0.1558,0.2173,80.0781,-46.1426,69.3970,0.2725,,
DATA,A001,1,340,70804,-0.2704,-0.1212,0.2022,68.1152,-47.7905,69.6411,0.3587,,
DATA,A001,1,341,70814,-0.3913,-0.1116,0.1714,61.7676,-57.2510,68.1763,0.4415,,
DATA,A001,1,342,70824,-0.5016,-0.0181,0.0728,52.7954,-82.5806,68.2983,0.5072,,
DATA,A001,1,343,70834,-0.4938,0.0705,-0.0171,45.1050,-96.5576,72.3267,0.4991,,
DATA,A001,1,344,70844,-0.4196,0.1476,-0.1084,33.9355,-110.1685,77.9419,0.4578,,
DATA,A001,1,345,70854,-0.3212,0.2370,-0.2251,11.7798,-100.7080,79.1626,0.4582,,
DATA,A001,1,346,70864,-0.2414,0.2358,-0.2941,-7.8125,-85.6934,73.3643,0.4476,,
DATA,A001,1,347,70874,-0.0985,0.1747,-0.4023,-26.2451,-39.8560,74.2188,0.4495,,
DATA,A001,1,348,70884,-0.0714,0.1323,-0.3913,-25.6958,1.6479,69.0918,0.4192,,
DATA,A001,1,349,70894,-0.1681,0.1144,-0.3234,-22.1558,60.2417,49.0723,0.3821,,
DATA,A001,1,350,70904,-0.2484,0.1174,-0.2439,-15.6860,86.2427,42.7856,0.3674,,
DATA,A001,1,351,70914,-0.3153,0.1725,-0.0861,-17.4561,108.3374,13.4888,0.3696,,
DATA,A001,1,352,70924,-0.4064,0.1916,0.0032,-19.4702,108.3984,3.7231,0.4493,,
DATA,A001,1,353,70934,-0.5038,0.1857,0.0767,-11.6577,79.6509,3.9673,0.5424,,
DATA,A001,1,354,70944,-0.5185,0.2180,0.1226,2.2583,46.5088,3.8452,0.5756,,
DATA,A001,1,355,70954,-0.4355,0.4360,0.1424,26.4893,9.2773,-2.6855,0.6324,,
DATA,A001,1,356,70964,-0.5107,0.7121,0.1661,47.9736,-2.7466,6.7749,0.8919,,
DATA,A001,1,357,70974,-0.5785,1.3078,0.2251,90.8203,-1.8921,11.9019,1.4477,,
DATA,A001,1,358,70984,-1.0275,1.7341,0.3645,122.0093,-16.4795,19.8364,2.0483,,
DATA,A001,1,359,70994,-0.9064,2.7304,0.2600,220.8252,43.3960,-21.4233,2.8887,,
DATA,A001,1,360,71004,-1.5326,3.8754,0.1204,244.6289,75.1953,-19.2871,4.1692,,
DATA,A001,1,361,71014,-1.6024,5.6891,-0.2985,98.2056,90.2710,20.5688,5.9181,,
DATA,A001,1,362,71024,-1.3571,5.0024,-0.1137,2.5635,112.2437,4.5776,5.1844,,
DATA,A001,1,363,71034,-1.8691,4.1271,0.1829,-112.1216,221.7407,-33.0811,4.5343,,
DATA,A001,1,364,71044,-2.3510,3.5246,0.2185,-207.6416,308.6548,-38.6353,4.2424,,
DATA,A001,1,365,71054,-2.8002,2.8491,0.3069,-215.6982,337.8906,-8.9111,4.0066,,
DATA,A001,1,366,71064,-3.0590,2.4308,0.0342,-133.2397,265.9302,-9.2773,3.9074,,
DATA,A001,1,367,71074,-2.4875,2.3334,-0.0051,-28.8086,121.9482,-47.7905,3.4106,,
DATA,A001,1,368,71084,-2.0131,2.0031,-0.1372,-73.6084,58.5327,-45.8374,2.8432,,
DATA,A001,1,369,71094,-1.3747,1.6035,-0.2873,-82.9468,5.2490,-28.3203,2.1315,,
DATA,A001,1,370,71104,-1.1178,1.3176,-0.3630,-95.6421,-13.6108,-37.5366,1.7656,,
DATA,A001,1,371,71114,-0.8639,0.8618,-0.2898,-93.2617,-67.1997,-17.7002,1.2542,,
DATA,A001,1,372,71124,-0.5519,0.5190,-0.2260,-90.0269,-102.3560,-12.0850,0.7906,,
DATA,A001,1,373,71134,-0.1361,0.0473,-0.1066,-97.0459,-123.1689,1.8311,0.1793,,
DATA,A001,1,374,71144,0.0719,-0.3226,-0.0796,-107.4829,-133.8501,9.2773,0.3399,,
DATA,A001,1,375,71154,0.2166,-0.7625,-0.1579,-102.0508,-144.4702,0.9766,0.8083,,
DATA,A001,1,376,71164,0.2474,-0.9407,-0.3005,-31.9214,-157.9590,-45.0439,1.0181,,
DATA,A001,1,377,71174,0.5338,-1.1983,-0.0315,22.5830,-188.0493,-33.2642,1.3122,,
DATA,A001,1,378,71184,0.7144,-0.9537,0.0271,74.2188,-189.5752,-6.0425,1.1919,,
DATA,A001,1,379,71194,0.6397,-0.6194,0.0801,110.5347,-166.5649,8.3618,0.8941,,
DATA,A001,1,380,71204,0.3849,-0.2020,0.2459,122.3145,-133.6060,22.7661,0.4994,,
DATA,A001,1,381,71214,0.1554,-0.0379,0.3335,102.9053,-121.0327,26.2451,0.3699,,
DATA,A001,1,382,71224,-0.1857,0.0707,0.3838,58.3496,-127.2583,30.3345,0.4322,,
DATA,A001,1,383,71234,-0.3241,0.1076,0.3399,45.9595,-133.1177,37.0483,0.4818,,
DATA,A001,1,384,71244,-0.3837,0.2177,0.2808,46.8750,-119.2017,34.7900,0.5229,,
DATA,A001,1,385,71254,-0.3527,0.3163,0.2261,41.2598,-96.0693,27.6489,0.5250,,
DATA,A001,1,386,71264,-0.2162,0.4265,0.0267,7.1411,-53.8940,18.4326,0.4789,,
DATA,A001,1,387,71274,-0.1525,0.4106,-0.0781,-26.0620,-29.6021,13.0005,0.4449,,
DATA,A001,1,388,71284,-0.1759,0.3056,-0.1584,-65.0024,-6.2866,-5.1270,0.3866,,
DATA,A001,1,389,71294,-0.2441,0.2402,-0.1909,-73.1812,-5.3711,-25.3296,0.3920,,
DATA,A001,1,390,71304,-0.3820,0.2111,-0.1867,-62.6831,-32.7148,-58.1055,0.4747,,
DATA,A001,1,391,71314,-0.4350,0.2744,-0.1738,-49.0112,-55.2368,-76.2329,0.5428,,
DATA,A001,1,392,71324,-0.3434,0.4040,-0.1948,-39.7949,-85.4492,-98.5718,0.5649,,
DATA,A001,1,393,71334,-0.2074,0.4384,-0.2263,-46.9360,-84.1675,-108.4595,0.5352,,
DATA,A001,1,394,71344,-0.0551,0.3942,-0.3193,-63.9648,-54.4434,-124.3896,0.5103,,
DATA,A001,1,395,71354,-0.0502,0.3649,-0.2207,-61.8286,-20.9961,-133.9111,0.4294,,
DATA,A001,1,396,71364,-0.1657,0.4570,0.0401,-36.4990,25.5737,-155.0903,0.4877,,
DATA,A001,1,397,71374,-0.2958,0.6401,0.2671,-20.0195,52.6733,-171.5088,0.7540,,
DATA,A001,1,398,71384,-0.4850,0.9846,0.5972,-21.4844,85.7544,-187.3779,1.2495,,
DATA,A001,1,399,71394,-0.6623,1.0617,0.7212,-65.7959,103.5156,-176.2085,1.4443,,
DATA,A001,1,400,71404,-0.7528,1.2072,0.5640,-69.6411,110.5957,-207.3364,1.5304,,
DATA,A001,1,401,71414,-0.8158,1.1371,0.5569,-89.4775,91.3696,-201.9043,1.5063,,
DATA,A001,1,402,71424,-0.8080,0.9619,0.5064,-113.9526,46.9971,-182.2510,1.3544,,
DATA,A001,1,403,71434,-0.8356,0.8520,0.4412,-117.9810,15.4419,-160.5225,1.2723,,
DATA,A001,1,404,71444,-0.9989,0.8364,0.3067,-112.5488,-13.1836,-125.8545,1.3384,,
DATA,A001,1,405,71454,-1.1730,0.9008,0.1538,-107.1777,-14.1602,-99.8535,1.4870,,
DATA,A001,1,406,71464,-1.5573,0.9799,-0.0156,-95.4590,2.5635,-57.5562,1.8400,,
DATA,A001,1,407,71474,-1.8900,1.0744,-0.0241,-77.1484,20.2637,-28.6865,2.1742,,
DATA,A001,1,408,71484,-2.4191,1.3881,0.0162,-31.5552,51.1475,11.8408,2.7891,,
DATA,A001,1,409,71494,-2.7462,1.7075,0.0750,-4.9438,67.8711,31.8604,3.2346,,
DATA,A001,1,410,71504,-2.9572,1.9777,0.1578,-0.5493,79.4678,40.3442,3.5611,,
DATA,A001,1,411,71514,-2.9691,1.9662,0.1829,-28.0762,81.3599,37.5977,3.5659,,
DATA,A001,1,412,71524,-2.8070,1.6843,0.2000,-40.5273,74.5239,31.6162,3.2797,,
DATA,A001,1,413,71534,-2.4181,1.2106,0.2268,-33.5693,57.3730,15.2588,2.7137,,
DATA,A001,1,414,71544,-2.1542,0.9567,0.2356,-21.8506,45.4712,5.6152,2.3689,,
DATA,A001,1,415,71554,-1.8034,0.6227,0.3069,-9.8877,23.1323,-6.9580,1.9324,,
DATA,A001,1,416,71564,-1.5675,0.4069,0.3445,-5.6152,6.7139,-14.6484,1.6557,,
DATA,A001,1,417,71574,-1.2177,0.1035,0.3526,3.7231,-20.0806,-22.3389,1.2719,,
DATA,A001,1,418,71584,-0.9779,-0.0601,0.3225,14.2822,-38.6353,-23.3154,1.0315,,
DATA,A001,1,419,71594,-0.6147,-0.2071,0.2549,29.9072,-60.1807,-19.9585,0.6969,,
DATA,A001,1,420,71604,-0.3734,-0.2452,0.1822,36.8652,-67.5659,-15.9302,0.4825,,
DATA,A001,1,421,71614,-0.0553,-0.2896,0.0760,40.7104,-69.2749,-8.8501,0.3045,,
DATA,A001,1,422,71624,0.1534,-0.3084,0.0218,40.7715,-64.7583,-2.9907,0.3451,,
DATA,A001,1,423,71634,0.3746,-0.3470,-0.0271,37.9639,-56.0303,7.9346,0.5113,,
DATA,A001,1,424,71644,0.4471,-0.3453,-0.0664,35.1562,-43.3350,13.4277,0.5688,,
DATA,A001,1,425,71654,0.5189,-0.3126,-0.1941,30.3345,-16.3574,24.7803,0.6361,,
DATA,A001,1,426,71664,0.4818,-0.2813,-0.2871,26.0620,1.0376,39.4287,0.6274,,
DATA,A001,1,427,71674,0.3600,-0.2296,-0.3464,24.1089,28.6255,63.3545,0.5498,,
DATA,A001,1,428,71684,0.2950,-0.1981,-0.2863,28.8086,39.9170,77.5757,0.4563,,
DATA,A001,1,429,71694,0.2210,-0.1451,-0.1777,35.5835,38.5742,97.8394,0.3186,,
DATA,A001,1,430,71704,0.2154,-0.1177,-0.0747,40.6494,26.4282,107.1777,0.2566,,
DATA,A001,1,431,71714,0.2484,-0.0662,0.0354,51.1475,8.8501,107.6050,0.2595,,
DATA,A001,1,432,71724,0.2782,-0.0408,0.0686,57.8003,2.5024,101.0742,0.2894,,
DATA,A001,1,433,71734,0.3370,-0.0357,0.1133,62.0117,-0.4272,89.4165,0.3573,,
DATA,A001,1,434,71744,0.3226,-0.0423,0.1372,59.5093,4.3945,82.1533,0.3531,,
DATA,A001,1,435,71754,0.2213,-0.0569,0.1490,54.5654,17.1509,71.2891,0.2728,,
DATA,A001,1,436,71764,0.1322,-0.0713,0.1565,53.0396,25.6348,63.6597,0.2169,,
DATA,A001,1,437,71774,0.0599,-0.0914,0.1839,55.9082,31.7383,54.5654,0.2139,,
DATA,A001,1,438,71784,0.0357,-0.1065,0.2134,58.2886,31.4941,50.2319,0.2412,,
DATA,A001,1,439,71794,0.0340,-0.1038,0.2447,59.2651,31.1279,45.3491,0.2680,,
DATA,A001,1,440,71804,0.0372,-0.0967,0.2366,58.8379,30.6396,43.5181,0.2583,,
DATA,A001,1,441,71814,0.0269,-0.0838,0.2210,58.6548,28.9307,42.2974,0.2379,,
DATA,A001,1,442,71824,0.0152,-0.0506,0.1968,58.7158,24.6582,39.3677,0.2038,,
DATA,A001,1,443,71834,-0.0067,-0.0298,0.1697,56.4575,19.6533,35.2783,0.1725,,
DATA,A001,1,444,71844,-0.0058,-0.0110,0.1463,53.4668,15.0757,34.5459,0.1468,,
DATA,A001,1,445,71854,0.0189,0.0197,0.1018,51.6357,8.4839,38.4521,0.1054,,
DATA,A001,1,446,71864,0.0567,0.1115,0.0667,51.0864,-4.2114,53.3447,0.1418,,
DATA,A001,1,447,71874,0.0179,0.2180,0.0430,49.3164,-11.4746,66.2842,0.2229,,
DATA,A001,1,448,71884,-0.5150,0.4667,-0.0495,39.4897,-19.8975,94.4214,0.6968,,
DATA,A001,1,449,71894,-1.2201,0.7304,-0.0019,39.3066,-23.6816,115.1733,1.4220,,
DATA,A001,1,450,71904,-2.6896,1.5930,0.2093,62.1338,-13.0615,108.8867,3.1329,,
DATA,A001,1,451,71914,-3.6813,2.5361,0.3421,80.3223,0.3052,63.9648,4.4834,,
DATA,A001,1,452,71924,-4.4992,4.6349,0.2295,66.4062,25.2686,-19.9585,6.4636,,
DATA,A001,1,453,71934,-4.6659,6.3791,-0.1176,-14.5264,41.6870,-51.8188,7.9043,,
DATA,A001,1,454,71944,-3.7760,6.1122,-0.8459,-260.1929,130.1880,-66.9556,7.2342,,
DATA,A001,1,455,71954,-3.0353,4.5537,-1.2990,-344.2383,244.8730,-99.0601,5.6246,,
DATA,A001,1,456,71964,-2.5636,2.9579,-0.8325,-329.8340,445.9839,-163.2690,4.0018,,
DATA,A001,1,457,71974,-2.2370,2.4113,0.3099,-273.4985,536.9873,-180.0537,3.3037,,
DATA,A001,1,458,71984,-2.6178,1.7263,2.6910,-216.7358,516.8457,-155.9448,4.1321,,
DATA,A001,1,459,71994,-3.0839,1.1896,2.4029,-188.9648,348.0225,-125.1221,4.0865,,
DATA,A001,1,460,72004,-2.4709,0.2226,1.0540,-143.6157,43.8843,-151.4282,2.6955,,
DATA,A001,1,461,72014,-1.5526,-0.1224,0.2954,-84.5947,-119.0186,-113.4033,1.5852,,
DATA,A001,1,462,72024,-0.2594,-0.1607,-0.1030,-21.9116,-213.6841,-69.8242,0.3221,,
DATA,A001,1,463,72034,0.1380,-0.1133,-0.1516,2.1973,-232.3608,-46.6309,0.2342,,
DATA,A001,1,464,72044,0.6563,-0.0731,-0.1726,31.2500,-195.3125,-31.7383,0.6826,,
DATA,A001,1,465,72054,0.8546,-0.1595,-0.1850,30.7617,-133.1787,-32.5928,0.8888,,
DATA,A001,1,466,72064,0.7867,-0.4114,-0.1638,24.7192,-54.1992,-33.5693,0.9028,,
DATA,A001,1,467,72074,0.7433,-0.5150,-0.1943,34.7900,-16.2964,-34.6680,0.9249,,
DATA,A001,1,468,72084,0.6590,-0.5286,-0.1045,54.5654,5.8594,-26.0010,0.8513,,
DATA,A001,1,469,72094,0.5240,-0.4547,-0.0295,58.9600,-6.2256,-14.8315,0.6944,,
DATA,A001,1,470,72104,0.4000,-0.3011,-0.0566,56.1523,-38.0859,10.9253,0.5038,,
DATA,A001,1,471,72114,0.2923,-0.1780,-0.1145,60.3027,-59.5093,19.9585,0.3609,,
DATA,A001,1,472,72124,0.2364,-0.0464,-0.1750,64.2700,-76.0498,23.3154,0.2978,,
DATA,A001,1,473,72134,0.2845,0.0981,-0.2487,50.5371,-88.9893,36.5601,0.3904,,
DATA,A001,1,474,72144,0.2987,0.1259,-0.2507,33.0200,-85.6934,47.2412,0.4098,,
DATA,A001,1,475,72154,0.2787,0.1423,-0.2998,14.2822,-65.1855,55.8472,0.4333,,
DATA,A001,1,476,72164,0.2498,0.1550,-0.3095,9.1553,-43.6401,57.3120,0.4269,,
DATA,A001,1,477,72174,0.1436,0.2004,-0.3061,7.0801,-12.3291,57.9834,0.3931,,
DATA,A001,1,478,72184,0.0924,0.2485,-0.2915,6.1646,10.4980,57.1899,0.3940,,
DATA,A001,1,479,72194,0.0582,0.2729,-0.2468,1.3428,42.7856,55.2979,0.3725,,
DATA,A001,1,480,72204,0.0352,0.2538,-0.2197,-3.4790,62.9883,52.9175,0.3376,,
DATA,A001,1,481,72214,0.0199,0.1865,-0.1779,-7.8125,95.4590,45.2881,0.2585,,
DATA,A001,1,482,72224,0.0194,0.1279,-0.1606,-7.3242,114.8682,39.7949,0.2062,,
DATA,A001,1,483,72234,0.0033,0.0361,-0.1325,-2.8687,136.4136,31.0059,0.1374,,
DATA,A001,1,484,72244,-0.0011,-0.0084,-0.1093,3.6621,146.7285,23.5596,0.1097,,
DATA,A001,1,485,72254,-0.0470,-0.0389,-0.0427,18.9209,156.2500,11.2305,0.0745,,
DATA,A001,1,486,72264,-0.0873,-0.0330,0.0354,30.1514,158.4473,4.7607,0.0998,,
DATA,A001,1,487,72274,-0.1803,-0.0035,0.1582,45.7153,149.3530,-0.4883,0.2399,,
DATA,A001,1,488,72284,-0.2616,0.0370,0.2454,57.6782,129.8218,-2.0142,0.3606,,
DATA,A001,1,489,72294,-0.2524,0.1276,0.3616,60.4858,95.2759,-4.8828,0.4591,,
DATA,A001,1,490,72304,-0.2431,0.1664,0.3982,52.0020,72.5708,-5.6152,0.4954,,
DATA,A001,1,491,72314,-0.3026,0.1655,0.3929,33.2642,35.0952,-4.3945,0.5228,,
DATA,A001,1,492,72324,-0.3109,0.1205,0.3638,20.3247,8.0566,-3.7231,0.4935,,
DATA,A001,1,493,72334,-0.2821,0.0346,0.3162,10.9253,-30.3955,-1.6479,0.4252,,
DATA,A001,1,494,72344,-0.2716,0.0009,0.2647,9.1553,-49.1943,5.9814,0.3793,,
DATA,A001,1,495,72354,-0.5998,0.0966,0.0269,11.1084,-63.5986,33.0811,0.6081,,
DATA,A001,1,496,72364,-1.2655,0.3151,-0.2868,21.5454,-67.7490,82.5195,1.3353,,
DATA,A001,1,497,72374,-3.2506,1.2158,-0.5087,83.9233,-52.7954,145.6909,3.5076,,
DATA,A001,1,498,72384,-4.2443,2.0690,-0.5568,156.4331,-41.3818,108.3984,4.7545,,
DATA,A001,1,499,72394,-4.7069,4.9794,-0.6377,336.2427,-95.2148,62.0728,6.8816,,
DATA,A001,1,500,72404,-4.7235,7.9372,-0.5022,307.4951,-94.7266,63.9038,9.2500,,
DATA,A001,1,501,72414,-4.1620,5.5490,-0.3847,-180.0537,-31.4331,30.7617,6.9471,,
DATA,A001,1,502,72424,-3.6359,3.3329,-0.4834,-243.7744,49.6826,-43.0908,4.9560,,
DATA,A001,1,503,72434,-3.0050,2.2243,-0.2841,-155.2124,119.6899,-170.5322,3.7495,,
DATA,A001,1,504,72444,-2.7438,1.9260,-0.0266,-112.6709,119.8730,-200.0122,3.3524,,
DATA,A001,1,505,72454,-2.6339,1.4877,0.3401,-98.2666,91.7358,-172.0581,3.0441,,
DATA,A001,1,506,72464,-2.4816,1.2177,0.5948,-93.1396,36.4990,-131.5308,2.8275,,
DATA,A001,1,507,72474,-2.1711,0.8852,0.6170,-94.2383,-57.0679,-94.7876,2.4244,,
DATA,A001,1,508,72484,-1.2626,0.3083,0.2066,-85.6934,-217.1021,-63.7817,1.3160,,
DATA,A001,1,509,72494,-0.6859,-0.0003,-0.0134,-74.1577,-305.2368,-51.2085,0.6861,,
DATA,A001,1,510,72504,0.2437,-0.2794,-0.0871,-45.6543,-420.7764,-25.5127,0.3808,,
DATA,A001,1,511,72514,0.9134,-0.4297,-0.1501,-35.2783,-411.4990,-16.7847,1.0206,,
DATA,A001,1,512,72524,1.7101,-0.7188,-0.4555,-29.8462,-263.9771,-31.2500,1.9101,,
DATA,A001,1,513,72534,1.8592,-0.8758,-0.3913,-22.2778,-170.2881,-30.1514,2.0921,,
DATA,A001,1,514,72544,1.4659,-0.8585,-0.3164,14.1602,-25.3296,-13.9160,1.7280,,
DATA,A001,1,515,72554,0.9935,-0.7134,-0.2702,34.0576,39.4897,3.2349,1.2526,,
DATA,A001,1,516,72564,0.3702,-0.4752,-0.1504,51.3916,47.4243,46.5698,0.6208,,
DATA,A001,1,517,72574,0.1168,-0.3748,-0.0383,62.6831,21.6675,75.9888,0.3945,,
DATA,A001,1,518,72584,-0.1745,-0.2442,0.1158,86.4258,-27.7100,106.9336,0.3217,,
DATA,A001,1,519,72594,-0.3036,-0.1160,0.1495,99.7314,-53.5889,115.6616,0.3577,,
DATA,A001,1,520,72604,-0.4008,0.1025,0.2002,107.8491,-74.7070,115.3564,0.4596,,
DATA,A001,1,521,72614,-0.4879,0.3000,0.3130,100.6470,-83.2520,102.9053,0.6527,,
DATA,A001,1,522,72624,-0.7060,0.5485,0.1744,62.0728,-95.6421,66.5894,0.9109,,
DATA,A001,1,523,72634,-0.8317,0.6259,0.0318,27.9541,-110.5957,43.0298,1.0414,,
DATA,A001,1,524,72644,-0.7948,0.5451,-0.0398,-5.2490,-138.8550,-7.5684,0.9646,,
DATA,A001,1,525,72654,-0.6869,0.4694,-0.0793,-17.4561,-154.6631,-31.6772,0.8358,,
DATA,A001,1,526,72664,-0.4838,0.3806,-0.0949,-21.3623,-153.6255,-60.6079,0.6228,,
DATA,A001,1,527,72674,-0.3400,0.3725,-0.0896,-20.8130,-132.8125,-78.1860,0.5122,,
DATA,A001,1,528,72684,-0.1706,0.3679,-0.0405,-26.2451,-79.7119,-99.3652,0.4075,,
DATA,A001,1,529,72694,-0.1181,0.3464,-0.0026,-35.1562,-41.0156,-108.3984,0.3660,,
DATA,A001,1,530,72704,-0.1308,0.2717,0.0320,-49.6826,7.9346,-120.6665,0.3032,,
DATA,A001,1,531,72714,-0.1715,0.2194,0.0567,-54.6265,29.1748,-128.7842,0.2842,,
DATA,A001,1,532,72724,-0.2155,0.1845,0.0623,-51.3306,39.6118,-137.3291,0.2904,,
DATA,A001,1,533,72734,-0.2126,0.1870,0.0599,-45.6543,37.4146,-142.6392,0.2893,,
DATA,A001,1,534,72744,-0.1737,0.2238,0.0616,-38.6963,30.9448,-148.4985,0.2899,,
DATA,A001,1,535,72754,-0.1332,0.2477,0.0540,-37.4146,29.8462,-151.9165,0.2864,,
DATA,A001,1,536,72764,-0.1308,0.2697,0.0555,-40.3442,33.6914,-156.6772,0.3048,,
DATA,A001,1,537,72774,-0.1974,0.2773,0.0872,-44.1284,35.9497,-161.0107,0.3514,,
DATA,A001,1,538,72784,-0.3009,0.3112,0.1375,-48.2788,35.8887,-168.7012,0.4542,,
DATA,A001,1,539,72794,-0.5251,0.4328,0.1726,-55.7861,22.7661,-184.5093,0.7020,,
DATA,A001,1,540,72804,-0.7453,0.5815,0.1695,-59.8755,4.6387,-194.5801,0.9604,,
DATA,A001,1,541,72814,-1.0082,0.9020,0.0774,-56.9458,-39.8560,-206.1157,1.3550,,
DATA,A001,1,542,72824,-1.2541,1.2758,0.1187,-23.8037,-84.8389,-197.0215,1.7929,,
DATA,A001,1,543,72834,-1.6369,1.6093,0.2598,2.8687,-109.2529,-176.1475,2.3101,,
DATA,A001,1,544,72844,-1.8097,1.9267,0.4151,16.6626,-104.9194,-159.0576,2.6757,,
DATA,A001,1,545,72854,-1.6469,2.0222,0.5652,-9.2773,-105.3467,-93.9331,2.6685,,
DATA,A001,1,546,72864,-1.6676,1.7253,0.7259,-49.0723,-110.7178,-42.4805,2.5069,,
DATA,A001,1,547,72874,-2.0844,1.2272,1.1070,-78.6743,-92.6514,29.4189,2.6601,,
DATA,A001,1,548,72884,-2.1872,1.0869,1.4239,-52.1851,-55.1147,68.4814,2.8271,,
DATA,A001,1,549,72894,-2.1584,1.1406,1.5606,10.0708,20.0195,103.2104,2.8974,,
DATA,A001,1,550,72904,-2.0412,1.2292,1.5281,30.7617,63.9038,105.7739,2.8306,,
DATA,A001,1,551,72914,-1.7816,1.2514,1.4261,24.1089,97.9004,116.9434,2.6027,,
DATA,A001,1,552,72924,-1.6610,1.1281,1.2788,8.7891,111.6943,137.7563,2.3806,,
DATA,A001,1,553,72934,-1.4806,0.7851,1.0176,2.7466,133.3008,167.1143,1.9607,,
DATA,A001,1,554,72944,-1.3315,0.5624,0.8304,15.3809,155.7007,184.8145,1.6669,,
DATA,A001,1,555,72954,-1.2628,0.3505,0.4864,34.7290,181.9458,207.8857,1.3979,,
DATA,A001,1,556,72964,-1.2926,0.2082,0.2586,37.7808,190.7959,215.3320,1.3346,,
DATA,A001,1,557,72974,-1.2851,-0.0081,0.0401,44.7388,180.5420,223.6328,1.2857,,
DATA,A001,1,558,72984,-1.1960,-0.1121,-0.0283,56.6406,154.9072,229.0649,1.2015,,
DATA,A001,1,559,72994,-0.9411,-0.2313,-0.0410,75.0122,105.3467,225.0366,0.9699,,
DATA,A001,1,560,73004,-0.8002,-0.3406,-0.0214,84.4727,76.0498,212.4634,0.8700,,
DATA,A001,1,561,73014,-0.6095,-0.4666,0.1021,99.9756,45.2271,170.5322,0.7744,,
DATA,A001,1,562,73024,-0.3349,-0.5858,0.6790,117.8589,23.1323,138.3667,0.9572,,
DATA,A001,1,563,73034,0.5011,-0.3397,0.9190,57.1289,139.5264,87.5244,1.1004,,
DATA,A001,1,564,73044,-0.1369,-0.3033,0.2698,-0.0610,190.7959,73.7915,0.4284,,
DATA,A001,1,565,73054,-0.9003,-0.1236,1.2242,89.2944,127.5024,84.2896,1.5246,,
DATA,A001,1,566,73064,-1.1169,-0.1885,0.4432,75.3174,111.0840,61.2793,1.2163,,
DATA,A001,1,567,73074,-0.6671,-0.2083,0.0613,117.1875,-80.7495,46.8140,0.7016,,
DATA,A001,1,568,73084,-0.5202,-0.3167,-0.0202,98.6328,-150.5737,39.1235,0.6093,,
DATA,A001,1,569,73094,-0.4191,-0.4622,-0.1394,82.6416,-202.0874,26.3062,0.6393,,
DATA,A001,1,570,73104,-0.2983,-0.4029,-0.1059,89.1724,-220.5811,35.8887,0.5123,,
DATA,A001,1,571,73114,-0.0551,-0.2679,0.0340,89.8438,-222.2900,39.3066,0.2756,,
DATA,A001,1,572,73124,0.2396,-0.0640,0.0164,83.3130,-134.7046,19.5312,0.2485,,
DATA,A001,1,573,73134,0.2750,0.0200,0.0120,70.9839,-62.1338,15.7471,0.2760,,
DATA,A001,1,574,73144,0.1773,0.0068,0.0887,39.0015,57.4951,12.2070,0.1984,,
DATA,A001,1,575,73154,0.0562,-0.0587,0.1521,21.9116,108.5205,3.8452,0.1725,,
DATA,A001,1,576,73164,-0.1291,-0.1470,0.1868,15.3809,132.4463,-8.1177,0.2705,,
DATA,A001,1,577,73174,-0.1869,-0.1839,0.1377,20.0806,123.1079,-14.3433,0.2962,,
DATA,A001,1,578,73184,-0.1857,-0.2139,0.0979,30.8838,92.8955,-21.0571,0.2997,,
DATA,A001,1,579,73194,-0.1542,-0.2066,0.0879,36.0107,74.7070,-24.5361,0.2724,,
DATA,A001,1,580,73204,-0.1396,-0.1861,0.0669,39.0015,58.6548,-30.5786,0.2421,,
DATA,A001,1,581,73214,-0.1835,-0.1568,0.0481,39.9170,55.1147,-36.1938,0.2461,,
DATA,A001,1,582,73224,-0.2563,-0.0594,-0.0249,43.9453,54.2603,-48.2178,0.2642,,
DATA,A001,1,583,73234,-0.2907,0.0156,-0.0761,47.1802,52.1851,-57.3120,0.3009,,
DATA,A001,1,584,73244,-0.3786,0.1069,-0.1308,48.2178,48.5229,-71.2280,0.4146,,
DATA,A001,1,585,73254,-0.4379,0.1567,-0.1386,47.7905,47.1802,-79.9561,0.4853,,
DATA,A001,1,586,73264,-0.5888,0.2509,-0.1450,49.4385,39.7949,-88.7451,0.6562,,
DATA,A001,1,587,73274,-0.7226,0.3286,-0.1110,53.7720,35.9497,-91.0034,0.8015,,
DATA,A001,1,588,73284,-1.1188,0.5612,-0.0796,64.1479,35.9497,-84.6558,1.2542,,
DATA,A001,1,589,73294,-1.5800,0.8452,-0.1577,73.0591,34.8511,-75.8667,1.7988,,
DATA,A001,1,590,73304,-2.3297,1.4101,-0.2050,88.7451,28.0762,-66.6504,2.7310,,
DATA,A001,1,591,73314,-2.7382,1.8220,-0.2231,84.5337,2.0142,-57.0679,3.2965,,
DATA,A001,1,592,73324,-3.2018,2.3806,-0.3733,55.4810,-73.7915,-18.7378,4.0072,,
DATA,A001,1,593,73334,-3.4047,2.7702,-0.3798,35.8887,-114.7461,8.4229,4.4057,,
DATA,A001,1,594,73344,-3.3896,3.1315,-0.1728,-6.9580,-114.7461,35.2783,4.6179,,
DATA,A001,1,595,73354,-3.1566,3.0475,0.0196,-47.0581,-76.5991,32.4707,4.3878,,
DATA,A001,1,596,73364,-2.8507,2.6013,0.2210,-91.7969,-3.6621,13.4888,3.8655,,
DATA,A001,1,597,73374,-2.7536,2.3224,0.2786,-100.5859,44.7998,6.2256,3.6130,,
DATA,A001,1,598,73384,-2.6239,2.0671,0.2688,-102.6001,78.7354,4.6387,3.3511,,
DATA,A001,1,599,73394,-2.4879,1.8976,0.2320,-106.3232,83.9233,10.4370,3.1376,,
DATA,A001,1,600,73404,-2.1962,1.6010,0.2229,-116.5771,73.6694,21.8506,2.7269,,
DATA,A001,1,601,73414,-1.9164,1.3600,0.1653,-128.0518,49.8657,32.1655,2.3558,,
DATA,A001,1,602,73424,-1.3473,1.0097,0.1375,-149.4751,-0.7935,59.5703,1.6893,,
DATA,A001,1,603,73434,-0.9740,0.7160,-0.0129,-172.8516,-37.8418,76.8433,1.2090,,
DATA,A001,1,604,73444,-0.3481,0.1879,0.0079,-174.5605,-92.9565,108.3374,0.3956,,
DATA,A001,1,605,73454,0.0953,-0.0972,0.0923,-203.7964,-75.4395,123.8403,0.1645,,
DATA,A001,1,606,73464,0.2940,-0.6121,0.0281,-250.0610,-14.4043,124.3896,0.6797,,
DATA,A001,1,607,73474,-0.0263,-0.9754,0.2994,-66.8945,15.5640,88.9282,1.0206,,
DATA,A001,1,608,73484,-0.0663,-0.5626,0.1048,37.6587,-5.9204,60.6079,0.5761,,
DATA,A001,1,609,73494,0.2955,0.0004,-0.0620,82.3975,-67.8101,72.6929,0.3019,,
DATA,A001,1,610,73504,0.5067,0.0827,-0.1276,65.3687,-79.1626,72.9980,0.5290,,
DATA,A001,1,611,73514,0.4745,-0.1829,-0.1242,27.1606,-88.1348,43.4570,0.5235,,
DATA,A001,1,612,73524,0.4737,-0.4153,-0.1738,29.1138,-84.4727,31.7383,0.6535,,
DATA,A001,1,613,73534,0.3585,-0.5887,-0.2185,72.8760,-97.0459,25.0854,0.7230,,
DATA,A001,1,614,73544,0.2088,-0.5816,-0.2148,117.1875,-122.1313,22.9492,0.6542,,
DATA,A001,1,615,73554,0.0509,-0.2271,-0.1145,162.3535,-162.5366,26.2451,0.2594,,
DATA,A001,1,616,73564,0.0050,-0.0203,-0.0593,145.6909,-174.8047,36.4990,0.0629,,
DATA,A001,1,617,73574,-0.0539,0.1274,0.0523,99.4873,-172.9736,43.6401,0.1479,,
DATA,A001,1,618,73584,-0.0583,0.1508,0.1038,78.2471,-157.1045,40.2222,0.1921,,
DATA,A001,1,619,73594,-0.1034,0.1408,0.1114,67.2607,-120.1782,34.6680,0.2072,,
DATA,A001,1,620,73604,-0.1315,0.1118,0.1363,66.2231,-100.9521,33.6304,0.2199,,
DATA,A001,1,621,73614,-0.2047,0.1103,0.0960,61.1572,-68.4814,32.4097,0.2516,,
DATA,A001,1,622,73624,-0.2250,0.1201,0.0857,49.7437,-49.5605,31.1279,0.2691,,
DATA,A001,1,623,73634,-0.2489,0.1274,0.0503,34.7900,-34.7290,21.9727,0.2841,,
DATA,A001,1,624,73644,-0.2533,0.1227,0.0198,27.8931,-27.2217,13.6719,0.2822,,
DATA,A001,1,625,73654,-0.3073,0.1210,0.0413,19.4702,-1.1597,-4.8828,0.3328,,
DATA,A001,1,626,73664,-0.3803,0.1291,0.0884,16.9678,27.5269,-22.8882,0.4112,,
DATA,A001,1,627,73674,-0.4367,0.2260,0.2005,16.2354,92.7734,-55.5420,0.5310,,
DATA,A001,1,628,73684,-0.3857,0.3027,0.2896,8.9111,150.5737,-80.9326,0.5694,,
DATA,A001,1,629,73694,-0.3891,0.3574,0.2527,-5.7983,225.6470,-112.2437,0.5856,,
DATA,A001,1,630,73704,-0.4613,0.3251,0.1375,-14.2822,254.5776,-128.7231,0.5809,,
DATA,A001,1,631,73714,-0.6525,0.2062,-0.0700,-16.2354,266.3574,-164.3066,0.6879,,
DATA,A001,1,632,73724,-0.8000,0.1362,-0.1955,-6.2866,261.1694,-190.4907,0.8347,,
DATA,A001,1,633,73734,-1.0683,0.1391,-0.3596,22.9492,238.8306,-222.6562,1.1357,,
DATA,A001,1,634,73744,-1.2648,0.2040,-0.4394,46.4478,214.2944,-237.1216,1.3544,,
DATA,A001,1,635,73754,-1.5802,0.4052,-0.4885,80.2612,154.0527,-240.4785,1.7029,,
DATA,A001,1,636,73764,-1.7970,0.6242,-0.4694,95.9473,107.5439,-236.5723,1.9594,,
DATA,A001,1,637,73774,-1.9801,0.8420,-0.4555,97.6562,58.3496,-234.8022,2.1994,,
DATA,A001,1,638,73784,-2.1559,1.1691,-0.5036,86.5479,10.9253,-226.3184,2.5037,,
DATA,A001,1,639,73794,-2.2467,1.4184,-0.5312,82.7637,5.6763,-214.6606,2.7096,,
DATA,A001,1,640,73804,-2.5985,1.9040,-0.5844,77.6367,15.6250,-173.1567,3.2740,,
DATA,A001,1,641,73814,-2.8935,2.1584,-0.5561,54.1992,25.2686,-145.3247,3.6524,,
DATA,A001,1,642,73824,-3.0014,2.3908,-0.5754,-9.4604,52.7344,-104.5532,3.8801,,
DATA,A001,1,643,73834,-3.0092,2.2785,-0.4826,-48.3398,66.4673,-85.6323,3.8052,,
DATA,A001,1,644,73844,-2.7948,1.7797,-0.3615,-95.5200,70.8008,-82.9468,3.3330,,
DATA,A001,1,645,73854,-2.7729,1.3669,-0.0529,-107.4829,69.1528,-74.4629,3.0919,,
DATA,A001,1,646,73864,-2.8378,0.3305,1.4532,-207.2754,-34.9731,-88.7451,3.2053,,
DATA,A001,1,647,73874,-3.0905,0.8022,2.4278,-76.9653,4.7607,-9.0332,4.0111,,
DATA,A001,1,648,73884,-2.8844,1.3764,0.9461,-133.1787,116.8213,-5.3711,3.3331,,
DATA,A001,1,649,73894,-2.3883,1.1376,0.3694,-182.1899,76.1719,-69.0918,2.6711,,
DATA,A001,1,650,73904,-1.1122,0.8261,-0.0947,-247.8638,36.1328,-107.8491,1.3887,,
DATA,A001,1,651,73914,-0.7736,0.5917,-0.4062,-262.9395,27.2827,-112.3657,1.0553,,
DATA,A001,1,652,73924,-0.4608,0.2719,-0.6147,-280.6396,-13.6719,-107.5439,0.8150,,
DATA,A001,1,653,73934,-0.1613,0.0671,-0.7150,-201.1108,-69.8242,-33.9966,0.7361,,
DATA,A001,1,654,73944,0.4456,0.0021,-0.7009,-162.5977,-68.8477,26.3672,0.8306,,
DATA,A001,1,655,73954,0.4134,-0.4835,-0.7260,-227.4780,-45.5322,-10.9253,0.9653,,
DATA,A001,1,656,73964,0.3541,-0.8589,-0.6633,-122.1924,-37.7197,-45.4102,1.1415,,
DATA,A001,1,657,73974,0.2940,-0.9984,-0.6215,-46.8140,-52.0020,-48.8892,1.2122,,
DATA,A001,1,658,73984,0.3341,-0.8951,-0.4257,44.2505,-96.3135,-22.5220,1.0460,,
DATA,A001,1,659,73994,0.4847,-0.7415,-0.2985,96.1304,-116.6992,-10.6812,0.9348,,
DATA,A001,1,660,74004,0.7042,-0.4622,-0.1218,150.8789,-98.6328,-12.2681,0.8511,,
DATA,A001,1,661,74014,0.8455,-0.2840,-0.0366,158.7524,-70.1294,-10.0098,0.8927,,
DATA,A001,1,662,74024,0.7816,-0.0460,0.0830,112.7930,-29.6631,18.9819,0.7873,,
DATA,A001,1,663,74034,0.5807,0.0200,0.0989,57.6782,-3.7231,38.3911,0.5894,,
DATA,A001,1,664,74044,0.1922,-0.0770,0.0218,13.7939,8.5449,46.7529,0.2082,,
DATA,A001,1,665,74054,0.0055,-0.1578,-0.0302,16.6016,-2.5635,44.0063,0.1607,,
DATA,A001,1,666,74064,-0.1322,-0.1619,-0.0214,57.6782,-17.0288,43.3350,0.2102,,
DATA,A001,1,667,74074,-0.1935,-0.0682,-0.0019,79.0405,-22.1558,40.9546,0.2052,,
DATA,A001,1,668,74084,-0.2294,0.0449,0.0196,82.2144,-23.1934,35.5225,0.2346,,
DATA,A001,1,669,74094,-0.2367,0.1511,0.0564,58.7158,-27.7710,28.3813,0.2864,,
DATA,A001,1,670,74104,-0.2091,0.1660,0.0489,37.2314,-36.2549,23.6816,0.2714,,
DATA,A001,1,671,74114,-0.1281,0.0827,0.0291,13.6719,-49.2554,11.9019,0.1552,,
DATA,A001,1,672,74124,-0.0541,0.0246,0.0245,8.6670,-54.5044,1.2207,0.0643,,
DATA,A001,1,673,74134,0.0570,-0.0186,-0.0197,8.1177,-52.8564,-16.8457,0.0631,,
DATA,A001,1,674,74144,0.1117,-0.0276,-0.0495,6.7749,-44.6777,-27.1606,0.1252,,
DATA,A001,1,675,74154,0.1849,-0.0230,-0.0727,1.2817,-24.1699,-39.3677,0.2000,,
DATA,A001,1,676,74164,0.2225,-0.0233,-0.0886,-4.8218,-6.8970,-45.6543,0.2406,,
DATA,A001,1,677,74174,0.2396,-0.0462,-0.1528,-16.0522,24.9634,-52.4292,0.2879,,
DATA,A001,1,678,74184,0.2049,-0.0811,-0.1926,-21.5454,50.1709,-54.4434,0.2927,,
DATA,A001,1,679,74194,0.0916,-0.1255,-0.1967,-21.1182,93.8721,-53.6499,0.2507,,
DATA,A001,1,680,74204,-0.0600,-0.1168,-0.1848,-14.2822,124.3286,-51.3306,0.2267,,
DATA,A001,1,681,74214,-0.4594,0.0068,-0.1945,1.8311,173.8892,-46.2646,0.4989,,
DATA,A001,1,682,74224,-0.9872,0.1703,-0.2707,11.0474,212.1582,-44.1895,1.0377,,
DATA,A001,1,683,74234,-2.0922,0.5568,-0.5356,17.0898,272.8882,-50.4150,2.2303,,
DATA,A001,1,684,74244,-2.8976,0.8879,-0.6186,17.4561,293.7622,-51.6968,3.0931,,
DATA,A001,1,685,74254,-3.8476,1.4597,-0.6884,18.6768,221.9849,-27.4048,4.1723,,
DATA,A001,1,686,74264,-4.0858,1.8051,-0.8652,18.3105,99.9756,-17.8223,4.5499,,
DATA,A001,1,687,74274,-3.7848,2.1008,-0.7129,-19.2871,-10.3760,-4.2114,4.3871,,
DATA,A001,1,688,74284,-3.6808,2.2099,-0.4043,-52.6123,5.0049,2.5024,4.3123,,
DATA,A001,1,689,74294,-3.8710,2.0280,0.2315,-68.6646,58.3496,19.2261,4.3762,,
DATA,A001,1,690,74304,-4.0270,1.6210,0.3746,-63.3545,93.7500,35.2173,4.3572,,
DATA,A001,1,691,74314,-4.0270,1.2853,0.1692,-34.5459,138.9771,55.9692,4.2305,,
DATA,A001,1,692,74324,-4.0851,1.2250,0.1753,-31.4941,129.2114,50.3540,4.2684,,
DATA,A001,1,693,74334,-3.7443,1.0009,0.0247,-52.3682,1.2817,42.7856,3.8758,,
DATA,A001,1,694,74344,-3.0812,0.8478,-0.1357,-64.5142,-90.6982,44.1284,3.1986,,
DATA,A001,1,695,74354,-1.9984,0.6423,-0.3112,-84.8999,-134.7656,47.8516,2.1221,,
DATA,A001,1,696,74364,-1.4045,0.4321,-0.3239,-118.4692,-108.6426,31.4331,1.5047,,
DATA,A001,1,697,74374,-0.7350,0.1215,-0.3173,-175.5981,-62.3779,28.5034,0.8098,,
DATA,A001,1,698,74384,-0.4892,-0.0943,-0.2898,-188.2935,19.2261,-11.7188,0.5763,,
DATA,A001,1,699,74394,-0.2201,-0.4359,-0.3349,-152.8320,6.1035,96.4966,0.5921,,
DATA,A001,1,700,74404,-0.0873,-0.6810,-0.3462,-125.3662,11.0474,95.0928,0.7689,,
DATA,A001,1,701,74414,0.0584,-0.9678,-0.3701,-108.0933,5.4932,55.7861,1.0378,,
DATA,A001,1,702,74424,0.2154,-1.2305,-0.2609,-46.5088,-31.6162,55.1758,1.2762,,
DATA,A001,1,703,74434,0.3463,-1.0508,-0.1640,29.2358,-67.6880,69.9463,1.1185,,
DATA,A001,1,704,74444,0.4225,-0.8509,-0.0847,64.5142,-78.1860,63.4766,0.9538,,
DATA,A001,1,705,74454,0.5431,-0.6512,-0.0622,82.2144,-85.4492,49.8657,0.8502,,
DATA,A001,1,706,74464,0.4596,-0.4981,0.0762,76.1719,-76.5991,24.5361,0.6820,,
DATA,A001,1,707,74474,0.2989,-0.4359,0.0931,60.3638,-74.7070,12.8784,0.5366,,
DATA,A001,1,708,74484,0.1602,-0.3470,-0.0048,34.9121,-79.4067,10.6812,0.3822,,
DATA,A001,1,709,74494,0.0733,-0.3011,-0.0996,29.8462,-69.4580,11.8408,0.3255,,
DATA,A001,1,710,74504,-0.1242,-0.1822,-0.1235,40.4053,-59.3262,8.5449,0.2527,,
DATA,A001,1,711,74514,-0.1820,-0.0921,-0.1330,48.0347,-51.7578,3.6011,0.2435,,
DATA,A001,1,712,74524,-0.2013,-0.0049,-0.1323,36.9873,-48.1567,-2.5635,0.2409,,
DATA,A001,1,713,74534,-0.2218,0.0012,-0.1164,18.4937,-54.2603,-4.1504,0.2505,,
DATA,A001,1,714,74544,-0.2194,-0.0474,-0.1684,-9.3994,-70.2515,-9.2163,0.2806,,
DATA,A001,1,715,74554,-0.2321,-0.0980,-0.1845,-18.9819,-87.0972,-15.0146,0.3123,,
DATA,A001,1,716,74564,-0.2528,-0.1121,-0.1919,-16.3574,-115.9668,-27.0386,0.3366,,
DATA,A001,1,717,74574,-0.2423,-0.0762,-0.1911,-9.7046,-129.5776,-37.4146,0.3179,,
DATA,A001,1,718,74584,-0.2267,0.0236,-0.1482,-5.5542,-138.3057,-50.5981,0.2719,,
DATA,A001,1,719,74594,-0.1886,0.0810,-0.1320,-10.3760,-134.3384,-55.7861,0.2441,,
DATA,A001,1,720,74604,-0.1667,0.1235,-0.0988,-25.7568,-113.6475,-61.0352,0.2298,,
DATA,A001,1,721,74614,-0.1813,0.1257,-0.0896,-35.4614,-90.9424,-65.2466,0.2381,,
DATA,A001,1,722,74624,-0.2040,0.1191,-0.0976,-43.7622,-45.8374,-74.2188,0.2556,,
DATA,A001,1,723,74634,-0.2638,0.1249,-0.0988,-44.6777,-17.3340,-79.4067,0.3082,,
DATA,A001,1,724,74644,-0.3583,0.1733,-0.0769,-40.2222,15.2588,-84.2896,0.4054,,
DATA,A001,1,725,74654,-0.4076,0.2363,-0.0275,-35.2173,26.9165,-88.8672,0.4720,,
DATA,A001,1,726,74664,-0.5612,0.3427,0.0657,-31.7383,32.8369,-97.9004,0.6608,,
DATA,A001,1,727,74674,-0.7538,0.4391,0.1153,-34.6680,36.2549,-104.1260,0.8800,,
DATA,A001,1,728,74684,-1.1723,0.6303,0.1089,-43.6401,44.1895,-113.9526,1.3354,,
DATA,A001,1,729,74694,-1.5348,0.8100,0.0354,-48.0957,49.9268,-115.9668,1.7358,,
DATA,A001,1,730,74704,-1.8730,1.1003,0.0667,-49.9268,57.4341,-115.2344,2.1733,,
DATA,A001,1,731,74714,-1.9545,1.2658,0.2037,-55.2979,49.6826,-104.1870,2.3375,,
DATA,A001,1,732,74724,-2.1056,1.3908,0.2146,-84.1064,16.3574,-71.7773,2.5326,,
DATA,A001,1,733,74734,-2.2628,1.3308,0.1424,-109.9854,8.1177,-50.2319,2.6290,,
DATA,A001,1,734,74744,-2.3127,1.1787,0.1138,-124.2065,26.5503,-30.8838,2.5982,,
DATA,A001,1,735,74754,-2.2499,0.8898,0.2059,-104.3701,74.2798,8.9722,2.4282,,
DATA,A001,1,736,74764,-2.2394,0.7348,0.4102,-74.3408,98.1445,27.8931,2.3923,,
DATA,A001,1,737,74774,-2.2653,0.5737,0.7205,-33.3862,94.1772,32.4097,2.4454,,
DATA,A001,1,738,74784,-2.2758,0.4792,0.8265,-12.5732,73.3032,29.1748,2.4682,,
DATA,A001,1,739,74794,-2.3734,0.3576,0.8675,6.7749,33.3862,21.5454,2.5522,,
DATA,A001,1,740,74804,-2.4257,0.2626,0.8609,11.3525,6.4697,18.0664,2.5873,,
DATA,A001,1,741,74814,-2.5204,0.0998,0.7933,0.3662,-38.5132,19.5923,2.6442,,
DATA,A001,1,742,74824,-2.5983,0.0297,0.7054,-13.4277,-80.8105,22.3389,2.6925,,
DATA,A001,1,743,74834,-2.5507,-0.0093,0.4744,-32.3486,-168.4570,25.0244,2.5945,,
DATA,A001,1,744,74844,-2.3344,-0.0123,0.3152,-38.3911,-223.2666,29.5410,2.3556,,
DATA,A001,1,745,74854,-1.9335,-0.0123,0.1175,-43.1519,-263.9771,44.6777,1.9371,,
DATA,A001,1,746,74864,-1.6803,-0.0352,0.0411,-46.1426,-251.4038,57.4951,1.6812,,
DATA,A001,1,747,74874,-1.3383,-0.0706,-0.0219,-52.0630,-187.9883,72.3877,1.3403,,
DATA,A001,1,748,74884,-1.1645,-0.1043,-0.0434,-54.9316,-136.9629,81.2378,1.1699,,
DATA,A001,1,749,74894,-0.9589,-0.1710,-0.0498,-58.2275,-75.1343,92.2852,0.9753,,
DATA,A001,1,750,74904,-0.8097,-0.2237,-0.0649,-58.4717,-45.4712,96.0083,0.8426,,
DATA,A001,1,751,74914,-0.5766,-0.2850,-0.1242,-54.5044,-14.9536,98.6938,0.6550,,
DATA,A001,1,752,74924,-0.4240,-0.3013,-0.1660,-47.3022,-0.0610,99.7314,0.5460,,
DATA,A001,1,753,74934,-0.2406,-0.3152,-0.2251,-33.0811,25.6348,97.1069,0.4560,,
DATA,A001,1,754,74944,-0.1591,-0.2991,-0.2575,-21.6675,46.1426,90.2710,0.4256,,
DATA,A001,1,755,74954,-0.1034,-0.2476,-0.2807,-3.2349,77.0264,76.6602,0.3884,,
DATA,A001,1,756,74964,-0.0978,-0.2134,-0.2802,8.1787,92.9565,67.1997,0.3656,,
DATA,A001,1,757,74974,-0.0939,-0.1695,-0.2155,22.0947,102.3560,53.4058,0.2898,,
DATA,A001,1,758,74984,-0.0824,-0.1426,-0.1555,27.6489,97.6562,45.5322,0.2265,,
DATA,A001,1,759,74994,-0.0705,-0.1021,-0.0756,28.7476,80.0781,35.2783,0.1453,,
DATA,A001,1,760,75004,-0.0597,-0.0933,-0.0488,25.8179,66.8945,28.5034,0.1211,,
DATA,A001,1,761,75014,-0.0529,-0.1099,-0.0498,22.0337,52.5513,19.2261,0.1317,,
DATA,A001,1,762,75024,-0.0470,-0.1243,-0.0412,23.9868,48.5840,14.7095,0.1392,,
DATA,A001,1,763,75034,-0.0402,-0.1260,-0.0083,36.0107,52.4292,11.7798,0.1325,,
DATA,A001,1,764,75044,-0.0395,-0.0977,0.0125,45.8374,59.0820,12.5732,0.1061,,
DATA,A001,1,765,75054,-0.0724,-0.0579,0.0347,52.3071,72.5098,16.6626,0.0990,,
DATA,A001,1,766,75064,-0.1178,-0.0533,0.0589,47.5464,81.0547,21.2402,0.1421,,
DATA,A001,1,767,75074,-0.2001,-0.0704,0.0850,36.1938,86.8530,30.5786,0.2285,,
DATA,A001,1,768,75084,-0.2492,-0.0831,0.0999,32.3486,82.5195,36.4380,0.2810,,
DATA,A001,1,769,75094,-0.2775,-0.0789,0.1094,34.2407,72.0215,41.3208,0.3086,,
DATA,A001,1,770,75104,-0.2846,-0.0384,0.1346,41.2598,50.7202,46.4478,0.3171,,
DATA,A001,1,771,75114,-0.2631,-0.0003,0.1509,42.4805,36.8042,49.1333,0.3033,,
DATA,A001,1,772,75124,-0.2292,0.0297,0.1490,34.2407,19.8975,52.4902,0.2749,,
DATA,A001,1,773,75134,-0.2133,0.0248,0.1231,25.6958,10.4980,54.9927,0.2475,,
DATA,A001,1,774,75144,-0.2167,-0.0032,0.0386,17.7002,-3.1128,58.0444,0.2201,,
DATA,A001,1,775,75154,-0.2106,-0.0174,-0.0100,18.1885,-12.3291,58.3496,0.2116,,
DATA,A001,1,776,75164,-0.2570,-0.0032,-0.0620,24.3530,-26.6724,58.5938,0.2644,,
DATA,A001,1,777,75174,-0.2904,0.0446,-0.1018,30.2734,-34.9731,59.0820,0.3110,,
DATA,A001,1,778,75184,-0.2611,0.1782,-0.1447,43.4570,-44.9829,63.1104,0.3477,,
DATA,A001,1,779,75194,-0.1964,0.2792,-0.1599,52.9785,-40.7715,65.6738,0.3770,,
DATA,A001,1,780,75204,-0.0883,0.4479,-0.1474,66.1011,-4.4556,71.4722,0.4798,,
DATA,A001,1,781,75214,-0.0536,0.5356,-0.1501,70.6177,32.8369,82.8857,0.5588,,
DATA,A001,1,782,75224,-0.3253,0.5729,-0.2041,71.0449,93.7500,109.9854,0.6897,,
DATA,A001,1,783,75234,-0.8371,0.5446,-0.2722,73.8525,139.0991,129.0894,1.0351,,
DATA,A001,1,784,75244,-2.1054,0.5930,-0.3877,94.6045,167.6025,162.4146,2.2214,,
DATA,A001,1,785,75254,-3.0116,0.7172,-0.2605,126.1597,162.5977,175.5371,3.1068,,
DATA,A001,1,786,75264,-3.8712,1.2519,-0.0300,194.3359,87.5244,175.1099,4.0687,,
DATA,A001,1,787,75274,-3.9909,1.8618,-0.0012,238.8306,-16.7236,161.8652,4.4038,,
DATA,A001,1,788,75284,-3.8905,2.9011,-0.0102,255.5542,-156.4941,97.5952,4.8531,,
DATA,A001,1,789,75294,-3.6134,3.3442,0.1558,209.7778,-181.1523,38.1470,4.9259,,
DATA,A001,1,790,75304,-2.9843,3.1472,0.4434,85.3271,-164.4287,-29.8462,4.3597,,
DATA,A001,1,791,75314,-2.5876,2.5600,0.5747,12.8784,-144.2871,-61.8286,3.6850,,
DATA,A001,1,792,75324,-1.9911,1.8200,0.6133,-41.7480,-131.0425,-98.1445,2.7664,,
DATA,A001,1,793,75334,-1.6171,1.5407,0.5396,-55.0537,-127.6245,-114.5630,2.2978,,
DATA,A001,1,794,75344,-1.2126,1.2861,0.3899,-65.0635,-106.8726,-127.2583,1.8101,,
DATA,A001,1,795,75354,-0.9921,1.2065,0.3018,-68.2983,-73.4863,-122.2534,1.5909,,
DATA,A001,1,796,75364,-0.7687,1.1974,0.1639,-71.7163,-10.9253,-96.4355,1.4324,,
DATA,A001,1,797,75374,-0.7091,1.2182,0.0833,-78.2471,25.0854,-79.3457,1.4120,,
DATA,A001,1,798,75384,-0.6234,1.2265,0.0491,-93.2007,62.7441,-56.1523,1.3767,,
DATA,A001,1,799,75394,-0.5670,1.1682,0.0418,-107.2388,77.1484,-43.7012,1.2992,,
DATA,A001,1,800,75404,-0.5099,1.0546,0.0425,-121.1548,87.1582,-36.1938,1.1722,,
DATA,A001,1,801,75414,-0.4035,0.8268,0.0323,-136.0474,99.9756,-31.9824,0.9206,,
DATA,A001,1,802,75424,-0.2875,0.5622,-0.0075,-140.8691,110.7788,-28.3203,0.6315,,
DATA,A001,1,803,75434,-0.2199,0.3915,-0.0376,-138.9160,115.2344,-23.6206,0.4506,,
DATA,A001,1,804,75444,-0.1623,0.2375,-0.0598,-133.4839,117.9810,-17.6392,0.2938,,
DATA,A001,1,805,75454,-0.1208,0.0461,-0.0774,-120.4834,119.1406,-8.8501,0.1506,,
DATA,A001,1,806,75464,-0.1125,-0.0491,-0.0803,-109.2529,114.9902,-2.9907,0.1467,,
DATA,A001,1,807,75474,-0.0912,-0.1522,-0.0593,-89.9658,106.2012,5.9814,0.1871,,
DATA,A001,1,808,75484,-0.0724,-0.1929,-0.0383,-75.6836,100.5859,10.5591,0.2096,,
DATA,A001,1,809,75494,-0.0443,-0.2056,-0.0234,-55.4199,92.5903,13.6719,0.2117,,
DATA,A001,1,810,75504,-0.0314,-0.2090,0.0083,-44.7998,88.4399,12.8784,0.2116,,
DATA,A001,1,811,75514,-0.0041,-0.1976,0.0723,-32.5928,82.4585,6.7139,0.2104,,
DATA,A001,1,812,75524,0.0221,-0.1854,0.1148,-26.9165,79.8340,1.2207,0.2191,,
DATA,A001,1,813,75534,0.0658,-0.1500,0.1143,-23.8647,84.4727,-9.5825,0.1997,,
DATA,A001,1,814,75544,0.0875,-0.1358,0.0848,-24.3530,96.1914,-18.8599,0.1824,,
DATA,A001,1,815,75554,0.0982,-0.1287,0.0039,-24.5972,130.3711,-32.8369,0.1620,,
DATA,A001,1,816,75564,0.0816,-0.1338,-0.1005,-25.2075,161.6821,-43.3350,0.1863,,
DATA,A001,1,817,75574,0.0204,-0.2073,-0.2834,-27.4658,203.7964,-55.7251,0.3517,,
DATA,A001,1,818,75584,-0.0358,-0.2925,-0.3681,-29.3579,220.9473,-58.5327,0.4716,,
DATA,A001,1,819,75594,-0.0719,-0.4217,-0.4658,-25.9399,229.0039,-65.2466,0.6324,,
DATA,A001,1,820,75604,-0.0934,-0.4734,-0.5246,-15.1978,223.7549,-75.0122,0.7128,,
DATA,A001,1,821,75614,-0.1606,-0.4910,-0.5551,10.5591,205.5054,-92.8955,0.7583,,
DATA,A001,1,822,75624,-0.1842,-0.4517,-0.5376,27.6489,185.7910,-106.8726,0.7259,,
DATA,A001,1,823,75634,-0.1850,-0.3611,-0.4690,44.7388,151.9165,-130.3101,0.6201,,
DATA,A001,1,824,75644,-0.1969,-0.3148,-0.4323,49.4995,127.8076,-142.7612,0.5699,,
DATA,A001,1,825,75654,-0.2223,-0.3023,-0.3435,51.9409,93.2007,-157.5928,0.5087,,
DATA,A001,1,826,75664,-0.2467,-0.3287,-0.2522,52.6123,72.7539,-164.0015,0.4822,,
DATA,A001,1,827,75674,-0.3354,-0.3626,-0.2312,45.0439,49.5605,-166.6260,0.5453,,
DATA,A001,1,828,75684,-0.4667,-0.3531,-0.3396,32.1655,42.1753,-158.6304,0.6766,,
DATA,A001,1,829,75694,-0.9316,-0.3006,-0.6853,10.4370,41.6870,-121.1548,1.1949,,
DATA,A001,1,830,75704,-1.5199,-0.2088,-1.0481,2.8076,35.5835,-79.5288,1.8580,,
DATA,A001,1,831,75714,-2.5827,0.0158,-1.5793,29.3579,14.7095,-9.4604,3.0273,,
DATA,A001,1,832,75724,-3.1906,0.2541,-1.6565,85.6934,1.0376,18.9209,3.6039,,
DATA,A001,1,833,75734,-3.6933,0.8149,-1.8903,142.5171,-7.2021,45.0439,4.2282,,
DATA,A001,1,834,75744,-3.5849,1.9570,-1.9980,153.7476,-42.1753,82.0312,4.5468,,
DATA,A001,1,835,75754,-3.0744,2.6369,-1.8566,119.8730,-53.5889,73.9746,4.4556,,
DATA,A001,1,836,75764,-2.2653,2.8156,-1.4565,28.5645,-16.2354,71.2280,3.8962,,
DATA,A001,1,837,75774,-1.9621,2.0900,-1.1191,-44.6777,43.3350,78.6133,3.0774,,
DATA,A001,1,838,75784,-1.7060,0.7702,-0.7334,-74.0967,131.5308,83.9233,2.0103,,
DATA,A001,1,839,75794,-1.6029,0.2119,-0.5146,-34.3018,157.1045,80.8716,1.6968,,
DATA,A001,1,840,75804,-1.5429,-0.0442,-0.2712,44.9219,132.6904,83.0688,1.5672,,
DATA,A001,1,841,75814,-1.4967,0.0368,-0.1755,83.9844,95.8862,95.8252,1.5074,,
DATA,A001,1,842,75824,-1.3759,0.2543,-0.1508,105.9570,31.3721,114.8682,1.4073,,
DATA,A001,1,843,75834,-1.2108,0.3364,-0.1718,100.5249,-7.0190,121.7041,1.2684,,
DATA,A001,1,844,75844,-0.8224,0.3246,-0.2343,69.4580,-30.1514,108.7036,0.9147,,
DATA,A001,1,845,75854,-0.6147,0.1779,-0.2617,41.1987,-4.6997,97.1069,0.6913,,
DATA,A001,1,846,75864,-0.4809,0.0429,-0.2446,28.0762,-1.8921,109.1919,0.5412,,
DATA,A001,1,847,75874,-0.4318,-0.0330,-0.2749,26.5503,13.6108,121.8262,0.5129,,
DATA,A001,1,848,75884,-0.3610,-0.1011,-0.3244,42.9077,6.6528,148.3154,0.4958,,
DATA,A001,1,849,75894,-0.2106,-0.0828,-0.3430,54.7485,-1.2817,149.2920,0.4109,,
DATA,A001,1,850,75904,-0.1024,-0.0535,-0.3628,64.4531,-1.2207,144.7754,0.3807,,
DATA,A001,1,851,75914,-0.0458,-0.0206,-0.3435,65.5518,7.5073,140.0757,0.3471,,
DATA,A001,1,852,75924,-0.1640,-0.0291,-0.1775,63.9648,-6.3477,122.5586,0.2434,,
DATA,A001,1,853,75934,-0.0673,-0.0445,-0.1799,53.2227,-4.9438,113.5254,0.1972,,
DATA,A001,1,854,75944,-0.2804,-0.1219,-0.0139,39.3677,-24.7803,83.9844,0.3061,,
DATA,A001,1,855,75954,-0.2885,-0.1422,0.0479,35.2783,-65.9180,73.4253,0.3252,,
DATA,A001,1,856,75964,-0.1513,-0.1590,0.0965,28.3203,-91.2476,55.9082,0.2397,,
DATA,A001,1,857,75974,0.0687,-0.1917,0.1170,21.1182,-85.3882,46.8750,0.2349,,
DATA,A001,1,858,75984,-0.0920,-0.2845,0.1841,33.2031,-46.9971,53.9551,0.3511,,
DATA,A001,1,859,75994,-0.3610,-0.3170,0.1827,50.3540,-53.6499,50.4761,0.5139,,
DATA,A001,1,860,76004,-0.6088,-0.2935,0.1822,68.0542,-147.0337,50.1709,0.7000,,
DATA,A001,1,861,76014,-0.4970,-0.1973,0.2098,64.5142,-209.7778,49.1333,0.5744,,
DATA,A001,1,862,76024,-0.3004,-0.0982,0.1558,44.3726,-272.9492,30.7617,0.3524,,
DATA,A001,1,863,76034,-0.2113,-0.0433,0.1021,30.7617,-280.9448,28.7476,0.2387,,
DATA,A001,1,864,76044,0.0345,0.0197,0.0940,21.6675,-262.8174,2.4414,0.1021,,
DATA,A001,1,865,76054,0.1742,0.0837,0.0855,24.4141,-212.1582,8.7280,0.2113,,
DATA,A001,1,866,76064,0.0875,0.1601,0.2054,23.0103,-144.1040,-0.9155,0.2747,,
DATA,A001,1,867,76074,-0.0043,0.3185,0.2080,17.5171,-50.1709,-2.2583,0.3805,,
DATA,A001,1,868,76084,-0.2428,0.4169,0.1136,11.8408,5.5542,-1.6479,0.4957,,
DATA,A001,1,869,76094,-0.6855,0.5161,-0.0520,4.6997,64.3921,2.4414,0.8596,,
DATA,A001,1,870,76104,-1.1664,0.5615,-0.2136,0.1221,69.4580,4.3335,1.3120,,
DATA,A001,1,871,76114,-2.1837,0.6393,-0.5754,4.6997,28.4424,22.8882,2.3470,,
DATA,A001,1,872,76124,-2.7792,0.6755,-0.6364,16.2964,-13.1226,38.6963,2.9301,,
DATA,A001,1,873,76134,-3.0839,0.8308,-0.4856,46.5088,-62.1338,54.6875,3.2305,,
DATA,A001,1,874,76144,-3.1161,1.0512,-0.5207,75.7446,-117.4316,75.9277,3.3296,,
DATA,A001,1,875,76154,-3.3925,1.6188,-0.6926,107.9712,-165.3442,73.7305,3.8222,,
DATA,A001,1,876,76164,-3.5153,2.0385,-0.6862,93.9331,-151.7334,52.4902,4.1211,,
DATA,A001,1,877,76174,-3.1252,2.2141,-0.7214,24.1089,-151.8555,18.6157,3.8973,,
DATA,A001,1,878,76184,-2.6535,1.9670,-0.7138,-41.9312,-164.7339,-8.8501,3.3793,,
DATA,A001,1,879,76194,-2.0360,1.3564,-0.6591,-114.2578,-158.2031,-25.4517,2.5337,,
DATA,A001,1,880,76204,-1.7323,0.9802,-0.5688,-131.7139,-140.4419,-28.0151,2.0701,,
DATA,A001,1,881,76214,-1.4311,0.5690,-0.4721,-126.5259,-95.9473,-23.6816,1.6108,,
DATA,A001,1,882,76224,-1.2729,0.3708,-0.4277,-120.3613,-62.0117,-26.3672,1.3930,,
DATA,A001,1,883,76234,-1.0443,0.1877,-0.4414,-57.8613,-13.0005,7.0801,1.1492,,
DATA,A001,1,884,76244,-0.9313,-0.0562,-0.4807,-34.0576,12.8784,9.8877,1.0495,,
DATA,A001,1,885,76254,-1.4611,0.2861,-0.2060,181.5796,-121.7651,143.1274,1.5030,,
DATA,A001,1,886,76264,-1.1295,0.7065,-0.2475,46.8750,-145.8740,21.6064,1.3551,,
DATA,A001,1,887,76274,-0.2189,0.5688,-0.4194,-151.1841,-156.4941,-61.2183,0.7398,,
DATA,A001,1,888,76284,0.2577,0.2919,-0.6547,-188.8428,-81.9702,-26.5503,0.7618,,
DATA,A001,1,889,76294,0.2457,-0.1031,-0.5400,-119.5679,18.9819,15.6250,0.6022,,
DATA,A001,1,890,76304,-0.0666,-0.1905,-0.4111,-72.0825,50.9644,8.6670,0.4579,,
DATA,A001,1,891,76314,-0.0470,-0.1695,-0.4384,-44.9829,72.4487,-16.6016,0.4724,,
DATA,A001,1,892,76324,0.0374,-0.1558,-0.3513,-42.2363,78.1860,-29.1748,0.3861,,
DATA,A001,1,893,76334,-0.0636,-0.1241,-0.1955,-33.2031,67.2607,-29.4189,0.2402,,
DATA,A001,1,894,76344,-0.0077,-0.1155,-0.2229,-24.9023,61.0352,-33.7524,0.2511,,
DATA,A001,1,895,76354,0.0536,-0.1348,-0.1184,-13.8550,58.6548,-50.9033,0.1872,,
DATA,A001,1,896,76364,0.0204,-0.1356,-0.0583,-8.0566,54.0771,-55.6030,0.1490,,
DATA,A001,1,897,76374,0.0592,-0.1307,-0.0798,-5.1270,52.1240,-60.1807,0.1641,,
DATA,A001,1,898,76384,0.0580,-0.1509,-0.0290,-1.5259,51.5747,-69.4580,0.1643,,
DATA,A001,1,899,76394,0.0228,-0.1512,-0.0044,2.5024,48.5229,-71.1060,0.1530,,
DATA,A001,1,900,76404,0.0240,-0.1463,-0.0031,9.0942,47.0581,-73.9746,0.1483,,
DATA,A001,1,901,76414,-0.0172,-0.1419,0.0486,13.6719,42.9688,-74.2798,0.1510,,
DATA,A001,1,902,76424,-0.0495,-0.1153,0.0735,19.1040,36.1328,-71.5332,0.1454,,
DATA,A001,1,903,76434,-0.0629,-0.0980,0.1084,21.3623,33.3252,-70.5566,0.1591,,
DATA,A001,1,904,76444,-0.1252,-0.0547,0.1658,23.4375,31.1890,-67.6880,0.2148,,
DATA,A001,1,905,76454,-0.1581,-0.0042,0.1980,25.5737,35.7666,-66.7114,0.2534,,
DATA,A001,1,906,76464,-0.3214,0.0749,0.2124,29.9683,46.1426,-68.2983,0.3925,,
DATA,A001,1,907,76474,-0.4394,0.1425,0.2044,33.9966,51.3306,-71.4111,0.5051,,
DATA,A001,1,908,76484,-0.6239,0.2570,0.1578,37.7808,46.3257,-76.1108,0.6930,,
DATA,A001,1,909,76494,-0.8136,0.3425,0.0938,36.3770,33.9355,-81.6650,0.8877,,
DATA,A001,1,910,76504,-1.2245,0.4912,-0.0647,34.8511,12.8784,-95.1538,1.3209,,
DATA,A001,1,911,76514,-1.5473,0.6484,-0.1474,43.0908,-0.6714,-102.7222,1.6841,,
DATA,A001,1,912,76524,-1.9914,0.9887,-0.2216,64.3921,-33.7524,-94.4214,2.2343,,
DATA,A001,1,913,76534,-2.1671,1.2062,-0.1513,67.3828,-54.0771,-70.0073,2.4848,,
DATA,A001,1,914,76544,-2.2675,1.2763,-0.0239,34.3018,-76.9043,-23.5596,2.6021,,
DATA,A001,1,915,76554,-2.4167,1.1396,-0.1196,1.0986,-100.2197,5.9204,2.6745,,
DATA,A001,1,916,76564,-2.7152,0.9565,-0.1872,-1.8921,-112.4268,36.0107,2.8849,,
DATA,A001,1,917,76574,-2.7790,1.0080,-0.1552,30.3345,-97.7173,50.2930,2.9602,,
DATA,A001,1,918,76584,-2.7377,1.2343,-0.0202,61.4014,-74.7681,65.9180,3.0032,,
DATA,A001,1,919,76594,-2.7191,1.3134,0.0755,50.9644,-85.1440,67.9321,3.0207,,
DATA,A001,1,920,76604,-2.5956,1.2429,0.0884,15.9302,-124.0845,63.6597,2.8792,,
DATA,A001,1,921,76614,-2.4613,1.1235,0.0884,-4.0894,-153.4424,64.9414,2.7071,,
DATA,A001,1,922,76624,-2.2482,0.9174,0.0984,-23.4985,-193.6035,71.1060,2.4302,,
DATA,A001,1,923,76634,-2.0829,0.7868,0.1058,-32.9590,-215.1489,77.0264,2.2291,,
DATA,A001,1,924,76644,-1.7643,0.6232,0.1182,-45.5322,-242.0044,86.2427,1.8749,,
DATA,A001,1,925,76654,-1.4882,0.5209,0.1072,-52.5513,-252.1973,90.8813,1.5804,,
DATA,A001,1,926,76664,-1.0175,0.3605,0.0713,-59.5703,-245.9106,98.2666,1.0818,,
DATA,A001,1,927,76674,-0.7160,0.2504,0.0616,-60.0586,-225.0977,102.6001,0.7610,,
DATA,A001,1,928,76684,-0.3324,0.1096,0.0298,-53.4058,-169.5557,105.8960,0.3513,,
DATA,A001,1,929,76694,-0.1496,0.0461,0.0039,-45.7764,-120.6055,106.7505,0.1566,,
DATA,A001,1,930,76704,-0.0175,-0.0010,-0.0151,-38.3911,-66.1621,106.5674,0.0231,,
DATA,A001,1,931,76714,0.0797,-0.0538,-0.0385,-27.9541,9.8267,104.9194,0.1036,,
DATA,A001,1,932,76724,0.0938,-0.0814,-0.0503,-20.4468,52.1851,101.1353,0.1340,,
DATA,A001,1,933,76734,0.0733,-0.1133,-0.0483,-8.7891,94.7266,91.4307,0.1434,,
DATA,A001,1,934,76744,0.0497,-0.1263,-0.0527,-2.1973,108.3374,84.7168,0.1456,,
DATA,A001,1,935,76754,0.0516,-0.1644,-0.0839,2.6245,116.3330,72.5098,0.1916,,
DATA,A001,1,936,76764,0.0672,-0.2125,-0.1088,3.4180,118.7134,62.9272,0.2480,,
DATA,A001,1,937,76774,0.0897,-0.2708,-0.1020,5.6763,121.2158,48.1567,0.3030,,
DATA,A001,1,938,76784,0.0853,-0.2921,-0.0871,9.0942,119.0796,41.1987,0.3165,,
DATA,A001,1,939,76794,0.0453,-0.3013,-0.0517,14.8315,106.5063,34.9731,0.3091,,
DATA,A001,1,940,76804,0.0228,-0.2957,-0.0280,16.5405,93.5669,32.2266,0.2979,,
DATA,A001,1,941,76814,0.0045,-0.2911,-0.0080,14.7095,74.2188,28.3203,0.2912,,
DATA,A001,1,942,76824,0.0072,-0.2886,-0.0026,12.1460,65.4297,26.4282,0.2887,,
DATA,A001,1,943,76834,0.0055,-0.2784,-0.0046,8.7891,61.4014,25.5737,0.2785,,
DATA,A001,1,944,76844,-0.0065,-0.2647,0.0017,7.3853,63.7817,26.1230,0.2648,,
DATA,A001,1,945,76854,-0.0492,-0.2410,0.0142,5.6152,70.5566,27.8320,0.2464,,
DATA,A001,1,946,76864,-0.0898,-0.2208,0.0247,4.3335,74.4019,28.9917,0.2396,,
DATA,A001,1,947,76874,-0.1618,-0.1898,0.0435,2.5024,75.5005,29.8462,0.2531,,
DATA,A001,1,948,76884,-0.2133,-0.1707,0.0494,1.4648,71.0449,30.1514,0.2776,,
DATA,A001,1,949,76894,-0.3214,-0.1439,0.0804,-0.3662,57.9224,28.8086,0.3612,,
DATA,A001,1,950,76904,-0.4025,-0.1270,0.0872,-0.4883,47.7295,25.8789,0.4310,,
DATA,A001,1,951,76914,-0.5233,-0.0880,0.0965,3.6011,43.2129,17.3340,0.5394,,
DATA,A001,1,952,76924,-0.5880,-0.0447,0.1172,10.9253,52.7344,8.1177,0.6013,,
DATA,A001,1,953,76934,-0.7804,0.0827,0.1748,26.9775,90.0269,-6.8970,0.8040,,
DATA,A001,1,954,76944,-1.0839,0.2111,0.2481,39.8560,119.0186,-15.0146,1.1318,,
DATA,A001,1,955,76954,-1.7770,0.5231,0.3838,60.3027,137.2070,-25.0854,1.8918,,
DATA,A001,1,956,76964,-2.3515,0.8376,0.4512,72.4487,117.0044,-34.5459,2.5366,,
DATA,A001,1,957,76974,-3.0268,1.3442,0.3763,81.2988,36.0107,-55.4810,3.3331,,
DATA,A001,1,958,76984,-3.0697,1.6982,0.3189,85.8154,-21.4233,-63.1714,3.5226,,
DATA,A001,1,959,76994,-2.9313,2.1982,0.0191,74.7681,-71.5332,-53.5278,3.6640,,
DATA,A001,1,960,77004,-2.8969,2.5497,-0.1201,60.9131,-62.9883,-43.5791,3.8610,,
DATA,A001,1,961,77014,-2.7858,2.9455,-0.1716,5.6152,6.2256,-30.7617,4.0578,,
DATA,A001,1,962,77024,-2.6635,2.8312,-0.2563,-56.3354,66.7114,-26.9775,3.8956,,
DATA,A001,1,963,77034,-2.5614,2.1662,-0.3466,-124.8169,139.2212,-29.6021,3.3725,,
DATA,A001,1,964,77044,-2.4281,1.7470,-0.3867,-135.7422,159.6069,-29.6631,3.0162,,
DATA,A001,1,965,77054,-2.1457,1.3625,-0.3855,-130.7373,170.5933,-27.4658,2.5708,,
DATA,A001,1,966,77064,-1.9709,1.1821,-0.3615,-129.5166,173.1567,-22.6440,2.3264,,
DATA,A001,1,967,77074,-1.8598,0.9907,-0.3247,-131.0425,171.8750,-13.7939,2.1320,,
DATA,A001,1,968,77084,-1.6335,0.6772,-0.2785,-128.9062,159.3628,5.9814,1.7901,,
DATA,A001,1,969,77094,-1.5077,0.4438,-0.2024,-131.1035,145.6299,8.2397,1.5847,,
DATA,A001,1,970,77104,-1.3720,0.0974,0.1053,-150.9399,67.8101,-25.3906,1.3795,,
DATA,A001,1,971,77114,-1.0470,-0.1202,0.1158,-156.4941,15.9912,-3.2959,1.0602,,
DATA,A001,1,972,77124,-0.5644,-0.3118,0.2986,-190.4297,-32.8369,-24.4141,0.7106,,
DATA,A001,1,973,77134,-0.4223,-0.4415,0.1922,-172.1191,-46.9971,-27.7710,0.6404,,
DATA,A001,1,974,77144,-0.0500,-0.3223,0.2520,-85.0830,-72.8760,-57.8613,0.4122,,
DATA,A001,1,975,77154,0.2118,-0.1426,0.1258,-41.6260,-72.1436,-46.9360,0.2846,,
DATA,A001,1,976,77164,0.4181,-0.0931,-0.0273,-32.4097,-65.7349,-29.0527,0.4292,,
DATA,A001,1,977,77174,0.4408,-0.2266,-0.1013,-38.4521,-46.4478,-30.2734,0.5059,,
DATA,A001,1,978,77184,0.4933,-0.4734,-0.2236,-35.6445,-17.3340,-46.4478,0.7193,,
DATA,A001,1,979,77194,0.5096,-0.5948,-0.2373,-20.8130,-1.0376,-48.7671,0.8184,,
DATA,A001,1,980,77204,0.4774,-0.5931,-0.2390,24.0479,20.6299,-44.5557,0.7980,,
DATA,A001,1,981,77214,0.4322,-0.4837,-0.1975,54.3213,22.5830,-42.1753,0.6781,,
DATA,A001,1,982,77224,0.4264,-0.2530,-0.1140,78.3081,22.1558,-34.6680,0.5087,,
DATA,A001,1,983,77234,0.4137,-0.1424,-0.0466,78.7354,19.5923,-26.0010,0.4400,,
DATA,A001,1,984,77244,0.3956,-0.0667,0.0264,62.6831,24.7803,-11.9019,0.4021,,
DATA,A001,1,985,77254,0.3592,-0.0577,0.0694,49.9878,32.7148,-5.6152,0.3704,,
DATA,A001,1,986,77264,0.2962,-0.0513,0.0906,30.5176,48.8892,11.9019,0.3140,,
DATA,A001,1,987,77274,0.2279,-0.0499,0.1270,15.4419,63.1104,20.5078,0.2656,,
DATA,A001,1,988,77284,0.1297,-0.0713,0.1228,-2.3193,84.1064,23.3765,0.1924,,
DATA,A001,1,989,77294,0.0113,-0.0867,0.1497,-13.4888,85.3882,25.1465,0.1734,,
DATA,A001,1,990,77304,-0.1256,-0.1036,0.2188,-29.5410,62.4390,17.4561,0.2727,,
DATA,A001,1,991,77314,-0.1486,-0.1202,0.1929,-32.1655,32.8369,7.3242,0.2715,,
DATA,A001,1,992,77324,-0.0780,-0.1194,0.1141,-24.8413,-15.3809,7.6294,0.1827,,
DATA,A001,1,993,77334,0.0538,-0.1380,0.0950,-20.4468,-31.9214,9.7046,0.1760,,
DATA,A001,1,994,77344,0.1082,-0.1368,0.0647,-9.6436,-21.6064,25.0854,0.1861,,
DATA,A001,1,995,77354,0.0130,-0.1255,0.0589,-1.7090,-4.4556,36.3770,0.1393,,
DATA,A001,1,996,77364,-0.1701,-0.0811,0.0533,6.4697,14.0991,41.0156,0.1958,,
DATA,A001,1,997,77374,-0.6867,0.0927,0.1016,25.9399,42.6025,54.0161,0.7003,,
DATA,A001,1,998,77384,-1.3398,0.3542,0.0955,43.0908,73.9746,64.7583,1.3891,,
DATA,A001,1,999,77394,-2.5502,1.1042,-0.2822,66.5283,145.5078,36.4380,2.7933,,
DATA,A001,1,1000,77404,-2.9919,1.7370,-0.3635,66.8335,172.5464,43.4570,3.4786,,
DATA,A001,1,1001,77414,-3.7853,2.6999,-1.3386,70.2515,32.2266,143.4326,4.8384,,
DATA,A001,1,1002,77424,-4.1520,3.3659,-1.4921,93.9941,-65.2466,171.3257,5.5493,,
DATA,A001,1,1003,77434,-3.7658,4.0253,-1.1096,19.7754,-120.5444,181.0913,5.6228,,
DATA,A001,1,1004,77444,-3.2133,3.4387,-0.6826,-54.5654,-104.9805,143.3105,4.7556,,
DATA,A001,1,1005,77454,-2.6999,2.0329,-0.0568,-101.6235,-11.1084,71.2280,3.3801,,
DATA,A001,1,1006,77464,-2.4257,1.5126,0.0818,-80.6885,41.8701,42.4194,2.8598,,
DATA,A001,1,1007,77474,-2.0277,1.2414,0.1258,-28.5034,98.8770,22.6440,2.3809,,
DATA,A001,1,1008,77484,-1.9547,1.1608,0.2813,-42.9688,117.9199,10.8032,2.2908,,
DATA,A001,1,1009,77494,-2.2563,0.8329,0.2322,-111.8164,139.8926,-1.8921,2.4163,,
DATA,A001,1,1010,77504,-2.1261,0.8290,0.2207,-50.9644,103.3325,32.0435,2.2927,,
DATA,A001,1,1011,77514,-1.5851,0.8129,0.0467,-40.8325,32.5928,62.9272,1.7820,,
DATA,A001,1,1012,77524,-1.2030,0.5600,-0.0647,-82.6416,-12.5732,73.2422,1.3286,,
DATA,A001,1,1013,77534,-0.7216,0.0092,-0.1870,-130.4321,-62.8052,92.8955,0.7455,,
DATA,A001,1,1014,77544,-0.6723,-0.3521,-0.3181,-131.7139,-100.4639,90.6372,0.8229,,
DATA,A001,1,1015,77554,-0.5358,-0.6214,-0.3068,-85.4492,-158.2642,103.8208,0.8760,,
DATA,A001,1,1016,77564,-0.3061,-0.7000,-0.2985,-75.8667,-128.9062,65.2466,0.8203,,
DATA,A001,1,1017,77574,0.0792,-0.6612,-0.1853,-38.6963,-120.8496,47.7295,0.6912,,
DATA,A001,1,1018,77584,0.1971,-0.5457,-0.1142,-2.9297,-130.4321,59.9976,0.5914,,
DATA,A001,1,1019,77594,0.2642,-0.4112,-0.0498,27.7710,-138.9771,68.4204,0.4913,,
DATA,A001,1,1020,77604,0.2970,-0.3880,-0.0293,41.8091,-142.5781,65.7959,0.4895,,
DATA,A001,1,1021,77614,0.2845,-0.3694,-0.0161,60.0586,-161.0107,62.6831,0.4666,,
DATA,A001,1,1022,77624,0.2635,-0.3375,-0.0212,60.7910,-172.8516,60.6079,0.4287,,
DATA,A001,1,1023,77634,0.3036,-0.2850,-0.0026,31.8604,-186.2183,49.1943,0.4164,,
DATA,A001,1,1024,77644,0.4188,-0.2877,0.0332,12.7563,-183.8379,38.6353,0.5092,,
DATA,A001,1,1025,77654,0.4679,-0.2881,0.0557,4.0283,-163.7573,28.6865,0.5523,,
DATA,A001,1,1026,77664,0.4574,-0.2855,0.0943,10.8643,-137.5122,28.0762,0.5473,,
DATA,A001,1,1027,77674,0.3726,-0.2459,0.2173,19.4092,-71.4111,24.9023,0.4966,,
DATA,A001,1,1028,77684,0.2755,-0.1939,0.2664,19.7144,-17.4561,22.5220,0.4295,,
DATA,A001,1,1029,77694,0.1502,-0.1187,0.3006,18.4937,36.3159,22.1558,0.3564,,
DATA,A001,1,1030,77704,-0.0324,-0.0067,0.2649,15.0146,104.4922,25.3296,0.2670,,
DATA,A001,1,1031,77714,-0.2223,0.0886,0.1971,5.7983,139.1602,10.3760,0.3100,,
DATA,A001,1,1032,77724,-0.3451,0.1401,0.1575,-1.8921,141.6626,1.4648,0.4044,,
DATA,A001,1,1033,77734,-0.4425,0.1830,0.1172,-8.8501,129.9438,-4.5776,0.4930,,
DATA,A001,1,1034,77744,-0.5160,0.2036,0.0843,-15.9912,99.7925,-17.8833,0.5611,,
DATA,A001,1,1035,77754,-0.5265,0.2075,0.0804,-21.1792,78.1860,-27.9541,0.5716,,
DATA,A001,1,1036,77764,-0.5453,0.2001,0.0955,-27.4048,49.1943,-32.5317,0.5887,,
DATA,A001,1,1037,77774,-0.6010,0.1965,0.1028,-30.1514,36.4990,-34.0576,0.6406,,
DATA,A001,1,1038,77784,-0.7565,0.2138,0.1006,-29.1748,29.9683,-41.8091,0.7925,,
DATA,A001,1,1039,77794,-0.8878,0.2870,0.1087,-22.7051,28.3813,-48.1567,0.9394,,
DATA,A001,1,1040,77804,-1.1733,0.4992,0.1343,-5.9814,16.7236,-51.5747,1.2821,,
DATA,A001,1,1041,77814,-1.4118,0.7289,0.1255,5.3101,4.0283,-54.5654,1.5938,,
DATA,A001,1,1042,77824,-1.7775,1.2206,0.0645,22.5830,-18.3105,-63.7817,2.1572,,
DATA,A001,1,1043,77834,-1.9108,1.6318,-0.0300,37.1704,-34.4849,-64.3311,2.5129,,
DATA,A001,1,1044,77844,-1.9074,2.2853,-0.1877,50.9033,-55.6641,-35.8887,2.9826,,
DATA,A001,1,1045,77854,-1.9152,2.6633,-0.2624,41.9312,-55.6641,-8.3618,3.2909,,
DATA,A001,1,1046,77864,-1.9987,3.0026,-0.2915,-12.0239,-19.8364,9.3384,3.6188,,
DATA,A001,1,1047,77874,-2.0531,3.0436,-0.3132,-47.9736,15.1978,14.8926,3.6847,,
DATA,A001,1,1048,77884,-1.9638,2.7058,-0.2888,-73.4253,73.8525,22.3999,3.3557,,
DATA,A001,1,1049,77894,-1.8627,2.3659,-0.2849,-76.6602,108.7646,22.7661,3.0246,,
DATA,A001,1,1050,77904,-1.6791,2.0475,-0.2468,-66.0400,154.2969,13.9771,2.6595,,
DATA,A001,1,1051,77914,-1.5517,1.9230,-0.2046,-58.1665,177.6733,9.7656,2.4794,,
DATA,A001,1,1052,77924,-1.3918,1.6901,-0.1782,-54.0161,199.5850,11.2915,2.1966,,
DATA,A001,1,1053,77934,-1.3073,1.4814,-0.1814,-53.0396,201.2329,18.6157,1.9840,,
DATA,A001,1,1054,77944,-1.2052,1.1157,-0.1838,-50.7202,183.6548,34.9121,1.6526,,
DATA,A001,1,1055,77954,-1.1278,0.8698,-0.1713,-47.9126,165.5273,44.9829,1.4346,,
DATA,A001,1,1056,77964,-0.9618,0.5375,-0.1416,-40.3442,132.2632,56.5186,1.1109,,
DATA,A001,1,1057,77974,-0.8239,0.3488,-0.1027,-33.3862,111.6943,62.5000,0.9006,,
DATA,A001,1,1058,77984,-0.6425,0.1364,-0.0683,-25.3906,77.2095,70.4346,0.6604,,
DATA,A001,1,1059,77994,-0.5529,0.0251,-0.0752,-19.8364,54.1382,72.7539,0.5585,,
DATA,A001,1,1060,78004,-0.4193,-0.0955,-0.0781,-4.0894,24.6582,69.7021,0.4371,,
DATA,A001,1,1061,78014,-0.3107,-0.1343,-0.0730,13.0615,13.8550,66.7725,0.3463,,
DATA,A001,1,1062,78024,-0.1559,-0.1314,-0.0481,42.7246,11.9019,65.9790,0.2095,,
DATA,A001,1,1063,78034,-0.0561,-0.1104,-0.0173,58.2275,20.9351,67.8101,0.1250,,
DATA,A001,1,1064,78044,0.0145,-0.0923,0.0369,68.6646,42.8467,73.2422,0.1005,,
DATA,A001,1,1065,78054,-0.0107,-0.0958,0.0469,65.9790,62.1338,76.3550,0.1072,,
DATA,A001,1,1066,78064,-0.0495,-0.1107,0.0447,60.7300,81.8481,76.9043,0.1292,,
DATA,A001,1,1067,78074,-0.1142,-0.1334,0.0503,61.7065,101.3184,76.9043,0.1826,,
DATA,A001,1,1068,78084,-0.1479,-0.1319,0.0559,67.2607,104.4922,77.3315,0.2059,,
DATA,A001,1,1069,78094,-0.2206,-0.1006,0.0850,72.5098,94.2383,73.7915,0.2570,,
DATA,A001,1,1070,78104,-0.2458,-0.0694,0.0799,72.0825,76.9653,69.7632,0.2676,,
DATA,A001,1,1071,78114,-0.3351,-0.0125,0.1319,66.2231,27.2827,62.1338,0.3603,,
DATA,A001,1,1072,78124,-0.2858,0.0058,0.0596,60.5469,-4.5166,58.4106,0.2920,,
DATA,A001,1,1073,78134,-0.2431,-0.0357,0.0335,56.7017,-46.5088,47.8516,0.2480,,
DATA,A001,1,1074,78144,-0.2707,-0.0682,0.0022,58.1665,-67.9932,43.3960,0.2791,,
DATA,A001,1,1075,78154,-0.3192,-0.1309,-0.0044,63.9648,-104.0649,32.4097,0.3451,,
DATA,A001,1,1076,78164,-0.3195,-0.1575,0.0076,69.6411,-133.3618,26.1841,0.3563,,
DATA,A001,1,1077,78174,-0.2516,-0.1661,0.0335,82.5195,-173.4619,18.9819,0.3033,,
DATA,A001,1,1078,78184,-0.2072,-0.1441,0.0660,91.5527,-195.5566,16.0522,0.2608,,
DATA,A001,1,1079,78194,-0.1774,-0.1187,0.1275,100.4028,-224.4263,12.5732,0.2486,,
DATA,A001,1,1080,78204,-0.1093,-0.0760,0.1851,100.0366,-245.3003,7.9346,0.2280,,
DATA,A001,1,1081,78214,-0.0553,-0.0853,0.1062,92.7734,-263.5498,9.3994,0.1470,,
DATA,A001,1,1082,78224,0.0743,-0.0816,0.1167,96.3745,-251.0376,6.0425,0.1607,,
DATA,A001,1,1083,78234,0.1659,0.0432,0.1165,102.9053,-196.2280,1.7090,0.2072,,
DATA,A001,1,1084,78244,-0.0263,0.2477,0.1871,100.6470,-147.0947,-8.4229,0.3115,,
DATA,A001,1,1085,78254,-0.4316,0.7455,0.0642,101.6235,-55.4199,16.9067,0.8638,,
DATA,A001,1,1086,78264,-0.8112,1.2199,0.0435,108.4595,17.5171,13.7329,1.4656,,
DATA,A001,1,1087,78274,-1.4499,2.3288,-0.2990,80.3833,114.7461,-34.3018,2.7595,,
DATA,A001,1,1088,78284,-2.0133,3.3364,-1.0717,48.9502,128.8452,-45.4102,4.0415,,
DATA,A001,1,1089,78294,-2.6718,5.4511,-1.6264,12.3291,67.3828,-34.7290,6.2848,,
DATA,A001,1,1090,78304,-2.5885,6.1625,-2.0117,-142.3950,-15.4419,-47.3633,6.9803,,
DATA,A001,1,1091,78314,-1.9438,3.6103,-1.6731,-335.2051,-41.2598,-27.8931,4.4285,,
DATA,A001,1,1092,78324,-1.7030,2.6955,-1.3105,-315.5518,8.6060,-28.3203,3.4472,,
DATA,A001,1,1093,78334,-1.5138,2.5146,-0.8061,-264.5874,75.5615,-65.5518,3.0438,,
DATA,A001,1,1094,78344,-1.2375,2.3627,-0.3422,-231.9946,153.2593,-81.0547,2.6890,,
DATA,A001,1,1095,78354,-1.0536,2.0197,-0.2246,-231.4453,200.5005,-78.4912,2.2891,,
DATA,A001,1,1096,78364,-1.1877,1.3723,-0.1220,-211.7920,266.0522,-62.3779,1.8189,,
DATA,A001,1,1097,78374,-1.5863,0.9560,0.1643,-188.4766,260.1929,-43.7012,1.8594,,
DATA,A001,1,1098,78384,-1.4928,0.2719,0.7576,-176.0864,206.1157,-34.6680,1.6960,,
DATA,A001,1,1099,78394,-1.4233,-0.0330,0.4495,-252.2583,228.0273,-48.7061,1.4929,,
DATA,A001,1,1100,78404,-1.2216,-0.0933,0.4048,-135.8032,278.2593,-11.5967,1.2903,,
DATA,A001,1,1101,78414,-0.8876,0.0912,0.2732,-61.8286,243.7744,5.4321,0.9332,,
DATA,A001,1,1102,78424,-0.5063,0.1891,0.1673,-6.1035,182.3120,34.1797,0.5657,,
DATA,A001,1,1103,78434,-0.2992,0.0207,0.1009,-16.2354,155.7007,74.8901,0.3164,,
DATA,A001,1,1104,78444,-0.1276,-0.5023,0.0105,-61.7065,128.0518,71.4111,0.5183,,
DATA,A001,1,1105,78454,0.0016,-0.9244,-0.1286,-55.1758,100.6470,61.3403,0.9333,,
DATA,A001,1,1106,78464,0.0833,-1.2962,-0.1391,34.3628,44.5557,41.8091,1.3063,,
DATA,A001,1,1107,78474,0.0963,-1.1854,-0.1352,114.7461,10.4370,36.6821,1.1969,,
DATA,A001,1,1108,78484,-0.0492,-0.6714,0.0035,212.1582,-47.2412,47.5464,0.6733,,
DATA,A001,1,1109,78494,-0.1574,-0.3685,0.1053,238.7085,-93.7500,50.9033,0.4143,,
DATA,A001,1,1110,78504,-0.2780,-0.1280,0.1924,213.4399,-166.0767,32.6538,0.3615,,
DATA,A001,1,1111,78514,-0.2809,-0.1260,0.1905,170.7764,-217.8345,19.3481,0.3620,,
DATA,A001,1,1112,78524,-0.1520,-0.3484,0.1846,110.2905,-277.5269,-5.1880,0.4226,,
DATA,A001,1,1113,78534,-0.0617,-0.4949,0.1668,90.6982,-306.7017,-19.4702,0.5259,,
DATA,A001,1,1114,78544,0.0062,-0.5809,0.0818,91.2476,-333.4961,-25.3296,0.5866,,
DATA,A001,1,1115,78554,0.0692,-0.5499,-0.0036,94.3604,-332.7637,-31.2500,0.5542,,
DATA,A001,1,1116,78564,0.2013,-0.4515,-0.0739,93.8110,-304.7485,-35.3394,0.4998,,
DATA,A001,1,1117,78574,0.2489,-0.3685,-0.0610,91.3696,-283.6914,-28.2593,0.4488,,
DATA,A001,1,1118,78584,0.3131,-0.2764,-0.0727,73.4253,-233.6426,-15.4419,0.4239,,
DATA,A001,1,1119,78594,0.3294,-0.2366,-0.0918,53.5889,-193.2983,-5.0049,0.4159,,
DATA,A001,1,1120,78604,0.2679,-0.1863,-0.1738,26.2451,-129.4556,20.2026,0.3697,,
DATA,A001,1,1121,78614,0.1725,-0.1297,-0.2431,14.7095,-84.8999,39.1235,0.3251,,
DATA,A001,1,1122,78624,-0.0392,-0.0025,-0.3357,5.9814,-29.3579,65.1855,0.3379,,
DATA,A001,1,1123,78634,-0.2314,0.0961,-0.4353,0.9155,-11.4136,80.7495,0.5022,,
DATA,A001,1,1124,78644,-0.6303,0.2617,-0.6401,-4.2725,-14.2212,102.8442,0.9357,,
DATA,A001,1,1125,78654,-0.9569,0.3871,-0.7700,5.8594,-40.5273,111.1450,1.2878,,
DATA,A001,1,1126,78664,-1.5114,0.7287,-0.7758,57.5562,-97.7783,106.3843,1.8486,,
DATA,A001,1,1127,78674,-1.9513,1.2385,-0.7668,105.2856,-134.3384,94.9097,2.4350,,
DATA,A001,1,1128,78684,-2.2270,1.9682,-0.8671,145.6299,-191.0400,87.4634,3.0960,,
DATA,A001,1,1129,78694,-1.7289,3.4650,-0.4099,177.9175,-247.2534,88.6230,3.8940,,
DATA,A001,1,1130,78704,-1.3876,4.5334,-0.3012,154.9072,-235.4126,102.0508,4.7506,,
DATA,A001,1,1131,78714,-1.4596,5.4951,-0.0820,24.6582,-152.5879,65.6738,5.6862,,
DATA,A001,1,1132,78724,-1.5229,4.6542,-0.1604,-83.7402,-72.9980,53.2227,4.8997,,
DATA,A001,1,1133,78734,-1.8251,3.4794,-0.3232,-107.8491,44.7388,15.2588,3.9423,,
DATA,A001,1,1134,78744,-1.9001,3.2934,-0.2368,-65.7959,95.5200,-20.2026,3.8096,,
DATA,A001,1,1135,78754,-1.6662,3.0800,-0.0214,-39.7949,153.9307,-46.9971,3.5019,,
DATA,A001,1,1136,78764,-1.5702,2.8105,0.0408,-47.1802,185.6079,-59.4482,3.2196,,
DATA,A001,1,1137,78774,-1.5219,2.2927,0.0899,-54.3213,205.8716,-69.6411,2.7533,,
DATA,A001,1,1138,78784,-1.4914,1.9186,0.1050,-49.7437,198.9746,-66.3452,2.4324,,
DATA,A001,1,1139,78794,-1.2502,1.7675,0.3914,-35.3394,153.3813,-65.6738,2.2000,,
DATA,A001,1,1140,78804,-1.3622,1.6794,0.7207,-137.5122,106.3843,-156.1890,2.2793,,
DATA,A001,1,1141,78814,-0.8783,0.1291,1.3350,-251.4648,44.6777,-64.3921,1.6032,,
DATA,A001,1,1142,78824,-0.6125,-0.0965,1.4454,-105.7739,144.8975,-14.1602,1.5727,,
DATA,A001,1,1143,78834,-0.8764,0.2121,0.9019,-103.6377,153.2593,-61.8896,1.2753,,
DATA,A001,1,1144,78844,-0.9848,0.0427,0.1455,-91.3696,108.7646,-66.2842,0.9964,,
DATA,A001,1,1145,78854,-0.8415,0.1266,-0.1430,-12.7563,-28.5034,-39.2456,0.8629,,
DATA,A001,1,1146,78864,-0.6972,0.0937,-0.1923,-21.9727,-57.9834,-59.5093,0.7293,,
DATA,A001,1,1147,78874,-0.2333,-0.2256,-0.1933,-78.6133,-94.1772,-83.4961,0.3778,,
DATA,A001,1,1148,78884,0.1117,-0.4002,-0.2705,-65.1855,-110.9619,-59.9976,0.4958,,
DATA,A001,1,1149,78894,0.3819,-0.7274,-0.3173,-3.6011,-59.7534,-35.3394,0.8807,,
DATA,A001,1,1150,78904,0.4295,-0.7169,-0.2238,55.3589,-29.1748,-39.9170,0.8652,,
DATA,A001,1,1151,78914,0.3875,-0.5843,-0.4279,93.2007,59.2041,-52.0020,0.8214,,
DATA,A001,1,1152,78924,0.3338,-0.5472,-0.4069,104.4922,95.7642,-53.2227,0.7592,,
DATA,A001,1,1153,78934,0.3155,-0.4966,-0.2187,121.1548,122.0093,-48.4619,0.6277,,
DATA,A001,1,1154,78944,0.2979,-0.4422,-0.0693,136.8408,115.2954,-48.6450,0.5377,,
DATA,A001,1,1155,78954,0.3731,-0.3050,0.0069,152.8320,81.6040,-51.7578,0.4820,,
DATA,A001,1,1156,78964,0.5338,-0.2471,-0.0297,147.4609,51.7578,-53.4668,0.5890,,
DATA,A001,1,1157,78974,0.7271,-0.2464,-0.1113,113.1592,18.8599,-46.7529,0.7758,,
DATA,A001,1,1158,78984,0.7516,-0.3626,-0.1755,82.1533,14.2822,-38.9404,0.8527,,
DATA,A001,1,1159,78994,0.7061,-0.5557,-0.1440,62.5000,15.6860,-35.3394,0.9101,,
DATA,A001,1,1160,79004,0.6060,-0.8682,-0.1015,93.5669,27.7710,-44.8608,1.0637,,
DATA,A001,1,1161,79014,0.6173,-0.8885,0.0223,161.9873,41.1377,-50.6592,1.0821,,
DATA,A001,1,1162,79024,0.6832,-0.5445,0.2933,251.4038,73.9136,-52.2461,0.9215,,
DATA,A001,1,1163,79034,0.4310,-0.1868,0.3584,276.9775,111.7554,-34.1797,0.5909,,
DATA,A001,1,1164,79044,-0.1054,0.1425,0.7137,179.8096,138.7939,-7.4463,0.7353,,
DATA,A001,1,1165,79054,-0.4648,0.2031,0.6634,76.9653,171.5088,61.6455,0.8350,,
DATA,A001,1,1166,79064,-0.6444,0.0183,-0.0539,-87.7075,142.2729,130.6152,0.6470,,
DATA,A001,1,1167,79074,-0.6862,-0.1243,-0.3940,-124.5117,107.0557,126.7700,0.8010,,
DATA,A001,1,1168,79084,-1.0114,-0.1419,-0.6582,-79.0405,-0.0610,132.3242,1.2150,,
DATA,A001,1,1169,79094,-1.5168,-0.1046,-0.9074,-20.1416,-80.7495,125.2441,1.7706,,
DATA,A001,1,1170,79104,-2.3351,0.3283,-0.8745,70.5566,-208.6792,5.3101,2.5150,,
DATA,A001,1,1171,79114,-2.5055,0.8825,-0.7561,101.3184,-267.1509,-73.3643,2.7619,,
DATA,A001,1,1172,79124,-2.3268,1.4338,-0.8977,89.6606,-401.4893,-80.8105,2.8767,,
DATA,A001,1,1173,79134,-1.8224,1.7602,-0.8862,114.5020,-428.3447,-55.2979,2.6842,,
DATA,A001,1,1174,79144,-1.5099,2.1137,-0.5686,17.2119,-347.5342,-142.0288,2.6591,,
DATA,A001,1,1175,79154,-1.4728,2.2687,-0.3208,-15.0757,-257.0801,-111.5112,2.7238,,
DATA,A001,1,1176,79164,-1.2599,2.5129,0.0267,6.4087,-129.4556,-76.3550,2.8112,,
DATA,A001,1,1177,79174,-1.7814,2.7441,0.2393,-5.1880,-56.0303,-108.4595,3.2803,,
DATA,A001,1,1178,79184,-2.5314,3.0861,0.5464,22.5220,-3.4180,-46.4478,4.0287,,
DATA,A001,1,1179,79194,-2.6361,3.1581,0.6565,9.6436,-0.7324,-35.8887,4.1658,,
DATA,A001,1,1180,79204,-2.5810,3.0688,0.5467,-26.4282,8.4229,-12.2070,4.0469,,
DATA,A001,1,1181,79214,-2.3659,2.6867,0.4908,-110.9619,39.6729,-5.2490,3.6134,,
DATA,A001,1,1182,79224,-2.1671,2.1000,0.4246,-163.5132,93.3838,18.7988,3.0475,,
DATA,A001,1,1183,79234,-2.0910,1.7922,0.3980,-167.5415,127.4414,35.0342,2.7825,,
DATA,A001,1,1184,79244,-1.7524,1.4631,0.2510,-145.6909,180.1147,48.7671,2.2966,,
DATA,A001,1,1185,79254,-1.6652,1.3410,0.0892,-121.8872,208.9844,59.8755,2.1399,,
DATA,A001,1,1186,79264,-1.5378,1.1896,-0.2868,-122.1313,232.4829,74.7681,1.9652,,
DATA,A001,1,1187,79274,-1.6720,1.0527,-0.3654,-121.9482,231.0181,84.4727,2.0093,,
DATA,A001,1,1188,79284,-1.6295,0.7868,-0.6259,-114.0747,195.9839,75.3174,1.9148,,
DATA,A001,1,1189,79294,-1.5714,0.5746,-0.7089,-120.5444,142.8833,68.9087,1.8172,,
DATA,A001,1,1190,79304,-1.2211,0.0900,-0.5988,-102.9663,60.4248,55.6641,1.3630,,
DATA,A001,1,1191,79314,-0.6745,-0.1590,-0.4111,-92.0410,16.6626,37.1094,0.8057,,
DATA,A001,1,1192,79324,-0.2885,-0.4737,-0.1945,-82.2144,-14.2212,13.9160,0.5878,,
DATA,A001,1,1193,79334,-0.2619,-0.5506,0.2273,-14.2822,-63.5376,-6.5918,0.6507,,
DATA,A001,1,1194,79344,-0.1972,-0.2569,0.2940,9.7656,-99.7925,-26.0620,0.4374,,
DATA,A001,1,1195,79354,0.2247,0.0507,0.1297,-7.0801,-150.0854,-36.9873,0.2643,,
DATA,A001,1,1196,79364,0.3216,-0.0521,-0.0378,-21.6064,-162.2314,-34.1187,0.3280,,
DATA,A001,1,1197,79374,0.3631,-0.2657,-0.3191,-13.8550,-177.5513,-36.3159,0.5516,,
DATA,A001,1,1198,79384,0.3651,-0.3975,-0.5087,-4.8218,-178.3447,-39.4897,0.7417,,
DATA,A001,1,1199,79394,0.2716,-0.6356,-0.5688,11.7188,-141.9067,-53.7109,0.8951,,
DATA,A001,1,1200,79404,0.1871,-0.7213,-0.5564,31.5552,-106.5674,-57.9834,0.9299,,
DATA,A001,1,1201,79414,0.0750,-0.6846,-0.4472,75.5005,-74.6460,-41.0767,0.8212,,
DATA,A001,1,1202,79424,0.1334,-0.5425,-0.3610,129.0894,-65.4907,-32.7759,0.6652,,
DATA,A001,1,1203,79434,0.2899,-0.1285,-0.2116,191.4673,-30.2734,-17.4561,0.3812,,
DATA,A001,1,1204,79444,0.2975,0.1247,-0.0683,179.0771,2.1973,-5.7983,0.3297,,
DATA,A001,1,1205,79454,0.2933,0.3229,0.0772,103.9429,47.7905,2.9297,0.4430,,
DATA,A001,1,1206,79464,0.2628,0.2956,0.0967,47.7295,69.0918,1.5869,0.4072,,
DATA,A001,1,1207,79474,0.1895,0.0939,0.0809,-2.5024,75.7446,-4.5776,0.2265,,
DATA,A001,1,1208,79484,0.1671,-0.0340,0.0572,-4.9438,65.3687,-10.8032,0.1798,,
DATA,A001,1,1209,79494,0.1749,-0.1409,0.0262,6.5308,43.7622,-17.9443,0.2261,,
DATA,A001,1,1210,79504,0.2276,-0.1602,0.0064,12.2681,40.6494,-20.9351,0.2784,,
DATA,A001,1,1211,79514,0.2857,-0.1390,-0.0100,11.4746,55.8472,-19.8975,0.3179,,
DATA,A001,1,1212,79524,0.2506,-0.1280,-0.0166,8.7280,73.4863,-17.7612,0.2819,,
DATA,A001,1,1213,79534,0.1471,-0.0975,-0.0224,5.1270,102.3560,-13.4277,0.1779,,
DATA,A001,1,1214,79544,0.0611,-0.0674,-0.0210,-0.4883,112.7319,-10.3760,0.0934,,
DATA,A001,1,1215,79554,-0.0163,-0.0189,-0.0141,-5.7983,115.5396,-6.8359,0.0286,,
DATA,A001,1,1216,79564,-0.0631,0.0251,-0.0046,-14.8315,108.3984,-6.7749,0.0681,,
DATA,A001,1,1217,79574,-0.0402,0.0715,-0.0217,-26.2451,82.2754,4.5166,0.0848,,
DATA,A001,1,1218,79584,0.0435,0.0939,-0.0900,-28.9917,72.5708,11.0474,0.1372,,
DATA,A001,1,1219,79594,0.0594,0.1328,-0.2973,-27.0996,70.6787,29.5410,0.3310,,
DATA,A001,1,1220,79604,-0.0295,0.1462,-0.4101,-21.3013,66.3452,30.7007,0.4364,,
DATA,A001,1,1221,79614,-0.1056,0.0910,-0.7031,10.1929,39.2456,35.9497,0.7168,,
DATA,A001,1,1222,79624,-0.0348,0.0305,-0.9223,59.1431,15.3198,47.3022,0.9235,,
DATA,A001,1,1223,79634,0.2122,0.1093,-0.8249,125.7935,-3.2349,56.5796,0.8588,,
DATA,A001,1,1224,79644,0.3180,0.3417,-0.4157,133.7891,-5.6152,74.9512,0.6251,,
DATA,A001,1,1225,79654,-0.3673,1.3788,1.1766,142.3950,142.5781,102.2949,1.8494,,
DATA,A001,1,1226,79664,-1.2770,2.4816,1.6202,76.5381,190.3687,136.8408,3.2271,,
DATA,A001,1,1227,79674,-1.6481,3.0507,0.6697,58.4717,350.1587,221.4966,3.5315,,
DATA,A001,1,1228,79684,-1.9777,2.9636,-1.1379,-24.4141,522.7661,207.9468,3.7402,,
DATA,A001,1,1229,79694,-3.3393,2.0754,-2.0476,-82.4585,483.2764,217.7124,4.4329,,
DATA,A001,1,1230,79704,-3.5297,1.8798,-1.8532,-72.0825,56.2744,178.5889,4.4076,,
DATA,A001,1,1231,79714,-1.7260,3.5297,-1.4235,42.1753,66.1011,137.4512,4.1790,,
DATA,A001,1,1232,79724,-2.9992,4.8918,-1.7692,18.6157,234.3750,82.9468,6.0046,,
DATA,A001,1,1233,79734,-3.3698,3.8715,-1.9040,-69.0308,198.3032,22.0337,5.4744,,
DATA,A001,1,1234,79744,-3.4152,2.2192,-2.0234,-77.3315,145.6909,-62.7441,4.5478,,
DATA,A001,1,1235,79754,-2.9921,1.9828,-1.8288,-42.6636,77.3926,-101.0742,4.0285,,
DATA,A001,1,1236,79764,-2.2270,2.0641,-1.3132,-28.8086,69.7632,-105.2246,3.3083,,
DATA,A001,1,1237,79774,-2.0243,1.8261,-1.1504,-42.2363,51.3916,-100.4639,2.9590,,
DATA,A001,1,1238,79784,-1.4367,1.2873,-0.9926,-55.4810,9.4604,-78.7354,2.1694,,
DATA,A001,1,1239,79794,-1.3078,1.0334,-0.8830,-59.8755,6.4087,-76.7212,1.8862,,
DATA,A001,1,1240,79804,-1.1579,0.8193,-0.6931,-51.7578,-40.4053,-82.4585,1.5787,,
DATA,A001,1,1241,79814,-0.9545,0.6623,-0.5185,-59.3872,-63.3545,-87.9517,1.2722,,
DATA,A001,1,1242,79824,-0.7245,0.5839,-0.3901,-50.5371,-107.7271,-72.2656,1.0090,,
DATA,A001,1,1243,79834,-0.4198,0.4924,-0.2407,-51.8799,-148.4375,-71.7773,0.6904,,
DATA,A001,1,1244,79844,0.1715,0.3122,-0.1494,-68.7866,-222.3511,-78.5522,0.3862,,
DATA,A001,1,1245,79854,0.4386,0.1174,0.0577,-85.9985,-225.5249,-79.1626,0.4576,,
DATA,A001,1,1246,79864,0.9115,-0.2386,-0.0620,-108.3374,-181.9458,-79.9561,0.9442,,
DATA,A001,1,1247,79874,1.0675,-0.5963,-0.0935,-102.5391,-143.3105,-77.4536,1.2263,,
DATA,A001,1,1248,79884,0.8502,-0.8597,-0.2016,-50.4150,-71.4722,-77.0264,1.2258,,
DATA,A001,1,1249,79894,0.7408,-0.8475,-0.2436,-1.8921,-42.6636,-74.8291,1.1517,,
DATA,A001,1,1250,79904,0.6939,-0.6758,-0.2368,56.3354,-13.3057,-58.7158,0.9972,,
DATA,A001,1,1251,79914,0.6620,-0.5150,-0.2085,83.2520,7.3242,-41.1377,0.8642,,
DATA,A001,1,1252,79924,0.5641,-0.2230,-0.2077,86.9751,38.8184,-14.7705,0.6411,,
DATA,A001,1,1253,79934,0.4759,-0.0518,-0.1838,65.4907,63.7817,23.8647,0.5128,,
DATA,A001,1,1254,79944,0.1864,0.0175,-0.2082,27.0996,91.6138,65.2466,0.2800,,
DATA,A001,1,1255,79954,-0.0995,-0.0030,-0.2641,12.8784,78.9185,78.9795,0.2823,,
DATA,A001,1,1256,79964,-0.3056,-0.0350,-0.2365,20.9351,13.1226,107.7881,0.3880,,
DATA,A001,1,1257,79974,-0.2846,-0.0606,-0.1132,31.5552,-50.7812,107.1167,0.3122,,
DATA,A001,1,1258,79984,-0.1969,-0.0474,-0.0891,46.2646,-102.5391,121.3379,0.2213,,
DATA,A001,1,1259,79994,-0.2067,0.0070,0.0174,65.9180,-157.8369,106.0181,0.2075,,
DATA,A001,1,1260,80004,-0.2724,0.1464,-0.0158,48.4009,-186.7065,75.9888,0.3096,,
DATA,A001,1,1261,80014,-0.3153,0.2158,-0.1208,15.2588,-243.4082,105.7739,0.4007,,
DATA,A001,1,1262,80024,-0.3295,0.2018,-0.2619,-17.2729,-288.4521,117.0654,0.4668,,
DATA,A001,1,1263,80034,-0.2626,0.1127,-0.3371,-16.4185,-308.0444,112.4878,0.4419,,
DATA,A001,1,1264,80044,-0.1386,0.0798,-0.1938,1.7700,-322.7539,101.3794,0.2513,,
DATA,A001,1,1265,80054,0.0150,0.2856,0.1319,6.8359,-319.5190,80.1392,0.3149,,
DATA,A001,1,1266,80064,0.0963,0.3737,0.2459,-3.2959,-293.8843,63.7817,0.4576,,
DATA,A001,1,1267,80074,0.1869,0.4233,0.4029,-5.6763,-242.9199,16.0522,0.6135,,
DATA,A001,1,1268,80084,0.2599,0.4496,0.4502,-10.8643,-189.2090,-6.8359,0.6873,,
DATA,A001,1,1269,80094,0.2164,0.3054,0.3826,-17.5171,-117.1875,-8.7891,0.5352,,
DATA,A001,1,1270,80104,0.1976,0.2048,0.2662,-18.0054,-85.4492,-10.9863,0.3896,,
DATA,A001,1,1271,80114,0.3626,0.1835,0.0547,-17.2119,-49.9878,-16.0522,0.4101,,
DATA,A001,1,1272,80124,0.3783,0.2651,-0.0363,-15.1367,-25.6958,-10.4980,0.4633,,
DATA,A001,1,1273,80134,0.0682,0.5507,-0.1162,-10.6201,12.3291,5.6152,0.5670,,
DATA,A001,1,1274,80144,-0.4074,0.8391,-0.0905,-2.9297,19.7754,33.0200,0.9371,,
DATA,A001,1,1275,80154,-2.1435,2.2480,0.1258,11.5967,-36.7432,62.8052,3.1086,,
DATA,A001,1,1276,80164,-3.1635,2.8581,0.0591,-13.4888,-157.6538,-2.4414,4.2638,,
DATA,A001,1,1277,80174,-2.8854,3.2018,0.1182,31.6772,-290.6494,-155.3345,4.3118,,
DATA,A001,1,1278,80184,-2.5258,3.8100,0.0801,83.4961,-260.1318,-97.2900,4.5719,,
DATA,A001,1,1279,80194,-3.1874,6.4767,0.8558,167.8467,-236.9995,55.2979,7.2691,,
DATA,A001,1,1280,80204,-3.1501,6.4169,1.1729,0.3052,-160.4004,5.6152,7.2440,,
DATA,A001,1,1281,80214,-1.7795,3.3398,1.7705,-311.7676,-48.1567,9.1553,4.1780,,
DATA,A001,1,1282,80224,-2.3358,2.2614,1.5950,-370.4834,82.2144,-13.7939,3.6214,,
DATA,A001,1,1283,80234,-3.0592,1.8124,0.9222,-290.9546,58.3496,-4.2114,3.6735,,
DATA,A001,1,1284,80244,-2.2660,1.4001,0.3741,-197.6929,-25.9399,-19.9585,2.6898,,
DATA,A001,1,1285,80254,-0.9416,1.1911,0.1951,-187.2559,-97.4121,40.8936,1.5308,,
DATA,A001,1,1286,80264,0.0282,1.0519,-0.1740,-147.2778,-40.3442,67.7490,1.0666,,
DATA,A001,1,1287,80274,0.1297,0.6115,-0.3466,-142.2119,159.4849,31.0059,0.7148,,
DATA,A001,1,1288,80284,-0.2253,0.4372,-0.2924,-140.9912,199.0356,30.5176,0.5722,,
DATA,A001,1,1289,80294,-0.3100,0.2160,-0.2983,-99.4873,251.0376,-39.6118,0.4814,,
DATA,A001,1,1290,80304,-0.1408,-0.1580,-0.3430,-118.7134,269.7144,-18.0054,0.4030,,
DATA,A001,1,1291,80314,0.0455,-0.5577,-0.2409,-121.3379,297.5464,18.2495,0.6092,,
DATA,A001,1,1292,80324,-0.0729,-0.7054,-0.1296,-48.8892,321.1670,26.0620,0.7209,,
DATA,A001,1,1293,80334,-0.1620,-0.5652,-0.0857,2.5635,302.7344,-1.3428,0.5942,,
DATA,A001,1,1294,80344,-0.4223,-0.4300,-0.0549,26.4893,208.4961,-12.7563,0.6052,,
DATA,A001,1,1295,80354,-0.5224,-0.3397,0.0140,32.9590,105.6519,-16.4795,0.6232,,
DATA,A001,1,1296,80364,-0.2721,-0.2518,-0.0180,35.4004,-22.5830,-13.5498,0.3712,,
DATA,A001,1,1297,80374,-0.0009,-0.1849,-0.0385,39.3066,-59.8145,-2.3193,0.1889,,
DATA,A001,1,1298,80384,0.1395,-0.0677,-0.0520,44.6777,-64.4531,18.0054,0.1635,,
DATA,A001,1,1299,80394,0.0619,0.0129,-0.0874,48.1567,-58.3496,21.4233,0.1078,,
DATA,A001,1,1300,80404,-0.0507,0.1203,-0.0410,45.1050,-57.5562,18.9819,0.1368,,
DATA,A001,1,1301,80414,0.0023,0.1525,-0.0454,22.7051,-50.2930,9.5825,0.1591,,
DATA,A001,1,1302,80424,0.1375,0.1301,-0.1250,4.3335,-9.0942,7.1411,0.2268,,
DATA,A001,1,1303,80434,0.0792,0.0847,-0.1711,8.6670,18.3716,17.2729,0.2067,,
DATA,A001,1,1304,80444,-0.1410,0.0532,-0.1423,29.9683,33.0200,21.1182,0.2073,,
DATA,A001,1,1305,80454,-0.2167,0.0312,-0.1252,37.2925,24.2920,16.6016,0.2522,,
DATA,A001,1,1306,80464,-0.2065,-0.0313,-0.0593,37.6587,3.7231,1.5259,0.2171,,
DATA,A001,1,1307,80474,-0.1679,-0.0713,-0.0490,41.5039,-9.9487,2.0142,0.1889,,
DATA,A001,1,1308,80484,-0.1259,-0.1268,0.0100,53.1616,-22.3389,-6.2866,0.1789,,
DATA,A001,1,1309,80494,-0.1320,-0.1146,0.0237,54.9927,-27.3438,-15.3198,0.1764,,
DATA,A001,1,1310,80504,-0.1457,-0.1058,0.0474,59.8145,-39.9780,-18.2495,0.1862,,
DATA,A001,1,1311,80514,-0.1442,-0.1170,0.0713,62.4390,-49.9268,-26.2451,0.1989,,
DATA,A001,1,1312,80524,-0.1366,-0.1226,0.0811,65.3687,-67.0776,-36.9263,0.2007,,
DATA,A001,1,1313,80534,-0.1335,-0.1151,0.0896,67.5049,-78.9185,-42.8467,0.1977,,
DATA,A001,1,1314,80544,-0.0739,-0.0926,0.0835,68.3594,-89.5386,-50.9644,0.1449,,
DATA,A001,1,1315,80554,-0.0378,-0.0909,0.0762,65.6738,-88.3179,-57.2510,0.1245,,
DATA,A001,1,1316,80564,-0.0299,-0.0997,0.0691,64.1479,-85.2661,-57.3730,0.1249,,
DATA,A001,1,1317,80574,-0.0390,-0.0982,0.0557,64.2700,-82.4585,-57.8613,0.1194,,
DATA,A001,1,1318,80584,-0.0346,-0.0784,0.0796,61.2183,-80.0171,-59.8145,0.1170,,
DATA,A001,1,1319,80594,-0.0517,-0.0423,0.1145,56.5796,-75.6226,-53.2227,0.1326,,
DATA,A001,1,1320,80604,-0.2116,0.0837,0.2608,52.4902,-77.2705,-44.1284,0.3461,,
DATA,A001,1,1321,80614,-0.4269,0.3203,0.4197,54.3823,-88.3789,-33.1421,0.6790,,
DATA,A001,1,1322,80624,-1.2746,0.8954,0.8008,50.2930,-92.9565,-4.2725,1.7515,,
DATA,A001,1,1323,80634,-2.3405,1.6193,1.1658,50.2319,-78.2471,3.9673,3.0756,,
DATA,A001,1,1324,80644,-3.4923,2.4626,1.2859,77.3926,-58.8989,-10.3760,4.4626,,
DATA,A001,1,1325,80654,-3.8610,3.9689,1.5374,168.6401,-177.7954,12.2681,5.7466,,
DATA,A001,1,1326,80664,-4.3688,4.8862,1.8399,94.4824,-228.8208,9.0332,6.8078,,
DATA,A001,1,1327,80674,-3.8686,4.4955,1.9104,-126.7090,-223.0835,-30.2124,6.2310,,
DATA,A001,1,1328,80684,-3.3529,3.5620,1.6546,-199.2188,-200.5615,-72.5098,5.1640,,
DATA,A001,1,1329,80694,-2.6029,3.0410,1.1311,-174.1333,-132.9346,-137.5732,4.1596,,
DATA,A001,1,1330,80704,-2.1955,2.8967,0.9959,-156.9214,-88.3179,-164.4897,3.7686,,
DATA,A001,1,1331,80714,-1.7943,2.4745,0.9507,-160.7666,-24.8413,-175.2930,3.2011,,
DATA,A001,1,1332,80724,-1.6554,2.1191,0.8848,-164.7339,6.5918,-167.2363,2.8309,,
DATA,A001,1,1333,80734,-1.2450,1.4582,0.6482,-166.1377,45.5322,-148.8037,2.0240,,
DATA,A001,1,1334,80744,-0.9320,1.0097,0.5403,-161.7432,67.0166,-130.7373,1.4765,,
DATA,A001,1,1335,80754,-0.7074,0.4067,0.2757,-144.7754,60.9131,-97.3511,0.8613,,
DATA,A001,1,1336,80764,-0.5795,-0.0052,0.1014,-123.8403,55.2368,-68.6646,0.5883,,
DATA,A001,1,1337,80774,-0.3224,-0.5862,0.0916,-87.0361,42.9688,-34.3018,0.6753,,
DATA,A001,1,1338,80784,-0.2101,-0.8057,0.0130,-60.3027,35.7056,-25.2075,0.8328,,
DATA,A001,1,1339,80794,-0.0375,-0.8543,-0.0087,-33.6304,14.9536,-9.5825,0.8552,,
DATA,A001,1,1340,80804,0.0872,-0.7464,-0.0673,-21.2402,1.7700,7.9346,0.7545,,
DATA,A001,1,1341,80814,0.3199,-0.4488,-0.0717,-5.8594,-10.0708,29.7852,0.5558,,
DATA,A001,1,1342,80824,0.3885,-0.2603,-0.0874,-2.5024,2.0142,31.6772,0.4758,,
DATA,A001,1,1343,80834,0.4110,-0.1319,-0.1594,-8.1177,45.8984,21.8506,0.4601,,
DATA,A001,1,1344,80844,0.3907,-0.1190,-0.1792,-12.6953,80.6274,16.5405,0.4460,,
DATA,A001,1,1345,80854,0.3250,-0.1485,-0.1870,-16.4795,129.5776,9.6436,0.4033,,
DATA,A001,1,1346,80864,0.2396,-0.1722,-0.2031,-16.4185,151.7944,4.6387,0.3582,,
DATA,A001,1,1347,80874,0.1292,-0.1873,-0.2353,-11.5356,163.7573,-2.5024,0.3274,,
DATA,A001,1,1348,80884,0.1063,-0.1690,-0.2461,-5.5542,160.7666,-7.7515,0.3169,,
DATA,A001,1,1349,80894,0.0985,-0.1197,-0.2695,4.6387,153.7476,-13.2446,0.3109,,
DATA,A001,1,1350,80904,0.0868,-0.0826,-0.2468,10.2539,153.5645,-14.2822,0.2743,,
DATA,A001,1,1351,80914,0.0545,-0.0516,-0.1809,14.7705,158.5693,-13.8550,0.1958,,
DATA,A001,1,1352,80924,0.0111,-0.0547,-0.1814,15.0146,162.3535,-15.4419,0.1898,,
DATA,A001,1,1353,80934,-0.0668,-0.0953,-0.1794,17.5171,160.4614,-18.3716,0.2138,,
DATA,A001,1,1354,80944,-0.0983,-0.1221,-0.1628,22.0947,154.1138,-19.3481,0.2260,,
DATA,A001,1,1355,80954,-0.1552,-0.1419,-0.1464,33.1421,136.7798,-20.7520,0.2563,,
DATA,A001,1,1356,80964,-0.1879,-0.1414,-0.1306,41.0156,122.3145,-21.7896,0.2690,,
DATA,A001,1,1357,80974,-0.2170,-0.1395,-0.0979,47.3022,107.4829,-24.2310,0.2759,,
DATA,A001,1,1358,80984,-0.2565,-0.1341,-0.0070,54.3823,85.2051,-28.9307,0.2895,,
DATA,A001,1,1359,80994,-0.2829,-0.1324,0.0435,57.0068,72.2656,-32.8979,0.3153,,
DATA,A001,1,1360,81004,-0.3168,-0.1422,0.1104,57.6782,55.9082,-42.8467,0.3644,,
DATA,A001,1,1361,81014,-0.3339,-0.1512,0.1517,56.7627,44.5557,-49.9878,0.3967,,
DATA,A001,1,1362,81024,-0.3825,-0.1634,0.1873,57.2510,25.7568,-59.4482,0.4561,,
DATA,A001,1,1363,81034,-0.4064,-0.1448,0.1954,59.0820,11.1694,-66.4062,0.4736,,
DATA,A001,1,1364,81044,-0.4237,-0.0921,0.2007,64.6973,-7.3853,-78.1250,0.4778,,
DATA,A001,1,1365,81054,-0.4384,-0.0330,0.1946,68.4814,-13.4277,-85.9985,0.4808,,
DATA,A001,1,1366,81064,-0.4738,0.0598,0.1917,71.6553,-13.8550,-95.5811,0.5146,,
DATA,A001,1,1367,81074,-0.5119,0.1071,0.1954,69.7021,-12.5122,-102.2339,0.5583,,
DATA,A001,1,1368,81084,-0.6657,0.1586,0.1495,63.2935,-7.2632,-113.2812,0.7005,,
DATA,A001,1,1369,81094,-0.8503,0.1774,0.1038,60.6079,-5.9204,-121.2158,0.8747,,
DATA,A001,1,1370,81104,-1.3000,0.2360,0.1106,64.0869,-15.1367,-131.1035,1.3258,,
DATA,A001,1,1371,81114,-1.7287,0.3481,0.1448,70.3735,-28.3203,-135.9253,1.7693,,
DATA,A001,1,1372,81124,-2.6393,0.6386,0.2251,72.8149,-65.6738,-154.6631,2.7248,,
DATA,A001,1,1373,81134,-3.2255,0.8986,0.2386,57.1899,-94.6655,-164.6729,3.3568,,
DATA,A001,1,1374,81144,-3.3156,1.1413,0.2325,19.0430,-150.1465,-154.0527,3.5142,,
DATA,A001,1,1375,81154,-3.1535,1.1491,0.0057,8.6060,-191.1011,-127.9907,3.3563,,
DATA,A001,1,1376,81164,-3.1220,1.1848,-0.1145,19.7144,-210.3271,-88.8672,3.3412,,
DATA,A001,1,1377,81174,-3.0539,1.3574,0.0762,27.0996,-153.3203,-70.4956,3.3428,,
DATA,A001,1,1378,81184,-2.8224,1.5881,0.2754,15.2588,-34.4849,-30.7617,3.2502,,
DATA,A001,1,1379,81194,-2.7360,1.4860,0.4339,-10.3149,15.2588,-13.6719,3.1436,,
DATA,A001,1,1380,81204,-2.6129,0.9130,0.5650,-36.1938,43.7622,0.1831,2.8249,,
DATA,A001,1,1381,81214,-2.4850,0.5478,0.6455,-27.9541,63.9648,9.2163,2.6253,,
DATA,A001,1,1382,81224,-2.2892,0.2648,0.6324,5.4321,98.2056,25.6348,2.3897,,
DATA,A001,1,1383,81234,-2.1308,0.2189,0.5125,25.9399,111.0840,41.6870,2.2024,,
DATA,A001,1,1384,81244,-1.7802,0.1818,0.2229,35.8887,113.8916,71.6553,1.8033,,
DATA,A001,1,1385,81254,-1.5214,0.1159,0.0328,27.3438,104.3701,90.3931,1.5262,,
DATA,A001,1,1386,81264,-1.1686,-0.0540,-0.2204,3.1738,92.7734,109.8633,1.1904,,
DATA,A001,1,1387,81274,-0.9442,-0.1595,-0.3554,-7.4463,95.8862,117.3096,1.0215,,
DATA,A001,1,1388,81284,-0.7680,-0.2088,-0.4262,-3.6621,101.0742,124.6338,0.9028,,
DATA,A001,1,1389,81294,-0.5170,-0.2447,-0.3813,29.7852,109.7412,132.2632,0.6874,,
DATA,A001,1,1390,81304,-0.3075,-0.1942,-0.2429,60.9131,98.7549,124.8779,0.4373,,
DATA,A001,1,1391,81314,-0.1486,-0.0843,-0.0190,88.1958,80.9937,98.6938,0.1719,,
DATA,A001,1,1392,81324,-0.1156,-0.0118,0.0957,85.9985,72.2046,72.2046,0.1506,,
DATA,A001,1,1393,81334,-0.0587,-0.0142,0.2686,61.1572,58.5327,31.6162,0.2753,,
DATA,A001,1,1394,81344,-0.0287,-0.0706,0.3767,42.0532,41.0767,12.3291,0.3844,,
DATA,A001,1,1395,81354,0.0023,-0.1614,0.4388,22.9492,-7.6904,-6.7139,0.4675,,
DATA,A001,1,1396,81364,0.0589,-0.1915,0.4097,13.6108,-44.6167,-13.2446,0.4561,,
DATA,A001,1,1397,81374,0.2000,-0.2034,0.3416,-2.6855,-84.4727,-13.2446,0.4451,,
DATA,A001,1,1398,81384,0.3021,-0.1920,0.2854,-14.4653,-93.5669,-9.2163,0.4578,,
DATA,A001,1,1399,81394,0.4017,-0.1544,0.1329,-29.6021,-66.9556,3.9062,0.4504,,
DATA,A001,1,1400,81404,0.4315,-0.1480,0.0201,-35.5225,-29.3579,14.4653,0.4566,,
DATA,A001,1,1401,81414,0.3976,-0.1766,-0.1169,-33.3252,39.0015,31.6162,0.4504,,
DATA,A001,1,1402,81424,0.3192,-0.2007,-0.1628,-26.6113,80.6274,44.4946,0.4107,,
DATA,A001,1,1403,81434,0.1749,-0.2115,-0.1618,-14.0381,118.1030,63.3545,0.3186,,
DATA,A001,1,1404,81444,0.0914,-0.1898,-0.1377,-6.7749,122.7417,72.8760,0.2516,,
DATA,A001,1,1405,81454,0.0223,-0.1348,-0.1323,-0.3662,110.9619,78.0640,0.1902,,
DATA,A001,1,1406,81464,0.0006,-0.0970,-0.1333,0.6104,97.1680,76.1719,0.1648,,
DATA,A001,1,1407,81474,0.0116,-0.0467,-0.1140,-1.5869,79.2236,72.2046,0.1237,,
DATA,A001,1,1408,81484,0.0096,-0.0269,-0.0808,-6.0425,71.4722,70.9839,0.0857,,
DATA,A001,1,1409,81494,-0.0263,-0.0152,0.0010,-15.6250,62.2559,69.8242,0.0304,,
DATA,A001,1,1410,81504,-0.0568,-0.0032,0.0286,-24.4751,56.2134,67.1997,0.0637,,
DATA,A001,1,1411,81514,-0.1039,0.0058,0.0315,-39.4287,38.4521,60.6079,0.1087,,
DATA,A001,1,1412,81524,-0.1303,0.0158,0.0242,-47.6074,22.4609,57.4341,0.1335,,
DATA,A001,1,1413,81534,-0.1649,0.0363,0.0052,-54.4434,-4.8828,56.0303,0.1690,,
DATA,A001,1,1414,81544,-0.2387,0.0524,-0.0429,-54.8096,-18.7378,55.4199,0.2481,,
DATA,A001,1,1415,81554,-0.5375,0.1176,-0.1301,-46.5698,-31.4331,49.3774,0.5654,,
DATA,A001,1,1416,81564,-0.8905,0.2011,-0.1657,-35.0342,-36.5601,39.0625,0.9279,,
DATA,A001,1,1417,81574,-1.5775,0.4145,-0.1540,-16.2354,-26.7944,-1.7700,1.6383,,
DATA,A001,1,1418,81584,-2.2238,0.5908,-0.0866,-5.7373,-24.9634,-42.3584,2.3025,,
DATA,A001,1,1419,81594,-3.1300,1.0715,0.4661,12.2070,-53.8330,-82.0923,3.3410,,
DATA,A001,1,1420,81604,-3.3224,1.5241,0.7664,-7.0190,-130.7373,-91.7969,3.7348,,
DATA,A001,1,1421,81614,-3.0876,1.5976,0.7056,-35.2173,-207.8857,-107.6050,3.5473,,
DATA,A001,1,1422,81624,-2.4928,1.7065,0.7034,-52.4292,-187.6831,-109.3140,3.1018,,
DATA,A001,1,1423,81634,-2.6046,1.7758,0.4451,-70.6787,-116.5771,-98.6328,3.1837,,
DATA,A001,1,1424,81644,-3.5595,1.8168,0.1419,-114.2578,9.2773,-83.0688,3.9989,,
DATA,A001,1,1425,81654,-3.9916,1.7617,-0.0078,-122.4976,70.5566,-48.6450,4.3631,,
DATA,A001,1,1426,81664,-4.0158,1.5910,0.1507,-100.4639,107.9712,-3.9062,4.3221,,
DATA,A001,1,1427,81674,-3.6867,1.3066,0.2996,-116.6992,103.2104,3.7842,3.9228,,
DATA,A001,1,1428,81684,-2.9936,0.8710,0.4839,-138.1836,128.0518,13.1836,3.1550,,
DATA,A001,1,1429,81694,-2.6935,0.6596,0.5025,-148.3765,162.7197,1.1597,2.8183,,
DATA,A001,1,1430,81704,-2.5185,0.4291,0.4351,-148.9258,186.2793,-5.0659,2.5916,,
DATA,A001,1,1431,81714,-2.3705,0.3759,0.3616,-130.7983,164.7339,-1.2207,2.4272,,
DATA,A001,1,1432,81724,-1.8598,0.2661,0.1197,-125.7935,107.7271,-4.4556,1.8825,,
DATA,A001,1,1433,81734,-1.4579,0.1198,-0.0053,-134.2773,52.3071,-8.8501,1.4628,,
DATA,A001,1,1434,81744,-0.7548,-0.1246,-0.1101,-156.7993,-31.9214,-12.5732,0.7729,,
DATA,A001,1,1435,81754,-0.2690,-0.2894,-0.1919,-164.9780,-64.1479,-17.0288,0.4392,,
DATA,A001,1,1436,81764,0.3255,-0.5130,-0.2544,-134.0942,-84.4116,-15.0757,0.6587,,
DATA,A001,1,1437,81774,0.5604,-0.6048,-0.2407,-92.1021,-78.2471,-22.7661,0.8589,,
DATA,A001,1,1438,81784,0.6319,-0.6190,-0.1750,-19.0430,-35.5225,-43.6401,0.9017,,
DATA,A001,1,1439,81794,0.6038,-0.5574,-0.1486,24.1699,4.6997,-54.7485,0.8351,,
DATA,A001,1,1440,81804,0.5089,-0.4319,-0.0478,67.0166,51.8799,-59.5093,0.6692,,
DATA,A001,1,1441,81814,0.4359,-0.3506,0.0450,77.3315,71.9604,-58.5938,0.5612,,
DATA,A001,1,1442,81824,0.3631,-0.2361,0.0750,72.6318,88.6230,-58.4717,0.4396,,
DATA,A001,1,1443,81834,0.3434,-0.1793,0.0296,61.3403,95.7031,-57.6172,0.3885,,
DATA,A001,1,1444,81844,0.3665,-0.1490,-0.0861,43.3350,116.9434,-52.0630,0.4049,,
DATA,A001,1,1445,81854,0.3790,-0.1407,-0.1728,36.8042,140.3809,-44.0674,0.4397,,
DATA,A001,1,1446,81864,0.3822,-0.1002,-0.3025,37.9028,189.5142,-28.0762,0.4976,,
DATA,A001,1,1447,81874,0.3394,-0.0484,-0.3754,43.8843,226.9897,-15.7471,0.5085,,
DATA,A001,1,1448,81884,0.2108,0.0585,-0.4367,54.1382,274.3530,0.7324,0.4885,,
DATA,A001,1,1449,81894,0.1014,0.1130,-0.4282,57.1899,291.8091,8.6060,0.4543,,
DATA,A001,1,1450,81904,-0.0392,0.1620,-0.3488,54.8706,285.4004,16.6016,0.3866,,
DATA,A001,1,1451,81914,-0.1161,0.1650,-0.2717,50.5981,261.0474,18.1274,0.3384,,
DATA,A001,1,1452,81924,-0.1750,0.1423,-0.1430,43.7012,201.3550,13.1226,0.2670,,
DATA,A001,1,1453,81934,-0.1713,0.1259,-0.0676,38.6963,154.5410,5.8594,0.2231,,
DATA,A001,1,1454,81944,-0.1430,0.1078,-0.0026,32.6538,105.8350,-2.7466,0.1791,,
DATA,A001,1,1455,81954,-0.0876,0.0939,0.0594,23.3765,38.8794,-13.8550,0.1415,,
DATA,A001,1,1456,81964,-0.0392,0.0827,0.0799,15.9302,2.1973,-18.9819,0.1215,,
DATA,A001,1,1457,81974,0.0111,0.0507,0.1087,4.3335,-38.5132,-24.3530,0.1204,,
DATA,A001,1,1458,81984,0.0404,0.0295,0.1170,-2.8076,-55.8472,-28.1982,0.1272,,
DATA,A001,1,1459,81994,0.0448,0.0014,0.0943,-10.9253,-68.8477,-33.5083,0.1044,,
DATA,A001,1,1460,82004,0.0096,-0.0093,0.0843,-14.8926,-73.9746,-36.1328,0.0853,,
DATA,A001,1,1461,82014,-0.0358,-0.0220,0.0674,-20.3247,-81.5430,-40.3442,0.0795,,
DATA,A001,1,1462,82024,-0.0719,-0.0203,0.0708,-23.7427,-88.0737,-41.9312,0.1030,,
DATA,A001,1,1463,82034,-0.1400,-0.0213,0.0779,-31.9214,-100.5249,-40.5884,0.1617,,
DATA,A001,1,1464,82044,-0.1662,-0.0406,0.1099,-39.7339,-109.9854,-39.4287,0.2033,,
DATA,A001,1,1465,82054,-0.4193,-0.0672,-0.0183,-53.8940,-127.2583,-32.8369,0.4251,,
DATA,A001,1,1466,82064,-0.6857,-0.0508,-0.2463,-63.3545,-133.3618,-26.3672,0.7304,,
DATA,A001,1,1467,82074,-1.8156,0.0336,-1.0151,-78.3691,-156.7383,-13.0615,2.0804,,
DATA,A001,1,1468,82084,-3.0590,0.1313,-1.5400,-62.5610,-181.8237,3.4180,3.4273,,
DATA,A001,1,1469,82094,-5.0485,0.4955,-1.0254,2.8687,-114.6240,85.4492,5.1753,,
DATA,A001,1,1470,82104,-6.1725,0.9035,-0.8459,11.5356,-189.0869,109.3750,6.2954,,
DATA,A001,1,1471,82114,-6.7489,1.3842,-0.0659,-54.5654,-374.5728,78.7354,6.8897,,
DATA,A001,1,1472,82124,-5.9103,1.7021,0.4317,-69.9463,-506.7749,51.5747,6.1656,,
DATA,A001,1,1473,82134,-3.4696,1.6191,0.6763,-59.0820,-470.8862,7.2021,3.8881,,
DATA,A001,1,1474,82144,-2.4828,1.2770,0.7327,-45.3491,-262.8174,-22.1558,2.8865,,
DATA,A001,1,1475,82154,-2.2184,0.6784,0.5413,-26.0620,68.7866,-65.3076,2.3821,,
DATA,A001,1,1476,82164,-2.5775,0.3281,0.4969,-14.6484,203.4302,-76.3550,2.6454,,
DATA,A001,1,1477,82174,-2.9035,-0.0757,0.5928,9.3384,232.9712,-58.7769,2.9643,,
DATA,A001,1,1478,82184,-2.7357,-0.3609,0.9261,20.8740,149.3530,-32.8369,2.9107,,
DATA,A001,1,1479,82194,-2.4211,-0.8433,1.1380,-138.5498,-86.4868,-45.6543,2.8049,,
DATA,A001,1,1480,82204,-1.0956,-0.7386,0.5677,-119.7510,-104.1870,-87.3413,1.4381,,
DATA,A001,1,1481,82214,0.6510,0.2328,0.2005,29.7241,-58.2886,82.9468,0.7198,,
DATA,A001,1,1482,82224,1.1417,0.4135,0.1206,22.7661,10.0098,118.3472,1.2202,,
DATA,A001,1,1483,82234,0.9698,0.0976,0.0713,-5.7373,149.7192,87.4023,0.9773,,
DATA,A001,1,1484,82244,0.7191,-0.2193,0.0359,20.2026,197.6318,65.5518,0.7526,,
DATA,A001,1,1485,82254,0.3927,-0.4324,-0.0026,76.0498,154.8462,31.0059,0.5841,,
DATA,A001,1,1486,82264,0.4452,-0.4695,0.0271,84.4727,71.5332,30.1514,0.6476,,
DATA,A001,1,1487,82274,0.7457,-0.4127,0.2046,69.2139,13.1836,39.3066,0.8765,,
DATA,A001,1,1488,82284,1.0548,-0.3167,0.2989,-2.2583,45.7764,71.1670,1.1411,,
DATA,A001,1,1489,82294,0.8756,-0.2916,0.2246,-23.3765,118.5913,95.5811,0.9498,,
DATA,A001,1,1490,82304,0.3001,-0.2408,0.1394,-1.2817,211.3647,103.0884,0.4093,,
DATA,A001,1,1491,82314,-0.1024,-0.1214,0.1392,20.0806,215.5762,100.6470,0.2112,,
DATA,A001,1,1492,82324,-0.5788,0.1345,0.0367,9.0332,149.7192,97.1680,0.5953,,
DATA,A001,1,1493,82334,-0.7060,0.2536,-0.0957,-24.7192,76.5381,92.2852,0.7562,,
DATA,A001,1,1494,82344,-0.6520,0.3056,-0.2890,-74.1577,-39.9170,74.3408,0.7759,,
DATA,A001,1,1495,82354,-0.4938,0.2897,-0.3686,-93.2617,-101.9897,59.6313,0.6809,,
DATA,A001,1,1496,82364,-0.1676,0.2805,-0.4108,-106.0181,-140.8691,41.5649,0.5249,,
DATA,A001,1,1497,82374,-0.0212,0.2858,-0.3701,-109.7412,-128.1128,32.4097,0.4681,,
DATA,A001,1,1498,82384,0.1156,0.2963,-0.2856,-112.2437,-62.8052,20.2026,0.4275,,
DATA,A001,1,1499,82394,0.0992,0.2858,-0.2190,-112.8540,-12.3291,9.8877,0.3735,,
DATA,A001,1,1500,82404,-0.0365,0.2006,-0.2004,-114.8682,48.9502,-10.0708,0.2859,,
DATA,A001,1,1501,82414,-0.0963,0.1169,-0.2146,-118.8354,74.2188,-23.3154,0.2626,,
DATA,A001,1,1502,82424,-0.1225,-0.0318,-0.2006,-123.8403,92.9565,-40.0391,0.2372,,
DATA,A001,1,1503,82434,-0.0976,-0.0963,-0.1936,-123.7183,101.0132,-49.3774,0.2372,,
DATA,A001,1,1504,82444,-0.1129,-0.1673,-0.1687,-118.1030,114.3799,-62.1338,0.2630,,
DATA,A001,1,1505,82454,-0.1447,-0.1837,-0.1709,-111.8774,120.3613,-68.1763,0.2896,,
DATA,A001,1,1506,82464,-0.2345,-0.1922,-0.1533,-100.7690,120.2393,-77.3926,0.3398,,
DATA,A001,1,1507,82474,-0.3224,-0.1910,-0.1635,-94.5435,110.7178,-83.1909,0.4089,,
DATA,A001,1,1508,82484,-0.4499,-0.1461,-0.1870,-89.5386,82.1533,-93.8721,0.5086,,
DATA,A001,1,1509,82494,-0.5053,-0.1148,-0.1726,-90.2710,56.3965,-102.2339,0.5461,,
DATA,A001,1,1510,82504,-0.5424,-0.0757,-0.2268,-91.7969,18.1885,-108.6426,0.5927,,
DATA,A001,1,1511,82514,-0.5556,-0.0621,-0.2370,-92.8955,-4.0283,-107.6050,0.6072,,
DATA,A001,1,1512,82524,-0.6850,-0.0460,-0.2839,-92.5293,-23.3765,-98.9380,0.7429,,
DATA,A001,1,1513,82534,-0.9174,-0.0396,-0.3730,-89.6606,-34.1797,-91.0645,0.9911,,
DATA,A001,1,1514,82544,-1.4435,-0.0274,-0.4279,-73.9136,-56.2134,-70.4346,1.5059,,
DATA,A001,1,1515,82554,-1.9245,0.0515,-0.5183,-50.6592,-77.2095,-56.5796,1.9937,,
DATA,A001,1,1516,82564,-2.7079,0.2807,-0.5561,-14.2212,-107.9712,-21.7896,2.7786,,
DATA,A001,1,1517,82574,-3.2550,0.4699,-0.4272,11.3525,-115.8447,6.5918,3.3164,,
DATA,A001,1,1518,82584,-4.2238,0.8447,-0.2204,51.8799,-135.8032,48.6450,4.3131,,
DATA,A001,1,1519,82594,-4.7692,1.0873,-0.1015,70.6177,-164.9780,72.5708,4.8926,,
DATA,A001,1,1520,82604,-4.9416,1.2538,0.0472,80.0171,-202.2705,76.5991,5.0984,,
DATA,A001,1,1521,82614,-4.4445,1.1938,0.2286,87.6465,-260.3149,68.3594,4.6077,,
DATA,A001,1,1522,82624,-3.6381,0.6711,0.1060,106.5674,-267.2119,57.1289,3.7010,,
DATA,A001,1,1523,82634,-3.1686,0.3403,0.0642,137.5122,-226.3184,44.0674,3.1875,,
DATA,A001,1,1524,82644,-2.7751,0.1349,0.0367,174.0723,-166.9312,32.4097,2.7786,,
DATA,A001,1,1525,82654,-2.4225,0.0285,-0.0424,220.2148,-81.8481,27.0386,2.4231,,
DATA,A001,1,1526,82664,-2.2213,0.0532,-0.0981,243.8965,-36.3770,29.7852,2.2241,,
DATA,A001,1,1527,82674,-1.7450,0.2333,-0.2561,270.3247,-1.5869,41.5039,1.7791,,
DATA,A001,1,1528,82684,-1.3095,0.4282,-0.3159,281.3110,6.1646,53.8330,1.4135,,
DATA,A001,1,1529,82694,-0.7497,0.7578,-0.2426,277.4048,16.6626,78.1250,1.0932,,
DATA,A001,1,1530,82704,-0.4538,0.8889,-0.1384,247.6807,25.7568,97.0459,1.0075,,
DATA,A001,1,1531,82714,-0.1176,0.7304,-0.1303,168.8843,23.7427,119.8730,0.7512,,
DATA,A001,1,1532,82724,0.0511,0.4277,-0.1284,122.7417,17.9443,120.1782,0.4494,,
DATA,A001,1,1533,82734,0.3436,-0.0682,0.0254,91.4917,10.1929,93.0176,0.3512,,
DATA,A001,1,1534,82744,0.5389,-0.3267,0.1465,90.8203,2.5024,62.2559,0.6470,,
DATA,A001,1,1535,82754,0.6707,-0.5196,0.2342,103.8208,-2.1973,24.3530,0.8802,,
DATA,A001,1,1536,82764,0.6100,-0.5150,0.2264,112.4878,0.5493,17.5781,0.8297,,
DATA,A001,1,1537,82774,0.3978,-0.4700,0.2620,123.0469,4.3335,30.3345,0.6692,,
DATA,A001,1,1538,82784,0.2706,-0.4149,0.3462,131.0425,-7.5073,39.9170,0.6043,,
DATA,A001,1,1539,82794,0.1466,-0.3157,0.4427,141.4795,-44.7998,44.7998,0.5631,,
DATA,A001,1,1540,82804,0.1168,-0.2369,0.4583,143.1274,-71.5942,41.4429,0.5289,,
DATA,A001,1,1541,82814,0.1683,-0.1468,0.4519,134.3994,-96.8628,31.4331,0.5041,,
DATA,A001,1,1542,82824,0.2271,-0.1099,0.4204,127.3193,-95.8862,25.6348,0.4904,,
DATA,A001,1,1543,82834,0.2054,-0.0875,0.3650,120.4834,-78.3081,18.6157,0.4279,,
DATA,A001,1,1544,82844,0.1451,-0.0823,0.3247,118.0420,-65.3687,15.0146,0.3651,,
DATA,A001,1,1545,82854,0.0335,-0.0696,0.2918,114.6851,-57.6782,12.9395,0.3019,,
DATA,A001,1,1546,82864,-0.0243,-0.0599,0.2679,111.6333,-61.5845,13.2446,0.2755,,
DATA,A001,1,1547,82874,-0.0812,-0.0491,0.1900,106.4453,-74.3408,10.7422,0.2124,,
DATA,A001,1,1548,82884,-0.1142,-0.0367,0.1412,103.5767,-82.7026,5.8594,0.1852,,
DATA,A001,1,1549,82894,-0.1593,0.0109,0.0855,98.9990,-90.9424,-5.1270,0.1811,,
DATA,A001,1,1550,82904,-0.1830,0.0473,0.0574,94.4214,-92.0410,-12.4512,0.1976,,
DATA,A001,1,1551,82914,-0.2116,0.0952,0.0374,85.4492,-87.2192,-21.4233,0.2350,,
DATA,A001,1,1552,82924,-0.2253,0.1162,0.0325,78.0640,-80.6885,-26.3062,0.2555,,
DATA,A001,1,1553,82934,-0.2296,0.1266,0.0354,70.4346,-72.0825,-30.7617,0.2646,,
DATA,A001,1,1554,82944,-0.2433,0.1245,0.0550,60.5469,-58.7158,-36.1328,0.2788,,
DATA,A001,1,1555,82954,-0.2536,0.1286,0.0672,54.7485,-50.6592,-39.1235,0.2921,,
DATA,A001,1,1556,82964,-0.2838,0.1315,0.0552,46.0205,-40.4663,-46.0205,0.3177,,
DATA,A001,1,1557,82974,-0.3107,0.1486,0.0403,41.3818,-31.0669,-52.8564,0.3468,,
DATA,A001,1,1558,82984,-0.3273,0.2299,0.0381,38.2690,-12.4512,-59.3872,0.4018,,
DATA,A001,1,1559,82994,-0.3876,0.3310,-0.0168,36.6821,0.0610,-52.3682,0.5100,,
DATA,A001,1,1560,83004,-0.7524,0.5742,-0.3198,28.3203,28.3203,-27.8931,0.9990,,
DATA,A001,1,1561,83014,-1.3358,0.8796,-0.6960,19.2261,55.2368,6.7749,1.7443,,
DATA,A001,1,1562,83024,-2.2929,1.3019,-0.8408,9.3384,94.7876,56.7017,2.7675,,
DATA,A001,1,1563,83034,-2.9130,1.6108,-0.9201,-22.1558,79.4678,102.4170,3.4535,,
DATA,A001,1,1564,83044,-3.5739,1.8364,-1.3222,-58.4106,-8.7280,134.3994,4.2300,,
DATA,A001,1,1565,83054,-3.5949,2.1335,-1.1779,-30.0903,-6.2866,130.0659,4.3431,,
DATA,A001,1,1566,83064,-3.0707,2.8127,-0.6391,-35.2783,139.6484,77.9419,4.2129,,
DATA,A001,1,1567,83074,-2.9196,2.8027,-0.3105,-97.1680,242.2485,36.9873,4.0590,,
DATA,A001,1,1568,83084,-2.9650,2.2001,-0.0056,-164.7949,342.7734,-8.1787,3.6921,,
DATA,A001,1,1569,83094,-2.8815,1.7770,0.1101,-157.8979,369.0796,-22.6440,3.3872,,
DATA,A001,1,1570,83104,-2.6601,1.4045,0.2176,-111.6333,373.9624,-37.8418,3.0159,,
DATA,A001,1,1571,83114,-2.5544,1.2607,0.2222,-92.5903,351.2573,-41.8701,2.8572,,
DATA,A001,1,1572,83124,-2.2997,0.9084,0.3018,-115.4785,293.6401,-65.7349,2.4910,,
DATA,A001,1,1573,83134,-1.9076,0.6557,0.2676,-125.5493,228.7598,-44.7998,2.0348,,
DATA,A001,1,1574,83144,-1.0763,0.3635,0.1014,-131.2866,186.1572,-19.3481,1.1406,,
DATA,A001,1,1575,83154,-1.0668,0.0839,0.3172,-151.4282,121.8262,-28.8696,1.1161,,
DATA,A001,1,1576,83164,-0.4887,-0.8900,0.3299,-285.0342,95.8252,-31.9824,1.0675,,
DATA,A001,1,1577,83174,-0.5343,-1.5899,0.5901,-232.1167,171.2646,-90.4541,1.7781,,
DATA,A001,1,1578,83184,-0.7040,-0.5506,0.7432,18.8599,218.1396,-15.6860,1.1624,,
DATA,A001,1,1579,83194,-0.5126,0.1945,0.5467,45.9595,180.9082,10.8643,0.7742,,
DATA,A001,1,1580,83204,-0.1664,0.2502,0.3221,-46.0205,106.8726,-13.6719,0.4405,,
DATA,A001,1,1581,83214,-0.1349,-0.1475,0.1778,-99.5483,63.8428,-19.1650,0.2675,,
DATA,A001,1,1582,83224,-0.0710,-0.6705,-0.0732,-80.1392,-3.9673,22.7661,0.6782,,
DATA,A001,1,1583,83234,0.0057,-0.8631,-0.1416,-31.3110,-45.8984,47.9126,0.8746,,
DATA,A001,1,1584,83244,0.0826,-0.9542,-0.1596,36.5601,-83.6792,71.1670,0.9709,,
DATA,A001,1,1585,83254,0.1190,-0.8968,-0.1513,74.3408,-90.6372,73.5474,0.9172,,
DATA,A001,1,1586,83264,0.1676,-0.6968,-0.1440,125.1221,-71.2891,70.0684,0.7310,,
DATA,A001,1,1587,83274,0.1266,-0.5108,-0.0444,137.5732,-63.6597,69.5801,0.5281,,
DATA,A001,1,1588,83284,-0.0048,-0.3851,0.0821,126.2207,-65.3076,59.4482,0.3937,,
DATA,A001,1,1589,83294,-0.1313,-0.2432,0.0867,117.4927,-90.5151,39.1846,0.2897,,
DATA,A001,1,1590,83304,-0.1652,-0.1902,0.0462,121.8262,-119.0796,39.8560,0.2562,,
DATA,A001,1,1591,83314,-0.1930,-0.1465,0.0320,124.6338,-155.8838,47.4243,0.2445,,
DATA,A001,1,1592,83324,-0.2043,-0.1548,0.0435,119.5068,-170.5933,48.7061,0.2600,,
DATA,A001,1,1593,83334,-0.1505,-0.2056,0.0313,109.9243,-185.0586,53.8330,0.2568,,
DATA,A001,1,1594,83344,-0.0719,-0.2767,-0.0046,104.9805,-184.8145,54.5044,0.2859,,
DATA,A001,1,1595,83354,-0.0675,-0.3902,-0.0339,104.4312,-190.9180,61.5234,0.3974,,
DATA,A001,1,1596,83364,-0.1208,-0.4422,-0.0876,107.4219,-194.0918,66.0400,0.4667,,
DATA,A001,1,1597,83374,-0.2299,-0.4771,-0.1330,113.4644,-204.2847,70.7397,0.5461,,
DATA,A001,1,1598,83384,-0.2538,-0.4383,-0.0485,122.9858,-223.5107,80.3223,0.5088,,
DATA,A001,1,1599,83394,-0.3505,-0.2322,0.0528,140.4419,-254.0894,87.6465,0.4238,,
DATA,A001,1,1600,83404,-0.5700,-0.0491,0.0591,149.0479,-257.5684,80.3833,0.5751,,
DATA,A001,1,1601,83414,-1.1176,0.2927,0.0027,160.2783,-218.9941,41.5649,1.1553,,
DATA,A001,1,1602,83424,-1.5107,0.5539,-0.0334,163.6353,-166.8091,-2.5635,1.6093,,
DATA,A001,1,1603,83434,-1.9660,0.9352,0.0132,147.2168,-105.5298,-49.4995,2.1771,,
DATA,A001,1,1604,83444,-2.3610,1.1186,-0.0586,118.0420,-112.4878,-61.3403,2.6132,,
DATA,A001,1,1605,83454,-2.8515,1.4206,-0.1377,80.7495,-184.3872,-100.6470,3.1887,,
DATA,A001,1,1606,83464,-2.8678,1.6337,-0.2404,57.2510,-228.5767,-131.2866,3.3093,,
DATA,A001,1,1607,83474,-2.7301,2.1208,-0.3701,54.1992,-251.4038,-162.3535,3.4768,,
DATA,A001,1,1608,83484,-2.8297,2.5158,-0.4216,36.7432,-249.3896,-141.4795,3.8098,,
DATA,A001,1,1609,83494,-2.9330,2.8925,-0.3427,-3.7842,-208.5571,-114.7461,4.1336,,
DATA,A001,1,1610,83504,-2.8664,3.0341,-0.2353,-33.4473,-156.6772,-99.6704,4.1806,,
DATA,A001,1,1611,83514,-2.6164,2.9811,-0.0551,-73.8525,-65.1245,-78.0640,3.9668,,
DATA,A001,1,1612,83524,-2.3854,2.6000,0.0191,-101.0742,-3.9673,-75.8057,3.5286,,
DATA,A001,1,1613,83534,-1.9506,1.9743,0.1133,-118.5303,74.2188,-75.0732,2.7777,,
DATA,A001,1,1614,83544,-1.6837,1.6762,0.1343,-114.1357,119.6289,-64.2700,2.3796,,
DATA,A001,1,1615,83554,-1.4084,1.3019,0.1578,-97.6562,184.0210,-53.8330,1.9244,,
DATA,A001,1,1616,83564,-1.2548,1.0788,0.2178,-87.0972,215.2710,-42.2363,1.6691,,
DATA,A001,1,1617,83574,-1.1059,0.8725,0.3086,-79.3457,231.0791,-25.3906,1.4420,,
DATA,A001,1,1618,83584,-0.8398,0.5629,0.4073,-77.0264,218.8110,2.2583,1.0899,,
DATA,A001,1,1619,83594,-0.6222,0.3217,0.4251,-81.0547,192.0166,14.9536,0.8194,,
DATA,A001,1,1620,83604,-0.2375,-0.0113,0.4502,-88.6841,152.8320,20.1416,0.5091,,
DATA,A001,1,1621,83614,0.0194,-0.1673,0.4439,-92.5903,142.5781,19.1650,0.4748,,
DATA,A001,1,1622,83624,0.3126,-0.2930,0.4017,-96.8018,163.4521,22.8882,0.5873,,
DATA,A001,1,1623,83634,0.4278,-0.3467,0.3377,-96.5576,194.3970,27.4658,0.6460,,
DATA,A001,1,1624,83644,0.4757,-0.4293,0.2308,-85.9375,246.3989,40.0391,0.6810,,
DATA,A001,1,1625,83654,0.4496,-0.4932,0.2227,-70.4956,274.2310,45.9595,0.7035,,
DATA,A001,1,1626,83664,0.3641,-0.5352,0.2906,-43.0298,288.6963,49.7437,0.7095,,
DATA,A001,1,1627,83674,0.2828,-0.5135,0.3377,-29.6021,281.4331,49.4385,0.6765,,
DATA,A001,1,1628,83684,0.1624,-0.4390,0.3882,-26.0010,254.3335,45.5933,0.6082,,
DATA,A001,1,1629,83694,0.1168,-0.3897,0.3997,-31.5552,228.3936,41.1377,0.5703,,
DATA,A001,1,1630,83704,0.0611,-0.3375,0.3570,-44.0063,183.0444,34.6680,0.4950,,
DATA,A001,1,1631,83714,0.0194,-0.3167,0.2828,-51.6968,152.4048,31.3721,0.4250,,
DATA,A001,1,1632,83724,-0.0395,-0.2942,0.1346,-58.2886,110.4126,25.7568,0.3260,,
DATA,A001,1,1633,83734,-0.0670,-0.2879,0.0418,-56.2744,85.0830,22.3389,0.2985,,
DATA,A001,1,1634,83744,-0.1086,-0.2530,-0.0688,-44.2505,51.0254,18.7988,0.2838,,
DATA,A001,1,1635,83754,-0.1403,-0.2183,-0.1384,-34.7290,29.4189,17.4561,0.2941,,
DATA,A001,1,1636,83764,-0.2145,-0.1568,-0.2373,-24.2920,-5.5542,18.3105,0.3562,,
DATA,A001,1,1637,83774,-0.2907,-0.1221,-0.3520,-21.0571,-35.2783,20.5688,0.4726,,
DATA,A001,1,1638,83784,-0.4352,-0.1136,-0.5293,-19.2871,-97.5342,22.8271,0.6946,,
DATA,A001,1,1639,83794,-0.4091,-0.1446,-0.5000,-17.4561,-151.2451,28.0762,0.6620,,
DATA,A001,1,1640,83804,-0.2094,-0.1705,-0.3762,-21.5454,-241.6382,40.2222,0.4630,,
DATA,A001,1,1641,83814,-0.0624,-0.1834,-0.3017,-29.4189,-282.8979,41.1377,0.3586,,
DATA,A001,1,1642,83824,0.1615,-0.2249,-0.2273,-35.5835,-290.4663,32.2876,0.3582,,
DATA,A001,1,1643,83834,0.2962,-0.2567,-0.1399,-25.8789,-257.6294,31.7993,0.4162,,
DATA,A001,1,1644,83844,0.4061,-0.2462,0.0157,5.9814,-175.5981,41.0156,0.4751,,
DATA,A001,1,1645,83854,0.3477,-0.1905,0.0828,26.7334,-109.2529,48.7671,0.4051,,
DATA,A001,1,1646,83864,0.0811,-0.0682,0.1246,40.9546,-23.0713,53.8330,0.1635,,
DATA,A001,1,1647,83874,-0.2235,0.0090,0.1116,42.6636,18.6768,59.8755,0.2500,,
DATA,A001,1,1648,83884,-0.8703,0.2182,-0.0786,51.8188,49.1333,78.3691,0.9006,,
DATA,A001,1,1649,83894,-1.5326,0.5143,-0.3859,70.0684,55.4810,93.4448,1.6621,,
DATA,A001,1,1650,83904,-2.4523,1.0419,-0.7600,107.8491,55.5420,88.7451,2.7707,,
DATA,A001,1,1651,83914,-3.3598,2.4870,-0.8388,172.6685,60.3027,78.4302,4.2634,,
DATA,A001,1,1652,83924,-3.2216,3.7932,-1.0737,158.3252,-36.6211,107.4219,5.0911,,
DATA,A001,1,1653,83934,-2.6457,5.2836,-1.4438,41.1377,-124.4507,174.9878,6.0828,,
DATA,A001,1,1654,83944,-2.5841,5.0261,-1.3774,-70.0684,-98.0835,155.0293,5.8169,,
DATA,A001,1,1655,83954,-2.7638,3.2192,-1.1547,-133.3618,24.7192,91.6138,4.3972,,
DATA,A001,1,1656,83964,-2.7968,2.6684,-0.9790,-98.2056,91.0645,74.2188,3.9876,,
DATA,A001,1,1657,83974,-2.3612,2.5942,-0.6250,-53.3447,150.2686,28.8696,3.5631,,
DATA,A001,1,1658,83984,-2.0382,2.3986,-0.5271,-63.4766,191.5283,13.2446,3.1915,,
DATA,A001,1,1659,83994,-1.8595,1.8146,-0.5029,-78.7354,235.5957,11.7798,2.6464,,
DATA,A001,1,1660,84004,-1.7907,1.4111,-0.4948,-78.5522,240.9668,20.3247,2.3329,,
DATA,A001,1,1661,84014,-1.6105,0.8102,-0.5224,-84.3506,226.5015,39.9170,1.8770,,
DATA,A001,1,1662,84024,-1.4818,0.3972,-0.4995,-92.6514,205.7495,51.4526,1.6134,,
DATA,A001,1,1663,84034,-1.2187,-0.1358,-0.4362,-92.6514,165.7715,58.0444,1.3015,,
DATA,A001,1,1664,84044,-1.0175,-0.3716,-0.3593,-74.9512,138.9771,55.2368,1.1413,,
DATA,A001,1,1665,84054,-0.7997,-0.5433,-0.2221,-41.5649,87.7686,10.5591,0.9920,,
DATA,A001,1,1666,84064,-0.7091,-0.5618,-0.0627,-32.0435,31.7993,-29.7241,0.9069,,
DATA,A001,1,1667,84074,-0.3749,-0.4891,0.1246,16.4795,-42.6025,8.5449,0.6287,,
DATA,A001,1,1668,84084,0.7997,-0.7591,1.3836,-45.3491,-116.0278,8.6060,1.7692,,
DATA,A001,1,1669,84094,-0.9665,-2.8773,1.1844,-69.0918,1.7700,178.5278,3.2581,,
DATA,A001,1,1670,84104,-1.4955,-0.8196,2.5933,375.8545,-60.9741,17.0288,3.1038,,
DATA,A001,1,1671,84114,-0.0043,1.5646,0.3909,203.8574,5.5542,-63.8428,1.6127,,
DATA,A001,1,1672,84124,0.3031,1.5151,-0.2910,125.4883,-14.2212,-41.0767,1.5723,,
DATA,A001,1,1673,84134,0.3756,0.4396,-0.2092,-43.3960,-33.7524,5.7983,0.6149,,
DATA,A001,1,1674,84144,0.1830,-0.2401,-0.1982,-147.3999,-53.5889,1.7700,0.3611,,
DATA,A001,1,1675,84154,-0.0741,-0.8731,-0.2375,-174.3164,-18.1274,-17.7612,0.9079,,
DATA,A001,1,1676,84164,-0.0819,-1.5963,-0.2478,-123.1689,-3.4790,-26.8555,1.6174,,
DATA,A001,1,1677,84174,-0.0790,-1.7542,-0.4013,18.4326,-47.9736,13.7939,1.8013,,
DATA,A001,1,1678,84184,-0.0607,-1.0806,-0.3625,146.1182,-14.7705,-45.8374,1.1414,,
DATA,A001,1,1679,84194,-0.0734,-0.2847,-0.1386,249.8169,2.9297,-27.8931,0.3251,,
DATA,A001,1,1680,84204,-0.1845,0.0510,0.0052,261.5356,0.5493,6.6528,0.1915,,
DATA,A001,1,1681,84214,-0.3837,0.4570,0.1397,212.7686,-18.1885,14.8926,0.6128,,
DATA,A001,1,1682,84224,-0.4889,0.5893,0.1434,145.1416,-48.7671,-2.3804,0.7790,,
DATA,A001,1,1683,84234,-0.5016,0.5092,0.0679,67.7490,-98.6938,-8.7891,0.7180,,
DATA,A001,1,1684,84244,-0.4003,0.0732,-0.0312,-1.7700,-162.7808,-10.6812,0.4081,,
DATA,A001,1,1685,84254,-0.3078,-0.1534,-0.1206,12.0850,-180.4810,-32.8369,0.3644,,
DATA,A001,1,1686,84264,-0.2506,-0.1299,-0.1689,42.2363,-160.2173,-52.7954,0.3290,,
DATA,A001,1,1687,84274,-0.1881,-0.0067,-0.1411,70.4956,-116.4551,-69.5190,0.2353,,
DATA,A001,1,1688,84284,-0.3319,0.2763,-0.1198,93.5059,-20.9961,-87.4023,0.4482,,
DATA,A001,1,1689,84294,-0.6462,0.5002,-0.1486,101.5625,53.2227,-96.9849,0.8305,,
DATA,A001,1,1690,84304,-1.4015,0.9802,-0.2346,109.1919,138.1836,-116.3940,1.7263,,
DATA,A001,1,1691,84314,-2.0487,1.2888,-0.3027,127.2583,162.9028,-141.7236,2.4392,,
DATA,A001,1,1692,84324,-2.8129,2.4445,-0.3274,154.4189,125.4272,-161.1938,3.7410,,
DATA,A001,1,1693,84334,-2.8246,3.2846,-0.5463,112.7319,45.8984,-138.7939,4.3664,,
DATA,A001,1,1694,84344,-2.2895,3.8947,-1.2973,-33.9355,-48.3398,-107.5439,4.7004,,
DATA,A001,1,1695,84354,-2.1610,3.9216,-1.6189,-154.6021,-28.7476,-102.5391,4.7613,,
DATA,A001,1,1696,84364,-2.1676,3.0632,-1.6921,-267.2119,71.1060,-83.5571,4.1164,,
DATA,A001,1,1697,84374,-2.2477,2.3261,-1.5393,-286.9263,122.1924,-65.5518,3.5822,,
DATA,A001,1,1698,84384,-2.1305,1.6943,-1.1184,-264.6484,147.7661,-45.7764,2.9429,,
DATA,A001,1,1699,84394,-1.9213,1.4423,-0.8496,-252.1362,150.3296,-35.6445,2.5482,,
DATA,A001,1,1700,84404,-1.7758,0.9868,-0.7209,-247.2534,150.5127,-17.6392,2.1556,,
DATA,A001,1,1701,84414,-1.7992,0.6430,-0.6941,-229.0039,138.7329,-4.2114,2.0328,,
DATA,A001,1,1702,84424,-1.8202,0.2282,-0.5251,-183.3496,103.0273,4.2114,1.9081,,
DATA,A001,1,1703,84434,-1.7104,0.0016,-0.4138,-155.2124,57.4951,21.9116,1.7597,,
DATA,A001,1,1704,84444,-1.3647,-0.2947,-0.1821,-136.1084,-6.5918,20.0195,1.4079,,
DATA,A001,1,1705,84454,-1.0968,-0.4481,-0.0459,-120.3003,-67.3218,16.2354,1.1857,,
DATA,A001,1,1706,84464,-0.6413,-0.5899,0.0157,-84.2285,-145.1416,12.1460,0.8715,,
DATA,A001,1,1707,84474,-0.3651,-0.6341,0.0213,-51.7578,-182.6172,16.4795,0.7320,,
DATA,A001,1,1708,84484,-0.0929,-0.6448,0.0530,-19.1650,-202.0264,1.8311,0.6537,,
DATA,A001,1,1709,84494,-0.0128,-0.6592,0.0430,-5.8594,-200.6836,-15.8691,0.6608,,
DATA,A001,1,1710,84504,0.0133,-0.6732,0.0174,7.0190,-185.4858,-45.8984,0.6735,,
DATA,A001,1,1711,84514,0.0052,-0.6470,0.0203,17.7002,-181.0303,-56.8848,0.6474,,
DATA,A001,1,1712,84524,0.0606,-0.5220,0.0039,32.5928,-177.5513,-63.9038,0.5256,,
DATA,A001,1,1713,84534,0.1239,-0.4100,-0.0151,40.5884,-166.5649,-66.0400,0.4285,,
DATA,A001,1,1714,84544,0.1522,-0.2166,-0.0549,45.9595,-144.5312,-65.6738,0.2704,,
DATA,A001,1,1715,84554,0.1551,-0.0926,-0.1066,43.6401,-122.5586,-64.7583,0.2098,,
DATA,A001,1,1716,84564,0.1388,0.0339,-0.1687,28.3813,-88.2568,-62.3779,0.2210,,
DATA,A001,1,1717,84574,0.1119,0.0749,-0.1906,14.8315,-69.5190,-57.3120,0.2334,,
DATA,A001,1,1718,84584,0.0948,0.0820,-0.2216,1.8921,-52.9785,-50.5371,0.2546,,
DATA,A001,1,1719,84594,0.0606,0.0544,-0.2458,-11.5356,-31.0059,-40.5273,0.2590,,
DATA,A001,1,1720,84604,0.0509,0.0388,-0.2402,-15.7471,-17.5781,-34.9731,0.2486,,
DATA,A001,1,1721,84614,0.0528,0.0253,-0.2368,-18.1885,2.6855,-28.6865,0.2439,,
DATA,A001,1,1722,84624,0.0509,0.0358,-0.2031,-18.6768,22.4609,-25.8789,0.2124,,
DATA,A001,1,1723,84634,0.0587,0.0402,-0.1689,-19.4702,34.6680,-25.6348,0.1833,,
DATA,A001,1,1724,84644,0.0548,0.0388,-0.1342,-20.5078,45.2881,-26.6113,0.1501,,
DATA,A001,1,1725,84654,0.0340,0.0244,-0.0903,-22.1558,55.2979,-29.9683,0.0995,,
DATA,A001,1,1726,84664,-0.0009,0.0202,-0.0722,-20.8740,56.7627,-32.1045,0.0750,,
DATA,A001,1,1727,84674,-0.0617,0.0392,-0.0500,-15.1978,48.6450,-34.9121,0.0886,,
DATA,A001,1,1728,84684,-0.1491,0.0724,-0.0315,-10.0098,36.0107,-35.8276,0.1687,,
DATA,A001,1,1729,84694,-0.3979,0.1547,-0.0026,-2.4414,11.2915,-39.0625,0.4269,,
DATA,A001,1,1730,84704,-0.6811,0.2170,0.0027,2.4414,-7.7515,-44.0674,0.7148,,
DATA,A001,1,1731,84714,-1.2697,0.3947,-0.0134,17.0898,-25.4517,-59.8755,1.3297,,
DATA,A001,1,1732,84724,-1.7709,0.6137,-0.0029,34.7290,-25.0244,-79.8950,1.8742,,
DATA,A001,1,1733,84734,-2.4323,1.1718,0.1780,59.0820,-17.7002,-99.3042,2.7057,,
DATA,A001,1,1734,84744,-2.6513,1.5473,0.3216,55.1758,-37.5366,-81.6040,3.0866,,
DATA,A001,1,1735,84754,-2.8803,1.7287,0.4219,23.8037,-98.2056,-41.5039,3.3856,,
DATA,A001,1,1736,84764,-3.0827,1.6130,0.4571,0.3052,-124.6948,-35.5225,3.5091,,
DATA,A001,1,1737,84774,-3.5551,1.4946,0.5845,-14.4653,-140.3198,-35.0952,3.9005,,
DATA,A001,1,1738,84784,-3.7089,1.4704,0.7037,-12.8784,-143.7988,-33.2642,4.0513,,
DATA,A001,1,1739,84794,-3.6606,1.3486,0.8377,-14.5264,-156.1279,-24.4141,3.9900,,
DATA,A001,1,1740,84804,-3.4640,1.1916,0.8770,-22.2778,-161.7432,-23.4375,3.7668,,
DATA,A001,1,1741,84814,-3.1823,0.9619,0.8570,-32.1045,-153.9307,-31.8604,3.4331,,
DATA,A001,1,1742,84824,-3.0265,0.8532,0.7896,-37.4146,-144.8364,-32.9590,3.2421,,
DATA,A001,1,1743,84834,-2.6476,0.6972,0.5921,-43.4570,-135.3760,-33.5693,2.8012,,
DATA,A001,1,1744,84844,-2.2875,0.5727,0.3706,-40.9546,-127.4414,-33.7524,2.3871,,
DATA,A001,1,1745,84854,-1.6405,0.4474,0.0501,-32.9590,-103.8818,-29.9683,1.7012,,
DATA,A001,1,1746,84864,-1.1991,0.3933,-0.1208,-33.2031,-80.3833,-22.6440,1.2677,,
DATA,A001,1,1747,84874,-0.5807,0.2421,-0.3513,-46.2646,-42.1753,-6.0425,0.7206,,
DATA,A001,1,1748,84884,-0.2160,0.1078,-0.4343,-57.4341,-16.7236,6.8970,0.4969,,
DATA,A001,1,1749,84894,0.0636,-0.0218,-0.4614,-66.8945,7.0190,20.8740,0.4663,,
DATA,A001,1,1750,84904,0.2787,-0.2801,-0.5139,-74.3408,45.7764,31.7993,0.6482,,
DATA,A001,1,1751,84914,0.2848,-0.4664,-0.5300,-61.3403,70.2515,24.6582,0.7612,,
DATA,A001,1,1752,84924,0.1212,-0.5770,-0.4631,-3.6621,93.8110,1.4038,0.7497,,
DATA,A001,1,1753,84934,0.0614,-0.4119,0.2022,40.7104,88.9893,-5.1880,0.4630,,
DATA,A001,1,1754,84944,0.1349,-0.0943,0.2605,24.6582,39.7949,-8.6060,0.3082,,
DATA,A001,1,1755,84954,0.1695,-0.2830,-0.0171,1.2207,1.7700,-40.3442,0.3303,,
DATA,A001,1,1756,84964,0.3805,-0.4583,-0.0029,10.5591,-64.6973,-64.2090,0.5957,,
DATA,A001,1,1757,84974,0.5201,-0.4534,-0.0092,22.6440,-76.9653,-55.2979,0.6901,,
DATA,A001,1,1758,84984,0.5587,-0.4400,-0.0114,23.1934,-72.0215,-28.1982,0.7112,,
DATA,A001,1,1759,84994,0.5387,-0.3958,-0.0800,18.1885,-41.5649,-8.6060,0.6732,,
DATA,A001,1,1760,85004,0.3888,-0.2855,-0.1472,16.9067,16.6626,15.3809,0.5043,,
DATA,A001,1,1761,85014,0.2496,-0.1963,-0.1633,15.8081,48.2788,24.2310,0.3571,,
DATA,A001,1,1762,85024,0.1551,-0.1199,-0.1667,5.9204,73.7915,31.6772,0.2574,,
DATA,A001,1,1763,85034,0.1212,-0.1151,-0.1748,-1.6479,75.3174,36.3159,0.2418,,
DATA,A001,1,1764,85044,0.1107,-0.1570,-0.2092,-6.8359,62.7441,42.1753,0.2840,,
DATA,A001,1,1765,85054,0.1185,-0.1719,-0.1860,-5.0049,52.3682,46.1426,0.2796,,
DATA,A001,1,1766,85064,0.0601,-0.1431,-0.1167,0.1221,28.6255,49.4385,0.1942,,
DATA,A001,1,1767,85074,0.0040,-0.1006,-0.0879,2.0142,12.4512,46.8750,0.1337,,
DATA,A001,1,1768,85084,-0.1142,-0.0381,-0.0207,2.8687,-10.4980,36.3770,0.1221,,
DATA,A001,1,1769,85094,-0.2138,-0.0101,0.0181,3.4790,-22.1558,27.7100,0.2148,,
DATA,A001,1,1770,85104,-0.3795,0.0246,0.0645,5.1880,-22.3999,9.3384,0.3858,,
DATA,A001,1,1771,85114,-0.5387,0.0842,0.1424,8.1787,-7.0190,-6.8359,0.5635,,
DATA,A001,1,1772,85124,-0.7707,0.2189,0.2364,5.6763,24.4751,-29.4189,0.8353,,
DATA,A001,1,1773,85134,-0.9538,0.2914,0.3294,-2.3804,30.8838,-40.4663,1.0503,,
DATA,A001,1,1774,85144,-1.4738,0.3967,0.5379,-17.7612,9.3994,-56.0303,1.6182,,
DATA,A001,1,1775,85154,-1.8869,0.4946,0.6580,-25.7568,-19.4092,-77.0264,2.0586,,
DATA,A001,1,1776,85164,-2.3490,0.6606,0.8399,-39.3677,-87.0361,-108.2153,2.5806,,
DATA,A001,1,1777,85174,-2.4867,0.7448,0.9559,-49.1943,-134.3994,-110.9619,2.7663,,
DATA,A001,1,1778,85184,-2.4582,0.8320,1.0804,-52.1851,-178.2837,-84.8999,2.8110,,
DATA,A001,1,1779,85194,-2.3156,0.8915,1.1297,-45.8984,-180.0537,-61.6455,2.7263,,
DATA,A001,1,1780,85204,-2.4171,1.0139,1.0252,-33.8135,-158.8135,-27.4048,2.8145,,
DATA,A001,1,1781,85214,-2.5722,1.1708,0.9878,-21.4844,-136.1694,-3.1128,2.9938,,
DATA,A001,1,1782,85224,-2.5651,1.5283,1.0450,-9.2163,-96.8628,44.1284,3.1634,,
DATA,A001,1,1783,85234,-2.3791,1.6135,1.0535,-21.7896,-53.8330,71.3501,3.0615,,
DATA,A001,1,1784,85244,-2.2724,1.4345,1.1155,-48.4619,-12.5122,82.2754,2.9096,,
DATA,A001,1,1785,85254,-2.2316,0.9553,1.1521,-71.9604,32.6538,86.7920,2.6870,,
DATA,A001,1,1786,85264,-2.1437,0.7104,1.1253,-65.6128,46.4478,90.5762,2.5232,,
DATA,A001,1,1787,85274,-1.8947,0.5226,1.0022,-40.9546,55.5420,97.3511,2.2062,,
DATA,A001,1,1788,85284,-1.6613,0.4326,0.8721,-30.8838,62.2559,100.8911,1.9255,,
DATA,A001,1,1789,85294,-1.2726,0.2885,0.6463,-28.0762,75.6226,102.2339,1.4562,,
DATA,A001,1,1790,85304,-1.0177,0.1733,0.4939,-31.0669,85.9375,99.9756,1.1445,,
DATA,A001,1,1791,85314,-0.6835,-0.0154,0.2874,-37.2925,101.3794,97.7783,0.7416,,
DATA,A001,1,1792,85324,-0.5038,-0.1295,0.1631,-41.9922,110.4126,97.6562,0.5452,,
DATA,A001,1,1793,85334,-0.3151,-0.2828,-0.0007,-47.3022,115.9058,97.0459,0.4234,,
DATA,A001,1,1794,85344,-0.2321,-0.3719,-0.0783,-45.1660,113.8306,94.0552,0.4453,,
DATA,A001,1,1795,85354,-0.1293,-0.4766,-0.1123,-30.4565,103.3325,82.4585,0.5065,,
DATA,A001,1,1796,85364,-0.0509,-0.5259,-0.0886,-15.6250,90.3931,71.2280,0.5358,,
DATA,A001,1,1797,85374,0.0658,-0.5777,-0.0312,2.7466,66.0400,53.7720,0.5823,,
DATA,A001,1,1798,85384,0.1615,-0.6094,0.0191,10.1318,50.2930,44.9829,0.6308,,
DATA,A001,1,1799,85394,0.3182,-0.6395,0.1341,16.7236,33.2031,40.5273,0.7267,,
DATA,A001,1,1800,85404,0.3963,-0.6348,0.1951,20.3857,30.8838,42.7246,0.7734,,
DATA,A001,1,1801,85414,0.4181,-0.5687,0.2705,21.4233,43.0908,48.4009,0.7559,,
DATA,A001,1,1802,85424,0.3932,-0.4944,0.3033,19.6533,59.2651,51.2085,0.7007,,
DATA,A001,1,1803,85434,0.3192,-0.3699,0.3289,13.9160,93.6890,54.2603,0.5890,,
DATA,A001,1,1804,85444,0.2259,-0.2877,0.3431,7.3242,121.0327,57.1289,0.5015,,
DATA,A001,1,1805,85454,0.0589,-0.1917,0.3706,-8.4839,156.9214,65.6738,0.4214,,
DATA,A001,1,1806,85464,-0.0612,-0.1612,0.3838,-23.6816,169.2505,72.1436,0.4208,,
DATA,A001,1,1807,85474,-0.2055,-0.1390,0.3421,-49.0723,167.7856,78.1860,0.4226,,
DATA,A001,1,1808,85484,-0.2636,-0.1548,0.2835,-64.0869,153.3203,78.0640,0.4169,,
DATA,A001,1,1809,85494,-0.3168,-0.1822,0.2076,-79.5288,113.0371,72.7539,0.4203,,
DATA,A001,1,1810,85504,-0.3451,-0.1920,0.1761,-85.1440,73.9746,66.1011,0.4324,,
DATA,A001,1,1811,85514,-0.3417,-0.1873,0.0716,-88.7451,5.7373,50.7202,0.3962,,
DATA,A001,1,1812,85524,-0.3236,-0.1702,-0.0149,-88.3179,-40.9546,38.4521,0.3660,,
DATA,A001,1,1813,85534,-0.3092,-0.1143,-0.0947,-80.3223,-97.7783,22.7051,0.3430,,
DATA,A001,1,1814,85544,-0.3146,-0.0684,-0.1367,-71.2280,-120.6055,14.9536,0.3498,,
DATA,A001,1,1815,85554,-0.3732,-0.0040,-0.1521,-60.4248,-127.4414,7.5684,0.4030,,
DATA,A001,1,1816,85564,-0.6300,0.1398,-0.1191,-37.1094,-109.8022,-5.0049,0.6563,,
DATA,A001,1,1817,85574,-0.8822,0.2902,-0.0722,-18.8599,-90.3320,-14.1602,0.9315,,
DATA,A001,1,1818,85584,-1.3175,0.6328,0.0440,8.7280,-69.7021,-27.1606,1.4623,,
DATA,A001,1,1819,85594,-1.6908,0.9641,0.0777,30.2124,-66.5283,-35.7056,1.9479,,
DATA,A001,1,1820,85604,-2.3483,1.6730,0.0613,67.1997,-88.9893,-36.5601,2.8840,,
DATA,A001,1,1821,85614,-2.4843,2.2265,0.1348,95.0928,-104.7363,-21.4844,3.3387,,
DATA,A001,1,1822,85624,-2.5197,2.9770,0.1053,95.1538,-98.2056,28.9307,3.9016,,
DATA,A001,1,1823,85634,-2.7367,3.3762,0.1609,66.8335,-61.2183,44.4336,4.3490,,
DATA,A001,1,1824,85644,-2.9132,3.7192,0.4192,19.7144,13.0005,66.4062,4.7429,,
DATA,A001,1,1825,85654,-2.7248,3.2636,0.4576,-35.3394,70.7397,69.0308,4.2761,,
DATA,A001,1,1826,85664,-2.4076,2.2780,0.4253,-89.2334,133.6060,51.5747,3.3417,,
DATA,A001,1,1827,85674,-2.1486,1.8351,0.4305,-87.0972,157.9590,41.8091,2.8582,,
DATA,A001,1,1828,85684,-1.7643,1.4001,0.3924,-72.5708,181.7627,36.1938,2.2863,,
DATA,A001,1,1829,85694,-1.5548,1.1623,0.3318,-62.9883,189.7583,37.2925,1.9694,,
DATA,A001,1,1830,85704,-1.3178,0.8246,0.2022,-47.6074,193.8477,43.7012,1.5676,,
DATA,A001,1,1831,85714,-1.1933,0.6000,0.1477,-37.9639,189.5142,48.2178,1.3438,,
DATA,A001,1,1832,85724,-0.9814,0.2963,0.1390,-33.6914,175.5371,52.7954,1.0345,,
DATA,A001,1,1833,85734,-0.8046,0.0986,0.1365,-35.4004,162.4146,57.3120,0.8220,,
DATA,A001,1,1834,85744,-0.5341,-0.1729,0.1136,-35.5225,135.9253,64.4531,0.5728,,
DATA,A001,1,1835,85754,-0.3795,-0.3275,0.1036,-29.1748,120.9106,66.4062,0.5119,,
DATA,A001,1,1836,85764,-0.2253,-0.4681,0.0799,-6.8359,112.9761,65.3687,0.5256,,
DATA,A001,1,1837,85774,-0.1686,-0.4971,0.0520,12.3291,113.0371,66.1621,0.5275,,
DATA,A001,1,1838,85784,-0.1378,-0.4627,0.0210,40.5273,114.1357,72.3877,0.4833,,
DATA,A001,1,1839,85794,-0.1462,-0.4302,0.0447,55.8472,112.3047,77.5146,0.4566,,
DATA,A001,1,1840,85804,-0.1794,-0.4022,0.1429,71.8994,99.9146,80.2002,0.4629,,
DATA,A001,1,1841,85814,-0.1908,-0.3968,0.2120,76.7822,83.0688,78.7354,0.4887,,
DATA,A001,1,1842,85824,-0.1830,-0.4092,0.2723,74.0967,48.2178,75.0122,0.5245,,
DATA,A001,1,1843,85834,-0.1791,-0.4173,0.2767,68.2983,25.6348,72.9980,0.5317,,
DATA,A001,1,1844,85844,-0.1476,-0.4412,0.2434,60.3027,-3.7842,70.9839,0.5251,,
DATA,A001,1,1845,85854,-0.1344,-0.4493,0.2051,58.8379,-18.7988,68.7866,0.5119,,
DATA,A001,1,1846,85864,-0.1169,-0.4476,0.1258,62.9883,-36.4380,62.0117,0.4794,,
DATA,A001,1,1847,85874,-0.0968,-0.4498,0.1018,68.6035,-47.3022,55.5420,0.4712,,
DATA,A001,1,1848,85884,-0.0470,-0.4510,0.0970,74.9512,-59.9976,49.3164,0.4637,,
DATA,A001,1,1849,85894,0.0748,-0.4390,0.0923,81.9092,-79.0405,39.5508,0.4548,,
DATA,A001,1,1850,85904,0.2245,-0.4434,0.1177,83.6182,-88.3179,32.0435,0.5107,,
DATA,A001,1,1851,85914,0.6476,-0.4617,0.2071,82.7026,-91.9189,23.1323,0.8218,,
DATA,A001,1,1852,85924,0.9496,-0.4390,0.2366,77.7588,-74.8901,27.5879,1.0726,,
DATA,A001,1,1853,85934,1.5423,-0.4041,-0.0007,56.3965,-5.8594,57.0068,1.5944,,
DATA,A001,1,1854,85944,1.7501,-0.3167,-0.3425,39.0625,94.6655,91.1865,1.8112,,
DATA,A001,1,1855,85954,1.8138,0.0053,-0.9687,31.9214,277.6489,161.4990,2.0563,,
DATA,A001,1,1856,85964,1.5709,0.4269,-1.1167,71.8384,381.1035,227.1729,1.9741,,
DATA,A001,1,1857,85974,1.0611,1.4958,-1.1047,116.8823,566.2231,263.3667,2.1410,,
DATA,A001,1,1858,85984,0.4657,2.2878,-1.3591,69.7021,671.2646,240.6006,2.7015,,
DATA,A001,1,1859,85994,-0.6754,3.1115,-1.3759,-63.4155,710.8765,195.4346,3.4686,,
DATA,A001,1,1860,86004,-1.4794,3.5202,-1.2627,-162.7808,655.8838,228.0884,4.0218,,
DATA,A001,1,1861,86014,-2.0895,3.8146,-1.0705,-297.1802,425.8423,257.5073,4.4792,,
DATA,A001,1,1862,86024,-2.0666,3.5537,-0.7522,-371.5210,232.2998,231.7505,4.1791,,
DATA,A001,1,1863,86034,-1.2914,2.6855,-0.3881,-416.9312,-23.3154,230.9570,3.0050,,
DATA,A001,1,1864,86044,-0.3451,2.3727,-0.3264,-366.2109,-100.4639,284.3628,2.4198,,
DATA,A001,1,1865,86054,-0.7113,2.8630,-0.1452,-275.2686,-140.3809,248.1689,2.9536,,
DATA,A001,1,1866,86064,-0.6352,3.2143,-0.3418,-254.8828,-245.3003,197.8760,3.2942,,
DATA,A001,1,1867,86074,-0.0885,3.1494,-0.5808,-234.5581,-334.2896,213.7451,3.2037,,
DATA,A001,1,1868,86084,0.3358,2.5563,-0.8630,-229.4312,-306.8848,213.4399,2.7189,,
DATA,A001,1,1869,86094,0.3573,1.5500,-0.7883,-175.7202,-161.1938,194.6411,1.7752,,
DATA,A001,1,1870,86104,0.2022,1.0659,-0.4592,-110.2905,-67.6880,164.3066,1.1781,,
DATA,A001,1,1871,86114,0.1029,0.8056,0.0147,-0.0610,70.8618,121.3989,0.8123,,
DATA,A001,1,1872,86124,-0.1274,0.9216,0.1097,67.0166,146.4844,98.8770,0.9368,,
DATA,A001,1,1873,86134,-0.4250,1.2553,0.0823,118.0420,210.2661,68.5425,1.3278,,
DATA,A001,1,1874,86144,-0.4618,1.3991,0.0628,110.2295,228.8208,61.8286,1.4747,,
DATA,A001,1,1875,86154,-0.4757,1.4130,0.0516,66.9556,217.6514,60.8521,1.4919,,
DATA,A001,1,1876,86164,-0.5048,1.2851,-0.0485,33.9355,186.0962,61.8896,1.3815,,
DATA,A001,1,1877,86174,-0.5190,0.9916,-0.2209,10.4980,130.1880,66.1011,1.1408,,
DATA,A001,1,1878,86184,-0.5412,0.8508,-0.2671,15.3809,84.9609,72.3877,1.0431,,
DATA,A001,1,1879,86194,-0.5570,0.7736,-0.2895,29.8462,12.3901,82.3364,0.9963,,
DATA,A001,1,1880,86204,-0.5326,0.7692,-0.3073,33.5693,-31.6772,87.1582,0.9848,,
DATA,A001,1,1881,86214,-0.5160,0.7729,-0.2956,31.7993,-71.9604,92.1021,0.9752,,
DATA,A001,1,1882,86224,-0.5404,0.7748,-0.2334,25.3296,-118.2861,98.3276,0.9731,,
DATA,A001,1,1883,86234,-0.5795,0.7717,-0.1242,23.0103,-135.9253,100.2197,0.9730,,
DATA,A001,1,1884,86244,-0.5783,0.8242,0.0152,17.3340,-149.9634,99.7314,1.0069,,
DATA,A001,1,1885,86254,-0.5160,0.8427,0.0013,3.2349,-155.0293,98.3276,0.9882,,
DATA,A001,1,1886,86264,-0.3715,0.7929,-0.0651,-29.2969,-145.9351,98.5107,0.8780,,
DATA,A001,1,1887,86274,-0.2858,0.7424,-0.0932,-47.1802,-124.4507,102.8442,0.8009,,
DATA,A001,1,1888,86284,-0.2331,0.6103,-0.1088,-58.4106,-77.5146,110.9619,0.6623,,
DATA,A001,1,1889,86294,-0.2611,0.5295,-0.0756,-51.3916,-41.9312,114.3188,0.5952,,
DATA,A001,1,1890,86304,-0.3520,0.4826,-0.0007,-27.8320,-1.0376,117.8589,0.5973,,
DATA,A001,1,1891,86314,-0.4320,0.5287,0.0440,-11.9019,12.0239,119.6289,0.6842,,
DATA,A001,1,1892,86324,-0.5370,0.6447,0.1160,-1.9531,5.6152,121.5820,0.8471,,
DATA,A001,1,1893,86334,-0.5768,0.7368,0.1448,-7.0190,-10.0098,120.0562,0.9468,,
DATA,A001,1,1894,86344,-0.6044,0.8308,0.1536,-26.2451,-39.6729,111.5723,1.0388,,
DATA,A001,1,1895,86354,-0.5985,0.8849,0.1658,-34.1187,-55.9692,103.6377,1.0811,,
DATA,A001,1,1896,86364,-0.5805,0.9843,0.1558,-32.3486,-70.4346,88.7451,1.1533,,
DATA,A001,1,1897,86374,-0.5419,1.0705,0.1387,-28.1982,-72.7539,75.5615,1.2078,,
DATA,A001,1,1898,86384,-0.4818,1.1977,0.0762,-28.6865,-63.9648,52.1851,1.2932,,
DATA,A001,1,1899,86394,-0.4599,1.2492,0.0276,-33.2642,-52.1851,36.7432,1.3315,,
DATA,A001,1,1900,86404,-0.4872,1.2748,0.0030,-40.4053,-36.5601,12.6953,1.3648,,
DATA,A001,1,1901,86414,-0.5099,1.2822,-0.0102,-41.5039,-32.2876,-5.1880,1.3799,,
DATA,A001,1,1902,86424,-0.4716,1.3029,-0.0131,-36.4990,-33.8135,-34.4849,1.3857,,
DATA,A001,1,1903,86434,-0.4071,1.3107,-0.0090,-33.2642,-33.8135,-55.0537,1.3725,,
DATA,A001,1,1904,86444,-0.2968,1.2783,-0.0234,-34.3018,-23.5596,-85.2661,1.3125,,
DATA,A001,1,1905,86454,-0.2306,1.2285,-0.0356,-36.6821,-10.8643,-103.4546,1.2504,,
DATA,A001,1,1906,86464,-0.1718,1.1606,-0.0476,-33.6914,12.9395,-128.1128,1.1742,,
DATA,A001,1,1907,86474,-0.1647,1.1542,-0.0590,-25.8789,29.5410,-143.7378,1.1674,,
DATA,A001,1,1908,86484,-0.1950,1.2289,-0.0578,-9.5825,49.3774,-164.3066,1.2457,,
DATA,A001,1,1909,86494,-0.2248,1.3100,-0.0600,-0.6714,57.6782,-175.2930,1.3305,,
DATA,A001,1,1910,86504,-0.2541,1.4120,-0.0647,5.9814,62.8662,-188.6597,1.4362,,
DATA,A001,1,1911,86514,-0.2550,1.4416,-0.0825,6.7749,65.0024,-196.3501,1.4663,,
DATA,A001,1,1912,86524,-0.2572,1.4350,-0.1032,5.9204,68.2983,-202.8809,1.4615,,
DATA,A001,1,1913,86534,-0.2721,1.3618,-0.1355,5.3101,75.0732,-209.6558,1.3953,,
DATA,A001,1,1914,86544,-0.2814,1.2900,-0.1513,6.7749,79.7119,-213.1958,1.3290,,
DATA,A001,1,1915,86554,-0.3100,1.1887,-0.1718,13.7329,83.9233,-216.7358,1.2404,,
DATA,A001,1,1916,86564,-0.3319,1.1508,-0.1906,22.2778,82.6416,-217.5293,1.2128,,
DATA,A001,1,1917,86574,-0.3498,1.1638,-0.2089,37.9028,73.9136,-216.1865,1.2330,,
DATA,A001,1,1918,86584,-0.3654,1.1984,-0.2067,46.3257,63.2935,-212.9517,1.2698,,
DATA,A001,1,1919,86594,-0.3781,1.2470,-0.2104,52.1851,41.4429,-205.7495,1.3199,,
DATA,A001,1,1920,86604,-0.3798,1.2680,-0.2087,51.6968,23.3154,-199.7681,1.3400,,
DATA,A001,1,1921,86614,-0.3808,1.2746,-0.2194,49.0723,-7.2021,-189.2700,1.3482,,
DATA,A001,1,1922,86624,-0.3676,1.2734,-0.2400,47.4854,-28.1982,-181.1523,1.3469,,
DATA,A001,1,1923,86634,-0.3571,1.2817,-0.2556,46.6309,-58.4106,-168.2129,1.3548,,
DATA,A001,1,1924,86644,-0.3493,1.2953,-0.2683,45.2881,-77.2705,-159.7900,1.3682,,
DATA,A001,1,1925,86654,-0.3400,1.3212,-0.2807,40.0391,-104.1870,-147.2168,1.3929,,
DATA,A001,1,1926,86664,-0.3283,1.3224,-0.2968,34.4849,-120.8496,-138.9771,1.3945,,
DATA,A001,1,1927,86674,-0.2968,1.3061,-0.3110,26.0620,-141.7236,-128.6011,1.3750,,
DATA,A001,1,1928,86684,-0.2709,1.2775,-0.3215,21.1792,-152.0996,-122.6196,1.3449,,
DATA,A001,1,1929,86694,-0.2531,1.2104,-0.3247,15.6860,-165.0391,-113.9526,1.2785,,
DATA,A001,1,1930,86704,-0.2455,1.1679,-0.3176,13.4277,-172.8516,-109.2529,1.2350,,
DATA,A001,1,1931,86714,-0.2321,1.1254,-0.3032,12.8174,-182.4951,-105.7739,1.1884,,
DATA,A001,1,1932,86724,-0.2221,1.1130,-0.2883,13.8550,-188.0493,-104.3701,1.1710,,
DATA,A001,1,1933,86734,-0.2028,1.1144,-0.2749,13.8550,-194.0308,-102.2949,1.1656,,
DATA,A001,1,1934,86744,-0.1808,1.1091,-0.2712,11.2915,-195.2515,-101.4404,1.1560,,
DATA,A001,1,1935,86754,-0.1618,1.0854,-0.2685,6.4087,-191.1621,-101.1963,1.1298,,
DATA,A001,1,1936,86764,-0.1523,1.0732,-0.2705,4.1504,-184.8755,-101.4404,1.1172,,
DATA,A001,1,1937,86774,-0.1459,1.0612,-0.2707,3.0518,-173.0957,-102.2339,1.1049,,
DATA,A001,1,1938,86784,-0.1454,1.0568,-0.2744,2.8076,-165.2222,-102.9663,1.1015,,
DATA,A001,1,1939,86794,-0.1325,1.0576,-0.2802,1.2817,-153.0151,-103.6377,1.1020,,
DATA,A001,1,1940,86804,-0.1220,1.0515,-0.2841,-0.5493,-143.1274,-104.3701,1.0960,,
DATA,A001,1,1941,86814,-0.0927,1.0388,-0.2905,-2.5024,-124.5728,-106.6284,1.0826,,
DATA,A001,1,1942,86824,-0.0724,1.0217,-0.2876,-3.0518,-109.7412,-108.5205,1.0638,,
DATA,A001,1,1943,86834,-0.0566,0.9960,-0.2780,-3.0518,-84.8999,-110.8398,1.0357,,
DATA,A001,1,1944,86844,-0.0424,0.9728,-0.2700,-2.6855,-67.5659,-112.3657,1.0105,,
DATA,A001,1,1945,86854,-0.0307,0.9514,-0.2700,-1.7700,-49.3164,-114.0137,0.9894,,
DATA,A001,1,1946,86864,0.0018,0.9391,-0.3117,2.5024,-19.3481,-116.6382,0.9895,,
DATA,A001,1,1947,86874,0.0350,0.9560,-0.3840,8.5449,4.2725,-117.7979,1.0308,,
DATA,A001,1,1948,86884,0.0811,0.9902,-0.4585,22.1558,45.6543,-118.0420,1.0942,,
DATA,A001,1,1949,86894,0.0804,1.0314,-0.4428,33.1421,75.9277,-115.8447,1.1254,,
DATA,A001,1,1950,86904,0.0274,1.0510,-0.4006,40.3442,114.9292,-110.1074,1.1251,,
DATA,A001,1,1951,86914,-0.0045,1.0268,-0.3806,39.9780,131.9580,-105.7739,1.0951,,
DATA,A001,1,1952,86924,-0.0448,0.9948,-0.3681,44.4946,146.6675,-96.3135,1.0617,,
DATA,A001,1,1953,86934,-0.0695,1.0060,-0.3818,54.2603,154.1748,-87.5854,1.0783,,
DATA,A001,1,1954,86944,-0.1144,1.1017,-0.3581,73.0591,161.7432,-72.7539,1.1641,,
DATA,A001,1,1955,86954,-0.1776,1.1845,-0.3020,80.9937,163.8184,-62.5610,1.2352,,
DATA,A001,1,1956,86964,-0.3351,1.2746,-0.1884,81.7261,152.9541,-44.9829,1.3313,,
DATA,A001,1,1957,86974,-0.4325,1.2717,-0.1066,73.4253,129.8218,-31.9824,1.3474,,
DATA,A001,1,1958,86984,-0.5810,1.1647,0.0694,52.9175,77.3926,-13.7939,1.3034,,
DATA,A001,1,1959,86994,-0.6378,1.0678,0.1399,39.2456,37.8418,-4.3335,1.2517,,
DATA,A001,1,1960,87004,-0.6681,0.9108,0.1912,23.5596,-23.9258,7.3242,1.1457,,
DATA,A001,1,1961,87014,-0.6540,0.8618,0.2100,17.7002,-62.4390,13.5498,1.1020,,
DATA,A001,1,1962,87024,-0.5473,0.8539,0.2264,10.2539,-123.4741,27.6489,1.0392,,
DATA,A001,1,1963,87034,-0.4450,0.8618,0.2073,1.1597,-166.1377,38.0859,0.9918,,
DATA,A001,1,1964,87044,-0.2250,0.8408,0.1219,-16.1133,-207.8247,50.7202,0.8788,,
DATA,A001,1,1965,87054,-0.0866,0.8093,0.0701,-24.1089,-209.2285,57.1899,0.8169,,
DATA,A001,1,1966,87064,0.0448,0.7766,0.0262,-26.4282,-173.7061,76.2939,0.7783,,
DATA,A001,1,1967,87074,0.1209,0.7683,0.0362,-23.4375,-135.6201,96.5576,0.7786,,
DATA,A001,1,1968,87084,0.1954,0.7919,0.1097,-17.0288,-62.9272,129.5776,0.8230,,
DATA,A001,1,1969,87094,0.2003,0.8293,0.1675,-15.2588,-10.4370,153.5645,0.8694,,
DATA,A001,1,1970,87104,0.1217,0.8691,0.2261,-17.8833,66.0400,187.1338,0.9062,,
DATA,A001,1,1971,87114,0.0304,0.8806,0.2481,-21.9727,109.9854,206.4209,0.9153,,
DATA,A001,1,1972,87124,-0.1144,0.8869,0.2600,-26.7334,161.7432,233.2153,0.9313,,
DATA,A001,1,1973,87134,-0.1942,0.8923,0.2583,-28.3203,187.8052,250.1221,0.9490,,
DATA,A001,1,1974,87144,-0.2983,0.9238,0.2698,-31.6772,216.3696,272.5830,1.0075,,
DATA,A001,1,1975,87154,-0.3561,0.9575,0.2769,-38.5742,229.9194,285.5225,1.0584,,
DATA,A001,1,1976,87164,-0.4237,0.9946,0.2591,-56.3354,238.3423,299.8657,1.1117,,
DATA,A001,1,1977,87174,-0.5138,1.0270,0.3028,-78.6743,231.3232,288.5132,1.1876,,
DATA,A001,1,1978,87184,-0.4447,1.0175,0.1995,-95.2759,222.4121,303.4668,1.1282,,
DATA,A001,1,1979,87194,-0.4941,1.0707,0.0999,-85.5713,209.5337,326.1108,1.1834,,
DATA,A001,1,1980,87204,-0.6278,1.1811,-0.0410,-68.7256,184.8755,347.4121,1.3382,,
DATA,A001,1,1981,87214,-0.6754,1.4814,0.0774,-63.8428,139.4653,329.6509,1.6299,,
DATA,A001,1,1982,87224,-0.8236,1.8110,0.0054,-95.0928,100.3418,309.5703,1.9895,,
DATA,A001,1,1983,87234,-0.8878,1.9182,-0.0400,-111.2671,57.1289,315.4297,2.1140,,
DATA,A001,1,1984,87244,-0.8473,1.9223,-0.1074,-121.4600,10.8643,315.1245,2.1035,,
DATA,A001,1,1985,87254,-0.7401,1.7939,-0.2124,-125.4272,-42.9688,294.7998,1.9522,,
DATA,A001,1,1986,87264,-0.7001,1.6955,-0.2483,-119.7510,-56.8848,271.0571,1.8511,,
DATA,A001,1,1987,87274,-0.7475,1.5031,-0.2519,-107.6660,-66.2231,232.1167,1.6975,,
DATA,A001,1,1988,87284,-0.7865,1.3408,-0.2485,-99.3652,-82.0312,206.1157,1.5742,,
DATA,A001,1,1989,87294,-0.7355,1.0612,-0.2219,-83.0078,-124.1455,161.9873,1.3101,,
DATA,A001,1,1990,87304,-0.6171,0.8976,-0.1892,-67.5659,-161.8652,129.9438,1.1056,,
DATA,A001,1,1991,87314,-0.3383,0.7592,-0.1494,-38.8794,-215.8813,83.1909,0.8445,,
DATA,A001,1,1992,87324,-0.1564,0.7460,-0.1286,-19.2261,-236.9995,56.5796,0.7730,,
DATA,A001,1,1993,87334,0.0211,0.7834,-0.1181,6.2866,-232.2388,25.0244,0.7925,,
DATA,A001,1,1994,87344,0.0702,0.8205,-0.1120,16.6626,-205.8105,8.3008,0.8311,,
DATA,A001,1,1995,87354,0.0426,0.8478,-0.0940,21.2402,-147.6440,-12.2070,0.8541,,
DATA,A001,1,1996,87364,-0.0231,0.8522,-0.0752,20.8130,-108.2764,-22.5830,0.8559,,
DATA,A001,1,1997,87374,-0.1100,0.8637,0.0049,20.4468,-58.7158,-35.2173,0.8707,,
DATA,A001,1,1998,87384,-0.1342,0.8801,0.0621,18.7378,-30.8838,-43.3350,0.8924,,
DATA,A001,1,1999,87394,-0.1088,0.8820,0.0142,12.3901,12.8174,-54.3823,0.8888,,
DATA,A001,1,2000,87404,-0.0710,0.8730,-0.0522,9.4604,47.4854,-57.8003,0.8774,,
DATA,A001,1,2001,87414,-0.0590,0.8598,-0.1145,8.9111,104.0649,-56.6406,0.8694,,
DATA,A001,1,2002,87424,-0.0866,0.8508,-0.1372,10.3149,141.7236,-53.1616,0.8661,,
DATA,A001,1,2003,87434,-0.1886,0.8469,-0.0976,12.5732,191.2842,-47.4243,0.8731,,
DATA,A001,1,2004,87444,-0.2726,0.8466,-0.0708,12.6953,215.4541,-42.6025,0.8922,,
DATA,A001,1,2005,87454,-0.3991,0.8303,-0.0210,11.5967,232.1167,-33.9966,0.9214,,
DATA,A001,1,2006,87464,-0.4762,0.8046,0.0125,11.6577,229.4312,-28.9917,0.9351,,
DATA,A001,1,2007,87474,-0.5502,0.7519,0.0728,12.3901,207.7026,-22.7051,0.9345,,
DATA,A001,1,2008,87484,-0.5646,0.7209,0.1004,12.2681,185.1196,-18.8599,0.9212,,
DATA,A001,1,2009,87494,-0.5753,0.6713,0.1375,11.9629,144.5923,-13.6719,0.8948,,
DATA,A001,1,2010,87504,-0.5849,0.6479,0.1761,12.1460,115.2344,-10.4980,0.8904,,
DATA,A001,1,2011,87514,-0.5985,0.6364,0.2095,13.1836,84.1675,-7.7515,0.8984,,
DATA,A001,1,2012,87524,-0.6164,0.6401,0.2117,16.5405,35.3394,-4.7607,0.9135,,
DATA,A001,1,2013,87534,-0.6078,0.6640,0.1968,20.2637,2.2583,-3.2959,0.9215,,
DATA,A001,1,2014,87544,-0.5963,0.7502,0.1988,27.5879,-44.5557,0.0000,0.9787,,
DATA,A001,1,2015,87554,-0.6046,0.8478,0.1880,31.4331,-74.2188,2.3193,1.0582,,
DATA,A001,1,2016,87564,-0.6208,1.0117,0.1800,33.6914,-117.6758,4.5166,1.2005,,
DATA,A001,1,2017,87574,-0.6261,1.1230,0.1665,32.8369,-146.4233,4.4556,1.2965,,
DATA,A001,1,2018,87584,-0.6078,1.2858,0.1106,31.1890,-186.7676,1.2207,1.4265,,
DATA,A001,1,2019,87594,-0.5898,1.4274,0.0840,32.4707,-212.3413,-0.9766,1.5467,,
DATA,A001,1,2020,87604,-0.5326,1.6599,0.0528,33.5083,-241.7603,-5.6763,1.7440,,
DATA,A001,1,2021,87614,-0.4643,1.7966,0.0293,29.0527,-251.7090,-11.7798,1.8558,,
DATA,A001,1,2022,87624,-0.3412,1.8854,-0.0149,9.5215,-246.4600,-25.5127,1.9161,,
DATA,A001,1,2023,87634,-0.2663,1.8364,-0.0454,-8.8501,-229.2480,-35.7056,1.8561,,
DATA,A001,1,2024,87644,-0.1952,1.6464,-0.0852,-29.7852,-191.7725,-52.9175,1.6601,,
DATA,A001,1,2025,87654,-0.1676,1.5351,-0.0959,-33.5693,-165.5884,-66.7725,1.5472,,
DATA,A001,1,2026,87664,-0.1471,1.4641,-0.0927,-27.8931,-132.6294,-90.0879,1.4743,,
DATA,A001,1,2027,87674,-0.1203,1.4472,-0.0808,-23.8037,-116.5161,-104.9194,1.4544,,
DATA,A001,1,2028,87684,-0.0685,1.3923,-0.0644,-24.9634,-96.5576,-124.5728,1.3954,,
DATA,A001,1,2029,87694,-0.0517,1.3168,-0.0529,-27.6489,-84.5947,-137.5732,1.3189,,
DATA,A001,1,2030,87704,-0.0463,1.1940,-0.0376,-28.7476,-69.0918,-156.0059,1.1955,,
DATA,A001,1,2031,87714,-0.0465,1.1227,-0.0219,-26.9165,-60.5469,-167.1753,1.1239,,
DATA,A001,1,2032,87724,-0.0375,1.0566,0.0384,-24.9634,-48.5229,-181.8237,1.0579,,
DATA,A001,1,2033,87734,-0.0199,1.0226,0.0330,-24.7192,-36.9873,-190.4907,1.0234,,
DATA,A001,1,2034,87744,-0.0021,0.9677,0.0032,-23.3154,-10.1929,-202.8198,0.9677,,
DATA,A001,1,2035,87754,-0.0285,0.9318,-0.0349,-21.3013,11.6577,-209.9609,0.9329,,
DATA,A001,1,2036,87764,-0.0846,0.9042,-0.0817,-15.5029,43.0298,-219.1162,0.9119,,
DATA,A001,1,2037,87774,-0.1261,0.9003,-0.0927,-10.6201,59.9976,-222.0459,0.9138,,
DATA,A001,1,2038,87784,-0.1689,0.9128,-0.1103,-1.4648,77.5757,-221.1914,0.9348,,
DATA,A001,1,2039,87794,-0.1964,0.9313,-0.1298,5.0659,85.6323,-220.3369,0.9606,,
DATA,A001,1,2040,87804,-0.2333,0.9745,-0.1552,13.6108,92.1021,-217.7734,1.0140,,
DATA,A001,1,2041,87814,-0.2458,1.0051,-0.1731,17.5781,92.5903,-214.2334,1.0490,,
DATA,A001,1,2042,87824,-0.2646,1.0517,-0.1994,22.6440,89.4775,-205.4443,1.1026,,
DATA,A001,1,2043,87834,-0.2633,1.0849,-0.2146,24.9023,85.5103,-197.5098,1.1368,,
DATA,A001,1,2044,87844,-0.2682,1.1269,-0.2285,26.7334,77.6978,-183.1665,1.1807,,
DATA,A001,1,2045,87854,-0.2785,1.1464,-0.2314,27.2827,72.2046,-172.2412,1.2022,,
DATA,A001,1,2046,87864,-0.2858,1.1730,-0.2346,26.9775,66.1011,-160.8276,1.2299,,
DATA,A001,1,2047,87874,-0.3056,1.1974,-0.2407,25.5127,55.5420,-143.0054,1.2590,,
DATA,A001,1,2048,87884,-0.3185,1.2070,-0.2373,23.8037,46.8750,-130.7983,1.2706,,
DATA,A001,1,2049,87894,-0.3244,1.2021,-0.2297,20.5688,32.2876,-113.3423,1.2661,,
DATA,A001,1,2050,87904,-0.3178,1.1789,-0.2231,18.4326,22.6440,-102.9663,1.2412,,
DATA,A001,1,2051,87914,-0.3019,1.1374,-0.2099,16.9067,9.7046,-89.9658,1.1954,,
DATA,A001,1,2052,87924,-0.2912,1.0974,-0.1992,17.3950,1.7700,-82.8247,1.1527,,
DATA,A001,1,2053,87934,-0.2699,1.0417,-0.1836,20.2637,-10.0098,-74.4629,1.0916,,
DATA,A001,1,2054,87944,-0.2658,1.0056,-0.1738,22.5220,-18.4326,-70.7397,1.0545,,
DATA,A001,1,2055,87954,-0.2533,0.9518,-0.1579,26.9165,-32.5317,-67.3218,0.9976,,
DATA,A001,1,2056,87964,-0.2477,0.9162,-0.1369,29.5410,-43.4570,-66.1621,0.9589,,
DATA,A001,1,2057,87974,-0.2594,0.8676,-0.0930,33.3252,-62.5000,-65.7959,0.9103,,
DATA,A001,1,2058,87984,-0.2702,0.8395,-0.0595,34.9731,-77.4536,-66.7114,0.8839,,
DATA,A001,1,2059,87994,-0.2707,0.8203,-0.0205,36.1328,-102.1118,-70.2515,0.8640,,
DATA,A001,1,2060,88004,-0.2636,0.8159,-0.0185,36.0107,-117.7979,-73.6084,0.8576,,
DATA,A001,1,2061,88014,-0.2194,0.7932,-0.0417,33.7524,-137.0850,-78.1860,0.8240,,
DATA,A001,1,2062,88024,-0.1955,0.7631,-0.0456,31.4941,-144.4702,-81.4209,0.7891,,
DATA,A001,1,2063,88034,-0.1669,0.7114,-0.0532,29.6021,-147.5220,-85.5103,0.7326,,
DATA,A001,1,2064,88044,-0.1625,0.6957,-0.0473,31.6162,-146.9727,-86.3037,0.7160,,
DATA,A001,1,2065,88054,-0.1603,0.7219,-0.0427,38.6963,-146.1182,-83.2520,0.7407,,
DATA,A001,1,2066,88064,-0.1400,0.7582,-0.0324,43.8232,-145.7520,-78.3081,0.7717,,
DATA,A001,1,2067,88074,-0.1225,0.8466,0.0079,48.2178,-142.3950,-67.5659,0.8555,,
DATA,A001,1,2068,88084,-0.1127,0.8976,0.0269,47.7295,-137.6343,-57.5562,0.9051,,
DATA,A001,1,2069,88094,-0.1254,0.9570,0.0730,44.5557,-129.0894,-39.1846,0.9679,,
DATA,A001,1,2070,88104,-0.1405,0.9880,0.0962,41.5039,-123.0469,-25.4517,1.0026,,
DATA,A001,1,2071,88114,-0.1571,0.9968,0.1258,35.2783,-113.4033,-3.5400,1.0169,,
DATA,A001,1,2072,88124,-0.1642,0.9855,0.1233,30.7617,-104.7974,11.6577,1.0067,,
DATA,A001,1,2073,88134,-0.1535,0.9526,0.1060,26.0620,-85.8154,34.3628,0.9707,,
DATA,A001,1,2074,88144,-0.1344,0.9413,0.0892,25.2075,-69.2139,50.3540,0.9551,,
DATA,A001,1,2075,88154,-0.1237,0.9614,0.0288,28.5034,-38.8184,77.8198,0.9697,,
DATA,A001,1,2076,88164,-0.1183,1.0121,-0.0046,33.5693,-16.7847,96.5576,1.0190,,
DATA,A001,1,2077,88174,-0.1191,1.0734,-0.0222,37.4146,3.8452,115.6006,1.0802,,
DATA,A001,1,2078,88184,-0.1364,1.1547,-0.0463,36.6211,28.5034,144.8975,1.1637,,
DATA,A001,1,2079,88194,-0.1400,1.1996,-0.0517,34.9731,40.1001,164.4897,1.2089,,
DATA,A001,1,2080,88204,-0.1291,1.2509,-0.0424,34.6069,55.9082,192.6880,1.2583,,
DATA,A001,1,2081,88214,-0.1425,1.2873,-0.0393,33.8745,67.4438,210.5103,1.2958,,
DATA,A001,1,2082,88224,-0.1754,1.3222,-0.0249,30.6396,85.3882,235.1074,1.3340,,
DATA,A001,1,2083,88234,-0.2123,1.3376,-0.0002,27.0386,96.1914,249.3896,1.3543,,
DATA,A001,1,2084,88244,-0.2787,1.3327,0.0435,20.4468,107.9712,266.7236,1.3622,,
DATA,A001,1,2085,88254,-0.3227,1.3088,0.0828,15.5640,112.0605,275.0854,1.3505,,
DATA,A001,1,2086,88264,-0.3744,1.2587,0.1521,7.9346,112.0605,283.6914,1.3220,,
DATA,A001,1,2087,88274,-0.4062,1.2143,0.2017,3.7842,108.7036,287.1704,1.2962,,
DATA,A001,1,2088,88284,-0.4367,1.1550,0.2825,-0.3052,96.4966,288.9404,1.2667,,
DATA,A001,1,2089,88294,-0.4494,1.1257,0.3233,-1.7700,84.4727,287.4146,1.2544,,
DATA,A001,1,2090,88304,-0.4733,1.1025,0.3765,-4.9438,58.2886,281.4331,1.2575,,
DATA,A001,1,2091,88314,-0.4264,1.0910,0.3692,-8.7891,36.6821,276.3062,1.2282,,
DATA,A001,1,2092,88324,-0.1540,1.1430,0.3172,-40.9546,60.6079,223.5718,1.1961,,
DATA,A001,1,2093,88334,-0.6586,1.0427,0.0581,-46.7529,48.2178,245.4224,1.2346,,
DATA,A001,1,2094,88344,-0.5680,0.9938,0.0498,18.0054,-59.1431,275.6958,1.1458,,
DATA,A001,1,2095,88354,-0.1693,1.0620,-0.0014,11.1694,-67.1387,216.1255,1.0754,,
DATA,A001,1,2096,88364,-0.2145,1.2294,-0.0549,-5.5542,-22.5830,179.6875,1.2492,,
DATA,A001,1,2097,88374,-0.2631,1.2702,-0.2153,-6.5308,33.3862,169.8608,1.3149,,
DATA,A001,1,2098,88384,-0.2777,1.4421,-0.0603,-2.3804,77.2705,166.5649,1.4698,,
DATA,A001,1,2099,88394,-0.4264,1.4592,-0.1010,-16.6016,97.4731,151.7944,1.5236,,
DATA,A001,1,2100,88404,-0.3205,1.3329,-0.0710,-32.2876,110.8398,121.6431,1.3728,,
DATA,A001,1,2101,88414,-0.2939,1.2419,-0.0861,-31.9824,117.7979,108.6426,1.2791,,
DATA,A001,1,2102,88424,-0.3515,1.1725,-0.0820,-21.5454,119.0796,91.5527,1.2268,,
DATA,A001,1,2103,88434,-0.3615,1.1442,-0.0695,-17.5171,113.0371,75.9888,1.2020,,
DATA,A001,1,2104,88444,-0.3742,1.0715,-0.0420,-14.6484,94.7876,57.1289,1.1357,,
DATA,A001,1,2105,88454,-0.3178,1.0292,-0.0263,-11.3525,85.1440,50.3540,1.0775,,
DATA,A001,1,2106,88464,-0.2533,0.9733,0.0296,-5.6763,84.2285,40.8936,1.0062,,
DATA,A001,1,2107,88474,-0.2746,0.9345,0.0528,-3.1738,86.1206,33.4473,0.9754,,
DATA,A001,1,2108,88484,-0.2751,0.8869,0.0474,0.0000,90.7593,23.1323,0.9298,,
DATA,A001,1,2109,88494,-0.3080,0.8561,0.0520,2.9297,89.5996,18.7378,0.9114,,
DATA,A001,1,2110,88504,-0.3459,0.8303,0.0384,6.1646,84.4727,15.0757,0.9002,,
DATA,A001,1,2111,88514,-0.3537,0.8000,0.0396,10.7422,73.8525,9.8877,0.8756,,
DATA,A001,1,2112,88524,-0.3771,0.7873,0.0642,13.1226,65.5518,7.3242,0.8753,,
DATA,A001,1,2113,88534,-0.3844,0.7958,0.0745,14.9536,52.0630,4.7607,0.8870,,
DATA,A001,1,2114,88544,-0.3778,0.8002,0.0762,14.9536,42.9688,4.1504,0.8882,,
DATA,A001,1,2115,88554,-0.3661,0.8058,0.0708,13.7939,30.5786,4.6997,0.8879,,
DATA,A001,1,2116,88564,-0.3554,0.8129,0.0647,12.7563,24.3530,4.9438,0.8896,,
DATA,A001,1,2117,88574,-0.3656,0.8137,0.0682,11.2305,16.6626,5.9814,0.8946,,
DATA,A001,1,2118,88584,-0.3739,0.8088,0.0850,9.6436,10.4980,7.2021,0.8951,,
DATA,A001,1,2119,88594,-0.3673,0.7892,0.0879,6.2256,0.4883,8.9722,0.8750,,
DATA,A001,1,2120,88604,-0.3615,0.7609,0.0811,3.7842,-6.5308,10.1318,0.8463,,
DATA,A001,1,2121,88614,-0.3371,0.7145,0.0738,3.3569,-14.0381,11.7798,0.7935,,
DATA,A001,1,2122,88624,-0.3275,0.6879,0.0828,4.3945,-17.0898,12.6953,0.7664,,
DATA,A001,1,2123,88634,-0.3161,0.6484,0.0955,6.0425,-20.9961,13.2446,0.7276,,
DATA,A001,1,2124,88644,-0.3046,0.6223,0.1123,7.3242,-22.6440,13.4277,0.7019,,
DATA,A001,1,2125,88654,-0.3031,0.5986,0.1285,11.2305,-24.9634,14.1602,0.6831,,
DATA,A001,1,2126,88664,-0.3004,0.5949,0.1343,15.7471,-25.9399,14.0381,0.6799,,
DATA,A001,1,2127,88674,-0.2970,0.6476,0.1531,24.4751,-25.2686,13.3667,0.7288,,
DATA,A001,1,2128,88684,-0.3039,0.7206,0.1653,29.5410,-23.8037,13.3057,0.7994,,
DATA,A001,1,2129,88694,-0.3022,0.8581,0.1578,33.6914,-21.5454,13.3057,0.9233,,
DATA,A001,1,2130,88704,-0.2868,0.9477,0.1402,34.6069,-18.1885,12.3291,1.0000,,
DATA,A001,1,2131,88714,-0.2809,1.0771,0.1028,33.9966,-8.3618,9.5215,1.1179,,
DATA,A001,1,2132,88724,-0.2729,1.1669,0.0633,32.2266,-0.9766,7.5684,1.2001,,
DATA,A001,1,2133,88734,-0.2965,1.3278,0.0457,32.1655,9.3994,4.0283,1.3613,,
DATA,A001,1,2134,88744,-0.3178,1.4682,0.0281,34.3628,17.8223,-1.6479,1.5025,,
DATA,A001,1,2135,88754,-0.3720,1.6745,0.0057,33.2642,27.3438,-13.5498,1.7153,,
DATA,A001,1,2136,88764,-0.4066,1.7741,0.0137,26.8555,29.1748,-22.2778,1.8202,,
DATA,A001,1,2137,88774,-0.4159,1.7885,0.0176,9.1553,27.3438,-37.9639,1.8363,,
DATA,A001,1,2138,88784,-0.3964,1.6884,0.0037,-2.6245,25.5737,-49.8657,1.7343,,
DATA,A001,1,2139,88794,-0.3715,1.5009,-0.0332,-7.2021,23.4985,-68.6646,1.5466,,
DATA,A001,1,2140,88804,-0.3644,1.4357,-0.0566,1.0986,20.8740,-82.7637,1.4823,,
DATA,A001,1,2141,88814,-0.3615,1.4514,-0.0813,18.1885,13.0005,-104.3701,1.4979,,
DATA,A001,1,2142,88824,-0.3542,1.4706,-0.0971,24.5361,5.3711,-117.2485,1.5158,,
DATA,A001,1,2143,88834,-0.3329,1.4567,-0.1027,25.2686,-2.8076,-128.9062,1.4978,,
DATA,A001,1,2144,88844,-0.3012,1.3754,-0.1337,25.0854,-13.3057,-147.4609,1.4144,,
DATA,A001,1,2145,88854,-0.2677,1.2853,-0.1113,33.4473,-23.5596,-167.3584,1.3176,,
DATA,A001,1,2146,88864,-0.2619,1.2448,-0.0715,40.4053,-29.9683,-180.3589,1.2741,,
DATA,A001,1,2147,88874,-0.2538,1.2004,-0.0549,44.6167,-38.3911,-191.8945,1.2281,,
DATA,A001,1,2148,88884,-0.2672,1.1428,-0.0725,42.9688,-63.9648,-190.8569,1.1758,,
DATA,A001,1,2149,88894,-0.2777,1.1176,-0.0544,44.9829,-95.3369,-196.2280,1.1529,,
DATA,A001,1,2150,88904,-0.4469,1.1752,0.0035,74.1577,-194.2749,-203.4302,1.2574,,
DATA,A001,1,2151,88914,-0.1064,1.1950,-0.2785,78.7964,-217.5293,-226.5015,1.2316,,
DATA,A001,1,2152,88924,0.0284,1.2553,-0.1264,47.1191,-195.4346,-217.2241,1.2620,,
DATA,A001,1,2153,88934,0.1495,1.1894,-0.2304,35.3394,-155.5786,-214.8438,1.2207,,
DATA,A001,1,2154,88944,-0.0382,1.0800,-0.1416,37.7808,-89.8438,-214.2334,1.0899,,
DATA,A001,1,2155,88954,-0.1503,1.0522,-0.1577,42.9688,-66.1621,-212.5854,1.0745,,
DATA,A001,1,2156,88964,-0.2948,1.0519,-0.1328,49.3164,-70.6787,-208.0078,1.1005,,
DATA,A001,1,2157,88974,-0.2848,1.0561,-0.1540,47.1802,-85.6934,-204.3457,1.1046,,
DATA,A001,1,2158,88984,-0.1689,1.0527,-0.1767,36.6211,-94.2993,-195.4346,1.0807,,
DATA,A001,1,2159,88994,-0.1591,1.0285,-0.1582,29.0527,-92.2852,-186.1572,1.0527,,
DATA,A001,1,2160,89004,-0.1178,0.9916,-0.1838,20.6909,-72.5098,-177.2461,1.0154,,
DATA,A001,1,2161,89014,-0.1515,0.9677,-0.1740,16.2964,-58.8379,-169.7998,0.9948,,
DATA,A001,1,2162,89024,-0.1942,0.9567,-0.1882,11.9629,-47.2412,-157.3486,0.9942,,
DATA,A001,1,2163,89034,-0.1825,0.9575,-0.1972,9.4604,-42.6636,-149.2310,0.9945,,
DATA,A001,1,2164,89044,-0.2021,0.9767,-0.1960,4.1504,-40.7104,-135.6812,1.0165,,
DATA,A001,1,2165,89054,-0.1869,0.9814,-0.2209,-0.8545,-40.1001,-127.6855,1.0232,,
DATA,A001,1,2166,89064,-0.1711,0.9672,-0.2307,-8.6060,-37.7808,-115.4175,1.0090,,
DATA,A001,1,2167,89074,-0.1725,0.9540,-0.2397,-12.6343,-36.2549,-107.6660,0.9987,,
DATA,A001,1,2168,89084,-0.1359,0.9235,-0.2561,-17.5171,-30.0903,-97.7173,0.9680,,
DATA,A001,1,2169,89094,-0.1288,0.9050,-0.2470,-18.9209,-24.4141,-91.4917,0.9469,,
DATA,A001,1,2170,89104,-0.0990,0.8723,-0.2426,-20.6909,-12.6953,-83.4961,0.9108,,
DATA,A001,1,2171,89114,-0.0883,0.8513,-0.2326,-21.3013,-3.1738,-78.7354,0.8869,,
DATA,A001,1,2172,89124,-0.0890,0.8203,-0.2129,-20.2637,11.1694,-72.3877,0.8521,,
DATA,A001,1,2173,89134,-0.0837,0.8090,-0.1999,-18.3716,20.9961,-68.6035,0.8375,,
DATA,A001,1,2174,89144,-0.0920,0.7990,-0.1738,-14.5874,34.2407,-62.9272,0.8228,,
DATA,A001,1,2175,89154,-0.1029,0.7868,-0.1618,-12.2070,42.3584,-59.2651,0.8098,,
DATA,A001,1,2176,89164,-0.1064,0.7770,-0.1496,-10.2539,50.3540,-55.6641,0.7984,,
DATA,A001,1,2177,89174,-0.1230,0.7643,-0.1281,-6.8359,60.9741,-49.9878,0.7847,,
DATA,A001,1,2178,89184,-0.1359,0.7573,-0.1242,-4.1504,66.6504,-46.0815,0.7793,,
DATA,A001,1,2179,89194,-0.1676,0.7783,-0.1142,2.0752,71.7163,-39.5508,0.8043,,
DATA,A001,1,2180,89204,-0.1845,0.8181,-0.1074,7.3242,72.3877,-34.6680,0.8454,,
DATA,A001,1,2181,89214,-0.1659,0.9099,-0.1120,15.1367,70.3735,-26.6724,0.9316,,
DATA,A001,1,2182,89224,-0.1371,0.9880,-0.0796,16.1133,64.5142,-18.1885,1.0006,,
DATA,A001,1,2183,89234,-0.1117,1.0043,-0.0632,12.7563,59.8145,-11.1694,1.0125,,
DATA,A001,1,2184,89244,-0.0866,0.9846,-0.0378,9.0332,55.6030,-4.5166,0.9891,,
DATA,A001,1,2185,89254,-0.0939,0.9394,-0.0105,5.9814,54.3823,5.5542,0.9441,,
DATA,A001,1,2186,89264,-0.1271,0.9260,-0.0041,7.0801,56.3354,12.4512,0.9347,,
DATA,A001,1,2187,89274,-0.1706,0.9553,-0.0288,9.0332,59.3262,25.3906,0.9708,,
DATA,A001,1,2188,89284,-0.1972,0.9780,-0.0629,7.0801,61.9507,34.6680,0.9996,,
DATA,A001,1,2189,89294,-0.2113,1.0097,-0.1064,1.0986,68.4814,51.5137,1.0371,,
DATA,A001,1,2190,89304,-0.2189,1.0305,-0.1301,-2.1362,74.6460,65.3687,1.0615,,
DATA,A001,1,2191,89314,-0.2409,1.0700,-0.1340,-6.8970,85.2051,88.8672,1.1049,,
DATA,A001,1,2192,89324,-0.2633,1.1144,-0.1257,-10.8032,91.3696,105.7129,1.1520,,
DATA,A001,1,2193,89334,-0.2853,1.1872,-0.0957,-20.3247,95.0928,133.5449,1.2247,,
DATA,A001,1,2194,89344,-0.2560,1.2216,-0.0835,-29.4800,96.7407,152.0386,1.2509,,
DATA,A001,1,2195,89354,-0.1571,1.2748,-0.1565,-44.3115,114.8071,176.3916,1.2940,,
DATA,A001,1,2196,89364,-0.1122,1.3471,-0.1962,-49.2554,141.5405,191.4673,1.3659,,
DATA,A001,1,2197,89374,-0.0805,1.5053,-0.2573,-53.7720,199.9512,214.7217,1.5293,,
DATA,A001,1,2198,89384,-0.1847,1.5952,-0.3239,-63.5376,242.3706,223.8770,1.6382,,
DATA,A001,1,2199,89394,-0.4547,1.6884,-0.3967,-86.8530,287.7197,234.2529,1.7930,,
DATA,A001,1,2200,89404,-0.5817,1.7524,-0.4199,-112.3657,304.8706,227.4780,1.8935,,
DATA,A001,1,2201,89414,-0.8373,1.8093,-0.4421,-154.2358,308.0444,203.4912,2.0421,,
DATA,A001,1,2202,89424,-1.0295,1.7958,-0.4455,-177.8564,287.1094,187.1338,2.1174,,
DATA,A001,1,2203,89434,-1.0102,1.7455,-0.4460,-174.4995,229.8584,216.9189,2.0655,,
DATA,A001,1,2204,89444,-1.0216,1.6850,-0.3525,-174.6826,181.9458,220.2759,2.0018,,
DATA,A001,1,2205,89454,-0.5231,1.5148,-0.3964,-184.5093,128.8452,229.6143,1.6509,,
DATA,A001,1,2206,89464,-0.3422,1.2453,-0.2512,-205.6885,132.0190,191.9556,1.3157,,
DATA,A001,1,2207,89474,-0.5099,0.9665,-0.2353,-196.9604,107.6050,217.5293,1.1178,,
DATA,A001,1,2208,89484,-0.4469,0.8293,-0.2968,-183.4106,136.3525,171.8750,0.9877,,
DATA,A001,1,2209,89494,-0.5363,0.7326,-0.2192,-174.3774,148.7427,123.0469,0.9340,,
DATA,A001,1,2210,89504,-0.7062,0.7468,-0.1657,-156.0669,96.8018,105.6519,1.0411,,
DATA,A001,1,2211,89514,-0.5617,0.7768,-0.2409,-146.7285,70.2515,92.8345,0.9884,,
DATA,A001,1,2212,89524,-0.3573,0.7646,-0.1999,-130.6763,64.0259,71.2891,0.8673,,
DATA,A001,1,2213,89534,-0.3737,0.7668,-0.1726,-119.8120,64.5752,61.0962,0.8703,,
DATA,A001,1,2214,89544,-0.3224,0.7866,-0.2795,-107.4219,88.0737,42.7856,0.8948,,
DATA,A001,1,2215,89554,-0.3075,0.7971,-0.2290,-94.2383,101.7456,37.7808,0.8845,,
DATA,A001,1,2216,89564,-0.3424,0.8818,-0.2133,-75.4395,109.6802,28.3203,0.9697,,
DATA,A001,1,2217,89574,-0.3124,0.9391,-0.2734,-67.5659,113.9526,16.4795,1.0268,,
DATA,A001,1,2218,89584,-0.3337,1.0317,-0.2707,-57.3730,112.0605,6.7749,1.1176,,
DATA,A001,1,2219,89594,-0.3234,1.0981,-0.3117,-52.9785,107.9712,2.4414,1.1864,,
DATA,A001,1,2220,89604,-0.2848,1.1542,-0.3566,-51.3306,104.1260,-4.5166,1.2412,,
DATA,A001,1,2221,89614,-0.2943,1.1513,-0.3767,-51.2085,100.9521,-7.8735,1.2466,,
DATA,A001,1,2222,89624,-0.2829,1.1352,-0.4326,-50.8423,101.5625,-11.3525,1.2473,,
DATA,A001,1,2223,89634,-0.2934,1.0773,-0.4275,-50.9644,100.6470,-11.8408,1.1956,,
DATA,A001,1,2224,89644,-0.3141,0.9643,-0.4340,-49.2554,97.3511,-14.4043,1.1031,,
DATA,A001,1,2225,89654,-0.3044,0.8849,-0.4301,-45.7764,94.6045,-15.9912,1.0299,,
DATA,A001,1,2226,89664,-0.3202,0.7878,-0.3830,-35.7056,85.8765,-16.5405,0.9327,,
DATA,A001,1,2227,89674,-0.3153,0.7399,-0.3545,-27.7710,79.2236,-16.9067,0.8790,,
DATA,A001,1,2228,89684,-0.3039,0.6918,-0.3039,-16.8457,68.2373,-16.9678,0.8145,,
DATA,A001,1,2229,89694,-0.3078,0.6616,-0.2656,-10.5591,59.5703,-15.8081,0.7765,,
DATA,A001,1,2230,89704,-0.3083,0.6237,-0.2260,-2.8687,45.0439,-13.4277,0.7315,,
DATA,A001,1,2231,89714,-0.3114,0.5974,-0.1994,2.1973,34.2407,-11.1694,0.7026,,
DATA,A001,1,2232,89724,-0.3183,0.5820,-0.1816,10.4370,15.9302,-7.0190,0.6877,,
DATA,A001,1,2233,89734,-0.3200,0.5776,-0.1750,16.2354,3.6011,-3.9062,0.6831,,
DATA,A001,1,2234,89744,-0.3244,0.5861,-0.1604,25.1465,-15.3198,1.9531,0.6888,,
DATA,A001,1,2235,89754,-0.3368,0.5991,-0.1535,30.7617,-27.7710,6.1646,0.7042,,
DATA,A001,1,2236,89764,-0.3561,0.6318,-0.1257,38.5742,-46.6919,12.6953,0.7360,,
DATA,A001,1,2237,89774,-0.3742,0.6586,-0.1074,43.0908,-60.4858,17.2119,0.7651,,
DATA,A001,1,2238,89784,-0.3847,0.7075,-0.0876,47.2412,-80.8716,23.2544,0.8100,,
DATA,A001,1,2239,89794,-0.3844,0.7316,-0.0708,48.2178,-93.1396,27.0996,0.8295,,
DATA,A001,1,2240,89804,-0.3739,0.7521,-0.0583,48.1567,-102.9053,30.3345,0.8420,,
DATA,A001,1,2241,89814,-0.3471,0.7656,-0.0615,46.9971,-110.7178,33.6304,0.8428,,
DATA,A001,1,2242,89824,-0.3358,0.7529,-0.0366,47.5464,-108.7646,35.7666,0.8252,,
DATA,A001,1,2243,89834,-0.3285,0.7480,-0.0153,50.1099,-102.5391,37.2314,0.8171,,
DATA,A001,1,2244,89844,-0.3224,0.7475,-0.0007,52.7954,-93.8110,37.9639,0.8141,,
DATA,A001,1,2245,89854,-0.3361,0.7558,0.0306,56.0303,-76.9653,38.3301,0.8277,,
DATA,A001,1,2246,89864,-0.3500,0.7678,0.0540,57.9834,-65.6738,39.0015,0.8455,,
DATA,A001,1,2247,89874,-0.3981,0.8019,0.0491,60.6689,-55.4810,40.8936,0.8967,,
DATA,A001,1,2248,89884,-0.4269,0.8232,0.0374,61.5845,-54.7485,42.2363,0.9281,,
DATA,A001,1,2249,89894,-0.4567,0.8762,0.0335,62.9272,-60.6079,45.1660,0.9886,,
DATA,A001,1,2250,89904,-0.4784,0.9262,0.0342,63.9648,-67.6270,46.3867,1.0430,,
DATA,A001,1,2251,89914,-0.5158,1.0063,0.0201,63.5376,-79.4678,45.6543,1.1309,,
DATA,A001,1,2252,89924,-0.5424,1.0649,0.0154,61.1572,-88.6841,43.7622,1.1952,,
DATA,A001,1,2253,89934,-0.5727,1.1315,-0.0085,55.1147,-105.0415,38.3911,1.2682,,
DATA,A001,1,2254,89944,-0.5753,1.1708,-0.0422,51.2695,-116.6992,32.7148,1.3052,,
DATA,A001,1,2255,89954,-0.5541,1.2341,-0.0930,48.3398,-133.6670,21.1792,1.3560,,
DATA,A001,1,2256,89964,-0.5273,1.2878,-0.1154,48.8281,-143.1274,12.7563,1.3963,,
DATA,A001,1,2257,89974,-0.4850,1.3793,-0.1286,48.8892,-153.7476,-0.1221,1.4678,,
DATA,A001,1,2258,89984,-0.4482,1.4194,-0.1196,45.0439,-157.7148,-10.6812,1.4932,,
DATA,A001,1,2259,89994,-0.3874,1.4340,-0.1291,34.4849,-157.3486,-28.2593,1.4910,,
DATA,A001,1,2260,90004,-0.3698,1.4321,-0.1364,29.8462,-154.2969,-39.5508,1.4853,,
DATA,A001,1,2261,90014,-0.3368,1.4445,-0.1433,29.6021,-147.8882,-56.0303,1.4902,,
DATA,A001,1,2262,90024,-0.3170,1.4777,-0.1535,31.4941,-143.7988,-66.3452,1.5191,,
DATA,A001,1,2263,90034,-0.2902,1.5505,-0.1608,33.1421,-136.7798,-81.4209,1.5856,,
DATA,A001,1,2264,90044,-0.2589,1.5883,-0.1445,31.2500,-130.9204,-90.0269,1.6158,,
DATA,A001,1,2265,90054,-0.2201,1.5900,-0.1411,23.9258,-115.6006,-103.2104,1.6114,,
DATA,A001,1,2266,90064,-0.1950,1.5436,-0.1281,19.8364,-102.7832,-111.2671,1.5612,,
DATA,A001,1,2267,90074,-0.2028,1.4494,-0.1013,17.5171,-85.2051,-122.2534,1.4670,,
DATA,A001,1,2268,90084,-0.2272,1.3766,-0.0879,18.0664,-79.1626,-129.8218,1.3980,,
DATA,A001,1,2269,90094,-0.2353,1.3046,-0.0625,20.3247,-74.5239,-140.9302,1.3271,,
DATA,A001,1,2270,90104,-0.1669,1.2319,-0.0676,17.0288,-71.6553,-144.1650,1.2450,,
DATA,A001,1,2271,90114,-0.5702,1.1393,0.0411,20.3857,-91.4307,-135.8643,1.2747,,
DATA,A001,1,2272,90124,-0.4535,1.0947,-0.0957,42.2363,-188.4155,-114.9292,1.1888,,
DATA,A001,1,2273,90134,0.1375,1.0790,-0.1347,10.1929,-193.8477,-188.1714,1.0961,,
DATA,A001,1,2274,90144,0.0033,1.0629,-0.0507,-1.2207,-163.6353,-146.6675,1.0641,,
DATA,A001,1,2275,90154,0.0086,1.0307,-0.2190,2.8687,-134.7046,-136.4136,1.0537,,
DATA,A001,1,2276,90164,-0.0797,0.9943,-0.0886,12.2070,-111.9995,-144.2261,1.0014,,
DATA,A001,1,2277,90174,-0.0583,1.0063,-0.0791,14.6484,-106.5674,-146.1792,1.0111,,
DATA,A001,1,2278,90184,-0.1176,0.9890,-0.1442,11.2305,-94.9707,-148.7427,1.0063,,
DATA,A001,1,2279,90194,-0.1728,0.9824,-0.1408,11.7798,-85.6323,-151.6113,1.0073,,
DATA,A001,1,2280,90204,-0.1403,1.0117,-0.1552,16.5405,-71.7163,-148.7427,1.0331,,
DATA,A001,1,2281,90214,-0.1469,1.0390,-0.1442,17.7002,-63.1104,-142.2119,1.0592,,
DATA,A001,1,2282,90224,-0.2170,1.0954,-0.1474,13.1836,-51.3306,-137.2681,1.1264,,
DATA,A001,1,2283,90234,-0.2384,1.1274,-0.1626,9.0942,-40.8325,-136.9629,1.1637,,
DATA,A001,1,2284,90244,-0.2804,1.1694,-0.1716,4.6387,-28.6255,-131.8970,1.2147,,
DATA,A001,1,2285,90254,-0.2736,1.1730,-0.1926,1.2817,-21.0571,-127.4414,1.2198,,
DATA,A001,1,2286,90264,-0.2528,1.1501,-0.1933,-4.9438,-8.5449,-123.2910,1.1933,,
DATA,A001,1,2287,90274,-0.2487,1.1159,-0.1936,-8.6670,-1.0376,-122.0703,1.1596,,
DATA,A001,1,2288,90284,-0.2035,1.0519,-0.1980,-11.1084,9.6436,-120.4224,1.0896,,
DATA,A001,1,2289,90294,-0.1886,1.0090,-0.1894,-9.8267,15.3809,-118.8965,1.0438,,
DATA,A001,1,2290,90304,-0.1606,0.9726,-0.1677,-5.9204,21.6064,-117.0654,0.9999,,
DATA,A001,1,2291,90314,-0.1486,0.9614,-0.1340,-3.2349,24.9023,-115.7837,0.9820,,
DATA,A001,1,2292,90324,-0.1535,0.9592,-0.1164,-1.4648,26.6724,-113.7695,0.9783,,
DATA,A001,1,2293,90334,-0.1508,0.9550,-0.1235,-1.8311,25.4517,-111.9385,0.9747,,
DATA,A001,1,2294,90344,-0.1481,0.9394,-0.1421,-3.1738,22.6440,-107.7881,0.9615,,
DATA,A001,1,2295,90354,-0.1437,0.9186,-0.1567,-3.7231,21.4844,-104.9805,0.9429,,
DATA,A001,1,2296,90364,-0.1371,0.8891,-0.1740,-4.2114,22.4609,-100.3418,0.9163,,
DATA,A001,1,2297,90374,-0.1388,0.8666,-0.1796,-3.9673,24.5972,-96.6797,0.8959,,
DATA,A001,1,2298,90384,-0.1481,0.8412,-0.1801,-2.8687,28.1372,-90.5151,0.8730,,
DATA,A001,1,2299,90394,-0.1540,0.8261,-0.1718,-1.8311,29.9072,-85.8765,0.8577,,
DATA,A001,1,2300,90404,-0.1566,0.8002,-0.1543,-1.0376,32.3486,-78.6133,0.8299,,
DATA,A001,1,2301,90414,-0.1549,0.7785,-0.1384,-1.2207,33.6914,-73.6084,0.8057,,
DATA,A001,1,2302,90424,-0.1542,0.7429,-0.1154,-1.8311,35.4004,-65.5518,0.7674,,
DATA,A001,1,2303,90434,-0.1632,0.7202,-0.1042,-2.0142,35.5835,-59.2651,0.7457,,
DATA,A001,1,2304,90444,-0.1691,0.6889,-0.0896,-1.2817,33.5693,-48.3398,0.7150,,
DATA,A001,1,2305,90454,-0.1740,0.6838,-0.0864,-0.6104,30.8838,-39.7949,0.7108,,
DATA,A001,1,2306,90464,-0.1767,0.6821,-0.0803,0.1831,27.6489,-30.1514,0.7091,,
DATA,A001,1,2307,90474,-0.1796,0.7165,-0.0637,1.2817,22.5220,-13.0005,0.7414,,
DATA,A001,1,2308,90484,-0.1850,0.7502,-0.0522,1.0376,19.5312,-0.0610,0.7744,,
DATA,A001,1,2309,90494,-0.1952,0.8161,-0.0344,-1.5869,15.6860,21.1792,0.8398,,
DATA,A001,1,2310,90504,-0.2016,0.8627,-0.0256,-5.0659,13.3667,36.8042,0.8863,,
DATA,A001,1,2311,90514,-0.1769,0.8976,0.0154,-14.0991,14.7705,60.4858,0.9150,,
DATA,A001,1,2312,90524,-0.1320,0.9155,0.0691,-21.8506,25.2075,74.5850,0.9275,,
DATA,A001,1,2313,90534,-0.0663,0.9238,0.1355,-37.0483,63.0493,92.3462,0.9360,,
DATA,A001,1,2314,90544,-0.0360,0.9155,0.1543,-50.1709,99.7314,103.3936,0.9291,,
DATA,A001,1,2315,90554,-0.0829,0.9382,0.0921,-72.7539,158.3252,124.3896,0.9463,,
DATA,A001,1,2316,90564,-0.1403,0.9872,0.0079,-84.1064,189.3311,142.7002,0.9972,,
DATA,A001,1,2317,90574,-0.2067,1.1332,-0.1125,-94.2993,215.0269,171.0815,1.1574,,
DATA,A001,1,2318,90584,-0.2262,1.2656,-0.2182,-99.5483,222.2900,188.0493,1.3040,,
DATA,A001,1,2319,90594,-0.2362,1.4985,-0.3733,-109.4360,225.7080,213.5010,1.5622,,
DATA,A001,1,2320,90604,-0.2641,1.6555,-0.4350,-116.5771,226.4404,230.7739,1.7319,,
DATA,A001,1,2321,90614,-0.3849,1.8832,-0.4270,-127.5635,223.1445,255.9814,1.9690,,
DATA,A001,1,2322,90624,-0.5080,2.0183,-0.3523,-137.8784,214.8438,271.4233,2.1108,,
DATA,A001,1,2323,90634,-0.7104,2.0891,-0.1743,-166.8091,191.8335,288.3301,2.2134,,
DATA,A001,1,2324,90644,-0.8000,2.0053,-0.0766,-194.0918,173.2788,292.6636,2.1603,,
DATA,A001,1,2325,90654,-0.7934,1.6970,-0.0185,-227.4780,153.3813,288.8184,1.8734,,
DATA,A001,1,2326,90664,-0.6901,1.4665,-0.0451,-242.3706,164.4287,269.1650,1.6214,,
DATA,A001,1,2327,90674,-0.7880,1.1225,-0.0361,-243.2861,154.2969,260.6201,1.3719,,
DATA,A001,1,2328,90684,-0.6669,0.9470,-0.2070,-224.5483,176.1475,257.4463,1.1766,,
DATA,A001,1,2329,90694,-0.6794,0.8300,-0.1611,-204.3457,145.3247,228.4546,1.0846,,
DATA,A001,1,2330,90704,-0.7340,0.8112,-0.1997,-184.8755,97.7783,224.2432,1.1121,,
DATA,A001,1,2331,90714,-0.7968,0.8786,-0.1452,-152.2217,4.4556,213.9893,1.1949,,
DATA,A001,1,2332,90724,-0.7668,0.9496,-0.1152,-141.7236,-64.3921,192.0776,1.2260,,
DATA,A001,1,2333,90734,-0.4818,1.0153,-0.2404,-136.0474,-122.1313,166.5649,1.1493,,
DATA,A001,1,2334,90744,-0.4137,1.0505,-0.1941,-122.1924,-139.2212,157.4707,1.1456,,
DATA,A001,1,2335,90754,-0.3837,1.1213,-0.2363,-97.1680,-150.8179,137.6953,1.2084,,
DATA,A001,1,2336,90764,-0.3007,1.1611,-0.2827,-82.8247,-147.8882,120.0562,1.2322,,
DATA,A001,1,2337,90774,-0.2665,1.1931,-0.2602,-63.9648,-143.6157,99.6094,1.2498,,
DATA,A001,1,2338,90784,-0.2404,1.1979,-0.2729,-53.8330,-138.6108,86.3647,1.2519,,
DATA,A001,1,2339,90794,-0.1842,1.1784,-0.2749,-44.4946,-129.4556,73.1201,1.2240,,
DATA,A001,1,2340,90804,-0.1967,1.1279,-0.2338,-29.2969,-113.8306,57.8003,1.1685,,
DATA,A001,1,2341,90814,-0.1962,1.0742,-0.2104,-14.4043,-94.4214,43.7622,1.1120,,
DATA,A001,1,2342,90824,-0.2052,1.0537,-0.1611,-4.9438,-80.8716,34.6680,1.0855,,
DATA,A001,1,2343,90834,-0.2182,1.0363,-0.1196,2.2583,-68.5425,25.8179,1.0658,,
DATA,A001,1,2344,90844,-0.1811,1.0153,-0.0900,7.9956,-44.6167,13.1836,1.0353,,
DATA,A001,1,2345,90854,-0.1745,0.9919,-0.0688,9.6436,-25.6348,6.8359,1.0095,,
DATA,A001,1,2346,90864,-0.1886,0.9426,-0.0608,11.9019,5.4321,-0.5493,0.9632,,
DATA,A001,1,2347,90874,-0.2045,0.8908,-0.0510,13.1226,27.2217,-5.4932,0.9154,,
DATA,A001,1,2348,90884,-0.2731,0.8264,-0.0385,15.0757,53.7109,-10.9863,0.8712,,
DATA,A001,1,2349,90894,-0.3114,0.7761,-0.0495,14.9536,64.6362,-13.1836,0.8377,,
DATA,A001,1,2350,90904,-0.3683,0.6987,-0.0634,14.4043,69.2749,-14.0381,0.7924,,
DATA,A001,1,2351,90914,-0.3949,0.6496,-0.0715,14.8315,63.7817,-13.4277,0.7636,,
DATA,A001,1,2352,90924,-0.4074,0.5910,-0.0739,17.2119,47.3022,-11.1084,0.7216,,
DATA,A001,1,2353,90934,-0.4145,0.5698,-0.0651,19.2261,32.5928,-8.7280,0.7076,,
DATA,A001,1,2354,90944,-0.4103,0.5527,-0.0654,21.8506,8.6670,-4.0894,0.6914,,
DATA,A001,1,2355,90954,-0.3986,0.5539,-0.0647,22.8882,-7.0801,-0.7935,0.6855,,
DATA,A001,1,2356,90964,-0.3832,0.5646,-0.0510,24.7803,-26.4893,3.7231,0.6843,,
DATA,A001,1,2357,90974,-0.3766,0.5847,-0.0390,26.4282,-35.7056,6.4087,0.6966,,
DATA,A001,1,2358,90984,-0.3825,0.6357,-0.0149,28.9307,-45.7764,10.3149,0.7420,,
DATA,A001,1,2359,90994,-0.3710,0.6696,0.0083,29.6631,-50.7202,11.8408,0.7656,,
DATA,A001,1,2360,91004,-0.3454,0.7106,0.0420,28.5645,-51.3306,11.8408,0.7912,,
DATA,A001,1,2361,91014,-0.3253,0.7263,0.0545,26.8555,-46.6309,11.4746,0.7977,,
DATA,A001,1,2362,91024,-0.2980,0.7348,0.0623,23.9258,-34.9731,10.3760,0.7954,,
DATA,A001,1,2363,91034,-0.2838,0.7309,0.0642,22.9492,-25.0244,9.1553,0.7867,,
DATA,A001,1,2364,91044,-0.2870,0.7241,0.0542,23.3154,-11.1694,7.6904,0.7808,,
DATA,A001,1,2365,91054,-0.2978,0.7299,0.0503,25.6958,-4.5776,7.5073,0.7899,,
DATA,A001,1,2366,91064,-0.3166,0.7663,0.0603,31.1890,0.1221,7.1411,0.8313,,
DATA,A001,1,2367,91074,-0.3400,0.8200,0.0713,35.4004,0.3662,6.7139,0.8906,,
DATA,A001,1,2368,91084,-0.3839,0.9333,0.0730,40.1001,-3.7231,5.8594,1.0118,,
DATA,A001,1,2369,91094,-0.4023,1.0119,0.0684,41.0156,-8.6670,3.9673,1.0911,,
DATA,A001,1,2370,91104,-0.4176,1.1245,0.0376,39.7339,-15.8691,-1.5259,1.2001,,
DATA,A001,1,2371,91114,-0.4242,1.1977,0.0103,38.6963,-19.7754,-6.1035,1.2706,,
DATA,A001,1,2372,91124,-0.4413,1.3144,-0.0544,38.9404,-26.3062,-13.7329,1.3876,,
DATA,A001,1,2373,91134,-0.4648,1.4101,-0.0808,41.4429,-33.5083,-19.2261,1.4869,,
DATA,A001,1,2374,91144,-0.4884,1.5195,-0.0891,44.7998,-43.1519,-24.8413,1.5985,,
DATA,A001,1,2375,91154,-0.4970,1.6677,-0.0793,44.1895,-61.0962,-36.2549,1.7419,,
DATA,A001,1,2376,91164,-0.4762,1.7079,-0.0888,37.5366,-72.7539,-45.5322,1.7753,,
DATA,A001,1,2377,91174,-0.3954,1.6503,-0.1176,24.9023,-84.4116,-59.9365,1.7011,,
DATA,A001,1,2378,91184,-0.3383,1.5607,-0.1386,20.5078,-85.8765,-70.0684,1.6030,,
DATA,A001,1,2379,91194,-0.2724,1.4589,-0.1633,25.8789,-80.5664,-86.9751,1.4931,,
DATA,A001,1,2380,91204,-0.2419,1.4389,-0.1701,34.9121,-75.0732,-99.1211,1.4690,,
DATA,A001,1,2381,91214,-0.2187,1.4623,-0.1464,47.7295,-66.4673,-115.6006,1.4858,,
DATA,A001,1,2382,91224,-0.2201,1.4782,-0.1274,51.6357,-62.1338,-124.7559,1.4999,,
DATA,A001,1,2383,91234,-0.2245,1.4421,-0.0861,51.4526,-58.7769,-135.8032,1.4620,,
DATA,A001,1,2384,91244,-0.2223,1.3737,-0.0600,49.7437,-58.0444,-142.9443,1.3929,,
DATA,A001,1,2385,91254,-0.2216,1.2370,-0.0454,48.5840,-56.3354,-153.8696,1.2575,,
DATA,A001,1,2386,91264,-0.2191,1.1535,-0.0515,50.8423,-54.5654,-161.0718,1.1753,,
DATA,A001,1,2387,91274,-0.2343,1.0886,-0.0774,58.7769,-51.3306,-170.9595,1.1162,,
DATA,A001,1,2388,91284,-0.2511,1.0891,-0.0957,66.1621,-49.8657,-175.4761,1.1217,,
DATA,A001,1,2389,91294,-0.2807,1.1274,-0.1098,75.2563,-52.6733,-179.0771,1.1670,,
DATA,A001,1,2390,91304,-0.2970,1.1591,-0.1294,77.2095,-58.4717,-179.6265,1.2035,,
DATA,A001,1,2391,91314,-0.3000,1.1799,-0.1596,73.6694,-70.9839,-178.8940,1.2278,,
DATA,A001,1,2392,91324,-0.2943,1.1796,-0.1828,70.4956,-80.2002,-177.3682,1.2295,,
DATA,A001,1,2393,91334,-0.2770,1.1804,-0.2180,66.1011,-92.7124,-174.8657,1.2319,,
DATA,A001,1,2394,91344,-0.2733,1.1818,-0.2380,64.1479,-99.6704,-172.3022,1.2362,,
DATA,A001,1,2395,91354,-0.2668,1.2050,-0.2597,60.3638,-109.1919,-167.0532,1.2612,,
DATA,A001,1,2396,91364,-0.2533,1.2109,-0.2702,56.2134,-114.0747,-162.1704,1.2663,,
DATA,A001,1,2397,91374,-0.2223,1.2065,-0.2690,47.0581,-118.0420,-154.4189,1.2559,,
DATA,A001,1,2398,91384,-0.2035,1.1808,-0.2680,40.7715,-117.3706,-150.3906,1.2279,,
DATA,A001,1,2399,91394,-0.1845,1.1235,-0.2583,33.2031,-112.3047,-144.7144,1.1674,,
DATA,A001,1,2400,91404,-0.1769,1.0837,-0.2483,30.2124,-108.0933,-140.8081,1.1257,,
DATA,A001,1,2401,91414,-0.1566,1.0388,-0.2270,28.3813,-101.2573,-136.2915,1.0748,,
DATA,A001,1,2402,91424,-0.1396,1.0148,-0.2192,27.2827,-95.4590,-134.5215,1.0476,,
DATA,A001,1,2403,91434,-0.1191,0.9843,-0.2077,25.6958,-83.5571,-131.8970,1.0130,,
DATA,A001,1,2404,91444,-0.1098,0.9628,-0.1982,25.0244,-75.0122,-130.0659,0.9891,,
DATA,A001,1,2405,91454,-0.1147,0.9284,-0.1897,24.7803,-63.5986,-127.7466,0.9545,,
DATA,A001,1,2406,91464,-0.1225,0.9091,-0.1848,24.9023,-57.5562,-126.4038,0.9358,,
DATA,A001,1,2407,91474,-0.1256,0.8889,-0.1784,25.3296,-52.7954,-124.8779,0.9153,,
DATA,A001,1,2408,91484,-0.1325,0.8720,-0.1799,26.9165,-48.1567,-122.6807,0.9002,,
DATA,A001,1,2409,91494,-0.1337,0.8725,-0.1826,28.4424,-45.8984,-120.8496,0.9014,,
DATA,A001,1,2410,91504,-0.1364,0.8886,-0.1862,29.6631,-42.9077,-116.9434,0.9181,,
DATA,A001,1,2411,91514,-0.1396,0.9028,-0.1882,28.8696,-41.3208,-113.3423,0.9327,,
DATA,A001,1,2412,91524,-0.1440,0.9116,-0.1936,27.2827,-39.9170,-107.2388,0.9429,,
DATA,A001,1,2413,91534,-0.1447,0.9179,-0.1901,26.3672,-39.3066,-102.4170,0.9485,,
DATA,A001,1,2414,91544,-0.1454,0.9262,-0.1840,24.0479,-38.3911,-94.3604,0.9554,,
DATA,A001,1,2415,91554,-0.1449,0.9306,-0.1792,22.3389,-37.1704,-88.3789,0.9587,,
DATA,A001,1,2416,91564,-0.1471,0.9360,-0.1775,20.2637,-35.7056,-78.2471,0.9639,,
DATA,A001,1,2417,91574,-0.1449,0.9306,-0.1733,18.9209,-34.7290,-70.8618,0.9576,,
DATA,A001,1,2418,91584,-0.1481,0.9238,-0.1579,17.0898,-33.1421,-58.6548,0.9488,,
DATA,A001,1,2419,91594,-0.1440,0.9150,-0.1489,15.5029,-31.9824,-50.1099,0.9381,,
DATA,A001,1,2420,91604,-0.1357,0.8869,-0.1416,13.1836,-29.3579,-36.6211,0.9083,,
DATA,A001,1,2421,91614,-0.1310,0.8640,-0.1342,11.3525,-26.4893,-27.4658,0.8841,,
DATA,A001,1,2422,91624,-0.1325,0.8278,-0.1191,9.3384,-20.3247,-13.2446,0.8468,,
DATA,A001,1,2423,91634,-0.1369,0.8046,-0.1054,8.7280,-15.1978,-3.4790,0.8230,,
DATA,A001,1,2424,91644,-0.1422,0.7880,-0.0815,8.0566,-7.8735,12.2070,0.8049,,
DATA,A001,1,2425,91654,-0.1510,0.7900,-0.0644,8.3008,-3.5400,23.9868,0.8069,,
DATA,A001,1,2426,91664,-0.1527,0.8154,-0.0468,7.2632,1.7090,43.3960,0.8309,,
DATA,A001,1,2427,91674,-0.1479,0.8569,-0.0439,5.7373,4.7607,58.6548,0.8706,,
DATA,A001,1,2428,91684,-0.1357,0.9457,-0.0781,3.1128,11.0474,85.5713,0.9586,,
DATA,A001,1,2429,91694,-0.1349,1.0129,-0.1052,1.1597,17.8833,104.5532,1.0272,,
DATA,A001,1,2430,91704,-0.1271,1.1044,-0.1091,-5.6152,31.1279,136.4746,1.1171,,
DATA,A001,1,2431,91714,-0.1513,1.1406,-0.1103,-14.6484,40.7104,158.3862,1.1558,,
DATA,A001,1,2432,91724,-0.2155,1.1503,-0.1337,-30.3955,53.1006,188.2935,1.1780,,
DATA,A001,1,2433,91734,-0.2721,1.1408,-0.1596,-37.7808,59.9365,206.9702,1.1836,,
DATA,A001,1,2434,91744,-0.3432,1.1496,-0.2285,-41.8701,67.5049,233.5205,1.2213,,
DATA,A001,1,2435,91754,-0.4035,1.1625,-0.2651,-41.5649,73.2422,248.6572,1.2588,,
DATA,A001,1,2436,91764,-0.4943,1.1677,-0.2373,-42.9077,80.3833,268.3105,1.2900,,
DATA,A001,1,2437,91774,-0.5380,1.1691,-0.1723,-46.7529,76.6602,281.3110,1.2985,,
DATA,A001,1,2438,91784,-0.5551,1.1591,-0.0859,-51.5747,62.2559,292.1753,1.2880,,
DATA,A001,1,2439,91794,-0.5436,1.1188,0.0462,-56.0913,28.5645,300.1099,1.2448,,
DATA,A001,1,2440,91804,-0.5185,1.1032,0.1187,-55.2979,2.4414,301.3916,1.2247,,
DATA,A001,1,2441,91814,-0.4401,1.1140,0.1836,-47.9736,-34.6680,298.0347,1.2117,,
DATA,A001,1,2442,91824,-0.3673,1.1440,0.1905,-40.7715,-53.8940,294.9219,1.2165,,
DATA,A001,1,2443,91834,-0.2655,1.2143,0.1556,-29.2358,-67.9932,288.6353,1.2527,,
DATA,A001,1,2444,91844,-0.2375,1.2734,0.1072,-21.9727,-66.0400,281.7383,1.2998,,
DATA,A001,1,2445,91854,-0.2301,1.3786,0.0852,-24.3530,-29.7241,242.5537,1.4003,,
DATA,A001,1,2446,91864,-0.4189,1.3989,-0.0295,-15.0757,-26.3062,256.5918,1.4605,,
DATA,A001,1,2447,91874,-0.3947,1.4277,-0.0424,-2.0752,-22.2168,239.9292,1.4818,,
DATA,A001,1,2448,91884,-0.4828,1.4016,-0.0764,0.9155,-30.6396,226.6846,1.4843,,
DATA,A001,1,2449,91894,-0.3512,1.3168,-0.0090,-6.7139,2.8687,176.0864,1.3629,,
DATA,A001,1,2450,91904,-0.3337,1.2697,0.0245,-11.9019,18.0054,173.5840,1.3130,,
DATA,A001,1,2451,91914,-0.3676,1.1616,0.0030,-9.7046,24.9023,164.3066,1.2183,,
DATA,A001,1,2452,91924,-0.3795,1.0688,-0.0051,-7.6904,26.6724,139.5874,1.1342,,
DATA,A001,1,2453,91934,-0.3483,0.9426,-0.0620,-6.7139,22.6440,111.8774,1.0068,,
DATA,A001,1,2454,91944,-0.3708,0.8771,-0.0759,-1.8311,13.3667,97.1680,0.9553,,
DATA,A001,1,2455,91954,-0.4013,0.8344,-0.0683,9.1553,-11.4136,77.8809,0.9284,,
DATA,A001,1,2456,91964,-0.3634,0.8371,-0.0649,14.7705,-28.4424,67.1997,0.9149,,
DATA,A001,1,2457,91974,-0.3249,0.8539,-0.0217,19.3481,-47.3633,52.4902,0.9139,,
DATA,A001,1,2458,91984,-0.2775,0.8762,-0.0119,20.5688,-52.0630,42.8467,0.9191,,
DATA,A001,1,2459,91994,-0.2223,0.9086,-0.0197,19.5923,-45.8374,31.6772,0.9356,,
DATA,A001,1,2460,92004,-0.2099,0.9218,-0.0251,18.5547,-37.7808,26.9165,0.9457,,
DATA,A001,1,2461,92014,-0.1867,0.9362,-0.0332,18.5547,-19.0430,19.7144,0.9552,,
DATA,A001,1,2462,92024,-0.1916,0.9435,-0.0210,18.7988,-3.4180,16.1133,0.9630,,
DATA,A001,1,2463,92034,-0.2419,0.9521,0.0127,17.5171,17.8833,14.5264,0.9824,,
DATA,A001,1,2464,92044,-0.2795,0.9496,0.0479,15.8691,27.7100,14.4653,0.9911,,
DATA,A001,1,2465,92054,-0.3395,0.9406,0.1040,13.3667,33.2031,14.2212,1.0054,,
DATA,A001,1,2466,92064,-0.3505,0.9235,0.1133,12.0239,33.2031,14.0381,0.9943,,
DATA,A001,1,2467,92074,-0.3341,0.8810,0.1375,9.8267,32.4707,14.7705,0.9523,,
DATA,A001,1,2468,92084,-0.3253,0.8535,0.1453,8.0566,33.5083,15.6250,0.9249,,
DATA,A001,1,2469,92094,-0.3100,0.8076,0.1311,6.7139,38.6353,16.7847,0.8749,,
DATA,A001,1,2470,92104,-0.3156,0.7785,0.1336,6.7749,41.6870,17.3950,0.8506,,
DATA,A001,1,2471,92114,-0.3361,0.7626,0.1321,7.8735,43.8843,18.1885,0.8438,,
DATA,A001,1,2472,92124,-0.3700,0.7502,0.1363,10.4370,42.4194,19.4092,0.8475,,
DATA,A001,1,2473,92134,-0.3962,0.7487,0.1492,11.9629,37.1094,20.0195,0.8601,,
DATA,A001,1,2474,92144,-0.4274,0.7768,0.1651,13.7939,23.6816,20.9961,0.9018,,
DATA,A001,1,2475,92154,-0.4411,0.8000,0.1680,14.5874,11.7798,21.4844,0.9288,,
DATA,A001,1,2476,92164,-0.4403,0.8564,0.1709,16.1133,-6.2256,21.0571,0.9780,,
DATA,A001,1,2477,92174,-0.4316,0.9262,0.1673,16.9067,-16.0522,20.3857,1.0354,,
DATA,A001,1,2478,92184,-0.4220,1.0400,0.1517,14.9536,-26.5503,18.1885,1.1325,,
DATA,A001,1,2479,92194,-0.3993,1.1088,0.1302,11.2305,-29.6021,14.8315,1.1857,,
DATA,A001,1,2480,92204,-0.3839,1.1879,0.0689,3.2959,-29.0527,7.0801,1.2503,,
DATA,A001,1,2481,92214,-0.3886,1.2370,0.0103,-1.6479,-27.7100,0.8545,1.2966,,
DATA,A001,1,2482,92224,-0.4137,1.3515,-0.0271,-4.0283,-28.9917,-9.8267,1.4137,,
DATA,A001,1,2483,92234,-0.4245,1.4418,-0.0551,-5.0659,-31.9824,-18.4326,1.5040,,
DATA,A001,1,2484,92244,-0.4113,1.5402,-0.0620,-12.2681,-37.7808,-35.0342,1.5954,,
DATA,A001,1,2485,92254,-0.3783,1.5561,-0.0712,-20.8130,-38.6353,-47.4243,1.6030,,
DATA,A001,1,2486,92264,-0.3356,1.4892,-0.1154,-32.4707,-34.3628,-67.3828,1.5309,,
DATA,A001,1,2487,92274,-0.3139,1.4296,-0.1396,-34.3628,-30.0293,-81.6650,1.4703,,
DATA,A001,1,2488,92284,-0.2807,1.4277,-0.1565,-25.0244,-23.1323,-104.1260,1.4634,,
DATA,A001,1,2489,92294,-0.2685,1.4870,-0.1384,-16.7236,-19.8364,-119.0796,1.5174,,
DATA,A001,1,2490,92304,-0.2411,1.5471,-0.1054,-13.6108,-16.5405,-137.8174,1.5693,,
DATA,A001,1,2491,92314,-0.2211,1.4912,-0.0993,-20.8740,-14.3433,-147.3999,1.5107,,
DATA,A001,1,2492,92324,-0.2052,1.2941,-0.1110,-32.2876,-12.8174,-161.1938,1.3150,,
DATA,A001,1,2493,92334,-0.2011,1.1762,-0.1237,-29.2969,-11.7798,-170.6543,1.1997,,
DATA,A001,1,2494,92344,-0.2182,1.1428,-0.1477,-9.2163,-12.1460,-183.6548,1.1727,,
DATA,A001,1,2495,92354,-0.2370,1.2045,-0.1557,5.9204,-14.2212,-189.3311,1.2375,,
DATA,A001,1,2496,92364,-0.2712,1.3188,-0.1521,16.7847,-21.2402,-192.3218,1.3549,,
DATA,A001,1,2497,92374,-0.2812,1.3613,-0.1545,14.4653,-29.0527,-192.0166,1.3986,,
DATA,A001,1,2498,92384,-0.2650,1.3361,-0.1472,6.2866,-41.1987,-189.9414,1.3701,,
DATA,A001,1,2499,92394,-0.2558,1.2885,-0.1704,3.1738,-49.4995,-186.7676,1.3247,,
DATA,A001,1,2500,92404,-0.2931,1.2350,-0.1753,5.2490,-65.6738,-179.9927,1.2814,,
DATA,A001,1,2501,92414,-0.2519,1.2255,-0.2019,6.6528,-72.9980,-178.7720,1.2673,,
DATA,A001,1,2502,92424,-0.2690,1.2175,-0.2219,3.7231,-75.8057,-171.7529,1.2664,,
DATA,A001,1,2503,92434,-0.2770,1.1955,-0.2131,2.5635,-76.2939,-167.5415,1.2455,,
DATA,A001,1,2504,92444,-0.2702,1.1584,-0.2006,-0.0610,-77.5146,-163.8184,1.2063,,
DATA,A001,1,2505,92454,-0.2589,1.1208,-0.2006,-1.7700,-79.2847,-159.3628,1.1677,,
DATA,A001,1,2506,92464,-0.2441,1.0646,-0.1892,-4.3945,-83.8013,-152.5879,1.1085,,
DATA,A001,1,2507,92474,-0.2213,1.0258,-0.1882,-5.3101,-86.1816,-150.2686,1.0662,,
DATA,A001,1,2508,92484,-0.1994,0.9943,-0.1938,-5.9814,-86.4258,-148.8037,1.0325,,
DATA,A001,1,2509,92494,-0.1825,0.9731,-0.1980,-4.8218,-83.9844,-145.6909,1.0097,,
DATA,A001,1,2510,92504,-0.1794,0.9716,-0.2024,-3.1738,-82.3364,-143.0664,1.0085,,
DATA,A001,1,2511,92514,-0.1855,0.9916,-0.2136,-2.3193,-81.4819,-139.8926,1.0312,,
DATA,A001,1,2512,92524,-0.1913,1.0046,-0.2204,-3.1128,-82.5806,-138.1836,1.0461,,
DATA,A001,1,2513,92534,-0.1811,1.0248,-0.2373,-6.7139,-85.6323,-135.6201,1.0674,,
DATA,A001,1,2514,92544,-0.1662,1.0285,-0.2512,-9.6436,-87.4023,-133.9722,1.0717,,
DATA,A001,1,2515,92554,-0.1342,1.0158,-0.2783,-14.4653,-86.3037,-131.2256,1.0618,,
DATA,A001,1,2516,92564,-0.1159,1.0002,-0.2893,-16.9067,-82.7026,-129.2725,1.0476,,
DATA,A001,1,2517,92574,-0.0963,0.9789,-0.3025,-18.9209,-73.4253,-126.7090,1.0291,,
DATA,A001,1,2518,92584,-0.0819,0.9626,-0.3059,-19.4702,-65.6128,-125.1221,1.0133,,
DATA,A001,1,2519,92594,-0.0719,0.9477,-0.2941,-19.4702,-52.0020,-122.4976,0.9949,,
DATA,A001,1,2520,92604,-0.0651,0.9409,-0.2876,-19.4092,-41.8701,-120.7886,0.9860,,
DATA,A001,1,2521,92614,-0.0597,0.9152,-0.2600,-18.5547,-24.9634,-117.9810,0.9533,,
DATA,A001,1,2522,92624,-0.0649,0.9091,-0.2419,-16.7847,-13.2446,-116.2720,0.9430,,
DATA,A001,1,2523,92634,-0.0670,0.9150,-0.2316,-11.5356,4.0283,-112.9761,0.9462,,
DATA,A001,1,2524,92644,-0.0675,0.9230,-0.2202,-7.2632,14.7705,-109.9243,0.9513,,
DATA,A001,1,2525,92654,-0.0839,0.9223,-0.2028,-3.2959,29.5410,-104.6143,0.9481,,
DATA,A001,1,2526,92664,-0.1007,0.9103,-0.1928,-1.7090,37.1704,-100.2197,0.9360,,
DATA,A001,1,2527,92674,-0.1266,0.8735,-0.1814,1.5259,42.3584,-92.7734,0.9010,,
DATA,A001,1,2528,92684,-0.1298,0.8456,-0.1806,4.3335,43.9453,-87.0361,0.8744,,
DATA,A001,1,2529,92694,-0.1354,0.8329,-0.1833,10.9253,44.9219,-76.1719,0.8636,,
DATA,A001,1,2530,92704,-0.1418,0.8515,-0.1862,16.6016,45.1660,-67.1997,0.8831,,
DATA,A001,1,2531,92714,-0.1552,0.8835,-0.1894,22.8882,43.8843,-52.0630,0.9168,,
DATA,A001,1,2532,92724,-0.1725,0.9011,-0.1853,24.9634,41.1987,-41.2598,0.9359,,
DATA,A001,1,2533,92734,-0.1908,0.9111,-0.1643,27.5879,34.0576,-23.4375,0.9452,,
DATA,A001,1,2534,92744,-0.2001,0.9162,-0.1513,29.4189,26.9775,-10.2539,0.9499,,
DATA,A001,1,2535,92754,-0.1964,0.9487,-0.1460,32.1045,16.3574,11.3525,0.9797,,
DATA,A001,1,2536,92764,-0.1894,0.9797,-0.1323,34.0576,11.4136,26.4282,1.0065,,
DATA,A001,1,2537,92774,-0.1779,1.0200,-0.1147,34.7290,8.6670,42.9077,1.0417,,
DATA,A001,1,2538,92784,-0.1652,1.0666,-0.1115,31.5552,9.0942,69.0308,1.0851,,
DATA,A001,1,2539,92794,-0.1676,1.0803,-0.1030,28.1982,12.5122,87.4023,1.0980,,
DATA,A001,1,2540,92804,-0.1784,1.0905,-0.0825,24.9634,21.1182,117.1875,1.1081,,
DATA,A001,1,2541,92814,-0.1864,1.0888,-0.0659,23.1323,28.8696,136.4136,1.1066,,
DATA,A001,1,2542,92824,-0.2043,1.0497,-0.0295,17.5781,47.5464,161.1328,1.0698,,
DATA,A001,1,2543,92834,-0.2475,1.0119,0.0027,13.4277,62.3169,176.5747,1.0417,,
DATA,A001,1,2544,92844,-0.3324,0.9765,0.0486,8.6060,76.4771,200.0732,1.0327,,
DATA,A001,1,2545,92854,-0.3693,0.9670,0.0664,6.2866,76.9653,213.8672,1.0372,,
DATA,A001,1,2546,92864,-0.3839,0.9706,0.0830,2.1362,66.8335,230.4077,1.0471,,
DATA,A001,1,2547,92874,-0.3778,0.9858,0.1033,0.3052,56.4575,239.6851,1.0608,,
DATA,A001,1,2548,92884,-0.3898,1.0427,0.1192,-2.0142,38.5742,250.4883,1.1195,,
DATA,A001,1,2549,92894,-0.4069,1.1017,0.1289,-3.7842,26.0010,254.8828,1.1815,,
DATA,A001,1,2550,92904,-0.4350,1.1879,0.1358,-8.1177,6.6528,258.1177,1.2723,,
DATA,A001,1,2551,92914,-0.4511,1.2226,0.1414,-12.0850,-6.5918,258.6670,1.3108,,
DATA,A001,1,2552,92924,-0.4540,1.2487,0.1329,-17.8223,-26.3062,257.2021,1.3353,,
DATA,A001,1,2553,92934,-0.4445,1.2499,0.1228,-19.6533,-38.2080,254.6997,1.3323,,
DATA,A001,1,2554,92944,-0.3878,1.2585,0.1050,-18.1274,-49.2554,248.5962,1.3211,,
DATA,A001,1,2555,92954,-0.3720,1.2761,0.1224,-19.1650,-49.9268,238.4644,1.3348,,
DATA,A001,1,2556,92964,-0.3097,1.2631,0.0870,-15.0146,-38.0859,232.9102,1.3034,,
DATA,A001,1,2557,92974,-0.2860,1.2404,0.1128,3.4790,-23.8037,234.0088,1.2780,,
DATA,A001,1,2558,92984,-0.5006,1.3193,0.1687,-5.8594,-12.5122,203.1860,1.4211,,
DATA,A001,1,2559,92994,-0.4701,1.2744,0.1719,-15.5029,-24.0479,199.7681,1.3691,,
DATA,A001,1,2560,93004,-0.2692,1.1840,0.1770,-9.4604,-17.2119,193.5425,1.2271,,
DATA,A001,1,2561,93014,-0.3139,1.1494,0.2195,-4.8218,7.0190,176.5747,1.2115,,
DATA,A001,1,2562,93024,-0.3344,1.1367,0.1778,-7.9346,41.9922,153.5034,1.1981,,
DATA,A001,1,2563,93034,-0.3778,1.0893,0.1426,-12.9395,52.6733,146.2402,1.1618,,
DATA,A001,1,2564,93044,-0.4359,1.0002,0.0767,-16.2964,52.5513,131.5308,1.0938,,
DATA,A001,1,2565,93054,-0.4384,0.9504,0.0511,-14.4043,45.8984,120.3003,1.0479,,
DATA,A001,1,2566,93064,-0.4379,0.9265,0.0508,-7.9346,28.8696,106.7505,1.0260,,
DATA,A001,1,2567,93074,-0.4179,0.9338,0.0415,-3.8452,17.7002,101.1353,1.0239,,
DATA,A001,1,2568,93084,-0.4047,0.9572,0.0559,-1.5259,3.9673,90.9424,1.0408,,
DATA,A001,1,2569,93094,-0.4074,0.9636,0.0557,-2.1973,-4.2114,83.0078,1.0476,,
DATA,A001,1,2570,93104,-0.3825,0.9577,0.0420,-2.6245,-9.8877,76.1719,1.0321,,
DATA,A001,1,2571,93114,-0.3771,0.9516,0.0450,-2.0142,-14.5874,67.2607,1.0246,,
DATA,A001,1,2572,93124,-0.3788,0.9455,0.0406,-1.1597,-16.2964,61.7676,1.0194,,
DATA,A001,1,2573,93134,-0.3691,0.9435,0.0389,-0.6104,-17.7002,54.7485,1.0139,,
DATA,A001,1,2574,93144,-0.3835,0.9382,0.0452,-0.9155,-19.3481,50.6592,1.0145,,
DATA,A001,1,2575,93154,-0.3861,0.9240,0.0467,-1.6479,-22.8882,44.1284,1.0025,,
DATA,A001,1,2576,93164,-0.3866,0.9030,0.0657,-1.8921,-25.3906,40.3442,0.9845,,
DATA,A001,1,2577,93174,-0.3839,0.8715,0.0686,-2.9297,-28.8696,34.9121,0.9548,,
DATA,A001,1,2578,93184,-0.3778,0.8432,0.0721,-3.6621,-29.7852,31.1279,0.9268,,
DATA,A001,1,2579,93194,-0.3808,0.7880,0.0809,-4.3335,-30.7007,25.8789,0.8789,,
DATA,A001,1,2580,93204,-0.3832,0.7580,0.0904,-4.2725,-31.4941,22.0947,0.8542,,
DATA,A001,1,2581,93214,-0.3905,0.7170,0.0955,-2.7466,-34.3628,16.0522,0.8220,,
DATA,A001,1,2582,93224,-0.4005,0.7043,0.0921,-1.2207,-38.7573,12.2681,0.8154,,
DATA,A001,1,2583,93234,-0.4035,0.7045,0.0823,1.7090,-47.0581,6.5308,0.8160,,
DATA,A001,1,2584,93244,-0.4201,0.7292,0.0767,4.0894,-54.2603,3.2349,0.8450,,
DATA,A001,1,2585,93254,-0.4237,0.8056,0.0516,8.9722,-66.3452,-2.4414,0.9117,,
DATA,A001,1,2586,93264,-0.4198,0.8891,0.0354,12.3901,-73.6084,-7.0801,0.9839,,
DATA,A001,1,2587,93274,-0.3991,1.0534,0.0074,16.7236,-81.4209,-15.9302,1.1265,,
DATA,A001,1,2588,93284,-0.3920,1.1633,-0.0134,16.9678,-85.0220,-22.9492,1.2276,,
DATA,A001,1,2589,93294,-0.3588,1.2639,-0.0341,10.4980,-90.1489,-35.7666,1.3142,,
DATA,A001,1,2590,93304,-0.3178,1.2726,-0.0661,3.8452,-91.7358,-46.5088,1.3134,,
DATA,A001,1,2591,93314,-0.2587,1.2568,-0.1337,-0.7324,-88.3179,-63.2935,1.2901,,
DATA,A001,1,2592,93324,-0.2392,1.2800,-0.1438,3.6621,-84.4727,-73.1201,1.3100,,
DATA,A001,1,2593,93334,-0.2101,1.3869,-0.1374,13.9160,-78.2471,-87.8906,1.4094,,
DATA,A001,1,2594,93344,-0.1942,1.4658,-0.1352,16.2354,-74.8291,-98.1445,1.4847,,
DATA,A001,1,2595,93354,-0.1671,1.5275,-0.1408,9.9487,-68.9697,-111.1450,1.5431,,
DATA,A001,1,2596,93364,-0.1513,1.5082,-0.1452,3.7842,-64.5752,-117.5537,1.5227,,
DATA,A001,1,2597,93374,-0.1376,1.4453,-0.1401,0.4272,-55.8472,-124.4507,1.4585,,
DATA,A001,1,2598,93384,-0.1503,1.3972,-0.1320,1.0376,-49.8657,-128.1128,1.4114,,
DATA,A001,1,2599,93394,-0.1886,1.3273,-0.1186,2.4414,-44.4336,-131.3477,1.3459,,
DATA,A001,1,2600,93404,-0.2165,1.2746,-0.1145,3.1128,-44.3726,-132.0190,1.2979,,
DATA,A001,1,2601,93414,-0.2492,1.2131,-0.1225,4.6387,-48.4619,-130.9814,1.2444,,
DATA,A001,1,2602,93424,-0.2702,1.1750,-0.1311,6.5918,-53.3447,-129.1504,1.2128,,
DATA,A001,1,2603,93434,-0.2807,1.1511,-0.1394,8.4839,-59.6924,-126.2207,1.1930,,
DATA,A001,1,2604,93444,-0.2878,1.1245,-0.1589,10.2539,-71.5332,-119.7510,1.1715,,
DATA,A001,1,2605,93454,-0.2917,1.1118,-0.1665,10.5591,-79.7119,-114.6240,1.1614,,
DATA,A001,1,2606,93464,-0.2975,1.0947,-0.1770,10.1318,-92.8955,-105.4077,1.1481,,
DATA,A001,1,2607,93474,-0.3112,1.0878,-0.1765,9.1553,-103.2104,-98.3887,1.1451,,
DATA,A001,1,2608,93484,-0.3315,1.0754,-0.1794,6.7139,-121.7041,-87.1582,1.1395,,
DATA,A001,1,2609,93494,-0.3554,1.0685,-0.1743,3.9673,-137.0850,-79.4067,1.1395,,
DATA,A001,1,2610,93504,-0.3786,1.0610,-0.1775,-1.4038,-162.8418,-68.2373,1.1404,,
DATA,A001,1,2611,93514,-0.3859,1.0510,-0.1782,-5.3101,-181.3965,-61.2183,1.1337,,
DATA,A001,1,2612,93524,-0.3905,1.0439,-0.1804,-11.2915,-209.0454,-51.9409,1.1290,,
DATA,A001,1,2613,93534,-0.3756,1.0510,-0.1877,-15.3809,-225.8301,-46.7529,1.1318,,
DATA,A001,1,2614,93544,-0.3495,1.0607,-0.2038,-22.2778,-245.4834,-40.7715,1.1353,,
DATA,A001,1,2615,93554,-0.3437,1.0722,-0.2124,-27.5879,-255.1880,-37.4756,1.1458,,
DATA,A001,1,2616,93564,-0.3512,1.0839,-0.2229,-36.8042,-267.4561,-33.9966,1.1610,,
DATA,A001,1,2617,93574,-0.3500,1.0993,-0.2348,-42.6636,-274.2310,-33.7524,1.1773,,
DATA,A001,1,2618,93584,-0.3112,1.1362,-0.2849,-50.3540,-281.3721,-34.8511,1.2120,,
DATA,A001,1,2619,93594,-0.2660,1.1528,-0.3220,-55.1758,-282.2876,-35.8887,1.2261,,
DATA,A001,1,2620,93604,-0.1899,1.1528,-0.3698,-64.4531,-274.3530,-38.6353,1.2254,,
DATA,A001,1,2621,93614,-0.1371,1.1308,-0.3989,-70.9839,-261.9629,-41.2598,1.2069,,
DATA,A001,1,2622,93624,-0.0734,1.0991,-0.4382,-77.0874,-235.0464,-45.9595,1.1855,,
DATA,A001,1,2623,93634,-0.0417,1.0917,-0.4511,-76.9653,-213.3789,-49.0112,1.1820,,
DATA,A001,1,2624,93644,-0.0119,1.1181,-0.4504,-73.8525,-178.7109,-53.7720,1.2055,,
DATA,A001,1,2625,93654,0.0040,1.1457,-0.4455,-72.3267,-155.1514,-57.0679,1.2293,,
DATA,A001,1,2626,93664,0.0155,1.1821,-0.4323,-72.6318,-118.8965,-63.2935,1.2587,,
DATA,A001,1,2627,93674,0.0235,1.1852,-0.4189,-73.1812,-94.7266,-68.1763,1.2573,,
DATA,A001,1,2628,93684,0.0323,1.1647,-0.3940,-72.3877,-57.9224,-76.9043,1.2300,,
DATA,A001,1,2629,93694,0.0360,1.1367,-0.3640,-70.0684,-33.6914,-83.3740,1.1941,,
DATA,A001,1,2630,93704,0.0357,1.0783,-0.3264,-65.4907,1.4038,-93.6279,1.1272,,
DATA,A001,1,2631,93714,0.0311,1.0302,-0.3029,-61.8896,23.8647,-100.7080,1.0743,,
DATA,A001,1,2632,93724,0.0123,0.9560,-0.2683,-54.3823,54.6875,-110.7178,0.9930,,
DATA,A001,1,2633,93734,-0.0063,0.9203,-0.2478,-46.9971,72.9370,-116.3940,0.9531,,
DATA,A001,1,2634,93744,-0.0297,0.9020,-0.2316,-37.7197,88.8672,-121.6431,0.9318,,
DATA,A001,1,2635,93754,-0.0834,0.9016,-0.2077,-22.3389,107.3608,-127.9297,0.9289,,
DATA,A001,1,2636,93764,-0.1234,0.9243,-0.1945,-12.8174,115.5396,-130.6763,0.9525,,
DATA,A001,1,2637,93774,-0.1740,0.9648,-0.1853,-0.6714,120.9106,-132.5073,0.9977,,
DATA,A001,1,2638,93784,-0.1999,0.9833,-0.1870,4.8218,119.7510,-131.8970,1.0207,,
DATA,A001,1,2639,93794,-0.2194,0.9733,-0.1982,9.7046,112.6099,-128.4180,1.0172,,
DATA,A001,1,2640,93804,-0.2348,0.9494,-0.2004,12.3291,105.2246,-124.5728,0.9983,,
DATA,A001,1,2641,93814,-0.2467,0.8974,-0.1982,17.5171,91.3086,-117.1875,0.9516,,
DATA,A001,1,2642,93824,-0.2511,0.8762,-0.1965,22.5830,80.5054,-110.7178,0.9324,,
DATA,A001,1,2643,93834,-0.2692,0.8701,-0.1821,30.6396,60.7300,-98.7549,0.9288,,
DATA,A001,1,2644,93844,-0.2902,0.8708,-0.1608,35.4614,44.9219,-89.1113,0.9319,,
DATA,A001,1,2645,93854,-0.3293,0.8886,-0.1081,39.3066,15.8691,-73.6084,0.9538,,
DATA,A001,1,2646,93864,-0.3412,0.8903,-0.0866,38.7573,-6.1646,-63.4155,0.9574,,
DATA,A001,1,2647,93874,-0.2978,0.9018,-0.1291,36.3159,-36.5601,-48.8892,0.9584,,
DATA,A001,1,2648,93884,-0.2616,0.9111,-0.1711,36.8652,-49.6216,-39.4897,0.9632,,
DATA,A001,1,2649,93894,-0.2387,0.9604,-0.2231,44.0063,-54.0771,-25.0854,1.0144,,
DATA,A001,1,2650,93904,-0.2255,1.0107,-0.2470,50.9644,-50.6592,-14.7095,1.0646,,
DATA,A001,1,2651,93914,-0.1952,1.0786,-0.2551,58.2275,-38.3911,-0.1831,1.1254,,
DATA,A001,1,2652,93924,-0.1862,1.0883,-0.2402,59.0210,-25.9399,9.7046,1.1300,,
DATA,A001,1,2653,93934,-0.2274,1.0170,-0.1775,57.6172,-6.2256,26.6113,1.0572,,
DATA,A001,1,2654,93944,-0.2731,0.9374,-0.1208,59.3262,3.4790,38.3301,0.9839,,
DATA,A001,1,2655,93954,-0.3588,0.8173,-0.0207,68.0542,8.9722,54.4434,0.8928,,
DATA,A001,1,2656,93964,-0.4081,0.7634,0.0594,77.0264,7.5684,64.2700,0.8676,,
DATA,A001,1,2657,93974,-0.4718,0.7204,0.1871,89.9658,1.8921,77.5146,0.8812,,
DATA,A001,1,2658,93984,-0.5258,0.7228,0.2898,94.9097,-2.8687,84.7168,0.9397,,
DATA,A001,1,2659,93994,-0.6169,0.7233,0.3970,94.0552,-13.9771,90.8203,1.0302,,
DATA,A001,1,2660,94004,-0.6610,0.7119,0.4078,88.5620,-27.3438,91.8579,1.0536,,
DATA,A001,1,2661,94014,-0.6864,0.6821,0.3362,77.5146,-55.6030,89.8438,1.0244,,
DATA,A001,1,2662,94024,-0.6635,0.6721,0.2637,74.1577,-76.1108,87.0361,0.9805,,
DATA,A001,1,2663,94034,-0.5929,0.7138,0.1641,75.8667,-100.8911,81.2988,0.9423,,
DATA,A001,1,2664,94044,-0.5412,0.7763,0.1036,78.7964,-109.8633,76.5991,0.9520,,
DATA,A001,1,2665,94054,-0.4635,0.8740,0.0452,81.4819,-110.4736,69.0918,0.9903,,
DATA,A001,1,2666,94064,-0.4272,0.9462,0.0225,81.9092,-105.3467,64.6362,1.0384,,
DATA,A001,1,2667,94074,-0.4084,1.0014,0.0125,81.1157,-98.0225,61.7065,1.0815,,
DATA,A001,1,2668,94084,-0.3935,1.0610,0.0323,79.7119,-85.6323,59.0210,1.1320,,
DATA,A001,1,2669,94094,-0.3913,1.0856,0.0816,76.9043,-74.7070,56.7017,1.1569,,
DATA,A001,1,2670,94104,-0.3918,1.0856,0.1177,74.5239,-68.9697,55.6030,1.1601,,
DATA,A001,1,2671,94114,-0.3962,1.0651,0.1514,71.5332,-64.8193,53.9551,1.1465,,
DATA,A001,1,2672,94124,-0.3996,1.0078,0.1890,66.5283,-60.2417,50.2319,1.1004,,
DATA,A001,1,2673,94134,-0.4030,0.9641,0.2161,64.5142,-58.6548,47.6685,1.0670,,
DATA,A001,1,2674,94144,-0.4076,0.9101,0.2456,64.0259,-57.8613,44.4336,1.0270,,
DATA,A001,1,2675,94154,-0.4142,0.8896,0.2684,64.1479,-58.5327,41.8701,1.0173,,
DATA,A001,1,2676,94164,-0.4230,0.8720,0.2703,62.1948,-61.8286,37.7197,1.0062,,
DATA,A001,1,2677,94174,-0.4254,0.8610,0.2491,59.5703,-66.1011,35.2783,0.9922,,
DATA,A001,1,2678,94184,-0.4164,0.8491,0.2051,56.1523,-74.8291,33.0811,0.9677,,
DATA,A001,1,2679,94194,-0.4069,0.8442,0.1722,54.7485,-80.6885,32.4097,0.9528,,
DATA,A001,1,2680,94204,-0.3810,0.8515,0.1250,53.1006,-87.8906,32.8979,0.9412,,
DATA,A001,1,2681,94214,-0.3691,0.8635,0.1141,51.9409,-90.9424,34.2407,0.9459,,
DATA,A001,1,2682,94224,-0.3896,0.8879,0.1243,49.3774,-94.5435,37.4756,0.9775,,
DATA,A001,1,2683,94234,-0.4110,0.9057,0.1277,47.1191,-98.9380,39.3066,1.0028,,
DATA,A001,1,2684,94244,-0.4152,0.9269,0.1485,43.7012,-109.3750,42.9688,1.0265,,
DATA,A001,1,2685,94254,-0.3954,0.9338,0.1563,40.5884,-115.9058,44.1284,1.0260,,
DATA,A001,1,2686,94264,-0.3566,0.9377,0.1827,35.2783,-120.4834,43.9453,1.0197,,
DATA,A001,1,2687,94274,-0.3446,0.9335,0.1856,31.6772,-119.5679,43.0908,1.0123,,
DATA,A001,1,2688,94284,-0.3327,0.9362,0.1849,26.5503,-116.0889,40.2832,1.0106,,
DATA,A001,1,2689,94294,-0.3271,0.9389,0.1851,23.4985,-113.4644,38.2080,1.0113,,
DATA,A001,1,2690,94304,-0.3070,0.9465,0.1758,19.0430,-108.2764,33.6914,1.0104,,
DATA,A001,1,2691,94314,-0.2760,0.9438,0.1758,15.5640,-102.8442,29.9072,0.9989,,
DATA,A001,1,2692,94324,-0.2477,0.9233,0.1670,9.9487,-90.8813,24.2310,0.9704,,
DATA,A001,1,2693,94334,-0.2406,0.8989,0.1612,7.2021,-81.4819,20.2637,0.9444,,
DATA,A001,1,2694,94344,-0.2392,0.8920,0.1597,5.4932,-69.3970,13.6108,0.9372,,
DATA,A001,1,2695,94354,-0.2372,0.8962,0.1626,5.4321,-63.2324,9.3384,0.9412,,
DATA,A001,1,2696,94364,-0.2199,0.9164,0.1697,4.1504,-56.1523,3.4790,0.9576,,
DATA,A001,1,2697,94374,-0.2184,0.9235,0.1712,2.0142,-51.7578,-0.1831,0.9643,,
DATA,A001,1,2698,94384,-0.2150,0.9387,0.1629,-1.3428,-45.0439,-5.6152,0.9766,,
DATA,A001,1,2699,94394,-0.2138,0.9599,0.1460,-2.2583,-39.5508,-8.8501,0.9942,,
DATA,A001,1,2700,94404,-0.2065,0.9936,0.1272,-2.6855,-33.3252,-11.4746,1.0228,,
DATA,A001,1,2701,94414,-0.2057,1.0595,0.1099,-2.9297,-22.5220,-14.7705,1.0849,,
DATA,A001,1,2702,94424,-0.2074,1.1423,0.1067,-4.5166,-10.6201,-17.0288,1.1659,,
DATA,A001,1,2703,94434,-0.2108,1.1926,0.1058,-6.1646,-2.8687,-18.7378,1.2157,,
DATA,A001,1,2704,94444,-0.2040,1.2338,0.1092,-9.0942,5.3711,-21.1792,1.2553,,
DATA,A001,1,2705,94454,-0.1955,1.2460,0.1165,-15.6860,19.1040,-25.9399,1.2666,,
DATA,A001,1,2706,94464,-0.1835,1.2197,0.1272,-21.0571,29.2969,-29.6631,1.2399,,
DATA,A001,1,2707,94474,-0.1637,1.1245,0.1407,-27.5269,46.9360,-35.3394,1.1450,,
DATA,A001,1,2708,94484,-0.1586,1.0493,0.1529,-29.0527,59.5703,-38.9404,1.0721,,
DATA,A001,1,2709,94494,-0.1718,0.9501,0.1619,-27.6489,77.7588,-42.1753,0.9790,,
DATA,A001,1,2710,94504,-0.1857,0.8989,0.1717,-25.1465,87.7075,-43.0908,0.9338,,
DATA,A001,1,2711,94514,-0.2079,0.8666,0.1707,-20.0195,98.2666,-42.4805,0.9074,,
DATA,A001,1,2712,94524,-0.2255,0.8759,0.1341,-15.4419,102.5391,-39.7949,0.9144,,
DATA,A001,1,2713,94534,-0.2641,0.9809,0.0975,-4.0283,102.9053,-30.3345,1.0205,,
DATA,A001,1,2714,94544,-0.2890,1.0932,0.0760,2.6855,99.9146,-21.6064,1.1333,,
DATA,A001,1,2715,94554,-0.3293,1.2429,0.0354,2.8076,93.1396,-7.7515,1.2862,,
DATA,A001,1,2716,94564,-0.3664,1.3268,0.0140,-1.3428,88.4399,2.0752,1.3766,,
DATA,A001,1,2717,94574,-0.4530,1.4250,0.0252,-9.3384,78.0029,17.0288,1.4955,,
DATA,A001,1,2718,94584,-0.5111,1.4306,0.0354,-19.2871,67.8711,24.9023,1.5196,,
DATA,A001,1,2719,94594,-0.5468,1.2824,0.0511,-43.2129,48.5840,30.7617,1.3950,,
DATA,A001,1,2720,94604,-0.5390,1.1103,0.0476,-57.0679,36.1328,32.4097,1.2351,,
DATA,A001,1,2721,94614,-0.4833,0.8635,0.0144,-60.1196,21.6064,31.5552,0.9896,,
DATA,A001,1,2722,94624,-0.4391,0.7458,0.0022,-51.0864,15.1367,26.9775,0.8655,,
DATA,A001,1,2723,94634,-0.3918,0.6828,0.0081,-29.7241,8.3008,16.6016,0.7872,,
DATA,A001,1,2724,94644,-0.3742,0.7116,0.0381,-14.5264,2.5635,10.1929,0.8049,,
DATA,A001,1,2725,94654,-0.3727,0.8159,0.0901,2.5024,-11.3525,3.0518,0.9015,,
DATA,A001,1,2726,94664,-0.3781,0.8713,0.1184,7.5684,-25.1465,-0.9766,0.9571,,
DATA,A001,1,2727,94674,-0.3727,0.9072,0.1368,6.7749,-46.2036,-6.2866,0.9902,,
DATA,A001,1,2728,94684,-0.3510,0.8991,0.1314,5.4321,-55.3589,-9.5825,0.9741,,
DATA,A001,1,2729,94694,-0.3178,0.8864,0.1036,8.2397,-56.7627,-15.4419,0.9473,,
DATA,A001,1,2730,94704,-0.3078,0.9028,0.0892,12.5122,-49.6826,-19.5923,0.9579,,
DATA,A001,1,2731,94714,-0.3107,0.9394,0.0877,17.2119,-33.7524,-26.3062,0.9933,,
DATA,A001,1,2732,94724,-0.3183,0.9499,0.0911,16.9067,-23.1934,-31.0669,1.0059,,
DATA,A001,1,2733,94734,-0.3188,0.9313,0.1009,14.4043,-14.8926,-36.5601,0.9895,,
DATA,A001,1,2734,94744,-0.3114,0.8749,0.1238,10.6812,-6.2866,-45.8374,0.9369,,
DATA,A001,1,2735,94754,-0.3085,0.8281,0.1365,10.4370,-2.2583,-52.6123,0.8941,,
DATA,A001,1,2736,94764,-0.2926,0.7863,0.1404,13.1836,1.8921,-62.5610,0.8507,,
DATA,A001,1,2737,94774,-0.2856,0.7748,0.1348,15.8081,3.2349,-68.2373,0.8367,,
DATA,A001,1,2738,94784,-0.2650,0.7773,0.1253,19.1650,4.5166,-75.3174,0.8307,,
DATA,A001,1,2739,94794,-0.2521,0.7885,0.1155,20.9351,5.2490,-78.7964,0.8359,,
DATA,A001,1,2740,94804,-0.2477,0.8049,0.0970,22.2168,5.7983,-81.7871,0.8477,,
DATA,A001,1,2741,94814,-0.2443,0.8139,0.0865,22.0947,5.1270,-82.1533,0.8542,,
DATA,A001,1,2742,94824,-0.2375,0.8171,0.0689,21.0571,3.4180,-80.3223,0.8537,,
DATA,A001,1,2743,94834,-0.2345,0.8151,0.0584,20.1416,2.4414,-77.6367,0.8502,,
DATA,A001,1,2744,94844,-0.2221,0.8027,0.0552,17.8833,3.6621,-71.8994,0.8347,,
DATA,A001,1,2745,94854,-0.2213,0.7983,0.0581,16.2964,6.3477,-66.9556,0.8304,,
DATA,A001,1,2746,94864,-0.2255,0.8000,0.0674,13.9771,12.1460,-57.9224,0.8339,,
DATA,A001,1,2747,94874,-0.2311,0.8061,0.0730,12.3291,16.1743,-51.0864,0.8417,,
DATA,A001,1,2748,94884,-0.2423,0.8254,0.0943,9.3994,22.5220,-40.2832,0.8654,,
DATA,A001,1,2749,94894,-0.2543,0.8342,0.1038,6.5308,26.2451,-33.1421,0.8782,,
DATA,A001,1,2750,94904,-0.2628,0.8232,0.1133,0.6104,30.0293,-22.8882,0.8715,,
DATA,A001,1,2751,94914,-0.2599,0.8015,0.1150,-3.6011,32.1045,-16.7847,0.8504,,
DATA,A001,1,2752,94924,-0.2587,0.7668,0.1094,-7.5684,34.4849,-7.6904,0.8166,,
DATA,A001,1,2753,94934,-0.2519,0.7497,0.1040,-8.3618,35.4614,-1.4038,0.7977,,
DATA,A001,1,2754,94944,-0.2502,0.7402,0.0882,-8.4839,35.3394,8.4229,0.7863,,
DATA,A001,1,2755,94954,-0.2489,0.7426,0.0799,-8.4229,34.1797,15.4419,0.7873,,
DATA,A001,1,2756,94964,-0.2504,0.7775,0.0616,-7.5684,31.7383,26.9775,0.8192,,
DATA,A001,1,2757,94974,-0.2567,0.8166,0.0528,-6.7749,30.1514,35.1562,0.8576,,
DATA,A001,1,2758,94984,-0.2621,0.8881,0.0450,-5.7983,28.6865,48.1567,0.9271,,
DATA,A001,1,2759,94994,-0.2658,0.9426,0.0435,-6.0425,28.1372,57.5562,0.9803,,
DATA,A001,1,2760,95004,-0.2773,1.0085,0.0423,-8.1787,27.4658,71.3501,1.0468,,
DATA,A001,1,2761,95014,-0.2804,1.0432,0.0398,-10.3149,27.7100,79.9561,1.0809,,
DATA,A001,1,2762,95024,-0.2824,1.0756,0.0440,-14.5874,28.6865,91.1255,1.1129,,
DATA,A001,1,2763,95034,-0.2921,1.0778,0.0550,-17.2119,29.7852,97.1069,1.1181,,
DATA,A001,1,2764,95044,-0.3036,1.0615,0.0977,-21.6064,30.7617,103.5767,1.1083,,
DATA,A001,1,2765,95054,-0.3056,1.0380,0.1199,-25.0244,31.4331,106.2622,1.0887,,
DATA,A001,1,2766,95064,-0.2926,1.0038,0.1282,-28.9917,32.7759,107.7271,1.0535,,
DATA,A001,1,2767,95074,-0.2709,0.9672,0.0923,-30.8838,36.7432,109.6802,1.0087,,
DATA,A001,1,2768,95084,-0.2441,1.0041,0.0420,-26.3062,40.0391,112.3657,1.0342,,
DATA,A001,1,2769,95094,-0.2160,1.1657,-0.0114,-12.9395,45.5322,117.8589,1.1856,,
DATA,A001,1,2770,95104,-0.2152,1.3015,-0.0402,-7.8735,49.9878,122.0093,1.3197,,
DATA,A001,1,2771,95114,-0.2331,1.4702,-0.0783,-10.1318,54.3823,127.1362,1.4906,,
DATA,A001,1,2772,95124,-0.2384,1.5466,-0.0947,-13.7939,56.3354,130.1270,1.5677,,
DATA,A001,1,2773,95134,-0.2541,1.6269,-0.0993,-17.4561,60.4858,133.9722,1.6496,,
DATA,A001,1,2774,95144,-0.2819,1.6508,-0.0712,-20.5078,64.6973,135.6812,1.6762,,
DATA,A001,1,2775,95154,-0.3246,1.6054,0.0137,-31.3721,71.7163,134.7656,1.6380,,
DATA,A001,1,2776,95164,-0.3422,1.5109,0.0733,-40.6494,75.8667,131.0425,1.5509,,
DATA,A001,1,2777,95174,-0.3451,1.3141,0.1397,-49.0112,81.9702,120.7275,1.3659,,
DATA,A001,1,2778,95184,-0.3437,1.1821,0.1675,-49.9878,85.0830,111.9995,1.2424,,
DATA,A001,1,2779,95194,-0.3241,0.9872,0.1912,-47.4854,89.2944,96.1914,1.0565,,
DATA,A001,1,2780,95204,-0.3046,0.8627,0.1944,-44.3115,91.3086,82.9468,0.9353,,
DATA,A001,1,2781,95214,-0.2882,0.7226,0.1866,-34.4849,91.9189,60.8521,0.8000,,
DATA,A001,1,2782,95224,-0.2880,0.6828,0.1839,-24.0479,88.6841,46.0815,0.7635,,
DATA,A001,1,2783,95234,-0.2790,0.7099,0.1934,-8.8501,78.0640,24.4141,0.7869,,
DATA,A001,1,2784,95244,-0.2743,0.7546,0.1988,-2.6245,67.9932,10.6201,0.8271,,
DATA,A001,1,2785,95254,-0.2445,0.8149,0.1907,0.1831,52.9175,-8.9722,0.8719,,
DATA,A001,1,2786,95264,-0.2145,0.8493,0.1753,0.1831,45.7764,-20.6299,0.8934,,
DATA,A001,1,2787,95274,-0.1830,0.8940,0.1504,-0.6104,43.0298,-34.0576,0.9248,,
DATA,A001,1,2788,95284,-0.1833,0.9086,0.1404,-2.6855,44.9219,-41.0767,0.9375,,
DATA,A001,1,2789,95294,-0.1877,0.9140,0.1307,-7.0190,51.5137,-48.5229,0.9422,,
DATA,A001,1,2790,95304,-0.1877,0.9067,0.1241,-10.0708,56.9458,-51.1475,0.9342,,
DATA,A001,1,2791,95314,-0.1894,0.8964,0.1238,-13.4277,65.6128,-52.3682,0.9245,,
DATA,A001,1,2792,95324,-0.1933,0.8820,0.1260,-15.1978,71.8384,-52.3071,0.9117,,
DATA,A001,1,2793,95334,-0.2094,0.8508,0.1307,-18.1274,80.8716,-50.9644,0.8858,,
DATA,A001,1,2794,95344,-0.2160,0.8259,0.1331,-19.4702,85.8154,-49.3774,0.8640,,
DATA,A001,1,2795,95354,-0.2299,0.7961,0.1497,-19.7754,91.3696,-45.3491,0.8420,,
DATA,A001,1,2796,95364,-0.2458,0.7831,0.1631,-19.2871,93.6279,-41.8091,0.8369,,
DATA,A001,1,2797,95374,-0.2704,0.7599,0.1951,-19.2261,93.8110,-36.1938,0.8299,,
DATA,A001,1,2798,95384,-0.2865,0.7441,0.2188,-19.6533,92.3462,-32.4097,0.8268,,
DATA,A001,1,2799,95394,-0.3048,0.7175,0.2373,-20.3247,89.7827,-28.8696,0.8149,,
DATA,A001,1,2800,95404,-0.3214,0.6703,0.2503,-19.8364,83.8623,-23.6816,0.7844,,
DATA,A001,1,2801,95414,-0.3302,0.6562,0.2549,-18.0054,79.3457,-20.0195,0.7776,,
DATA,A001,1,2802,95424,-0.3346,0.6481,0.2559,-14.0991,72.8149,-13.9160,0.7730,,
DATA,A001,1,2803,95434,-0.3488,0.6733,0.2510,-10.6201,66.7114,-8.1787,0.7987,,
DATA,A001,1,2804,95444,-0.3629,0.6918,0.2471,-9.0942,61.7676,-4.5166,0.8194,,
DATA,A001,1,2805,95454,-0.3739,0.7143,0.2410,-7.8125,55.4810,-0.9766,0.8415,,
DATA,A001,1,2806,95464,-0.3825,0.7453,0.2271,-6.6528,44.4336,3.6621,0.8679,,
DATA,A001,1,2807,95474,-0.3847,0.7639,0.2273,-6.0425,37.2314,6.5918,0.8849,,
DATA,A001,1,2808,95484,-0.3998,0.7878,0.2334,-5.9204,29.4800,10.1929,0.9138,,
DATA,A001,1,2809,95494,-0.4018,0.7963,0.2366,-6.5308,25.7568,12.2070,0.9228,,
DATA,A001,1,2810,95504,-0.3854,0.8200,0.2483,-7.5073,22.8271,16.0522,0.9395,,
DATA,A001,1,2811,95514,-0.3844,0.8325,0.2422,-8.4229,22.5830,17.6392,0.9484,,
DATA,A001,1,2812,95524,-0.3661,0.8398,0.2286,-8.4839,25.1465,17.5171,0.9442,,
DATA,A001,1,2813,95534,-0.3661,0.8481,0.2173,-8.0566,28.8696,17.5781,0.9490,,
DATA,A001,1,2814,95544,-0.3639,0.8432,0.2041,-8.6060,36.9263,18.2495,0.9408,,
DATA,A001,1,2815,95554,-0.3737,0.8195,0.1951,-10.0708,43.6401,17.5171,0.9216,,
DATA,A001,1,2816,95564,-0.3932,0.7785,0.1829,-11.4136,52.1240,15.1978,0.8911,,
DATA,A001,1,2817,95574,-0.4115,0.7519,0.1692,-10.4370,54.8096,13.9160,0.8737,,
DATA,A001,1,2818,95584,-0.4298,0.7538,0.1626,-6.7139,52.9785,12.7563,0.8829,,
DATA,A001,1,2819,95594,-0.4391,0.7683,0.1636,-5.2490,48.7671,12.2070,0.8999,,
DATA,A001,1,2820,95604,-0.4389,0.8002,0.1553,-4.6997,40.8325,10.9253,0.9258,,
DATA,A001,1,2821,95614,-0.4203,0.8242,0.1487,-3.9673,35.3394,10.5591,0.9370,,
DATA,A001,1,2822,95624,-0.3925,0.8798,0.1348,-2.0752,32.5928,9.6436,0.9728,,
DATA,A001,1,2823,95634,-0.3849,0.9272,0.1316,-1.2817,34.7900,8.3008,1.0125,,
DATA,A001,1,2824,95644,-0.3869,0.9814,0.1326,-1.4648,39.9780,6.0425,1.0632,,
DATA,A001,1,2825,95654,-0.3947,1.0239,0.1219,0.1221,41.9922,5.6152,1.1041,,
DATA,A001,1,2826,95664,-0.3910,1.1381,0.1048,7.9956,41.9312,6.5918,1.2080,,
DATA,A001,1,2827,95674,-0.3761,1.2441,0.1021,14.2822,42.1753,7.0801,1.3037,,
DATA,A001,1,2828,95684,-0.3559,1.3898,0.1172,16.1743,47.4243,6.9580,1.4395,,
DATA,A001,1,2829,95694,-0.3476,1.4440,0.1214,12.0239,53.7109,6.2256,1.4902,,
DATA,A001,1,2830,95704,-0.3451,1.4470,0.1263,2.8687,64.4531,4.2114,1.4929,,
DATA,A001,1,2831,95714,-0.3490,1.4138,0.1062,0.0000,71.4722,3.1738,1.4601,,
DATA,A001,1,2832,95724,-0.3456,1.3749,0.0889,0.6104,77.3315,2.5635,1.4205,,
DATA,A001,1,2833,95734,-0.3515,1.2910,0.0767,3.6621,83.5571,0.4883,1.3401,,
DATA,A001,1,2834,95744,-0.3586,1.2228,0.0796,4.6997,85.5103,-1.5869,1.2768,,
DATA,A001,1,2835,95754,-0.3803,1.1298,0.0901,8.6670,82.7637,-4.0283,1.1955,,
DATA,A001,1,2836,95764,-0.3976,1.0759,0.1033,13.0615,75.6836,-5.6152,1.1516,,
DATA,A001,1,2837,95774,-0.4254,0.9877,0.1377,18.1885,57.4341,-8.1177,1.0842,,
DATA,A001,1,2838,95784,-0.4399,0.9243,0.1519,19.4702,41.5649,-9.8877,1.0348,,
DATA,A001,1,2839,95794,-0.4450,0.8278,0.1504,21.5454,14.4653,-13.6719,0.9518,,
DATA,A001,1,2840,95804,-0.4323,0.7839,0.1380,24.2310,-3.8452,-16.1133,0.9057,,
DATA,A001,1,2841,95814,-0.4128,0.7683,0.1116,29.6021,-28.8696,-17.8223,0.8792,,
DATA,A001,1,2842,95824,-0.3844,0.7812,0.0975,32.1655,-43.7012,-17.9443,0.8761,,
DATA,A001,1,2843,95834,-0.3466,0.8115,0.0787,31.3110,-60.7300,-17.6392,0.8859,,
DATA,A001,1,2844,95844,-0.3332,0.8102,0.0572,28.0151,-68.0542,-17.6392,0.8779,,
DATA,A001,1,2845,95854,-0.3185,0.7941,0.0225,22.4609,-76.5991,-16.5405,0.8559,,
DATA,A001,1,2846,95864,-0.3107,0.7927,0.0017,21.1792,-81.6650,-14.8315,0.8514,,
DATA,A001,1,2847,95874,-0.2953,0.8254,-0.0100,22.5220,-87.8906,-12.0850,0.8767,,
DATA,A001,1,2848,95884,-0.2799,0.8671,-0.0129,23.3765,-89.7827,-10.5591,0.9113,,
DATA,A001,1,2849,95894,-0.2499,0.9379,-0.0080,21.6675,-87.9517,-8.3618,0.9707,,
DATA,A001,1,2850,95904,-0.2296,0.9702,0.0059,18.6157,-83.5571,-7.6904,0.9970,,
DATA,A001,1,2851,95914,-0.2052,0.9904,0.0179,13.3667,-72.7539,-8.3618,1.0116,,
DATA,A001,1,2852,95924,-0.1977,0.9794,0.0162,10.9253,-63.5376,-10.4980,0.9993,,
DATA,A001,1,2853,95934,-0.1808,0.9599,0.0135,8.6060,-47.9736,-14.1602,0.9769,,
DATA,A001,1,2854,95944,-0.1840,0.9460,0.0227,7.5073,-36.9263,-16.2354,0.9640,,
DATA,A001,1,2855,95954,-0.1952,0.9223,0.0230,6.3477,-23.3765,-19.7754,0.9430,,
DATA,A001,1,2856,95964,-0.1986,0.9055,0.0257,6.7139,-17.0898,-22.1558,0.9273,,
DATA,A001,1,2857,95974,-0.2013,0.8886,0.0240,8.6670,-11.6577,-25.8179,0.9114,,
DATA,A001,1,2858,95984,-0.1950,0.8759,0.0242,9.0332,-9.4604,-28.0151,0.8977,,
DATA,A001,1,2859,95994,-0.1974,0.8510,0.0320,8.4839,-4.6387,-30.7007,0.8742,,
DATA,A001,1,2860,96004,-0.2021,0.8395,0.0354,8.6060,-1.4038,-31.7383,0.8642,,
DATA,A001,1,2861,96014,-0.2255,0.8327,0.0433,9.1553,1.7090,-31.4941,0.8638,,
DATA,A001,1,2862,96024,-0.2399,0.8322,0.0498,9.1553,1.9531,-30.7007,0.8675,,
DATA,A001,1,2863,96034,-0.2624,0.8456,0.0489,9.6436,1.0376,-28.8086,0.8868,,
DATA,A001,1,2864,96044,-0.2709,0.8662,0.0457,10.1929,-1.2817,-26.8555,0.9087,,
DATA,A001,1,2865,96054,-0.2834,0.9033,0.0350,9.2773,-6.1646,-23.0103,0.9473,,
DATA,A001,1,2866,96064,-0.2907,0.9262,0.0362,7.8125,-9.9487,-19.7754,0.9714,,
DATA,A001,1,2867,96074,-0.2887,0.9416,0.0467,5.4932,-14.3433,-16.5405,0.9860,,
DATA,A001,1,2868,96084,-0.2755,0.9567,0.0559,1.4038,-18.0054,-12.2070,0.9972,,
DATA,A001,1,2869,96094,-0.2614,0.9589,0.0579,-1.7090,-18.1885,-9.9487,0.9956,,
DATA,A001,1,2870,96104,-0.2414,0.9474,0.0530,-5.7373,-14.9536,-6.8359,0.9791,,
DATA,A001,1,2871,96114,-0.2348,0.9428,0.0479,-7.3853,-11.9019,-4.6387,0.9728,,
DATA,A001,1,2872,96124,-0.2343,0.9431,0.0411,-8.9722,-8.2397,-1.5869,0.9726,,
DATA,A001,1,2873,96134,-0.2274,0.9472,0.0445,-9.3994,-5.7983,0.0610,0.9751,,
DATA,A001,1,2874,96144,-0.2267,0.9687,0.0542,-9.6436,-0.7935,2.0752,0.9963,,
DATA,A001,1,2875,96154,-0.2287,0.9882,0.0555,-9.8267,2.5635,3.6011,1.0158,,
DATA,A001,1,2876,96164,-0.2387,1.0261,0.0518,-10.3149,6.6528,6.4087,1.0547,,
DATA,A001,1,2877,96174,-0.2484,1.0529,0.0459,-10.6812,8.0566,8.6670,1.0828,,
DATA,A001,1,2878,96184,-0.2509,1.0952,0.0315,-12.2681,8.1177,11.8408,1.1240,,
DATA,A001,1,2879,96194,-0.2492,1.1147,0.0291,-14.1602,7.9346,13.9160,1.1426,,
DATA,A001,1,2880,96204,-0.2392,1.1210,0.0384,-18.8599,9.7046,16.6626,1.1469,,
DATA,A001,1,2881,96214,-0.2345,1.0993,0.0496,-23.3765,13.0005,18.1274,1.1251,,
DATA,A001,1,2882,96224,-0.2345,1.0471,0.0601,-29.1138,19.5312,19.7144,1.0747,,
DATA,A001,1,2883,96234,-0.2321,1.0195,0.0335,-30.3955,24.5361,20.8740,1.0461,,
DATA,A001,1,2884,96244,-0.2106,1.0783,-0.0520,-21.9116,34.9731,25.6348,1.0999,,
DATA,A001,1,2885,96254,-0.2140,1.2182,-0.0769,-10.4980,41.7480,31.0059,1.2392,,
DATA,A001,1,2886,96264,-0.2358,1.4396,-0.0737,-3.6011,51.8799,39.1846,1.4607,,
DATA,A001,1,2887,96274,-0.2567,1.5099,-0.0666,-10.0708,56.7017,42.5415,1.5331,,
DATA,A001,1,2888,96284,-0.2824,1.4621,-0.0627,-25.5127,60.2417,45.8984,1.4904,,
DATA,A001,1,2889,96294,-0.2983,1.3637,-0.0561,-30.2124,60.7300,48.0347,1.3971,,
DATA,A001,1,2890,96304,-0.3024,1.2150,-0.0083,-29.6021,59.9365,49.6216,1.2521,,
DATA,A001,1,2891,96314,-0.3114,1.1188,0.0423,-28.3813,58.4106,48.8892,1.1621,,
DATA,A001,1,2892,96324,-0.3214,0.9914,0.1160,-28.1372,52.4902,44.9219,1.0486,,
DATA,A001,1,2893,96334,-0.3041,0.9086,0.1409,-28.0151,47.2412,41.5649,0.9685,,
DATA,A001,1,2894,96344,-0.2633,0.7910,0.1468,-25.8789,43.2129,36.4380,0.8465,,
DATA,A001,1,2895,96354,-0.2541,0.7236,0.1292,-23.5596,44.8608,32.7148,0.7777,,
DATA,A001,1,2896,96364,-0.2628,0.6662,0.0957,-18.5547,49.6826,26.7944,0.7225,,
DATA,A001,1,2897,96374,-0.2809,0.6699,0.0901,-13.0005,51.5137,22.9492,0.7320,,
DATA,A001,1,2898,96384,-0.3053,0.7148,0.0996,-6.4697,49.9878,19.4092,0.7836,,
DATA,A001,1,2899,96394,-0.3351,0.8342,0.1277,0.1221,39.9780,13.5498,0.9080,,
DATA,A001,1,2900,96404,-0.3288,0.9069,0.1377,0.7324,30.6396,8.8501,0.9745,,
DATA,A001,1,2901,96414,-0.2948,0.9728,0.1431,-3.2349,18.1274,0.2441,1.0266,,
DATA,A001,1,2902,96424,-0.2387,0.9843,0.1260,-8.4229,12.3901,-8.6670,1.0206,,
DATA,A001,1,2903,96434,-0.2025,0.9831,0.1126,-10.1318,13.4277,-13.7329,1.0100,,
DATA,A001,1,2904,96444,-0.1779,0.9853,0.0916,-10.7422,17.7612,-18.3105,1.0054,,
DATA,A001,1,2905,96454,-0.1615,0.9887,0.0662,-10.9253,28.1372,-24.8413,1.0040,,
DATA,A001,1,2906,96464,-0.1542,0.9848,0.0589,-11.3525,36.3770,-28.7476,0.9985,,
DATA,A001,1,2907,96474,-0.1569,0.9543,0.0716,-13.4888,48.3398,-33.7524,0.9697,,
DATA,A001,1,2908,96484,-0.1693,0.9233,0.0923,-15.1367,56.1523,-36.5601,0.9432,,
DATA,A001,1,2909,96494,-0.2162,0.8676,0.1255,-16.9678,63.8428,-38.4521,0.9029,,
DATA,A001,1,2910,96504,-0.2555,0.8244,0.1416,-16.6016,62.9883,-38.5742,0.8746,,
DATA,A001,1,2911,96514,-0.2917,0.7770,0.1565,-15.1978,53.8330,-37.9639,0.8446,,
DATA,A001,1,2912,96524,-0.2856,0.7499,0.1634,-14.1602,45.9595,-37.1094,0.8189,,
DATA,A001,1,2913,96534,-0.2653,0.7219,0.1658,-12.3901,37.8418,-34.6680,0.7867,,
DATA,A001,1,2914,96544,-0.2570,0.7182,0.1570,-10.6201,35.1562,-32.1045,0.7788,,
DATA,A001,1,2915,96554,-0.2536,0.7165,0.1355,-8.0566,32.9590,-26.9165,0.7720,,
DATA,A001,1,2916,96564,-0.2563,0.7228,0.1192,-6.5308,31.3110,-23.1934,0.7761,,
DATA,A001,1,2917,96574,-0.2690,0.7355,0.1202,-6.1035,27.8931,-17.0898,0.7923,,
DATA,A001,1,2918,96584,-0.2773,0.7436,0.1258,-5.9204,25.6958,-12.4512,0.8035,,
DATA,A001,1,2919,96594,-0.2904,0.7556,0.1314,-4.9438,23.2544,-5.4321,0.8200,,
DATA,A001,1,2920,96604,-0.2992,0.7678,0.1287,-4.2114,23.6206,-1.2817,0.8340,,
DATA,A001,1,2921,96614,-0.3109,0.7888,0.1092,-2.9297,28.1982,3.1738,0.8548,,
DATA,A001,1,2922,96624,-0.3212,0.7990,0.1045,-1.5869,32.8369,5.1880,0.8675,,
DATA,A001,1,2923,96634,-0.3317,0.8132,0.1050,0.7935,40.8936,7.1411,0.8845,,
DATA,A001,1,2924,96644,-0.3415,0.8185,0.0996,2.2583,45.1050,7.9346,0.8925,,
DATA,A001,1,2925,96654,-0.3661,0.8156,0.1040,5.4932,47.7295,8.6670,0.9001,,
DATA,A001,1,2926,96664,-0.3800,0.8183,0.1094,8.2397,46.0205,8.9111,0.9089,,
DATA,A001,1,2927,96674,-0.4003,0.8320,0.1329,12.0239,39.1235,8.7891,0.9328,,
DATA,A001,1,2928,96684,-0.4020,0.8386,0.1429,13.2446,33.7524,8.1787,0.9409,,
DATA,A001,1,2929,96694,-0.4093,0.8237,0.1446,13.1226,26.4282,6.4697,0.9311,,
DATA,A001,1,2930,96704,-0.4164,0.8073,0.1404,13.2446,22.5220,4.9438,0.9192,,
DATA,A001,1,2931,96714,-0.4301,0.7814,0.1370,14.0381,18.6157,3.6011,0.9024,,
DATA,A001,1,2932,96724,-0.4677,0.7512,0.1292,17.5171,13.7329,0.3052,0.8942,,
DATA,A001,1,2933,96734,-0.4948,0.7390,0.1324,20.8130,10.9863,-2.9297,0.8991,,
DATA,A001,1,2934,96744,-0.5321,0.7526,0.1321,26.1230,3.9062,-7.1411,0.9312,,
DATA,A001,1,2935,96754,-0.5685,0.7897,0.1385,29.2358,-4.1504,-9.7656,0.9829,,
DATA,A001,1,2936,96764,-0.6208,0.8703,0.1297,32.6538,-24.4141,-12.1460,1.0768,,
DATA,A001,1,2937,96774,-0.6154,0.9223,0.1143,34.2407,-42.0532,-13.5498,1.1146,,
DATA,A001,1,2938,96784,-0.5399,0.9750,0.0845,34.7290,-59.8145,-16.9067,1.1178,,
DATA,A001,1,2939,96794,-0.4865,0.9909,0.0530,33.0200,-60.8521,-19.5923,1.1052,,
DATA,A001,1,2940,96804,-0.4799,0.9645,0.0088,27.9541,-50.2930,-23.6816,1.0774,,
DATA,A001,1,2941,96814,-0.5175,0.9233,-0.0180,24.7803,-42.7856,-26.0620,1.0586,,
DATA,A001,1,2942,96824,-0.5920,0.8356,-0.0625,25.3296,-44.0674,-28.6255,1.0260,,
DATA,A001,1,2943,96834,-0.6044,0.7685,-0.0844,30.7007,-54.3823,-30.4565,0.9813,,
DATA,A001,1,2944,96844,-0.5605,0.7404,-0.1162,47.1802,-73.0591,-31.7383,0.9359,,
DATA,A001,1,2945,96854,-0.5268,0.8149,-0.1264,62.9883,-83.6792,-29.1748,0.9785,,
DATA,A001,1,2946,96864,-0.5058,1.0654,-0.1201,88.2568,-96.0083,-18.6768,1.1854,,
DATA,A001,1,2947,96874,-0.5226,1.2858,-0.0996,99.2432,-102.7832,-8.5449,1.3915,,
DATA,A001,1,2948,96884,-0.5568,1.5827,-0.0407,100.0977,-110.7788,7.8735,1.6783,,
DATA,A001,1,2949,96894,-0.5812,1.6923,-0.0063,87.7686,-113.4644,16.8457,1.7894,,
DATA,A001,1,2950,96904,-0.5983,1.6308,-0.0166,53.4668,-110.2295,26.3672,1.7372,,
DATA,A001,1,2951,96914,-0.6100,1.4514,-0.0539,30.8228,-103.9429,30.9448,1.5753,,
DATA,A001,1,2952,96924,-0.6129,1.1420,-0.1191,14.4043,-92.0410,34.4849,1.3016,,
DATA,A001,1,2953,96934,-0.6110,0.9641,-0.1689,16.2354,-86.6089,33.8135,1.1538,,
DATA,A001,1,2954,96944,-0.5644,0.7868,-0.2072,30.3345,-85.9375,26.2451,0.9902,,
DATA,A001,1,2955,96954,-0.5045,0.7289,-0.2089,41.7480,-90.7593,19.8975,0.9108,,
DATA,A001,1,2956,96964,-0.4206,0.7224,-0.1941,59.5093,-103.2715,11.2915,0.8581,,
DATA,A001,1,2957,96974,-0.3632,0.7443,-0.1860,69.6411,-111.3892,6.9580,0.8488,,
DATA,A001,1,2958,96984,-0.3146,0.8032,-0.1740,80.7495,-121.5820,4.3335,0.8800,,
DATA,A001,1,2959,96994,-0.3024,0.8442,-0.1728,85.0830,-127.2583,4.6387,0.9132,,
DATA,A001,1,2960,97004,-0.3122,0.8786,-0.1836,87.8296,-135.6812,5.7373,0.9503,,
DATA,A001,1,2961,97014,-0.3173,0.8849,-0.1862,86.8530,-141.9678,6.9580,0.9584,,
DATA,A001,1,2962,97024,-0.3026,0.8593,-0.2146,83.0078,-150.3906,8.8501,0.9360,,
DATA,A001,1,2963,97034,-0.2628,0.8417,-0.2365,82.0312,-153.5645,10.3760,0.9130,,
DATA,A001,1,2964,97044,-0.2282,0.8471,-0.2583,83.3130,-154.8462,12.3291,0.9145,,
DATA,A001,1,2965,97054,-0.1852,0.8635,-0.2734,85.4492,-153.0151,15.9302,0.9245,,
DATA,A001,1,2966,97064,-0.1667,0.8754,-0.2692,82.7637,-150.5737,18.6768,0.9309,,
DATA,A001,1,2967,97074,-0.1630,0.8781,-0.2697,79.4678,-150.9399,20.0806,0.9330,,
DATA,A001,1,2968,97084,-0.1462,0.8881,-0.2705,76.2329,-152.5269,21.4233,0.9398,,
DATA,A001,1,2969,97094,-0.1059,0.9287,-0.2707,73.3643,-157.1655,23.4375,0.9731,,
DATA,A001,1,2970,97104,-0.0719,0.9692,-0.2749,71.1060,-159.3628,25.3296,1.0100,,
DATA,A001,1,2971,97114,-0.0104,1.0119,-0.2788,62.6221,-159.0576,27.5269,1.0497,,
DATA,A001,1,2972,97124,0.0204,1.0287,-0.2929,54.0771,-156.1279,28.9917,1.0698,,
DATA,A001,1,2973,97134,0.0418,1.0358,-0.3208,42.4805,-148.0103,30.4565,1.0852,,
DATA,A001,1,2974,97144,0.0494,1.0390,-0.3408,37.3535,-141.6626,31.6162,1.0946,,
DATA,A001,1,2975,97154,0.0384,1.0537,-0.3733,30.3955,-131.4087,33.6304,1.1185,,
DATA,A001,1,2976,97164,0.0196,1.0676,-0.3899,26.0010,-124.0234,34.7290,1.1367,,
DATA,A001,1,2977,97174,0.0064,1.0964,-0.3881,22.7661,-112.7319,37.2314,1.1631,,
DATA,A001,1,2978,97184,-0.0204,1.1152,-0.3715,20.9961,-105.2856,38.5742,1.1756,,
DATA,A001,1,2979,97194,-0.0780,1.1301,-0.3313,16.3574,-95.6421,39.4287,1.1802,,
DATA,A001,1,2980,97204,-0.1108,1.1262,-0.3000,12.3291,-92.2852,39.1846,1.1707,,
DATA,A001,1,2981,97214,-0.1483,1.1010,-0.2785,6.0425,-91.3696,37.3535,1.1453,,
DATA,A001,1,2982,97224,-0.1662,1.0729,-0.2675,3.1128,-92.7734,35.2173,1.1182,,
DATA,A001,1,2983,97234,-0.1923,1.0178,-0.2504,0.7324,-97.8394,31.4331,1.0656,,
DATA,A001,1,2984,97244,-0.2113,0.9792,-0.2380,-0.3052,-102.8442,28.0762,1.0296,,
DATA,A001,1,2985,97254,-0.2411,0.9103,-0.2070,-1.4648,-111.1450,21.3623,0.9642,,
DATA,A001,1,2986,97264,-0.2592,0.8715,-0.1743,-1.6479,-116.9434,16.2964,0.9258,,
DATA,A001,1,2987,97274,-0.3061,0.8176,-0.1250,0.3662,-126.6479,8.4229,0.8819,,
DATA,A001,1,2988,97284,-0.3315,0.7888,-0.0918,1.3428,-134.2163,2.5635,0.8605,,
DATA,A001,1,2989,97294,-0.3495,0.7397,-0.0500,0.0610,-145.4468,-7.7515,0.8196,,
DATA,A001,1,2990,97304,-0.3305,0.7087,-0.0603,-1.5869,-150.3906,-15.3809,0.7843,,
DATA,A001,1,2991,97314,-0.2431,0.6945,-0.1728,-0.3052,-149.4141,-24.5972,0.7558,,
DATA,A001,1,2992,97324,-0.1794,0.7560,-0.2878,8.0566,-142.0288,-25.6958,0.8286,,
DATA,A001,1,2993,97334,-0.1364,0.9765,-0.3925,34.3628,-117.6758,-18.9819,1.0612,,
DATA,A001,1,2994,97344,-0.1772,1.1577,-0.3667,51.2085,-98.3276,-11.2915,1.2272,,
DATA,A001,1,2995,97354,-0.3102,1.3298,-0.2412,50.4761,-80.5054,-1.1597,1.3866,,
DATA,A001,1,2996,97364,-0.4069,1.2880,-0.1450,30.4565,-81.5430,3.1738,1.3585,,
DATA,A001,1,2997,97374,-0.4660,1.1393,-0.0932,8.1787,-91.9800,7.2021,1.2345,,
DATA,A001,1,2998,97384,-0.4716,0.8879,-0.0617,1.8921,-110.4126,13.2446,1.0072,,
DATA,A001,1,2999,97394,-0.4379,0.8071,-0.0324,16.4185,-116.6382,14.8926,0.9188,,
DATA,A001,1,3000,97404,-0.3820,0.8232,0.0137,38.5132,-114.2578,12.8174,0.9076,,
DATA,A001,1,3001,97414,-0.3795,0.8603,0.0393,43.7622,-109.8022,10.6201,0.9411,,
DATA,A001,1,3002,97424,-0.4374,0.9096,0.0562,42.2363,-110.5957,9.5825,1.0109,,
DATA,A001,1,3003,97434,-0.4867,0.9113,0.0574,40.1001,-119.3237,9.7046,1.0347,,
DATA,A001,1,3004,97444,-0.5434,0.8962,0.0359,36.1938,-143.3716,8.9722,1.0487,,
DATA,A001,1,3005,97454,-0.5605,0.8774,0.0061,33.2031,-162.5977,7.8125,1.0411,,
DATA,A001,1,3006,97464,-0.5348,0.8771,-0.0632,29.6631,-190.0635,4.2114,1.0293,,
DATA,A001,1,3007,97474,-0.4860,0.8901,-0.1086,28.6255,-203.0640,0.9155,1.0199,,
DATA,A001,1,3008,97484,-0.3844,0.9308,-0.1660,27.2827,-208.8013,-4.8828,1.0207,,
DATA,A001,1,3009,97494,-0.3207,0.9582,-0.1889,25.9399,-202.4536,-9.2163,1.0279,,
DATA,A001,1,3010,97504,-0.2494,0.9938,-0.2075,23.0713,-181.0913,-15.5640,1.0455,,
DATA,A001,1,3011,97514,-0.2167,1.0131,-0.2077,22.5220,-162.4756,-19.2871,1.0567,,
DATA,A001,1,3012,97524,-0.1847,1.0139,-0.1933,20.2637,-133.0566,-24.4751,1.0485,,
DATA,A001,1,3013,97534,-0.1681,0.9748,-0.1765,16.6016,-113.5864,-28.0762,1.0048,,
DATA,A001,1,3014,97544,-0.1593,0.8793,-0.1535,12.2070,-85.5713,-33.6304,0.9067,,
DATA,A001,1,3015,97554,-0.1569,0.8215,-0.1450,14.5264,-68.0542,-36.9873,0.8488,,
DATA,A001,1,3016,97564,-0.1828,0.7888,-0.1189,25.3906,-45.4712,-40.6494,0.8183,,
DATA,A001,1,3017,97574,-0.2184,0.8017,-0.0888,33.2031,-35.2783,-42.2974,0.8357,,
DATA,A001,1,3018,97584,-0.2724,0.8588,-0.0205,40.7104,-29.6631,-45.2881,0.9012,,
DATA,A001,1,3019,97594,-0.3180,0.9016,0.0066,42.1143,-32.7148,-47.9736,0.9560,,
DATA,A001,1,3020,97604,-0.3734,0.9648,-0.0305,42.2974,-46.0205,-52.2461,1.0350,,
DATA,A001,1,3021,97614,-0.3725,0.9828,-0.0617,42.6025,-58.1055,-55.1147,1.0529,,
DATA,A001,1,3022,97624,-0.3405,1.0073,-0.1096,43.5791,-73.9746,-59.6924,1.0689,,
DATA,A001,1,3023,97634,-0.3163,1.0248,-0.1372,45.0439,-81.2378,-61.4624,1.0813,,
DATA,A001,1,3024,97644,-0.2899,1.0600,-0.1391,48.3398,-88.1958,-61.7065,1.1077,,
DATA,A001,1,3025,97654,-0.2882,1.0817,-0.1276,49.0112,-91.9189,-61.2793,1.1267,,
DATA,A001,1,3026,97664,-0.2951,1.0671,-0.0898,46.0815,-97.8394,-59.9365,1.1108,,
DATA,A001,1,3027,97674,-0.2939,1.0275,-0.0566,42.1143,-102.0508,-58.6548,1.0702,,
DATA,A001,1,3028,97684,-0.2951,0.9367,-0.0131,36.6821,-105.8960,-56.9458,0.9822,,
DATA,A001,1,3029,97694,-0.2826,0.8745,0.0086,36.1328,-106.8115,-56.3965,0.9190,,
DATA,A001,1,3030,97704,-0.2733,0.8261,0.0247,37.5366,-105.4077,-56.2744,0.8705,,
DATA,A001,1,3031,97714,-0.2685,0.7936,0.0279,40.2222,-98.0835,-58.1665,0.8383,,
DATA,A001,1,3032,97724,-0.2687,0.7873,0.0262,41.8701,-92.1631,-60.0586,0.8323,,
DATA,A001,1,3033,97734,-0.2677,0.8027,0.0286,43.2739,-83.1299,-64.0259,0.8466,,
DATA,A001,1,3034,97744,-0.2624,0.8127,0.0140,42.8467,-76.9653,-67.6270,0.8541,,
DATA,A001,1,3035,97754,-0.2599,0.8239,0.0027,40.2832,-69.2749,-72.2046,0.8639,,
DATA,A001,1,3036,97764,-0.2626,0.8288,-0.0073,38.1470,-65.1245,-74.2798,0.8694,,
DATA,A001,1,3037,97774,-0.2819,0.8251,-0.0171,37.4756,-60.4248,-76.3550,0.8721,,
DATA,A001,1,3038,97784,-0.3114,0.8325,-0.0149,38.3911,-58.7769,-76.4771,0.8889,,
DATA,A001,1,3039,97794,-0.3756,0.8561,-0.0156,40.6494,-58.4106,-75.5005,0.9351,,
DATA,A001,1,3040,97804,-0.4101,0.8786,0.0013,41.7480,-60.9131,-74.0967,0.9696,,
DATA,A001,1,3041,97814,-0.4276,0.8964,0.0340,40.5273,-65.4907,-70.9229,0.9938,,
DATA,A001,1,3042,97824,-0.4496,0.8976,0.0584,37.1094,-68.1763,-68.7256,1.0056,,
DATA,A001,1,3043,97834,-0.4897,0.8683,0.0826,30.3345,-72.9980,-65.7349,1.0003,,
DATA,A001,1,3044,97844,-0.5048,0.8430,0.0962,26.6113,-77.5146,-64.3311,0.9872,,
DATA,A001,1,3045,97854,-0.5165,0.8049,0.0916,22.2168,-83.6792,-64.5142,0.9607,,
DATA,A001,1,3046,97864,-0.5172,0.7844,0.0877,18.9819,-87.0972,-65.4907,0.9436,,
DATA,A001,1,3047,97874,-0.5109,0.7541,0.0762,14.4653,-90.1489,-67.1997,0.9140,,
DATA,A001,1,3048,97884,-0.5248,0.7433,0.0784,12.3901,-90.9424,-68.7256,0.9133,,
DATA,A001,1,3049,97894,-0.6122,0.7602,0.0882,10.0098,-91.6748,-73.3643,0.9800,,
DATA,A001,1,3050,97904,-0.7099,0.7902,0.1094,8.7280,-94.2383,-78.8574,1.0679,,
DATA,A001,1,3051,97914,-0.8554,0.8735,0.1573,3.5400,-106.1401,-89.8438,1.2326,,
DATA,A001,1,3052,97924,-0.9364,0.9340,0.1888,-2.9297,-118.7134,-97.4731,1.3360,,
DATA,A001,1,3053,97934,-0.9245,0.9987,0.2159,-15.3809,-141.5405,-110.5957,1.3779,,
DATA,A001,1,3054,97944,-0.8332,0.9982,0.2293,-23.3765,-152.5879,-117.3096,1.3203,,
DATA,A001,1,3055,97954,-0.6984,0.9628,0.2251,-38.5742,-155.0293,-126.7700,1.2106,,
DATA,A001,1,3056,97964,-0.6405,0.9033,0.2200,-48.2178,-147.5830,-132.6904,1.1290,,
DATA,A001,1,3057,97974,-0.5963,0.7997,0.2041,-60.2417,-130.6152,-139.9536,1.0183,,
DATA,A001,1,3058,97984,-0.5817,0.7282,0.2061,-63.6597,-118.2251,-140.6860,0.9545,,
DATA,A001,1,3059,97994,-0.6090,0.6323,0.2183,-68.6646,-102.6611,-141.0522,0.9046,,
DATA,A001,1,3060,98004,-0.5902,0.5727,0.2246,-69.9463,-94.9097,-140.1367,0.8525,,
DATA,A001,1,3061,98014,-0.5246,0.5244,0.2452,-67.5049,-83.3130,-131.8359,0.7812,,
DATA,A001,1,3062,98024,-0.4897,0.4894,0.2762,-67.5659,-74.8901,-124.6338,0.7454,,
DATA,A001,1,3063,98034,-0.4914,0.4467,0.2908,-67.4438,-64.0259,-120.3613,0.7250,,
DATA,A001,1,3064,98044,-0.5092,0.4145,0.2967,-64.7583,-50.3540,-114.2578,0.7205,,
DATA,A001,1,3065,98054,-0.4606,0.3793,0.2840,-60.3638,-40.4663,-109.0698,0.6608,,
DATA,A001,1,3066,98064,-0.4445,0.3537,0.3130,-53.4058,-24.5361,-98.5107,0.6486,,
DATA,A001,1,3067,98074,-0.5011,0.3525,0.3003,-49.8657,-14.2212,-94.2383,0.6823,,
DATA,A001,1,3068,98084,-0.6278,0.3747,0.3479,-44.7998,-12.4512,-88.5620,0.8097,,
DATA,A001,1,3069,98094,-0.7218,0.4047,0.3543,-43.3960,-16.2964,-86.3647,0.9002,,
DATA,A001,1,3070,98104,-0.7702,0.3769,0.3684,-42.7246,-31.1279,-81.9092,0.9333,,
DATA,A001,1,3071,98114,-0.7592,0.3637,0.3811,-40.1001,-38.9404,-78.9185,0.9241,,
DATA,A001,1,3072,98124,-0.7221,0.3500,0.3926,-36.4990,-42.6025,-75.4395,0.8933,,
DATA,A001,1,3073,98134,-0.7321,0.3588,0.4197,-34.7900,-40.8936,-72.7539,0.9170,,
DATA,A001,1,3074,98144,-0.7831,0.3786,0.4002,-33.3862,-37.1704,-72.0215,0.9575,,
DATA,A001,1,3075,98154,-0.8022,0.3925,0.4019,-32.2876,-39.1235,-68.7256,0.9793,,
DATA,A001,1,3076,98164,-0.8066,0.3947,0.3970,-30.2124,-39.0015,-64.0869,0.9818,,
DATA,A001,1,3077,98174,-0.8097,0.3886,0.3816,-28.9917,-38.0859,-62.6831,0.9759,,
DATA,A001,1,3078,98184,-0.7731,0.3830,0.3706,-26.7944,-37.4756,-58.1055,0.9390,,
DATA,A001,1,3079,98194,-0.7419,0.3627,0.3743,-24.4751,-34.3628,-55.2368,0.9067,,
DATA,A001,1,3080,98204,-0.6894,0.3332,0.3616,-19.8364,-23.4985,-52.2461,0.8468,,
DATA,A001,1,3081,98214,-0.6603,0.3129,0.3645,-17.0898,-13.9160,-49.3164,0.8166,,
DATA,A001,1,3082,98224,-0.6454,0.2817,0.3536,-11.9019,3.9062,-46.9971,0.7880,,
DATA,A001,1,3083,98234,-0.6652,0.2641,0.3521,-8.1177,14.4043,-45.4712,0.7976,,
DATA,A001,1,3084,98244,-0.7143,0.2575,0.3628,-1.7700,26.9165,-43.8843,0.8415,,
DATA,A001,1,3085,98254,-0.7851,0.2663,0.3977,1.0986,30.5176,-42.7856,0.9195,,
DATA,A001,1,3086,98264,-0.9233,0.2753,0.4349,2.0142,27.5879,-43.3350,1.0570,,
DATA,A001,1,3087,98274,-0.9782,0.2685,0.4612,2.3193,19.2261,-43.0298,1.1143,,
DATA,A001,1,3088,98284,-1.0287,0.2663,0.4866,3.2349,2.4414,-41.9312,1.1687,,
DATA,A001,1,3089,98294,-1.0346,0.2687,0.4873,3.7842,-7.8125,-42.1753,1.1748,,
DATA,A001,1,3090,98304,-0.9909,0.2670,0.4727,3.9673,-18.0664,-41.6870,1.1299,,
DATA,A001,1,3091,98314,-0.9596,0.2656,0.4656,3.3569,-20.4468,-40.7104,1.0992,,
DATA,A001,1,3092,98324,-0.9762,0.2687,0.4715,-1.0986,-19.4702,-40.7715,1.1169,,
DATA,A001,1,3093,98334,-0.9655,0.2534,0.4515,-4.1504,-19.3481,-41.2598,1.0955,,
DATA,A001,1,3094,98344,-0.9613,0.2368,0.4825,-5.4932,-19.8364,-39.3066,1.1014,,
DATA,A001,1,3095,98354,-1.0097,0.2553,0.5010,-8.3618,-20.1416,-39.7949,1.1557,,
DATA,A001,1,3096,98364,-1.0475,0.2548,0.5203,-12.8784,-24.3530,-41.0767,1.1971,,
DATA,A001,1,3097,98374,-1.0487,0.2297,0.5550,-17.5171,-38.8184,-40.5273,1.2086,,
DATA,A001,1,3098,98384,-1.0368,0.2197,0.5765,-19.0430,-48.5840,-40.0391,1.2064,,
DATA,A001,1,3099,98394,-0.9843,0.2087,0.5845,-22.0947,-61.4014,-39.8560,1.1636,,
DATA,A001,1,3100,98404,-0.9464,0.1950,0.5960,-24.1699,-68.2373,-39.5508,1.1353,,
DATA,A001,1,3101,98414,-0.8959,0.1845,0.6040,-26.6724,-72.8149,-39.7949,1.0962,,
DATA,A001,1,3102,98424,-0.8637,0.1818,0.6250,-29.8462,-74.5239,-38.3301,1.0815,,
DATA,A001,1,3103,98434,-0.8485,0.1650,0.6402,-35.4614,-77.0874,-36.6821,1.0757,,
DATA,A001,1,3104,98444,-0.7919,0.1386,0.6214,-36.6821,-77.8809,-35.0342,1.0161,,
DATA,A001,1,3105,98454,-0.6806,0.1118,0.6072,-35.8887,-71.2280,-29.8462,0.9189,,
DATA,A001,1,3106,98464,-0.6105,0.0991,0.5960,-36.6211,-59.0820,-25.3906,0.8589,,
DATA,A001,1,3107,98474,-0.5793,0.0893,0.6106,-38.5742,-37.1704,-17.7612,0.8464,,
DATA,A001,1,3108,98484,-0.6269,0.0788,0.6394,-40.3442,-24.6582,-12.4512,0.8989,,
DATA,A001,1,3109,98494,-0.6681,0.0532,0.6311,-40.3442,-13.0005,-5.7373,0.9206,,
DATA,A001,1,3110,98504,-0.6230,0.0266,0.6070,-38.1470,-8.5449,0.7935,0.8702,,
DATA,A001,1,3111,98514,-0.4853,-0.0123,0.5440,-31.6162,2.7466,15.0146,0.7291,,
DATA,A001,1,3112,98524,-0.3749,-0.0338,0.5005,-25.8179,17.8223,26.1230,0.6263,,
DATA,A001,1,3113,98534,-0.2279,-0.0601,0.4327,-16.9678,48.9502,45.2881,0.4927,,
DATA,A001,1,3114,98544,-0.1508,-0.0665,0.4273,-10.0708,72.0825,60.4248,0.4580,,
DATA,A001,1,3115,98554,-0.1403,-0.0438,0.4266,-1.5869,102.9663,84.8389,0.4512,,
DATA,A001,1,3116,98564,-0.1505,-0.0157,0.3951,3.4180,122.6196,98.0225,0.4231,,
DATA,A001,1,3117,98574,-0.3026,-0.0604,0.4598,-6.6528,128.8452,84.1064,0.5537,,
DATA,A001,1,3118,98584,-0.3283,0.0026,0.4161,11.1694,129.0894,102.4170,0.5300,,
DATA,A001,1,3119,98594,-0.2587,0.0949,0.6097,-3.4180,110.5347,118.5303,0.6690,,
DATA,A001,1,3120,98604,-1.4355,-0.0755,1.9034,41.3818,-119.6289,154.1138,2.3852,,
DATA,A001,1,3121,98614,-2.6537,0.5183,1.8958,-41.5649,117.7979,80.0781,3.3022,,
DATA,A001,1,3122,98624,-2.7179,0.6235,1.4058,-59.1431,95.1538,61.7065,3.1228,,
DATA,A001,1,3123,98634,-2.1056,-0.0237,0.9878,-92.7124,-28.2593,20.4468,2.3259,,
DATA,A001,1,3124,98644,-1.6535,-0.2281,0.7923,-66.9556,-73.7305,10.9863,1.8476,,
DATA,A001,1,3125,98654,-1.1471,-0.1148,0.6123,-22.1558,-87.8296,22.6440,1.3054,,
DATA,A001,1,3126,98664,-0.9638,0.0331,0.5462,-5.5542,-76.9653,24.1089,1.1083,,
DATA,A001,1,3127,98674,-0.8195,0.1594,0.4734,-3.2959,-60.6079,31.3110,0.9597,,
DATA,A001,1,3128,98684,-0.7038,0.1530,0.4488,-3.4180,-52.9175,32.8979,0.8486,,
DATA,A001,1,3129,98694,-0.5837,0.1154,0.4202,0.3052,-46.8140,31.5552,0.7284,,
DATA,A001,1,3130,98704,-0.4381,0.0707,0.3914,8.3008,-32.2876,20.8740,0.5917,,
DATA,A001,1,3131,98714,-0.3776,0.0866,0.3570,14.3433,-22.7661,12.3901,0.5268,,
DATA,A001,1,3132,98724,-0.2804,0.1286,0.3023,22.4609,-8.1787,7.4463,0.4319,,
DATA,A001,1,3133,98734,-0.2729,0.1518,0.2903,29.2358,3.0518,8.8501,0.4264,,
DATA,A001,1,3134,98744,-0.4084,0.2270,0.3897,37.8418,18.3716,10.6201,0.6084,,
DATA,A001,1,3135,98754,-0.5756,0.2521,0.4534,36.9263,29.6631,9.6436,0.7749,,
DATA,A001,1,3136,98764,-0.9035,0.3469,0.5401,32.8369,25.4517,7.2632,1.1083,,
DATA,A001,1,3137,98774,-1.0812,0.3749,0.5845,27.3438,18.4937,1.9531,1.2850,,
DATA,A001,1,3138,98784,-1.2167,0.3469,0.6680,19.2871,-8.6670,-5.1270,1.4307,,
DATA,A001,1,3139,98794,-1.2106,0.3391,0.7090,17.3340,-26.9165,-10.6201,1.4433,,
DATA,A001,1,3140,98804,-1.0878,0.3271,0.6863,14.7705,-44.4946,-19.1040,1.3272,,
DATA,A001,1,3141,98814,-1.0033,0.3015,0.6387,14.1602,-52.7954,-23.1323,1.2270,,
DATA,A001,1,3142,98824,-0.8339,0.2819,0.6111,10.6201,-57.1899,-29.1748,1.0716,,
DATA,A001,1,3143,98834,-0.7318,0.2285,0.5899,10.6201,-57.7393,-24.4751,0.9673,,
DATA,A001,1,3144,98844,-0.6559,0.1967,0.5745,6.4697,-44.1895,-25.5127,0.8939,,
DATA,A001,1,3145,98854,-0.5729,0.1982,0.5975,7.1411,-37.1704,-22.5220,0.8511,,
DATA,A001,1,3146,98864,-0.5150,0.1733,0.6280,3.6621,-24.8413,-19.1650,0.8304,,
DATA,A001,1,3147,98874,-0.5199,0.1750,0.6556,1.0376,-17.1509,-13.9160,0.8548,,
DATA,A001,1,3148,98884,-0.5329,0.1669,0.6756,-1.9531,-7.0190,-5.1270,0.8765,,
DATA,A001,1,3149,98894,-0.5636,0.1494,0.6778,-2.1973,-0.4272,-0.8545,0.8941,,
DATA,A001,1,3150,98904,-0.6071,0.1542,0.7054,-1.3428,10.0708,6.1035,0.9433,,
DATA,A001,1,3151,98914,-0.6510,0.1743,0.7293,-0.8545,18.7378,9.9487,0.9930,,
DATA,A001,1,3152,98924,-0.7077,0.1838,0.7317,-2.6855,31.6772,13.0615,1.0344,,
DATA,A001,1,3153,98934,-0.7397,0.1940,0.7276,-3.7231,39.0015,14.0381,1.0555,,
DATA,A001,1,3154,98944,-0.7516,0.2070,0.6980,-4.8218,48.2788,13.4888,1.0464,,
DATA,A001,1,3155,98954,-0.7301,0.2101,0.6841,-4.5166,53.8940,12.7563,1.0224,,
DATA,A001,1,3156,98964,-0.7172,0.2319,0.6792,-3.2959,67.1997,11.0474,1.0146,,
DATA,A001,1,3157,98974,-0.7514,0.2617,0.6741,-5.7983,76.4160,8.0566,1.0428,,
DATA,A001,1,3158,98984,-0.8080,0.2905,0.6436,-13.8550,82.3975,3.2959,1.0731,,
DATA,A001,1,3159,98994,-0.7987,0.2900,0.6248,-20.2637,79.9561,1.5259,1.0547,,
DATA,A001,1,3160,99004,-0.7607,0.2646,0.5979,-26.4893,77.0264,1.2207,1.0031,,
DATA,A001,1,3161,99014,-0.7309,0.2104,0.5552,-31.1890,76.4160,1.0986,0.9416,,
DATA,A001,1,3162,99024,-0.7438,0.1818,0.5061,-30.8838,76.5381,-0.1831,0.9179,,
DATA,A001,1,3163,99034,-0.7519,0.1794,0.4871,-28.5034,75.0732,-0.4272,0.9136,,
DATA,A001,1,3164,99044,-0.7836,0.1674,0.4742,-26.1230,73.4253,0.0000,0.9311,,
DATA,A001,1,3165,99054,-0.8334,0.1591,0.4654,-20.0195,70.4956,-0.8545,0.9677,,
DATA,A001,1,3166,99064,-0.8717,0.1577,0.4610,-15.5640,66.8335,-1.4038,0.9986,,
DATA,A001,1,3167,99074,-0.9294,0.1601,0.4671,-9.5215,57.4951,-1.2207,1.0524,,
DATA,A001,1,3168,99084,-0.9540,0.1518,0.4676,-6.2256,49.9878,-1.2817,1.0732,,
DATA,A001,1,3169,99094,-0.9640,0.1498,0.4654,-1.0986,37.9028,-1.0986,1.0809,,
DATA,A001,1,3170,99104,-0.9540,0.1508,0.4659,1.9531,30.9448,-0.6714,1.0723,,
DATA,A001,1,3171,99114,-0.9276,0.1577,0.4637,5.9204,22.0947,0.7324,1.0490,,
DATA,A001,1,3172,99124,-0.9088,0.1620,0.4617,7.8125,17.2729,1.9531,1.0322,,
DATA,A001,1,3173,99134,-0.8827,0.1694,0.4634,9.9487,11.3525,3.5400,1.0113,,
DATA,A001,1,3174,99144,-0.8651,0.1772,0.4624,11.0474,8.1177,4.7607,0.9969,,
DATA,A001,1,3175,99154,-0.8529,0.1874,0.4637,11.6577,4.1504,5.9814,0.9887,,
DATA,A001,1,3176,99164,-0.8510,0.1945,0.4588,11.5356,1.8311,6.4087,0.9861,,
DATA,A001,1,3177,99174,-0.8468,0.2004,0.4649,10.9253,-0.3052,6.5308,0.9866,,
DATA,A001,1,3178,99184,-0.8490,0.2092,0.4666,10.0708,-1.3428,6.1646,0.9911,,
DATA,A001,1,3179,99194,-0.8507,0.2133,0.4712,8.3618,-2.0752,5.4321,0.9957,,
DATA,A001,1,3180,99204,-0.8522,0.2197,0.4781,7.2632,-2.0142,4.5776,1.0015,,
DATA,A001,1,3181,99214,-0.8581,0.2226,0.4829,5.1880,-1.1597,2.9907,1.0095,,
DATA,A001,1,3182,99224,-0.8564,0.2202,0.4903,3.3569,-0.4883,1.8311,1.0110,,
DATA,A001,1,3183,99234,-0.8593,0.2153,0.4905,1.4648,0.6104,0.5493,1.0126,,
DATA,A001,1,3184,99244,-0.8588,0.2077,0.4922,0.3662,1.4038,-0.0610,1.0114,,
DATA,A001,1,3185,99254,-0.8510,0.2050,0.4913,-1.0376,1.7700,-0.7324,1.0038,,
DATA,A001,1,3186,99264,-0.8481,0.2038,0.4917,-1.8311,2.1362,-0.8545,1.0013,,
DATA,A001,1,3187,99274,-0.8449,0.1948,0.4905,-2.6245,2.1973,-0.9766,0.9962,,
DATA,A001,1,3188,99284,-0.8434,0.1933,0.4908,-2.6245,2.1973,-0.6104,0.9948,,
DATA,A001,1,3189,99294,-0.8510,0.1911,0.4883,-2.8076,1.7700,-0.0610,0.9996,,
DATA,A001,1,3190,99304,-0.8485,0.1887,0.4876,-2.4414,1.5259,0.4883,0.9967,,
DATA,A001,1,3191,99314,-0.8459,0.1879,0.4871,-1.9531,1.7090,1.1597,0.9940,,
DATA,A001,1,3192,99324,-0.8466,0.1916,0.4876,-1.9531,2.1362,1.4648,0.9956,,
DATA,A001,1,3193,99334,-0.8507,0.1935,0.4878,-1.2817,3.2959,1.7700,0.9996,,
DATA,A001,1,3194,99344,-0.8554,0.1950,0.4866,-1.1597,3.8452,1.8921,1.0032,,
DATA,A001,1,3195,99354,-0.8561,0.1967,0.4883,-1.0986,4.1504,1.6479,1.0050,,
DATA,A001,1,3196,99364,-0.8549,0.1994,0.4881,-1.1597,4.4556,1.3428,1.0044,,
DATA,A001,1,3197,99374,-0.8522,0.1977,0.4847,-1.2817,4.6387,1.1597,1.0001,,
DATA,A001,1,3198,99384,-0.8500,0.1992,0.4839,-1.4038,5.3711,0.9155,0.9982,,
DATA,A001,1,3199,99394,-0.8507,0.2026,0.4805,-1.3428,5.7373,0.5493,0.9978,,
DATA,A001,1,3200,99404,-0.8539,0.2123,0.4788,-1.3428,5.8594,-0.4883,1.0018,,
DATA,A001,1,3201,99414,-0.8498,0.2065,0.4803,-1.7090,5.6152,-1.5869,0.9977,,
DATA,A001,1,3202,99424,-0.8498,0.1933,0.4888,-1.8311,5.6152,-2.9907,0.9992,,
DATA,A001,1,3203,99434,-0.8461,0.1845,0.4873,-1.0986,6.4087,-3.1738,0.9937,,
DATA,A001,1,3204,99444,-0.8459,0.1745,0.4808,0.4883,7.2021,-2.7466,0.9885,,
DATA,A001,1,3205,99454,-0.8434,0.1733,0.4798,1.2207,7.9346,-2.1973,0.9857,,
DATA,A001,1,3206,99464,-0.8454,0.1682,0.4749,2.3193,8.9722,-1.3428,0.9841,,
DATA,A001,1,3207,99474,-0.8483,0.1706,0.4768,3.4790,9.8267,-0.4272,0.9880,,
DATA,A001,1,3208,99484,-0.8520,0.1701,0.4725,3.7842,9.8267,0.2441,0.9889,,
DATA,A001,1,3209,99494,-0.8573,0.1679,0.4729,3.9062,8.8501,0.6714,0.9934,,
DATA,A001,1,3210,99504,-0.8568,0.1733,0.4822,4.0894,7.0190,1.7090,0.9984,,
DATA,A001,1,3211,99514,-0.8539,0.1784,0.4856,3.7842,5.8594,2.1973,0.9984,,
DATA,A001,1,3212,99524,-0.8483,0.1789,0.4866,3.6621,5.3711,2.6855,0.9942,,
DATA,A001,1,3213,99534,-0.8466,0.1877,0.4854,3.7842,4.9438,3.0518,0.9938,,
DATA,A001,1,3214,99544,-0.8493,0.1987,0.4876,3.6621,3.7842,2.9907,0.9992,,
DATA,A001,1,3215,99554,-0.8507,0.2070,0.4893,2.8076,3.2959,2.5635,1.0030,,
DATA,A001,1,3216,99564,-0.8463,0.2018,0.4883,2.1362,3.3569,1.8921,0.9977,,
DATA,A001,1,3217,99574,-0.8463,0.2004,0.4891,1.7700,3.6011,1.4648,0.9978,,
DATA,A001,1,3218,99584,-0.8505,0.2033,0.4861,1.3428,4.6387,1.4038,1.0005,,
DATA,A001,1,3219,99594,-0.8515,0.2004,0.4881,1.0376,5.1270,1.2207,1.0017,,
DATA,A001,1,3220,99604,-0.8537,0.1970,0.4822,0.3052,6.1035,1.0376,1.0000,,
DATA,A001,1,3221,99614,-0.8568,0.1960,0.4805,0.0610,6.6528,1.0986,1.0017,,
DATA,A001,1,3222,99624,-0.8568,0.1962,0.4751,-0.4272,7.6294,1.0986,0.9992,,
DATA,A001,1,3223,99634,-0.8571,0.1916,0.4737,-0.4272,7.9346,1.0986,0.9978,,
DATA,A001,1,3224,99644,-0.8608,0.1879,0.4746,-0.3662,8.6670,1.3428,1.0007,,
DATA,A001,1,3225,99654,-0.8615,0.1838,0.4742,-0.1831,8.6060,1.5869,1.0004,,
DATA,A001,1,3226,99664,-0.8637,0.1865,0.4722,0.0000,8.2397,1.6479,1.0018,,
DATA,A001,1,3227,99674,-0.8661,0.1855,0.4703,0.2441,7.6904,1.6479,1.0029,,
DATA,A001,1,3228,99684,-0.8656,0.1799,0.4712,0.2441,6.8359,1.7090,1.0019,,
DATA,A001,1,3229,99694,-0.8639,0.1765,0.4722,0.3662,6.2256,2.0142,1.0002,,
DATA,A001,1,3230,99704,-0.8610,0.1777,0.4710,0.4272,6.2256,2.3193,0.9974,,
DATA,A001,1,3231,99714,-0.8583,0.1772,0.4729,0.7324,6.8970,2.8687,0.9959,,
DATA,A001,1,3232,99724,-0.8595,0.1806,0.4727,0.7324,7.9346,3.1128,0.9974,,
DATA,A001,1,3233,99734,-0.8647,0.1823,0.4678,1.2817,9.3384,3.3569,0.9999,,
DATA,A001,1,3234,99744,-0.8622,0.1828,0.4678,1.7090,10.3149,3.7231,0.9978,,
DATA,A001,1,3235,99754,-0.8612,0.1823,0.4583,2.3193,11.1084,4.0283,0.9925,,
DATA,A001,1,3236,99764,-0.8627,0.1865,0.4561,2.6855,11.1694,4.2114,0.9935,,
DATA,A001,1,3237,99774,-0.8639,0.1982,0.4502,3.0518,10.7422,4.2725,0.9942,,
DATA,A001,1,3238,99784,-0.8649,0.2026,0.4532,3.1128,10.8643,4.1504,0.9972,,
DATA,A001,1,3239,99794,-0.8688,0.2040,0.4493,3.0518,10.5591,3.6621,0.9991,,
DATA,A001,1,3240,99804,-0.8722,0.2092,0.4510,2.8076,10.3760,3.2349,1.0039,,
DATA,A001,1,3241,99814,-0.8725,0.2092,0.4502,2.3193,9.7656,2.5024,1.0038,,
DATA,A001,1,3242,99824,-0.8712,0.2109,0.4505,1.9531,9.1553,2.0752,1.0032,,
DATA,A001,1,3243,99834,-0.8693,0.2119,0.4478,1.4648,8.4839,1.0986,1.0005,,
DATA,A001,1,3244,99844,-0.8656,0.2133,0.4461,1.0376,7.5684,0.7324,0.9969,,
DATA,A001,1,3245,99854,-0.8622,0.2094,0.4454,0.3662,6.7749,-0.0610,0.9928,,
DATA,A001,1,3246,99864,-0.8590,0.2097,0.4451,0.1221,6.2866,-0.4272,0.9900,,
DATA,A001,1,3247,99874,-0.8629,0.2077,0.4512,0.1221,5.8594,-0.8545,0.9957,,
DATA,A001,1,3248,99884,-0.8691,0.2075,0.4539,-0.1221,5.5542,-1.1597,1.0022,,
DATA,A001,1,3249,99894,-0.8771,0.2006,0.4600,-0.6714,4.8218,-1.7090,1.0105,,
DATA,A001,1,3250,99904,-0.8764,0.1974,0.4651,-1.3428,4.3335,-2.1973,1.0116,,
DATA,A001,1,3251,99914,-0.8752,0.1843,0.4727,-2.0142,4.3945,-2.6855,1.0116,,
DATA,A001,1,3252,99924,-0.8744,0.1787,0.4710,-2.3804,4.6997,-2.6855,1.0091,,
DATA,A001,1,3253,99934,-0.8708,0.1672,0.4671,-2.9297,4.6997,-2.3804,1.0022,,
DATA,A001,1,3254,99944,-0.8627,0.1611,0.4639,-2.9297,4.6997,-1.8311,0.9927,,
DATA,A001,1,3255,99954,-0.8451,0.1525,0.4624,-2.5024,5.1270,-0.1831,0.9754,,
DATA,A001,1,3256,99964,-0.8380,0.1496,0.4617,-1.5869,5.6763,1.2207,0.9684,,
DATA,A001,1,3257,99974,-0.8454,0.1557,0.4593,-0.8545,6.7749,3.0518,0.9746,,
DATA,A001,1,3258,99984,-0.8466,0.1533,0.4588,-0.1221,7.2021,4.0283,0.9750,,
DATA,A001,1,3259,99994,-0.8566,0.1552,0.4627,0.4883,7.5684,5.0659,0.9859,,
DATA,A001,1,3260,100004,-0.8634,0.1589,0.4661,1.3428,7.6294,6.5308,0.9940,,
DATA,A001,1,3261,100014,-0.8669,0.1652,0.4676,1.8921,7.8735,7.0801,0.9987,,
DATA,A001,1,3262,100024,-0.8681,0.1769,0.4676,2.1362,8.6060,7.8735,1.0017,,
DATA,A001,1,3263,100034,-0.8678,0.1767,0.4585,2.4414,10.0098,8.3618,0.9973,,
DATA,A001,1,3264,100044,-0.8722,0.1801,0.4529,3.1128,11.1694,8.7891,0.9992,,
DATA,A001,1,3265,100054,-0.8715,0.1840,0.4463,3.6011,12.5122,9.1553,0.9963,,
DATA,A001,1,3266,100064,-0.8651,0.1913,0.4427,3.9673,14.4653,9.5215,0.9905,,
DATA,A001,1,3267,100074,-0.8634,0.1982,0.4312,4.5166,15.9912,9.5215,0.9853,,
DATA,A001,1,3268,100084,-0.8681,0.2048,0.4226,5.3711,18.1885,9.5825,0.9870,,
DATA,A001,1,3269,100094,-0.8712,0.2072,0.4212,5.4932,18.8599,9.3384,0.9896,,
DATA,A001,1,3270,100104,-0.8825,0.2204,0.4143,5.3711,19.1040,8.8501,0.9995,,
DATA,A001,1,3271,100114,-0.8903,0.2228,0.4126,5.0659,18.6157,8.3008,1.0063,,
DATA,A001,1,3272,100124,-0.9027,0.2255,0.4068,4.3945,16.5405,7.3242,1.0155,,
DATA,A001,1,3273,100134,-0.9066,0.2287,0.4104,4.3335,14.7095,6.7749,1.0212,,
DATA,A001,1,3274,100144,-0.9086,0.2270,0.4117,4.3945,11.8408,5.8594,1.0230,,
DATA,A001,1,3275,100154,-0.9157,0.2299,0.4097,3.9673,9.8877,5.0049,1.0292,,
DATA,A001,1,3276,100164,-0.9120,0.2307,0.4124,3.4180,7.4463,3.9673,1.0272,,
DATA,A001,1,3277,100174,-0.9108,0.2258,0.4124,3.0518,5.2490,3.3569,1.0250,,
DATA,A001,1,3278,100184,-0.9015,0.2224,0.4153,2.6245,3.0518,2.9907,1.0172,,
DATA,A001,1,3279,100194,-0.8952,0.2228,0.4161,2.5635,2.6245,2.8076,1.0120,,
DATA,A001,1,3280,100204,-0.8820,0.2197,0.4183,1.8921,2.1362,2.3804,1.0005,,
DATA,A001,1,3281,100214,-0.8815,0.2175,0.4219,1.6479,2.3193,2.3193,1.0012,,
DATA,A001,1,3282,100224,-0.8744,0.2172,0.4202,1.3428,2.5024,2.3804,0.9942,,
DATA,A001,1,3283,100234,-0.8756,0.2189,0.4141,1.1597,2.8076,2.5024,0.9931,,
DATA,A001,1,3284,100244,-0.8815,0.2167,0.4073,1.9531,1.7090,2.6245,0.9949,,
DATA,A001,1,3285,100254,-0.8803,0.2162,0.3980,2.2583,0.5493,2.9297,0.9900,,
DATA,A001,1,3286,100264,-0.9052,0.2233,0.3924,3.9673,-2.6245,3.2349,1.0115,,
DATA,A001,1,3287,100274,-0.9181,0.2297,0.3794,4.3945,-5.9204,3.4180,1.0196,,
DATA,A001,1,3288,100284,-0.9206,0.2253,0.3775,6.1646,-13.1836,3.9062,1.0201,,
DATA,A001,1,3289,100294,-0.9333,0.2226,0.3531,8.5449,-18.9209,4.2725,1.0223,,
DATA,A001,1,3290,100304,-1.0238,0.2224,0.3230,13.1226,-32.3486,4.9438,1.0964,,
DATA,A001,1,3291,100314,-1.0231,0.2492,0.3445,13.9160,-48.4619,5.0049,1.1079,,
DATA,A001,1,3292,100324,-1.0031,0.2446,0.3833,11.9019,-64.5752,5.7373,1.1013,,
DATA,A001,1,3293,100334,-0.9992,0.2236,0.4100,10.5591,-84.7168,4.1504,1.1029,,
DATA,A001,1,3294,100344,-1.0155,0.2294,0.4300,10.1318,-100.6470,3.2959,1.1264,,
DATA,A001,1,3295,100354,-0.8947,0.2187,0.5025,7.3242,-121.7651,7.3853,1.0492,,
DATA,A001,1,3296,100364,-0.7502,0.2099,0.5789,6.4697,-122.5586,9.7656,0.9705,,
DATA,A001,1,3297,100374,-0.4894,0.2480,0.7037,6.9580,-96.4355,14.8315,0.8923,,
DATA,A001,1,3298,100384,-0.3634,0.2805,0.7610,4.6387,-61.2793,16.5405,0.8888,,
DATA,A001,1,3299,100394,-0.4379,0.3107,0.7425,0.0000,2.8076,13.1836,0.9163,,
DATA,A001,1,3300,100404,-0.6054,0.3002,0.6726,-3.9062,36.8042,7.6904,0.9535,,
DATA,A001,1,3301,100414,-0.7738,0.2612,0.5750,-7.6294,59.2041,0.7324,0.9988,,
DATA,A001,1,3302,100424,-0.8515,0.2424,0.5271,-7.9346,60.6689,-2.5635,1.0304,,
DATA,A001,1,3303,100434,-1.0395,0.2233,0.4595,-5.4321,47.4243,-4.9438,1.1582,,
DATA,A001,1,3304,100444,-1.1730,0.2253,0.4490,-3.6621,25.8789,-6.0425,1.2761,,
DATA,A001,1,3305,100454,-1.0810,0.2094,0.4507,-4.8218,-17.2729,-5.5542,1.1897,,
DATA,A001,1,3306,100464,-0.9530,0.1806,0.4566,-4.5166,-38.2690,-3.5400,1.0721,,
DATA,A001,1,3307,100474,-0.7948,0.1611,0.4522,-2.0752,-49.9878,-1.7700,0.9285,,
DATA,A001,1,3308,100484,-0.7528,0.1584,0.4615,0.5493,-48.9502,-2.0142,0.8971,,
DATA,A001,1,3309,100494,-0.7448,0.1481,0.4854,3.3569,-43.4570,-1.4038,0.9012,,
DATA,A001,1,3310,100504,-0.7411,0.1437,0.5132,5.1880,-41.4429,0.6104,0.9129,,
DATA,A001,1,3311,100514,-0.6745,0.1245,0.5630,6.1035,-37.4146,5.1270,0.8874,,
DATA,A001,1,3312,100524,-0.6479,0.1286,0.5909,8.1787,-31.1279,8.6060,0.8862,,
DATA,A001,1,3313,100534,-0.7003,0.1406,0.6070,11.4136,-17.8833,11.9629,0.9374,,
DATA,A001,1,3314,100544,-0.7438,0.1474,0.6194,13.2446,-10.9253,13.6719,0.9791,,
DATA,A001,1,3315,100554,-0.7475,0.1354,0.6048,15.8691,-3.4180,18.5547,0.9710,,
DATA,A001,1,3316,100564,-0.7497,0.1127,0.5940,19.8364,2.3804,23.1934,0.9631,,
DATA,A001,1,3317,100574,-0.7956,0.1061,0.5994,31.3721,12.1460,31.5552,1.0017,,
DATA,A001,1,3318,100584,-0.8451,0.1264,0.5977,40.7104,17.3340,37.3535,1.0428,,
DATA,A001,1,3319,100594,-0.9364,0.1672,0.5476,56.7017,19.4702,45.9595,1.0976,,
DATA,A001,1,3320,100604,-0.9840,0.2160,0.5530,68.5425,15.5640,52.4902,1.1493,,
DATA,A001,1,3321,100614,-1.0363,0.2841,0.5791,81.4209,5.7983,59.6313,1.2207,,
DATA,A001,1,3322,100624,-0.9989,0.2997,0.5992,88.1348,-3.2959,59.9365,1.2028,,
DATA,A001,1,3323,100634,-0.8339,0.3576,0.5779,101.4404,-7.0190,57.5562,1.0758,,
DATA,A001,1,3324,100644,-0.8371,0.3784,0.5369,109.1919,-8.1177,51.9409,1.0640,,
DATA,A001,1,3325,100654,-0.7963,0.4096,0.5511,121.0327,-16.8457,55.1147,1.0514,,
DATA,A001,1,3326,100664,-0.7016,0.3788,0.5596,120.4834,-18.7988,58.1055,0.9741,,
DATA,A001,1,3327,100674,-0.6117,0.2905,0.5298,123.4131,-21.6064,59.0820,0.8598,,
DATA,A001,1,3328,100684,-0.5285,0.2243,0.5389,141.6626,-24.8413,62.6221,0.7874,,
DATA,A001,1,3329,100694,-0.4836,0.2153,0.5840,152.6489,-25.2075,68.0542,0.7882,,
DATA,A001,1,3330,100704,-0.5285,0.2267,0.6690,164.3066,-23.1934,78.7964,0.8822,,
DATA,A001,1,3331,100714,-0.5297,0.1796,0.6673,163.7573,-24.9634,79.7119,0.8707,,
DATA,A001,1,3332,100724,-0.5158,0.0942,0.7002,156.0059,-18.1885,68.0542,0.8748,,
DATA,A001,1,3333,100734,-0.5190,0.0786,0.7151,154.0527,-8.2397,65.8569,0.8871,,
DATA,A001,1,3334,100744,-0.5033,0.1498,0.7356,148.0713,17.8833,61.1572,0.9039,,
DATA,A001,1,3335,100754,-0.5102,0.1931,0.7190,140.0146,40.1611,59.6313,0.9025,,
DATA,A001,1,3336,100764,-0.4967,0.2287,0.6065,133.4229,77.6978,61.9507,0.8166,,
DATA,A001,1,3337,100774,-0.5136,0.2656,0.5025,130.7373,105.5908,61.8286,0.7660,,
DATA,A001,1,3338,100784,-0.6952,0.3459,0.3819,125.9766,139.0381,60.3027,0.8653,,
DATA,A001,1,3339,100794,-0.9069,0.4443,0.3348,123.5352,148.1934,56.5796,1.0639,,
DATA,A001,1,3340,100804,-1.2365,0.6848,0.3936,115.7837,130.8594,49.6216,1.4672,,
DATA,A001,1,3341,100814,-1.5578,0.8950,0.4764,110.7788,105.6519,40.2832,1.8586,,
DATA,A001,1,3342,100824,-1.2829,1.0651,0.4703,102.2949,89.0503,22.5220,1.7325,,
DATA,A001,1,3343,100834,-0.7787,0.9474,0.2474,75.6836,101.6235,24.1089,1.2511,,
DATA,A001,1,3344,100844,-0.2074,0.8498,-0.0703,64.3311,151.7944,39.1235,0.8776,,
DATA,A001,1,3345,100854,-0.2187,0.9020,-0.1621,79.5898,198.3643,56.4575,0.9422,,
DATA,A001,1,3346,100864,-0.6173,1.0546,-0.2165,81.2988,220.4590,47.3633,1.2411,,
DATA,A001,1,3347,100874,-0.7707,1.1787,-0.1594,84.5337,206.9702,53.2227,1.4172,,
DATA,A001,1,3348,100884,-0.8344,1.1818,-0.1442,57.8003,164.8560,50.5981,1.4539,,
DATA,A001,1,3349,100894,-0.7953,1.0988,-0.1311,45.1660,142.2729,49.5605,1.3628,,
DATA,A001,1,3350,100904,-0.7660,0.9870,-0.1066,36.0107,126.7090,51.8799,1.2539,,
DATA,A001,1,3351,100914,-0.7555,0.9157,-0.0678,34.6069,124.0845,54.7485,1.1891,,
DATA,A001,1,3352,100924,-0.7519,0.8249,-0.0212,33.6304,119.5068,58.5327,1.1163,,
DATA,A001,1,3353,100934,-0.7033,0.7661,-0.0559,32.1655,120.6665,57.5562,1.0414,,
DATA,A001,1,3354,100944,-0.7270,0.7551,-0.0647,36.1328,125.4272,65.0635,1.0501,,
DATA,A001,1,3355,100954,-0.7367,0.7756,-0.0556,41.3818,123.7793,74.1577,1.0712,,
DATA,A001,1,3356,100964,-0.7751,0.7726,-0.0449,31.5552,115.4785,68.9697,1.0953,,
DATA,A001,1,3357,100974,-0.7472,0.7546,-0.0410,24.3530,106.9336,66.6504,1.0627,,
DATA,A001,1,3358,100984,-0.7174,0.7458,-0.0415,20.9351,100.8301,68.1763,1.0357,,
DATA,A001,1,3359,100994,-0.6435,0.7375,-0.0151,19.6533,95.7642,74.8901,0.9789,,
DATA,A001,1,3360,101004,-0.6193,0.7675,0.0147,14.7705,93.4448,70.8008,0.9863,,
DATA,A001,1,3361,101014,-0.5409,0.8662,0.0293,16.4185,100.4028,84.1064,1.0216,,
DATA,A001,1,3362,101024,-0.5712,0.9433,0.0384,10.8032,104.1260,88.2568,1.1034,,
DATA,A001,1,3363,101034,-0.6217,1.0043,0.0191,1.0986,100.1587,84.9609,1.1814,,
DATA,A001,1,3364,101044,-0.5902,1.0488,-0.0639,-1.4648,92.5903,99.7314,1.2052,,
DATA,A001,1,3365,101054,-0.5551,1.1435,-0.1472,-3.1738,79.8950,113.8306,1.2796,,
DATA,A001,1,3366,101064,-0.5324,1.1642,-0.2114,-15.3198,67.3828,105.4688,1.2975,,
DATA,A001,1,3367,101074,-0.4836,1.1599,-0.2585,-28.9917,52.6123,100.3418,1.2829,,
DATA,A001,1,3368,101084,-0.4328,1.1498,-0.2414,-33.5693,46.1426,100.8911,1.2521,,
DATA,A001,1,3369,101094,-0.3163,1.1271,-0.2192,-36.6211,46.9971,97.4121,1.1910,,
DATA,A001,1,3370,101104,-0.2575,1.1110,-0.2126,-36.3159,56.3354,91.9800,1.1601,,
DATA,A001,1,3371,101114,-0.1996,1.1110,-0.2058,-32.8369,77.3315,83.7402,1.1474,,
DATA,A001,1,3372,101124,-0.1984,1.1081,-0.2004,-33.2642,91.8579,78.3691,1.1434,,
DATA,A001,1,3373,101134,-0.2411,1.0712,-0.1965,-36.3770,105.8350,71.1670,1.1155,,
DATA,A001,1,3374,101144,-0.2816,1.0341,-0.2236,-37.5977,107.9712,66.5283,1.0949,,
DATA,A001,1,3375,101154,-0.2985,0.9802,-0.2578,-36.1938,104.3091,59.6313,1.0565,,
DATA,A001,1,3376,101164,-0.2770,0.9457,-0.2717,-36.4990,99.1211,55.1758,1.0222,,
DATA,A001,1,3377,101174,-0.2502,0.8679,-0.2668,-40.4053,93.2007,48.0957,0.9418,,
DATA,A001,1,3378,101184,-0.2592,0.8066,-0.2573,-41.6870,89.5386,43.5791,0.8854,,
DATA,A001,1,3379,101194,-0.2951,0.7621,-0.2085,-38.3911,76.8433,38.5742,0.8434,,
DATA,A001,1,3380,101204,-0.3178,0.7636,-0.1538,-35.4614,61.4624,36.0107,0.8413,,
DATA,A001,1,3381,101214,-0.3358,0.8203,-0.0832,-34.4849,31.3110,34.7900,0.8902,,
DATA,A001,1,3382,101224,-0.3332,0.8867,-0.0566,-35.9497,10.3149,34.9731,0.9489,,
DATA,A001,1,3383,101234,-0.2951,1.0036,-0.0463,-40.7104,-16.6626,36.1938,1.0471,,
DATA,A001,1,3384,101244,-0.2672,1.0607,-0.0561,-46.0205,-29.7241,37.9639,1.0953,,
DATA,A001,1,3385,101254,-0.2326,1.0820,-0.0796,-59.3872,-37.5366,40.0391,1.1095,,
DATA,A001,1,3386,101264,-0.2201,1.0502,-0.0974,-68.4814,-35.8276,40.9546,1.0775,,
DATA,A001,1,3387,101274,-0.2165,0.9797,-0.1289,-76.2939,-25.7568,41.5039,1.0115,,
DATA,A001,1,3388,101284,-0.2087,0.9435,-0.1533,-76.2939,-16.1133,40.7104,0.9784,,
DATA,A001,1,3389,101294,-0.1901,0.9162,-0.1726,-72.1436,0.1831,38.0859,0.9515,,
DATA,A001,1,3390,101304,-0.1772,0.9172,-0.1796,-69.2749,12.2681,36.0107,0.9512,,
DATA,A001,1,3391,101314,-0.1640,0.9213,-0.1772,-66.9556,24.5361,33.8135,0.9524,,
DATA,A001,1,3392,101324,-0.1552,0.9411,-0.1665,-62.9883,41.1987,29.9072,0.9682,,
DATA,A001,1,3393,101334,-0.1552,0.9487,-0.1572,-59.3262,49.9878,27.4658,0.9740,,
DATA,A001,1,3394,101344,-0.1505,0.9560,-0.1411,-55.1758,58.7158,23.3765,0.9780,,
DATA,A001,1,3395,101354,-0.1454,0.9479,-0.1384,-53.7109,62.9883,20.0195,0.9690,,
DATA,A001,1,3396,101364,-0.1437,0.9150,-0.1345,-51.3916,67.8711,14.8926,0.9359,,
DATA,A001,1,3397,101374,-0.1496,0.8864,-0.1316,-48.6450,69.2749,11.7188,0.9085,,
DATA,A001,1,3398,101384,-0.1640,0.8449,-0.1284,-44.1895,67.1997,6.4087,0.8702,,
DATA,A001,1,3399,101394,-0.1930,0.8102,-0.1259,-41.0767,62.8052,2.6245,0.8424,,
DATA,A001,1,3400,101404,-0.2091,0.7695,-0.1181,-37.7197,50.9033,0.3662,0.8061,,
DATA,A001,1,3401,101414,-0.2167,0.7363,-0.1186,-35.5225,40.1611,-1.1597,0.7766,,
DATA,A001,1,3402,101424,-0.2296,0.6984,-0.1115,-31.1890,21.7896,-3.1128,0.7436,,
DATA,A001,1,3403,101434,-0.2323,0.6867,-0.1103,-27.4658,9.2163,-3.7231,0.7333,,
DATA,A001,1,3404,101444,-0.2348,0.6777,-0.1135,-21.4844,-8.9111,-4.3335,0.7261,,
DATA,A001,1,3405,101454,-0.2238,0.6762,-0.1128,-18.1274,-18.2495,-5.6763,0.7211,,
DATA,A001,1,3406,101464,-0.2355,0.7009,-0.1123,-13.0615,-26.3062,-6.6528,0.7479,,
DATA,A001,1,3407,101474,-0.2318,0.7109,-0.0964,-11.1084,-30.1514,-6.2866,0.7539,,
DATA,A001,1,3408,101484,-0.2570,0.7297,-0.0879,-10.9863,-33.3862,-8.9722,0.7786,,
DATA,A001,1,3409,101494,-0.2616,0.7372,-0.0739,-10.4980,-37.5977,-11.1084,0.7858,,
DATA,A001,1,3410,101504,-0.2709,0.7595,-0.0505,-9.7046,-46.7529,-12.6953,0.8079,,
DATA,A001,1,3411,101514,-0.2567,0.7722,-0.0437,-9.3384,-53.8330,-13.0615,0.8149,,
DATA,A001,1,3412,101524,-0.2148,0.7841,-0.0400,-10.1929,-61.2183,-13.5498,0.8140,,
DATA,A001,1,3413,101534,-0.1835,0.7897,-0.0395,-10.8643,-62.3169,-13.2446,0.8117,,
DATA,A001,1,3414,101544,-0.1457,0.8063,-0.0346,-10.0708,-55.9692,-11.7188,0.8201,,
DATA,A001,1,3415,101554,-0.1430,0.8256,-0.0327,-7.9346,-47.8516,-9.5825,0.8385,,
DATA,A001,1,3416,101564,-0.1466,0.8605,-0.0153,-4.3335,-33.5083,-5.5542,0.8731,,
DATA,A001,1,3417,101574,-0.1645,0.8796,-0.0007,-3.2349,-24.0479,-2.6855,0.8948,,
DATA,A001,1,3418,101584,-0.1818,0.8930,0.0259,-2.9297,-10.5591,2.1362,0.9117,,
DATA,A001,1,3419,101594,-0.1950,0.9045,0.0535,-2.2583,-1.8311,5.4932,0.9268,,
DATA,A001,1,3420,101604,-0.2023,0.9282,0.0821,0.1831,11.2915,10.4980,0.9535,,
DATA,A001,1,3421,101614,-0.2096,0.9455,0.0957,1.7090,19.6533,13.5498,0.9732,,
DATA,A001,1,3422,101624,-0.2267,0.9714,0.1077,2.8687,31.0669,18.9819,1.0033,,
DATA,A001,1,3423,101634,-0.2392,0.9816,0.1194,3.0518,37.3535,22.8882,1.0174,,
DATA,A001,1,3424,101644,-0.2614,0.9863,0.1270,3.9062,43.6401,28.9917,1.0282,,
DATA,A001,1,3425,101654,-0.2770,0.9899,0.1326,4.3945,45.5322,33.1421,1.0365,,
DATA,A001,1,3426,101664,-0.2985,0.9782,0.1380,5.0049,45.3491,37.3535,1.0320,,
DATA,A001,1,3427,101674,-0.3146,0.9479,0.1451,5.3101,41.1987,43.0908,1.0093,,
DATA,A001,1,3428,101684,-0.3288,0.9279,0.1509,6.4087,36.3159,46.6309,0.9959,,
DATA,A001,1,3429,101694,-0.3380,0.9016,0.1600,9.0942,26.5503,51.1475,0.9760,,
DATA,A001,1,3430,101704,-0.3444,0.8874,0.1619,10.9253,18.8599,53.7720,0.9655,,
DATA,A001,1,3431,101714,-0.3532,0.8657,0.1722,12.8784,6.7139,56.7017,0.9507,,
DATA,A001,1,3432,101724,-0.3510,0.8561,0.1763,13.9771,-1.6479,58.0444,0.9419,,
DATA,A001,1,3433,101734,-0.3588,0.8361,0.1795,15.4419,-14.5264,59.3872,0.9274,,
DATA,A001,1,3434,101744,-0.3627,0.8249,0.1836,16.6016,-23.4985,59.4482,0.9196,,
DATA,A001,1,3435,101754,-0.3656,0.8200,0.1809,18.4326,-37.1704,58.5938,0.9159,,
DATA,A001,1,3436,101764,-0.3659,0.8190,0.1807,19.5312,-46.0205,57.3120,0.9151,,
DATA,A001,1,3437,101774,-0.3456,0.8163,0.1783,20.2026,-56.7017,54.0771,0.9042,,
DATA,A001,1,3438,101784,-0.3151,0.8137,0.1726,19.5923,-60.2417,50.7812,0.8895,,
DATA,A001,1,3439,101794,-0.2712,0.8019,0.1546,19.7144,-59.5703,46.5698,0.8605,,
DATA,A001,1,3440,101804,-0.2287,0.8100,0.1670,20.9961,-54.6265,42.9077,0.8581,,
DATA,A001,1,3441,101814,-0.1737,0.8430,0.1841,22.4609,-40.2222,38.5742,0.8801,,
DATA,A001,1,3442,101824,-0.1542,0.8779,0.2019,22.7661,-28.6865,37.9639,0.9139,,
DATA,A001,1,3443,101834,-0.1537,0.9509,0.2117,21.6064,-16.4185,41.3818,0.9862,,
DATA,A001,1,3444,101844,-0.1847,1.0204,0.1910,21.7896,-14.7095,45.4712,1.0545,,
DATA,A001,1,3445,101854,-0.2426,1.1852,0.1490,25.8789,-22.5830,51.2695,1.2189,,
DATA,A001,1,3446,101864,-0.2733,1.3181,0.1604,27.9541,-30.9448,52.7954,1.3556,,
DATA,A001,1,3447,101874,-0.3542,1.4594,0.1517,17.2729,-41.9312,50.5981,1.5094,,
DATA,A001,1,3448,101884,-0.4147,1.4391,0.1397,-0.4883,-48.9502,46.3867,1.5042,,
DATA,A001,1,3449,101894,-0.4311,1.2602,0.0857,-28.8696,-60.6079,39.4897,1.3346,,
DATA,A001,1,3450,101904,-0.3993,1.0986,0.0213,-39.6118,-64.8804,36.1938,1.1691,,
DATA,A001,1,3451,101914,-0.3266,0.9186,-0.1023,-39.1846,-62.5000,27.8320,0.9803,,
DATA,A001,1,3452,101924,-0.2714,0.8718,-0.1926,-32.2266,-55.3589,18.7988,0.9331,,
DATA,A001,1,3453,101934,-0.1840,0.9199,-0.3308,-18.2495,-42.1753,4.7607,0.9947,,
DATA,A001,1,3454,101944,-0.1408,0.9963,-0.3903,-9.3384,-33.8135,-3.2349,1.0792,,
DATA,A001,1,3455,101954,-0.1215,1.1091,-0.4384,-2.6245,-26.2451,-12.8784,1.1988,,
DATA,A001,1,3456,101964,-0.1386,1.1562,-0.4538,-3.8452,-25.8789,-17.5171,1.2498,,
DATA,A001,1,3457,101974,-0.1862,1.1686,-0.4509,-7.9956,-32.9590,-20.5688,1.2664,,
DATA,A001,1,3458,101984,-0.2687,1.1511,-0.4294,-11.3525,-57.6172,-20.6909,1.2576,,
DATA,A001,1,3459,101994,-0.2736,1.1408,-0.4104,-11.0474,-80.8105,-21.3623,1.2429,,
DATA,A001,1,3460,102004,-0.2387,1.1208,-0.4050,-10.4980,-106.3232,-25.3906,1.2154,,
DATA,A001,1,3461,102014,-0.2282,1.1122,-0.4013,-11.3525,-111.3892,-27.6489,1.2043,,
DATA,A001,1,3462,102024,-0.2460,1.0629,-0.3942,-12.0239,-106.2012,-28.9307,1.1601,,
DATA,A001,1,3463,102034,-0.2746,1.0200,-0.3857,-9.5825,-98.9380,-29.9072,1.1245,,
DATA,A001,1,3464,102044,-0.3219,0.9623,-0.3415,-3.4180,-88.5620,-32.5928,1.0707,,
DATA,A001,1,3465,102054,-0.3468,0.9330,-0.3105,0.6104,-84.5947,-34.6680,1.0427,,
DATA,A001,1,3466,102064,-0.3598,0.9016,-0.2920,6.5918,-84.0454,-37.7808,1.0136,,
DATA,A001,1,3467,102074,-0.3498,0.8950,-0.2858,11.0474,-85.8765,-39.7949,1.0025,,
DATA,A001,1,3468,102084,-0.3344,0.8915,-0.2968,16.6016,-87.5854,-42.7856,0.9974,,
DATA,A001,1,3469,102094,-0.3427,0.8764,-0.3227,18.9819,-89.9048,-44.3115,0.9948,,
DATA,A001,1,3470,102104,-0.3510,0.8500,-0.3547,22.1558,-98.2056,-46.1426,0.9857,,
DATA,A001,1,3471,102114,-0.3463,0.8322,-0.3791,24.5972,-105.3467,-48.0957,0.9779,,
DATA,A001,1,3472,102124,-0.3258,0.8168,-0.4069,29.1748,-113.8306,-51.7578,0.9690,,
DATA,A001,1,3473,102134,-0.3234,0.8181,-0.4245,32.3486,-116.5161,-54.6875,0.9767,,
DATA,A001,1,3474,102144,-0.3146,0.8410,-0.4414,36.8042,-117.1265,-59.4482,1.0005,,
DATA,A001,1,3475,102154,-0.3075,0.8618,-0.4372,39.0015,-116.0278,-62.6221,1.0141,,
DATA,A001,1,3476,102164,-0.3053,0.8747,-0.4338,40.6494,-113.1592,-65.5518,1.0230,,
DATA,A001,1,3477,102174,-0.3073,0.8840,-0.4228,40.8325,-111.5723,-65.9180,1.0269,,
DATA,A001,1,3478,102184,-0.3200,0.8762,-0.3877,40.4053,-111.0840,-65.2466,1.0101,,
DATA,A001,1,3479,102194,-0.3227,0.8596,-0.3608,39.8560,-110.4126,-64.3921,0.9865,,
DATA,A001,1,3480,102204,-0.3207,0.8393,-0.3296,40.0391,-108.5205,-62.0117,0.9570,,
DATA,A001,1,3481,102214,-0.3127,0.8281,-0.3188,40.7715,-105.4077,-59.3872,0.9408,,
DATA,A001,1,3482,102224,-0.3180,0.8078,-0.2956,41.4429,-97.5342,-55.5420,0.9171,,
DATA,A001,1,3483,102234,-0.3268,0.7944,-0.2705,41.3208,-91.2476,-53.1006,0.9005,,
DATA,A001,1,3484,102244,-0.3568,0.7758,-0.1836,41.9312,-84.1675,-50.1099,0.8735,,
DATA,A001,1,3485,102254,-0.3957,0.7790,-0.1193,41.9312,-82.7026,-49.0112,0.8818,,
DATA,A001,1,3486,102264,-0.4882,0.7817,0.0308,39.1235,-83.1909,-52.4292,0.9221,,
DATA,A001,1,3487,102274,-0.5607,0.7724,0.1260,34.5459,-82.9468,-58.2886,0.9627,,
DATA,A001,1,3488,102284,-0.7792,0.7111,0.1346,26.9775,-73.1812,-76.8433,1.0635,,
DATA,A001,1,3489,102294,-0.9958,0.7033,0.2017,32.7148,-49.8047,-99.2432,1.2357,,
DATA,A001,1,3490,102304,-1.3463,0.8979,0.3501,55.4810,-8.6670,-129.5166,1.6557,,
DATA,A001,1,3491,102314,-2.1618,1.7011,0.4815,124.3286,64.2090,-192.5049,2.7926,,
DATA,A001,1,3492,102324,-2.9247,2.6061,0.3965,194.8242,56.0913,-240.0513,3.9374,,
DATA,A001,1,3493,102334,-3.5561,4.3088,0.3450,257.9346,-81.7871,-321.1060,5.5973,,
DATA,A001,1,3494,102344,-3.3559,4.9890,0.1143,188.0493,-184.5093,-372.4976,6.0137,,
DATA,A001,1,3495,102354,-2.7111,4.3810,-0.4392,-14.5264,-251.6479,-438.8428,5.1707,,
DATA,A001,1,3496,102364,-2.2878,3.3727,-0.8520,-70.0073,-249.1455,-463.1958,4.1635,,
DATA,A001,1,3497,102374,-1.5597,2.6747,-1.1679,-23.4375,-215.8203,-483.7036,3.3092,,
DATA,A001,1,3498,102384,-1.2851,2.7177,-1.0639,15.9912,-191.5894,-474.6704,3.1889,,
DATA,A001,1,3499,102394,-1.1545,3.0578,-0.7507,15.5640,-163.3911,-439.2700,3.3536,,
DATA,A001,1,3500,102404,-1.2170,2.9487,-0.9353,-24.3530,-163.0249,-416.1987,3.3242,,
DATA,A001,1,3501,102414,-1.0910,2.3803,-1.2258,-28.0151,-197.2046,-388.6719,2.8911,,
DATA,A001,1,3502,102424,-0.4987,1.9936,-1.2783,2.3193,-216.3086,-379.5776,2.4201,,
DATA,A001,1,3503,102434,0.3372,1.5844,-1.2238,53.2227,-238.7085,-341.7358,2.0302,,
DATA,A001,1,3504,102444,0.6927,1.3745,-1.0588,70.4956,-228.3936,-294.3726,1.8682,,
DATA,A001,1,3505,102454,0.7894,0.8342,-1.0559,88.2568,-161.6211,-244.8120,1.5601,,
DATA,A001,1,3506,102464,0.7223,0.4738,-1.0942,119.9341,-133.7280,-212.8906,1.3941,,
DATA,A001,1,3507,102474,0.7830,0.1877,-0.8813,171.9360,-132.6294,-143.4326,1.1938,,
DATA,A001,1,3508,102484,0.8565,0.1650,-0.6125,191.7114,-145.0806,-94.6655,1.0659,,
DATA,A001,1,3509,102494,0.9344,0.1447,-0.3193,190.7959,-142.1509,-50.5981,0.9980,,
DATA,A001,1,3510,102504,0.9183,0.0988,-0.1733,182.1899,-129.5776,-33.2031,0.9397,,
DATA,A001,1,3511,102514,0.8575,0.0959,0.0547,164.3066,-117.0654,-17.8833,0.8646,,
DATA,A001,1,3512,102524,0.7992,0.1132,0.1639,143.9819,-110.1074,-14.4043,0.8236,,
DATA,A001,1,3513,102534,0.6231,0.1367,0.2461,96.0693,-100.3418,-27.4048,0.6838,,
DATA,A001,1,3514,102544,0.5301,0.1157,0.2290,59.6924,-94.1772,-44.4946,0.5890,,
DATA,A001,1,3515,102554,0.6515,0.0690,0.2229,8.9111,-94.2993,-74.0967,0.6920,,
DATA,A001,1,3516,102564,0.6883,-0.0032,0.1770,-24.7192,-87.1582,-89.4165,0.7107,,
DATA,A001,1,3517,102574,0.7232,-0.1241,0.0498,-73.4863,-54.3213,-109.8633,0.7355,,
DATA,A001,1,3518,102584,0.8800,-0.2193,0.0586,-99.7925,-29.2969,-111.3892,0.9088,,
DATA,A001,1,3519,102594,0.8976,-0.2532,-0.0991,-132.8735,18.2495,-97.4731,0.9378,,
DATA,A001,1,3520,102604,0.8414,-0.3152,-0.1933,-159.1797,42.5415,-90.3320,0.9191,,
DATA,A001,1,3521,102614,0.9378,-0.5267,-0.2526,-199.3408,67.1997,-72.8149,1.1049,,
DATA,A001,1,3522,102624,1.0006,-0.6588,-0.3156,-210.9375,83.4961,-60.1196,1.2388,,
DATA,A001,1,3523,102634,1.0216,-0.7525,-0.5271,-198.7305,129.8218,-48.4009,1.3739,,
DATA,A001,1,3524,102644,1.0465,-0.8030,-0.6025,-181.1523,156.9214,-30.1514,1.4502,,
DATA,A001,1,3525,102654,1.0374,-0.7510,-0.5424,-152.5269,198.9136,16.8457,1.3909,,
DATA,A001,1,3526,102664,0.9608,-0.6412,-0.5090,-144.1040,229.9194,48.1567,1.2623,,
DATA,A001,1,3527,102674,0.7913,-0.5233,-0.4814,-145.2637,257.3853,73.6084,1.0639,,
DATA,A001,1,3528,102684,0.4400,-0.3712,-0.4316,-147.2168,284.9731,102.1729,0.7195,,
DATA,A001,1,3529,102694,0.2381,-0.2999,-0.3271,-140.0757,288.1470,114.5020,0.5036,,
DATA,A001,1,3530,102704,0.0340,-0.2669,-0.1953,-117.8589,258.3618,126.5259,0.3325,,
DATA,A001,1,3531,102714,0.0074,-0.3023,-0.1655,-97.0459,221.1304,127.8076,0.3447,,
DATA,A001,1,3532,102724,0.0738,-0.3926,-0.1228,-56.0913,159.6680,126.0376,0.4180,,
DATA,A001,1,3533,102734,-0.0807,-0.3880,-0.0854,-19.0430,134.7656,128.1128,0.4054,,
DATA,A001,1,3534,102744,-0.6657,-0.1934,0.0164,65.0635,129.2725,134.4604,0.6934,,
DATA,A001,1,3535,102754,-1.2921,0.1723,0.0391,155.9448,124.0234,149.1089,1.3042,,
DATA,A001,1,3536,102764,-3.4147,1.6462,0.6221,303.4058,58.2886,163.8184,3.8415,,
DATA,A001,1,3537,102774,-5.0312,2.6459,0.3240,283.3862,-4.9438,91.1255,5.6937,,
DATA,A001,1,3538,102784,-5.9206,2.5090,0.6521,244.6289,-219.1162,66.4062,6.4632,,
DATA,A001,1,3539,102794,-5.0724,2.2988,0.3460,259.8267,-405.2124,66.2231,5.5797,,
DATA,A001,1,3540,102804,-3.7843,2.6164,0.3138,254.0283,-382.1411,-13.8550,4.6114,,
DATA,A001,1,3541,102814,-3.2301,2.7189,0.0332,173.7061,-261.9019,-52.6733,4.2223,,
DATA,A001,1,3542,102824,-2.4438,2.0048,-0.2231,43.8843,-81.7261,-66.7114,3.1688,,
DATA,A001,1,3543,102834,-2.4984,1.4955,-0.2893,-8.7891,9.0942,-50.0488,2.9262,,
DATA,A001,1,3544,102844,-2.9523,1.0121,-0.1125,-26.1841,88.8062,-23.4985,3.1230,,
DATA,A001,1,3545,102854,-3.1720,0.7839,0.1717,-26.0010,114.0137,-22.2168,3.2720,,
DATA,A001,1,3546,102864,-3.5121,0.5065,0.4392,-45.3491,130.6152,-17.7002,3.5755,,
DATA,A001,1,3547,102874,-3.7201,0.3415,0.4002,-59.9365,109.8633,-1.8311,3.7571,,
DATA,A001,1,3548,102884,-3.6095,0.1054,0.2012,-53.7720,20.3247,22.5830,3.6167,,
DATA,A001,1,3549,102894,-3.0507,-0.0623,0.0332,-41.2598,-67.6880,41.8091,3.0515,,
DATA,A001,1,3550,102904,-1.7458,-0.3528,-0.0691,-31.6162,-164.4287,76.5381,1.7824,,
DATA,A001,1,3551,102914,-1.0541,-0.5189,-0.1096,-39.5508,-205.5664,98.3276,1.1800,,
DATA,A001,1,3552,102924,0.1839,-0.7911,-0.0537,-67.8101,-167.3584,136.7188,0.8139,,
DATA,A001,1,3553,102934,1.1246,-0.8179,-0.2793,-66.8335,28.1372,150.4517,1.4184,,
DATA,A001,1,3554,102944,1.4300,-0.8555,0.6892,15.2588,299.1333,198.3032,1.8033,,
DATA,A001,1,3555,102954,0.1778,-0.0823,1.0391,21.7285,480.1636,228.6987,1.0574,,
DATA,A001,1,3556,102964,-1.1471,-0.4849,0.3475,31.2500,559.0820,238.0981,1.2930,,
DATA,A001,1,3557,102974,-1.4142,-0.4720,0.1785,31.6772,207.7637,97.3511,1.5015,,
DATA,A001,1,3558,102984,-0.7748,-0.5965,-0.0983,4.6387,-65.7959,76.6602,0.9828,,
DATA,A001,1,3559,102994,0.4266,-0.7628,-0.3657,11.9629,-319.1528,43.0908,0.9474,,
DATA,A001,1,3560,103004,0.6583,-0.6961,-0.5891,20.4468,-391.3574,65.9180,1.1247,,
DATA,A001,1,3561,103014,0.8324,-0.4322,-0.5847,32.4097,-485.5347,126.2817,1.1052,,
DATA,A001,1,3562,103024,1.0684,-0.5174,-0.3376,60.7910,-421.0815,151.3062,1.2342,,
DATA,A001,1,3563,103034,1.4962,-0.2161,-0.5476,139.5874,-183.2886,139.3433,1.6078,,
DATA,A001,1,3564,103044,1.1786,-0.0076,-0.5669,165.6494,-5.2490,129.3945,1.3078,,
DATA,A001,1,3565,103054,0.2547,0.2565,-0.3208,190.6128,194.6411,150.2075,0.4833,,
DATA,A001,1,3566,103064,-0.4381,0.5375,-0.0178,194.7021,228.9429,166.3208,0.6937,,
DATA,A001,1,3567,103074,-1.1850,0.9660,-0.1381,130.9814,132.5684,192.8711,1.5351,,
DATA,A001,1,3568,103084,-1.0920,0.8503,-0.1132,101.6235,32.9590,152.2827,1.3886,,
DATA,A001,1,3569,103094,-0.8378,0.5715,-0.1294,79.6509,-71.0449,117.5537,1.0224,,
DATA,A001,1,3570,103104,-0.8166,0.5021,-0.2343,84.8999,-91.6138,100.0366,0.9868,,
DATA,A001,1,3571,103114,-1.0097,0.5851,-0.2363,97.1680,-82.0312,60.9131,1.1907,,
DATA,A001,1,3572,103124,-1.1967,0.7277,-0.1538,97.7783,-84.7778,33.6304,1.4090,,
DATA,A001,1,3573,103134,-1.1852,0.9225,0.0315,78.0029,-120.6055,-6.0425,1.5023,,
DATA,A001,1,3574,103144,-0.9574,0.9370,0.1055,57.0068,-143.4326,-35.4004,1.3438,,
DATA,A001,1,3575,103154,-0.5451,0.8823,0.2120,32.3486,-133.4839,-79.2847,1.0585,,
DATA,A001,1,3576,103164,-0.3178,0.8288,0.2281,12.9395,-99.9146,-104.7363,0.9165,,
DATA,A001,1,3577,103174,-0.1032,0.6691,0.2010,-22.8271,-27.4658,-130.9204,0.7062,,
DATA,A001,1,3578,103184,-0.0231,0.5395,0.1507,-47.7295,27.1606,-142.0288,0.5606,,
DATA,A001,1,3579,103194,-0.0155,0.3329,0.0374,-76.7212,103.6377,-146.2402,0.3354,,
DATA,A001,1,3580,103204,-0.0832,0.2265,0.0110,-84.7168,136.4136,-144.4092,0.2415,,
DATA,A001,1,3581,103214,-0.1210,0.1022,0.0689,-81.9092,149.1089,-141.3574,0.1727,,
DATA,A001,1,3582,103224,0.0089,0.0390,0.1038,-79.0405,139.3433,-145.3247,0.1112,,
DATA,A001,1,3583,103234,0.9625,-0.0701,0.2027,-79.3457,96.1304,-150.0854,0.9861,,
DATA,A001,1,3584,103244,2.4896,-0.4048,0.4607,-82.9468,70.6787,-125.0610,2.5640,,
DATA,A001,1,3585,103254,3.8665,-1.3714,0.8189,-98.6328,202.2705,-124.6948,4.1835,,
DATA,A001,1,3586,103264,4.1397,-2.0455,0.8394,-116.4551,412.7197,-122.3755,4.6932,,
DATA,A001,1,3587,103274,1.9996,-0.7486,1.0230,-86.4868,575.4395,108.3374,2.3676,,
DATA,A001,1,3588,103284,1.5064,0.4531,1.2024,-59.9365,499.2065,288.2690,1.9800,,
DATA,A001,1,3589,103294,0.1710,0.7851,0.1216,-113.9526,368.1030,436.8896,0.8127,,
DATA,A001,1,3590,103304,-2.4643,1.4543,-2.2868,-177.6733,52.0630,455.0171,3.6629,,
DATA,A001,1,3591,103314,-3.0946,1.6144,-1.6936,-87.5854,18.4326,311.8896,3.8796,,
DATA,A001,1,3592,103324,-2.2458,4.2553,-0.2070,151.0620,-32.9590,176.2085,4.8160,,
DATA,A001,1,3593,103334,-2.7626,5.5468,-1.0993,50.9033,-21.1792,222.2290,6.2935,,
DATA,A001,1,3594,103344,-4.2790,5.7216,-2.5100,-114.5630,117.4927,158.3862,7.5727,,
DATA,A001,1,3595,103354,-4.2741,4.7941,-2.8183,-114.7461,124.6338,113.6475,7.0139,,
DATA,A001,1,3596,103364,-3.3625,4.0729,-2.5593,-96.1304,46.5088,35.4004,5.8690,,
DATA,A001,1,3597,103374,-2.1916,3.5146,-1.5964,-86.7920,53.4668,12.8174,4.4389,,
DATA,A001,1,3598,103384,-2.3922,2.8642,-1.3303,-70.1294,189.1479,-52.0630,3.9618,,
DATA,A001,1,3599,103394,-3.0399,2.7287,-1.6782,-23.4985,231.5063,-90.4541,4.4163,,
DATA,A001,1,3600,103404,-3.0404,2.5392,-2.0229,-25.2686,159.9121,-68.2373,4.4479,,
DATA,A001,1,3601,103414,-2.5973,2.2211,-2.0337,-49.6826,105.7739,-53.0396,3.9768,,
DATA,A001,1,3602,103424,-2.0744,1.7343,-1.7883,-57.3120,42.8467,-20.6909,3.2417,,
DATA,A001,1,3603,103434,-1.8007,1.3818,-1.5183,-58.5327,13.4277,-0.0610,2.7307,,
DATA,A001,1,3604,103444,-1.3495,0.8342,-1.0295,-63.5376,2.1362,20.8130,1.8913,,
DATA,A001,1,3605,103454,-1.0675,0.4816,-0.7085,-67.1387,-0.4883,28.9307,1.3688,,
DATA,A001,1,3606,103464,-0.7355,-0.0906,-0.2341,-74.6460,-9.9487,24.1089,0.7772,,
DATA,A001,1,3607,103474,-0.4965,-0.4573,-0.0058,-80.8716,-31.2500,7.7515,0.6751,,
DATA,A001,1,3608,103484,-0.2431,-0.8699,0.1033,-58.1055,-40.0391,9.4604,0.9091,,
DATA,A001,1,3609,103494,-0.1498,-1.0027,0.2132,-22.2778,-77.3926,13.1226,1.0360,,
DATA,A001,1,3610,103504,-0.2604,-0.6771,0.1868,63.0493,-112.7930,72.6929,0.7491,,
DATA,A001,1,3611,103514,-0.3066,-0.3336,0.2300,106.5674,-141.8457,101.5625,0.5081,,
DATA,A001,1,3612,103524,-0.1952,0.0136,0.3604,130.9814,-178.3447,112.3047,0.4101,,
DATA,A001,1,3613,103534,-0.1059,0.1376,0.4788,121.4600,-209.7778,111.5723,0.5093,,
DATA,A001,1,3614,103544,0.0587,0.1733,0.4715,76.4160,-260.8643,93.0786,0.5057,,
DATA,A001,1,3615,103554,0.2596,0.0871,0.3045,40.2832,-272.5220,74.8291,0.4095,,
DATA,A001,1,3616,103564,0.4427,-0.1251,0.1463,13.1836,-259.6436,52.4292,0.4827,,
DATA,A001,1,3617,103574,0.5304,-0.2188,0.0359,17.2729,-235.7178,37.5366,0.5749,,
DATA,A001,1,3618,103584,0.6795,-0.2796,-0.0671,40.9546,-186.0352,13.9771,0.7379,,
DATA,A001,1,3619,103594,0.7662,-0.3165,-0.0114,55.6641,-154.4800,2.5635,0.8291,,
DATA,A001,1,3620,103604,0.8426,-0.3731,0.0735,59.8145,-103.2715,-8.9722,0.9245,,
DATA,A001,1,3621,103614,0.8184,-0.4095,0.0806,52.5513,-64.5142,-15.6250,0.9187,,
DATA,A001,1,3622,103624,0.6891,-0.4600,0.0459,36.8042,-9.0332,-19.2871,0.8298,,
DATA,A001,1,3623,103634,0.6004,-0.5086,-0.0004,29.4800,18.5547,-15.7471,0.7869,,
DATA,A001,1,3624,103644,0.4271,-0.5350,-0.0744,29.0527,48.0957,-9.9487,0.6886,,
DATA,A001,1,3625,103654,0.2782,-0.5184,-0.1250,32.5317,58.7769,-7.4463,0.6014,,
DATA,A001,1,3626,103664,0.1117,-0.4940,-0.1596,35.8276,61.5845,-4.6387,0.5310,,
DATA,A001,1,3627,103674,-0.1960,-0.3973,-0.1740,38.4521,44.1895,-2.9297,0.4759,,
DATA,A001,1,3628,103684,-0.4389,-0.3365,-0.2124,36.3770,13.9160,-4.7607,0.5924,,
DATA,A001,1,3629,103694,-0.8700,-0.2440,-0.3352,30.6396,-70.2515,-11.2305,0.9637,,
DATA,A001,1,3630,103704,-1.1562,-0.1863,-0.3322,33.1421,-146.6064,-20.6909,1.2173,,
DATA,A001,1,3631,103714,-1.3041,-0.0213,-0.3000,34.9121,-276.6113,-42.2974,1.3383,,
DATA,A001,1,3632,103724,-1.1335,0.0681,-0.3046,16.8457,-363.4033,-56.5796,1.1757,,
DATA,A001,1,3633,103734,-0.8356,-0.1336,-0.3637,-41.9312,-433.5938,-75.5615,0.9211,,
DATA,A001,1,3634,103744,-0.6903,-0.3961,-0.4238,-76.2939,-424.2554,-89.3555,0.9017,,
DATA,A001,1,3635,103754,-0.4608,-0.7537,-0.4306,-93.8721,-354.7363,-118.5303,0.9828,,
DATA,A001,1,3636,103764,-0.2912,-0.8724,-0.4646,-85.0220,-297.6074,-135.1929,1.0304,,
DATA,A001,1,3637,103774,-0.0219,-0.7933,-0.5063,-52.0020,-230.8960,-137.8174,0.9413,,
DATA,A001,1,3638,103784,0.0706,-0.6021,-0.4484,-27.6489,-194.8853,-129.2725,0.7541,,
DATA,A001,1,3639,103794,0.2096,-0.2296,-0.2858,3.4180,-114.2578,-125.6714,0.4223,,
DATA,A001,1,3640,103804,0.2403,0.0539,-0.1552,18.2495,-48.0957,-129.4556,0.2911,,
DATA,A001,1,3641,103814,-0.0790,0.5078,0.1075,26.4282,51.5137,-124.8779,0.5250,,
DATA,A001,1,3642,103824,-0.5209,0.8251,0.3301,27.9541,106.6895,-120.1782,1.0301,,
DATA,A001,1,3643,103834,-1.3500,1.3903,0.5943,37.4146,148.9868,-123.3521,2.0270,,
DATA,A001,1,3644,103844,-1.7567,1.6777,0.6197,47.6074,134.5825,-130.1880,2.5069,,
DATA,A001,1,3645,103854,-2.0363,2.1118,0.8094,66.7725,74.1577,-99.6094,3.0432,,
DATA,A001,1,3646,103864,-2.3288,2.4995,0.8499,72.9980,45.2271,-77.9419,3.5203,,
DATA,A001,1,3647,103874,-2.8947,3.2099,0.9778,68.3594,18.9209,-87.1582,4.4316,,
DATA,A001,1,3648,103884,-3.1952,3.5002,1.0750,48.2788,2.1362,-100.7690,4.8597,,
DATA,A001,1,3649,103894,-3.4193,3.3466,1.1724,8.3618,-23.1323,-113.5254,4.9261,,
DATA,A001,1,3650,103904,-3.2887,3.0244,1.1431,-10.3149,-34.1187,-113.5254,4.6118,,
DATA,A001,1,3651,103914,-3.0993,2.5519,0.9185,-31.9214,-25.0854,-115.2344,4.1184,,
DATA,A001,1,3652,103924,-3.0866,2.2055,0.7889,-49.0723,-5.3101,-122.9248,3.8747,,
DATA,A001,1,3653,103934,-3.0336,1.7248,0.7488,-65.1855,27.5879,-123.2910,3.5691,,
DATA,A001,1,3654,103944,-2.9640,1.5129,0.7442,-63.9038,44.7388,-116.9434,3.4100,,
DATA,A001,1,3655,103954,-2.9484,1.4067,0.6670,-59.6313,56.7017,-112.3047,3.3342,,
DATA,A001,1,3656,103964,-2.8490,1.2573,0.4683,-66.0400,56.0913,-104.6143,3.1491,,
DATA,A001,1,3657,103974,-2.6598,1.0561,0.3267,-75.1343,44.2505,-99.2432,2.8804,,
DATA,A001,1,3658,103984,-2.2336,0.7321,0.1163,-73.7915,23.0713,-90.6982,2.3534,,
DATA,A001,1,3659,103994,-1.9235,0.5588,0.0044,-67.3828,17.5171,-81.0547,2.0030,,
DATA,A001,1,3660,104004,-1.4765,0.3408,-0.1203,-55.7861,22.2778,-61.3403,1.5201,,
DATA,A001,1,3661,104014,-1.2216,0.1989,-0.1579,-49.8657,28.4424,-46.9360,1.2477,,
DATA,A001,1,3662,104024,-0.8590,-0.0220,-0.1638,-41.2598,37.2925,-27.1606,0.8748,,
DATA,A001,1,3663,104034,-0.6391,-0.1519,-0.1469,-30.0903,37.3535,-14.9536,0.6731,,
DATA,A001,1,3664,104044,-0.3747,-0.2674,-0.1235,-2.5635,24.0479,3.6011,0.4766,,
DATA,A001,1,3665,104054,-0.2008,-0.2857,-0.1142,18.6157,14.4043,10.0708,0.3674,,
DATA,A001,1,3666,104064,0.0179,-0.2520,-0.1145,47.1191,-2.1362,11.2305,0.2774,,
DATA,A001,1,3667,104074,0.1527,-0.2178,-0.0969,61.0352,-10.3149,9.5825,0.2831,,
DATA,A001,1,3668,104084,0.3094,-0.1519,-0.0166,75.3784,-20.4468,4.8218,0.3451,,
DATA,A001,1,3669,104094,0.3907,-0.1299,0.0332,80.5054,-22.7051,-1.2207,0.4131,,
DATA,A001,1,3670,104104,0.4610,-0.1453,0.0896,83.2520,-20.5078,-12.6953,0.4916,,
DATA,A001,1,3671,104114,0.4537,-0.1705,0.1248,82.3975,-18.0664,-21.2402,0.5005,,
DATA,A001,1,3672,104124,0.4063,-0.1976,0.1519,79.7119,-15.7471,-29.5410,0.4767,,
DATA,A001,1,3673,104134,0.3429,-0.1954,0.1570,77.4536,-17.4561,-32.1655,0.4247,,
DATA,A001,1,3674,104144,0.2330,-0.1475,0.1287,72.2046,-25.2686,-33.3252,0.3043,,
DATA,A001,1,3675,104154,0.1717,-0.1026,0.0967,66.7725,-32.1655,-33.5693,0.2222,,
DATA,A001,1,3676,104164,0.1205,-0.0142,0.0093,56.3965,-35.8276,-35.6445,0.1216,,
DATA,A001,1,3677,104174,0.1200,0.0497,-0.0529,49.8047,-32.6538,-36.1938,0.1402,,
DATA,A001,1,3678,104184,0.1371,0.1025,-0.1538,35.7666,-22.7661,-34.7900,0.2301,,
DATA,A001,1,3679,104194,0.1258,0.0859,-0.2104,22.5220,-16.7847,-33.5083,0.2598,,
DATA,A001,1,3680,104204,0.0907,-0.0106,-0.2761,3.2349,-19.7144,-32.4097,0.2908,,
DATA,A001,1,3681,104214,0.1156,-0.1109,-0.3108,-5.6763,-32.2266,-31.1890,0.3496,,
DATA,A001,1,3682,104224,0.0926,-0.2693,-0.3564,-14.5264,-43.3350,-34.7290,0.4562,,
DATA,A001,1,3683,104234,0.0860,-0.3714,-0.4231,-18.6157,-28.6865,-42.7246,0.5695,,
DATA,A001,1,3684,104244,0.0648,-0.5252,-0.5581,-21.8506,18.1885,-48.7671,0.7691,,
DATA,A001,1,3685,104254,0.0277,-0.6175,-0.5932,-18.4326,52.5513,-47.7905,0.8567,,
DATA,A001,1,3686,104264,-0.0473,-0.7047,-0.5376,-1.5259,104.7363,-43.3350,0.8875,,
DATA,A001,1,3687,104274,-0.1313,-0.6876,-0.4555,19.5312,130.3101,-41.9312,0.8351,,
DATA,A001,1,3688,104284,-0.2087,-0.5948,-0.3064,42.1143,140.9302,-39.2456,0.7008,,
DATA,A001,1,3689,104294,-0.3073,-0.3682,-0.0254,65.5518,136.1694,-38.5742,0.4803,,
DATA,A001,1,3690,104304,-0.4047,-0.1365,0.0694,74.0356,128.6011,-46.9971,0.4327,,
DATA,A001,1,3691,104314,-0.5336,0.2416,0.3362,61.3403,124.0845,-63.9648,0.6754,,
DATA,A001,1,3692,104324,-0.6830,0.5993,0.4878,56.0303,138.5498,-62.9883,1.0313,,
DATA,A001,1,3693,104334,-0.8417,1.1496,0.7239,40.2222,142.4561,-57.6782,1.5982,,
DATA,A001,1,3694,104344,-0.9289,1.1652,0.5640,13.0615,124.1455,-83.4351,1.5933,,
DATA,A001,1,3695,104354,-0.9037,0.8049,0.3384,-17.4561,61.4624,-121.1548,1.2566,,
DATA,A001,1,3696,104364,-0.9071,0.5939,0.2705,-11.1694,17.2729,-117.7368,1.1175,,
DATA,A001,1,3697,104374,-1.1796,0.5317,0.1375,29.1748,-26.5503,-116.2720,1.3012,,
DATA,A001,1,3698,104384,-1.5404,0.5612,0.0423,44.9219,-39.1235,-115.2344,1.6400,,
DATA,A001,1,3699,104394,-1.9323,0.5302,0.0484,24.2920,-8.8501,-109.0698,2.0043,,
DATA,A001,1,3700,104404,-2.1591,0.3432,0.0718,5.6152,31.4941,-100.0366,2.1874,,
DATA,A001,1,3701,104414,-2.7548,-0.1453,0.0396,-6.7749,91.7358,-90.1489,2.7589,,
DATA,A001,1,3702,104424,-3.3146,-0.5938,0.0364,-15.1978,131.5308,-95.8252,3.3676,,
DATA,A001,1,3703,104434,-4.3258,-1.3773,-0.1003,-14.9536,182.8003,-113.6475,4.5409,,
DATA,A001,1,3704,104444,-5.2780,-1.9390,-0.1962,61.0962,145.8740,-118.6523,5.6263,,
DATA,A001,1,3705,104454,-5.9316,-1.4595,-0.2048,133.9722,19.7144,-180.1147,6.1119,,
DATA,A001,1,3706,104464,-5.7294,-0.8162,-0.1965,165.0391,-101.5625,-200.2563,5.7906,,
DATA,A001,1,3707,104474,-4.8583,-0.3062,-0.1630,143.9819,-204.4067,-215.5151,4.8707,,
DATA,A001,1,3708,104484,-4.0963,-0.2454,-0.2280,123.4741,-211.1816,-221.0693,4.1100,,
DATA,A001,1,3709,104494,-3.0119,-0.3521,-0.3488,104.3701,-188.1714,-206.9092,3.0524,,
DATA,A001,1,3710,104504,-2.3459,-0.4371,-0.4052,92.4683,-174.6216,-194.8242,2.4204,,
DATA,A001,1,3711,104514,-1.3241,-0.4759,-0.5254,69.7632,-159.4238,-172.7295,1.5019,,
DATA,A001,1,3712,104524,-0.7802,-0.4376,-0.5930,52.9785,-157.4707,-147.9492,1.0732,,
DATA,A001,1,3713,104534,-0.1042,-0.4988,-0.6787,33.2031,-118.3472,-106.5674,0.8487,,
DATA,A001,1,3714,104544,0.2874,-0.4984,-0.7199,44.4946,-93.2007,-78.9795,0.9216,,
DATA,A001,1,3715,104554,0.6014,-0.3033,-0.5691,97.1069,-56.8848,-43.0298,0.8818,,
DATA,A001,1,3716,104564,0.6507,-0.0374,-0.3630,130.6763,-23.0713,-26.1230,0.7461,,
DATA,A001,1,3717,104574,0.6427,0.4931,-0.1052,139.0381,9.0332,-11.7798,0.8168,,
DATA,A001,1,3718,104584,0.6048,0.7790,-0.0026,114.2578,3.7842,-9.4604,0.9862,,
DATA,A001,1,3719,104594,0.6510,0.8945,0.0447,65.3076,-8.4229,-20.5078,1.1072,,
DATA,A001,1,3720,104604,0.6761,0.7883,0.0913,40.8325,-5.7373,-26.3062,1.0425,,
DATA,A001,1,3721,104614,0.6143,0.5175,0.2112,8.3008,17.7612,-29.0527,0.8306,,
DATA,A001,1,3722,104624,0.4366,0.3024,0.1690,-10.8643,45.2881,-30.1514,0.5574,,
DATA,A001,1,3723,104634,0.1795,0.1320,0.3455,-23.7427,76.2329,-25.8179,0.4111,,
DATA,A001,1,3724,104644,0.1559,0.1398,0.2762,-30.3345,78.2471,-4.1504,0.3466,,
DATA,A001,1,3725,104654,0.1178,0.1772,0.1890,-35.1562,68.5425,17.8223,0.2846,,
DATA,A001,1,3726,104664,0.0819,0.3163,0.1077,-40.4053,64.6362,25.6348,0.3441,,
DATA,A001,1,3727,104674,0.0467,0.3779,0.0476,-50.7812,65.4907,23.0103,0.3837,,
DATA,A001,1,3728,104684,0.0118,0.3808,-0.0070,-73.4863,56.9458,30.2734,0.3810,,
DATA,A001,1,3729,104694,0.0182,0.3329,-0.0441,-88.5010,44.9829,41.0767,0.3364,,
DATA,A001,1,3730,104704,0.0189,0.2270,-0.0742,-102.7832,19.8975,51.8188,0.2395,,
DATA,A001,1,3731,104714,0.0970,0.1655,-0.1023,-106.1401,5.7983,55.5420,0.2174,,
DATA,A001,1,3732,104724,0.2071,0.1027,-0.1242,-107.6050,3.0518,63.9648,0.2625,,
DATA,A001,1,3733,104734,0.2701,0.0949,-0.1482,-104.6143,5.2490,71.8994,0.3224,,
DATA,A001,1,3734,104744,0.3482,0.1144,-0.2226,-109.4360,3.8452,88.0737,0.4289,,
DATA,A001,1,3735,104754,0.3145,0.1013,-0.3059,-120.9717,-6.1646,97.2900,0.4503,,
DATA,A001,1,3736,104764,0.2677,-0.0023,-0.5249,-145.5688,-33.3252,106.4453,0.5892,,
DATA,A001,1,3737,104774,0.2779,-0.1241,-0.6284,-159.1187,-60.4858,112.4268,0.6982,,
DATA,A001,1,3738,104784,0.4217,-0.3350,-0.5337,-162.8418,-91.2476,118.0420,0.7582,,
DATA,A001,1,3739,104794,0.5941,-0.4131,-0.3383,-148.5596,-84.5947,121.5210,0.7988,,
DATA,A001,1,3740,104804,0.6205,-0.3524,0.1785,-102.2339,-40.2222,129.0283,0.7355,,
DATA,A001,1,3741,104814,0.4852,-0.1893,0.3743,-65.6738,0.2441,129.1504,0.6414,,
DATA,A001,1,3742,104824,-0.0182,0.1017,0.5132,-33.8745,31.8604,122.6196,0.5235,,
DATA,A001,1,3743,104834,-0.3229,0.2231,0.4795,-31.5552,41.5039,122.9248,0.6197,,
DATA,A001,1,3744,104844,-0.7206,0.2226,0.4468,-24.8413,59.5093,137.0850,0.8766,,
DATA,A001,1,3745,104854,-1.1129,0.1662,0.4258,-15.6250,70.2515,138.1226,1.2032,,
DATA,A001,1,3746,104864,-1.8266,0.0822,0.2735,6.1035,61.0352,129.5776,1.8488,,
DATA,A001,1,3747,104874,-2.1635,0.0707,0.1736,19.1650,41.0767,120.6055,2.1716,,
DATA,A001,1,3748,104884,-2.5934,0.0646,-0.0092,18.7378,6.4087,100.4028,2.5942,,
DATA,A001,1,3749,104894,-2.8095,0.0341,-0.0705,10.2539,10.4980,77.6367,2.8106,,
DATA,A001,1,3750,104904,-3.2741,-0.0880,-0.2246,-12.0239,50.5371,41.7480,3.2830,,
DATA,A001,1,3751,104914,-3.5617,-0.2503,-0.2937,-27.7100,79.1626,21.3013,3.5825,,
DATA,A001,1,3752,104924,-3.8395,-0.4466,-0.4284,-41.2598,104.2480,-6.7749,3.8891,,
DATA,A001,1,3753,104934,-3.9867,-0.5530,-0.5588,-42.6025,110.2905,-10.2539,4.0635,,
DATA,A001,1,3754,104944,-4.0395,-0.6534,-0.5568,-42.6025,116.5161,-13.7329,4.1297,,
DATA,A001,1,3755,104954,-3.9364,-0.6773,-0.4299,-30.1514,117.9810,-18.0054,4.0173,,
DATA,A001,1,3756,104964,-3.8854,-0.6348,-0.3877,-15.3809,103.0884,-9.5825,3.9560,,
DATA,A001,1,3757,104974,-3.9110,-0.6470,-0.2646,-2.9297,62.5000,2.0752,3.9730,,
DATA,A001,1,3758,104984,-3.8017,-0.6939,-0.1294,-2.5635,20.8130,4.5166,3.8666,,
DATA,A001,1,3759,104994,-3.3649,-0.7073,-0.0085,-4.7607,-54.0771,3.2349,3.4385,,
DATA,A001,1,3760,105004,-2.9587,-0.6487,0.0064,0.4883,-98.0835,0.6104,3.0289,,
DATA,A001,1,3761,105014,-2.2970,-0.4839,0.0022,11.9629,-139.5264,-1.2817,2.3475,,
DATA,A001,1,3762,105024,-1.8471,-0.3843,0.0442,10.6812,-157.4097,-3.4790,1.8872,,
DATA,A001,1,3763,105034,-1.1669,-0.3192,0.0076,-3.1128,-186.1572,-3.4180,1.2098,,
DATA,A001,1,3764,105044,-0.6703,-0.2869,-0.0813,4.6387,-204.5898,0.0000,0.7337,,
DATA,A001,1,3765,105054,0.0348,-0.1558,-0.2348,31.4331,-231.7505,6.7749,0.2840,,
DATA,A001,1,3766,105064,0.4203,-0.0262,-0.2946,47.3022,-239.1968,4.5776,0.5139,,
DATA,A001,1,3767,105074,0.8853,0.1782,-0.3344,53.7720,-201.2329,-6.7749,0.9630,,
DATA,A001,1,3768,105084,1.0819,0.2775,-0.3405,49.1943,-149.8413,-14.5874,1.1677,,
DATA,A001,1,3769,105094,1.1707,0.2870,-0.3413,33.8135,-51.5137,-17.2729,1.2528,,
DATA,A001,1,3770,105104,1.1100,0.2043,-0.3286,23.0103,10.7422,-13.7939,1.1755,,
DATA,A001,1,3771,105114,0.9417,0.0002,-0.3068,9.7656,82.5806,0.7935,0.9905,,
DATA,A001,1,3772,105124,0.8187,-0.1146,-0.2751,7.3853,115.0513,16.2964,0.8712,,
DATA,A001,1,3773,105134,0.5980,-0.1321,-0.1870,9.1553,147.2778,51.2695,0.6403,,
DATA,A001,1,3774,105144,0.4264,-0.0411,-0.1132,7.8125,155.1514,78.2471,0.4430,,
DATA,A001,1,3775,105154,0.1910,0.1166,-0.0608,-4.8218,149.4141,109.5581,0.2319,,
DATA,A001,1,3776,105164,0.0299,0.1765,-0.0210,-14.3433,135.9863,118.2251,0.1802,,
DATA,A001,1,3777,105174,-0.2033,0.1718,0.0174,-28.8086,105.5298,116.0278,0.2667,,
DATA,A001,1,3778,105184,-0.3234,0.1196,0.0401,-38.6353,75.7446,111.1450,0.3471,,
DATA,A001,1,3779,105194,-0.4206,0.0222,0.0823,-46.2036,21.6064,105.5298,0.4291,,
DATA,A001,1,3780,105204,-0.4611,-0.0062,0.0865,-44.4336,-12.0850,100.4639,0.4692,,
DATA,A001,1,3781,105214,-0.4574,0.0251,0.0725,-33.6914,-45.2881,85.8154,0.4638,,
DATA,A001,1,3782,105224,-0.4218,0.0649,0.0603,-28.3813,-54.8096,73.6694,0.4310,,
DATA,A001,1,3783,105234,-0.3315,0.0783,0.0415,-28.2593,-51.5137,54.7485,0.3431,,
DATA,A001,1,3784,105244,-0.2758,0.0478,0.0110,-29.7241,-38.2080,43.2739,0.2801,,
DATA,A001,1,3785,105254,-0.2372,-0.0176,-0.0144,-26.9775,-8.3618,28.8696,0.2383,,
DATA,A001,1,3786,105264,-0.2570,-0.0499,-0.0288,-21.2402,10.6812,21.7285,0.2634,,
DATA,A001,1,3787,105274,-0.3066,-0.0591,-0.0388,-14.0381,23.6206,14.6484,0.3146,,
DATA,A001,1,3788,105284,-0.3871,-0.0440,-0.0207,-3.2349,29.0527,3.2349,0.3902,,
DATA,A001,1,3789,105294,-0.4203,-0.0154,0.0201,1.3428,27.0996,-4.3945,0.4211,,
DATA,A001,1,3790,105304,-0.4704,0.0436,0.1187,0.7935,19.0430,-15.1978,0.4871,,
DATA,A001,1,3791,105314,-0.5260,0.0727,0.1907,-4.7607,10.3760,-22.2168,0.5642,,
DATA,A001,1,3792,105324,-0.6762,0.1015,0.2632,-17.6392,-1.8921,-36.0718,0.7327,,
DATA,A001,1,3793,105334,-0.8586,0.1191,0.3023,-27.4048,-9.2773,-47.4854,0.9180,,
DATA,A001,1,3794,105344,-1.5070,0.2216,0.4703,-46.5088,-20.6909,-62.0728,1.5941,,
DATA,A001,1,3795,105354,-2.1620,0.4272,0.5591,-66.8945,-35.8887,-77.3315,2.2736,,
DATA,A001,1,3796,105364,-2.8290,0.6747,0.6609,-131.7139,-92.8345,-114.1357,2.9825,,
DATA,A001,1,3797,105374,-3.0024,0.5185,0.5809,-179.7485,-163.0249,-131.2256,3.1017,,
DATA,A001,1,3798,105384,-3.2682,0.1025,0.6263,-215.8813,-264.2822,-151.1841,3.3293,,
DATA,A001,1,3799,105394,-3.5998,0.0532,0.7430,-238.2812,-293.0298,-172.2412,3.6760,,
DATA,A001,1,3800,105404,-3.6640,0.0239,0.8006,-291.3818,-331.4819,-181.3354,3.7505,,
DATA,A001,1,3801,105414,-3.4945,-0.1458,0.7713,-314.6973,-385.6812,-169.6777,3.5816,,
DATA,A001,1,3802,105424,-2.8607,-0.4307,0.6485,-300.4761,-444.6411,-129.4556,2.9648,,
DATA,A001,1,3803,105434,-2.1913,-0.5054,0.8489,-281.4941,-422.2412,-73.4863,2.4037,,
DATA,A001,1,3804,105444,-1.8000,-0.4366,1.4373,-277.5269,-299.4995,-3.3569,2.3444,,
DATA,A001,1,3805,105454,-1.9088,-0.4114,1.6736,-272.0947,-198.4863,16.5405,2.5718,,
DATA,A001,1,3806,105464,-2.0841,-0.4739,1.6548,-234.3140,-83.9844,23.4985,2.7031,,
DATA,A001,1,3807,105474,-2.1974,-0.4266,1.4275,-203.4302,-42.1143,26.6113,2.6549,,
DATA,A001,1,3808,105484,-2.1881,-0.5259,0.9568,-189.3921,-11.3525,44.7388,2.4454,,
DATA,A001,1,3809,105494,-2.0507,-0.7059,0.6719,-176.3916,-20.0806,57.9224,2.2705,,
DATA,A001,1,3810,105504,-1.7177,-0.8323,0.3621,-133.3008,-69.4580,63.4766,1.9428,,
DATA,A001,1,3811,105514,-1.4035,-0.7933,0.1993,-108.7646,-107.7881,47.7905,1.6244,,
DATA,A001,1,3812,105524,-0.9140,-0.5242,-0.0427,-66.5894,-142.5781,36.8042,1.0545,,
DATA,A001,1,3813,105534,-0.6374,-0.3463,-0.1640,-36.4990,-142.2729,37.9639,0.7437,,
DATA,A001,1,3814,105544,-0.2831,-0.1414,-0.2985,-8.9111,-112.3047,24.4751,0.4351,,
DATA,A001,1,3815,105554,-0.1291,-0.0589,-0.3391,1.4648,-84.3506,12.0850,0.3676,,
DATA,A001,1,3816,105564,-0.0168,0.0678,-0.3781,15.4419,-44.7388,-10.0708,0.3845,,
DATA,A001,1,3817,105574,0.0416,0.1467,-0.3540,19.9585,-25.2686,-24.8413,0.3854,,
DATA,A001,1,3818,105584,0.1329,0.1591,-0.3327,21.6064,-7.6904,-44.1895,0.3920,,
DATA,A001,1,3819,105594,0.1622,0.1245,-0.2985,23.3765,-2.2583,-57.8003,0.3618,,
DATA,A001,1,3820,105604,0.1820,0.0773,-0.2688,24.0479,0.7935,-70.1904,0.3337,,
DATA,A001,1,3821,105614,0.2096,-0.0259,-0.2304,22.0337,0.1831,-76.3550,0.3125,,
DATA,A001,1,3822,105624,0.2516,-0.1177,-0.2146,23.6206,-2.5024,-68.6646,0.3510,,
DATA,A001,1,3823,105634,0.2984,-0.1287,-0.1950,25.5127,-0.0610,-57.0068,0.3790,,
DATA,A001,1,3824,105644,0.3602,-0.1158,-0.1958,26.1841,8.9722,-40.5884,0.4260,,
DATA,A001,1,3825,105654,0.4271,-0.0972,-0.1980,25.3296,37.8418,-15.2588,0.4807,,
DATA,A001,1,3826,105664,0.4449,-0.0779,-0.2368,23.7427,66.6504,0.4272,0.5100,,
DATA,A001,1,3827,105674,0.3670,-0.0665,-0.3000,17.3950,108.1543,23.0103,0.4787,,
DATA,A001,1,3828,105684,0.2845,-0.0984,-0.3376,11.9629,129.6997,34.1187,0.4523,,
DATA,A001,1,3829,105694,0.1725,-0.1092,-0.3537,7.8125,149.1089,48.8892,0.4084,,
DATA,A001,1,3830,105704,0.1009,-0.0457,-0.3759,7.2021,153.5034,61.4624,0.3919,,
DATA,A001,1,3831,105714,0.0279,0.1027,-0.4340,6.4697,152.9541,76.0498,0.4469,,
DATA,A001,1,3832,105724,0.0081,0.1840,-0.4970,3.9673,153.8086,79.4678,0.5301,,
DATA,A001,1,3833,105734,-0.0397,0.2470,-0.5634,-4.1504,162.1094,79.1016,0.6165,,
DATA,A001,1,3834,105744,-0.0944,0.2536,-0.5429,-12.0239,167.5415,78.4302,0.6066,,
DATA,A001,1,3835,105754,-0.1715,0.2148,-0.4069,-22.9492,166.8701,78.9185,0.4911,,
DATA,A001,1,3836,105764,-0.2270,0.1818,-0.2104,-25.1465,159.6680,78.0029,0.3589,,
DATA,A001,1,3837,105774,-0.2287,0.1701,0.2505,-17.2119,150.9399,77.3315,0.3795,,
DATA,A001,1,3838,105784,-0.1652,0.2453,0.6634,-4.8828,151.6113,74.4019,0.7263,,
DATA,A001,1,3839,105794,-0.3295,0.3176,0.9810,25.5127,145.2026,49.8047,1.0825,,
DATA,A001,1,3840,105804,-0.6442,0.4914,0.9663,55.9692,118.1030,34.7900,1.2611,,
DATA,A001,1,3841,105814,-0.8149,0.5380,0.7698,49.8657,51.9409,46.0815,1.2434,,
DATA,A001,1,3842,105824,-0.7289,0.1594,0.6372,25.5737,7.2632,42.1753,0.9812,,
DATA,A001,1,3843,105834,-0.6332,-0.3011,0.4026,26.1230,-52.4902,35.7666,0.8085,,
DATA,A001,1,3844,105844,-0.6286,-0.4659,0.2842,36.7432,-70.4346,35.2783,0.8324,,
DATA,A001,1,3845,105854,-0.8000,-0.6238,0.2239,36.5601,-55.6030,30.3345,1.0389,,
DATA,A001,1,3846,105864,-0.9801,-0.6949,0.2962,39.8560,-21.9727,28.9917,1.2374,,
DATA,A001,1,3847,105874,-1.3634,-0.7029,0.4888,31.1279,53.8330,35.8276,1.6100,,
DATA,A001,1,3848,105884,-1.7692,-0.6763,0.5816,13.5498,104.7363,33.9355,1.9813,,
DATA,A001,1,3849,105894,-2.4909,-0.7115,0.6663,-27.5879,151.9165,32.1655,2.6748,,
DATA,A001,1,3850,105904,-2.9489,-0.7615,0.6956,-49.6216,153.3813,23.3765,3.1241,,
DATA,A001,1,3851,105914,-3.5751,-0.7457,0.6922,-57.0679,92.1021,1.2817,3.7171,,
DATA,A001,1,3852,105924,-3.8764,-0.6573,0.7581,-50.2319,36.1938,-16.2354,4.0041,,
DATA,A001,1,3853,105934,-4.0343,-0.5440,0.8333,-49.9268,0.3662,-21.8506,4.1553,,
DATA,A001,1,3854,105944,-4.2555,-0.4310,0.9244,-54.1992,-21.5454,-19.4092,4.3760,,
DATA,A001,1,3855,105954,-4.3727,-0.3873,0.9551,-45.8374,-28.9307,-12.6953,4.4925,,
DATA,A001,1,3856,105964,-4.1967,-0.4156,1.0198,-28.2593,-41.4429,-6.9580,4.3388,,
DATA,A001,1,3857,105974,-3.7985,-0.5750,0.9908,-19.1040,-51.3306,-10.3149,3.9675,,
DATA,A001,1,3858,105984,-3.2018,-0.8768,0.8926,-8.5449,-66.2231,-13.9771,3.4376,,
DATA,A001,1,3859,105994,-2.9088,-0.9742,0.7959,-1.5869,-78.8574,-18.9209,3.1692,,
DATA,A001,1,3860,106004,-2.4486,-0.9454,0.5906,14.2822,-102.6001,-27.4658,2.6904,,
DATA,A001,1,3861,106014,-2.0937,-0.8826,0.4253,27.5879,-120.6055,-25.7568,2.3116,,
DATA,A001,1,3862,106024,-1.5629,-0.8099,0.2320,47.6685,-138.4277,-18.0054,1.7755,,
DATA,A001,1,3863,106034,-1.2448,-0.7545,0.1517,59.5703,-139.3433,-14.0991,1.4634,,
DATA,A001,1,3864,106044,-0.8420,-0.6275,0.1155,77.2095,-127.3193,-11.1084,1.0564,,
DATA,A001,1,3865,106054,-0.6254,-0.5174,0.0870,88.3179,-113.8916,-11.1694,0.8163,,
DATA,A001,1,3866,106064,-0.3588,-0.3255,0.0232,106.9946,-94.9097,-19.8364,0.4850,,
DATA,A001,1,3867,106074,-0.2150,-0.1712,-0.0217,118.7744,-80.2002,-29.0527,0.2757,,
DATA,A001,1,3868,106084,0.0223,0.1022,-0.0249,129.0894,-57.8613,-45.0439,0.1076,,
DATA,A001,1,3869,106094,0.2005,0.3078,-0.0214,127.6245,-44.4946,-52.9175,0.3680,,
DATA,A001,1,3870,106104,0.5338,0.4643,-0.0056,121.2158,-19.7144,-65.9790,0.7075,,
DATA,A001,1,3871,106114,0.6663,0.5219,0.0225,117.6147,-2.9297,-75.7446,0.8467,,
DATA,A001,1,3872,106124,0.7735,0.3991,-0.0859,112.0605,25.7568,-95.2759,0.8746,,
DATA,A001,1,3873,106134,0.8033,0.2482,-0.1489,111.3281,37.5366,-104.9805,0.8539,,
DATA,A001,1,3874,106144,0.8355,0.0285,-0.2055,108.7646,49.9878,-107.8491,0.8609,,
DATA,A001,1,3875,106154,0.8326,-0.0948,-0.1821,105.3467,60.7300,-98.8159,0.8575,,
DATA,A001,1,3876,106164,0.7782,-0.2144,-0.1220,98.7549,97.3511,-79.2847,0.8163,,
DATA,A001,1,3877,106174,0.7125,-0.2520,-0.1198,96.2524,139.2822,-66.9556,0.7652,,
DATA,A001,1,3878,106184,0.5597,-0.2239,-0.1394,101.0742,216.1255,-51.6357,0.6187,,
DATA,A001,1,3879,106194,0.4210,-0.1658,-0.1604,106.9336,269.2261,-44.2505,0.4800,,
DATA,A001,1,3880,106204,0.1292,-0.0814,-0.1633,110.2295,334.3506,-32.7759,0.2236,,
DATA,A001,1,3881,106214,-0.1181,-0.0328,-0.1340,107.7271,354.0039,-21.7896,0.1816,,
DATA,A001,1,3882,106224,-0.4962,0.0244,-0.0869,94.6045,330.6274,-7.5684,0.5044,,
DATA,A001,1,3883,106234,-0.6977,0.0395,-0.0747,82.5195,277.3438,-5.9814,0.7028,,
DATA,A001,1,3884,106244,-0.8656,0.0407,-0.0639,65.7349,155.3345,-13.3667,0.8689,,
DATA,A001,1,3885,106254,-0.8654,0.0571,-0.0510,57.4341,60.7300,-18.8599,0.8688,,
DATA,A001,1,3886,106264,-0.8124,0.0976,-0.0520,49.4995,-32.5928,-22.4609,0.8199,,
DATA,A001,1,3887,106274,-0.6706,0.1750,-0.0573,35.7056,-148.2544,-30.2734,0.6954,,
DATA,A001,1,3888,106284,-0.5495,0.2214,-0.0429,24.7192,-198.5474,-38.3301,0.5939,,
DATA,A001,1,3889,106294,-0.4037,0.2641,-0.0254,5.3101,-232.5439,-47.6074,0.4831,,
DATA,A001,1,3890,106304,-0.3634,0.2656,-0.0136,-8.0566,-234.4971,-52.4292,0.4503,,
DATA,A001,1,3891,106314,-0.2445,0.2328,0.0066,-23.8037,-214.3555,-60.7300,0.3377,,
DATA,A001,1,3892,106324,-0.1220,0.1982,0.0345,-30.4565,-191.4062,-64.0259,0.2353,,
DATA,A001,1,3893,106334,0.0384,0.1486,0.0511,-37.9639,-148.1323,-64.4531,0.1618,,
DATA,A001,1,3894,106344,0.0704,0.1269,0.0579,-42.5415,-118.4692,-65.0024,0.1562,,
DATA,A001,1,3895,106354,0.0528,0.1164,0.0494,-51.5137,-72.3267,-73.5474,0.1370,,
DATA,A001,1,3896,106364,0.0069,0.1127,0.0315,-58.8379,-40.6494,-82.2144,0.1173,,
DATA,A001,1,3897,106374,-0.0336,0.1269,-0.0173,-70.1294,14.1602,-89.8438,0.1324,,
DATA,A001,1,3898,106384,-0.0744,0.1469,-0.0398,-76.8433,53.5889,-91.5527,0.1694,,
DATA,A001,1,3899,106394,-0.2970,0.1960,-0.0461,-86.8530,112.2437,-89.8438,0.3588,,
DATA,A001,1,3900,106404,-0.6105,0.2160,-0.0676,-96.1914,145.8740,-88.5620,0.6511,,
DATA,A001,1,3901,106414,-1.3810,0.1974,-0.1428,-119.5679,178.2227,-75.6226,1.4023,,
DATA,A001,1,3902,106424,-2.0141,0.1616,-0.2111,-148.1934,181.3354,-41.8091,2.0315,,
DATA,A001,1,3903,106434,-2.5465,-0.1763,0.0967,-212.7686,193.9697,62.0728,2.5545,,
DATA,A001,1,3904,106444,-3.1698,-0.6705,-0.0622,-250.6104,182.8613,143.1885,3.2406,,
DATA,A001,1,3905,106454,-4.3134,-1.5413,0.0921,-215.8813,205.0781,213.6230,4.5814,,
DATA,A001,1,3906,106464,-4.3930,-1.5101,0.6980,-106.6284,256.1646,186.8896,4.6974,,
DATA,A001,1,3907,106474,-3.9347,-1.0682,1.4971,-19.2261,152.7100,109.1919,4.3433,,
DATA,A001,1,3908,106484,-3.8258,-1.1602,1.5743,-28.9307,38.7573,36.3770,4.2967,,
DATA,A001,1,3909,106494,-3.5126,-1.6016,1.3025,-12.8174,-14.0991,-48.5229,4.0743,,
DATA,A001,1,3910,106504,-3.0756,-1.8030,1.1565,22.0947,3.5400,-65.6128,3.7480,,
DATA,A001,1,3911,106514,-2.8149,-1.9073,1.0037,75.3174,-0.8545,-48.4619,3.5452,,
DATA,A001,1,3912,106524,-2.7465,-1.7462,0.7679,94.1772,-50.4761,-48.5840,3.3439,,
DATA,A001,1,3913,106534,-2.2941,-1.3504,0.2019,78.3081,-146.3013,-79.3457,2.6697,,
DATA,A001,1,3914,106544,-1.9372,-1.1260,-0.3034,58.1055,-212.2192,-80.5664,2.2611,,
DATA,A001,1,3915,106554,-1.4604,-1.1783,-0.9445,51.5747,-258.9111,-32.4707,2.1008,,
DATA,A001,1,3916,106564,-1.0558,-1.1802,-1.0510,87.6465,-243.1030,7.7515,1.9006,,
DATA,A001,1,3917,106574,-0.5575,-0.7471,-0.6784,160.0952,-181.8848,58.2886,1.1530,,
DATA,A001,1,3918,106584,-0.4284,-0.3521,-0.3806,176.5137,-135.0098,78.2471,0.6726,,
DATA,A001,1,3919,106594,-0.3771,-0.0110,-0.2165,162.4756,-92.4072,85.4492,0.4350,,
DATA,A001,1,3920,106604,-0.3241,0.2045,-0.0136,112.4878,-50.5371,80.3223,0.3835,,
DATA,A001,1,3921,106614,-0.2438,0.1049,0.1001,66.8945,-40.8325,68.7256,0.2837,,
DATA,A001,1,3922,106624,-0.1718,-0.0311,0.0838,46.6919,-43.5791,58.2886,0.1936,,
DATA,A001,1,3923,106634,-0.1181,-0.1400,0.0315,33.7524,-51.0254,51.2085,0.1858,,
DATA,A001,1,3924,106644,-0.0612,-0.1627,-0.0070,24.7192,-58.6548,48.5229,0.1739,,
DATA,A001,1,3925,106654,-0.0197,-0.0892,0.0198,22.4609,-57.9224,50.4150,0.0934,,
DATA,A001,1,3926,106664,0.0565,0.0839,0.0896,13.4277,-52.4902,55.8472,0.1352,,
DATA,A001,1,3927,106674,0.1141,0.1931,0.1123,-1.2207,-46.2036,57.1289,0.2508,,
DATA,A001,1,3928,106684,0.1961,0.2646,0.1172,-32.5317,-29.3579,56.2134,0.3496,,
DATA,A001,1,3929,106694,0.2452,0.2590,0.1053,-52.5513,-10.8643,56.2744,0.3719,,
DATA,A001,1,3930,106704,0.2542,0.2219,0.0772,-73.1812,29.4189,56.6406,0.3461,,
DATA,A001,1,3931,106714,0.2359,0.2106,0.0618,-80.0171,61.3403,56.5796,0.3223,,
DATA,A001,1,3932,106724,0.1734,0.1938,0.0481,-87.9517,104.4312,59.6313,0.2645,,
DATA,A001,1,3933,106734,0.1187,0.1650,0.0403,-95.2148,125.5493,62.4390,0.2072,,
DATA,A001,1,3934,106744,0.0357,0.0952,0.0210,-107.7271,142.9443,65.2466,0.1038,,
DATA,A001,1,3935,106754,-0.0050,0.0439,-0.0007,-112.3657,146.1792,66.3452,0.0442,,
DATA,A001,1,3936,106764,-0.0558,-0.0169,-0.0271,-112.8540,137.7563,68.9087,0.0643,,
DATA,A001,1,3937,106774,-0.0678,-0.0357,-0.0747,-111.8774,127.5635,70.3125,0.1070,,
DATA,A001,1,3938,106784,-0.0563,-0.0853,-0.1875,-113.3423,112.0605,68.2373,0.2135,,
DATA,A001,1,3939,106794,-0.0463,-0.1443,-0.2492,-113.5254,105.7739,65.5518,0.2917,,
DATA,A001,1,3940,106804,-0.0251,-0.2432,-0.2878,-104.2480,99.1211,64.0869,0.3776,,
DATA,A001,1,3941,106814,-0.0185,-0.2942,-0.2868,-91.8579,96.6187,62.3169,0.4113,,
DATA,A001,1,3942,106824,-0.0368,-0.3514,-0.2580,-69.5801,98.1445,55.7251,0.4375,,
DATA,A001,1,3943,106834,-0.0705,-0.3536,-0.2290,-55.1147,101.7456,50.8423,0.4271,,
DATA,A001,1,3944,106844,-0.1491,-0.3196,-0.1733,-34.7290,105.4688,42.2974,0.3930,,
DATA,A001,1,3945,106854,-0.2216,-0.2767,-0.1318,-21.4844,104.7974,35.2173,0.3782,,
DATA,A001,1,3946,106864,-0.2875,-0.1754,-0.0654,-1.7090,96.4355,22.7051,0.3431,,
DATA,A001,1,3947,106874,-0.2709,-0.1060,-0.0417,7.5684,88.5620,12.5732,0.2939,,
DATA,A001,1,3948,106884,-0.2428,-0.0543,-0.0368,15.0146,83.0688,-2.9297,0.2515,,
DATA,A001,1,3949,106894,-0.2355,-0.0518,-0.0398,19.1650,88.5620,-13.7329,0.2444,,
DATA,A001,1,3950,106904,-0.3192,-0.1058,-0.0432,29.4800,106.3843,-27.4048,0.3391,,
DATA,A001,1,3951,106914,-0.5085,-0.1812,-0.0380,37.2925,117.0654,-30.8838,0.5411,,
DATA,A001,1,3952,106924,-0.7658,-0.2840,-0.0590,42.2363,119.3848,-28.8696,0.8189,,
DATA,A001,1,3953,106934,-1.4186,-0.4944,-0.0781,38.8184,106.0181,-14.4043,1.5043,,
DATA,A001,1,3954,106944,-2.2379,-0.6517,-0.1169,26.0620,84.4727,6.4697,2.3338,,
DATA,A001,1,3955,106954,-3.5329,-0.6697,-0.3305,-17.0898,57.5562,62.0117,3.6110,,
DATA,A001,1,3956,106964,-4.1457,-0.6714,-0.5864,-47.8516,30.2124,101.6846,4.2404,,
DATA,A001,1,3957,106974,-4.7838,-0.4571,-1.3193,-31.8604,-86.6089,119.2627,4.9834,,
DATA,A001,1,3958,106984,-4.3022,-0.0423,-0.9804,20.9961,-94.7266,112.0605,4.4127,,
DATA,A001,1,3959,106994,-3.0107,0.7089,-0.5783,60.1807,-69.0308,52.4292,3.1466,,
DATA,A001,1,3960,107004,-2.4120,0.9362,-0.4099,42.6025,-36.1328,12.5122,2.6196,,
DATA,A001,1,3961,107014,-1.8449,0.5959,-0.2907,-15.4419,76.1719,-8.1787,1.9604,,
DATA,A001,1,3962,107024,-1.6215,0.0685,-0.3249,-39.6118,186.3403,-3.0518,1.6551,,
DATA,A001,1,3963,107034,-1.5898,-0.6692,-0.3584,-16.5405,301.2085,23.6816,1.7617,,
DATA,A001,1,3964,107044,-1.6776,-0.9173,-0.3942,27.6489,319.2139,47.1802,1.9523,,
DATA,A001,1,3965,107054,-1.7848,-0.8643,-0.4751,98.8159,289.6729,89.1724,2.0392,,
DATA,A001,1,3966,107064,-1.7919,-0.6153,-0.4555,127.8076,238.3423,114.5630,1.9486,,
DATA,A001,1,3967,107074,-1.5788,-0.1668,-0.3779,126.8311,148.3154,137.1460,1.6319,,
DATA,A001,1,3968,107084,-1.3300,0.0549,-0.3154,101.0742,98.3276,145.5688,1.3680,,
DATA,A001,1,3969,107094,-1.0297,0.1352,-0.2353,52.4902,44.5557,161.1328,1.0649,,
DATA,A001,1,3970,107104,-0.9137,0.0558,-0.1731,28.9307,25.4517,168.0298,0.9316,,
DATA,A001,1,3971,107114,-0.8739,-0.1216,-0.0783,18.6157,7.4463,166.5649,0.8858,,
DATA,A001,1,3972,107124,-0.8481,-0.1866,-0.0195,27.5879,-9.2773,158.2642,0.8686,,
DATA,A001,1,3973,107134,-0.7411,-0.1273,0.0586,51.5747,-44.4336,141.0522,0.7542,,
DATA,A001,1,3974,107144,-0.6210,-0.0272,0.0943,63.3545,-64.8193,126.9531,0.6287,,
DATA,A001,1,3975,107154,-0.4596,0.0851,0.1348,64.8193,-88.0127,105.4077,0.4865,,
DATA,A001,1,3976,107164,-0.3669,0.1042,0.1585,57.3120,-98.0225,89.6606,0.4130,,
DATA,A001,1,3977,107174,-0.2643,0.0500,0.1226,42.8467,-104.0039,61.4014,0.2956,,
DATA,A001,1,3978,107184,-0.2145,-0.0101,0.0992,37.6587,-103.0884,42.6636,0.2365,,
DATA,A001,1,3979,107194,-0.1469,-0.0701,0.0611,39.1235,-93.0786,19.8975,0.1738,,
DATA,A001,1,3980,107204,-0.1254,-0.0704,0.0325,42.1143,-83.0078,8.6670,0.1474,,
DATA,A001,1,3981,107214,-0.1056,-0.0230,-0.0161,44.5557,-62.0728,-3.9673,0.1093,,
DATA,A001,1,3982,107224,-0.1076,0.0204,-0.0302,42.4805,-46.6919,-9.3384,0.1136,,
DATA,A001,1,3983,107234,-0.1535,0.0624,-0.0451,32.9590,-24.7192,-14.0991,0.1717,,
DATA,A001,1,3984,107244,-0.2084,0.0666,-0.0573,25.4517,-13.0005,-17.5171,0.2262,,
DATA,A001,1,3985,107254,-0.2724,0.0532,-0.0520,18.3105,-5.1880,-21.6064,0.2823,,
DATA,A001,1,3986,107264,-0.3744,0.0178,-0.0310,9.2773,-2.1362,-28.0762,0.3761,,
DATA,A001,1,3987,107274,-0.4191,-0.0076,-0.0080,3.9062,-4.5166,-32.7148,0.4192,,
DATA,A001,1,3988,107284,-0.4491,-0.0569,0.0423,-5.2490,-11.2915,-39.4897,0.4547,,
DATA,A001,1,3989,107294,-0.4472,-0.1026,0.0682,-12.3901,-14.9536,-44.1284,0.4638,,
DATA,A001,1,3990,107304,-0.4174,-0.1880,0.0865,-20.4468,-19.2871,-52.0630,0.4659,,
DATA,A001,1,3991,107314,-0.3844,-0.2684,0.0953,-23.3154,-20.1416,-59.2041,0.4784,,
DATA,A001,1,3992,107324,-0.3600,-0.4158,0.1329,-23.6816,-19.8975,-71.4722,0.5658,,
DATA,A001,1,3993,107334,-0.3639,-0.5228,0.1331,-20.9961,-15.9302,-80.7495,0.6507,,
DATA,A001,1,3994,107344,-0.3654,-0.6697,0.1018,-7.4463,-1.5869,-95.8862,0.7697,,
DATA,A001,1,3995,107354,-0.3849,-0.7364,0.0540,9.7656,14.5874,-101.5015,0.8327,,
DATA,A001,1,3996,107364,-0.4980,-0.7708,-0.0058,42.7246,48.0957,-100.7080,0.9177,,
DATA,A001,1,3997,107374,-0.7331,-0.7833,-0.0334,64.8804,73.9136,-94.9707,1.0733,,
DATA,A001,1,3998,107384,-1.4792,-0.8094,-0.0256,91.3696,96.2524,-79.8340,1.6863,,
DATA,A001,1,3999,107394,-2.4010,-0.7430,-0.0337,100.4639,86.6699,-63.2324,2.5136,,
DATA,A001,1,4000,107404,-3.8273,-0.0665,0.0769,93.9941,30.6396,-43.4570,3.8287,,
DATA,A001,1,4001,107414,-4.2550,0.5947,-0.1279,47.4243,-92.6514,-20.5078,4.2983,,
DATA,A001,1,4002,107424,-4.4599,0.6789,-1.0327,-40.4053,-354.6753,18.5547,4.6279,,
DATA,A001,1,4003,107434,-4.0470,0.6799,-1.1347,-37.5366,-416.9312,39.8560,4.2577,,
DATA,A001,1,4004,107444,-2.8632,1.1838,-1.1003,14.0381,-326.5991,74.9512,3.2878,,
DATA,A001,1,4005,107454,-2.2438,1.6349,-0.8308,20.0195,-238.8306,96.0083,2.8979,,
DATA,A001,1,4006,107464,-1.7726,1.9892,-0.4868,-64.0259,-137.3291,86.0596,2.7085,,
DATA,A001,1,4007,107474,-1.5595,1.1689,-0.2351,-69.7632,-76.2939,86.3647,1.9630,,
DATA,A001,1,4008,107484,-1.3849,0.2736,-0.0044,-77.5146,13.6108,77.9419,1.4117,,
DATA,A001,1,4009,107494,-1.2841,-0.0950,0.0689,-46.0815,49.9878,69.9463,1.2894,,
DATA,A001,1,4010,107504,-1.1525,-0.2935,0.0826,18.3716,67.2607,58.6548,1.1921,,
DATA,A001,1,4011,107514,-1.0981,-0.1976,0.1646,48.4009,45.2271,51.4526,1.1278,,
DATA,A001,1,4012,107524,-0.9484,0.0788,0.2295,48.3398,-14.8315,35.8276,0.9790,,
DATA,A001,1,4013,107534,-0.7780,0.1540,0.1963,26.3062,-54.3823,22.9492,0.8170,,
DATA,A001,1,4014,107544,-0.5175,0.0939,0.1180,-6.0425,-97.1680,6.2256,0.5390,,
DATA,A001,1,4015,107554,-0.3539,-0.0054,0.0535,-21.4844,-109.6802,-2.5024,0.3580,,
DATA,A001,1,4016,107564,-0.2411,-0.1878,-0.0083,-41.2598,-118.0420,-13.9160,0.3057,,
DATA,A001,1,4017,107574,-0.2279,-0.2979,-0.0393,-51.1475,-117.7368,-23.7427,0.3772,,
DATA,A001,1,4018,107584,-0.2021,-0.3734,-0.0788,-55.1758,-112.3657,-34.8511,0.4318,,
DATA,A001,1,4019,107594,-0.1510,-0.4136,-0.0808,-51.2695,-104.6753,-46.7529,0.4477,,
DATA,A001,1,4020,107604,-0.1100,-0.3914,-0.0752,-46.5088,-102.2949,-51.3916,0.4135,,
DATA,A001,1,4021,107614,-0.0297,-0.3277,-0.0759,-45.7153,-99.7314,-59.2651,0.3377,,
DATA,A001,1,4022,107624,0.0580,-0.2628,-0.0957,-49.9878,-95.3979,-67.9932,0.2856,,
DATA,A001,1,4023,107634,0.1080,-0.2274,-0.1193,-51.0254,-90.0879,-73.1201,0.2786,,
DATA,A001,1,4024,107644,0.1439,-0.1942,-0.1333,-48.8892,-82.5806,-77.1484,0.2760,,
DATA,A001,1,4025,107654,0.1505,-0.1497,-0.1279,-40.3442,-65.4297,-82.5806,0.2478,,
DATA,A001,1,4026,107664,0.1410,-0.1175,-0.1062,-34.1187,-52.1851,-85.4492,0.2120,,
DATA,A001,1,4027,107674,0.1053,-0.0889,-0.0493,-25.5737,-31.7993,-88.1958,0.1464,,
DATA,A001,1,4028,107684,0.0746,-0.0838,-0.0017,-20.0195,-18.6157,-89.1113,0.1122,,
DATA,A001,1,4029,107694,-0.0038,-0.0750,0.1121,-10.6812,2.1362,-89.6606,0.1349,,
DATA,A001,1,4030,107704,-0.0961,-0.0464,0.1971,-4.8218,17.3950,-90.3931,0.2241,,
DATA,A001,1,4031,107714,-0.2804,-0.0081,0.3101,-0.4272,36.6211,-92.1631,0.4182,,
DATA,A001,1,4032,107724,-0.4333,0.0212,0.3885,-0.6104,46.2646,-94.2993,0.5823,,
DATA,A001,1,4033,107734,-0.6684,0.0756,0.4602,-2.8687,50.7812,-96.1304,0.8150,,
DATA,A001,1,4034,107744,-0.8766,0.0959,0.4808,-5.8594,39.0625,-93.2617,1.0044,,
DATA,A001,1,4035,107754,-1.2018,0.1015,0.5406,-6.7749,10.8643,-94.2383,1.3217,,
DATA,A001,1,4036,107764,-1.3551,0.0954,0.5696,-4.6387,-2.6245,-96.8628,1.4731,,
DATA,A001,1,4037,107774,-1.5351,0.1071,0.6079,-2.0752,-7.8125,-88.3179,1.6545,,
DATA,A001,1,4038,107784,-1.6610,0.0883,0.6338,-4.3335,-4.8828,-71.8384,1.7801,,
DATA,A001,1,4039,107794,-1.9071,-0.0164,0.7041,-10.6812,-7.2021,-45.4712,2.0330,,
DATA,A001,1,4040,107804,-2.0649,-0.1138,0.7112,-11.7188,-18.3105,-30.4565,2.1869,,
DATA,A001,1,4041,107814,-2.1354,-0.2369,0.6885,0.1831,-35.9497,-8.0566,2.2561,,
DATA,A001,1,4042,107824,-2.1281,-0.2283,0.6834,14.3433,-33.1421,8.2397,2.2468,,
DATA,A001,1,4043,107834,-2.1349,-0.1141,0.7364,28.6255,-1.4038,30.2734,2.2612,,
DATA,A001,1,4044,107844,-2.1430,-0.0945,0.7920,30.4565,18.9819,40.7104,2.2866,,
DATA,A001,1,4045,107854,-2.1759,-0.1558,0.8736,33.0200,44.6167,48.0957,2.3499,,
DATA,A001,1,4046,107864,-2.1837,-0.1985,0.9368,36.4990,51.1475,53.4058,2.3845,,
DATA,A001,1,4047,107874,-2.0546,-0.2940,0.8843,36.5601,43.3350,62.9272,2.2561,,
DATA,A001,1,4048,107884,-1.9618,-0.3526,0.7845,35.3394,30.0903,67.9932,2.1421,,
DATA,A001,1,4049,107894,-1.8661,-0.3860,0.5454,34.1797,13.3057,66.6504,1.9822,,
DATA,A001,1,4050,107904,-1.7628,-0.3726,0.4373,35.9497,6.2256,68.3594,1.8541,,
DATA,A001,1,4051,107914,-1.5639,-0.3502,0.3540,37.9639,6.1646,77.7588,1.6412,,
DATA,A001,1,4052,107924,-1.2438,-0.3013,0.2818,38.6963,16.6626,100.5859,1.3104,,
DATA,A001,1,4053,107934,-1.0627,-0.2672,0.2405,37.5977,30.7007,112.8540,1.1218,,
DATA,A001,1,4054,107944,-0.8014,-0.1973,0.1548,35.7056,54.8706,124.6338,0.8398,,
DATA,A001,1,4055,107954,-0.6098,-0.1434,0.0931,34.3018,67.1997,130.4321,0.6333,,
DATA,A001,1,4056,107964,-0.3795,-0.0491,0.1280,29.6021,78.4912,137.2070,0.4035,,
DATA,A001,1,4057,107974,-0.2768,-0.0162,0.1499,20.7520,86.7310,137.5122,0.3152,,
DATA,A001,1,4058,107984,-0.2177,-0.0530,0.1043,5.7373,104.1870,131.9580,0.2471,,
DATA,A001,1,4059,107994,-0.2065,-0.0843,0.0784,-1.0376,117.6147,127.5024,0.2364,,
DATA,A001,1,4060,108004,-0.1952,-0.0950,0.0481,-9.0332,132.6904,127.6855,0.2224,,
DATA,A001,1,4061,108014,-0.1886,-0.0909,0.0154,-16.4795,134.8267,129.5776,0.2099,,
DATA,A001,1,4062,108024,-0.1720,-0.0875,-0.0522,-29.6631,128.6621,127.6245,0.1999,,
DATA,A001,1,4063,108034,-0.1645,-0.0972,-0.0752,-36.8652,120.4834,122.4976,0.2053,,
DATA,A001,1,4064,108044,-0.1471,-0.1072,-0.1103,-42.0532,104.2480,112.7319,0.2129,,
DATA,A001,1,4065,108054,-0.1271,-0.1046,-0.1154,-41.9922,92.0410,105.2856,0.2010,,
DATA,A001,1,4066,108064,-0.0858,-0.1070,-0.0820,-38.4521,77.6978,94.7266,0.1598,,
DATA,A001,1,4067,108074,-0.0685,-0.1234,-0.0424,-35.5835,73.3643,89.2334,0.1473,,
DATA,A001,1,4068,108084,-0.0946,-0.1746,0.0198,-29.6631,73.4253,83.3130,0.1996,,
DATA,A001,1,4069,108094,-0.1420,-0.2003,0.0664,-23.1323,73.8525,79.5288,0.2543,,
DATA,A001,1,4070,108104,-0.2260,-0.2071,0.1477,-10.8643,67.1997,71.5332,0.3403,,
DATA,A001,1,4071,108114,-0.2790,-0.1795,0.2159,-1.1597,57.1289,65.9180,0.3958,,
DATA,A001,1,4072,108124,-0.3205,-0.1116,0.2913,9.9487,40.0391,58.4717,0.4472,,
DATA,A001,1,4073,108134,-0.3327,-0.0740,0.3335,14.5264,32.1045,53.8940,0.4769,,
DATA,A001,1,4074,108144,-0.3432,-0.0333,0.3694,16.4795,29.9072,45.9595,0.5053,,
DATA,A001,1,4075,108154,-0.3754,-0.0093,0.3682,16.6016,35.4004,40.1001,0.5259,,
DATA,A001,1,4076,108164,-0.4665,0.0297,0.3287,15.0146,44.4336,30.2734,0.5714,,
DATA,A001,1,4077,108174,-0.5429,0.0529,0.3016,11.5967,44.9829,21.4233,0.6233,,
DATA,A001,1,4078,108184,-0.7111,0.0478,0.2474,4.1504,31.4941,5.0659,0.7544,,
DATA,A001,1,4079,108194,-0.8432,0.0317,0.2098,-0.6714,10.3149,-5.8594,0.8694,,
DATA,A001,1,4080,108204,-0.9970,0.0060,0.1504,-5.6763,-27.5269,-29.0527,1.0083,,
DATA,A001,1,4081,108214,-1.0866,0.0175,0.1084,-7.4463,-41.0156,-48.8281,1.0921,,
DATA,A001,1,4082,108224,-1.3097,0.0617,0.0315,-8.9722,-38.5742,-71.8384,1.3116,,
DATA,A001,1,4083,108234,-1.5385,0.0954,0.0003,-9.7656,-27.7100,-81.6040,1.5414,,
DATA,A001,1,4084,108244,-1.8466,0.1464,-0.0405,-13.1836,-15.0146,-90.0879,1.8528,,
DATA,A001,1,4085,108254,-2.3283,0.2009,-0.0754,-20.5078,-4.4556,-92.9565,2.3381,,
DATA,A001,1,4086,108264,-2.5395,0.2187,-0.0297,-21.7896,-12.0239,-87.7075,2.5490,,
DATA,A001,1,4087,108274,-2.7467,0.2460,-0.0332,-18.0664,-49.1333,-81.7871,2.7579,,
DATA,A001,1,4088,108284,-2.8659,0.2773,-0.0810,-11.5967,-74.2188,-82.9468,2.8804,,
DATA,A001,1,4089,108294,-2.9294,0.3849,-0.0610,-0.3052,-74.2798,-85.4492,2.9552,,
DATA,A001,1,4090,108304,-2.8876,0.5126,-0.0273,6.5308,-49.6826,-87.7686,2.9329,,
DATA,A001,1,4091,108314,-2.8654,0.7026,-0.0102,14.0381,-20.8740,-84.4116,2.9503,,
DATA,A001,1,4092,108324,-2.8564,0.7538,-0.0483,15.1978,-12.5732,-77.8809,2.9546,,
DATA,A001,1,4093,108334,-2.8568,0.7231,-0.1240,13.1226,-1.5259,-60.7300,2.9495,,
DATA,A001,1,4094,108344,-2.8598,0.6791,-0.1550,12.8174,3.6621,-44.1284,2.9434,,
DATA,A001,1,4095,108354,-2.7296,0.6269,-0.1604,14.8315,-5.8594,-18.5547,2.8053,,
DATA,A001,1,4096,108364,-2.5849,0.5912,-0.1325,15.3198,-21.1792,-2.3193,2.6549,,
DATA,A001,1,4097,108374,-2.3339,0.4841,-0.0490,9.7046,-51.9409,16.9067,2.3841,,
DATA,A001,1,4098,108384,-2.1376,0.3766,0.0347,4.1504,-74.3408,24.2310,2.1708,,
DATA,A001,1,4099,108394,-1.8927,0.2092,0.1609,-2.0752,-109.4971,24.6582,1.9110,,
DATA,A001,1,4100,108404,-1.7743,0.1682,0.2688,-2.1973,-132.0801,16.8457,1.8024,,
DATA,A001,1,4101,108414,-1.5082,0.3478,0.4114,-2.9297,-181.3354,5.1270,1.6015,,
DATA,A001,1,4102,108424,-1.1154,0.4833,0.3589,-14.7705,-233.3984,2.9907,1.2675,,
DATA,A001,1,4103,108434,-0.2721,0.5544,0.1578,-33.8135,-305.9692,11.8408,0.6374,,
DATA,A001,1,4104,108444,0.3175,0.5490,0.0140,-38.5132,-319.1528,16.5405,0.6343,,
DATA,A001,1,4105,108454,1.0926,0.5261,-0.0854,-35.5225,-274.9023,5.9204,1.2157,,
DATA,A001,1,4106,108464,1.4161,0.4409,-0.1054,-32.4707,-207.2144,-5.7983,1.4869,,
DATA,A001,1,4107,108474,1.5179,0.2614,-0.0710,-32.8979,-67.8711,-26.1841,1.5419,,
DATA,A001,1,4108,108484,1.4361,0.0473,-0.0280,-33.8135,16.1743,-12.6343,1.4372,,
DATA,A001,1,4109,108494,1.0941,-0.2371,0.0005,-38.0859,104.1260,11.5356,1.1195,,
DATA,A001,1,4110,108504,0.8751,-0.3797,-0.0146,-36.7432,128.1738,23.0103,0.9540,,
DATA,A001,1,4111,108514,0.5584,-0.4642,-0.0617,-30.2124,125.6714,35.2173,0.7288,,
DATA,A001,1,4112,108524,0.3883,-0.4427,-0.0810,-26.1841,106.9336,41.6870,0.5944,,
DATA,A001,1,4113,108534,0.2284,-0.3502,-0.0300,-25.0244,77.9419,54.6265,0.4191,,
DATA,A001,1,4114,108544,0.1419,-0.2711,-0.0400,-31.5552,60.1807,68.1152,0.3086,,
DATA,A001,1,4115,108554,-0.0009,-0.2317,-0.1281,-47.9736,35.7056,93.5059,0.2648,,
DATA,A001,1,4116,108564,-0.0495,-0.2530,-0.2082,-57.0679,26.0010,106.9946,0.3314,,
DATA,A001,1,4117,108574,-0.0668,-0.3294,-0.3444,-64.4531,18.7378,114.8682,0.4813,,
DATA,A001,1,4118,108584,-0.2045,-0.5543,-0.5449,-71.2891,11.9019,117.2485,0.8037,,
DATA,A001,1,4119,108594,-0.3568,-0.7247,-0.6494,-67.0776,20.5688,114.7461,1.0364,,
DATA,A001,1,4120,108604,-0.6003,-0.8821,-0.7590,-41.7480,55.9082,114.1968,1.3094,,
DATA,A001,1,4121,108614,-0.6571,-0.9407,-0.7153,-24.8413,86.7310,96.9849,1.3522,,
DATA,A001,1,4122,108624,-0.6005,-0.9456,-0.5095,-10.1318,97.2900,71.2280,1.2306,,
DATA,A001,1,4123,108634,-0.5605,-0.8690,-0.3073,-11.9019,64.2090,47.9736,1.0787,,
DATA,A001,1,4124,108644,-0.4352,-0.6439,-0.1169,-18.3105,-5.0659,-5.6152,0.7859,,
DATA,A001,1,4125,108654,-0.3109,-0.4656,-0.1181,-17.8833,-30.7007,-46.1426,0.5722,,
DATA,A001,1,4126,108664,-0.1615,-0.2247,-0.0888,-5.8594,-6.1035,-91.7969,0.2906,,
DATA,A001,1,4127,108674,-0.1615,-0.0901,-0.0134,5.1880,48.7061,-108.0322,0.1855,,
DATA,A001,1,4128,108684,-0.3861,0.0187,0.1665,14.9536,159.3628,-129.9438,0.4209,,
DATA,A001,1,4129,108694,-0.7626,0.0080,0.3023,15.9912,215.7593,-149.1089,0.8204,,
DATA,A001,1,4130,108704,-1.7011,-0.0972,0.5772,20.9351,242.0654,-181.5186,1.7990,,
DATA,A001,1,4131,108714,-2.5512,-0.1417,0.7283,32.0435,213.4399,-209.1675,2.6569,,
DATA,A001,1,4132,108724,-3.9076,-0.0172,0.9041,46.2036,95.3369,-260.3149,4.0109,,
DATA,A001,1,4133,108734,-4.5473,0.2119,0.9915,35.4004,-12.3291,-281.7383,4.6589,,
DATA,A001,1,4134,108744,-4.5771,0.5014,0.9964,-5.0659,-156.7383,-270.8130,4.7110,,
DATA,A001,1,4135,108754,-4.4750,0.4782,0.7005,-15.9302,-221.4355,-248.2300,4.5547,,
DATA,A001,1,4136,108764,-4.0873,0.6723,0.4690,23.8037,-200.8057,-212.4023,4.1687,,
DATA,A001,1,4137,108774,-3.4982,0.9877,0.3667,47.6074,-110.1074,-186.8286,3.6534,,
DATA,A001,1,4138,108784,-2.6359,1.2463,0.2559,57.3120,54.1382,-136.0474,2.9269,,
DATA,A001,1,4139,108794,-2.3017,1.0978,0.2593,49.4385,167.7246,-101.9287,2.5632,,
DATA,A001,1,4140,108804,-2.2797,0.4543,0.0826,22.3389,293.3960,-48.3398,2.3260,,
DATA,A001,1,4141,108814,-2.4574,-0.0157,0.0098,13.4888,339.4165,-20.8740,2.4575,,
DATA,A001,1,4142,108824,-2.7755,-0.5132,0.0601,19.4702,305.6641,28.6255,2.8232,,
DATA,A001,1,4143,108834,-2.8102,-0.6878,0.0508,24.2920,218.5669,55.6030,2.8936,,
DATA,A001,1,4144,108844,-2.3676,-0.7830,0.0215,19.4092,40.2832,68.1152,2.4938,,
DATA,A001,1,4145,108854,-1.8573,-0.7579,-0.0576,5.5542,-73.6084,62.5610,2.0068,,
DATA,A001,1,4146,108864,-0.9799,-0.6678,-0.1860,-22.3389,-173.4619,57.1289,1.2003,,
DATA,A001,1,4147,108874,-0.4184,-0.6365,-0.1989,-35.1562,-197.8760,60.3638,0.7873,,
DATA,A001,1,4148,108884,0.2677,-0.5948,-0.1291,-28.9917,-195.6177,68.5425,0.6649,,
DATA,A001,1,4149,108894,0.5413,-0.5374,-0.0857,-9.8267,-170.8374,67.1387,0.7676,,
DATA,A001,1,4150,108904,0.6480,-0.4339,-0.0498,12.8174,-130.0659,56.4575,0.7815,,
DATA,A001,1,4151,108914,0.6800,-0.2379,-0.0036,33.4473,-49.1943,38.6963,0.7204,,
DATA,A001,1,4152,108924,0.6751,-0.1453,0.0945,33.2642,-5.3711,33.6304,0.6970,,
DATA,A001,1,4153,108934,0.5797,-0.1187,0.2034,19.2261,27.7100,29.4189,0.6257,,
DATA,A001,1,4154,108944,0.5091,-0.1707,0.2168,7.4463,33.6304,23.6816,0.5791,,
DATA,A001,1,4155,108954,0.4701,-0.2940,0.1856,-3.2349,34.1187,17.1509,0.5847,,
DATA,A001,1,4156,108964,0.4608,-0.3316,0.1275,-3.1738,36.2549,19.5923,0.5818,,
DATA,A001,1,4157,108974,0.4322,-0.3001,0.0367,3.3569,49.0723,30.4565,0.5275,,
DATA,A001,1,4158,108984,0.3622,-0.2383,-0.0056,7.9346,60.1196,37.4756,0.4336,,
DATA,A001,1,4159,108994,0.2079,-0.1216,-0.0612,9.9487,72.8149,47.0581,0.2485,,
DATA,A001,1,4160,109004,0.0872,-0.0530,-0.1091,7.4463,72.9370,51.5747,0.1494,,
DATA,A001,1,4161,109014,-0.0941,0.0038,-0.1711,2.2583,57.4951,54.3213,0.1953,,
DATA,A001,1,4162,109024,-0.1872,0.0263,-0.1599,-0.7935,39.6729,53.2837,0.2476,,
DATA,A001,1,4163,109034,-0.3068,0.0217,-0.1250,-5.1270,11.2915,46.2646,0.3320,,
DATA,A001,1,4164,109044,-0.3749,0.0012,-0.1125,-6.3477,-5.7373,37.5977,0.3914,,
DATA,A001,1,4165,109054,-0.3949,-0.0374,-0.1015,-0.6104,-25.8789,20.2026,0.4095,,
DATA,A001,1,4166,109064,-0.3429,-0.0672,-0.0944,9.6436,-35.7056,11.1084,0.3620,,
DATA,A001,1,4167,109074,-0.1881,-0.1036,-0.0927,30.5786,-38.3301,1.0376,0.2339,,
DATA,A001,1,4168,109084,-0.0795,-0.1192,-0.0625,45.2271,-29.5410,-5.9204,0.1563,,
DATA,A001,1,4169,109094,-0.0021,-0.1485,0.0069,68.0542,-2.8687,-14.1602,0.1487,,
DATA,A001,1,4170,109104,-0.0180,-0.1534,0.0584,82.5195,16.9067,-18.5547,0.1651,,
DATA,A001,1,4171,109114,-0.1203,-0.1324,0.1316,101.6846,41.1377,-26.8555,0.2221,,
DATA,A001,1,4172,109124,-0.1930,-0.1038,0.1863,110.4736,47.5464,-33.2031,0.2877,,
DATA,A001,1,4173,109134,-0.2985,-0.0572,0.2547,114.9902,45.3491,-41.8091,0.3965,,
DATA,A001,1,4174,109144,-0.3527,-0.0460,0.2793,113.0371,42.2363,-49.4385,0.4523,,
DATA,A001,1,4175,109154,-0.4765,-0.0679,0.3289,106.3843,39.5508,-57.6172,0.5829,,
DATA,A001,1,4176,109164,-0.5702,-0.0923,0.3550,101.9287,38.5742,-61.5845,0.6780,,
DATA,A001,1,4177,109174,-0.7677,-0.1297,0.4036,95.5200,30.8838,-67.8101,0.8770,,
DATA,A001,1,4178,109184,-1.0104,-0.1641,0.4559,89.7827,18.7378,-73.0591,1.1206,,
DATA,A001,1,4179,109194,-1.4721,-0.1902,0.5022,68.9087,-0.6104,-87.9517,1.5670,,
DATA,A001,1,4180,109204,-1.8478,-0.2193,0.4507,40.7104,-14.4653,-106.0181,1.9146,,
DATA,A001,1,4181,109214,-2.7709,-0.3055,0.0950,-20.5688,-56.0303,-131.1646,2.7893,,
DATA,A001,1,4182,109224,-3.3778,-0.4324,-0.1562,-68.2373,-108.2764,-139.1602,3.4090,,
DATA,A001,1,4183,109234,-3.7172,-0.5784,-0.4404,-104.4922,-169.9219,-147.3389,3.7876,,
DATA,A001,1,4184,109244,-3.7365,-0.7657,-0.7971,-103.5156,-245.2393,-161.9263,3.8965,,
DATA,A001,1,4185,109254,-3.2653,-0.7347,-0.6923,-63.8428,-222.9614,-171.5698,3.4178,,
DATA,A001,1,4186,109264,-2.2614,-0.4952,-0.2902,-11.5967,-92.7124,-178.5278,2.3331,,
DATA,A001,1,4187,109274,-1.8549,-0.5374,-0.0463,-15.7471,12.6953,-176.6357,1.9317,,
DATA,A001,1,4188,109284,-1.8048,-1.1680,0.1846,-29.1138,156.3110,-141.0522,2.1577,,
DATA,A001,1,4189,109294,-2.0766,-1.6175,0.2168,-4.6997,215.9424,-117.1265,2.6411,,
DATA,A001,1,4190,109304,-2.5905,-2.1202,0.1646,57.2510,258.4839,-98.1445,3.3515,,
DATA,A001,1,4191,109314,-2.7509,-2.0003,0.2185,136.9019,227.7222,-87.6465,3.4083,,
DATA,A001,1,4192,109324,-2.7162,-1.3704,0.4385,197.3877,148.1934,-65.9180,3.0738,,
DATA,A001,1,4193,109334,-2.5773,-0.9359,0.5721,192.1997,82.6416,-50.9033,2.8010,,
DATA,A001,1,4194,109344,-2.2531,-0.6104,0.5677,128.4790,-18.0054,-36.2549,2.4023,,
DATA,A001,1,4195,109354,-1.9882,-0.6082,0.4659,80.5054,-73.7305,-29.4189,2.1307,,
DATA,A001,1,4196,109364,-1.4945,-0.6585,0.2635,43.3960,-127.9907,-23.1934,1.6543,,
DATA,A001,1,4197,109374,-1.1315,-0.6041,0.1324,40.9546,-147.7051,-18.7988,1.2895,,
DATA,A001,1,4198,109384,-0.6376,-0.3922,-0.0324,48.5840,-175.2319,-7.6904,0.7492,,
DATA,A001,1,4199,109394,-0.3207,-0.1924,-0.1074,51.4526,-186.3403,-1.2207,0.3891,,
DATA,A001,1,4200,109404,0.1485,0.0561,-0.2067,45.2271,-182.8003,7.0801,0.2607,,
DATA,A001,1,4201,109414,0.4205,0.2145,-0.2551,39.2456,-165.3442,11.3525,0.5366,,
DATA,A001,1,4202,109424,0.6524,0.4072,-0.3022,29.4189,-116.6382,13.7939,0.8263,,
DATA,A001,1,4203,109434,0.7110,0.5058,-0.2754,22.3389,-74.4019,15.0146,0.9150,,
DATA,A001,1,4204,109444,0.6856,0.5729,-0.2436,1.7090,-13.8550,17.8833,0.9261,,
DATA,A001,1,4205,109454,0.6151,0.5270,-0.1125,-15.1367,21.3013,18.4326,0.8178,,
DATA,A001,1,4206,109464,0.5538,0.3857,0.0657,-33.2642,53.2227,22.5830,0.6781,,
DATA,A001,1,4207,109474,0.5152,0.2812,0.1001,-41.6870,61.7065,25.7568,0.5954,,
DATA,A001,1,4208,109484,0.4808,0.1591,0.0496,-45.8374,77.0874,24.2920,0.5089,,
DATA,A001,1,4209,109494,0.4850,0.1164,-0.0171,-44.2505,97.9004,23.6816,0.4990,,
DATA,A001,1,4210,109504,0.5030,0.0742,-0.0568,-39.2456,137.6343,35.2783,0.5116,,
DATA,A001,1,4211,109514,0.4664,0.0629,-0.0380,-38.7573,161.3770,46.7529,0.4722,,
DATA,A001,1,4212,109524,0.3241,0.0287,-0.0468,-43.0908,179.0771,52.5513,0.3287,,
DATA,A001,1,4213,109534,0.1961,-0.0064,-0.0615,-45.8984,171.7529,51.7578,0.2056,,
DATA,A001,1,4214,109544,0.0675,-0.0640,-0.0639,-43.7012,134.5215,53.7109,0.1129,,
DATA,A001,1,4215,109554,0.0184,-0.0848,-0.0639,-40.5273,101.3184,54.1382,0.1078,,
DATA,A001,1,4216,109564,0.0028,-0.0926,-0.0847,-37.9639,69.9463,51.8799,0.1255,,
DATA,A001,1,4217,109574,0.0033,-0.0955,-0.1042,-31.7993,40.0391,48.1567,0.1414,,
DATA,A001,1,4218,109584,-0.0226,-0.0923,-0.0996,-25.0854,29.4189,48.4009,0.1377,,
DATA,A001,1,4219,109594,-0.1530,-0.0518,-0.0376,-14.7095,15.1978,46.8750,0.1658,,
DATA,A001,1,4220,109604,-0.2790,-0.0037,-0.0190,-11.1694,3.9673,41.9922,0.2796,,
DATA,A001,1,4221,109614,-0.4662,0.0993,-0.0312,-12.1460,-17.3950,27.8931,0.4777,,
DATA,A001,1,4222,109624,-0.5395,0.1625,-0.0129,-17.5171,-26.7334,17.3950,0.5636,,
DATA,A001,1,4223,109634,-0.6330,0.2275,0.0381,-31.9214,-24.7192,5.2490,0.6737,,
DATA,A001,1,4224,109644,-0.7448,0.2397,0.0589,-46.4478,-11.2305,-1.7700,0.7846,,
DATA,A001,1,4225,109654,-0.9294,0.2016,0.0625,-71.2891,21.1182,-7.8735,0.9530,,
DATA,A001,1,4226,109664,-1.1003,0.1152,0.0523,-92.2241,42.4194,-4.6387,1.1075,,
DATA,A001,1,4227,109674,-1.4713,-0.1568,-0.0671,-135.0708,76.1108,13.2446,1.4812,,
DATA,A001,1,4228,109684,-1.7899,-0.4588,-0.1728,-163.1470,99.4263,38.7573,1.8559,,
DATA,A001,1,4229,109694,-2.3664,-0.9922,-0.2851,-168.2129,117.1875,75.3784,2.5818,,
DATA,A001,1,4230,109704,-2.7394,-1.2884,-0.2732,-134.2773,110.2905,83.8623,3.0396,,
DATA,A001,1,4231,109714,-3.0375,-1.4114,-0.1728,-48.8892,68.5425,82.3975,3.3539,,
DATA,A001,1,4232,109724,-3.0502,-1.3045,-0.0412,1.5869,38.6963,80.2612,3.3177,,
DATA,A001,1,4233,109734,-3.0214,-1.1844,0.0723,42.3584,17.1509,80.9937,3.2460,,
DATA,A001,1,4234,109744,-3.0280,-1.2635,0.0630,53.5889,18.1274,83.8623,3.2816,,
DATA,A001,1,4235,109754,-3.0851,-1.5018,0.0091,74.3408,15.5029,91.5527,3.4312,,
DATA,A001,1,4236,109764,-3.1513,-1.6087,-0.0727,94.9707,-5.0659,95.7031,3.5389,,
DATA,A001,1,4237,109774,-3.1269,-1.5162,-0.1955,123.7183,-67.3828,96.6187,3.4806,,
DATA,A001,1,4238,109784,-2.9447,-1.3211,-0.2251,134.8877,-115.0513,95.9473,3.2353,,
DATA,A001,1,4239,109794,-2.5368,-1.0189,-0.1872,140.5640,-177.9175,101.4404,2.7401,,
DATA,A001,1,4240,109804,-2.2160,-0.8638,-0.0781,139.1602,-210.0220,104.8584,2.3797,,
DATA,A001,1,4241,109814,-1.6872,-0.6712,0.0044,130.3101,-243.1641,104.3091,1.8158,,
DATA,A001,1,4242,109824,-1.3256,-0.5867,-0.0263,123.1689,-251.0376,100.0977,1.4499,,
DATA,A001,1,4243,109834,-0.7751,-0.4793,-0.1674,123.4131,-220.7642,88.7451,0.9265,,
DATA,A001,1,4244,109844,-0.4460,-0.3922,-0.2441,134.2773,-176.3916,80.5054,0.6421,,
DATA,A001,1,4245,109854,-0.0812,-0.1683,-0.2326,166.0767,-93.6279,74.8901,0.2984,,
DATA,A001,1,4246,109864,0.0465,0.0292,-0.2041,186.0962,-30.0293,71.7773,0.2113,,
DATA,A001,1,4247,109874,0.0660,0.3012,-0.2094,195.8618,63.0493,55.6641,0.3728,,
DATA,A001,1,4248,109884,0.0150,0.4040,-0.1755,186.9507,109.9243,38.1470,0.4407,,
DATA,A001,1,4249,109894,-0.0290,0.4284,-0.1198,170.1050,136.9019,22.2778,0.4458,,
DATA,A001,1,4250,109904,-0.0854,0.3483,-0.0695,139.5264,137.3901,6.1646,0.3653,,
DATA,A001,1,4251,109914,-0.1098,0.2538,-0.0710,122.6807,121.7041,-2.8687,0.2855,,
DATA,A001,1,4252,109924,-0.0883,0.1491,-0.0891,107.6050,91.6138,-13.9160,0.1948,,
DATA,A001,1,4253,109934,-0.0495,0.1245,-0.0976,102.1118,71.7163,-19.1040,0.1657,,
DATA,A001,1,4254,109944,0.0125,0.1572,-0.0886,91.9800,50.1099,-24.1089,0.1808,,
DATA,A001,1,4255,109954,0.0282,0.1877,-0.0730,81.4819,42.1753,-25.0854,0.2033,,
DATA,A001,1,4256,109964,0.0150,0.2062,-0.0532,62.5610,35.1562,-24.8413,0.2135,,
DATA,A001,1,4257,109974,-0.0009,0.1992,-0.0459,50.1099,28.9307,-23.7427,0.2044,,
DATA,A001,1,4258,109984,-0.0187,0.1733,-0.0153,34.7900,15.5029,-20.3247,0.1750,,
DATA,A001,1,4259,109994,-0.0180,0.1574,0.0169,26.5503,4.2725,-17.0898,0.1593,,
DATA,A001,1,4260,110004,-0.0041,0.1318,0.0508,15.0146,-11.8408,-12.1460,0.1413,,
DATA,A001,1,4261,110014,0.0028,0.1059,0.0486,8.7280,-18.9209,-9.5825,0.1166,,
DATA,A001,1,4262,110024,-0.0067,0.0612,0.0403,2.3804,-21.7285,-6.8970,0.0736,,
DATA,A001,1,4263,110034,-0.0229,0.0244,0.0337,0.1831,-19.1650,-4.8828,0.0475,,
DATA,A001,1,4264,110044,-0.0937,-0.0128,0.0301,0.5493,-11.4136,-2.0752,0.0992,,
DATA,A001,1,4265,110054,-0.1742,-0.0130,0.0262,4.4556,-4.2114,-1.2817,0.1767,,
DATA,A001,1,4266,110064,-0.2819,0.0458,0.0469,14.2822,7.9346,-2.5635,0.2894,,
DATA,A001,1,4267,110074,-0.3141,0.1166,0.0799,19.2261,13.4888,-2.9907,0.3445,,
DATA,A001,1,4268,110084,-0.3429,0.2128,0.1084,16.7847,14.7095,-3.1738,0.4179,,
DATA,A001,1,4269,110094,-0.3495,0.2397,0.1138,10.4370,14.8926,-6.9580,0.4388,,
DATA,A001,1,4270,110104,-0.4110,0.2390,0.0979,1.3428,23.0103,-17.6392,0.4854,,
DATA,A001,1,4271,110114,-0.5287,0.2443,0.0972,0.3052,36.6821,-25.6348,0.5905,,
DATA,A001,1,4272,110124,-0.7704,0.2922,0.1023,5.9814,60.1807,-34.5459,0.8303,,
DATA,A001,1,4273,110134,-0.9442,0.3586,0.1160,8.6670,67.1387,-32.8369,1.0167,,
DATA,A001,1,4274,110144,-1.3334,0.4470,0.1831,1.5259,62.0117,-10.9863,1.4182,,
DATA,A001,1,4275,110154,-1.6508,0.4814,0.2205,-9.0942,48.4009,6.9580,1.7336,,
DATA,A001,1,4276,110164,-1.9606,0.4785,0.3020,-33.0200,22.7051,39.4287,2.0406,,
DATA,A001,1,4277,110174,-2.1120,0.4025,0.3035,-51.0864,4.1504,70.1904,2.1713,,
DATA,A001,1,4278,110184,-2.4118,0.3178,0.2803,-56.5796,-6.3477,110.2905,2.4487,,
DATA,A001,1,4279,110194,-2.6396,0.4208,0.3077,-45.9595,5.2490,127.6245,2.6905,,
DATA,A001,1,4280,110204,-2.8578,0.6491,0.3885,-39.2456,22.2778,143.4326,2.9562,,
DATA,A001,1,4281,110214,-3.0204,0.8810,0.4917,-62.6831,26.6113,149.1089,3.1845,,
DATA,A001,1,4282,110224,-2.8830,0.6518,0.4663,-101.4404,-12.4512,123.2910,2.9923,,
DATA,A001,1,4283,110234,-2.7350,0.4050,0.4615,-110.3516,-46.6919,105.1636,2.8031,,
DATA,A001,1,4284,110244,-2.5373,0.1962,0.4207,-107.7881,-72.8760,87.1582,2.5794,,
DATA,A001,1,4285,110254,-2.1505,0.0046,0.2837,-95.7642,-83.0078,65.7959,2.1692,,
DATA,A001,1,4286,110264,-1.8473,-0.0750,0.2459,-89.7827,-66.1011,57.9224,1.8651,,
DATA,A001,1,4287,110274,-1.4442,-0.2027,0.2674,-89.3555,-26.6724,59.5093,1.4827,,
DATA,A001,1,4288,110284,-1.2690,-0.2974,0.3123,-90.0269,-0.7935,62.5610,1.3402,,
DATA,A001,1,4289,110294,-1.1256,-0.4112,0.3516,-85.4492,27.3438,61.6455,1.2489,,
DATA,A001,1,4290,110304,-1.0883,-0.4383,0.3443,-77.5146,36.8652,56.8237,1.2227,,
DATA,A001,1,4291,110314,-1.0734,-0.3831,0.3601,-63.5986,42.6636,47.3022,1.1953,,
DATA,A001,1,4292,110324,-1.0734,-0.3123,0.3609,-58.8379,42.7856,41.0156,1.1747,,
DATA,A001,1,4293,110334,-0.9862,-0.1973,0.3711,-64.3921,34.4238,33.6914,1.0721,,
DATA,A001,1,4294,110344,-0.9196,-0.1788,0.3379,-71.3501,27.0996,28.1982,0.9959,,
DATA,A001,1,4295,110354,-0.7892,-0.2127,0.2732,-71.4111,10.0098,19.9585,0.8618,,
DATA,A001,1,4296,110364,-0.6920,-0.2227,0.2715,-68.0542,-6.2256,13.4888,0.7761,,
DATA,A001,1,4297,110374,-0.5793,-0.2347,0.2195,-63.6597,-20.8740,1.3428,0.6624,,
DATA,A001,1,4298,110384,-0.5043,-0.2376,0.1880,-59.9365,-25.6958,-5.5542,0.5883,,
DATA,A001,1,4299,110394,-0.4003,-0.2613,0.1563,-53.4058,-29.6021,-13.6719,0.5029,,
DATA,A001,1,4300,110404,-0.3202,-0.2708,0.1258,-48.0957,-29.1748,-18.9819,0.4378,,
DATA,A001,1,4301,110414,-0.2035,-0.2789,0.0867,-37.5977,-23.4985,-24.5972,0.3560,,
DATA,A001,1,4302,110424,-0.1479,-0.2820,0.0752,-30.0293,-15.9912,-27.2827,0.3272,,
DATA,A001,1,4303,110434,-0.1051,-0.2786,0.0638,-18.6157,3.2349,-30.3955,0.3045,,
DATA,A001,1,4304,110444,-0.1007,-0.2813,0.0513,-12.1460,17.3340,-31.9824,0.3032,,
DATA,A001,1,4305,110454,-0.1037,-0.2891,0.0603,-4.0283,32.2876,-32.3486,0.3130,,
DATA,A001,1,4306,110464,-0.0749,-0.2899,0.0699,-0.9155,35.9497,-31.1279,0.3074,,
DATA,A001,1,4307,110474,-0.0397,-0.2933,0.0567,1.5259,31.2500,-26.4893,0.3013,,
DATA,A001,1,4308,110484,-0.0356,-0.2923,0.0235,3.9062,28.1372,-23.1323,0.2954,,
DATA,A001,1,4309,110494,-0.0683,-0.2867,-0.0857,8.3618,34.9121,-23.0103,0.3069,,
DATA,A001,1,4310,110504,-0.1754,-0.2530,-0.2087,14.0991,48.7671,-23.3154,0.3719,,
DATA,A001,1,4311,110514,-0.5622,-0.1827,-0.3386,27.9541,77.0264,-22.9492,0.6812,,
DATA,A001,1,4312,110524,-0.8656,-0.1448,-0.2627,38.6353,92.2852,-23.7427,0.9161,,
DATA,A001,1,4313,110534,-1.2411,-0.0965,-0.0503,47.2412,107.9102,-17.2729,1.2459,,
DATA,A001,1,4314,110544,-1.5094,-0.0860,0.0403,45.5933,102.0508,-6.5308,1.5124,,
DATA,A001,1,4315,110554,-1.8141,-0.0421,0.1441,43.3960,83.0078,4.8828,1.8203,,
DATA,A001,1,4316,110564,-2.0949,0.1950,0.2640,48.6450,49.0723,16.2354,2.1204,,
DATA,A001,1,4317,110574,-2.0832,0.4118,0.2488,43.6401,32.4097,15.6250,2.1380,,
DATA,A001,1,4318,110584,-1.8564,0.5676,0.1248,12.3901,20.8740,8.1787,1.9452,,
DATA,A001,1,4319,110594,-1.7392,0.5368,0.0367,-14.6484,13.9771,2.7466,1.8205,,
DATA,A001,1,4320,110604,-1.6171,0.3832,-0.0642,-41.6870,-4.2725,-8.4839,1.6631,,
DATA,A001,1,4321,110614,-1.4884,0.2807,-0.1342,-47.1191,-19.7144,-18.5547,1.5206,,
DATA,A001,1,4322,110624,-1.2582,0.1826,-0.1792,-44.9829,-34.5459,-28.3813,1.2839,,
DATA,A001,1,4323,110634,-1.1281,0.1496,-0.1713,-39.7339,-36.1328,-30.7007,1.1508,,
DATA,A001,1,4324,110644,-0.9887,0.1347,-0.1355,-30.9448,-31.9824,-31.9824,1.0070,,
DATA,A001,1,4325,110654,-0.9167,0.1247,-0.1130,-27.0386,-27.1606,-32.4097,0.9320,,
DATA,A001,1,4326,110664,-0.8134,0.1039,-0.0759,-23.3154,-18.0054,-33.0200,0.8235,,
DATA,A001,1,4327,110674,-0.7472,0.0888,-0.0615,-20.8130,-12.1460,-32.9590,0.7550,,
DATA,A001,1,4328,110684,-0.6383,0.0485,-0.0710,-17.2119,-5.7373,-32.4707,0.6441,,
DATA,A001,1,4329,110694,-0.5815,0.0097,-0.0966,-15.9912,-6.0425,-31.7383,0.5895,,
DATA,A001,1,4330,110704,-0.4989,-0.0372,-0.1359,-12.6953,-12.1460,-29.7241,0.5185,,
DATA,A001,1,4331,110714,-0.4621,-0.0428,-0.1606,-7.9346,-17.2729,-28.7476,0.4911,,
DATA,A001,1,4332,110724,-0.4074,-0.0274,-0.1652,0.8545,-19.6533,-29.0527,0.4405,,
DATA,A001,1,4333,110734,-0.3617,-0.0110,-0.1552,7.2632,-16.2964,-30.6396,0.3938,,
DATA,A001,1,4334,110744,-0.2760,0.0185,-0.1130,17.7612,-7.2632,-33.8745,0.2988,,
DATA,A001,1,4335,110754,-0.2104,0.0356,-0.0810,24.3530,-0.4883,-36.1938,0.2282,,
DATA,A001,1,4336,110764,-0.1608,0.0239,-0.0913,30.8228,5.4932,-38.6353,0.1864,,
DATA,A001,1,4337,110774,-0.1752,-0.0101,-0.0986,34.0576,1.4648,-39.3066,0.2013,,
DATA,A001,1,4338,110784,-0.1964,-0.0565,-0.0874,42.0532,-16.1743,-39.0625,0.2223,,
DATA,A001,1,4339,110794,-0.1718,-0.0640,-0.0432,50.2319,-29.8462,-38.3301,0.1883,,
DATA,A001,1,4340,110804,-0.1222,-0.0098,0.0323,64.0869,-42.9077,-29.6631,0.1268,,
DATA,A001,1,4341,110814,-0.1286,0.0322,0.0577,67.5049,-46.8750,-22.3389,0.1445,,
DATA,A001,1,4342,110824,-0.1950,0.0344,0.0284,61.0962,-51.1475,-20.2026,0.2000,,
DATA,A001,1,4343,110834,-0.2453,0.0080,-0.0127,58.4717,-52.7344,-18.9209,0.2457,,
DATA,A001,1,4344,110844,-0.3271,-0.0403,-0.0764,58.0444,-58.7158,-12.3291,0.3383,,
DATA,A001,1,4345,110854,-0.4025,-0.0518,-0.1113,58.7769,-69.9463,-3.6621,0.4208,,
DATA,A001,1,4346,110864,-0.4899,-0.0516,-0.1435,61.1572,-84.5337,4.4556,0.5131,,
DATA,A001,1,4347,110874,-0.5580,-0.0237,-0.1477,67.0776,-96.3135,8.4839,0.5777,,
DATA,A001,1,4348,110884,-0.5888,-0.0018,-0.1399,71.5332,-91.1255,12.1460,0.6052,,
DATA,A001,1,4349,110894,-0.6166,0.0327,-0.0002,71.1060,-70.1904,18.4937,0.6175,,
DATA,A001,1,4350,110904,-0.6935,0.0368,0.0642,71.5332,-47.4243,20.9961,0.6975,,
DATA,A001,1,4351,110914,-0.9128,0.1349,0.2234,74.2798,-13.0615,29.0527,0.9493,,
DATA,A001,1,4352,110924,-1.0993,0.2238,0.3728,66.1011,-4.5166,39.4287,1.1822,,
DATA,A001,1,4353,110934,-1.3712,0.3205,0.4475,54.3213,-5.5542,48.7671,1.4776,,
DATA,A001,1,4354,110944,-1.4980,0.3395,0.4700,44.9829,-14.5874,48.5840,1.6063,,
DATA,A001,1,4355,110954,-1.7262,0.4125,0.5169,26.3672,-27.4658,39.1846,1.8486,,
DATA,A001,1,4356,110964,-1.8625,0.4814,0.5257,13.3057,-34.1797,25.5737,1.9942,,
DATA,A001,1,4357,110974,-1.9833,0.4824,0.5306,-13.1836,-51.6357,3.6011,2.1090,,
DATA,A001,1,4358,110984,-1.9945,0.4116,0.5127,-29.9683,-66.4673,-8.9722,2.1001,,
DATA,A001,1,4359,110994,-1.9557,0.3332,0.4966,-47.2412,-82.2144,-25.8789,2.0451,,
DATA,A001,1,4360,111004,-2.0070,0.3063,0.3955,-52.5513,-78.3081,-32.4097,2.0684,,
DATA,A001,1,4361,111014,-2.0185,0.2858,0.0796,-47.3633,-25.4517,-48.9502,2.0402,,
DATA,A001,1,4362,111024,-1.8900,0.2573,-0.1381,-50.0488,36.5601,-56.2134,1.9125,,
DATA,A001,1,4363,111034,-1.7597,0.1135,-0.3366,-78.7964,118.4692,-52.4292,1.7952,,
DATA,A001,1,4364,111044,-1.7670,-0.0445,-0.3628,-96.3135,156.6162,-52.7954,1.8044,,
DATA,A001,1,4365,111054,-1.7536,-0.1036,-0.2556,-98.0225,190.0635,-63.4155,1.7751,,
DATA,A001,1,4366,111064,-1.6510,0.0119,-0.1276,-101.7456,180.6030,-67.8101,1.6560,,
DATA,A001,1,4367,111074,-1.3334,0.0644,0.0098,-126.8311,133.2397,-76.1108,1.3350,,
DATA,A001,1,4368,111084,-1.0783,0.0363,0.1040,-144.4092,99.3652,-83.3740,1.0839,,
DATA,A001,1,4369,111094,-0.8683,-0.0318,0.0835,-158.9355,67.5049,-86.4868,0.8729,,
DATA,A001,1,4370,111104,-0.8957,-0.0494,0.0000,-155.3955,56.0913,-90.2710,0.8970,,
DATA,A001,1,4371,111114,-0.9140,0.0048,-0.0720,-138.1836,26.5503,-79.4067,0.9168,,
DATA,A001,1,4372,111124,-0.8002,-0.0118,-0.1301,-117.8589,-8.0566,-68.0542,0.8108,,
DATA,A001,1,4373,111134,-0.4386,-0.2833,0.0149,-39.1235,-79.5898,-69.5801,0.5224,,
DATA,A001,1,4374,111144,0.0555,-0.5977,0.5694,38.1470,-107.0557,-77.1484,0.8274,,
DATA,A001,1,4375,111154,0.1275,-0.5215,1.1651,137.6343,-69.8242,-107.9712,1.2828,,
DATA,A001,1,4376,111164,-0.4794,-0.0379,1.3055,179.0771,-37.9639,-104.9194,1.3912,,
DATA,A001,1,4377,111174,-1.5553,0.0607,0.9622,156.2500,-3.5400,-67.0776,1.8299,,
DATA,A001,1,4378,111184,-2.0627,-0.4219,0.5762,87.8906,-5.9204,-32.5928,2.1828,,
DATA,A001,1,4379,111194,-1.9489,-0.9871,0.1509,31.9214,-45.2881,-4.8218,2.1898,,
DATA,A001,1,4380,111204,-1.2401,-0.9969,0.2105,37.9028,-73.5474,-27.7710,1.6050,,
DATA,A001,1,4381,111214,-0.7316,-0.8716,0.5437,42.4194,-60.1807,-56.3965,1.2612,,
DATA,A001,1,4382,111224,-0.8678,-0.3829,0.8150,40.5273,62.3169,-70.7397,1.2506,,
DATA,A001,1,4383,111234,-1.4401,-0.0926,0.9622,16.4795,124.1455,-62.2559,1.7344,,
DATA,A001,1,4384,111244,-2.4181,-0.1512,0.8811,-29.7852,93.0176,-59.8145,2.5781,,
DATA,A001,1,4385,111254,-2.5155,-0.3782,0.7161,-49.1333,-16.0522,-42.8467,2.6427,,
DATA,A001,1,4386,111264,-1.9291,-0.7059,0.4078,-75.1953,-155.8228,-12.2681,2.0943,,
DATA,A001,1,4387,111274,-1.6896,-0.8858,0.3101,-76.4771,-176.5137,5.7373,1.9328,,
DATA,A001,1,4388,111284,-1.6242,-1.0196,0.1614,-49.6826,-137.8174,53.4668,1.9245,,
DATA,A001,1,4389,111294,-1.5487,-0.9986,0.1358,-36.8042,-93.2007,86.9751,1.8478,,
DATA,A001,1,4390,111304,-1.1991,-0.7750,0.2254,-19.4702,-24.7803,112.3047,1.4454,,
DATA,A001,1,4391,111314,-1.0094,-0.5320,0.2063,1.6479,20.3247,132.6294,1.1596,,
DATA,A001,1,4392,111324,-0.8388,-0.2064,0.2227,23.8647,95.8862,147.2778,0.8920,,
DATA,A001,1,4393,111334,-0.8332,-0.0513,0.2474,28.3203,121.3379,145.2026,0.8706,,
DATA,A001,1,4394,111344,-0.8107,-0.0010,0.3016,20.6909,121.5210,133.7891,0.8650,,
DATA,A001,1,4395,111354,-0.8749,-0.0347,0.3235,9.3994,120.0562,122.4976,0.9335,,
DATA,A001,1,4396,111364,-1.2484,-0.1133,0.4410,1.0986,81.1768,115.3564,1.3289,,
DATA,A001,1,4397,111374,-1.3349,-0.0999,0.4795,1.8311,42.2974,101.9897,1.4219,,
DATA,A001,1,4398,111384,-1.4215,-0.0181,0.5428,8.4839,27.5879,78.2471,1.5217,,
DATA,A001,1,4399,111394,-1.6520,0.0541,0.6451,19.4702,57.6172,57.8613,1.7743,,
DATA,A001,1,4400,111404,-1.9748,0.2287,0.7942,41.3208,183.8989,9.8877,2.1407,,
DATA,A001,1,4401,111414,-2.1762,0.4523,0.8941,43.3960,298.8281,-18.8599,2.3958,,
DATA,A001,1,4402,111424,-2.1090,0.4643,0.6228,12.7563,385.6812,-41.7480,2.2476,,
DATA,A001,1,4403,111434,-1.8249,0.2094,0.1983,1.5259,351.4404,-46.0205,1.8475,,
DATA,A001,1,4404,111444,-1.9106,-0.0904,-0.3239,11.5967,185.3638,-55.8472,1.9399,,
DATA,A001,1,4405,111454,-2.2792,-0.1678,-0.4404,30.0903,32.8369,-75.0122,2.3274,,
DATA,A001,1,4406,111464,-2.5717,-0.0845,-0.2014,26.0620,-171.4478,-115.0513,2.5809,,
DATA,A001,1,4407,111474,-2.1068,0.0197,-0.0454,4.3945,-238.4033,-143.0054,2.1074,,
DATA,A001,1,4408,111484,-1.3022,0.0065,-0.0383,-15.1978,-235.2295,-135.7422,1.3027,,
DATA,A001,1,4409,111494,-1.1408,-0.1800,-0.0422,-17.1509,-213.1958,-104.1260,1.1557,,
DATA,A001,1,4410,111504,-1.2133,-0.4964,-0.0664,-29.4189,-172.7295,-91.7358,1.3126,,
DATA,A001,1,4411,111514,-1.2377,-0.6014,-0.1381,-35.9497,-133.6670,-104.1870,1.3830,,
DATA,A001,1,4412,111524,-1.1305,-0.6043,-0.2158,-30.6396,-88.8672,-109.4360,1.2999,,
DATA,A001,1,4413,111534,-0.8703,-0.5062,-0.2529,-11.4746,-23.1323,-91.7358,1.0380,,
DATA,A001,1,4414,111544,-0.7201,-0.4446,-0.2414,0.4883,24.7803,-82.9468,0.8801,,
DATA,A001,1,4415,111554,-0.6686,-0.3851,-0.1921,15.9302,86.0596,-78.8574,0.7951,,
DATA,A001,1,4416,111564,-0.8087,-0.3707,-0.1403,24.7803,105.7739,-77.7588,0.9006,,
DATA,A001,1,4417,111574,-1.1808,-0.3502,-0.0412,32.5928,91.3086,-79.8340,1.2323,,
DATA,A001,1,4418,111584,-1.3998,-0.3231,-0.0097,33.4473,54.2603,-83.9233,1.4366,,
DATA,A001,1,4419,111594,-1.5172,-0.2830,-0.0007,32.7148,-29.6631,-87.0972,1.5434,,
DATA,A001,1,4420,111604,-1.3798,-0.2447,0.0137,28.3203,-84.5337,-85.2661,1.4014,,
DATA,A001,1,4421,111614,-1.0783,-0.2562,0.0308,14.2212,-135.0708,-76.5991,1.1087,,
DATA,A001,1,4422,111624,-0.9213,-0.2906,0.0525,7.0190,-145.9351,-71.3501,0.9675,,
DATA,A001,1,4423,111634,-0.7878,-0.3526,0.0913,3.9062,-137.6953,-65.4907,0.8679,,
DATA,A001,1,4424,111644,-0.7348,-0.3904,0.0970,5.5542,-120.6665,-63.9648,0.8377,,
DATA,A001,1,4425,111654,-0.6398,-0.4180,0.1534,5.9204,-80.9326,-61.4014,0.7795,,
DATA,A001,1,4426,111664,-0.5939,-0.4197,0.1568,6.5918,-48.2178,-57.4341,0.7440,,
DATA,A001,1,4427,111674,-0.6183,-0.4088,0.1380,8.4229,7.2021,-52.7344,0.7539,,
DATA,A001,1,4428,111684,-0.6593,-0.3968,0.1497,8.9722,38.9404,-49.6826,0.7839,,
DATA,A001,1,4429,111694,-0.7609,-0.3992,0.1560,7.5684,67.6880,-46.5698,0.8733,,
DATA,A001,1,4430,111704,-0.8468,-0.4124,0.1355,7.1411,70.6177,-45.9595,0.9516,,
DATA,A001,1,4431,111714,-0.8871,-0.4227,0.1221,8.9722,55.0537,-46.6919,0.9902,,
DATA,A001,1,4432,111724,-0.9088,-0.4173,0.1221,9.9487,34.3628,-45.2881,1.0075,,
DATA,A001,1,4433,111734,-0.8688,-0.3826,0.1255,10.2539,5.4932,-47.7295,0.9576,,
DATA,A001,1,4434,111744,-0.7765,-0.3709,0.1077,8.9722,-9.1553,-48.8892,0.8673,,
DATA,A001,1,4435,111754,-0.6750,-0.3836,0.0821,6.4697,-24.9634,-45.2881,0.7807,,
DATA,A001,1,4436,111764,-0.6100,-0.3965,0.0760,6.5308,-28.0151,-44.1895,0.7315,,
DATA,A001,1,4437,111774,-0.5155,-0.4149,0.0542,8.4839,-24.4751,-42.0532,0.6639,,
DATA,A001,1,4438,111784,-0.4728,-0.4149,0.0523,11.5356,-20.5688,-38.5742,0.6312,,
DATA,A001,1,4439,111794,-0.4066,-0.3929,0.0769,15.5640,-13.0615,-31.7993,0.5706,,
DATA,A001,1,4440,111804,-0.3976,-0.3751,0.0884,16.6016,-8.9722,-26.4893,0.5537,,
DATA,A001,1,4441,111814,-0.3871,-0.3404,0.1036,15.8691,-4.5776,-19.0430,0.5258,,
DATA,A001,1,4442,111824,-0.3517,-0.3294,0.1143,13.9160,-4.4556,-14.0381,0.4953,,
DATA,A001,1,4443,111834,-0.3014,-0.3265,0.1226,9.9487,-9.7046,-3.2959,0.4609,,
DATA,A001,1,4444,111844,-0.2843,-0.3287,0.1202,8.0566,-13.3667,3.3569,0.4509,,
DATA,A001,1,4445,111854,-0.2719,-0.3265,0.1021,7.8735,-15.9912,11.8408,0.4370,,
DATA,A001,1,4446,111864,-0.2868,-0.3174,0.0860,9.3384,-16.3574,17.7612,0.4364,,
DATA,A001,1,4447,111874,-0.3227,-0.2930,0.0747,11.2305,-14.4653,22.7661,0.4422,,
DATA,A001,1,4448,111884,-0.3883,-0.2405,0.0921,13.6719,-7.7515,26.6113,0.4660,,
DATA,A001,1,4449,111894,-0.4262,-0.1995,0.1087,14.0381,-2.1362,27.5269,0.4830,,
DATA,A001,1,4450,111904,-0.5104,-0.1719,0.1687,12.3291,9.4604,25.5737,0.5644,,
DATA,A001,1,4451,111914,-0.5732,-0.1724,0.2061,11.1694,16.6626,20.9961,0.6330,,
DATA,A001,1,4452,111924,-0.6503,-0.1854,0.3333,11.9019,19.4092,10.3149,0.7539,,
DATA,A001,1,4453,111934,-0.6957,-0.1714,0.3814,12.6343,10.8643,2.2583,0.8117,,
DATA,A001,1,4454,111944,-0.7968,-0.1356,0.3819,12.2681,-16.1133,-17.4561,0.8939,,
DATA,A001,1,4455,111954,-0.8170,-0.1019,0.3877,8.9111,-42.1753,-33.6914,0.9101,,
DATA,A001,1,4456,111964,-0.7882,-0.0836,0.3697,-5.5542,-93.5059,-53.5889,0.8746,,
DATA,A001,1,4457,111974,-0.7123,-0.1426,0.3235,-19.7144,-127.1973,-67.5049,0.7952,,
DATA,A001,1,4458,111984,-0.5551,-0.2984,0.2193,-37.8418,-161.6211,-87.4634,0.6673,,
DATA,A001,1,4459,111994,-0.4645,-0.4078,0.1668,-42.7856,-173.4619,-94.4214,0.6402,,
DATA,A001,1,4460,112004,-0.3654,-0.5291,0.1404,-40.7715,-177.0630,-96.5576,0.6582,,
DATA,A001,1,4461,112014,-0.3087,-0.5880,0.1404,-35.4004,-169.4336,-94.7876,0.6788,,
DATA,A001,1,4462,112024,-0.2502,-0.6326,0.1595,-23.3765,-150.3296,-88.3789,0.6987,,
DATA,A001,1,4463,112034,-0.2284,-0.6365,0.1780,-15.0757,-131.5308,-81.5430,0.6993,,
DATA,A001,1,4464,112044,-0.2211,-0.6695,0.2085,-9.0332,-93.6890,-72.7539,0.7353,,
DATA,A001,1,4465,112054,-0.2289,-0.7093,0.2217,-10.0098,-62.5000,-65.8569,0.7776,,
DATA,A001,1,4466,112064,-0.2614,-0.7711,0.2149,-12.8174,-14.3433,-50.5981,0.8420,,
DATA,A001,1,4467,112074,-0.3063,-0.7903,0.2068,-10.9863,13.3057,-37.1094,0.8725,,
DATA,A001,1,4468,112084,-0.3852,-0.7530,0.1822,-2.9297,42.7856,-15.9912,0.8652,,
DATA,A001,1,4469,112094,-0.4262,-0.6910,0.1683,2.5024,53.2837,-3.4180,0.8291,,
DATA,A001,1,4470,112104,-0.4643,-0.5696,0.1455,5.0049,55.2979,14.7095,0.7491,,
DATA,A001,1,4471,112114,-0.4452,-0.4920,0.1338,1.5869,50.1709,24.7803,0.6769,,
DATA,A001,1,4472,112124,-0.3566,-0.4192,0.1475,-7.9956,43.3960,35.9497,0.5698,,
DATA,A001,1,4473,112134,-0.2851,-0.3958,0.1434,-13.6108,41.6870,43.6401,0.5084,,
DATA,A001,1,4474,112144,-0.1920,-0.3922,0.1260,-17.5171,41.8091,54.0161,0.4545,,
DATA,A001,1,4475,112154,-0.1725,-0.3902,0.1282,-17.0898,42.5415,58.9600,0.4455,,
DATA,A001,1,4476,112164,-0.1659,-0.3631,0.1380,-15.2588,42.8467,63.3545,0.4224,,
DATA,A001,1,4477,112174,-0.1689,-0.3228,0.1316,-16.3574,39.8560,64.8804,0.3874,,
DATA,A001,1,4478,112184,-0.1835,-0.2879,0.1192,-20.5078,35.1562,65.6738,0.3616,,
DATA,A001,1,4479,112194,-0.2172,-0.2205,0.1392,-30.2734,23.3765,66.0400,0.3394,,
DATA,A001,1,4480,112204,-0.2426,-0.1751,0.1604,-37.9639,12.7563,65.4297,0.3395,,
DATA,A001,1,4481,112214,-0.2511,-0.1199,0.1517,-49.2554,2.0752,60.3027,0.3169,,
DATA,A001,1,4482,112224,-0.1942,-0.0840,0.0835,-57.5562,6.7139,53.3447,0.2275,,
DATA,A001,1,4483,112234,-0.1518,-0.0757,0.0127,-60.6079,15.3198,50.5981,0.1701,,
DATA,A001,1,4484,112244,-0.1308,-0.0770,-0.0322,-61.9507,29.0527,46.2646,0.1551,,
DATA,A001,1,4485,112254,-0.1176,-0.1002,-0.0590,-61.3403,53.1616,36.3159,0.1654,,
DATA,A001,1,4486,112264,-0.1112,-0.1263,-0.0473,-58.5938,67.1997,29.4800,0.1748,,
DATA,A001,1,4487,112274,-0.1203,-0.1727,0.0013,-53.5889,78.6743,21.6675,0.2104,,
DATA,A001,1,4488,112284,-0.1286,-0.2059,0.0413,-50.1099,79.5898,18.2495,0.2462,,
DATA,A001,1,4489,112294,-0.1288,-0.2623,0.0408,-43.7012,72.3267,17.2729,0.2950,,
DATA,A001,1,4490,112304,-0.1344,-0.2991,0.0423,-37.9028,64.5142,18.3105,0.3307,,
DATA,A001,1,4491,112314,-0.1776,-0.3480,0.0259,-30.6396,54.5654,23.8037,0.3915,,
DATA,A001,1,4492,112324,-0.2211,-0.3941,0.0149,-27.4658,49.6216,30.6396,0.4521,,
DATA,A001,1,4493,112334,-0.2480,-0.4493,0.0376,-19.2871,46.9971,46.2646,0.5145,,
DATA,A001,1,4494,112344,-0.2140,-0.4603,0.0848,-9.0332,47.2412,59.3872,0.5146,,
DATA,A001,1,4495,112354,-0.1625,-0.4051,0.1409,9.1553,49.3164,79.1016,0.4587,,
DATA,A001,1,4496,112364,-0.1564,-0.3484,0.1531,17.8833,53.8330,89.2334,0.4115,,
DATA,A001,1,4497,112374,-0.1906,-0.2613,0.0630,21.9727,62.8662,98.2666,0.3295,,
DATA,A001,1,4498,112384,-0.2450,-0.2432,-0.0263,19.7144,65.4907,101.0742,0.3463,,
DATA,A001,1,4499,112394,-0.3910,-0.2618,-0.1682,14.9536,62.5610,104.9805,0.4997,,
DATA,A001,1,4500,112404,-0.5426,-0.2752,-0.2959,14.1602,56.7627,106.6284,0.6766,,
DATA,A001,1,4501,112414,-0.8510,-0.2430,-0.4296,21.2402,58.0444,108.7646,0.9838,,
DATA,A001,1,4502,112424,-1.0561,-0.1653,-0.4802,36.1328,81.4819,109.8633,1.1718,,
DATA,A001,1,4503,112434,-1.2961,-0.0052,-0.4367,54.3823,151.4282,113.6475,1.3677,,
DATA,A001,1,4504,112444,-1.4828,0.0324,-0.4306,38.4521,197.1436,114.5020,1.5444,,
DATA,A001,1,4505,112454,-1.7714,-0.1702,-0.3515,-29.4189,258.7280,92.8955,1.8139,,
DATA,A001,1,4506,112464,-1.8783,-0.3909,-0.3003,-80.6885,248.2910,79.9561,1.9419,,
DATA,A001,1,4507,112474,-1.8351,-0.5652,-0.1142,-108.6426,170.2271,59.0820,1.9236,,
DATA,A001,1,4508,112484,-1.6725,-0.4359,-0.0227,-104.4922,99.9146,39.0015,1.7285,,
DATA,A001,1,4509,112494,-1.2550,-0.0731,0.0772,-108.5815,25.6348,21.3623,1.2595,,
DATA,A001,1,4510,112504,-1.0160,0.0817,0.0696,-130.7373,-1.4038,22.7661,1.0217,,
DATA,A001,1,4511,112514,-0.7770,0.0856,0.0794,-168.2129,-3.3569,31.7993,0.7857,,
DATA,A001,1,4512,112524,-0.7089,-0.0208,0.1385,-178.6499,7.8735,44.2505,0.7226,,
DATA,A001,1,4513,112534,-0.6862,-0.2232,0.1568,-170.6543,15.1978,56.2134,0.7384,,
DATA,A001,1,4514,112544,-0.6266,-0.7923,0.5086,-101.5015,6.2866,65.2466,1.1309,,
DATA,A001,1,4515,112554,-0.5995,-1.0677,0.9627,-26.3062,0.3052,72.3877,1.5576,,
DATA,A001,1,4516,112564,-0.9923,-0.8157,1.4505,105.7739,9.5825,115.6616,1.9375,,
DATA,A001,1,4517,112574,-1.5114,-0.3541,1.4290,140.5640,19.2261,114.1357,2.1099,,
DATA,A001,1,4518,112584,-2.0517,-0.2027,0.9537,97.7783,9.1553,79.2847,2.2715,,
DATA,A001,1,4519,112594,-2.1881,-0.4378,0.6255,52.7954,-13.0615,71.6553,2.3175,,
DATA,A001,1,4520,112604,-2.3322,-0.7474,-0.1584,-24.8413,-75.6836,68.5425,2.4541,,
DATA,A001,1,4521,112614,-2.3688,-0.6243,-1.1369,-50.2930,-130.9204,65.1855,2.7007,,
DATA,A001,1,4522,112624,-2.0705,-0.2317,-2.2387,-10.0708,-127.3193,66.6504,3.0582,,
DATA,A001,1,4523,112634,-1.5221,-0.0884,-2.4953,27.8320,25.9399,61.4624,2.9243,,
DATA,A001,1,4524,112644,-0.8163,-0.2320,-1.9331,72.9980,320.0684,56.0913,2.1111,,
DATA,A001,1,4525,112654,-0.6874,-0.3260,-1.0234,135.7422,504.2725,61.2793,1.2752,,
DATA,A001,1,4526,112664,-1.3612,-0.0582,0.3724,199.7681,638.7329,83.8013,1.4124,,
DATA,A001,1,4527,112674,-2.3229,0.0490,1.0245,186.7676,527.4048,75.5005,2.5393,,
DATA,A001,1,4528,112684,-3.2433,-0.6844,1.0879,94.7876,173.5840,-8.3008,3.4887,,
DATA,A001,1,4529,112694,-3.0783,-1.2303,0.5589,32.5317,-92.1631,-54.4434,3.3618,,
DATA,A001,1,4530,112704,-2.6715,-1.3924,-0.7146,-5.3711,-408.8135,-107.1167,3.0962,,
DATA,A001,1,4531,112714,-2.0978,-1.1732,-1.1882,16.6016,-480.3467,-130.8594,2.6812,,
DATA,A001,1,4532,112724,-0.9472,-0.7003,-1.1933,32.7759,-405.2734,-111.1450,1.6768,,
DATA,A001,1,4533,112734,-0.4479,-0.5037,-0.8044,34.8511,-314.3921,-68.5425,1.0495,,
DATA,A001,1,4534,112744,-0.5453,-0.2693,-0.1113,49.9878,-192.9321,-9.1553,0.6183,,
DATA,A001,1,4535,112754,-1.0529,-0.1292,0.0093,51.0864,-135.6201,2.1362,1.0608,,
DATA,A001,1,4536,112764,-1.7460,-0.1060,0.0350,22.0947,-98.8770,27.9541,1.7496,,
DATA,A001,1,4537,112774,-1.8568,-0.1839,0.0169,-10.9863,-85.7544,71.3501,1.8660,,
DATA,A001,1,4538,112784,-1.8493,-0.4327,-0.1525,-44.6167,-55.2979,132.2632,1.9053,,
DATA,A001,1,4539,112794,-1.9294,-0.5760,-0.2502,-41.8701,-14.9536,155.3955,2.0290,,
DATA,A001,1,4540,112804,-2.0473,-0.5982,-0.3571,-8.6670,62.5610,164.9780,2.1626,,
DATA,A001,1,4541,112814,-2.1110,-0.4268,-0.3537,20.0806,92.4683,160.7056,2.1826,,
DATA,A001,1,4542,112824,-2.3410,-0.0069,-0.0966,48.9502,99.1211,138.3057,2.3430,,
DATA,A001,1,4543,112834,-2.3607,0.2541,-0.0129,44.6167,84.5947,109.0698,2.3744,,
DATA,A001,1,4544,112844,-2.1837,0.2018,-0.0263,20.4468,53.6499,77.7588,2.1932,,
DATA,A001,1,4545,112854,-1.9318,-0.1546,0.0122,-18.1885,15.8081,35.5835,1.9380,,
DATA,A001,1,4546,112864,-1.7868,-0.3211,-0.0271,-30.8228,-1.8921,10.1929,1.8156,,
DATA,A001,1,4547,112874,-1.5155,-0.3826,-0.1181,-34.8511,-32.2876,-18.7988,1.5675,,
DATA,A001,1,4548,112884,-1.2670,-0.2774,-0.1340,-29.7852,-51.0254,-29.2358,1.3039,,
DATA,A001,1,4549,112894,-0.7768,0.0397,-0.0241,-26.9775,-68.2373,-18.7988,0.7782,,
DATA,A001,1,4550,112904,-0.6059,0.1689,-0.0483,-35.5835,-85.5713,-0.7324,0.6308,,
DATA,A001,1,4551,112914,-0.3534,0.2182,-0.0761,-44.6777,-54.0161,-4.8828,0.4223,,
DATA,A001,1,4552,112924,-0.2204,0.2341,-0.0944,-45.8984,-18.0054,-6.1035,0.3351,,
DATA,A001,1,4553,112934,-0.2348,0.0778,-0.0476,-52.4292,29.9072,12.5122,0.2519,,
DATA,A001,1,4554,112944,-0.3293,-0.0611,0.1163,-51.8799,62.5000,19.4702,0.3545,,
DATA,A001,1,4555,112954,-0.4179,-0.0828,0.4253,-43.1519,80.5664,33.5083,0.6020,,
DATA,A001,1,4556,112964,-0.4753,-0.0745,0.3946,-39.3066,67.3828,42.2363,0.6222,,
DATA,A001,1,4557,112974,-0.5973,0.0038,0.3902,-26.3672,61.8896,27.0386,0.7135,,
DATA,A001,1,4558,112984,-0.7565,0.1030,0.3611,-24.1089,65.9180,31.3110,0.8446,,
DATA,A001,1,4559,112994,-1.3686,0.2270,0.2242,-26.2451,62.9883,32.4707,1.4053,,
DATA,A001,1,4560,113004,-1.7377,0.3493,0.0867,-24.4141,60.4858,20.2026,1.7746,,
DATA,A001,1,4561,113014,-2.3725,0.4868,-0.0681,-31.5552,36.2549,14.0381,2.4228,,
DATA,A001,1,4562,113024,-2.7956,0.4960,-0.0861,-43.5791,7.6904,8.0566,2.8405,,
DATA,A001,1,4563,113034,-3.2350,0.3576,-0.0642,-66.2231,-41.3818,-19.2871,3.2554,,
DATA,A001,1,4564,113044,-3.3434,0.2084,-0.0576,-82.0923,-83.3130,-44.9829,3.3504,,
DATA,A001,1,4565,113054,-3.0946,-0.0555,-0.2531,-100.2197,-168.9453,-69.0308,3.1055,,
DATA,A001,1,4566,113064,-2.8546,-0.2357,-0.4968,-118.1641,-220.1538,-69.5190,2.9071,,
DATA,A001,1,4567,113074,-2.5800,-0.4429,-0.8349,-154.7241,-246.7041,-79.8340,2.7477,,
DATA,A001,1,4568,113084,-2.2199,-0.5379,-0.9118,-164.5508,-231.8115,-87.2803,2.4594,,
DATA,A001,1,4569,113094,-1.6198,-0.5291,-0.6894,-148.8647,-189.7583,-77.3315,1.8382,,
DATA,A001,1,4570,113104,-1.3622,-0.3919,-0.3689,-130.0049,-156.4941,-64.5752,1.4647,,
DATA,A001,1,4571,113114,-1.1256,-0.1238,0.0069,-121.2769,-116.6992,-63.8428,1.1325,,
DATA,A001,1,4572,113124,-0.9494,-0.0582,0.0845,-132.8125,-93.0176,-78.4912,0.9549,,
DATA,A001,1,4573,113134,-0.6149,-0.2139,0.1297,-148.5596,-21.7285,-107.6050,0.6638,,
DATA,A001,1,4574,113144,-0.4440,-0.3726,0.1292,-145.6909,45.3491,-118.9575,0.5939,,
DATA,A001,1,4575,113154,-0.4154,-0.5577,0.0645,-118.1030,151.6113,-121.6431,0.6984,,
DATA,A001,1,4576,113164,-0.5067,-0.5928,0.0054,-85.7544,208.1299,-124.2676,0.7799,,
DATA,A001,1,4577,113174,-0.6503,-0.4993,-0.0070,-31.4941,250.7324,-135.1929,0.8199,,
DATA,A001,1,4578,113184,-0.7150,-0.4175,0.0208,-2.0752,247.0093,-140.3809,0.8282,,
DATA,A001,1,4579,113194,-0.7267,-0.3550,0.0479,20.5688,225.0366,-142.2119,0.8102,,
DATA,A001,1,4580,113204,-0.7299,-0.3272,0.0882,46.6309,178.7720,-141.4185,0.8047,,
DATA,A001,1,4581,113214,-0.7345,-0.3326,0.0889,63.5376,150.6348,-138.5498,0.8112,,
DATA,A001,1,4582,113224,-0.7477,-0.2994,0.0591,88.3789,117.1265,-128.0518,0.8076,,
DATA,A001,1,4583,113234,-0.7804,-0.2630,0.0264,101.4404,94.1162,-118.2861,0.8240,,
DATA,A001,1,4584,113244,-0.7426,-0.1963,0.0574,111.2061,69.0308,-107.7271,0.7702,,
DATA,A001,1,4585,113254,-0.7309,-0.1790,0.0389,109.8022,55.6641,-97.0459,0.7535,,
DATA,A001,1,4586,113264,-0.7826,-0.1917,0.0025,102.8442,19.3481,-79.2847,0.8058,,
DATA,A001,1,4587,113274,-0.7799,-0.2032,-0.0410,97.1069,-16.9067,-71.1670,0.8070,,
DATA,A001,1,4588,113284,-0.7206,-0.2068,-0.1032,88.1958,-82.3364,-62.1338,0.7568,,
DATA,A001,1,4589,113294,-0.6308,-0.1873,-0.1286,83.2520,-120.1172,-59.4482,0.6704,,
DATA,A001,1,4590,113304,-0.4667,-0.1346,-0.1516,75.5615,-155.1514,-58.4717,0.5088,,
DATA,A001,1,4591,113314,-0.3891,-0.1075,-0.1469,70.8008,-164.8560,-55.7861,0.4296,,
DATA,A001,1,4592,113324,-0.2699,-0.0838,-0.1174,66.0400,-162.2925,-52.2461,0.3060,,
DATA,A001,1,4593,113334,-0.2101,-0.0701,-0.0986,64.5142,-152.5879,-51.0864,0.2425,,
DATA,A001,1,4594,113344,-0.1222,-0.0701,-0.0827,65.2466,-126.4648,-49.8657,0.1634,,
DATA,A001,1,4595,113354,-0.0802,-0.0733,-0.0654,67.0166,-104.2480,-47.3633,0.1268,,
DATA,A001,1,4596,113364,-0.0736,-0.0787,-0.0290,69.9463,-68.6646,-43.3350,0.1116,,
DATA,A001,1,4597,113374,-0.1051,-0.0880,-0.0278,72.2656,-45.2271,-41.3208,0.1399,,
DATA,A001,1,4598,113384,-0.1518,-0.1016,-0.0075,76.7212,-17.8223,-37.4146,0.1828,,
DATA,A001,1,4599,113394,-0.1745,-0.1146,0.0061,77.3315,-4.7607,-34.3018,0.2088,,
DATA,A001,1,4600,113404,-0.2087,-0.1370,0.0064,75.5005,9.5825,-30.9448,0.2497,,
DATA,A001,1,4601,113414,-0.2340,-0.1439,0.0061,74.6460,15.0146,-28.6255,0.2748,,
DATA,A001,1,4602,113424,-0.2362,-0.1365,0.0120,74.8901,17.6392,-25.4517,0.2731,,
DATA,A001,1,4603,113434,-0.2360,-0.1216,0.0232,74.8291,15.6860,-23.0103,0.2665,,
DATA,A001,1,4604,113444,-0.2223,-0.1041,0.0398,72.8149,9.3994,-19.2871,0.2487,,
DATA,A001,1,4605,113454,-0.1928,-0.1075,0.0423,69.4580,2.4414,-17.0898,0.2247,,
DATA,A001,1,4606,113464,-0.1530,-0.1292,0.0381,62.9883,-8.5449,-14.1602,0.2038,,
DATA,A001,1,4607,113474,-0.1244,-0.1502,0.0369,59.4482,-14.1602,-12.3291,0.1985,,
DATA,A001,1,4608,113484,-0.0861,-0.1922,0.0442,54.1382,-19.3481,-8.9111,0.2152,,
DATA,A001,1,4609,113494,-0.0627,-0.2230,0.0452,50.2930,-19.1650,-5.6763,0.2360,,
DATA,A001,1,4610,113504,-0.0363,-0.2545,0.0408,47.0581,-17.5171,-0.2441,0.2602,,
DATA,A001,1,4611,113514,0.0101,-0.3155,0.0389,43.3960,-16.6626,13.0615,0.3180,,
DATA,A001,1,4612,113524,0.0460,-0.3563,0.0445,40.4053,-19.7754,26.1230,0.3620,,
DATA,A001,1,4613,113534,0.0777,-0.4254,0.0740,33.2642,-27.5269,51.6968,0.4387,,
DATA,A001,1,4614,113544,0.0785,-0.4671,0.0657,27.2217,-33.4473,73.1201,0.4782,,
DATA,A001,1,4615,113554,0.0575,-0.5132,0.0369,17.2119,-41.5039,109.6191,0.5178,,
DATA,A001,1,4616,113564,0.0350,-0.5494,0.0291,14.1602,-42.4194,134.8877,0.5513,,
DATA,A001,1,4617,113574,0.0133,-0.5145,0.0325,25.2075,-30.4565,173.2178,0.5157,,
DATA,A001,1,4618,113584,-0.0165,-0.4183,0.0657,42.5415,-13.3057,200.4395,0.4237,,
DATA,A001,1,4619,113594,-0.0304,-0.1824,0.1546,65.5518,15.7471,244.9341,0.2410,,
DATA,A001,1,4620,113604,-0.0070,-0.0406,0.2144,66.6504,32.5928,270.3857,0.2183,,
DATA,A001,1,4621,113614,-0.0026,0.0561,0.2554,47.7295,57.3730,294.7998,0.2615,,
DATA,A001,1,4622,113624,0.0387,0.0576,0.2491,35.4614,76.7212,304.9927,0.2585,,
DATA,A001,1,4623,113634,-0.0033,0.0441,0.2996,27.0996,103.6377,321.9604,0.3029,,
DATA,A001,1,4624,113644,-0.1640,0.0795,0.2701,27.4048,114.9902,329.9561,0.3258,,
DATA,A001,1,4625,113654,-0.4540,0.1733,0.2581,24.9634,105.1636,343.3228,0.5502,,
DATA,A001,1,4626,113664,-0.6129,0.2275,0.2347,21.1792,82.5806,348.2056,0.6946,,
DATA,A001,1,4627,113674,-0.6879,0.2951,0.2588,17.1509,68.6646,342.8955,0.7920,,
DATA,A001,1,4628,113684,-0.5531,0.3620,0.2620,17.1509,93.3228,334.2285,0.7111,,
DATA,A001,1,4629,113694,-0.4010,0.4091,0.0459,10.0098,148.6206,333.3740,0.5747,,
DATA,A001,1,4630,113704,-0.6276,0.3605,-0.1787,3.1128,177.3682,329.5898,0.7455,,
DATA,A001,1,4631,113714,-1.1598,0.3366,-0.5290,11.5967,182.1899,288.4521,1.3185,,
DATA,A001,1,4632,113724,-1.4330,0.4494,-0.3593,28.5034,132.3242,264.7705,1.5442,,
DATA,A001,1,4633,113734,-1.4716,0.7939,-0.1071,44.4336,41.1377,215.6372,1.6755,,
DATA,A001,1,4634,113744,-1.2065,0.9003,-0.0136,45.4102,20.6299,169.9219,1.5054,,
DATA,A001,1,4635,113754,-0.9648,0.8417,0.0472,46.8140,50.6592,134.2163,1.2812,,
DATA,A001,1,4636,113764,-0.9926,0.7062,0.0320,49.2554,83.1299,114.5630,1.2186,,
DATA,A001,1,4637,113774,-1.0924,0.4306,0.0257,50.0488,105.8960,88.0127,1.1745,,
DATA,A001,1,4638,113784,-1.0829,0.2729,0.0354,51.6968,103.4546,76.3550,1.1173,,
DATA,A001,1,4639,113794,-0.9911,0.1467,0.0813,55.9082,88.9282,62.1948,1.0052,,
DATA,A001,1,4640,113804,-0.9494,0.1437,0.1602,56.8848,75.3174,54.8096,0.9735,,
DATA,A001,1,4641,113814,-0.8888,0.2399,0.2261,49.5605,45.1050,44.1895,0.9480,,
DATA,A001,1,4642,113824,-0.8117,0.2953,0.2005,37.9028,22.0337,32.4707,0.8867,,
DATA,A001,1,4643,113834,-0.7084,0.3569,0.0887,20.3857,3.6011,12.0239,0.7982,,
DATA,A001,1,4644,113844,-0.6183,0.3815,0.0074,13.4888,6.4697,-2.8687,0.7266,,
DATA,A001,1,4645,113854,-0.5563,0.3947,-0.0671,10.8032,21.3013,-18.3716,0.6854,,
DATA,A001,1,4646,113864,-0.5827,0.3852,-0.1286,9.7656,55.6030,-37.3535,0.7102,,
DATA,A001,1,4647,113874,-0.6779,0.3796,-0.1005,10.1318,74.4019,-47.6074,0.7834,,
DATA,A001,1,4648,113884,-0.7882,0.3708,-0.1665,13.0615,72.2046,-60.3638,0.8869,,
DATA,A001,1,4649,113894,-0.8459,0.3632,-0.2526,17.8833,48.4009,-63.5986,0.9546,,
DATA,A001,1,4650,113904,-0.9225,0.3671,-0.4170,20.8740,2.6855,-73.0591,1.0769,,
DATA,A001,1,4651,113914,-1.0238,0.3369,-0.5024,20.0806,-35.2173,-78.4912,1.1892,,
DATA,A001,1,4652,113924,-1.2174,0.3095,-0.5778,26.3062,-85.5103,-85.4492,1.3827,,
DATA,A001,1,4653,113934,-1.3478,0.3383,-0.5349,32.5317,-105.5908,-91.9189,1.4890,,
DATA,A001,1,4654,113944,-1.5146,0.4587,-0.2902,38.2690,-131.0425,-86.9751,1.6089,,
DATA,A001,1,4655,113954,-1.5976,0.5290,-0.2761,29.0527,-160.8276,-79.8950,1.7054,,
DATA,A001,1,4656,113964,-1.9064,0.5605,-0.0322,3.6011,-182.9834,-94.7266,1.9873,,
DATA,A001,1,4657,113974,-2.1584,0.7136,0.2622,-15.9912,-169.9219,-117.4927,2.2883,,
DATA,A001,1,4658,113984,-2.2289,0.9357,0.5782,-61.1572,-153.4424,-151.3062,2.4855,,
DATA,A001,1,4659,113994,-1.9882,0.8847,0.6597,-90.5151,-153.1372,-162.4146,2.2739,,
DATA,A001,1,4660,114004,-1.5287,0.8544,0.6470,-113.4033,-119.0796,-167.5415,1.8670,,
DATA,A001,1,4661,114014,-1.2272,0.8725,0.4781,-125.6714,-70.4346,-168.4570,1.5798,,
DATA,A001,1,4662,114024,-0.8358,0.8774,0.1560,-142.7002,-3.2349,-148.0713,1.2218,,
DATA,A001,1,4663,114034,-0.6649,0.8644,-0.0295,-148.6816,34.1187,-121.3379,1.0910,,
DATA,A001,1,4664,114044,-0.4464,0.7744,-0.2197,-159.1187,95.2148,-84.1675,0.9204,,
DATA,A001,1,4665,114054,-0.4230,0.6733,-0.1911,-168.3350,131.4697,-59.3872,0.8178,,
DATA,A001,1,4666,114064,-0.4750,0.5651,-0.2107,-178.7109,179.0771,-35.5835,0.7677,,
DATA,A001,1,4667,114074,-0.5522,0.4335,-0.2209,-183.4717,180.7251,-23.3154,0.7360,,
DATA,A001,1,4668,114084,-0.8002,0.0480,-0.2602,-181.8848,156.9824,-11.8408,0.8428,,
DATA,A001,1,4669,114094,-0.9218,-0.2925,-0.4672,-164.4897,134.0332,-18.9819,1.0741,,
DATA,A001,1,4670,114104,-1.1466,-1.1409,-0.4126,-93.8721,70.3125,-37.8418,1.6693,,
DATA,A001,1,4671,114114,-1.2599,-1.8370,0.2339,-19.1040,28.8696,-44.1284,2.2398,,
DATA,A001,1,4672,114124,-1.6378,-1.8448,0.3953,108.7646,5.7373,-61.4014,2.4984,,
DATA,A001,1,4673,114134,-1.8754,-1.1824,0.3374,199.2188,54.9316,-132.3853,2.2426,,
DATA,A001,1,4674,114144,-2.1308,0.0915,0.2056,275.4517,139.8926,-181.1523,2.1426,,
DATA,A001,1,4675,114154,-2.1903,0.6271,-0.1140,242.0654,135.8643,-175.0488,2.2812,,
DATA,A001,1,4676,114164,-1.7614,0.0820,-0.3840,132.0190,126.4038,-195.3125,1.8046,,
DATA,A001,1,4677,114174,-1.4909,-0.3287,-0.3503,80.8105,145.2026,-186.7065,1.5663,,
DATA,A001,1,4678,114184,-1.3073,-0.7420,-0.0891,68.7256,152.0996,-175.5371,1.5058,,
DATA,A001,1,4679,114194,-1.2668,-1.0528,0.3228,119.7510,77.6367,-173.8281,1.6785,,
DATA,A001,1,4680,114204,-1.2191,-0.8111,0.6182,161.1328,-31.5552,-192.0166,1.5895,,
DATA,A001,1,4681,114214,-0.8608,-0.0125,0.6924,147.6440,-200.9888,-209.2285,1.1048,,
DATA,A001,1,4682,114224,-0.5233,0.1911,0.1719,42.2974,-250.9766,-160.4004,0.5831,,
DATA,A001,1,4683,114234,-0.3805,0.0463,-0.1181,0.7935,-183.7769,-99.7925,0.4011,,
DATA,A001,1,4684,114244,-0.6129,-0.3040,-0.3545,-11.2305,-93.4448,-34.4849,0.7706,,
DATA,A001,1,4685,114254,-1.3871,-0.8358,-0.6565,-16.2354,5.3101,4.7607,1.7474,,
DATA,A001,1,4686,114264,-1.9442,-1.1270,-0.7429,-9.7046,34.9731,24.6582,2.3669,,
DATA,A001,1,4687,114274,-2.3075,-1.1146,-0.6179,38.8794,-8.1177,119.6899,2.6360,,
DATA,A001,1,4688,114284,-2.1195,-0.8104,-0.2910,64.2700,-28.4424,169.9829,2.2878,,
DATA,A001,1,4689,114294,-1.6859,-0.3255,-0.0412,56.9458,-16.3574,200.9888,1.7176,,
DATA,A001,1,4690,114304,-1.5009,-0.0543,0.0830,52.3071,33.6914,212.7075,1.5042,,
DATA,A001,1,4691,114314,-1.6925,0.3842,0.1924,38.6353,103.2104,217.9565,1.7462,,
DATA,A001,1,4692,114324,-1.9633,0.6110,0.1092,25.6348,125.9766,191.4673,2.0591,,
DATA,A001,1,4693,114334,-1.9408,0.5800,-0.0051,4.9438,94.5435,153.0762,2.0257,,
DATA,A001,1,4694,114344,-1.8022,0.3798,0.0962,-5.7983,40.7104,158.8745,1.8443,,
DATA,A001,1,4695,114354,-1.5436,0.0466,0.1885,-16.5405,-27.7100,138.5498,1.5558,,
DATA,A001,1,4696,114364,-1.3622,-0.1024,0.1724,-24.4141,-63.2324,102.4170,1.3769,,
DATA,A001,1,4697,114374,-1.4709,-0.2593,0.3399,-20.3247,-120.1782,85.0830,1.5317,,
DATA,A001,1,4698,114384,-1.5810,-0.2037,0.3963,-2.8076,-137.2681,69.7632,1.6425,,
DATA,A001,1,4699,114394,-1.4377,-0.1050,0.0994,-3.2959,-154.1138,50.6592,1.4449,,
DATA,A001,1,4700,114404,-1.1347,-0.1253,0.2049,-15.1367,-181.5186,65.3687,1.1598,,
DATA,A001,1,4701,114414,-0.4831,-0.2357,0.1575,-26.4282,-124.3896,72.1436,0.5601,,
DATA,A001,1,4702,114424,-0.1435,-0.2591,0.0022,-20.6299,-24.4141,69.7632,0.2962,,
DATA,A001,1,4703,114434,-0.1840,-0.2847,-0.2756,-17.5171,189.9414,91.3696,0.4369,,
DATA,A001,1,4704,114444,-0.6515,-0.3209,-0.2644,-22.5830,315.6738,98.8770,0.7729,,
DATA,A001,1,4705,114454,-1.3551,-0.2376,0.3260,-13.1226,329.4678,109.4971,1.4139,,
DATA,A001,1,4706,114464,-1.5370,0.1352,0.8201,-23.5596,204.5898,138.9160,1.7474,,
DATA,A001,1,4707,114474,-1.5075,0.3454,0.7059,-82.3975,-41.1987,118.0420,1.7000,,
DATA,A001,1,4708,114484,-1.2145,0.2849,0.7984,-101.5015,-140.6860,71.9604,1.4811,,
DATA,A001,1,4709,114494,-1.0746,0.1852,0.5667,-117.8589,-147.3999,51.0254,1.2289,,
DATA,A001,1,4710,114504,-1.1918,0.1157,0.3719,-121.1548,-114.1968,48.7671,1.2538,,
DATA,A001,1,4711,114514,-1.2807,0.0463,0.2986,-122.4976,-118.8965,61.7676,1.3158,,
DATA,A001,1,4712,114524,-1.0390,0.0390,0.1927,-115.8447,-157.6538,56.0913,1.0574,,
DATA,A001,1,4713,114534,-0.9184,-0.0047,0.0184,-105.8960,-179.6265,48.8281,0.9186,,
DATA,A001,1,4714,114544,-0.8180,-0.0435,-0.0686,-76.5381,-172.5464,43.5181,0.8220,,
DATA,A001,1,4715,114554,-0.8112,0.0139,0.0435,-50.2930,-134.2773,49.0723,0.8125,,
DATA,A001,1,4716,114564,-1.2731,0.2978,0.2747,-0.6104,-73.2422,52.3071,1.3360,,
DATA,A001,1,4717,114574,-1.5758,0.7397,0.4319,34.2407,-36.0718,29.1138,1.7936,,
DATA,A001,1,4718,114584,-1.7213,1.0512,0.3228,28.4424,-25.0854,21.7896,2.0426,,
DATA,A001,1,4719,114594,-1.7653,0.9313,0.3850,20.2026,-53.2837,42.7856,2.0327,,
DATA,A001,1,4720,114604,-1.9540,0.9201,0.5130,31.9214,-92.8955,43.3960,2.2199,,
DATA,A001,1,4721,114614,-2.1930,1.1061,0.5591,39.6729,-102.7832,21.4233,2.5190,,
DATA,A001,1,4722,114624,-2.3117,1.3703,0.5286,37.2925,-95.7642,-13.4277,2.7388,,
DATA,A001,1,4723,114634,-2.0063,1.2348,0.4183,22.8271,-82.3364,-14.5264,2.3926,,
DATA,A001,1,4724,114644,-1.5614,0.7856,0.3055,1.8921,-57.6172,-7.7515,1.7744,,
DATA,A001,1,4725,114654,-1.4787,0.5585,0.3147,1.7090,-40.2832,-14.1602,1.6117,,
DATA,A001,1,4726,114664,-1.5490,0.3652,0.3081,15.3809,-38.4521,-34.9731,1.6210,,
DATA,A001,1,4727,114674,-1.4738,0.3398,0.3182,25.4517,-57.9834,-50.9644,1.5455,,
DATA,A001,1,4728,114684,-1.2865,0.3412,0.3594,28.7476,-105.1025,-57.1289,1.3787,,
DATA,A001,1,4729,114694,-1.1430,0.3437,0.4080,26.6724,-134.1553,-59.5093,1.2613,,
DATA,A001,1,4730,114704,-0.8271,0.3305,0.4517,19.0430,-159.4238,-61.8896,0.9986,,
DATA,A001,1,4731,114714,-0.6501,0.2756,0.4529,12.2070,-164.0625,-57.1899,0.8388,,
DATA,A001,1,4732,114724,-0.5912,0.1203,0.4139,7.3853,-151.4893,-49.4995,0.7316,,
DATA,A001,1,4733,114734,-0.4696,0.1408,0.4908,5.6763,-131.8970,-54.7485,0.6937,,
DATA,A001,1,4734,114744,-0.3173,0.1562,0.4380,-3.7842,-106.8726,-40.7104,0.5630,,
DATA,A001,1,4735,114754,-0.2846,0.1188,0.4009,-2.8687,-88.7451,-31.4941,0.5058,,
DATA,A001,1,4736,114764,-0.1881,0.0761,0.3033,-1.0376,-49.1943,-26.6724,0.3649,,
DATA,A001,1,4737,114774,-0.1608,0.0139,0.2615,-1.6479,-20.8740,-18.1885,0.3073,,
DATA,A001,1,4738,114784,-0.1857,-0.0809,0.2105,3.2959,25.1465,-5.2490,0.2921,,
DATA,A001,1,4739,114794,-0.3026,-0.1182,0.2339,10.7422,51.3916,4.0283,0.4004,,
DATA,A001,1,4740,114804,-0.4635,-0.1168,0.2071,23.1934,82.9468,12.8174,0.5209,,
DATA,A001,1,4741,114814,-0.5014,-0.1141,0.1580,27.5879,91.9189,18.6157,0.5379,,
DATA,A001,1,4742,114824,-0.5627,-0.1417,0.1324,30.3955,98.6328,34.3018,0.5951,,
DATA,A001,1,4743,114834,-0.6115,-0.1526,0.1348,31.9214,102.4780,43.2129,0.6445,,
DATA,A001,1,4744,114844,-0.6508,-0.1671,0.1346,34.4849,101.6235,50.7812,0.6852,,
DATA,A001,1,4745,114854,-0.6942,-0.1710,0.1204,38.6963,90.1489,58.5327,0.7251,,
DATA,A001,1,4746,114864,-0.7089,-0.1595,0.1350,41.0156,79.1626,62.6221,0.7391,,
DATA,A001,1,4747,114874,-0.7404,-0.1207,0.1656,42.1753,59.6924,66.6504,0.7682,,
DATA,A001,1,4748,114884,-0.7389,-0.0989,0.1768,41.1987,46.8140,67.3218,0.7662,,
DATA,A001,1,4749,114894,-0.7162,-0.0858,0.2137,38.8184,23.9868,69.5190,0.7523,,
DATA,A001,1,4750,114904,-0.6930,-0.0760,0.2388,36.2549,9.3384,71.2891,0.7369,,
DATA,A001,1,4751,114914,-0.6562,-0.0526,0.2654,33.3252,-9.8877,71.0449,0.7098,,
DATA,A001,1,4752,114924,-0.6066,-0.0367,0.2539,31.1890,-19.3481,68.5425,0.6586,,
DATA,A001,1,4753,114934,-0.4933,-0.0257,0.2246,26.5503,-26.3672,63.2324,0.5427,,
DATA,A001,1,4754,114944,-0.4225,-0.0176,0.2090,22.3389,-26.7944,59.6924,0.4717,,
DATA,A001,1,4755,114954,-0.4267,0.0070,0.1880,17.9443,-24.1699,52.4902,0.4663,,
DATA,A001,1,4756,114964,-0.4523,0.0273,0.1768,16.2964,-21.3623,42.2974,0.4864,,
DATA,A001,1,4757,114974,-0.4557,0.0300,0.1543,12.0239,-22.5830,23.9258,0.4821,,
DATA,A001,1,4758,114984,-0.4323,0.0104,0.1504,7.5684,-24.2920,12.5122,0.4578,,
DATA,A001,1,4759,114994,-0.3647,-0.0416,0.1392,3.4180,-25.0244,-5.1880,0.3925,,
DATA,A001,1,4760,115004,-0.3109,-0.0782,0.1341,3.6011,-24.1699,-16.4795,0.3475,,
DATA,A001,1,4761,115014,-0.2472,-0.0994,0.1101,6.2866,-22.3999,-33.6914,0.2883,,
DATA,A001,1,4762,115024,-0.2065,-0.1124,0.1236,8.3618,-17.0288,-43.3960,0.2656,,
DATA,A001,1,4763,115034,-0.1498,-0.1197,0.0865,10.8643,-5.1880,-55.2979,0.2103,,
DATA,A001,1,4764,115044,-0.1266,-0.1512,0.0618,8.4839,5.9814,-59.8145,0.2067,,
DATA,A001,1,4765,115054,-0.1017,-0.2081,0.0381,6.2256,24.0479,-63.0493,0.2347,,
DATA,A001,1,4766,115064,-0.0959,-0.2459,0.0381,6.3477,35.0952,-60.2417,0.2667,,
DATA,A001,1,4767,115074,-0.1029,-0.2672,0.0245,8.5449,50.5371,-45.5933,0.2873,,
DATA,A001,1,4768,115084,-0.1098,-0.2791,0.0000,10.0708,59.2651,-29.3579,0.2999,,
DATA,A001,1,4769,115094,-0.1808,-0.2881,0.0403,10.1318,70.1904,1.2817,0.3426,,
DATA,A001,1,4770,115104,-0.1571,-0.2977,0.1121,9.7046,87.6465,18.6157,0.3548,,
DATA,A001,1,4771,115114,-0.0724,-0.2818,0.3086,10.2539,132.9346,42.9688,0.4242,,
DATA,A001,1,4772,115124,-0.0631,-0.2193,0.4446,8.7891,170.0439,72.3267,0.4998,,
DATA,A001,1,4773,115134,-0.1942,-0.0943,0.6189,-9.8877,219.9707,111.0840,0.6555,,
DATA,A001,1,4774,115144,-0.3263,-0.0088,0.5845,-31.9214,248.1689,127.9297,0.6695,,
DATA,A001,1,4775,115154,-0.4115,0.0412,0.3750,-69.2749,270.6299,143.3716,0.5583,,
DATA,A001,1,4776,115164,-0.3329,0.0292,0.2115,-91.0034,272.9492,152.8931,0.3955,,
DATA,A001,1,4777,115174,-0.2006,0.0200,0.0374,-107.7881,268.5547,164.4897,0.2050,,
DATA,A001,1,4778,115184,-0.0500,0.0280,-0.2187,-122.1313,255.3101,178.2227,0.2261,,
DATA,A001,1,4779,115194,-0.1801,0.0441,-0.3339,-120.6055,247.9248,179.4434,0.3820,,
DATA,A001,1,4780,115204,-0.7345,0.2116,-0.3540,-94.0552,257.1411,162.5366,0.8424,,
DATA,A001,1,4781,115214,-1.0463,0.4667,-0.1460,-70.1294,273.6206,140.0146,1.1549,,
DATA,A001,1,4782,115224,-1.3927,0.9526,0.0176,-78.1860,244.6289,109.1309,1.6874,,
DATA,A001,1,4783,115234,-1.5043,1.0151,-0.0424,-108.2764,201.4771,77.9419,1.8152,,
DATA,A001,1,4784,115244,-1.2939,0.8034,-0.2671,-122.1924,132.5684,29.4189,1.5462,,
DATA,A001,1,4785,115254,-1.0661,0.6328,-0.4611,-106.7505,91.5527,13.1226,1.3227,,
DATA,A001,1,4786,115264,-0.8346,0.3742,-0.6479,-73.3032,51.4526,-1.3428,1.1209,,
DATA,A001,1,4787,115274,-0.7631,0.2363,-0.6215,-43.6401,35.6445,-12.7563,1.0122,,
DATA,A001,1,4788,115284,-0.7406,0.1852,-0.4812,15.1978,21.9116,-34.1187,0.9024,,
DATA,A001,1,4789,115294,-0.7274,0.2687,-0.3772,56.6406,18.4326,-46.4478,0.8624,,
DATA,A001,1,4790,115304,-0.7223,0.4394,-0.2319,100.2808,9.2773,-51.8188,0.8767,,
DATA,A001,1,4791,115314,-0.7797,0.5016,-0.1486,111.6333,-11.2915,-50.7202,0.9390,,
DATA,A001,1,4792,115324,-0.8852,0.4946,-0.1696,106.9336,-63.1714,-57.4951,1.0281,,
DATA,A001,1,4793,115334,-0.9003,0.4228,-0.2473,101.4404,-100.1587,-67.1387,1.0249,,
DATA,A001,1,4794,115344,-0.8078,0.3566,-0.3415,103.8208,-150.1465,-72.9980,0.9467,,
DATA,A001,1,4795,115354,-0.7121,0.3723,-0.3740,108.5815,-176.3306,-72.2046,0.8863,,
DATA,A001,1,4796,115364,-0.5480,0.4328,-0.3427,114.6240,-186.9507,-78.4912,0.7779,,
DATA,A001,1,4797,115374,-0.4943,0.4704,-0.2629,117.1875,-175.3540,-85.9375,0.7312,,
DATA,A001,1,4798,115384,-0.5553,0.5043,-0.1023,115.2344,-133.6670,-99.4873,0.7571,,
DATA,A001,1,4799,115394,-0.6479,0.4909,0.0291,110.2295,-95.8252,-108.7646,0.8134,,
DATA,A001,1,4800,115404,-0.8974,0.4450,0.0049,99.2432,-52.6123,-116.7603,1.0017,,
DATA,A001,1,4801,115414,-1.0453,0.3603,-0.0024,94.0552,-42.0532,-123.0469,1.1057,,
DATA,A001,1,4802,115424,-1.1486,0.2343,0.0210,92.5903,-57.1289,-126.0986,1.1724,,
DATA,A001,1,4803,115434,-1.2045,0.2023,0.0616,95.3369,-77.6978,-126.7090,1.2229,,
DATA,A001,1,4804,115444,-1.2641,0.2477,0.1641,99.9756,-104.4312,-135.8032,1.2985,,
DATA,A001,1,4805,115454,-1.2787,0.2971,0.2298,97.4121,-118.7134,-144.8364,1.3327,,
DATA,A001,1,4806,115464,-1.2218,0.3166,0.3250,83.6792,-139.4653,-156.8604,1.3034,,
DATA,A001,1,4807,115474,-1.1620,0.2812,0.3836,72.7539,-154.4189,-161.0107,1.2556,,
DATA,A001,1,4808,115484,-1.0783,0.2314,0.4141,63.1104,-171.3867,-167.1143,1.1780,,
DATA,A001,1,4809,115494,-1.0111,0.1953,0.4153,61.9507,-177.1240,-171.4478,1.1104,,
DATA,A001,1,4810,115504,-1.0031,0.1779,0.4112,62.1338,-177.9175,-173.0957,1.0986,,
DATA,A001,1,4811,115514,-0.9740,0.2219,0.4551,64.2090,-168.8232,-173.4619,1.0978,,
DATA,A001,1,4812,115524,-0.9530,0.2597,0.4651,61.7065,-160.4614,-169.3115,1.0918,,
DATA,A001,1,4813,115534,-0.8803,0.2516,0.5227,57.2510,-105.1636,-176.6357,1.0543,,
DATA,A001,1,4814,115544,-0.9003,0.2311,0.5909,52.9175,-57.8003,-177.8564,1.1014,,
DATA,A001,1,4815,115554,-1.0727,0.1581,0.6018,39.7339,-25.3906,-156.5552,1.2401,,
DATA,A001,1,4816,115564,-1.3214,0.0883,0.5877,29.0527,-32.2876,-149.9634,1.4489,,
DATA,A001,1,4817,115574,-1.5829,0.0986,0.6497,25.8789,-53.0396,-159.7290,1.7139,,
DATA,A001,1,4818,115584,-1.6505,0.1735,0.7351,24.4141,-70.0073,-165.4663,1.8152,,
DATA,A001,1,4819,115594,-1.6366,0.2795,0.7066,13.7939,-90.3931,-175.0488,1.8044,,
DATA,A001,1,4820,115604,-1.4149,0.3024,0.7198,4.1504,-97.0459,-179.0771,1.6160,,
DATA,A001,1,4821,115614,-1.0839,0.1777,0.7710,-23.3154,-107.9712,-171.7529,1.3420,,
DATA,A001,1,4822,115624,-0.9814,0.0212,0.7442,-43.0298,-107.4829,-170.0439,1.2318,,
DATA,A001,1,4823,115634,-0.9228,-0.1629,0.7090,-56.8848,-94.2993,-168.2739,1.1750,,
DATA,A001,1,4824,115644,-1.0365,-0.2435,0.6565,-63.2935,-90.7593,-165.2832,1.2509,,
DATA,A001,1,4825,115654,-1.2958,-0.2925,0.6038,-72.5708,-107.7271,-159.9731,1.4592,,
DATA,A001,1,4826,115664,-1.3507,-0.3135,0.5384,-81.8481,-130.6763,-157.9590,1.4875,,
DATA,A001,1,4827,115674,-1.3097,-0.4063,0.4373,-101.0132,-172.6685,-151.9165,1.4393,,
DATA,A001,1,4828,115684,-1.2494,-0.4927,0.3514,-108.0322,-183.4717,-145.8130,1.3883,,
DATA,A001,1,4829,115694,-1.1454,-0.6021,0.2308,-103.7598,-152.4658,-137.3901,1.3144,,
DATA,A001,1,4830,115704,-1.1420,-0.6739,0.1766,-93.9331,-102.3560,-127.6855,1.3377,,
DATA,A001,1,4831,115714,-1.2541,-0.8018,0.1624,-76.5991,-13.0615,-108.3984,1.4973,,
DATA,A001,1,4832,115724,-1.3857,-0.8631,0.1602,-64.0259,36.8042,-96.7407,1.6403,,
DATA,A001,1,4833,115734,-1.6039,-0.9283,0.1709,-42.4194,78.9185,-80.5054,1.8610,,
DATA,A001,1,4834,115744,-1.6654,-0.9722,0.2288,-25.4517,89.9048,-71.5332,1.9420,,
DATA,A001,1,4835,115754,-1.6217,-1.0679,0.3472,-5.7373,83.4961,-67.3828,1.9726,,
DATA,A001,1,4836,115764,-1.5031,-1.1839,0.4436,6.3477,72.9980,-68.6035,1.9641,,
DATA,A001,1,4837,115774,-1.2770,-1.4146,0.5362,30.6396,63.1104,-74.2798,1.9797,,
DATA,A001,1,4838,115784,-1.1584,-1.4800,0.5337,52.0630,67.2607,-77.2705,1.9538,,
DATA,A001,1,4839,115794,-1.1154,-1.3804,0.5310,93.3228,94.9707,-72.6929,1.8525,,
DATA,A001,1,4840,115804,-1.1779,-1.2017,0.5401,113.6475,108.3984,-59.7534,1.7673,,
DATA,A001,1,4841,115814,-1.3129,-0.9749,0.5735,111.3281,100.4028,-36.8042,1.7329,,
DATA,A001,1,4842,115824,-1.3524,-0.9178,0.4956,85.8765,76.1108,-26.2451,1.7080,,
DATA,A001,1,4843,115834,-1.3332,-0.9405,0.3716,58.3496,48.0957,-14.0381,1.6733,,
DATA,A001,1,4844,115844,-1.2040,-0.9339,0.2088,37.7808,13.1836,9.9487,1.5380,,
DATA,A001,1,4845,115854,-1.0915,-0.8255,0.2002,40.2832,8.9111,28.6865,1.3831,,
DATA,A001,1,4846,115864,-1.0556,-0.5408,0.3050,52.1851,17.3340,61.5234,1.2246,,
DATA,A001,1,4847,115874,-1.0856,-0.3570,0.4583,55.2368,24.9634,78.4302,1.2313,,
DATA,A001,1,4848,115884,-1.0866,-0.1949,0.6902,43.3960,26.0010,91.4307,1.3019,,
DATA,A001,1,4849,115894,-1.0209,-0.1866,0.7933,28.0151,22.5220,96.2524,1.3063,,
DATA,A001,1,4850,115904,-0.9777,-0.2938,0.8370,13.7939,27.8931,104.1260,1.3201,,
DATA,A001,1,4851,115914,-1.0773,-0.3314,0.7610,20.9961,52.4292,104.4312,1.3600,,
DATA,A001,1,4852,115924,-1.2038,-0.2730,0.7417,48.4009,98.0225,106.9946,1.4401,,
DATA,A001,1,4853,115934,-1.2602,-0.1839,0.7693,58.8989,104.9194,115.6616,1.4878,,
DATA,A001,1,4854,115944,-1.2716,-0.1116,0.7676,54.0161,80.4443,118.7744,1.4896,,
DATA,A001,1,4855,115954,-1.2228,-0.1304,0.7351,45.1660,47.4854,118.1030,1.4327,,
DATA,A001,1,4856,115964,-1.1779,-0.1426,0.6827,37.5977,-8.1787,118.4692,1.3689,,
DATA,A001,1,4857,115974,-1.1647,-0.1155,0.6570,35.8276,-35.4004,114.0747,1.3422,,
DATA,A001,1,4858,115984,-1.0360,-0.0401,0.6155,30.6396,-55.0537,108.8257,1.2058,,
DATA,A001,1,4859,115994,-0.9650,-0.0101,0.5237,23.2544,-52.4902,107.9712,1.0980,,
DATA,A001,1,4860,116004,-0.9193,-0.0496,0.3123,13.3057,-13.6108,99.8535,0.9722,,
DATA,A001,1,4861,116014,-0.8876,-0.0889,0.1914,13.3667,29.2969,93.3838,0.9124,,
DATA,A001,1,4862,116024,-0.9118,-0.0967,0.1167,19.9585,85.6934,101.6846,0.9243,,
DATA,A001,1,4863,116034,-0.9525,-0.0684,0.0979,20.3857,112.1826,108.0933,0.9600,,
DATA,A001,1,4864,116044,-0.9840,-0.0401,0.1018,15.6250,133.6060,110.4126,0.9901,,
DATA,A001,1,4865,116054,-1.0146,-0.0279,0.0977,12.1460,137.8174,112.3657,1.0196,,
DATA,A001,1,4866,116064,-1.0487,-0.0323,0.0782,8.9722,138.9160,111.9995,1.0521,,
DATA,A001,1,4867,116074,-1.0854,-0.0479,0.1128,7.6294,134.3994,111.8164,1.0923,,
DATA,A001,1,4868,116084,-1.2094,-0.0516,0.1653,5.7983,120.1172,111.9995,1.2217,,
DATA,A001,1,4869,116094,-1.2690,-0.0215,0.2193,6.2866,106.3232,109.8022,1.2879,,
DATA,A001,1,4870,116104,-1.3085,0.0197,0.2867,1.8311,71.5942,108.6426,1.3397,,
DATA,A001,1,4871,116114,-1.2968,0.0136,0.3167,-6.8970,44.3726,107.1167,1.3350,,
DATA,A001,1,4872,116124,-1.2028,-0.0193,0.2928,-21.3623,8.0566,104.7363,1.2381,,
DATA,A001,1,4873,116134,-1.1181,-0.0340,0.2371,-27.7100,-10.8032,106.8726,1.1434,,
DATA,A001,1,4874,116144,-0.9506,-0.0172,0.1507,-34.0576,-29.5410,116.9434,0.9626,,
DATA,A001,1,4875,116154,-0.8190,0.0143,0.0975,-38.5742,-34.7290,127.1973,0.8249,,
DATA,A001,1,4876,116164,-0.6906,0.0424,0.0384,-42.8467,-32.4707,139.9536,0.6929,,
DATA,A001,1,4877,116174,-0.5319,0.0666,-0.0520,-45.2271,-16.2354,159.8511,0.5386,,
DATA,A001,1,4878,116184,-0.4552,0.0908,-0.0586,-42.1143,4.3335,172.8516,0.4679,,
DATA,A001,1,4879,116194,-0.3795,0.1816,-0.0720,-32.9590,46.0815,189.8804,0.4269,,
DATA,A001,1,4880,116204,-0.3698,0.2653,-0.0730,-26.9775,77.3926,199.8901,0.4609,,
DATA,A001,1,4881,116214,-0.3869,0.4047,-0.0441,-21.9727,120.4834,214.1113,0.5616,,
DATA,A001,1,4882,116224,-0.4037,0.4882,-0.0297,-23.4375,142.4561,221.7407,0.6342,,
DATA,A001,1,4883,116234,-0.3730,0.5463,-0.0341,-33.8135,166.8091,232.1777,0.6624,,
DATA,A001,1,4884,116244,-0.3395,0.5471,-0.0595,-41.6260,178.2837,240.4785,0.6466,,
DATA,A001,1,4885,116254,-0.2658,0.5204,-0.1626,-49.6216,188.2935,253.1128,0.6066,,
DATA,A001,1,4886,116264,-0.2538,0.5063,-0.2019,-52.4292,190.9790,259.0942,0.6012,,
DATA,A001,1,4887,116274,-0.2677,0.5334,-0.2194,-52.3682,194.0918,265.1978,0.6359,,
DATA,A001,1,4888,116284,-0.2768,0.5822,-0.2085,-51.8188,195.1904,267.3950,0.6775,,
DATA,A001,1,4889,116294,-0.3437,0.6733,-0.1982,-53.8330,195.8008,269.4702,0.7815,,
DATA,A001,1,4890,116304,-0.4257,0.7302,-0.1848,-57.8003,195.6177,268.3716,0.8652,,
DATA,A001,1,4891,116314,-0.5539,0.8120,-0.1118,-66.0400,192.1997,264.3433,0.9892,,
DATA,A001,1,4892,116324,-0.6447,0.8610,-0.0959,-74.4629,183.8379,261.9019,1.0799,,
DATA,A001,1,4893,116334,-0.7602,0.8781,-0.0774,-88.8062,157.8979,250.9766,1.1640,,
DATA,A001,1,4894,116344,-0.7851,0.8459,-0.0671,-99.7314,136.1084,243.4082,1.1560,,
DATA,A001,1,4895,116354,-0.7448,0.7326,-0.0937,-114.0137,109.6802,236.2671,1.0489,,
DATA,A001,1,4896,116364,-0.7216,0.6545,-0.1608,-116.3940,102.6611,231.9946,0.9874,,
DATA,A001,1,4897,116374,-0.6591,0.5866,-0.2863,-108.3374,107.3608,220.7031,0.9276,,
DATA,A001,1,4898,116384,-0.5356,0.5651,-0.3984,-101.4404,114.0747,212.4023,0.8746,,
DATA,A001,1,4899,116394,-0.4066,0.4931,-0.4309,-94.3604,115.2954,205.6274,0.7708,,
DATA,A001,1,4900,116404,-0.4252,0.4731,-0.3415,-85.5103,117.6147,195.8618,0.7220,,
DATA,A001,1,4901,116414,-0.5985,0.5561,-0.1799,-67.6270,118.5913,173.0347,0.8366,,
DATA,A001,1,4902,116424,-0.7331,0.6225,-0.0915,-62.1948,111.2061,155.0293,0.9661,,
DATA,A001,1,4903,116434,-0.8390,0.6594,0.0069,-70.6177,89.0503,130.4932,1.0671,,
DATA,A001,1,4904,116444,-0.8363,0.6059,0.0118,-81.9702,67.8711,117.2485,1.0328,,
DATA,A001,1,4905,116454,-0.7209,0.4492,-0.0695,-93.7500,31.0669,99.6704,0.8522,,
DATA,A001,1,4906,116464,-0.6344,0.3454,-0.0827,-92.8345,10.1318,87.4023,0.7271,,
DATA,A001,1,4907,116474,-0.5365,0.3244,0.0525,-77.9419,-1.4648,69.2139,0.6292,,
DATA,A001,1,4908,116484,-0.5124,0.3847,0.2134,-69.3359,-1.2207,58.2275,0.6753,,
DATA,A001,1,4909,116494,-0.5114,0.4702,0.4104,-73.1812,-5.3711,46.3257,0.8069,,
DATA,A001,1,4910,116504,-0.4298,0.6335,0.5091,-108.2153,-37.0483,34.6680,0.9194,,
DATA,A001,1,4911,116514,-0.3473,0.6806,0.3672,-145.7520,-73.4253,36.5601,0.8478,,
DATA,A001,1,4912,116524,-0.2797,0.6450,-0.0156,-187.0117,-115.2954,50.4761,0.7032,,
DATA,A001,1,4913,116534,-0.3534,0.6520,-0.1501,-191.1621,-123.4741,66.0400,0.7567,,
DATA,A001,1,4914,116544,-0.5761,0.8849,-0.1328,-177.4292,-111.5723,106.5063,1.0643,,
DATA,A001,1,4915,116554,-0.7262,1.0707,-0.1115,-177.8564,-94.4214,137.3291,1.2986,,
DATA,A001,1,4916,116564,-0.8400,1.2473,-0.0180,-186.7676,-36.8042,164.6729,1.5039,,
DATA,A001,1,4917,116574,-0.8029,1.2629,0.0198,-183.7769,32.0435,164.9780,1.4966,,
DATA,A001,1,4918,116584,-0.8205,1.1926,-0.0412,-162.1704,148.0103,141.7847,1.4481,,
DATA,A001,1,4919,116594,-0.8913,1.1232,-0.1257,-146.5454,204.2847,117.3096,1.4394,,
DATA,A001,1,4920,116604,-1.0607,1.0012,-0.1074,-122.2534,240.1733,80.9326,1.4625,,
DATA,A001,1,4921,116614,-1.1676,0.9304,-0.0051,-102.6611,241.3330,54.8096,1.4930,,
DATA,A001,1,4922,116624,-1.2870,0.8664,0.1780,-72.2656,231.0181,14.7095,1.5616,,
DATA,A001,1,4923,116634,-1.4010,0.8281,0.2630,-57.9224,211.1206,-10.0098,1.6486,,
DATA,A001,1,4924,116644,-1.5060,0.7294,0.3255,-46.2646,151.6113,-40.2222,1.7047,,
DATA,A001,1,4925,116654,-1.4794,0.6071,0.3340,-40.6494,95.7642,-53.1006,1.6336,,
DATA,A001,1,4926,116664,-1.3153,0.4638,0.2723,-26.6113,9.7046,-67.1387,1.4210,,
DATA,A001,1,4927,116674,-1.1745,0.4653,0.2344,-18.7378,-35.3394,-74.0967,1.2848,,
DATA,A001,1,4928,116684,-0.9418,0.4841,0.1902,-16.2354,-70.1904,-83.4961,1.0759,,
DATA,A001,1,4929,116694,-0.8295,0.4770,0.1368,-14.8315,-72.6929,-92.4683,0.9666,,
DATA,A001,1,4930,116704,-0.7309,0.4575,0.0672,-10.0708,-54.7485,-108.0933,0.8648,,
DATA,A001,1,4931,116714,-0.7087,0.4260,0.0391,-7.3242,-35.9497,-116.5771,0.8277,,
DATA,A001,1,4932,116724,-0.7155,0.3625,0.0264,-1.8311,-7.2632,-126.4648,0.8025,,
DATA,A001,1,4933,116734,-0.7365,0.3334,0.0198,5.0049,8.3008,-131.5918,0.8087,,
DATA,A001,1,4934,116744,-0.7355,0.3127,0.0218,16.4185,24.8413,-138.4277,0.7995,,
DATA,A001,1,4935,116754,-0.7209,0.2988,0.0267,23.3154,32.3486,-142.8833,0.7808,,
DATA,A001,1,4936,116764,-0.7084,0.2812,0.0332,33.0200,40.2222,-148.9868,0.7629,,
DATA,A001,1,4937,116774,-0.6833,0.2704,0.0254,39.7339,43.9453,-154.4189,0.7353,,
DATA,A001,1,4938,116784,-0.6330,0.2382,-0.0007,49.0112,43.5181,-162.2925,0.6763,,
DATA,A001,1,4939,116794,-0.5802,0.1979,-0.0053,55.1147,40.8936,-167.7856,0.6131,,
DATA,A001,1,4940,116804,-0.5260,0.1489,0.0174,64.4531,35.5225,-176.5137,0.5470,,
DATA,A001,1,4941,116814,-0.4928,0.1223,0.0364,69.3970,31.9214,-182.8003,0.5091,,
DATA,A001,1,4942,116824,-0.5116,0.0812,0.0955,75.7446,23.0103,-191.5283,0.5268,,
DATA,A001,1,4943,116834,-0.5187,0.0886,0.1192,79.5288,14.5264,-198.1201,0.5395,,
DATA,A001,1,4944,116844,-0.5126,0.1022,0.1153,81.6040,2.0142,-205.2002,0.5353,,
DATA,A001,1,4945,116854,-0.5219,0.1506,0.1009,82.5195,-19.2261,-214.7827,0.5525,,
DATA,A001,1,4946,116864,-0.5077,0.1962,0.0994,82.9468,-31.2500,-221.9849,0.5533,,
DATA,A001,1,4947,116874,-0.5077,0.2575,0.1097,78.9795,-44.4946,-233.9478,0.5798,,
DATA,A001,1,4948,116884,-0.5895,0.2839,0.1167,73.4253,-51.4526,-242.4927,0.6646,,
DATA,A001,1,4949,116894,-0.6720,0.3845,0.1292,66.8945,-55.5420,-260.6201,0.7849,,
DATA,A001,1,4950,116904,-0.6154,0.4404,0.1214,61.8896,-57.5562,-273.4985,0.7664,,
DATA,A001,1,4951,116914,-0.4870,0.4597,0.0965,49.6216,-48.7671,-285.9497,0.6766,,
DATA,A001,1,4952,116924,-0.3698,0.4333,0.0750,41.2598,-28.4424,-292.7246,0.5745,,
DATA,A001,1,4953,116934,-0.3075,0.3679,0.0508,33.4473,19.4702,-296.6919,0.4822,,
DATA,A001,1,4954,116944,-0.3337,0.3332,0.0364,32.4707,55.0537,-296.3867,0.4729,,
DATA,A001,1,4955,116954,-0.4071,0.2719,0.0213,31.7383,96.8018,-292.3584,0.4901,,
DATA,A001,1,4956,116964,-0.4923,0.2294,0.0086,33.7524,110.2905,-288.1470,0.5432,,
DATA,A001,1,4957,116974,-0.6134,0.1960,0.0215,44.1284,112.4268,-283.3252,0.6443,,
DATA,A001,1,4958,116984,-0.6249,0.1891,0.0530,52.0020,104.3701,-279.9683,0.6551,,
DATA,A001,1,4959,116994,-0.6071,0.1247,0.0867,57.3120,81.8481,-270.8130,0.6258,,
DATA,A001,1,4960,117004,-0.6076,0.0612,0.1138,59.9976,64.5752,-262.6343,0.6212,,
DATA,A001,1,4961,117014,-0.6339,-0.0179,0.1875,67.5659,38.4521,-246.2158,0.6613,,
DATA,A001,1,4962,117024,-0.6713,-0.0460,0.2229,70.7397,17.8833,-231.6895,0.7088,,
DATA,A001,1,4963,117034,-0.7616,-0.1036,0.2615,67.1387,-13.0005,-210.9985,0.8119,,
DATA,A001,1,4964,117044,-0.7953,-0.1597,0.2549,58.0444,-25.8789,-202.4536,0.8503,,
DATA,A001,1,4965,117054,-0.7445,-0.3282,0.2273,34.1797,-36.4380,-190.4907,0.8448,,
DATA,A001,1,4966,117064,-0.7799,-0.5049,0.2439,16.0522,-36.9263,-175.4761,0.9606,,
DATA,A001,1,4967,117074,-0.8937,-0.6666,0.1795,5.3711,-16.0522,-148.8647,1.1293,,
DATA,A001,1,4968,117084,-1.0116,-0.6536,0.0791,15.0146,2.3804,-130.7373,1.2070,,
DATA,A001,1,4969,117094,-1.3031,-0.4534,-0.0029,52.9175,30.8838,-105.2856,1.3798,,
DATA,A001,1,4970,117104,-1.5866,-0.1963,0.0325,81.8481,50.4150,-95.3979,1.5990,,
DATA,A001,1,4971,117114,-1.8703,0.2326,0.2217,100.8301,74.1577,-90.2710,1.8977,,
DATA,A001,1,4972,117124,-1.8937,0.4709,0.3142,90.0879,59.3262,-85.8765,1.9765,,
DATA,A001,1,4973,117134,-1.6982,0.4706,0.2730,48.7671,1.8921,-82.8247,1.7832,,
DATA,A001,1,4974,117144,-1.5004,0.2819,0.1814,32.8369,-26.2451,-92.1021,1.5374,,
DATA,A001,1,4975,117154,-1.3608,0.1232,0.0765,36.6211,-28.0151,-111.2671,1.3685,,
DATA,A001,1,4976,117164,-1.2897,-0.0064,-0.0632,61.2793,9.0942,-133.1177,1.2913,,
DATA,A001,1,4977,117174,-1.3437,-0.0452,-0.1074,79.4067,37.5366,-134.3384,1.3487,,
DATA,A001,1,4978,117184,-1.4611,-0.0367,-0.0891,101.1353,62.5610,-130.6763,1.4643,,
DATA,A001,1,4979,117194,-1.5392,-0.0184,-0.0686,108.8257,59.3262,-127.8076,1.5409,,
DATA,A001,1,4980,117204,-1.5678,-0.0652,0.0015,108.0933,41.9922,-124.3896,1.5691,,
DATA,A001,1,4981,117214,-1.5204,-0.1443,0.0594,101.7456,30.2734,-119.9341,1.5284,,
DATA,A001,1,4982,117224,-1.4831,-0.3338,0.1077,86.6089,19.5312,-111.3892,1.5240,,
DATA,A001,1,4983,117234,-1.4982,-0.4627,0.1092,76.8433,20.7520,-107.4829,1.5718,,
DATA,A001,1,4984,117244,-1.5756,-0.5738,0.0467,67.8711,34.3018,-103.8208,1.6775,,
DATA,A001,1,4985,117254,-1.6269,-0.5657,0.0093,69.4580,51.3916,-100.0366,1.7224,,
DATA,A001,1,4986,117264,-1.6789,-0.5115,0.0484,76.8433,93.5059,-92.7124,1.7557,,
DATA,A001,1,4987,117274,-1.6999,-0.4949,0.1180,76.4160,131.7139,-81.6650,1.7744,,
DATA,A001,1,4988,117284,-1.7838,-0.5474,0.1900,61.5845,197.2046,-59.3872,1.8756,,
DATA,A001,1,4989,117294,-1.9618,-0.6163,0.1692,49.6826,232.5439,-41.9922,2.0633,,
DATA,A001,1,4990,117304,-2.3002,-0.7283,0.1267,41.3818,260.3760,-19.6533,2.4161,,
DATA,A001,1,4991,117314,-2.4316,-0.7581,0.1487,39.7949,252.0142,-8.3618,2.5513,,
DATA,A001,1,4992,117324,-2.4301,-0.7613,0.2986,27.1606,183.4106,7.6294,2.5640,,
DATA,A001,1,4993,117334,-2.3275,-0.7349,0.3772,9.3384,105.4077,17.4561,2.4698,,
DATA,A001,1,4994,117344,-2.0751,-0.7755,0.4117,-33.5693,-21.8506,24.6582,2.2532,,
DATA,A001,1,4995,117354,-1.9020,-0.8851,0.3667,-59.8145,-91.9189,30.6396,2.1297,,
DATA,A001,1,4996,117364,-1.6481,-1.0223,0.2256,-78.1860,-163.6963,44.9829,1.9525,,
DATA,A001,1,4997,117374,-1.4906,-1.0069,0.1043,-74.8291,-188.6597,54.4434,1.8019,,
DATA,A001,1,4998,117384,-1.2282,-0.8448,-0.0564,-57.4951,-191.2231,65.9790,1.4917,,
DATA,A001,1,4999,117394,-1.0517,-0.7047,-0.1406,-47.3633,-173.8892,74.8291,1.2737,,
DATA,A001,1,5000,117404,-0.7841,-0.5123,-0.2524,-43.9453,-128.2349,88.2568,0.9700,,
DATA,A001,1,5001,117414,-0.6034,-0.4180,-0.3398,-46.4478,-85.3882,93.8721,0.8089,,
DATA,A001,1,5002,117424,-0.3778,-0.2982,-0.4267,-43.4570,-1.0376,104.0649,0.6432,,
DATA,A001,1,5003,117434,-0.2506,-0.1990,-0.4162,-33.6304,65.0024,115.3564,0.5250,,
DATA,A001,1,5004,117444,-0.1342,-0.0113,-0.4331,-19.3481,178.2227,130.5542,0.4535,,
DATA,A001,1,5005,117454,-0.1642,0.0778,-0.4687,-16.5405,247.5586,138.4888,0.5027,,
DATA,A001,1,5006,117464,-0.4337,0.0471,-0.3994,-23.2544,327.9419,152.4658,0.5915,,
DATA,A001,1,5007,117474,-0.7179,-0.0379,-0.2729,-24.9634,344.4824,166.0156,0.7690,,
DATA,A001,1,5008,117484,-1.0043,-0.1026,-0.1079,-24.2920,324.8291,178.0396,1.0153,,
DATA,A001,1,5009,117494,-1.2885,-0.0562,0.1509,-28.6865,231.0181,191.2231,1.2985,,
DATA,A001,1,5010,117504,-1.2975,0.0449,0.2354,-44.6167,142.4561,197.9370,1.3195,,
DATA,A001,1,5011,117514,-1.1606,0.1008,0.1651,-86.9141,21.1792,197.9370,1.1766,,
DATA,A001,1,5012,117524,-1.0468,0.0363,0.0796,-110.3516,-16.3574,197.1436,1.0504,,
DATA,A001,1,5013,117534,-1.0331,-0.0770,-0.0844,-106.5063,-17.3340,211.4868,1.0394,,
DATA,A001,1,5014,117544,-1.1691,-0.0831,-0.0774,-72.3877,-7.1411,230.5908,1.1746,,
DATA,A001,1,5015,117554,-1.4394,0.1425,0.1062,-17.4561,-17.7002,262.6343,1.4503,,
DATA,A001,1,5016,117564,-1.6562,0.4057,0.0830,-12.7563,-62.3779,278.1982,1.7071,,
DATA,A001,1,5017,117574,-1.8068,0.5925,-0.2963,-52.3071,-151.7334,256.3477,1.9244,,
DATA,A001,1,5018,117584,-1.6254,0.4614,-0.4660,-78.1250,-185.2417,227.5391,1.7527,,
DATA,A001,1,5019,117594,-1.1803,0.2079,-0.4719,-70.4346,-177.1240,210.8154,1.2881,,
DATA,A001,1,5020,117604,-0.9533,0.1569,-0.4148,-42.6025,-133.6060,208.8013,1.0514,,
DATA,A001,1,5021,117614,-0.7729,0.2953,-0.3269,4.7607,-38.6963,202.5146,0.8896,,
DATA,A001,1,5022,117624,-0.8283,0.4638,-0.3110,25.9399,19.8975,201.2329,0.9989,,
DATA,A001,1,5023,117634,-1.0981,0.6586,-0.2719,30.9448,63.4766,203.3691,1.3090,,
DATA,A001,1,5024,117644,-1.2348,0.7243,-0.2233,16.8457,54.5044,203.6743,1.4489,,
DATA,A001,1,5025,117654,-1.3039,0.6977,-0.2028,-20.9351,1.8311,200.9888,1.4926,,
DATA,A001,1,5026,117664,-1.2509,0.6196,-0.2605,-41.6260,-30.2124,194.0918,1.4200,,
DATA,A001,1,5027,117674,-1.0236,0.5468,-0.3559,-43.3960,-34.1797,181.0913,1.2138,,
DATA,A001,1,5028,117684,-0.8974,0.5749,-0.3786,-30.4565,-13.9771,179.1382,1.1310,,
DATA,A001,1,5029,117694,-0.8122,0.6933,-0.3249,-15.7471,27.0996,176.8799,1.1162,,
DATA,A001,1,5030,117704,-0.8127,0.7665,-0.2685,-16.7236,49.2554,173.5840,1.1490,,
DATA,A001,1,5031,117714,-0.8493,0.8044,-0.2197,-30.3955,62.9272,168.7012,1.1902,,
DATA,A001,1,5032,117724,-0.8510,0.7802,-0.2190,-41.5649,58.4106,166.3208,1.1751,,
DATA,A001,1,5033,117734,-0.8102,0.6916,-0.1943,-56.7017,39.3066,162.7808,1.0828,,
DATA,A001,1,5034,117744,-0.7748,0.6406,-0.1775,-64.1479,20.9351,162.1094,1.0209,,
DATA,A001,1,5035,117754,-0.6789,0.5988,-0.1626,-70.7397,-8.7280,162.1094,0.9197,,
DATA,A001,1,5036,117764,-0.5968,0.5942,-0.1608,-73.4863,-26.0010,162.5977,0.8574,,
DATA,A001,1,5037,117774,-0.4779,0.5776,-0.1630,-76.5991,-40.3442,165.6494,0.7672,,
DATA,A001,1,5038,117784,-0.4206,0.5681,-0.1630,-77.3315,-42.9688,170.1050,0.7254,,
DATA,A001,1,5039,117794,-0.3810,0.5493,-0.1528,-75.8667,-43.0298,177.7954,0.6857,,
DATA,A001,1,5040,117804,-0.3488,0.5414,-0.1430,-73.7305,-38.5132,181.9458,0.6598,,
DATA,A001,1,5041,117814,-0.3244,0.5368,-0.1193,-71.5332,-31.1890,185.8521,0.6385,,
DATA,A001,1,5042,117824,-0.2956,0.5380,-0.0947,-66.6504,-12.1460,192.1387,0.6211,,
DATA,A001,1,5043,117834,-0.2702,0.5441,-0.0935,-62.3779,5.4932,196.0449,0.6147,,
DATA,A001,1,5044,117844,-0.2524,0.5541,-0.0832,-55.2979,37.3535,201.5381,0.6146,,
DATA,A001,1,5045,117854,-0.2443,0.5676,-0.0859,-50.7202,61.4014,203.9185,0.6239,,
DATA,A001,1,5046,117864,-0.2377,0.5847,-0.0896,-42.4805,98.6938,206.6650,0.6375,,
DATA,A001,1,5047,117874,-0.2511,0.5856,-0.0913,-37.9028,122.1313,208.1299,0.6437,,
DATA,A001,1,5048,117884,-0.2777,0.5766,-0.1023,-33.9355,151.7944,208.1909,0.6481,,
DATA,A001,1,5049,117894,-0.2897,0.5678,-0.0962,-32.8979,166.4429,206.9092,0.6447,,
DATA,A001,1,5050,117904,-0.3136,0.5551,-0.0976,-30.8838,183.7158,203.6133,0.6450,,
DATA,A001,1,5051,117914,-0.3385,0.5471,-0.0830,-29.7241,189.3921,201.3550,0.6487,,
DATA,A001,1,5052,117924,-0.3847,0.5224,-0.0522,-30.3345,188.2935,197.3877,0.6508,,
DATA,A001,1,5053,117934,-0.4093,0.5029,-0.0307,-32.3486,180.6641,193.7256,0.6491,,
DATA,A001,1,5054,117944,-0.4289,0.4665,-0.0007,-35.0342,159.7900,186.5234,0.6337,,
DATA,A001,1,5055,117954,-0.4115,0.4379,0.0079,-36.6821,141.8457,180.4810,0.6010,,
DATA,A001,1,5056,117964,-0.3910,0.3874,0.0205,-39.9170,112.2437,170.5322,0.5508,,
DATA,A001,1,5057,117974,-0.3717,0.3705,0.0118,-40.8936,92.7124,163.5742,0.5250,,
DATA,A001,1,5058,117984,-0.2802,0.3369,-0.0478,-40.2832,62.5610,154.0527,0.4407,,
DATA,A001,1,5059,117994,-0.2084,0.3725,-0.1247,-38.3301,45.0439,150.1465,0.4447,,
DATA,A001,1,5060,118004,-0.1715,0.3732,-0.2563,-32.8979,20.3857,148.7427,0.4842,,
DATA,A001,1,5061,118014,-0.2306,0.3813,-0.2688,-20.9961,-7.8735,158.9355,0.5204,,
DATA,A001,1,5062,118024,-0.4367,0.5695,-0.1169,1.3428,-64.2700,176.5137,0.7271,,
DATA,A001,1,5063,118034,-0.5785,0.7433,-0.0319,3.7231,-110.2905,178.2837,0.9425,,
DATA,A001,1,5064,118044,-0.8039,1.0368,0.0186,-11.3525,-183.8989,175.7812,1.3121,,
DATA,A001,1,5065,118054,-0.9159,1.2292,0.0364,-26.9165,-224.7925,175.7202,1.5333,,
DATA,A001,1,5066,118064,-0.8866,1.3849,0.0310,-49.9268,-258.5449,169.7998,1.6447,,
DATA,A001,1,5067,118074,-0.7997,1.4096,-0.0549,-59.8145,-256.3477,160.2783,1.6216,,
DATA,A001,1,5068,118084,-0.5795,1.3730,-0.3032,-57.9834,-202.7588,140.1367,1.5208,,
DATA,A001,1,5069,118094,-0.4699,1.3239,-0.4162,-46.6919,-143.4937,120.1782,1.4652,,
DATA,A001,1,5070,118104,-0.3832,1.3105,-0.4267,-22.5220,-36.5601,88.4399,1.4305,,
DATA,A001,1,5071,118114,-0.3878,1.2968,-0.3786,-11.3525,34.4849,63.4155,1.4055,,
DATA,A001,1,5072,118124,-0.4711,1.2282,-0.2390,-3.1128,119.6289,23.8037,1.3370,,
DATA,A001,1,5073,118134,-0.4943,1.1640,-0.2441,-0.6104,155.4565,-2.9297,1.2879,,
DATA,A001,1,5074,118144,-0.5004,1.0756,-0.2304,4.1504,179.5044,-29.8462,1.2085,,
DATA,A001,1,5075,118154,-0.4850,0.9697,-0.1706,16.0522,198.6694,-63.5986,1.0975,,
DATA,A001,1,5076,118164,-0.4914,0.9289,-0.1191,24.2920,204.7119,-83.0078,1.0576,,
DATA,A001,1,5077,118174,-0.5363,0.8972,-0.0415,35.2783,199.8901,-106.9946,1.0460,,
DATA,A001,1,5078,118184,-0.5351,0.8847,-0.0288,40.7715,187.6221,-119.8120,1.0343,,
DATA,A001,1,5079,118194,-0.5104,0.8544,-0.0254,46.5698,157.6538,-134.0942,0.9956,,
DATA,A001,1,5080,118204,-0.4997,0.8432,-0.0232,49.4385,129.8828,-140.0146,0.9804,,
DATA,A001,1,5081,118214,-0.5180,0.8308,0.0144,51.5747,78.1250,-145.9351,0.9791,,
DATA,A001,1,5082,118224,-0.5370,0.8359,0.0454,51.6968,41.2598,-149.6582,0.9946,,
DATA,A001,1,5083,118234,-0.5255,0.8454,0.0174,48.2178,-13.7939,-152.5269,0.9956,,
DATA,A001,1,5084,118244,-0.4889,0.8395,-0.0136,45.8984,-48.2178,-151.6724,0.9716,,
DATA,A001,1,5085,118254,-0.4262,0.8308,-0.0717,41.8701,-95.7031,-149.1699,0.9364,,
DATA,A001,1,5086,118264,-0.4013,0.8176,-0.0837,39.6729,-118.5303,-150.7568,0.9146,,
DATA,A001,1,5087,118274,-0.4071,0.8369,-0.1091,40.9546,-134.2773,-152.7100,0.9370,,
DATA,A001,1,5088,118284,-0.4386,0.8593,-0.1254,42.1753,-140.5029,-154.1138,0.9729,,
DATA,A001,1,5089,118294,-0.4552,0.8618,-0.1877,41.1377,-143.8599,-161.4990,0.9925,,
DATA,A001,1,5090,118304,-0.4262,0.8398,-0.2148,41.6260,-138.3667,-169.7388,0.9659,,
DATA,A001,1,5091,118314,-0.3993,0.7934,-0.2519,45.7764,-117.4927,-181.8848,0.9233,,
DATA,A001,1,5092,118324,-0.4169,0.7687,-0.2495,50.7202,-97.1069,-191.1621,0.9094,,
DATA,A001,1,5093,118334,-0.4157,0.7512,-0.2107,62.1338,-63.6597,-206.4819,0.8840,,
DATA,A001,1,5094,118344,-0.4157,0.7399,-0.1882,68.7256,-42.7246,-216.0645,0.8693,,
DATA,A001,1,5095,118354,-0.3522,0.7087,-0.0927,77.3926,-13.4277,-229.4922,0.7968,,
DATA,A001,1,5096,118364,-0.1488,0.6911,-0.0175,80.9937,-0.3052,-236.8774,0.7072,,
DATA,A001,1,5097,118374,0.3285,0.5695,0.1636,70.4956,-13.3667,-220.6421,0.6775,,
DATA,A001,1,5098,118384,0.5948,0.2924,0.2046,46.3867,-42.5415,-204.2236,0.6937,,
DATA,A001,1,5099,118394,0.5741,-0.3021,0.1851,4.7607,-98.9990,-175.2319,0.6746,,
DATA,A001,1,5100,118404,0.4068,-0.4905,0.0479,8.7280,-127.8687,-140.0146,0.6391,,
DATA,A001,1,5101,118414,0.1419,-0.3712,-0.0459,70.6787,-169.2505,-72.2656,0.4000,,
DATA,A001,1,5102,118424,0.0960,-0.0919,0.1795,119.0796,-192.1997,-41.9922,0.2233,,
DATA,A001,1,5103,118434,0.0511,0.4890,0.3970,136.1084,-213.0737,-18.3105,0.6319,,
DATA,A001,1,5104,118444,-0.0502,0.7827,0.4302,106.4453,-230.7129,-1.4648,0.8945,,
DATA,A001,1,5105,118454,-0.2943,1.0654,0.3328,45.5933,-275.1465,22.8882,1.1543,,
DATA,A001,1,5106,118464,-0.4254,1.1877,0.1636,10.0708,-322.3267,21.6675,1.2722,,
DATA,A001,1,5107,118474,-0.4596,1.3239,0.0022,-13.0005,-378.4180,16.1133,1.4014,,
DATA,A001,1,5108,118484,-0.1986,1.4235,-0.1921,-37.8418,-450.1343,10.2539,1.4501,,
DATA,A001,1,5109,118494,0.1180,1.3813,-0.3256,-48.7061,-465.4541,6.3477,1.4241,,
DATA,A001,1,5110,118504,0.5001,1.3544,-0.4355,-51.3916,-413.5132,-2.3804,1.5081,,
DATA,A001,1,5111,118514,0.5601,0.9055,-0.5258,-61.4014,-349.6704,-19.2871,1.1875,,
DATA,A001,1,5112,118524,0.7069,1.3410,-0.3908,-23.8037,-248.1079,-6.0425,1.5655,,
DATA,A001,1,5113,118534,0.6356,1.2726,-0.3557,-25.6958,-169.0674,-12.2070,1.4663,,
DATA,A001,1,5114,118544,0.4727,1.2148,-0.2126,-12.2681,-60.7300,-37.5977,1.3208,,
DATA,A001,1,5115,118554,0.2596,1.2404,-0.1096,-1.0376,4.6997,-51.5137,1.2720,,
DATA,A001,1,5116,118564,-0.1281,1.2158,-0.0407,10.9863,76.8433,-65.1855,1.2232,,
DATA,A001,1,5117,118574,-0.4779,1.1804,0.0506,19.1040,106.9336,-80.8716,1.2745,,
DATA,A001,1,5118,118584,-0.9306,1.2272,-0.1858,34.5459,117.4927,-101.9287,1.5513,,
DATA,A001,1,5119,118594,-2.1501,1.3620,0.6536,40.5884,81.8481,-103.5156,2.6277,,
DATA,A001,1,5120,118604,-2.1359,1.9008,2.1053,-81.2988,304.1382,-307.9834,3.5507,,
DATA,A001,1,5121,118614,-3.0048,1.5908,1.7339,-137.3291,278.1372,-248.4131,3.8165,,
DATA,A001,1,5122,118624,-2.7428,0.8749,1.7015,-91.2476,51.4526,-182.0068,3.3442,,
DATA,A001,1,5123,118634,-1.9303,0.4631,0.7434,-105.3467,-40.1001,-224.1821,2.1197,,
DATA,A001,1,5124,118644,-0.9953,0.4992,0.0291,-84.7168,-110.4736,-238.2202,1.1138,,
DATA,A001,1,5125,118654,-0.6964,0.6328,-0.0651,-63.2324,-116.0278,-229.4922,0.9432,,
DATA,A001,1,5126,118664,-0.3495,0.5895,-0.0615,-54.9316,-119.3237,-201.6602,0.6881,,
DATA,A001,1,5127,118674,-0.1256,0.4540,-0.1045,-51.2085,-97.2290,-193.6035,0.4825,,
DATA,A001,1,5128,118684,-0.0028,0.3901,-0.0676,-22.2168,0.0610,-182.1899,0.3959,,
DATA,A001,1,5129,118694,-0.3849,0.5549,0.2215,9.5825,89.2944,-158.4473,0.7107,,
DATA,A001,1,5130,118704,-1.0678,0.9177,0.3038,42.2363,152.3438,-145.5688,1.4403,,
DATA,A001,1,5131,118714,-1.1999,0.9533,0.3345,38.7573,127.3193,-116.8823,1.5686,,
DATA,A001,1,5132,118724,-1.1781,0.6486,0.2906,4.3945,68.6035,-93.9941,1.3759,,
DATA,A001,1,5133,118734,-1.0924,0.4023,0.2132,-6.4697,44.8608,-92.9565,1.1835,,
DATA,A001,1,5134,118744,-1.0805,0.1891,0.1634,14.9536,35.7666,-100.7080,1.1090,,
DATA,A001,1,5135,118754,-1.1645,0.1635,0.1995,38.7573,44.3726,-102.8442,1.1927,,
DATA,A001,1,5136,118764,-1.2199,0.2321,0.1714,58.5327,49.0723,-96.9849,1.2535,,
DATA,A001,1,5137,118774,-1.3324,0.2495,0.0389,64.3311,27.5269,-90.3931,1.3561,,
DATA,A001,1,5138,118784,-1.5448,0.2285,-0.2463,64.7583,-24.6582,-83.0688,1.5809,,
DATA,A001,1,5139,118794,-1.6066,0.1750,-0.3313,70.9839,-75.7446,-82.7026,1.6497,,
DATA,A001,1,5140,118804,-1.4767,0.1176,-0.2212,81.1768,-120.6055,-79.2847,1.4978,,
DATA,A001,1,5141,118814,-0.8266,0.0388,0.1226,86.9141,-180.2979,-64.2700,0.8365,,
DATA,A001,1,5142,118824,-0.1825,-0.0877,0.4895,69.5801,-190.6738,-40.8936,0.5298,,
DATA,A001,1,5143,118834,-0.0612,-0.1817,0.7276,59.9976,-156.6772,-17.2729,0.7524,,
DATA,A001,1,5144,118844,-0.2790,-0.2147,0.9366,61.8896,-96.6797,10.5591,1.0005,,
DATA,A001,1,5145,118854,-1.0485,-0.0772,0.9136,81.2988,-1.2817,33.7524,1.3928,,
DATA,A001,1,5146,118864,-1.4352,0.0727,0.9327,84.6558,39.3066,40.8936,1.7132,,
DATA,A001,1,5147,118874,-1.8561,0.1530,0.5977,47.9736,66.4673,39.3066,1.9560,,
DATA,A001,1,5148,118884,-2.0468,-0.0142,0.3877,25.3906,85.6934,25.5127,2.0832,,
DATA,A001,1,5149,118894,-2.0568,-0.1675,0.2605,44.6777,116.7603,21.6064,2.0800,,
DATA,A001,1,5150,118904,-1.9225,-0.0648,0.1163,75.7446,109.8633,21.4233,1.9271,,
DATA,A001,1,5151,118914,-1.7179,0.2482,0.1209,109.0698,62.6221,23.9258,1.7400,,
DATA,A001,1,5152,118924,-1.3417,0.4689,0.2076,109.4360,44.1895,31.7993,1.4364,,
DATA,A001,1,5153,118934,-0.9176,0.6970,0.2212,105.7129,38.9404,58.7158,1.1734,,
DATA,A001,1,5154,118944,-0.7704,0.8847,0.2557,116.0889,45.3491,68.9697,1.2007,,
DATA,A001,1,5155,118954,-0.6911,1.1616,0.3811,112.8540,51.1475,77.4536,1.4043,,
DATA,A001,1,5156,118964,-0.7404,1.2040,0.3309,87.4634,37.6587,74.2798,1.4517,,
DATA,A001,1,5157,118974,-0.7262,0.8957,0.0848,30.8228,21.1792,56.6406,1.1562,,
DATA,A001,1,5158,118984,-0.6833,0.6674,-0.0864,11.8408,23.1934,55.6641,0.9590,,
DATA,A001,1,5159,118994,-0.8905,0.6640,-0.1916,31.8604,28.8696,57.6172,1.1272,,
DATA,A001,1,5160,119004,-1.0168,0.9985,-0.1713,52.2461,24.0479,63.4766,1.4353,,
DATA,A001,1,5161,119014,-0.7773,1.3915,0.0652,25.7568,-12.1460,71.4722,1.5952,,
DATA,A001,1,5162,119024,-0.4335,1.3139,0.0579,-22.5220,-18.4937,78.7964,1.3848,,
DATA,A001,1,5163,119034,-0.3034,0.8842,-0.1045,-67.3828,3.7842,89.5996,0.9406,,
DATA,A001,1,5164,119044,-0.3439,0.7541,-0.1318,-68.6646,42.3584,93.5669,0.8392,,
DATA,A001,1,5165,119054,-0.6559,0.7829,-0.1941,-59.0820,72.0825,108.3374,1.0396,,
DATA,A001,1,5166,119064,-0.8576,0.8759,-0.1596,-59.1431,83.2520,118.5913,1.2362,,
DATA,A001,1,5167,119074,-1.0280,0.8549,-0.2419,-75.3784,91.4917,131.7139,1.3587,,
DATA,A001,1,5168,119084,-1.2448,0.7316,-0.2192,-75.3174,76.8433,132.4463,1.4604,,
DATA,A001,1,5169,119094,-1.3371,0.5056,-0.2099,-65.0635,57.8003,127.1362,1.4448,,
DATA,A001,1,5170,119104,-1.3593,0.3266,-0.1943,-53.8940,32.9590,123.7793,1.4114,,
DATA,A001,1,5171,119114,-1.2799,0.1476,-0.0249,-36.4380,-5.0049,121.5210,1.2887,,
DATA,A001,1,5172,119124,-1.1462,0.1345,-0.0339,-19.2261,-30.7007,119.9951,1.1545,,
DATA,A001,1,5173,119134,-0.8981,0.2609,-0.0202,0.9155,-46.0815,120.4224,0.9355,,
DATA,A001,1,5174,119144,-0.5900,0.5207,-0.0610,10.4370,-40.5884,124.7559,0.7893,,
DATA,A001,1,5175,119154,-0.6059,0.6274,-0.1230,5.6763,-25.9399,129.3335,0.8808,,
DATA,A001,1,5176,119164,-1.0251,0.6469,-0.1435,-7.5684,-26.0010,123.5962,1.2206,,
DATA,A001,1,5177,119174,-1.2460,0.5468,-0.0249,-10.4980,-44.9219,119.5679,1.3609,,
DATA,A001,1,5178,119184,-1.2572,0.4531,-0.0498,13.3057,-87.7075,117.1875,1.3373,,
DATA,A001,1,5179,119194,-1.0766,0.5930,0.1153,36.3159,-114.9902,121.2769,1.2345,,
DATA,A001,1,5180,119204,-0.6816,0.8322,0.1663,53.8940,-145.6909,138.0005,1.0885,,
DATA,A001,1,5181,119214,-0.4765,0.9223,0.1404,64.4531,-148.3154,146.1792,1.0476,,
DATA,A001,1,5182,119224,-0.4323,0.9890,-0.0244,73.8525,-144.4702,154.1138,1.0796,,
DATA,A001,1,5183,119234,-0.5202,1.0248,-0.1836,83.6792,-139.1602,150.8789,1.1639,,
DATA,A001,1,5184,119244,-0.5714,1.1401,0.0833,97.4121,-134.4604,151.0620,1.2780,,
DATA,A001,1,5185,119254,-0.5158,1.0634,0.0076,104.5532,-143.2495,152.6489,1.1819,,
DATA,A001,1,5186,119264,-0.4494,1.0954,-0.0647,141.0522,-174.2554,145.9961,1.1858,,
DATA,A001,1,5187,119274,-0.3251,1.2734,-0.0210,158.3862,-191.3452,141.7236,1.3144,,
DATA,A001,1,5188,119284,0.0714,1.4240,-0.3230,160.2783,-212.0972,148.4985,1.4619,,
DATA,A001,1,5189,119294,0.5580,1.7233,-0.3454,157.1655,-247.3145,159.7900,1.8440,,
DATA,A001,1,5190,119304,0.3167,2.3635,0.2496,176.5747,-285.0342,173.8892,2.3976,,
DATA,A001,1,5191,119314,-0.0336,2.4504,0.5179,192.8101,-213.5620,136.9019,2.5047,,
DATA,A001,1,5192,119324,-0.3744,1.8173,0.7000,83.6182,-157.4097,137.1460,1.9831,,
DATA,A001,1,5193,119334,-0.2672,1.4662,0.5794,61.4014,-115.3564,120.2393,1.5991,,
DATA,A001,1,5194,119344,-0.2262,1.2145,0.1009,102.2339,-19.7144,90.3931,1.2395,,
DATA,A001,1,5195,119354,-0.1698,1.2438,0.1834,121.5210,56.5186,70.0073,1.2687,,
DATA,A001,1,5196,119364,-0.3725,1.3578,0.2850,104.2480,123.3521,62.0728,1.4366,,
DATA,A001,1,5197,119374,-0.5028,1.2153,0.2593,65.4297,132.3242,53.8330,1.3405,,
DATA,A001,1,5198,119384,-0.5873,0.8764,0.2745,20.5078,106.0181,40.1611,1.0901,,
DATA,A001,1,5199,119394,-0.6142,0.8083,0.3238,17.3340,79.0405,31.4331,1.0655,,
DATA,A001,1,5200,119404,-0.5605,0.9484,0.3899,15.9302,46.2036,29.9683,1.1686,,
DATA,A001,1,5201,119414,-0.4350,1.0285,0.3130,1.5869,35.2173,31.1890,1.1597,,
DATA,A001,1,5202,119424,-0.2851,1.0703,0.2767,-15.6250,40.9546,32.5928,1.1416,,
DATA,A001,1,5203,119434,-0.2328,1.1044,0.2351,-25.5737,61.0962,33.0200,1.1529,,
DATA,A001,1,5204,119444,-0.1835,1.0876,0.1687,-35.0952,91.1255,31.4331,1.1158,,
DATA,A001,1,5205,119454,-0.1352,1.0285,0.1187,-39.5508,111.7554,34.9731,1.0441,,
DATA,A001,1,5206,119464,-0.0976,0.9394,0.0830,-43.2129,133.3618,36.7432,0.9481,,
DATA,A001,1,5207,119474,-0.0656,0.8410,0.1084,-50.5981,165.1611,32.6538,0.8505,,
DATA,A001,1,5208,119484,-0.0480,0.7853,0.1248,-56.0303,184.5093,26.4893,0.7966,,
DATA,A001,1,5209,119494,-0.1352,0.7524,0.2549,-63.3545,204.2847,18.6157,0.8058,,
DATA,A001,1,5210,119504,-0.2121,0.7553,0.3233,-70.6177,218.4448,8.4839,0.8485,,
DATA,A001,1,5211,119514,-0.3337,0.6872,0.2964,-82.5806,231.5674,-10.3760,0.8194,,
DATA,A001,1,5212,119524,-0.3910,0.6174,0.2798,-87.8296,228.9429,-19.2871,0.7825,,
DATA,A001,1,5213,119534,-0.3988,0.5097,0.2456,-92.3462,215.3320,-31.8604,0.6923,,
DATA,A001,1,5214,119544,-0.3625,0.4387,0.2185,-92.5903,204.6509,-41.9312,0.6096,,
DATA,A001,1,5215,119554,-0.2790,0.3544,0.1875,-88.7451,193.2373,-55.2979,0.4885,,
DATA,A001,1,5216,119564,-0.2348,0.3325,0.1670,-84.8389,190.3687,-62.4390,0.4399,,
DATA,A001,1,5217,119574,-0.2375,0.3144,0.1265,-80.3833,188.2935,-72.1436,0.4138,,
DATA,A001,1,5218,119584,-0.2821,0.2953,0.0994,-78.5522,182.7393,-79.4067,0.4204,,
DATA,A001,1,5219,119594,-0.3798,0.2599,0.0804,-75.0122,160.7666,-90.0269,0.4672,,
DATA,A001,1,5220,119604,-0.4374,0.2487,0.0452,-72.3877,135.2539,-96.6797,0.5052,,
DATA,A001,1,5221,119614,-0.4814,0.2385,0.0423,-66.7114,81.9092,-104.7363,0.5388,,
DATA,A001,1,5222,119624,-0.4962,0.2477,0.0564,-62.3779,45.4712,-109.8633,0.5575,,
DATA,A001,1,5223,119634,-0.4840,0.2949,0.0567,-58.8379,-1.5259,-119.9951,0.5696,,
DATA,A001,1,5224,119644,-0.4689,0.3264,0.0535,-59.4482,-28.8696,-125.3052,0.5738,,
DATA,A001,1,5225,119654,-0.4345,0.3549,0.0047,-61.8286,-64.4531,-129.8218,0.5610,,
DATA,A001,1,5226,119664,-0.4035,0.3583,-0.0041,-63.1714,-83.8623,-131.2866,0.5396,,
DATA,A001,1,5227,119674,-0.3693,0.3720,-0.0168,-62.9883,-102.8442,-129.3335,0.5245,,
DATA,A001,1,5228,119684,-0.3173,0.3864,-0.0769,-60.7300,-108.1543,-126.2207,0.5059,,
DATA,A001,1,5229,119694,-0.2096,0.4335,-0.1645,-53.6499,-105.2246,-115.3564,0.5089,,
DATA,A001,1,5230,119704,-0.1364,0.4758,-0.2004,-47.0581,-93.5059,-101.5625,0.5340,,
DATA,A001,1,5231,119714,-0.0805,0.5246,-0.1992,-36.0107,-67.0166,-71.9604,0.5669,,
DATA,A001,1,5232,119724,-0.1176,0.5302,-0.1499,-29.1748,-41.0767,-54.9316,0.5634,,
DATA,A001,1,5233,119734,-0.2655,0.5336,-0.0395,-19.5312,11.6577,-38.3301,0.5974,,
DATA,A001,1,5234,119744,-0.3688,0.5197,0.0350,-14.1602,48.1567,-26.4282,0.6382,,
DATA,A001,1,5235,119754,-0.5338,0.4799,0.1424,-5.2490,92.8345,-4.5776,0.7318,,
DATA,A001,1,5236,119764,-0.6010,0.4633,0.2210,1.8311,117.6147,4.9438,0.7904,,
DATA,A001,1,5237,119774,-0.6574,0.4645,0.3216,7.5073,147.0947,9.8877,0.8668,,
DATA,A001,1,5238,119784,-0.7323,0.4672,0.3396,6.6528,158.5083,6.7139,0.9327,,
DATA,A001,1,5239,119794,-0.8380,0.4687,0.3282,5.6152,161.9263,-3.2349,1.0147,,
DATA,A001,1,5240,119804,-0.9743,0.5112,0.2930,5.8594,150.0854,-25.6348,1.1386,,
DATA,A001,1,5241,119814,-1.0453,0.5693,0.2220,1.4648,116.2109,-46.2036,1.2108,,
DATA,A001,1,5242,119824,-1.0241,0.5383,0.1770,-2.3193,83.7402,-58.1665,1.1704,,
DATA,A001,1,5243,119834,-0.9743,0.4863,0.1299,-2.9907,48.5229,-69.0308,1.0966,,
DATA,A001,1,5244,119844,-0.8581,0.4479,0.0518,3.4180,4.5166,-83.4351,0.9693,,
DATA,A001,1,5245,119854,-0.7939,0.4514,0.0501,8.1787,-17.2119,-89.9048,0.9146,,
DATA,A001,1,5246,119864,-0.7492,0.4724,0.0926,9.2773,-34.2407,-96.9849,0.8905,,
DATA,A001,1,5247,119874,-0.7133,0.4899,0.1348,7.2021,-36.3159,-101.6846,0.8758,,
DATA,A001,1,5248,119884,-0.6315,0.4931,0.1748,2.6245,-29.1748,-107.7881,0.8201,,
DATA,A001,1,5249,119894,-0.5587,0.4714,0.2083,-0.3052,-18.3716,-111.2671,0.7601,,
DATA,A001,1,5250,119904,-0.4772,0.4174,0.2339,-4.2114,5.2490,-116.3940,0.6758,,
DATA,A001,1,5251,119914,-0.4618,0.3749,0.2378,-5.7983,22.2168,-120.7886,0.6406,,
DATA,A001,1,5252,119924,-0.5097,0.3168,0.2759,-4.6997,46.6919,-127.4414,0.6605,,
DATA,A001,1,5253,119934,-0.5714,0.3188,0.3123,-2.5024,60.4248,-134.0332,0.7251,,
DATA,A001,1,5254,119944,-0.6767,0.3666,0.3804,-0.9766,71.0449,-143.1274,0.8585,,
DATA,A001,1,5255,119954,-0.7167,0.4008,0.3777,-0.8545,72.9370,-150.8179,0.9039,,
DATA,A001,1,5256,119964,-0.8090,0.4465,0.3684,-2.8076,64.3311,-162.8418,0.9948,,
DATA,A001,1,5257,119974,-0.8576,0.4536,0.3147,-4.8218,52.0020,-172.7905,1.0199,,
DATA,A001,1,5258,119984,-0.8852,0.4450,0.2532,-7.6294,21.3623,-189.3921,1.0226,,
DATA,A001,1,5259,119994,-0.8564,0.4199,0.2295,-10.5591,3.4180,-198.9746,0.9810,,
DATA,A001,1,5260,120004,-0.8366,0.3481,0.2425,-15.0757,-13.2446,-209.4116,0.9380,,
DATA,A001,1,5261,120014,-0.8590,0.3129,0.2381,-15.6250,-18.8599,-215.2710,0.9448,,
DATA,A001,1,5262,120024,-0.8991,0.2973,0.2256,-12.6953,-34.6069,-221.8018,0.9735,,
DATA,A001,1,5263,120034,-0.9218,0.3151,0.2166,-10.6201,-50.7202,-224.7925,0.9980,,
DATA,A001,1,5264,120044,-0.8317,0.3403,0.1726,-11.1084,-74.6460,-228.5156,0.9150,,
DATA,A001,1,5265,120054,-0.6891,0.3329,0.1988,-15.6860,-85.6934,-227.2949,0.7907,,
DATA,A001,1,5266,120064,-0.4547,0.2631,0.2112,-22.2168,-60.3638,-229.2480,0.5663,,
DATA,A001,1,5267,120074,-0.3441,0.2031,0.2442,-24.4751,-14.7705,-230.4077,0.4683,,
DATA,A001,1,5268,120084,-0.4025,0.1791,0.3050,-24.0479,64.6362,-227.4170,0.5358,,
DATA,A001,1,5269,120094,-0.5656,0.2106,0.3030,-19.4702,103.9429,-225.3418,0.6753,,
DATA,A001,1,5270,120104,-0.8229,0.2304,0.3250,-10.3149,111.3281,-225.0366,0.9143,,
DATA,A001,1,5271,120114,-0.8488,0.2380,0.3225,-4.3335,92.7734,-226.5625,0.9387,,
DATA,A001,1,5272,120124,-0.7834,0.2302,0.2781,-0.6104,59.9365,-225.9521,0.8625,,
DATA,A001,1,5273,120134,-0.6530,0.1501,0.2613,1.1597,-2.1362,-217.9565,0.7192,,
DATA,A001,1,5274,120144,-0.6054,0.0722,0.2405,3.1738,-42.6636,-211.4868,0.6554,,
DATA,A001,1,5275,120154,-0.6212,-0.0379,0.2447,12.5122,-91.7358,-207.8247,0.6688,,
DATA,A001,1,5276,120164,-0.6960,-0.0670,0.2666,20.8130,-115.7837,-204.4678,0.7483,,
DATA,A001,1,5277,120174,-0.8358,-0.0428,0.3064,32.2876,-143.1885,-198.4863,0.8913,,
DATA,A001,1,5278,120184,-0.8568,-0.0032,0.2989,36.9873,-158.8135,-190.1855,0.9075,,
DATA,A001,1,5279,120194,-0.8000,-0.0123,0.3011,38.6353,-176.4526,-170.9595,0.8548,,
DATA,A001,1,5280,120204,-0.7423,-0.0364,0.3155,39.7339,-182.8613,-157.5928,0.8074,,
DATA,A001,1,5281,120214,-0.6820,-0.0999,0.2923,46.5088,-176.0254,-146.7285,0.7487,,
DATA,A001,1,5282,120224,-0.6950,-0.1336,0.2979,55.6030,-161.5601,-140.5640,0.7678,,
DATA,A001,1,5283,120234,-0.6403,-0.1378,0.3814,73.1201,-129.0283,-129.0283,0.7579,,
DATA,A001,1,5284,120244,-0.5890,-0.1597,0.4654,83.8623,-101.7456,-119.0796,0.7675,,
DATA,A001,1,5285,120254,-0.6396,-0.1859,0.5223,98.9380,-49.8657,-105.2856,0.8464,,
DATA,A001,1,5286,120264,-0.7477,-0.1888,0.5545,107.2998,-23.4985,-95.5811,0.9498,,
DATA,A001,1,5287,120274,-0.9347,-0.2188,0.5940,111.9385,-21.7285,-76.7212,1.1289,,
DATA,A001,1,5288,120284,-1.0307,-0.2593,0.5747,109.5581,-45.8984,-63.7817,1.2083,,
DATA,A001,1,5289,120294,-0.9933,-0.2935,0.5635,104.3091,-87.4634,-55.7861,1.1791,,
DATA,A001,1,5290,120304,-0.8940,-0.2859,0.5367,101.1353,-104.3701,-50.2930,1.0812,,
DATA,A001,1,5291,120314,-0.7965,-0.2921,0.4817,95.4590,-88.7451,-46.1426,0.9756,,
DATA,A001,1,5292,120324,-0.8134,-0.2867,0.4214,91.6138,-52.0020,-46.1426,0.9599,,
DATA,A001,1,5293,120334,-0.9442,-0.2950,0.2996,84.5337,11.1694,-44.0063,1.0336,,
DATA,A001,1,5294,120344,-1.0973,-0.3199,0.2366,74.7681,42.2363,-39.7949,1.1672,,
DATA,A001,1,5295,120354,-1.3539,-0.3914,0.1912,47.6685,67.6270,-36.1328,1.4223,,
DATA,A001,1,5296,120364,-1.5334,-0.4649,0.2046,26.5503,67.1387,-35.8276,1.6153,,
DATA,A001,1,5297,120374,-1.7392,-0.4827,0.2286,5.8594,45.5322,-39.0625,1.8193,,
DATA,A001,1,5298,120384,-1.7804,-0.4056,0.2217,-5.1880,26.7334,-48.0347,1.8395,,
DATA,A001,1,5299,120394,-1.6364,-0.2994,0.1731,-26.6113,2.5024,-58.9600,1.6725,,
DATA,A001,1,5300,120404,-1.5172,-0.3443,0.1036,-37.2314,-11.4136,-57.9224,1.5593,,
DATA,A001,1,5301,120414,-1.3456,-0.4859,-0.3237,6.4697,15.8081,-53.3447,1.4668,,
DATA,A001,1,5302,120424,-0.9379,-0.5462,0.0706,145.6909,69.7632,-24.7192,1.0876,,
DATA,A001,1,5303,120434,-0.6442,0.1933,1.1238,350.9521,93.5059,110.4736,1.3097,,
DATA,A001,1,5304,120444,-0.9418,0.6508,1.5467,351.4404,85.6934,152.7100,1.9243,,
DATA,A001,1,5305,120454,-1.6545,0.6044,2.0205,235.2295,56.2134,161.7432,2.6805,,
DATA,A001,1,5306,120464,-1.8605,0.4050,2.2325,170.1050,17.2119,163.6963,2.9342,,
DATA,A001,1,5307,120474,-1.9054,0.2900,2.1004,129.5166,-21.9116,151.4282,2.8507,,
DATA,A001,1,5308,120484,-1.9728,0.2248,1.7398,69.3970,-38.0249,124.8169,2.6400,,
DATA,A001,1,5309,120494,-1.9716,0.1513,1.5066,23.1323,-12.2070,115.1733,2.4860,,
DATA,A001,1,5310,120504,-2.0443,-0.0914,1.2017,-35.3394,35.8276,103.6377,2.3731,,
DATA,A001,1,5311,120514,-2.0375,-0.2862,1.0638,-58.4106,51.0864,85.3271,2.3162,,
DATA,A001,1,5312,120524,-1.8329,-0.4847,0.8204,-61.5845,63.5986,59.8755,2.0658,,
DATA,A001,1,5313,120534,-1.7387,-0.5489,0.6858,-51.5747,55.7861,52.7954,1.9480,,
DATA,A001,1,5314,120544,-1.6252,-0.5486,0.5242,-37.2925,36.9873,53.0396,1.7936,,
DATA,A001,1,5315,120554,-1.4372,-0.4988,0.4229,-28.4424,46.2646,52.7954,1.5790,,
DATA,A001,1,5316,120564,-1.2287,-0.4547,0.2434,-11.9629,79.5288,55.6030,1.3325,,
DATA,A001,1,5317,120574,-1.1972,-0.4654,0.1617,1.6479,105.9570,52.1851,1.2946,,
DATA,A001,1,5318,120584,-1.2856,-0.4542,0.2798,22.9492,111.0229,42.4194,1.3918,,
DATA,A001,1,5319,120594,-1.4186,-0.3614,0.4231,34.7290,81.6040,44.1895,1.5238,,
DATA,A001,1,5320,120604,-1.7013,-0.1236,0.5342,40.4053,-8.7280,49.3164,1.7875,,
DATA,A001,1,5321,120614,-1.7458,0.0317,0.5271,32.8979,-69.1528,36.1938,1.8239,,
DATA,A001,1,5322,120624,-1.4689,0.1547,0.5303,11.8408,-126.8311,16.0522,1.5693,,
DATA,A001,1,5323,120634,-1.1874,0.1425,0.5267,-1.7700,-134.8267,9.8877,1.3068,,
DATA,A001,1,5324,120644,-0.9096,0.0302,0.5606,-15.5640,-112.6709,2.1973,1.0689,,
DATA,A001,1,5325,120654,-0.7992,-0.0272,0.5640,-17.3340,-84.7168,-3.5400,0.9786,,
DATA,A001,1,5326,120664,-0.7304,-0.0301,0.5513,-11.1694,-40.2832,-6.3477,0.9156,,
DATA,A001,1,5327,120674,-0.6916,0.0163,0.5354,-7.3853,-18.1274,-4.2725,0.8748,,
DATA,A001,1,5328,120684,-0.6115,0.1144,0.5430,-11.2305,4.1504,4.6997,0.8258,,
DATA,A001,1,5329,120694,-0.5470,0.1752,0.5498,-17.9443,24.1089,8.1177,0.7952,,
DATA,A001,1,5330,120704,-0.4945,0.2101,0.4913,-31.2500,64.8804,16.7847,0.7281,,
DATA,A001,1,5331,120714,-0.5404,0.2028,0.3919,-36.6821,88.9282,26.1230,0.6977,,
DATA,A001,1,5332,120724,-0.7035,0.2143,0.3387,-34.8511,107.2388,38.2690,0.8097,,
DATA,A001,1,5333,120734,-0.7494,0.2697,0.3128,-30.3955,116.0889,44.5557,0.8557,,
DATA,A001,1,5334,120744,-0.7770,0.3537,0.3147,-28.9917,128.2349,54.0161,0.9099,,
DATA,A001,1,5335,120754,-0.7958,0.3676,0.3077,-32.7148,136.1084,60.2417,0.9290,,
DATA,A001,1,5336,120764,-0.8300,0.3571,0.3116,-36.3770,140.8691,71.7163,0.9558,,
DATA,A001,1,5337,120774,-0.8478,0.3449,0.3106,-36.1328,132.2021,79.5898,0.9665,,
DATA,A001,1,5338,120784,-0.8451,0.3381,0.3040,-35.3394,111.9385,88.3789,0.9597,,
DATA,A001,1,5339,120794,-0.7887,0.3464,0.2771,-33.4473,71.4111,101.3794,0.9049,,
DATA,A001,1,5340,120804,-0.7548,0.3635,0.2542,-30.8228,47.1191,110.1685,0.8755,,
DATA,A001,1,5341,120814,-0.7609,0.4111,0.2073,-23.4375,26.7944,121.0327,0.8893,,
DATA,A001,1,5342,120824,-0.9018,0.4946,0.1360,-13.2446,26.9165,126.2817,1.0374,,
DATA,A001,1,5343,120834,-0.9362,0.5612,0.1263,-7.1411,34.9731,125.6714,1.0988,,
DATA,A001,1,5344,120844,-0.9181,0.6074,0.1275,-5.5542,43.0908,128.7231,1.1082,,
DATA,A001,1,5345,120854,-0.8676,0.6042,0.1206,-12.6953,55.4199,135.4370,1.0641,,
DATA,A001,1,5346,120864,-0.8334,0.5568,0.1055,-20.0806,64.1479,138.0615,1.0078,,
DATA,A001,1,5347,120874,-0.8080,0.4572,0.1077,-26.3672,77.3926,141.4185,0.9346,,
DATA,A001,1,5348,120884,-0.8066,0.4052,0.1153,-27.6489,83.0688,144.8975,0.9100,,
DATA,A001,1,5349,120894,-0.7941,0.3476,0.1192,-26.5503,84.4727,152.8931,0.8750,,
DATA,A001,1,5350,120904,-0.7597,0.3339,0.1206,-24.9023,81.7261,160.7666,0.8386,,
DATA,A001,1,5351,120914,-0.7401,0.3298,0.0652,-24.2310,80.7495,173.7061,0.8129,,
DATA,A001,1,5352,120924,-0.7394,0.3552,-0.0073,-22.3999,92.4683,176.9409,0.8203,,
DATA,A001,1,5353,120934,-0.7392,0.4467,-0.0571,-10.0098,124.0234,181.2744,0.8656,,
DATA,A001,1,5354,120944,-0.7848,0.5363,-0.0844,-1.7090,142.6392,187.4390,0.9543,,
DATA,A001,1,5355,120954,-0.8861,0.6442,-0.0827,-1.2207,160.8276,189.9414,1.0987,,
DATA,A001,1,5356,120964,-0.9425,0.6757,-0.0656,-6.9580,162.9028,189.4531,1.1616,,
DATA,A001,1,5357,120974,-0.9482,0.6638,-0.0363,-18.0054,149.3530,191.3452,1.1580,,
DATA,A001,1,5358,120984,-0.8952,0.6164,-0.0183,-24.6582,133.7891,194.0308,1.0870,,
DATA,A001,1,5359,120994,-0.7824,0.5436,-0.0007,-31.0059,115.0513,199.5850,0.9527,,
DATA,A001,1,5360,121004,-0.7184,0.5119,0.0017,-32.7148,107.5439,204.0405,0.8821,,
DATA,A001,1,5361,121014,-0.6415,0.4941,-0.0102,-32.1655,101.6235,212.1582,0.8098,,
DATA,A001,1,5362,121024,-0.6056,0.4997,-0.0168,-29.9072,98.0835,219.1772,0.7853,,
DATA,A001,1,5363,121034,-0.5573,0.5107,-0.0197,-26.3672,93.8721,230.8350,0.7561,,
DATA,A001,1,5364,121044,-0.5102,0.5156,-0.0327,-24.4751,93.3838,238.1592,0.7260,,
DATA,A001,1,5365,121054,-0.4269,0.5131,-0.0654,-21.1792,96.1304,248.5962,0.6707,,
DATA,A001,1,5366,121064,-0.3881,0.5124,-0.0734,-16.5405,99.9146,254.8828,0.6470,,
DATA,A001,1,5367,121074,-0.3664,0.5646,-0.0642,-6.0425,108.8867,260.9253,0.6761,,
DATA,A001,1,5368,121084,-0.3576,0.6205,-0.0678,0.9766,116.6992,262.2070,0.7194,,
DATA,A001,1,5369,121094,-0.3622,0.7250,-0.0556,6.7749,130.6763,263.1226,0.8124,,
DATA,A001,1,5370,121104,-0.3461,0.7834,-0.0551,6.8970,142.0898,263.2446,0.8582,,
DATA,A001,1,5371,121114,-0.3378,0.8259,-0.0554,4.6997,154.6631,262.6953,0.8940,,
DATA,A001,1,5372,121124,-0.3371,0.8581,-0.0559,-1.2817,174.0112,261.7188,0.9236,,
DATA,A001,1,5373,121134,-0.3451,0.8698,-0.0549,-6.9580,185.4858,260.8032,0.9374,,
DATA,A001,1,5374,121144,-0.3349,0.8676,-0.0649,-14.4043,197.8149,259.4604,0.9323,,
DATA,A001,1,5375,121154,-0.3136,0.8671,-0.0869,-18.0664,200.4395,259.8877,0.9262,,
DATA,A001,1,5376,121164,-0.2943,0.8666,-0.0910,-22.3999,199.7681,258.8501,0.9198,,
DATA,A001,1,5377,121174,-0.2983,0.8847,-0.0971,-24.6582,196.2280,258.7891,0.9387,,
DATA,A001,1,5378,121184,-0.3510,0.9553,-0.0734,-28.0762,183.5327,255.9204,1.0203,,
DATA,A001,1,5379,121194,-0.3852,1.0002,-0.0659,-32.2876,169.1284,252.5635,1.0738,,
DATA,A001,1,5380,121204,-0.4252,1.0649,-0.0749,-39.7339,139.4653,245.6665,1.1491,,
DATA,A001,1,5381,121214,-0.4342,1.0820,-0.0822,-45.4102,116.5161,239.8682,1.1688,,
DATA,A001,1,5382,121224,-0.4352,1.0912,-0.0976,-52.6123,82.3975,228.8818,1.1789,,
DATA,A001,1,5383,121234,-0.4291,1.0712,-0.1096,-56.0303,61.0352,221.4355,1.1592,,
DATA,A001,1,5384,121244,-0.3983,1.0153,-0.1257,-59.4482,31.9214,208.0078,1.0979,,
DATA,A001,1,5385,121254,-0.3876,0.9743,-0.1289,-58.3496,15.1978,197.5708,1.0565,,
DATA,A001,1,5386,121264,-0.3673,0.9460,-0.1228,-50.2319,-8.2397,182.0679,1.0222,,
DATA,A001,1,5387,121274,-0.3576,0.9406,-0.0993,-43.1519,-23.6206,170.5322,1.0112,,
DATA,A001,1,5388,121284,-0.3432,0.9291,-0.0625,-34.5459,-43.0298,151.1841,0.9925,,
DATA,A001,1,5389,121294,-0.3256,0.9174,-0.0429,-30.8228,-53.4058,137.8174,0.9744,,
DATA,A001,1,5390,121304,-0.2924,0.8879,-0.0144,-25.8789,-62.7441,118.1030,0.9349,,
DATA,A001,1,5391,121314,-0.2841,0.8762,-0.0019,-22.5830,-64.9414,104.4922,0.9211,,
DATA,A001,1,5392,121324,-0.2790,0.8557,0.0052,-16.7847,-62.0117,84.0454,0.9000,,
DATA,A001,1,5393,121334,-0.2746,0.8598,-0.0034,-11.4746,-57.8613,71.1060,0.9026,,
DATA,A001,1,5394,121344,-0.2663,0.8771,-0.0158,-5.7983,-50.5371,52.0630,0.9168,,
DATA,A001,1,5395,121354,-0.2516,0.8908,-0.0258,-4.2725,-44.6167,39.8560,0.9260,,
DATA,A001,1,5396,121364,-0.2343,0.9045,-0.0395,-3.2349,-33.1421,22.7051,0.9352,,
DATA,A001,1,5397,121374,-0.2311,0.9099,-0.0437,-2.0142,-24.4141,12.2070,0.9398,,
DATA,A001,1,5398,121384,-0.2287,0.9221,-0.0446,0.1221,-10.8032,-2.9907,0.9510,,
DATA,A001,1,5399,121394,-0.2318,0.9291,-0.0412,1.2817,-2.3804,-12.9395,0.9585,,
DATA,A001,1,5400,121404,-0.2311,0.9516,-0.0400,1.8921,9.2773,-27.4658,0.9801,,
DATA,A001,1,5401,121414,-0.2255,0.9645,-0.0420,1.8921,16.8457,-36.6211,0.9914,,
DATA,A001,1,5402,121424,-0.2311,0.9792,-0.0473,0.9155,27.7710,-49.6216,1.0072,,
DATA,A001,1,5403,121434,-0.2375,0.9726,-0.0459,-0.1831,33.6304,-57.6172,1.0022,,
DATA,A001,1,5404,121444,-0.2460,0.9601,-0.0461,-1.5259,37.6587,-65.1245,0.9922,,
DATA,A001,1,5405,121454,-0.2484,0.9399,-0.0507,-2.5024,41.4429,-76.2329,0.9735,,
DATA,A001,1,5406,121464,-0.2436,0.9308,-0.0549,-2.3804,43.8843,-83.4351,0.9637,,
DATA,A001,1,5407,121474,-0.2306,0.9394,-0.0627,-0.7935,49.4385,-94.1772,0.9693,,
DATA,A001,1,5408,121484,-0.2282,0.9562,-0.0671,0.5493,54.0161,-100.8301,0.9854,,
DATA,A001,1,5409,121494,-0.2160,0.9626,-0.0654,1.2207,60.0586,-110.7788,0.9887,,
DATA,A001,1,5410,121504,-0.2196,0.9487,-0.0625,0.4883,63.2935,-117.6147,0.9758,,
DATA,A001,1,5411,121514,-0.2294,0.9306,-0.0539,2.4414,66.2231,-128.2349,0.9600,,
DATA,A001,1,5412,121524,-0.2370,0.9326,-0.0339,6.5308,66.6504,-134.8267,0.9628,,
DATA,A001,1,5413,121534,-0.2526,0.9904,-0.0109,14.3433,64.9414,-145.6299,1.0222,,
DATA,A001,1,5414,121544,-0.2575,1.0627,-0.0017,20.2637,61.5845,-153.3813,1.0934,,
DATA,A001,1,5415,121554,-0.2279,1.1933,-0.0305,28.2593,55.0537,-164.0015,1.2153,,
DATA,A001,1,5416,121564,-0.1271,1.2631,-0.0659,31.4331,52.4292,-170.2881,1.2712,,
DATA,A001,1,5417,121574,0.2240,1.2888,-0.1728,29.2358,61.2183,-173.4009,1.3194,,
DATA,A001,1,5418,121584,0.5733,1.2346,-0.2124,23.9258,70.7397,-164.6118,1.3777,,
DATA,A001,1,5419,121594,0.6070,1.0710,-0.0529,18.9209,65.3687,-108.5205,1.2322,,
DATA,A001,1,5420,121604,0.2772,0.9526,-0.0202,15.9912,51.2085,-62.8052,0.9923,,
DATA,A001,1,5421,121614,-0.2521,0.8071,0.0884,5.9204,-23.5596,-30.5786,0.8501,,
DATA,A001,1,5422,121624,-0.4318,0.8322,0.2569,1.4038,-90.6372,-17.5171,0.9721,,
DATA,A001,1,5423,121634,-0.2660,1.0168,0.3733,-0.2441,-188.1104,5.3101,1.1153,,
DATA,A001,1,5424,121644,0.0401,1.1213,0.3636,-2.5635,-221.9849,15.6250,1.1794,,
DATA,A001,1,5425,121654,0.4918,1.1848,0.2718,-11.9629,-193.3594,9.7656,1.3112,,
DATA,A001,1,5426,121664,0.6112,1.1464,0.2110,-25.3296,-128.9062,-0.6714,1.3162,,
DATA,A001,1,5427,121674,0.5147,0.9694,0.1248,-42.6025,-15.5029,-12.2681,1.1047,,
DATA,A001,1,5428,121684,0.3263,0.8537,0.1004,-32.5928,30.2124,-15.3198,0.9194,,
DATA,A001,1,5429,121694,0.0479,0.8112,0.1048,-1.7090,50.3540,-22.5830,0.8194,,
DATA,A001,1,5430,121704,-0.0529,0.8815,0.0970,15.1978,41.0156,-32.0435,0.8884,,
DATA,A001,1,5431,121714,-0.0109,1.0322,0.0530,25.4517,23.4985,-48.8281,1.0336,,
DATA,A001,1,5432,121724,0.0570,1.1027,0.0315,23.9868,15.1978,-53.9551,1.1046,,
DATA,A001,1,5433,121734,0.1366,1.1144,-0.0004,18.6157,13.6719,-52.1851,1.1228,,
DATA,A001,1,5434,121744,0.1331,1.0803,-0.0129,17.0288,15.2588,-47.5464,1.0885,,
DATA,A001,1,5435,121754,0.0724,1.0402,-0.0202,19.6533,12.6343,-38.3301,1.0429,,
DATA,A001,1,5436,121764,0.0245,1.0361,-0.0324,21.3013,6.9580,-31.7993,1.0369,,
DATA,A001,1,5437,121774,-0.0382,1.0453,-0.0434,22.2168,-0.2441,-25.1465,1.0469,,
DATA,A001,1,5438,121784,-0.1369,1.0695,-0.0739,19.7754,-10.2539,-16.2964,1.0808,,
DATA,A001,1,5439,121794,-0.1928,1.0893,-0.0922,15.0757,-13.9771,-11.6577,1.1101,,
DATA,A001,1,5440,121804,-0.2638,1.0893,-0.1252,6.0425,-17.6392,-3.8452,1.1278,,
DATA,A001,1,5441,121814,-0.2882,1.0771,-0.1325,0.4272,-18.0054,-0.1221,1.1228,,
DATA,A001,1,5442,121824,-0.2890,1.0615,-0.1357,-4.6387,-16.1133,2.8687,1.1084,,
DATA,A001,1,5443,121834,-0.2650,1.0507,-0.1242,-5.4932,-15.0146,4.0894,1.0907,,
DATA,A001,1,5444,121844,-0.2082,1.0156,-0.0842,-8.3008,-11.4136,3.0518,1.0401,,
DATA,A001,1,5445,121854,-0.1818,0.9811,-0.0554,-11.1694,-7.4463,0.3662,0.9994,,
DATA,A001,1,5446,121864,-0.1483,0.9250,-0.0354,-12.4512,-0.8545,-4.2725,0.9375,,
DATA,A001,1,5447,121874,-0.1454,0.9030,-0.0239,-10.4980,2.1362,-6.5308,0.9150,,
DATA,A001,1,5448,121884,-0.1684,0.8896,-0.0063,-6.7139,3.5400,-8.9722,0.9054,,
DATA,A001,1,5449,121894,-0.1769,0.8972,-0.0029,-3.8452,2.4414,-10.1929,0.9144,,
DATA,A001,1,5450,121904,-0.1816,0.9372,0.0025,0.5493,0.0610,-11.2305,0.9546,,
DATA,A001,1,5451,121914,-0.1735,0.9601,0.0076,1.9531,-0.1831,-11.4746,0.9757,,
DATA,A001,1,5452,121924,-0.1708,0.9699,0.0096,0.3052,3.5400,-12.0239,0.9849,,
DATA,A001,1,5453,121934,-0.1794,0.9565,0.0047,-2.5024,8.7891,-13.1836,0.9732,,
DATA,A001,1,5454,121944,-0.1938,0.9245,-0.0022,-3.7842,16.9067,-14.0381,0.9446,,
DATA,A001,1,5455,121954,-0.1972,0.9123,-0.0114,-2.1973,20.6909,-14.0381,0.9334,,
DATA,A001,1,5456,121964,-0.2118,0.9067,-0.0244,0.3052,22.7661,-13.7329,0.9314,,
DATA,A001,1,5457,121974,-0.2138,0.9108,-0.0315,1.2207,21.7285,-12.8174,0.9361,,
DATA,A001,1,5458,121984,-0.2213,0.9225,-0.0390,2.1973,17.9443,-10.1929,0.9495,,
DATA,A001,1,5459,121994,-0.2235,0.9245,-0.0361,2.3804,15.1978,-8.3008,0.9518,,
DATA,A001,1,5460,122004,-0.2365,0.9287,-0.0271,2.6245,10.1929,-4.6997,0.9587,,
DATA,A001,1,5461,122014,-0.2426,0.9296,-0.0222,4.2725,5.4932,-1.9531,0.9610,,
DATA,A001,1,5462,122024,-0.2462,0.9413,-0.0158,7.7515,-2.0142,2.2583,0.9732,,
DATA,A001,1,5463,122034,-0.2399,0.9592,-0.0046,9.7046,-6.2256,3.9673,0.9887,,
DATA,A001,1,5464,122044,-0.2358,0.9694,0.0042,9.5825,-9.7046,6.0425,0.9977,,
DATA,A001,1,5465,122054,-0.2406,0.9743,0.0079,10.0098,-12.0239,7.6904,1.0036,,
DATA,A001,1,5466,122064,-0.2567,0.9811,0.0262,12.4512,-19.1040,9.7046,1.0145,,
DATA,A001,1,5467,122074,-0.2655,0.9877,0.0259,12.2070,-24.7803,9.3384,1.0231,,
DATA,A001,1,5468,122084,-0.2528,1.0043,0.0350,15.3809,-37.2925,11.1084,1.0363,,
DATA,A001,1,5469,122094,-0.2423,0.9831,0.0301,14.4043,-43.3350,9.9487,1.0130,,
DATA,A001,1,5470,122104,-0.2201,0.9755,0.0320,16.0522,-47.0581,7.4463,1.0006,,
DATA,A001,1,5471,122114,-0.2423,1.0327,0.0398,17.0898,-50.9033,8.1787,1.0615,,
DATA,A001,1,5472,122124,-0.2209,1.0610,0.0494,14.3433,-53.4058,7.8735,1.0848,,
DATA,A001,1,5473,122134,-0.2003,1.0458,0.0423,0.7935,-56.2744,6.4087,1.0657,,
DATA,A001,1,5474,122144,-0.1972,1.0209,0.0454,-3.9673,-58.4106,5.0659,1.0408,,
DATA,A001,1,5475,122154,-0.1962,0.9948,0.0418,-5.1880,-61.2183,1.9531,1.0148,,
DATA,A001,1,5476,122164,-0.1982,0.9828,0.0447,-4.0283,-64.1479,-0.7324,1.0036,,
DATA,A001,1,5477,122174,-0.1659,0.9875,0.0445,0.2441,-68.1152,-4.3335,1.0023,,
DATA,A001,1,5478,122184,-0.1378,1.0021,0.0296,-1.1597,-68.2373,-3.7231,1.0120,,
DATA,A001,1,5479,122194,-0.1330,1.0070,0.0269,-4.6997,-62.8052,-5.9204,1.0161,,
DATA,A001,1,5480,122204,-0.1164,1.0146,0.0184,-8.6060,-56.0303,-6.8970,1.0214,,
DATA,A001,1,5481,122214,-0.1171,0.9951,0.0098,-11.8408,-47.1802,-7.9956,1.0020,,
DATA,A001,1,5482,122224,-0.1198,0.9826,0.0088,-13.7329,-40.3442,-7.6904,0.9899,,
DATA,A001,1,5483,122234,-0.1222,0.9792,0.0103,-13.0615,-31.0669,-7.9956,0.9868,,
DATA,A001,1,5484,122244,-0.1256,0.9731,0.0042,-13.1836,-23.8037,-8.2397,0.9812,,
DATA,A001,1,5485,122254,-0.1188,0.9777,-0.0056,-11.7798,-12.8174,-8.6060,0.9849,,
DATA,A001,1,5486,122264,-0.1151,0.9894,-0.0068,-10.2539,-6.2866,-7.6904,0.9961,,
DATA,A001,1,5487,122274,-0.1195,0.9824,-0.0127,-12.6343,5.0049,-6.4087,0.9897,,
DATA,A001,1,5488,122284,-0.1462,0.9621,-0.0166,-13.7329,11.4136,-6.0425,0.9733,,
DATA,A001,1,5489,122294,-0.1435,0.9489,-0.0136,-11.9019,18.1885,-5.4321,0.9598,,
DATA,A001,1,5490,122304,-0.1652,0.9423,-0.0139,-9.8877,21.4844,-3.8452,0.9568,,
DATA,A001,1,5491,122314,-0.1701,0.9457,-0.0039,-6.5918,23.9258,-2.8076,0.9609,,
DATA,A001,1,5492,122324,-0.1674,0.9474,-0.0036,-5.3101,25.8789,-2.6855,0.9621,,
DATA,A001,1,5493,122334,-0.1718,0.9511,0.0000,-4.6387,30.6396,-1.7700,0.9665,,
DATA,A001,1,5494,122344,-0.1842,0.9438,0.0025,-4.0894,33.2031,-1.2817,0.9616,,
DATA,A001,1,5495,122354,-0.2043,0.9340,0.0157,-3.1128,35.4004,-0.5493,0.9562,,
DATA,A001,1,5496,122364,-0.2228,0.9372,0.0218,-2.1362,35.2783,-0.4272,0.9636,,
DATA,A001,1,5497,122374,-0.2648,0.9499,0.0335,-2.9297,31.0059,-1.7090,0.9867,,
DATA,A001,1,5498,122384,-0.2899,0.9506,0.0450,-2.9907,23.3765,-0.9766,0.9949,,
DATA,A001,1,5499,122394,-0.2975,0.9643,0.0496,-2.5635,9.7656,1.6479,1.0104,,
DATA,A001,1,5500,122404,-0.2997,0.9848,0.0511,-2.4414,-0.1831,2.0142,1.0307,,
DATA,A001,1,5501,122414,-0.3122,1.0082,0.0433,-3.1128,-13.9160,1.1597,1.0563,,
DATA,A001,1,5502,122424,-0.3224,1.0229,0.0437,-3.9062,-22.4609,0.5493,1.0734,,
DATA,A001,1,5503,122434,-0.3400,1.0175,0.0403,-5.8594,-37.2314,-0.0610,1.0736,,
DATA,A001,1,5504,122444,-0.3307,0.9980,0.0391,-6.1646,-48.0957,-0.0610,1.0521,,
DATA,A001,1,5505,122454,-0.3097,0.9863,0.0340,-6.4697,-56.7017,-0.9155,1.0343,,
DATA,A001,1,5506,122464,-0.2663,0.9726,0.0227,-7.0190,-65.4907,-0.8545,1.0086,,
DATA,A001,1,5507,122474,-0.2323,0.9611,0.0191,-6.6528,-67.8101,-1.7090,0.9890,,
DATA,A001,1,5508,122484,-0.1984,0.9604,0.0162,-6.1646,-65.0024,-2.2583,0.9808,,
DATA,A001,1,5509,122494,-0.1920,0.9550,0.0235,-5.6152,-60.3027,-1.7700,0.9744,,
DATA,A001,1,5510,122504,-0.1923,0.9409,0.0281,-4.2114,-53.4668,-1.5869,0.9607,,
DATA,A001,1,5511,122514,-0.1894,0.9365,0.0337,-3.1128,-49.1943,-1.2817,0.9560,,
DATA,A001,1,5512,122524,-0.1828,0.9260,0.0367,-0.6104,-41.8701,-0.7324,0.9445,,
DATA,A001,1,5513,122534,-0.1779,0.9208,0.0381,1.2207,-36.7432,-0.4883,0.9386,,
DATA,A001,1,5514,122544,-0.1723,0.9218,0.0393,4.1504,-28.0762,0.3662,0.9386,,
DATA,A001,1,5515,122554,-0.1740,0.9225,0.0401,5.5542,-22.2778,1.0376,0.9397,,
DATA,A001,1,5516,122564,-0.1723,0.9255,0.0396,7.6904,-13.4888,2.3193,0.9422,,
DATA,A001,1,5517,122574,-0.1645,0.9267,0.0401,9.3384,-7.3242,3.0518,0.9420,,
DATA,A001,1,5518,122584,-0.1545,0.9335,0.0354,11.5967,2.6245,3.1128,0.9469,,
DATA,A001,1,5519,122594,-0.1537,0.9406,0.0384,13.0005,9.7046,3.6011,0.9539,,
DATA,A001,1,5520,122604,-0.1654,0.9479,0.0318,14.6484,19.1040,3.7231,0.9628,,
DATA,A001,1,5521,122614,-0.1715,0.9548,0.0281,15.4419,24.1089,3.6621,0.9705,,
DATA,A001,1,5522,122624,-0.1730,0.9665,0.0330,15.1367,31.3110,4.2725,0.9824,,
DATA,A001,1,5523,122634,-0.1818,0.9755,0.0323,14.8926,35.5835,5.0049,0.9928,,
DATA,A001,1,5524,122644,-0.1952,0.9843,0.0254,13.3667,39.9780,3.7842,1.0038,,
DATA,A001,1,5525,122654,-0.1935,0.9931,0.0240,11.8408,42.6636,3.6011,1.0121,,
DATA,A001,1,5526,122664,-0.1999,0.9973,0.0205,8.4229,46.6919,4.2114,1.0173,,
DATA,A001,1,5527,122674,-0.2087,0.9965,0.0291,6.2866,48.2178,4.1504,1.0185,,
DATA,A001,1,5528,122684,-0.2174,0.9785,0.0303,3.4180,49.5605,3.1738,1.0028,,
DATA,A001,1,5529,122694,-0.2209,0.9726,0.0313,2.5024,50.2930,2.5635,0.9978,,
DATA,A001,1,5530,122704,-0.2223,0.9660,0.0389,1.8921,51.6968,2.0752,0.9920,,
DATA,A001,1,5531,122714,-0.2262,0.9682,0.0354,2.0142,52.6733,1.5259,0.9949,,
DATA,A001,1,5532,122724,-0.2338,0.9706,0.0396,1.1597,54.1992,1.0376,0.9992,,
DATA,A001,1,5533,122734,-0.2470,0.9689,0.0384,0.5493,54.8096,0.7935,1.0007,,
DATA,A001,1,5534,122744,-0.2514,0.9662,0.0291,-0.4883,54.5654,0.6714,0.9988,,
DATA,A001,1,5535,122754,-0.2563,0.9638,0.0240,-1.4648,54.1992,0.3662,0.9976,,
DATA,A001,1,5536,122764,-0.2585,0.9609,0.0181,-1.8921,53.2227,0.4272,0.9952,,
DATA,A001,1,5537,122774,-0.2680,0.9582,0.0198,-2.5024,50.7812,0.4272,0.9952,,
DATA,A001,1,5538,122784,-0.2731,0.9553,0.0184,-2.6245,48.4009,0.1831,0.9937,,
DATA,A001,1,5539,122794,-0.2743,0.9511,0.0118,-2.6855,44.1284,-0.4883,0.9900,,
DATA,A001,1,5540,122804,-0.2751,0.9465,0.0042,-2.2583,40.8936,-0.7324,0.9856,,
DATA,A001,1,5541,122814,-0.2716,0.9426,0.0025,-1.2207,36.4380,-1.2817,0.9809,,
DATA,A001,1,5542,122824,-0.2697,0.9479,-0.0046,-0.4272,33.4473,-1.7700,0.9856,,
DATA,A001,1,5543,122834,-0.2719,0.9509,-0.0058,0.9155,29.4189,-2.3193,0.9890,,
DATA,A001,1,5544,122844,-0.2672,0.9555,-0.0073,1.7090,26.2451,-2.3804,0.9922,,
DATA,A001,1,5545,122854,-0.2726,0.9604,-0.0102,2.5635,21.4844,-2.5024,0.9984,,
DATA,A001,1,5546,122864,-0.2690,0.9716,-0.0087,2.6245,17.5171,-2.5024,1.0082,,
DATA,A001,1,5547,122874,-0.2702,0.9743,-0.0105,2.6855,12.0239,-2.1362,1.0111,,
DATA,A001,1,5548,122884,-0.2697,0.9775,-0.0048,2.2583,8.3008,-1.6479,1.0140,,
DATA,A001,1,5549,122894,-0.2660,0.9828,-0.0053,1.2207,2.8076,-0.9155,1.0182,,
DATA,A001,1,5550,122904,-0.2646,0.9831,-0.0026,0.4272,-0.3052,-0.4272,1.0181,,
DATA,A001,1,5551,122914,-0.2558,0.9763,-0.0022,-1.2817,-4.7607,0.2441,1.0092,,
DATA,A001,1,5552,122924,-0.2489,0.9706,0.0008,-1.7700,-7.0190,0.7324,1.0021,,
DATA,A001,1,5553,122934,-0.2379,0.9638,-0.0041,-2.1973,-8.9722,1.2207,0.9928,,
DATA,A001,1,5554,122944,-0.2314,0.9560,-0.0058,-1.9531,-9.3384,1.5259,0.9836,,
DATA,A001,1,5555,122954,-0.2233,0.9533,-0.0058,-1.3428,-8.7280,1.9531,0.9791,,
DATA,A001,1,5556,122964,-0.2167,0.9479,-0.0041,-0.6104,-7.5073,1.9531,0.9724,,
DATA,A001,1,5557,122974,-0.2094,0.9467,-0.0053,0.2441,-5.0049,2.1362,0.9696,,
DATA,A001,1,5558,122984,-0.2089,0.9465,-0.0024,0.6714,-2.8687,2.0752,0.9693,,
DATA,A001,1,5559,122994,-0.2052,0.9467,-0.0024,1.4038,0.9766,2.0752,0.9687,,
DATA,A001,1,5560,123004,-0.2104,0.9470,-0.0048,2.4414,3.2959,2.1362,0.9701,,
DATA,A001,1,5561,123014,-0.2160,0.9543,-0.0080,3.4180,6.7749,2.2583,0.9785,,
DATA,A001,1,5562,123024,-0.2199,0.9562,-0.0004,3.9062,8.4839,2.4414,0.9812,,
DATA,A001,1,5563,123034,-0.2260,0.9606,0.0057,4.3945,10.8643,2.8687,0.9869,,
DATA,A001,1,5564,123044,-0.2304,0.9645,0.0008,4.6387,11.5967,2.8076,0.9917,,
DATA,A001,1,5565,123054,-0.2382,0.9767,-0.0058,4.2114,12.3291,2.9907,1.0054,,
DATA,A001,1,5566,123064,-0.2445,0.9811,-0.0036,3.4180,12.5122,3.2349,1.0112,,
DATA,A001,1,5567,123074,-0.2421,0.9772,0.0008,1.6479,12.4512,3.3569,1.0068,,
DATA,A001,1,5568,123084,-0.2519,0.9645,0.0037,0.9766,12.0239,3.3569,0.9969,,
DATA,A001,1,5569,123094,-0.2516,0.9584,0.0022,0.9155,11.4746,2.9297,0.9909,,
DATA,A001,1,5570,123104,-0.2553,0.9599,0.0059,1.4648,10.5591,2.8076,0.9933,,
DATA,A001,1,5571,123114,-0.2589,0.9643,0.0052,1.2817,9.8267,2.4414,0.9985,,
DATA,A001,1,5572,123124,-0.2536,0.9692,0.0069,0.0000,8.7891,2.0752,1.0018,,
DATA,A001,1,5573,123134,-0.2528,0.9653,0.0047,-0.9155,7.8735,2.1362,0.9978,,
DATA,A001,1,5574,123144,-0.2570,0.9494,-0.0012,-1.5259,6.5918,2.0752,0.9836,,
DATA,A001,1,5575,123154,-0.2524,0.9457,-0.0007,-1.2817,5.9204,2.1973,0.9788,,
DATA,A001,1,5576,123164,-0.2531,0.9511,-0.0039,-0.6104,4.7607,2.3193,0.9842,,
DATA,A001,1,5577,123174,-0.2528,0.9538,-0.0039,-0.0610,4.0283,2.4414,0.9867,,
DATA,A001,1,5578,123184,-0.2531,0.9606,-0.0041,0.0000,3.0518,2.4414,0.9934,,
DATA,A001,1,5579,123194,-0.2489,0.9582,-0.0053,-0.3052,2.3804,2.4414,0.9900,,
DATA,A001,1,5580,123204,-0.2460,0.9567,-0.0029,-0.1221,1.7090,2.6245,0.9879,,
DATA,A001,1,5581,123214,-0.2482,0.9565,-0.0073,0.0000,1.4038,2.5024,0.9882,,
DATA,A001,1,5582,123224,-0.2436,0.9540,-0.0095,0.6104,1.0376,2.1362,0.9847,,
DATA,A001,1,5583,123234,-0.2423,0.9562,-0.0073,0.9766,1.0376,1.9531,0.9865,,
DATA,A001,1,5584,123244,-0.2426,0.9611,-0.0075,1.2817,0.9155,1.5869,0.9913,,
DATA,A001,1,5585,123254,-0.2421,0.9631,-0.0075,1.1597,0.6104,1.5869,0.9931,,
DATA,A001,1,5586,123264,-0.2387,0.9628,-0.0061,1.0986,0.6104,1.3428,0.9920,,
DATA,A001,1,5587,123274,-0.2409,0.9604,-0.0075,0.8545,0.6714,1.2817,0.9902,,
DATA,A001,1,5588,123284,-0.2394,0.9648,-0.0102,0.5493,0.8545,0.9766,0.9941,,
DATA,A001,1,5589,123294,-0.2360,0.9653,-0.0087,0.0610,1.2207,0.7935,0.9937,,
DATA,A001,1,5590,123304,-0.2338,0.9653,-0.0066,-0.5493,2.0752,0.5493,0.9932,,
DATA,A001,1,5591,123314,-0.2377,0.9667,-0.0063,-0.8545,2.4414,0.4272,0.9956,,
DATA,A001,1,5592,123324,-0.2365,0.9643,-0.0048,-1.5259,3.1128,0.3052,0.9929,,
DATA,A001,1,5593,123334,-0.2384,0.9643,-0.0039,-1.7700,3.1128,0.3052,0.9933,,
DATA,A001,1,5594,123344,-0.2372,0.9616,-0.0036,-1.7090,3.1738,0.2441,0.9904,,
DATA,A001,1,5595,123354,-0.2350,0.9606,-0.0014,-2.0752,3.4790,0.1831,0.9890,,
DATA,A001,1,5596,123364,-0.2318,0.9531,0.0005,-2.0142,4.0894,0.1831,0.9809,,
DATA,A001,1,5597,123374,-0.2309,0.9538,0.0003,-1.7090,4.8828,0.1831,0.9813,,
DATA,A001,1,5598,123384,-0.2314,0.9523,-0.0004,-1.4648,6.4697,0.2441,0.9800,,
DATA,A001,1,5599,123394,-0.2326,0.9548,-0.0014,-1.4648,7.7515,0.2441,0.9827,,
DATA,A001,1,5600,123404,-0.2333,0.9604,-0.0022,-1.5869,9.8267,0.4272,0.9883,,
DATA,A001,1,5601,123414,-0.2360,0.9626,-0.0100,-2.0752,10.9863,0.5493,0.9911,,
DATA,A001,1,5602,123424,-0.2445,0.9702,-0.0075,-2.6855,12.3901,0.7324,1.0005,,
DATA,A001,1,5603,123434,-0.2455,0.9665,-0.0002,-3.4180,13.3057,0.7935,0.9972,,
DATA,A001,1,5604,123444,-0.2455,0.9655,-0.0036,-4.7607,14.2212,0.7935,0.9962,,
DATA,A001,1,5605,123454,-0.2516,0.9682,-0.0083,-5.4932,14.6484,0.6714,1.0004,,
DATA,A001,1,5606,123464,-0.2575,0.9689,-0.0127,-5.8594,14.4043,0.6714,1.0026,,
DATA,A001,1,5607,123474,-0.2589,0.9638,-0.0114,-6.8359,13.3667,0.6714,0.9981,,
DATA,A001,1,5608,123484,-0.2609,0.9540,-0.0063,-7.1411,12.5732,0.4883,0.9891,,
DATA,A001,1,5609,123494,-0.2675,0.9377,0.0010,-5.9204,10.5591,0.3662,0.9751,,
DATA,A001,1,5610,123504,-0.2665,0.9326,0.0030,-4.4556,9.0332,0.3662,0.9699,,
DATA,A001,1,5611,123514,-0.2655,0.9418,0.0083,-1.8311,6.7749,0.3052,0.9786,,
DATA,A001,1,5612,123524,-0.2690,0.9494,0.0113,-0.7935,5.2490,0.3052,0.9868,,
DATA,A001,1,5613,123534,-0.2636,0.9501,0.0118,-0.2441,3.1128,0.3052,0.9861,,
DATA,A001,1,5614,123544,-0.2628,0.9421,0.0105,0.3052,1.7700,0.3052,0.9781,,
DATA,A001,1,5615,123554,-0.2658,0.9348,0.0088,2.1362,-1.0986,0.7324,0.9718,,
DATA,A001,1,5616,123564,-0.2628,0.9411,0.0105,3.7231,-2.8076,0.8545,0.9772,,
DATA,A001,1,5617,123574,-0.2626,0.9506,0.0039,5.3101,-5.6152,1.1597,0.9862,,
DATA,A001,1,5618,123584,-0.2638,0.9631,-0.0002,5.6763,-7.2021,1.5869,0.9986,,
DATA,A001,1,5619,123594,-0.2497,0.9714,-0.0048,4.8828,-7.9956,2.2583,1.0030,,
DATA,A001,1,5620,123604,-0.2467,0.9738,-0.0039,4.1504,-7.8735,2.8687,1.0046,,
DATA,A001,1,5621,123614,-0.2445,0.9755,-0.0078,2.5635,-7.3853,3.3569,1.0057,,
DATA,A001,1,5622,123624,-0.2484,0.9733,-0.0070,1.5259,-7.2021,3.6621,1.0046,,
DATA,A001,1,5623,123634,-0.2465,0.9687,-0.0073,0.0610,-7.3853,3.4790,0.9996,,
DATA,A001,1,5624,123644,-0.2431,0.9672,-0.0095,-0.8545,-7.6904,3.5400,0.9973,,
DATA,A001,1,5625,123654,-0.2392,0.9548,-0.0058,-2.3193,-8.1177,3.5400,0.9843,,
DATA,A001,1,5626,123664,-0.2367,0.9496,-0.0036,-2.5024,-8.2397,3.7842,0.9787,,
DATA,A001,1,5627,123674,-0.2360,0.9465,-0.0024,-2.0142,-8.3008,3.4790,0.9755,,
DATA,A001,1,5628,123684,-0.2314,0.9487,-0.0009,-1.3428,-8.3618,3.4790,0.9765,,
DATA,A001,1,5629,123694,-0.2238,0.9423,0.0015,0.1831,-7.3853,3.6621,0.9685,,
DATA,A001,1,5630,123704,-0.2201,0.9409,-0.0029,1.0376,-6.5918,4.2725,0.9663,,
DATA,A001,1,5631,123714,-0.2218,0.9445,0.0003,2.7466,-4.8828,4.2725,0.9702,,
DATA,A001,1,5632,123724,-0.2174,0.9489,-0.0007,3.6011,-3.9062,4.7607,0.9735,,
DATA,A001,1,5633,123734,-0.2255,0.9499,-0.0004,4.8218,-2.3804,5.4321,0.9763,,
DATA,A001,1,5634,123744,-0.2279,0.9536,-0.0002,5.4932,-1.0986,6.4087,0.9804,,
DATA,A001,1,5635,123754,-0.2331,0.9606,-0.0002,5.9204,-0.4883,6.4697,0.9885,,
DATA,A001,1,5636,123764,-0.2318,0.9609,-0.0014,5.8594,-0.3662,5.9204,0.9885,,
DATA,A001,1,5637,123774,-0.2306,0.9636,-0.0026,5.5542,0.1221,5.9204,0.9908,,
DATA,A001,1,5638,123784,-0.2321,0.9675,0.0015,4.9438,0.7935,5.6152,0.9949,,
DATA,A001,1,5639,123794,-0.2375,0.9692,0.0013,4.5776,1.0986,5.3711,0.9978,,
DATA,A001,1,5640,123804,-0.2392,0.9702,0.0057,3.9062,1.3428,5.0659,0.9992,,
DATA,A001,1,5641,123814,-0.2372,0.9711,0.0054,3.2959,1.4038,4.6387,0.9997,,
DATA,A001,1,5642,123824,-0.2394,0.9689,-0.0009,2.3804,1.2207,4.2725,0.9981,,
DATA,A001,1,5643,123834,-0.2360,0.9645,0.0020,2.1973,0.6104,4.0283,0.9930,,
DATA,A001,1,5644,123844,-0.2397,0.9623,0.0103,1.8311,0.3052,3.8452,0.9918,,
DATA,A001,1,5645,123854,-0.2399,0.9636,0.0091,1.7090,0.1831,3.1738,0.9930,,
DATA,A001,1,5646,123864,-0.2443,0.9658,-0.0009,1.4648,-0.0610,2.1973,0.9962,,
DATA,A001,1,5647,123874,-0.2455,0.9628,-0.0007,0.7935,-0.6104,1.8311,0.9936,,
DATA,A001,1,5648,123884,-0.2345,0.9499,0.0010,0.3662,-1.5869,2.0752,0.9784,,
DATA,A001,1,5649,123894,-0.2167,0.9440,-0.0004,1.4648,-1.7090,3.0518,0.9686,,
DATA,A001,1,5650,123904,-0.2130,0.9413,-0.0026,4.0283,-0.6104,4.5776,0.9652,,
DATA,A001,1,5651,123914,-0.2201,0.9633,0.0032,6.3477,-0.0610,4.4556,0.9882,,
DATA,A001,1,5652,123924,-0.2394,0.9775,-0.0022,5.6763,-0.8545,5.1880,1.0064,,
DATA,A001,1,5653,123934,-0.2260,0.9599,-0.0283,2.7466,-1.5869,5.7983,0.9865,,
DATA,A001,1,5654,123944,-0.2065,0.9528,-0.0009,2.5024,0.0610,6.5308,0.9749,,
DATA,A001,1,5655,123954,-0.2274,0.9611,0.0137,1.8311,3.0518,6.8359,0.9878,,
DATA,A001,1,5656,123964,-0.2524,0.9692,0.0105,0.2441,4.5776,6.3477,1.0015,,
DATA,A001,1,5657,123974,-0.2643,0.9675,0.0044,-0.2441,3.4790,6.8359,1.0029,,
DATA,A001,1,5658,123984,-0.2433,0.9689,-0.0192,0.0610,1.7090,6.4087,0.9992,,
DATA,A001,1,5659,123994,-0.2270,0.9797,-0.0229,-0.3662,1.3428,5.9814,1.0059,,
DATA,A001,1,5660,124004,-0.2065,0.9821,-0.0158,-2.4414,2.1362,5.7373,1.0037,,
DATA,A001,1,5661,124014,-0.2077,0.9763,0.0039,-3.4790,3.6621,5.4932,0.9981,,
DATA,A001,1,5662,124024,-0.2209,0.9750,0.0088,-4.4556,5.9204,4.0894,0.9998,,
DATA,A001,1,5663,124034,-0.2055,0.9658,0.0039,-4.4556,7.0801,3.3569,0.9874,,
DATA,A001,1,5664,124044,-0.1708,0.9511,-0.0036,-3.1128,10.6812,4.0283,0.9663,,
DATA,A001,1,5665,124054,-0.1862,0.9545,0.0171,-2.5024,14.8315,4.2725,0.9727,,
DATA,A001,1,5666,124064,-0.2035,0.9716,0.0201,-1.7090,19.2871,3.9673,0.9929,,
DATA,A001,1,5667,124074,-0.2082,0.9824,0.0237,-2.4414,21.1792,3.9673,1.0045,,
DATA,A001,1,5668,124084,-0.2096,0.9821,0.0230,-3.7231,23.3154,3.8452,1.0045,,
DATA,A001,1,5669,124094,-0.2277,0.9807,0.0235,-5.7373,25.5737,3.6011,1.0070,,
DATA,A001,1,5670,124104,-0.2514,0.9753,0.0259,-6.6528,26.0010,2.8687,1.0075,,
DATA,A001,1,5671,124114,-0.2472,0.9697,0.0240,-7.6904,25.1465,3.1738,1.0010,,
DATA,A001,1,5672,124124,-0.2480,0.9682,0.0201,-8.6060,23.6816,3.6011,0.9996,,
DATA,A001,1,5673,124134,-0.2589,0.9675,0.0179,-9.3384,20.9351,3.4790,1.0017,,
DATA,A001,1,5674,124144,-0.2594,0.9638,0.0157,-9.3384,18.1885,3.2959,0.9982,,
DATA,A001,1,5675,124154,-0.2670,0.9609,0.0113,-9.5215,12.9395,3.5400,0.9973,,
DATA,A001,1,5676,124164,-0.2643,0.9572,0.0071,-9.2773,9.3384,3.2959,0.9931,,
DATA,A001,1,5677,124174,-0.2682,0.9558,0.0025,-8.8501,4.5776,2.7466,0.9927,,
DATA,A001,1,5678,124184,-0.2704,0.9538,-0.0034,-8.0566,0.2441,2.4414,0.9914,,
DATA,A001,1,5679,124194,-0.2675,0.9543,-0.0080,-6.4697,-5.4932,2.1973,0.9911,,
DATA,A001,1,5680,124204,-0.2646,0.9619,-0.0026,-6.2256,-9.4604,1.7700,0.9976,,
DATA,A001,1,5681,124214,-0.2521,0.9558,-0.0083,-5.9814,-14.8926,1.7700,0.9885,,
DATA,A001,1,5682,124224,-0.2436,0.9538,-0.0075,-5.6763,-17.3340,1.6479,0.9844,,
DATA,A001,1,5683,124234,-0.2333,0.9472,-0.0048,-4.0894,-20.2637,1.2207,0.9755,,
DATA,A001,1,5684,124244,-0.2296,0.9472,-0.0009,-2.6855,-21.6675,0.9155,0.9746,,
DATA,A001,1,5685,124254,-0.2206,0.9514,-0.0024,-0.6714,-22.8882,0.4883,0.9766,,
DATA,A001,1,5686,124264,-0.2126,0.9558,-0.0070,-0.1221,-23.1323,0.1831,0.9791,,
DATA,A001,1,5687,124274,-0.1928,0.9694,-0.0127,0.0000,-21.4844,-0.3662,0.9885,,
DATA,A001,1,5688,124284,-0.1852,0.9645,-0.0129,0.0610,-19.4702,-0.3052,0.9822,,
DATA,A001,1,5689,124294,-0.1855,0.9609,-0.0017,-0.1831,-15.8691,-0.2441,0.9786,,
DATA,A001,1,5690,124304,-0.1859,0.9506,0.0074,0.4883,-13.4888,-0.4883,0.9687,,
DATA,A001,1,5691,124314,-0.1908,0.9531,0.0120,1.4038,-10.9863,-0.7935,0.9721,,
DATA,A001,1,5692,124324,-0.1923,0.9572,0.0184,2.3193,-9.3384,-0.5493,0.9765,,
DATA,A001,1,5693,124334,-0.1889,0.9704,0.0198,2.3193,-7.0190,-0.4883,0.9888,,
DATA,A001,1,5694,124344,-0.1862,0.9745,0.0257,1.4038,-4.8218,-0.6104,0.9925,,
DATA,A001,1,5695,124354,-0.1933,0.9753,0.0245,-0.1831,-1.2817,-0.3052,0.9945,,
DATA,A001,1,5696,124364,-0.1930,0.9650,0.0252,-1.0376,0.6104,0.1221,0.9845,,
DATA,A001,1,5697,124374,-0.1979,0.9555,0.0284,-1.2817,3.0518,0.4272,0.9762,,
DATA,A001,1,5698,124384,-0.1972,0.9597,0.0296,-0.8545,4.3945,0.5493,0.9802,,
DATA,A001,1,5699,124394,-0.1977,0.9599,0.0374,-0.1221,6.5918,0.6104,0.9808,,
DATA,A001,1,5700,124404,-0.1989,0.9670,0.0369,0.3052,7.9346,0.7324,0.9879,,
DATA,A001,1,5701,124414,-0.2003,0.9741,0.0337,0.1221,9.4604,0.7935,0.9950,,
DATA,A001,1,5702,124424,-0.2028,0.9738,0.0281,-0.4272,10.4980,0.8545,0.9951,,
DATA,A001,1,5703,124434,-0.2072,0.9719,0.0259,-0.7935,11.1084,0.9766,0.9940,,
DATA,A001,1,5704,124444,-0.2130,0.9658,0.0215,-1.2817,11.4746,1.0376,0.9892,,
DATA,A001,1,5705,124454,-0.2121,0.9611,0.0201,-0.9155,11.1084,1.3428,0.9844,,
DATA,A001,1,5706,124464,-0.2201,0.9631,0.0181,-0.1831,10.7422,1.9531,0.9881,,
DATA,A001,1,5707,124474,-0.2167,0.9631,0.0154,0.5493,10.0098,2.2583,0.9873,,
DATA,A001,1,5708,124484,-0.2184,0.9614,0.0144,1.7700,9.0942,3.1128,0.9860,,
DATA,A001,1,5709,124494,-0.2221,0.9645,0.0135,2.0142,8.6670,3.4180,0.9899,,
DATA,A001,1,5710,124504,-0.2257,0.9692,0.0127,2.3193,7.9956,3.9062,0.9952,,
DATA,A001,1,5711,124514,-0.2294,0.9680,0.0120,2.0752,7.6904,4.3945,0.9948,,
DATA,A001,1,5712,124524,-0.2384,0.9716,0.0079,1.3428,6.4697,5.0659,1.0005,,
DATA,A001,1,5713,124534,-0.2453,0.9641,0.0083,0.7935,5.4932,5.2490,0.9948,,
DATA,A001,1,5714,124544,-0.2460,0.9614,0.0093,0.3052,3.3569,5.7373,0.9924,,
DATA,A001,1,5715,124554,-0.2448,0.9562,0.0098,0.3052,1.4648,5.7983,0.9871,,
DATA,A001,1,5716,124564,-0.2433,0.9511,0.0081,1.2207,-0.4883,5.9204,0.9818,,
DATA,A001,1,5717,124574,-0.2428,0.9479,0.0120,1.4648,-1.8311,5.9204,0.9786,,
DATA,A001,1,5718,124584,-0.2455,0.9560,0.0113,2.6245,-3.6621,5.3711,0.9871,,
DATA,A001,1,5719,124594,-0.2453,0.9579,0.0142,3.1128,-4.7607,4.8828,0.9890,,
DATA,A001,1,5720,124604,-0.2480,0.9619,0.0215,3.7231,-6.8359,4.5776,0.9935,,
DATA,A001,1,5721,124614,-0.2443,0.9682,0.0259,3.6011,-7.8735,4.4556,0.9989,,
DATA,A001,1,5722,124624,-0.2423,0.9716,0.0249,2.3193,-9.3994,3.9673,1.0017,,
DATA,A001,1,5723,124634,-0.2377,0.9731,0.0279,1.4648,-10.0708,3.8452,1.0021,,
DATA,A001,1,5724,124644,-0.2345,0.9733,0.0374,0.1831,-11.2305,3.5400,1.0019,,
DATA,A001,1,5725,124654,-0.2321,0.9728,0.0330,-0.6104,-11.8408,3.2349,1.0007,,
DATA,A001,1,5726,124664,-0.2289,0.9758,0.0247,-1.4648,-12.6343,3.0518,1.0026,,
DATA,A001,1,5727,124674,-0.2250,0.9765,0.0201,-2.2583,-13.0005,2.8687,1.0023,,
DATA,A001,1,5728,124684,-0.2182,0.9714,0.0186,-3.2349,-13.4888,2.9297,0.9957,,
DATA,A001,1,5729,124694,-0.2130,0.9592,0.0205,-3.3569,-13.3667,2.9297,0.9828,,
DATA,A001,1,5730,124704,-0.2143,0.9506,0.0264,-1.7090,-13.4888,2.3193,0.9748,,
DATA,A001,1,5731,124714,-0.2065,0.9453,0.0237,0.0000,-13.5498,1.7700,0.9678,,
DATA,A001,1,5732,124724,-0.1999,0.9572,0.0232,2.3804,-13.1836,1.7700,0.9781,,
DATA,A001,1,5733,124734,-0.1999,0.9682,0.0218,2.6855,-12.5732,1.3428,0.9889,,
DATA,A001,1,5734,124744,-0.1867,0.9697,0.0149,1.3428,-11.6577,0.5493,0.9876,,
DATA,A001,1,5735,124754,-0.1747,0.9638,0.0108,1.4038,-9.3384,0.7935,0.9796,,
DATA,A001,1,5736,124764,-0.1840,0.9579,0.0093,0.6714,-7.9346,1.3428,0.9755,,
DATA,A001,1,5737,124774,-0.1867,0.9523,0.0110,1.0986,-5.1880,1.0986,0.9705,,
DATA,A001,1,5738,124784,-0.1813,0.9531,0.0162,2.0142,-3.5400,1.4038,0.9703,,
DATA,A001,1,5739,124794,-0.1813,0.9582,0.0196,2.9297,0.1221,1.8311,0.9754,,
DATA,A001,1,5740,124804,-0.1869,0.9641,0.0223,3.0518,2.1973,1.9531,0.9823,,
DATA,A001,1,5741,124814,-0.1894,0.9628,0.0232,3.1128,5.1880,2.0752,0.9816,,
DATA,A001,1,5742,124824,-0.1906,0.9584,0.0171,3.2959,6.8359,2.1973,0.9774,,
DATA,A001,1,5743,124834,-0.1986,0.9628,0.0144,4.2114,8.9722,2.2583,0.9832,,
DATA,A001,1,5744,124844,-0.1977,0.9633,0.0120,4.2114,10.0708,2.2583,0.9835,,
DATA,A001,1,5745,124854,-0.2052,0.9677,0.0181,4.3945,11.1084,2.1362,0.9894,,
DATA,A001,1,5746,124864,-0.2096,0.9697,0.0186,4.2725,11.9629,2.1362,0.9922,,
DATA,A001,1,5747,124874,-0.2174,0.9702,0.0230,3.8452,12.1460,2.0142,0.9945,,
DATA,A001,1,5748,124884,-0.2206,0.9714,0.0242,3.7231,11.9629,1.9531,0.9964,,
DATA,A001,1,5749,124894,-0.2189,0.9750,0.0230,2.9297,11.1084,1.9531,0.9996,,
DATA,A001,1,5750,124904,-0.2199,0.9780,0.0225,2.2583,10.6812,1.8921,1.0026,,
DATA,A001,1,5751,124914,-0.2299,0.9692,0.0223,1.4038,9.8267,1.7700,0.9963,,
DATA,A001,1,5752,124924,-0.2262,0.9658,0.0213,1.5259,8.9111,1.7090,0.9921,,
DATA,A001,1,5753,124934,-0.2301,0.9614,0.0227,1.5259,7.3853,1.7700,0.9888,,
DATA,A001,1,5754,124944,-0.2257,0.9565,0.0215,1.7700,6.1646,1.8921,0.9830,,
DATA,A001,1,5755,124954,-0.2279,0.9587,0.0220,2.6855,4.6387,1.9531,0.9857,,
DATA,A001,1,5756,124964,-0.2306,0.9533,0.0227,3.0518,3.6011,1.9531,0.9811,,
DATA,A001,1,5757,124974,-0.2267,0.9553,0.0235,4.0283,1.9531,2.1973,0.9821,,
DATA,A001,1,5758,124984,-0.2274,0.9626,0.0213,4.3335,0.9155,2.0752,0.9893,,
DATA,A001,1,5759,124994,-0.2267,0.9682,0.0198,4.3335,-0.6104,2.1973,0.9946,,
DATA,A001,1,5760,125004,-0.2233,0.9748,0.0176,4.1504,-1.3428,2.4414,1.0002,,
DATA,A001,1,5761,125014,-0.2250,0.9733,0.0201,3.1128,-2.0142,2.7466,0.9992,,
DATA,A001,1,5762,125024,-0.2253,0.9741,0.0162,2.6245,-2.5024,2.9907,0.9999,,
DATA,A001,1,5763,125034,-0.2279,0.9758,0.0176,2.0752,-2.9297,3.4180,1.0022,,
DATA,A001,1,5764,125044,-0.2277,0.9792,0.0220,1.7090,-3.4790,3.6011,1.0056,,
DATA,A001,1,5765,125054,-0.2306,0.9753,0.0220,1.0986,-4.0283,3.8452,1.0024,,
DATA,A001,1,5766,125064,-0.2306,0.9745,0.0152,0.6104,-4.6997,3.8452,1.0016,,
DATA,A001,1,5767,125074,-0.2277,0.9755,0.0091,-0.6104,-5.6152,3.9062,1.0018,,
DATA,A001,1,5768,125084,-0.2255,0.9728,0.0162,-1.3428,-5.7373,4.0283,0.9988,,
DATA,A001,1,5769,125094,-0.2223,0.9667,0.0166,-2.6245,-5.3101,4.0894,0.9921,,
DATA,A001,1,5770,125104,-0.2284,0.9560,0.0240,-2.7466,-5.3101,3.0518,0.9832,,
DATA,A001,1,5771,125114,-0.2272,0.9558,0.0240,-2.0752,-5.4932,2.6245,0.9827,,
DATA,A001,1,5772,125124,-0.2213,0.9648,0.0291,-1.0376,-6.1646,1.4648,0.9903,,
DATA,A001,1,5773,125134,-0.2160,0.9755,0.0242,-0.9766,-6.3477,0.7324,0.9994,,
DATA,A001,1,5774,125144,-0.2069,0.9802,0.0240,-1.8921,-5.9814,0.0000,1.0021,,
DATA,A001,1,5775,125154,-0.2045,0.9726,0.0174,-2.8687,-5.1880,-0.4272,0.9940,,
DATA,A001,1,5776,125164,-0.1991,0.9589,0.0152,-3.1738,-3.9062,-0.7935,0.9795,,
DATA,A001,1,5777,125174,-0.1979,0.9562,0.0144,-2.6855,-3.2959,-0.7935,0.9766,,
DATA,A001,1,5778,125184,-0.1996,0.9594,0.0147,-1.9531,-2.4414,-0.7324,0.9801,,
DATA,A001,1,5779,125194,-0.2003,0.9672,0.0179,-1.8311,-1.7090,-0.6714,0.9879,,
DATA,A001,1,5780,125204,-0.1916,0.9738,0.0169,-2.4414,-0.4883,-0.4272,0.9926,,
DATA,A001,1,5781,125214,-0.1874,0.9704,0.0093,-2.9297,0.7324,-0.3662,0.9884,,
DATA,A001,1,5782,125224,-0.1769,0.9667,0.0093,-3.0518,3.2959,0.0610,0.9828,,
DATA,A001,1,5783,125234,-0.1806,0.9665,0.0081,-2.9907,5.2490,0.2441,0.9832,,
DATA,A001,1,5784,125244,-0.1884,0.9670,0.0064,-2.9297,7.5684,0.5493,0.9852,,
DATA,A001,1,5785,125254,-0.1920,0.9672,0.0057,-2.8687,8.3618,0.7324,0.9861,,
DATA,A001,1,5786,125264,-0.1945,0.9558,0.0066,-2.3804,9.3384,1.0986,0.9754,,
DATA,A001,1,5787,125274,-0.1962,0.9462,0.0118,-1.3428,9.4604,1.0986,0.9664,,
DATA,A001,1,5788,125284,-0.1935,0.9523,0.0083,1.2207,10.4980,1.3428,0.9718,,
DATA,A001,1,5789,125294,-0.2013,0.9621,0.0171,2.7466,10.6812,1.3428,0.9831,,
DATA,A001,1,5790,125304,-0.1960,0.9662,-0.0066,2.5024,10.8032,1.2207,0.9859,,
DATA,A001,1,5791,125314,-0.1850,0.9623,-0.0053,2.0752,11.0474,1.3428,0.9800,,
DATA,A001,1,5792,125324,-0.1789,0.9550,0.0025,3.0518,13.7939,1.4038,0.9716,,
DATA,A001,1,5793,125334,-0.1767,0.9536,0.0088,4.1504,15.9302,1.5259,0.9698,,
DATA,A001,1,5794,125344,-0.1742,0.9621,0.0176,5.0049,20.2026,1.5259,0.9779,,
DATA,A001,1,5795,125354,-0.1974,0.9711,0.0237,4.7607,23.2544,1.2817,0.9913,,
DATA,A001,1,5796,125364,-0.2358,0.9736,0.0301,3.9062,25.4517,0.1831,1.0022,,
DATA,A001,1,5797,125374,-0.2433,0.9697,0.0337,3.4790,25.1465,-0.1221,1.0003,,
DATA,A001,1,5798,125384,-0.2392,0.9706,0.0259,2.8076,23.4375,-0.1221,1.0000,,
DATA,A001,1,5799,125394,-0.2389,0.9728,0.0201,2.2583,21.7285,-0.1221,1.0020,,
DATA,A001,1,5800,125404,-0.2401,0.9731,0.0205,1.8311,19.4092,0.0610,1.0025,,
DATA,A001,1,5801,125414,-0.2465,0.9658,0.0147,1.2817,17.5781,0.1221,0.9968,,
DATA,A001,1,5802,125424,-0.2423,0.9565,0.0127,1.4648,14.4653,0.0000,0.9868,,
DATA,A001,1,5803,125434,-0.2289,0.9533,0.0105,1.7700,12.6953,-0.0610,0.9805,,
DATA,A001,1,5804,125444,-0.2228,0.9589,0.0154,2.5635,11.7188,0.0000,0.9846,,
DATA,A001,1,5805,125454,-0.2233,0.9638,0.0137,2.6245,11.8408,-0.3052,0.9894,,
DATA,A001,1,5806,125464,-0.2196,0.9636,0.0083,2.1973,11.7798,-1.0376,0.9883,,
DATA,A001,1,5807,125474,-0.2118,0.9633,-0.0073,1.4038,12.4512,-1.4648,0.9864,,
DATA,A001,1,5808,125484,-0.2082,0.9619,-0.0119,1.0376,13.3667,-1.6479,0.9842,,
DATA,A001,1,5809,125494,-0.2082,0.9445,-0.0034,0.7935,15.3809,-2.1362,0.9672,,
DATA,A001,1,5810,125504,-0.2150,0.9384,-0.0053,1.9531,16.2354,-2.2583,0.9627,,
DATA,A001,1,5811,125514,-0.2191,0.9330,0.0013,4.6387,16.8457,-2.8076,0.9584,,
DATA,A001,1,5812,125524,-0.2170,0.9401,0.0020,7.0190,16.8457,-2.8076,0.9648,,
DATA,A001,1,5813,125534,-0.2240,0.9577,0.0005,9.0332,17.2729,-2.6245,0.9836,,
DATA,A001,1,5814,125544,-0.2167,0.9645,-0.0024,9.5825,17.3340,-2.3804,0.9886,,
DATA,A001,1,5815,125554,-0.2187,0.9638,-0.0075,9.4604,17.8223,-1.3428,0.9883,,
DATA,A001,1,5816,125564,-0.2260,0.9633,-0.0083,9.5215,18.3716,-0.1831,0.9895,,
DATA,A001,1,5817,125574,-0.2355,0.9614,-0.0124,9.8267,19.2871,1.0986,0.9899,,
DATA,A001,1,5818,125584,-0.2526,0.9604,-0.0171,10.1318,18.9209,1.8921,0.9932,,
DATA,A001,1,5819,125594,-0.2902,0.9772,-0.0007,9.5215,16.4795,2.1973,1.0194,,
DATA,A001,1,5820,125604,-0.2978,0.9802,-0.0002,8.4229,13.0005,2.7466,1.0244,,
DATA,A001,1,5821,125614,-0.2455,0.9838,0.0098,5.1270,6.2256,5.1270,1.0140,,
DATA,A001,1,5822,125624,-0.2243,0.9807,-0.0173,2.6855,4.6387,7.0190,1.0061,,
DATA,A001,1,5823,125634,-0.2777,0.9706,-0.0251,3.2959,6.4087,2.8076,1.0099,,
DATA,A001,1,5824,125644,-0.3048,0.9680,-0.0288,2.2583,4.3945,1.6479,1.0152,,
DATA,A001,1,5825,125654,-0.2785,0.9577,-0.0217,1.4648,-1.4038,1.9531,0.9976,,
DATA,A001,1,5826,125664,-0.2621,0.9550,-0.0266,1.6479,-3.7842,1.9531,0.9907,,
DATA,A001,1,5827,125674,-0.2548,0.9616,-0.0302,2.0752,-5.5542,0.5493,0.9953,,
DATA,A001,1,5828,125684,-0.2504,0.9728,-0.0280,1.6479,-6.2866,-0.3662,1.0049,,
DATA,A001,1,5829,125694,-0.2350,0.9814,-0.0212,-0.3052,-6.1035,-1.2817,1.0094,,
DATA,A001,1,5830,125704,-0.2328,0.9887,-0.0144,-2.4414,-4.6997,-1.4648,1.0159,,
DATA,A001,1,5831,125714,-0.2262,0.9907,-0.0161,-6.1646,-2.9907,-2.1362,1.0163,,
DATA,A001,1,5832,125724,-0.2240,0.9785,-0.0141,-7.9346,-1.7700,-2.5024,1.0039,,
DATA,A001,1,5833,125734,-0.2270,0.9667,-0.0017,-9.3384,0.0610,-2.8076,0.9930,,
DATA,A001,1,5834,125744,-0.2282,0.9653,0.0039,-9.2773,0.5493,-2.8076,0.9919,,
DATA,A001,1,5835,125754,-0.2389,0.9626,0.0093,-9.0942,-0.1221,-2.5024,0.9918,,
DATA,A001,1,5836,125764,-0.2375,0.9619,0.0118,-8.1177,-2.9297,-2.1362,0.9908,,
DATA,A001,1,5837,125774,-0.2362,0.9662,0.0154,-7.7515,-4.7607,-1.9531,0.9948,,
DATA,A001,1,5838,125784,-0.2350,0.9699,0.0127,-8.0566,-6.5308,-1.6479,0.9981,,
DATA,A001,1,5839,125794,-0.2358,0.9706,0.0154,-8.5449,-7.6294,-1.4648,0.9990,,
DATA,A001,1,5840,125804,-0.2336,0.9702,0.0132,-9.0332,-9.3994,-0.9155,0.9980,,
DATA,A001,1,5841,125814,-0.2333,0.9692,0.0159,-9.0332,-10.8032,0.0000,0.9970,,
DATA,A001,1,5842,125824,-0.2287,0.9670,0.0130,-9.0332,-12.0239,0.9766,0.9937,,
DATA,A001,1,5843,125834,-0.2287,0.9699,0.0061,-9.3384,-12.0239,1.6479,0.9965,,
DATA,A001,1,5844,125844,-0.2221,0.9572,0.0120,-8.6670,-11.0474,2.3804,0.9827,,
DATA,A001,1,5845,125854,-0.2196,0.9501,0.0110,-8.4839,-10.3149,2.7466,0.9753,,
DATA,A001,1,5846,125864,-0.2196,0.9406,0.0047,-6.7139,-9.2163,3.2349,0.9659,,
DATA,A001,1,5847,125874,-0.2265,0.9374,0.0003,-5.5542,-8.6670,3.2349,0.9644,,
DATA,A001,1,5848,125884,-0.2265,0.9418,-0.0022,-2.0142,-8.1787,2.6245,0.9687,,
DATA,A001,1,5849,125894,-0.2223,0.9433,0.0005,0.1221,-7.8735,3.0518,0.9691,,
DATA,A001,1,5850,125904,-0.2277,0.9423,0.0081,3.1128,-7.3242,4.3335,0.9695,,
DATA,A001,1,5851,125914,-0.2382,0.9494,0.0125,2.5635,-7.6294,4.6997,0.9789,,
DATA,A001,1,5852,125924,-0.2377,0.9462,0.0096,1.4648,-8.6670,4.7607,0.9757,,
DATA,A001,1,5853,125934,-0.2350,0.9487,0.0105,5.0049,-9.3994,5.1880,0.9774,,
DATA,A001,1,5854,125944,-0.2372,0.9680,0.0164,5.6763,-10.7422,4.7607,0.9967,,
DATA,A001,1,5855,125954,-0.2331,0.9745,0.0127,3.4180,-10.8032,4.2725,1.0021,,
DATA,A001,1,5856,125964,-0.2384,0.9687,0.0103,1.3428,-11.2305,4.5776,0.9977,,
DATA,A001,1,5857,125974,-0.2401,0.9516,0.0140,1.8311,-11.6577,4.8218,0.9815,,
DATA,A001,1,5858,125984,-0.2392,0.9619,0.0140,3.8452,-12.3291,5.2490,0.9912,,
DATA,A001,1,5859,125994,-0.2401,0.9641,0.0215,4.1504,-12.2681,4.7607,0.9937,,
DATA,A001,1,5860,126004,-0.2372,0.9628,0.0271,2.9907,-12.8174,3.9062,0.9920,,
DATA,A001,1,5861,126014,-0.2336,0.9614,0.0267,1.4038,-12.7563,3.4790,0.9897,,
DATA,A001,1,5862,126024,-0.2277,0.9545,0.0267,1.8921,-12.5122,2.8076,0.9817,,
DATA,A001,1,5863,126034,-0.2248,0.9479,0.0166,2.6245,-11.9019,2.6245,0.9744,,
DATA,A001,1,5864,126044,-0.2201,0.9606,0.0162,5.9204,-10.7422,1.9531,0.9857,,
DATA,A001,1,5865,126054,-0.2267,0.9738,0.0188,4.3945,-10.0708,2.0142,1.0000,,
DATA,A001,1,5866,126064,-0.2199,0.9706,0.0198,1.9531,-9.2163,1.8311,0.9954,,
DATA,A001,1,5867,126074,-0.2160,0.9716,0.0184,1.1597,-8.3618,1.8311,0.9955,,
DATA,A001,1,5868,126084,-0.2160,0.9572,0.0147,0.6714,-7.0801,1.5259,0.9814,,
DATA,A001,1,5869,126094,-0.2150,0.9587,0.0159,4.9438,-4.8828,1.9531,0.9826,,
DATA,A001,1,5870,126104,-0.2221,0.9745,0.0181,3.7231,-3.6621,1.8311,0.9997,,
DATA,A001,1,5871,126114,-0.2194,0.9606,0.0147,1.6479,-1.7700,1.3428,0.9855,,
DATA,A001,1,5872,126124,-0.2194,0.9555,0.0149,0.1831,-0.8545,1.0986,0.9805,,
DATA,A001,1,5873,126134,-0.2257,0.9504,0.0132,0.1221,0.6104,0.1831,0.9769,,
DATA,A001,1,5874,126144,-0.2243,0.9467,0.0193,1.0376,1.2207,0.4272,0.9731,,
DATA,A001,1,5875,126154,-0.2340,0.9597,0.0320,4.8828,1.3428,0.4272,0.9883,,
DATA,A001,1,5876,126164,-0.2404,0.9621,0.0259,4.2725,1.4038,0.6104,0.9920,,
DATA,A001,1,5877,126174,-0.2436,0.9589,0.0091,2.5635,0.0610,1.2207,0.9894,,
DATA,A001,1,5878,126184,-0.2406,0.9450,0.0110,4.9438,-0.9155,0.7324,0.9752,,
DATA,A001,1,5879,126194,-0.2279,0.9677,0.0174,5.9814,-1.7700,-0.3662,0.9943,,
DATA,A001,1,5880,126204,-0.2270,0.9628,0.0198,3.9673,-0.6714,-0.2441,0.9894,,
DATA,A001,1,5881,126214,-0.2455,0.9677,0.0066,8.7280,-2.5635,0.4272,0.9984,,
DATA,A001,1,5882,126224,-0.2301,0.9687,-0.0007,10.8032,-4.9438,0.8545,0.9957,,
DATA,A001,1,5883,126234,-0.2079,0.9797,0.0159,5.4321,-4.2725,1.4038,1.0016,,
DATA,A001,1,5884,126244,-0.2040,0.9667,0.0118,0.7935,-0.4883,1.5259,0.9881,,
DATA,A001,1,5885,126254,-0.2277,0.9413,0.0030,3.4790,0.6714,1.8311,0.9685,,
DATA,A001,1,5886,126264,-0.2277,0.9584,-0.0107,5.4321,-0.1221,1.5869,0.9852,,
DATA,A001,1,5887,126274,-0.2201,0.9599,-0.0271,3.5400,0.0000,0.6714,0.9852,,
DATA,A001,1,5888,126284,-0.2179,0.9687,-0.0214,3.9673,0.5493,1.5259,0.9931,,
DATA,A001,1,5889,126294,-0.2265,0.9655,-0.0017,1.8921,2.2583,2.3193,0.9917,,
DATA,A001,1,5890,126304,-0.2365,0.9579,0.0100,-0.1221,3.3569,2.1973,0.9868,,
DATA,A001,1,5891,126314,-0.2577,0.9479,0.0198,0.9766,3.0518,1.9531,0.9825,,
DATA,A001,1,5892,126324,-0.2604,0.9518,0.0267,2.2583,1.6479,1.7700,0.9872,,
DATA,A001,1,5893,126334,-0.2594,0.9643,0.0264,2.8076,-1.0986,1.5259,0.9989,,
DATA,A001,1,5894,126344,-0.2524,0.9692,0.0208,2.5635,-2.5635,1.5259,1.0017,,
DATA,A001,1,5895,126354,-0.2506,0.9660,0.0118,1.8311,-3.9673,1.2207,0.9981,,
DATA,A001,1,5896,126364,-0.2502,0.9645,0.0057,1.5259,-5.1880,1.0376,0.9965,,
DATA,A001,1,5897,126374,-0.2502,0.9682,0.0064,1.4038,-7.3853,0.9766,1.0000,,
DATA,A001,1,5898,126384,-0.2484,0.9694,0.0066,1.0986,-8.9111,0.8545,1.0008,,
DATA,A001,1,5899,126394,-0.2445,0.9716,0.0057,0.3662,-10.9253,0.6714,1.0019,,
DATA,A001,1,5900,126404,-0.2372,0.9753,0.0081,-0.1831,-12.0850,0.3662,1.0037,,
DATA,A001,1,5901,126414,-0.2274,0.9748,0.0037,-0.8545,-12.6343,-0.1221,1.0010,,
DATA,A001,1,5902,126424,-0.2228,0.9736,0.0039,-1.5259,-12.3901,-0.5493,0.9988,,
DATA,A001,1,5903,126434,-0.2162,0.9687,0.0022,1.4038,-11.9629,-0.9766,0.9925,,
DATA,A001,1,5904,126444,-0.2167,0.9694,-0.0017,2.1362,-11.2915,-0.6104,0.9934,,
DATA,A001,1,5905,126454,-0.2167,0.9680,-0.0026,1.5259,-11.2305,-0.4883,0.9919,,
DATA,A001,1,5906,126464,-0.2148,0.9753,0.0110,-0.1221,-10.2539,-0.4272,0.9987,,
DATA,A001,1,5907,126474,-0.2130,0.9728,0.0120,-1.6479,-9.8877,-0.2441,0.9960,,
DATA,A001,1,5908,126484,-0.2084,0.9658,0.0093,0.0000,-8.7280,0.5493,0.9880,,
DATA,A001,1,5909,126494,-0.2123,0.9606,0.0076,1.0986,-7.6294,0.9766,0.9838,,
DATA,A001,1,5910,126504,-0.2140,0.9689,0.0115,1.4038,-6.7749,1.6479,0.9924,,
DATA,A001,1,5911,126514,-0.2162,0.9692,0.0118,1.4648,-6.0425,1.3428,0.9931,,
DATA,A001,1,5912,126524,-0.2177,0.9682,0.0115,-0.7935,-5.7983,1.4648,0.9924,,
DATA,A001,1,5913,126534,-0.2174,0.9567,0.0064,-0.9155,-5.6152,1.5869,0.9811,,
DATA,A001,1,5914,126544,-0.2106,0.9448,0.0091,0.2441,-5.0659,1.4648,0.9680,,
DATA,A001,1,5915,126554,-0.2128,0.9528,0.0103,2.5024,-4.5166,1.8311,0.9763,,
DATA,A001,1,5916,126564,-0.2128,0.9543,0.0066,0.4883,-4.4556,1.0986,0.9777,,
DATA,A001,1,5917,126574,-0.2123,0.9521,0.0039,-1.0376,-4.4556,1.0986,0.9755,,
DATA,A001,1,5918,126584,-0.1938,0.9477,-0.0002,-0.3052,-3.1128,1.0376,0.9673,,
DATA,A001,1,5919,126594,-0.1962,0.9509,0.0015,0.2441,-1.2817,1.0376,0.9709,,
DATA,A001,1,5920,126604,-0.2045,0.9506,0.0044,0.9155,1.2207,1.2207,0.9724,,
DATA,A001,1,5921,126614,-0.2003,0.9521,0.0047,1.2817,2.8076,1.4038,0.9730,,
DATA,A001,1,5922,126624,-0.2028,0.9506,0.0005,1.8921,4.6387,1.5259,0.9720,,
DATA,A001,1,5923,126634,-0.2050,0.9479,-0.0004,3.0518,6.2256,1.8311,0.9698,,
DATA,A001,1,5924,126644,-0.1994,0.9565,0.0039,4.2114,8.4229,1.9531,0.9770,,
DATA,A001,1,5925,126654,-0.2011,0.9702,0.0037,4.5166,10.0708,2.0142,0.9908,,
DATA,A001,1,5926,126664,-0.2040,0.9816,-0.0029,3.4790,12.2681,2.1973,1.0026,,
DATA,A001,1,5927,126674,-0.2077,0.9821,-0.0046,2.3804,13.8550,2.3804,1.0038,,
DATA,A001,1,5928,126684,-0.2152,0.9792,0.0008,1.1597,15.8691,2.6855,1.0026,,
DATA,A001,1,5929,126694,-0.2177,0.9743,0.0032,0.8545,17.0898,2.9907,0.9983,,
DATA,A001,1,5930,126704,-0.2274,0.9767,0.0159,1.0376,17.5781,3.1738,1.0030,,
DATA,A001,1,5931,126714,-0.2406,0.9775,0.0100,0.4883,16.6626,3.3569,1.0067,,
DATA,A001,1,5932,126724,-0.2526,0.9868,0.0201,-0.2441,13.6719,3.4790,1.0188,,
DATA,A001,1,5933,126734,-0.2524,0.9931,0.0181,-1.4648,11.4746,3.3569,1.0248,,
DATA,A001,1,5934,126744,-0.2521,0.9899,0.0105,-3.1128,9.3994,3.3569,1.0216,,
DATA,A001,1,5935,126754,-0.2504,0.9760,0.0054,-4.9438,6.4087,3.7842,1.0076,,
DATA,A001,1,5936,126764,-0.2426,0.9699,0.0059,-5.7983,4.2114,3.8452,0.9998,,
DATA,A001,1,5937,126774,-0.2450,0.9597,0.0098,-5.7373,0.6714,4.6387,0.9905,,
DATA,A001,1,5938,126784,-0.2343,0.9482,0.0100,-4.8218,-1.2207,4.7607,0.9767,,
DATA,A001,1,5939,126794,-0.2226,0.9509,0.0103,-1.4648,-1.9531,5.4321,0.9766,,
DATA,A001,1,5940,126804,-0.2045,0.9399,0.0076,-0.1831,-0.4883,4.6997,0.9619,,
DATA,A001,1,5941,126814,-0.1918,0.9509,0.0127,3.1128,2.6855,4.8218,0.9701,,
DATA,A001,1,5942,126824,-0.1913,0.9484,0.0110,3.1738,5.2490,4.6997,0.9676,,
DATA,A001,1,5943,126834,-0.1972,0.9431,0.0086,3.4180,7.3853,3.6621,0.9635,,
DATA,A001,1,5944,126844,-0.1969,0.9362,-0.0004,4.0894,8.3618,4.3945,0.9567,,
DATA,A001,1,5945,126854,-0.1977,0.9399,-0.0063,4.4556,9.2773,5.7983,0.9605,,
DATA,A001,1,5946,126864,-0.1972,0.9440,-0.0070,5.5542,9.7046,6.3477,0.9644,,
DATA,A001,1,5947,126874,-0.1942,0.9611,-0.0039,6.4697,11.1694,7.1411,0.9806,,
DATA,A001,1,5948,126884,-0.2079,0.9777,-0.0100,5.5542,12.3901,7.9346,0.9996,,
DATA,A001,1,5949,126894,-0.2262,0.9789,-0.0329,5.0659,13.0615,8.0566,1.0053,,
DATA,A001,1,5950,126904,-0.2135,0.9687,-0.0363,4.0283,12.3291,9.0332,0.9926,,
DATA,A001,1,5951,126914,-0.2055,0.9584,-0.0295,4.5776,13.0005,9.7656,0.9807,,
DATA,A001,1,5952,126924,-0.2072,0.9562,-0.0280,5.2490,15.4419,9.5215,0.9788,,
DATA,A001,1,5953,126934,-0.2165,0.9628,-0.0183,5.6152,20.0195,7.3242,0.9870,,
DATA,A001,1,5954,126944,-0.2245,0.9682,-0.0107,5.1270,22.7661,5.9814,0.9940,,
DATA,A001,1,5955,126954,-0.2336,0.9621,-0.0097,3.5400,23.8647,5.3711,0.9901,,
DATA,A001,1,5956,126964,-0.2296,0.9614,-0.0053,3.2349,24.4751,4.7607,0.9884,,
DATA,A001,1,5957,126974,-0.2321,0.9543,-0.0017,2.9297,25.8179,3.6011,0.9821,,
DATA,A001,1,5958,126984,-0.2343,0.9521,0.0025,2.8687,26.2451,3.1738,0.9805,,
DATA,A001,1,5959,126994,-0.2382,0.9518,0.0049,2.9907,26.2451,2.9907,0.9812,,
DATA,A001,1,5960,127004,-0.2414,0.9489,0.0030,2.7466,26.0620,2.9907,0.9791,,
DATA,A001,1,5961,127014,-0.2506,0.9528,-0.0009,3.0518,24.4751,3.3569,0.9852,,
DATA,A001,1,5962,127024,-0.2475,0.9575,-0.0083,3.4180,23.0713,3.7231,0.9890,,
DATA,A001,1,5963,127034,-0.2609,0.9660,-0.0053,3.6621,20.1416,4.4556,1.0006,,
DATA,A001,1,5964,127044,-0.2665,0.9704,-0.0083,3.7842,17.6392,4.6997,1.0064,,
DATA,A001,1,5965,127054,-0.2653,0.9731,-0.0141,3.4180,13.9160,4.1504,1.0087,,
DATA,A001,1,5966,127064,-0.2721,0.9716,-0.0117,3.1738,13.0615,3.2959,1.0091,,
DATA,A001,1,5967,127074,-0.2873,0.9724,-0.0112,3.2349,11.4136,2.5635,1.0140,,
DATA,A001,1,5968,127084,-0.2758,0.9677,-0.0227,2.1362,5.0049,4.4556,1.0065,,
DATA,A001,1,5969,127094,-0.2777,0.9633,-0.0307,2.5024,0.3052,4.9438,1.0030,,
DATA,A001,1,5970,127104,-0.2702,0.9545,-0.0307,3.0518,-5.3711,4.1504,0.9925,,
DATA,A001,1,5971,127114,-0.2755,0.9450,-0.0307,3.6011,-8.9722,4.5166,0.9848,,
DATA,A001,1,5972,127124,-0.2650,0.9482,-0.0254,5.3711,-13.7329,4.0894,0.9849,,
DATA,A001,1,5973,127134,-0.2560,0.9555,-0.0153,6.2256,-16.2964,3.6621,0.9893,,
DATA,A001,1,5974,127144,-0.2409,0.9631,-0.0153,5.9814,-17.7002,3.1738,0.9929,,
DATA,A001,1,5975,127154,-0.2333,0.9572,-0.0212,5.3711,-17.6392,2.1362,0.9855,,
DATA,A001,1,5976,127164,-0.2243,0.9531,-0.0205,5.0049,-16.6626,1.5259,0.9793,,
DATA,A001,1,5977,127174,-0.2306,0.9548,-0.0200,4.9438,-15.2588,0.9155,0.9824,,
DATA,A001,1,5978,127184,-0.2306,0.9628,-0.0178,4.8828,-14.0991,0.3662,0.9902,,
DATA,A001,1,5979,127194,-0.2260,0.9670,-0.0122,3.5400,-13.3057,-0.2441,0.9931,,
DATA,A001,1,5980,127204,-0.2287,0.9648,-0.0122,1.8311,-11.5967,-1.0986,0.9916,,
DATA,A001,1,5981,127214,-0.2226,0.9692,-0.0127,1.0986,-10.9863,-1.4038,0.9945,,
DATA,A001,1,5982,127224,-0.2172,0.9579,-0.0163,0.4883,-9.8877,-1.7090,0.9824,,
DATA,A001,1,5983,127234,-0.2165,0.9536,-0.0195,0.6104,-9.1553,-2.0752,0.9780,,
DATA,A001,1,5984,127244,-0.1969,0.9575,-0.0224,0.6714,-7.5684,-1.8311,0.9778,,
DATA,A001,1,5985,127254,-0.1969,0.9587,-0.0244,0.1221,-5.9204,-2.4414,0.9790,,
DATA,A001,1,5986,127264,-0.2057,0.9641,-0.0205,1.5259,-4.5776,-1.7700,0.9860,,
DATA,A001,1,5987,127274,-0.1986,0.9662,-0.0202,2.5635,-5.0659,-1.5259,0.9867,,
DATA,A001,1,5988,127284,-0.1886,0.9631,-0.0246,0.7935,-2.5635,-2.0752,0.9817,,
DATA,A001,1,5989,127294,-0.1982,0.9619,-0.0236,2.5635,-2.0752,-1.7700,0.9823,,
DATA,A001,1,5990,127304,-0.1935,0.9699,-0.0254,3.2959,-1.2817,-0.6714,0.9894,,
DATA,A001,1,5991,127314,-0.1928,0.9672,-0.0290,2.2583,-0.7935,-0.7935,0.9867,,
DATA,A001,1,5992,127324,-0.1869,0.9616,-0.0317,2.8687,0.7324,-0.2441,0.9801,,
DATA,A001,1,5993,127334,-0.1881,0.9626,-0.0297,2.4414,1.8921,-0.1221,0.9813,,
DATA,A001,1,5994,127344,-0.1999,0.9597,-0.0266,5.3711,2.5024,0.6104,0.9806,,
DATA,A001,1,5995,127354,-0.1920,0.9675,-0.0273,6.2256,2.6855,1.0376,0.9867,,
DATA,A001,1,5996,127364,-0.1784,0.9797,-0.0205,3.7842,5.8594,1.2817,0.9960,,
DATA,A001,1,5997,127374,-0.1869,0.9711,-0.0180,3.5400,7.9346,1.8921,0.9891,,
DATA,A001,1,5998,127384,-0.1999,0.9706,-0.0197,1.7090,10.6812,2.3193,0.9912,,
DATA,A001,1,5999,127394,-0.2021,0.9699,-0.0244,2.2583,11.3525,1.4038,0.9910,,
DATA,A001,1,6000,127404,-0.2006,0.9733,-0.0241,2.5024,12.0850,1.2207,0.9941,,
DATA,A001,1,6001,127414,-0.2040,0.9682,-0.0251,3.4790,12.6343,2.0752,0.9898,,
DATA,A001,1,6002,127424,-0.2045,0.9704,-0.0280,3.9062,13.2446,1.8921,0.9921,,
DATA,A001,1,6003,127434,-0.2082,0.9753,-0.0175,3.7231,13.9160,1.5869,0.9974,,
DATA,A001,1,6004,127444,-0.2118,0.9748,-0.0192,2.8687,14.4043,1.7090,0.9977,,
DATA,A001,1,6005,127454,-0.2123,0.9897,-0.0256,0.8545,14.4653,1.2817,1.0125,,
DATA,A001,1,6006,127464,-0.2138,0.9785,-0.0385,-3.4180,14.5264,1.4038,1.0023,,
DATA,A001,1,6007,127474,-0.2152,0.9709,-0.0390,-2.9907,13.9160,1.5869,0.9952,,
DATA,A001,1,6008,127484,-0.2170,0.9616,-0.0324,-0.9155,13.7939,1.9531,0.9863,,
DATA,A001,1,6009,127494,-0.2233,0.9619,-0.0258,0.4883,13.3057,1.4648,0.9878,,
DATA,A001,1,6010,127504,-0.2187,0.9558,-0.0249,0.9766,13.3057,1.6479,0.9808,,
DATA,A001,1,6011,127514,-0.2211,0.9597,-0.0295,2.1362,13.0615,1.4648,0.9852,,
DATA,A001,1,6012,127524,-0.2172,0.9658,-0.0307,2.2583,12.7563,1.2207,0.9904,,
DATA,A001,1,6013,127534,-0.2262,0.9772,-0.0241,-0.1221,12.0239,1.2207,1.0034,,
DATA,A001,1,6014,127544,-0.2289,0.9621,-0.0332,-3.7842,11.5356,1.3428,0.9895,,
DATA,A001,1,6015,127554,-0.2235,0.9521,-0.0319,-3.0518,10.6201,1.2207,0.9785,,
DATA,A001,1,6016,127564,-0.2309,0.9474,-0.0346,-1.6479,10.4370,1.6479,0.9758,,
DATA,A001,1,6017,127574,-0.2333,0.9504,-0.0410,1.0986,8.8501,1.4038,0.9795,,
DATA,A001,1,6018,127584,-0.2350,0.9687,-0.0363,3.2349,7.2632,1.8921,0.9975,,
DATA,A001,1,6019,127594,-0.2328,0.9811,-0.0310,-0.8545,4.8828,2.1973,1.0089,,
DATA,A001,1,6020,127604,-0.2306,0.9709,-0.0278,-2.2583,3.6621,1.4038,0.9983,,
DATA,A001,1,6021,127614,-0.2221,0.9589,-0.0376,2.6245,2.4414,0.5493,0.9850,,
DATA,A001,1,6022,127624,-0.2221,0.9638,-0.0390,3.4790,1.9531,1.0986,0.9898,,
DATA,A001,1,6023,127634,-0.2160,0.9682,-0.0380,3.6011,1.8311,0.9766,0.9927,,
DATA,A001,1,6024,127644,-0.2150,0.9702,-0.0368,2.9907,1.5259,0.4883,0.9944,,
DATA,A001,1,6025,127654,-0.2138,0.9816,-0.0315,-6.8970,2.1973,-0.4883,1.0051,,
DATA,A001,1,6026,127664,-0.2152,0.9418,-0.0437,-7.8125,2.8687,-0.3662,0.9671,,
DATA,A001,1,6027,127674,-0.2074,0.9409,-0.0363,2.1973,2.9907,0.9766,0.9641,,
DATA,A001,1,6028,127684,-0.2079,0.9604,-0.0305,5.7373,3.2959,0.7935,0.9831,,
DATA,A001,1,6029,127694,-0.2145,0.9833,-0.0317,4.6387,4.0894,0.9766,1.0070,,
DATA,A001,1,6030,127704,-0.2106,0.9980,-0.0168,-4.3335,4.8828,0.6104,1.0201,,
DATA,A001,1,6031,127714,-0.2035,0.9350,-0.0334,-6.7139,6.1646,0.4883,0.9575,,
DATA,A001,1,6032,127724,-0.2003,0.9294,-0.0334,0.3052,7.2632,1.4648,0.9513,,
DATA,A001,1,6033,127734,-0.2062,0.9548,-0.0288,6.1646,8.3618,2.4414,0.9772,,
DATA,A001,1,6034,127744,-0.2187,0.9931,-0.0317,1.2817,9.2163,3.1128,1.0174,,
DATA,A001,1,6035,127754,-0.2260,0.9794,-0.0422,-4.6387,8.6060,3.5400,1.0060,,
DATA,A001,1,6036,127764,-0.2221,0.9516,-0.0405,-2.8687,7.5073,3.7231,0.9780,,
DATA,A001,1,6037,127774,-0.2206,0.9457,-0.0422,2.0142,7.0190,4.0283,0.9720,,
DATA,A001,1,6038,127784,-0.2436,0.9619,-0.0344,5.6763,6.7139,2.9907,0.9928,,
DATA,A001,1,6039,127794,-0.2514,0.9709,-0.0319,5.8594,5.6152,2.9297,1.0034,,
DATA,A001,1,6040,127804,-0.2499,0.9992,-0.0305,3.6011,1.5259,3.1128,1.0304,,
DATA,A001,1,6041,127814,-0.2509,0.9765,-0.0449,-6.4697,-0.4272,3.3569,1.0092,,
DATA,A001,1,6042,127824,-0.2316,0.9428,-0.0305,-1.8921,-1.9531,2.5635,0.9713,,
DATA,A001,1,6043,127834,-0.2318,0.9499,-0.0229,3.4180,-2.5024,2.8076,0.9780,,
DATA,A001,1,6044,127844,-0.2350,0.9643,-0.0236,3.9673,-2.6855,1.8921,0.9928,,
DATA,A001,1,6045,127854,-0.2362,0.9887,-0.0266,3.1738,-3.3569,1.3428,1.0169,,
DATA,A001,1,6046,127864,-0.2318,0.9728,-0.0254,-5.8594,-3.4790,0.7935,1.0004,,
DATA,A001,1,6047,127874,-0.2128,0.9577,-0.0263,-3.1128,-3.5400,0.9155,0.9814,,
DATA,A001,1,6048,127884,-0.2106,0.9448,-0.0361,1.1597,-2.0752,2.1973,0.9686,,
DATA,A001,1,6049,127894,-0.2394,0.9623,-0.0256,3.0518,-1.5869,1.0986,0.9920,,
DATA,A001,1,6050,127904,-0.2707,0.9741,-0.0398,-0.1221,-3.6621,-0.3662,1.0117,,
DATA,A001,1,6051,127914,-0.2624,0.9819,-0.0346,-2.6245,-7.3853,-0.5493,1.0169,,
DATA,A001,1,6052,127924,-0.2355,0.9628,-0.0297,-1.5869,-10.5591,0.3052,0.9917,,
DATA,A001,1,6053,127934,-0.2323,0.9587,-0.0278,-1.2817,-11.6577,0.3662,0.9868,,
DATA,A001,1,6054,127944,-0.2211,0.9572,-0.0271,-2.1973,-11.8408,0.0000,0.9828,,
DATA,A001,1,6055,127954,-0.2196,0.9677,-0.0285,-3.4180,-11.1084,0.3052,0.9927,,
DATA,A001,1,6056,127964,-0.2416,0.9562,-0.0373,-2.6245,-10.9863,0.4883,0.9870,,
DATA,A001,1,6057,127974,-0.2443,0.9540,-0.0293,0.3662,-12.8174,1.2207,0.9853,,
DATA,A001,1,6058,127984,-0.2287,0.9697,-0.0224,1.5259,-15.7471,0.9766,0.9965,,
DATA,A001,1,6059,127994,-0.2123,0.9855,-0.0109,-1.2817,-16.7236,1.0376,1.0082,,
DATA,A001,1,6060,128004,-0.2170,0.9633,-0.0258,-5.3101,-15.6860,0.7324,0.9878,,
DATA,A001,1,6061,128014,-0.2316,0.9614,-0.0229,-0.9766,-16.1133,1.0376,0.9891,,
DATA,A001,1,6062,128024,-0.2284,0.9616,-0.0222,0.3052,-18.3105,0.7324,0.9886,,
DATA,A001,1,6063,128034,-0.2179,0.9692,-0.0200,1.0986,-18.9819,0.9766,0.9936,,
DATA,A001,1,6064,128044,-0.2055,0.9811,-0.0229,-2.7466,-17.8833,0.8545,1.0027,,
DATA,A001,1,6065,128054,-0.2018,0.9777,-0.0202,-3.8452,-16.5405,1.0986,0.9985,,
DATA,A001,1,6066,128064,-0.2043,0.9665,-0.0266,-1.7700,-16.0522,1.8921,0.9882,,
DATA,A001,1,6067,128074,-0.1891,0.9655,-0.0222,-0.9766,-14.6484,1.8921,0.9841,,
DATA,A001,1,6068,128084,-0.1881,0.9682,-0.0217,-0.9766,-11.7798,1.5259,0.9866,,
DATA,A001,1,6069,128094,-0.1942,0.9755,-0.0178,-1.4038,-8.1177,1.9531,0.9948,,
DATA,A001,1,6070,128104,-0.2001,0.9721,-0.0131,-2.0752,-6.3477,2.3193,0.9926,,
DATA,A001,1,6071,128114,-0.2011,0.9719,-0.0087,-2.3193,-3.1128,2.0142,0.9925,,
DATA,A001,1,6072,128124,-0.2062,0.9638,-0.0171,-2.3804,-1.7090,2.1362,0.9858,,
DATA,A001,1,6073,128134,-0.2023,0.9587,-0.0214,-1.7700,-0.4272,2.3804,0.9800,,
DATA,A001,1,6074,128144,-0.2082,0.9611,-0.0202,-1.1597,1.0376,2.5024,0.9836,,
DATA,A001,1,6075,128154,-0.2184,0.9697,-0.0146,-1.4038,2.3193,2.9907,0.9941,,
DATA,A001,1,6076,128164,-0.2248,0.9665,-0.0151,-1.8921,2.5024,3.0518,0.9924,,
DATA,A001,1,6077,128174,-0.2253,0.9660,-0.0127,-2.8076,2.0752,3.1738,0.9920,,
DATA,A001,1,6078,128184,-0.2257,0.9589,-0.0129,-2.7466,1.8311,3.0518,0.9852,,
DATA,A001,1,6079,128194,-0.2235,0.9589,-0.0044,-2.5635,1.8311,2.8687,0.9846,,
DATA,A001,1,6080,128204,-0.2267,0.9565,-0.0073,-2.3193,1.5869,2.9297,0.9830,,
DATA,A001,1,6081,128214,-0.2270,0.9616,-0.0092,-1.9531,0.6104,3.0518,0.9881,,
DATA,A001,1,6082,128224,-0.2292,0.9567,0.0032,-1.3428,0.3662,2.8076,0.9838,,
DATA,A001,1,6083,128234,-0.2231,0.9604,-0.0092,-1.0376,-0.5493,2.6855,0.9860,,
DATA,A001,1,6084,128244,-0.2272,0.9621,-0.0234,-0.6714,-1.0376,2.8076,0.9888,,
DATA,A001,1,6085,128254,-0.2170,0.9687,-0.0207,-0.3052,-1.3428,2.7466,0.9929,,
DATA,A001,1,6086,128264,-0.2177,0.9726,-0.0127,-0.6104,-0.1221,2.6245,0.9967,,
DATA,A001,1,6087,128274,-0.2221,0.9682,-0.0078,-1.4038,0.3662,2.5024,0.9934,,
DATA,A001,1,6088,128284,-0.2213,0.9628,-0.0022,-1.5259,-0.0610,2.4414,0.9879,,
DATA,A001,1,6089,128294,-0.2279,0.9587,0.0059,-0.1831,-0.4272,2.5024,0.9854,,
DATA,A001,1,6090,128304,-0.2279,0.9687,0.0054,0.0000,-1.1597,2.0752,0.9952,,
DATA,A001,1,6091,128314,-0.2250,0.9736,0.0076,-0.1221,-3.2959,2.8687,0.9993,,
DATA,A001,1,6092,128324,-0.2248,0.9702,0.0037,-1.0986,-3.8452,3.2959,0.9959,,
DATA,A001,1,6093,128334,-0.2172,0.9592,-0.0051,-2.1973,-4.2114,3.9062,0.9835,,
DATA,A001,1,6094,128344,-0.2143,0.9575,-0.0046,-2.3193,-4.2114,5.0659,0.9812,,
DATA,A001,1,6095,128354,-0.2045,0.9606,-0.0122,-2.1973,-3.9673,6.2256,0.9822,,
DATA,A001,1,6096,128364,-0.2077,0.9653,-0.0068,-3.3569,-3.6011,7.0190,0.9874,,
DATA,A001,1,6097,128374,-0.1894,0.9609,-0.0163,-3.2349,-0.1831,5.6152,0.9795,,
DATA,A001,1,6098,128384,-0.1816,0.9526,-0.0188,-2.4414,3.1128,5.1880,0.9699,,
DATA,A001,1,6099,128394,-0.1808,0.9526,-0.0246,-1.8311,7.2632,5.3101,0.9699,,
DATA,A001,1,6100,128404,-0.1837,0.9599,-0.0376,-0.4272,14.0991,4.0283,0.9781,,
DATA,A001,1,6101,128414,-0.1879,0.9616,-0.0449,-0.2441,17.9443,2.3193,0.9808,,
DATA,A001,1,6102,128424,-0.1891,0.9611,-0.0459,-1.0986,22.6440,1.8311,0.9806,,
DATA,A001,1,6103,128434,-0.1842,0.9650,-0.0322,-1.4648,25.9399,1.1597,0.9830,,
DATA,A001,1,6104,128444,-0.1862,0.9719,-0.0078,-2.3193,30.5786,0.2441,0.9896,,
DATA,A001,1,6105,128454,-0.2001,0.9724,0.0042,-2.9907,33.0811,0.0000,0.9927,,
DATA,A001,1,6106,128464,-0.2133,0.9792,0.0205,-4.1504,35.4614,-0.3662,1.0024,,
DATA,A001,1,6107,128474,-0.2206,0.9789,0.0262,-4.8218,35.3394,-0.4272,1.0038,,
DATA,A001,1,6108,128484,-0.2152,0.9692,0.0218,-5.2490,34.4238,0.1221,0.9930,,
DATA,A001,1,6109,128494,-0.2140,0.9599,0.0142,-5.4932,34.3018,0.6104,0.9836,,
DATA,A001,1,6110,128504,-0.2199,0.9667,0.0010,-4.9438,34.9121,0.4272,0.9914,,
DATA,A001,1,6111,128514,-0.2204,0.9702,0.0052,-5.3101,34.3018,0.3662,0.9949,,
DATA,A001,1,6112,128524,-0.2191,0.9628,0.0100,-5.7373,33.5083,1.1597,0.9875,,
DATA,A001,1,6113,128534,-0.2240,0.9514,0.0125,-5.9204,32.5928,1.8311,0.9775,,
DATA,A001,1,6114,128544,-0.2350,0.9440,0.0105,-4.2114,31.6772,1.7090,0.9729,,
DATA,A001,1,6115,128554,-0.2441,0.9523,0.0108,-2.9297,30.3955,1.0986,0.9832,,
DATA,A001,1,6116,128564,-0.2541,0.9560,0.0047,-1.8311,26.6724,1.5259,0.9892,,
DATA,A001,1,6117,128574,-0.2458,0.9579,0.0013,-1.4648,24.3530,2.0142,0.9890,,
DATA,A001,1,6118,128584,-0.2419,0.9528,-0.0041,-0.4883,21.8506,2.5635,0.9830,,
DATA,A001,1,6119,128594,-0.2445,0.9589,-0.0026,0.3052,20.6909,2.9907,0.9896,,
DATA,A001,1,6120,128604,-0.2545,0.9628,-0.0007,0.7324,17.2729,3.0518,0.9959,,
DATA,A001,1,6121,128614,-0.2648,0.9687,-0.0039,0.6104,14.6484,3.1128,1.0042,,
DATA,A001,1,6122,128624,-0.2602,0.9670,-0.0039,0.5493,10.4980,2.9907,1.0014,,
DATA,A001,1,6123,128634,-0.2599,0.9623,-0.0175,0.4883,7.6904,2.8687,0.9970,,
DATA,A001,1,6124,128644,-0.2411,0.9645,-0.0236,0.3662,3.9673,2.7466,0.9945,,
DATA,A001,1,6125,128654,-0.2250,0.9653,-0.0327,0.1831,2.8076,3.1128,0.9917,,
DATA,A001,1,6126,128664,-0.2360,0.9641,-0.0214,0.4272,2.3804,2.8687,0.9927,,
DATA,A001,1,6127,128674,-0.2443,0.9548,-0.0210,0.6714,1.4648,2.3193,0.9858,,
DATA,A001,1,6128,128684,-0.2467,0.9504,-0.0202,1.5869,-1.3428,2.0752,0.9821,,
DATA,A001,1,6129,128694,-0.2426,0.9533,-0.0100,2.4414,-2.9907,1.9531,0.9837,,
DATA,A001,1,6130,128704,-0.2333,0.9643,-0.0044,2.6855,-4.5166,1.8311,0.9921,,
DATA,A001,1,6131,128714,-0.2255,0.9733,-0.0041,2.2583,-4.6997,1.5869,0.9991,,
DATA,A001,1,6132,128724,-0.2204,0.9704,-0.0080,1.0986,-4.2725,1.7090,0.9951,,
DATA,A001,1,6133,128734,-0.2211,0.9636,-0.0070,0.1221,-3.6011,1.8311,0.9886,,
DATA,A001,1,6134,128744,-0.2228,0.9587,-0.0066,0.1221,-3.2959,2.1973,0.9843,,
DATA,A001,1,6135,128754,-0.2265,0.9601,-0.0031,0.5493,-3.8452,2.3804,0.9865,,
DATA,A001,1,6136,128764,-0.2294,0.9658,-0.0019,0.9766,-4.5776,2.5635,0.9926,,
DATA,A001,1,6137,128774,-0.2304,0.9711,0.0093,0.4272,-5.5542,2.5024,0.9981,,
DATA,A001,1,6138,128784,-0.2216,0.9692,0.0100,0.0610,-5.9204,2.3804,0.9942,,
DATA,A001,1,6139,128794,-0.2123,0.9677,0.0057,0.0610,-5.4932,2.6855,0.9907,,
DATA,A001,1,6140,128804,-0.2099,0.9621,0.0039,-0.1221,-5.0049,2.5024,0.9847,,
DATA,A001,1,6141,128814,-0.2148,0.9645,0.0022,0.0000,-4.2114,2.5024,0.9882,,
DATA,A001,1,6142,128824,-0.2133,0.9636,0.0010,0.1221,-3.9062,2.6245,0.9869,,
DATA,A001,1,6143,128834,-0.2099,0.9665,-0.0022,0.3662,-3.6621,2.9297,0.9890,,
DATA,A001,1,6144,128844,-0.2096,0.9665,-0.0073,0.6104,-3.3569,2.9907,0.9890,,
DATA,A001,1,6145,128854,-0.2069,0.9662,-0.0124,0.8545,-2.6245,3.1128,0.9882,,
DATA,A001,1,6146,128864,-0.2038,0.9667,-0.0139,0.7935,-1.6479,3.2349,0.9881,,
DATA,A001,1,6147,128874,-0.2025,0.9692,-0.0139,0.1831,0.1221,3.0518,0.9902,,
DATA,A001,1,6148,128884,-0.2011,0.9677,-0.0136,-0.1221,1.4038,2.8687,0.9885,,
DATA,A001,1,6149,128894,-0.2069,0.9616,-0.0141,-0.6104,3.3569,2.8687,0.9837,,
DATA,A001,1,6150,128904,-0.2069,0.9558,-0.0180,-0.9155,4.0283,2.8687,0.9781,,
DATA,A001,1,6151,128914,-0.2096,0.9504,-0.0168,-0.6714,5.1880,2.4414,0.9734,,
DATA,A001,1,6152,128924,-0.2072,0.9477,-0.0195,0.2441,5.4932,2.4414,0.9703,,
DATA,A001,1,6153,128934,-0.2055,0.9482,-0.0180,1.7700,6.3477,2.4414,0.9704,,
DATA,A001,1,6154,128944,-0.2065,0.9479,-0.0185,2.8687,6.7139,2.2583,0.9703,,
DATA,A001,1,6155,128954,-0.2043,0.9572,-0.0190,3.9062,7.5073,2.0142,0.9789,,
DATA,A001,1,6156,128964,-0.2033,0.9592,-0.0212,4.2725,8.1787,2.0752,0.9807,,
DATA,A001,1,6157,128974,-0.2043,0.9628,-0.0178,4.6997,9.4604,2.0752,0.9844,,
DATA,A001,1,6158,128984,-0.2038,0.9677,-0.0151,4.5776,9.8877,2.0142,0.9890,,
DATA,A001,1,6159,128994,-0.2072,0.9662,-0.0131,3.9673,10.8032,2.3193,0.9883,,
DATA,A001,1,6160,129004,-0.2101,0.9655,-0.0136,4.0894,11.0474,2.4414,0.9882,,
DATA,A001,1,6161,129014,-0.2040,0.9667,-0.0066,3.6011,11.9019,2.5024,0.9881,,
DATA,A001,1,6162,129024,-0.2055,0.9721,-0.0095,3.6621,12.2070,2.4414,0.9936,,
DATA,A001,1,6163,129034,-0.2047,0.9758,-0.0241,3.1738,13.1226,2.4414,0.9973,,
DATA,A001,1,6164,129044,-0.2052,0.9824,-0.0258,2.3804,13.7939,2.5024,1.0039,,
DATA,A001,1,6165,129054,-0.2040,0.9777,-0.0227,1.6479,14.2212,2.5635,0.9990,,
DATA,A001,1,6166,129064,-0.2104,0.9704,-0.0141,0.7324,15.3809,2.6245,0.9930,,
DATA,A001,1,6167,129074,-0.2165,0.9653,-0.0109,0.3662,15.5029,2.7466,0.9893,,
DATA,A001,1,6168,129084,-0.2228,0.9594,-0.0085,1.2207,15.0757,2.6245,0.9850,,
DATA,A001,1,6169,129094,-0.2250,0.9633,-0.0129,1.7090,14.9536,2.5024,0.9893,,
DATA,A001,1,6170,129104,-0.2267,0.9733,-0.0136,1.8311,13.9160,2.6245,0.9995,,
DATA,A001,1,6171,129114,-0.2294,0.9763,-0.0139,1.0986,13.3667,2.5635,1.0029,,
DATA,A001,1,6172,129124,-0.2287,0.9704,-0.0219,0.1221,11.8408,2.6855,0.9972,,
DATA,A001,1,6173,129134,-0.2326,0.9638,-0.0256,-0.2441,10.7422,3.0518,0.9918,,
DATA,A001,1,6174,129144,-0.2372,0.9645,-0.0249,0.0610,8.7280,3.2349,0.9936,,
DATA,A001,1,6175,129154,-0.2441,0.9641,-0.0202,0.3052,6.8359,3.3569,0.9947,,
DATA,A001,1,6176,129164,-0.2399,0.9614,-0.0163,0.3662,3.8452,3.2349,0.9910,,
DATA,A001,1,6177,129174,-0.2296,0.9601,-0.0168,-0.0610,2.1362,3.0518,0.9874,,
DATA,A001,1,6178,129184,-0.2191,0.9548,-0.0190,0.6104,0.9155,2.7466,0.9798,,
DATA,A001,1,6179,129194,-0.2177,0.9579,-0.0197,0.9155,0.4883,2.5024,0.9826,,
DATA,A001,1,6180,129204,-0.2111,0.9565,-0.0256,1.9531,0.4272,2.0142,0.9798,,
DATA,A001,1,6181,129214,-0.2118,0.9567,-0.0280,2.1362,0.9155,1.8921,0.9803,,
DATA,A001,1,6182,129224,-0.1979,0.9655,-0.0263,2.2583,1.8921,1.7700,0.9859,,
DATA,A001,1,6183,129234,-0.2033,0.9650,-0.0258,2.5635,3.0518,1.6479,0.9865,,
DATA,A001,1,6184,129244,-0.2040,0.9694,-0.0271,2.8687,4.2725,1.4648,0.9910,,
DATA,A001,1,6185,129254,-0.2038,0.9731,-0.0263,2.9297,4.6997,1.4038,0.9945,,
DATA,A001,1,6186,129264,-0.2047,0.9758,-0.0349,2.1973,5.1880,1.4038,0.9976,,
DATA,A001,1,6187,129274,-0.1999,0.9767,-0.0319,1.7700,5.8594,1.6479,0.9975,,
DATA,A001,1,6188,129284,-0.1964,0.9641,-0.0441,1.1597,6.4697,1.7700,0.9849,,
DATA,A001,1,6189,129294,-0.2023,0.9579,-0.0520,1.2207,6.6528,1.8311,0.9805,,
DATA,A001,1,6190,129304,-0.2043,0.9609,-0.0454,1.7700,7.0801,1.8311,0.9834,,
DATA,A001,1,6191,129314,-0.2001,0.9609,-0.0417,1.8311,7.7515,2.0142,0.9824,,
DATA,A001,1,6192,129324,-0.1950,0.9638,-0.0202,2.2583,9.9487,2.1362,0.9835,,
DATA,A001,1,6193,129334,-0.1969,0.9670,-0.0151,2.2583,12.2070,2.1362,0.9869,,
DATA,A001,1,6194,129344,-0.2067,0.9670,-0.0083,2.1973,14.7095,1.7090,0.9889,,
DATA,A001,1,6195,129354,-0.2160,0.9728,0.0000,1.8311,16.0522,1.2207,0.9965,,
DATA,A001,1,6196,129364,-0.2206,0.9697,0.0035,0.9766,16.7847,1.3428,0.9945,,
DATA,A001,1,6197,129374,-0.2221,0.9682,-0.0048,0.3662,16.4795,1.6479,0.9934,,
DATA,A001,1,6198,129384,-0.2331,0.9648,-0.0131,0.4272,15.6250,1.6479,0.9926,,
DATA,A001,1,6199,129394,-0.2362,0.9658,-0.0124,-0.0610,12.8174,2.6855,0.9943,,
DATA,A001,1,6200,129404,-0.2314,0.9638,-0.0112,0.6714,10.9863,2.8687,0.9912,,
DATA,A001,1,6201,129414,-0.2204,0.9697,-0.0239,0.6714,8.4229,2.4414,0.9947,,
DATA,A001,1,6202,129424,-0.2160,0.9716,-0.0471,-0.6104,7.0801,3.6011,0.9964,,
DATA,A001,1,6203,129434,-0.2172,0.9785,-0.0473,-1.7700,5.6152,3.7231,1.0034,,
DATA,A001,1,6204,129444,-0.2118,0.9631,-0.0534,-1.8921,5.9814,3.4180,0.9875,,
DATA,A001,1,6205,129454,-0.2067,0.9606,-0.0471,-0.1221,6.6528,1.8921,0.9837,,
DATA,A001,1,6206,129464,-0.2082,0.9560,-0.0451,-0.1221,6.6528,1.9531,0.9794,,
DATA,A001,1,6207,129474,-0.2113,0.9533,-0.0434,1.0376,6.6528,1.9531,0.9774,,
DATA,A001,1,6208,129484,-0.2130,0.9582,-0.0446,1.6479,6.5308,1.5259,0.9826,,
DATA,A001,1,6209,129494,-0.2082,0.9648,-0.0346,2.1362,6.1035,1.5259,0.9876,,
DATA,A001,1,6210,129504,-0.2133,0.9643,-0.0312,1.8921,6.4087,1.7090,0.9881,,
DATA,A001,1,6211,129514,-0.2160,0.9619,-0.0337,1.9531,6.2866,2.0142,0.9864,,
DATA,A001,1,6212,129524,-0.2221,0.9621,-0.0344,2.2583,5.9814,2.1973,0.9880,,
DATA,A001,1,6213,129534,-0.2179,0.9641,-0.0368,2.9297,5.0659,2.5635,0.9891,,
DATA,A001,1,6214,129544,-0.2218,0.9658,-0.0412,0.3662,3.7231,3.5400,0.9918,,
DATA,A001,1,6215,129554,-0.2216,0.9550,-0.0544,1.2817,2.2583,2.9907,0.9819,,
DATA,A001,1,6216,129564,-0.2121,0.9660,-0.0390,3.4180,2.1973,1.8311,0.9898,,
DATA,A001,1,6217,129574,-0.2062,0.9662,-0.0400,3.4790,2.9907,1.0986,0.9888,,
DATA,A001,1,6218,129584,-0.1957,0.9660,-0.0400,3.7231,3.7842,0.7324,0.9864,,
DATA,A001,1,6219,129594,-0.1842,0.9709,-0.0200,3.6011,6.3477,0.2441,0.9884,,
DATA,A001,1,6220,129604,-0.2091,0.9733,-0.0212,3.7842,7.9346,-0.3662,0.9958,,
DATA,A001,1,6221,129614,-0.2521,0.9733,-0.0254,-2.3193,5.8594,-2.1973,1.0058,,
DATA,A001,1,6222,129624,-0.2550,0.9641,-0.0317,-3.9673,2.0142,-2.5024,0.9977,,
DATA,A001,1,6223,129634,-0.2394,0.9536,-0.0344,0.0000,-2.5635,-2.3804,0.9837,,
DATA,A001,1,6224,129644,-0.2243,0.9633,-0.0307,1.7700,-4.1504,-2.0752,0.9896,,
DATA,A001,1,6225,129654,-0.2096,0.9799,-0.0266,-0.6104,-5.8594,-1.2817,1.0024,,
DATA,A001,1,6226,129664,-0.2021,0.9694,-0.0327,-1.9531,-5.2490,-1.4038,0.9908,,
DATA,A001,1,6227,129674,-0.1867,0.9606,-0.0341,-0.9155,-3.5400,-0.6714,0.9792,,
DATA,A001,1,6228,129684,-0.1867,0.9594,-0.0380,-3.7231,-2.1973,-0.3052,0.9781,,
DATA,A001,1,6229,129694,-0.1952,0.9540,-0.0446,-2.0142,0.1221,-0.3052,0.9748,,
DATA,A001,1,6230,129704,-0.2030,0.9570,-0.0395,-0.5493,0.9766,0.2441,0.9791,,
DATA,A001,1,6231,129714,-0.2148,0.9736,-0.0337,-0.3662,1.1597,0.3052,0.9975,,
DATA,A001,1,6232,129724,-0.2206,0.9636,-0.0434,-3.3569,1.0376,0.8545,0.9894,,
DATA,A001,1,6233,129734,-0.2248,0.9601,-0.0380,-0.1221,0.3662,1.8921,0.9868,,
DATA,A001,1,6234,129744,-0.2216,0.9694,-0.0307,3.9673,-1.3428,2.0142,0.9949,,
DATA,A001,1,6235,129754,-0.2113,0.9758,-0.0376,2.9907,-2.1362,2.1362,0.9991,,
DATA,A001,1,6236,129764,-0.2201,0.9745,-0.0293,-1.0986,-1.9531,2.0142,0.9995,,
DATA,A001,1,6237,129774,-0.2235,0.9719,-0.0263,-0.9155,-2.3804,2.0752,0.9976,,
DATA,A001,1,6238,129784,-0.2130,0.9655,-0.0305,-1.8311,-4.1504,2.6855,0.9892,,
DATA,A001,1,6239,129794,-0.2021,0.9755,-0.0173,0.3662,-4.5776,2.4414,0.9964,,
DATA,A001,1,6240,129804,-0.2055,0.9841,-0.0183,-1.4038,-3.6621,2.3804,1.0055,,
DATA,A001,1,6241,129814,-0.2079,0.9821,-0.0109,-5.0049,-2.4414,2.1362,1.0039,,
DATA,A001,1,6242,129824,-0.1984,0.9619,-0.0217,-2.5635,-1.0376,2.2583,0.9823,,
DATA,A001,1,6243,129834,-0.1940,0.9687,-0.0256,-6.1646,0.6104,3.6011,0.9883,,
DATA,A001,1,6244,129844,-0.2016,0.9526,-0.0217,-4.2114,2.9907,2.2583,0.9739,,
DATA,A001,1,6245,129854,-0.2072,0.9604,-0.0202,-3.1128,4.3945,2.5635,0.9827,,
DATA,A001,1,6246,129864,-0.2128,0.9567,-0.0254,-4.0283,4.6997,2.5635,0.9804,,
DATA,A001,1,6247,129874,-0.2145,0.9567,-0.0234,-6.0425,3.4180,2.7466,0.9808,,
DATA,A001,1,6248,129884,-0.2121,0.9687,-0.0410,-5.4932,3.3569,3.4180,0.9925,,
DATA,A001,1,6249,129894,-0.2052,0.9699,-0.0395,-3.1738,4.0283,2.9297,0.9922,,
DATA,A001,1,6250,129904,-0.2069,0.9787,-0.0271,-4.8218,4.8218,3.2959,1.0007,,
DATA,A001,1,6251,129914,-0.2143,0.9650,-0.0324,-4.2114,6.6528,3.1738,0.9891,,
DATA,A001,1,6252,129924,-0.2238,0.9619,-0.0227,-2.8687,7.2632,3.1738,0.9878,,
DATA,A001,1,6253,129934,-0.2301,0.9689,-0.0244,-1.7090,7.1411,2.9907,0.9962,,
DATA,A001,1,6254,129944,-0.2431,0.9694,-0.0312,-3.8452,5.3101,3.6621,0.9999,,
DATA,A001,1,6255,129954,-0.2367,0.9658,-0.0297,-3.1128,3.7842,3.2959,0.9948,,
DATA,A001,1,6256,129964,-0.2311,0.9645,-0.0163,-1.5869,2.9907,3.0518,0.9920,,
DATA,A001,1,6257,129974,-0.2365,0.9653,-0.0229,-1.4648,1.7090,2.7466,0.9941,,
DATA,A001,1,6258,129984,-0.2282,0.9643,-0.0158,-0.9766,-1.1597,2.5635,0.9911,,
DATA,A001,1,6259,129994,-0.2262,0.9601,-0.0224,-0.4883,-2.2583,2.0752,0.9867,,
DATA,A001,1,6260,130004,-0.2279,0.9655,-0.0153,0.0000,-3.5400,1.9531,0.9922,,
DATA,A001,1,6261,130014,-0.2426,0.9697,-0.0166,0.2441,-4.3335,1.5869,0.9997,,
DATA,A001,1,6262,130024,-0.2270,0.9682,-0.0202,-1.0986,-8.9722,2.1973,0.9947,,
DATA,A001,1,6263,130034,-0.2106,0.9650,-0.0171,-1.2207,-9.9487,1.5259,0.9879,,
DATA,A001,1,6264,130044,-0.1960,0.9670,-0.0266,0.3662,-7.8125,1.1597,0.9870,,
DATA,A001,1,6265,130054,-0.1977,0.9699,-0.0280,-0.0610,-6.4697,1.1597,0.9902,,
DATA,A001,1,6266,130064,-0.1930,0.9675,-0.0344,-0.6104,-5.0049,1.2817,0.9871,,
DATA,A001,1,6267,130074,-0.1840,0.9628,-0.0363,-0.9766,-2.0752,1.3428,0.9809,,
DATA,A001,1,6268,130084,-0.1857,0.9628,-0.0322,-0.9766,0.0000,1.0986,0.9811,,
DATA,A001,1,6269,130094,-0.1906,0.9662,-0.0254,-0.5493,2.8687,0.6104,0.9852,,
DATA,A001,1,6270,130104,-0.1972,0.9687,-0.0171,-0.1221,4.4556,0.2441,0.9887,,
DATA,A001,1,6271,130114,-0.2030,0.9650,-0.0053,0.0610,6.1035,-0.1221,0.9862,,
DATA,A001,1,6272,130124,-0.2045,0.9555,-0.0092,0.7324,6.7139,-0.1831,0.9772,,
DATA,A001,1,6273,130134,-0.2087,0.9523,-0.0114,2.0752,7.3853,-0.3052,0.9750,,
DATA,A001,1,6274,130144,-0.2106,0.9536,-0.0119,2.6855,7.5684,-0.1221,0.9766,,
DATA,A001,1,6275,130154,-0.2111,0.9621,-0.0068,3.7842,7.7515,0.5493,0.9850,,
DATA,A001,1,6276,130164,-0.2140,0.9682,-0.0066,4.0894,7.6904,0.7324,0.9916,,
DATA,A001,1,6277,130174,-0.2165,0.9765,-0.0141,3.3569,7.0801,0.9766,1.0003,,
DATA,A001,1,6278,130184,-0.2204,0.9716,-0.0151,2.6245,6.6528,1.4648,0.9964,,
DATA,A001,1,6279,130194,-0.2187,0.9609,-0.0139,2.0142,5.7983,1.7090,0.9855,,
DATA,A001,1,6280,130204,-0.2201,0.9621,-0.0134,2.2583,5.4321,1.8311,0.9870,,
DATA,A001,1,6281,130214,-0.2267,0.9648,-0.0258,2.2583,4.7607,1.5869,0.9914,,
DATA,A001,1,6282,130224,-0.2272,0.9719,-0.0317,2.2583,3.9062,1.5869,0.9986,,
DATA,A001,1,6283,130234,-0.2182,0.9724,-0.0358,1.7090,2.8076,1.8921,0.9972,,
DATA,A001,1,6284,130244,-0.2179,0.9699,-0.0271,1.5869,2.4414,2.1362,0.9945,,
DATA,A001,1,6285,130254,-0.2238,0.9599,-0.0158,1.8311,1.4038,2.3193,0.9858,,
DATA,A001,1,6286,130264,-0.2274,0.9548,-0.0136,2.3193,0.0610,2.5635,0.9816,,
DATA,A001,1,6287,130274,-0.2255,0.9621,-0.0117,2.9907,-1.8921,2.8687,0.9882,,
DATA,A001,1,6288,130284,-0.2235,0.9655,-0.0097,2.8076,-2.0142,2.9297,0.9911,,
DATA,A001,1,6289,130294,-0.2182,0.9582,-0.0178,1.8311,-2.2583,3.1128,0.9829,,
DATA,A001,1,6290,130304,-0.2165,0.9536,-0.0246,2.2583,-2.3193,3.4790,0.9781,,
DATA,A001,1,6291,130314,-0.2094,0.9611,-0.0288,3.7231,-1.8921,3.9673,0.9841,,
DATA,A001,1,6292,130324,-0.2135,0.9619,-0.0290,4.1504,-1.4038,4.2725,0.9857,,
DATA,A001,1,6293,130334,-0.2238,0.9638,-0.0339,4.0894,-1.9531,4.5166,0.9900,,
DATA,A001,1,6294,130344,-0.2231,0.9653,-0.0278,3.8452,-3.0518,4.5166,0.9911,,
DATA,A001,1,6295,130354,-0.2194,0.9650,-0.0236,3.2959,-4.4556,5.4932,0.9899,,
DATA,A001,1,6296,130364,-0.2113,0.9592,-0.0295,3.8452,-4.8828,4.1504,0.9826,,
DATA,A001,1,6297,130374,-0.2040,0.9589,-0.0329,5.1880,-4.8218,3.4180,0.9809,,
DATA,A001,1,6298,130384,-0.2069,0.9667,-0.0351,5.5542,-4.1504,3.1128,0.9893,,
DATA,A001,1,6299,130394,-0.2091,0.9731,-0.0310,5.3101,-3.6011,2.5024,0.9958,,
DATA,A001,1,6300,130404,-0.2008,0.9706,-0.0234,4.2725,-2.8687,2.3804,0.9915,,
DATA,A001,1,6301,130414,-0.1964,0.9702,-0.0197,3.6621,-1.4648,2.3193,0.9900,,
DATA,A001,1,6302,130424,-0.1974,0.9667,-0.0197,3.1738,0.9766,2.0142,0.9869,,
DATA,A001,1,6303,130434,-0.2038,0.9709,-0.0210,3.1128,2.3804,2.1973,0.9923,,
DATA,A001,1,6304,130444,-0.2045,0.9807,-0.0244,2.5635,4.1504,2.0142,1.0020,,
DATA,A001,1,6305,130454,-0.2055,0.9785,-0.0236,1.5869,4.4556,1.9531,1.0001,,
DATA,A001,1,6306,130464,-0.2055,0.9699,-0.0290,-0.0610,5.1270,2.1973,0.9919,,
DATA,A001,1,6307,130474,-0.2074,0.9660,-0.0290,-0.4883,5.5542,2.2583,0.9884,,
DATA,A001,1,6308,130484,-0.2089,0.9643,-0.0293,-0.6104,6.2866,1.7700,0.9871,,
DATA,A001,1,6309,130494,-0.2099,0.9579,-0.0258,-0.9766,6.4697,1.8311,0.9810,,
DATA,A001,1,6310,130504,-0.2126,0.9540,-0.0214,-0.4883,6.9580,2.0142,0.9777,,
DATA,A001,1,6311,130514,-0.2108,0.9538,-0.0224,0.3662,7.5073,1.7700,0.9771,,
DATA,A001,1,6312,130524,-0.2060,0.9587,-0.0244,0.9155,8.8501,1.5259,0.9809,,
DATA,A001,1,6313,130534,-0.2096,0.9545,-0.0256,1.1597,9.3994,1.7090,0.9776,,
DATA,A001,1,6314,130544,-0.2128,0.9548,-0.0295,1.5869,9.8877,1.5869,0.9786,,
DATA,A001,1,6315,130554,-0.2052,0.9548,-0.0380,2.0142,10.0708,1.6479,0.9773,,
DATA,A001,1,6316,130564,-0.2160,0.9565,-0.0366,2.7466,10.9863,1.8921,0.9812,,
DATA,A001,1,6317,130574,-0.2130,0.9567,-0.0368,3.1128,11.2915,2.0142,0.9809,,
DATA,A001,1,6318,130584,-0.2206,0.9658,-0.0229,3.0518,11.1694,2.5635,0.9909,,
DATA,A001,1,6319,130594,-0.2187,0.9553,-0.0222,1.8311,11.4746,3.6011,0.9802,,
DATA,A001,1,6320,130604,-0.2128,0.9506,-0.0244,0.2441,10.8032,2.6855,0.9745,,
DATA,A001,1,6321,130614,-0.2069,0.9555,-0.0393,3.4180,11.8408,1.2817,0.9784,,
DATA,A001,1,6322,130624,-0.2123,0.9631,-0.0483,0.9155,11.7798,2.5635,0.9874,,
DATA,A001,1,6323,130634,-0.2130,0.9597,-0.0407,2.9907,12.0850,2.5635,0.9839,,
DATA,A001,1,6324,130644,-0.2272,0.9665,-0.0290,0.5493,11.5356,2.6855,0.9933,,
DATA,A001,1,6325,130654,-0.2289,0.9438,-0.0324,-2.5635,10.0098,2.6245,0.9717,,
DATA,A001,1,6326,130664,-0.2160,0.9472,-0.0244,4.6997,9.3384,1.8311,0.9718,,
DATA,A001,1,6327,130674,-0.2284,0.9775,-0.0290,4.0283,8.5449,3.5400,1.0042,,
DATA,A001,1,6328,130684,-0.2221,0.9865,-0.0329,2.0142,7.5073,1.9531,1.0117,,
DATA,A001,1,6329,130694,-0.2065,0.9719,-0.0493,-0.4272,7.6904,0.8545,0.9948,,
DATA,A001,1,6330,130704,-0.2126,0.9714,-0.0388,-0.7935,7.9956,2.6245,0.9951,,
DATA,A001,1,6331,130714,-0.2179,0.9604,-0.0376,-2.4414,8.7280,1.8921,0.9855,,
DATA,A001,1,6332,130724,-0.2082,0.9553,-0.0337,4.1504,10.0708,1.5869,0.9783,,
DATA,A001,1,6333,130734,-0.2304,0.9804,-0.0273,4.9438,10.9253,1.8921,1.0075,,
DATA,A001,1,6334,130744,-0.2345,0.9853,-0.0297,3.6621,10.0708,1.2817,1.0133,,
DATA,A001,1,6335,130754,-0.2282,0.9804,-0.0271,1.7090,7.8125,1.7700,1.0070,,
DATA,A001,1,6336,130764,-0.2250,0.9699,-0.0305,1.1597,6.8359,1.7090,0.9961,,
DATA,A001,1,6337,130774,-0.2184,0.9626,-0.0315,1.5869,5.5542,1.7700,0.9876,,
DATA,A001,1,6338,130784,-0.2140,0.9577,-0.0300,2.3804,5.1880,1.9531,0.9818,,
DATA,A001,1,6339,130794,-0.2135,0.9643,-0.0368,3.4180,4.9438,1.6479,0.9883,,
DATA,A001,1,6340,130804,-0.2182,1.0226,-0.0034,-5.0049,3.0518,1.5869,1.0457,,
DATA,A001,1,6341,130814,-0.2194,0.9382,-0.0529,-11.7188,2.1973,1.8311,0.9649,,
DATA,A001,1,6342,130824,-0.2140,0.9477,-0.0463,2.0142,2.3193,1.3428,0.9727,,
DATA,A001,1,6343,130834,-0.2216,0.9628,-0.0505,4.0894,2.6855,1.4648,0.9893,,
DATA,A001,1,6344,130844,-0.2231,0.9745,-0.0478,5.1270,1.9531,2.0752,1.0009,,
DATA,A001,1,6345,130854,-0.2143,0.9936,-0.0454,2.7466,1.7700,2.1973,1.0174,,
DATA,A001,1,6346,130864,-0.2128,0.9787,-0.0481,-7.1411,1.5259,3.1128,1.0027,,
DATA,A001,1,6347,130874,-0.2106,0.9433,-0.0483,-2.9907,1.6479,1.9531,0.9677,,
DATA,A001,1,6348,130884,-0.2138,0.9465,-0.0424,2.6855,2.3804,1.8311,0.9712,,
DATA,A001,1,6349,130894,-0.2216,0.9641,-0.0405,3.2959,1.7700,1.4038,0.9900,,
DATA,A001,1,6350,130904,-0.2184,0.9736,-0.0427,3.4180,0.9766,1.5259,0.9987,,
DATA,A001,1,6351,130914,-0.2140,0.9726,-0.0407,2.9297,0.1221,1.4648,0.9967,,
DATA,A001,1,6352,130924,-0.2101,0.9692,-0.0393,2.5024,-0.4883,1.3428,0.9925,,
DATA,A001,1,6353,130934,-0.2030,0.9738,-0.0390,1.6479,-0.3662,1.0986,0.9955,,
DATA,A001,1,6354,130944,-0.2023,0.9775,-0.0293,-3.9673,1.4038,0.8545,0.9986,,
DATA,A001,1,6355,130954,-0.2108,0.9604,-0.0439,-4.5166,2.1973,0.9155,0.9842,,
DATA,A001,1,6356,130964,-0.2160,0.9523,-0.0527,-1.8921,1.8311,0.6104,0.9779,,
DATA,A001,1,6357,130974,-0.2067,0.9714,-0.0459,1.2207,1.0986,0.5493,0.9942,,
DATA,A001,1,6358,130984,-0.2011,0.9731,-0.0410,0.4883,1.7090,0.6104,0.9945,,
DATA,A001,1,6359,130994,-0.2018,0.9733,-0.0390,-0.6104,3.2349,0.3052,0.9948,,
DATA,A001,1,6360,131004,-0.1969,0.9894,-0.0478,-1.5869,3.9673,-0.3052,1.0100,,
DATA,A001,1,6361,131014,-0.1950,0.9765,-0.0588,-8.8501,7.2021,-1.8311,0.9975,,
DATA,A001,1,6362,131024,-0.2030,0.9638,-0.0512,-5.5542,7.3853,-0.7935,0.9863,,
DATA,A001,1,6363,131034,-0.2030,0.9689,-0.0371,-4.0283,7.0801,-0.3052,0.9907,,
DATA,A001,1,6364,131044,-0.2011,0.9621,-0.0332,-4.1504,7.9956,-1.0376,0.9834,,
DATA,A001,1,6365,131054,-0.2013,0.9601,-0.0315,-4.2725,9.6436,-2.2583,0.9815,,
DATA,A001,1,6366,131064,-0.2018,0.9638,-0.0339,-4.0894,11.1694,-3.2349,0.9853,,
DATA,A001,1,6367,131074,-0.1950,0.9716,-0.0341,-4.2725,12.9395,-4.2725,0.9916,,
DATA,A001,1,6368,131084,-0.1877,0.9760,-0.0363,-5.4321,15.8081,-5.6152,0.9946,,
DATA,A001,1,6369,131094,-0.1857,0.9670,-0.0383,-5.9814,17.7002,-6.1646,0.9854,,
DATA,A001,1,6370,131104,-0.1820,0.9645,-0.0410,-6.2866,20.0806,-6.5308,0.9824,,
DATA,A001,1,6371,131114,-0.1889,0.9543,-0.0449,-6.1646,21.1792,-7.0190,0.9738,,
DATA,A001,1,6372,131124,-0.1864,0.9496,-0.0503,-5.3101,23.3765,-7.3242,0.9691,,
DATA,A001,1,6373,131134,-0.1825,0.9457,-0.0542,-4.0894,24.4751,-6.8970,0.9647,,
DATA,A001,1,6374,131144,-0.1808,0.9477,-0.0568,-2.3804,27.5269,-6.8970,0.9665,,
DATA,A001,1,6375,131154,-0.1798,0.9533,-0.0539,-0.7935,30.0293,-6.4087,0.9716,,
DATA,A001,1,6376,131164,-0.1813,0.9621,-0.0515,0.1831,34.4849,-5.3101,0.9804,,
DATA,A001,1,6377,131174,-0.1918,0.9687,-0.0525,-0.1831,37.5977,-4.6997,0.9889,,
DATA,A001,1,6378,131184,-0.2013,0.9741,-0.0505,-1.8921,42.0532,-3.3569,0.9959,,
DATA,A001,1,6379,131194,-0.2138,0.9721,-0.0451,-3.1738,44.7998,-2.0142,0.9964,,
DATA,A001,1,6380,131204,-0.2353,0.9736,-0.0427,-4.8218,47.3633,0.1221,1.0025,,
DATA,A001,1,6381,131214,-0.2509,0.9765,-0.0402,-6.5308,47.6074,1.2207,1.0090,,
DATA,A001,1,6382,131224,-0.2802,0.9794,-0.0339,-7.7515,45.7153,2.9297,1.0193,,
DATA,A001,1,6383,131234,-0.2924,0.9814,-0.0317,-8.7891,42.7246,4.0894,1.0245,,
DATA,A001,1,6384,131244,-0.3102,0.9807,-0.0261,-10.4370,35.0342,5.1270,1.0289,,
DATA,A001,1,6385,131254,-0.3241,0.9914,-0.0217,-11.2915,29.1748,5.0659,1.0433,,
DATA,A001,1,6386,131264,-0.3324,0.9938,-0.0197,-13.2446,18.8599,4.2114,1.0481,,
DATA,A001,1,6387,131274,-0.3227,0.9899,-0.0271,-15.1367,12.0850,2.8687,1.0415,,
DATA,A001,1,6388,131284,-0.3175,0.9760,-0.0290,-16.4795,2.8687,1.0986,1.0268,,
DATA,A001,1,6389,131294,-0.3087,0.9655,-0.0319,-15.9912,-4.0894,-0.6714,1.0142,,
DATA,A001,1,6390,131304,-0.2831,0.9531,-0.0305,-14.2822,-14.0381,-2.4414,0.9947,,
DATA,A001,1,6391,131314,-0.2668,0.9496,-0.0288,-12.7563,-18.7988,-3.4790,0.9868,,
DATA,A001,1,6392,131324,-0.2577,0.9335,-0.0322,-10.1929,-24.9023,-4.0283,0.9690,,
DATA,A001,1,6393,131334,-0.2497,0.9243,-0.0307,-7.2021,-28.8696,-4.2114,0.9579,,
DATA,A001,1,6394,131344,-0.2314,0.9142,-0.0246,-2.3804,-33.2031,-3.4790,0.9434,,
DATA,A001,1,6395,131354,-0.2253,0.9116,-0.0197,1.0986,-34.3628,-2.2583,0.9392,,
DATA,A001,1,6396,131364,-0.2265,0.9203,-0.0232,5.6763,-35.0952,0.0610,0.9481,,
DATA,A001,1,6397,131374,-0.2311,0.9357,-0.0173,7.9346,-35.1562,2.0752,0.9640,,
DATA,A001,1,6398,131384,-0.2426,0.9528,-0.0063,8.6060,-35.0342,4.3335,0.9832,,
DATA,A001,1,6399,131394,-0.2416,0.9687,0.0025,6.4697,-35.2783,7.0190,0.9984,,
DATA,A001,1,6400,131404,-0.2467,0.9755,-0.0070,4.4556,-35.7056,8.9111,1.0063,,
DATA,A001,1,6401,131414,-0.2514,0.9838,-0.0178,2.1362,-36.7432,10.4370,1.0156,,
DATA,A001,1,6402,131424,-0.2492,0.9958,-0.0173,-0.1831,-38.4521,10.1929,1.0266,,
DATA,A001,1,6403,131434,-0.2414,1.0009,-0.0171,-1.9531,-39.7949,9.3994,1.0297,,
DATA,A001,1,6404,131444,-0.2372,1.0051,-0.0122,-3.2349,-40.2832,7.5073,1.0328,,
DATA,A001,1,6405,131454,-0.2294,1.0270,-0.0156,-5.2490,-40.4053,3.8452,1.0525,,
DATA,A001,1,6406,131464,-0.2194,1.0493,-0.0144,-6.8970,-39.0015,0.4883,1.0720,,
DATA,A001,1,6407,131474,-0.2062,1.0810,-0.0095,-12.1460,-37.7808,-2.8687,1.1005,,
DATA,A001,1,6408,131484,-0.1691,1.0737,-0.0114,-14.5874,-33.2642,-5.7373,1.0870,,
DATA,A001,1,6409,131494,-0.1427,1.0654,-0.0029,-14.5264,-24.1089,-8.5449,1.0749,,
DATA,A001,1,6410,131504,-0.1288,1.0554,0.0030,-12.4512,-16.1743,-9.1553,1.0632,,
DATA,A001,1,6411,131514,-0.1374,1.0544,0.0269,-9.0942,-5.0659,-9.9487,1.0636,,
DATA,A001,1,6412,131524,-0.1430,1.0583,0.0391,-5.7373,2.4414,-9.6436,1.0686,,
DATA,A001,1,6413,131534,-0.1615,1.0319,0.0535,-7.9956,10.5591,-11.9629,1.0459,,
DATA,A001,1,6414,131544,-0.1759,0.9933,0.0559,-8.8501,14.5874,-11.7188,1.0104,,
DATA,A001,1,6415,131554,-0.1974,0.9509,0.0633,-7.6904,17.0898,-10.1318,0.9732,,
DATA,A001,1,6416,131564,-0.2079,0.9301,0.0613,-6.4697,16.4185,-10.0708,0.9550,,
DATA,A001,1,6417,131574,-0.2123,0.9348,0.0476,-6.4697,12.7563,-8.3008,0.9597,,
DATA,A001,1,6418,131584,-0.2094,0.9411,0.0423,-7.5073,10.2539,-7.6904,0.9650,,
DATA,A001,1,6419,131594,-0.2006,0.9509,0.0371,-8.4229,5.7373,-4.0894,0.9725,,
DATA,A001,1,6420,131604,-0.1923,0.9616,0.0269,-6.5918,5.2490,-2.7466,0.9810,,
DATA,A001,1,6421,131614,-0.2001,0.9780,0.0198,-9.5825,4.5166,1.9531,0.9984,,
DATA,A001,1,6422,131624,-0.1967,0.9858,0.0152,-8.8501,5.3101,1.9531,1.0053,,
DATA,A001,1,6423,131634,-0.2030,0.9846,-0.0114,-12.6343,6.5918,7.9346,1.0053,,
DATA,A001,1,6424,131644,-0.2008,0.9904,-0.0163,-11.9629,7.9346,10.8643,1.0107,,
DATA,A001,1,6425,131654,-0.2079,1.0026,-0.0249,-14.7705,10.9253,14.7705,1.0243,,
DATA,A001,1,6426,131664,-0.2179,1.0004,-0.0180,-13.0615,12.7563,19.1040,1.0240,,
DATA,A001,1,6427,131674,-0.2345,0.9870,0.0000,-14.5874,14.4043,23.2544,1.0145,,
DATA,A001,1,6428,131684,-0.2558,0.9577,0.0042,-15.6250,14.5264,25.0854,0.9913,,
DATA,A001,1,6429,131694,-0.2807,0.9501,0.0279,-11.8408,11.9629,29.7241,0.9911,,
DATA,A001,1,6430,131704,-0.3017,0.9582,0.0494,-10.5591,9.3994,30.5786,1.0058,,
DATA,A001,1,6431,131714,-0.3283,0.9526,0.0591,-10.5591,5.9814,31.0669,1.0093,,
DATA,A001,1,6432,131724,-0.3390,0.9348,0.0821,-9.7046,-1.9531,30.5786,0.9977,,
DATA,A001,1,6433,131734,-0.3280,0.9086,0.0862,-11.9629,-6.7749,28.2593,0.9699,,
DATA,A001,1,6434,131744,-0.3300,0.8698,0.0767,-13.3057,-11.8408,23.2544,0.9335,,
DATA,A001,1,6435,131754,-0.3351,0.8625,0.0655,-12.5732,-15.3198,19.5923,0.9276,,
DATA,A001,1,6436,131764,-0.3224,0.8906,0.0594,-10.1929,-21.4844,11.5967,0.9490,,
DATA,A001,1,6437,131774,-0.2987,0.9106,0.0425,-11.1084,-25.7568,5.3101,0.9593,,
DATA,A001,1,6438,131784,-0.2475,0.9606,0.0335,-9.3994,-26.7944,-1.5869,0.9926,,
DATA,A001,1,6439,131794,-0.2099,0.9816,0.0162,-9.9487,-22.9492,-6.3477,1.0039,,
DATA,A001,1,6440,131804,-0.1610,1.0063,-0.0029,-12.3901,-12.1460,-15.5640,1.0191,,
DATA,A001,1,6441,131814,-0.1230,1.0187,-0.0044,-15.3809,-2.0752,-21.6675,1.0261,,
DATA,A001,1,6442,131824,-0.0363,1.0373,-0.0078,-13.3057,20.9351,-27.5269,1.0380,,
DATA,A001,1,6443,131834,-0.0138,1.0485,-0.0019,-12.1460,40.6494,-33.2642,1.0486,,
DATA,A001,1,6444,131844,-0.0595,1.0441,0.0616,-14.0991,73.7915,-43.0908,1.0476,,
DATA,A001,1,6445,131854,-0.1408,1.0302,0.0901,-17.2729,95.4590,-51.0864,1.0437,,
DATA,A001,1,6446,131864,-0.2702,0.9704,0.0877,-18.1274,124.4507,-69.3970,1.0111,,
DATA,A001,1,6447,131874,-0.3405,0.9487,0.0708,-13.1836,142.0288,-82.2144,1.0104,,
DATA,A001,1,6448,131884,-0.4374,0.9533,0.0833,-7.4463,160.4004,-95.7031,1.0522,,
DATA,A001,1,6449,131894,-0.4689,0.9587,0.1082,-7.9956,164.7339,-104.6753,1.0727,,
DATA,A001,1,6450,131904,-0.4770,0.9667,0.1687,-7.2632,161.1328,-113.4033,1.0911,,
DATA,A001,1,6451,131914,-0.4760,0.9745,0.1988,-7.5684,158.2031,-118.2861,1.1026,,
DATA,A001,1,6452,131924,-0.4750,0.9570,0.1963,-5.5542,159.2407,-123.7793,1.0863,,
DATA,A001,1,6453,131934,-0.5016,0.9421,0.1885,-4.4556,163.2080,-125.9766,1.0838,,
DATA,A001,1,6454,131944,-0.5566,0.9084,0.1697,-12.9395,163.5132,-128.4790,1.0788,,
DATA,A001,1,6455,131954,-0.5446,0.8713,0.1490,-17.0898,160.8276,-124.3896,1.0382,,
DATA,A001,1,6456,131964,-0.5153,0.8461,0.1307,-13.1226,155.8838,-114.3799,0.9993,,
DATA,A001,1,6457,131974,-0.4977,0.8593,0.1231,-10.6812,152.7100,-110.1685,1.0006,,
DATA,A001,1,6458,131984,-0.4850,0.8713,0.0938,-11.5356,146.2402,-102.9053,1.0016,,
DATA,A001,1,6459,131994,-0.4779,0.8571,0.0701,-15.3198,139.5264,-96.4966,0.9839,,
DATA,A001,1,6460,132004,-0.4638,0.8073,0.0415,-19.7754,128.3569,-84.5947,0.9320,,
DATA,A001,1,6461,132014,-0.4587,0.7663,0.0247,-21.1792,120.1172,-76.5991,0.8934,,
DATA,A001,1,6462,132024,-0.4538,0.7289,0.0013,-20.6299,107.7881,-65.4907,0.8586,,
DATA,A001,1,6463,132034,-0.4506,0.7165,-0.0158,-19.3481,99.1211,-58.1665,0.8465,,
DATA,A001,1,6464,132044,-0.4482,0.7258,-0.0451,-17.8833,85.0220,-46.3867,0.8542,,
DATA,A001,1,6465,132054,-0.4357,0.7350,-0.0632,-17.9443,74.8291,-38.0249,0.8568,,
DATA,A001,1,6466,132064,-0.4245,0.7358,-0.0800,-19.3481,63.8428,-29.1138,0.8532,,
DATA,A001,1,6467,132074,-0.4123,0.7331,-0.1140,-22.3999,45.9595,-14.9536,0.8488,,
DATA,A001,1,6468,132084,-0.4106,0.7224,-0.1374,-24.0479,34.4849,-6.0425,0.8422,,
DATA,A001,1,6469,132094,-0.4049,0.7079,-0.1633,-23.4375,16.0522,6.9580,0.8318,,
DATA,A001,1,6470,132104,-0.4108,0.7070,-0.1672,-21.5454,3.8452,15.0146,0.8346,,
DATA,A001,1,6471,132114,-0.4137,0.7202,-0.1704,-19.9585,-15.4419,25.1465,0.8478,,
DATA,A001,1,6472,132124,-0.4069,0.7270,-0.1711,-20.2637,-27.3438,30.6396,0.8505,,
DATA,A001,1,6473,132134,-0.3915,0.7333,-0.1674,-20.3247,-42.9077,38.2690,0.8480,,
DATA,A001,1,6474,132144,-0.3830,0.7365,-0.1579,-19.0430,-51.7578,43.8843,0.8450,,
DATA,A001,1,6475,132154,-0.3742,0.7495,-0.1425,-16.6016,-63.9648,52.7344,0.8497,,
DATA,A001,1,6476,132164,-0.3639,0.7722,-0.1269,-14.7705,-71.3501,58.4717,0.8630,,
DATA,A001,1,6477,132174,-0.3554,0.8278,-0.1154,-11.7188,-80.0781,66.8945,0.9082,,
DATA,A001,1,6478,132184,-0.3432,0.8713,-0.1115,-10.1318,-83.7402,72.5098,0.9430,,
DATA,A001,1,6479,132194,-0.3253,0.9191,-0.1137,-10.8032,-85.8154,79.6509,0.9816,,
DATA,A001,1,6480,132204,-0.3068,0.9299,-0.1233,-12.8174,-84.7778,83.6182,0.9869,,
DATA,A001,1,6481,132214,-0.2968,0.9182,-0.1355,-14.5874,-81.1157,88.5010,0.9744,,
DATA,A001,1,6482,132224,-0.2870,0.8984,-0.1379,-13.7329,-77.8809,90.9424,0.9531,,
DATA,A001,1,6483,132234,-0.2851,0.8806,-0.1394,-10.3149,-73.0591,93.0786,0.9360,,
DATA,A001,1,6484,132244,-0.2775,0.8740,-0.1333,-6.4697,-70.4346,93.9941,0.9266,,
DATA,A001,1,6485,132254,-0.2668,0.8908,-0.1135,0.9766,-69.2139,95.3979,0.9368,,
DATA,A001,1,6486,132264,-0.2611,0.9116,-0.0839,5.3711,-69.9463,95.9473,0.9519,,
DATA,A001,1,6487,132274,-0.2614,0.9489,-0.0437,10.2539,-72.0215,94.3604,0.9852,,
DATA,A001,1,6488,132284,-0.2602,0.9714,-0.0312,12.2070,-73.0591,91.7358,1.0061,,
DATA,A001,1,6489,132294,-0.2548,0.9904,-0.0087,15.0757,-71.8384,87.5854,1.0227,,
DATA,A001,1,6490,132304,-0.2460,0.9992,0.0144,17.0898,-66.7725,83.8623,1.0291,,
DATA,A001,1,6491,132314,-0.2682,1.0273,0.0479,19.3481,-51.6968,75.6836,1.0628,,
DATA,A001,1,6492,132324,-0.2983,1.0410,0.0642,20.0806,-40.9546,70.4346,1.0847,,
DATA,A001,1,6493,132334,-0.3420,1.0434,0.0735,19.0430,-29.1138,62.7441,1.1005,,
DATA,A001,1,6494,132344,-0.3527,1.0344,0.0760,17.7612,-23.2544,56.5796,1.0955,,
DATA,A001,1,6495,132354,-0.3532,1.0051,0.0813,18.6768,-13.1226,47.0581,1.0684,,
DATA,A001,1,6496,132364,-0.3708,1.0012,0.0999,20.5078,-4.4556,40.4663,1.0723,,
DATA,A001,1,6497,132374,-0.3905,1.0078,0.1319,22.8882,5.3101,33.1421,1.0888,,
DATA,A001,1,6498,132384,-0.4152,1.0314,0.2071,24.4751,17.5781,21.6675,1.1310,,
DATA,A001,1,6499,132394,-0.4399,1.0388,0.2290,23.4985,26.4282,11.5356,1.1511,,
DATA,A001,1,6500,132404,-0.5021,1.0537,0.1919,23.3154,43.7012,-8.9722,1.1828,,
DATA,A001,1,6501,132414,-0.6059,1.0817,0.1348,24.1089,58.2886,-26.5503,1.2471,,
DATA,A001,1,6502,132424,-0.8168,1.1442,0.0010,23.2544,75.3174,-60.0586,1.4059,,
DATA,A001,1,6503,132434,-1.0131,1.2036,-0.0429,23.1323,72.0825,-81.6650,1.5738,,
DATA,A001,1,6504,132444,-1.2328,1.3442,0.0291,24.2310,49.0112,-119.9951,1.8241,,
DATA,A001,1,6505,132454,-1.3197,1.4579,0.0381,22.4609,28.0151,-155.1514,1.9669,,
DATA,A001,1,6506,132464,-1.4313,1.6301,-0.0007,16.2354,12.4512,-221.9238,2.1693,,
DATA,A001,1,6507,132474,-1.5197,1.7595,-0.0273,10.8643,18.5547,-271.9116,2.3251,,
DATA,A001,1,6508,132484,-1.8561,1.9763,-0.0119,5.6152,61.4624,-353.9429,2.7113,,
DATA,A001,1,6509,132494,-2.2321,2.1096,0.0860,0.8545,101.7456,-409.2407,3.0724,,
DATA,A001,1,6510,132504,-2.7956,2.2870,0.4751,-19.0430,144.5923,-476.9287,3.6430,,
DATA,A001,1,6511,132514,-2.9787,2.2658,0.6350,-47.5464,143.8599,-509.0332,3.7960,,
DATA,A001,1,6512,132524,-2.9840,1.9260,0.7325,-93.9941,105.9570,-547.7905,3.6263,,
DATA,A001,1,6513,132534,-2.9506,1.6440,0.7137,-117.5537,83.1299,-575.5615,3.4522,,
DATA,A001,1,6514,132544,-2.9142,1.3120,0.5884,-135.3760,50.3540,-621.8262,3.2496,,
DATA,A001,1,6515,132554,-2.8410,1.1782,0.5008,-134.3994,24.4751,-652.8320,3.1161,,
DATA,A001,1,6516,132564,-2.7458,1.1100,0.3289,-119.0796,-8.3618,-700.9277,2.9799,,
DATA,A001,1,6517,132574,-2.6068,1.1489,0.2708,-101.6846,-24.8413,-729.6143,2.8616,,
DATA,A001,1,6518,132584,-2.3715,1.2824,0.1311,-71.1060,-48.8892,-764.4653,2.6992,,
DATA,A001,1,6519,132594,-2.2221,1.3710,-0.0656,-45.7764,-58.2886,-784.0576,2.6118,,
DATA,A001,1,6520,132604,-2.0121,1.4531,-0.4096,-3.2959,-73.4863,-802.1240,2.5155,,
DATA,A001,1,6521,132614,-1.9530,1.4626,-0.5573,23.4985,-92.1631,-805.6030,2.5028,,
DATA,A001,1,6522,132624,-1.8688,1.4558,-0.7321,67.1387,-123.2910,-803.3447,2.4795,,
DATA,A001,1,6523,132634,-1.7516,1.4697,-0.8274,99.6094,-149.3530,-795.9595,2.4316,,
DATA,A001,1,6524,132644,-1.5639,1.5461,-0.9194,142.8223,-187.9272,-781.3110,2.3836,,
DATA,A001,1,6525,132654,-1.3988,1.5886,-0.9326,162.1704,-209.4727,-770.3857,2.3130,,
DATA,A001,1,6526,132664,-1.1501,1.5749,-0.8928,178.1006,-237.4268,-750.8545,2.1448,,
DATA,A001,1,6527,132674,-0.9660,1.5234,-0.9135,182.6172,-249.7559,-736.1450,2.0220,,
DATA,A001,1,6528,132684,-0.6386,1.3671,-0.8364,180.1147,-273.1323,-708.4961,1.7252,,
DATA,A001,1,6529,132694,-0.4223,1.2543,-0.6833,172.3633,-294.3115,-686.1572,1.4895,,
DATA,A001,1,6530,132704,-0.2199,1.1686,-0.5559,161.3770,-313.7207,-662.9639,1.3127,,
DATA,A001,1,6531,132714,0.0628,1.0307,-0.4799,136.4136,-336.6089,-633.2397,1.1387,,
DATA,A001,1,6532,132724,0.2564,0.9724,-0.4277,116.9434,-342.1631,-606.5063,1.0928,,
DATA,A001,1,6533,132734,0.4483,0.8598,-0.5024,86.2427,-326.5991,-554.8706,1.0921,,
DATA,A001,1,6534,132744,0.5894,0.7416,-0.5498,65.4297,-303.8330,-523.4985,1.0953,,
DATA,A001,1,6535,132754,0.7892,0.5231,-0.6059,41.5649,-251.5869,-465.1489,1.1241,,
DATA,A001,1,6536,132764,0.8849,0.3869,-0.6201,34.7900,-203.3081,-426.0864,1.1477,,
DATA,A001,1,6537,132774,0.9735,0.2414,-0.5398,39.7339,-125.6104,-372.1924,1.1390,,
DATA,A001,1,6538,132784,0.9791,0.1945,-0.4140,50.4761,-78.6133,-334.5337,1.0807,,
DATA,A001,1,6539,132794,0.8885,0.1830,-0.2336,66.8335,-25.2075,-278.2593,0.9368,,
DATA,A001,1,6540,132804,0.7928,0.2082,-0.1086,71.4722,-7.9346,-245.6055,0.8269,,
DATA,A001,1,6541,132814,0.6910,0.2258,0.0013,69.9463,-10.5591,-202.3315,0.7270,,
DATA,A001,1,6542,132824,0.6893,0.2104,0.0638,70.3125,-28.0151,-174.9268,0.7235,,
DATA,A001,1,6543,132834,0.7948,0.1562,0.0938,74.1577,-58.7769,-140.7471,0.8154,,
DATA,A001,1,6544,132844,0.9200,0.1159,0.1153,76.4771,-72.7539,-119.3848,0.9344,,
DATA,A001,1,6545,132854,1.1151,0.0466,0.1517,77.0874,-75.6836,-84.4727,1.1263,,
DATA,A001,1,6546,132864,1.2945,-0.0054,0.0743,75.3784,-77.5757,-63.1714,1.2967,,
DATA,A001,1,6547,132874,1.5663,-0.1041,0.0809,80.8105,-60.2417,-25.8179,1.5718,,
DATA,A001,1,6548,132884,1.8228,-0.0692,0.2137,84.3506,-3.8452,-7.8125,1.8366,,
DATA,A001,1,6549,132894,1.5362,-0.0032,0.5752,69.3359,136.4746,10.6812,1.6404,,
DATA,A001,1,6550,132904,0.6937,0.1911,1.0118,58.4717,212.8906,26.3062,1.2415,,
DATA,A001,1,6551,132914,-0.2758,0.2897,1.2564,26.0620,165.0391,39.6118,1.3185,,
DATA,A001,1,6552,132924,-0.2594,-0.1690,0.7498,-13.0005,85.9375,22.3999,0.8112,,
DATA,A001,1,6553,132934,0.5142,-0.4420,0.2486,-40.2222,-26.1841,19.8975,0.7222,,
DATA,A001,1,6554,132944,0.8731,-0.4273,0.2115,-36.4380,-66.9556,46.1426,0.9948,,
DATA,A001,1,6555,132954,1.0201,-0.2984,0.1199,-31.1279,-73.6694,56.9458,1.0696,,
DATA,A001,1,6556,132964,1.0335,-0.2601,0.0999,-27.5269,-82.5806,60.1807,1.0704,,
DATA,A001,1,6557,132974,1.0948,-0.2974,0.1321,-29.4800,-131.2866,78.1250,1.1422,,
DATA,A001,1,6558,132984,1.3087,-0.3563,0.1983,-30.0903,-134.7046,82.7026,1.3707,,
DATA,A001,1,6559,132994,1.6385,-0.3694,0.3850,-9.6436,-11.9629,68.6646,1.7232,,
DATA,A001,1,6560,133004,1.1319,-0.3589,0.3704,-0.1221,100.8301,85.3882,1.2439,,
DATA,A001,1,6561,133014,0.3814,-0.4576,0.2073,-16.7847,190.2466,75.0732,0.6308,,
DATA,A001,1,6562,133024,-0.1591,-0.5975,0.2246,-18.9209,182.9834,49.6216,0.6578,,
DATA,A001,1,6563,133034,-0.4364,-0.6773,0.2452,-0.5493,109.3140,19.7144,0.8422,,
DATA,A001,1,6564,133044,-0.2182,-0.6854,0.1910,-0.7935,53.9551,-11.1694,0.7442,,
DATA,A001,1,6565,133054,0.1046,-0.6675,0.0852,-2.6245,10.9253,-28.9917,0.6810,,
DATA,A001,1,6566,133064,0.4466,-0.6209,-0.0415,7.5684,-7.6294,-40.2832,0.7660,,
DATA,A001,1,6567,133074,0.5184,-0.5652,0.0274,24.2920,-3.0518,-45.6543,0.7675,,
DATA,A001,1,6568,133084,0.5316,-0.4073,0.1831,46.8750,5.9814,-58.1055,0.6943,,
DATA,A001,1,6569,133094,0.5538,-0.3043,0.2259,49.8047,12.4512,-64.5142,0.6710,,
DATA,A001,1,6570,133104,0.5738,-0.2169,0.3716,44.6167,30.5786,-69.2139,0.7172,,
DATA,A001,1,6571,133114,0.5990,-0.2034,0.3606,39.2456,36.3770,-70.1904,0.7282,,
DATA,A001,1,6572,133124,0.8465,-0.2601,0.4844,29.5410,16.7236,-68.6035,1.0094,,
DATA,A001,1,6573,133134,1.1090,-0.2708,0.4485,26.6113,14.3433,-66.0400,1.2265,,
DATA,A001,1,6574,133144,1.2220,-0.2020,0.4278,32.3486,48.0957,-56.5796,1.3104,,
DATA,A001,1,6575,133154,1.1685,-0.1785,0.6661,35.9497,61.4014,-46.6309,1.3568,,
DATA,A001,1,6576,133164,1.3653,-0.1802,0.7915,29.1138,58.3496,-30.7007,1.5884,,
DATA,A001,1,6577,133174,1.3983,-0.2911,0.7369,21.3623,58.5327,-18.0054,1.6071,,
DATA,A001,1,6578,133184,1.1522,-0.3150,0.6973,16.0522,43.8843,9.5215,1.3831,,
DATA,A001,1,6579,133194,1.2020,-0.3243,0.7044,10.1929,8.0566,24.3530,1.4304,,
DATA,A001,1,6580,133204,1.3980,-0.3799,0.7705,4.8218,-33.3862,46.5088,1.6409,,
DATA,A001,1,6581,133214,1.4268,-0.4019,0.7771,6.5918,-19.1650,50.5981,1.6737,,
DATA,A001,1,6582,133224,1.1241,-0.4334,0.9034,12.4512,36.4380,48.4009,1.5058,,
DATA,A001,1,6583,133234,0.8883,-0.4361,1.0420,11.1694,54.3213,48.9502,1.4370,,
DATA,A001,1,6584,133244,0.7801,-0.4693,1.0904,-6.8970,63.1104,40.6494,1.4205,,
DATA,A001,1,6585,133254,0.8331,-0.5091,0.9512,-22.0947,83.1299,28.9307,1.3631,,
DATA,A001,1,6586,133264,0.7655,-0.6834,0.5667,-52.6123,91.1255,32.5317,1.1722,,
DATA,A001,1,6587,133274,0.6427,-0.8323,0.4449,-63.6597,75.1953,36.9873,1.1418,,
DATA,A001,1,6588,133284,0.5521,-0.9175,0.3462,-48.9502,25.5127,30.3345,1.1254,,
DATA,A001,1,6589,133294,0.5992,-0.8304,0.3829,-25.5127,-18.7988,29.4189,1.0932,,
DATA,A001,1,6590,133304,0.8255,-0.5455,0.4993,-5.6152,-75.3784,34.9121,1.1083,,
DATA,A001,1,6591,133314,0.9996,-0.3843,0.5806,-12.2681,-91.9189,39.7339,1.2182,,
DATA,A001,1,6592,133324,1.1913,-0.3094,0.4917,-34.3018,-69.3359,49.3164,1.3254,,
DATA,A001,1,6593,133334,1.1756,-0.3599,0.3606,-42.9077,-29.4800,52.4902,1.2813,,
DATA,A001,1,6594,133344,0.9986,-0.4937,0.3257,-34.6680,44.1284,53.5889,1.1606,,
DATA,A001,1,6595,133354,0.8023,-0.4708,0.3775,-19.0430,62.2559,60.3638,1.0039,,
DATA,A001,1,6596,133364,0.7601,-0.3755,0.3172,-10.1318,46.9971,69.2139,0.9052,,
DATA,A001,1,6597,133374,0.8560,-0.2401,0.2271,-16.9067,26.7334,66.2842,0.9176,,
DATA,A001,1,6598,133384,0.8924,-0.2686,0.1177,-25.6958,54.2603,60.6079,0.9394,,
DATA,A001,1,6599,133394,0.6317,-0.4044,0.1092,-15.3198,97.6562,73.0591,0.7579,,
DATA,A001,1,6600,133404,0.5516,-0.4307,0.1194,-1.0986,96.8018,75.5615,0.7100,,
DATA,A001,1,6601,133414,0.5013,-0.3958,-0.0070,4.5776,92.6514,63.2324,0.6388,,
DATA,A001,1,6602,133424,0.2987,-0.4236,-0.0976,11.8408,119.6289,51.5747,0.5275,,
DATA,A001,1,6603,133434,0.0265,-0.4402,-0.0664,26.1230,131.2866,44.4946,0.4460,,
DATA,A001,1,6604,133444,-0.3271,-0.4246,0.0433,38.8794,123.3521,33.7524,0.5377,,
DATA,A001,1,6605,133454,-0.7145,-0.4075,0.1827,45.7153,84.0454,3.7842,0.8426,,
DATA,A001,1,6606,133464,-0.7392,-0.4390,0.2588,41.5649,39.5508,-17.2119,0.8978,,
DATA,A001,1,6607,133474,-0.5729,-0.5259,0.5445,31.7993,-32.1045,-50.9644,0.9494,,
DATA,A001,1,6608,133484,-0.3483,-0.5230,0.6812,29.3579,-61.5845,-78.9185,0.9268,,
DATA,A001,1,6609,133494,0.0663,-0.4422,0.5652,29.6631,-59.5703,-118.2861,0.7207,,
DATA,A001,1,6610,133504,0.2796,-0.3946,0.3819,31.2500,-41.1987,-137.3291,0.6162,,
DATA,A001,1,6611,133514,0.4974,-0.3489,0.4913,39.3677,-50.0488,-126.0376,0.7813,,
DATA,A001,1,6612,133524,1.3663,-0.3360,0.5757,53.4058,-35.9497,-134.3384,1.5202,,
DATA,A001,1,6613,133534,1.6444,-0.2593,-0.0930,64.5142,54.7485,-131.8970,1.6673,,
DATA,A001,1,6614,133544,1.4244,-0.4088,-0.0122,72.2656,145.3247,-128.5400,1.4819,,
DATA,A001,1,6615,133554,1.0775,-0.3563,0.7149,143.1885,218.7500,-104.6143,1.3412,,
DATA,A001,1,6616,133564,0.6566,-0.0989,1.1263,152.5879,163.2080,-72.9980,1.3074,,
DATA,A001,1,6617,133574,0.8675,0.2245,1.8269,81.0547,37.4146,-57.2510,2.0349,,
DATA,A001,1,6618,133584,1.2769,0.1142,1.6453,26.9165,-28.9307,-31.3110,2.0858,,
DATA,A001,1,6619,133594,1.6251,-0.1341,1.7337,-4.6997,-69.5190,8.0566,2.3800,,
DATA,A001,1,6620,133604,1.8719,-0.1641,1.6648,-12.3901,-45.0439,29.6631,2.5105,,
DATA,A001,1,6621,133614,1.4705,-0.2349,1.2432,-44.0063,39.1846,56.0913,1.9399,,
DATA,A001,1,6622,133624,1.0423,-0.3514,0.9466,-65.9180,72.6318,69.5801,1.4512,,
DATA,A001,1,6623,133634,0.5875,-0.5425,0.7576,-70.8618,77.0264,73.9136,1.1016,,
DATA,A001,1,6624,133644,0.3705,-0.6033,0.6619,-63.7207,45.2271,68.9697,0.9692,,
DATA,A001,1,6625,133654,0.3585,-0.6526,0.5059,-55.8472,-16.6626,57.4951,0.9002,,
DATA,A001,1,6626,133664,0.5059,-0.6707,0.4485,-48.0347,-41.3818,47.1191,0.9524,,
DATA,A001,1,6627,133674,0.6375,-0.6744,0.4466,-31.3721,-33.5083,35.0952,1.0299,,
DATA,A001,1,6628,133684,0.6414,-0.6819,0.5838,-15.1978,-18.3105,33.5083,1.1033,,
DATA,A001,1,6629,133694,0.6107,-0.5865,0.6526,-0.1831,-11.4136,32.7759,1.0690,,
DATA,A001,1,6630,133704,0.5719,-0.4388,0.5755,-3.9062,-21.8506,25.1465,0.9224,,
DATA,A001,1,6631,133714,0.6158,-0.4363,0.5254,-16.7236,-31.3110,20.5078,0.9196,,
DATA,A001,1,6632,133724,0.7337,-0.4937,0.5201,-20.5078,-36.0718,20.9961,1.0260,,
DATA,A001,1,6633,133734,0.7762,-0.5047,0.5310,-16.0522,-33.9966,21.3013,1.0674,,
DATA,A001,1,6634,133744,0.8060,-0.4864,0.5242,-13.7329,-20.2026,20.7520,1.0775,,
DATA,A001,1,6635,133754,0.7684,-0.4610,0.5088,-13.7939,-12.5732,23.7427,1.0305,,
DATA,A001,1,6636,133764,0.6463,-0.4439,0.4895,-14.7095,-10.2539,25.0854,0.9244,,
DATA,A001,1,6637,133774,0.6212,-0.4254,0.4273,-15.2588,-16.2964,24.8413,0.8657,,
DATA,A001,1,6638,133784,0.6646,-0.4127,0.4163,-15.1367,-20.5688,22.7051,0.8862,,
DATA,A001,1,6639,133794,0.6417,-0.4053,0.4126,-13.6108,-0.4272,16.5405,0.8639,,
DATA,A001,1,6640,133804,0.4640,-0.4359,0.4060,-5.8594,36.0718,13.3667,0.7550,,
DATA,A001,1,6641,133814,0.2977,-0.4122,0.4456,2.8076,40.5884,8.9111,0.6761,,
DATA,A001,1,6642,133824,0.2220,-0.3257,0.4305,5.8594,26.7944,-4.8218,0.5837,,
DATA,A001,1,6643,133834,0.2342,-0.2967,0.3848,0.3052,13.9771,-12.0850,0.5394,,
DATA,A001,1,6644,133844,0.2840,-0.3192,0.3401,-6.2256,-1.4038,-20.1416,0.5461,,
DATA,A001,1,6645,133854,0.3534,-0.3433,0.3423,-4.5776,-5.4321,-25.0244,0.5999,,
DATA,A001,1,6646,133864,0.4427,-0.3365,0.3460,1.9531,-1.7700,-31.1279,0.6549,,
DATA,A001,1,6647,133874,0.4591,-0.3257,0.3487,6.6528,8.3618,-32.8979,0.6621,,
DATA,A001,1,6648,133884,0.3673,-0.3255,0.4078,17.4561,28.5034,-38.3301,0.6380,,
DATA,A001,1,6649,133894,0.2818,-0.3174,0.4126,25.4517,39.1235,-44.7998,0.5920,,
DATA,A001,1,6650,133904,0.1937,-0.3316,0.3921,31.0669,41.8091,-56.7627,0.5489,,
DATA,A001,1,6651,133914,0.1197,-0.3736,0.4976,32.5928,24.8413,-58.9600,0.6336,,
DATA,A001,1,6652,133924,0.4059,-0.3265,0.7745,40.4053,-17.0288,-58.7158,0.9333,,
DATA,A001,1,6653,133934,0.7906,-0.2347,0.6831,40.4053,-47.3022,-52.0630,1.0709,,
DATA,A001,1,6654,133944,0.9249,-0.1754,0.6519,29.9683,-25.6348,-49.0723,1.1451,,
DATA,A001,1,6655,133954,0.8651,-0.2186,0.5379,31.6162,12.2070,-46.8140,1.0418,,
DATA,A001,1,6656,133964,0.7384,-0.3677,0.8670,46.8140,2.9907,-33.8135,1.1967,,
DATA,A001,1,6657,133974,0.8233,-0.3336,1.0154,48.7671,-39.7949,-31.1890,1.3492,,
DATA,A001,1,6658,133984,1.3338,-0.3472,1.1473,29.1748,-80.4443,-20.7520,1.7933,,
DATA,A001,1,6659,133994,1.5482,-0.3472,1.1914,17.7002,-68.6646,-5.5542,1.9842,,
DATA,A001,1,6660,134004,1.5372,-0.4290,1.3152,3.3569,-23.0103,15.8691,2.0681,,
DATA,A001,1,6661,134014,1.4364,-0.4293,1.3206,-3.4180,-8.4839,32.8369,1.9978,,
DATA,A001,1,6662,134024,1.2330,-0.4239,1.0733,-26.6113,0.6714,48.2178,1.6888,,
DATA,A001,1,6663,134034,1.0772,-0.4776,0.8821,-42.7856,11.8408,52.7344,1.4720,,
DATA,A001,1,6664,134044,0.9115,-0.5772,0.7610,-47.6074,22.3389,54.0771,1.3203,,
DATA,A001,1,6665,134054,0.6881,-0.6651,0.6634,-38.2690,18.3105,47.5464,1.1644,,
DATA,A001,1,6666,134064,0.6288,-0.6656,0.5933,-30.8838,5.3101,39.5508,1.0910,,
DATA,A001,1,6667,134074,0.6551,-0.6326,0.5433,-22.3389,-10.4980,29.6631,1.0604,,
DATA,A001,1,6668,134084,0.6927,-0.5931,0.5459,-17.3340,-16.3574,25.4517,1.0628,,
DATA,A001,1,6669,134094,0.7750,-0.5211,0.5227,-13.2446,-18.8599,23.3154,1.0702,,
DATA,A001,1,6670,134104,0.8014,-0.4781,0.5171,-13.0615,-24.9023,25.1465,1.0668,,
DATA,A001,1,6671,134114,0.8590,-0.4232,0.4822,-14.6484,-33.8135,28.8696,1.0721,,
DATA,A001,1,6672,134124,0.8802,-0.4114,0.4505,-15.5029,-31.8604,30.8838,1.0710,,
DATA,A001,1,6673,134134,0.7674,-0.4139,0.3758,-13.8550,-22.5830,32.8369,0.9494,,
DATA,A001,1,6674,134144,0.6622,-0.4305,0.3719,-10.3149,-25.4517,34.5459,0.8730,,
DATA,A001,1,6675,134154,0.6771,-0.4105,0.3086,-5.3711,-46.0815,37.1094,0.8498,,
DATA,A001,1,6676,134164,0.7000,-0.4012,0.2669,-7.3242,-54.9316,36.3159,0.8498,,
DATA,A001,1,6677,134174,0.6978,-0.4490,0.5384,-0.1831,-51.7578,37.8418,0.9892,,
DATA,A001,1,6678,134184,0.6849,-0.3331,0.6983,15.6860,-46.1426,44.9829,1.0333,,
DATA,A001,1,6679,134194,0.5516,-0.1573,0.4100,1.2207,-29.0527,42.4194,0.7050,,
DATA,A001,1,6680,134204,0.4701,-0.2652,0.2705,-21.4233,-22.0947,35.0952,0.6037,,
DATA,A001,1,6681,134214,0.3983,-0.4627,0.2600,-17.8223,-9.5825,22.8271,0.6636,,
DATA,A001,1,6682,134224,0.3585,-0.5101,0.2449,-1.5869,9.4604,10.9863,0.6698,,
DATA,A001,1,6683,134234,0.2384,-0.5186,0.2146,16.0522,37.2314,-5.0659,0.6098,,
DATA,A001,1,6684,134244,0.1331,-0.4835,0.2156,24.5361,47.7295,-13.7329,0.5458,,
DATA,A001,1,6685,134254,0.0265,-0.4024,0.2544,32.1655,33.1421,-27.6489,0.4768,,
DATA,A001,1,6686,134264,0.0296,-0.3489,0.3121,34.2407,18.4937,-36.5601,0.4691,,
DATA,A001,1,6687,134274,0.1058,-0.2798,0.3562,37.7197,9.8877,-55.1758,0.4652,,
DATA,A001,1,6688,134284,0.1180,-0.2576,0.3501,41.0767,13.7939,-71.1060,0.4504,,
DATA,A001,1,6689,134294,0.0995,-0.2386,0.4671,47.8516,17.3340,-86.4258,0.5338,,
DATA,A001,1,6690,134304,0.1695,-0.2090,0.8260,49.6826,-12.3901,-84.7778,0.8687,,
DATA,A001,1,6691,134314,0.8302,-0.1382,0.7598,44.0674,-50.9033,-86.4868,1.1338,,
DATA,A001,1,6692,134324,1.1539,-0.1387,0.1892,39.7949,-28.5034,-100.2197,1.1775,,
DATA,A001,1,6693,134334,1.0587,-0.2930,0.6187,57.4951,44.0063,-97.5342,1.2607,,
DATA,A001,1,6694,134344,1.0431,-0.2095,0.6050,75.1343,90.2100,-93.9331,1.2239,,
DATA,A001,1,6695,134354,0.9793,-0.2230,0.9183,68.7256,38.0859,-61.7676,1.3609,,
DATA,A001,1,6696,134364,1.2735,-0.1751,1.2610,53.4058,-15.3198,-42.3584,1.8008,,
DATA,A001,1,6697,134374,1.7027,-0.1236,1.2964,32.4707,-47.9736,-25.2075,2.1437,,
DATA,A001,1,6698,134384,1.9984,-0.1900,1.2774,3.3569,-48.9502,11.7798,2.3794,,
DATA,A001,1,6699,134394,2.0479,-0.2532,1.2439,-10.6201,-23.8037,36.5601,2.4095,,
DATA,A001,1,6700,134404,1.6598,-0.3680,0.9551,-20.9351,32.8369,65.4907,1.9500,,
DATA,A001,1,6701,134414,1.2913,-0.4373,0.8067,-20.5078,57.1289,75.1953,1.5842,,
DATA,A001,1,6702,134424,0.8106,-0.5003,0.8081,-11.1084,56.8848,83.3130,1.2492,,
DATA,A001,1,6703,134434,0.5533,-0.5108,0.8365,-5.6152,37.7197,81.0547,1.1255,,
DATA,A001,1,6704,134444,0.3668,-0.5557,0.7027,-12.4512,-4.5776,67.5659,0.9680,,
DATA,A001,1,6705,134454,0.3709,-0.6287,0.5716,-15.6250,-21.7896,54.2603,0.9271,,
DATA,A001,1,6706,134464,0.4142,-0.7051,0.4991,-2.6855,-26.5503,33.7524,0.9580,,
DATA,A001,1,6707,134474,0.4381,-0.6797,0.5015,13.5498,-23.9868,26.0010,0.9516,,
DATA,A001,1,6708,134484,0.5479,-0.5425,0.6079,33.5083,-31.9824,20.5688,0.9819,,
DATA,A001,1,6709,134494,0.6607,-0.4080,0.6700,37.6587,-47.5464,20.8740,1.0256,,
DATA,A001,1,6710,134504,0.9024,-0.2737,0.6468,28.5645,-54.2603,19.7144,1.1435,,
DATA,A001,1,6711,134514,0.9652,-0.2488,0.6236,20.2026,-40.9546,20.9351,1.1757,,
DATA,A001,1,6712,134524,0.9605,-0.2520,0.6326,11.7798,-5.4932,26.0620,1.1774,,
DATA,A001,1,6713,134534,0.9508,-0.2493,0.5845,7.0190,15.5640,29.7852,1.1436,,
DATA,A001,1,6714,134544,0.8841,-0.2701,0.5103,-1.3428,30.7617,39.1846,1.0559,,
DATA,A001,1,6715,134554,0.8001,-0.2691,0.5049,-2.3193,38.3301,43.2129,0.9837,,
DATA,A001,1,6716,134564,0.7259,-0.2286,0.5171,0.5493,40.5273,45.6543,0.9201,,
DATA,A001,1,6717,134574,0.7017,-0.1968,0.4434,-2.8076,35.8887,50.1099,0.8531,,
DATA,A001,1,6718,134584,0.7061,-0.2444,0.3240,-15.3198,43.8232,46.8140,0.8145,,
DATA,A001,1,6719,134594,0.6568,-0.3008,0.2754,-15.3809,60.1807,44.7388,0.7732,,
DATA,A001,1,6720,134604,0.5135,-0.3738,0.2420,-5.1880,78.3081,42.5415,0.6797,,
DATA,A001,1,6721,134614,0.3866,-0.3782,0.2808,3.0518,81.4209,38.9404,0.6094,,
DATA,A001,1,6722,134624,0.2105,-0.3130,0.3321,12.7563,73.9136,29.0527,0.5026,,
DATA,A001,1,6723,134634,0.1187,-0.2706,0.3792,14.2212,58.5327,23.0103,0.4807,,
DATA,A001,1,6724,134644,0.0587,-0.2271,0.4380,9.0942,29.1748,10.5591,0.4969,,
DATA,A001,1,6725,134654,0.0912,-0.2459,0.4412,2.2583,13.7939,-1.0986,0.5133,,
DATA,A001,1,6726,134664,0.2203,-0.3091,0.4031,-4.5776,-3.1738,-13.7329,0.5537,,
DATA,A001,1,6727,134674,0.3248,-0.3604,0.4031,-4.6387,-8.3008,-19.8364,0.6308,,
DATA,A001,1,6728,134684,0.3946,-0.3780,0.3934,0.4883,-6.2256,-26.6113,0.6733,,
DATA,A001,1,6729,134694,0.4327,-0.3497,0.3338,10.5591,5.8594,-36.3159,0.6488,,
DATA,A001,1,6730,134704,0.4061,-0.3443,0.3389,17.0288,14.8926,-41.6870,0.6311,,
DATA,A001,1,6731,134714,0.3600,-0.3497,0.4117,26.3672,16.2964,-49.7437,0.6491,,
DATA,A001,1,6732,134724,0.3636,-0.3419,0.5640,31.2500,3.9673,-53.4668,0.7531,,
DATA,A001,1,6733,134734,0.5489,-0.3113,0.9204,31.7383,-39.1235,-49.1333,1.1160,,
DATA,A001,1,6734,134744,0.9212,-0.2403,0.9019,25.5127,-65.0024,-43.5791,1.3114,,
DATA,A001,1,6735,134754,1.2447,-0.2354,0.5618,10.9863,-48.3398,-38.8184,1.3858,,
DATA,A001,1,6736,134764,1.1761,-0.3389,0.6453,11.4746,1.2817,-34.8511,1.3837,,
DATA,A001,1,6737,134774,1.0186,-0.3924,0.7498,32.5928,53.4058,-26.3672,1.3243,,
DATA,A001,1,6738,134784,0.9227,-0.4214,0.8194,35.5225,50.9644,-23.6206,1.3040,,
DATA,A001,1,6739,134794,1.0560,-0.4249,1.0447,23.2544,9.4604,-11.5967,1.5450,,
DATA,A001,1,6740,134804,1.2833,-0.4095,1.0972,14.0991,-13.7329,0.1221,1.7373,,
DATA,A001,1,6741,134814,1.4967,-0.3885,1.1949,3.6621,-25.6348,22.8271,1.9541,,
DATA,A001,1,6742,134824,1.5384,-0.3672,1.2840,-1.4038,-17.7612,40.9546,2.0372,,
DATA,A001,1,6743,134834,1.3206,-0.3250,1.1883,-13.1836,27.7100,54.2603,1.8060,,
DATA,A001,1,6744,134844,1.0091,-0.3582,1.0284,-24.4141,63.3545,54.0161,1.4846,,
DATA,A001,1,6745,134854,0.6297,-0.5047,0.8838,-36.0107,92.5293,52.0630,1.1968,,
DATA,A001,1,6746,134864,0.4635,-0.5882,0.8499,-37.3535,84.7778,50.3540,1.1327,,
DATA,A001,1,6747,134874,0.4195,-0.6148,0.7496,-38.0249,44.6167,42.4805,1.0563,,
DATA,A001,1,6748,134884,0.4867,-0.5914,0.6685,-35.4614,21.4844,37.1704,1.0166,,
DATA,A001,1,6749,134894,0.5348,-0.5252,0.5779,-25.4517,10.9253,28.7476,0.9465,,
DATA,A001,1,6750,134904,0.5355,-0.5118,0.5367,-19.2261,14.6484,24.0479,0.9147,,
DATA,A001,1,6751,134914,0.5543,-0.5059,0.5791,-8.2397,9.9487,23.1323,0.9479,,
DATA,A001,1,6752,134924,0.6051,-0.4698,0.5794,-5.4321,-4.5776,23.8037,0.9605,,
DATA,A001,1,6753,134934,0.7462,-0.4178,0.6018,-7.6294,-19.1650,25.0244,1.0457,,
DATA,A001,1,6754,134944,0.8021,-0.3724,0.6119,-7.6294,-12.9395,26.6113,1.0754,,
DATA,A001,1,6755,134954,0.7642,-0.3377,0.6094,-9.0332,17.7612,26.6113,1.0342,,
DATA,A001,1,6756,134964,0.6754,-0.3152,0.6292,-9.3384,38.3911,27.2217,0.9754,,
DATA,A001,1,6757,134974,0.5423,-0.2833,0.6575,-12.1460,53.2227,25.0854,0.8982,,
DATA,A001,1,6758,134984,0.5113,-0.2508,0.5977,-18.9819,52.7954,21.8506,0.8256,,
DATA,A001,1,6759,134994,0.5155,-0.2979,0.5188,-31.9214,40.1611,23.9868,0.7897,,
DATA,A001,1,6760,135004,0.5623,-0.3260,0.4742,-33.8745,24.6582,24.9634,0.8046,,
DATA,A001,1,6761,135014,0.5453,-0.3543,0.3387,-32.8369,17.5781,20.9961,0.7332,,
DATA,A001,1,6762,135024,0.5179,-0.3704,0.3396,-26.0010,20.5078,17.1509,0.7217,,
DATA,A001,1,6763,135034,0.4996,-0.3397,0.3462,-15.0757,30.6396,14.2212,0.6963,,
DATA,A001,1,6764,135044,0.4637,-0.3050,0.3362,-14.8315,43.5791,8.3008,0.6489,,
DATA,A001,1,6765,135054,0.3702,-0.3087,0.3086,-18.0054,62.6831,0.9155,0.5723,,
DATA,A001,1,6766,135064,0.0853,-0.3594,0.2976,-15.8691,72.3877,-7.6904,0.4744,,
DATA,A001,1,6767,135074,-0.0878,-0.3907,0.3186,-10.7422,58.9600,-14.9536,0.5117,,
DATA,A001,1,6768,135084,-0.1730,-0.3926,0.3914,-4.7607,15.1367,-29.5410,0.5808,,
DATA,A001,1,6769,135094,-0.0983,-0.3624,0.4427,-4.6997,-18.0054,-41.3818,0.5805,,
DATA,A001,1,6770,135104,0.1048,-0.3253,0.4690,-8.1177,-55.8472,-57.5562,0.5803,,
DATA,A001,1,6771,135114,0.2393,-0.3299,0.4502,-7.9956,-60.7910,-67.3828,0.6073,,
DATA,A001,1,6772,135124,0.3680,-0.3626,0.3926,0.3052,-46.3867,-80.8716,0.6489,,
DATA,A001,1,6773,135134,0.3641,-0.3846,0.3592,10.0098,-39.4897,-84.6558,0.6399,,
DATA,A001,1,6774,135144,0.4991,-0.4359,0.6138,26.8555,-64.8804,-79.4678,0.9032,,
DATA,A001,1,6775,135154,0.8448,-0.3736,0.8499,37.7197,-95.7031,-75.2563,1.2552,,
DATA,A001,1,6776,135164,1.2054,-0.2154,0.5979,28.1982,-98.2666,-72.8149,1.3627,,
DATA,A001,1,6777,135174,1.1366,-0.2681,0.5447,13.0615,-53.8330,-71.9604,1.2886,,
DATA,A001,1,6778,135184,0.9181,-0.4576,0.7105,23.7427,3.0518,-59.2651,1.2478,,
DATA,A001,1,6779,135194,0.8414,-0.5284,0.8755,40.8936,9.1553,-57.1899,1.3243,,
DATA,A001,1,6780,135204,0.7945,-0.4337,1.0533,46.4478,-25.1465,-48.4619,1.3888,,
DATA,A001,1,6781,135214,0.9229,-0.3421,1.1387,33.6304,-67.1387,-33.0200,1.5052,,
DATA,A001,1,6782,135224,1.3260,-0.2877,1.1060,5.3101,-107.4829,-17.5171,1.7505,,
DATA,A001,1,6783,135234,1.5201,-0.3138,1.0635,-7.3853,-100.4028,-9.9487,1.8816,,
DATA,A001,1,6784,135244,1.5106,-0.4100,1.0454,-9.7046,-59.2651,9.0942,1.8823,,
DATA,A001,1,6785,135254,1.3382,-0.4417,1.0581,-8.0566,-38.2080,20.8740,1.7623,,
DATA,A001,1,6786,135264,1.1722,-0.4351,0.9952,-13.7939,-17.6392,30.8838,1.5980,,
DATA,A001,1,6787,135274,1.0509,-0.4107,0.9422,-20.2026,-2.6855,36.3159,1.4699,,
DATA,A001,1,6788,135284,0.8053,-0.4136,0.8416,-30.0293,22.3999,38.8184,1.2361,,
DATA,A001,1,6789,135294,0.6815,-0.4383,0.7854,-36.4990,20.8130,36.1938,1.1285,,
DATA,A001,1,6790,135304,0.5985,-0.4520,0.7256,-44.4336,0.1831,34.9121,1.0435,,
DATA,A001,1,6791,135314,0.6334,-0.4515,0.6890,-49.5605,-15.1978,33.0200,1.0391,,
DATA,A001,1,6792,135324,0.7433,-0.4334,0.5945,-56.2744,-26.5503,30.1514,1.0458,,
DATA,A001,1,6793,135334,0.7835,-0.4173,0.5325,-59.8145,-25.6348,31.0669,1.0352,,
DATA,A001,1,6794,135344,0.8048,-0.4149,0.5220,-63.2935,-24.4141,36.0107,1.0451,,
DATA,A001,1,6795,135354,0.8394,-0.3939,0.5313,-62.8052,-30.3345,41.1377,1.0687,,
DATA,A001,1,6796,135364,0.9251,-0.3470,0.4810,-64.6362,-38.5742,47.3633,1.0989,,
DATA,A001,1,6797,135374,1.0663,-0.3030,0.3616,-75.5005,-29.9683,54.6875,1.1660,,
DATA,A001,1,6798,135384,1.0763,-0.3094,0.3233,-80.0781,-4.8218,60.9741,1.1656,,
DATA,A001,1,6799,135394,0.9713,-0.3575,0.2659,-75.5615,36.3770,69.5190,1.0686,,
DATA,A001,1,6800,135404,0.8819,-0.3777,0.2107,-69.5801,55.5420,72.2046,0.9823,,
DATA,A001,1,6801,135414,0.7364,-0.3734,0.1961,-61.9507,75.5615,70.7397,0.8486,,
DATA,A001,1,6802,135424,0.6527,-0.3619,0.1897,-56.9458,86.8530,70.4346,0.7700,,
DATA,A001,1,6803,135434,0.5287,-0.3873,0.2139,-51.5747,99.4263,65.4907,0.6894,,
DATA,A001,1,6804,135444,0.4735,-0.4327,0.2188,-49.2554,109.0088,59.2651,0.6777,,
DATA,A001,1,6805,135454,0.3822,-0.5340,0.2437,-44.4336,120.1172,50.2319,0.7004,,
DATA,A001,1,6806,135464,0.3009,-0.6099,0.3169,-38.9404,122.8638,44.6167,0.7503,,
DATA,A001,1,6807,135474,0.1825,-0.6714,0.4121,-28.8086,122.5586,35.3394,0.8087,,
DATA,A001,1,6808,135484,0.1346,-0.6722,0.4424,-24.9023,121.7651,23.9868,0.8159,,
DATA,A001,1,6809,135494,0.1046,-0.6360,0.4539,-22.0947,125.6714,6.3477,0.7884,,
DATA,A001,1,6810,135504,0.0706,-0.6238,0.4781,-18.8599,125.6714,-2.3804,0.7891,,
DATA,A001,1,6811,135514,-0.0605,-0.5936,0.6663,-7.8125,103.0273,-10.3149,0.8944,,
DATA,A001,1,6812,135524,-0.1215,-0.5147,0.7950,-0.6104,74.1577,-20.8130,0.9548,,
DATA,A001,1,6813,135534,-0.0961,-0.3643,0.7708,-13.0615,16.7847,-41.0156,0.8580,,
DATA,A001,1,6814,135544,0.0333,-0.3572,0.7017,-32.9590,-19.2871,-53.4058,0.7881,,
DATA,A001,1,6815,135554,0.3263,-0.4512,0.5354,-51.6357,-39.0625,-63.2935,0.7725,,
DATA,A001,1,6816,135564,0.4598,-0.5154,0.3777,-49.0723,-34.1187,-63.1714,0.7873,,
DATA,A001,1,6817,135574,0.5387,-0.6107,0.2342,-27.3438,-3.4790,-63.8428,0.8473,,
DATA,A001,1,6818,135584,0.5272,-0.6529,0.2520,-2.2583,13.5498,-67.0776,0.8762,,
DATA,A001,1,6819,135594,0.4876,-0.5953,0.3814,37.2925,27.5269,-74.5850,0.8588,,
DATA,A001,1,6820,135604,0.4569,-0.5113,0.3321,51.5137,27.4658,-80.3833,0.7619,,
DATA,A001,1,6821,135614,0.4002,-0.5213,0.5833,54.6265,10.9863,-86.7310,0.8787,,
DATA,A001,1,6822,135624,0.4447,-0.5018,0.7369,57.7393,-8.6670,-85.0220,0.9962,,
DATA,A001,1,6823,135634,0.5428,-0.4935,0.7615,52.1240,-54.5654,-79.1626,1.0574,,
DATA,A001,1,6824,135644,0.7059,-0.5040,0.9473,46.3867,-79.8950,-76.0498,1.2844,,
DATA,A001,1,6825,135654,1.0240,-0.4437,1.0474,43.3960,-84.2285,-74.4019,1.5305,,
DATA,A001,1,6826,135664,1.1195,-0.3939,1.0288,35.6445,-75.3784,-68.7256,1.5706,,
DATA,A001,1,6827,135674,1.2494,-0.4151,0.9712,14.7095,-57.4341,-53.1006,1.6360,,
DATA,A001,1,6828,135684,1.3873,-0.4661,0.9175,1.2207,-41.4429,-44.0063,1.7273,,
DATA,A001,1,6829,135694,1.4049,-0.5215,0.8328,-10.7422,-18.8599,-33.5693,1.7144,,
DATA,A001,1,6830,135704,1.3250,-0.6158,0.7986,-14.6484,14.9536,-15.5029,1.6651,,
DATA,A001,1,6831,135714,1.2350,-0.6380,0.8155,-4.6997,25.5737,-2.1973,1.6116,,
DATA,A001,1,6832,135724,1.0299,-0.5794,0.8059,8.8501,15.8081,18.6157,1.4304,,
DATA,A001,1,6833,135734,0.9193,-0.4822,0.7796,11.5356,4.3335,28.7476,1.2982,,
DATA,A001,1,6834,135744,0.7867,-0.3990,0.7168,-0.0610,-12.8784,34.6069,1.1366,,
DATA,A001,1,6835,135754,0.7118,-0.4024,0.6524,-12.4512,-22.8271,39.7339,1.0460,,
DATA,A001,1,6836,135764,0.6527,-0.4739,0.5962,-23.5596,-42.4194,37.8418,1.0030,,
DATA,A001,1,6837,135774,0.6512,-0.5201,0.5630,-21.5454,-54.4434,35.0342,1.0058,,
DATA,A001,1,6838,135784,0.7076,-0.5545,0.5486,-10.4370,-64.6973,30.8228,1.0532,,
DATA,A001,1,6839,135794,0.7223,-0.5440,0.5745,-2.9297,-69.5801,31.9824,1.0713,,
DATA,A001,1,6840,135804,0.7740,-0.4727,0.6114,3.2959,-83.5571,39.3677,1.0938,,
DATA,A001,1,6841,135814,0.8299,-0.4307,0.6026,1.6479,-97.1069,47.8516,1.1124,,
DATA,A001,1,6842,135824,0.9530,-0.4109,0.5454,-8.6060,-125.0610,62.6831,1.1724,,
DATA,A001,1,6843,135834,1.0506,-0.4227,0.4373,-19.4702,-141.0522,72.3267,1.2140,,
DATA,A001,1,6844,135844,1.2132,-0.5040,0.3946,-30.5176,-130.8594,81.7261,1.3717,,
DATA,A001,1,6845,135854,1.2245,-0.5350,0.4204,-16.6626,-72.7539,79.9561,1.4008,,
DATA,A001,1,6846,135864,0.8976,-0.4615,0.5457,10.4980,57.1899,78.7354,1.1473,,
DATA,A001,1,6847,135874,0.7855,-0.4061,0.5430,24.7803,139.7095,61.4014,1.0377,,
DATA,A001,1,6848,135884,0.2550,-0.2925,0.5157,23.9868,164.4287,74.8291,0.6454,,
DATA,A001,1,6849,135894,0.0870,-0.3301,0.4571,2.8687,145.1416,61.8896,0.5705,,
DATA,A001,1,6850,135904,0.1229,-0.4327,0.3724,-24.4751,94.9707,37.4146,0.5839,,
DATA,A001,1,6851,135914,0.2401,-0.4893,0.2781,-28.3203,67.8101,33.3252,0.6119,,
DATA,A001,1,6852,135924,0.4098,-0.5347,0.0931,-18.4937,45.8984,26.0620,0.6801,,
DATA,A001,1,6853,135934,0.4247,-0.5521,0.0027,-7.5073,43.2739,19.4702,0.6965,,
DATA,A001,1,6854,135944,0.2723,-0.6319,-0.0739,9.4604,43.5791,11.0474,0.6920,,
DATA,A001,1,6855,135954,0.1490,-0.6861,-0.1010,25.3296,29.8462,8.6670,0.7093,,
DATA,A001,1,6856,135964,0.0399,-0.7247,0.0586,55.9082,-13.0615,2.0142,0.7281,,
DATA,A001,1,6857,135974,0.0802,-0.6622,0.2364,75.6836,-37.5977,-7.8125,0.7076,,
DATA,A001,1,6858,135984,0.2315,-0.5059,0.4705,90.8813,-51.8188,-24.7192,0.7287,,
DATA,A001,1,6859,135994,0.3192,-0.4068,0.6519,89.6606,-43.7012,-39.4287,0.8321,,
DATA,A001,1,6860,136004,0.1942,-0.1841,0.7652,81.6650,-57.6172,-43.0298,0.8106,,
DATA,A001,1,6861,136014,0.3741,-0.2181,0.6563,44.9219,-72.8149,-50.2930,0.7863,,
DATA,A001,1,6862,136024,0.9669,-0.5877,0.5403,27.0386,-68.1152,-67.8101,1.2539,,
DATA,A001,1,6863,136034,0.9935,-0.5450,0.2447,52.4902,-42.3584,-50.9033,1.1593,,
DATA,A001,1,6864,136044,0.8065,-0.5452,0.3980,60.1807,-29.6021,-48.7061,1.0517,,
DATA,A001,1,6865,136054,0.6732,-0.5135,0.6148,75.5615,-33.4473,-48.2178,1.0463,,
DATA,A001,1,6866,136064,0.6339,-0.4109,0.6941,80.7495,-66.1621,-39.2456,1.0259,,
DATA,A001,1,6867,136074,0.9288,-0.3077,0.7439,64.5752,-102.1118,-27.4048,1.2291,,
DATA,A001,1,6868,136084,1.2110,-0.3355,0.6812,39.9170,-101.3184,-23.4985,1.4294,,
DATA,A001,1,6869,136094,1.3490,-0.3985,0.6365,29.7241,-58.6548,-5.4321,1.5439,,
DATA,A001,1,6870,136104,1.2760,-0.4212,0.6228,34.9121,-21.9727,-3.1128,1.4810,,
DATA,A001,1,6871,136114,1.1639,-0.4236,0.6954,42.3584,12.8174,4.9438,1.4204,,
DATA,A001,1,6872,136124,1.1170,-0.3697,0.6741,42.5415,23.5596,16.4185,1.3560,,
DATA,A001,1,6873,136134,1.0631,-0.3646,0.7205,36.3159,34.7290,28.4424,1.3350,,
DATA,A001,1,6874,136144,1.0833,-0.3484,0.7810,33.3862,36.1938,34.2407,1.3802,,
DATA,A001,1,6875,136154,1.1131,-0.3333,0.7229,25.5127,41.7480,42.7246,1.3685,,
DATA,A001,1,6876,136164,1.0462,-0.3494,0.7635,19.9585,51.9409,47.4854,1.3415,,
DATA,A001,1,6877,136174,0.8267,-0.3663,0.7915,21.3013,65.8569,58.2275,1.2018,,
DATA,A001,1,6878,136184,0.7264,-0.3970,0.8069,21.5454,67.6270,60.2417,1.1560,,
DATA,A001,1,6879,136194,0.6585,-0.4290,0.7791,15.1978,51.2695,64.1479,1.1067,,
DATA,A001,1,6880,136204,0.6810,-0.4449,0.7124,4.6387,30.3955,69.4580,1.0813,,
DATA,A001,1,6881,136214,0.8058,-0.4903,0.6568,-10.6812,4.8828,75.1953,1.1493,,
DATA,A001,1,6882,136224,0.8802,-0.5079,0.6263,-15.1978,-1.7700,77.1484,1.1937,,
DATA,A001,1,6883,136234,0.8951,-0.5240,0.6624,-11.4136,4.8828,81.4209,1.2307,,
DATA,A001,1,6884,136244,0.8136,-0.4920,0.6604,-6.1035,22.2778,81.9092,1.1576,,
DATA,A001,1,6885,136254,0.6185,-0.4901,0.5711,-11.0474,32.4707,79.9561,0.9741,,
DATA,A001,1,6886,136264,0.5702,-0.5338,0.5125,-18.8599,11.2915,82.8247,0.9341,,
DATA,A001,1,6887,136274,0.6844,-0.6048,0.5144,-24.1089,-32.2266,85.3882,1.0483,,
DATA,A001,1,6888,136284,0.7591,-0.5989,0.4207,-24.2310,-36.6211,85.8154,1.0545,,
DATA,A001,1,6889,136294,0.7345,-0.6368,0.3147,-18.4326,-11.6577,83.1909,1.0218,,
DATA,A001,1,6890,136304,0.6021,-0.6739,0.3658,-2.9297,3.4790,82.8247,0.9749,,
DATA,A001,1,6891,136314,0.4981,-0.5955,0.3929,20.0806,-0.7935,84.1064,0.8701,,
DATA,A001,1,6892,136324,0.5636,-0.5164,0.3743,20.5078,-2.8687,79.2236,0.8511,,
DATA,A001,1,6893,136334,0.5516,-0.4910,0.2901,9.9487,27.8320,65.3076,0.7934,,
DATA,A001,1,6894,136344,0.4322,-0.5523,0.2796,13.4277,61.4014,56.5796,0.7550,,
DATA,A001,1,6895,136354,0.2655,-0.5943,0.2674,27.9541,84.9609,46.5088,0.7037,,
DATA,A001,1,6896,136364,0.0309,-0.5797,0.3074,44.6167,85.6934,27.8320,0.6568,,
DATA,A001,1,6897,136374,-0.0920,-0.5499,0.3521,45.6543,73.3032,13.1836,0.6594,,
DATA,A001,1,6898,136384,-0.1772,-0.5255,0.4275,42.1143,30.3345,-5.6763,0.7002,,
DATA,A001,1,6899,136394,-0.1857,-0.5001,0.4546,40.4053,-17.5781,-13.1836,0.7009,,
DATA,A001,1,6900,136404,-0.0399,-0.4412,0.4690,38.2690,-87.0361,-26.2451,0.6452,,
DATA,A001,1,6901,136414,0.1234,-0.4041,0.4368,34.4238,-121.2158,-37.1094,0.6077,,
DATA,A001,1,6902,136424,0.3976,-0.4183,0.4207,25.7568,-143.7378,-53.5889,0.7141,,
DATA,A001,1,6903,136434,0.5531,-0.4485,0.4036,23.4985,-136.7798,-61.5845,0.8185,,
DATA,A001,1,6904,136444,0.6078,-0.4844,0.3028,27.8931,-103.2715,-66.7725,0.8341,,
DATA,A001,1,6905,136454,0.5748,-0.5220,0.3255,35.7666,-88.8672,-66.0400,0.8419,,
DATA,A001,1,6906,136464,0.7662,-0.4791,0.4925,54.6875,-92.4072,-64.3311,1.0291,,
DATA,A001,1,6907,136474,0.9801,-0.3951,0.5918,62.3779,-81.6040,-66.1621,1.2112,,
DATA,A001,1,6908,136484,1.0767,-0.2872,0.5135,56.0303,-30.5786,-61.7065,1.2270,,
DATA,A001,1,6909,136494,1.0641,-0.3069,0.6946,53.4058,20.6299,-64.0869,1.3073,,
DATA,A001,1,6910,136504,0.8822,-0.2918,0.7925,61.2793,89.5386,-70.3125,1.2213,,
DATA,A001,1,6911,136514,0.6490,-0.3289,0.7312,56.5186,99.1211,-67.8711,1.0316,,
DATA,A001,1,6912,136524,0.4620,-0.4178,0.9231,46.3257,50.0488,-61.6455,1.1136,,
DATA,A001,1,6913,136534,0.6532,-0.3858,0.9737,43.8843,1.3428,-58.7158,1.2343,,
DATA,A001,1,6914,136544,1.1141,-0.3431,0.8724,31.3721,-26.4893,-50.7812,1.4560,,
DATA,A001,1,6915,136554,1.2657,-0.3409,0.8250,20.3247,-4.5166,-41.8091,1.5488,,
DATA,A001,1,6916,136564,1.1248,-0.3682,0.8606,18.1274,28.1982,-24.2920,1.4634,,
DATA,A001,1,6917,136574,1.0533,-0.3658,0.9187,24.7192,26.9165,-13.0615,1.4448,,
DATA,A001,1,6918,136584,1.0648,-0.3055,0.8948,24.1699,4.2114,1.5259,1.4240,,
DATA,A001,1,6919,136594,1.1331,-0.2842,0.8626,12.8174,-5.9204,12.5732,1.4522,,
DATA,A001,1,6920,136604,1.1358,-0.3179,0.7725,-9.3994,1.5259,29.9683,1.4099,,
DATA,A001,1,6921,136614,1.0492,-0.4005,0.6900,-21.3013,20.0195,37.1094,1.3180,,
DATA,A001,1,6922,136624,0.8692,-0.5506,0.6314,-21.7285,45.5933,41.2598,1.2072,,
DATA,A001,1,6923,136634,0.7577,-0.6129,0.6451,-12.2681,50.9033,42.9688,1.1686,,
DATA,A001,1,6924,136644,0.6014,-0.6151,0.7105,2.0142,36.9873,45.8374,1.1157,,
DATA,A001,1,6925,136654,0.5152,-0.5574,0.7513,5.1880,20.2637,45.7764,1.0680,,
DATA,A001,1,6926,136664,0.4627,-0.4451,0.7964,-2.2583,-20.2026,47.6685,1.0230,,
DATA,A001,1,6927,136674,0.5494,-0.3878,0.8155,-13.1226,-52.4292,48.4619,1.0570,,
DATA,A001,1,6928,136684,0.6436,-0.3421,0.7884,-26.4893,-82.0923,50.8423,1.0737,,
DATA,A001,1,6929,136694,0.8270,-0.3548,0.6805,-49.4995,-114.3188,57.7393,1.1282,,
DATA,A001,1,6930,136704,0.9610,-0.4080,0.5972,-60.4248,-118.1030,60.9741,1.2028,,
DATA,A001,1,6931,136714,1.0389,-0.4879,0.4305,-65.3076,-85.0220,62.1948,1.2258,,
DATA,A001,1,6932,136724,1.0287,-0.5594,0.3792,-58.0444,-44.9829,63.7207,1.2308,,
DATA,A001,1,6933,136734,0.8961,-0.6016,0.4173,-30.0293,11.5967,69.2139,1.1572,,
DATA,A001,1,6934,136744,0.7486,-0.5391,0.4463,-9.7046,40.2222,68.7256,1.0248,,
DATA,A001,1,6935,136754,0.5660,-0.3890,0.4080,0.9766,70.6177,60.7910,0.7988,,
DATA,A001,1,6936,136764,0.4466,-0.3487,0.3938,-2.8076,85.9375,54.1992,0.6900,,
DATA,A001,1,6937,136774,0.2772,-0.3758,0.4253,-8.3618,88.0737,47.9736,0.6316,,
DATA,A001,1,6938,136784,0.2249,-0.4041,0.4480,-8.9722,75.5005,40.7715,0.6439,,
DATA,A001,1,6939,136794,0.2437,-0.4158,0.4268,-8.3008,51.3916,26.1230,0.6438,,
DATA,A001,1,6940,136804,0.2950,-0.4239,0.3860,-7.8125,41.7480,17.2729,0.6448,,
DATA,A001,1,6941,136814,0.3683,-0.4576,0.3521,-4.2725,39.2456,6.8970,0.6848,,
DATA,A001,1,6942,136824,0.3480,-0.4730,0.3352,3.0518,41.8701,2.9297,0.6761,,
DATA,A001,1,6943,136834,0.2511,-0.4803,0.3240,18.0664,35.7056,-1.8921,0.6314,,
DATA,A001,1,6944,136844,0.2108,-0.4705,0.3631,27.1606,18.4326,-4.9438,0.6306,,
DATA,A001,1,6945,136854,0.2257,-0.4280,0.4346,35.1562,-21.4233,-8.3618,0.6504,,
DATA,A001,1,6946,136864,0.3077,-0.3919,0.4676,34.9121,-45.7153,-11.0474,0.6833,,
DATA,A001,1,6947,136874,0.4669,-0.3631,0.5420,29.4800,-67.9321,-16.7847,0.8023,,
DATA,A001,1,6948,136884,0.5919,-0.3531,0.5889,26.0010,-69.2139,-22.0337,0.9065,,
DATA,A001,1,6949,136894,0.6422,-0.3651,0.6646,21.7285,-59.2041,-25.3906,0.9936,,
DATA,A001,1,6950,136904,0.7201,-0.3843,0.7845,21.1182,-50.3540,-22.5220,1.1321,,
DATA,A001,1,6951,136914,0.8629,-0.3533,0.7798,19.0430,-35.7666,-19.9585,1.2155,,
DATA,A001,1,6952,136924,0.9188,-0.3882,0.7000,9.5215,-20.9351,-17.3340,1.2186,,
DATA,A001,1,6953,136934,0.9952,-0.4759,0.7635,5.0049,15.6250,-17.7002,1.3416,,
DATA,A001,1,6954,136944,0.9124,-0.4942,0.7195,8.9111,44.9219,-17.2119,1.2627,,
DATA,A001,1,6955,136954,0.7433,-0.5010,0.5950,14.1602,82.1533,-18.8599,1.0759,,
DATA,A001,1,6956,136964,0.5648,-0.4988,0.5083,17.0898,95.3979,-22.2168,0.9090,,
DATA,A001,1,6957,136974,0.4017,-0.4964,0.5513,22.3389,82.3975,-22.3389,0.8436,,
DATA,A001,1,6958,136984,0.4215,-0.4942,0.5694,25.6958,56.1523,-17.2729,0.8638,,
DATA,A001,1,6959,136994,0.5455,-0.4913,0.6109,26.9775,24.3530,-8.1787,0.9550,,
DATA,A001,1,6960,137004,0.6200,-0.4739,0.6438,28.0151,15.9912,-7.8125,1.0117,,
DATA,A001,1,6961,137014,0.6363,-0.4730,0.6482,29.2358,8.9722,-4.6997,1.0241,,
DATA,A001,1,6962,137024,0.7916,-0.5057,0.7256,28.7476,-16.2354,-2.1362,1.1870,,
DATA,A001,1,6963,137034,0.9691,-0.4915,0.8833,28.4424,-32.7759,9.9487,1.4004,,
DATA,A001,1,6964,137044,0.9923,-0.4710,0.9046,24.2310,-34.1797,15.9302,1.4229,,
DATA,A001,1,6965,137054,0.9745,-0.4771,0.9095,17.2729,-38.7573,20.3857,1.4157,,
DATA,A001,1,6966,137064,1.0321,-0.5103,0.9056,7.5684,-56.4575,29.2358,1.4648,,
DATA,A001,1,6967,137074,1.0846,-0.5318,0.8919,1.5259,-61.8896,37.1704,1.5015,,
DATA,A001,1,6968,137084,1.0977,-0.5340,0.7913,-5.5542,-40.4053,44.7388,1.4548,,
DATA,A001,1,6969,137094,1.0230,-0.5220,0.7456,-7.7515,-12.8174,48.5229,1.3693,,
DATA,A001,1,6970,137104,0.8966,-0.5430,0.7217,-7.3853,25.2686,49.2554,1.2726,,
DATA,A001,1,6971,137114,0.8819,-0.5545,0.7234,-9.2773,43.8232,46.2036,1.2683,,
DATA,A001,1,6972,137124,0.7828,-0.5528,0.7466,-14.0381,67.9321,47.3633,1.2148,,
DATA,A001,1,6973,137134,0.6473,-0.5191,0.7730,-17.2729,72.9980,48.8281,1.1340,,
DATA,A001,1,6974,137144,0.4840,-0.4505,0.7295,-22.5830,40.0391,54.6875,0.9846,,
DATA,A001,1,6975,137154,0.4835,-0.4485,0.6304,-30.7007,-1.4038,57.8003,0.9123,,
DATA,A001,1,6976,137164,0.6573,-0.5201,0.5642,-40.8936,-48.5840,55.6641,1.0104,,
DATA,A001,1,6977,137174,0.7249,-0.5460,0.5420,-40.8325,-48.3398,54.0161,1.0571,,
DATA,A001,1,6978,137184,0.6439,-0.5811,0.4683,-35.2783,-19.1040,50.9033,0.9857,,
DATA,A001,1,6979,137194,0.5838,-0.5855,0.4297,-28.9917,-1.5869,46.9971,0.9318,,
DATA,A001,1,6980,137204,0.5091,-0.5591,0.4234,-21.1182,16.7847,43.3350,0.8667,,
DATA,A001,1,6981,137214,0.4615,-0.5467,0.4078,-20.3247,31.3721,37.5977,0.8235,,
DATA,A001,1,6982,137224,0.3211,-0.5347,0.3255,-18.1885,55.4810,25.8179,0.7036,,
DATA,A001,1,6983,137234,0.2093,-0.5394,0.3101,-12.7563,62.6221,16.9067,0.6564,,
DATA,A001,1,6984,137244,0.1124,-0.5142,0.3360,-2.0142,52.3682,2.9907,0.6244,,
DATA,A001,1,6985,137254,0.0799,-0.4769,0.3123,0.3662,39.3677,-4.5166,0.5756,,
DATA,A001,1,6986,137264,0.0597,-0.4661,0.2893,0.3052,22.0337,-18.7988,0.5519,,
DATA,A001,1,6987,137274,0.0592,-0.4742,0.3079,5.4932,10.6201,-29.6631,0.5685,,
DATA,A001,1,6988,137284,0.1031,-0.4395,0.3599,15.3809,-17.8833,-39.4287,0.5774,,
DATA,A001,1,6989,137294,0.1986,-0.4192,0.4078,16.9067,-41.1987,-43.7012,0.6176,,
DATA,A001,1,6990,137304,0.4598,-0.4210,0.4764,15.2588,-55.3589,-54.6875,0.7846,,
DATA,A001,1,6991,137314,0.6017,-0.4075,0.4927,16.6016,-35.2173,-60.8521,0.8780,,
DATA,A001,1,6992,137324,0.5279,-0.3443,0.5308,24.4141,30.5176,-69.3359,0.8240,,
DATA,A001,1,6993,137334,0.4598,-0.3165,0.6238,33.6304,66.0400,-75.1343,0.8371,,
DATA,A001,1,6994,137344,0.4642,-0.2867,0.6995,42.4194,80.8716,-77.8809,0.8871,,
DATA,A001,1,6995,137354,0.4513,-0.3204,0.5288,42.9077,100.7080,-92.4072,0.7655,,
DATA,A001,1,6996,137364,0.4281,-0.4085,0.5498,43.4570,113.2202,-105.5298,0.8077,,
DATA,A001,1,6997,137374,0.3448,-0.4263,0.7310,60.4248,93.9941,-106.3843,0.9138,,
DATA,A001,1,6998,137384,0.3228,-0.3724,0.7139,65.3076,54.9316,-104.2480,0.8675,,
DATA,A001,1,6999,137394,0.5804,-0.3233,0.8204,54.1382,-10.6812,-101.0132,1.0556,,
DATA,A001,1,7000,137404,0.8424,-0.2864,0.8687,45.2881,-42.1143,-91.0034,1.2435,,
DATA,A001,1,7001,137414,1.2281,-0.2520,0.8345,35.4614,-44.1895,-69.6411,1.5061,,
DATA,A001,1,7002,137424,1.2774,-0.2772,0.8125,31.4941,-17.6392,-61.4624,1.5391,,
DATA,A001,1,7003,137434,1.2713,-0.3145,0.8477,35.8276,29.2969,-47.9126,1.5601,,
DATA,A001,1,7004,137444,1.1490,-0.3145,1.0586,43.9453,46.9971,-35.8887,1.5937,,
DATA,A001,1,7005,137454,1.0096,-0.1934,1.1836,42.0532,33.1421,-12.5122,1.5677,,
DATA,A001,1,7006,137464,0.9571,-0.1417,1.2156,23.0103,0.6714,6.2866,1.5537,,
DATA,A001,1,7007,137474,0.9793,-0.1524,1.1309,-15.9912,-49.8047,29.7241,1.5037,,
DATA,A001,1,7008,137484,1.0057,-0.2313,1.0332,-35.2173,-56.2134,36.2549,1.4603,,
DATA,A001,1,7009,137494,0.9044,-0.3795,0.8855,-42.0532,-21.8506,39.3677,1.3214,,
DATA,A001,1,7010,137504,0.7516,-0.4695,0.8536,-34.8511,7.9956,40.4053,1.2304,,
DATA,A001,1,7011,137514,0.4723,-0.5064,0.8477,-20.5078,20.5078,39.9780,1.0946,,
DATA,A001,1,7012,137524,0.3626,-0.4637,0.8265,-19.3481,6.4087,38.2690,1.0147,,
DATA,A001,1,7013,137534,0.4622,-0.4271,0.8128,-31.8604,-33.1421,30.5786,1.0279,,
DATA,A001,1,7014,137544,0.6200,-0.4095,0.7554,-41.9922,-57.7393,29.9683,1.0596,,
DATA,A001,1,7015,137554,0.8875,-0.4566,0.6717,-55.1758,-68.7256,29.7852,1.2031,,
DATA,A001,1,7016,137564,0.9759,-0.5005,0.6141,-58.0444,-59.3872,30.9448,1.2570,,
DATA,A001,1,7017,137574,0.9503,-0.5806,0.5865,-52.4902,-31.7993,33.4473,1.2586,,
DATA,A001,1,7018,137584,0.9203,-0.6016,0.6043,-42.4805,-16.6626,35.0342,1.2546,,
DATA,A001,1,7019,137594,0.8734,-0.5416,0.5760,-30.9448,-2.8687,40.2222,1.1781,,
DATA,A001,1,7020,137604,0.8299,-0.5035,0.5433,-31.9824,7.2632,41.9312,1.1124,,
DATA,A001,1,7021,137614,0.7372,-0.4888,0.4996,-36.3770,27.8931,39.1846,1.0158,,
DATA,A001,1,7022,137624,0.6263,-0.5027,0.4710,-35.8887,39.0015,35.8887,0.9310,,
DATA,A001,1,7023,137634,0.4967,-0.5110,0.4466,-31.9214,41.5039,29.8462,0.8410,,
DATA,A001,1,7024,137644,0.4642,-0.4820,0.4297,-27.8320,34.4849,26.2451,0.7953,,
DATA,A001,1,7025,137654,0.4212,-0.3931,0.3536,-26.4893,28.7476,22.3999,0.6760,,
DATA,A001,1,7026,137664,0.3316,-0.3577,0.2837,-28.3203,38.1470,16.7847,0.5643,,
DATA,A001,1,7027,137674,0.2071,-0.3682,0.2222,-26.7334,60.7910,7.0801,0.4774,,
DATA,A001,1,7028,137684,0.0853,-0.4175,0.2222,-6.7139,105.1636,-16.3574,0.4806,,
DATA,A001,1,7029,137694,0.0802,-0.4290,0.2549,13.4277,131.2256,-38.5742,0.5054,,
DATA,A001,1,7030,137704,0.1703,-0.4485,0.4212,36.8652,149.4141,-74.4629,0.6384,,
DATA,A001,1,7031,137714,0.2176,-0.4295,0.5105,45.8984,142.3340,-89.5996,0.7018,,
DATA,A001,1,7032,137724,0.2450,-0.4141,0.5098,39.4897,101.8677,-106.3843,0.7010,,
DATA,A001,1,7033,137734,0.2547,-0.4627,0.5032,29.6631,63.3545,-113.8916,0.7295,,
DATA,A001,1,7034,137744,0.3585,-0.5359,0.5296,31.5552,-0.6104,-115.3564,0.8344,,
DATA,A001,1,7035,137754,0.4579,-0.5291,0.5975,46.1426,-44.4946,-113.2812,0.9201,,
DATA,A001,1,7036,137764,0.6424,-0.3929,0.6946,69.4580,-75.5615,-115.0513,1.0245,,
DATA,A001,1,7037,137774,0.7113,-0.2886,0.6812,73.0591,-76.1719,-115.7227,1.0263,,
DATA,A001,1,7038,137784,0.6349,-0.2452,0.7068,60.4858,-69.5801,-107.8491,0.9812,,
DATA,A001,1,7039,137794,0.5726,-0.2657,0.8081,53.3447,-64.5752,-103.5156,1.0255,,
DATA,A001,1,7040,137804,0.5902,-0.2520,0.9598,51.0864,-74.4019,-101.5015,1.1545,,
DATA,A001,1,7041,137814,0.6224,-0.1548,0.9898,51.9409,-89.1113,-94.9097,1.1794,,
DATA,A001,1,7042,137824,0.7347,-0.0460,0.8904,41.3818,-117.6758,-88.4399,1.1553,,
DATA,A001,1,7043,137834,0.9229,-0.0147,0.8958,27.2217,-130.6152,-90.2100,1.2863,,
DATA,A001,1,7044,137844,1.1788,-0.0272,0.9236,3.7842,-126.2817,-81.7261,1.4978,,
DATA,A001,1,7045,137854,1.3082,-0.0753,0.8689,-7.9346,-96.1304,-74.0356,1.5723,,
DATA,A001,1,7046,137864,1.3795,-0.1561,0.8177,-12.1460,-20.9351,-64.8804,1.6112,,
DATA,A001,1,7047,137874,1.3499,-0.1963,0.8003,-7.9346,30.2124,-52.4902,1.5816,,
DATA,A001,1,7048,137884,1.0653,-0.2090,0.7618,-0.3052,70.3125,-28.1982,1.3262,,
DATA,A001,1,7049,137894,0.9146,-0.1558,0.7796,0.1221,62.9883,-17.3340,1.2119,,
DATA,A001,1,7050,137904,0.8265,-0.0648,0.7581,-10.3760,24.2310,-2.9907,1.1234,,
DATA,A001,1,7051,137914,0.8763,-0.0721,0.7430,-21.1182,-5.9814,5.7983,1.1511,,
DATA,A001,1,7052,137924,0.9757,-0.1627,0.7102,-32.0435,-32.1045,17.7002,1.2177,,
DATA,A001,1,7053,137934,0.9625,-0.2349,0.7161,-35.0952,-32.4097,20.3247,1.2225,,
DATA,A001,1,7054,137944,0.8138,-0.3238,0.7171,-34.3018,-28.0762,24.5972,1.1320,,
DATA,A001,1,7055,137954,0.7027,-0.3541,0.7261,-31.7383,-33.8135,29.4189,1.0707,,
DATA,A001,1,7056,137964,0.6710,-0.3248,0.8177,-31.1890,-67.8101,38.6353,1.1065,,
DATA,A001,1,7057,137974,0.7362,-0.2728,0.8697,-37.1704,-95.0928,45.7764,1.1716,,
DATA,A001,1,7058,137984,0.8914,-0.2159,0.8235,-54.8096,-113.2202,49.1943,1.2327,,
DATA,A001,1,7059,137994,0.9364,-0.2286,0.7090,-66.8945,-102.1118,48.0957,1.1966,,
DATA,A001,1,7060,138004,0.8914,-0.2779,0.6099,-73.5474,-74.4629,43.8843,1.1153,,
DATA,A001,1,7061,138014,0.7799,-0.3533,0.5352,-69.7632,-31.3110,39.1846,1.0097,,
DATA,A001,1,7062,138024,0.6832,-0.3775,0.4805,-62.1338,-9.9487,35.9497,0.9166,,
DATA,A001,1,7063,138034,0.6873,-0.3633,0.4417,-60.2417,-0.6104,31.1890,0.8942,,
DATA,A001,1,7064,138044,0.6925,-0.3597,0.4219,-60.6689,8.6670,26.6113,0.8871,,
DATA,A001,1,7065,138054,0.6654,-0.3333,0.4019,-55.7251,19.7144,20.2026,0.8458,,
DATA,A001,1,7066,138064,0.6456,-0.3084,0.3792,-52.8564,25.8789,15.1367,0.8098,,
DATA,A001,1,7067,138074,0.6212,-0.3038,0.3252,-52.8564,41.8091,3.4180,0.7641,,
DATA,A001,1,7068,138084,0.5926,-0.3333,0.2901,-53.3447,55.2368,-2.9297,0.7392,,
DATA,A001,1,7069,138094,0.5096,-0.3936,0.2264,-48.8892,75.5005,-10.5591,0.6825,,
DATA,A001,1,7070,138104,0.4190,-0.4295,0.2200,-41.5649,85.4492,-17.2729,0.6391,,
DATA,A001,1,7071,138114,0.2389,-0.4207,0.2105,-24.9023,91.6748,-30.6396,0.5276,,
DATA,A001,1,7072,138124,0.1205,-0.3843,0.1741,-13.3667,86.9751,-44.1895,0.4388,,
DATA,A001,1,7073,138134,0.0340,-0.3328,0.2049,0.3662,57.9834,-64.0259,0.3923,,
DATA,A001,1,7074,138144,0.0445,-0.2935,0.2730,7.2632,23.2544,-74.8901,0.4033,,
DATA,A001,1,7075,138154,0.1529,-0.2098,0.3670,8.1177,-38.1470,-88.3789,0.4495,,
DATA,A001,1,7076,138164,0.3224,-0.1663,0.4007,3.7842,-75.6226,-95.5200,0.5405,,
DATA,A001,1,7077,138174,0.6607,-0.1392,0.5193,-2.9907,-111.7554,-94.2993,0.8519,,
DATA,A001,1,7078,138184,0.9347,-0.1234,0.5884,-5.1880,-106.3843,-92.7124,1.1113,,
DATA,A001,1,7079,138194,1.2594,-0.1497,0.4739,-4.0894,-48.4619,-93.2617,1.3539,,
DATA,A001,1,7080,138204,1.2835,-0.1895,0.3855,0.1831,12.4512,-89.7217,1.3535,,
DATA,A001,1,7081,138214,1.0199,-0.2435,0.4737,14.4653,86.6699,-85.0830,1.1506,,
DATA,A001,1,7082,138224,0.8600,-0.2112,0.5472,23.6206,99.4873,-80.6885,1.0409,,
DATA,A001,1,7083,138234,0.7630,-0.1356,0.7466,24.5361,66.5894,-67.3828,1.0761,,
DATA,A001,1,7084,138244,0.9059,-0.0775,0.8191,18.0664,32.8369,-60.4858,1.2237,,
DATA,A001,1,7085,138254,1.2274,-0.0565,0.8194,6.5918,4.2114,-47.6074,1.4768,,
DATA,A001,1,7086,138264,1.3297,-0.0430,0.8494,1.0376,11.9019,-36.9263,1.5784,,
DATA,A001,1,7087,138274,1.3011,-0.0994,0.8389,-6.5918,35.8887,-21.0571,1.5513,,
DATA,A001,1,7088,138284,1.1898,-0.1380,0.8589,-10.3149,44.5557,-10.5591,1.4739,,
DATA,A001,1,7089,138294,1.0150,-0.1880,0.8238,-15.2588,46.1426,4.6997,1.3207,,
DATA,A001,1,7090,138304,0.9124,-0.1878,0.8284,-17.8223,42.0532,10.3760,1.2466,,
DATA,A001,1,7091,138314,0.7840,-0.2130,0.7996,-21.1792,39.9780,15.3809,1.1399,,
DATA,A001,1,7092,138324,0.7479,-0.2354,0.7781,-22.8271,35.6445,19.0430,1.1046,,
DATA,A001,1,7093,138334,0.6432,-0.2676,0.7425,-26.3062,20.4468,18.4937,1.0181,,
DATA,A001,1,7094,138344,0.6173,-0.2899,0.6846,-28.6255,1.5869,18.0054,0.9663,,
DATA,A001,1,7095,138354,0.6422,-0.3223,0.6302,-29.4189,-23.0713,17.3950,0.9557,,
DATA,A001,1,7096,138364,0.7533,-0.3538,0.5491,-28.5034,-57.8003,15.9912,0.9971,,
DATA,A001,1,7097,138374,0.8424,-0.3748,0.5476,-26.0620,-76.7822,19.8975,1.0724,,
DATA,A001,1,7098,138384,1.0077,-0.3658,0.5957,-19.2261,-103.3325,29.6021,1.2264,,
DATA,A001,1,7099,138394,1.1173,-0.3294,0.6394,-16.6626,-117.9199,36.0718,1.3288,,
DATA,A001,1,7100,138404,1.1998,-0.2711,0.6311,-21.1792,-121.4600,45.1050,1.3825,,
DATA,A001,1,7101,138414,1.1800,-0.2662,0.5965,-26.2451,-108.6426,50.1099,1.3487,,
DATA,A001,1,7102,138424,1.0645,-0.3011,0.5379,-30.8228,-80.5054,54.4434,1.2301,,
DATA,A001,1,7103,138434,0.9430,-0.3279,0.5347,-29.7852,-64.4531,56.5186,1.1325,,
DATA,A001,1,7104,138444,0.8148,-0.3318,0.5589,-25.3906,-58.1665,61.2183,1.0423,,
DATA,A001,1,7105,138454,0.7630,-0.3072,0.5411,-24.5972,-62.8052,62.5610,0.9845,,
DATA,A001,1,7106,138464,0.7940,-0.2899,0.4656,-28.1372,-68.4814,60.4248,0.9650,,
DATA,A001,1,7107,138474,0.8387,-0.2916,0.4207,-31.0059,-61.5234,55.1147,0.9826,,
DATA,A001,1,7108,138484,0.8324,-0.3157,0.3694,-31.2500,-37.1704,51.0254,0.9638,,
DATA,A001,1,7109,138494,0.7506,-0.3426,0.3584,-28.2593,-16.5405,47.4243,0.8996,,
DATA,A001,1,7110,138504,0.6671,-0.3450,0.3255,-22.4609,8.6060,34.6069,0.8185,,
DATA,A001,1,7111,138514,0.6568,-0.3553,0.3160,-19.8364,17.8833,28.4424,0.8109,,
DATA,A001,1,7112,138524,0.6458,-0.3370,0.3186,-15.3809,29.6021,21.6064,0.7951,,
DATA,A001,1,7113,138534,0.6139,-0.3213,0.3111,-11.9629,38.8184,14.9536,0.7595,,
DATA,A001,1,7114,138544,0.5218,-0.2835,0.2251,-8.2397,49.1943,-0.4272,0.6351,,
DATA,A001,1,7115,138554,0.4415,-0.2715,0.1211,-7.3853,50.5981,-10.3149,0.5323,,
DATA,A001,1,7116,138564,0.3141,-0.2996,0.0733,-1.0376,36.9263,-16.6626,0.4402,,
DATA,A001,1,7117,138574,0.2567,-0.3043,0.0821,5.3101,16.5405,-21.1182,0.4064,,
DATA,A001,1,7118,138584,0.2816,-0.2786,0.1390,15.9912,-20.4468,-29.7852,0.4198,,
DATA,A001,1,7119,138594,0.3602,-0.2454,0.1565,24.4751,-39.6729,-35.0342,0.4631,,
DATA,A001,1,7120,138604,0.4920,-0.1898,0.2376,36.9263,-56.4575,-38.2690,0.5784,,
DATA,A001,1,7121,138614,0.5330,-0.1544,0.2820,42.2363,-66.6504,-38.2690,0.6225,,
DATA,A001,1,7122,138624,0.6754,-0.1605,0.4146,42.5415,-84.4116,-38.6963,0.8086,,
DATA,A001,1,7123,138634,0.8822,-0.1946,0.5142,39.9170,-86.5479,-41.6870,1.0395,,
DATA,A001,1,7124,138644,1.1444,-0.2459,0.4388,39.5508,-45.6543,-50.5371,1.2500,,
DATA,A001,1,7125,138654,1.1778,-0.2881,0.4637,44.9219,2.4414,-49.3774,1.2982,,
DATA,A001,1,7126,138664,1.2379,-0.3045,0.6573,57.1899,59.5093,-42.4194,1.4343,,
DATA,A001,1,7127,138674,1.3734,-0.2972,0.6673,57.3120,82.8247,-39.9170,1.5556,,
DATA,A001,1,7128,138684,1.4425,-0.2801,0.6141,51.8188,101.8677,-32.6538,1.5926,,
DATA,A001,1,7129,138694,1.4161,-0.2791,0.6485,48.2178,110.5347,-10.4980,1.5823,,
DATA,A001,1,7130,138704,1.3538,-0.2515,0.7198,48.5840,101.6235,3.9062,1.5538,,
DATA,A001,1,7131,138714,1.2760,-0.1922,0.7300,40.6494,89.2334,27.1606,1.4826,,
DATA,A001,1,7132,138724,1.1583,-0.2039,0.7259,30.3955,82.8857,38.5742,1.3821,,
DATA,A001,1,7133,138734,0.8502,-0.2650,0.7237,17.2729,59.0210,51.3306,1.1475,,
DATA,A001,1,7134,138744,0.7435,-0.3233,0.7176,10.0098,26.4282,53.1616,1.0827,,
DATA,A001,1,7135,138754,0.7396,-0.3795,0.6385,2.8687,-19.9585,52.3071,1.0482,,
DATA,A001,1,7136,138764,0.7481,-0.4134,0.5713,0.9766,-31.3110,49.1333,1.0281,,
DATA,A001,1,7137,138774,0.7811,-0.4503,0.5235,4.2725,-41.5649,43.7012,1.0425,,
DATA,A001,1,7138,138784,0.8265,-0.4468,0.5660,8.0566,-54.3823,42.6636,1.0969,,
DATA,A001,1,7139,138794,0.9784,-0.4051,0.6282,3.9062,-68.9087,40.4663,1.2312,,
DATA,A001,1,7140,138804,1.0570,-0.3741,0.6119,-4.5166,-67.6880,39.1235,1.2773,,
DATA,A001,1,7141,138814,1.0807,-0.3565,0.5240,-16.2964,-55.6030,36.6821,1.2528,,
DATA,A001,1,7142,138824,1.0704,-0.3594,0.4949,-19.8364,-49.0723,35.5225,1.2328,,
DATA,A001,1,7143,138834,0.9925,-0.3387,0.5015,-22.1558,-51.6968,39.6729,1.1625,,
DATA,A001,1,7144,138844,1.0186,-0.3204,0.4996,-26.7944,-66.5283,44.5557,1.1789,,
DATA,A001,1,7145,138854,1.1847,-0.3338,0.4053,-37.3535,-90.8203,54.7485,1.2958,,
DATA,A001,1,7146,138864,1.3006,-0.3655,0.3370,-41.4429,-87.6465,61.8896,1.3924,,
DATA,A001,1,7147,138874,1.2999,-0.3804,0.2608,-37.8418,-33.1421,63.7207,1.3793,,
DATA,A001,1,7148,138884,1.1693,-0.3851,0.2366,-28.2593,15.7471,62.5000,1.2536,,
DATA,A001,1,7149,138894,0.8819,-0.3511,0.2080,-13.1836,69.1528,63.7207,0.9718,,
DATA,A001,1,7150,138904,0.7149,-0.3140,0.2163,-8.4839,84.4116,61.5845,0.8103,,
DATA,A001,1,7151,138914,0.6373,-0.2906,0.1783,-7.9956,83.2520,58.0444,0.7227,,
DATA,A001,1,7152,138924,0.6317,-0.3055,0.1914,-8.6670,75.9888,55.3589,0.7273,,
DATA,A001,1,7153,138934,0.5509,-0.3057,0.2869,-5.8594,62.9883,54.3823,0.6923,,
DATA,A001,1,7154,138944,0.4850,-0.2899,0.3797,-4.6997,50.2319,52.7954,0.6807,,
DATA,A001,1,7155,138954,0.4513,-0.2537,0.3189,-10.9863,26.3672,48.0347,0.6080,,
DATA,A001,1,7156,138964,0.4896,-0.2867,0.2178,-19.0430,14.2212,40.8325,0.6077,,
DATA,A001,1,7157,138974,0.5304,-0.3655,0.1228,-20.6299,11.3525,30.1514,0.6557,,
DATA,A001,1,7158,138984,0.4979,-0.3885,-0.0271,-13.1226,23.8647,24.2920,0.6321,,
DATA,A001,1,7159,138994,0.4190,-0.4566,-0.1953,2.1362,56.2134,8.9111,0.6498,,
DATA,A001,1,7160,139004,0.4102,-0.4959,-0.1606,17.6392,79.2847,1.7090,0.6633,,
DATA,A001,1,7161,139014,0.4469,-0.4803,-0.0869,35.7056,104.7974,-4.7607,0.6617,,
DATA,A001,1,7162,139024,0.5162,-0.3809,-0.0588,59.5703,155.1514,-18.7378,0.6442,,
DATA,A001,1,7163,139034,0.5467,-0.3221,-0.0144,72.5708,194.5801,-27.4658,0.6347,,
DATA,A001,1,7164,139044,0.2970,-0.2933,0.2862,93.5669,218.5059,-34.6680,0.5061,,
DATA,A001,1,7165,139054,-0.0531,-0.2012,0.8860,107.3608,185.1807,-35.1562,0.9101,,
DATA,A001,1,7166,139064,0.0355,0.0212,0.8536,91.1255,99.4873,-45.6543,0.8546,,
DATA,A001,1,7167,139074,0.1712,-0.0909,0.7181,58.6548,45.1050,-53.6499,0.7438,,
DATA,A001,1,7168,139084,0.4354,-0.3392,0.7671,41.6870,21.9116,-64.2090,0.9450,,
DATA,A001,1,7169,139094,0.4220,-0.4329,0.8582,53.4668,5.6763,-59.5093,1.0497,,
DATA,A001,1,7170,139104,0.6654,-0.3567,1.0091,65.1245,-37.3535,-60.0586,1.2602,,
DATA,A001,1,7171,139114,1.1051,-0.2752,0.8870,58.7769,-43.9453,-60.7300,1.4435,,
DATA,A001,1,7172,139124,1.4261,-0.2205,0.9082,45.7764,-17.8833,-44.3115,1.7051,,
DATA,A001,1,7173,139134,1.5899,-0.2369,0.7969,40.2222,19.1650,-32.9590,1.7942,,
DATA,A001,1,7174,139144,1.5506,-0.4046,0.8167,41.1377,84.5947,-29.2358,1.7986,,
DATA,A001,1,7175,139154,1.2086,-0.4339,1.0660,53.1006,106.5063,-16.1133,1.6689,,
DATA,A001,1,7176,139164,0.8648,-0.2266,1.4024,58.4106,56.7017,9.5215,1.6631,,
DATA,A001,1,7177,139174,0.7938,-0.0901,1.3711,29.6021,-8.7891,26.9775,1.5869,,
DATA,A001,1,7178,139184,0.9835,-0.1509,1.1944,-28.5645,-77.1484,44.4336,1.5545,,
DATA,A001,1,7179,139194,1.0882,-0.2586,1.0120,-45.8984,-84.1675,51.8799,1.5084,,
DATA,A001,1,7180,139204,0.8888,-0.4151,0.7600,-46.5088,-46.3257,47.2412,1.2409,,
DATA,A001,1,7181,139214,0.7328,-0.4820,0.6802,-38.3301,-23.0713,43.3960,1.1099,,
DATA,A001,1,7182,139224,0.6358,-0.4896,0.6375,-24.6582,-18.7378,41.5039,1.0249,,
DATA,A001,1,7183,139234,0.6903,-0.4473,0.6504,-22.1558,-32.5317,40.4053,1.0486,,
DATA,A001,1,7184,139244,0.8753,-0.3922,0.6265,-27.8320,-40.7104,38.5742,1.1456,,
DATA,A001,1,7185,139254,0.9080,-0.3831,0.6275,-30.1514,-39.6729,40.4053,1.1684,,
DATA,A001,1,7186,139264,0.8648,-0.3738,0.6502,-26.0010,-49.0723,48.7671,1.1447,,
DATA,A001,1,7187,139274,0.8563,-0.3509,0.6487,-20.6299,-61.8286,55.1758,1.1301,,
DATA,A001,1,7188,139284,0.8668,-0.2877,0.6831,-17.7002,-81.1768,64.4531,1.1405,,
DATA,A001,1,7189,139294,0.9124,-0.2452,0.6363,-21.6675,-81.9702,70.2515,1.1391,,
DATA,A001,1,7190,139304,0.9940,-0.2654,0.5003,-36.2549,-55.1147,70.5566,1.1440,,
DATA,A001,1,7191,139314,0.9957,-0.3267,0.4610,-43.5181,-21.4233,70.4346,1.1448,,
DATA,A001,1,7192,139324,0.8802,-0.4232,0.3948,-38.1470,44.8608,66.2231,1.0534,,
DATA,A001,1,7193,139334,0.7547,-0.4776,0.3767,-23.9258,83.9233,63.4766,0.9694,,
DATA,A001,1,7194,139344,0.6070,-0.4874,0.4214,-8.3008,107.4219,61.8286,0.8852,,
DATA,A001,1,7195,139354,0.3892,-0.4300,0.5538,8.5449,110.1074,60.0586,0.8019,,
DATA,A001,1,7196,139364,0.3116,-0.3372,0.5779,10.0098,91.4307,60.4858,0.7381,,
DATA,A001,1,7197,139374,0.3275,-0.2547,0.6184,-6.5308,45.5933,59.2041,0.7447,,
DATA,A001,1,7198,139384,0.3978,-0.2523,0.6211,-24.2920,18.9819,52.4902,0.7795,,
DATA,A001,1,7199,139394,0.4615,-0.3348,0.4829,-45.4102,0.9155,46.8140,0.7472,,
DATA,A001,1,7200,139404,0.5116,-0.4329,0.3841,-48.2788,4.3945,42.6025,0.7724,,
DATA,A001,1,7201,139414,0.5235,-0.5279,0.2286,-33.4473,18.9209,34.4238,0.7778,,
DATA,A001,1,7202,139424,0.4613,-0.5428,0.1058,-17.7002,33.5693,31.0669,0.7201,,
DATA,A001,1,7203,139434,0.2862,-0.5545,0.0230,6.6528,57.0679,22.2778,0.6244,,
DATA,A001,1,7204,139444,0.1317,-0.5484,0.0364,27.5269,70.6177,15.3198,0.5652,,
DATA,A001,1,7205,139454,-0.0436,-0.4908,0.0547,57.1899,82.8857,-1.6479,0.4957,,
DATA,A001,1,7206,139464,-0.0917,-0.4864,0.2178,71.0449,82.3364,-16.5405,0.5408,,
DATA,A001,1,7207,139474,-0.1886,-0.4654,0.5469,82.6416,57.6782,-40.2832,0.7425,,
DATA,A001,1,7208,139484,-0.3192,-0.3587,0.7259,83.7402,10.3149,-51.5747,0.8703,,
DATA,A001,1,7209,139494,-0.1720,-0.1602,0.9412,64.1479,-82.3364,-63.2935,0.9701,,
DATA,A001,1,7210,139504,0.5199,-0.1087,0.8416,45.4102,-103.0884,-76.7212,0.9952,,
DATA,A001,1,7211,139514,1.2210,-0.2376,0.3787,13.7939,-47.8516,-81.4209,1.3003,,
DATA,A001,1,7212,139524,1.0462,-0.5186,0.6404,13.9160,26.6724,-69.3970,1.3318,,
DATA,A001,1,7213,139534,0.7508,-0.4954,0.4905,73.7915,102.0508,-70.5566,1.0246,,
DATA,A001,1,7214,139544,0.4454,-0.4346,0.5601,93.8110,80.5664,-71.1060,0.8373,,
DATA,A001,1,7215,139554,0.6476,-0.2149,0.9822,102.6001,21.4233,-65.1855,1.1959,,
DATA,A001,1,7216,139564,0.9554,-0.0230,1.0286,88.0127,-34.2407,-50.4761,1.4041,,
DATA,A001,1,7217,139574,1.4298,-0.0035,1.1377,39.5508,-58.9600,-25.7568,1.8272,,
DATA,A001,1,7218,139584,1.6722,-0.0899,1.2305,20.1416,-45.8984,-7.6904,2.0781,,
DATA,A001,1,7219,139594,1.4525,-0.1773,1.1795,14.4653,-12.6343,17.2119,1.8794,,
DATA,A001,1,7220,139604,1.2650,-0.2320,1.1604,11.7188,-1.8921,26.7944,1.7322,,
DATA,A001,1,7221,139614,1.0047,-0.2813,1.1455,1.3428,-1.8311,42.1143,1.5495,,
DATA,A001,1,7222,139624,0.7852,-0.3101,1.0381,-7.3853,-5.6763,46.9360,1.3381,,
DATA,A001,1,7223,139634,0.6078,-0.4271,0.8926,-15.2588,-13.3667,39.0015,1.1613,,
DATA,A001,1,7224,139644,0.5501,-0.4971,0.8755,-10.0708,-15.7471,32.6538,1.1473,,
DATA,A001,1,7225,139654,0.4642,-0.5311,0.8787,3.6011,-23.8647,20.7520,1.1268,,
DATA,A001,1,7226,139664,0.4625,-0.5081,0.8540,6.8970,-37.2925,14.5264,1.0961,,
DATA,A001,1,7227,139674,0.5230,-0.4788,0.8370,5.9814,-52.3071,11.4746,1.0970,,
DATA,A001,1,7228,139684,0.6073,-0.4136,0.7166,0.2441,-69.9463,12.7563,1.0263,,
DATA,A001,1,7229,139694,0.6546,-0.3922,0.6165,-5.3711,-71.3501,13.4277,0.9810,,
DATA,A001,1,7230,139704,0.7230,-0.3922,0.5603,-8.1177,-75.1343,14.4653,0.9952,,
DATA,A001,1,7231,139714,0.7540,-0.3846,0.5144,-6.8970,-75.4395,15.9302,0.9905,,
DATA,A001,1,7232,139724,0.8582,-0.3746,0.5159,-3.3569,-63.1104,16.0522,1.0691,,
DATA,A001,1,7233,139734,0.9142,-0.3685,0.5337,-0.0610,-47.6685,17.8223,1.1209,,
DATA,A001,1,7234,139744,0.9517,-0.3870,0.5245,1.2817,-18.7378,19.6533,1.1535,,
DATA,A001,1,7235,139754,0.9371,-0.4183,0.5076,1.5259,-0.6714,21.5454,1.1449,,
DATA,A001,1,7236,139764,0.9049,-0.4490,0.5535,5.3711,17.2729,25.8179,1.1519,,
DATA,A001,1,7237,139774,0.8878,-0.4271,0.5430,9.0332,21.3013,30.7617,1.1249,,
DATA,A001,1,7238,139784,0.8424,-0.3887,0.6250,9.3994,3.6011,41.3818,1.1187,,
DATA,A001,1,7239,139794,0.9237,-0.3704,0.7063,6.4697,-19.8364,50.1099,1.2204,,
DATA,A001,1,7240,139804,1.0406,-0.3719,0.6975,-2.4414,-52.4292,65.6738,1.3068,,
DATA,A001,1,7241,139814,1.1063,-0.3765,0.6497,-6.5308,-58.4106,74.0967,1.3371,,
DATA,A001,1,7242,139824,1.1165,-0.3333,0.6094,-7.1411,-40.0391,83.5571,1.3150,,
DATA,A001,1,7243,139834,1.0440,-0.3138,0.6033,-7.5073,-20.6299,90.8813,1.2460,,
DATA,A001,1,7244,139844,0.9259,-0.2757,0.5957,-11.1694,8.9722,96.1914,1.1350,,
DATA,A001,1,7245,139854,0.8204,-0.2652,0.5501,-15.9912,21.0571,100.0977,1.0227,,
DATA,A001,1,7246,139864,0.7520,-0.3021,0.4146,-20.8740,30.8228,102.5391,0.9103,,
DATA,A001,1,7247,139874,0.7215,-0.3243,0.3572,-19.1040,43.1519,100.5859,0.8680,,
DATA,A001,1,7248,139884,0.5738,-0.3255,0.3919,-11.0474,71.4111,94.1772,0.7673,,
DATA,A001,1,7249,139894,0.4664,-0.3035,0.4441,-7.2632,75.8667,95.1538,0.7120,,
DATA,A001,1,7250,139904,0.4163,-0.3284,0.3702,-9.0332,64.0869,92.4072,0.6467,,
DATA,A001,1,7251,139914,0.3990,-0.3751,0.3392,-9.8877,63.5986,81.4209,0.6441,,
DATA,A001,1,7252,139924,0.2801,-0.4232,0.2498,-4.8218,92.2852,61.9507,0.5656,,
DATA,A001,1,7253,139934,0.1129,-0.4603,0.2788,2.5024,111.8774,50.7202,0.5499,,
DATA,A001,1,7254,139944,-0.1964,-0.4547,0.3819,13.9160,122.0703,32.1655,0.6254,,
DATA,A001,1,7255,139954,-0.3703,-0.4359,0.3880,15.4419,109.1309,16.6626,0.6911,,
DATA,A001,1,7256,139964,-0.5612,-0.4725,0.4192,9.9487,56.7017,-10.8643,0.8449,,
DATA,A001,1,7257,139974,-0.5302,-0.5167,0.4666,6.7749,3.9062,-29.7852,0.8751,,
DATA,A001,1,7258,139984,-0.2660,-0.5569,0.5069,7.5684,-94.4824,-52.1851,0.7987,,
DATA,A001,1,7259,139994,-0.0177,-0.5504,0.4373,9.8267,-148.1934,-64.5142,0.7032,,
DATA,A001,1,7260,140004,0.2481,-0.5335,0.3995,12.5122,-176.4526,-76.6602,0.7112,,
DATA,A001,1,7261,140014,0.5108,-0.4700,0.4986,19.2261,-176.3306,-85.2661,0.8547,,
DATA,A001,1,7262,140024,0.9752,-0.4119,0.6551,25.2686,-143.6157,-83.9844,1.2449,,
DATA,A001,1,7263,140034,1.1646,-0.3453,0.5120,27.5269,-89.1724,-84.5337,1.3182,,
DATA,A001,1,7264,140044,1.1825,-0.3546,0.4510,25.6958,-3.1738,-92.5903,1.3143,,
DATA,A001,1,7265,140054,0.8614,-0.3878,0.5015,35.6445,125.1831,-107.7881,1.0695,,
DATA,A001,1,7266,140064,0.6444,-0.4048,0.6133,48.5840,159.9731,-109.6802,0.9774,,
DATA,A001,1,7267,140074,0.5704,-0.3699,0.8162,58.8989,134.7046,-105.6519,1.0623,,
DATA,A001,1,7268,140084,0.7357,-0.3272,0.8279,56.5796,104.8584,-101.0742,1.1549,,
DATA,A001,1,7269,140094,0.7879,-0.2801,0.8035,48.6450,89.2334,-97.2900,1.1597,,
DATA,A001,1,7270,140104,0.7516,-0.2269,0.9036,45.8374,75.6226,-89.7827,1.1970,,
DATA,A001,1,7271,140114,0.9535,-0.2054,0.9131,42.0532,44.9219,-73.7915,1.3361,,
DATA,A001,1,7272,140124,1.0728,-0.2151,1.0083,35.0952,43.7622,-68.7256,1.4880,,
DATA,A001,1,7273,140134,0.9088,-0.1436,1.1775,16.1133,35.6445,-52.1851,1.4944,,
DATA,A001,1,7274,140144,0.9207,-0.1817,1.1018,0.2441,5.1270,-35.7056,1.4474,,
DATA,A001,1,7275,140154,0.9737,-0.2676,1.0105,-15.9912,-37.0483,-19.3481,1.4286,,
DATA,A001,1,7276,140164,1.0255,-0.2735,0.9151,-21.6675,-45.7153,-15.0757,1.4013,,
DATA,A001,1,7277,140174,0.8023,-0.2637,0.8750,-30.2124,-48.9502,-2.9297,1.2161,,
DATA,A001,1,7278,140184,0.7257,-0.3079,0.7532,-37.2925,-64.6362,1.3428,1.0903,,
DATA,A001,1,7279,140194,0.7396,-0.4146,0.5562,-41.2598,-89.2944,10.5591,1.0140,,
DATA,A001,1,7280,140204,0.8045,-0.4705,0.4900,-37.8418,-98.9990,11.3525,1.0530,,
DATA,A001,1,7281,140214,0.8824,-0.5010,0.4817,-26.7944,-106.5674,14.0381,1.1233,,
DATA,A001,1,7282,140224,0.9088,-0.4671,0.4883,-18.3716,-117.0044,18.3105,1.1325,,
DATA,A001,1,7283,140234,0.9862,-0.4078,0.5435,-12.7563,-134.3994,24.9634,1.1976,,
DATA,A001,1,7284,140244,1.1002,-0.3975,0.5440,-12.6343,-140.2588,29.9683,1.2901,,
DATA,A001,1,7285,140254,1.2533,-0.4173,0.5100,-10.9863,-138.4277,42.4194,1.4160,,
DATA,A001,1,7286,140264,1.3167,-0.4114,0.5032,-7.8125,-125.3662,48.2178,1.4684,,
DATA,A001,1,7287,140274,1.2313,-0.3668,0.5433,-3.3569,-88.8062,53.8330,1.3949,,
DATA,A001,1,7288,140284,1.0914,-0.3304,0.5840,-4.4556,-67.8711,58.4106,1.2812,,
DATA,A001,1,7289,140294,0.8853,-0.3165,0.6036,-10.4370,-52.7344,64.5142,1.1173,,
DATA,A001,1,7290,140304,0.8187,-0.3279,0.5843,-15.5029,-50.3540,65.3687,1.0579,,
DATA,A001,1,7291,140314,0.6803,-0.3297,0.6321,-23.1934,-53.9551,62.9883,0.9854,,
DATA,A001,1,7292,140324,0.6151,-0.3213,0.6392,-29.2969,-56.3354,58.1055,0.9435,,
DATA,A001,1,7293,140334,0.5926,-0.3177,0.6119,-36.2549,-60.6079,53.1616,0.9091,,
DATA,A001,1,7294,140344,0.6419,-0.3414,0.5203,-44.1284,-71.4111,48.8281,0.8941,,
DATA,A001,1,7295,140354,0.7086,-0.3460,0.4495,-46.2646,-77.2095,48.2788,0.9077,,
DATA,A001,1,7296,140364,0.8382,-0.3609,0.3401,-46.9360,-72.8760,47.9736,0.9739,,
DATA,A001,1,7297,140374,0.8526,-0.3633,0.2830,-46.3257,-55.2368,47.3022,0.9691,,
DATA,A001,1,7298,140384,0.8260,-0.3716,0.2215,-43.5791,-24.6582,46.4478,0.9325,,
DATA,A001,1,7299,140394,0.7928,-0.3870,0.1739,-40.5273,-11.4746,45.7764,0.8992,,
DATA,A001,1,7300,140404,0.7957,-0.4114,0.1246,-34.1797,4.6387,42.1753,0.9044,,
DATA,A001,1,7301,140414,0.8231,-0.4180,0.0826,-27.7100,24.1089,37.5366,0.9268,,
DATA,A001,1,7302,140424,0.7806,-0.4334,0.0557,-15.8691,71.2891,30.4565,0.8946,,
DATA,A001,1,7303,140434,0.7508,-0.4437,0.0354,-6.2256,110.8398,23.4985,0.8728,,
DATA,A001,1,7304,140444,0.6573,-0.4671,0.0791,9.0332,168.0908,13.0005,0.8103,,
DATA,A001,1,7305,140454,0.5374,-0.4676,0.1394,20.2026,198.4253,6.2866,0.7259,,
DATA,A001,1,7306,140464,0.2909,-0.4254,0.1914,31.6772,215.0269,-2.7466,0.5497,,
DATA,A001,1,7307,140474,0.1046,-0.4119,0.3042,34.6680,197.6929,-8.8501,0.5227,,
DATA,A001,1,7308,140484,-0.1759,-0.3604,0.5203,31.1890,131.8359,-20.0195,0.6569,,
DATA,A001,1,7309,140494,-0.3224,-0.3067,0.6353,22.6440,60.3638,-27.1606,0.7756,,
DATA,A001,1,7310,140504,-0.3190,-0.2872,0.6819,0.7935,-71.4722,-37.7808,0.8058,,
DATA,A001,1,7311,140514,-0.1151,-0.3279,0.5967,-12.5122,-154.1748,-45.5322,0.6906,,
DATA,A001,1,7312,140524,0.4076,-0.4190,0.4302,-18.9819,-224.7314,-60.4858,0.7258,,
DATA,A001,1,7313,140534,0.7491,-0.4559,0.3704,-15.0757,-222.3511,-69.3359,0.9519,,
DATA,A001,1,7314,140544,1.1493,-0.4610,0.3999,-0.1831,-143.9819,-76.1108,1.3013,,
DATA,A001,1,7315,140554,1.2916,-0.4417,0.3689,10.9253,-53.0396,-81.4819,1.4140,,
DATA,A001,1,7316,140564,1.1463,-0.4241,0.3272,23.0713,78.3081,-88.6841,1.2653,,
DATA,A001,1,7317,140574,0.9549,-0.4190,0.4507,32.4097,133.8501,-88.8062,1.1360,,
DATA,A001,1,7318,140584,0.7887,-0.3748,0.5301,43.0908,151.7944,-90.2710,1.0215,,
DATA,A001,1,7319,140594,0.7896,-0.3526,0.5689,43.6401,134.5215,-88.1348,1.0351,,
DATA,A001,1,7320,140604,0.7953,-0.2867,0.7056,41.2598,93.5059,-78.5522,1.1011,,
DATA,A001,1,7321,140614,0.9259,-0.2513,0.8448,37.9639,53.9551,-68.0542,1.2783,,
DATA,A001,1,7322,140624,1.1996,-0.2252,1.0293,27.6489,6.4087,-54.9927,1.5966,,
DATA,A001,1,7323,140634,1.2225,-0.2007,1.0528,14.4043,-6.2866,-45.5322,1.6258,,
DATA,A001,1,7324,140644,1.2188,-0.2010,0.9820,-7.5684,-28.3203,-24.1089,1.5780,,
DATA,A001,1,7325,140654,1.2704,-0.2193,0.8987,-19.8364,-48.6450,-7.2632,1.5715,,
DATA,A001,1,7326,140664,1.3441,-0.2449,0.7828,-29.6021,-61.4624,7.8735,1.5746,,
DATA,A001,1,7327,140674,1.3668,-0.2982,0.5760,-38.3911,-54.6875,26.1230,1.5129,,
DATA,A001,1,7328,140684,1.1961,-0.3528,0.4673,-40.7104,-41.0767,32.2876,1.3318,,
DATA,A001,1,7329,140694,0.8067,-0.4349,0.4087,-40.6494,-36.8042,29.8462,1.0035,,
DATA,A001,1,7330,140704,0.4713,-0.4630,0.4036,-40.5884,-52.2461,22.0337,0.7742,,
DATA,A001,1,7331,140714,0.0824,-0.4888,0.3765,-45.9595,-110.8398,3.4180,0.6225,,
DATA,A001,1,7332,140724,-0.0299,-0.4705,0.4622,-50.0488,-168.3350,-8.7280,0.6602,,
DATA,A001,1,7333,140734,0.2247,-0.3475,0.7032,-57.9224,-269.8364,-23.0713,0.8159,,
DATA,A001,1,7334,140744,0.6031,-0.2862,0.6873,-70.8618,-318.4204,-28.6255,0.9581,,
DATA,A001,1,7335,140754,1.1060,-0.2237,0.5708,-87.9517,-317.7490,-31.0059,1.2646,,
DATA,A001,1,7336,140764,1.4249,-0.1880,0.3711,-94.3604,-268.6157,-34.6680,1.4844,,
DATA,A001,1,7337,140774,1.5318,-0.1993,0.0354,-102.5391,-167.8467,-34.0576,1.5451,,
DATA,A001,1,7338,140784,1.5035,-0.2542,-0.1147,-103.1494,-111.0840,-28.2593,1.5292,,
DATA,A001,1,7339,140794,1.3678,-0.3428,-0.2246,-92.4072,-64.5752,-12.5732,1.4278,,
DATA,A001,1,7340,140804,1.2845,-0.3567,-0.2651,-80.8716,-58.3496,-3.2959,1.3592,,
DATA,A001,1,7341,140814,1.3048,-0.3428,-0.2834,-64.1479,-65.9790,10.9253,1.3785,,
DATA,A001,1,7342,140824,1.3548,-0.3072,-0.2744,-54.0161,-68.1152,22.2168,1.4161,,
DATA,A001,1,7343,140834,1.4510,-0.2606,-0.3039,-42.7246,-49.2554,36.5601,1.5052,,
DATA,A001,1,7344,140844,1.4549,-0.2537,-0.3437,-36.1328,-20.9351,45.1050,1.5163,,
DATA,A001,1,7345,140854,1.3155,-0.2667,-0.3855,-21.7285,26.0010,57.8613,1.3965,,
DATA,A001,1,7346,140864,1.2008,-0.2752,-0.3933,-8.4229,47.1191,66.2231,1.2932,,
DATA,A001,1,7347,140874,1.0738,-0.2579,-0.3234,13.6719,55.9082,78.6133,1.1507,,
DATA,A001,1,7348,140884,1.0330,-0.2242,-0.2573,24.7803,52.2461,86.0596,1.0880,,
DATA,A001,1,7349,140894,1.0167,-0.1834,-0.2131,32.2876,47.1802,95.0317,1.0549,,
DATA,A001,1,7350,140904,0.9964,-0.1824,-0.1745,33.8745,47.6685,99.0601,1.0279,,
DATA,A001,1,7351,140914,0.9381,-0.1976,-0.0869,36.7432,52.9175,102.8442,0.9626,,
DATA,A001,1,7352,140924,0.8668,-0.2012,-0.0188,39.1846,56.0913,105.7129,0.8900,,
DATA,A001,1,7353,140934,0.6810,-0.1856,0.0957,41.0156,59.9976,105.8960,0.7123,,
DATA,A001,1,7354,140944,0.4813,-0.1612,0.1517,40.2832,65.7349,102.1118,0.5297,,
DATA,A001,1,7355,140954,0.1151,-0.1509,0.1700,35.0952,78.7964,86.5479,0.2548,,
DATA,A001,1,7356,140964,-0.0917,-0.1675,0.1780,30.2734,88.5620,65.4907,0.2611,,
DATA,A001,1,7357,140974,-0.0800,-0.2540,0.3653,18.5547,110.5957,23.2544,0.4520,,
DATA,A001,1,7358,140984,0.2088,-0.3377,0.4854,6.7139,150.5737,-8.1787,0.6271,,
DATA,A001,1,7359,140994,0.6082,-0.4495,0.4285,-6.5918,251.5869,-40.5273,0.8693,,
DATA,A001,1,7360,141004,0.5899,-0.4542,0.3775,-5.7373,314.7583,-49.1333,0.8347,,
DATA,A001,1,7361,141014,0.3238,-0.4451,0.2198,-0.9155,342.0410,-64.6973,0.5927,,
DATA,A001,1,7362,141024,0.1139,-0.4512,0.2022,-0.3662,297.9736,-73.7305,0.5074,,
DATA,A001,1,7363,141034,-0.0075,-0.4241,0.1363,-0.1831,213.0127,-82.7637,0.4455,,
DATA,A001,1,7364,141044,0.0643,-0.3653,0.2320,-2.5024,42.0532,-93.6279,0.4375,,
DATA,A001,1,7365,141054,0.3023,-0.2896,0.3995,-7.8125,-71.5942,-83.4351,0.5787,,
DATA,A001,1,7366,141064,0.7984,-0.1854,0.2452,-17.7612,-156.9824,-63.7207,0.8555,,
DATA,A001,1,7367,141074,1.2318,-0.1976,0.1424,-25.1465,-139.8315,-67.1387,1.2556,,
DATA,A001,1,7368,141084,1.4244,-0.2464,0.2425,-28.0151,-49.7437,-46.3867,1.4658,,
DATA,A001,1,7369,141094,1.3346,-0.2659,0.3133,-25.5127,24.1699,-32.8369,1.3964,,
DATA,A001,1,7370,141104,1.2674,-0.3279,0.3247,-27.7710,112.4268,-31.5552,1.3488,,
DATA,A001,1,7371,141114,1.3048,-0.3836,0.3218,-32.2266,153.5645,-27.5269,1.3976,,
DATA,A001,1,7372,141124,1.2865,-0.3753,0.1380,-34.9121,188.8428,-11.4746,1.3472,,
DATA,A001,1,7373,141134,1.1561,-0.3089,-0.0241,-36.8652,177.4902,-2.0142,1.1969,,
DATA,A001,1,7374,141144,0.9762,-0.2379,-0.2155,-44.9219,130.3711,6.5918,1.0276,,
DATA,A001,1,7375,141154,0.8612,-0.2764,-0.2692,-51.2085,106.6895,1.6479,0.9437,,
DATA,A001,1,7376,141164,0.6358,-0.4388,-0.1958,-61.7676,109.0088,-21.8506,0.7970,,
DATA,A001,1,7377,141174,0.5313,-0.4705,-0.1252,-68.4814,122.8638,-35.7056,0.7207,,
DATA,A001,1,7378,141184,0.6595,-0.4085,0.2002,-85.4492,116.2720,-17.2119,0.8012,,
DATA,A001,1,7379,141194,0.9078,-0.3904,0.4932,-103.3936,88.0737,21.3623,1.1044,,
DATA,A001,1,7380,141204,1.1468,-0.2938,0.7950,-129.6997,59.8755,59.2041,1.4260,,
DATA,A001,1,7381,141214,1.2047,-0.1436,0.8399,-143.0664,55.6030,67.9321,1.4756,,
DATA,A001,1,7382,141224,1.0670,-0.0130,0.6912,-167.4194,53.1006,79.4678,1.2714,,
DATA,A001,1,7383,141234,0.9276,-0.0350,0.4939,-185.3638,39.6118,89.1724,1.0515,,
DATA,A001,1,7384,141244,0.7860,-0.1326,0.1773,-201.1108,6.7749,115.0513,0.8166,,
DATA,A001,1,7385,141254,0.7359,-0.1673,-0.0183,-201.2329,-10.4980,140.6860,0.7549,,
DATA,A001,1,7386,141264,0.7328,-0.1734,-0.2473,-198.1812,-16.8457,180.7251,0.7926,,
DATA,A001,1,7387,141274,0.7596,-0.1827,-0.3283,-195.5566,-2.0142,205.4443,0.8475,,
DATA,A001,1,7388,141284,0.7833,-0.2117,-0.4133,-190.3076,47.1802,235.9619,0.9106,,
DATA,A001,1,7389,141294,0.7794,-0.2440,-0.4665,-186.5845,92.9565,252.0142,0.9405,,
DATA,A001,1,7390,141304,0.6961,-0.3340,-0.4995,-185.2417,161.0107,272.8271,0.9196,,
DATA,A001,1,7391,141314,0.6339,-0.3983,-0.5319,-187.3779,199.9512,286.1938,0.9184,,
DATA,A001,1,7392,141324,0.5838,-0.4644,-0.5305,-189.8193,229.4312,301.1475,0.9154,,
DATA,A001,1,7393,141334,0.4608,-0.5252,-0.4289,-182.1899,256.9580,330.3223,0.8198,,
DATA,A001,1,7394,141344,0.3658,-0.4991,-0.2351,-168.9453,261.9019,351.9287,0.6619,,
DATA,A001,1,7395,141354,0.0731,-0.3082,0.3099,-151.6724,221.1914,399.4141,0.4431,,
DATA,A001,1,7396,141364,-0.0949,-0.1578,0.5777,-162.9639,155.3955,432.8613,0.6063,,
DATA,A001,1,7397,141374,-0.1420,-0.2176,0.6177,-204.6509,39.0015,455.3833,0.6701,,
DATA,A001,1,7398,141384,-0.0255,-0.3111,0.5640,-211.6699,-26.9775,470.9473,0.6446,,
DATA,A001,1,7399,141394,0.1532,-0.4344,0.4456,-185.0586,-75.0732,503.7231,0.6409,,
DATA,A001,1,7400,141404,0.1893,-0.4744,0.3269,-163.1470,-66.2842,516.7236,0.6065,,
DATA,A001,1,7401,141414,0.0345,-0.4217,0.1524,-132.2021,-13.7329,538.8794,0.4497,,
DATA,A001,1,7402,141424,-0.2072,-0.3404,0.0979,-111.9995,31.2500,557.6172,0.4103,,
DATA,A001,1,7403,141434,-0.6005,-0.1976,0.0589,-71.5332,94.7266,567.9321,0.6349,,
DATA,A001,1,7404,141444,-0.8900,-0.0904,0.0440,-45.9595,133.7280,563.5986,0.8957,,
DATA,A001,1,7405,141454,-1.2528,0.0566,0.0044,-17.8223,209.2896,544.5557,1.2541,,
DATA,A001,1,7406,141464,-1.3903,0.1413,-0.1416,-11.7188,275.0854,523.8037,1.4046,,
DATA,A001,1,7407,141474,-1.3395,0.2189,-0.4455,-18.1885,395.0195,487.0605,1.4285,,
DATA,A001,1,7408,141484,-1.3603,0.2661,-0.6591,-29.4800,473.0835,473.8159,1.5348,,
DATA,A001,1,7409,141494,-1.4694,0.3220,-0.9755,-51.6357,559.7534,458.9844,1.7929,,
DATA,A001,1,7410,141504,-1.6191,0.3637,-1.1521,-60.6689,559.8755,449.6460,2.0201,,
DATA,A001,1,7411,141514,-1.7951,0.5060,-0.8647,-58.2886,449.0356,455.0781,2.0557,,
DATA,A001,1,7412,141524,-2.0102,0.7385,-0.5256,-67.9932,293.7622,457.2144,2.2051,,
DATA,A001,1,7413,141534,-2.1867,0.9955,-0.2404,-136.1694,-39.6729,464.9658,2.4146,,
DATA,A001,1,7414,141544,-2.2397,0.8144,-0.4929,-186.2793,-249.7559,460.3882,2.4336,,
DATA,A001,1,7415,141554,-2.0255,0.5275,-0.4585,-182.0068,-452.8809,439.0259,2.1427,,
DATA,A001,1,7416,141564,-1.8073,0.5134,-0.4375,-150.2075,-510.4980,440.6128,1.9290,,
DATA,A001,1,7417,141574,-1.7751,0.5558,-0.4006,-92.2241,-523.0103,442.7490,1.9027,,
DATA,A001,1,7418,141584,-1.6520,0.6193,-0.2888,-58.7158,-492.5537,425.1709,1.7878,,
DATA,A001,1,7419,141594,-1.4508,0.6682,-0.2407,-27.7710,-449.7681,422.0581,1.6153,,
DATA,A001,1,7420,141604,-1.4040,0.6301,-0.1960,-16.2354,-433.6548,422.3633,1.5513,,
DATA,A001,1,7421,141614,-1.3210,0.4870,-0.1738,-8.6670,-427.1851,407.8369,1.4186,,
DATA,A001,1,7422,141624,-1.1642,0.3564,-0.1684,-1.5869,-415.8325,391.4795,1.2291,,
DATA,A001,1,7423,141634,-0.7650,0.1664,-0.2363,27.8320,-386.2305,371.7651,0.8178,,
DATA,A001,1,7424,141644,-0.4025,0.1340,-0.2902,64.3311,-350.2197,362.9761,0.5140,,
DATA,A001,1,7425,141654,-0.0556,0.1594,-0.2998,106.5063,-282.1045,356.5063,0.3440,,
DATA,A001,1,7426,141664,0.3587,0.3779,-0.2165,165.4053,-140.5029,358.2764,0.5642,,
DATA,A001,1,7427,141674,0.4456,0.6474,-0.0774,191.8335,-33.8745,366.2109,0.7898,,
DATA,A001,1,7428,141684,0.2782,1.0995,0.0645,198.4863,117.1875,374.3286,1.1360,,
DATA,A001,1,7429,141694,0.0855,1.2936,0.0730,187.8052,193.6646,373.4741,1.2985,,
DATA,A001,1,7430,141704,-0.1808,1.4919,0.1504,174.8657,264.6484,372.4365,1.5103,,
DATA,A001,1,7431,141714,-0.3390,1.6401,0.1817,168.3960,291.3208,377.5635,1.6846,,
DATA,A001,1,7432,141724,-0.5500,1.8952,0.1883,152.0386,307.8003,385.8643,1.9823,,
DATA,A001,1,7433,141734,-0.6354,2.0641,0.1739,134.3994,309.5703,388.0005,2.1667,,
DATA,A001,1,7434,141744,-0.7104,2.2709,0.0801,101.4404,316.1011,382.0190,2.3808,,
DATA,A001,1,7435,141754,-0.7907,2.3517,-0.0542,76.8433,315.3076,372.1924,2.4817,,
DATA,A001,1,7436,141764,-0.9198,2.3749,-0.0703,29.6631,297.0581,355.4688,2.5478,,
DATA,A001,1,7437,141774,-1.0019,2.2592,-0.1508,-5.5542,273.3765,337.4023,2.4760,,
DATA,A001,1,7438,141784,-0.7995,1.8788,-0.1303,-31.3721,239.5020,298.5840,2.0460,,
DATA,A001,1,7439,141794,-0.9652,1.7453,-0.0620,-36.8652,209.7778,270.2026,1.9954,,
DATA,A001,1,7440,141804,-1.1784,1.5200,-0.0598,-47.3633,130.1270,243.0420,1.9242,,
DATA,A001,1,7441,141814,-1.2047,1.2739,-0.0134,-49.7437,20.8130,234.8022,1.7534,,
DATA,A001,1,7442,141824,-0.9713,1.0046,-0.0087,-31.6162,-152.0386,197.0825,1.3974,,
DATA,A001,1,7443,141834,-0.7690,0.9409,-0.1042,-10.0708,-238.8306,168.7622,1.2196,,
DATA,A001,1,7444,141844,-0.4975,0.9809,-0.1254,25.2075,-318.7866,130.8594,1.1070,,
DATA,A001,1,7445,141854,-0.2951,1.0639,-0.0398,41.2598,-326.8433,100.8301,1.1048,,
DATA,A001,1,7446,141864,0.0565,1.1498,0.1275,44.6777,-273.8647,59.8755,1.1583,,
DATA,A001,1,7447,141874,0.2257,1.1181,0.2217,36.9263,-201.7212,33.2642,1.1620,,
DATA,A001,1,7448,141884,0.4586,0.9968,0.2527,24.7803,-42.0532,-7.9956,1.1259,,
DATA,A001,1,7449,141894,0.5479,0.9208,0.1917,23.0103,85.0830,-26.3062,1.0885,,
DATA,A001,1,7450,141904,0.4967,0.8683,0.0159,28.9307,270.8130,-35.0952,1.0005,,
DATA,A001,1,7451,141914,0.4244,0.8727,-0.0632,35.9497,389.5874,-39.6729,0.9725,,
DATA,A001,1,7452,141924,0.1727,0.8857,-0.2109,41.9922,537.3535,-49.9878,0.9267,,
DATA,A001,1,7453,141934,-0.0204,0.9013,-0.3127,44.7388,601.3794,-48.4619,0.9542,,
DATA,A001,1,7454,141944,-0.3478,0.8869,-0.4714,44.9829,629.7607,-35.6445,1.0629,,
DATA,A001,1,7455,141954,-0.5727,0.8537,-0.5285,43.1519,602.0508,-22.7661,1.1559,,
DATA,A001,1,7456,141964,-0.9828,0.7675,-0.4128,37.0483,486.4502,-0.6104,1.3136,,
DATA,A001,1,7457,141974,-1.2487,0.7121,-0.2326,34.1797,367.9810,15.4419,1.4562,,
DATA,A001,1,7458,141984,-1.5072,0.6779,-0.1391,33.6304,219.8486,32.4097,1.6585,,
DATA,A001,1,7459,141994,-1.8712,0.6760,-0.1159,34.4849,-39.1235,53.3447,1.9930,,
DATA,A001,1,7460,142004,-2.0011,0.6703,-0.2392,37.2925,-212.6465,59.3262,2.1239,,
DATA,A001,1,7461,142014,-1.9989,0.8364,-0.1555,34.1187,-469.1772,53.3447,2.1724,,
DATA,A001,1,7462,142024,-1.6764,1.0038,-0.2915,5.0049,-727.7222,51.4526,1.9756,,
DATA,A001,1,7463,142034,-1.3766,1.0439,-0.4487,-12.4512,-893.1274,57.4341,1.7850,,
DATA,A001,1,7464,142044,-0.9750,1.0847,-0.6352,-19.5312,-1031.7383,63.3545,1.5908,,
DATA,A001,1,7465,142054,-0.3351,1.2021,-0.7851,-15.6250,-1138.7939,57.8003,1.4744,,
DATA,A001,1,7466,142064,0.0406,1.3249,-0.7319,-13.7939,-1128.5400,43.0908,1.5142,,
DATA,A001,1,7467,142074,0.3097,1.5222,-0.5644,-31.4331,-1028.5645,21.4844,1.6527,,
DATA,A001,1,7468,142084,0.3045,1.6696,-0.4565,-57.2510,-935.1196,8.2397,1.7575,,
DATA,A001,1,7469,142094,0.2259,1.7131,-0.4616,-101.8677,-796.6309,-21.3013,1.7885,,
DATA,A001,1,7470,142104,0.2655,1.6039,-0.3994,-106.0791,-701.1719,-44.5557,1.6741,,
DATA,A001,1,7471,142114,0.4100,1.5446,-0.2424,-86.5479,-536.2549,-62.6221,1.6164,,
DATA,A001,1,7472,142124,0.5121,1.5917,-0.1760,-83.1909,-411.9873,-59.5093,1.6813,,
DATA,A001,1,7473,142134,0.6244,1.6078,-0.0588,-109.2529,-227.1729,-43.2739,1.7258,,
DATA,A001,1,7474,142144,0.6344,1.5627,-0.0139,-130.8594,-114.7461,-33.8135,1.6866,,
DATA,A001,1,7475,142154,0.5743,1.5270,0.0879,-155.7617,12.8784,-29.2358,1.6338,,
DATA,A001,1,7476,142164,0.5797,1.4650,0.0828,-166.1987,76.7822,-26.9165,1.5777,,
DATA,A001,1,7477,142174,0.6024,1.2180,0.0008,-171.1426,169.7388,-35.5835,1.3588,,
DATA,A001,1,7478,142184,0.6266,1.1303,-0.0913,-163.8794,237.5488,-44.1284,1.2956,,
DATA,A001,1,7479,142194,0.5936,1.0663,-0.2055,-152.5879,345.2148,-51.3916,1.2376,,
DATA,A001,1,7480,142204,0.4579,1.0121,-0.3210,-147.3389,415.2832,-57.4951,1.1563,,
DATA,A001,1,7481,142214,0.1698,0.9560,-0.3110,-132.6904,493.5303,-62.5000,1.0195,,
DATA,A001,1,7482,142224,-0.0822,1.0175,-0.4248,-122.3755,524.7192,-88.3179,1.1057,,
DATA,A001,1,7483,142234,-0.4787,0.9423,-0.4604,-109.3750,482.6050,-106.5674,1.1529,,
DATA,A001,1,7484,142244,-0.6962,0.9494,-0.3352,-92.3462,399.2310,-97.8394,1.2241,,
DATA,A001,1,7485,142254,-0.7345,0.9855,-0.1980,-95.3369,289.4287,-99.4873,1.2450,,
DATA,A001,1,7486,142264,-0.6391,0.9875,-0.1943,-100.4028,232.5439,-102.1118,1.1922,,
DATA,A001,1,7487,142274,-0.5319,1.0373,-0.2387,-93.0176,165.0391,-101.8677,1.1899,,
DATA,A001,1,7488,142284,-0.4438,1.1203,-0.1816,-84.5947,145.0806,-100.8301,1.2186,,
DATA,A001,1,7489,142294,-0.5558,1.2663,-0.2631,-92.5903,125.2441,-100.0977,1.4077,,
DATA,A001,1,7490,142304,-0.6261,1.2038,-0.2871,-102.6001,94.7876,-102.5391,1.3869,,
DATA,A001,1,7491,142314,-0.5392,1.0180,-0.1716,-97.5952,38.3911,-103.0884,1.1647,,
DATA,A001,1,7492,142324,-0.3820,0.9680,-0.1027,-82.7026,14.8315,-102.0508,1.0457,,
DATA,A001,1,7493,142334,-0.2956,0.9797,-0.0859,-69.3970,5.0659,-102.2339,1.0269,,
DATA,A001,1,7494,142344,-0.2865,1.0746,0.0003,-56.5186,13.6108,-111.9385,1.1122,,
DATA,A001,1,7495,142354,-0.2690,1.1281,0.0164,-56.8237,26.7944,-120.3613,1.1598,,
DATA,A001,1,7496,142364,-0.2751,1.1091,0.0389,-61.9507,34.3018,-122.3755,1.1433,,
DATA,A001,1,7497,142374,-0.2768,1.0554,0.0362,-61.5845,32.3486,-121.5210,1.0916,,
DATA,A001,1,7498,142384,-0.3012,0.9772,0.0318,-53.8940,21.2402,-125.1221,1.0231,,
DATA,A001,1,7499,142394,-0.3170,0.9548,0.0208,-47.9126,10.4980,-129.2114,1.0063,,
DATA,A001,1,7500,142404,-0.3207,0.9421,-0.0017,-42.0532,-8.6060,-132.7515,0.9952,,
DATA,A001,1,7501,142414,-0.3161,0.9306,-0.0100,-39.3066,-24.1089,-133.2397,0.9829,,
DATA,A001,1,7502,142424,-0.2668,0.9067,-0.0451,-34.2407,-45.4102,-134.9487,0.9462,,
DATA,A001,1,7503,142434,-0.2104,0.8911,-0.0681,-29.7852,-52.5513,-137.2681,0.9181,,
DATA,A001,1,7504,142444,-0.1498,0.8869,-0.0983,-23.6816,-50.1709,-140.9912,0.9048,,
DATA,A001,1,7505,142454,-0.1254,0.8898,-0.1157,-20.1416,-41.9312,-142.6392,0.9060,,
DATA,A001,1,7506,142464,-0.1247,0.8854,-0.1269,-15.9912,-28.4424,-143.3716,0.9031,,
DATA,A001,1,7507,142474,-0.1327,0.8784,-0.1374,-12.8174,-22.0947,-142.8833,0.8989,,
DATA,A001,1,7508,142484,-0.1486,0.8705,-0.1267,-8.5449,-18.6768,-140.8691,0.8922,,
DATA,A001,1,7509,142494,-0.1781,0.8605,-0.1193,-6.8359,-22.0947,-137.8174,0.8868,,
DATA,A001,1,7510,142504,-0.1823,0.8283,-0.1162,-3.7842,-35.1562,-131.6528,0.8560,,
DATA,A001,1,7511,142514,-0.1649,0.8044,-0.0930,-0.3052,-44.6777,-126.5869,0.8264,,
DATA,A001,1,7512,142524,-0.1313,0.7939,-0.0485,4.8828,-52.7954,-116.9434,0.8061,,
DATA,A001,1,7513,142534,-0.1198,0.7783,-0.0246,6.2256,-53.4058,-108.5815,0.7878,,
DATA,A001,1,7514,142544,-0.1225,0.7536,0.0127,6.8970,-50.2319,-93.8110,0.7636,,
DATA,A001,1,7515,142554,-0.1225,0.7326,0.0320,7.6294,-46.5088,-82.0312,0.7435,,
DATA,A001,1,7516,142564,-0.1383,0.6948,0.0462,10.5591,-41.1377,-61.9507,0.7099,,
DATA,A001,1,7517,142574,-0.1518,0.6796,0.0572,14.7095,-37.2925,-46.8750,0.6987,,
DATA,A001,1,7518,142584,-0.1784,0.6945,0.0979,21.2402,-31.8604,-21.2402,0.7237,,
DATA,A001,1,7519,142594,-0.2304,0.7121,0.1197,22.9492,-31.0059,-3.1128,0.7579,,
DATA,A001,1,7520,142604,-0.2738,0.7021,0.1487,23.1323,-37.1094,23.5596,0.7681,,
DATA,A001,1,7521,142614,-0.2792,0.6813,0.1944,24.7803,-42.4194,39.9780,0.7615,,
DATA,A001,1,7522,142624,-0.2548,0.6640,0.2378,29.6021,-44.4946,62.1948,0.7499,,
DATA,A001,1,7523,142634,-0.2333,0.6630,0.2349,33.1421,-41.3818,76.1108,0.7411,,
DATA,A001,1,7524,142644,-0.1920,0.7087,0.1853,40.9546,-31.6772,97.7783,0.7573,,
DATA,A001,1,7525,142654,-0.1689,0.7851,0.1504,49.1333,-22.9492,115.0513,0.8170,,
DATA,A001,1,7526,142664,-0.1669,0.8974,0.1299,57.4341,-15.1367,134.3384,0.9220,,
DATA,A001,1,7527,142674,-0.2060,1.0390,0.0992,59.9365,-10.9253,160.7666,1.0639,,
DATA,A001,1,7528,142684,-0.2089,1.0788,0.0909,58.5327,-12.8174,174.4385,1.1026,,
DATA,A001,1,7529,142694,-0.1945,1.1120,0.0874,62.2559,-15.2588,191.2842,1.1323,,
DATA,A001,1,7530,142704,-0.1701,1.1423,0.0823,68.2373,-12.2070,201.1108,1.1578,,
DATA,A001,1,7531,142714,-0.1449,1.1867,0.0728,75.4395,1.5869,214.0503,1.1977,,
DATA,A001,1,7532,142724,-0.1327,1.2048,0.0711,77.1484,16.7236,220.3369,1.2141,,
DATA,A001,1,7533,142734,-0.1435,1.1943,0.0804,77.4536,43.5791,225.3418,1.2055,,
DATA,A001,1,7534,142744,-0.1669,1.1833,0.0938,78.0640,58.9600,226.6235,1.1987,,
DATA,A001,1,7535,142754,-0.1962,1.1953,0.0945,80.8105,74.8901,227.2949,1.2149,,
DATA,A001,1,7536,142764,-0.2040,1.2236,0.1006,83.1299,81.2378,227.0508,1.2445,,
DATA,A001,1,7537,142774,-0.1960,1.2961,0.1048,85.7544,91.2476,225.1587,1.3150,,
DATA,A001,1,7538,142784,-0.2001,1.3671,0.0972,85.8154,99.3042,223.0225,1.3851,,
DATA,A001,1,7539,142794,-0.2235,1.4709,0.0713,82.2144,112.7930,217.4072,1.4895,,
DATA,A001,1,7540,142804,-0.2384,1.5141,0.0367,77.8198,121.9482,211.0596,1.5332,,
DATA,A001,1,7541,142814,-0.2318,1.5358,-0.0041,70.3125,143.6157,198.3643,1.5532,,
DATA,A001,1,7542,142824,-0.2834,1.5231,-0.0422,68.1152,154.4800,190.7959,1.5498,,
DATA,A001,1,7543,142834,-0.2497,1.4682,-0.0796,59.4482,165.9546,171.6919,1.4914,,
DATA,A001,1,7544,142844,-0.2973,1.3906,-0.1289,56.8237,176.7578,160.2173,1.4278,,
DATA,A001,1,7545,142854,-0.3383,1.2922,-0.0737,43.5791,165.2222,136.1084,1.3378,,
DATA,A001,1,7546,142864,-0.2462,1.2141,-0.0153,41.3818,148.2544,126.6479,1.2389,,
DATA,A001,1,7547,142874,-0.2712,1.1005,-0.0036,52.7954,142.7612,105.1025,1.1334,,
DATA,A001,1,7548,142884,-0.1503,1.0844,0.0728,55.2368,162.4756,88.7451,1.0972,,
DATA,A001,1,7549,142894,-0.1640,1.0627,0.0623,53.4058,186.2793,80.5054,1.0771,,
DATA,A001,1,7550,142904,-0.2514,1.0226,0.0577,49.7437,184.2651,76.5381,1.0547,,
DATA,A001,1,7551,142914,-0.3173,0.9636,0.0298,50.2319,184.6924,52.3071,1.0149,,
DATA,A001,1,7552,142924,-0.3715,0.9289,0.0015,49.7437,183.8379,44.9829,1.0004,,
DATA,A001,1,7553,142934,-0.4386,0.8820,-0.0732,49.3164,159.2407,47.1191,0.9878,,
DATA,A001,1,7554,142944,-0.4267,0.8801,-0.0559,49.5605,135.2539,41.9312,0.9796,,
DATA,A001,1,7555,142954,-0.4154,0.8644,-0.0847,47.5464,102.5391,37.8418,0.9628,,
DATA,A001,1,7556,142964,-0.4262,0.8578,-0.0981,46.4478,80.2002,38.9404,0.9629,,
DATA,A001,1,7557,142974,-0.4547,0.8600,-0.0695,45.5933,43.3350,40.1001,0.9754,,
DATA,A001,1,7558,142984,-0.4294,0.8530,-0.0737,43.8232,19.8364,41.6260,0.9578,,
DATA,A001,1,7559,142994,-0.3935,0.8405,-0.0529,42.1143,0.1221,43.5791,0.9296,,
DATA,A001,1,7560,143004,-0.3434,0.8408,-0.0022,40.8325,-16.6016,47.2412,0.9082,,
DATA,A001,1,7561,143014,-0.2943,0.8652,0.0252,40.3442,-18.2495,50.8423,0.9142,,
DATA,A001,1,7562,143024,-0.2907,0.8808,0.0523,39.6729,-14.7095,54.0161,0.9290,,
DATA,A001,1,7563,143034,-0.3053,0.9028,0.0913,37.7197,-10.9253,57.6172,0.9574,,
DATA,A001,1,7564,143044,-0.3227,0.9250,0.1329,32.6538,-8.1177,62.1948,0.9886,,
DATA,A001,1,7565,143054,-0.3275,0.9142,0.1321,28.6865,-8.2397,63.9038,0.9801,,
DATA,A001,1,7566,143064,-0.3197,0.8923,0.1324,24.7803,-7.4463,65.7349,0.9570,,
DATA,A001,1,7567,143074,-0.3163,0.8818,0.1424,23.8037,-5.1880,67.0166,0.9476,,
DATA,A001,1,7568,143084,-0.3290,0.8813,0.1636,22.8882,-1.7090,66.9556,0.9548,,
DATA,A001,1,7569,143094,-0.3312,0.8766,0.1690,21.5454,0.7935,64.8193,0.9522,,
DATA,A001,1,7570,143104,-0.3358,0.8488,0.1917,19.2261,2.3193,60.6079,0.9328,,
DATA,A001,1,7571,143114,-0.3417,0.8261,0.2022,18.1274,1.8921,57.0679,0.9166,,
DATA,A001,1,7572,143124,-0.3424,0.7878,0.2102,19.1650,-1.6479,50.0488,0.8843,,
DATA,A001,1,7573,143134,-0.3537,0.7873,0.2376,21.4233,-7.0190,45.1050,0.8952,,
DATA,A001,1,7574,143144,-0.3742,0.8127,0.2864,23.1323,-20.5078,38.0249,0.9394,,
DATA,A001,1,7575,143154,-0.3781,0.8417,0.3016,22.7051,-32.2266,32.6538,0.9708,,
DATA,A001,1,7576,143164,-0.3676,0.9142,0.3199,21.5454,-51.3306,23.4985,1.0360,,
DATA,A001,1,7577,143174,-0.3546,0.9924,0.3118,20.3247,-61.3403,17.5781,1.0990,,
DATA,A001,1,7578,143184,-0.3410,1.1332,0.2749,15.9912,-72.3267,9.1553,1.2149,,
DATA,A001,1,7579,143194,-0.3163,1.2099,0.2388,11.3525,-75.0122,2.6855,1.2732,,
DATA,A001,1,7580,143204,-0.3041,1.3024,0.1724,3.4790,-71.2280,-8.4839,1.3485,,
DATA,A001,1,7581,143214,-0.3322,1.3952,0.1570,-1.8921,-68.6035,-14.8926,1.4428,,
DATA,A001,1,7582,143224,-0.3488,1.5368,0.1226,-10.0708,-68.7866,-22.6440,1.5806,,
DATA,A001,1,7583,143234,-0.3297,1.6098,0.1048,-14.9536,-69.3970,-29.7241,1.6466,,
DATA,A001,1,7584,143244,-0.2450,1.6464,0.0745,-24.1089,-61.5845,-43.1519,1.6662,,
DATA,A001,1,7585,143254,-0.1720,1.6183,0.0630,-31.5552,-47.9736,-52.1240,1.6287,,
DATA,A001,1,7586,143264,-0.0995,1.5463,0.0513,-42.1143,-16.6016,-66.2842,1.5504,,
DATA,A001,1,7587,143274,-0.0959,1.5051,0.0621,-46.2036,6.8359,-77.5757,1.5094,,
DATA,A001,1,7588,143284,-0.1317,1.4655,0.0852,-49.1943,34.9121,-95.5811,1.4739,,
DATA,A001,1,7589,143294,-0.1591,1.4250,0.0945,-51.3916,46.3257,-107.9712,1.4370,,
DATA,A001,1,7590,143304,-0.1920,1.3378,0.1075,-54.3213,53.7109,-125.9155,1.3558,,
DATA,A001,1,7591,143314,-0.2035,1.2643,0.1106,-55.6641,54.0161,-137.0850,1.2854,,
DATA,A001,1,7592,143324,-0.2170,1.2033,0.1079,-55.9692,52.6733,-147.7661,1.2275,,
DATA,A001,1,7593,143334,-0.2389,1.1398,0.0950,-53.4058,47.1191,-162.4146,1.1685,,
DATA,A001,1,7594,143344,-0.2550,1.1215,0.0809,-50.5981,40.1611,-170.4102,1.1530,,
DATA,A001,1,7595,143354,-0.2672,1.1335,0.0484,-45.2881,26.7334,-178.5278,1.1656,,
DATA,A001,1,7596,143364,-0.2819,1.1430,0.0320,-43.0908,15.9912,-181.6406,1.1777,,
DATA,A001,1,7597,143374,-0.3192,1.1572,0.0796,-44.4946,-5.1270,-180.4810,1.2030,,
DATA,A001,1,7598,143384,-0.4045,1.1433,0.0340,-47.6074,-38.3911,-168.4570,1.2132,,
DATA,A001,1,7599,143394,-0.5077,1.1188,0.0027,-52.4902,-125.7935,-147.7661,1.2287,,
DATA,A001,1,7600,143404,-0.5050,1.1618,-0.1679,-55.4810,-192.3828,-142.0288,1.2779,,
DATA,A001,1,7601,143414,-0.2362,1.2543,-0.1088,-60.4248,-270.1416,-135.2539,1.2810,,
DATA,A001,1,7602,143424,-0.0500,1.2687,-0.1567,-71.5942,-267.5781,-129.2725,1.2794,,
DATA,A001,1,7603,143434,0.0465,1.2516,-0.1687,-88.3789,-212.4634,-116.2720,1.2638,,
DATA,A001,1,7604,143444,0.0626,1.2277,-0.1362,-92.4683,-161.9873,-104.9194,1.2368,,
DATA,A001,1,7605,143454,-0.0014,1.1931,-0.1233,-91.7969,-89.2334,-96.4355,1.1994,,
DATA,A001,1,7606,143464,-0.0382,1.1862,-0.1176,-90.0269,-50.2930,-94.8486,1.1927,,
DATA,A001,1,7607,143474,-0.1076,1.1955,-0.1445,-88.5620,-6.0425,-95.3369,1.2090,,
DATA,A001,1,7608,143484,-0.1303,1.1957,-0.1560,-88.4399,20.4468,-100.5859,1.2129,,
DATA,A001,1,7609,143494,-0.1049,1.1794,-0.1831,-89.4775,56.4575,-106.4453,1.1981,,
DATA,A001,1,7610,143504,-0.0978,1.1489,-0.1901,-89.8438,76.2939,-108.2153,1.1686,,
DATA,A001,1,7611,143514,-0.1200,1.0971,-0.2082,-86.0596,96.6187,-114.4409,1.1231,,
DATA,A001,1,7612,143524,-0.1383,1.0676,-0.2212,-81.5430,102.4780,-122.1924,1.0990,,
DATA,A001,1,7613,143534,-0.1405,1.0336,-0.2461,-72.8760,101.3184,-133.8501,1.0718,,
DATA,A001,1,7614,143544,-0.1161,1.0153,-0.2649,-66.5283,98.3276,-140.6860,1.0557,,
DATA,A001,1,7615,143554,-0.0763,0.9870,-0.2739,-55.7861,96.2524,-149.4141,1.0271,,
DATA,A001,1,7616,143564,-0.0668,0.9767,-0.2827,-48.8281,98.2056,-154.6631,1.0190,,
DATA,A001,1,7617,143574,-0.0448,0.9492,-0.2841,-37.7197,105.8350,-161.7432,0.9918,,
DATA,A001,1,7618,143584,-0.0431,0.9313,-0.2732,-29.9072,112.6709,-164.7949,0.9715,,
DATA,A001,1,7619,143594,-0.0551,0.9042,-0.2573,-16.2964,122.8027,-167.1753,0.9417,,
DATA,A001,1,7620,143604,-0.0644,0.8847,-0.2397,-7.5073,128.2349,-167.5415,0.9189,,
DATA,A001,1,7621,143614,-0.0829,0.8552,-0.2136,4.5166,134.3994,-166.3818,0.8853,,
DATA,A001,1,7622,143624,-0.0866,0.8410,-0.1977,12.0239,138.9160,-165.1001,0.8683,,
DATA,A001,1,7623,143634,-0.1032,0.8205,-0.1721,21.7896,148.3765,-162.5977,0.8447,,
DATA,A001,1,7624,143644,-0.1281,0.8068,-0.1623,27.0386,154.5410,-158.5083,0.8329,,
DATA,A001,1,7625,143654,-0.1762,0.7995,-0.1489,31.5552,158.9355,-151.4893,0.8321,,
DATA,A001,1,7626,143664,-0.2358,0.7822,-0.1257,36.0718,152.0386,-136.8408,0.8265,,
DATA,A001,1,7627,143674,-0.2643,0.7680,-0.1154,37.9639,140.6250,-127.1973,0.8204,,
DATA,A001,1,7628,143684,-0.2785,0.7670,-0.0954,41.3818,116.3330,-111.0229,0.8216,,
DATA,A001,1,7629,143694,-0.2714,0.7805,-0.0810,43.3960,97.5342,-98.9380,0.8303,,
DATA,A001,1,7630,143704,-0.2326,0.8054,-0.0532,42.9688,68.6646,-79.4067,0.8400,,
DATA,A001,1,7631,143714,-0.2099,0.8244,-0.0163,39.4287,51.1475,-65.9790,0.8509,,
DATA,A001,1,7632,143724,-0.1818,0.8510,0.0154,30.2124,30.2734,-45.1050,0.8704,,
DATA,A001,1,7633,143734,-0.1476,0.8671,0.0201,21.9116,18.5547,-30.2124,0.8798,,
DATA,A001,1,7634,143744,-0.1044,0.8732,0.0154,8.7891,8.3008,-8.1177,0.8796,,
DATA,A001,1,7635,143754,-0.0883,0.8715,0.0083,-0.4272,7.7515,7.0801,0.8760,,
DATA,A001,1,7636,143764,-0.0978,0.8527,0.0015,-14.2212,12.8174,32.4097,0.8583,,
DATA,A001,1,7637,143774,-0.1232,0.8344,0.0042,-23.1323,18.1274,49.3164,0.8435,,
DATA,A001,1,7638,143784,-0.1540,0.8078,0.0137,-35.4004,28.5034,73.9136,0.8225,,
DATA,A001,1,7639,143794,-0.1520,0.7922,0.0118,-41.9922,36.0718,90.2710,0.8067,,
DATA,A001,1,7640,143804,-0.1022,0.8027,-0.0564,-51.0254,50.9644,116.6382,0.8111,,
DATA,A001,1,7641,143814,-0.0727,0.8491,-0.1157,-54.7485,65.0635,136.4746,0.8600,,
DATA,A001,1,7642,143824,-0.0519,0.9951,-0.1611,-55.8472,92.2241,170.7153,1.0093,,
DATA,A001,1,7643,143834,-0.0636,1.1276,-0.1794,-56.2744,109.9854,195.4346,1.1436,,
DATA,A001,1,7644,143844,-0.1110,1.3237,-0.2109,-64.2700,128.6011,230.2246,1.3450,,
DATA,A001,1,7645,143854,-0.1535,1.4260,-0.2443,-75.3174,137.1460,249.9390,1.4549,,
DATA,A001,1,7646,143864,-0.2350,1.5231,-0.2717,-92.3462,147.8882,277.9541,1.5649,,
DATA,A001,1,7647,143874,-0.3080,1.5573,-0.2617,-100.4639,155.1514,296.8750,1.6089,,
DATA,A001,1,7648,143884,-0.4359,1.5600,-0.2168,-107.9102,167.0532,320.3735,1.6342,,
DATA,A001,1,7649,143894,-0.5370,1.5456,-0.1530,-110.1685,174.4385,330.6274,1.6434,,
DATA,A001,1,7650,143904,-0.6901,1.5488,-0.0070,-111.5112,181.5186,338.1958,1.6956,,
DATA,A001,1,7651,143914,-0.7936,1.5751,0.1089,-111.8164,179.3823,337.6465,1.7671,,
DATA,A001,1,7652,143924,-0.0133,1.7504,0.1314,-119.9951,225.5249,319.2139,1.7554,,
DATA,A001,1,7653,143934,-0.0214,1.9560,0.2080,-216.0645,413.7573,175.5371,1.9671,,
DATA,A001,1,7654,143944,-1.6711,1.6247,-0.0075,-194.0308,359.8633,252.0752,2.3307,,
DATA,A001,1,7655,143954,-1.7792,1.3549,0.0354,-143.8599,206.8481,280.1514,2.2367,,
DATA,A001,1,7656,143964,-1.4355,1.1608,-0.1325,-94.3604,-56.0303,319.2139,1.8508,,
DATA,A001,1,7657,143974,-0.7902,1.1174,0.0957,-84.2896,-211.3647,263.0615,1.3719,,
DATA,A001,1,7658,143984,-0.0426,1.1389,-0.1096,-110.7788,-216.7969,163.2690,1.1449,,
DATA,A001,1,7659,143994,0.4002,1.1198,-0.2692,-118.2861,-149.3530,137.2681,1.2193,,
DATA,A001,1,7660,144004,0.2064,1.0632,-0.1836,-91.3086,-74.0356,162.1094,1.0985,,
DATA,A001,1,7661,144014,-0.1078,1.0139,-0.1594,-53.1616,10.8032,142.0288,1.0320,,
DATA,A001,1,7662,144024,-0.2421,1.0085,-0.0693,-43.7012,42.4194,94.4214,1.0394,,
DATA,A001,1,7663,144034,-0.3312,1.0031,-0.0280,-45.3491,34.9121,71.7773,1.0568,,
DATA,A001,1,7664,144044,-0.3183,0.9614,-0.0966,-46.7529,22.7661,57.0679,1.0173,,
DATA,A001,1,7665,144054,-0.1789,0.8976,-0.1413,-39.7339,14.0991,40.9546,0.9261,,
DATA,A001,1,7666,144064,-0.1647,0.8901,-0.1408,-31.3110,16.4185,34.0576,0.9161,,
DATA,A001,1,7667,144074,-0.1256,0.9062,-0.2304,-22.5220,35.9497,25.4517,0.9434,,
DATA,A001,1,7668,144084,-0.1386,0.9138,-0.2382,-19.4702,52.6123,21.9116,0.9544,,
DATA,A001,1,7669,144094,-0.2003,0.9162,-0.2490,-17.0898,71.5332,22.5220,0.9703,,
DATA,A001,1,7670,144104,-0.2038,0.9033,-0.2839,-16.0522,82.2754,22.8271,0.9685,,
DATA,A001,1,7671,144114,-0.2401,0.8705,-0.2727,-12.3291,93.2617,25.5127,0.9433,,
DATA,A001,1,7672,144124,-0.2619,0.8554,-0.2797,-9.7046,97.9614,28.9917,0.9373,,
DATA,A001,1,7673,144134,-0.2987,0.8447,-0.2656,-5.4321,101.0132,34.7900,0.9345,,
DATA,A001,1,7674,144144,-0.3556,0.8415,-0.2312,-3.2959,96.6187,40.2832,0.9423,,
DATA,A001,1,7675,144154,-0.4237,0.8422,-0.1838,-1.4038,80.9326,49.4385,0.9606,,
DATA,A001,1,7676,144164,-0.4757,0.8388,-0.1250,-1.5869,63.5986,55.2979,0.9724,,
DATA,A001,1,7677,144174,-0.5107,0.8278,-0.0783,-3.5400,30.0903,63.0493,0.9758,,
DATA,A001,1,7678,144184,-0.5004,0.8051,-0.0559,-5.9204,7.7515,66.7725,0.9496,,
DATA,A001,1,7679,144194,-0.4684,0.7695,-0.0251,-6.8359,-20.7520,71.8994,0.9012,,
DATA,A001,1,7680,144204,-0.4355,0.7490,-0.0297,-6.2866,-34.3628,74.6460,0.8669,,
DATA,A001,1,7681,144214,-0.4054,0.7148,-0.0039,-2.9907,-45.8984,76.5381,0.8218,,
DATA,A001,1,7682,144224,-0.4123,0.6913,0.0181,-0.4272,-50.3540,77.0874,0.8051,,
DATA,A001,1,7683,144234,-0.4259,0.6501,0.0323,3.1128,-59.4482,75.9277,0.7779,,
DATA,A001,1,7684,144244,-0.4362,0.6198,0.0501,5.5542,-65.7959,73.3032,0.7596,,
DATA,A001,1,7685,144254,-0.4186,0.6052,0.0525,11.1084,-73.9746,67.7490,0.7377,,
DATA,A001,1,7686,144264,-0.4005,0.6100,0.0506,16.9067,-77.3926,63.7207,0.7315,,
DATA,A001,1,7687,144274,-0.3910,0.6706,0.0552,27.0996,-78.4912,57.6172,0.7782,,
DATA,A001,1,7688,144284,-0.3949,0.7394,0.0662,32.9590,-78.6133,52.9785,0.8409,,
DATA,A001,1,7689,144294,-0.3959,0.8781,0.0682,38.5132,-78.6743,43.8232,0.9656,,
DATA,A001,1,7690,144304,-0.3600,0.9687,0.0445,39.6729,-74.6460,34.2407,1.0344,,
DATA,A001,1,7691,144314,-0.3100,1.0488,0.0196,40.0391,-63.6597,21.1182,1.0938,,
DATA,A001,1,7692,144324,-0.2611,1.1625,-0.0422,40.5884,-34.6680,1.2207,1.1923,,
DATA,A001,1,7693,144334,-0.2565,1.2267,-0.0915,40.7715,-14.5264,-10.9863,1.2566,,
DATA,A001,1,7694,144344,-0.2812,1.2868,-0.1489,40.8936,7.7515,-30.3345,1.3256,,
DATA,A001,1,7695,144354,-0.2836,1.3183,-0.1735,42.7246,15.3198,-44.4946,1.3596,,
DATA,A001,1,7696,144364,-0.2665,1.3862,-0.1862,51.7578,20.9351,-68.0542,1.4238,,
DATA,A001,1,7697,144374,-0.2550,1.4445,-0.1777,60.3027,27.0996,-84.8999,1.4776,,
DATA,A001,1,7698,144384,-0.2160,1.5402,-0.1682,68.6646,45.2271,-107.9102,1.5644,,
DATA,A001,1,7699,144394,-0.1894,1.5602,-0.1311,68.4814,62.3169,-121.9482,1.5771,,
DATA,A001,1,7700,144404,-0.1933,1.5175,-0.0756,61.5234,91.7969,-138.8550,1.5316,,
DATA,A001,1,7701,144414,-0.2128,1.4472,-0.0664,58.2275,109.0698,-146.6675,1.4643,,
DATA,A001,1,7702,144424,-0.2836,1.3576,-0.0739,61.5845,120.4224,-155.0293,1.3889,,
DATA,A001,1,7703,144434,-0.3293,1.3234,-0.0749,68.6646,118.7744,-159.8511,1.3658,,
DATA,A001,1,7704,144444,-0.3647,1.2946,-0.0720,78.1250,107.4219,-165.8936,1.3469,,
DATA,A001,1,7705,144454,-0.3747,1.2614,-0.0747,80.4443,96.9238,-168.0908,1.3180,,
DATA,A001,1,7706,144464,-0.3900,1.1889,-0.0908,80.0171,78.7354,-169.2505,1.2545,,
DATA,A001,1,7707,144474,-0.3996,1.1567,-0.1037,81.7261,64.5752,-168.2129,1.2281,,
DATA,A001,1,7708,144484,-0.4154,1.1440,-0.1123,90.2100,38.3911,-165.8325,1.2222,,
DATA,A001,1,7709,144494,-0.3732,1.0983,-0.1254,96.9238,16.6016,-165.1001,1.1668,,
DATA,A001,1,7710,144504,-0.4709,1.2651,-0.0940,110.3516,-12.6343,-162.9639,1.3531,,
DATA,A001,1,7711,144514,-0.5265,1.3615,-0.0866,111.3892,-46.6919,-150.1465,1.4623,,
DATA,A001,1,7712,144524,-0.4850,1.4474,0.0186,90.6982,-111.0840,-136.1694,1.5267,,
DATA,A001,1,7713,144534,-0.6252,1.4008,0.0889,70.9229,-176.5747,-108.0322,1.5366,,
DATA,A001,1,7714,144544,-0.5766,1.3547,-0.0695,78.7354,-260.8032,-135.5591,1.4739,,
DATA,A001,1,7715,144554,-0.2050,1.3334,-0.4487,54.3213,-283.5083,-155.3345,1.4218,,
DATA,A001,1,7716,144564,0.2826,1.3388,-0.3610,21.6064,-234.8022,-108.7036,1.4151,,
DATA,A001,1,7717,144574,0.2293,1.2150,-0.1767,0.7935,-174.3774,-125.0000,1.2490,,
DATA,A001,1,7718,144584,0.0164,1.0700,-0.3608,31.4331,-78.9795,-139.5874,1.1293,,
DATA,A001,1,7719,144594,-0.1674,1.0556,-0.2856,66.1011,-53.8330,-134.5825,1.1063,,
DATA,A001,1,7720,144604,-0.3610,1.1557,-0.1696,78.8574,-56.7627,-126.4038,1.2226,,
DATA,A001,1,7721,144614,-0.3070,1.2241,-0.2136,67.0776,-71.0449,-131.6528,1.2799,,
DATA,A001,1,7722,144624,-0.2243,1.2075,-0.1919,45.9595,-93.5059,-138.7939,1.2430,,
DATA,A001,1,7723,144634,-0.2067,1.1677,-0.2085,39.1846,-103.5156,-141.4185,1.2040,,
DATA,A001,1,7724,144644,-0.1310,1.1354,-0.2575,37.7808,-104.3701,-145.3857,1.1716,,
DATA,A001,1,7725,144654,-0.0719,1.1293,-0.2526,41.0767,-95.2759,-151.1841,1.1595,,
DATA,A001,1,7726,144664,-0.0773,1.1457,-0.2651,41.1377,-86.0596,-153.9307,1.1785,,
DATA,A001,1,7727,144674,-0.0568,1.1511,-0.2954,38.6963,-69.4580,-158.3252,1.1897,,
DATA,A001,1,7728,144684,-0.0861,1.1413,-0.2771,37.1704,-62.0117,-159.9731,1.1776,,
DATA,A001,1,7729,144694,-0.0961,1.1274,-0.2988,34.1187,-57.1899,-162.3535,1.1703,,
DATA,A001,1,7730,144704,-0.0788,1.1059,-0.2983,32.5317,-54.3823,-164.0015,1.1481,,
DATA,A001,1,7731,144714,-0.0775,1.0883,-0.2861,31.7383,-49.3774,-163.4521,1.1280,,
DATA,A001,1,7732,144724,-0.0580,1.0805,-0.2829,31.9214,-43.1519,-162.3535,1.1184,,
DATA,A001,1,7733,144734,-0.0522,1.0666,-0.2461,32.0435,-31.8604,-159.7290,1.0958,,
DATA,A001,1,7734,144744,-0.0590,1.0495,-0.2268,30.9448,-23.5596,-157.5928,1.0753,,
DATA,A001,1,7735,144754,-0.0600,0.9965,-0.2033,28.0151,-9.5825,-153.8696,1.0188,,
DATA,A001,1,7736,144764,-0.0793,0.9504,-0.1806,27.2217,-1.2817,-149.9634,0.9706,,
DATA,A001,1,7737,144774,-0.1098,0.8869,-0.1623,27.5269,7.5073,-142.8833,0.9083,,
DATA,A001,1,7738,144784,-0.1266,0.8574,-0.1504,28.9307,10.3149,-137.2070,0.8796,,
DATA,A001,1,7739,144794,-0.1486,0.8227,-0.1267,30.2734,9.0332,-126.4648,0.8455,,
DATA,A001,1,7740,144804,-0.1571,0.8095,-0.1245,30.0903,6.0425,-118.3472,0.8340,,
DATA,A001,1,7741,144814,-0.1632,0.8105,-0.1123,27.6489,-0.3052,-104.4312,0.8343,,
DATA,A001,1,7742,144824,-0.1657,0.8115,-0.1162,24.5972,-4.8218,-93.9941,0.8363,,
DATA,A001,1,7743,144834,-0.1645,0.8093,-0.1250,19.6533,-11.1694,-77.2095,0.8352,,
DATA,A001,1,7744,144844,-0.1742,0.8093,-0.1259,16.1133,-14.3433,-65.6128,0.8373,,
DATA,A001,1,7745,144854,-0.1816,0.8207,-0.1279,11.4746,-17.9443,-47.9736,0.8503,,
DATA,A001,1,7746,144864,-0.1835,0.8322,-0.1228,7.9956,-20.0806,-35.8887,0.8610,,
DATA,A001,1,7747,144874,-0.1730,0.8212,-0.1079,0.1831,-21.4844,-17.4561,0.8462,,
DATA,A001,1,7748,144884,-0.1593,0.8144,-0.1032,-6.2866,-20.6299,-4.2725,0.8362,,
DATA,A001,1,7749,144894,-0.1393,0.8124,-0.0988,-14.1602,-15.4419,18.5547,0.8302,,
DATA,A001,1,7750,144904,-0.1295,0.8171,-0.0957,-18.0664,-9.8267,35.0952,0.8328,,
DATA,A001,1,7751,144914,-0.1383,0.8127,-0.0844,-25.3906,1.5259,61.4014,0.8287,,
DATA,A001,1,7752,144924,-0.1671,0.8071,-0.0761,-32.3486,10.1318,79.7119,0.8277,,
DATA,A001,1,7753,144934,-0.2113,0.7946,-0.0686,-42.4194,22.2168,109.1309,0.8251,,
DATA,A001,1,7754,144944,-0.2350,0.7919,-0.0759,-47.7905,29.0527,129.5166,0.8295,,
DATA,A001,1,7755,144954,-0.2702,0.8120,-0.0927,-53.8330,41.0156,158.5083,0.8607,,
DATA,A001,1,7756,144964,-0.3022,0.8474,-0.1096,-57.3120,50.8423,177.1240,0.9063,,
DATA,A001,1,7757,144974,-0.3280,0.8869,-0.1267,-61.4014,59.5703,195.4346,0.9541,,
DATA,A001,1,7758,144984,-0.3771,0.9360,-0.1608,-70.2515,67.4438,220.1538,1.0218,,
DATA,A001,1,7759,144994,-0.3996,0.9584,-0.1865,-76.3550,69.1528,233.9478,1.0550,,
DATA,A001,1,7760,145004,-0.4206,1.0153,-0.1760,-80.6274,67.5049,250.8545,1.1130,,
DATA,A001,1,7761,145014,-0.4447,1.0685,-0.1482,-80.7495,66.1011,259.8877,1.1668,,
DATA,A001,1,7762,145024,-0.4731,1.1877,-0.0996,-79.1626,63.5986,270.3857,1.2823,,
DATA,A001,1,7763,145034,-0.4923,1.2766,-0.0644,-79.1626,61.3403,275.9399,1.3697,,
DATA,A001,1,7764,145044,-0.5089,1.4077,-0.0151,-81.6040,58.2886,281.6162,1.4969,,
DATA,A001,1,7765,145054,-0.5292,1.4892,0.0137,-84.4116,55.4810,283.6304,1.5805,,
DATA,A001,1,7766,145064,-0.5668,1.5912,0.0371,-88.7451,49.3774,283.5083,1.6896,,
DATA,A001,1,7767,145074,-0.5788,1.6398,0.0354,-91.7969,43.6401,281.3721,1.7393,,
DATA,A001,1,7768,145084,-0.2213,1.6943,-0.0942,-102.0508,61.8896,261.0474,1.7113,,
DATA,A001,1,7769,145094,-0.4213,1.6450,0.0379,-135.4370,112.9761,211.0596,1.6985,,
DATA,A001,1,7770,145104,-0.9252,1.4567,-0.0405,-110.1074,97.1069,257.9346,1.7262,,
DATA,A001,1,7771,145114,-0.8869,1.3989,-0.0232,-88.0737,45.4712,267.8833,1.6565,,
DATA,A001,1,7772,145124,-0.7028,1.3090,-0.0610,-82.3975,1.4038,243.2861,1.4870,,
DATA,A001,1,7773,145134,-0.6464,1.1774,-0.0048,-85.1440,-31.9214,213.3179,1.3432,,
DATA,A001,1,7774,145144,-0.4484,1.0217,-0.0559,-85.8765,-21.7896,164.1846,1.1171,,
DATA,A001,1,7775,145154,-0.2758,0.9728,-0.0791,-73.8525,13.3057,151.1841,1.0143,,
DATA,A001,1,7776,145164,-0.3754,0.9182,0.0523,-56.7017,46.9360,142.5781,0.9933,,
DATA,A001,1,7777,145174,-0.4399,0.8600,-0.0561,-54.8706,57.3120,126.9531,0.9676,,
DATA,A001,1,7778,145184,-0.4211,0.7409,-0.1279,-49.8657,60.9131,88.6230,0.8617,,
DATA,A001,1,7779,145194,-0.4196,0.7014,-0.0844,-40.5884,47.4854,73.9136,0.8216,,
DATA,A001,1,7780,145204,-0.3400,0.6977,-0.1181,-25.2686,21.6675,63.2324,0.7851,,
DATA,A001,1,7781,145214,-0.3041,0.7009,-0.1018,-17.5171,9.3994,54.1992,0.7707,,
DATA,A001,1,7782,145224,-0.2746,0.7346,-0.0983,-9.0332,0.1831,42.8467,0.7903,,
DATA,A001,1,7783,145234,-0.2150,0.7590,-0.1179,-5.1880,3.5400,36.4380,0.7976,,
DATA,A001,1,7784,145244,-0.2152,0.7775,-0.0932,-2.2583,17.7612,28.5034,0.8121,,
DATA,A001,1,7785,145254,-0.2338,0.7707,-0.1064,-2.3193,29.4189,24.5972,0.8124,,
DATA,A001,1,7786,145264,-0.2672,0.7570,-0.0803,-1.0376,45.0439,20.8130,0.8068,,
DATA,A001,1,7787,145274,-0.3122,0.7529,-0.0595,0.6104,49.9268,19.3481,0.8172,,
DATA,A001,1,7788,145284,-0.3378,0.7646,-0.0796,3.0518,50.7812,17.0898,0.8397,,
DATA,A001,1,7789,145294,-0.3466,0.7797,-0.0681,5.3711,48.6450,16.9067,0.8560,,
DATA,A001,1,7790,145304,-0.3498,0.8022,-0.0595,7.0801,45.8984,18.4326,0.8771,,
DATA,A001,1,7791,145314,-0.3200,0.8222,-0.0708,6.9580,43.7012,21.0571,0.8851,,
DATA,A001,1,7792,145324,-0.3217,0.8359,-0.0590,6.1646,44.2505,23.6816,0.8976,,
DATA,A001,1,7793,145334,-0.3302,0.8283,-0.0510,5.0659,45.8984,29.3579,0.8932,,
DATA,A001,1,7794,145344,-0.3417,0.8056,-0.0295,3.8452,46.8750,32.7759,0.8756,,
DATA,A001,1,7795,145354,-0.3817,0.7592,0.0017,1.3428,45.9595,37.0483,0.8498,,
DATA,A001,1,7796,145364,-0.4049,0.7363,0.0096,1.2207,42.8467,39.7949,0.8403,,
DATA,A001,1,7797,145374,-0.4313,0.7604,0.0262,5.4321,33.4473,44.3115,0.8746,,
DATA,A001,1,7798,145384,-0.4455,0.8146,0.0284,9.6436,24.2920,47.0581,0.9289,,
DATA,A001,1,7799,145394,-0.4460,0.9206,0.0332,12.7563,8.9722,49.2554,1.0235,,
DATA,A001,1,7800,145404,-0.4494,0.9831,0.0315,11.4746,-0.8545,49.4995,1.0814,,
DATA,A001,1,7801,145414,-0.4364,1.0319,0.0093,7.0190,-11.8408,47.4854,1.1205,,
DATA,A001,1,7802,145424,-0.4240,1.0466,-0.0070,5.3101,-16.4795,44.6167,1.1292,,
DATA,A001,1,7803,145434,-0.4257,1.0998,-0.0600,7.9956,-21.3623,39.1846,1.1808,,
DATA,A001,1,7804,145444,-0.4254,1.1667,-0.0849,12.9395,-25.4517,34.1797,1.2447,,
DATA,A001,1,7805,145454,-0.4303,1.3022,-0.0969,20.2026,-33.5083,23.5596,1.3749,,
DATA,A001,1,7806,145464,-0.4296,1.4006,-0.1052,23.4985,-40.4053,14.4653,1.4688,,
DATA,A001,1,7807,145474,-0.3959,1.5204,-0.1237,25.5737,-50.2930,-2.3193,1.5760,,
DATA,A001,1,7808,145484,-0.3478,1.5822,-0.1482,26.9775,-54.3213,-14.5264,1.6268,,
DATA,A001,1,7809,145494,-0.2687,1.6508,-0.1784,29.7241,-54.2603,-32.2266,1.6820,,
DATA,A001,1,7810,145504,-0.2245,1.6777,-0.1748,31.0059,-50.4761,-43.2739,1.7016,,
DATA,A001,1,7811,145514,-0.2055,1.6396,-0.1416,29.1138,-43.0298,-57.9224,1.6585,,
DATA,A001,1,7812,145524,-0.2265,1.5563,-0.0957,25.6958,-39.9170,-66.8945,1.5756,,
DATA,A001,1,7813,145534,-0.2668,1.3686,-0.0324,21.7896,-41.6260,-80.2612,1.3947,,
DATA,A001,1,7814,145544,-0.2868,1.2429,0.0003,23.8037,-46.5698,-89.6606,1.2755,,
DATA,A001,1,7815,145554,-0.2929,1.0995,0.0140,31.0669,-56.3354,-103.3325,1.1380,,
DATA,A001,1,7816,145564,-0.2963,1.0466,0.0015,36.0107,-62.8662,-111.0840,1.0877,,
DATA,A001,1,7817,145574,-0.2902,1.0261,-0.0354,42.0532,-71.7163,-120.5444,1.0669,,
DATA,A001,1,7818,145584,-0.2768,1.0463,-0.0681,45.2271,-76.6602,-124.8169,1.0845,,
DATA,A001,1,7819,145594,-0.2653,1.1054,-0.1198,47.1191,-82.4585,-128.3569,1.1431,,
DATA,A001,1,7820,145604,-0.2619,1.1408,-0.1545,45.4712,-85.5713,-130.1270,1.1806,,
DATA,A001,1,7821,145614,-0.2480,1.1804,-0.2024,40.1001,-89.5996,-132.2632,1.2230,,
DATA,A001,1,7822,145624,-0.2336,1.1779,-0.2243,35.0342,-91.5527,-133.1177,1.2216,,
DATA,A001,1,7823,145634,-0.2177,1.1462,-0.2500,26.7334,-93.7500,-133.6060,1.1931,,
DATA,A001,1,7824,145644,-0.1867,1.1157,-0.2338,21.6675,-96.1304,-131.7139,1.1551,,
DATA,A001,1,7825,145654,-0.1662,1.0649,-0.2573,17.4561,-104.7974,-121.2158,1.1081,,
DATA,A001,1,7826,145664,-0.1923,1.0292,-0.2353,11.4746,-127.8687,-115.1123,1.0732,,
DATA,A001,1,7827,145674,-0.1791,0.9894,-0.2702,10.0098,-148.8037,-115.8447,1.0412,,
DATA,A001,1,7828,145684,-0.1286,0.9670,-0.2544,14.1602,-186.2183,-106.5674,1.0081,,
DATA,A001,1,7829,145694,-0.0546,0.9650,-0.2268,11.4136,-196.5332,-107.0557,0.9928,,
DATA,A001,1,7830,145704,0.0216,0.9030,-0.1948,0.7324,-173.5229,-111.2671,0.9240,,
DATA,A001,1,7831,145714,0.0899,0.8400,-0.1838,-2.9297,-141.6016,-111.9995,0.8646,,
DATA,A001,1,7832,145724,0.0655,0.7578,-0.1108,1.4038,-82.5806,-109.4360,0.7686,,
DATA,A001,1,7833,145734,-0.0285,0.7311,-0.0905,6.2256,-54.2603,-104.3091,0.7373,,
DATA,A001,1,7834,145744,-0.1737,0.7167,-0.0771,10.4370,-35.5835,-102.9053,0.7415,,
DATA,A001,1,7835,145754,-0.2162,0.7177,-0.0754,10.0708,-34.1187,-104.5532,0.7534,,
DATA,A001,1,7836,145764,-0.2108,0.7192,-0.1076,7.4463,-40.0391,-100.6470,0.7571,,
DATA,A001,1,7837,145774,-0.2025,0.7272,-0.1294,5.6152,-45.5933,-94.7266,0.7659,,
DATA,A001,1,7838,145784,-0.2072,0.7795,-0.1689,3.7842,-50.5981,-87.4634,0.8240,,
DATA,A001,1,7839,145794,-0.2160,0.8469,-0.1987,2.4414,-53.2227,-84.0454,0.8963,,
DATA,A001,1,7840,145804,-0.2358,0.9426,-0.2492,-2.5024,-59.9976,-77.0874,1.0031,,
DATA,A001,1,7841,145814,-0.2353,1.0056,-0.2734,-7.4463,-65.9180,-70.7397,1.0683,,
DATA,A001,1,7842,145824,-0.2235,1.0820,-0.3034,-16.2964,-76.7212,-60.5469,1.1457,,
DATA,A001,1,7843,145834,-0.1938,1.1127,-0.3169,-21.8506,-81.9702,-54.9316,1.1731,,
DATA,A001,1,7844,145844,-0.1491,1.1347,-0.3164,-28.5034,-83.4351,-46.9971,1.1874,,
DATA,A001,1,7845,145854,-0.1317,1.1337,-0.3049,-32.5928,-81.0547,-40.9546,1.1814,,
DATA,A001,1,7846,145864,-0.1129,1.1052,-0.2856,-38.1470,-74.3408,-33.8745,1.1470,,
DATA,A001,1,7847,145874,-0.1115,1.0878,-0.2702,-39.6118,-69.2749,-30.3345,1.1264,,
DATA,A001,1,7848,145884,-0.1029,1.0793,-0.2429,-35.9497,-62.3169,-24.4141,1.1111,,
DATA,A001,1,7849,145894,-0.0920,1.0822,-0.2219,-32.3486,-57.5562,-20.2637,1.1085,,
DATA,A001,1,7850,145904,-0.0812,1.1010,-0.2011,-30.0903,-48.6450,-13.6108,1.1222,,
DATA,A001,1,7851,145914,-0.0846,1.0995,-0.1897,-29.9683,-40.7104,-8.8501,1.1190,,
DATA,A001,1,7852,145924,-0.0998,1.0722,-0.1789,-29.4189,-28.3203,-1.4648,1.0916,,
DATA,A001,1,7853,145934,-0.1310,1.0449,-0.1655,-27.6489,-21.1182,3.6011,1.0660,,
DATA,A001,1,7854,145944,-0.1798,1.0200,-0.1396,-23.3154,-14.0991,11.4136,1.0451,,
DATA,A001,1,7855,145954,-0.2130,1.0234,-0.1215,-19.4092,-13.4277,16.9678,1.0524,,
DATA,A001,1,7856,145964,-0.2189,1.0764,-0.1650,-11.8408,-16.3574,25.5737,1.1107,,
DATA,A001,1,7857,145974,-0.2025,1.1266,-0.1757,-5.7983,-18.7378,31.2500,1.1581,,
DATA,A001,1,7858,145984,-0.1737,1.1987,-0.1709,-1.6479,-19.1650,41.1987,1.2232,,
DATA,A001,1,7859,145994,-0.1733,1.2233,-0.1704,-2.1362,-17.1509,48.3398,1.2472,,
DATA,A001,1,7860,146004,-0.1938,1.2187,-0.1587,-3.1128,-15.1367,60.3638,1.2442,,
DATA,A001,1,7861,146014,-0.2323,1.1870,-0.1198,-3.2349,-16.1133,68.8477,1.2154,,
DATA,A001,1,7862,146024,-0.2785,1.1374,-0.0717,-4.8828,-20.0806,76.7212,1.1732,,
DATA,A001,1,7863,146034,-0.3031,1.0295,-0.0192,-7.2632,-30.8228,86.1816,1.0734,,
DATA,A001,1,7864,146044,-0.3131,0.9821,0.0274,-6.9580,-37.9028,90.2100,1.0312,,
DATA,A001,1,7865,146054,-0.3178,0.9328,0.0642,-4.3945,-45.7764,95.1538,0.9875,,
DATA,A001,1,7866,146064,-0.3141,0.9111,0.0711,-3.3569,-50.1709,97.7783,0.9663,,
DATA,A001,1,7867,146074,-0.2946,0.8676,0.0799,-2.4414,-53.0396,99.4873,0.9197,,
DATA,A001,1,7868,146084,-0.2545,0.8400,0.0650,-1.1597,-50.1709,98.8770,0.8802,,
DATA,A001,1,7869,146094,-0.2199,0.7966,0.0450,3.2349,-39.3066,96.3745,0.8276,,
DATA,A001,1,7870,146104,-0.2194,0.7975,0.0408,7.8125,-29.9683,95.1538,0.8282,,
DATA,A001,1,7871,146114,-0.2428,0.8259,0.0369,15.6250,-21.4844,93.9941,0.8616,,
DATA,A001,1,7872,146124,-0.2599,0.8517,0.0330,20.2026,-22.0947,92.4072,0.8911,,
DATA,A001,1,7873,146134,-0.2650,0.9037,0.0469,25.8789,-30.6396,88.1348,0.9430,,
DATA,A001,1,7874,146144,-0.2624,0.9399,0.0623,28.3203,-38.6353,85.0220,0.9778,,
DATA,A001,1,7875,146154,-0.2531,0.9831,0.0838,31.3721,-50.2930,79.2236,1.0186,,
DATA,A001,1,7876,146164,-0.2511,1.0073,0.0967,32.7759,-56.2134,74.3408,1.0426,,
DATA,A001,1,7877,146174,-0.2624,1.0256,0.1165,34.3018,-60.4248,66.4673,1.0650,,
DATA,A001,1,7878,146184,-0.2624,1.0280,0.1407,34.6680,-60.6689,61.1572,1.0703,,
DATA,A001,1,7879,146194,-0.2670,1.0095,0.1648,33.9966,-57.9224,52.9175,1.0571,,
DATA,A001,1,7880,146204,-0.2736,0.9819,0.1761,32.9590,-55.2979,47.1802,1.0344,,
DATA,A001,1,7881,146214,-0.2682,0.9387,0.1890,32.3486,-51.9409,38.6353,0.9944,,
DATA,A001,1,7882,146224,-0.2602,0.9133,0.1975,32.4097,-50.2319,33.4473,0.9699,,
DATA,A001,1,7883,146234,-0.2338,0.8644,0.2029,31.6162,-46.9360,25.8179,0.9182,,
DATA,A001,1,7884,146244,-0.2184,0.8256,0.2046,30.7617,-42.7856,21.0571,0.8782,,
DATA,A001,1,7885,146254,-0.2052,0.7719,0.1990,29.9072,-33.8745,15.1978,0.8231,,
DATA,A001,1,7886,146264,-0.2050,0.7470,0.1914,30.3345,-27.0386,12.6343,0.7979,,
DATA,A001,1,7887,146274,-0.2118,0.7258,0.1963,30.8228,-16.4795,9.5215,0.7811,,
DATA,A001,1,7888,146284,-0.2282,0.7202,0.1924,30.2734,-10.6201,8.6060,0.7796,,
DATA,A001,1,7889,146294,-0.2585,0.7148,0.1934,29.2969,-5.7373,8.3618,0.7843,,
DATA,A001,1,7890,146304,-0.2770,0.7101,0.1922,27.9541,-5.7373,8.4839,0.7861,,
DATA,A001,1,7891,146314,-0.2853,0.7001,0.1968,27.0996,-7.2021,8.8501,0.7812,,
DATA,A001,1,7892,146324,-0.2863,0.7119,0.2002,26.6113,-11.0474,10.2539,0.7930,,
DATA,A001,1,7893,146334,-0.2890,0.7419,0.2061,25.7568,-13.8550,11.8408,0.8224,,
DATA,A001,1,7894,146344,-0.2936,0.7683,0.2085,24.3530,-15.8691,12.9395,0.8485,,
DATA,A001,1,7895,146354,-0.2929,0.7963,0.2115,22.9492,-17.9443,13.8550,0.8744,,
DATA,A001,1,7896,146364,-0.2963,0.8327,0.2127,20.0806,-21.7896,15.0757,0.9091,,
DATA,A001,1,7897,146374,-0.2804,0.8503,0.2098,18.6157,-23.1934,15.3198,0.9196,,
DATA,A001,1,7898,146384,-0.2636,0.8679,0.2134,15.8081,-22.1558,14.6484,0.9318,,
DATA,A001,1,7899,146394,-0.2624,0.8730,0.2166,13.8550,-19.2261,14.2212,0.9369,,
DATA,A001,1,7900,146404,-0.2748,0.8647,0.2063,11.1084,-13.4888,12.6343,0.9305,,
DATA,A001,1,7901,146414,-0.2873,0.8510,0.2063,9.9487,-10.2539,10.9863,0.9216,,
DATA,A001,1,7902,146424,-0.3131,0.8264,0.1973,9.7046,-6.4087,7.6904,0.9055,,
DATA,A001,1,7903,146434,-0.3197,0.8166,0.1805,10.9253,-5.0659,4.8828,0.8953,,
DATA,A001,1,7904,146444,-0.3322,0.8310,0.1639,14.5874,-5.7373,1.4648,0.9098,,
DATA,A001,1,7905,146454,-0.3476,0.8715,0.1507,18.3716,-6.9580,-0.7935,0.9503,,
DATA,A001,1,7906,146464,-0.3698,0.9765,0.1385,23.4375,-9.2773,-4.1504,1.0533,,
DATA,A001,1,7907,146474,-0.3737,1.0507,0.1192,25.8789,-11.6577,-5.0659,1.1215,,
DATA,A001,1,7908,146484,-0.3878,1.1706,0.0840,30.7617,-16.2964,-4.1504,1.2360,,
DATA,A001,1,7909,146494,-0.3903,1.2541,0.0633,34.1187,-18.1885,-3.6011,1.3149,,
DATA,A001,1,7910,146504,-0.3742,1.3532,0.0393,34.7900,-14.1602,-3.2349,1.4045,,
DATA,A001,1,7911,146514,-0.3681,1.3788,0.0389,30.4565,-8.3618,-2.6855,1.4277,,
DATA,A001,1,7912,146524,-0.3908,1.3598,0.0550,20.7520,1.9531,-3.2349,1.4159,,
DATA,A001,1,7913,146534,-0.4196,1.3281,0.0284,16.4795,6.4697,-4.0283,1.3931,,
DATA,A001,1,7914,146544,-0.4191,1.3185,0.0122,21.3623,7.6904,-7.3242,1.3836,,
DATA,A001,1,7915,146554,-0.4115,1.3444,0.0291,23.9868,9.3384,-11.0474,1.4063,,
DATA,A001,1,7916,146564,-0.4154,1.3327,0.0530,19.4092,13.7939,-17.5171,1.3970,,
DATA,A001,1,7917,146574,-0.4276,1.2665,0.0630,13.8550,17.9443,-24.2310,1.3383,,
DATA,A001,1,7918,146584,-0.4604,1.1345,0.0818,9.2773,21.9116,-35.2173,1.2270,,
DATA,A001,1,7919,146594,-0.5107,1.0671,0.0706,10.4980,20.6299,-41.6260,1.1851,,
DATA,A001,1,7920,146604,-0.5680,1.0568,0.0323,18.8599,9.0332,-52.6123,1.2002,,
DATA,A001,1,7921,146614,-0.5800,1.0988,0.0174,23.6816,-5.6152,-59.8755,1.2426,,
DATA,A001,1,7922,146624,-0.5707,1.1669,0.0003,23.6816,-32.4707,-71.7773,1.2990,,
DATA,A001,1,7923,146634,-0.5233,1.1750,-0.0256,19.7144,-47.7905,-81.2988,1.2865,,
DATA,A001,1,7924,146644,-0.4403,1.1391,-0.0900,14.1602,-62.3169,-93.5669,1.2246,,
DATA,A001,1,7925,146654,-0.4103,1.1118,-0.1384,13.6719,-66.1621,-100.0977,1.1931,,
DATA,A001,1,7926,146664,-0.4008,1.1232,-0.1765,17.1509,-67.2607,-109.7412,1.2056,,
DATA,A001,1,7927,146674,-0.4462,1.1467,-0.1782,19.5312,-72.9370,-113.0981,1.2433,,
DATA,A001,1,7928,146684,-0.3783,1.1738,-0.1608,20.1416,-81.4819,-119.8120,1.2437,,
DATA,A001,1,7929,146694,-0.3373,1.1721,-0.1386,13.3057,-72.8149,-127.2583,1.2275,,
DATA,A001,1,7930,146704,-0.3468,1.1408,-0.1350,11.2305,-68.8477,-126.9531,1.2000,,
DATA,A001,1,7931,146714,-0.3581,1.0641,-0.1057,10.9253,-66.8335,-132.3853,1.1277,,
DATA,A001,1,7932,146724,-0.3405,1.0165,-0.0986,11.6577,-65.7349,-136.2915,1.0766,,
DATA,A001,1,7933,146734,-0.3041,0.9677,-0.0744,13.1226,-59.3872,-139.6484,1.0171,,
DATA,A001,1,7934,146744,-0.2985,0.9377,-0.0539,14.0991,-52.3682,-140.9912,0.9855,,
DATA,A001,1,7935,146754,-0.3012,0.8925,-0.0202,15.1978,-40.4663,-143.1274,0.9422,,
DATA,A001,1,7936,146764,-0.3192,0.8620,0.0054,15.8081,-34.2407,-144.2261,0.9192,,
DATA,A001,1,7937,146774,-0.3417,0.8173,0.0240,16.9067,-30.4565,-145.8740,0.8862,,
DATA,A001,1,7938,146784,-0.3405,0.7907,0.0259,18.5547,-30.2124,-146.7896,0.8613,,
DATA,A001,1,7939,146794,-0.3366,0.7712,0.0181,21.1182,-32.2266,-147.1558,0.8416,,
DATA,A001,1,7940,146804,-0.3285,0.7717,0.0115,22.5830,-33.5693,-146.4844,0.8388,,
DATA,A001,1,7941,146814,-0.3053,0.7853,0.0032,23.7427,-35.7666,-144.1040,0.8426,,
DATA,A001,1,7942,146824,-0.3002,0.8022,-0.0056,23.2544,-36.8042,-141.7236,0.8565,,
DATA,A001,1,7943,146834,-0.2929,0.8266,-0.0202,21.9727,-38.6963,-136.5356,0.8772,,
DATA,A001,1,7944,146844,-0.2931,0.8442,-0.0266,20.0806,-41.1377,-132.2632,0.8940,,
DATA,A001,1,7945,146854,-0.2912,0.8505,-0.0363,16.1133,-45.9595,-125.3052,0.8997,,
DATA,A001,1,7946,146864,-0.2814,0.8491,-0.0351,13.6108,-48.7061,-119.5679,0.8952,,
DATA,A001,1,7947,146874,-0.2655,0.8478,-0.0395,10.5591,-52.0020,-109.6802,0.8893,,
DATA,A001,1,7948,146884,-0.2484,0.8491,-0.0363,8.9722,-52.5513,-102.4170,0.8854,,
DATA,A001,1,7949,146894,-0.2311,0.8517,-0.0307,6.5308,-50.5981,-90.5762,0.8831,,
DATA,A001,1,7950,146904,-0.2211,0.8478,-0.0251,4.8828,-47.5464,-82.3364,0.8766,,
DATA,A001,1,7951,146914,-0.2257,0.8337,-0.0022,1.8311,-41.2598,-69.4580,0.8637,,
DATA,A001,1,7952,146924,-0.2345,0.8139,0.0171,-0.2441,-36.4990,-60.6079,0.8472,,
DATA,A001,1,7953,146934,-0.2423,0.7785,0.0371,-2.6855,-29.5410,-48.5229,0.8162,,
DATA,A001,1,7954,146944,-0.2428,0.7573,0.0564,-3.2349,-23.6206,-40.8325,0.7972,,
DATA,A001,1,7955,146954,-0.2594,0.7282,0.0691,-4.3945,-15.0146,-29.1138,0.7761,,
DATA,A001,1,7956,146964,-0.2690,0.7158,0.0721,-4.8828,-10.4370,-21.4844,0.7680,,
DATA,A001,1,7957,146974,-0.2829,0.7143,0.0686,-5.0049,-7.9346,-13.8550,0.7713,,
DATA,A001,1,7958,146984,-0.2907,0.7375,0.0638,-3.9673,-6.6528,-2.5024,0.7953,,
DATA,A001,1,7959,146994,-0.3000,0.7673,0.0696,-3.4180,-7.6904,5.5542,0.8268,,
DATA,A001,1,7960,147004,-0.3268,0.8195,0.0772,-5.2490,-10.6201,17.8833,0.8857,,
DATA,A001,1,7961,147014,-0.3471,0.8547,0.0645,-7.0190,-13.0005,25.5127,0.9247,,
DATA,A001,1,7962,147024,-0.3715,0.8996,0.0579,-10.0708,-16.6626,36.4990,0.9750,,
DATA,A001,1,7963,147034,-0.3869,0.9228,0.0572,-12.2681,-16.8457,42.9688,1.0022,,
DATA,A001,1,7964,147044,-0.3952,0.9482,0.0747,-16.6016,-13.8550,51.7578,1.0300,,
DATA,A001,1,7965,147054,-0.3940,0.9350,0.0950,-20.2026,-9.5825,57.0068,1.0190,,
DATA,A001,1,7966,147064,-0.3715,0.8869,0.0892,-24.7192,3.2349,62.9272,0.9657,,
DATA,A001,1,7967,147074,-0.3659,0.8720,0.0586,-23.5596,16.2964,67.6270,0.9475,,
DATA,A001,1,7968,147084,-0.3732,0.9484,0.0254,-16.4795,38.8184,77.5146,1.0195,,
DATA,A001,1,7969,147094,-0.3974,1.0060,0.0069,-14.0991,52.1240,85.7544,1.0817,,
DATA,A001,1,7970,147104,-0.4455,1.0378,-0.0036,-17.0288,67.8711,96.2524,1.1294,,
DATA,A001,1,7971,147114,-0.4706,1.0273,-0.0080,-21.4844,76.4160,101.0132,1.1300,,
DATA,A001,1,7972,147124,-0.5160,1.0085,-0.0349,-23.8647,86.9751,106.9946,1.1334,,
DATA,A001,1,7973,147134,-0.5392,1.0173,-0.0395,-21.1182,93.3228,109.3140,1.1520,,
DATA,A001,1,7974,147144,-0.5756,1.0375,-0.0300,-19.6533,103.5156,109.3140,1.1869,,
DATA,A001,1,7975,147154,-0.6186,1.0275,-0.0236,-24.9634,107.4829,107.2388,1.1996,,
DATA,A001,1,7976,147164,-0.6798,0.9562,-0.0185,-35.0952,101.6235,103.0273,1.1734,,
DATA,A001,1,7977,147174,-0.6967,0.9077,-0.0129,-35.7056,89.2334,100.2197,1.1443,,
DATA,A001,1,7978,147184,-0.6867,0.8908,-0.0251,-29.0527,65.4907,94.9707,1.1250,,
DATA,A001,1,7979,147194,-0.6586,0.9257,-0.0337,-23.4985,51.9409,90.6372,1.1366,,
DATA,A001,1,7980,147204,-0.6103,1.0031,-0.0515,-19.1650,40.8325,84.8389,1.1753,,
DATA,A001,1,7981,147214,-0.5871,1.0434,-0.0542,-20.2026,38.1470,81.9702,1.1984,,
DATA,A001,1,7982,147224,-0.5763,1.0634,-0.0473,-25.0854,37.1094,78.3691,1.2105,,
DATA,A001,1,7983,147234,-0.5587,1.0512,-0.0410,-26.9165,36.4990,74.8291,1.1912,,
DATA,A001,1,7984,147244,-0.5155,1.0200,-0.0334,-26.7334,37.8418,68.0542,1.1433,,
DATA,A001,1,7985,147254,-0.4811,1.0099,-0.0271,-26.2451,41.1987,63.0493,1.1190,,
DATA,A001,1,7986,147264,-0.4350,0.9909,-0.0149,-26.6113,50.1709,56.2134,1.0823,,
DATA,A001,1,7987,147274,-0.4071,0.9509,-0.0058,-27.8320,57.3120,51.3306,1.0344,,
DATA,A001,1,7988,147284,-0.3686,0.8796,-0.0109,-28.7476,70.5566,44.1895,0.9537,,
DATA,A001,1,7989,147294,-0.3471,0.8286,-0.0161,-27.5879,80.6274,40.2222,0.8985,,
DATA,A001,1,7990,147304,-0.3383,0.7929,-0.0212,-26.2451,90.8203,37.0483,0.8623,,
DATA,A001,1,7991,147314,-0.3515,0.7443,-0.0285,-24.1699,104.0039,34.4238,0.8236,,
DATA,A001,1,7992,147324,-0.3688,0.7175,-0.0344,-23.9868,109.1919,33.9355,0.8074,,
DATA,A001,1,7993,147334,-0.3886,0.6882,-0.0422,-23.3154,111.3281,33.9355,0.7914,,
DATA,A001,1,7994,147344,-0.3927,0.6762,-0.0402,-22.8271,109.8633,34.2407,0.7830,,
DATA,A001,1,7995,147354,-0.3998,0.6706,-0.0598,-21.6675,106.3843,35.7666,0.7830,,
DATA,A001,1,7996,147364,-0.3820,0.6752,-0.0476,-24.9023,105.4077,31.4941,0.7773,,
DATA,A001,1,7997,147374,-0.3288,0.6835,-0.0817,-28.3203,118.2251,28.0151,0.7629,,
DATA,A001,1,7998,147384,-0.4367,0.6913,-0.0691,-24.8413,116.7603,41.4429,0.8206,,
DATA,A001,1,7999,147394,-0.4704,0.7224,-0.0581,-16.1133,100.5249,45.2271,0.8640,,
DATA,A001,1,8000,147404,-0.4369,0.7546,-0.0595,-18.3716,96.9849,39.9780,0.8740,,
DATA,A001,1,8001,147414,-0.5219,0.7753,-0.0214,-5.2490,61.8286,69.3970,0.9349,,
DATA,A001,1,8002,147424,-0.4342,0.8041,-0.0312,-4.2114,52.5513,57.1289,0.9144,,
DATA,A001,1,8003,147434,-0.3517,0.8417,-0.0712,-17.6392,59.5093,49.1943,0.9150,,
DATA,A001,1,8004,147444,-0.3647,0.8444,-0.0493,-19.2261,64.5142,56.6406,0.9211,,
DATA,A001,1,8005,147454,-0.3888,0.8327,-0.0627,-19.3481,78.1250,56.3965,0.9211,,
DATA,A001,1,8006,147464,-0.3908,0.8261,-0.0712,-15.9302,85.1440,55.4199,0.9166,,
DATA,A001,1,8007,147474,-0.4355,0.8110,-0.0590,-8.0566,90.5151,57.5562,0.9224,,
DATA,A001,1,8008,147484,-0.4316,0.8095,-0.0571,-5.4321,94.4214,51.3306,0.9191,,
DATA,A001,1,8009,147494,-0.3659,0.8151,-0.0266,-5.5542,102.6001,44.5557,0.8939,,
DATA,A001,1,8010,147504,-0.3334,0.8098,-0.0373,-5.8594,112.4878,43.2129,0.8765,,
DATA,A001,1,8011,147514,-0.4374,0.7895,-0.0637,-0.9155,124.5117,37.5977,0.9048,,
DATA,A001,1,8012,147524,-0.4357,0.7995,-0.0297,4.9438,120.4834,35.3394,0.9110,,
DATA,A001,1,8013,147534,-0.4731,0.8264,-0.0476,6.5918,116.4551,26.6113,0.9534,,
DATA,A001,1,8014,147544,-0.4494,0.8676,-0.0517,9.4604,114.2578,23.9868,0.9785,,
DATA,A001,1,8015,147554,-0.4923,0.9584,-0.0661,12.6953,111.8164,24.2920,1.0795,,
DATA,A001,1,8016,147564,-0.5170,1.0241,-0.0507,12.5732,107.3608,26.0620,1.1483,,
DATA,A001,1,8017,147574,-0.4977,1.0932,-0.0373,6.8359,103.3325,25.4517,1.2017,,
DATA,A001,1,8018,147584,-0.4755,1.1066,-0.0290,1.5869,105.9570,23.1323,1.2048,,
DATA,A001,1,8019,147594,-0.4648,1.1213,-0.0510,-1.9531,110.2905,23.5596,1.2148,,
DATA,A001,1,8020,147604,-0.5002,1.1562,-0.0581,-1.1597,107.6660,25.7568,1.2611,,
DATA,A001,1,8021,147614,-0.5544,1.2646,-0.0691,1.0986,94.8486,26.0010,1.3825,,
DATA,A001,1,8022,147624,-0.5607,1.3669,-0.0732,1.1597,82.1533,27.5879,1.4792,,
DATA,A001,1,8023,147634,-0.5319,1.4487,-0.0747,-1.7700,69.7021,29.0527,1.5450,,
DATA,A001,1,8024,147644,-0.4713,1.5024,-0.0827,-13.3667,54.2603,29.6631,1.5768,,
DATA,A001,1,8025,147654,-0.3996,1.4428,-0.1035,-27.7100,56.7017,25.1465,1.5007,,
DATA,A001,1,8026,147664,-0.3888,1.3688,-0.1113,-33.7524,66.1621,21.6064,1.4273,,
DATA,A001,1,8027,147674,-0.3764,1.2919,-0.1147,-36.7432,76.5991,19.7144,1.3505,,
DATA,A001,1,8028,147684,-0.3632,1.2031,-0.1228,-36.6211,84.4727,16.8457,1.2627,,
DATA,A001,1,8029,147694,-0.3581,1.1645,-0.1201,-34.9731,85.3882,11.7188,1.2242,,
DATA,A001,1,8030,147704,-0.3376,1.1074,-0.0944,-32.6538,83.6182,4.8218,1.1615,,
DATA,A001,1,8031,147714,-0.3441,1.0605,-0.0515,-32.4707,80.3223,2.1973,1.1161,,
DATA,A001,1,8032,147724,-0.3463,0.9741,-0.0249,-32.2266,77.5757,-1.3428,1.0341,,
DATA,A001,1,8033,147734,-0.3576,0.9235,-0.0124,-30.2124,76.1108,-2.7466,0.9904,,
DATA,A001,1,8034,147744,-0.3820,0.9033,0.0010,-23.6816,70.7397,-2.5635,0.9807,,
DATA,A001,1,8035,147754,-0.3810,0.9138,0.0152,-19.4702,64.3311,-0.8545,0.9901,,
DATA,A001,1,8036,147764,-0.3957,0.9316,0.0332,-17.3340,51.6968,2.6855,1.0127,,
DATA,A001,1,8037,147774,-0.4003,0.9321,0.0396,-18.4326,40.9546,5.3711,1.0152,,
DATA,A001,1,8038,147784,-0.4057,0.9052,0.0430,-19.4702,23.0713,9.3994,0.9929,,
DATA,A001,1,8039,147794,-0.4115,0.8867,0.0467,-19.1650,10.7422,12.1460,0.9786,,
DATA,A001,1,8040,147804,-0.4123,0.8752,0.0420,-17.3340,-7.2632,15.0146,0.9683,,
DATA,A001,1,8041,147814,-0.3998,0.8810,0.0472,-16.1133,-19.5923,15.5640,0.9687,,
DATA,A001,1,8042,147824,-0.3693,0.8849,0.0442,-16.0522,-35.4004,15.9302,0.9599,,
DATA,A001,1,8043,147834,-0.3441,0.8813,0.0423,-16.7236,-43.5791,15.6860,0.9470,,
DATA,A001,1,8044,147844,-0.3241,0.8581,0.0371,-18.1274,-52.4292,14.2822,0.9180,,
DATA,A001,1,8045,147854,-0.3075,0.8442,0.0369,-18.7378,-56.2134,12.5122,0.8992,,
DATA,A001,1,8046,147864,-0.2953,0.8183,0.0340,-18.1885,-58.5938,9.0942,0.8706,,
DATA,A001,1,8047,147874,-0.2917,0.8151,0.0257,-17.7002,-58.9600,6.8359,0.8661,,
DATA,A001,1,8048,147884,-0.2912,0.8261,0.0249,-17.1509,-59.6924,3.8452,0.8763,,
DATA,A001,1,8049,147894,-0.2919,0.8420,0.0389,-17.3950,-61.5234,2.3193,0.8920,,
DATA,A001,1,8050,147904,-0.2785,0.8515,0.0284,-22.7051,-67.3828,2.8076,0.8963,,
DATA,A001,1,8051,147914,-0.2519,0.8552,0.0276,-25.8789,-69.0918,0.2441,0.8919,,
DATA,A001,1,8052,147924,-0.2099,0.8478,0.0166,-25.3906,-65.4297,-5.4321,0.8736,,
DATA,A001,1,8053,147934,-0.2033,0.8552,0.0042,-24.4751,-60.4858,-7.6904,0.8790,,
DATA,A001,1,8054,147944,-0.2108,0.8725,-0.0109,-25.6958,-51.6968,-9.8267,0.8977,,
DATA,A001,1,8055,147954,-0.2021,0.8884,-0.0161,-28.9307,-46.6309,-10.1318,0.9112,,
DATA,A001,1,8056,147964,-0.1996,0.8906,-0.0229,-32.4707,-40.9546,-11.5356,0.9129,,
DATA,A001,1,8057,147974,-0.1942,0.8969,-0.0361,-34.9731,-34.6680,-12.3291,0.9184,,
DATA,A001,1,8058,147984,-0.1877,0.9120,-0.0224,-34.1797,-27.4658,-15.7471,0.9314,,
DATA,A001,1,8059,147994,-0.2128,0.9426,-0.0190,-35.3394,-21.3623,-15.6250,0.9665,,
DATA,A001,1,8060,148004,-0.2191,0.9528,-0.0256,-37.4756,-19.9585,-16.7236,0.9780,,
DATA,A001,1,8061,148014,-0.1835,0.9567,-0.0493,-41.5039,-17.5781,-19.3481,0.9754,,
DATA,A001,1,8062,148024,-0.1523,0.9401,-0.0437,-43.7012,-13.7329,-19.8364,0.9534,,
DATA,A001,1,8063,148034,-0.1774,0.9203,-0.0612,-43.0298,-2.1973,-22.5220,0.9393,,
DATA,A001,1,8064,148044,-0.2111,0.9152,-0.0954,-39.6118,4.1504,-22.7661,0.9441,,
DATA,A001,1,8065,148054,-0.2399,0.9518,-0.0969,-34.9731,8.9722,-22.5830,0.9864,,
DATA,A001,1,8066,148064,-0.2504,0.9777,-0.0957,-35.8276,8.7280,-23.8647,1.0138,,
DATA,A001,1,8067,148074,-0.2526,0.9990,-0.0778,-39.1846,4.2114,-22.4609,1.0333,,
DATA,A001,1,8068,148084,-0.2428,1.0029,-0.0463,-40.1611,-2.5024,-18.7378,1.0329,,
DATA,A001,1,8069,148094,-0.2272,0.9921,-0.0129,-41.0156,-13.3667,-16.2354,1.0179,,
DATA,A001,1,8070,148104,-0.2099,0.9714,0.0120,-40.8936,-16.9678,-15.9912,0.9939,,
DATA,A001,1,8071,148114,-0.1840,1.0021,0.0159,-38.6963,-14.7095,-12.8784,1.0190,,
DATA,A001,1,8072,148124,-0.1674,1.0656,-0.0151,-34.3628,-8.6670,-9.6436,1.0788,,
DATA,A001,1,8073,148134,-0.1488,1.1857,-0.0583,-26.9775,5.1880,-3.7842,1.1965,,
DATA,A001,1,8074,148144,-0.1523,1.2512,-0.0703,-24.4751,16.1743,0.6104,1.2623,,
DATA,A001,1,8075,148154,-0.1708,1.2883,-0.0498,-27.1606,33.0200,6.6528,1.3005,,
DATA,A001,1,8076,148164,-0.1920,1.2599,-0.0476,-30.2124,43.1519,10.1929,1.2754,,
DATA,A001,1,8077,148174,-0.2228,1.1833,-0.0444,-28.6255,55.7251,15.1978,1.2049,,
DATA,A001,1,8078,148184,-0.2470,1.1266,-0.0129,-23.1934,62.0117,18.1885,1.1535,,
DATA,A001,1,8079,148194,-0.2946,1.0317,0.0638,-16.1743,65.9180,20.0195,1.0748,,
DATA,A001,1,8080,148204,-0.3344,0.9494,0.1116,-13.3667,62.3779,18.6768,1.0127,,
DATA,A001,1,8081,148214,-0.3808,0.8449,0.1621,-6.4697,47.7295,15.1978,0.9408,,
DATA,A001,1,8082,148224,-0.4093,0.7990,0.1912,2.3804,32.5317,12.4512,0.9179,,
DATA,A001,1,8083,148234,-0.4416,0.8049,0.2339,16.5405,5.3101,7.4463,0.9474,,
DATA,A001,1,8084,148244,-0.4506,0.8327,0.2417,22.8271,-14.5874,2.8687,0.9772,,
DATA,A001,1,8085,148254,-0.4662,0.8976,0.2305,27.7100,-47.1802,-5.1880,1.0374,,
DATA,A001,1,8086,148264,-0.4650,0.9479,0.2059,29.1138,-70.4956,-10.9253,1.0757,,
DATA,A001,1,8087,148274,-0.4225,0.9968,0.1580,29.6631,-107.2388,-20.2026,1.0941,,
DATA,A001,1,8088,148284,-0.3756,1.0129,0.1265,29.2358,-128.6011,-27.5879,1.0877,,
DATA,A001,1,8089,148294,-0.2892,1.0251,0.0816,28.6865,-149.5361,-40.0391,1.0682,,
DATA,A001,1,8090,148304,-0.2465,1.0314,0.0572,28.8086,-156.7383,-47.1191,1.0620,,
DATA,A001,1,8091,148314,-0.2082,1.0392,0.0496,28.5034,-160.5835,-52.7344,1.0610,,
DATA,A001,1,8092,148324,-0.1535,1.0380,0.0525,26.6113,-160.0952,-59.0820,1.0506,,
DATA,A001,1,8093,148334,-0.1281,1.0358,0.0616,25.4517,-154.8462,-62.8052,1.0455,,
DATA,A001,1,8094,148344,-0.1220,1.0295,0.0865,24.5361,-142.4561,-67.2607,1.0403,,
DATA,A001,1,8095,148354,-0.1320,1.0370,0.1119,22.8882,-133.9722,-69.7021,1.0514,,
DATA,A001,1,8096,148364,-0.1488,1.0424,0.1473,23.2544,-123.5352,-70.1904,1.0632,,
DATA,A001,1,8097,148374,-0.1518,1.0278,0.1668,22.4609,-117.6758,-70.5566,1.0522,,
DATA,A001,1,8098,148384,-0.1347,0.9770,0.1795,21.4233,-106.9336,-72.7539,1.0024,,
DATA,A001,1,8099,148394,-0.1149,0.9282,0.1758,20.8130,-97.1069,-74.2188,0.9516,,
DATA,A001,1,8100,148404,-0.0946,0.8488,0.1665,21.0571,-79.6509,-75.4395,0.8702,,
DATA,A001,1,8101,148414,-0.0854,0.8051,0.1602,21.6675,-68.1763,-75.3784,0.8253,,
DATA,A001,1,8102,148424,-0.1044,0.7534,0.1431,23.6816,-54.1992,-73.6084,0.7739,,
DATA,A001,1,8103,148434,-0.1183,0.7297,0.1275,25.6958,-48.2178,-71.4111,0.7501,,
DATA,A001,1,8104,148444,-0.1278,0.7016,0.1141,30.7617,-43.0298,-66.4673,0.7222,,
DATA,A001,1,8105,148454,-0.1344,0.6999,0.1123,34.6680,-40.2222,-62.2559,0.7215,,
DATA,A001,1,8106,148464,-0.1498,0.6928,0.1077,39.6729,-36.3159,-54.0771,0.7170,,
DATA,A001,1,8107,148474,-0.1657,0.6938,0.1160,42.2363,-33.8745,-47.8516,0.7227,,
DATA,A001,1,8108,148484,-0.1979,0.7048,0.1219,45.9595,-30.5786,-38.3301,0.7421,,
DATA,A001,1,8109,148494,-0.2245,0.7280,0.1250,48.4619,-29.6631,-31.7993,0.7720,,
DATA,A001,1,8110,148504,-0.2680,0.7744,0.1343,51.6968,-30.3345,-21.4844,0.8303,,
DATA,A001,1,8111,148514,-0.2958,0.8168,0.1431,52.7954,-32.2876,-15.3809,0.8805,,
DATA,A001,1,8112,148524,-0.3251,0.8732,0.1463,51.5137,-37.1094,-6.8359,0.9432,,
DATA,A001,1,8113,148534,-0.3373,0.9040,0.1377,49.4995,-41.6260,-1.5869,0.9747,,
DATA,A001,1,8114,148544,-0.3410,0.9267,0.1128,46.8140,-49.3164,5.9204,0.9939,,
DATA,A001,1,8115,148554,-0.3412,0.9323,0.0923,44.8608,-55.8472,10.6812,0.9971,,
DATA,A001,1,8116,148564,-0.3451,0.9189,0.0642,42.1753,-66.3452,16.6626,0.9837,,
DATA,A001,1,8117,148574,-0.3444,0.9084,0.0506,40.7715,-73.7915,19.6533,0.9728,,
DATA,A001,1,8118,148584,-0.3444,0.8906,0.0337,40.2222,-85.7544,23.3765,0.9554,,
DATA,A001,1,8119,148594,-0.3449,0.8847,0.0293,40.4053,-94.1772,25.6348,0.9500,,
DATA,A001,1,8120,148604,-0.3459,0.8903,0.0223,40.7715,-107.9712,28.3203,0.9554,,
DATA,A001,1,8121,148614,-0.3290,0.9023,0.0169,41.0156,-117.1265,29.6021,0.9605,,
DATA,A001,1,8122,148624,-0.3019,0.9184,0.0118,41.4429,-126.0986,30.8838,0.9668,,
DATA,A001,1,8123,148634,-0.2829,0.9191,0.0044,40.5884,-128.3569,31.3721,0.9617,,
DATA,A001,1,8124,148644,-0.2738,0.8959,-0.0019,38.3301,-128.4180,31.7383,0.9369,,
DATA,A001,1,8125,148654,-0.2685,0.8867,-0.0131,37.8418,-127.6245,32.1655,0.9265,,
DATA,A001,1,8126,148664,-0.2672,0.8915,-0.0161,39.3066,-126.7700,33.1421,0.9309,,
DATA,A001,1,8127,148674,-0.2668,0.9489,-0.0163,42.4805,-125.9155,35.2783,0.9858,,
DATA,A001,1,8128,148684,-0.2714,0.9999,-0.0114,43.3960,-125.6714,36.9263,1.0362,,
DATA,A001,1,8129,148694,-0.2736,1.0754,-0.0026,41.9312,-125.2441,38.6353,1.1096,,
DATA,A001,1,8130,148704,-0.2733,1.1140,0.0027,39.5508,-124.8779,38.8794,1.1470,,
DATA,A001,1,8131,148714,-0.2738,1.1240,0.0176,33.9966,-123.8403,38.2080,1.1570,,
DATA,A001,1,8132,148724,-0.2763,1.1091,0.0196,29.4189,-122.3145,36.7432,1.1431,,
DATA,A001,1,8133,148734,-0.2765,1.0607,0.0220,23.9868,-120.7275,32.6538,1.0964,,
DATA,A001,1,8134,148744,-0.2829,1.0261,0.0237,21.5454,-119.9341,28.6865,1.0646,,
DATA,A001,1,8135,148754,-0.2753,0.9836,0.0181,19.4702,-119.3237,20.8130,1.0215,,
DATA,A001,1,8136,148764,-0.2628,0.9702,0.0174,18.6768,-119.8120,14.8315,1.0053,,
DATA,A001,1,8137,148774,-0.2318,0.9518,0.0083,17.8223,-119.8120,5.8594,0.9797,,
DATA,A001,1,8138,148784,-0.2079,0.9489,0.0076,17.6392,-118.5913,-0.2441,0.9715,,
DATA,A001,1,8139,148794,-0.1674,0.9440,0.0022,17.2729,-113.2812,-8.3618,0.9588,,
DATA,A001,1,8140,148804,-0.1503,0.9494,-0.0039,17.6392,-107.7881,-13.2446,0.9612,,
DATA,A001,1,8141,148814,-0.1286,0.9789,-0.0073,19.4702,-97.7783,-19.2261,0.9874,,
DATA,A001,1,8142,148824,-0.1259,1.0139,-0.0034,20.6299,-90.0879,-21.9727,1.0216,,
DATA,A001,1,8143,148834,-0.1342,1.0685,0.0208,21.3013,-77.6978,-25.0854,1.0771,,
DATA,A001,1,8144,148844,-0.1391,1.0888,0.0403,20.0195,-68.9087,-26.7944,1.0984,,
DATA,A001,1,8145,148854,-0.1474,1.0793,0.0577,16.1133,-53.6499,-29.7241,1.0908,,
DATA,A001,1,8146,148864,-0.1520,1.0534,0.0596,13.6108,-42.7246,-32.0435,1.0660,,
DATA,A001,1,8147,148874,-0.1596,1.0214,0.0657,12.6343,-26.2451,-35.8276,1.0359,,
DATA,A001,1,8148,148884,-0.1593,1.0209,0.0655,13.0005,-16.2354,-38.3911,1.0354,,
DATA,A001,1,8149,148894,-0.1679,1.0270,0.0599,13.3057,-4.5776,-42.5415,1.0424,,
DATA,A001,1,8150,148904,-0.1701,1.0307,0.0530,13.1226,0.0000,-45.3491,1.0460,,
DATA,A001,1,8151,148914,-0.1686,1.0146,0.0374,13.4277,3.9673,-49.1333,1.0292,,
DATA,A001,1,8152,148924,-0.1625,0.9990,0.0354,14.4653,5.7983,-51.1475,1.0127,,
DATA,A001,1,8153,148934,-0.1623,0.9877,0.0347,16.7236,8.7280,-52.7954,1.0016,,
DATA,A001,1,8154,148944,-0.1662,0.9877,0.0337,18.2495,10.6812,-52.9785,1.0022,,
DATA,A001,1,8155,148954,-0.1706,0.9682,0.0330,18.7988,12.9395,-52.0630,0.9837,,
DATA,A001,1,8156,148964,-0.1706,0.9470,0.0332,18.7378,14.2212,-50.4150,0.9628,,
DATA,A001,1,8157,148974,-0.1735,0.9384,0.0350,19.5312,15.0146,-48.2788,0.9550,,
DATA,A001,1,8158,148984,-0.1747,0.9330,0.0413,21.9116,17.0898,-43.5791,0.9502,,
DATA,A001,1,8159,148994,-0.1820,0.9269,0.0479,22.5220,18.3716,-40.2222,0.9459,,
DATA,A001,1,8160,149004,-0.1967,0.9050,0.0601,20.9351,20.2026,-34.4238,0.9280,,
DATA,A001,1,8161,149014,-0.2067,0.8828,0.0638,19.4702,21.1182,-30.3345,0.9089,,
DATA,A001,1,8162,149024,-0.2116,0.8491,0.0618,18.3105,21.9727,-23.6206,0.8772,,
DATA,A001,1,8163,149034,-0.2113,0.8398,0.0462,18.0054,23.3154,-19.0430,0.8672,,
DATA,A001,1,8164,149044,-0.2052,0.8488,0.0130,17.5781,25.6348,-10.6201,0.8734,,
DATA,A001,1,8165,149054,-0.1901,0.8571,-0.0109,16.6016,28.3203,-4.9438,0.8780,,
DATA,A001,1,8166,149064,-0.1654,0.8530,-0.0551,12.8174,36.3770,4.5776,0.8706,,
DATA,A001,1,8167,149074,-0.1508,0.8498,-0.0849,10.1318,44.0674,11.7798,0.8672,,
DATA,A001,1,8168,149084,-0.1515,0.8386,-0.1181,7.2632,59.0820,23.3765,0.8603,,
DATA,A001,1,8169,149094,-0.1598,0.8288,-0.1394,5.0659,69.7021,30.3955,0.8555,,
DATA,A001,1,8170,149104,-0.1686,0.8080,-0.1716,3.1738,86.0596,38.9404,0.8431,,
DATA,A001,1,8171,149114,-0.1723,0.8027,-0.1911,3.7842,97.6562,44.0674,0.8429,,
DATA,A001,1,8172,149124,-0.1869,0.8137,-0.2053,5.6763,115.6616,51.6357,0.8597,,
DATA,A001,1,8173,149134,-0.2104,0.8347,-0.2102,7.4463,127.4414,55.9082,0.8860,,
DATA,A001,1,8174,149144,-0.2636,0.8925,-0.1943,10.9253,141.2354,60.0586,0.9507,,
DATA,A001,1,8175,149154,-0.2968,0.9421,-0.1728,13.4277,145.5688,60.7300,1.0027,,
DATA,A001,1,8176,149164,-0.3346,1.0070,-0.1521,15.3809,144.2871,58.6548,1.0720,,
DATA,A001,1,8177,149174,-0.3454,1.0412,-0.1486,15.6860,140.2588,55.9082,1.1070,,
DATA,A001,1,8178,149184,-0.3393,1.0932,-0.1572,16.3574,132.8735,51.8799,1.1554,,
DATA,A001,1,8179,149194,-0.3412,1.1262,-0.1643,17.2729,126.8921,49.3164,1.1881,,
DATA,A001,1,8180,149204,-0.3393,1.1701,-0.1713,19.2261,115.9058,43.9453,1.2303,,
DATA,A001,1,8181,149214,-0.3366,1.1911,-0.1743,20.8130,106.5063,39.8560,1.2500,,
DATA,A001,1,8182,149224,-0.3451,1.2202,-0.1630,22.8882,90.7593,34.7900,1.2785,,
DATA,A001,1,8183,149234,-0.3446,1.2263,-0.1472,23.9868,79.8950,32.1655,1.2822,,
DATA,A001,1,8184,149244,-0.3383,1.1999,-0.1174,23.9868,65.6128,26.9775,1.2522,,
DATA,A001,1,8185,149254,-0.3388,1.1647,-0.0983,23.6816,58.0444,22.2168,1.2170,,
DATA,A001,1,8186,149264,-0.3437,1.0959,-0.0849,24.1089,48.7671,14.9536,1.1516,,
DATA,A001,1,8187,149274,-0.3549,1.0654,-0.0774,25.5127,42.7856,10.0708,1.1256,,
DATA,A001,1,8188,149284,-0.3666,1.0324,-0.0603,25.1465,30.3345,2.3193,1.0972,,
DATA,A001,1,8189,149294,-0.3683,1.0148,-0.0471,22.9492,19.5312,-2.0752,1.0806,,
DATA,A001,1,8190,149304,-0.3612,1.0012,-0.0424,19.7754,6.8970,-5.5542,1.0652,,
DATA,A001,1,8191,149314,-0.3332,0.9758,-0.0661,15.9302,-13.1836,-9.2773,1.0332,,
DATA,A001,1,8192,149324,-0.2924,0.9526,-0.0839,14.1602,-24.2920,-11.2305,1.0000,,
DATA,A001,1,8193,149334,-0.2506,0.9379,-0.0957,11.1694,-33.5083,-13.0615,0.9755,,
DATA,A001,1,8194,149344,-0.2340,0.9304,-0.1123,7.4463,-36.1328,-12.9395,0.9659,,
DATA,A001,1,8195,149354,-0.2138,0.9372,-0.1396,3.8452,-37.8418,-8.9722,0.9714,,
DATA,A001,1,8196,149364,-0.1982,0.9653,-0.1606,4.0894,-37.2925,-2.8687,0.9984,,
DATA,A001,1,8197,149374,-0.1955,1.0380,-0.1584,1.3428,-33.8135,8.8501,1.0681,,
DATA,A001,1,8198,149384,-0.2074,1.0700,-0.1626,-6.1035,-27.5879,17.3340,1.1020,,
DATA,A001,1,8199,149394,-0.2345,1.0358,-0.1740,-23.4985,-13.6719,30.2124,1.0762,,
DATA,A001,1,8200,149404,-0.2638,0.9794,-0.1630,-33.6914,-3.5400,40.3442,1.0274,,
DATA,A001,1,8201,149414,-0.3634,0.9394,-0.1027,-43.5791,11.1694,54.6875,1.0125,,
DATA,A001,1,8202,149424,-0.4245,0.9223,-0.0979,-51.8188,16.2354,61.7065,1.0200,,
DATA,A001,1,8203,149434,-0.4928,0.8889,-0.0371,-64.3921,15.2588,67.0776,1.0170,,
DATA,A001,1,8204,149444,-0.5143,0.8698,0.0042,-68.6035,18.1274,60.4858,1.0105,,
DATA,A001,1,8205,149454,-0.6554,0.8974,0.0140,-82.3364,12.2681,43.3960,1.1114,,
DATA,A001,1,8206,149464,-0.7531,0.8657,-0.0202,-90.8203,-3.8452,29.1138,1.1476,,
DATA,A001,1,8207,149474,-0.8305,0.9296,0.0337,-93.2007,-71.9604,1.3428,1.2470,,
DATA,A001,1,8208,149484,-0.7397,0.9326,0.0823,-93.5059,-129.6997,-10.9863,1.1931,,
DATA,A001,1,8209,149494,-0.3683,0.8715,0.0679,-90.5151,-198.0591,-42.2363,0.9486,,
DATA,A001,1,8210,149504,-0.2709,0.9230,0.0369,-88.1958,-216.6138,-70.4346,0.9627,,
DATA,A001,1,8211,149514,-0.2658,1.0319,0.0433,-86.2427,-201.5381,-114.9902,1.0665,,
DATA,A001,1,8212,149524,-0.2340,1.0910,0.0618,-90.7593,-177.8564,-126.5259,1.1175,,
DATA,A001,1,8213,149534,-0.0072,1.0532,0.1526,-106.2622,-139.2822,-110.3516,1.0642,,
DATA,A001,1,8214,149544,0.2288,0.9838,0.2395,-111.3281,-84.9609,-98.4497,1.0381,,
DATA,A001,1,8215,149554,0.3133,0.9089,0.2325,-109.0088,35.5225,-81.2378,0.9891,,
DATA,A001,1,8216,149564,0.1676,0.8972,0.1648,-103.0273,109.7412,-66.2231,0.9274,,
DATA,A001,1,8217,149574,-0.0949,0.8332,0.1006,-93.0176,167.1753,-43.3960,0.8446,,
DATA,A001,1,8218,149584,-0.1625,0.7331,0.0855,-88.1958,174.2554,-30.1514,0.7557,,
DATA,A001,1,8219,149594,-0.1701,0.6103,0.1133,-77.5757,166.1987,-10.6201,0.6436,,
DATA,A001,1,8220,149604,-0.1886,0.5942,0.1333,-67.5049,159.4238,0.4272,0.6375,,
DATA,A001,1,8221,149614,-0.2336,0.6293,0.1426,-55.1758,149.3530,10.9253,0.6863,,
DATA,A001,1,8222,149624,-0.2528,0.6601,0.1424,-48.6450,142.7612,15.9302,0.7211,,
DATA,A001,1,8223,149634,-0.2582,0.6867,0.1309,-42.7856,138.1226,18.9819,0.7452,,
DATA,A001,1,8224,149644,-0.2250,0.6921,0.1199,-37.3535,138.2446,23.5596,0.7376,,
DATA,A001,1,8225,149654,-0.2292,0.6818,0.1084,-33.5083,143.3105,25.5127,0.7274,,
DATA,A001,1,8226,149664,-0.2809,0.6850,0.1067,-29.9683,150.0854,24.4141,0.7480,,
DATA,A001,1,8227,149674,-0.3090,0.6711,0.1018,-28.8086,150.6958,22.3389,0.7458,,
DATA,A001,1,8228,149684,-0.3092,0.6655,0.1297,-27.9541,148.1934,21.1792,0.7452,,
DATA,A001,1,8229,149694,-0.3102,0.6708,0.1253,-28.8696,150.6958,20.2026,0.7496,,
DATA,A001,1,8230,149704,-0.3424,0.7014,0.1377,-33.2031,156.4331,17.8223,0.7926,,
DATA,A001,1,8231,149714,-0.3693,0.7119,0.1434,-38.2080,158.6914,16.8457,0.8147,,
DATA,A001,1,8232,149724,-0.4169,0.7070,0.1455,-44.6777,157.1045,14.4043,0.8335,,
DATA,A001,1,8233,149734,-0.4638,0.7121,0.1524,-49.4995,153.2593,11.2305,0.8634,,
DATA,A001,1,8234,149744,-0.4950,0.7160,0.1648,-59.0210,145.3247,4.5776,0.8859,,
DATA,A001,1,8235,149754,-0.5016,0.7289,0.1670,-64.4531,139.3433,-0.9766,0.9005,,
DATA,A001,1,8236,149764,-0.5287,0.7656,0.1936,-72.6929,129.8828,-10.4980,0.9503,,
DATA,A001,1,8237,149774,-0.5558,0.8005,0.2193,-79.5288,123.4131,-17.2119,0.9989,,
DATA,A001,1,8238,149784,-0.6178,0.8444,0.2437,-87.1582,110.8398,-27.6489,1.0743,,
DATA,A001,1,8239,149794,-0.6606,0.8742,0.2422,-91.0645,98.8159,-33.3862,1.1222,,
DATA,A001,1,8240,149804,-0.7062,0.8801,0.2688,-95.2148,75.0122,-38.0249,1.1600,,
DATA,A001,1,8241,149814,-0.7248,0.8691,0.3074,-97.6562,60.3027,-43.0908,1.1726,,
DATA,A001,1,8242,149824,-0.7314,0.8796,0.3350,-102.1118,41.7480,-51.2085,1.1920,,
DATA,A001,1,8243,149834,-0.6938,0.8564,0.3316,-105.1636,29.5410,-52.9785,1.1509,,
DATA,A001,1,8244,149844,-0.5941,0.8229,0.3316,-106.3843,16.9678,-53.1006,1.0678,,
DATA,A001,1,8245,149854,-0.5175,0.7963,0.3243,-107.6660,19.5923,-53.7109,1.0035,,
DATA,A001,1,8246,149864,-0.5104,0.8115,0.3348,-109.4971,35.4004,-56.8848,1.0154,,
DATA,A001,1,8247,149874,-0.5590,0.8271,0.3399,-111.9995,45.1050,-59.7534,1.0545,,
DATA,A001,1,8248,149884,-0.5773,0.8049,0.3277,-114.0137,46.0815,-62.7441,1.0433,,
DATA,A001,1,8249,149894,-0.5568,0.7790,0.3243,-114.3188,41.3208,-62.3779,1.0109,,
DATA,A001,1,8250,149904,-0.5292,0.7355,0.3406,-114.6851,37.4146,-61.2183,0.9680,,
DATA,A001,1,8251,149914,-0.5331,0.7018,0.3470,-114.0747,39.8560,-60.2417,0.9472,,
DATA,A001,1,8252,149924,-0.6103,0.7192,0.3489,-113.0371,44.5557,-58.7158,1.0057,,
DATA,A001,1,8253,149934,-0.6222,0.7451,0.3506,-114.5020,44.4336,-56.5186,1.0321,,
DATA,A001,1,8254,149944,-0.6454,0.7785,0.3313,-114.9902,39.6118,-49.4385,1.0642,,
DATA,A001,1,8255,149954,-0.6549,0.7870,0.3245,-113.4033,35.5225,-45.3491,1.0741,,
DATA,A001,1,8256,149964,-0.6781,0.8076,0.3680,-111.0840,32.6538,-41.7480,1.1169,,
DATA,A001,1,8257,149974,-0.7438,0.7499,0.3641,-109.8022,28.1372,-37.9028,1.1172,,
DATA,A001,1,8258,149984,-0.7785,0.7599,0.3865,-105.5908,23.1323,-34.9731,1.1545,,
DATA,A001,1,8259,149994,-0.7931,0.7590,0.4165,-103.7598,15.2588,-27.0386,1.1741,,
DATA,A001,1,8260,150004,-0.7792,0.7548,0.4410,-102.1729,12.0850,-22.9492,1.1711,,
DATA,A001,1,8261,150014,-0.7848,0.7592,0.4888,-99.1821,13.3667,-21.0571,1.1964,,
DATA,A001,1,8262,150024,-0.8337,0.7800,0.4937,-97.3511,14.2822,-20.8130,1.2438,,
DATA,A001,1,8263,150034,-0.9394,0.7639,0.5198,-88.8672,-11.5967,-2.1362,1.3176,,
DATA,A001,1,8264,150044,-0.7985,0.7075,0.4988,-85.8154,-34.2407,1.7090,1.1777,,
DATA,A001,1,8265,150054,-0.6352,0.6791,0.6055,-101.6235,-41.0767,-24.0479,1.1096,,
DATA,A001,1,8266,150064,-0.6469,0.7045,0.6761,-96.0083,-33.3862,-14.8926,1.1713,,
DATA,A001,1,8267,150074,-0.6024,0.6596,0.6534,-93.6890,-20.9961,-23.0103,1.1068,,
DATA,A001,1,8268,150084,-0.5761,0.6301,0.6922,-91.7969,-15.8691,-18.1885,1.0991,,
DATA,A001,1,8269,150094,-0.5815,0.5805,0.7378,-93.8110,-7.5684,-14.1602,1.1043,,
DATA,A001,1,8270,150104,-0.5861,0.5751,0.7581,-91.7358,-6.5308,-14.1602,1.1176,,
DATA,A001,1,8271,150114,-0.5634,0.5524,0.7935,-90.0879,-10.9863,-11.5967,1.1190,,
DATA,A001,1,8272,150124,-0.5043,0.4721,0.7649,-85.8765,-10.0708,-9.8267,1.0307,,
DATA,A001,1,8273,150134,-0.5292,0.3801,0.6897,-73.7305,8.3618,-11.2915,0.9488,,
DATA,A001,1,8274,150144,-0.5968,0.4558,0.6941,-67.2607,21.4233,-13.9160,1.0226,,
DATA,A001,1,8275,150154,-0.8483,0.4687,0.7544,-64.7583,18.1274,-12.8174,1.2282,,
DATA,A001,1,8276,150164,-0.9616,0.4575,0.8147,-58.6548,-4.0894,-20.0806,1.3408,,
DATA,A001,1,8277,150174,-0.9252,0.5082,0.9058,-51.6357,-40.8936,-22.5830,1.3910,,
DATA,A001,1,8278,150184,-0.8681,0.5637,0.9217,-54.2603,-39.6118,-26.0010,1.3859,,
DATA,A001,1,8279,150194,-0.8625,0.6047,0.8975,-54.5654,-22.4609,-29.6021,1.3838,,
DATA,A001,1,8280,150204,-0.8673,0.5952,0.8467,-53.1616,-10.4980,-36.6211,1.3503,,
DATA,A001,1,8281,150214,-0.8576,0.5722,0.7356,-49.4995,2.7466,-47.9736,1.2665,,
DATA,A001,1,8282,150224,-0.8258,0.5668,0.6585,-44.5557,7.0190,-48.5229,1.1987,,
DATA,A001,1,8283,150234,-0.7812,0.5659,0.5574,-33.4473,8.3008,-37.9639,1.1141,,
DATA,A001,1,8284,150244,-0.7401,0.5703,0.4871,-29.7241,10.6201,-36.6211,1.0537,,
DATA,A001,1,8285,150254,-0.6701,0.5336,0.4214,-20.3857,10.3760,-21.0571,0.9547,,
DATA,A001,1,8286,150264,-0.6527,0.5136,0.3890,-18.0054,14.4043,-21.1792,0.9171,,
DATA,A001,1,8287,150274,-0.6349,0.4667,0.3824,-13.3057,14.6484,-18.0054,0.8759,,
DATA,A001,1,8288,150284,-0.6059,0.4069,0.3863,-9.8267,10.4980,-17.2119,0.8258,,
DATA,A001,1,8289,150294,-0.5717,0.3522,0.4041,-5.4932,4.1504,-16.2964,0.7837,,
DATA,A001,1,8290,150304,-0.6083,0.3701,0.5059,-1.4648,-5.6763,-20.7520,0.8735,,
DATA,A001,1,8291,150314,-0.6293,0.3893,0.5369,-1.3428,-12.3291,-27.8931,0.9143,,
DATA,A001,1,8292,150324,-0.5983,0.4174,0.5301,2.1973,-24.1089,-33.2642,0.9018,,
DATA,A001,1,8293,150334,-0.5614,0.4235,0.5061,5.3101,-30.1514,-34.2407,0.8665,,
DATA,A001,1,8294,150344,-0.5119,0.4055,0.4720,6.7749,-32.4097,-39.3677,0.8057,,
DATA,A001,1,8295,150354,-0.4926,0.3981,0.4312,7.6904,-33.5693,-42.9077,0.7662,,
DATA,A001,1,8296,150364,-0.4645,0.3984,0.3821,15.3809,-40.7715,-43.3350,0.7214,,
DATA,A001,1,8297,150374,-0.4491,0.3840,0.3680,18.6768,-48.4619,-44.9829,0.6961,,
DATA,A001,1,8298,150384,-0.4357,0.3454,0.3572,25.7568,-68.7256,-45.1050,0.6609,,
DATA,A001,1,8299,150394,-0.4608,0.3386,0.4095,35.6445,-77.7588,-35.0342,0.7033,,
DATA,A001,1,8300,150404,-0.3383,0.3080,0.5213,33.3252,-89.3555,-44.6167,0.6936,,
DATA,A001,1,8301,150414,-0.2682,0.2509,0.5850,16.1743,-68.6035,-46.9360,0.6907,,
DATA,A001,1,8302,150424,-0.2802,0.2285,0.7557,7.1411,-25.0854,-36.9873,0.8377,,
DATA,A001,1,8303,150434,-0.4306,0.1833,0.8645,-18.9209,21.4233,-51.8188,0.9831,,
DATA,A001,1,8304,150444,-0.9262,-0.0047,1.2828,-16.6626,19.7144,-41.7480,1.5822,,
DATA,A001,1,8305,150454,-1.1059,0.0832,1.2642,-15.4419,54.5044,-36.1328,1.6817,,
DATA,A001,1,8306,150464,-1.1444,0.0707,1.1355,-11.7798,44.9829,-32.1045,1.6138,,
DATA,A001,1,8307,150474,-1.0443,0.0383,1.0462,-12.1460,25.3906,-29.4189,1.4787,,
DATA,A001,1,8308,150484,-0.8500,0.0209,0.9292,-15.4419,-3.9673,-15.8081,1.2595,,
DATA,A001,1,8309,150494,-0.6540,0.0654,0.8792,-14.7095,-15.7471,-2.3193,1.0977,,
DATA,A001,1,8310,150504,-0.4523,0.1266,0.8033,-8.5449,-8.2397,8.7280,0.9305,,
DATA,A001,1,8311,150514,-0.3969,0.1769,0.7334,-6.0425,5.4321,15.5029,0.8525,,
DATA,A001,1,8312,150524,-0.3825,0.2309,0.6421,-0.7935,26.4282,26.8555,0.7823,,
DATA,A001,1,8313,150534,-0.3820,0.2700,0.6026,2.2583,38.4521,35.4004,0.7628,,
DATA,A001,1,8314,150544,-0.3974,0.3078,0.5743,6.5308,51.2695,46.8750,0.7632,,
DATA,A001,1,8315,150554,-0.4250,0.3349,0.5769,8.4229,57.8613,51.0864,0.7910,,
DATA,A001,1,8316,150564,-0.5050,0.4133,0.5999,9.9487,64.3311,52.1240,0.8864,,
DATA,A001,1,8317,150574,-0.5680,0.4428,0.6143,5.0659,64.2090,47.4243,0.9466,,
DATA,A001,1,8318,150584,-0.6620,0.4724,0.6551,-3.0518,57.6172,38.7573,1.0443,,
DATA,A001,1,8319,150594,-0.7038,0.4782,0.6648,-8.4229,49.2554,32.7148,1.0798,,
DATA,A001,1,8320,150604,-0.7304,0.4765,0.6814,-14.5264,33.3862,25.8179,1.1067,,
DATA,A001,1,8321,150614,-0.7270,0.4868,0.6895,-16.6016,23.9258,20.0806,1.1139,,
DATA,A001,1,8322,150624,-0.7035,0.4755,0.6853,-19.5923,15.4419,11.1694,1.0912,,
DATA,A001,1,8323,150634,-0.6703,0.4597,0.6912,-21.5454,14.9536,5.6763,1.0669,,
DATA,A001,1,8324,150644,-0.6364,0.4406,0.6954,-23.1934,18.9819,1.0376,1.0405,,
DATA,A001,1,8325,150654,-0.6000,0.3857,0.6975,-25.2686,34.4849,-4.1504,0.9977,,
DATA,A001,1,8326,150664,-0.5912,0.3569,0.6922,-25.1465,48.1567,-6.1035,0.9778,,
DATA,A001,1,8327,150674,-0.5927,0.3151,0.6685,-24.1699,68.9697,-8.0566,0.9473,,
DATA,A001,1,8328,150684,-0.5924,0.2900,0.6504,-24.0479,82.2754,-7.9956,0.9264,,
DATA,A001,1,8329,150694,-0.6242,0.2492,0.6172,-20.9351,97.9004,-6.6528,0.9125,,
DATA,A001,1,8330,150704,-0.6640,0.2436,0.5904,-18.3105,105.8350,-4.7607,0.9213,,
DATA,A001,1,8331,150714,-0.7401,0.2363,0.5660,-15.2588,112.1826,-1.2817,0.9612,,
DATA,A001,1,8332,150724,-0.7807,0.2255,0.5423,-13.4888,112.0605,1.2207,0.9769,,
DATA,A001,1,8333,150734,-0.8310,0.2197,0.5225,-7.3242,104.3091,4.3335,1.0059,,
DATA,A001,1,8334,150744,-0.8524,0.2224,0.4993,-4.5166,99.2432,6.8970,1.0126,,
DATA,A001,1,8335,150754,-0.8705,0.2255,0.4715,-0.6714,90.0879,11.4136,1.0154,,
DATA,A001,1,8336,150764,-0.8964,0.2277,0.4668,2.4414,82.8857,12.8174,1.0360,,
DATA,A001,1,8337,150774,-0.8495,0.2741,0.4336,6.1035,74.0967,14.4653,0.9924,,
DATA,A001,1,8338,150784,-0.8590,0.2648,0.4095,5.2490,71.6553,18.1885,0.9878,,
DATA,A001,1,8339,150794,-0.8832,0.2856,0.3904,8.8501,68.9087,19.8364,1.0070,,
DATA,A001,1,8340,150804,-0.9101,0.3034,0.3863,11.4746,63.2935,21.3013,1.0342,,
DATA,A001,1,8341,150814,-0.9318,0.3278,0.3902,14.9536,46.9971,22.1558,1.0620,,
DATA,A001,1,8342,150824,-0.9333,0.3469,0.3899,16.4795,34.2407,21.6675,1.0693,,
DATA,A001,1,8343,150834,-0.9254,0.3671,0.3970,17.3340,15.9912,20.0195,1.0718,,
DATA,A001,1,8344,150844,-0.9179,0.3769,0.4068,17.4561,5.1880,18.3716,1.0724,,
DATA,A001,1,8345,150854,-0.9001,0.3867,0.4204,16.7236,-9.8267,15.3198,1.0660,,
DATA,A001,1,8346,150864,-0.8739,0.4001,0.4288,15.8081,-16.6626,13.0005,1.0525,,
DATA,A001,1,8347,150874,-0.8400,0.4084,0.4395,13.6719,-23.1934,9.6436,1.0322,,
DATA,A001,1,8348,150884,-0.8197,0.4142,0.4497,12.2070,-24.9634,7.2632,1.0227,,
DATA,A001,1,8349,150894,-0.7909,0.4211,0.4580,9.2773,-24.5972,3.6621,1.0063,,
DATA,A001,1,8350,150904,-0.7736,0.4216,0.4646,7.2021,-22.3389,1.7090,0.9960,,
DATA,A001,1,8351,150914,-0.7487,0.4194,0.4717,3.9673,-16.7236,-0.6104,0.9792,,
DATA,A001,1,8352,150924,-0.7441,0.4174,0.4795,2.0142,-11.6577,-1.8311,0.9787,,
DATA,A001,1,8353,150934,-0.7348,0.4130,0.4881,-0.9766,-3.0518,-3.4180,0.9740,,
DATA,A001,1,8354,150944,-0.7362,0.4074,0.4888,-2.5024,2.3193,-4.0894,0.9731,,
DATA,A001,1,8355,150954,-0.7453,0.3962,0.4954,-3.7231,7.5073,-4.5166,0.9787,,
DATA,A001,1,8356,150964,-0.7531,0.3808,0.4893,-5.4932,13.8550,-5.0049,0.9755,,
DATA,A001,1,8357,150974,-0.7641,0.3681,0.4886,-6.1646,16.9067,-5.0049,0.9788,,
DATA,A001,1,8358,150984,-0.7775,0.3564,0.4834,-6.5308,19.1650,-4.3945,0.9825,,
DATA,A001,1,8359,150994,-0.7838,0.3539,0.4788,-6.4697,19.8364,-3.3569,0.9843,,
DATA,A001,1,8360,151004,-0.7912,0.3498,0.4766,-5.7983,19.9585,-1.7700,0.9877,,
DATA,A001,1,8361,151014,-0.8048,0.3498,0.4742,-5.0659,19.7754,-0.7935,0.9975,,
DATA,A001,1,8362,151024,-0.8127,0.3566,0.4678,-4.1504,18.4937,0.6104,1.0032,,
DATA,A001,1,8363,151034,-0.8173,0.3625,0.4642,-3.6621,17.8833,1.2817,1.0074,,
DATA,A001,1,8364,151044,-0.8219,0.3666,0.4602,-2.6855,15.9912,1.5869,1.0109,,
DATA,A001,1,8365,151054,-0.8253,0.3703,0.4571,-2.3193,13.8550,1.2207,1.0135,,
DATA,A001,1,8366,151064,-0.8239,0.3701,0.4568,-1.7090,10.4370,0.5493,1.0121,,
DATA,A001,1,8367,151074,-0.8256,0.3708,0.4588,-1.7090,7.9346,0.0000,1.0147,,
DATA,A001,1,8368,151084,-0.8258,0.3686,0.4607,-1.6479,3.6621,-0.7324,1.0150,,
DATA,A001,1,8369,151094,-0.8236,0.3698,0.4685,-1.7700,0.9155,-1.0986,1.0172,,
DATA,A001,1,8370,151104,-0.8185,0.3622,0.4729,-1.7700,-2.6245,-1.4038,1.0124,,
DATA,A001,1,8371,151114,-0.8146,0.3596,0.4759,-1.4648,-4.7607,-1.3428,1.0096,,
DATA,A001,1,8372,151124,-0.8046,0.3581,0.4827,-1.1597,-6.4697,-1.1597,1.0043,,
DATA,A001,1,8373,151134,-0.8022,0.3539,0.4847,-1.0376,-6.7139,-0.9155,1.0018,,
DATA,A001,1,8374,151144,-0.7882,0.3566,0.4883,-1.0986,-5.9204,-0.6714,0.9935,,
DATA,A001,1,8375,151154,-0.7856,0.3583,0.4888,-1.0986,-4.4556,-0.4883,0.9922,,
DATA,A001,1,8376,151164,-0.7758,0.3535,0.4905,-1.4038,-1.2817,-0.4883,0.9836,,
DATA,A001,1,8377,151174,-0.7702,0.3554,0.4878,-1.9531,1.5259,-0.5493,0.9785,,
DATA,A001,1,8378,151184,-0.7670,0.3571,0.4822,-2.3193,5.2490,-0.5493,0.9738,,
DATA,A001,1,8379,151194,-0.7716,0.3554,0.4783,-2.7466,7.8735,-0.5493,0.9749,,
DATA,A001,1,8380,151204,-0.7753,0.3557,0.4734,-3.5400,10.6812,-0.5493,0.9756,,
DATA,A001,1,8381,151214,-0.7799,0.3527,0.4654,-3.8452,12.0239,-0.6714,0.9743,,
DATA,A001,1,8382,151224,-0.7853,0.3488,0.4595,-4.6997,13.7939,-0.6104,0.9744,,
DATA,A001,1,8383,151234,-0.7921,0.3483,0.4593,-4.6387,14.5874,-0.5493,0.9797,,
DATA,A001,1,8384,151244,-0.7968,0.3527,0.4556,-4.8218,15.8081,-0.6714,0.9833,,
DATA,A001,1,8385,151254,-0.8095,0.3520,0.4515,-4.5776,16.9678,-0.5493,0.9914,,
DATA,A001,1,8386,151264,-0.8268,0.3449,0.4475,-4.1504,15.8691,-0.3662,1.0014,,
DATA,A001,1,8387,151274,-0.8297,0.3466,0.4461,-3.6621,14.4653,-0.2441,1.0038,,
DATA,A001,1,8388,151284,-0.8344,0.3398,0.4483,-3.1128,13.4888,-0.0610,1.0063,,
DATA,A001,1,8389,151294,-0.8344,0.3329,0.4490,-2.4414,11.6577,0.0610,1.0043,,
DATA,A001,1,8390,151304,-0.8317,0.3344,0.4493,-1.8921,10.2539,0.2441,1.0027,,
DATA,A001,1,8391,151314,-0.8253,0.3290,0.4466,-1.5259,9.4604,0.2441,0.9944,,
DATA,A001,1,8392,151324,-0.8185,0.3303,0.4475,-1.4038,9.0332,0.3662,0.9896,,
DATA,A001,1,8393,151334,-0.8161,0.3295,0.4502,-0.9766,8.2397,0.4272,0.9886,,
DATA,A001,1,8394,151344,-0.8180,0.3303,0.4495,-0.9155,8.3618,0.6104,0.9901,,
DATA,A001,1,8395,151354,-0.8178,0.3317,0.4475,-0.4883,8.3008,0.7935,0.9895,,
DATA,A001,1,8396,151364,-0.8183,0.3273,0.4483,-0.1831,8.2397,0.7935,0.9888,,
DATA,A001,1,8397,151374,-0.8100,0.3308,0.4527,0.1831,8.8501,1.1597,0.9851,,
DATA,A001,1,8398,151384,-0.8083,0.3259,0.4524,0.6104,9.7046,1.0986,0.9819,,
DATA,A001,1,8399,151394,-0.8063,0.3288,0.4490,1.4038,11.3525,1.0376,0.9797,,
DATA,A001,1,8400,151404,-0.8046,0.3342,0.4473,1.4648,11.4746,1.2207,0.9794,,
DATA,A001,1,8401,151414,-0.8170,0.3427,0.4429,2.0142,11.5967,1.3428,0.9906,,
DATA,A001,1,8402,151424,-0.8253,0.3478,0.4390,2.3804,10.9253,1.4648,0.9975,,
DATA,A001,1,8403,151434,-0.8410,0.3554,0.4429,2.7466,9.1553,1.2817,1.0148,,
DATA,A001,1,8404,151444,-0.8473,0.3618,0.4410,2.8687,7.6904,1.4038,1.0214,,
DATA,A001,1,8405,151454,-0.8564,0.3666,0.4458,2.7466,5.3101,0.9155,1.0327,,
DATA,A001,1,8406,151464,-0.8551,0.3683,0.4493,2.5024,3.9062,0.3052,1.0338,,
DATA,A001,1,8407,151474,-0.8378,0.3662,0.4517,1.7700,2.8687,-0.3662,1.0198,,
DATA,A001,1,8408,151484,-0.8349,0.3625,0.4517,0.9155,2.8076,-0.9155,1.0161,,
DATA,A001,1,8409,151494,-0.8170,0.3586,0.4519,-0.4883,3.6011,-1.6479,1.0002,,
DATA,A001,1,8410,151504,-0.8078,0.3539,0.4507,-1.5869,4.0894,-1.7700,0.9904,,
DATA,A001,1,8411,151514,-0.7965,0.3442,0.4537,-2.5024,6.3477,-1.7700,0.9792,,
DATA,A001,1,8412,151524,-0.7909,0.3388,0.4493,-2.9297,8.4839,-1.4038,0.9707,,
DATA,A001,1,8413,151534,-0.8046,0.3281,0.4436,-2.8076,11.5967,-0.6714,0.9756,,
DATA,A001,1,8414,151544,-0.8114,0.3286,0.4407,-2.2583,12.2681,0.0610,0.9801,,
DATA,A001,1,8415,151554,-0.8229,0.3264,0.4356,-1.7090,12.6343,1.4648,0.9866,,
DATA,A001,1,8416,151564,-0.8344,0.3261,0.4309,-1.1597,11.8408,2.3193,0.9941,,
DATA,A001,1,8417,151574,-0.8432,0.3308,0.4292,0.1831,9.3994,3.6011,1.0023,,
DATA,A001,1,8418,151584,-0.8449,0.3322,0.4307,0.9155,7.6294,4.1504,1.0048,,
DATA,A001,1,8419,151594,-0.8361,0.3432,0.4346,1.5869,4.9438,4.5776,1.0029,,
DATA,A001,1,8420,151604,-0.8351,0.3452,0.4322,1.7090,3.9062,4.6387,1.0017,,
DATA,A001,1,8421,151614,-0.8283,0.3498,0.4339,1.4648,2.6245,4.3945,0.9983,,
DATA,A001,1,8422,151624,-0.8290,0.3535,0.4368,1.2817,2.6245,3.9673,1.0015,,
DATA,A001,1,8423,151634,-0.8227,0.3535,0.4371,0.7935,2.8076,3.5400,0.9964,,
DATA,A001,1,8424,151644,-0.8210,0.3571,0.4353,0.1221,3.3569,2.6855,0.9955,,
DATA,A001,1,8425,151654,-0.8227,0.3557,0.4371,-0.4883,3.5400,2.0142,0.9971,,
DATA,A001,1,8426,151664,-0.8251,0.3557,0.4353,-1.1597,3.6011,0.9766,0.9984,,
DATA,A001,1,8427,151674,-0.8249,0.3530,0.4395,-1.4038,3.7231,0.4883,0.9991,,
DATA,A001,1,8428,151684,-0.8227,0.3515,0.4388,-1.8921,4.0894,-0.1221,0.9964,,
DATA,A001,1,8429,151694,-0.8253,0.3452,0.4405,-2.1362,4.8218,-0.5493,0.9972,,
DATA,A001,1,8430,151704,-0.8263,0.3415,0.4388,-2.2583,6.1646,-0.7324,0.9960,,
DATA,A001,1,8431,151714,-0.8307,0.3432,0.4363,-2.3804,6.5308,-0.8545,0.9991,,
DATA,A001,1,8432,151724,-0.8302,0.3400,0.4346,-2.0752,6.8970,-0.8545,0.9969,,
DATA,A001,1,8433,151734,-0.8319,0.3337,0.4327,-2.0752,7.1411,-0.9155,0.9953,,
DATA,A001,1,8434,151744,-0.8275,0.3337,0.4305,-1.8921,6.9580,-0.9155,0.9907,,
DATA,A001,1,8435,151754,-0.8261,0.3334,0.4312,-1.8921,6.7749,-0.7324,0.9897,,
DATA,A001,1,8436,151764,-0.8288,0.3344,0.4292,-1.7090,7.0801,-0.6714,0.9914,,
DATA,A001,1,8437,151774,-0.8288,0.3315,0.4297,-1.2817,7.0190,-0.4272,0.9907,,
DATA,A001,1,8438,151784,-0.8341,0.3293,0.4307,-0.9155,6.4087,0.1221,0.9948,,
DATA,A001,1,8439,151794,-0.8393,0.3261,0.4248,-0.6104,5.9814,0.6104,0.9956,,
DATA,A001,1,8440,151804,-0.8398,0.3295,0.4278,0.0610,5.0659,1.2207,0.9984,,
DATA,A001,1,8441,151814,-0.8361,0.3366,0.4353,0.3052,4.2725,1.6479,1.0009,,
DATA,A001,1,8442,151824,-0.8439,0.3364,0.4390,0.3662,4.2114,1.8311,1.0090,,
DATA,A001,1,8443,151834,-0.8358,0.3337,0.4327,0.4883,4.4556,1.6479,0.9986,,
DATA,A001,1,8444,151844,-0.8305,0.3332,0.4288,1.0986,4.2114,2.2583,0.9922,,
DATA,A001,1,8445,151854,-0.8368,0.3369,0.4278,1.5869,3.2959,2.4414,0.9984,,
DATA,A001,1,8446,151864,-0.8366,0.3444,0.4368,1.7700,1.8921,2.6855,1.0046,,
DATA,A001,1,8447,151874,-0.8356,0.3464,0.4375,1.5259,1.9531,2.5635,1.0048,,
DATA,A001,1,8448,151884,-0.8322,0.3422,0.4329,1.1597,1.9531,1.8311,0.9985,,
DATA,A001,1,8449,151894,-0.8271,0.3400,0.4305,1.0376,2.1973,1.8311,0.9924,,
DATA,A001,1,8450,151904,-0.8266,0.3412,0.4280,1.3428,2.6855,1.7090,0.9914,,
DATA,A001,1,8451,151914,-0.8241,0.3432,0.4341,0.7935,2.7466,1.5869,0.9927,,
DATA,A001,1,8452,151924,-0.8144,0.3432,0.4473,0.0610,3.9673,1.1597,0.9905,,
DATA,A001,1,8453,151934,-0.8009,0.3366,0.4532,-0.7935,6.1646,0.7324,0.9799,,
DATA,A001,1,8454,151944,-0.7912,0.3254,0.4490,-1.2817,11.6577,0.4883,0.9661,,
DATA,A001,1,8455,151954,-0.7963,0.3254,0.4451,-1.5869,15.6860,0.8545,0.9685,,
DATA,A001,1,8456,151964,-0.8046,0.3281,0.4380,-1.6479,18.8599,1.3428,0.9731,,
DATA,A001,1,8457,151974,-0.8183,0.3354,0.4312,-1.4038,22.0947,1.6479,0.9839,,
DATA,A001,1,8458,151984,-0.8288,0.3327,0.4234,-1.4648,23.4375,1.7090,0.9883,,
DATA,A001,1,8459,151994,-0.8393,0.3349,0.4222,-1.0986,24.4751,1.8311,0.9974,,
DATA,A001,1,8460,152004,-0.8488,0.3403,0.4104,-0.8545,24.9634,1.8311,1.0023,,
DATA,A001,1,8461,152014,-0.8590,0.3412,0.4031,-0.1831,24.1699,1.8921,1.0084,,
DATA,A001,1,8462,152024,-0.8617,0.3430,0.4014,-0.4883,23.1323,1.7700,1.0106,,
DATA,A001,1,8463,152034,-0.8698,0.3395,0.3941,-0.6104,20.4468,1.5869,1.0135,,
DATA,A001,1,8464,152044,-0.8698,0.3400,0.3897,-0.3662,18.4326,1.6479,1.0119,,
DATA,A001,1,8465,152054,-0.8683,0.3417,0.3853,0.1831,14.8926,1.4038,1.0096,,
DATA,A001,1,8466,152064,-0.8671,0.3425,0.3826,0.3052,12.3291,1.2817,1.0077,,
DATA,A001,1,8467,152074,-0.8681,0.3398,0.3819,0.3052,8.7891,0.9766,1.0074,,
DATA,A001,1,8468,152084,-0.8656,0.3378,0.3811,0.5493,6.7139,0.7935,1.0044,,
DATA,A001,1,8469,152094,-0.8627,0.3391,0.3855,0.6714,3.4180,0.6104,1.0039,,
DATA,A001,1,8470,152104,-0.8593,0.3388,0.3892,0.4272,1.8921,0.2441,1.0023,,
DATA,A001,1,8471,152114,-0.8544,0.3400,0.3890,0.4272,-0.1221,0.0610,0.9985,,
DATA,A001,1,8472,152124,-0.8517,0.3347,0.3970,0.1831,-0.7324,0.0000,0.9975,,
DATA,A001,1,8473,152134,-0.8478,0.3271,0.3999,0.1221,-1.3428,0.0000,0.9928,,
DATA,A001,1,8474,152144,-0.8429,0.3273,0.4051,0.0000,-1.4648,0.1831,0.9908,,
DATA,A001,1,8475,152154,-0.8410,0.3271,0.4075,0.1221,-1.0986,0.7935,0.9901,,
DATA,A001,1,8476,152164,-0.8410,0.3259,0.4090,0.3662,-0.7324,1.2817,0.9903,,
DATA,A001,1,8477,152174,-0.8415,0.3242,0.4104,0.9766,-0.1221,2.1362,0.9908,,
DATA,A001,1,8478,152184,-0.8400,0.3293,0.4114,0.9766,0.0000,2.6245,0.9916,,
DATA,A001,1,8479,152194,-0.8422,0.3288,0.4131,1.5869,0.1221,3.3569,0.9940,,
DATA,A001,1,8480,152204,-0.8439,0.3325,0.4136,1.6479,0.0610,3.7842,0.9969,,
DATA,A001,1,8481,152214,-0.8439,0.3400,0.4112,1.8921,0.1221,3.7842,0.9984,,
DATA,A001,1,8482,152224,-0.8434,0.3366,0.4146,2.0142,-0.1831,3.7842,0.9983,,
DATA,A001,1,8483,152234,-0.8405,0.3412,0.4141,1.9531,-0.1221,3.6011,0.9972,,
DATA,A001,1,8484,152244,-0.8363,0.3425,0.4141,1.8921,0.1221,3.4180,0.9941,,
DATA,A001,1,8485,152254,-0.8341,0.3437,0.4139,1.5259,0.4883,3.1738,0.9926,,
DATA,A001,1,8486,152264,-0.8341,0.3432,0.4139,1.4038,0.8545,2.8076,0.9924,,
DATA,A001,1,8487,152274,-0.8339,0.3452,0.4131,1.2207,1.2817,2.3804,0.9926,,
DATA,A001,1,8488,152284,-0.8305,0.3405,0.4112,0.9766,1.7090,2.2583,0.9873,,
DATA,A001,1,8489,152294,-0.8319,0.3405,0.4109,0.8545,2.0142,2.2583,0.9884,,
DATA,A001,1,8490,152304,-0.8378,0.3449,0.4117,1.0376,2.2583,2.3193,0.9952,,
DATA,A001,1,8491,152314,-0.8383,0.3432,0.4156,0.8545,2.5635,2.1973,0.9966,,
DATA,A001,1,8492,152324,-0.8346,0.3415,0.4148,0.3052,3.2959,2.1362,0.9926,,
DATA,A001,1,8493,152334,-0.8398,0.3400,0.4126,0.4883,4.0283,2.1973,0.9955,,
DATA,A001,1,8494,152344,-0.8481,0.3405,0.4073,0.5493,4.1504,2.2583,1.0005,,
DATA,A001,1,8495,152354,-0.8520,0.3415,0.4065,0.4883,3.4180,2.3193,1.0039,,
DATA,A001,1,8496,152364,-0.8459,0.3425,0.4034,0.6104,2.7466,2.3804,0.9977,,
DATA,A001,1,8497,152374,-0.8593,0.3373,0.4056,0.8545,2.3804,2.5635,1.0083,,
DATA,A001,1,8498,152384,-0.8420,0.3391,0.4021,1.0376,1.7700,2.3804,0.9928,,
DATA,A001,1,8499,152394,-0.8454,0.3327,0.4002,1.0986,2.3804,2.6855,0.9927,,
DATA,A001,1,8500,152404,-0.8478,0.3381,0.3982,1.7090,2.4414,2.6855,0.9958,,
DATA,A001,1,8501,152414,-0.8490,0.3342,0.3997,1.7090,2.1973,2.7466,0.9961,,
DATA,A001,1,8502,152424,-0.8532,0.3364,0.4007,1.8311,1.4038,3.0518,1.0008,,
DATA,A001,1,8503,152434,-0.8534,0.3386,0.4031,1.7090,0.5493,3.1738,1.0027,,
DATA,A001,1,8504,152444,-0.8522,0.3344,0.4038,1.4648,-0.2441,3.0518,1.0006,,
DATA,A001,1,8505,152454,-0.8463,0.3320,0.4021,1.5259,-0.7935,3.0518,0.9941,,
DATA,A001,1,8506,152464,-0.8461,0.3329,0.4021,1.8921,-1.0376,3.4790,0.9942,,
DATA,A001,1,8507,152474,-0.8434,0.3356,0.4051,2.1362,-1.5259,3.7231,0.9940,,
DATA,A001,1,8508,152484,-0.8434,0.3383,0.4043,2.2583,-2.0752,4.0894,0.9946,,
DATA,A001,1,8509,152494,-0.8451,0.3452,0.4090,2.4414,-2.5024,4.2114,1.0003,,
DATA,A001,1,8510,152504,-0.8507,0.3505,0.4124,2.4414,-2.8687,4.2725,1.0083,,
DATA,A001,1,8511,152514,-0.8505,0.3532,0.4151,2.2583,-3.1738,4.0283,1.0101,,
DATA,A001,1,8512,152524,-0.8471,0.3535,0.4141,2.1973,-3.6011,3.6621,1.0070,,
DATA,A001,1,8513,152534,-0.8463,0.3537,0.4151,2.1362,-3.6011,3.3569,1.0068,,
DATA,A001,1,8514,152544,-0.8444,0.3544,0.4165,2.1362,-4.0894,2.8687,1.0060,,
DATA,A001,1,8515,152554,-0.8422,0.3539,0.4156,1.8311,-4.1504,2.3804,1.0036,,
DATA,A001,1,8516,152564,-0.8354,0.3508,0.4129,1.8311,-4.9438,1.8311,0.9957,,
DATA,A001,1,8517,152574,-0.8337,0.3493,0.4134,1.5869,-5.6763,1.8921,0.9939,,
DATA,A001,1,8518,152584,-0.8312,0.3430,0.4151,1.9531,-6.5918,1.8921,0.9904,,
DATA,A001,1,8519,152594,-0.8278,0.3415,0.4134,1.9531,-7.3853,2.3193,0.9863,,
DATA,A001,1,8520,152604,-0.8305,0.3388,0.4204,2.8076,-8.2397,3.2349,0.9906,,
DATA,A001,1,8521,152614,-0.8327,0.3383,0.4253,3.1738,-8.9722,4.0283,0.9943,,
DATA,A001,1,8522,152624,-0.8454,0.3408,0.4375,4.0283,-10.5591,5.4932,1.0110,,
DATA,A001,1,8523,152634,-0.8503,0.3444,0.4366,4.6997,-11.7188,6.7749,1.0159,,
DATA,A001,1,8524,152644,-0.8522,0.3466,0.4405,5.5542,-12.9395,8.1177,1.0200,,
DATA,A001,1,8525,152654,-0.8520,0.3505,0.4410,6.2866,-14.4043,9.3994,1.0213,,
DATA,A001,1,8526,152664,-0.8463,0.3476,0.4385,6.4697,-15.6860,9.9487,1.0146,,
DATA,A001,1,8527,152674,-0.8229,0.3517,0.4363,7.7515,-15.7471,10.3149,0.9956,,
DATA,A001,1,8528,152684,-0.8166,0.3483,0.4309,8.2397,-14.7095,10.3149,0.9868,,
DATA,A001,1,8529,152694,-0.8085,0.3430,0.4295,8.9111,-14.5874,9.9487,0.9776,,
DATA,A001,1,8530,152704,-0.8029,0.3405,0.4297,9.7656,-14.8926,9.9487,0.9722,,
DATA,A001,1,8531,152714,-0.7897,0.3373,0.4395,10.5591,-15.5029,10.7422,0.9647,,
DATA,A001,1,8532,152724,-0.7843,0.3344,0.4441,10.9253,-15.5640,11.2305,0.9614,,
DATA,A001,1,8533,152734,-0.7799,0.3410,0.4512,11.5967,-15.0757,12.0850,0.9634,,
DATA,A001,1,8534,152744,-0.7758,0.3432,0.4532,10.8643,-14.5264,12.3291,0.9618,,
DATA,A001,1,8535,152754,-0.7702,0.3408,0.4532,10.0708,-13.9160,12.9395,0.9564,,
DATA,A001,1,8536,152764,-0.7648,0.3454,0.4485,9.8267,-12.8784,13.1836,0.9515,,
DATA,A001,1,8537,152774,-0.7648,0.3464,0.4507,9.5825,-10.7422,13.8550,0.9529,,
DATA,A001,1,8538,152784,-0.7690,0.3466,0.4537,9.5825,-9.1553,14.3433,0.9577,,
DATA,A001,1,8539,152794,-0.7961,0.3603,0.4537,9.8267,-6.7139,15.0146,0.9845,,
DATA,A001,1,8540,152804,-0.8107,0.3644,0.4566,9.1553,-6.4697,14.9536,0.9993,,
DATA,A001,1,8541,152814,-0.8112,0.3632,0.4600,8.4839,-7.5684,15.0146,1.0008,,
DATA,A001,1,8542,152824,-0.8070,0.3683,0.4629,8.8501,-7.7515,14.8926,1.0006,,
DATA,A001,1,8543,152834,-0.8007,0.3788,0.4627,8.9111,-7.2021,15.0757,0.9994,,
DATA,A001,1,8544,152844,-0.7885,0.3823,0.4580,8.7280,-5.9814,15.1367,0.9888,,
DATA,A001,1,8545,152854,-0.7738,0.3832,0.4580,9.2773,-4.0283,15.9912,0.9775,,
DATA,A001,1,8546,152864,-0.7712,0.3893,0.4578,9.4604,-2.6855,16.8457,0.9777,,
DATA,A001,1,8547,152874,-0.7704,0.4040,0.4607,8.6060,-1.3428,17.9443,0.9844,,
DATA,A001,1,8548,152884,-0.7741,0.4023,0.4583,7.9956,-1.6479,18.3716,0.9854,,
DATA,A001,1,8549,152894,-0.7707,0.3979,0.4561,7.1411,-3.2959,19.3481,0.9799,,
DATA,A001,1,8550,152904,-0.7773,0.3962,0.4495,6.4087,-4.9438,20.8130,0.9814,,
DATA,A001,1,8551,152914,-0.7878,0.3867,0.4449,5.6763,-10.6201,23.3765,0.9839,,
DATA,A001,1,8552,152924,-0.7655,0.3828,0.4602,5.9814,-15.0146,26.1230,0.9718,,
DATA,A001,1,8553,152934,-0.7690,0.3618,0.4571,8.6670,-19.6533,31.5552,0.9649,,
DATA,A001,1,8554,152944,-0.7912,0.3871,0.4659,12.3291,-24.2920,32.8369,0.9964,,
DATA,A001,1,8555,152954,-0.7807,0.4208,0.4810,13.9771,-30.1514,33.0200,1.0089,,
DATA,A001,1,8556,152964,-0.7235,0.4208,0.5071,13.6108,-36.2549,33.0811,0.9787,,
DATA,A001,1,8557,152974,-0.6877,0.4155,0.5144,13.7939,-35.8887,32.7759,0.9540,,
DATA,A001,1,8558,152984,-0.6430,0.4069,0.5169,15.0146,-30.4565,33.2642,0.9199,,
DATA,A001,1,8559,152994,-0.6220,0.4069,0.5162,16.2354,-25.5127,34.1797,0.9049,,
DATA,A001,1,8560,153004,-0.5946,0.3998,0.5169,18.1274,-17.5171,36.6821,0.8835,,
DATA,A001,1,8561,153014,-0.5963,0.3915,0.5242,20.2637,-12.6343,38.4521,0.8853,,
DATA,A001,1,8562,153024,-0.6562,0.4023,0.5706,23.1934,-8.1177,42.1753,0.9581,,
DATA,A001,1,8563,153034,-0.7211,0.4421,0.6009,24.2310,-5.7983,44.4336,1.0375,,
DATA,A001,1,8564,153044,-0.8029,0.4892,0.6326,22.5830,-5.1880,45.3491,1.1332,,
DATA,A001,1,8565,153054,-0.8405,0.5092,0.6465,19.2871,-5.4321,43.9453,1.1763,,
DATA,A001,1,8566,153064,-0.8903,0.4802,0.6697,14.3433,-1.4038,43.7622,1.2131,,
DATA,A001,1,8567,153074,-0.9125,0.4821,0.6897,11.0474,2.9907,45.7764,1.2413,,
DATA,A001,1,8568,153084,-0.9303,0.4665,0.6954,1.3428,11.9019,53.1616,1.2517,,
DATA,A001,1,8569,153094,-0.9865,0.4575,0.7603,-4.5776,19.8975,60.3027,1.3268,,
DATA,A001,1,8570,153104,-1.1752,0.3578,0.8304,-7.2632,6.1646,61.7676,1.4828,,
DATA,A001,1,8571,153114,-1.1569,0.3351,0.8411,-2.6245,-14.6484,52.9175,1.4691,,
DATA,A001,1,8572,153124,-1.1073,0.3923,0.9019,2.0142,-31.9214,46.6919,1.4810,,
DATA,A001,1,8573,153134,-0.9782,0.4245,0.8509,-4.0283,-42.6025,42.4194,1.3642,,
DATA,A001,1,8574,153144,-0.8280,0.5021,0.8157,-5.9814,-16.0522,38.6353,1.2662,,
DATA,A001,1,8575,153154,-0.7975,0.5060,0.7835,-11.6577,8.6060,30.8228,1.2272,,
DATA,A001,1,8576,153164,-0.9919,0.5373,0.7911,-10.3760,46.8750,34.9731,1.3778,,
DATA,A001,1,8577,153174,-1.1254,0.4814,0.7869,-30.3345,36.8042,6.1646,1.4552,,
DATA,A001,1,8578,153184,-1.2653,0.5859,0.8191,-32.4707,-14.7705,-6.7749,1.6172,,
DATA,A001,1,8579,153194,-1.2421,0.6789,0.8335,-29.5410,-63.4155,-4.3335,1.6427,,
DATA,A001,1,8580,153204,-1.1281,0.7602,0.8689,-31.0059,-116.6992,-7.9956,1.6142,,
DATA,A001,1,8581,153214,-1.0399,0.7924,0.8653,-35.7666,-128.5400,-15.8691,1.5678,,
DATA,A001,1,8582,153224,-0.9740,0.8351,0.9153,-43.5181,-122.4976,-23.3154,1.5761,,
DATA,A001,1,8583,153234,-1.0011,0.8771,0.9500,-50.2930,-109.6802,-27.5879,1.6353,,
DATA,A001,1,8584,153244,-1.0233,0.8796,0.9412,-60.0586,-97.5952,-34.6680,1.6452,,
DATA,A001,1,8585,153254,-1.0209,0.8881,0.9666,-62.3779,-95.8862,-37.5366,1.6629,,
DATA,A001,1,8586,153264,-0.9599,0.9155,0.9429,-68.0542,-91.7358,-43.7012,1.6274,,
DATA,A001,1,8587,153274,-0.8798,0.8950,0.9117,-71.3501,-90.9424,-46.5698,1.5512,,
DATA,A001,1,8588,153284,-0.8051,0.8500,0.8589,-72.8760,-87.4023,-50.8423,1.4521,,
DATA,A001,1,8589,153294,-0.7358,0.7844,0.7969,-71.6553,-78.1250,-61.9507,1.3385,,
DATA,A001,1,8590,153304,-0.7043,0.7490,0.7476,-69.5190,-69.6411,-70.8008,1.2712,,
DATA,A001,1,8591,153314,-0.6645,0.6750,0.6600,-64.6362,-60.2417,-80.2002,1.1544,,
DATA,A001,1,8592,153324,-0.6278,0.6135,0.5892,-59.5703,-57.6172,-85.3271,1.0572,,
DATA,A001,1,8593,153334,-0.5988,0.5595,0.5164,-47.6685,-59.8755,-92.7124,0.9686,,
DATA,A001,1,8594,153344,-0.5656,0.5422,0.4966,-40.7715,-65.5518,-95.7642,0.9276,,
DATA,A001,1,8595,153354,-0.4875,0.4912,0.5047,-33.9355,-75.6836,-96.8628,0.8565,,
DATA,A001,1,8596,153364,-0.4445,0.4584,0.5298,-29.9072,-79.9561,-97.6562,0.8297,,
DATA,A001,1,8597,153374,-0.4137,0.3967,0.5332,-23.1934,-79.0405,-101.0742,0.7829,,
DATA,A001,1,8598,153384,-0.3959,0.3644,0.5218,-17.3340,-76.7822,-102.6001,0.7495,,
DATA,A001,1,8599,153394,0.8387,1.1982,-0.3899,2.7466,-102.7222,-133.4229,1.5136,,
DATA,A001,1,8600,153404,-1.2619,-0.0062,0.4163,8.2397,14.5874,153.1982,1.3288,,
DATA,A001,1,8601,153414,0.0560,0.3039,0.3904,-27.4048,1.7090,-162.2925,0.4979,,
DATA,A001,1,8602,153424,-0.4147,0.1774,0.6580,-16.7236,-9.4604,-67.8711,0.7978,,
DATA,A001,1,8603,153434,-0.2743,0.5207,0.6177,5.3101,-37.3535,-22.5220,0.8532,,
DATA,A001,1,8604,153444,-0.3092,0.3749,0.6128,-0.4272,-32.3486,-37.4146,0.7822,,
DATA,A001,1,8605,153454,-0.5121,0.0153,0.7532,4.9438,-43.7012,-60.7300,0.9109,,
DATA,A001,1,8606,153464,-0.5612,0.1569,0.7149,20.7520,-74.5239,-66.5283,0.9223,,
DATA,A001,1,8607,153474,-0.4796,0.3911,0.6326,21.9727,-101.0132,-65.5518,0.8850,,
DATA,A001,1,8608,153484,-0.4574,0.3495,0.5601,11.5356,-99.4263,-59.3262,0.8032,,
DATA,A001,1,8609,153494,-0.5026,0.2153,0.4978,1.5259,-96.6187,-54.5654,0.7395,,
DATA,A001,1,8610,153504,-0.4882,0.0927,0.5931,7.0801,-97.0459,-53.4668,0.7737,,
DATA,A001,1,8611,153514,-0.4984,0.0251,0.5164,11.4136,-104.2480,-51.1475,0.7182,,
DATA,A001,1,8612,153524,-0.4196,0.0449,0.5166,19.7754,-115.0513,-50.1099,0.6671,,
DATA,A001,1,8613,153534,-0.3566,0.0703,0.5650,33.8135,-117.1875,-46.4478,0.6718,,
DATA,A001,1,8614,153544,-0.3559,0.1774,0.5572,36.9873,-119.0796,-49.1333,0.6845,,
DATA,A001,1,8615,153554,-0.3080,0.2795,0.6687,29.1748,-112.7930,-57.7393,0.7875,,
DATA,A001,1,8616,153564,-0.1276,0.2338,0.7520,23.4985,-107.4829,-53.3447,0.7978,,
DATA,A001,1,8617,153574,0.2943,0.2875,0.7215,21.1182,-42.1753,1.8921,0.8305,,
DATA,A001,1,8618,153584,-0.0470,0.3017,0.7491,12.5122,16.2964,4.3335,0.8089,,
DATA,A001,1,8619,153594,-0.4958,0.2619,0.6795,5.6152,52.8564,-44.9219,0.8809,,
DATA,A001,1,8620,153604,-0.5668,0.3276,0.7371,6.9580,14.6484,-40.1001,0.9858,,
DATA,A001,1,8621,153614,-0.4853,0.3151,0.7427,7.2021,-26.5503,-27.2827,0.9415,,
DATA,A001,1,8622,153624,-0.5385,0.2282,0.8252,7.2632,-66.2231,-19.9585,1.0115,,
DATA,A001,1,8623,153634,-0.5160,0.2973,0.8499,4.5776,-87.0972,-29.2358,1.0378,,
DATA,A001,1,8624,153644,-0.3712,0.3007,0.9034,-6.7749,-101.3184,-34.9121,1.0219,,
DATA,A001,1,8625,153654,-0.3188,0.2609,0.8929,-17.3950,-95.8252,-34.9121,0.9833,,
DATA,A001,1,8626,153664,-0.2975,0.1684,0.8614,-25.3906,-85.6323,-36.3159,0.9267,,
DATA,A001,1,8627,153674,-0.2748,0.0978,0.8094,-19.7754,-78.0640,-33.9355,0.8603,,
DATA,A001,1,8628,153684,-0.2753,0.1413,0.7979,-6.7139,-65.9790,-25.2075,0.8558,,
DATA,A001,1,8629,153694,-0.3056,0.1579,0.7876,-1.9531,-56.5186,-22.1558,0.8595,,
DATA,A001,1,8630,153704,-0.3363,0.1752,0.8355,2.3804,-57.3730,-16.8457,0.9175,,
DATA,A001,1,8631,153714,-0.4787,0.1069,0.8269,-2.9907,-65.3687,-24.1699,0.9614,,
DATA,A001,1,8632,153724,-0.5944,0.2700,0.8333,-9.0332,-115.4785,-60.9741,1.0586,,
DATA,A001,1,8633,153734,-0.4926,0.2851,0.7942,-20.9351,-153.2593,-64.8804,0.9771,,
DATA,A001,1,8634,153744,-0.1701,0.2856,0.7835,-30.3345,-184.3262,-56.0913,0.8511,,
DATA,A001,1,8635,153754,0.0274,0.1457,0.9031,-45.5322,-169.9829,-57.1289,0.9152,,
DATA,A001,1,8636,153764,0.2291,0.0226,0.8128,-35.5225,-105.7129,-32.7759,0.8448,,
DATA,A001,1,8637,153774,0.0289,0.0053,0.8091,-26.1230,-53.9551,-33.2031,0.8097,,
DATA,A001,1,8638,153784,-0.2082,0.0209,0.8074,3.6011,-27.5269,-44.9829,0.8341,,
DATA,A001,1,8639,153794,-0.3595,0.0829,0.7830,26.2451,-52.2461,-39.8560,0.8656,,
DATA,A001,1,8640,153804,-0.2807,0.1928,0.8797,40.8325,-92.5903,-35.9497,0.9433,,
DATA,A001,1,8641,153814,-0.1269,0.1599,0.9190,36.1328,-92.3462,-39.3677,0.9414,,
DATA,A001,1,8642,153824,-0.1017,0.1977,0.9602,29.7241,-62.8662,-41.3818,0.9856,,
DATA,A001,1,8643,153834,-0.1881,0.2556,0.9795,22.0337,-46.9971,-49.3164,1.0297,,
DATA,A001,1,8644,153844,-0.1518,0.1628,0.9583,12.3291,-43.3350,-50.5371,0.9838,,
DATA,A001,1,8645,153854,-0.1230,0.1391,0.9395,10.7422,-35.8276,-48.8281,0.9577,,
DATA,A001,1,8646,153864,-0.0944,0.1437,0.9500,9.5825,-15.5640,-58.5938,0.9654,,
DATA,A001,1,8647,153874,-0.0431,0.1174,0.9441,10.4980,-4.0894,-56.7017,0.9524,,
DATA,A001,1,8648,153884,-0.0883,0.1374,0.9161,17.5781,9.6436,-62.5000,0.9305,,
DATA,A001,1,8649,153894,-0.0248,0.1606,0.9148,21.9727,17.1509,-75.2563,0.9292,,
DATA,A001,1,8650,153904,-0.1269,0.1435,0.8350,20.6299,-4.9438,-63.7207,0.8567,,
DATA,A001,1,8651,153914,-0.2441,0.1891,0.8638,22.9492,-29.1138,-60.9741,0.9173,,
DATA,A001,1,8652,153924,-0.1298,0.2250,0.9046,30.8228,-66.7725,-55.5420,0.9411,,
DATA,A001,1,8653,153934,-0.0941,0.1833,0.9517,22.5220,-72.7539,-43.4570,0.9738,,
DATA,A001,1,8654,153944,-0.0072,0.1867,0.9700,14.2822,-64.4531,-39.8560,0.9878,,
DATA,A001,1,8655,153954,0.0189,0.1166,0.9844,2.6855,-42.2363,-33.8135,0.9915,,
DATA,A001,1,8656,153964,-0.0006,0.0475,0.9788,-2.1362,-23.0103,-36.8652,0.9800,,
DATA,A001,1,8657,153974,-0.1166,0.2136,0.8462,-0.2441,-5.2490,-42.4805,0.8805,,
DATA,A001,1,8658,153984,-0.1920,0.2182,0.8067,1.7090,-19.5923,-37.9028,0.8575,,
DATA,A001,1,8659,153994,-0.1769,0.3117,0.8345,0.6104,-45.3491,-28.8696,0.9082,,
DATA,A001,1,8660,154004,-0.0585,0.3801,0.8831,-7.5073,-46.7529,-29.4189,0.9632,,
DATA,A001,1,8661,154014,-0.0697,0.1989,0.9722,-9.6436,-24.4141,-41.9922,0.9948,,
DATA,A001,1,8662,154024,-0.0807,0.1911,0.9952,-22.2168,-7.6904,-35.1562,1.0165,,
DATA,A001,1,8663,154034,-0.0761,0.1635,0.9502,-21.2402,-2.5635,-25.3906,0.9672,,
DATA,A001,1,8664,154044,-0.0775,0.1823,0.9175,-26.6113,8.3618,-17.2119,0.9387,,
DATA,A001,1,8665,154054,-0.0280,0.1486,0.8853,-27.0386,19.4702,-12.5122,0.8981,,
DATA,A001,1,8666,154064,-0.0153,0.1013,0.8929,-16.9678,22.0947,-7.6904,0.8987,,
DATA,A001,1,8667,154074,-0.0653,0.1486,0.9104,-10.0098,14.4043,-3.6011,0.9248,,
DATA,A001,1,8668,154084,-0.0346,0.1774,0.9436,-3.6011,8.0566,-5.4932,0.9608,,
DATA,A001,1,8669,154094,-0.1154,0.2328,0.9395,5.7373,2.0752,-12.3901,0.9748,,
DATA,A001,1,8670,154104,-0.2074,0.2309,0.9053,10.0708,-5.0049,-16.9678,0.9570,,
DATA,A001,1,8671,154114,-0.1837,0.2382,0.8787,9.3384,-20.6909,-16.7236,0.9288,,
DATA,A001,1,8672,154124,-0.1742,0.2238,0.8887,5.3101,-25.3906,-16.9067,0.9329,,
DATA,A001,1,8673,154134,-0.0509,0.1928,0.9231,-1.7700,-17.1509,-15.3198,0.9444,,
DATA,A001,1,8674,154144,0.0072,0.1801,0.9419,-2.6245,-4.1504,-14.9536,0.9590,,
DATA,A001,1,8675,154154,-0.0309,0.2121,0.9505,-2.2583,9.0942,-14.7095,0.9743,,
DATA,A001,1,8676,154164,-0.0326,0.2377,0.9722,-3.7842,9.8877,-14.5874,1.0014,,
DATA,A001,1,8677,154174,-0.1457,0.2372,0.9351,1.0376,2.3804,-17.2729,0.9757,,
DATA,A001,1,8678,154184,-0.1488,0.2536,0.9270,5.6152,-12.3291,-17.7612,0.9726,,
DATA,A001,1,8679,154194,-0.1173,0.2446,0.9725,3.4180,-25.5737,-18.4937,1.0096,,
DATA,A001,1,8680,154204,-0.0141,0.2443,1.0010,-0.3662,-23.9258,-20.0195,1.0305,,
DATA,A001,1,8681,154214,0.0201,0.1972,0.9790,-0.8545,-16.1743,-14.0381,0.9989,,
DATA,A001,1,8682,154224,0.0333,0.2043,0.9756,-5.2490,-9.0332,-9.7046,0.9973,,
DATA,A001,1,8683,154234,0.0299,0.2206,0.9371,-8.6670,2.7466,-7.8735,0.9631,,
DATA,A001,1,8684,154244,0.0267,0.2153,0.9595,-7.8735,5.7983,-3.6621,0.9837,,
DATA,A001,1,8685,154254,0.0208,0.2358,0.9705,-10.1318,12.5122,-1.7090,0.9989,,
DATA,A001,1,8686,154264,-0.0028,0.2267,0.9898,-11.2305,14.3433,-1.8921,1.0154,,
DATA,A001,1,8687,154274,-0.1723,0.2414,0.9681,-12.2681,7.5073,-6.5918,1.0125,,
DATA,A001,1,8688,154284,-0.1540,0.2514,0.9895,-9.2773,-6.6528,-12.6343,1.0325,,
DATA,A001,1,8689,154294,-0.1056,0.1996,1.0008,-7.4463,-9.7046,-13.8550,1.0259,,
DATA,A001,1,8690,154304,-0.0893,0.1188,0.9593,-8.7891,-8.5449,-13.1836,0.9707,,
DATA,A001,1,8691,154314,-0.0497,0.2297,0.9646,-8.0566,-10.8032,-4.6997,0.9929,,
DATA,A001,1,8692,154324,-0.0236,0.2018,0.9798,-9.8267,-7.1411,-3.5400,1.0006,,
DATA,A001,1,8693,154334,-0.0624,0.2160,0.9649,-11.5967,-5.7983,-5.7983,0.9907,,
DATA,A001,1,8694,154344,-0.0204,0.2097,0.9627,-16.0522,-5.5542,-7.4463,0.9855,,
DATA,A001,1,8695,154354,-0.0351,0.2316,0.9297,-14.8926,-4.3335,-10.3760,0.9588,,
DATA,A001,1,8696,154364,-0.0292,0.1711,0.9356,-6.8359,-1.4648,-16.5405,0.9515,,
DATA,A001,1,8697,154374,0.0025,0.1579,0.9351,-7.3853,2.4414,-12.3291,0.9483,,
DATA,A001,1,8698,154384,-0.0439,0.1562,0.9239,-3.4790,1.2817,-11.5967,0.9380,,
DATA,A001,1,8699,154394,-0.0309,0.1667,0.9095,1.2207,-1.8311,-8.9111,0.9251,,
DATA,A001,1,8700,154404,-0.0221,0.1686,0.9356,3.6621,-5.1880,-4.5166,0.9509,,
DATA,A001,1,8701,154414,-0.0387,0.1872,0.9046,1.8921,-6.0425,-5.9204,0.9246,,
DATA,A001,1,8702,154424,-0.0495,0.1667,0.9078,3.2349,-13.5498,-6.2866,0.9243,,
DATA,A001,1,8703,154434,-0.0131,0.1867,0.9163,0.1221,-13.6108,-3.7842,0.9352,,
DATA,A001,1,8704,154444,0.0040,0.2136,0.9446,-6.4697,-14.4653,-2.8687,0.9685,,
DATA,A001,1,8705,154454,0.0177,0.1953,0.9607,-9.7656,-15.0757,0.4272,0.9805,,
DATA,A001,1,8706,154464,0.0177,0.1735,1.0154,-10.3149,-21.6675,7.0801,1.0303,,
DATA,A001,1,8707,154474,0.0565,0.1362,1.1009,-14.4653,-20.9351,12.6953,1.1107,,
DATA,A001,1,8708,154484,-0.0551,0.1518,1.0127,-12.8174,-18.7378,13.5498,1.0255,,
DATA,A001,1,8709,154494,-0.0297,0.1806,1.0379,-10.9253,-22.3999,16.1743,1.0539,,
DATA,A001,1,8710,154504,0.0055,0.2277,1.0486,-13.4277,-21.6064,18.2495,1.0731,,
DATA,A001,1,8711,154514,0.0731,0.2348,1.0760,-16.9678,-19.9585,20.3857,1.1037,,
DATA,A001,1,8712,154524,-0.0138,0.2285,1.0989,-5.6763,-36.7432,27.9541,1.1225,,
DATA,A001,1,8713,154534,0.0706,0.2695,1.1460,-3.1128,-43.2739,35.2783,1.1794,,
DATA,A001,1,8714,154544,0.1170,0.1657,1.2102,-14.2212,-36.4380,47.8516,1.2271,,
DATA,A001,1,8715,154554,-0.1249,0.0905,1.2105,-13.8550,-43.1519,45.7153,1.2203,,
DATA,A001,1,8716,154564,-0.0534,0.1550,1.0066,-14.8315,-71.5332,37.3535,1.0199,,
DATA,A001,1,8717,154574,-0.1112,0.1042,0.9297,7.5684,-109.4360,38.0249,0.9421,,
DATA,A001,1,8718,154584,0.0980,0.2560,0.9768,8.6060,-126.8311,22.3389,1.0146,,
DATA,A001,1,8719,154594,0.2071,0.1806,0.9585,-9.9487,-112.8540,11.6577,0.9971,,
DATA,A001,1,8720,154604,0.2835,0.2307,0.9798,-18.0664,-93.8110,4.7607,1.0457,,
DATA,A001,1,8721,154614,0.2418,0.0959,0.9729,-23.9258,-64.0869,-0.3052,1.0071,,
DATA,A001,1,8722,154624,0.2347,0.1091,0.8919,-14.8315,-53.7720,1.5259,0.9287,,
DATA,A001,1,8723,154634,0.1248,0.0634,0.9141,-1.8311,-55.8472,9.7046,0.9248,,
DATA,A001,1,8724,154644,0.1256,0.0522,0.8819,5.7373,-63.1714,11.0474,0.8923,,
DATA,A001,1,8725,154654,0.1903,0.1193,0.9685,7.7515,-64.1479,13.6108,0.9942,,
DATA,A001,1,8726,154664,0.3600,0.0895,1.0245,6.5308,-39.6118,15.6860,1.0895,,
DATA,A001,1,8727,154674,0.2811,0.1218,0.9900,-2.5635,12.9395,5.4321,1.0363,,
DATA,A001,1,8728,154684,0.2025,0.1723,0.9700,-8.6670,37.9028,2.3193,1.0058,,
DATA,A001,1,8729,154694,0.0997,0.0685,0.9412,-10.7422,51.5137,5.2490,0.9489,,
DATA,A001,1,8730,154704,0.1021,0.0869,0.9300,-5.5542,41.5039,9.5215,0.9396,,
DATA,A001,1,8731,154714,0.0536,0.1057,0.9978,-7.0801,24.3530,16.2354,1.0048,,
DATA,A001,1,8732,154724,0.0663,0.1093,0.9612,-12.8174,14.2212,11.1694,0.9697,,
DATA,A001,1,8733,154734,0.1392,0.1484,0.9385,-16.7847,4.4556,8.4839,0.9603,,
DATA,A001,1,8734,154744,0.1002,0.1337,0.9283,-21.7285,2.1973,1.2817,0.9432,,
DATA,A001,1,8735,154754,0.1468,0.1413,0.8545,-19.1650,-6.3477,-10.9863,0.8785,,
DATA,A001,1,8736,154764,0.2425,0.1303,0.8606,-13.3667,-5.4321,-9.3994,0.9036,,
DATA,A001,1,8737,154774,0.2203,0.0805,0.8645,-10.0098,2.9907,-9.5825,0.8958,,
DATA,A001,1,8738,154784,0.1830,0.0661,0.8457,-1.6479,1.8921,-7.8735,0.8678,,
DATA,A001,1,8739,154794,0.2281,0.0693,0.8899,7.5684,6.6528,1.8311,0.9213,,
DATA,A001,1,8740,154804,0.1764,0.0673,0.9009,5.3711,13.7939,-0.7935,0.9205,,
DATA,A001,1,8741,154814,0.1529,0.0678,0.9204,7.1411,19.2261,-2.7466,0.9355,,
DATA,A001,1,8742,154824,0.1388,0.0400,0.9466,8.7280,19.1040,-0.1221,0.9575,,
DATA,A001,1,8743,154834,0.0863,0.1142,0.9676,7.8125,14.6484,1.7700,0.9781,,
DATA,A001,1,8744,154844,0.1766,0.1147,1.0486,6.2256,15.0146,4.7607,1.0696,,
DATA,A001,1,8745,154854,0.1483,0.1423,1.0662,2.2583,23.9868,3.5400,1.0858,,
DATA,A001,1,8746,154864,0.1427,0.1511,1.0389,-14.0991,32.3486,3.2349,1.0594,,
DATA,A001,1,8747,154874,0.1175,0.1420,1.0162,-23.5596,42.1143,-8.1177,1.0327,,
DATA,A001,1,8748,154884,0.0760,0.1498,0.9615,-25.3906,38.3911,-16.4185,0.9760,,
DATA,A001,1,8749,154894,0.1229,0.0861,0.9563,-25.9399,28.6255,-17.6392,0.9680,,
DATA,A001,1,8750,154904,0.1234,0.0776,0.9226,-22.3389,18.9819,-16.2964,0.9341,,
DATA,A001,1,8751,154914,0.1532,0.1105,0.9615,-19.2261,4.6997,-6.6528,0.9798,,
DATA,A001,1,8752,154924,0.1869,0.1213,1.0115,-20.5078,0.1831,-2.9297,1.0358,,
DATA,A001,1,8753,154934,0.1661,0.1540,1.0569,-22.1558,0.1831,-2.5635,1.0809,,
DATA,A001,1,8754,154944,0.1541,0.1623,1.0811,-24.9023,0.5493,-2.6245,1.1040,,
DATA,A001,1,8755,154954,0.1383,0.1301,1.0672,-26.9165,-1.5259,0.5493,1.0839,,
DATA,A001,1,8756,154964,0.1319,0.1171,1.0796,-22.7051,-13.8550,7.3853,1.0939,,
DATA,A001,1,8757,154974,0.2081,0.1154,1.1370,-24.0479,-13.0005,13.5498,1.1616,,
DATA,A001,1,8758,154984,0.2833,0.1411,1.2259,-31.1279,0.4272,18.9819,1.2661,,
EVENT,A001,1,,154985,,,,,,,,STOP,8758
